word,upos,xpos,deprel,case,gender,number,animacy,score,ner
I,CCONJ,J^-------------,mark,,,,,0.1045035482398224,O
když,SCONJ,"J,-------------",fixed,,,,,0.3045591895552063,O
pevně,ADV,Dg-------1A----,advmod,,,,,0.053304772588931,O
věřím,VERB,VB-S---1P-AAI--,advcl,,,Sing,,-0.0573789049716563,O
v,ADP,RR--4----------,case,Acc,,,,-0.0455441426155899,O
hodnotu,NOUN,NNFS4-----A----,obl:arg,Acc,Fem,Sing,,-0.0550074664688553,O
toho,DET,PDZS2----------,amod,Gen,"Masc,Neut",Sing,,-0.1097240660105997,O
",",PUNCT,Z:-------------,punct,,,,,0.2342010929379412,O
že,SCONJ,"J,-------------",mark,,,,,0.0825327114480551,O
si,PRON,P7--3----------,obl,Dat,,,,0.0596775011574653,O
věci,NOUN,NNFP4-----A----,obj,Acc,Fem,Plur,,0.1195796803006364,O
vyzkoušíte,VERB,VB-P---2P-AAP--,acl,,,Plur,,0.0997005236759573,O
sami,DET,PLMP1----------,xcomp,Nom,Masc,Plur,Anim,0.0875447763514277,O
",",PUNCT,Z:-------------,punct,,,,,0.1957283368273172,O
pokud,SCONJ,"J,-------------",mark,,,,,0.0282481225830718,O
se,PRON,P7-X4----------,expl:pv,Acc,,,,0.0536539476622911,O
nechcete,VERB,VB-P---2P-NAI--,advcl,,,Plur,,0.0918231781105114,O
učit,VERB,Vf--------A-I--,xcomp,,,,,-0.0260004280816078,O
po,ADP,RR--6----------,case,Loc,,,,0.1111329277234937,O
zlém,ADJ,AANS6----1A----,obl,Loc,Neut,Sing,,-0.0215572020827676,O
",",PUNCT,Z:-------------,punct,,,,,0.1935605130070892,O
tady,ADV,Db-------------,advmod,,,,,-0.0926138669658252,O
jsou,AUX,VB-P---3P-AAI--,root,,,Plur,,-0.5350459168257743,O
jedny,ADJ,AAIP1----1A----,nsubj,Nom,Masc,Plur,Inan,0.0647514228843698,O
z,ADP,RR--2----------,case,Gen,,,,-0.00972060392005,O
nejběžnějších,ADJ,AAIP2----3A----,amod,Gen,Masc,Plur,Inan,0.0996751086823125,O
zahradnických,ADJ,AAIP2----1A----,amod,Gen,Masc,Plur,Inan,0.0821045460953502,O
triků,NOUN,NNIP2-----A----,nmod,Gen,Masc,Plur,Inan,0.0145296253553824,O
",",PUNCT,Z:-------------,punct,,,,,0.124089839926095,O
na,ADP,RR--4----------,case,Acc,,,,0.0003306527688654,O
které,DET,P4YP4----------,obl:arg,Acc,Masc,Plur,,-0.2469897301265931,O
jsem,AUX,VB-S---1P-AAI--,aux,,,Sing,,-0.2220581079006879,O
narazil,VERB,VpYS----R-AAP--,acl:relcl,,Masc,Sing,,0.0083249156653746,O
.,PUNCT,Z:-------------,punct,,,,,0.2096963856193512,O
Zákon,NOUN,NNIS1-----A----,nsubj,Nom,Masc,Sing,Inan,0.0832404106607464,O
by,AUX,Vc----------I--,aux,,,,,0.1120680454316262,O
pozměnil,VERB,VpYS----R-AAP--,root,,Masc,Sing,,0.0495853131757138,O
zákon,NOUN,NNIS4-----A----,obj,Acc,Masc,Sing,Inan,-0.0084550905778769,O
o,ADP,RR--6----------,case,Loc,,,,-0.0806985282956866,O
občanských,ADJ,AANP6----1A----,amod,Loc,Neut,Plur,,-0.0417806583837998,O
právech,NOUN,NNNP6-----A----,nmod,Loc,Neut,Plur,,0.0139791629994741,O
z,ADP,RR--2----------,case,Gen,,,,-0.0871039600612704,O
roku,NOUN,NNIS2-----A---1,nmod,Gen,Masc,Sing,Inan,-0.0576082473947241,O
1964,NUM,C=-------------,nummod,,,,,-0.2006188956926404,B-ty
tak,ADV,Db-------------,advmod,,,,,0.0742518724291534,O
",",PUNCT,Z:-------------,punct,,,,,0.2084840860989156,O
aby,AUX,Vc-------------,aux,,,,,0.0529743269899616,O
zahrnoval,VERB,VpYS----R-AAI--,advcl,,Masc,Sing,,0.0410897314766319,O
sexuální,ADJ,AAFS4----1A----,amod,Acc,Fem,Sing,,0.0038699450225474,O
orientaci,NOUN,NNFS4-----A----,obj,Acc,Fem,Sing,,0.1831473540880866,O
a,CCONJ,J^-------------,cc,,,,,-0.271975837794063,O
genderovou,ADJ,AAFS4----1A----,amod,Acc,Fem,Sing,,0.016034655324979,O
identitu,NOUN,NNFS4-----A----,conj,Acc,Fem,Sing,,0.0064696841600407,O
do,ADP,RR--2----------,case,Gen,,,,-0.070399121426912,O
seznamu,NOUN,NNIS2-----A----,obl,Gen,Masc,Sing,Inan,0.1618460307042961,O
již,ADV,Db-------------,advmod,,,,,0.1351995228946334,O
chráněných,ADJ,AAFP2----1A----,amod,Gen,Fem,Plur,,0.4312104854591657,O
tříd,NOUN,NNFP2-----A----,nmod,Gen,Fem,Plur,,-0.3758590493564881,O
.,PUNCT,Z:-------------,punct,,,,,0.4846681010448282,O
Včera,ADV,Db-------------,advmod,,,,,-0.1039774697220143,O
společnost,NOUN,NNFS1-----A----,nsubj,Nom,Fem,Sing,,0.1258332388661658,O
CoinMarket,X,F%-------------,flat:foreign,,,,,0.0223344795125459,B-if
Cap,X,F%-------------,flat:foreign,,,,,-0.1393155376218672,I-if
umístila,VERB,VpQW----R-AAP--,root,,"Fem,Neut","Plur,Sing",,0.0427012186179355,O
na,ADP,RR--4----------,case,Acc,,,,0.1999777489014524,O
stránku,NOUN,NNFS4-----A----,obl,Acc,Fem,Sing,,-0.13166432701098,O
projektu,NOUN,NNIS2-----A----,nmod,Gen,Masc,Sing,Inan,-0.0276188470565776,O
EverGrow,X,F%-------------,nmod,,,,,0.0876585736912397,B-o_
upozornění,NOUN,NNNS4-----A----,obj,Acc,Neut,Sing,,-0.0152869649045157,O
",",PUNCT,Z:-------------,punct,,,,,0.2378644080425573,O
v,ADP,RR--6----------,case,Loc,,,,0.2954319283105889,O
němž,PRON,P4ZS6----------,obl,Loc,"Masc,Neut",Sing,,-0.218982439324168,O
potvrdila,VERB,VpQW----R-AAP--,acl:relcl,,"Fem,Neut","Plur,Sing",,0.0661838881225502,O
",",PUNCT,Z:-------------,punct,,,,,0.2714186724908229,O
že,SCONJ,"J,-------------",mark,,,,,0.0531058320423385,O
chyba,NOUN,NNFS1-----A----,nsubj:pass,Nom,Fem,Sing,,-0.104654230753857,O
v,ADP,RR--6----------,case,Loc,,,,0.252513651534104,O
údajích,NOUN,NNIP6-----A----,nmod,Loc,Masc,Plur,Inan,-0.091543194082198,O
byla,AUX,VpQW----R-AAI--,aux:pass,,"Fem,Neut","Plur,Sing",,-0.0840624091925444,O
opravena,ADJ,VsQW----X-APP--,ccomp,,"Fem,Neut","Plur,Sing",,-0.0379481023559425,O
.,PUNCT,Z:-------------,punct,,,,,0.3341958820760404,O
Ráhul,PROPN,NNMS1-----A----,nsubj,Nom,Masc,Sing,Anim,0.3227706779579101,B-P|B-pf
Gándhí,PROPN,NNMS1-----A----,flat,Nom,Masc,Sing,Anim,0.1931188176300658,I-P|B-ps
míří,VERB,VB-S---3P-AAI--,root,,,Sing,,0.1533795852061975,O
k,ADP,RR--3----------,case,Dat,,,,0.586359393948241,O
lidem,NOUN,NNMP3-----A----,obl,Dat,Masc,Plur,Anim,0.1088908083683365,O
v,ADP,RR--6----------,case,Loc,,,,0.4514685417484491,O
rádžasthánu,NOUN,NNIS6-----A----,nmod,Loc,Masc,Sing,Inan,0.2783082894022129,O
Ve,ADP,RV--4----------,case,Acc,,,,-0.0685889415821164,O
čtvrtek,NOUN,NNIS4-----A----,obl,Acc,Masc,Sing,Inan,-0.4451638719421507,O
byla,AUX,VpQW----R-AAI--,aux:pass,,"Fem,Neut","Plur,Sing",,0.370547442304926,O
na,ADP,RR--4----------,case,Acc,,,,0.0020014303230261,O
Vidyasagar,PROPN,NNIS4-----A----,obl,Acc,Masc,Sing,Inan,0.019126170921678,B-oa
instalována,ADJ,VsQW----X-APB--,root,,"Fem,Neut","Plur,Sing",,-0.2255195440136032,O
bronzová,ADJ,AAFS1----1A----,amod,Nom,Fem,Sing,,0.2666483796836587,O
socha,NOUN,NNFS1-----A----,nsubj:pass,Nom,Fem,Sing,,0.0395547126947957,O
Vidyasagaru,PROPN,NNIS2-----A----,nmod,Gen,Masc,Sing,Inan,0.4158704343566963,B-oa
.,PUNCT,Z:-------------,punct,,,,,0.4110406484440646,O
Google,PROPN,NNIS1-----A----,nsubj,Nom,Masc,Sing,Inan,-0.0874411992376179,B-if
musel,VERB,VpYS----R-AAI--,root,,Masc,Sing,,0.0600961645939696,O
oddělit,VERB,Vf--------A-P--,xcomp,,,,,0.0736478503540281,O
",",PUNCT,Z:-------------,punct,,,,,-0.0324559613713217,O
protože,SCONJ,"J,-------------",mark,,,,,0.0579949750561647,O
ve,ADP,RV--6----------,case,Loc,,,,0.0798993171536323,O
volné,ADJ,AAFS6----1A----,amod,Loc,Fem,Sing,,-0.0162688092477745,O
přírodě,NOUN,NNFS6-----A----,obl,Loc,Fem,Sing,,0.0501554780481031,O
existovalo,VERB,VpNS----R-AAI--,advcl,,Neut,Sing,,0.0128252789567189,O
mnoho,DET,Ca--1----------,det:numgov,Nom,,,,0.0511657710377173,O
verzí,NOUN,NNFP2-----A----,nsubj,Gen,Fem,Plur,,0.00775940004535,O
Androidu,PROPN,NNIS2-----A----,nmod,Gen,Masc,Sing,Inan,-0.0302797420429815,B-op
",",PUNCT,Z:-------------,punct,,,,,0.7331752022459306,O
z,ADP,RR--2----------,case,Gen,,,,-0.3512732166774731,O
nichž,PRON,P4XP2----------,nmod,Gen,,Plur,,0.0594204549352551,O
každá,DET,AAFS1----1A----,nsubj,Nom,Fem,Sing,,0.103351484467328,O
měla,VERB,VpQW----R-AAI--,acl:relcl,,"Fem,Neut","Plur,Sing",,0.0077842995054789,O
obrovský,ADJ,AAIS4----1A----,amod,Acc,Masc,Sing,Inan,0.0120748464821996,O
podíl,NOUN,NNIS4-----A----,obj,Acc,Masc,Sing,Inan,-0.0290341966133669,O
na,ADP,RR--6----------,case,Loc,,,,-0.0173058460293047,O
trhu,NOUN,NNIS6-----A----,nmod,Loc,Masc,Sing,Inan,0.0667221832269827,O
.,PUNCT,Z:-------------,punct,,,,,0.4028765524686217,O
Vzhledem,ADP,RF-------------,case,,,,,0.2737478388572489,O
k,ADP,RR--3----------,fixed,Dat,,,,-0.0894798844104603,O
tomu,DET,PDZS3----------,obl,Dat,"Masc,Neut",Sing,,-0.1102938883772715,O
",",PUNCT,Z:-------------,punct,,,,,0.1619245712414796,O
že,SCONJ,"J,-------------",mark,,,,,0.1035980465262857,O
oba,NUM,CnYP1----------,nsubj,Nom,Masc,Plur,,-0.1143660367217071,O
pocházejí,VERB,VB-P---3P-AAI--,acl,,,Plur,,-0.2514381009059314,O
ze,ADP,RV--2----------,case,Gen,,,,-0.0925112974683727,O
stejné,ADJ,AAFS2----1A----,amod,Gen,Fem,Sing,,-0.1125909043057804,O
rodiny,NOUN,NNFS2-----A----,obl,Gen,Fem,Sing,,0.0719351117160696,O
a,CCONJ,J^-------------,cc,,,,,-0.0152027226049656,O
mají,VERB,VB-P---3P-AAI--,conj,,,Plur,,-0.0902679943231577,O
velmi,ADV,Db-------------,advmod,,,,,-0.0545013059021618,O
podobné,ADJ,AAFP4----1A----,amod,Acc,Fem,Plur,,0.0206772972029225,O
vnitřní,ADJ,AAFP4----1A----,amod,Acc,Fem,Plur,,-0.0885015021200122,O
instalace“,X,F%-------------,obj,,,,,0.1575478607777209,O
",",PUNCT,Z:-------------,punct,,,,,0.4740460934432282,O
můžete,VERB,VB-P---2P-AAI--,root,,,Plur,,-0.1739109743588312,O
skutečně,ADV,Dg-------1A----,advmod,,,,,-0.0564938039315254,O
vytvořit,VERB,Vf--------A-P--,xcomp,,,,,-0.0695083319008722,O
takové,DET,PDIP4----------,det,Acc,Masc,Plur,Inan,-0.1573818093937987,O
chirurgicky,ADV,Dg-------1A----,advmod,,,,,0.122307209934391,O
vylepšené,ADJ,AAIP4----1A----,amod,Acc,Masc,Plur,Inan,-0.0597607970660569,O
zázraky,NOUN,NNIP4-----A----,obj,Acc,Masc,Plur,Inan,0.0705214351431398,O
.,PUNCT,Z:-------------,punct,,,,,0.1420149660479588,O
Viděli,VERB,VpMP----R-AAI--,ccomp,,Masc,Plur,Anim,-0.019453055903721,O
jsme,AUX,VB-P---1P-AAI--,aux,,,Plur,,-0.0711438300397229,O
zneužití,NOUN,NNNS4-----A----,obj,Acc,Neut,Sing,,0.0945572592466421,O
slzného,ADJ,AAIS2----1A----,amod,Gen,Masc,Sing,Inan,0.1361909280055614,O
plynu,NOUN,NNIS2-----A----,nmod,Gen,Masc,Sing,Inan,0.1350405902887833,O
",",PUNCT,Z:-------------,punct,,,,,0.2275582173289995,O
pepřového,ADJ,AAIS2----1A----,amod,Gen,Masc,Sing,Inan,0.0121246377482221,O
spreje,NOUN,NNIS2-----A----,conj,Gen,Masc,Sing,Inan,0.08953204422174,O
",",PUNCT,Z:-------------,punct,,,,,0.2474660179225208,O
pepřových,ADJ,AAFP2----1A----,amod,Gen,Fem,Plur,,0.0321493897368489,O
kuliček,NOUN,NNFP2-----A----,conj,Gen,Fem,Plur,,0.0850304809182186,O
",",PUNCT,Z:-------------,punct,,,,,0.3516183992134442,O
nábojů,NOUN,NNIP2-----A----,conj,Gen,Masc,Plur,Inan,0.1877752304839592,O
ráže,NOUN,NNFS2-----A----,nmod,Gen,Fem,Sing,,0.0095014513483793,O
40,NUM,C=-------------,nummod,,,,,-0.0754577339703252,B-nc
milimetrů,NOUN,NNIP2-----A----,nmod,Gen,Masc,Plur,Inan,-0.0244226898336359,O
",",PUNCT,Z:-------------,punct,,,,,0.068046211934647,O
v,ADP,RR--6----------,case,Loc,,,,-0.0137626322500995,O
podstatě,NOUN,NNFS6-----A----,obl,Loc,Fem,Sing,,-0.0466486488859812,O
každá,DET,AAFS1----1A----,det,Nom,Fem,Sing,,-0.0149291869548577,O
kombinace,NOUN,NNFS1-----A----,nsubj:pass,Nom,Fem,Sing,,0.1717006324371081,O
méně,ADV,Dg-------2A----,advmod,,,,,0.0780786694373257,O
smrtící,ADJ,AAFS2----1A----,amod,Gen,Fem,Sing,,0.151169097065759,O
zbraně,NOUN,NNFS2-----A----,nmod,Gen,Fem,Sing,,0.0568508900672466,O
byla,AUX,VpQW----R-AAI--,aux:pass,,"Fem,Neut","Plur,Sing",,-0.0109006671347277,O
použita,ADJ,VsQW----X-APP--,conj,,"Fem,Neut","Plur,Sing",,0.1002320895090594,O
nevhodnými,ADJ,AAIP7----1N----,amod,Ins,Masc,Plur,Inan,0.1081024412652391,O
způsoby,NOUN,NNIP7-----A----,obl,Ins,Masc,Plur,Inan,-0.0018297629076545,O
",",PUNCT,Z:-------------,punct,,,,,0.124530612006927,O
“,PUNCT,Z:-------------,punct,,,,,-0.1693474669044855,O
řekl,VERB,VpYS----R-AAP--,root,,Masc,Sing,,-0.1220314484656812,O
vyšetřovatel,NOUN,NNMS1-----A----,nsubj,Nom,Masc,Sing,Anim,0.0601026890837843,O
Amnesty,X,F%-------------,nmod,,,,,0.1165629870303473,B-io
International,X,F%-------------,flat:foreign,,,,,0.011887543697259,I-io
zabývající,ADJ,AGMS1-----A----,amod,Nom,Masc,Sing,Anim,0.3662035150458968,O
se,PRON,P7-X4----------,expl:pv,Acc,,,,0.1111246460567491,O
zbraněmi,NOUN,NNFP7-----A----,obl:arg,Ins,Fem,Plur,,0.2083275053005567,O
Brian,PROPN,NNMS1-----A----,flat,Nom,Masc,Sing,Anim,0.0926465505185125,B-P|B-pf
Castner,PROPN,NNMS1-----A----,flat,Nom,Masc,Sing,Anim,-0.0531146825330255,I-P|B-ps
.,PUNCT,Z:-------------,punct,,,,,-0.2048450534364351,O
Od,ADP,RR--2----------,case,Gen,,,,-0.0386817167917877,O
té,DET,PDFS2----------,det,Gen,Fem,Sing,,-0.1483096502187058,O
doby,NOUN,NNFS2-----A----,obl,Gen,Fem,Sing,,-0.0780924381858701,O
se,PRON,P7-X4----------,expl:pv,Acc,,,,-0.0045110986839163,O
stala,VERB,VpQW----R-AAP--,root,,"Fem,Neut","Plur,Sing",,-0.0369328311377223,O
jednou,NUM,CnFS7----------,obl:arg,Ins,Fem,Sing,,-0.0620733555475879,O
z,ADP,RR--2----------,case,Gen,,,,-0.0779443381015241,O
největších,ADJ,AAFP2----3A----,amod,Gen,Fem,Plur,,-0.001464163729286,O
světových,ADJ,AAFP2----1A----,amod,Gen,Fem,Plur,,0.2624053106007298,O
prázdninových,ADJ,AAFP2----1A----,amod,Gen,Fem,Plur,,-0.0202537916104622,O
společností,NOUN,NNFP2-----A----,nmod,Gen,Fem,Plur,,0.0679839432483672,O
",",PUNCT,Z:-------------,punct,,,,,0.2390214188833041,O
která,DET,P4FS1----------,nsubj,Nom,Fem,Sing,,0.68634342885458,O
si,PRON,P7--3----------,obl,Dat,,,,-0.0163150405328266,O
připomínala,VERB,VpQW----R-AAI--,acl:relcl,,"Fem,Neut","Plur,Sing",,-0.0044859790212475,O
175,NUM,C=-------------,nummod:gov,,,,,-0.1945126279209755,B-nc
výročí,NOUN,NNNP2-----A----,obj,Gen,Neut,Plur,,-0.2865802232276022,O
před,ADP,RR--7----------,case,Ins,,,,-0.0691544853233833,O
třemi,NUM,Cl-P7----------,nummod,Ins,,Plur,,-0.0629986309216899,O
lety,NOUN,NNNP7-----A----,obl,Ins,Neut,Plur,,-0.0694306401082313,O
.,PUNCT,Z:-------------,punct,,,,,-0.0086755092656601,O
Tato,DET,PDFS1----------,det,Nom,Fem,Sing,,-0.230013153188046,O
lhůta,NOUN,NNFS1-----A----,nsubj,Nom,Fem,Sing,,0.1791085020515048,O
by,AUX,Vc----------I--,aux,,,,,0.023321952861025,O
mohla,VERB,VpQW----R-AAI--,root,,"Fem,Neut","Plur,Sing",,0.0742915884877825,O
trvat,VERB,Vf--------A-I--,xcomp,,,,,0.021113354507166,O
až,PART,TT-------------,advmod:emph,,,,,0.0017393560737347,O
dva,NUM,CnYP4----------,nummod,Acc,Masc,Plur,,-0.0391105591425179,O
roky,NOUN,NNIP4-----A----,obl,Acc,Masc,Plur,Inan,-0.0738876521888252,O
",",PUNCT,Z:-------------,punct,,,,,0.274943694669466,O
a,CCONJ,J^-------------,cc,,,,,0.1322906284913025,O
pokud,SCONJ,"J,-------------",mark,,,,,0.0358859796945226,O
se,PRON,P7-X4----------,expl:pv,Acc,,,,0.1517462985513246,O
systémy,NOUN,NNIP1-----A----,nsubj,Nom,Masc,Plur,Inan,0.1004721257711937,O
do,ADP,RR--2----------,case,Gen,,,,-0.0159858241881588,O
PPF,NOUN,BNXXX-----A----,obl,,,,,0.6417093942703618,B-i_
dostanou,VERB,VB-P---3P-AAP--,advcl,,,Plur,,0.1895721059706795,O
",",PUNCT,Z:-------------,punct,,,,,0.2234848410908405,O
povede,VERB,VB-S---3P-AAP--,conj,,,Sing,,0.022360025327155,O
ke,ADP,RV--3----------,case,Dat,,,,0.0378427993521156,O
snížení,NOUN,NNNS3-----A----,obl:arg,Dat,Neut,Sing,,0.0950839051322913,O
výplat,NOUN,NNFP2-----A----,nmod,Gen,Fem,Plur,,0.0432216862560822,O
o,ADP,RR--4----------,case,Acc,,,,-0.1244993313289887,O
zhruba,ADV,Db-------------,advmod:emph,,,,,-0.0513072683752584,O
10,NUM,C=-------------,nummod:gov,,,,,0.0346029025747964,B-nc
000,NUM,C=-------------,nummod:gov,,,,,-0.0007480796388431,I-nc
budoucích,ADJ,AAMP2----1A----,amod,Gen,Masc,Plur,Anim,0.0178750776368208,O
důchodců,NOUN,NNMP2-----A----,nmod,Gen,Masc,Plur,Anim,0.0058364395770994,O
o,ADP,RR--4----------,case,Acc,,,,-0.0674992913262413,O
10,NUM,C=-------------,nummod,,,,,-0.07234826417799,B-nc
%,SYM,Z:-------------,nmod,,,,,0.1001590595778493,O
.,PUNCT,Z:-------------,punct,,,,,0.2448829786148187,O
2,NUM,C=-------------,nmod,,,,,-0.4440999517645568,B-ni
),PUNCT,Z:-------------,punct,,,,,0.0827345608785507,O
K,ADP,RR--3----------,case,Dat,,,,-0.1396252093074356,O
vrácení,NOUN,NNNS3-----A----,obl,Dat,Neut,Sing,,-0.1092138644367462,O
zboží,NOUN,NNNS2-----A----,nmod,Gen,Neut,Sing,,-0.5900541240671724,O
použijte,VERB,Vi-P---2--A-P--,root,,,Plur,,0.3376589783175137,O
možnost,NOUN,NNFS4-----A----,obj,Acc,Fem,Sing,,-0.3136355181122201,O
eBay,NOUN,F%-------------,nmod,,,,,0.3793295106433992,O
.,PUNCT,Z:-------------,punct,,,,,0.1416869237289005,O
Tato,DET,PDNP1----------,det,Nom,Neut,Plur,,0.1631360902149906,O
ocenění,NOUN,NNNP1-----A----,nsubj,Nom,Neut,Plur,,0.0609764884880191,O
jsou,AUX,VB-P---3P-AAI--,cop,,,Plur,,0.0591329313034251,O
malým,ADJ,AAIS7----1A----,amod,Ins,Masc,Sing,Inan,0.0626060312241994,O
pokusem,NOUN,NNIS7-----A----,root,Ins,Masc,Sing,Inan,0.0937261676332627,O
skupiny,NOUN,NNFS2-----A----,nmod,Gen,Fem,Sing,,0.0581555813338506,O
lidí,NOUN,NNMP2-----A----,nmod,Gen,Masc,Plur,Anim,0.0103602238983045,O
ve,ADP,RV--6----------,case,Loc,,,,-0.0049603656357871,O
veřejném,ADJ,AAIS6----1A----,amod,Loc,Masc,Sing,Inan,0.0235434022330699,O
životě,NOUN,NNIS6-----A----,nmod,Loc,Masc,Sing,Inan,0.0213790675725782,O
–,PUNCT,Z:-------------,punct,,,,,-0.0195301030019003,O
různého,ADJ,AANS2----1A----,amod,Gen,Neut,Sing,,0.091254716538913,O
a,CCONJ,J^-------------,cc,,,,,0.0939955246030275,O
žádného,DET,PWZS2----------,conj,Gen,"Masc,Neut",Sing,,0.1251052708821738,O
politického,ADJ,AANS2----1A----,amod,Gen,Neut,Sing,,0.1258354306607487,O
přesvědčení,NOUN,NNNS2-----A----,nmod,Gen,Neut,Sing,,0.0506000994095901,O
–,PUNCT,Z:-------------,punct,,,,,-0.1702200672783585,O
vrhnout,VERB,Vf--------A-P--,csubj,,,,,-0.0726788931668238,O
světlo,NOUN,NNNS4-----A----,obj,Acc,Neut,Sing,,0.0534645422044905,O
na,ADP,RR--4----------,case,Acc,,,,0.2102927141107376,O
politiky,NOUN,NNMP4-----A----,obl,Acc,Masc,Plur,Anim,0.0156755856477477,O
",",PUNCT,Z:-------------,punct,,,,,0.1675511158490059,O
kteří,DET,P4MP1----------,nsubj,Nom,Masc,Plur,Anim,0.1953063931930334,O
argumentují,VERB,VB-P---3P-AAI--,acl:relcl,,,Plur,,0.0808787070540946,O
svým,DET,P8ZS7----------,det,Ins,"Masc,Neut",Sing,,-0.0304237735330535,O
případem,NOUN,NNIS7-----A----,obl,Ins,Masc,Sing,Inan,0.0235997937049376,O
se,ADP,RV--7----------,case,Ins,,,,0.2108410183702282,O
slušností,NOUN,NNFS7-----A----,obl,Ins,Fem,Sing,,-0.0180887437478545,O
a,CCONJ,J^-------------,cc,,,,,-0.0337394429787033,O
zdvořilostí,NOUN,NNFS7-----A----,conj,Ins,Fem,Sing,,0.1474952857303084,O
a,CCONJ,J^-------------,cc,,,,,-0.0368806107678405,O
jsou,AUX,VB-P---3P-AAI--,cop,,,Plur,,0.1465805681841293,O
schopni,ADJ,ACMP------A----,conj,,Masc,Plur,Anim,0.1369377393723772,O
se,PRON,P7-X4----------,expl:pv,Acc,,,,0.255946970792431,O
angažovat,VERB,Vf--------A-I--,xcomp,,,,,0.1166552188409866,O
a,CCONJ,J^-------------,cc,,,,,-0.0075513302847907,O
pracovat,VERB,Vf--------A-I--,conj,,,,,-0.0605083675169328,O
s,ADP,RR--7----------,case,Ins,,,,0.1059940221015336,O
lidmi,NOUN,NNMP7-----A----,obl,Ins,Masc,Plur,Anim,0.2134324614004804,O
napříč,ADP,RR--7----------,case,Ins,,,,0.2238024975734464,O
propastmi,NOUN,NNFP7-----A----,obl,Ins,Fem,Plur,,0.1759037847670085,O
",",PUNCT,Z:-------------,punct,,,,,-0.0059373212134139,O
které,DET,P4FP1----------,nsubj,Nom,Fem,Plur,,0.0781708974573335,O
se,PRON,P7-X4----------,expl:pv,Acc,,,,0.1361708252342741,O
dotýkají,VERB,VB-P---3P-AAI--,acl:relcl,,,Plur,,0.1245362127551263,O
nás,PRON,PP-P2--1-------,obl:arg,Gen,,Plur,,0.1070117382494739,O
všech,DET,PLXP2----------,det,Gen,,Plur,,-0.0024769301391066,O
.,PUNCT,Z:-------------,punct,,,,,0.2564370097431644,O
“,PUNCT,Z:-------------,punct,,,,,0.0821072645586995,O
Jak,ADV,Db-------------,advmod,,,,,0.0314535731469328,O
pokračují,VERB,VB-P---3P-AAI--,advcl,,,Plur,,0.2558565486315921,O
násilné,ADJ,AAIP1----1A----,amod,Nom,Masc,Plur,Inan,0.0391295372639704,O
střety,NOUN,NNIP1-----A----,nsubj,Nom,Masc,Plur,Inan,0.0154510682054505,O
mezi,ADP,RR--7----------,case,Ins,,,,-0.01360163134959,O
donucovacími,ADJ,AAIP7----1A----,amod,Ins,Masc,Plur,Inan,0.0262481213585276,O
orgány,NOUN,NNIP7-----A----,nmod,Ins,Masc,Plur,Inan,0.0698860753874128,O
a,CCONJ,J^-------------,cc,,,,,-0.1306742076014019,O
protestujícími,ADJ,AGMP7-----A----,conj,Ins,Masc,Plur,Anim,0.0088215656986272,O
v,ADP,RR--6----------,case,Loc,,,,0.0293923278073623,O
Portlandu,PROPN,NNIS6-----A---1,nmod,Loc,Masc,Sing,Inan,0.0817895553219812,B-gu
a,CCONJ,J^-------------,cc,,,,,0.0964775002575109,O
po,ADP,RR--6----------,case,Loc,,,,0.030202087394088,O
celé,ADJ,AAFS6----1A----,amod,Loc,Fem,Sing,,-0.016495856399424,O
zemi,NOUN,NNFS6-----A----,conj,Loc,Fem,Sing,,0.0923844170177424,O
",",PUNCT,Z:-------------,punct,,,,,0.2276874566770711,O
diskuse,NOUN,NNFS1-----A----,nsubj,Nom,Fem,Sing,,-0.0089743636366197,O
se,PRON,P7-X4----------,expl:pv,Acc,,,,-0.0611519405840004,O
točí,VERB,VB-S---3P-AAI--,root,,,Sing,,0.080843332566104,O
kolem,ADP,RR--2----------,case,Gen,,,,0.0649945558406563,O
toho,DET,PDZS2----------,obl,Gen,"Masc,Neut",Sing,,-0.027540885993193,O
",",PUNCT,Z:-------------,punct,,,,,0.0380536792408751,O
jak,ADV,Db-------------,advmod,,,,,0.0592750463150452,O
může,VERB,VB-S---3P-AAI--,acl,,,Sing,,0.0287700989399716,O
policie,NOUN,NNFS1-----A----,nsubj,Nom,Fem,Sing,,-0.0365969572217703,O
omezit,VERB,Vf--------A-P--,xcomp,,,,,0.0565920497261318,O
smrtící,ADJ,AAFP4----1A----,amod,Acc,Fem,Plur,,0.1171214900783694,O
síly,NOUN,NNFP4-----A----,obj,Acc,Fem,Plur,,0.3067047322851838,O
.,PUNCT,Z:-------------,punct,,,,,-0.691172654806448,O
Vícenásobný,ADJ,AAIS1----1A----,amod,Nom,Masc,Sing,Inan,0.437187278209911,O
výběr,NOUN,NNIS1-----A----,root,Nom,Masc,Sing,Inan,-0.0331246551345688,O
poměru,NOUN,NNIS2-----A----,nmod,Gen,Masc,Sing,Inan,-0.0444895864574032,O
stran,NOUN,NNFP2-----A----,nmod,Gen,Fem,Plur,,-0.0324891320873204,O
–,PUNCT,Z:-------------,punct,,,,,-0.3726465986794935,O
4x3,NUM,C=-------------,nummod,,,,,0.030627673018373,B-nc
nebo,CCONJ,J^-------------,cc,,,,,-0.0540838119736482,O
16x9,NUM,C=-------------,conj,,,,,0.0707777427164397,B-nc
",",PUNCT,Z:-------------,punct,,,,,0.1456878106111628,O
anamorfní,ADJ,AANP1----1A----,amod,Nom,Neut,Plur,,0.0008422648983602,O
",",PUNCT,Z:-------------,punct,,,,,0.0989527976639927,O
letterbox,NOUN,NNIS1-----A----,conj,Nom,Masc,Sing,Inan,-0.067110407297107,O
a,CCONJ,J^-------------,cc,,,,,-0.1843891733011857,O
uživatelsky,ADV,Dg-------1A----,advmod,,,,,-0.3250120904955771,O
definovatelná,ADJ,AANP1----1A----,conj,Nom,Neut,Plur,,0.0547365352034019,O
nastavení,NOUN,NNNP1-----A----,conj,Nom,Neut,Plur,,-0.0465287348034521,O
.,PUNCT,Z:-------------,punct,,,,,0.1768641146700926,O
Taky,ADV,Db-------------,advmod,,,,,-0.1359272908993582,O
je,AUX,VB-S---3P-AAI--,root,,,Sing,,-0.1127833992852529,O
z,ADP,RR--2----------,case,Gen,,,,-0.3708658753144904,O
toho,DET,PDZS2----------,obl,Gen,"Masc,Neut",Sing,,0.6723442983753656,O
příšerné,ADJ,AANS1----1A----,amod,Nom,Neut,Sing,,0.3347526091598842,O
UX,NOUN,BNXXX-----A----,nsubj,,,,,0.0321698964715655,O
.,PUNCT,Z:-------------,punct,,,,,0.1631750103136544,O
Rezignace,NOUN,NNFS1-----A----,nsubj,Nom,Fem,Sing,,0.0394910860070372,O
prohloubila,VERB,VpQW----R-AAP--,root,,"Fem,Neut","Plur,Sing",,0.0241707530965862,O
politický,ADJ,AAIS4----1A----,amod,Acc,Masc,Sing,Inan,-0.0135949896273771,O
spor,NOUN,NNIS4-----A----,obj,Acc,Masc,Sing,Inan,0.0141400070678287,O
s,ADP,RR--7----------,case,Ins,,,,0.0009782815874966,O
Ennahdhou,PROPN,NNMS7-----A----,nmod,Ins,Masc,Sing,Anim,0.3691254801224988,B-io
kvůli,ADP,RR--3----------,case,Dat,,,,-0.1935145869977772,O
obviněním,NOUN,NNNP3-----A----,obl,Dat,Neut,Plur,,-0.0197019652950404,O
Fakhfakha,PROPN,NNMS2-----A----,nmod,Gen,Masc,Sing,Anim,0.1923712418636278,B-p_
ze,ADP,RV--2----------,case,Gen,,,,0.2687116677980906,O
střetu,NOUN,NNIS2-----A----,nmod,Gen,Masc,Sing,Inan,0.4123804951114238,O
zájmů,NOUN,NNIP2-----A----,nmod,Gen,Masc,Plur,Inan,0.3023373375592955,O
.,PUNCT,Z:-------------,punct,,,,,0.181942415280179,O
Mezitím,ADV,Db-------------,advmod,,,,,0.401120972772159,O
v,ADP,RR--6----------,case,Loc,,,,0.0148605716305872,O
Bulharsku,PROPN,NNNS6-----A----,obl,Loc,Neut,Sing,,0.0489832607118462,B-gc
silné,ADJ,AAIP1----1A----,amod,Nom,Masc,Plur,Inan,-0.0259702954919229,O
deště,NOUN,NNIP1-----A----,nsubj,Nom,Masc,Plur,Inan,-0.0005185900917533,O
a,CCONJ,J^-------------,cc,,,,,-0.1713113332905469,O
velké,ADJ,AAFP1----1A----,amod,Nom,Fem,Plur,,-0.2174864139081922,O
záplavy,NOUN,NNFP1-----A----,conj,Nom,Fem,Plur,,0.1267572614808523,O
o,ADP,RR--6----------,case,Loc,,,,-0.0793988011022749,O
víkendu,NOUN,NNIS6-----A----,obl,Loc,Masc,Sing,Inan,-0.0421714469056877,O
pustošily,VERB,VpTP----R-AAI--,root,,"Fem,Masc",Plur,Inan,0.0921135415071282,O
jižní,ADJ,AAFP4----1A----,amod,Acc,Fem,Plur,,0.1674076099893685,O
části,NOUN,NNFP4-----A----,obj,Acc,Fem,Plur,,-0.0905827241160724,O
země,NOUN,NNFS2-----A----,nmod,Gen,Fem,Sing,,-0.113252276393373,O
a,CCONJ,J^-------------,cc,,,,,-0.123409855470808,O
donutily,VERB,VpTP----R-AAP--,conj,,"Fem,Masc",Plur,Inan,0.0009812002557543,O
tamní,ADJ,AAIP4----1A----,amod,Acc,Masc,Plur,Inan,0.0672180984239703,O
úřady,NOUN,NNIP4-----A----,obj,Acc,Masc,Plur,Inan,-0.0424463281714423,O
vyhlásit,VERB,Vf--------A-P--,xcomp,,,,,-0.0009514348390275,O
stav,NOUN,NNIS4-----A----,obj,Acc,Masc,Sing,Inan,0.0906249088510589,O
nouze,NOUN,NNFS2-----A----,nmod,Gen,Fem,Sing,,0.0017385439473293,O
.,PUNCT,Z:-------------,punct,,,,,0.2585155227815199,O
Mám-li,VERB,VB-S---1P-AAI--,advcl,,,Sing,,0.206344648079492,O
obrazovku,NOUN,NNFS4-----A----,obj,Acc,Fem,Sing,,-0.064402133144563,O
zamrzlou,ADJ,AAFS4----1A----,xcomp,Acc,Fem,Sing,,0.0440846729016107,O
ještě,ADV,Db-------------,advmod:emph,,,,,-0.2050155581882,O
jednou,ADV,Cv-------------,obl,,,,,-0.0710468499697181,O
",",PUNCT,Z:-------------,punct,,,,,0.131953318506461,O
prosím,VERB,VB-S---1P-AAI--,root,,,Sing,,-0.353765450150568,O
zpracujte,VERB,Vi-P---2--A-P--,xcomp,,,Plur,,0.0558860270524408,O
tento,DET,PDIS4----------,det,Acc,Masc,Sing,Inan,0.1163739267254076,O
postup,NOUN,NNIS4-----A----,obj,Acc,Masc,Sing,Inan,0.1880712467599582,O
:,PUNCT,Z:-------------,punct,,,,,-0.2857973297126541,O
Všechny,DET,PLIP1----------,det,Nom,Masc,Plur,Inan,0.0899526396823435,O
naše,DET,PSIP1-P1-------,det,Nom,Masc,Plur,Inan,0.0075048267125841,O
komiksy,NOUN,NNIP1-----A----,nsubj:pass,Nom,Masc,Plur,Inan,-0.0181329528448853,O
jsou,AUX,VB-P---3P-AAI--,aux:pass,,,Plur,,-0.0861580926947125,O
standardně,ADV,Dg-------1A----,advmod,,,,,0.3444211254186193,O
zasílány,ADJ,VsTP----X-API--,root,,"Fem,Masc",Plur,Inan,0.1769102271555095,O
zabalené,ADJ,AAIP1----1A----,xcomp,Nom,Masc,Plur,Inan,-0.03772037533046,O
.,PUNCT,Z:-------------,punct,,,,,0.7362160492207072,O
Pro,ADP,RR--4----------,case,Acc,,,,0.8408285004166179,O
pohodlí,NOUN,NNNS4-----A----,obl,Acc,Neut,Sing,,-0.015950208405538,O
zákazníků,NOUN,NNMP2-----A----,nmod,Gen,Masc,Plur,Anim,0.092127860988443,O
a,CCONJ,J^-------------,cc,,,,,0.0971876269702946,O
rychlejší,ADJ,AANS4----2A----,amod,Acc,Neut,Sing,,0.0852677152756963,O
doručení,NOUN,NNNS4-----A----,conj,Acc,Neut,Sing,,0.1322534777995391,O
jsou,AUX,VB-P---3P-AAI--,root,,,Plur,,0.3278157492044979,O
k,ADP,RR--3----------,case,Dat,,,,0.043115501146711,O
dispozici,NOUN,NNFS3-----A----,obl,Dat,Fem,Sing,,0.1072977894572167,O
tyto,DET,PDFP1----------,det,Nom,Fem,Plur,,0.1722050146876464,O
možnosti,NOUN,NNFP1-----A----,nsubj,Nom,Fem,Plur,,0.2772790834408275,O
:,PUNCT,Z:-------------,punct,,,,,0.1194268441961658,O
Brown,PROPN,NNMS1-----A----,nsubj:pass,Nom,Masc,Sing,Anim,-0.0426991985945639,B-ps
byl,AUX,VpYS----R-AAI--,aux:pass,,Masc,Sing,,0.170547279414011,O
obviněn,ADJ,VsYS----X-APP--,root,,Masc,Sing,,0.1400118837177013,O
ze,ADP,RV--2----------,case,Gen,,,,0.1359969261831749,O
sexuálního,ADJ,AANS2----1A----,amod,Gen,Neut,Sing,,0.072937912697529,O
zneužití,NOUN,NNNS2-----A----,obl:arg,Gen,Neut,Sing,,0.0026964355051757,O
dvěma,NUM,CnXP7----------,nummod,Ins,,Plur,,-0.1954732076031093,O
ženami,NOUN,NNFP7-----A----,nmod,Ins,Fem,Plur,,0.0594384696352735,O
.,PUNCT,Z:-------------,punct,,,,,0.2897692942087348,O
Minulý,ADJ,AAIS4----1A----,amod,Acc,Masc,Sing,Inan,0.1245917133532474,O
týden,NOUN,NNIS4-----A----,obl,Acc,Masc,Sing,Inan,-0.0827713337133007,O
ho,PRON,P5ZS4--3-------,obj,Acc,"Masc,Neut",Sing,,-0.1893367304553599,O
New,X,F%-------------,nsubj,,,,,-0.0252329507500604,B-ic|B-gu
England,X,F%-------------,flat:foreign,,,,,0.0753966309744001,I-ic|I-gu
Patriots,X,F%-------------,flat:foreign,,,,,0.0395617763313495,I-ic
propustili,VERB,VpMP----R-AAP--,root,,Masc,Plur,Anim,0.1036239850205339,O
poté,ADV,Db-------------,advmod,,,,,0.1320859175752619,O
",",PUNCT,Z:-------------,punct,,,,,0.5338529353638455,O
co,SCONJ,"J,-------------",mark,,,,,0.0272472392144893,O
odehrál,VERB,VpYS----R-AAP--,advcl,,Masc,Sing,,0.0466095287049702,O
jen,ADV,Db-------------,advmod:emph,,,,,0.0909326019726819,O
jednu,NUM,CnFS4----------,nummod,Acc,Fem,Sing,,0.0601289505539531,O
hru,NOUN,NNFS4-----A----,obj,Acc,Fem,Sing,,-0.0123266053788933,O
.,PUNCT,Z:-------------,punct,,,,,-0.0026703017563113,O
Za,ADP,RR--4----------,case,Acc,,,,0.0068369222568158,O
posledních,ADJ,AAIP2----1A----,amod,Gen,Masc,Plur,Inan,-0.317989592245863,O
šest,NUM,Cl-S4----------,nummod:gov,Acc,,Sing,,0.1094698057474762,O
měsíců,NOUN,NNIP2-----A----,obl,Gen,Masc,Plur,Inan,-0.0364238765518987,O
dostal,VERB,VpYS----R-AAP--,root,,Masc,Sing,,-0.0992463833045254,O
kopačky,NOUN,NNFP4-----A----,obj,Acc,Fem,Plur,,0.0546432155684634,O
od,ADP,RR--2----------,case,Gen,,,,0.0169707967952977,O
tří,NUM,Cl-P2----------,nummod,Gen,,Plur,,0.0504126332430131,O
týmů,NOUN,NNIP2-----A----,obl,Gen,Masc,Plur,Inan,0.0366818366271214,O
.,PUNCT,Z:-------------,punct,,,,,-0.1517746176563841,O
Od,ADP,RR--2----------,case,Gen,,,,-0.0663811961933266,O
začátku,NOUN,NNIS2-----A----,obl,Gen,Masc,Sing,Inan,0.3499124120045115,O
roku,NOUN,NNIS2-----A---1,nmod,Gen,Masc,Sing,Inan,-0.051677996615777,O
2020,NUM,C=-------------,nummod,,,,,0.0700533971594172,B-ty
to,DET,PDNS1----------,root,Nom,Neut,Sing,,0.1700607076787638,O
byly,AUX,VpTP----R-AAI--,cop,,"Fem,Masc",Plur,Inan,-0.2668464255329452,O
dva,NUM,CnYP1----------,nummod,Nom,Masc,Plur,,0.0882312725222933,O
kroky,NOUN,NNIP1-----A----,nsubj,Nom,Masc,Plur,Inan,0.1658358837815142,O
vpřed,ADV,Db-------------,advmod,,,,,-0.0047131241006317,O
a,CCONJ,J^-------------,cc,,,,,-0.3411189330801147,O
jeden,NUM,CnYS1----------,conj,Nom,Masc,Sing,,0.2546775434890296,O
zpět,ADV,Db-------------,orphan,,,,,-0.2636176076052333,O
(,PUNCT,Z:-------------,punct,,,,,-0.0815124518166895,O
a,CCONJ,J^-------------,cc,,,,,0.0644030395954186,O
někdy,ADV,Db-------------,conj,,,,,-0.0799477673727172,O
i,CCONJ,J^-------------,advmod:emph,,,,,-0.0431967905597677,O
naopak,ADV,Db-------------,orphan,,,,,0.1011015306568958,O
),PUNCT,Z:-------------,punct,,,,,0.2500147048729977,O
.,PUNCT,Z:-------------,punct,,,,,0.5404810045263325,O
Konverzace,NOUN,NNFS1-----A----,nsubj,Nom,Fem,Sing,,0.0211660185972722,O
tímto,DET,PDZS7----------,det,Ins,"Masc,Neut",Sing,,0.0368918531420399,O
způsobem,NOUN,NNIS7-----A----,obl,Ins,Masc,Sing,Inan,0.0427940160386758,O
pokračovala,VERB,VpQW----R-AAI--,root,,"Fem,Neut","Plur,Sing",,0.0560523993050059,O
několik,DET,Ca--4----------,det:numgov,Acc,,,,0.1925125859199973,O
minut,NOUN,NNFP2-----A----,obl,Gen,Fem,Plur,,0.0540468387247196,O
",",PUNCT,Z:-------------,punct,,,,,0.1505344668427674,O
přičemž,ADV,Db-------------,advmod,,,,,-0.0590779329661874,O
mi,PRON,PH-S3--1-------,obl:arg,Dat,,Sing,,0.0939536760444725,O
vyčítal,VERB,VpYS----R-AAI--,conj,,Masc,Sing,,0.20851295484375,O
",",PUNCT,Z:-------------,punct,,,,,0.3611315506917307,O
že,SCONJ,"J,-------------",mark,,,,,-0.003283466934789,O
jsem,AUX,VB-S---1P-AAI--,aux,,,Sing,,0.1002637677208779,O
opustil,VERB,VpYS----R-AAP--,ccomp,,Masc,Sing,,0.144290480973723,O
přívěs,NOUN,NNIS4-----A----,obj,Acc,Masc,Sing,Inan,0.0599397358979271,O
tak,ADV,Db-------------,advmod,,,,,0.2556507616221057,O
",",PUNCT,Z:-------------,punct,,,,,0.3614649568113171,O
jak,ADV,Db-------------,advmod,,,,,0.0747149301260258,O
jsem,AUX,VB-S---1P-AAI--,aux,,,Sing,,-0.0281650007148798,O
mu,PRON,P5ZS3--3-------,obl:arg,Dat,"Masc,Neut",Sing,,-0.487665808738329,O
nepřekážel,VERB,VpYS----R-NAI--,advcl,,Masc,Sing,,-0.0462802535796314,O
.,PUNCT,Z:-------------,punct,,,,,0.3737508982785154,O
Poslanec,NOUN,NNMS1-----A----,nsubj,Nom,Masc,Sing,Anim,0.6658304225848386,O
Garissy,PROPN,NNMS1-----A----,flat,Nom,Masc,Sing,Anim,0.0974563924255271,B-P|B-pf
Aden,PROPN,NNMS1-----A----,flat,Nom,Masc,Sing,Anim,-0.0014395943099584,I-P|B-ps
Duale,PROPN,NNMS1-----A----,flat,Nom,Masc,Sing,Anim,-0.0408684288345221,I-P|I-ps
označil,VERB,VpYS----R-AAP--,root,,Masc,Sing,,0.0540715760587332,O
smrt,NOUN,NNFS4-----A----,obj,Acc,Fem,Sing,,0.1385511237823017,O
za,ADP,RR--4----------,case,Acc,,,,0.0162072743557859,O
ohavnou“,ADJ,Vf--------A-P--,obl:arg,,,,,0.0659480353213914,O
a,CCONJ,J^-------------,cc,,,,,0.1779724088453696,O
odsoudil,VERB,VpYS----R-AAP--,conj,,Masc,Sing,,0.0522692613099188,O
policejní,ADJ,AAIS4----1A----,amod,Acc,Fem,Sing,,0.1844281050757103,O
brutalitu“,NOUN,NNIS4-----A----,obj,Acc,Masc,Sing,Inan,0.0654274411044084,O
v,ADP,RR--6----------,case,Loc,,,,-0.0110668650806922,O
prohlášení,NOUN,NNNS6-----A----,obl,Loc,Neut,Sing,,0.0611106105677962,O
zveřejněném,ADJ,AANS6----1A----,amod,Loc,Neut,Sing,,0.1599113969957834,O
na,ADP,RR--6----------,case,Loc,,,,0.047221885187137,O
Facebooku,NOUN,NNIS6-----A----,obl,Loc,Masc,Sing,Inan,0.2339587124050732,O
.,PUNCT,Z:-------------,punct,,,,,-0.354886588200798,O
Kianzadová,PROPN,NNFS1-----A----,nsubj,Nom,Fem,Sing,,0.0728706510367797,B-ps
má,VERB,VB-S---3P-AAI--,root,,,Sing,,0.0381085906123327,O
nyní,ADV,Db-------------,advmod,,,,,-0.0421123594599956,O
bilanci,NOUN,NNFS4-----A----,obj,Acc,Fem,Sing,,0.0678168439165044,O
13-5,NUM,C=-------------,nummod,,,,,-0.0470180734345854,B-n_
a,CCONJ,J^-------------,cc,,,,,-0.0958972828631253,O
2-1,NUM,C=-------------,conj,,,,,0.032368421649051,B-n_
v,ADP,RR--6----------,case,Loc,,,,-0.1390674276290872,O
UFC,NOUN,BNXXX-----A----,nmod,,,,,-0.0555444860235263,O
",",PUNCT,Z:-------------,punct,,,,,0.5002233353614407,O
protože,SCONJ,"J,-------------",mark,,,,,-0.0942881809690973,O
žena,NOUN,NNFS1-----A----,nsubj,Nom,Fem,Sing,,0.0321783593579032,O
známá,ADJ,AAFS1----1A----,amod,Nom,Fem,Sing,,0.1021456226773898,O
jako,SCONJ,"J,-------------",mark,,,,,0.1129176168602814,O
Banzai“,X,F%-------------,xcomp,,,,,0.1177821680094317,B-p_
si,PRON,P7--3----------,obl,Dat,,,,-0.120756547323878,O
klade,VERB,VB-S---3P-AAI--,advcl,,,Sing,,0.0318600212833875,O
za,ADP,RR--4----------,case,Acc,,,,-0.1250070649712854,O
cíl,NOUN,NNIS4-----A----,obl:arg,Acc,Masc,Sing,Inan,-0.0028024279178307,O
posunout,VERB,Vf--------A-P--,xcomp,,,,,0.2218001313000182,O
se,PRON,P7-X4----------,expl:pv,Acc,,,,-0.0072159556192891,O
v,ADP,RR--6----------,case,Loc,,,,-0.0409177294031828,O
žebříčku,NOUN,NNIS6-----A----,obl,Loc,Masc,Sing,Inan,0.1415664755106725,O
o,ADP,RR--4----------,case,Acc,,,,-0.4688632196595378,O
135,NUM,C=-------------,nummod:gov,,,,,-0.0896203464127514,B-nc
liber,NOUN,NNFP2-----A----,obl,Gen,Fem,Plur,,0.0750507464312586,O
výš,ADV,Dg-------2A----,advmod,,,,,0.183150636499542,O
.,PUNCT,Z:-------------,punct,,,,,0.065557095755467,O
Tato,DET,PDNP1----------,det,Nom,Neut,Plur,,0.022460575154015,O
ocenění,NOUN,NNNP1-----A----,nsubj,Nom,Neut,Plur,,0.0094079538481904,O
jsou,AUX,VB-P---3P-AAI--,cop,,,Plur,,-0.0477622103423438,O
malým,ADJ,AAIS7----1A----,amod,Ins,Masc,Sing,Inan,-0.0312600669901946,O
pokusem,NOUN,NNIS7-----A----,root,Ins,Masc,Sing,Inan,-0.0218720008466964,O
skupiny,NOUN,NNFS2-----A----,nmod,Gen,Fem,Sing,,0.0615314985883354,O
lidí,NOUN,NNMP2-----A----,nmod,Gen,Masc,Plur,Anim,0.0510602953744058,O
ve,ADP,RV--6----------,case,Loc,,,,-0.0593794016613318,O
veřejném,ADJ,AAIS6----1A----,amod,Loc,Masc,Sing,Inan,0.0054350142054059,O
životě,NOUN,NNIS6-----A----,nmod,Loc,Masc,Sing,Inan,0.0754427306570277,O
–,PUNCT,Z:-------------,punct,,,,,-0.2444460263207432,O
různých,ADJ,AAMP2----1A----,amod,Gen,Masc,Plur,Anim,-0.0050405171437643,O
a,CCONJ,J^-------------,cc,,,,,-0.0738675399491284,O
bez,ADP,RR--2----------,case,Gen,,,,0.2773364398739111,O
politického,ADJ,AANS2----1A----,amod,Gen,Neut,Sing,,0.0797053286398647,O
přesvědčení,NOUN,NNNS2-----A----,conj,Gen,Neut,Sing,,-0.0767259817613858,O
–,PUNCT,Z:-------------,punct,,,,,-0.2603514123949219,O
posvítit,VERB,Vf--------A-P--,csubj,,,,,0.012277917817659,O
si,PRON,P7--3----------,expl:pv,Dat,,,,0.1255891904704099,O
na,ADP,RR--4----------,case,Acc,,,,0.0550793935536222,O
politiky,NOUN,NNMP4-----A----,obl:arg,Acc,Masc,Plur,Anim,0.0245015421407655,O
",",PUNCT,Z:-------------,punct,,,,,0.0818789034399196,O
kteří,DET,P4MP1----------,nsubj,Nom,Masc,Plur,Anim,0.0379651478178148,O
argumentují,VERB,VB-P---3P-AAI--,acl:relcl,,,Plur,,-0.0209608164756956,O
svým,DET,P8ZS7----------,det,Ins,"Masc,Neut",Sing,,0.0036660496089526,O
případem,NOUN,NNIS7-----A----,obl,Ins,Masc,Sing,Inan,0.0323412389492727,O
se,ADP,RV--7----------,case,Ins,,,,0.0332266892438013,O
slušností,NOUN,NNFS7-----A----,obl,Ins,Fem,Sing,,-0.066565490166374,O
a,CCONJ,J^-------------,cc,,,,,-0.0343250290315403,O
zdvořilostí,NOUN,NNFS7-----A----,conj,Ins,Fem,Sing,,0.0473426968913722,O
a,CCONJ,J^-------------,cc,,,,,-0.0777045119732115,O
jsou,AUX,VB-P---3P-AAI--,cop,,,Plur,,0.0963407846208879,O
schopni,ADJ,ACMP------A----,conj,,Masc,Plur,Anim,0.116595221546994,O
zapojit,VERB,Vf--------A-P--,xcomp,,,,,0.040346468739406,O
se,PRON,P7-X4----------,expl:pv,Acc,,,,-0.0046488378611979,O
a,CCONJ,J^-------------,cc,,,,,-0.1030578457048278,O
pracovat,VERB,Vf--------A-I--,conj,,,,,0.0160466718543683,O
s,ADP,RR--7----------,case,Ins,,,,-0.0384503814551369,O
lidmi,NOUN,NNMP7-----A----,obl:arg,Ins,Masc,Plur,Anim,0.0182632778285545,O
přes,ADP,RR--4----------,case,Acc,,,,-0.0131351928491746,O
propasti,NOUN,NNFP4-----A----,obl,Acc,Fem,Plur,,-0.0027694408891267,O
",",PUNCT,Z:-------------,punct,,,,,0.0689355032472977,O
které,DET,P4FP1----------,nsubj,Nom,Fem,Plur,,0.068883139011134,O
se,PRON,P7-X4----------,expl:pv,Acc,,,,0.1249366584400665,O
týkají,VERB,VB-P---3P-AAI--,acl:relcl,,,Plur,,-0.018213462906542,O
nás,PRON,PP-P2--1-------,obl:arg,Gen,,Plur,,0.0870372467891562,O
všech,DET,PLXP2----------,det,Gen,,Plur,,-0.0152557091757648,O
.,PUNCT,Z:-------------,punct,,,,,0.4350183611618146,O
„,PUNCT,Z:-------------,punct,,,,,0.2439986987822276,O
Žádám,VERB,VB-S---1P-AAI--,root,,,Sing,,0.1398277752275476,O
",",PUNCT,Z:-------------,punct,,,,,-0.0395616861000091,O
aby,AUX,Vc-------------,aux,,,,,0.2859177068493795,O
byli,AUX,VpMP----R-AAI--,aux:pass,,Masc,Plur,Anim,-0.2062585927615839,O
Bidenovi,ADJ,AUMP1M---------,amod,Nom,Masc,Plur,Anim,0.2288168389135104,B-ps
voliči,NOUN,NNMP1-----A----,nsubj:pass,Nom,Masc,Plur,Anim,0.1050555044821048,O
odvoláni,ADJ,VsMP----X-APP--,ccomp,,Masc,Plur,Anim,0.193766382331093,O
do,ADP,RR--2----------,case,Gen,,,,-0.1202512698812723,O
Arizony,PROPN,NNFS2-----A----,obl,Gen,Fem,Sing,,0.1857050917120865,B-gc
a,CCONJ,J^-------------,cc,,,,,-0.4352198179307466,O
aby,AUX,Vc-------------,aux,,,,,0.2826717555119208,O
se,PRON,P7-X4----------,expl:pass,Acc,,,,0.1114862631534266,O
uskutečnily,VERB,VpTP----R-AAP--,conj,,"Fem,Masc",Plur,Inan,0.0592541427647686,O
nové,ADJ,AAFP1----1A----,amod,Nom,Fem,Plur,,-0.3274810156265672,O
volby,NOUN,NNFP1-----A----,nsubj:pass,Nom,Fem,Plur,,0.1853917209340519,O
.,PUNCT,Z:-------------,punct,,,,,0.1955426692725348,O
Mladí,ADJ,AAMP1----1A----,amod,Nom,Masc,Plur,Anim,0.3897270241796485,O
lidé,NOUN,NNMP1-----A----,nsubj,Nom,Masc,Plur,Anim,0.0568478977071519,O
do,ADP,RR--2----------,case,Gen,,,,0.0017026144846825,O
značné,ADJ,AAFS2----1A----,amod,Gen,Fem,Sing,,-0.003120739511354,O
míry,NOUN,NNFS2-----A----,obl,Gen,Fem,Sing,,0.0280791495923189,O
stojí,VERB,VB-P---3P-AAI--,root,,,Plur,,-0.0560211119417325,O
v,ADP,RR--6----------,case,Loc,,,,-0.0147237127648436,O
čele,NOUN,NNNS6-----A----,obl,Loc,Neut,Sing,,0.079479113716862,O
protestů,NOUN,NNIP2-----A----,nmod,Gen,Masc,Plur,Inan,0.0330272420888805,O
",",PUNCT,Z:-------------,punct,,,,,0.1089987579168024,O
které,DET,P4IP1----------,nsubj,Nom,Masc,Plur,Inan,-0.1310807043870479,O
začaly,VERB,VpTP----R-AAP--,acl:relcl,,"Fem,Masc",Plur,Inan,0.0695196555827348,O
v,ADP,RR--6----------,case,Loc,,,,-0.0690687280926158,O
červnu,NOUN,NNIS6-----A----,obl,Loc,Masc,Sing,Inan,-0.0112630341473903,B-tm
kvůli,ADP,RR--3----------,case,Dat,,,,-0.0230596356131609,O
návrhu,NOUN,NNIS3-----A----,obl,Dat,Masc,Sing,Inan,0.0605062973747966,O
zákona,NOUN,NNIS2-----A----,nmod,Gen,Masc,Sing,Inan,-0.1036045824198284,O
o,ADP,RR--6----------,case,Loc,,,,-0.0802926489911216,O
vydávání,NOUN,NNNS6-----A----,nmod,Loc,Neut,Sing,,0.0391131105058098,O
",",PUNCT,Z:-------------,punct,,,,,0.2009205348636082,O
jehož,PRON,P4ZS2----------,nmod,Gen,"Masc,Neut",Sing,,-0.04030305361268,O
stažení,NOUN,NNNS4-----A----,obj,Acc,Neut,Sing,,0.1253445098466025,O
nyní,ADV,Db-------------,advmod,,,,,-0.0265392874734572,O
vláda,NOUN,NNFS1-----A----,nsubj,Nom,Fem,Sing,,0.0575033663073781,O
odsouhlasila,VERB,VpQW----R-AAP--,acl:relcl,,"Fem,Neut","Plur,Sing",,0.0764268523670715,O
.,PUNCT,Z:-------------,punct,,,,,0.1206800245722499,O
Hnutí,NOUN,NNNS1-----A----,nsubj,Nom,Neut,Sing,,-0.0358013021021754,O
však,CCONJ,J^-------------,cc,,,,,-0.18118446411873,O
od,ADP,RR--2----------,case,Gen,,,,-0.0283373240817042,O
té,DET,PDFS2----------,det,Gen,Fem,Sing,,-0.1210744308654196,O
doby,NOUN,NNFS2-----A----,obl,Gen,Fem,Sing,,-0.0659593768686542,O
přitáhlo,VERB,VpNS----R-AAP--,root,,Neut,Sing,,0.0039388803790915,O
širší,ADJ,AAFS4----2A----,amod,Acc,Fem,Sing,,-0.0255206404376864,O
účast,NOUN,NNFS4-----A----,obj,Acc,Fem,Sing,,-0.0273085779475912,O
",",PUNCT,Z:-------------,punct,,,,,0.0809496298079055,O
když,SCONJ,"J,-------------",mark,,,,,-0.0542117503627648,O
se,PRON,P7-X4----------,expl:pv,Acc,,,,-0.0001031185605316,O
přehouplo,VERB,VpNS----R-AAP-1,advcl,,Neut,Sing,,-0.0062822870573029,O
do,ADP,RR--2----------,case,Gen,,,,0.0033853763669918,O
širší,ADJ,AAFS2----2A----,amod,Gen,Fem,Sing,,0.0282889715941085,O
protičínské,ADJ,AAFS2----1A----,amod,Gen,Fem,Sing,,0.0535688057203659,O
kampaně,NOUN,NNFS2-----A----,obl,Gen,Fem,Sing,,0.0185186456284174,O
proti,ADP,RR--3----------,case,Dat,,,,-0.0166894582585113,O
tomu,DET,PDZS3----------,det,Dat,"Masc,Neut",Sing,,0.116229684150465,O
",",PUNCT,Z:-------------,punct,,,,,0.2199963404352371,O
co,PRON,PQ--4----------,obj,Acc,,,Inan,0.0470958438110157,O
podle,ADP,RR--2----------,case,Gen,,,,0.0312253339607477,O
protestujících,ADJ,AGMP2-----A----,obl,Gen,Masc,Plur,Anim,0.1269499073526088,O
představuje,VERB,VB-S---3P-AAI--,acl:relcl,,,Sing,,-0.0815976090605478,O
plíživé,ADJ,AANS1----1A----,amod,Nom,Neut,Sing,,0.0951764602026094,O
vniknutí,NOUN,NNNS1-----A----,nsubj,Nom,Neut,Sing,,0.0569716667620851,O
Pekingu,PROPN,NNIS2-----A----,nmod,Gen,Masc,Sing,Inan,0.0079085754331934,B-gu
do,ADP,RR--2----------,case,Gen,,,,-0.0059411972956447,O
autonomie,NOUN,NNFS2-----A----,nmod,Gen,Fem,Sing,,-0.0475064601197096,O
Hongkongu,PROPN,NNIS2-----A----,nmod,Gen,Masc,Sing,Inan,0.0459760883883058,B-gc
slíbené,ADJ,AAFS2----1A----,amod,Gen,Fem,Sing,,-0.0258524886569735,O
",",PUNCT,Z:-------------,punct,,,,,0.0450274731463253,O
když,SCONJ,"J,-------------",mark,,,,,0.0252732327368697,O
se,PRON,P7-X4----------,expl:pv,Acc,,,,0.0517604884982735,O
bývalá,ADJ,AAFS1----1A----,amod,Nom,Fem,Sing,,-0.0197518715011479,O
britská,ADJ,AAFS1----1A----,amod,Nom,Fem,Sing,,0.035412791485033,O
kolonie,NOUN,NNFS1-----A----,nsubj,Nom,Fem,Sing,,-0.0567189718942042,O
v,ADP,RR--6----------,case,Loc,,,,0.0239839433763616,O
roce,NOUN,NNIS6-----A---1,obl,Loc,Masc,Sing,Inan,-0.0178595060419695,O
1997,NUM,C=-------------,nummod,,,,,0.0475136116233029,B-ty
vrátila,VERB,VpQW----R-AAP--,advcl,,"Fem,Neut","Plur,Sing",,0.0255909033973187,O
k,ADP,RR--3----------,case,Dat,,,,0.012437556617008,O
čínské,ADJ,AAFS3----1A----,amod,Dat,Fem,Sing,,0.0460972877162044,O
nadvládě,NOUN,NNFS3-----A----,obl,Dat,Fem,Sing,,-0.0278529689339159,O
.,PUNCT,Z:-------------,punct,,,,,0.3213486878941131,O
ALE,CCONJ,J^-------------,cc,,,,,0.0254414800774545,O
kdyby,AUX,Vc-------------,aux,,,,,0.0256030651311968,O
byli,AUX,VpMP----R-AAI--,root,,Masc,Plur,Anim,0.1781658030091599,O
jako,SCONJ,"J,-------------",mark,,,,,-0.0053144669386713,O
Pokračujte,VERB,Vi-P---2--A-I--,advcl,,,Plur,,0.3296790548036649,O
v,ADP,RR--6----------,case,Loc,,,,-0.6933733804004397,O
práci,NOUN,NNFS6-----A----,obl:arg,Loc,Fem,Sing,,-0.3558751860199043,O
!,PUNCT,Z:-------------,punct,,,,,-0.4211461109071706,O
“,PUNCT,Z:-------------,punct,,,,,0.0575536277728442,O
Tento,DET,PDYS1----------,det,Nom,Masc,Sing,,-0.3161953677970104,O
rozdíl,NOUN,NNIS1-----A----,nsubj,Nom,Masc,Sing,Inan,0.0443465744593211,O
",",PUNCT,Z:-------------,punct,,,,,0.187907791595304,O
který,DET,P4YS1----------,nsubj,Nom,Masc,Sing,,-0.0923346254920147,O
v,ADP,RR--6----------,case,Loc,,,,-0.0055633306630808,O
minulosti,NOUN,NNFS6-----A----,obl,Loc,Fem,Sing,,-0.0172678805733407,O
způsobil,VERB,VpYS----R-AAP--,acl:relcl,,Masc,Sing,,-0.0835411113197707,O
hostitelské,ADJ,AAFS3----1A----,amod,Dat,Fem,Sing,,0.0252940620077005,O
televizi,NOUN,NNFS3-----A----,obl:arg,Dat,Fem,Sing,,-0.076917245419147,O
Fox,X,F%-------------,nmod,,,,,-0.0121932715949406,B-ms
Cricket,X,F%-------------,flat:foreign,,,,,-0.0387857140694724,I-ms
značné,ADJ,AAFP4----1A----,amod,Acc,Fem,Plur,,-0.0212693225984448,O
starosti,NOUN,NNFP4-----A----,obj,Acc,Fem,Plur,,0.1074764074383364,O
",",PUNCT,Z:-------------,punct,,,,,0.1775432055686901,O
se,PRON,P7-X4----------,expl:pv,Acc,,,,0.132296241730979,O
během,ADP,RR--2----------,case,Gen,,,,-0.0232284936673139,O
testu,NOUN,NNIS2-----A----,obl,Gen,Masc,Sing,Inan,0.0931204677038275,O
Ashes,PROPN,NNIS1-----A----,nmod,Nom,Masc,Sing,Inan,0.1651344217853238,O
ještě,ADV,Db-------------,advmod,,,,,-0.120447530007761,O
zhoršil,VERB,VpYS----R-AAP--,root,,Masc,Sing,,0.0485718157683947,O
",",PUNCT,Z:-------------,punct,,,,,0.2663904981233493,O
protože,SCONJ,"J,-------------",mark,,,,,0.0775927436355107,O
se,PRON,P7-X4----------,expl:pv,Acc,,,,0.1021861233609287,O
výrazně,ADV,Dg-------1A----,advmod,,,,,0.1537206688826568,O
snížil,VERB,VpYS----R-AAP--,advcl,,Masc,Sing,,0.1207809082069815,O
počet,NOUN,NNIS1-----A----,nsubj,Nom,Masc,Sing,Inan,-0.129997957226859,O
produkčních,ADJ,AAMP2----1A----,amod,Gen,Masc,Plur,Anim,0.1855114582276541,O
a,CCONJ,J^-------------,cc,,,,,-0.0380488877965387,O
technických,ADJ,AAMP2----1A----,conj,Gen,Masc,Plur,Anim,-0.0026462666518959,O
pracovníků,NOUN,NNMP2-----A----,nmod,Gen,Masc,Plur,Anim,0.1176835906222423,O
",",PUNCT,Z:-------------,punct,,,,,0.1692890299602296,O
kteří,DET,P4MP1----------,nsubj,Nom,Masc,Plur,Anim,0.0650435021331872,O
byli,AUX,VpMP----R-AAI--,cop,,Masc,Plur,Anim,-0.1291663528832498,O
schopni,ADJ,ACMP------A----,acl:relcl,,Masc,Plur,Anim,0.1379457196425601,O
sledovat,VERB,Vf--------A-I--,xcomp,,,,,0.1337873809495513,O
nespočet,NOUN,NNIS4-----A----,obj,Acc,Masc,Sing,Inan,0.0142955986589694,O
metaforických,ADJ,AAIP2----1A----,amod,Gen,Masc,Plur,Inan,0.0264430731111444,O
míčků,NOUN,NNIP2-----A----,nmod,Gen,Masc,Plur,Inan,-0.0065225459035637,O
",",PUNCT,Z:-------------,punct,,,,,0.1950069726314321,O
které,DET,P4IP1----------,nsubj,Nom,Masc,Plur,Inan,0.0746150141803893,O
se,PRON,P7-X4----------,expl:pv,Acc,,,,0.0327466446959998,O
během,ADP,RR--2----------,case,Gen,,,,-0.0100899020753041,O
zápasu,NOUN,NNIS2-----A----,obl,Gen,Masc,Sing,Inan,0.0699770824664135,O
držely,VERB,VpTP----R-AAI--,acl:relcl,,"Fem,Masc",Plur,Inan,-0.0524112331834921,O
ve,ADP,RV--6----------,case,Loc,,,,-0.0700615928289141,O
vzduchu,NOUN,NNIS6-----A----,obl,Loc,Masc,Sing,Inan,0.0012060908572592,O
.,PUNCT,Z:-------------,punct,,,,,0.5142199855659442,O
Zákazník,NOUN,NNMS1-----A----,nsubj,Nom,Masc,Sing,Anim,0.1233108949628664,O
se,PRON,P7-X4----------,expl:pv,Acc,,,,0.0570701367959349,O
na,ADP,RR--4----------,case,Acc,,,,0.0051257392713586,O
mě,PRON,PH-S4--1-------,obl:arg,Acc,,Sing,,0.3349318744535805,O
zlobí,VERB,VB-S---3P-AAI--,root,,,Sing,,-0.1628219118942973,O
",",PUNCT,Z:-------------,punct,,,,,0.609389579205785,O
protože,SCONJ,"J,-------------",mark,,,,,0.1979428555159567,O
jsem,AUX,VB-S---1P-AAI--,aux,,,Sing,,0.3313756173771702,O
nevěděla,VERB,VpQW----R-NAI--,advcl,,"Fem,Neut","Plur,Sing",,0.0083458208447071,O
",",PUNCT,Z:-------------,punct,,,,,0.0936495424033578,O
že,SCONJ,"J,-------------",mark,,,,,-0.4336386456419561,O
potřebuje,VERB,VB-S---3P-AAI--,ccomp,,,Sing,,-0.0285659160071508,O
pomoc,NOUN,NNFS4-----A----,obj,Acc,Fem,Sing,,4.448461451456071,O
V,ADP,RR--6----------,case,Loc,,,,0.1887801187865678,O
mnoha,DET,Ca--6----------,det:nummod,Loc,,,,0.1825731549261632,O
oblastech,NOUN,NNFP6-----A----,obl,Loc,Fem,Plur,,-0.0862989622192915,O
země,NOUN,NNFS2-----A----,nmod,Gen,Fem,Sing,,-0.0155185661142587,O
stále,ADV,Dg-------1A----,advmod,,,,,-0.0265900747189063,O
ještě,ADV,Db-------------,advmod,,,,,-0.0135049051187529,O
nebývale,ADV,Dg-------1A----,advmod,,,,,-0.0401802731547721,O
prší,VERB,VB-S---3P-AAI--,root,,,Sing,,-0.0243237209869462,O
",",PUNCT,Z:-------------,punct,,,,,0.1609278884079916,O
poslední,ADJ,AANS1----1A----,conj,Nom,Neut,Sing,,-0.1365633892998683,O
je,AUX,VB-S---3P-AAI--,cop,,,Sing,,-0.2196289585803032,O
město,NOUN,NNNS1-----A----,nsubj,Nom,Neut,Sing,,-0.0303956643182387,O
Pune,PROPN,NNNXX-----A----,nmod,,Neut,,,0.0142462204527498,B-gu
v,ADP,RR--6----------,case,Loc,,,,-0.0921480015579028,O
západní,ADJ,AAFS6----1A----,amod,Loc,Fem,Sing,,-0.0758302313659346,O
Indii,PROPN,NNFS6-----A----,nmod,Loc,Fem,Sing,,-0.0268002690243812,B-gc
",",PUNCT,Z:-------------,punct,,,,,0.2562739958790539,O
kde,ADV,Db-------------,advmod,,,,,0.0783600498958168,O
přívalový,ADJ,AAIS1----1A----,amod,Nom,Masc,Sing,Inan,-0.0069242507399609,O
déšť,NOUN,NNIS1-----A----,nsubj,Nom,Masc,Sing,Inan,-0.0208519470024735,O
ve,ADP,RV--4----------,case,Acc,,,,0.0462675929277338,O
středu,NOUN,NNFS4-----A----,obl,Acc,Fem,Sing,,-0.033307461413851,O
a,CCONJ,J^-------------,cc,,,,,-0.0043050347906213,O
ve,ADP,RV--4----------,case,Acc,,,,-0.0213764848907838,O
čtvrtek,NOUN,NNIS4-----A----,conj,Acc,Masc,Sing,Inan,-0.05199514000811,O
způsobil,VERB,VpYS----R-AAP--,acl:relcl,,Masc,Sing,,-0.0227988925129564,O
několik,DET,Ca--4----------,det:numgov,Acc,,,,0.0537264915448606,O
úmrtí,NOUN,NNNP2-----A----,obj,Gen,Neut,Plur,,-0.0425630256927125,O
a,CCONJ,J^-------------,cc,,,,,-0.0976709365146214,O
spoušť,NOUN,NNFS4-----A----,conj,Acc,Fem,Sing,,0.0540882165653605,O
ze,ADP,RV--2----------,case,Gen,,,,0.0615694359919018,O
zřícených,ADJ,AAFP2----1A----,amod,Gen,Fem,Plur,,0.1552011707145263,O
budov,NOUN,NNFP2-----A----,nmod,Gen,Fem,Plur,,-0.0021847739474601,O
.,PUNCT,Z:-------------,punct,,,,,0.0745444357312754,O
Mě,PRON,PH-S4--1-------,root,Acc,,Sing,,-0.5858375186364368,O
:,PUNCT,Z:-------------,punct,,,,,0.0042366901927488,O
Ne,PART,TT-------------,conj,,,,,-0.0819255477662282,O
",",PUNCT,Z:-------------,punct,,,,,0.6923255715066622,O
majitel,NOUN,NNMS1-----A----,nsubj,Nom,Masc,Sing,Anim,0.0221066202879754,O
jel,VERB,VpYS----R-AAI--,conj,,Masc,Sing,,0.0617332924970105,O
včera,ADV,Db-------------,advmod,,,,,-0.0967282413785611,O
.,PUNCT,Z:-------------,punct,,,,,0.072790154288029,O
Fotografie,NOUN,NNFP1-----A----,nsubj:pass,Nom,Fem,Plur,,0.0098352664130048,O
ve,ADP,RV--6----------,case,Loc,,,,-0.1561862942519522,O
formátu,NOUN,NNIS6-----A---1,nmod,Loc,Masc,Sing,Inan,-0.0111513309171736,O
A4,NOUN,Q3-------------,nmod,,,,,0.2269230960826321,O
jsou,AUX,VB-P---3P-AAI--,aux:pass,,,Plur,,0.5493988523717375,O
dodávány,ADJ,VsTP----X-API--,root,,"Fem,Masc",Plur,Inan,-0.0510252855126776,O
s,ADP,RR--7----------,case,Ins,,,,-0.0507698693698035,O
černým,ADJ,AAIS7----1A----,amod,Ins,Masc,Sing,Inan,-0.0057267450688266,O
dřevěným,ADJ,AAIS7----1A----,amod,Ins,Masc,Sing,Inan,-0.0473148107303779,O
rámečkem,NOUN,NNIS7-----A----,obl,Ins,Masc,Sing,Inan,-0.0333148924894365,O
se,ADP,RV--7----------,case,Ins,,,,-0.0014546429555419,O
skleněným,ADJ,AANS7----1A----,amod,Ins,Neut,Sing,,0.0350671888973305,O
průčelím,NOUN,NNNS7-----A----,nmod,Ins,Neut,Sing,,0.007034042857983,O
.,PUNCT,Z:-------------,punct,,,,,-0.5540488378837183,O
Pokud,SCONJ,"J,-------------",mark,,,,,-0.6245229527473778,O
z,ADP,RR--2----------,case,Gen,,,,0.0472567653941559,O
nějakého,DET,PZZS2----------,det,Gen,"Masc,Neut",Sing,,0.0634089007236708,O
důvodu,NOUN,NNIS2-----A----,obl,Gen,Masc,Sing,Inan,-0.0170862665993073,O
nejste,AUX,VB-P---2P-NAI--,cop,,,Plur,,-0.0064320546367396,O
spokojeni,ADJ,ACMP------A----,advcl,,Masc,Plur,Anim,-0.0329970665122038,O
s,ADP,RR--7----------,case,Ins,,,,0.0871977619062697,O
nákupem,NOUN,NNIS7-----A----,obl:arg,Ins,Masc,Sing,Inan,0.0251523966989511,O
",",PUNCT,Z:-------------,punct,,,,,0.1094102303309053,O
kontaktujte,VERB,Vi-P---2--A-I--,root,,,Plur,,-0.0158036450871547,O
nás,PRON,PP-P4--1-------,obj,Acc,,Plur,,0.0323214574186555,O
nejprve,ADV,Db-------------,advmod,,,,,-0.0605466592825068,O
",",PUNCT,Z:-------------,punct,,,,,0.1811321957301802,O
než,SCONJ,"J,-------------",mark,,,,,0.2502427238065661,O
opustíte,VERB,VB-P---2P-AAP--,advcl,,,Plur,,0.1131748489003181,O
negativní,ADJ,AAFS4----1A----,amod,Acc,Fem,Sing,,0.055002250055601,O
/,PUNCT,Z:-------------,punct,,,,,0.2725395313486593,O
neutrální,ADJ,AAFS4----1A----,conj,Acc,Fem,Sing,,-0.0150080065944121,O
zpětnou,ADJ,AAFS4----1A----,amod,Acc,Fem,Sing,,-0.0320911922276684,O
vazbu,NOUN,NNFS4-----A----,obj,Acc,Fem,Sing,,-0.0340344921749681,O
",",PUNCT,Z:-------------,punct,,,,,0.1453736741629118,O
abychom,AUX,Vc-P---1-------,aux,,,Plur,,0.0300853419544421,O
mohli,VERB,VpMP----R-AAI--,advcl,,Masc,Plur,Anim,0.0209694160446293,O
věci,NOUN,NNFP4-----A----,obj,Acc,Fem,Plur,,0.0630978178149006,O
napravit,VERB,Vf--------A-P--,xcomp,,,,,-0.0793592519412774,O
!,PUNCT,Z:-------------,punct,,,,,0.2205216281305316,O
Priti,PROPN,NNMS1-----A----,nsubj,Nom,Masc,Sing,Anim,0.1715962953700613,B-P|B-pf
Patel,PROPN,NNMS1-----A----,flat,Nom,Masc,Sing,Anim,0.2096244349723391,I-P|B-ps
požadoval,VERB,VpYS----R-AAI--,root,,Masc,Sing,,-0.0223985603811589,O
vysvětlení,NOUN,NNNS4-----A----,obj,Acc,Neut,Sing,,0.2370714024254727,O
od,ADP,RR--2----------,case,Gen,,,,-0.1100613916188059,O
Twitteru,PROPN,NNIS2-----A----,nmod,Gen,Masc,Sing,Inan,-0.0130127997566546,B-mn
a,CCONJ,J^-------------,cc,,,,,-0.2114498404454913,O
Instagramu,PROPN,NNIS2-----A----,conj,Gen,Masc,Sing,Inan,0.0652973393750884,B-ms
po,ADP,RR--4----------,case,Acc,,,,-0.2112476654038414,O
dobu,NOUN,NNFS4-----A----,obl,Acc,Fem,Sing,,0.0171037680497911,O
potřebnou,ADJ,AAFS4----1A----,amod,Acc,Fem,Sing,,0.200386415881814,O
k,ADP,RR--3----------,case,Dat,,,,0.0615313336056419,O
odstranění,NOUN,NNNS3-----A----,obl,Dat,Neut,Sing,,0.1187724912517122,O
odporných“,ADJ,AAIP2----1A----,amod,Gen,Masc,Plur,Inan,0.1086971191628251,O
příspěvků,NOUN,NNIP2-----A----,nmod,Gen,Masc,Plur,Inan,-0.0908415552032151,O
provedených,ADJ,AAIP2----1A----,amod,Gen,Masc,Plur,Inan,0.1363292535421085,O
Wiley,PROPN,NNMXX-----A----,obj,Nom,Masc,Sing,Anim,-0.1168709012679018,O
.,PUNCT,Z:-------------,punct,,,,,0.5781430824213429,O
Nutraceutika,NOUN,NNNP1-----A----,nsubj,Nom,Neut,Plur,,0.2283765596218874,O
jsou,AUX,VB-P---3P-AAI--,cop,,,Plur,,-0.0073390300956936,O
nutriční,ADJ,AAFP1----1A----,amod,Nom,Fem,Plur,,-0.1266991813216316,O
látky,NOUN,NNFP1-----A----,root,Nom,Fem,Plur,,-0.1277326404848589,O
",",PUNCT,Z:-------------,punct,,,,,0.3998582115763971,O
které,DET,P4FP1----------,nsubj,Nom,Fem,Plur,,0.2679161517950666,O
poskytují,VERB,VB-P---3P-AAI--,acl:relcl,,,Plur,,0.3571058109852037,O
další,ADJ,AAIP4----1A----,amod,Acc,Masc,Plur,Inan,0.0371436071214081,O
zdravotní,ADJ,AAIP4----1A----,amod,Acc,Masc,Plur,Inan,-0.0559256070229558,O
přínosy,NOUN,NNIP4-----A----,obj,Acc,Masc,Plur,Inan,-0.0750001688739887,O
.,PUNCT,Z:-------------,punct,,,,,-0.2323173402331582,O
Mezitím,ADV,Db-------------,advmod,,,,,0.0377963686871434,O
je,AUX,VB-S---3P-AAI--,aux:pass,,,Sing,,-0.1572684586465216,O
proces,NOUN,NNIS1-----A----,nsubj:pass,Nom,Masc,Sing,Inan,0.1552594473564585,O
v,ADP,RR--6----------,case,Loc,,,,-0.1368189913610889,O
demoličním,ADJ,AAIS6----1A----,amod,Loc,Masc,Sing,Inan,0.2305139543147066,O
soudním,ADJ,AAIS6----1A----,amod,Loc,Masc,Sing,Inan,-0.0084124537818358,O
procesu,NOUN,NNIS6-----A---1,nmod,Loc,Masc,Sing,Inan,-0.0868179766136743,O
nadále,ADV,Db-------------,advmod,,,,,-0.0560323071794712,O
projednáván,ADJ,VsYS----X-API--,root,,Masc,Sing,,0.0757919354801542,O
zvláštním,ADJ,AAIS7----1A----,amod,Ins,Masc,Sing,Inan,-0.2680439235464674,O
soudem,NOUN,NNIS7-----A----,obl:arg,Ins,Masc,Sing,Inan,0.3051759194268879,O
.,PUNCT,Z:-------------,punct,,,,,0.4251760815945529,O
Demokraté,NOUN,NNMP1-----A----,nsubj,Nom,Masc,Plur,Anim,-0.1335046759511429,O
se,PRON,P7-X4----------,expl:pv,Acc,,,,0.0386135424325814,O
o,ADP,RR--6----------,case,Loc,,,,-0.0704406219188074,O
svých,DET,P8XP6----------,det,Loc,,Plur,,-0.0489153021356687,O
krocích,NOUN,NNIP6-----A----,obl:arg,Loc,Masc,Plur,Inan,0.0104386592618753,O
k,ADP,RR--3----------,case,Dat,,,,-0.0129130666555864,O
impeachmentu,NOUN,NNIS3-----A----,nmod,Dat,Masc,Sing,Inan,0.0663765031418488,O
brzy,ADV,Dg-------1A----,advmod,,,,,0.0218153066779653,O
dozvědí,VERB,VB-P---3P-AAP--,root,,,Plur,,-0.0048733525247779,O
od,ADP,RR--2----------,case,Gen,,,,0.0445569959310543,O
voličů,NOUN,NNMP2-----A----,obl:arg,Gen,Masc,Plur,Anim,0.0514023010990935,O
",",PUNCT,Z:-------------,punct,,,,,-0.323845345286485,O
poslanci,NOUN,NNMP1-----A----,nsubj,Nom,Masc,Plur,Anim,0.0277892989076314,O
se,PRON,P7-X4----------,expl:pv,Acc,,,,0.1039595750029754,O
mají,VERB,VB-P---3P-AAI--,conj,,,Plur,,-0.0400863771756246,O
na,ADP,RR--6----------,case,Loc,,,,-0.0007765017424354,O
začátku,NOUN,NNIS6-----A----,obl,Loc,Masc,Sing,Inan,0.0082789436098516,O
října,NOUN,NNIS2-----A----,nmod,Gen,Masc,Sing,Inan,0.0312417088457273,O
vrátit,VERB,Vf--------A-P--,xcomp,,,,,-0.0384254265069875,O
do,ADP,RR--2----------,case,Gen,,,,-0.0306134508628403,O
svých,DET,P8XP2----------,det,Gen,,Plur,,-0.0967323506648464,O
obvodů,NOUN,NNIP2-----A----,obl,Gen,Masc,Plur,Inan,0.0316333260261766,O
na,ADP,RR--4----------,case,Acc,,,,0.0891587859862854,O
dvoutýdenní,ADJ,AAFS4----1A----,amod,Acc,Fem,Sing,,0.1316993103105632,O
přestávku,NOUN,NNFS4-----A----,obl,Acc,Fem,Sing,,0.0081551345456362,O
.,PUNCT,Z:-------------,punct,,,,,0.0573406168825449,O
Bude,AUX,VB-S---3F-AAI--,root,,,Sing,,0.1001762301337281,O
to,DET,PDNS1----------,nsubj,Nom,Neut,Sing,,-0.0352105626829689,O
poprvé,ADV,Db-------------,advmod,,,,,0.1381715204181705,O
",",PUNCT,Z:-------------,punct,,,,,0.0557876936160881,O
co,SCONJ,"J,-------------",mark,,,,,0.2558272467206656,O
se,PRON,P7-X4----------,expl:pv,Acc,,,,0.1322381678942201,O
části,NOUN,NNFS3-----A----,obl:arg,Dat,Fem,Sing,,-0.0070033607572094,O
poslanců,NOUN,NNMP2-----A----,nmod,Gen,Masc,Plur,Anim,0.0410952635107905,O
z,ADP,RR--2----------,case,Gen,,,,0.0689672085632075,O
konzervativnějších,ADJ,AAIP2----2A----,amod,Gen,Masc,Plur,Inan,0.0213705240891905,O
okrsků,NOUN,NNIP2-----A----,nmod,Gen,Masc,Plur,Inan,0.0177416991483693,O
dostane,VERB,VB-S---3P-AAP--,advcl,,,Sing,,0.0661816454543886,O
jasné,ADJ,AAFS2----1A----,amod,Gen,Fem,Sing,,-0.0732269451905043,O
osobní,ADJ,AAFS2----1A----,amod,Gen,Fem,Sing,,0.0187428706639834,O
zpětné,ADJ,AAFS2----1A----,amod,Gen,Fem,Sing,,0.0811537014213577,O
vazby,NOUN,NNFS2-----A----,obl:arg,Gen,Fem,Sing,,0.0927534943472004,O
–,PUNCT,Z:-------------,punct,,,,,-0.271885244587789,O
nebo,CCONJ,J^-------------,cc,,,,,0.1026543317251816,O
v,ADP,RR--6----------,case,Loc,,,,0.0086127831902034,O
některých,DET,PZXP6----------,det,Loc,,Plur,,0.0530441014170068,O
případech,NOUN,NNIP6-----A----,conj,Loc,Masc,Plur,Inan,-0.0306590479073015,O
zpětné,ADJ,AAFS2----1A----,amod,Gen,Fem,Sing,,0.1217598467125518,O
vazby,NOUN,NNFS2-----A----,orphan,Gen,Fem,Sing,,0.1881636032515379,O
–,PUNCT,Z:-------------,punct,,,,,-0.2453585898048153,O
od,ADP,RR--2----------,case,Gen,,,,0.1061832934901446,O
lidí,NOUN,NNMP2-----A----,obl:arg,Gen,Masc,Plur,Anim,0.04689033254593,O
",",PUNCT,Z:-------------,punct,,,,,0.1433479822450435,O
které,DET,P4YP4----------,obj,Acc,Masc,Plur,,0.0296472903819455,O
zastupují,VERB,VB-P---3P-AAI--,acl:relcl,,,Plur,,0.0676035228923744,O
",",PUNCT,Z:-------------,punct,,,,,-0.0354127633294592,O
od,ADP,RR--2----------,case,Gen,,,,0.0966095446665862,O
té,DET,PDFS2----------,det,Gen,Fem,Sing,,0.0683354987078516,O
doby,NOUN,NNFS2-----A----,obl,Gen,Fem,Sing,,-0.0249806971453456,O
",",PUNCT,Z:-------------,punct,,,,,-0.0138817097552882,O
co,SCONJ,"J,-------------",mark,,,,,0.2517662935793187,O
se,PRON,P7-X4----------,expl:pv,Acc,,,,0.0587243356420369,O
tento,DET,PDIS4----------,det,Acc,Masc,Sing,Inan,-0.0401035391015852,O
týden,NOUN,NNIS4-----A----,obl,Acc,Masc,Sing,Inan,-0.0143732985664871,O
připojili,VERB,VpMP----R-AAP--,acl,,Masc,Plur,Anim,0.0438233908853616,O
k,ADP,RR--3----------,case,Dat,,,,-0.0245699416796637,O
výzvám,NOUN,NNFP3-----A----,obl:arg,Dat,Fem,Plur,,0.0464602438673081,O
k,ADP,RR--3----------,case,Dat,,,,-0.0487990364028358,O
zahájení,NOUN,NNNS3-----A----,nmod,Dat,Neut,Sing,,0.0548817062653915,O
řízení,NOUN,NNNS2-----A----,nmod,Gen,Neut,Sing,,0.1177966644001461,O
o,ADP,RR--6----------,case,Loc,,,,-0.0342886510658768,O
obžalobě,NOUN,NNFS6-----A----,nmod,Loc,Fem,Sing,,0.0254877959167397,O
po,ADP,RR--6----------,case,Loc,,,,-0.010853886270758,O
obvinění,NOUN,NNNS6-----A----,nmod,Loc,Neut,Sing,,-0.0139036395393821,O
Ukrajiny,PROPN,NNFS2-----A----,nmod,Gen,Fem,Sing,,-0.0061994857847759,B-gc
.,PUNCT,Z:-------------,punct,,,,,-0.0868603309878324,O
Vyhledání,NOUN,NNNS1-----A----,root,Nom,Neut,Sing,,0.0088738651054222,O
verze,NOUN,NNFS2-----A----,nmod,Gen,Fem,Sing,,0.3392916066892404,O
softwaru,NOUN,NNIS2-----A----,nmod,Gen,Masc,Sing,Inan,0.6670682930533841,O
eReader,NOUN,NNIS1-----A----,nmod,Nom,Masc,Sing,Inan,0.291680645926639,B-op
:,PUNCT,Z:-------------,punct,,,,,0.3374228959408501,O
Úřady,NOUN,NNIP1-----A----,nsubj,Nom,Masc,Plur,Inan,0.0159319400646102,O
vyšetřují,VERB,VB-P---3P-AAI--,root,,,Plur,,0.0188944367473139,O
smrtící,ADJ,AAFS4----1A----,amod,Acc,Fem,Sing,,0.0054461058935777,O
havárii,NOUN,NNFS4-----A----,obj,Acc,Fem,Sing,,0.0047566738606744,O
v,ADP,RR--6----------,case,Loc,,,,-0.0110412487811965,O
Angeles,X,F%-------------,nmod,,,,,0.0656124666989749,B-gl
National,X,F%-------------,flat:foreign,,,,,0.1680457509105082,I-gl
Forest,X,F%-------------,flat:foreign,,,,,-0.6437516390251037,I-gl
",",PUNCT,Z:-------------,punct,,,,,-0.0746054829857431,O
nalezené,ADJ,AANS1----1A----,amod,Nom,Neut,Sing,,-0.0127309603498897,O
tělo,NOUN,NNNS1-----A----,appos,Nom,Neut,Sing,,0.002809917373195,O
Profese,NOUN,NNFS1-----A----,root,Nom,Fem,Sing,,0.2084524764902496,O
–,PUNCT,Z:-------------,punct,,,,,-0.3233057424272941,O
Zúčastněte,VERB,Vi-P---2--A-P--,root,,,Plur,,0.0244824451662208,O
se,PRON,P7-X4----------,expl:pv,Acc,,,,0.0452857070670146,O
a,CCONJ,J^-------------,cc,,,,,-0.0897686385301495,O
rozvíjejte,VERB,Vi-P---2--A-I--,conj,,,Plur,,-0.0081582175796817,O
svou,DET,P8FS4---------1,det,Acc,Fem,Sing,,0.1350876280063035,O
postavu,NOUN,NNFS4-----A----,obj,Acc,Fem,Sing,,0.2044413701224393,O
v,ADP,RR--6----------,case,Loc,,,,-0.181711465740205,O
povolání,NOUN,NNNS6-----A----,obl,Loc,Neut,Sing,,-0.083548890782562,O
",",PUNCT,Z:-------------,punct,,,,,0.0143206565937829,O
které,DET,P4NS1----------,nsubj,Nom,Neut,Sing,,0.0855304897741151,O
vám,PRON,PP-P3--2-------,obl:arg,Dat,,Plur,,-0.1318853977475463,O
může,VERB,VB-S---3P-AAI--,acl:relcl,,,Sing,,0.0147068887517726,O
pomoci,VERB,Vf--------A-P-1,xcomp,,,,,0.0427631605877928,O
při,ADP,RR--6----------,case,Loc,,,,-0.2039778682206252,O
příjmu,NOUN,NNIS6-----A----,obl,Loc,Masc,Sing,Inan,0.0246175593875951,O
.,PUNCT,Z:-------------,punct,,,,,0.281759544709947,O
Zdůrazňuje,VERB,VB-S---3P-AAI--,root,,,Sing,,0.7662988847145744,O
",",PUNCT,Z:-------------,punct,,,,,-0.080469426146213,O
že,SCONJ,"J,-------------",mark,,,,,-0.1296239739197815,O
rozhodnutí,NOUN,NNNS1-----A----,nsubj,Nom,Neut,Sing,,-0.0824675435193281,O
angolské,ADJ,AAFS2----1A----,amod,Gen,Fem,Sing,,0.0023596177898143,O
hlavy,NOUN,NNFS2-----A----,nmod,Gen,Fem,Sing,,-0.0355655764097663,O
státu,NOUN,NNIS2-----A----,nmod,Gen,Masc,Sing,Inan,-0.0444288514019782,O
zohledňuje,VERB,VB-S---3P-AAI--,ccomp,,,Sing,,0.1224900686681626,O
také,ADV,Db-------------,advmod:emph,,,,,-0.0735659417267454,O
demografický,ADJ,AAIS4----1A----,amod,Acc,Masc,Sing,Inan,-0.0615146443871894,O
růst,NOUN,NNIS4-----A----,obj,Acc,Masc,Sing,Inan,-0.0632139195954456,O
země,NOUN,NNFS2-----A----,nmod,Gen,Fem,Sing,,-0.051626517224458,O
",",PUNCT,Z:-------------,punct,,,,,0.0832364201224585,O
který,DET,P4YS1----------,nsubj,Nom,Masc,Sing,,0.0787836044887172,O
motivoval,VERB,VpYS----R-AAB--,acl:relcl,,Masc,Sing,,0.0198158163190176,O
k,ADP,RR--3----------,case,Dat,,,,0.0610346144316783,O
"""",PUNCT,Z:-------------,punct,,,,,0.0713091388236818,O
"""",PUNCT,Z:-------------,punct,,,,,0.1088234813710303,O
obrovské,ADJ,AAFS3----1A----,amod,Dat,Fem,Sing,,0.0979173750221988,O
poptávce,NOUN,NNFS3-----A----,obl:arg,Dat,Fem,Sing,,-0.0153938729814806,O
"""",PUNCT,Z:-------------,punct,,,,,-0.0374746162088713,O
"""",PUNCT,Z:-------------,punct,,,,,0.0109256779957845,O
po,ADP,RR--6----------,case,Loc,,,,-0.0540276817491607,O
kvalitních,ADJ,AAFP6----1A----,amod,Loc,Fem,Plur,,-0.0632348695607609,O
zdravotnických,ADJ,AAFP6----1A----,amod,Loc,Fem,Plur,,-0.0035606387809254,O
službách,NOUN,NNFP6-----A----,nmod,Loc,Fem,Plur,,0.0248439193513846,O
v,ADP,RR--6----------,case,Loc,,,,-0.0209358252466035,O
nejrozmanitějších,ADJ,AAFP6----3A----,amod,Loc,Fem,Plur,,0.0131404861454131,O
specializacích,NOUN,NNFP6-----A----,nmod,Loc,Fem,Plur,,-0.0274621881982726,O
.,PUNCT,Z:-------------,punct,,,,,-0.0336710728420356,O
"""",PUNCT,Z:-------------,punct,,,,,0.2990925186947636,O
Mnoho,DET,Ca--4----------,det:numgov,Acc,,,,-0.1412933009775874,O
respektu,NOUN,NNIS2-----A----,root,Gen,Masc,Sing,Inan,0.6748575417430485,O
.,PUNCT,Z:-------------,punct,,,,,0.5037912766949025,O
Už,ADV,Db-------------,advmod,,,,,0.6333895617804616,O
jste,AUX,VB-P---2P-AAI--,aux,,,Plur,,-0.0315009200383916,O
zkontrolovat,VERB,Vf--------A-P--,root,,,,,0.2426167799642742,O
na,ADP,RR--4----------,case,Acc,,,,0.2211389827191299,O
dosah,NOUN,NNIS4-----A----,obl,Acc,Masc,Sing,Inan,0.3946742338944248,O
ruky,NOUN,NNFS2-----A----,nmod,Gen,Fem,Sing,,0.136777767242427,O
nebo,CCONJ,J^-------------,cc,,,,,0.481942228837161,O
recepce,NOUN,NNFS2-----A----,conj,Gen,Fem,Sing,,0.2269284524359557,O
?,PUNCT,Z:-------------,punct,,,,,-0.0992141778350433,O
Tehdy,ADV,Db-------------,advmod,,,,,-0.1550993351227024,O
byla,AUX,VpQW----R-AAI--,aux:pass,,"Fem,Neut","Plur,Sing",,0.0182010399719583,O
vtažena,ADJ,VsQW----X-APP--,root,,"Fem,Neut","Plur,Sing",,-0.0019364388781105,O
do,ADP,RR--2----------,case,Gen,,,,-0.0118553280048028,O
zapomnění,NOUN,NNNS2-----A----,obl,Gen,Neut,Sing,,0.0942915795797396,O
při,ADP,RR--6----------,case,Loc,,,,0.4478449224118542,O
vzácné,ADJ,AAFS6----1A----,amod,Loc,Fem,Sing,,-0.0007227738027018,O
kosmické,ADJ,AAFS6----1A----,amod,Loc,Fem,Sing,,-0.0022013849128649,O
události,NOUN,NNFS6-----A----,obl,Loc,Fem,Sing,,0.0634026178783304,O
",",PUNCT,Z:-------------,punct,,,,,0.5635006507101905,O
kterou,DET,P4FS4----------,obj,Acc,Fem,Sing,,0.070019325361621,O
astronomové,NOUN,NNMP1-----A----,nsubj,Nom,Masc,Plur,Anim,0.0154252648695469,O
nazývají,VERB,VB-P---3P-AAI--,acl:relcl,,,Plur,,0.0711075146282634,O
přílivová,ADJ,AAFS1----1A----,amod,Nom,Fem,Sing,,0.0680004553431477,O
disruptivní,ADJ,AAFS1----1A----,amod,Nom,Fem,Sing,,0.0905763022557414,O
událost,NOUN,NNFS1-----A----,obj,Nom,Fem,Sing,,-0.1292791105728563,O
.,PUNCT,Z:-------------,punct,,,,,0.405225534914343,O
Tyto,DET,PDFP1----------,det,Nom,Fem,Plur,,-0.0709977235340702,O
vlastnosti,NOUN,NNFP1-----A----,nsubj,Nom,Fem,Plur,,-0.0289044980046505,O
ukazují,VERB,VB-P---3P-AAI--,root,,,Plur,,0.2981690363073402,O
skutečný,ADJ,AAIS4----1A----,amod,Acc,Masc,Sing,Inan,0.0277338199689181,O
původ,NOUN,NNIS4-----A----,obj,Acc,Masc,Sing,Inan,0.001807784829014,O
našich,DET,PSXP2-P1-------,det,Gen,,Plur,,-0.018245216431143,O
kožených,ADJ,AAFP2----1A----,amod,Gen,Fem,Plur,,0.1315815872747385,O
brašen,NOUN,NNFP2-----A----,nmod,Gen,Fem,Plur,,0.0593226892704681,O
a,CCONJ,J^-------------,cc,,,,,0.0298440689743024,O
tašek,NOUN,NNFP2-----A----,conj,Gen,Fem,Plur,,0.0704303925167998,O
",",PUNCT,Z:-------------,punct,,,,,0.2715641831358673,O
tvoří,VERB,VB-P---3P-AAI--,conj,,,Plur,,-0.0259233628847879,O
součást,NOUN,NNFS4-----A----,obj,Acc,Fem,Sing,,0.1106650635987187,O
tašky,NOUN,NNFS2-----A----,nmod,Gen,Fem,Sing,,0.3198264273069895,O
a,CCONJ,J^-------------,cc,,,,,0.0140753145571217,O
neovlivňují,VERB,VB-P---3P-NAI--,conj,,,Plur,,0.2009312926120444,O
její,DET,P9FXXFS3-------,det,,Fem,,,0.0188734159169672,O
trvanlivost,NOUN,NNFS4-----A----,obj,Acc,Fem,Sing,,0.4323020181481311,O
.,PUNCT,Z:-------------,punct,,,,,-0.2427776413263478,O
Skupina,NOUN,NNFS1-----A----,nsubj,Nom,Fem,Sing,,-0.0183380107371741,O
zastupující,ADJ,AGFS1-----A----,amod,Nom,Fem,Sing,,0.2196219919329465,O
rybáře,NOUN,NNMP4-----A----,obj,Acc,Masc,Plur,Anim,0.0557246202727964,O
v,ADP,RR--6----------,case,Loc,,,,0.0049827332244411,O
klíčovém,ADJ,AAIS6----1A----,amod,Loc,Masc,Sing,Inan,0.0434886477169586,O
přístavu,NOUN,NNIS6-----A---1,obl,Loc,Masc,Sing,Inan,0.3658946108520905,O
Boulogne-sur-Mer,PROPN,NNNXX-----A----,nmod,,Neut,,,-0.008737490820211,B-gu
a,CCONJ,J^-------------,cc,,,,,-0.0686289411146544,O
další,ADJ,AAMP4----1A----,conj,Acc,Masc,Plur,Anim,-0.1798256091657601,O
podél,ADP,RR--2----------,case,Gen,,,,0.0560302168763921,O
severního,ADJ,AANS2----1A----,amod,Gen,Neut,Sing,,0.1109691539305706,O
pobřeží,NOUN,NNNS2-----A----,nmod,Gen,Neut,Sing,,0.1493841829942277,O
v,ADP,RR--4----------,case,Acc,,,,-0.1364951122087505,O
sobotu,NOUN,NNFS4-----A----,obl,Acc,Fem,Sing,,-0.0678343653655745,O
pozdě,ADV,Dg-------1A----,advmod,,,,,0.2144053617166671,O
večer,ADV,Db-------------,advmod,,,,,-0.0367125164152248,O
pohrozila,VERB,VpQW----R-AAP--,root,,"Fem,Neut","Plur,Sing",,0.1481972000285824,O
zahájením,NOUN,NNNS7-----A----,obl:arg,Ins,Neut,Sing,,-0.1294530976912485,O
protestů,NOUN,NNIP2-----A----,nmod,Gen,Masc,Plur,Inan,0.1649278373438016,O
.,PUNCT,Z:-------------,punct,,,,,0.131682121685623,O
Také,ADV,Db-------------,advmod,,,,,0.1674343884568223,O
tvrdil,VERB,VpYS----R-AAI--,root,,Masc,Sing,,0.0919433536887491,O
",",PUNCT,Z:-------------,punct,,,,,0.1934423364860856,O
že,SCONJ,"J,-------------",mark,,,,,0.009155233839859,O
Boris,PROPN,NNMS1-----A----,nsubj,Nom,Masc,Sing,Anim,-0.09229528893149,B-P|B-pf
Johnson,PROPN,NNMS1-----A----,flat,Nom,Masc,Sing,Anim,0.0452501323996582,I-P|B-ps
požadoval,VERB,VpYS----R-AAI--,ccomp,,Masc,Sing,,0.0461862687344611,O
",",PUNCT,Z:-------------,punct,,,,,0.2024296999333933,O
aby,AUX,Vc-------------,aux,,,,,-0.0247062774249782,O
byla,AUX,VpQW----R-AAI--,aux:pass,,"Fem,Neut","Plur,Sing",,-0.0285544180402035,O
dána,ADJ,VsQW----X-APP--,ccomp,,"Fem,Neut","Plur,Sing",,0.0298005950258359,O
k,ADP,RR--3----------,case,Dat,,,,-0.0197163980797533,O
dispozici,NOUN,NNFS3-----A----,obl,Dat,Fem,Sing,,0.0017746008740113,O
značná,ADJ,AAFS1----1A----,amod,Nom,Fem,Sing,,0.1307509048626321,O
kapacita“,NOUN,F%-------------,nsubj:pass,Nom,Masc,Sing,Inan,0.0403756960878485,O
pro,ADP,RR--4----------,case,Acc,,,,0.1163903091801352,O
evakuaci,NOUN,NNFS4-----A----,nmod,Acc,Fem,Sing,,0.0847319943969682,O
zvířat,NOUN,NNNP2-----A----,nmod,Gen,Neut,Plur,,-0.0352753639564739,O
z,ADP,RR--2----------,case,Gen,,,,0.0177499547534065,O
útulku,NOUN,NNIS2-----A----,nmod,Gen,Masc,Sing,Inan,0.0563688361501102,O
provozovaného,ADJ,AAIS2----1A----,amod,Gen,Masc,Sing,Inan,0.0048076155106104,O
bývalým,ADJ,AAMS7----1A----,amod,Ins,Masc,Sing,Anim,0.0533703924674663,O
členem,NOUN,NNMS7-----A----,obl:arg,Ins,Masc,Sing,Anim,-0.1114173326398026,O
královské,ADJ,AAFS2----1A----,amod,Gen,Fem,Sing,,0.013063572627532,O
námořní,ADJ,AAFS2----1A----,amod,Gen,Fem,Sing,,0.044696703931293,O
pěchoty,NOUN,NNFS2-----A----,nmod,Gen,Fem,Sing,,0.148283315383925,O
Paulem,PROPN,NNMS7-----A----,flat,Ins,Masc,Sing,Anim,0.0133299629505361,B-P|B-pf
Penem“,PROPN,NNMXX-----A----,flat,,Masc,,Anim,-0.035732509692084,I-P|B-ps
Farthingem,PROPN,NNMS7-----A----,flat,Ins,Masc,Sing,Anim,9.475475927586926,I-P|I-ps
",",PUNCT,Z:-------------,punct,,,,,0.1068004270958124,O
čímž,PRON,PQ--7----------,obl,Ins,,,,0.0076394195697874,O
by,AUX,Vc----------I--,aux,,,,,0.0916060017236596,O
byly,AUX,VpTP----R-AAI--,aux:pass,,"Fem,Masc",Plur,Inan,-0.0067211206339273,O
ohroženy,ADJ,VsTP----X-APP--,conj,,"Fem,Masc",Plur,Inan,0.0207201874565496,O
životy,NOUN,NNIP1-----A----,nsubj:pass,Nom,Masc,Plur,Inan,-0.0129186181474123,O
vojáků,NOUN,NNMP2-----A----,nmod,Gen,Masc,Plur,Anim,-0.0786150646995631,O
",",PUNCT,Z:-------------,punct,,,,,0.1158149703431059,O
kteří,DET,P4MP1----------,nsubj,Nom,Masc,Plur,Anim,0.0901664029462788,O
by,AUX,Vc----------I--,aux,,,,,-0.0059231377290178,O
jim,PRON,PEXP3--3-------,obl:arg,Dat,,Plur,,0.1624237149720508,O
pomohli,VERB,VpMP----R-AAP--,acl:relcl,,Masc,Plur,Anim,0.0676623828023686,O
odletět,VERB,Vf--------A-P--,xcomp,,,,,0.049606227035489,O
v,ADP,RR--6----------,case,Loc,,,,0.0464857694544307,O
soukromě,ADV,Dg-------1A----,advmod,,,,,0.131209319502605,O
financovaném,ADJ,AANS6----1A----,amod,Loc,Neut,Sing,,0.0372921798796066,O
letadle,NOUN,NNNS6-----A----,obl,Loc,Neut,Sing,,0.0249541380521415,O
.,PUNCT,Z:-------------,punct,,,,,0.2855322754858198,O
Vidím,VERB,VB-S---1P-AAI--,root,,,Sing,,-0.0180292372819089,O
tady,ADV,Db-------------,advmod,,,,,-0.0928733229007831,O
",",PUNCT,Z:-------------,punct,,,,,0.0469492340248744,O
že,SCONJ,"J,-------------",mark,,,,,-0.0068783767041937,O
k,ADP,RR--3----------,case,Dat,,,,0.1073416498359968,O
vaší,DET,PSFS6-P2-------,det,Loc,Fem,Sing,,-0.0920037305576624,O
objednávce,NOUN,NNFS3-----A----,obl,Dat,Fem,Sing,,0.0962956484874163,O
zatím,ADV,Db-------------,advmod,,,,,-0.1737680111609144,O
není,AUX,VB-S---3P-NAI--,cop,,,Sing,,-0.0024316137933809,O
přiřazen,ADJ,VsYS----X-APP--,ccomp,,Masc,Sing,,0.3860870020898281,O
žádný,DET,PWYS1----------,det,Nom,Masc,Sing,,-0.6660676497732372,O
jezdec,NOUN,NNMS1-----A----,nsubj,Nom,Masc,Sing,Anim,0.080225542610539,O
.,PUNCT,Z:-------------,punct,,,,,-0.198361472871385,O
Assange,PROPN,NNMS1-----A----,nsubj,Nom,Masc,Sing,Anim,0.2823348094665807,B-ps
podal,VERB,VpYS----R-AAP--,root,,Masc,Sing,,-0.1376936704739982,O
trestní,ADJ,AAFS4----1A----,amod,Acc,Fem,Sing,,-0.0549336637973296,O
stížnost,NOUN,NNFS4-----A----,obj,Acc,Fem,Sing,,0.0317555071556078,O
sám,DET,PLYS1----------,xcomp,Nom,Masc,Sing,,-0.0478859859276839,O
",",PUNCT,Z:-------------,punct,,,,,-0.1317318369926462,O
ve,ADP,RV--6----------,case,Loc,,,,-0.1835992301117562,O
kterém,DET,P4ZS6----------,obl,Loc,"Masc,Neut",Sing,,-0.187443818643381,O
obvinil,VERB,VpYS----R-AAP--,acl:relcl,,Masc,Sing,,0.2624159456441245,O
společnost,NOUN,NNFS4-----A----,obj,Acc,Fem,Sing,,-0.1699890698857668,O
z,ADP,RR--2----------,case,Gen,,,,0.0751908826581009,O
porušení,NOUN,NNNS2-----A----,obl:arg,Gen,Neut,Sing,,-0.0470209398160346,O
jeho,DET,P9XXXZS3-------,det,,,,,0.1102050270811156,O
soukromí,NOUN,NNNS2-----A----,nmod,Gen,Neut,Sing,,0.1448813855150555,O
a,CCONJ,J^-------------,cc,,,,,-0.1318371800034553,O
utajení,NOUN,NNNS2-----A----,conj,Gen,Neut,Sing,,0.0887502591111484,O
svých,DET,P8XP2----------,det,Gen,,Plur,,-0.1157121444497924,O
klientských,ADJ,AANP2----1A----,amod,Gen,Neut,Plur,,-0.0026474724066755,O
práv,NOUN,NNNP2-----A----,nmod,Gen,Neut,Plur,,0.0891728493603157,O
.,PUNCT,Z:-------------,punct,,,,,0.4782336595009437,O
Rozhovor,NOUN,NNIS1-----A----,nsubj:pass,Nom,Masc,Sing,Inan,0.3510257610385134,B-oa
s,ADP,RR--7----------,case,Ins,,,,0.0199299398192473,I-oa
upírem,NOUN,NNMS7-----A----,nmod,Ins,Masc,Sing,Anim,0.0049977807235378,I-oa
byl,AUX,VpYS----R-AAI--,aux:pass,,Masc,Sing,,0.0056085210735301,O
v,ADP,RR--6----------,case,Loc,,,,0.0421321558975695,O
roce,NOUN,NNIS6-----A---1,obl,Loc,Masc,Sing,Inan,-0.0633916450721332,O
1994,NUM,C=-------------,nummod,,,,,0.1029055004212512,B-ty
úspěšně,ADV,Dg-------1A----,advmod,,,,,0.0286771752060274,O
zfilmován,ADJ,VsYS----X-APP--,root,,Masc,Sing,,0.0362953696055577,O
a,CCONJ,J^-------------,cc,,,,,-0.0551146315314062,O
pomohl,VERB,VpYS----R-AAP--,conj,,Masc,Sing,,-0.0280476965103227,O
znovu,ADV,Db-------------,advmod,,,,,0.0080691122905998,O
zažehnout,VERB,Vf--------A-P--,xcomp,,,,,0.0669494164487529,O
zájem,NOUN,NNIS4-----A----,obj,Acc,Masc,Sing,Inan,-0.0178959878228173,O
o,ADP,RR--4----------,case,Acc,,,,0.0404689644210626,O
upírský,ADJ,AAIS4----1A----,amod,Acc,Masc,Sing,Inan,0.0599273434393602,O
žánr,NOUN,NNIS4-----A----,nmod,Acc,Masc,Sing,Inan,-0.0301867242705645,O
",",PUNCT,Z:-------------,punct,,,,,0.1237734583664942,O
který,DET,P4YS1----------,nsubj,Nom,Masc,Sing,,-0.2801431743254287,O
pokračoval,VERB,VpYS----R-AAI--,acl:relcl,,Masc,Sing,,-0.0011697035703169,O
televizním,ADJ,AAIS7----1A----,amod,Ins,Masc,Sing,Inan,-0.0082334586280749,O
seriálem,NOUN,NNIS7-----A----,obl,Ins,Masc,Sing,Inan,0.0215826414631326,O
"""",PUNCT,Z:-------------,punct,,,,,0.0747532670858699,O
"""",PUNCT,Z:-------------,punct,,,,,0.0888981346805622,O
Upíří,ADJ,AAIP1----1A----,amod,Nom,Masc,Plur,Inan,0.2068125049247786,B-oa
deníky,NOUN,NNIP1-----A----,nmod,Nom,Masc,Plur,Inan,-0.0408578079455194,I-oa
"""",PUNCT,Z:-------------,punct,,,,,0.1098064926330332,O
"""",PUNCT,Z:-------------,punct,,,,,0.0529305865101821,O
a,CCONJ,J^-------------,cc,,,,,-0.0706295668366939,O
filmovou,ADJ,AAFS7----1A----,amod,Ins,Fem,Sing,,-0.0031200805291177,O
sérií,NOUN,NNFS7-----A----,conj,Ins,Fem,Sing,,0.019664028685287,O
"""",PUNCT,Z:-------------,punct,,,,,-0.0741807411174488,O
"""",PUNCT,Z:-------------,punct,,,,,-0.0620789020240899,O
Twilight,X,F%-------------,nmod,,,,,0.0008473482052135,B-oa
"""",PUNCT,Z:-------------,punct,,,,,-0.0520618146221907,O
"""",PUNCT,Z:-------------,punct,,,,,-0.0323388916606954,O
.,PUNCT,Z:-------------,punct,,,,,0.188823238443449,O
"""",PUNCT,Z:-------------,punct,,,,,0.2716496064096576,O
Žena,NOUN,NNFS1-----A----,root,Nom,Fem,Sing,,0.0550944252622381,O
stripy,NOUN,NNIP7-----A----,nmod,Nom,Masc,Plur,Inan,0.0891176857100159,O
na,ADP,RR--4----------,case,Acc,,,,-0.010041335929839,O
nic,PRON,PY--4----------,nmod,Acc,,,,0.0624349319734326,O
ve,ADP,RV--6----------,case,Loc,,,,-0.007388107589252,O
Walmartu,PROPN,NNIS6-----A----,nmod,Loc,Masc,Sing,Inan,0.1013114424509942,B-gu
dokázat,VERB,Vf--------A-P--,acl,,,,,0.0524079426855261,O
",",PUNCT,Z:-------------,punct,,,,,0.1257400231735763,O
že,SCONJ,"J,-------------",mark,,,,,-0.1439095258545167,O
neukradla,VERB,VpQW----R-NAP-1,ccomp,,"Fem,Neut","Plur,Sing",,0.0806282426792847,O
Chtěl,VERB,VpYS----R-AAI--,root,,Masc,Sing,,0.0899413655694826,O
bych,AUX,Vc----------Ic-,aux,,,Sing,,-0.0479550843961243,O
poděkovat,VERB,Vf--------A-P--,xcomp,,,,,0.0383912925593669,O
a,CCONJ,J^-------------,cc,,,,,-0.4812206278309095,O
srdečně,ADV,Dg-------1A----,advmod,,,,,0.1950380213846515,O
pogratulovat,VERB,Vf--------A-P--,conj,,,,,0.0252128191072347,O
Scottovi,PROPN,NNMS3-----A----,obl:arg,Dat,Masc,Sing,Anim,0.0753472305800147,B-ps
",",PUNCT,Z:-------------,punct,,,,,0.0290674177997909,O
Chesterovi,PROPN,NNMS3-----A----,conj,Dat,Masc,Sing,Anim,0.0379757251843916,B-ps
a,CCONJ,J^-------------,cc,,,,,-0.1977629111889394,O
Lole,PROPN,NNFS3-----A----,conj,Dat,Fem,Sing,,0.0177421798533805,B-pf
k,ADP,RR--3----------,case,Dat,,,,-0.0630520882722509,O
tomuto,DET,PDZS3----------,det,Dat,"Masc,Neut",Sing,,-0.1008956091380146,O
fantastickému,ADJ,AAIS3----1A----,amod,Dat,Masc,Sing,Inan,0.1650393371848091,O
úspěchu,NOUN,NNIS3-----A----,obl,Dat,Masc,Sing,Inan,0.0039100143447355,O
i,CCONJ,J^-------------,cc,,,,,0.0719179878498459,O
dalším,ADJ,AAMP3----1A----,amod,Dat,Masc,Plur,Anim,-0.030278364361451,O
reprezentantům,NOUN,NNMP3-----A----,conj,Dat,Masc,Plur,Anim,-0.0383417350255236,O
Univerzity,NOUN,NNFS2-----A----,nmod,Gen,Fem,Sing,,-0.0042967975725109,B-ic
Dundee,PROPN,NNNXX-----A----,nmod,,Neut,,,-0.0239176229967135,I-ic
",",PUNCT,Z:-------------,punct,,,,,0.0176966687150076,O
kteří,DET,P4MP1----------,nsubj:pass,Nom,Masc,Plur,Anim,0.1481369758467686,O
byli,AUX,VpMP----R-AAI--,aux:pass,,Masc,Plur,Anim,0.1222113177886122,O
tak,ADV,Db-------------,advmod,,,,,-0.1483790628790017,O
vysoce,ADV,Db-------------,advmod,,,,,0.2019135035027999,O
oceněni,ADJ,VsMP----X-APP--,amod,,Masc,Plur,Anim,0.0044147083416649,O
.,PUNCT,Z:-------------,punct,,,,,0.606800797373762,O
“,PUNCT,Z:-------------,root,,,,,-0.0604381913779015,O
V,ADP,RR--6----------,case,Loc,,,,0.1317957764162503,O
sobotním,ADJ,AAIS6----1A----,amod,Loc,Masc,Sing,Inan,0.0224854177986255,O
článku,NOUN,NNIS6-----A----,obl,Loc,Masc,Sing,Inan,-0.0437570390389185,O
AP,NOUN,BNXXX-----A----,nmod,,,,,0.0240668793930645,B-mn
",",PUNCT,Z:-------------,punct,,,,,-0.0010233096511526,O
největší,ADJ,AAFS2----3A----,amod,Gen,Fem,Sing,,0.0117856223184797,O
americké,ADJ,AAFS2----1A----,amod,Gen,Fem,Sing,,-0.0307720879684492,O
tiskové,ADJ,AAFS2----1A----,amod,Gen,Fem,Sing,,-0.0414280754557766,O
agentury,NOUN,NNFS2-----A----,appos,Gen,Fem,Sing,,-0.0452960105786462,O
",",PUNCT,Z:-------------,punct,,,,,0.0558876313663875,O
se,PRON,P7-X4----------,expl:pass,Acc,,,,0.0092922624621422,O
píše,VERB,VB-S---3P-AAI--,root,,,Sing,,-0.1719886654959252,O
",",PUNCT,Z:-------------,punct,,,,,-0.0475622272761687,O
že,SCONJ,"J,-------------",mark,,,,,0.029751843933148,O
tiskové,ADJ,AAIP1----1A----,amod,Nom,Masc,Plur,Inan,-0.0106361605436991,O
brífinky,NOUN,NNIP1-----A----,nsubj,Nom,Masc,Plur,Inan,0.0386639781453459,O
Bílého,ADJ,AAIS2----1A----,amod,Gen,Masc,Sing,Inan,-0.0039544500246155,B-io
domu,NOUN,NNIS2-----A----,nmod,Gen,Masc,Sing,Inan,-0.0224921906277797,I-io
mohou,VERB,VB-P---3P-AAI-1,csubj:pass,,,Plur,,0.0327926470312825,O
být,AUX,Vf--------A-I--,cop,,,,,0.0379397098637818,O
porušenou,ADJ,AAFS7----1A----,amod,Ins,Fem,Sing,,0.0979921301907011,O
tradicí“,NOUN,NNFS7-----A----,xcomp,Ins,Fem,Sing,,-0.0053466660933953,O
",",PUNCT,Z:-------------,punct,,,,,0.0204556755890308,O
protože,SCONJ,"J,-------------",mark,,,,,0.0626593503617991,O
McEnanyová,PROPN,NNFS1-----A----,nsubj,Nom,Fem,Sing,,0.1227907188319776,B-ps
z,ADP,RR--2----------,case,Gen,,,,-0.0705643877331086,O
nich,PRON,PEXP2--3-------,obl:arg,Gen,,Plur,,0.028883627445961,O
udělala,VERB,VpQW----R-AAP--,advcl,,"Fem,Neut","Plur,Sing",,-0.031085348404436,O
zefektivněnou,ADJ,AAFS4----1A----,amod,Acc,Fem,Sing,,0.1385802780202123,O
",",PUNCT,Z:-------------,punct,,,,,0.0113906148084169,O
plnokrevnou,ADJ,AAFS4----1A----,conj,Acc,Fem,Sing,,0.0175354680558894,O
reklamu,NOUN,NNFS4-----A----,obj,Acc,Fem,Sing,,0.0289352741844548,O
na,ADP,RR--4----------,case,Acc,,,,0.1648429358144123,O
prezidenta,NOUN,NNMS4-----A----,nmod,Acc,Masc,Sing,Anim,-0.0279616566884465,O
",",PUNCT,Z:-------------,punct,,,,,0.1100266748386161,O
kterému,DET,P4ZS3----------,obl:arg,Dat,"Masc,Neut",Sing,,-0.0801421671775721,O
hrozí,VERB,VB-S---3P-AAI--,acl:relcl,,,Sing,,0.0145557340285243,O
znovuzvolení,NOUN,NNNS1-----A----,nsubj,Nom,Neut,Sing,,0.057581658246291,O
",",PUNCT,Z:-------------,punct,,,,,-0.012226217761122,O
místo,NOUN,NNNS4-----A----,conj,Acc,Neut,Sing,,-0.060119973976808,O
pro,ADP,RR--4----------,case,Acc,,,,0.1034015965659443,O
útoky,NOUN,NNIP4-----A----,nmod,Acc,Masc,Plur,Inan,0.0292140810142591,O
na,ADP,RR--4----------,case,Acc,,,,0.0387708730812042,O
média,NOUN,NNNP4-----A----,nmod,Acc,Neut,Plur,,0.0102088220483029,O
a,CCONJ,J^-------------,cc,,,,,0.046103927194949,O
fórum,NOUN,NNNS4-----A----,conj,Acc,Neut,Sing,,0.0392972745007459,O
relativně,ADV,Dg-------1A----,advmod,,,,,-0.1201486871967155,O
lehké,ADJ,AANS4----1A----,amod,Acc,Neut,Sing,,0.1613853320794731,O
ohledně,ADP,RR--2----------,case,Gen,,,,-0.1472511639341954,O
informací“,NOUN,NNFP2-----A----,obl,Gen,Fem,Plur,,-0.0856777384449888,O
o,ADP,RR--6----------,case,Loc,,,,-0.1979026648994961,O
tom,DET,PDZS6----------,det,Loc,"Masc,Neut",Sing,,-0.1578975400448309,O
",",PUNCT,Z:-------------,punct,,,,,0.3080199708520255,O
co,PRON,PQ--4----------,obj,Acc,,,Inan,0.2081440800592194,O
vláda,NOUN,NNFS1-----A----,nsubj,Nom,Fem,Sing,,-0.0038727956274716,O
dělá,VERB,VB-S---3P-AAI--,acl:relcl,,,Sing,,-0.0875952141084968,O
.,PUNCT,Z:-------------,punct,,,,,-0.0055566136152314,O
Princ,NOUN,NNMS1-----A----,nsubj,Nom,Masc,Sing,Anim,0.6672415625583408,O
zemřel,VERB,VpYS----R-AAP--,root,,Masc,Sing,,-0.0421223221167054,O
v,ADP,RR--6----------,case,Loc,,,,-0.0843369689930296,O
roce,NOUN,NNIS6-----A---1,obl,Loc,Masc,Sing,Inan,-0.1555989775539008,O
2016,NUM,C=-------------,nummod,,,,,0.0729263921702423,B-ty
",",PUNCT,Z:-------------,punct,,,,,-0.0795173643532843,O
když,SCONJ,"J,-------------",mark,,,,,0.3791593873209592,O
si,PRON,P7--3----------,obl,Dat,,,,-0.0025161321297182,O
vzal,VERB,VpYS----R-AAP--,advcl,,Masc,Sing,,-0.0821041082852745,O
padělané,ADJ,AAFP4----1A----,amod,Acc,Fem,Plur,,-0.0226131107289784,O
pilulky,NOUN,NNFP4-----A----,obj,Acc,Fem,Plur,,-0.0213730598654141,O
s,ADP,RR--7----------,case,Ins,,,,0.0565509638383145,O
fentanylem,NOUN,NNIS7-----A----,nmod,Ins,Masc,Sing,Inan,-0.0218101961564004,O
",",PUNCT,Z:-------------,punct,,,,,0.2310726160684406,O
který,DET,P4YS1----------,nsubj,Nom,Masc,Sing,,-0.1333769613982018,O
vypadal,VERB,VpYS----R-AAI--,acl:relcl,,Masc,Sing,,-0.0990368418259095,O
jako,SCONJ,"J,-------------",mark,,,,,0.0500507059710473,O
generická,ADJ,AAFS1----1A----,amod,Nom,Fem,Sing,,-0.0669697494706145,O
verze,NOUN,NNFS1-----A----,xcomp,Nom,Fem,Sing,,0.0050203113975411,O
léku,NOUN,NNIS2-----A----,nmod,Gen,Masc,Sing,Inan,-0.0706086179583012,O
proti,ADP,RR--3----------,case,Dat,,,,-0.1390835428043633,O
bolesti,NOUN,NNFS3-----A----,nmod,Dat,Fem,Sing,,0.0844003425905853,O
Vicodin,PROPN,NNIS1-----A----,nmod,Nom,Masc,Sing,Inan,-0.0655056729549352,B-o_
.,PUNCT,Z:-------------,punct,,,,,0.1588266371549528,O
Děkujeme,VERB,VB-P---1P-AAI--,root,,,Plur,,0.0373638533493805,O
vám,PRON,PP-P3--2-------,obl:arg,Dat,,Plur,,-0.2180959533415003,O
",",PUNCT,Z:-------------,punct,,,,,0.271125798076639,O
že,SCONJ,"J,-------------",mark,,,,,-0.0051638427712413,O
jste,AUX,VB-P---2P-AAI--,aux,,,Plur,,0.2732146050825086,O
si,PRON,P7--3----------,obl,Dat,,,,0.0245946676912863,O
našel,VERB,VpYS----R-AAP--,ccomp,,Masc,Sing,,0.3725348876386142,O
čas,NOUN,NNIS4-----A----,obj,Acc,Masc,Sing,Inan,-0.0438991320032358,O
na,ADP,RR--4----------,case,Acc,,,,0.3526169547580988,O
náš,DET,PSIS4-P1-------,det,Acc,Masc,Sing,Inan,0.2545263370885345,O
dnešní,ADJ,AAIS4----1A----,amod,Acc,Masc,Sing,Inan,0.036310200083443,O
hovor,NOUN,NNIS4-----A----,nmod,Acc,Masc,Sing,Inan,-0.168539110086331,O
.,PUNCT,Z:-------------,punct,,,,,0.4608448605245022,O
Věc,NOUN,NNFS1-----A----,nsubj,Nom,Fem,Sing,,0.0666907024862764,O
",",PUNCT,Z:-------------,punct,,,,,0.1344233755480291,O
kterou,DET,P4FS4----------,obj,Acc,Fem,Sing,,0.1919220340011719,O
si,PRON,P7--3----------,expl:pv,Dat,,,,0.2070698218975507,O
stále,ADV,Dg-------1A----,advmod,,,,,-0.4428229169117557,O
více,ADV,Dg-------2A----,advmod,,,,,0.2992210670051115,O
všímáme,VERB,VB-P---1P-AAI--,acl:relcl,,,Plur,,0.1139632868095213,O
",",PUNCT,Z:-------------,punct,,,,,0.1326373471814942,O
je,AUX,VB-S---3P-AAI--,ccomp,,,Sing,,-0.1227534055412512,O
dole,ADV,Dg-------1A----,advmod,,,,,-0.0531545160153134,O
na,ADP,RR--6----------,case,Loc,,,,0.2062671715063862,O
skalách,NOUN,NNFP6-----A----,obl,Loc,Fem,Plur,,0.2178968195808446,O
",",PUNCT,Z:-------------,punct,,,,,0.2590048022306549,O
“,PUNCT,Z:-------------,punct,,,,,-0.4292773542846246,O
řekl,VERB,VpYS----R-AAP--,root,,Masc,Sing,,-0.1197579844047976,O
Meunier,PROPN,NNMS1-----A----,nsubj,Nom,Masc,Sing,Anim,-0.0937213137109225,B-ps
.,PUNCT,Z:-------------,punct,,,,,0.198097852479623,O
Může,VERB,VB-S---3P-AAI--,root,,,Sing,,-0.3992205148328109,O
způsobit,VERB,Vf--------A-P--,xcomp,,,,,0.0248946778773717,O
vřídky,NOUN,NNIP4-----A----,obj,Acc,Masc,Plur,Inan,0.0370434067989101,O
v,ADP,RR--6----------,case,Loc,,,,-0.0087712386238309,O
ústech,NOUN,NNNP6-----A----,nmod,Loc,Neut,Plur,,-0.0241985497055323,O
–,PUNCT,Z:-------------,punct,,,,,-0.2804179242809,O
Ke,ADP,RV--3----------,case,Dat,,,,-0.0042383457678418,O
smrtelným,ADJ,AAIP3----1A----,amod,Dat,Masc,Plur,Inan,0.043469903529055,O
stavům,NOUN,NNIP3-----A----,obl:arg,Dat,Masc,Plur,Inan,0.0108181835404788,O
přispívá,VERB,VB-S---3P-AAI--,root,,,Sing,,0.0565025606627044,O
nejen,ADV,Db-------------,advmod:emph,,,,,-0.0039570880134825,O
přílišné,ADJ,AANS1----1A----,amod,Nom,Neut,Sing,,0.0068325661213186,O
množství,NOUN,NNNS1-----A----,nsubj,Nom,Neut,Sing,,0.0482559079580156,O
skořice,NOUN,NNFS2-----A----,nmod,Gen,Fem,Sing,,0.0298864499699718,O
",",PUNCT,Z:-------------,punct,,,,,0.2331488244821017,O
ale,CCONJ,J^-------------,cc,,,,,0.0927845835948088,O
může,VERB,VB-S---3P-AAI--,conj,,,Sing,,0.0152123582916602,O
také,ADV,Db-------------,advmod,,,,,0.0575963253298844,O
způsobit,VERB,Vf--------A-P--,xcomp,,,,,0.0209385210641304,O
vřídky,NOUN,NNIP4-----A----,obj,Acc,Masc,Plur,Inan,0.0342469236133375,O
v,ADP,RR--6----------,case,Loc,,,,0.0072699690965365,O
ústech,NOUN,NNNP6-----A----,nmod,Loc,Neut,Plur,,0.0428410905864037,O
.,PUNCT,Z:-------------,punct,,,,,-0.076320139393071,O
Je,AUX,VB-S---3P-AAI--,root,,,Sing,,0.0255594203288349,O
to,DET,PDNS1----------,nsubj,Nom,Neut,Sing,,-0.0442334754968045,O
údajně,ADV,Dg-------1A----,advmod,,,,,-0.0371899555233742,O
proto,ADV,Db-------------,advmod,,,,,-0.0666228791604462,O
",",PUNCT,Z:-------------,punct,,,,,0.2377748882836167,O
že,SCONJ,"J,-------------",mark,,,,,0.1168441379332511,O
skořice,NOUN,NNFS1-----A----,nsubj,Nom,Fem,Sing,,0.0082254889646219,O
obsahuje,VERB,VB-S---3P-AAI--,advcl,,,Sing,,-0.0336759276340387,O
cinnamaldehyd,NOUN,NNIS4-----A----,obj,Acc,Masc,Sing,Inan,0.0375986874357266,O
",",PUNCT,Z:-------------,punct,,,,,0.3296007078619983,O
což,PRON,PQ--1----------,nsubj,Nom,,,,0.0670356459157984,O
je,AUX,VB-S---3P-AAI--,cop,,,Sing,,0.0408784622859582,O
sloučenina,NOUN,NNFS1-----A----,conj,Nom,Fem,Sing,,0.0130572163658076,O
",",PUNCT,Z:-------------,punct,,,,,0.1289602132105638,O
která,DET,P4FS1----------,nsubj,Nom,Fem,Sing,,-0.0692164617232186,O
při,ADP,RR--6----------,case,Loc,,,,-0.0323239855219418,O
požití,NOUN,NNNS6-----A----,obl,Loc,Neut,Sing,,0.0376310717295396,O
ve,ADP,RV--6----------,case,Loc,,,,-0.0442173297453914,O
velkém,ADJ,AANS6----1A----,amod,Loc,Neut,Sing,,0.0176415564169235,O
množství,NOUN,NNNS6-----A----,nmod,Loc,Neut,Sing,,0.0346015210796306,O
může,VERB,VB-S---3P-AAI--,acl:relcl,,,Sing,,0.0028676064749541,O
způsobit,VERB,Vf--------A-P--,xcomp,,,,,0.0545982441123746,O
alergickou,ADJ,AAFS4----1A----,amod,Acc,Fem,Sing,,-0.0094815327382864,O
reakci,NOUN,NNFS4-----A----,obj,Acc,Fem,Sing,,-0.0483453208516005,O
v,ADP,RR--6----------,case,Loc,,,,0.0355888198548247,O
našem,DET,PSZS6-P1-------,det,Loc,"Masc,Neut",Sing,,-0.0941270081422374,O
těle,NOUN,NNNS6-----A----,nmod,Loc,Neut,Sing,,0.0222861520256851,O
.,PUNCT,Z:-------------,punct,,,,,0.1234040333426234,O
Nicméně,CCONJ,J^-------------,cc,,,,,0.0001590711264554,O
",",PUNCT,Z:-------------,punct,,,,,0.2979722007146726,O
vřídky,NOUN,NNIP1-----A----,nsubj:pass,Nom,Masc,Plur,Inan,0.0336481753846227,O
v,ADP,RR--6----------,case,Loc,,,,-0.0615053193795453,O
ústech,NOUN,NNNP6-----A----,nmod,Loc,Neut,Plur,,0.0459244258612314,O
se,PRON,P7-X4----------,expl:pass,Acc,,,,0.0697713022599477,O
dají,VERB,VB-P---3P-AAP--,root,,,Plur,,-0.0342155698458591,O
získat,VERB,Vf--------A-P--,xcomp,,,,,-0.0204864579448032,O
ze,ADP,RV--2----------,case,Gen,,,,0.04364520625402,O
skořicového,ADJ,AAIS2----1A----,amod,Gen,Masc,Sing,Inan,0.0493332819215524,O
aldehydu,NOUN,NNIS2-----A----,obl,Gen,Masc,Sing,Inan,-0.0237824607161793,O
",",PUNCT,Z:-------------,punct,,,,,0.143009055221091,O
jen,PART,TT-------------,advmod:emph,,,,,-0.0019360455590434,O
když,SCONJ,"J,-------------",mark,,,,,-0.016204587911635,O
jsou,AUX,VB-P---3P-AAI--,cop,,,Plur,,0.0017381783685901,O
na,ADP,RR--4----------,case,Acc,,,,0.0641619489361269,O
něj,PRON,PEZS4--3-------,obl:arg,Acc,"Masc,Neut",Sing,,-0.0386254237938202,O
alergičtí,ADJ,AAMP1----1A----,advcl,Nom,Masc,Plur,Anim,0.0202631229787943,O
.,PUNCT,Z:-------------,punct,,,,,-0.0282702291933981,O
Ve,ADP,RV--6----------,case,Loc,,,,0.0661561547157832,O
svém,DET,P8ZS6----------,det,Loc,"Masc,Neut",Sing,,-0.000524875815041,O
prohlášení,NOUN,NNNS6-----A----,obl,Loc,Neut,Sing,,0.0466729167504001,O
",",PUNCT,Z:-------------,punct,,,,,0.0165154004155514,O
Rouhani,PROPN,NNMS1-----A----,nsubj,Nom,Masc,Sing,Anim,0.0502388785235713,B-ps
také,ADV,Db-------------,advmod,,,,,0.0018275896664997,O
řekl,VERB,VpYS----R-AAP--,root,,Masc,Sing,,-0.001436435527821,O
",",PUNCT,Z:-------------,punct,,,,,0.005775528354511,O
že,SCONJ,"J,-------------",mark,,,,,-0.0077668651565133,O
četné,ADJ,AAFP1----1A----,amod,Nom,Fem,Plur,,0.0056865040459743,O
země,NOUN,NNFP1-----A----,nsubj,Nom,Fem,Plur,,-0.006199906976676,O
byly,AUX,VpTP----R-AAI--,ccomp,,"Fem,Masc",Plur,Inan,2.0271409226863435,O
na,ADP,RR--6----------,case,Loc,,,,0.0050334209852719,O
straně,NOUN,NNFS6-----A----,obl,Loc,Fem,Sing,,-0.0056256603612248,O
Íránu,PROPN,NNIS2-----A----,nmod,Gen,Masc,Sing,Inan,0.03413822304688,B-gc
během,ADP,RR--2----------,case,Gen,,,,-0.0088362195549202,O
jejich,DET,P9XXXXP3-------,det,,,,,-0.0044221026004011,O
jednorázové,ADJ,AAIP1----1A----,amod,Nom,Masc,Plur,Inan,0.0006288134313433,O
rozhovory,NOUN,NNIP4-----A----,obl,Acc,Masc,Plur,Inan,0.0049586926192675,O
na,ADP,RR--6----------,case,Loc,,,,0.0195704686236916,O
okraji,NOUN,NNIS6-----A----,nmod,Loc,Masc,Sing,Inan,0.000494011976323,O
UNGA,NOUN,BNXXX-----A----,nmod,,,,,0.0307261396780274,B-gh
.,PUNCT,Z:-------------,punct,,,,,0.0001067679797777,O
"""",PUNCT,Z:-------------,punct,,,,,-0.0105153962564766,O
"""",PUNCT,Z:-------------,punct,,,,,0.0087757493863941,O
Diskutovali,VERB,VpMP----R-AAI--,root,,Masc,Plur,Anim,0.0227198460491115,O
jsme,AUX,VB-P---1P-AAI--,aux,,,Plur,,-0.0081517400070859,O
o,ADP,RR--6----------,case,Loc,,,,-0.0026088018181997,O
různých,ADJ,AAFP6----1A----,amod,Loc,Fem,Plur,,-0.0117808606412789,O
otázkách,NOUN,NNFP6-----A----,obl:arg,Loc,Fem,Plur,,0.0033522740995745,O
s,ADP,RR--7----------,case,Ins,,,,0.0001488610058666,O
různými,ADJ,AAFP7----1A----,amod,Ins,Fem,Plur,,0.0053600904126067,O
zeměmi,NOUN,NNFP7-----A----,obl:arg,Ins,Fem,Plur,,-9.24602921680213,O
a,CCONJ,J^-------------,cc,,,,,-0.0107828993098028,O
všechny,DET,PLFP1----------,nsubj,Nom,Fem,Plur,,-0.0101923574035003,O
z,ADP,RR--2----------,case,Gen,,,,-0.0065698470589082,O
nich,PRON,PEXP2--3-------,nmod,Gen,,Plur,,0.0033756805144472,O
odsoudily,VERB,VpTP----R-AAP--,conj,,"Fem,Masc",Plur,Inan,0.0276726252265453,O
odstoupení,NOUN,NNNS4-----A----,obj,Acc,Neut,Sing,,0.0156468749920417,O
od,ADP,RR--2----------,case,Gen,,,,-0.0028586329547967,O
smlouvy,NOUN,NNFS2-----A----,nmod,Gen,Fem,Sing,,-0.0125931442756463,O
Spojených,ADJ,AAIP2----1A----,amod,Gen,Masc,Plur,Inan,-8.70024547686249,B-gc
států,NOUN,NNIP2-----A----,nmod,Gen,Masc,Plur,Inan,0.0075981655507962,I-gc
od,ADP,RR--2----------,case,Gen,,,,0.0162042709769429,O
JCPOA,NOUN,BNXXX-----A----,nmod,,,,,0.0131956160990623,B-io
a,CCONJ,J^-------------,cc,,,,,-0.0214377405689276,O
jeho,DET,P9XXXZS3-------,det,,,,,-0.0039928935981252,O
tlaků,NOUN,NNIP2-----A----,conj,Gen,Masc,Plur,Inan,0.0027971525755509,O
.,PUNCT,Z:-------------,punct,,,,,0.0050384766024526,O
To,DET,PDNS1----------,nsubj,Nom,Neut,Sing,,0.0085835164483528,O
je,AUX,VB-S---3P-AAI--,cop,,,Sing,,-0.0132962830353136,O
obrovský,ADJ,AAIS1----1A----,amod,Nom,Masc,Sing,Inan,-0.0013815734149733,O
úspěch,NOUN,NNIS1-----A----,root,Nom,Masc,Sing,Inan,-0.0061973104033957,O
pro,ADP,RR--4----------,case,Acc,,,,0.0438986754333716,O
Írán,PROPN,NNIS4-----A----,nmod,Acc,Masc,Sing,Inan,0.039489151604925,B-gc
"""",PUNCT,Z:-------------,punct,,,,,-0.0048702814171537,O
"""",PUNCT,Z:-------------,punct,,,,,0.0005952768185524,O
"""",PUNCT,Z:-------------,punct,,,,,-0.0082245462750517,O
.,PUNCT,Z:-------------,punct,,,,,0.000214494070963,O
Předplatné,NOUN,NNNS1-----A----,nsubj,Nom,Neut,Sing,,0.2069606536090174,O
začíná,VERB,VB-S---3P-AAI--,root,,,Sing,,-0.2626868740596778,O
online,ADJ,AAXXX----1A----,amod,,,,,0.3370078262816644,O
aktivací,NOUN,NNFS7-----A----,obl,Ins,Fem,Sing,,-0.0255929533015696,O
.,PUNCT,Z:-------------,punct,,,,,-0.6705919455915235,O
Prošívaná,ADJ,AAFS1----1A----,amod,Nom,Fem,Sing,,0.0804116711343224,O
horní,ADJ,AAFS1----1A----,amod,Nom,Fem,Sing,,-0.02318429062866,O
část,NOUN,NNFS1-----A----,nsubj,Nom,Fem,Sing,,-0.1036667861470774,O
pytle,NOUN,NNIS2-----A----,nmod,Gen,Masc,Sing,Inan,-0.0280338389165511,O
je,AUX,VB-S---3P-AAI--,cop,,,Sing,,-0.1478698442425944,O
přizpůsobená,ADJ,AAFS1----1A----,root,Nom,Fem,Sing,,-0.0719199149726854,O
",",PUNCT,Z:-------------,punct,,,,,0.17744229637752,O
nařasená,ADJ,AAFS1----1A----,conj,Nom,Fem,Sing,,-0.0032857821610662,O
a,CCONJ,J^-------------,cc,,,,,-0.1523864495206921,O
opatřená,ADJ,AAFS1----1A----,conj,Nom,Fem,Sing,,0.0856966017783923,O
stahovací,ADJ,AAFS7----1A----,amod,Ins,Fem,Sing,,-0.0022683667428483,O
šňůrkou,NOUN,NNFS7-----A----,obl:arg,Ins,Fem,Sing,,0.1245337880244166,O
",",PUNCT,Z:-------------,punct,,,,,-0.0047237997535372,O
takže,SCONJ,"J,-------------",mark,,,,,-0.0443719457260593,O
se,PRON,P7-X4----------,expl:pass,Acc,,,,0.3473242945383813,O
stahováním,NOUN,NNNS7-----A----,obl,Ins,Neut,Sing,,0.0523235030885639,O
tvaruje,VERB,VB-S---3P-AAI--,advcl,,,Sing,,0.0991325511163343,O
",",PUNCT,Z:-------------,punct,,,,,0.0146245326862707,O
podobně,ADV,Dg-------1A----,advmod,,,,,-0.2081704233105522,O
jako,SCONJ,"J,-------------",mark,,,,,0.1201811338184456,O
kapuce,NOUN,NNFS1-----A----,advcl,Nom,Fem,Sing,,0.0331396401050127,O
bundy,NOUN,NNFS2-----A----,nmod,Gen,Fem,Sing,,0.0589666087244693,O
.,PUNCT,Z:-------------,punct,,,,,-0.1090696029682738,O
Zatímco,SCONJ,"J,-------------",mark,,,,,0.2455564750620478,O
demokraté,NOUN,NNMP1-----A----,nsubj,Nom,Masc,Plur,Anim,0.0649715866563867,O
chtějí,VERB,VB-P---3P-AAI--,advcl,,,Plur,,-0.0047815629743109,O
",",PUNCT,Z:-------------,punct,,,,,0.0535779195059736,O
aby,AUX,Vc-------------,aux,,,,,-0.0099725972073136,O
byl,AUX,VpYS----R-AAI--,aux:pass,,Masc,Sing,,-0.0709105864990419,O
Trump,PROPN,NNMS1-----A----,nsubj:pass,Nom,Masc,Sing,Anim,-0.0513564101753395,B-ps
obviněn,ADJ,VsYS----X-APP--,ccomp,,Masc,Sing,,0.0591002524668005,O
z,ADP,RR--2----------,case,Gen,,,,0.1449963911991312,O
vyjednání,NOUN,NNNS2-----A----,obl:arg,Gen,Neut,Sing,,0.1098494816873551,O
s,ADP,RR--7----------,case,Ins,,,,0.0065272515847439,O
Ukrajinou,PROPN,NNFS7-----A----,nmod,Ins,Fem,Sing,,0.0556044773792885,B-gc
",",PUNCT,Z:-------------,punct,,,,,0.0881223553270437,O
prezident,NOUN,NNMS1-----A----,nsubj,Nom,Masc,Sing,Anim,-0.0452973697854931,O
a,CCONJ,J^-------------,cc,,,,,0.1810246336997442,O
jeho,DET,P9XXXZS3-------,det,,,,,-0.0645440335656613,O
spojenci,NOUN,NNMP1-----A----,conj,Nom,Masc,Plur,Anim,0.0747370930350876,O
odpovídají,VERB,VB-P---3P-AAI--,root,,,Plur,,0.0772781635125118,O
protiútoky,NOUN,NNIP7-----A----,obl,Ins,Masc,Plur,Inan,0.0981316328600813,O
proti,ADP,RR--3----------,case,Dat,,,,-0.0013963802988752,O
vlastním,ADJ,AAIP3----1A----,amod,Dat,Masc,Plur,Inan,0.0316760957883285,O
skandálům,NOUN,NNIP3-----A----,nmod,Dat,Masc,Plur,Inan,-0.0515028231585392,O
kolem,ADP,RR--2----------,case,Gen,,,,-0.1266431448224322,O
Ukrajiny,PROPN,NNFS2-----A----,nmod,Gen,Fem,Sing,,-0.0177757302284463,B-gc
.,PUNCT,Z:-------------,punct,,,,,-0.211052984525833,O
Znovu,ADV,Db-------------,advmod,,,,,0.306638492068433,O
oživili,VERB,VpMP----R-AAP--,root,,Masc,Plur,Anim,0.017953067284954,O
debaty,NOUN,NNFP4-----A----,obj,Acc,Fem,Plur,,0.1529926196385568,O
o,ADP,RR--6----------,case,Loc,,,,-0.1249940707394978,O
tom,DET,PDZS6----------,det,Loc,"Masc,Neut",Sing,,0.0124577724536928,O
",",PUNCT,Z:-------------,punct,,,,,0.0791952641972183,O
zda,SCONJ,"J,-------------",mark,,,,,-0.0729593794253286,O
se,PRON,P7-X4----------,expl:pv,Acc,,,,-0.0592995708099158,O
země,NOUN,NNFS1-----A----,nsubj,Nom,Fem,Sing,,-0.0029467805140383,O
v,ADP,RR--6----------,case,Loc,,,,0.0398783275449297,O
roce,NOUN,NNIS6-----A---1,obl,Loc,Masc,Sing,Inan,0.0269357585788658,O
2016,NUM,C=-------------,nummod,,,,,-0.0606089316718115,B-ty
dohodla,VERB,VpQW----R-AAP-1,acl,,"Fem,Neut","Plur,Sing",,0.1083671215278273,O
s,ADP,RR--7----------,case,Ins,,,,0.0127490550248639,O
Clintonovým,ADJ,AUIS7M---------,amod,Ins,Masc,Sing,Inan,0.0527412873796026,B-ps
aparátem,NOUN,NNIS7-----A----,obl:arg,Ins,Masc,Sing,Inan,0.0241716736066849,O
",",PUNCT,Z:-------------,punct,,,,,0.0253398377051171,O
aby,AUX,Vc-------------,aux,,,,,0.0326157363649044,O
se,PRON,P7-X4----------,expl:pass,Acc,,,,0.0175400211728956,O
snížily,VERB,VpTP----R-AAP--,advcl,,"Fem,Masc",Plur,Inan,0.0031200185560941,O
Trumpovy,ADJ,AUFP1M---------,amod,Nom,Fem,Plur,,0.0315223121884693,B-ps
volební,ADJ,AAFP1----1A----,amod,Nom,Fem,Plur,,0.0069808162800465,O
šance,NOUN,NNFP1-----A----,nsubj:pass,Nom,Fem,Plur,,0.0379706277962039,O
",",PUNCT,Z:-------------,punct,,,,,0.1471826477640583,O
a,CCONJ,J^-------------,cc,,,,,0.0710268509856155,O
s,ADP,RR--7----------,case,Ins,,,,0.0522484103419614,O
nepřesvědčivými,ADJ,AAIP7----1N----,amod,Ins,Masc,Plur,Inan,0.0574361649936732,O
důkazy,NOUN,NNIP7-----A----,obl,Ins,Masc,Plur,Inan,0.1388727927916372,O
tvrdili,VERB,VpMP----R-AAI--,conj,,Masc,Plur,Anim,0.1987765067975773,O
",",PUNCT,Z:-------------,punct,,,,,0.1040272007772204,O
že,SCONJ,"J,-------------",mark,,,,,-0.0825689941242537,O
Biden,PROPN,NNMS1-----A----,nsubj,Nom,Masc,Sing,Anim,0.0494905784355698,B-ps
využil,VERB,VpYS----R-AAP--,ccomp,,Masc,Sing,,-0.0935934786421427,O
své,DET,P8FS2---------1,det,Gen,Fem,Sing,,-0.0372496300952909,O
funkce,NOUN,NNFS2-----A----,obl:arg,Gen,Fem,Sing,,0.0274410606547083,O
viceprezidenta,NOUN,NNMS2-----A----,nmod,Gen,Masc,Sing,Anim,0.1032260035811966,O
",",PUNCT,Z:-------------,punct,,,,,0.1617487583216936,O
aby,AUX,Vc-------------,aux,,,,,0.0810989810101389,O
zabránil,VERB,VpYS----R-AAP--,advcl,,Masc,Sing,,0.2367094940772219,O
Ukrajině,PROPN,NNFS3-----A----,obl:arg,Dat,Fem,Sing,,0.035164435960966,B-gc
ve,ADP,RV--6----------,case,Loc,,,,-0.0511668684331998,O
vyšetřování,NOUN,NNNS6-----A----,obl:arg,Loc,Neut,Sing,,0.0090789773413278,O
svého,DET,P8ZS2----------,det,Gen,"Masc,Neut",Sing,,-0.01257364431163,O
syna,NOUN,NNMS2-----A----,nmod,Gen,Masc,Sing,Anim,-0.06127329324895,O
.,PUNCT,Z:-------------,punct,,,,,-0.3823726185001779,O
Ciferník,NOUN,NNIS1-----A----,nsubj,Nom,Masc,Sing,Inan,0.1578294470028651,O
je,AUX,VB-S---3P-AAI--,cop,,,Sing,,-0.3744476264396044,O
zaručeně,ADV,Dg-------1A----,advmod,,,,,0.0141806652584228,O
originál,NOUN,NNIS1-----A----,root,Nom,Masc,Sing,Inan,0.0266942566253275,O
.,PUNCT,Z:-------------,punct,,,,,0.2539073700021987,O
Přestože,SCONJ,"J,-------------",mark,,,,,0.1546821200502834,O
teplo,NOUN,NNNS1-----A----,nsubj,Nom,Neut,Sing,,0.0066660259296668,O
je,AUX,VB-S---3P-AAI--,cop,,,Sing,,-0.0243992408552731,O
méně,ADV,Dg-------2A----,advmod,,,,,0.0035212933251545,O
hrozbou,NOUN,NNFS7-----A----,advcl,Ins,Fem,Sing,,0.0892087490594605,O
pro,ADP,RR--4----------,case,Acc,,,,-0.0724754360035769,O
sportovce,NOUN,NNMP4-----A----,nmod,Acc,Masc,Plur,Anim,0.0515684474666716,O
soutěžící,ADJ,AGMP4-----A----,amod,Acc,Masc,Plur,Anim,0.0028628024912489,O
uvnitř,ADV,Db-------------,case,,,,,0.0112986140412675,O
mezinárodního,ADJ,AAIS2----1A----,amod,Gen,Masc,Sing,Inan,0.0125549076491131,O
stadionu,NOUN,NNIS2-----A----,obl,Gen,Masc,Sing,Inan,0.161621843340626,O
Khalifa,PROPN,NNFS1-----A----,nmod,Nom,Fem,Sing,,0.0350440391376303,B-ic
",",PUNCT,Z:-------------,punct,,,,,0.3666215269636302,O
kde,ADV,Db-------------,advmod,,,,,-0.0482703611595213,O
jsou,AUX,VB-P---3P-AAI--,aux:pass,,,Plur,,-0.1438051866700656,O
teploty,NOUN,NNFP1-----A----,nsubj:pass,Nom,Fem,Plur,,-0.0041887127332203,O
uchovávány,ADJ,VsTP----X-API--,amod,,"Fem,Masc",Plur,Inan,0.0688086607656763,O
kolem,ADP,RR--2----------,case,Gen,,,,-0.1989003854369902,O
21,NUM,C=-------------,nummod,,,,,0.0966946564397451,B-nc
stupňů,NOUN,NNIP2-----A----,obl,Gen,Masc,Plur,Inan,0.0656868203352504,B-oe
s,ADP,RR--7----------,case,Ins,,,,0.0890257317604138,O
pomocí,NOUN,NNFS7-----A----,obl,Ins,Fem,Sing,,-0.0451653618582945,O
chladicího,ADJ,AAIS2----1A----,amod,Gen,Masc,Sing,Inan,0.0472244141160766,O
systému,NOUN,NNIS2-----A----,nmod,Gen,Masc,Sing,Inan,0.0392469978499587,O
",",PUNCT,Z:-------------,punct,,,,,0.0420414819305379,O
stále,ADV,Dg-------1A----,advmod,,,,,-0.0301345182821649,O
museli,VERB,VpMP----R-AAI--,root,,Masc,Plur,Anim,0.0879164958823529,O
upravit,VERB,Vf--------A-P--,xcomp,,,,,0.1562793412035323,O
svůj,DET,P8IS4----------,det,Acc,Masc,Sing,Inan,-0.0099536717259546,O
trénink,NOUN,NNIS4-----A----,obj,Acc,Masc,Sing,Inan,-0.1216721478460011,O
",",PUNCT,Z:-------------,punct,,,,,0.1025535455268742,O
protože,SCONJ,"J,-------------",mark,,,,,0.1789354975078946,O
cvičí,VERB,VB-P---3P-AAI--,advcl,,,Plur,,0.1762664790987119,O
na,ADP,RR--6----------,case,Loc,,,,0.0538331377406851,O
venkovním,ADJ,AANS6----1A----,amod,Loc,Neut,Sing,,-0.0763953036225726,O
zařízení,NOUN,NNNS6-----A----,obl,Loc,Neut,Sing,,0.0004432948590701,O
.,PUNCT,Z:-------------,punct,,,,,0.1610421880681679,O
Britská,ADJ,AAFS1----1A----,amod,Nom,Fem,Sing,,0.5484111164506443,O
hvězda,NOUN,NNFS1-----A----,nsubj,Nom,Fem,Sing,,0.0331828863112673,O
řekla,VERB,VpQW----R-AAP--,root,,"Fem,Neut","Plur,Sing",,-0.0094366699538383,O
publiku,NOUN,NNNS3-----A----,obl:arg,Dat,Neut,Sing,,0.0218477007647048,O
",",PUNCT,Z:-------------,punct,,,,,0.0823681602011361,O
že,SCONJ,"J,-------------",mark,,,,,-0.0547100857199668,O
už,ADV,Db-------------,advmod,,,,,-0.0442366256176321,O
nemůže,VERB,VB-S---3P-NAI--,ccomp,,,Sing,,0.0051454138162447,O
pokračovat,VERB,Vf--------A-I--,xcomp,,,,,-0.0892038793803578,O
v,ADP,RR--6----------,case,Loc,,,,-0.0127311491376836,O
show,NOUN,NNXXX-----A----,obl:arg,,,,,-0.0190275261505329,O
:,PUNCT,Z:-------------,punct,,,,,0.0478902328588105,O
Jestli,SCONJ,"J,-------------",mark,,,,,0.0222594540725939,O
se,PRON,P7-X4----------,expl:pv,Acc,,,,0.036085776608579,O
budu,AUX,VB-S---1F-AAI--,aux,,,Sing,,-0.0733215476899066,O
dál,ADV,Db-------------,advmod,,,,,0.0267305489119488,O
snažit,VERB,Vf--------A-I--,advcl,,,,,0.304866171459553,O
dělat,VERB,Vf--------A-I--,xcomp,,,,,0.025496835552083,O
to,DET,PDNS4----------,obj,Acc,Neut,Sing,,-0.011736012275462,O
",",PUNCT,Z:-------------,punct,,,,,0.0918032139094668,O
co,PRON,PQ--4----------,obj,Acc,,,Inan,0.1245795958880605,O
dělám,VERB,VB-S---1P-AAI--,acl:relcl,,,Sing,,-0.0128726351301368,O
pro,ADP,RR--4----------,case,Acc,,,,0.095379950831689,O
vás,PRON,PP-P4--2-------,obl,Acc,,Plur,,-0.0284109870101881,O
",",PUNCT,Z:-------------,punct,,,,,0.0870803754226394,O
poškodím,VERB,VB-S---1P-AAP--,ccomp,,,Sing,,0.0917966247422956,O
se,PRON,P7-X4----------,expl:pv,Acc,,,,0.067131372099525,O
.,PUNCT,Z:-------------,punct,,,,,-0.0734040131254378,O
Myslím,VERB,VB-S---1P-AAI--,root,,,Sing,,-0.0750811812533382,O
",",PUNCT,Z:-------------,punct,,,,,0.0443071907372831,O
že,SCONJ,"J,-------------",mark,,,,,-0.0637283965195672,O
bych,AUX,Vc----------Ic-,aux,,,Sing,,-0.058133585390581,O
měl,VERB,VpYS----R-AAI--,ccomp,,Masc,Sing,,-0.0450608589544206,O
skončit,VERB,Vf--------A-P--,xcomp,,,,,0.005318637650489,O
",",PUNCT,Z:-------------,punct,,,,,-0.0179932425786552,O
dokud,SCONJ,"J,-------------",mark,,,,,0.0404266340284159,O
mám,VERB,VB-S---1P-AAI--,advcl,,,Sing,,-0.033057377505074,O
náskok,NOUN,NNIS4-----A----,obj,Acc,Masc,Sing,Inan,0.0325108920890562,O
.,PUNCT,Z:-------------,punct,,,,,-0.0373672048696519,O
.,PUNCT,Z:-------------,punct,,,,,-0.0519657491885699,O
.,PUNCT,Z:-------------,punct,,,,,-0.0061627295584485,O
Minule,ADV,Dg-------1A----,advmod,,,,,0.1569927547319223,O
jsem,AUX,VB-S---1P-AAI--,aux,,,Sing,,-0.0453607188571622,O
skončil,VERB,VpYS----R-AAP--,root,,Masc,Sing,,-0.112235293009487,O
na,ADP,RR--4----------,case,Acc,,,,0.031564345797159,O
měsíc,NOUN,NNIS4-----A----,obl,Acc,Masc,Sing,Inan,-0.1874452134910369,O
v,ADP,RR--6----------,case,Loc,,,,0.0254313340289001,O
nemocnici,NOUN,NNFS6-----A----,obl,Loc,Fem,Sing,,-0.0304907675567413,O
a,CCONJ,J^-------------,cc,,,,,-0.0053626261644958,O
už,ADV,Db-------------,advmod,,,,,-0.0484718036486663,O
tam,ADV,Db-------------,advmod,,,,,0.0585727374711309,O
nepůjdu,VERB,VB-S---1F-NAI--,conj,,,Sing,,0.1288395566149003,O
.,PUNCT,Z:-------------,punct,,,,,0.0017209292786948,O
Promiň,VERB,Vi-S---2--A-P--,root,,,Sing,,0.045210448647526,O
“,PUNCT,Z:-------------,punct,,,,,0.0921543424054278,O
.,PUNCT,Z:-------------,punct,,,,,0.1516855643614207,O
Kromě,ADP,RR--2----------,case,Gen,,,,0.1000962129150764,O
toho,DET,PDZS2----------,obl,Gen,"Masc,Neut",Sing,,-0.024016814499503,O
jsou,AUX,VB-P---3P-AAI--,aux:pass,,,Plur,,-0.2931553394113966,O
z,ADP,RR--2----------,case,Gen,,,,0.0622718165588101,O
této,DET,PDFS2----------,det,Gen,Fem,Sing,,0.0644095888231616,O
záruky,NOUN,NNFS2-----A----,obl,Gen,Fem,Sing,,0.2042948110127945,O
vyloučeny,ADJ,VsTP----X-APP--,root,,"Fem,Masc",Plur,Inan,0.5919382982807309,O
také,ADV,Db-------------,advmod:emph,,,,,-0.1988856811279575,O
nástroje,NOUN,NNIP1-----A----,nsubj:pass,Nom,Masc,Plur,Inan,0.1814373046695596,O
poškozené,ADJ,AAIP1----1A----,amod,Nom,Masc,Plur,Inan,0.0111972486519434,O
nesprávným,ADJ,AAIS7----1N----,amod,Ins,Masc,Sing,Inan,0.0214486926160287,O
nebo,CCONJ,J^-------------,cc,,,,,0.0241010917197067,O
náhodným,ADJ,AAIS7----1A----,conj,Ins,Masc,Sing,Inan,-0.0227480793851018,O
způsobem,NOUN,NNIS7-----A----,obl,Ins,Masc,Sing,Inan,0.0357521164344173,O
.,PUNCT,Z:-------------,punct,,,,,0.181702474072515,O
Hvězdy,NOUN,NNFP1-----A----,nsubj,Nom,Fem,Plur,,0.0374806172489419,O
jsou,AUX,VB-P---3P-AAI--,cop,,,Plur,,0.057882853655172,O
vcucnuty,ADJ,VsTP----X-APP--,root,,"Fem,Masc",Plur,Inan,0.0303325213567553,O
",",PUNCT,Z:-------------,punct,,,,,-0.0401890994247356,O
když,SCONJ,"J,-------------",mark,,,,,0.0688592537427389,O
se,PRON,P7-X4----------,expl:pv,Acc,,,,-0.4806454095396854,O
příliš,ADV,Db-------------,advmod,,,,,0.0295741948489603,O
přiblíží,VERB,VB-P---3P-AAP--,advcl,,,Plur,,0.0736173158041409,O
k,ADP,RR--3----------,case,Dat,,,,-0.0138846644601152,O
velké,ADJ,AAFS3----1A----,amod,Dat,Fem,Sing,,-0.0282171761274358,O
černé,ADJ,AAFS3----1A----,amod,Dat,Fem,Sing,,0.072500948413471,O
díře,NOUN,NNFS3-----A----,obl,Dat,Fem,Sing,,-0.0717833925629818,O
",",PUNCT,Z:-------------,punct,,,,,0.1310680152268822,O
která,DET,P4FS1----------,nsubj,Nom,Fem,Sing,,0.0354818417912989,O
se,PRON,P7-X4----------,expl:pv,Acc,,,,-0.0832425470708986,O
nachází,VERB,VB-S---3P-AAI--,acl:relcl,,,Sing,,-0.0575228813787411,O
v,ADP,RR--6----------,case,Loc,,,,-0.0787275750107647,O
centru,NOUN,NNNS6-----A----,obl,Loc,Neut,Sing,,-0.1543071817102094,O
většiny,NOUN,NNFS2-----A----,nmod,Gen,Fem,Sing,,0.0444039789964011,O
galaxií,NOUN,NNFP2-----A----,nmod,Gen,Fem,Plur,,0.0654550666753226,O
",",PUNCT,Z:-------------,punct,,,,,0.0834408605363677,O
včetně,ADP,RR--2----------,case,Gen,,,,-0.0568505398052625,O
Mléčné,ADJ,AAFS2----1A----,amod,Gen,Fem,Sing,,0.0238595456254685,B-g_
dráhy,NOUN,NNFS2-----A----,obl,Gen,Fem,Sing,,0.0571270888329083,I-g_
.,PUNCT,Z:-------------,punct,,,,,0.3005612047180027,O
Tento,DET,PDIS4----------,det,Acc,Masc,Sing,Inan,-0.3112403526000081,O
spacák,NOUN,NNIS4-----A----,obj,Acc,Masc,Sing,Inan,0.0622926137529132,O
lze,VERB,VB-S---3P-AAI--,root,,,Sing,,-0.7532215947966668,O
udělat,VERB,Vf--------A-P--,csubj,,,,,-0.3842480992506916,O
extra,ADV,Dg-------1A----,advmod,,,,,-0.0941043922302595,O
dlouhý,ADJ,AAIS4----1A----,obj,Acc,Masc,Sing,Inan,0.1995074625558232,O
.,PUNCT,Z:-------------,punct,,,,,0.3475243052338509,O
Minulý,ADJ,AAIS4----1A----,amod,Acc,Masc,Sing,Inan,-0.0467555249855557,O
měsíc,NOUN,NNIS4-----A----,obl,Acc,Masc,Sing,Inan,0.0994271553789167,O
byla,AUX,VpQW----R-AAI--,aux:pass,,"Fem,Neut","Plur,Sing",,0.0580963134642651,O
kritizována,ADJ,VsQW----X-API--,root,,"Fem,Neut","Plur,Sing",,0.0892446041662317,O
za,ADP,RR--4----------,case,Acc,,,,-0.1833141833848089,O
podporu,NOUN,NNFS4-----A----,obl:arg,Acc,Fem,Sing,,0.0522975456765774,O
zákona,NOUN,NNIS2-----A----,nmod,Gen,Masc,Sing,Inan,-0.0521758091160219,O
o,ADP,RR--6----------,case,Loc,,,,-0.0759141738763185,O
národní,ADJ,AAFS6----1A----,amod,Loc,Fem,Sing,,-0.0074483956876604,O
bezpečnosti,NOUN,NNFS6-----A----,nmod,Loc,Fem,Sing,,0.1268109301795829,O
pro,ADP,RR--4----------,case,Acc,,,,0.0712655537345427,O
Hongkong,PROPN,NNIS4-----A----,nmod,Acc,Masc,Sing,Inan,0.1762975049275607,B-gu
",",PUNCT,Z:-------------,punct,,,,,0.4155687327780965,O
tedy,CCONJ,J^-------------,cc,,,,,-0.0391916823094605,O
město,NOUN,NNNS4-----A----,appos,Acc,Neut,Sing,,0.0988401334676119,O
",",PUNCT,Z:-------------,punct,,,,,0.3368559925743131,O
kde,ADV,Db-------------,advmod,,,,,-0.129698730825971,O
sama,DET,PLFS1----------,xcomp,Nom,Fem,Sing,,-0.0894356372831663,O
před,ADP,RR--7----------,case,Ins,,,,-0.0529505264097258,O
lety,NOUN,NNNP7-----A----,obl,Ins,Neut,Plur,,-0.1360282319528746,O
odstartovala,VERB,VpQW----R-AAP--,acl:relcl,,"Fem,Neut","Plur,Sing",,0.0342956838848003,O
svou,DET,P8FS4---------1,det,Acc,Fem,Sing,,-0.0580418802759856,O
obchodní,ADJ,AAFS4----1A----,amod,Acc,Fem,Sing,,0.1212797963079665,O
činnost,NOUN,NNFS4-----A----,obj,Acc,Fem,Sing,,-0.1797661276858795,O
a,CCONJ,J^-------------,cc,,,,,-0.0653459096690777,O
odkud,ADV,Db-------------,advmod,,,,,-0.0458514075500456,O
čerpá,VERB,VB-S---3P-AAI--,conj,,,Sing,,0.1473491406080055,O
více,ADV,Dg-------2A----,obj,,,,,0.2135835176749969,O
než,SCONJ,"J,-------------",mark,,,,,0.12120212944357,O
polovinu,NOUN,NNFS4-----A----,obl,Acc,Fem,Sing,,0.0359674083609656,O
svého,DET,P8ZS2----------,det,Gen,"Masc,Neut",Sing,,0.0865364279935985,O
zisku,NOUN,NNIS2-----A----,nmod,Gen,Masc,Sing,Inan,0.0443560782482351,O
.,PUNCT,Z:-------------,punct,,,,,-0.0761370334901359,O
Aerolinky,NOUN,NNFP1-----A----,nsubj,Nom,Fem,Plur,,0.0238105519863132,O
včetně,ADP,RR--2----------,case,Gen,,,,-0.2502506048928046,O
British,X,F%-------------,nmod,,,,,-0.0517789558849777,B-if
Airways,X,F%-------------,flat:foreign,,,,,-0.1926404703258553,I-if
kritizují,VERB,VB-P---3P-AAI--,root,,,Plur,,0.112287957663637,O
nová,ADJ,AANP4----1A----,amod,Acc,Neut,Plur,,0.1741998665600601,O
opaření,NOUN,NNNP4-----A----,obj,Acc,Neut,Plur,,-0.0253152210348467,O
jako,SCONJ,"J,-------------",mark,,,,,-0.1623453340992526,O
další,ADJ,AAFS4----1A----,amod,Acc,Fem,Sing,,-0.0680681478530896,O
ránu“,NOUN,NNFS4-----A----,xcomp,Acc,Fem,Sing,,0.0010243847648023,O
britským,ADJ,AAMP3----1A----,amod,Dat,Masc,Plur,Anim,-0.0359903088044285,O
dovolenkářům,NOUN,NNMP3-----A----,nmod,Dat,Masc,Plur,Anim,0.0222805859547154,O
.,PUNCT,Z:-------------,punct,,,,,0.5257591674725247,O
O,ADP,RR--4----------,case,Acc,,,,0.1595006064300354,O
den,NOUN,NNIS4-----A----,obl,Acc,Masc,Sing,Inan,0.0719333701777447,O
dříve,ADV,Dg-------2A----,advmod,,,,,-0.0557917639545297,O
nadšený,ADJ,AAMS1----1A----,amod,Nom,Masc,Sing,Anim,0.0401010834497451,O
Kureší,PROPN,NNMS1-----A----,nsubj,Nom,Masc,Sing,Anim,-0.0642421024575233,B-ps
při,ADP,RR--6----------,case,Loc,,,,-0.2237795208566709,O
oznamování,NOUN,NNNS6-----A----,obl,Loc,Neut,Sing,,-0.0331204975451197,O
této,DET,PDFS2----------,det,Gen,Fem,Sing,,0.05922738808271,O
návštěvy,NOUN,NNFS2-----A----,nmod,Gen,Fem,Sing,,0.0043117432251398,O
prohlásil,VERB,VpYS----R-AAP--,root,,Masc,Sing,,0.3185787769891182,O
",",PUNCT,Z:-------------,punct,,,,,0.2522325277923517,O
že,SCONJ,"J,-------------",mark,,,,,0.0774577832030361,O
doufá,VERB,VB-S---3P-AAI--,ccomp,,,Sing,,0.3575648315089513,O
",",PUNCT,Z:-------------,punct,,,,,0.1777978178414366,O
že,SCONJ,"J,-------------",mark,,,,,0.0199593778479824,O
bude,AUX,VB-S---3F-AAI--,aux,,,Sing,,0.2496720316718706,O
moci,VERB,Vf--------A-I--,ccomp,,,,,0.0724919063642662,O
s,ADP,RR--7----------,case,Ins,,,,0.0694510996813755,O
Bozkirem,PROPN,NNMS7-----A----,obl:arg,Ins,Masc,Sing,Anim,0.0156570841768743,B-ps
podiskutovat,VERB,Vf--------A-P--,xcomp,,,,,0.2540671219117685,O
celou,ADJ,AAFS4----1A----,amod,Acc,Fem,Sing,,0.1079617026533363,O
řadu,NOUN,NNFS4-----A----,obj,Acc,Fem,Sing,,0.1138464306648998,O
záležitostí,NOUN,NNFP2-----A----,nmod,Gen,Fem,Plur,,-0.0120992937842364,O
",",PUNCT,Z:-------------,punct,,,,,0.0394306697614457,O
včetně,ADP,RR--2----------,case,Gen,,,,0.0074655663775812,O
otázky,NOUN,NNFS2-----A----,nmod,Gen,Fem,Sing,,0.1744061019722728,O
Kašmíru,PROPN,NNIS2-----A----,nmod,Gen,Masc,Sing,Inan,0.139852188341328,B-gr
",",PUNCT,Z:-------------,punct,,,,,0.1156386374170506,O
který,DET,P4YS1----------,nsubj,Nom,Masc,Sing,,0.1253367079063591,O
je,AUX,VB-S---3P-AAI--,cop,,,Sing,,-0.1791610709158811,O
rozdělen,ADJ,VsYS----X-APP--,acl:relcl,,Masc,Sing,,0.0111777145382648,O
mezi,ADP,RR--4----------,case,Acc,,,,0.033236005885097,O
Pákistán,PROPN,NNIS4-----A----,obl,Acc,Masc,Sing,Inan,0.046385322030021,B-gc
a,CCONJ,J^-------------,cc,,,,,-0.0612201666683335,O
Indii,PROPN,NNFS4-----A----,conj,Acc,Fem,Sing,,0.0050568512037478,B-gc
a,CCONJ,J^-------------,cc,,,,,-0.0570638079044209,O
jehož,DET,P1XXXZS3-------,det,,,,,0.1231725103887929,O
celé,ADJ,AANS4----1A----,amod,Acc,Neut,Sing,,0.1199506269136606,O
území,NOUN,NNNS4-----A----,obj,Acc,Neut,Sing,,-0.0883637544923223,O
si,PRON,P7--3----------,obl,Dat,,,,-0.1025428643545518,O
obě,NUM,CnHP1----------,nummod,Nom,"Fem,Neut",Plur,,0.0123842230580365,O
strany,NOUN,NNFP1-----A----,nsubj,Nom,Fem,Plur,,0.0359168908818662,O
nárokují,VERB,VB-P---3P-AAI--,conj,,,Plur,,0.0480002123081433,O
.,PUNCT,Z:-------------,punct,,,,,-0.1541909938893832,O
Premiér,NOUN,NNMS1-----A----,nsubj,Nom,Masc,Sing,Anim,-0.0106834555600526,O
Módí,PROPN,NNMS1-----A----,flat,Nom,Masc,Sing,Anim,0.0724367592077337,B-ps
vzdává,VERB,VB-S---3P-AAI--,root,,,Sing,,-0.0058098104252507,O
hold,NOUN,NNIS4-----A----,obj,Acc,Masc,Sing,Inan,-0.0198997099305025,O
Jacquesu,PROPN,NNMS3-----A---1,obl:arg,Dat,Masc,Sing,Anim,0.0030363506028701,B-P|B-pf
Chirakovi,PROPN,NNMS3-----A----,flat,Dat,Masc,Sing,Anim,0.1731275182648363,I-P|B-ps
",",PUNCT,Z:-------------,punct,,,,,-0.0832558249875445,O
nazývá,VERB,VB-S---3P-AAI--,conj,,,Sing,,-0.042739398425795,O
ho,PRON,P5ZS4--3-------,obj,Acc,"Masc,Neut",Sing,,-0.0817420219781733,O
pravým,ADJ,AAMS7----1A----,amod,Ins,Masc,Sing,Anim,-0.0657044382341539,O
globálním,ADJ,AAMS7----1A----,amod,Ins,Masc,Sing,Anim,0.0854632443539324,O
státníkem,NOUN,NNMS7-----A----,obl:arg,Ins,Masc,Sing,Anim,-0.0549579911640094,O
",",PUNCT,Z:-------------,punct,,,,,0.3280146565698941,O
přítelem,NOUN,NNMS7-----A----,appos,Ins,Masc,Sing,Anim,0.0135963128544757,O
Indie,PROPN,NNFS2-----A----,nmod,Gen,Fem,Sing,,0.1625058861890998,B-gc
Přestože,SCONJ,"J,-------------",mark,,,,,0.0244522564478303,O
se,PRON,P7-X4----------,expl:pv,Acc,,,,0.0189189719411725,O
mi,PRON,PH-S3--1-------,obl:arg,Dat,,Sing,,-0.0344833355997264,O
zdá,VERB,VB-S---3P-AAI--,advcl,,,Sing,,0.0133903129179032,O
být,AUX,Vf--------A-I--,cop,,,,,-0.039994782967469,O
spousta,NOUN,NNFS1-----A----,nsubj,Nom,Fem,Sing,,0.0652416651223501,O
výroků,NOUN,NNIP2-----A----,nmod,Gen,Masc,Plur,Inan,0.0450488723088789,O
ve,ADP,RV--6----------,case,Loc,,,,-0.1003534928803913,O
zprávě,NOUN,NNFS6-----A----,nmod,Loc,Fem,Sing,,0.0657124194673768,O
oznamovatele,NOUN,NNMS2-----A----,nmod,Gen,Masc,Sing,Anim,0.0182488042078625,O
znepokojivá,ADJ,AAFS1----1A----,xcomp,Nom,Fem,Sing,,0.4354559184315772,O
",",PUNCT,Z:-------------,punct,,,,,0.1364435043676799,O
je,AUX,VB-S---3P-AAI--,root,,,Sing,,-0.1247576857606417,O
tu,ADV,Db-------------,advmod,,,,,-0.0880333361458555,O
mnohem,ADV,Db-------------,advmod,,,,,-0.071270060278976,O
více,ADV,Dg-------2A----,nsubj,,,,,0.0453002691161454,O
informací,NOUN,NNFP2-----A----,nmod,Gen,Fem,Plur,,-0.0224895109932855,O
",",PUNCT,Z:-------------,punct,,,,,0.0171937518252911,O
které,DET,P4FP1----------,nsubj,Nom,Fem,Plur,,0.0466974626933212,O
jsou,AUX,VB-P---3P-AAI--,cop,,,Plur,,-0.0694175189059838,O
podivné“,ADJ,ACYS------A----,ccomp,,,,,-0.038872618545057,O
řekl,VERB,VpYS----R-AAP--,acl:relcl,,Masc,Sing,,-0.0621592870176332,O
Brindisi,PROPN,NNMS1-----A----,nsubj,Nom,Masc,Sing,Anim,-0.0369616840373138,B-ps
.,PUNCT,Z:-------------,punct,,,,,0.1367389879861836,O
Musíme,VERB,VB-P---1P-AAI--,root,,,Plur,,-0.0556897589290908,O
si,PRON,P7--3----------,expl:pv,Dat,,,,0.0505352961985492,O
promluvit,VERB,Vf--------A-P--,xcomp,,,,,0.0270111928935742,O
s,ADP,RR--7----------,case,Ins,,,,-0.0059293701609613,O
některými,DET,PZXP7----------,obl:arg,Ins,,Plur,,0.0939338415952636,O
z,ADP,RR--2----------,case,Gen,,,,-0.0271799724844697,O
těchto,DET,PDXP2----------,det,Gen,,Plur,,0.0174557839368701,O
úředních,ADJ,AAMP2----1A----,amod,Gen,Masc,Plur,Anim,0.029429482184819,O
činitelů,NOUN,NNMP2-----A----,nmod,Gen,Masc,Plur,Anim,-0.0338378845429578,O
",",PUNCT,Z:-------------,punct,,,,,0.0238849439125882,O
které,DET,P4YP4----------,obj,Acc,Masc,Plur,,0.0524176367995947,O
zpráva,NOUN,NNFS1-----A----,nsubj,Nom,Fem,Sing,,0.0734044997704061,O
uvádí,VERB,VB-S---3P-AAI--,acl:relcl,,,Sing,,-0.0235659047283326,O
",",PUNCT,Z:-------------,punct,,,,,0.1043362344429596,O
a,CCONJ,J^-------------,cc,,,,,0.1029571907175368,O
zjistit,VERB,Vf--------A-P--,conj,,,,,-0.1001024182381824,O
",",PUNCT,Z:-------------,punct,,,,,0.1389861217624443,O
k,ADP,RR--3----------,case,Dat,,,,-0.0548044833747864,O
čemu,PRON,PQ--3----------,obl,Dat,,,Inan,-0.0556450990147471,O
to,DET,PDNS1----------,nsubj,Nom,Neut,Sing,,0.053758155662358,O
směřuje,VERB,VB-S---3P-AAI--,ccomp,,,Sing,,0.0710616844375949,O
“,PUNCT,Z:-------------,punct,,,,,0.0985283582879829,O
.,PUNCT,Z:-------------,punct,,,,,0.4958027680001594,O
Pákistán,PROPN,NNIS1-----A----,nsubj,Nom,Masc,Sing,Inan,0.4693570995172688,B-gc
a,CCONJ,J^-------------,cc,,,,,0.1393298791962517,O
Anglie,PROPN,NNFS1-----A----,conj,Nom,Fem,Sing,,0.1266264449799267,B-gc
proti,ADP,RR--3----------,case,Dat,,,,0.3782734159847731,O
sobě,PRON,P6--3----------,obl,Dat,,,,-0.0550755187202399,O
budou,AUX,VB-P---3F-AAI--,aux,,,Plur,,0.0063641404390605,O
stát,VERB,Vf--------A-I--,root,,,,,0.0950576009170306,O
ve,ADP,RV--6----------,case,Loc,,,,0.0370299785798898,O
třech,NUM,Cl-P6----------,nummod,Loc,,Plur,,0.1691122861441231,O
testech,NOUN,NNIP6-----A----,obl,Loc,Masc,Plur,Inan,0.0440400354643769,O
a,CCONJ,J^-------------,cc,,,,,0.0108868445903292,O
v,ADP,RR--6----------,case,Loc,,,,0.3415880757167093,O
tolika,DET,Ca--6----------,det:nummod,Loc,,,,-0.078196239833315,O
T20I,NOUN,Q3-------------,conj,,,,,0.5617468561505811,O
.,PUNCT,Z:-------------,punct,,,,,-0.0101888663772355,O
Zapněte,VERB,Vi-P---2--A-P--,root,,,Plur,,-0.0895853599542586,O
vaši,DET,PSFS4-P2-------,det,Acc,Fem,Sing,,0.151053467126876,O
čtečku,NOUN,NNFS4-----A----,obj,Acc,Fem,Sing,,-0.1286957583443461,O
elektronických,ADJ,AAFP2----1A----,amod,Gen,Fem,Plur,,0.0487502550346054,O
knih,NOUN,NNFP2-----A----,nmod,Gen,Fem,Plur,,0.1225243820674732,O
.,PUNCT,Z:-------------,punct,,,,,0.8026345659037508,O
Proces,NOUN,NNIS1-----A----,nsubj,Nom,Masc,Sing,Inan,-0.116065608257101,O
v,ADP,RR--6----------,case,Loc,,,,-0.1088011488324923,O
případu,NOUN,NNIS6-----A---1,nmod,Loc,Masc,Sing,Inan,0.1895763277294011,O
demoličního,ADJ,AAIS2----1A----,amod,Gen,Masc,Sing,Inan,0.2326936591256627,O
soudu,NOUN,NNIS2-----A----,nmod,Gen,Masc,Sing,Inan,0.1757828077162838,O
mezitím,ADV,Db-------------,advmod,,,,,0.3438498155794015,O
pokračuje,VERB,VB-S---3P-AAI--,root,,,Sing,,0.2319780622495185,O
u,ADP,RR--2----------,case,Gen,,,,-0.2506526523045423,O
zvláštního,ADJ,AAIS2----1A----,amod,Gen,Masc,Sing,Inan,0.0650318520873526,O
soudu,NOUN,NNIS2-----A----,obl,Gen,Masc,Sing,Inan,0.4155853690492925,O
.,PUNCT,Z:-------------,punct,,,,,-0.0692443455254929,O
Pokud,SCONJ,"J,-------------",mark,,,,,0.1488846801552586,O
bychom,AUX,Vc----------Im-,aux,,,Plur,,0.1857065244133483,O
neměli,VERB,VpMP----R-NAI--,advcl,,Masc,Plur,Anim,-0.0865561625909185,O
tu,DET,PDFS4----------,det,Acc,Fem,Sing,,-0.0751971172037414,O
možnost,NOUN,NNFS4-----A----,obj,Acc,Fem,Sing,,-0.1302694802007278,O
volby,NOUN,NNFS2-----A----,nmod,Gen,Fem,Sing,,-0.1744222969018834,O
nebo,CCONJ,J^-------------,cc,,,,,-0.3514190355052363,O
by,AUX,Vc----------I--,aux,,,,,-0.0554846971724719,O
byli,AUX,VpMP----R-AAI--,aux:pass,,Masc,Plur,Anim,-0.2286032090022396,O
ohroženi,ADJ,VsMP----X-APP--,conj,,Masc,Plur,Anim,0.1446036858293173,O
zákazníci,NOUN,NNMP1-----A----,nsubj:pass,Nom,Masc,Plur,Anim,0.1715168825146584,O
",",PUNCT,Z:-------------,punct,,,,,0.0116400525016231,O
přes,ADP,RR--4----------,case,Acc,,,,0.0831785935715774,O
to,DET,PDNS4----------,obl,Acc,Neut,Sing,,-0.1934628604348303,O
bych,AUX,Vc----------Ic-,aux,,,Sing,,0.0715753819267999,O
už,ADV,Db-------------,advmod,,,,,0.3026272059080411,O
nešel,VERB,VpYS----R-NAI--,root,,Masc,Sing,,0.4149618025920488,O
.,PUNCT,Z:-------------,punct,,,,,-0.1713640853020933,O
Pokud,SCONJ,"J,-------------",mark,,,,,0.1017587169119631,O
máte,VERB,VB-P---2P-AAI--,advcl,,,Plur,,-0.1174154618337999,O
podezření,NOUN,NNNS4-----A----,obj,Acc,Neut,Sing,,-0.0807536866186478,O
na,ADP,RR--4----------,case,Acc,,,,0.0987669050070894,O
zdravotní,ADJ,AAFP4----1A----,amod,Acc,Fem,Plur,,-0.0918825006387297,O
potíže,NOUN,NNFP4-----A----,nmod,Acc,Fem,Plur,,-0.0744805311578617,O
",",PUNCT,Z:-------------,punct,,,,,0.0567979397191616,O
neprodleně,ADV,Dg-------1N----,advmod,,,,,0.1717370252760544,O
se,PRON,P7-X4----------,expl:pv,Acc,,,,-0.1410401201372137,O
obraťte,VERB,Vi-P---2--A-P--,root,,,Plur,,0.0133839122453966,O
na,ADP,RR--4----------,case,Acc,,,,0.0459303220630187,O
svého,DET,P8MS4----------,det,Acc,Masc,Sing,Anim,0.0689452438186647,O
poskytovatele,NOUN,NNMS4-----A----,obl:arg,Acc,Masc,Sing,Anim,0.0426612821435917,O
zdravotní,ADJ,AAFS2----1A----,amod,Gen,Fem,Sing,,-0.0589441757384143,O
péče,NOUN,NNFS2-----A----,nmod,Gen,Fem,Sing,,-0.2085940111655702,O
.,PUNCT,Z:-------------,punct,,,,,-0.7946818098169453,O
V,ADP,RR--6----------,case,Loc,,,,0.0664535047426943,O
případě,NOUN,NNIS6-----A----,fixed,Loc,Masc,Sing,Inan,0.5509767729645104,O
varianty,NOUN,NNFS2-----A----,obl,Gen,Fem,Sing,,0.0305684674234298,O
Delta,NOUN,NNFS1-----A----,nmod,Nom,Fem,Sing,,0.0624273303045239,B-op
může,VERB,VB-S---3P-AAI--,root,,,Sing,,-0.0276306732556156,O
být,AUX,Vf--------A-I--,aux:pass,,,,,-0.0616465806655859,O
detekována,ADJ,VsQW----X-APB--,ccomp,,"Fem,Neut","Plur,Sing",,0.0665943134577758,O
současným,ADJ,AAIS7----1A----,amod,Ins,Masc,Sing,Inan,0.1636465906286756,O
PCR,NOUN,BNXXX-----A----,nmod,,,,,0.3080781684085202,O
testem,NOUN,NNIS7-----A----,obl,Ins,Masc,Sing,Inan,0.2276768020080543,O
",",PUNCT,Z:-------------,punct,,,,,0.002724831208279,O
ale,CCONJ,J^-------------,cc,,,,,-0.014341539650737,O
Omicron,PROPN,NNIS1-----A----,nsubj,Nom,Masc,Sing,Inan,0.2394446571536143,B-op
nemůže,VERB,VB-S---3P-NAI--,conj,,,Sing,,-0.4830782609958016,O
.,PUNCT,Z:-------------,punct,,,,,0.0050948341858352,O
Truchlící,ADJ,AGMS1-----A----,amod,Nom,Masc,Sing,Anim,0.1580507926041888,O
otec,NOUN,NNMS1-----A----,nsubj,Nom,Masc,Sing,Anim,-0.0754112006615701,O
řekl,VERB,VpYS----R-AAP--,root,,Masc,Sing,,-0.1607316773229096,O
",",PUNCT,Z:-------------,punct,,,,,0.0718055731038295,O
že,SCONJ,"J,-------------",mark,,,,,-0.2214605248680137,O
nemá,VERB,VB-S---3P-NAI--,ccomp,,,Sing,,-0.2173223392062451,O
tušení,NOUN,NNNS4-----A----,obj,Acc,Neut,Sing,,0.0366538028225045,O
",",PUNCT,Z:-------------,punct,,,,,0.1195744552105094,O
kdo,PRON,PQ--1----------,nsubj,Nom,,,Anim,0.0460155346741051,O
by,AUX,Vc----------I--,aux,,,,,0.0353087443702717,O
chtěl,VERB,VpYS----R-AAI--,acl:relcl,,Masc,Sing,,-0.0250629300941459,O
jeho,DET,P9XXXZS3-------,det,,,,,0.0342638494836514,O
synovi,NOUN,NNMS3-----A----,obl:arg,Dat,Masc,Sing,Anim,0.1082993861745727,O
ublížit,VERB,Vf--------A-P--,xcomp,,,,,-0.0235239166774665,O
",",PUNCT,Z:-------------,punct,,,,,0.2092978745965909,O
a,CCONJ,J^-------------,cc,,,,,0.1076339267002055,O
řekl,VERB,VpYS----R-AAP--,conj,,Masc,Sing,,-0.2100765001436046,O
",",PUNCT,Z:-------------,punct,,,,,0.2676542040777304,O
že,SCONJ,"J,-------------",mark,,,,,0.2437339622665125,O
stále,ADV,Dg-------1A----,advmod,,,,,-0.3442279047221787,O
neví,VERB,VB-S---3P-NAI--,ccomp,,,Sing,,0.1690945650700596,O
",",PUNCT,Z:-------------,punct,,,,,0.1540396017381639,O
kdo,PRON,PQ--1----------,nsubj,Nom,,,Anim,0.0695203157102492,O
s,ADP,RR--7----------,case,Ins,,,,0.0859977898689728,O
ním,PRON,PEZS7--3------1,obl,Ins,"Masc,Neut",Sing,,-0.0317816717205877,O
byl,AUX,VpYS----R-AAI--,ccomp,,Masc,Sing,,0.1069206790825971,O
v,ADP,RR--6----------,case,Loc,,,,0.1748449985380245,O
autě,NOUN,NNNS6-----A----,obl,Loc,Neut,Sing,,0.024749865798482,O
",",PUNCT,Z:-------------,punct,,,,,0.0340366051613042,O
když,SCONJ,"J,-------------",mark,,,,,-0.0912141674687284,O
byl,AUX,VpYS----R-AAI--,aux:pass,,Masc,Sing,,0.2291765508479875,O
zastřelen,ADJ,VsYS----X-APP--,advcl,,Masc,Sing,,0.0318815681956367,O
.,PUNCT,Z:-------------,punct,,,,,0.1459042838177902,O
Stále,ADV,Dg-------1A----,advmod,,,,,0.289676653028662,O
hledáme,VERB,VB-P---1P-AAI--,root,,,Plur,,0.0767697680693926,O
způsoby,NOUN,NNIP4-----A----,obj,Acc,Masc,Plur,Inan,-0.0105761988462088,O
",",PUNCT,Z:-------------,punct,,,,,0.0177915326529959,O
jak,ADV,Db-------------,advmod,,,,,0.0004432112599178,O
zlepšit,VERB,Vf--------A-P--,acl,,,,,0.0869009360150137,O
naše,DET,PSXP4-P1-------,det,Acc,,Plur,,-0.0191733294716685,O
služby,NOUN,NNFP4-----A----,obj,Acc,Fem,Plur,,-0.0385668299478526,O
",",PUNCT,Z:-------------,punct,,,,,0.0503955578728981,O
a,CCONJ,J^-------------,cc,,,,,-0.0369850939363016,O
to,DET,PDNS1----------,nsubj:pass,Nom,Neut,Sing,,0.0322881078660937,O
bude,AUX,VB-S---3F-AAI--,aux:pass,,,Sing,,0.0039264491631971,O
zaznamenáno,ADJ,VsNS----X-APP--,conj,,Neut,Sing,,-0.0476579784844436,O
jako,SCONJ,"J,-------------",mark,,,,,-0.0264345765684366,O
zpětná,ADJ,AAFS1----1A----,amod,Nom,Fem,Sing,,0.0786170232358505,O
vazba,NOUN,NNFS1-----A----,xcomp,Nom,Fem,Sing,,0.0384337673996722,O
pro,ADP,RR--4----------,case,Acc,,,,-0.0156147681464224,O
jednoho,NUM,CnMS4----------,nummod,Acc,Masc,Sing,Anim,0.0649329040576259,O
z,ADP,RR--2----------,case,Gen,,,,-0.1051799119276463,O
našich,DET,PSXP2-P1-------,det,Gen,,Plur,,0.0592339232023171,O
vážených,ADJ,AAMP2----1A----,amod,Gen,Masc,Plur,Anim,0.0632194800619603,O
zákazníků,NOUN,NNMP2-----A----,nmod,Gen,Masc,Plur,Anim,-0.0585254702366039,O
.,PUNCT,Z:-------------,punct,,,,,0.844490780480992,O
Rozhovor,NOUN,NNIS1-----A----,nsubj,Nom,Masc,Sing,Inan,0.0976538657293175,B-oa
s,ADP,RR--7----------,case,Ins,,,,0.2262084810622507,I-oa
upírem“,NOUN,F%-------------,nmod,,,,,0.4014722650393615,I-oa
Anne,PROPN,NNFXX-----A----,nmod,,Fem,,,-0.0248369152909989,B-P|B-pf
Riceová,PROPN,NNFS1-----A----,flat,Nom,Fem,Sing,,-0.230905217354103,I-P|B-ps
zemřela,VERB,VpQW----R-AAP--,root,,"Fem,Neut","Plur,Sing",,0.0527621063205698,O
v,ADP,RR--6----------,case,Loc,,,,0.1287952793542878,O
osmdesáti,NUM,Cl-P6----------,nummod,Loc,,Plur,,0.3047933028910336,O
letech,NOUN,NNNP6-----A----,obl,Loc,Neut,Plur,,-0.0235422022394625,O
Naštěstí,ADV,Db-------------,advmod,,,,,-0.0264564528783517,O
je,AUX,VB-S---3P-AAI--,cop,,,Sing,,-0.1015259606471542,O
moje,DET,PSHS1-S1-------,det,Nom,"Fem,Neut",Sing,,0.1069035155622785,O
kůže,NOUN,NNFS1-----A----,nsubj,Nom,Fem,Sing,,-0.0703688001731048,O
nyní,ADV,Db-------------,advmod,,,,,-0.1802245426049604,O
silnější,ADJ,AAFS1----2A----,root,Nom,Fem,Sing,,0.0680631281769959,O
(,PUNCT,Z:-------------,punct,,,,,0.08559543974831,O
nejen,ADV,Db-------------,advmod:emph,,,,,-0.3685240283419302,O
proto,ADV,Db-------------,advmod,,,,,-0.1750487795165468,O
",",PUNCT,Z:-------------,punct,,,,,0.0489255730714079,O
že,SCONJ,"J,-------------",mark,,,,,-0.098605407032916,O
je,AUX,VB-S---3P-AAI--,cop,,,Sing,,-0.0039218635507315,O
v,ADP,RR--6----------,case,Loc,,,,0.0399180407709582,O
těchto,DET,PDXP6----------,det,Loc,,Plur,,-0.2106018643053488,O
dnech,NOUN,NNIP6-----A----,obl,Loc,Masc,Plur,Inan,0.1002499530971867,O
nadbytečná,ADJ,AAFS1----1A----,advcl,Nom,Fem,Sing,,-0.005560602530494,O
),PUNCT,Z:-------------,punct,,,,,0.4766454843003725,O
.,PUNCT,Z:-------------,punct,,,,,0.5292694259173937,O
Frank,PROPN,NNMS1-----A----,nsubj,Nom,Masc,Sing,Anim,-0.1238699496737649,B-P|B-pf
DeBerry,PROPN,NNMS1-----A----,flat,Nom,Masc,Sing,Anim,0.0819637714754797,I-P|B-ps
",",PUNCT,Z:-------------,punct,,,,,-0.0005632234152603,O
prezident,NOUN,NNMS1-----A----,appos,Nom,Masc,Sing,Anim,0.0323205914563215,O
a,CCONJ,J^-------------,cc,,,,,-0.0186600579844162,O
generální,ADJ,AAMS1----1A----,amod,Nom,Masc,Sing,Anim,-0.0796758186780454,O
ředitel,NOUN,NNMS1-----A----,conj,Nom,Masc,Sing,Anim,-0.0968502506056095,O
",",PUNCT,Z:-------------,punct,,,,,-0.0431305520786653,O
uvedl,VERB,VpYS----R-AAP--,root,,Masc,Sing,,-0.0001647556691765,O
",",PUNCT,Z:-------------,punct,,,,,0.004576948284988,O
že,SCONJ,"J,-------------",mark,,,,,-0.0414796770230529,O
všech,DET,PLXP2----------,det,Gen,,Plur,,-0.0495492195917272,O
šest,NUM,Cl-S1----------,nummod:gov,Nom,,Sing,,-0.0712542960903228,O
mužů,NOUN,NNMP2-----A----,nsubj,Gen,Masc,Plur,Anim,-0.0753329459575831,O
bylo,AUX,VpNS----R-AAI--,cop,,Neut,Sing,,-0.0447083873218315,O
držiteli,NOUN,NNMP7-----A----,ccomp,Ins,Masc,Plur,Anim,-0.0993471128871982,O
průkazů,NOUN,NNIP2-----A----,nmod,Gen,Masc,Plur,Inan,-0.0653567448424264,O
pro,ADP,RR--4----------,case,Acc,,,,-0.094964940920814,O
jízdu,NOUN,NNFS4-----A----,nmod,Acc,Fem,Sing,,-0.0450279983302149,O
v,ADP,RR--6----------,case,Loc,,,,0.0479827734896122,O
těžkém,ADJ,AAIS6----1A----,amod,Loc,Masc,Sing,Inan,0.0421795778343441,O
terénu,NOUN,NNIS6-----A---1,nmod,Loc,Masc,Sing,Inan,-0.0153301090752108,O
",",PUNCT,Z:-------------,punct,,,,,-0.0075426139025927,O
což,PRON,PQ--1----------,nsubj,Nom,,,,0.0250714321480101,O
znamená,VERB,VB-S---3P-AAI--,conj,,,Sing,,-0.1258254955139255,O
",",PUNCT,Z:-------------,punct,,,,,0.0092650269720797,O
že,SCONJ,"J,-------------",mark,,,,,0.0913780723480016,O
byli,AUX,VpMP----R-AAI--,aux:pass,,Masc,Plur,Anim,0.0173934438025602,O
zaregistrováni,ADJ,VsMP----X-APP--,ccomp,,Masc,Plur,Anim,0.0003686075572478,O
u,ADP,RR--2----------,case,Gen,,,,-0.02162634055689,O
lyžařské,ADJ,AAFS2----1A----,amod,Gen,Fem,Sing,,0.0080631011918702,O
hlídky,NOUN,NNFS2-----A----,obl,Gen,Fem,Sing,,0.0067819457533208,O
",",PUNCT,Z:-------------,punct,,,,,0.0785092634060892,O
zúčastnili,VERB,VpMP----R-AAP--,conj,,Masc,Plur,Anim,0.1144118185054645,O
se,PRON,P7-X4----------,expl:pv,Acc,,,,0.2808433264286622,O
instruktáže,NOUN,NNFS2-----A----,obl:arg,Gen,Fem,Sing,,0.048479058442769,O
o,ADP,RR--6----------,case,Loc,,,,-0.0428493495251006,O
tom,DET,PDZS6----------,det,Loc,"Masc,Neut",Sing,,-0.0969963582488573,O
",",PUNCT,Z:-------------,punct,,,,,0.0720806537351113,O
jak,ADV,Db-------------,advmod,,,,,0.0472592053926424,O
a,CCONJ,J^-------------,cc,,,,,0.0701482584672482,O
kde,ADV,Db-------------,conj,,,,,-0.0651317358535916,O
mohou,VERB,VB-P---3P-AAI-1,acl,,,Plur,,-0.0669305632318209,O
lyžovat,VERB,Vf--------A-I--,xcomp,,,,,0.023584526038054,O
v,ADP,RR--6----------,case,Loc,,,,0.0064448829839201,O
terénu,NOUN,NNIS6-----A---1,obl,Loc,Masc,Sing,Inan,0.0364443130250795,O
na,ADP,RR--6----------,case,Loc,,,,0.0759616874103344,O
území,NOUN,NNNS6-----A----,obl,Loc,Neut,Sing,,0.0227586067966621,O
střediska,NOUN,NNNS2-----A----,nmod,Gen,Neut,Sing,,0.0796795005417257,O
",",PUNCT,Z:-------------,punct,,,,,0.0287933375976054,O
a,CCONJ,J^-------------,cc,,,,,0.0558504254676315,O
před,ADP,RR--7----------,case,Ins,,,,0.0202637521322267,O
cestou,NOUN,NNFS7-----A----,obl,Ins,Fem,Sing,,0.0354371051664152,O
museli,VERB,VpMP----R-AAI--,conj,,Masc,Plur,Anim,0.0263849741059758,O
zkontrolovat,VERB,Vf--------A-P--,xcomp,,,,,0.0577374633447161,O
sněhové,ADJ,AAFP4----1A----,amod,Acc,Fem,Plur,,0.1174730518638908,O
podmínky,NOUN,NNFP4-----A----,obj,Acc,Fem,Plur,,-0.1316670995341079,O
.,PUNCT,Z:-------------,punct,,,,,-0.3671184158380741,O
Odmítnutí,NOUN,NNNS1-----A----,nsubj,Nom,Neut,Sing,,0.2147909583814686,O
odpovědět,VERB,Vf--------A-P--,acl,,,,,-0.2705166920179813,O
nebo,CCONJ,J^-------------,cc,,,,,0.0272196270438374,O
poskytnutí,NOUN,NNNS1-----A----,conj,Nom,Neut,Sing,,-0.1444592607714054,O
nepravdivých,ADJ,AAFP2----1N----,amod,Gen,Fem,Plur,,-0.0976898910262285,O
nebo,CCONJ,J^-------------,cc,,,,,-0.0695818452032657,O
zavádějících,ADJ,AGFP2-----A----,conj,Gen,Fem,Plur,,0.1898624661831226,O
odpovědí,NOUN,NNFP2-----A----,nmod,Gen,Fem,Plur,,0.0922794629803573,O
by,AUX,Vc----------I--,aux,,,,,0.001677695968537,O
znamenalo,VERB,VpNS----R-AAI--,root,,Neut,Sing,,0.112585705011658,O
maximálně,ADV,Dg-------1A----,advmod,,,,,0.1882749468325651,O
pětiletý,ADJ,AAIS4----1A----,amod,Acc,Masc,Sing,Inan,0.063089088768526,O
trest,NOUN,NNIS4-----A----,obj,Acc,Masc,Sing,Inan,-0.0246289268924743,O
.,PUNCT,Z:-------------,punct,,,,,0.2831245413035597,O
Thomas,PROPN,NNMS1-----A----,nsubj,Nom,Masc,Sing,Anim,0.3543265790527233,B-P|B-pf
Cook,PROPN,NNMS1-----A----,flat,Nom,Masc,Sing,Anim,-0.0650298311590442,I-P|B-ps
penzijní,ADJ,AAMP1----1A----,amod,Nom,Masc,Plur,Anim,0.0941502556337414,O
správci,NOUN,NNMP1-----A----,nsubj,Nom,Masc,Plur,Anim,0.1424465829063298,O
se,PRON,P7-X4----------,expl:pv,Acc,,,,0.0274598252801682,O
dohodnou,VERB,VB-P---3P-AAP--,root,,,Plur,,0.1360433311360208,O
na,ADP,RR--6----------,case,Loc,,,,-0.0021042111357767,O
záchraně,NOUN,NNFS6-----A----,obl:arg,Loc,Fem,Sing,,0.5066640694123821,O
výplaty,NOUN,NNFS2-----A----,nmod,Gen,Fem,Sing,,0.3795598192942223,O
Omlouváme,VERB,VB-P---1P-AAI--,root,,,Plur,,0.3855068028661039,O
se,PRON,P7-X4----------,expl:pv,Acc,,,,0.4265493959256753,O
za,ADP,RR--4----------,case,Acc,,,,0.2063229428306696,O
vzniklé,ADJ,AAFP4----1A----,amod,Acc,Fem,Plur,,0.2569290102125586,O
potíže,NOUN,NNFP4-----A----,obl:arg,Acc,Fem,Plur,,0.3476061495041214,O
.,PUNCT,Z:-------------,punct,,,,,-0.1982969819195826,O
Že,SCONJ,"J,-------------",mark,,,,,0.0249150385593257,O
musíš,VERB,VB-S---2P-AAI--,root,,,Sing,,0.0701061016039046,O
zůstat,VERB,Vf--------A-P--,xcomp,,,,,0.0634548377400075,O
věrný,ADJ,AAMS1----1A----,obj,Nom,Masc,Sing,Anim,-0.2060090155240159,O
tomu,DET,PDZS3----------,obl:arg,Dat,"Masc,Neut",Sing,,-0.2177555083786337,O
",",PUNCT,Z:-------------,punct,,,,,0.0772977852760036,O
kým,PRON,PQ--7----------,acl:relcl,Ins,,,Anim,0.1042033629812559,O
jsi,AUX,VB-S---2P-AAI--,cop,,,Sing,,0.3582779349098015,O
“,PUNCT,Z:-------------,punct,,,,,-0.2171025045212826,O
.,PUNCT,Z:-------------,punct,,,,,-0.5286467716785663,O
V,ADP,RR--6----------,case,Loc,,,,-0.1212454911277915,O
určité,ADJ,AAFS6----1A----,amod,Loc,Fem,Sing,,-0.1160410279367818,O
chvíli,NOUN,NNFS6-----A----,obl,Loc,Fem,Sing,,-0.0251623772460458,O
musíte,VERB,VB-P---2P-AAI--,root,,,Plur,,-0.1315886406314476,O
dělat,VERB,Vf--------A-I--,xcomp,,,,,-0.0041999229833267,O
skutečnou,ADJ,AAFS4----1A----,amod,Acc,Fem,Sing,,-0.2320843249623671,O
práci,NOUN,NNFS4-----A----,obj,Acc,Fem,Sing,,-0.1899704626677527,O
a,CCONJ,J^-------------,cc,,,,,0.1007130946231333,O
podívat,VERB,Vf--------A-P--,conj,,,,,-0.2211491128198068,O
se,PRON,P7-X4----------,expl:pv,Acc,,,,-0.0511552675539371,O
na,ADP,RR--4----------,case,Acc,,,,-0.1840695656102344,O
realitu,NOUN,NNFS4-----A----,obl:arg,Acc,Fem,Sing,,-0.0784857215672992,O
a,CCONJ,J^-------------,cc,,,,,0.1058283242882901,O
porovnat,VERB,Vf--------A-P--,conj,,,,,0.0814332697878606,O
ji,PRON,PEFS4--3-------,obj,Acc,Fem,Sing,,-0.1074399100615456,O
s,ADP,RR--7----------,case,Ins,,,,0.1638326900507399,O
tím,DET,PDZS7----------,obl:arg,Ins,"Masc,Neut",Sing,,-0.1354013274121765,O
",",PUNCT,Z:-------------,punct,,,,,-0.3110117557345542,O
co,PRON,PQ--4----------,obj,Acc,,,Inan,0.0576103394313577,O
si,PRON,P7--3----------,expl:pv,Dat,,,,-0.0964882174811978,O
myslí,VERB,VB-P---3P-AAI--,acl:relcl,,,Plur,,0.099660340631219,O
a,CCONJ,J^-------------,cc,,,,,0.144594393863027,O
poukázat,VERB,Vf--------A-P--,conj,,,,,0.1828305722741634,O
na,ADP,RR--4----------,case,Acc,,,,-0.0282483208581914,O
to,DET,PDNS4----------,obl:arg,Acc,Neut,Sing,,0.0496903725421667,O
",",PUNCT,Z:-------------,punct,,,,,0.021126807757514,O
v,ADP,RR--6----------,case,Loc,,,,0.0997048019572235,O
čem,PRON,PQ--6----------,obl:arg,Loc,,,Inan,-0.0380447144152177,O
se,PRON,P7-X4----------,expl:pv,Acc,,,,-0.0304477875794456,O
mýlí,VERB,VB-P---3P-AAI--,acl:relcl,,,Plur,,0.0729737593051587,O
.,PUNCT,Z:-------------,punct,,,,,0.0059630591633797,O
Malý,ADJ,AAIS1----1A----,amod,Nom,Masc,Sing,Inan,0.2836824391132846,O
kus,NOUN,NNIS1-----A----,nsubj:pass,Nom,Masc,Sing,Inan,-0.0552214620419069,O
horniny,NOUN,NNFS2-----A----,nmod,Gen,Fem,Sing,,0.0552413086121622,O
bude,AUX,VB-S---3F-AAI--,aux:pass,,,Sing,,-0.025396830278482,O
tento,DET,PDIS4----------,det,Acc,Masc,Sing,Inan,-0.0399221947197297,O
týden,NOUN,NNIS4-----A----,obl,Acc,Masc,Sing,Inan,-0.4391490310030864,O
vymrštěn,ADJ,VsYS----X-APP--,root,,Masc,Sing,,0.061490123763006,O
do,ADP,RR--2----------,case,Gen,,,,-0.1092073066434922,O
vesmíru,NOUN,NNIS2-----A----,obl,Gen,Masc,Sing,Inan,-0.0230828661038539,O
na,ADP,RR--4----------,case,Acc,,,,-0.0875603097034521,O
jednu,NUM,CnFS4----------,obl,Acc,Fem,Sing,,0.1049635459093921,O
z,ADP,RR--2----------,case,Gen,,,,-0.1171695011589551,O
nejpodivnějších,ADJ,AAFP2----3A----,amod,Gen,Fem,Plur,,-0.1560043081863915,O
meziplanetárních,ADJ,AAFP2----1A----,amod,Gen,Fem,Plur,,0.1331087084690093,O
cest,NOUN,NNFP2-----A----,nmod,Gen,Fem,Plur,,0.0695326980741241,O
",",PUNCT,Z:-------------,punct,,,,,0.1123161227806592,O
o,ADP,RR--4----------,case,Acc,,,,-0.0459329876107588,O
jakou,DET,P4FS4----------,obl:arg,Acc,Fem,Sing,,0.0231744966669814,O
se,PRON,P7-X4----------,expl:pv,Acc,,,,-0.1093595051591203,O
kdy,ADV,Db-------------,advmod,,,,,-0.1572461937189436,O
kdo,PRON,PQ--1----------,nsubj,Nom,,,Anim,0.0634019592482456,O
pokusil,VERB,VpYS----R-AAP--,acl:relcl,,Masc,Sing,,0.1524783626152661,O
.,PUNCT,Z:-------------,punct,,,,,0.3090655530299164,O
Pokud,SCONJ,"J,-------------",mark,,,,,0.0730209551094266,O
jste,AUX,VB-P---2P-AAI--,aux,,,Plur,,0.0648282884599417,O
byli,AUX,VpMP----R-AAI--,cop,,Masc,Plur,Anim,-0.712558209171063,O
s,ADP,RR--7----------,case,Ins,,,,0.0393741241625067,O
vaší,DET,PSFS2-P2-------,det,Loc,Fem,Sing,,0.0076009974585888,O
objednávkou,NOUN,NNFS7-----A----,obl:arg,Ins,Fem,Sing,,-0.0101882578406702,O
spokojeni,ADJ,ACMP------A----,advcl,,Masc,Plur,Anim,-0.2080468627786901,O
",",PUNCT,Z:-------------,punct,,,,,-0.1623940617648878,O
zašlete,VERB,VB-P---2P-AAP--,root,,,Plur,,0.2063137262746637,O
nám,PRON,PP-P3--1-------,obl:arg,Dat,,Plur,,-0.0246314585938884,O
kladnou,ADJ,AAFS4----1A----,amod,Acc,Fem,Sing,,0.3296012583981488,O
zpětnou,ADJ,AAFS4----1A----,amod,Acc,Fem,Sing,,0.120991213930092,O
vazbu,NOUN,NNFS4-----A----,obj,Acc,Fem,Sing,,0.1101680916993986,O
.,PUNCT,Z:-------------,punct,,,,,-0.2499392692071802,O
Téměř,ADV,Db-------------,advmod:emph,,,,,0.0226530576074643,O
polovina,NOUN,NNFS1-----A----,nsubj,Nom,Fem,Sing,,-0.011599566938215,O
úředníků,NOUN,NNMP2-----A----,nmod,Gen,Masc,Plur,Anim,-0.0194760636134665,O
",",PUNCT,Z:-------------,punct,,,,,0.1810732195762691,O
kteří,DET,P4MP1----------,nsubj,Nom,Masc,Plur,Anim,-0.121472128470198,O
odešli,VERB,VpMP----R-AAP--,acl:relcl,,Masc,Plur,Anim,-0.0518980630030241,O
do,ADP,RR--2----------,case,Gen,,,,-0.0860495605416374,O
důchodu,NOUN,NNIS2-----A----,obl,Gen,Masc,Sing,Inan,-0.0246425737495185,O
",",PUNCT,Z:-------------,punct,,,,,0.2158865563691211,O
byli,AUX,VpMP----R-AAI--,cop,,Masc,Plur,Anim,-0.0376682965554076,O
ti,DET,PDMP1----------,root,Nom,Masc,Plur,Anim,-0.0471266715997523,O
",",PUNCT,Z:-------------,punct,,,,,0.2042877387068951,O
které,DET,P4YP4----------,obj,Acc,Masc,Plur,,-0.0910891562563721,O
CBI,NOUN,BNXXX-----A----,nsubj,,,,,0.0165964414615911,B-io
zatkla,VERB,VpQW----R-AAP-1,acl:relcl,,"Fem,Neut","Plur,Sing",,0.1052915510418402,O
za,ADP,RR--4----------,case,Acc,,,,0.0200185728346901,O
údajné,ADJ,AANS4----1A----,amod,Acc,Neut,Sing,,-0.006176664137285,O
přijímání,NOUN,NNNS4-----A----,obl,Acc,Neut,Sing,,-0.0504094376861122,O
úplatků,NOUN,NNIP2-----A----,nmod,Gen,Masc,Plur,Inan,0.0191700988506557,O
.,PUNCT,Z:-------------,punct,,,,,0.0077261168794189,O
Jeden,NUM,CnYS1----------,nsubj:pass,Nom,Masc,Sing,,0.0597886442022458,O
z,ADP,RR--2----------,case,Gen,,,,0.0121576999278451,O
nich,PRON,PEXP2--3-------,nmod,Gen,,Plur,,0.0819555594648285,O
byl,AUX,VpYS----R-AAI--,aux:pass,,Masc,Sing,,0.0614913314556929,O
chycen,ADJ,VsYS----X-APP--,root,,Masc,Sing,,0.0845156012532361,O
při,ADP,RR--6----------,case,Loc,,,,-0.1383561711044851,O
braní,NOUN,NNNS6-----A----,obl,Loc,Neut,Sing,,0.0655830464551018,O
úplatku,NOUN,NNIS2-----A----,nmod,Gen,Masc,Sing,Inan,-0.0471858589720655,O
ve,ADP,RV--6----------,case,Loc,,,,-0.0724450016227196,O
výši,NOUN,NNFS6-----A----,nmod,Loc,Fem,Sing,,-0.0312405986221385,O
15,NUM,C=-------------,nummod,,,,,0.0535365525127184,B-nc
000,NUM,C=-------------,compound,,,,,-0.0496735092514892,I-nc
RS,NOUN,BNXXX-----A----,nmod,,,,,0.0759133695365985,B-om
.,PUNCT,Z:-------------,punct,,,,,0.0468756070509099,O
Další,ADJ,AAMS1----1A----,amod,Nom,Masc,Sing,Anim,-0.05253047876021,O
úředník,NOUN,NNMS1-----A----,nsubj,Nom,Masc,Sing,Anim,0.0459560465377359,O
je,AUX,VB-S---3P-AAI--,cop,,,Sing,,-0.1464858509594734,O
obviněn,ADJ,VsYS----X-APP--,root,,Masc,Sing,,0.1271355919496427,O
z,ADP,RR--2----------,case,Gen,,,,0.0536035359597973,O
nahromadění,NOUN,NNNS2-----A----,obl:arg,Gen,Neut,Sing,,0.0784277553258033,O
majetku,NOUN,NNIS2-----A----,nmod,Gen,Masc,Sing,Inan,0.0282669551066396,O
nepřiměřeného,ADJ,AAIS2----1N----,amod,Gen,Masc,Sing,Inan,0.0995628627556127,O
jeho,DET,P9XXXZS3-------,det,,,,,0.0197487573189565,O
oficiálnímu,ADJ,AAIS3----1A----,amod,Dat,Masc,Sing,Inan,0.0120039805132431,O
zdroji,NOUN,NNIS3-----A----,obl:arg,Dat,Masc,Sing,Inan,0.0087541044636156,O
příjmů,NOUN,NNIP2-----A----,nmod,Gen,Masc,Plur,Inan,-0.0446956938348274,O
.,PUNCT,Z:-------------,punct,,,,,0.4104626722580362,O
Zdálo,VERB,VpNS----R-AAI--,root,,Neut,Sing,,0.0526336251568713,O
se,PRON,P7-X4----------,expl:pv,Acc,,,,0.5163237626122991,O
",",PUNCT,Z:-------------,punct,,,,,0.4180665307396935,O
že,SCONJ,"J,-------------",mark,,,,,-0.1057094849874984,O
žádná,DET,PWFS1----------,det,Nom,Fem,Sing,,-0.1670349456218726,O
zaručená,ADJ,AAFS1----1A----,amod,Nom,Fem,Sing,,0.0779628530080581,O
spokojenost,NOUN,NNFS1-----A----,nsubj,Nom,Fem,Sing,,0.0979406326264654,O
neexistuje,VERB,VB-S---3P-NAI--,csubj,,,Sing,,-0.0854552988149796,O
.,PUNCT,Z:-------------,punct,,,,,0.4996405361351385,O
V,ADP,RR--6----------,case,Loc,,,,0.7786998934128063,O
č,NOUN,NNNXX-----A---b,obl,,Neut,,,0.0792587762313777,O
.,PUNCT,Z:-------------,punct,,,,,0.0734055938130895,O
10,NUM,C=-------------,nummod,,,,,0.0221742706410554,B-n_
a,CCONJ,J^-------------,cc,,,,,0.0819264506696244,O
hlavním,ADJ,AANS6----1A----,amod,Loc,Neut,Sing,,0.0241401769222377,O
sídle,NOUN,NNNS6-----A----,conj,Loc,Neut,Sing,,0.0152207832587213,O
konzervativní,ADJ,AAFS2----1A----,amod,Gen,Fem,Sing,,0.1099416649315371,O
strany,NOUN,NNFS2-----A----,nmod,Gen,Fem,Sing,,0.0434382402151619,O
se,PRON,P7-X4----------,expl:pv,Acc,,,,0.0541813259953738,O
konaly,VERB,VpTP----R-AAI--,root,,"Fem,Masc",Plur,Inan,0.0375406419587281,O
i,CCONJ,J^-------------,advmod:emph,,,,,-0.004850943491379,O
jiné,ADJ,AAIP1----1A----,amod,Nom,Masc,Plur,Inan,0.0374896042982437,O
večírky,NOUN,NNIP1-----A----,nsubj,Nom,Masc,Plur,Inan,0.0774129842205116,O
",",PUNCT,Z:-------------,punct,,,,,-0.0142322013648572,O
na,ADP,RR--6----------,case,Loc,,,,0.0997908502455843,O
kterých,DET,P4XP6----------,obl,Loc,,Plur,,0.0120318464488802,O
se,PRON,P7-X4----------,expl:pass,Acc,,,,0.177489505024053,O
vypilo,VERB,VpNS----R-AAP--,acl:relcl,,Neut,Sing,,0.0589312106751976,O
značné,ADJ,AANS1----1A----,amod,Nom,Neut,Sing,,-0.0546611254696295,O
množství,NOUN,NNNS1-----A----,nsubj:pass,Nom,Neut,Sing,,-0.0599634563564564,O
alkoholu,NOUN,NNIS2-----A----,nmod,Gen,Masc,Sing,Inan,-0.0328842599204217,O
",",PUNCT,Z:-------------,punct,,,,,0.0060351379927128,O
hrály,VERB,VpTP----R-AAI--,conj,,"Fem,Masc",Plur,Inan,-0.0047429928557141,O
hry,NOUN,NNFP1-----A----,nsubj:pass,Nom,Fem,Plur,,0.0475275216102966,O
",",PUNCT,Z:-------------,punct,,,,,0.0009974398997143,O
rozdávaly,VERB,VpTP----R-AAI--,conj,,"Fem,Masc",Plur,Inan,0.0164353165859406,O
dárky,NOUN,NNIP1-----A----,nsubj:pass,Nom,Masc,Plur,Inan,0.0472531667932269,O
od,ADP,RR--2----------,case,Gen,,,,0.0057369255332596,O
Santy,PROPN,NNFS2-----A----,nmod,Gen,Fem,Sing,,0.2086675190932498,B-p_
a,CCONJ,J^-------------,cc,,,,,0.0950943558401069,O
celkově,ADV,Dg-------1A----,advmod,,,,,-0.0304962594053008,O
probíhala,VERB,VpQW----R-AAI--,conj,,"Fem,Neut","Plur,Sing",,0.0928492665116617,O
zábava,NOUN,NNFS1-----A----,nsubj,Nom,Fem,Sing,,0.01700967356399,O
až,PART,TT-------------,advmod:emph,,,,,-0.0986484280080988,O
do,ADP,RR--2----------,case,Gen,,,,0.0354070223488694,O
rána,NOUN,NNNS2-----A----,obl,Gen,Neut,Sing,,0.0512190181084473,O
",",PUNCT,Z:-------------,punct,,,,,0.0490128771131721,O
jak,ADV,Db-------------,advmod,,,,,0.0524330787574531,O
potvrdily,VERB,VpTP----R-AAP--,parataxis,,"Fem,Masc",Plur,Inan,0.0092455673458736,O
zdroje,NOUN,NNIP1-----A----,nsubj,Nom,Masc,Plur,Inan,0.1572071863816099,O
médiím,NOUN,NNNP3-----A----,obl:arg,Dat,Neut,Plur,,0.0652214370938115,O
",",PUNCT,Z:-------------,punct,,,,,0.071319353711012,O
mimo,ADP,RR--4----------,case,Acc,,,,0.0767539785470943,O
jiné,ADJ,AANS4----1A----,dep,Acc,Neut,Sing,,-0.1187473018527259,O
Guardian,X,F%-------------,dep,,,,,-0.0222822467783519,B-mn
",",PUNCT,Z:-------------,punct,,,,,0.0714820714881113,O
Mirror,X,NNIS1-----A----,conj,,,,,0.0827155712403347,B-mn
",",PUNCT,Z:-------------,punct,,,,,0.0583214535070185,O
BBC,PROPN,BNXXX-----A----,conj,,,,,0.0440646427254843,B-mn
a,CCONJ,J^-------------,cc,,,,,-0.0134978328483676,O
Times,X,F%-------------,conj,,,,,0.1143258259147198,B-mn
.,PUNCT,Z:-------------,punct,,,,,0.0189535758264879,O
Sledování,NOUN,NNNS1-----A----,root,Nom,Neut,Sing,,0.9153168322059254,O
návštěv,NOUN,NNFP2-----A----,nmod,Gen,Fem,Plur,,0.2984185927449037,O
stránky,NOUN,NNFS2-----A----,nmod,Gen,Fem,Sing,,0.0423655179417461,O
s,ADP,RR--7----------,case,Ins,,,,0.2083708493442864,O
Auctiva,PROPN,F%-------------,nmod,Nom,Fem,Sing,,-0.0159395820132326,O
ZDARMA,ADV,Db-------------,dep,,,,,-0.0143288232623173,O
Totéž,DET,PDNS1----------,nsubj,Nom,Neut,Sing,,-0.0422248119487121,O
se,PRON,P7-X4----------,expl:pv,Acc,,,,0.1179404853014817,O
stalo,VERB,VpNS----R-AAP--,ccomp,,Neut,Sing,,0.2953991319931143,O
v,ADP,RR--6----------,case,Loc,,,,0.1771193134734146,O
Madhjapradéši,PROPN,NNIS6-----A----,obl,Loc,Masc,Sing,Inan,-0.0130853958343509,B-gc
",",PUNCT,Z:-------------,punct,,,,,0.3727991990011851,O
uvedl,VERB,VpYS----R-AAP--,root,,Masc,Sing,,-0.102964012612556,O
Kongres,NOUN,NNIS1-----A----,nsubj,Nom,Masc,Sing,Inan,-0.0400261300061027,B-io
.,PUNCT,Z:-------------,punct,,,,,0.4715121249616033,O
Na,ADP,RR--6----------,case,Loc,,,,-0.1617344662532376,O
palubě,NOUN,NNFS6-----A----,obl,Loc,Fem,Sing,,0.141877306343885,O
americké,ADJ,AAFS2----1A----,amod,Gen,Fem,Sing,,-0.1151151537911138,O
robotické,ADJ,AAFS2----1A----,amod,Gen,Fem,Sing,,0.3541277987720199,O
vesmírné,ADJ,AAFS2----1A----,amod,Gen,Fem,Sing,,0.0696439198727608,O
sondy,NOUN,NNFS2-----A----,nmod,Gen,Fem,Sing,,0.2343442348623726,O
",",PUNCT,Z:-------------,punct,,,,,0.0443214440060849,O
jež,PRON,P4FS1----------,nsubj,Nom,Fem,Sing,,0.0255821593686786,O
ve,ADP,RV--4----------,case,Acc,,,,-0.0213443524022973,O
čtvrtek,NOUN,NNIS4-----A----,obl,Acc,Masc,Sing,Inan,0.0882617898557834,O
vyrazí,VERB,VB-S---3P-AAP--,acl:relcl,,,Sing,,0.0962035238028874,O
na,ADP,RR--4----------,case,Acc,,,,0.0028572082287033,O
sedmiměsíční,ADJ,AAFS4----1A----,amod,Acc,Fem,Sing,,0.0154135105633633,O
cestu,NOUN,NNFS4-----A----,obl,Acc,Fem,Sing,,-0.0387413431129229,O
k,ADP,RR--3----------,case,Dat,,,,-0.0889640325825155,O
rudé,ADJ,AAFS3----1A----,amod,Dat,Fem,Sing,,0.1335463836380989,O
planetě,NOUN,NNFS3-----A----,nmod,Dat,Fem,Sing,,0.0663947736565347,O
",",PUNCT,Z:-------------,punct,,,,,-0.0515066539196067,O
bude,AUX,VB-S---3F-AAI--,root,,,Sing,,0.3786869286169581,O
i,CCONJ,J^-------------,advmod:emph,,,,,-0.0327515949344478,O
odštěpek,NOUN,NNIS1-----A----,nsubj,Nom,Masc,Sing,Inan,0.0830567413740519,O
marsovského,ADJ,AAIS2----1A----,amod,Gen,Masc,Sing,Inan,0.3721447360172484,O
čediče,NOUN,NNIS2-----A----,nmod,Gen,Masc,Sing,Inan,0.0841043563776433,O
",",PUNCT,Z:-------------,punct,,,,,0.0193590682652299,O
jež,PRON,P4FS1----------,nsubj,Nom,Fem,Sing,,0.0536322492929433,O
se,PRON,P7-X4----------,expl:pv,Acc,,,,0.0422812835697858,O
tak,ADV,Db-------------,advmod,,,,,0.0200733273849949,O
vrátí,VERB,VB-S---3P-AAP--,acl:relcl,,,Sing,,0.1188590445232016,O
na,ADP,RR--4----------,case,Acc,,,,0.3033217742567226,O
svou,DET,P8FS4---------1,det,Acc,Fem,Sing,,-0.0510831035548071,O
domovskou,ADJ,AAFS4----1A----,amod,Acc,Fem,Sing,,0.2603964224427302,O
planetu,NOUN,NNFS4-----A----,obl,Acc,Fem,Sing,,0.0241717624543562,O
.,PUNCT,Z:-------------,punct,,,,,0.418860188072146,O
zkontroloval,VERB,VpYS----R-AAP--,root,,Masc,Sing,,0.0429327247238096,O
jsem,AUX,VB-S---1P-AAI--,aux,,,Sing,,0.1333013262227336,O
také,ADV,Db-------------,advmod,,,,,-0.1640522189920869,O
můj,DET,PSIS4-S1-------,det,Acc,Masc,Sing,Inan,-0.0244371384509174,O
iPod,NOUN,NNIS4-----A----,obj,Acc,Masc,Sing,Inan,0.0178175341071316,O
a,CCONJ,J^-------------,cc,,,,,-0.0094162089852124,O
zdá,VERB,VB-S---3P-AAI--,conj,,,Sing,,-0.1227754135527141,O
se,PRON,P7-X4----------,expl:pv,Acc,,,,0.04363990856187,O
",",PUNCT,Z:-------------,punct,,,,,0.4865552895815839,O
že,SCONJ,"J,-------------",mark,,,,,0.0092785224892625,O
AM,NOUN,BNXXX-----A----,nsubj,,,,,0.0229238771521266,B-op
používá,VERB,VB-S---3P-AAI--,csubj,,,Sing,,-0.098632266098348,O
pouze,ADV,Db-------------,advmod:emph,,,,,-0.2704571866262396,O
15,NUM,C=-------------,obj,,,,,0.042187387125295,B-nc
GB,NOUN,BNXXX-----A----,nmod,,,,,-0.0602424795692991,B-oe
pro,ADP,RR--4----------,case,Acc,,,,0.3083402962158986,O
dokumenty,NOUN,NNIP4-----A----,nmod,Acc,Masc,Plur,Inan,-0.001310477774065,O
a,CCONJ,J^-------------,cc,,,,,0.1343022532538947,O
údaje,NOUN,NNIP4-----A----,conj,Acc,Masc,Plur,Inan,0.0037794660449795,O
na,ADP,RR--6----------,case,Loc,,,,0.0922536896135782,O
něm,PRON,PEZS6--3-------,nmod,Loc,"Masc,Neut",Sing,,-0.1348089559323281,O
ale,CCONJ,J^-------------,cc,,,,,0.0407530498631661,O
stále,ADV,Dg-------1A----,advmod,,,,,-0.0094192368627425,O
to,DET,PDNS1----------,nsubj,Nom,Neut,Sing,,0.0374927466255003,O
není,AUX,VB-S---3P-NAI--,cop,,,Sing,,0.0301357149678196,O
přijatelné,ADJ,AANS1----1A----,conj,Nom,Neut,Sing,,0.2211143706487296,O
.,PUNCT,Z:-------------,punct,,,,,0.4522350304763441,O
Je,AUX,VB-S---3P-AAI--,cop,,,Sing,,-0.0601135046972761,O
mi,PRON,PH-S3--1-------,obl:arg,Dat,,Sing,,-0.0014204015971025,O
opravdu,ADV,Db-------------,advmod,,,,,0.1881856521634559,O
líto,ADV,Db-------------,root,,,,,0.0003330586869336,O
",",PUNCT,Z:-------------,punct,,,,,0.3277088750332357,O
že,SCONJ,"J,-------------",mark,,,,,0.2708684834750267,O
máte,VERB,VB-P---2P-AAI--,csubj,,,Plur,,0.1437607194756872,O
tento,DET,PDIS4----------,det,Acc,Masc,Sing,Inan,0.0706174919205664,O
problém,NOUN,NNIS4-----A----,obj,Acc,Masc,Sing,Inan,0.0775139895019595,O
se,ADP,RV--7----------,case,Ins,,,,0.2240418824765784,O
svým,DET,P8ZS7----------,det,Ins,"Masc,Neut",Sing,,0.181411636409917,O
eBookem,NOUN,NNIS7-----A----,obl,Ins,Masc,Sing,Inan,0.0935936934573396,B-op
",",PUNCT,Z:-------------,punct,,,,,0.0451661102975683,O
jsem,AUX,VB-S---1P-AAI--,cop,,,Sing,,0.5033284844260046,O
však,CCONJ,J^-------------,cc,,,,,0.1892078834598761,O
ochoten,ADJ,ACYS------A----,conj,,Masc,Sing,,-0.0810734972980219,O
vám,PRON,PP-P3--2-------,obl:arg,Dat,,Plur,,-0.0264396421977209,O
pomoci,VERB,Vf--------A-P-1,xcomp,,,,,0.2823764737856938,O
.,PUNCT,Z:-------------,punct,,,,,0.0685174691513175,O
Pokusíme,VERB,VB-P---1P-AAP--,root,,,Plur,,0.0009757961707695,O
se,PRON,P7-X4----------,expl:pv,Acc,,,,0.0454792078327757,O
vám,PRON,PP-P3--2-------,obl:arg,Dat,,Plur,,0.0204344738938634,O
co,ADV,Db-------------,advmod,,,,,0.121780974734756,O
nejrychleji,ADV,Dg-------3A----,advmod,,,,,0.1925497661414496,O
dostat,VERB,Vf--------A-P--,xcomp,,,,,-0.0995804637411866,O
zpět,ADV,Db-------------,advmod,,,,,0.1522697792545328,O
",",PUNCT,Z:-------------,punct,,,,,0.0300472340757174,O
ale,CCONJ,J^-------------,cc,,,,,0.3008331643662296,O
může,VERB,VB-S---3P-AAI--,conj,,,Sing,,-0.2387378477885539,O
to,DET,PDNS1----------,nsubj,Nom,Neut,Sing,,-0.3687046950639941,O
trvat,VERB,Vf--------A-I--,xcomp,,,,,0.3307080974973508,O
až,PART,TT-------------,advmod:emph,,,,,-0.3222273587034565,O
24,NUM,C=-------------,nummod:gov,,,,,0.1518267616069057,B-nc
hodin,NOUN,NNFP2-----A----,obl,Gen,Fem,Plur,,0.0250282401076752,O
.,PUNCT,Z:-------------,punct,,,,,0.0161376772997545,O
Během,ADP,RR--2----------,case,Gen,,,,0.0520460277832465,O
Hold,X,F%-------------,obl,,,,,-0.0347218545351592,O
Kargil,X,F%-------------,flat:foreign,,,,,0.0956306181807217,O
Heroes,X,F%-------------,flat:foreign,,,,,-0.0880871596509336,O
",",PUNCT,Z:-------------,punct,,,,,-0.0233901749278635,O
PM,NOUN,BNXXX-----A----,nmod,,,,,0.1490784716246961,O
Narendra,PROPN,NNMS1-----A----,conj,Nom,Masc,Sing,Anim,0.192118264328644,O
Modi,PROPN,NNMS1-----A----,flat,Nom,Masc,Sing,Anim,0.0726562491015528,B-p_
říká,VERB,VB-S---3P-AAI--,root,,,Sing,,-0.0382176467818951,O
",",PUNCT,Z:-------------,punct,,,,,-0.0277696721529732,O
že,SCONJ,"J,-------------",mark,,,,,0.0109232534992108,O
Pákistán,PROPN,NNIS1-----A----,nsubj,Nom,Masc,Sing,Inan,0.0358938296390414,B-gc
se,PRON,P7-X4----------,expl:pv,Acc,,,,0.0001733174430856,O
pokusil,VERB,VpYS----R-AAP--,ccomp,,Masc,Sing,,0.2633806677466134,O
Backstab,X,F%-------------,obj,,,,,0.5314660342055058,O
"""",PUNCT,Z:-------------,punct,,,,,-0.2217868706257377,O
"""",PUNCT,Z:-------------,punct,,,,,0.0594412534187678,O
Indii,PROPN,NNFS3-----A----,nmod,Dat,Fem,Sing,,0.5752955491125753,B-gc
"""",PUNCT,Z:-------------,punct,,,,,0.0268335528614788,O
Ale,CCONJ,J^-------------,cc,,,,,-0.0394360766777076,O
prosím,VERB,VB-S---1P-AAI--,root,,,Sing,,0.0580710394498225,O
",",PUNCT,Z:-------------,punct,,,,,-0.0659900403603836,O
dejte,VERB,Vi-P---2--A-P--,conj,,,Plur,,0.0370408861548562,O
mi,PRON,PH-S3--1-------,obl:arg,Dat,,Sing,,0.0719160354938425,O
vědět,VERB,Vf--------A-I--,xcomp,,,,,-0.0162641995903645,O
",",PUNCT,Z:-------------,punct,,,,,0.0125195359021602,O
pokud,SCONJ,"J,-------------",mark,,,,,0.1985197919808348,O
jste,AUX,VB-P---2P-AAI--,aux,,,Plur,,-0.1100719930917989,O
byli,AUX,VpMP----R-AAI--,cop,,Masc,Plur,Anim,-0.0721184260788174,O
schopni,ADJ,ACMP------A----,advcl,,Masc,Plur,Anim,0.2562824944321275,O
klepnout,VERB,Vf--------A-P--,xcomp,,,,,0.3419420079426524,O
na,ADP,RR--4----------,case,Acc,,,,0.4213279833156312,O
zařízení,NOUN,NNNS4-----A----,obl,Acc,Neut,Sing,,-0.2583272392187283,O
",",PUNCT,Z:-------------,punct,,,,,0.0633730459989418,O
kde,ADV,Db-------------,advmod,,,,,0.2728839609072393,O
obrázky,NOUN,NNIP4-----A----,obj,Acc,Masc,Plur,Inan,-0.2827036246041762,O
říkají,VERB,VB-P---3P-AAI--,acl:relcl,,,Plur,,0.2633301977593673,O
Erik,PROPN,NNMS1-----A----,nsubj,Nom,Masc,Sing,Anim,-0.0684298884816365,B-P|B-pf
Hanell,PROPN,NNMS1-----A----,flat,Nom,Masc,Sing,Anim,0.0259809717214673,I-P|B-ps
",",PUNCT,Z:-------------,punct,,,,,0.0670045413267637,O
prezident,NOUN,NNMS1-----A----,appos,Nom,Masc,Sing,Anim,0.0024949899651285,O
a,CCONJ,J^-------------,cc,,,,,0.260145151399839,O
generální,ADJ,AAMS1----1A----,amod,Nom,Masc,Sing,Anim,-0.0484047584575207,O
ředitel,NOUN,NNMS1-----A----,conj,Nom,Masc,Sing,Anim,-0.0329452013466361,O
společnosti,NOUN,NNFS2-----A----,nmod,Gen,Fem,Sing,,-0.2268547138701149,O
Stena,X,F%-------------,nmod,,,,,0.0661360993288826,B-if
Bulk,X,F%-------------,flat:foreign,,,,,0.0572542332829018,I-if
a,CCONJ,J^-------------,cc,,,,,0.1344081322373759,O
provozovatel,NOUN,NNMS1-----A----,conj,Nom,Masc,Sing,Anim,0.1672412855949628,O
lodi,NOUN,NNFS2-----A---1,nmod,Gen,Fem,Sing,,0.025497550335639,O
",",PUNCT,Z:-------------,punct,,,,,-0.6588682640221459,O
rovněž,ADV,Db-------------,advmod,,,,,-0.3131696605211686,O
potvrdil,VERB,VpYS----R-AAP--,root,,Masc,Sing,,-0.0157323070503819,O
",",PUNCT,Z:-------------,punct,,,,,0.1070643936153534,O
že,SCONJ,"J,-------------",mark,,,,,0.1703468653352745,O
loď,NOUN,NNFS1-----A----,nsubj:pass,Nom,Fem,Sing,,0.0150183217605227,O
byla,AUX,VpQW----R-AAI--,aux:pass,,"Fem,Neut","Plur,Sing",,-0.0027306739334347,O
propuštěna,ADJ,VsQW----X-APP--,ccomp,,"Fem,Neut","Plur,Sing",,0.2526530082480049,O
.,PUNCT,Z:-------------,punct,,,,,-0.1287044877054274,O
Neznamená,VERB,VB-S---3P-NAI--,root,,,Sing,,0.0824106788808336,O
to,DET,PDNS1----------,nsubj,Nom,Neut,Sing,,0.0654490007300349,O
",",PUNCT,Z:-------------,punct,,,,,0.299501298052775,O
že,SCONJ,"J,-------------",mark,,,,,0.0409026241194634,O
jsem,AUX,VB-S---1P-AAI--,cop,,,Sing,,0.0988180346873743,O
vyloženě,ADV,Dg-------1A----,advmod,,,,,0.3071851494925544,O
zaměřená,ADJ,AAFS1----1A----,ccomp,Nom,Fem,Sing,,0.1211166874656465,O
proti,ADP,RR--3----------,case,Dat,,,,0.1854518977827318,O
lockdownům,NOUN,NNIP3-----A----,obl:arg,Dat,Masc,Plur,Inan,0.0481091310621193,O
nebo,CCONJ,J^-------------,cc,,,,,0.5527624156494756,O
distancování,NOUN,NNNS3-----A----,conj,Dat,Neut,Sing,,0.2210459344826459,O
.,PUNCT,Z:-------------,punct,,,,,0.1546449613443886,O
Všechny,DET,PLFP1----------,det,Nom,Fem,Plur,,0.0883837452753089,O
ceny,NOUN,NNFP1-----A----,nsubj,Nom,Fem,Plur,,0.1255786114519463,O
jsou,AUX,VB-P---3P-AAI--,cop,,,Plur,,0.0499241571426785,O
finální,ADJ,AAFP1----1A----,root,Nom,Fem,Plur,,0.0026717683132913,O
a,CCONJ,J^-------------,cc,,,,,0.085523020915946,O
očekáváme,VERB,VB-P---1P-AAI--,conj,,,Plur,,0.2998353576791567,O
platbu,NOUN,NNFS4-----A----,obj,Acc,Fem,Sing,,0.2213260511185926,O
do,ADP,RR--2----------,case,Gen,,,,0.1773416628303255,O
5,NUM,C=-------------,nummod,,,,,0.2020594296612212,B-nc
pracovních,ADJ,AAIP2----1A----,amod,Gen,Masc,Plur,Inan,0.1057096278004064,O
dnů,NOUN,NNIP2-----A----,obl,Gen,Masc,Plur,Inan,-0.1455313727430695,O
.,PUNCT,Z:-------------,punct,,,,,-0.5247003378668141,O
Víte,VERB,VB-P---2P-AAI--,root,,,Plur,,-0.0125090452554361,O
",",PUNCT,Z:-------------,punct,,,,,0.6138446005314674,O
že,SCONJ,"J,-------------",mark,,,,,0.1320506888505298,O
vám,PRON,PP-P3--2-------,obl:arg,Dat,,Plur,,-0.4612383459091956,O
rozumím,VERB,VB-S---1P-AAI--,ccomp,,,Sing,,0.1485655970262819,O
.,PUNCT,Z:-------------,punct,,,,,0.4286795753301435,O
Když,SCONJ,"J,-------------",mark,,,,,-0.2260663677543914,O
bezprostředně,ADV,Dg-------1A----,advmod,,,,,0.1037920436591595,O
hrozila,VERB,VpQW----R-AAI--,advcl,,"Fem,Neut","Plur,Sing",,-0.0638820697024473,O
tornáda,NOUN,NNNP1-----A----,nsubj,Nom,Neut,Plur,,0.0636125657945172,O
",",PUNCT,Z:-------------,punct,,,,,0.0567030146167531,O
chlapci,NOUN,NNMP1-----A----,nsubj,Nom,Masc,Plur,Anim,0.1073337683275777,O
z,ADP,RR--2----------,case,Gen,,,,-0.0097097654454725,O
předpovědi,NOUN,NNFS2-----A----,nmod,Gen,Fem,Sing,,0.1212063029371126,O
počasí,NOUN,NNNS2-----A----,nmod,Gen,Neut,Sing,,0.0115431864558773,O
vetšinou,ADV,Db-------------,advmod,,,,,-0.2175292163029173,O
říkají,VERB,VB-P---3P-AAI--,root,,,Plur,,-0.0828541954340424,O
věci,NOUN,NNFP4-----A----,obj,Acc,Fem,Plur,,0.0406703750326766,O
jako,SCONJ,"J,-------------",mark,,,,,0.0941906407418595,O
“Teď,PART,Db-------------,advmod,,,,,0.0568105239743456,O
se,PRON,P7-X4----------,expl:pv,Acc,,,,0.0379340411205733,O
ukryjte“,VERB,Db-------------,acl,,,,,-0.0258522359361468,O
",",PUNCT,Z:-------------,punct,,,,,0.1594437242592437,O
SNP,NOUN,BNXXX-----A----,nsubj,,,,,0.2013407551604426,B-io
mohl,VERB,VpYS----R-AAI--,root,,Masc,Sing,,-0.5003349554223746,O
podpořit,VERB,Vf--------A-P--,xcomp,,,,,0.1181420035656949,O
Jeremyho,PROPN,NNMS4-----A----,obj,Acc,Masc,Sing,Anim,0.1504146153657957,B-P|B-pf
Corbyna,PROPN,NNMS4-----A----,flat,Acc,Masc,Sing,Anim,0.2707065884839774,I-P|B-ps
jako,SCONJ,"J,-------------",mark,,,,,0.270215762837392,O
dočasného,ADJ,AAMS4----1A----,amod,Acc,Masc,Sing,Anim,0.0539308080020687,O
PM,NOUN,BNXXX-----A----,xcomp,,,,,0.1162369314642341,B-io
",",PUNCT,Z:-------------,punct,,,,,0.3634097538656879,O
aby,AUX,Vc-------------,aux,,,,,0.1873134209845597,O
zastavil,VERB,VpYS----R-AAP--,advcl,,Masc,Sing,,0.0536025379965497,O
bezobchodní,ADJ,AAIS4----1A----,amod,Acc,Masc,Sing,Inan,0.2389197478317341,O
Brexit,PROPN,NNIS4-----A----,obj,Acc,Masc,Sing,Inan,0.4026092000785612,O
Dnes,ADV,Db-------------,advmod,,,,,0.0452265527508224,O
nemáme,VERB,VB-P---1P-NAI--,ccomp,,,Plur,,0.0236008723980991,O
obavy,NOUN,NNFP4-----A----,obj,Acc,Fem,Plur,,0.0303547729966,O
ani,CCONJ,J^-------------,cc,,,,,-0.173223324392165,O
nedostatek,NOUN,NNIS4-----A----,conj,Acc,Masc,Sing,Inan,-0.0130568285698387,O
vakcíny,NOUN,NNFS2-----A----,nmod,Gen,Fem,Sing,,-0.0418699525890785,O
a,CCONJ,J^-------------,cc,,,,,0.0886794015219737,O
vše,DET,PLNS1---------1,nsubj,Nom,Neut,Sing,,-0.0095674099635982,O
je,AUX,VB-S---3P-AAI--,cop,,,Sing,,-0.0310621127469222,O
připraveno,ADJ,VsNS----X-APP--,conj,,Neut,Sing,,0.0366076638246718,O
na,ADP,RR--4----------,case,Acc,,,,-0.0609008504606298,O
očkování,NOUN,NNNS4-----A----,obl:arg,Acc,Neut,Sing,,0.1354930108843372,O
třetí,ADJ,CrFS7----------,amod,Ins,Fem,Sing,,-0.0446274216780324,O
a,CCONJ,J^-------------,cc,,,,,0.2498796137120013,O
čtvrtou,ADJ,CrFS7----------,conj,Ins,Fem,Sing,,-0.1920782703957421,O
dávkou,NOUN,NNFS7-----A----,nmod,Ins,Fem,Sing,,-0.0500324267857508,O
",",PUNCT,Z:-------------,punct,,,,,0.2755652424853217,O
“,PUNCT,Z:-------------,punct,,,,,0.0624671634848268,O
dodal,VERB,VpYS----R-AAP--,root,,Masc,Sing,,-0.1011495800894926,O
Mokhber,PROPN,NNMS1-----A----,nsubj,Nom,Masc,Sing,Anim,-0.0070191258830141,B-ps
.,PUNCT,Z:-------------,punct,,,,,0.2973039447494587,O
ISLÁMÁBÁD,PROPN,NNIS1-----A----,root,Nom,Masc,Sing,Inan,0.4931885488931892,B-gu
–,PUNCT,Z:-------------,punct,,,,,-0.1082333294773912,O
Dle,ADP,RR--2----------,case,Gen,,,,-0.0448393550639193,O
zprávy,NOUN,NNFS2-----A----,obl,Gen,Fem,Sing,,-0.0751963244442223,O
OSN,PROPN,BNXXX-----A----,nmod,,,,,0.0010154645685117,B-io
se,PRON,P7-X4----------,expl:pv,Acc,,,,-0.0877304529906749,O
v,ADP,RR--6----------,case,Loc,,,,-0.0202879655821652,O
současnosti,NOUN,NNFS6-----A----,obl,Loc,Fem,Sing,,-0.0195497885361577,O
v,ADP,RR--6----------,case,Loc,,,,-0.0919245895232705,O
Afghánistánu,PROPN,NNIS6-----A----,obl,Loc,Masc,Sing,Inan,0.0397862183873586,B-gc
ukrývá,VERB,VB-S---3P-AAI--,root,,,Sing,,0.0238549268463387,O
více,ADV,Dg-------2A----,nsubj,,,,,0.1491255657206777,O
než,SCONJ,"J,-------------",mark,,,,,0.0991377486502579,O
6,NUM,C=-------------,obl,,,,,0.0883058519366755,B-nc
000,NUM,C=-------------,obl,,,,,0.0215398177504752,I-nc
pákistánských,ADJ,AAMP2----1A----,amod,Gen,Masc,Plur,Anim,0.0393405514524135,O
vzbouřenců,NOUN,NNMP2-----A----,nmod,Gen,Masc,Plur,Anim,0.0376913729828144,O
",",PUNCT,Z:-------------,punct,,,,,0.1473526578198364,O
z,ADP,RR--2----------,case,Gen,,,,0.0248888206993428,O
nichž,PRON,P4XP2----------,nmod,Gen,,Plur,,0.0765418749512098,O
většina,NOUN,NNFS1-----A----,nsubj,Nom,Fem,Sing,,-0.0911741062517527,O
patří,VERB,VB-S---3P-AAI--,acl:relcl,,,Sing,,-0.1488967403814359,O
k,ADP,RR--3----------,case,Dat,,,,-0.0934470961756673,O
nezákonné,ADJ,AAFS3----1N----,amod,Dat,Fem,Sing,,0.0793698356681868,O
pákistánské,ADJ,AAFS3----1A----,amod,Dat,Fem,Sing,,-0.0008219357752513,O
skupině,NOUN,NNFS3-----A----,obl:arg,Dat,Fem,Sing,,0.0858381057260436,O
Tálibánu,PROPN,NNIS2-----A----,nmod,Gen,Masc,Sing,Inan,0.0901848123081592,B-io
odpovědné,ADJ,AAFS3----1A----,amod,Dat,Fem,Sing,,-0.1085242954172381,O
za,ADP,RR--4----------,case,Acc,,,,-0.0188211006505487,O
útoky,NOUN,NNIP4-----A----,obl:arg,Acc,Masc,Plur,Inan,-0.0240328105412537,O
na,ADP,RR--4----------,case,Acc,,,,0.0365963811056243,O
pákistánské,ADJ,AAIP4----1A----,amod,Acc,Masc,Plur,Inan,0.0599030692559138,O
vojenské,ADJ,AAIP4----1A----,amod,Acc,Masc,Plur,Inan,-0.0948015483856765,O
a,CCONJ,J^-------------,cc,,,,,-0.1416394567641277,O
civilní,ADJ,AAIP4----1A----,conj,Acc,Masc,Plur,Inan,-0.011241893906348,O
cíle,NOUN,NNIP4-----A----,nmod,Acc,Masc,Plur,Inan,0.1339456120652868,O
.,PUNCT,Z:-------------,punct,,,,,0.0756410340029422,O
ALE,CCONJ,J^-------------,cc,,,,,-0.0565209195829464,O
když,SCONJ,"J,-------------",mark,,,,,0.0199877998849468,O
by,AUX,Vc-------------,aux,,,,,0.1536282966106246,O
řekli,VERB,VpMP----R-AAP--,root,,Masc,Plur,Anim,0.1538354919055315,O
něco,PRON,PK--4----------,obj,Acc,,,Inan,-0.2670557775985952,O
jako,SCONJ,"J,-------------",mark,,,,,-0.2639929374635058,O
Pracujte,VERB,Vi-P---2--A-I--,acl,,,Plur,,0.1234994353686856,O
dál,ADV,Db-------------,advmod,,,,,-0.710873614188665,O
!,PUNCT,Z:-------------,punct,,,,,-0.115451597828672,O
“,PUNCT,Z:-------------,punct,,,,,0.1237047290744299,O
Více,ADV,Dg-------2A----,nsubj,,,,,-0.0888695660141638,O
než,SCONJ,"J,-------------",mark,,,,,0.0639368179648695,O
100,NUM,C=-------------,obl,,,,,0.0703632398258602,B-nc
000,NUM,C=-------------,nummod:gov,,,,,0.0143897772445787,I-nc
domů,NOUN,NNIP2-----A----,nmod,Gen,Masc,Plur,Inan,0.1352569564501159,O
bylo,AUX,VpNS----R-AAI--,root,,Neut,Sing,,0.0595991487576045,O
bez,ADP,RR--2----------,case,Gen,,,,0.1063906507091297,O
přívodu,NOUN,NNIS2-----A----,obl,Gen,Masc,Sing,Inan,0.0400872341492507,O
el,ADJ,AAXXX----1A---b,amod,,,,,-0.0975831962234102,O
.,PUNCT,Z:-------------,punct,,,,,0.0131196549121146,O
proudu,NOUN,NNIS2-----A----,nmod,Gen,Masc,Sing,Inan,0.0807465752948507,O
extrémním,ADJ,AANS7----1A----,amod,Ins,Neut,Sing,,-0.0116713535558966,O
poškozením,NOUN,NNNS7-----A----,obl,Ins,Neut,Sing,,0.0808950866388779,O
způsobeným,ADJ,AANS7----1A----,amod,Ins,Neut,Sing,,0.3693685748743296,O
bouří,NOUN,NNFS7-----A----,obl,Ins,Fem,Sing,,0.0258667191665628,O
Arwen,PROPN,NNIS1-----A----,nmod,Nom,Masc,Sing,Inan,0.0500745027539417,B-gl
26,NUM,C=-------------,nummod,,,,,-0.0006300451539183,B-T|B-td
.,PUNCT,Z:-------------,punct,,,,,-0.2189413577555525,I-T|I-td
a,CCONJ,J^-------------,cc,,,,,-0.0117833008922994,I-T
27,NUM,C=-------------,conj,,,,,-0.106765647955485,I-T|B-td
.,PUNCT,Z:-------------,punct,,,,,-0.1369593340405525,I-T|I-td
listopadu,NOUN,NNIS2-----A----,obl,Gen,Masc,Sing,Inan,-0.0194937637399756,I-T|B-tm
.,PUNCT,Z:-------------,punct,,,,,-0.790437035173334,O
Ale,CCONJ,J^-------------,cc,,,,,-0.2210103388252816,O
Republikáni,NOUN,NNMP1-----A----,nsubj,Nom,Masc,Plur,Anim,0.2126995199185075,O
se,PRON,P7-X4----------,expl:pv,Acc,,,,-0.1534307927387792,O
rádi,ADJ,ACMP------A----,xcomp,,Masc,Plur,Anim,0.0912905656699503,O
schovávají,VERB,VB-P---3P-AAI--,root,,,Plur,,0.0492521453717607,O
za,ADP,RR--4----------,case,Acc,,,,0.0022043754968064,O
naše,DET,PSNS4-P1-------,det,Acc,Neut,Sing,,0.1652527878911653,O
mírně,ADV,Dg-------1A----,advmod,,,,,-0.0108564817676205,O
odlišné,ADJ,AANS4----1A----,amod,Acc,Neut,Sing,,0.0714012616411994,O
chápání,NOUN,NNNS4-----A----,obl:arg,Acc,Neut,Sing,,0.0974000051157477,O
světa,NOUN,NNIS2-----A----,nmod,Gen,Masc,Sing,Inan,0.0556481040909923,O
a,CCONJ,J^-------------,cc,,,,,-0.2525056636997275,O
snaží,VERB,VB-P---3P-AAI--,conj,,,Plur,,-0.1720127411830384,O
se,PRON,P7-X4----------,expl:pv,Acc,,,,-0.0320846551146584,O
odrážet,VERB,Vf--------A-I--,xcomp,,,,,0.1872501705847208,O
různé,ADJ,AAFP4----1A----,amod,Acc,Fem,Plur,,-0.2206726565945512,O
filozofické,ADJ,AAFP4----1A----,amod,Acc,Fem,Plur,,-0.0733636496830375,O
břitvy,NOUN,NNFP4-----A----,obj,Acc,Fem,Plur,,0.2277531555771141,O
.,PUNCT,Z:-------------,punct,,,,,0.6609227620242911,O
Pro,ADP,RR--4----------,case,Acc,,,,0.8155228041609743,O
aktualizaci,NOUN,NNFS4-----A----,obl,Acc,Fem,Sing,,0.0225267415962576,O
platebních,ADJ,AAIP2----1A----,amod,Gen,Masc,Plur,Inan,0.4739881323868785,O
údajů,NOUN,NNIP2-----A----,nmod,Gen,Masc,Plur,Inan,0.2449308917931517,O
postupujte,VERB,Vi-P---2--A-I--,root,,,Plur,,0.0603486840550259,O
takto,ADV,Db-------------,advmod,,,,,-0.1684755753833761,O
:,PUNCT,Z:-------------,punct,,,,,0.1045447479003856,O
Moc,ADV,Db-------------,advmod,,,,,-0.010163805260381,O
mě,PRON,PH-S4--1-------,obj,Acc,,Sing,,0.3188247830310702,O
baví,VERB,VB-P---3P-AAI--,root,,,Plur,,0.0221301172951527,O
články,NOUN,NNIP1-----A----,nsubj,Nom,Masc,Plur,Inan,-0.111120145423629,O
jako,SCONJ,"J,-------------",mark,,,,,-0.0676120778638195,O
je,AUX,VB-S---3P-AAI--,acl,,,Sing,,-0.105680232455897,O
tenhle,DET,PDYS1----------,nsubj,Nom,Masc,Sing,,0.0313561176007263,O
",",PUNCT,Z:-------------,punct,,,,,0.1105862157672906,O
které,DET,P4IP1----------,nsubj,Nom,Masc,Plur,Inan,0.1266586709580004,O
pomáhají,VERB,VB-P---3P-AAI--,acl:relcl,,,Plur,,0.0417195370735053,O
rozplést,VERB,Vf--------A-P--,xcomp,,,,,0.0365350335998221,O
složitou,ADJ,AAFS4----1A----,amod,Acc,Fem,Sing,,0.0911191386102914,O
síť,NOUN,NNFS4-----A----,obj,Acc,Fem,Sing,,-0.1021603533212846,O
sociopatických,ADJ,AAMP2----1A----,amod,Gen,Masc,Plur,Anim,0.6452750014903638,O
megalomanských,ADJ,AAMP2----1A----,amod,Gen,Masc,Plur,Anim,0.2919491112930039,O
mužů,NOUN,NNMP2-----A----,nmod,Gen,Masc,Plur,Anim,0.0121312676623502,O
",",PUNCT,Z:-------------,punct,,,,,0.0715104587545923,O
které,DET,P4YP4----------,obj,Acc,Masc,Plur,,-0.1495212384200485,O
můj,DET,PSYS1-S1-------,det,Nom,Masc,Sing,,-0.1294144356353262,O
táta,NOUN,NNMS1-----A----,nsubj,Nom,Masc,Sing,Anim,-0.0654309419960267,O
oslavoval,VERB,VpYS----R-AAI--,acl:relcl,,Masc,Sing,,0.0065533042089109,O
ad,X,F%-------------,obl,,,,,-0.0332122892383433,O
nauseam,X,F%-------------,flat:foreign,,,,,0.0337244892487971,O
",",PUNCT,Z:-------------,punct,,,,,0.0745087625873936,O
a,CCONJ,J^-------------,cc,,,,,0.0484405263589906,O
spousty,NOUN,NNFS2-----A----,conj,Gen,Fem,Sing,,0.06322328831869,O
vůdců,NOUN,NNMP2-----A----,nmod,Gen,Masc,Plur,Anim,0.0412384959728737,O
",",PUNCT,Z:-------------,punct,,,,,0.0307624812239537,O
které,DET,P4YP4----------,obj,Acc,Masc,Plur,,-0.0372376911339848,O
zatracoval,VERB,VpYS----R-AAI--,acl:relcl,,Masc,Sing,,0.1104092069727056,O
.,PUNCT,Z:-------------,punct,,,,,-0.0046656985744188,O
Máme,VERB,VB-P---1P-AAI--,root,,,Plur,,0.1360682739090984,O
za,ADP,RR--7----------,case,Ins,,,,-0.1071459248715583,O
sebou,PRON,P6--7----------,obl,Ins,,,,-0.1077073455898329,O
pozdní,ADJ,AAIS4----1A----,amod,Acc,Masc,Sing,Inan,0.0456380782007805,O
začátek,NOUN,NNIS4-----A----,obj,Acc,Masc,Sing,Inan,-0.0610463050913135,O
sezóny,NOUN,NNFS2-----A----,nmod,Gen,Fem,Sing,,-0.0887809738058601,O
a,CCONJ,J^-------------,cc,,,,,-0.2071933577407748,O
teď,ADV,Db-------------,advmod,,,,,-0.2093594302180947,O
jsme,AUX,VB-P---1P-AAI--,aux,,,Plur,,-0.0001110125940701,O
se,PRON,P7-X4----------,expl:pv,Acc,,,,-0.2347405497931656,O
z,ADP,RR--2----------,case,Gen,,,,-0.092435080031749,O
prakticky,ADV,Dg-------1A----,advmod,,,,,-0.0248194025957545,O
nulového,ADJ,AAIS2----1A----,amod,Gen,Masc,Sing,Inan,-0.0006652240735672,O
sněhu,NOUN,NNIS2-----A----,obl:arg,Gen,Masc,Sing,Inan,-0.0226646009315546,O
stali,VERB,VpMP----R-AAP--,conj,,Masc,Plur,Anim,-0.1322177128961875,O
obrovskou,ADJ,AAFS7----1A----,amod,Ins,Fem,Sing,,-0.02428277267943,O
sněhovou,ADJ,AAFS7----1A----,amod,Ins,Fem,Sing,,0.0540666922338022,O
bouří,NOUN,NNFS7-----A----,obl:arg,Ins,Fem,Sing,,0.1531415467124093,O
.,PUNCT,Z:-------------,punct,,,,,-0.1969759401190197,O
Vztahy,NOUN,NNIP1-----A----,nsubj,Nom,Masc,Plur,Inan,0.1935537513511173,O
mezi,ADP,RR--7----------,case,Ins,,,,-0.0399580949332704,O
47letým,ADJ,AAMS7----1A----,amod,Ins,Masc,Sing,Anim,0.1687949523421829,B-na
odstupujícím,ADJ,AGMS7-----A----,amod,Ins,Masc,Sing,Anim,0.0328196995201819,O
vůdcem,NOUN,NNMS7-----A----,nmod,Ins,Masc,Sing,Anim,0.0379356693581485,O
a,CCONJ,J^-------------,cc,,,,,-0.1851884684695934,O
Ennahdhou,PROPN,NNMS7-----A----,conj,Ins,Masc,Sing,Anim,0.2074541114704132,B-p_
jsou,AUX,VB-P---3P-AAI--,cop,,,Plur,,-0.1610462344751025,O
napjaté,ADJ,AAIP1----1A----,root,Nom,Masc,Plur,Inan,0.0549929704941267,O
od,ADP,RR--2----------,case,Gen,,,,0.1838936650238989,O
říjnových,ADJ,AAFP2----1A----,amod,Gen,Fem,Plur,,0.0261078953818572,O
parlamentních,ADJ,AAFP2----1A----,amod,Gen,Fem,Plur,,0.1435343582657924,O
voleb,NOUN,NNFP2-----A----,obl,Gen,Fem,Plur,,0.1590393156923202,O
.,PUNCT,Z:-------------,punct,,,,,-0.1313372053502183,O
Moderátor,NOUN,NNMS1-----A----,nsubj,Nom,Masc,Sing,Anim,0.3541151644552646,O
pořadu,NOUN,NNIS2-----A----,nmod,Gen,Masc,Sing,Inan,-0.0489282782446923,O
Late,X,F%-------------,nmod,,,,,-0.0351930889770006,B-oa
Night“,X,F%-------------,flat:foreign,,,,,-0.0362034192772428,I-oa
Seth,PROPN,NNMS1-----A----,flat,Nom,Masc,Sing,Anim,0.1935697705570899,B-P|B-pf
Meyers,PROPN,NNMS1-----A----,flat,Nom,Masc,Sing,Anim,0.0752321322062185,I-P|B-ps
ve,ADP,RV--4----------,case,Acc,,,,-0.0300306407148406,O
čtvrtek,NOUN,NNIS4-----A----,obl,Acc,Masc,Sing,Inan,0.1311578864756558,O
vnesl,VERB,VpYS----R-AAP--,root,,Masc,Sing,,0.006245492230389,O
chvilkové,ADJ,AANS4----1A----,amod,Acc,Neut,Sing,,0.1048498765145195,O
odlehčení,NOUN,NNNS4-----A----,obj,Acc,Neut,Sing,,0.0623856792389819,O
do,ADP,RR--2----------,case,Gen,,,,0.0191478462619375,O
jinak,ADV,Db-------------,advmod,,,,,-0.0446587397845728,O
napjatého,ADJ,AAIS2----1A----,amod,Gen,Masc,Sing,Inan,0.0275031942493913,O
týdne,NOUN,NNIS2-----A----,nmod,Gen,Masc,Sing,Inan,-0.0610270174635977,O
",",PUNCT,Z:-------------,punct,,,,,0.1319024398718187,O
který,DET,P4IS4----------,obj,Acc,Masc,Sing,Inan,0.0879304016387141,O
pokazila,VERB,VpQW----R-AAP--,acl:relcl,,"Fem,Neut","Plur,Sing",,0.0666770427799594,O
masová,ADJ,AAFS1----1A----,amod,Nom,Fem,Sing,,-0.0121699175583272,O
střelba,NOUN,NNFS1-----A----,nsubj,Nom,Fem,Sing,,0.0278949647685183,O
do,ADP,RR--2----------,case,Gen,,,,-0.1603672002987858,O
lidí,NOUN,NNMP2-----A----,nmod,Gen,Masc,Plur,Anim,-0.0033814035100497,O
",",PUNCT,Z:-------------,punct,,,,,0.1619927515379174,O
když,SCONJ,"J,-------------",mark,,,,,0.0381433232070575,O
řekl,VERB,VpYS----R-AAP--,advcl,,Masc,Sing,,-0.0765197722813793,O
vtip,NOUN,NNIS4-----A----,obj,Acc,Masc,Sing,Inan,-0.057311657246343,O
o,ADP,RR--6----------,case,Loc,,,,-0.0115280844826171,O
prezidentu,NOUN,NNMS6-----A---1,nmod,Loc,Masc,Sing,Anim,0.1543400532194705,O
Donaldu,PROPN,NNMS6-----A---1,flat,Loc,Masc,Sing,Anim,0.0204764625726413,B-P|B-pf
Trumpovi,PROPN,NNMS6-----A----,flat,Loc,Masc,Sing,Anim,0.0798212557559371,I-P|B-ps
a,CCONJ,J^-------------,cc,,,,,0.1448851139744138,O
pak,ADV,Db-------------,advmod,,,,,0.0656583017649766,O
se,PRON,P7-X4----------,expl:pv,Acc,,,,-0.0403960595590702,O
nemohl,VERB,VpYS----R-NAI--,conj,,Masc,Sing,,0.09369159962401,O
přestat,VERB,Vf--------A-P--,xcomp,,,,,0.0094260105620975,O
smát,VERB,Vf--------A-I--,xcomp,,,,,-0.0096718849831868,O
.,PUNCT,Z:-------------,punct,,,,,0.3971999129179088,O
Loď,NOUN,NNFS1-----A----,nsubj,Nom,Fem,Sing,,-0.0253798724268403,O
se,PRON,P7-X4----------,expl:pv,Acc,,,,-0.0406388752277767,O
stala,VERB,VpQW----R-AAP--,root,,"Fem,Neut","Plur,Sing",,0.0078476772891223,O
obětním,ADJ,AAMS7----1A----,amod,Ins,Masc,Sing,Anim,0.0432516575236249,O
beránkem,NOUN,NNMS7-----A----,obl:arg,Ins,Masc,Sing,Anim,0.0231753283037331,O
stupňujícího,ADJ,AGNS2-----A----,amod,Gen,Neut,Sing,,0.1097525566355027,O
se,PRON,P7-X4----------,expl:pv,Acc,,,,0.0370227969991302,O
napětí,NOUN,NNNS2-----A----,nmod,Gen,Neut,Sing,,0.2168885708653214,O
v,ADP,RR--6----------,case,Loc,,,,-0.0352120004774935,O
oblasti,NOUN,NNFS6-----A----,nmod,Loc,Fem,Sing,,-0.1168537912790147,O
Perského,ADJ,AAIS2----1A----,amod,Gen,Masc,Sing,Inan,0.0152203192602391,B-gh
zálivu,NOUN,NNIS2-----A----,nmod,Gen,Masc,Sing,Inan,0.2620211120927832,I-gh
",",PUNCT,Z:-------------,punct,,,,,0.1435317399482497,O
kde,ADV,Db-------------,advmod,,,,,0.0566129352661942,O
Spojené,ADJ,AAIP1----1A----,amod,Nom,Masc,Plur,Inan,-0.0763310966859542,B-gc
státy,NOUN,NNIP1-----A----,nsubj,Nom,Masc,Plur,Inan,-0.0497045507671186,I-gc
a,CCONJ,J^-------------,cc,,,,,-0.0083648324910258,O
Írán,PROPN,NNIS1-----A----,conj,Nom,Masc,Sing,Inan,0.2113135338153316,B-gc
navzájem,ADV,Db-------------,advmod,,,,,0.1447156485752775,O
sestřelily,VERB,VpTP----R-AAP--,acl:relcl,,"Fem,Masc",Plur,Inan,0.1478686056721244,O
své,DET,P8YP4---------1,det,Acc,Masc,Plur,,-0.0228751025730568,O
drony,NOUN,NNIP4-----A----,obj,Acc,Masc,Plur,Inan,0.0352370268049899,O
a,CCONJ,J^-------------,cc,,,,,-0.0720111367127808,O
nejméně,ADV,Dg-------3A----,advmod:emph,,,,,0.1751795798428301,O
dva,NUM,CnYP1----------,nummod,Nom,Masc,Plur,,0.0179540177004555,O
tankery,NOUN,NNIP1-----A----,nsubj:pass,Nom,Masc,Plur,Inan,0.0501129509061704,O
byly,AUX,VpTP----R-AAI--,aux:pass,,"Fem,Masc",Plur,Inan,-0.103553835681161,O
sabotovány,ADJ,VsTP----X-API--,conj,,"Fem,Masc",Plur,Inan,0.1522426920672796,O
výbušninami,NOUN,NNFP7-----A----,obl,Ins,Fem,Plur,,0.1345353253275825,O
",",PUNCT,Z:-------------,punct,,,,,0.0638094351246027,O
z,ADP,RR--2----------,case,Gen,,,,0.0215913349570579,O
čehož,PRON,PQ--2----------,obl:arg,Gen,,,,0.0776968572322021,O
Trumpova,ADJ,AUFS1M---------,amod,Nom,Fem,Sing,,0.1136906920299636,B-ps
vláda,NOUN,NNFS1-----A----,nsubj,Nom,Fem,Sing,,0.0833874270975129,O
obvinila,VERB,VpQW----R-AAP--,conj,,"Fem,Neut","Plur,Sing",,0.1576066860046548,O
Írán,PROPN,NNIS4-----A----,obj,Acc,Masc,Sing,Inan,0.2263645093777938,B-gc
.,PUNCT,Z:-------------,punct,,,,,0.5902697143375268,O
Jakmile,SCONJ,"J,-------------",mark,,,,,0.0631752171102915,O
budou,AUX,VB-P---3F-AAI--,advcl,,,Plur,,-0.0391187675830712,O
všechny,DET,PLFP1----------,det,Nom,Fem,Plur,,0.0516475788056276,O
položky,NOUN,NNFP1-----A----,nsubj,Nom,Fem,Plur,,0.1021464986964443,O
v,ADP,RR--6----------,case,Loc,,,,-0.2381518260510996,O
nákupním,ADJ,AAIS6----1A----,amod,Loc,Masc,Sing,Inan,-0.0846585403229738,O
košíku,NOUN,NNIS6-----A----,obl,Loc,Masc,Sing,Inan,-0.0423143263586123,O
",",PUNCT,Z:-------------,punct,,,,,0.1571830924655293,O
zkontrolujte,VERB,Vi-P---2--A-P--,root,,,Plur,,0.1198471052325908,O
svou,DET,P8FS4---------1,det,Acc,Fem,Sing,,0.0762985589494004,O
objednávku,NOUN,NNFS4-----A----,obj,Acc,Fem,Sing,,0.072854517822246,O
a,CCONJ,J^-------------,cc,,,,,-0.1185107681746709,O
proveďte,VERB,Vi-P---2--A-P--,conj,,,Plur,,0.1590878843404704,O
platbu,NOUN,NNFS4-----A----,obj,Acc,Fem,Sing,,0.2251096648486126,O
",",PUNCT,Z:-------------,punct,,,,,0.0835723713083329,O
jak,ADV,Db-------------,advmod,,,,,-0.0398839492197305,O
jste,AUX,VB-P---2P-AAI--,cop,,,Plur,,-0.0001633060793419,O
zvyklí,ADJ,AAMP1----1A----,advcl,Nom,Masc,Plur,Anim,-0.135117269850084,O
",",PUNCT,Z:-------------,punct,,,,,0.0082461792092468,O
a,CCONJ,J^-------------,cc,,,,,-0.0729576863485997,O
my,PRON,PP-P1--1-------,nsubj,Nom,,Plur,,-0.2588682985025056,O
uhradíme,VERB,VB-P---1P-AAP--,conj,,,Plur,,0.0399120126273684,O
náklady,NOUN,NNIP4-----A----,obj,Acc,Masc,Plur,Inan,-0.0395749655839794,O
v,ADP,RR--6----------,case,Loc,,,,-0.1513507035454629,O
případě,NOUN,NNIS6-----A----,fixed,Loc,Masc,Sing,Inan,-0.2885925991771089,O
nadměrné,ADJ,AAFS2----1A----,amod,Gen,Fem,Sing,,0.1038250163433327,O
zásilky,NOUN,NNFS2-----A----,obl,Gen,Fem,Sing,,-0.0147697531033188,O
.,PUNCT,Z:-------------,punct,,,,,0.1034479029813945,O
Minimálně,ADV,Dg-------1A----,advmod:emph,,,,,0.1828049821199262,O
38,NUM,C=-------------,nummod:gov,,,,,-0.1886981404266577,B-nc
zaměstnanců,NOUN,NNMP2-----A----,nsubj,Gen,Masc,Plur,Anim,-0.1245865969504364,O
hlavní,ADJ,AAFS2----1A----,amod,Gen,Fem,Sing,,0.0341525846332276,O
pobočky,NOUN,NNFS2-----A----,nmod,Gen,Fem,Sing,,0.1022436534151529,O
národní,ADJ,AAFS2----1A----,amod,Gen,Fem,Sing,,0.0950832000341102,O
banky,NOUN,NNFS2-----A----,nmod,Gen,Fem,Sing,,-0.0280477154863492,O
v,ADP,RR--6----------,case,Loc,,,,0.158435917428211,O
Tiruččiráppalli,PROPN,NNXXX-----A----,nmod,,Neut,,,0.0913506161266713,B-gu
ve,ADP,RV--6----------,case,Loc,,,,-0.0049489458930487,O
státě,NOUN,NNIS6-----A----,nmod,Loc,Masc,Sing,Inan,0.1213005119041878,O
Tamilnádu,PROPN,NNIS2-----A----,nmod,Gen,Masc,Sing,Inan,0.1556053878718739,B-gr
mělo,VERB,VpNS----R-AAI--,root,,Neut,Sing,,0.0021673826754942,O
dle,ADP,RR--2----------,case,Gen,,,,0.132485166403739,O
vyjádření,NOUN,NNNS2-----A----,obl,Gen,Neut,Sing,,0.0682727576609294,O
zástupců,NOUN,NNMP2-----A----,nmod,Gen,Masc,Plur,Anim,0.2394565670213514,O
banky,NOUN,NNFS2-----A----,nmod,Gen,Fem,Sing,,0.0763022548357138,O
a,CCONJ,J^-------------,cc,,,,,0.0967502162326067,O
místní,ADJ,AAFS2----1A----,amod,Gen,Fem,Sing,,0.0583367278288726,O
samosprávy,NOUN,NNFS2-----A----,conj,Gen,Fem,Sing,,0.1329911168599721,O
pozitivní,ADJ,AAIS4----1A----,amod,Acc,Masc,Sing,Inan,0.1433660781009836,O
test,NOUN,NNIS4-----A----,obj,Acc,Masc,Sing,Inan,0.1266254939276981,O
na,ADP,RR--4----------,case,Acc,,,,0.0031680433990963,O
koronavirus,NOUN,NNIS4-----A----,nmod,Acc,Masc,Sing,Inan,0.0070675434747027,O
.,PUNCT,Z:-------------,punct,,,,,0.1201711527296327,O
Stávající,ADJ,AAFS1----1A----,amod,Nom,Fem,Sing,,0.610849765697293,O
technologie,NOUN,NNFS1-----A----,nsubj,Nom,Fem,Sing,,0.0306088089766425,O
snímá,VERB,VB-S---3P-AAI--,root,,,Sing,,-0.0390134913670829,O
pouze,ADV,Db-------------,advmod:emph,,,,,-0.1373843097323969,O
určité,ADJ,AAFP4----1A----,amod,Acc,Fem,Plur,,0.0868317456380906,O
části,NOUN,NNFP4-----A----,obj,Acc,Fem,Plur,,0.0189683620632775,O
viru,NOUN,NNIS2-----A----,nmod,Gen,Masc,Sing,Inan,-0.0567443996381575,O
",",PUNCT,Z:-------------,punct,,,,,-0.0287570886559822,O
ale,CCONJ,J^-------------,cc,,,,,-0.13609223779413,O
molekulární,ADJ,AAFS1----1A----,amod,Nom,Fem,Sing,,-0.0013015482231059,O
diagnostická,ADJ,AAFS1----1A----,amod,Nom,Fem,Sing,,-0.0374047150567222,O
technologie,NOUN,NNFS1-----A----,nsubj,Nom,Fem,Sing,,-0.0310225878970969,O
je,AUX,VB-S---3P-AAI--,cop,,,Sing,,-0.0853929060487044,O
navržena,ADJ,VsQW----X-APP-1,conj,,"Fem,Neut","Plur,Sing",,-0.0437322918067193,O
tak,ADV,Db-------------,advmod,,,,,-0.0692590962768044,O
",",PUNCT,Z:-------------,punct,,,,,0.0555858477447163,O
aby,AUX,Vc-------------,aux,,,,,-0.0295952560509411,O
způsobovala,VERB,VpQW----R-AAI--,advcl,,"Fem,Neut","Plur,Sing",,-0.0405782106371507,O
vázání,NOUN,NNNS4-----A----,obj,Acc,Neut,Sing,,-0.0574168761936165,O
nukleové,ADJ,AAFS2----1A----,amod,Gen,Fem,Sing,,-0.0543452867470052,O
kyseliny,NOUN,NNFS2-----A----,nmod,Gen,Fem,Sing,,0.0376148666616487,O
pouze,ADV,Db-------------,advmod:emph,,,,,-0.0186173638913073,O
v,ADP,RR--6----------,case,Loc,,,,-0.0555145441493274,O
případě,NOUN,NNIS6-----A----,fixed,Loc,Masc,Sing,Inan,-0.1096335217243325,O
přítomnosti,NOUN,NNFS2-----A----,obl,Gen,Fem,Sing,,-0.0521888690275489,O
RNA,NOUN,BNXXX-----A----,nmod,,,,,-0.0487388885129787,B-o_
viru,NOUN,NNIS2-----A----,nmod,Gen,Masc,Sing,Inan,-0.020103808910838,O
COVID-19,NOUN,BNXXX-----A----,nmod,,,,,0.1040409889938187,B-o_
",",PUNCT,Z:-------------,punct,,,,,0.1739642311817038,O
což,PRON,PQ--1----------,nsubj,Nom,,,,-0.0528486828347224,O
umožňuje,VERB,VB-S---3P-AAI--,conj,,,Sing,,-0.0957135523310991,O
jeho,DET,P9XXXZS3-------,det,,,,,0.1434894731841279,O
rychlé,ADJ,AANS4----1A----,amod,Acc,Neut,Sing,,-0.3529109491657631,O
odhalení,NOUN,NNNS4-----A----,obj,Acc,Neut,Sing,,0.002557104558701,O
.,PUNCT,Z:-------------,punct,,,,,0.179432864336815,O
Pokud,SCONJ,"J,-------------",mark,,,,,0.1005257330078707,O
byste,AUX,Vc----------Ie-,aux,,,Plur,,-0.1033390433539563,O
zadali,VERB,VpMP----R-AAP--,advcl,,Masc,Plur,Anim,0.1533608866635102,O
mezinárodní,ADJ,AAFS4----1A----,amod,Acc,Fem,Sing,,0.5542642076614023,O
objednávku,NOUN,NNFS4-----A----,obj,Acc,Fem,Sing,,-0.257055322123408,O
",",PUNCT,Z:-------------,punct,,,,,-0.2077101813741043,O
polovina,NOUN,NNFS1-----A----,nsubj:pass,Nom,Fem,Sing,,0.0947113103776907,O
původně,ADV,Dg-------1A----,advmod,,,,,0.0024013582198457,O
účtované,ADJ,AAFS2----1A----,amod,Gen,Fem,Sing,,0.1645083688200116,O
zásilky,NOUN,NNFS2-----A----,nmod,Gen,Fem,Sing,,0.330149314300767,O
by,AUX,Vc----------I--,aux,,,,,-0.2433796280422069,O
byla,AUX,VpQW----R-AAI--,aux:pass,,"Fem,Neut","Plur,Sing",,-0.0048951323748424,O
použita,ADJ,VsQW----X-APP--,root,,"Fem,Neut","Plur,Sing",,0.1663278757543879,O
znovu,ADV,Db-------------,advmod,,,,,0.0061735776143809,O
.,PUNCT,Z:-------------,punct,,,,,0.2259608627652551,O
Letiště,NOUN,NNNS1-----A----,nsubj,Nom,Neut,Sing,,0.1825652895985549,O
a,CCONJ,J^-------------,cc,,,,,-0.1551412368856648,O
veřejná,ADJ,AAFS1----1A----,amod,Nom,Fem,Sing,,0.3393812786701354,O
doprava,NOUN,NNFS1-----A----,conj,Nom,Fem,Sing,,0.0934820128490979,O
jsou,AUX,VB-P---3P-AAI--,cop,,,Plur,,0.1687045707280399,O
lukrativní,ADJ,AAFP1----1A----,amod,Nom,Fem,Plur,,0.0475789027272303,O
reklamní,ADJ,AAFP1----1A----,amod,Nom,Fem,Plur,,0.1606775315584025,O
smlouvy,NOUN,NNFP1-----A----,root,Nom,Fem,Plur,,-0.1863976305744109,O
pro,ADP,RR--4----------,case,Acc,,,,-0.0028122507276117,O
billboard,NOUN,NNIS4-----A----,nmod,Acc,Masc,Sing,Inan,0.011948042429328,O
společnosti,NOUN,NNFS2-----A----,nmod,Gen,Fem,Sing,,-0.1293509373320859,O
.,PUNCT,Z:-------------,punct,,,,,0.4406403621769009,O
Jako,SCONJ,"J,-------------",mark,,,,,0.0732084148227333,O
součást,NOUN,NNFS4-----A----,xcomp,Acc,Fem,Sing,,0.2342953218537443,O
opatření,NOUN,NNNP2-----A----,nmod,Gen,Neut,Plur,,-0.096772316712262,O
proti,ADP,RR--3----------,case,Dat,,,,-0.0122566081931518,O
pandemii,NOUN,NNFS3-----A----,nmod,Dat,Fem,Sing,,-0.0055508504391932,O
koronaviru,NOUN,NNIS2-----A----,nmod,Gen,Masc,Sing,Inan,-0.0554407958489295,O
komise,NOUN,NNFS1-----A----,nsubj,Nom,Fem,Sing,,-0.0183173726070965,O
rovněž,ADV,Db-------------,advmod,,,,,-0.1048110556403385,O
publikovala,VERB,VpQW----R-AAB--,root,,"Fem,Neut","Plur,Sing",,-0.0313529972212392,O
video,NOUN,NNNS4-----A----,obj,Acc,Neut,Sing,,-0.2675461658757998,O
",",PUNCT,Z:-------------,punct,,,,,0.0649697218126502,O
ve,ADP,RV--6----------,case,Loc,,,,-0.0305032709321344,O
kterém,DET,P4ZS6----------,obl,Loc,"Masc,Neut",Sing,,-0.0821652765308725,O
jsou,AUX,VB-P---3P-AAI--,aux:pass,,,Plur,,0.0245403376353608,O
vysvětleny,ADJ,VsTP----X-APP--,acl:relcl,,"Fem,Masc",Plur,Inan,-0.0060916854244326,O
jednotlivé,ADJ,AAIP1----1A----,amod,Nom,Masc,Plur,Inan,-0.0386971875395865,O
kroky,NOUN,NNIP1-----A----,nsubj:pass,Nom,Masc,Plur,Inan,-0.1645990974535482,O
",",PUNCT,Z:-------------,punct,,,,,0.2992842256087322,O
podle,ADP,RR--2----------,case,Gen,,,,0.0148621822020302,O
kterých,DET,P4XP2----------,obl,Gen,,Plur,,0.1140186302089598,O
mají,VERB,VB-P---3P-AAI--,acl:relcl,,,Plur,,0.17131139080998,O
voliči,NOUN,NNMP1-----A----,nsubj,Nom,Masc,Plur,Anim,0.0232963122329703,O
postupovat,VERB,Vf--------A-I--,xcomp,,,,,0.082756802733887,O
při,ADP,RR--6----------,case,Loc,,,,-0.011414022158197,O
hlasování,NOUN,NNNS6-----A----,obl,Loc,Neut,Sing,,-0.013810461477313,O
prostřednictvím,NOUN,NNNS7-----A----,case,Ins,Neut,Sing,,-0.009552834624369,O
e-mailu,NOUN,NNIS2-----A----,obl,Gen,Masc,Sing,Inan,0.0707637971042161,O
.,PUNCT,Z:-------------,punct,,,,,0.3066426436263567,O
V,ADP,RR--6----------,case,Loc,,,,-0.0285048897385542,O
USA,PROPN,BNXXX-----A----,obl,,,,,0.0761875902951921,B-gc
však,CCONJ,J^-------------,cc,,,,,-0.2487625307114387,O
po,ADP,RR--6----------,case,Loc,,,,-0.1355483946733705,O
kouření,NOUN,NNNS6-----A----,obl,Loc,Neut,Sing,,0.2338535497257583,O
e-cigaret,NOUN,NNFP2-----A----,nmod,Gen,Fem,Plur,,0.0962033957833761,O
onemocnělo,VERB,VpNS----R-AAP--,root,,Neut,Sing,,0.0844090288005934,O
záhadnou,ADJ,AAFS7----1A----,amod,Ins,Fem,Sing,,0.037467178400603,O
plicní,ADJ,AAFS7----1A----,amod,Ins,Fem,Sing,,-0.0143016676923296,O
chorobou,NOUN,NNFS7-----A----,obl:arg,Ins,Fem,Sing,,0.0163459687258863,O
více,ADV,Dg-------2A----,nsubj,,,,,-0.014017199310445,O
než,SCONJ,"J,-------------",mark,,,,,0.0119284124875163,O
500,NUM,C=-------------,obl,,,,,0.1036825000603875,B-nc
lidí,NOUN,NNMP2-----A----,nmod,Gen,Masc,Plur,Anim,-0.1332045893431394,O
.,PUNCT,Z:-------------,punct,,,,,0.0292742766070985,O
Úřady,NOUN,NNIP1-----A----,nsubj,Nom,Masc,Plur,Inan,-0.0007537862005766,O
uvedly,VERB,VpTP----R-AAP--,root,,"Fem,Masc",Plur,Inan,-0.0089012655893567,O
",",PUNCT,Z:-------------,punct,,,,,0.1932143528517188,O
že,SCONJ,"J,-------------",mark,,,,,-0.0027621733971705,O
za,ADP,RR--4----------,case,Acc,,,,0.1132965812780145,O
poslední,ADJ,AAIS4----1A----,amod,Acc,Masc,Sing,Inan,-0.0027898044765612,O
týden,NOUN,NNIS4-----A----,obl,Acc,Masc,Sing,Inan,0.1347262358525436,O
byly,AUX,VpTP----R-AAI--,aux:pass,,"Fem,Masc",Plur,Inan,0.0524173619033794,O
hlášeny,ADJ,VsTP----X-API--,ccomp,,"Fem,Masc",Plur,Inan,0.0955793611773107,O
stovky,NOUN,NNFP1-----A----,nsubj:pass,Nom,Fem,Plur,,0.0264872011152435,O
dalších,ADJ,AAIP2----1A----,amod,Gen,Masc,Plur,Inan,0.0592566833906967,O
případů,NOUN,NNIP2-----A----,nmod,Gen,Masc,Plur,Inan,0.2557193352530376,O
.,PUNCT,Z:-------------,punct,,,,,-0.622619724303395,O
Shromažďování,NOUN,NNNS1-----A----,nsubj,Nom,Neut,Sing,,0.4202171345910226,O
",",PUNCT,Z:-------------,punct,,,,,0.0904715926387905,O
uchování,NOUN,NNNS1-----A----,conj,Nom,Neut,Sing,,-0.0591450202156865,O
a,CCONJ,J^-------------,cc,,,,,-0.0928273431753497,O
použití,NOUN,NNNS1-----A----,conj,Nom,Neut,Sing,,-0.0616986895543993,O
osobních,ADJ,AANP2----1A----,amod,Gen,Neut,Plur,,-0.0235456708403374,O
dat,NOUN,NNNP2-----A----,nmod,Gen,Neut,Plur,,0.0320178701759252,O
pro,ADP,RR--4----------,case,Acc,,,,-0.1226615782525926,O
účely,NOUN,NNIP4-----A----,nmod,Acc,Masc,Plur,Inan,-0.0085541976330838,O
předplatného,NOUN,NNNS2-----A----,nmod,Gen,Neut,Sing,,-0.0714298199486059,O
a,CCONJ,J^-------------,cc,,,,,-0.0849534008956153,O
obnovení,NOUN,NNNS2-----A----,conj,Gen,Neut,Sing,,-0.1299458990218251,O
předplatného,NOUN,NNNS2-----A----,nmod,Gen,Neut,Sing,,0.0382836062917257,O
jsou,AUX,VB-P---3P-AAI--,cop,,,Plur,,-0.1143256511966362,O
předmětem,NOUN,NNIS7-----A----,root,Ins,Masc,Sing,Inan,-0.0955027062820641,O
Prohlášení,NOUN,NNNS2-----A----,nmod,Gen,Neut,Sing,,0.0116808143414939,B-or
NortonLifeLock,PROPN,F%-------------,nmod,Nom,Masc,Sing,Inan,-0.0202112357559848,I-or
o,ADP,RR--6----------,case,Loc,,,,0.2223127785227769,I-or
ochraně,NOUN,NNFS6-----A----,nmod,Loc,Fem,Sing,,0.06895629498149,I-or
osobních,ADJ,AAIP2----1A----,amod,Gen,Masc,Plur,Inan,0.1342688610626841,I-or
údajů,NOUN,NNIP2-----A----,nmod,Gen,Masc,Plur,Inan,0.0879156267342667,I-or
.,PUNCT,Z:-------------,punct,,,,,0.2454090562220868,O
Jeden,NUM,CnYS1----------,nummod,Nom,Masc,Sing,,-0.1709951443394478,O
okamžik,NOUN,NNIS4-----A----,root,Acc,Masc,Sing,Inan,0.1638375373102905,O
",",PUNCT,Z:-------------,punct,,,,,0.2618470462316601,O
dovolte,VERB,Vi-P---2--A-P--,conj,,,Plur,,0.0672170282828396,O
mi,PRON,PH-S3--1-------,obl:arg,Dat,,Sing,,0.0468784522294184,O
opravit,VERB,Vf--------A-P--,xcomp,,,,,0.0829700529444951,O
soubory,NOUN,NNIP4-----A----,obj,Acc,Masc,Plur,Inan,-0.8605083458254855,O
pro,ADP,RR--4----------,case,Acc,,,,0.1577197813582892,O
vás,PRON,PP-P4--2-------,nmod,Acc,,Plur,,-0.2854029928970048,O
Zadejte,VERB,Vi-P---2--A-P--,root,,,Plur,,0.3913072421355349,O
své,DET,P8NS4---------1,det,Acc,Neut,Sing,,0.114792422126111,O
přihlašovací,ADJ,AANS4----1A----,amod,Acc,Neut,Sing,,0.0807257921222014,O
jméno,NOUN,NNNS4-----A----,obj,Acc,Neut,Sing,,0.3679890270967916,O
pro,ADP,RR--4----------,case,Acc,,,,0.0979730170350132,O
#,NUM,C=-------------,nummod,,,,,0.2115589434452734,O
PRS,NOUN,BNXXX-----A----,root,,,,,-0.1751378451901603,O
_,PUNCT,Z:-------------,punct,,,,,0.4790705119656809,O
ORG,NOUN,BNXXX-----A----,nmod,,,,,0.2482664014253011,O
#,NUM,C=-------------,nummod,,,,,-0.1174565286274172,O
Obě,NUM,CnHP1----------,nummod,Nom,"Fem,Neut",Plur,,0.5475044897628493,O
děti,NOUN,NNFP1-----A----,nsubj,Nom,Fem,Plur,,0.0168381353908782,O
byly,AUX,VpTP----R-AAI--,cop,,"Fem,Masc",Plur,Inan,0.0114460439593431,O
nadšené,ADJ,AAFP1----1A----,root,Nom,Fem,Plur,,0.0225082264064571,O
ze,ADP,RV--2----------,case,Gen,,,,0.0978138725579021,O
setkání,NOUN,NNNS2-----A----,obl:arg,Gen,Neut,Sing,,-0.0424254549474497,O
s,ADP,RR--7----------,case,Ins,,,,0.0045995576880872,O
prezidentským,ADJ,AAMS7----1A----,amod,Ins,Masc,Sing,Anim,-0.0477004895016886,O
kandidátem,NOUN,NNMS7-----A----,nmod,Ins,Masc,Sing,Anim,-0.0090392873961124,O
osobně,ADV,Dg-------1A----,advmod,,,,,-0.0042736851154388,O
.,PUNCT,Z:-------------,punct,,,,,0.0076983605088013,O
Michels,PROPN,NNFXX-----A----,nsubj,,Fem,,,0.0754094718122505,B-ps
dívka,NOUN,NNFS1-----A----,nsubj,Nom,Fem,Sing,,0.2203032580007749,O
vyzvala,VERB,VpQW----R-AAP--,root,,"Fem,Neut","Plur,Sing",,0.073162335520162,O
své,DET,P8YP4---------1,det,Acc,Masc,Plur,,-0.0138565444765955,O
rodiče,NOUN,NNMP4-----A----,iobj,Acc,Masc,Plur,Anim,0.0175610066409311,O
",",PUNCT,Z:-------------,punct,,,,,0.1189523091209292,O
aby,AUX,Vc-------------,aux,,,,,-0.0183884473726791,O
hlasovali,VERB,VpMP----R-AAI--,ccomp,,Masc,Plur,Anim,0.1780420851232735,O
pro,ADP,RR--4----------,case,Acc,,,,0.1915507909436541,O
senátora,NOUN,NNMS4-----A----,obl,Acc,Masc,Sing,Anim,-0.010788786220175,O
Massachusetts,PROPN,NNXXX-----A----,nmod,Nom,Masc,Sing,Inan,0.0510871924418559,B-gr
v,ADP,RR--6----------,case,Loc,,,,0.0349731470723484,O
roce,NOUN,NNIS6-----A---1,obl,Loc,Masc,Sing,Inan,-0.0559565731381644,O
2020,NUM,C=-------------,nummod,,,,,0.1261186944934663,B-ty
po,ADP,RR--6----------,case,Loc,,,,0.0200601239295312,O
fotografii,NOUN,NNFS6-----A----,obl,Loc,Fem,Sing,,0.1185131602817504,O
op,NOUN,BNXXX-----A----,nmod,,Masc,,Inan,-0.0326815562148251,O
.,PUNCT,Z:-------------,punct,,,,,-0.0835812237795056,O
Rodiče,NOUN,NNMP1-----A----,nsubj,Nom,Masc,Plur,Anim,0.070283169405406,O
místo,ADP,RR--2----------,case,Gen,,,,-0.0226835284431093,O
toho,DET,PDZS2----------,obl,Gen,"Masc,Neut",Sing,,-0.0034864995240424,O
vysvětlili,VERB,VpMP----R-AAP--,root,,Masc,Plur,Anim,0.0690907052440783,O
Warrenův,ADJ,AUIS4M---------,amod,Acc,Masc,Sing,Inan,0.1277578743972256,B-p_
postoj,NOUN,NNIS4-----A----,obj,Acc,Masc,Sing,Inan,-0.109031450688787,O
k,ADP,RR--3----------,case,Dat,,,,0.0105253257634466,O
potratům,NOUN,NNIP3-----A----,nmod,Dat,Masc,Plur,Inan,0.1046173080495753,O
.,PUNCT,Z:-------------,punct,,,,,-0.0715784957542136,O
Dívky,NOUN,NNFP1-----A----,nsubj,Nom,Fem,Plur,,0.0417223854477271,O
a,CCONJ,J^-------------,cc,,,,,0.0559262943222083,O
jejich,DET,P9XXXXP3-------,det,,,,,0.0096304065455538,O
rodiče,NOUN,NNMP1-----A----,conj,Nom,Masc,Plur,Anim,0.002536734269326,O
se,PRON,P7-X4----------,expl:pv,Acc,,,,0.0703898439324672,O
rozhodli,VERB,VpMP----R-AAP-1,root,,Masc,Plur,Anim,-0.0651627603885698,O
darovat,VERB,Vf--------A-I--,xcomp,,,,,0.1812287089029138,O
do,ADP,RR--2----------,case,Gen,,,,0.0569344933819699,O
března,NOUN,NNIS2-----A----,obl,Gen,Masc,Sing,Inan,0.0093600263242024,O
pro,ADP,RR--4----------,case,Acc,,,,0.2365149234714151,O
životní,ADJ,AANS4----1A----,amod,Acc,Neut,Sing,,-0.0788460402070111,O
vzdělávání,NOUN,NNNS4-----A----,obl,Acc,Neut,Sing,,0.0355262419034479,O
a,CCONJ,J^-------------,cc,,,,,0.047754943566381,O
obrany,NOUN,NNFP4-----A----,conj,Acc,Fem,Plur,,0.0296812866254492,O
fondu,NOUN,NNIS2-----A----,nmod,Gen,Masc,Sing,Inan,0.0900837953342719,O
",",PUNCT,Z:-------------,punct,,,,,0.1926655184782068,O
non-zisk,NOUN,NNIS4-----A----,obj,Acc,Masc,Sing,Inan,0.1217867035758722,O
",",PUNCT,Z:-------------,punct,,,,,0.13587207479949,O
který,DET,P4YS1----------,nsubj,Nom,Masc,Sing,,0.0133485703215806,O
podporuje,VERB,VB-S---3P-AAI--,acl:relcl,,,Sing,,-0.004467596112277,O
pro-life,ADP,RR--4----------,case,Acc,,,,0.3288963148890867,O
právních,ADJ,AAIP2----1A----,amod,Gen,Masc,Plur,Inan,0.022154620454473,O
předpisů,NOUN,NNIP2-----A----,nmod,Gen,Masc,Plur,Inan,0.0364576831186713,O
.,PUNCT,Z:-------------,punct,,,,,-0.1017778900669081,O
V,ADP,RR--6----------,case,Loc,,,,0.0247310839651329,O
minulosti,NOUN,NNFS6-----A----,obl,Loc,Fem,Sing,,-0.1715130228896664,O
investoři,NOUN,NNMP1-----A----,nsubj,Nom,Masc,Plur,Anim,0.0645535481955208,O
na,ADP,RR--6----------,case,Loc,,,,0.0152863612926482,O
veřejném,ADJ,AAIS6----1A----,amod,Loc,Masc,Sing,Inan,0.0259031959739124,O
trhu,NOUN,NNIS6-----A----,nmod,Loc,Masc,Sing,Inan,-0.0279459885452366,O
obvykle,ADV,Dg-------1A----,advmod,,,,,-0.1988382940099689,O
očekávali,VERB,VpMP----R-AAI--,root,,Masc,Plur,Anim,0.3156902668599585,O
",",PUNCT,Z:-------------,punct,,,,,-0.1068578622610662,O
že,SCONJ,"J,-------------",mark,,,,,0.1715409594209723,O
se,PRON,P7-X4----------,expl:pv,Acc,,,,-0.0903276604235061,O
společnost,NOUN,NNFS1-----A----,nsubj,Nom,Fem,Sing,,-0.1280014490100858,O
stane,VERB,VB-S---3P-AAP--,ccomp,,,Sing,,0.0023393623553125,O
rentabilními,ADJ,AAIP7----1A----,obl:arg,Ins,Masc,Plur,Inan,0.0352307166850951,O
zhruba,ADV,Db-------------,advmod:emph,,,,,-0.0948751377651428,O
za,ADP,RR--4----------,case,Acc,,,,-0.0696308767376686,O
18,NUM,C=-------------,nummod:gov,,,,,0.0852972485884316,B-nc
měsíců,NOUN,NNIP2-----A----,obl,Gen,Masc,Plur,Inan,-0.1496418582867457,O
od,ADP,RR--2----------,case,Gen,,,,-0.0567346894064027,O
IPA,NOUN,BNXXX-----A----,nmod,,,,,-0.0481730649753518,B-if
.,PUNCT,Z:-------------,punct,,,,,-0.3055461368505951,O
Toto,DET,PDNS1----------,det,Nom,Neut,Sing,,0.2173943622238481,O
časové,ADJ,AANS1----1A----,amod,Nom,Neut,Sing,,0.0551331471569569,O
rozpětí,NOUN,NNNS1-----A----,nsubj:pass,Nom,Neut,Sing,,0.0470490244868206,O
se,PRON,P7-X4----------,expl:pass,Acc,,,,-0.0585304004769414,O
uvolnilo,VERB,VpNS----R-AAP--,root,,Neut,Sing,,0.050997566014619,O
",",PUNCT,Z:-------------,punct,,,,,0.0565757609245769,O
protože,SCONJ,"J,-------------",mark,,,,,-0.1734353860719495,O
money,X,F%-------------,nsubj,,,,,0.2140811957195739,O
management,X,F%-------------,flat:foreign,,,,,0.2403496600142649,O
che,VERB,VB-S---3P-AAI--,advcl,,,Sing,,0.056584229325577,O
přidávat,VERB,Vf--------A-I--,xcomp,,,,,-0.0117986022916404,O
do,ADP,RR--2----------,case,Gen,,,,-0.0066015845219684,O
svých,DET,P8XP2----------,det,Gen,,Plur,,0.0534674075146222,O
portfolií,NOUN,NNNP2-----A----,obl,Gen,Neut,Plur,,0.1438299337797901,O
podniky,NOUN,NNIP4-----A----,obj,Acc,Masc,Plur,Inan,0.2073270005178118,O
s,ADP,RR--7----------,case,Ins,,,,0.0323492127107603,O
rychle,ADV,Dg-------1A----,advmod,,,,,0.0613723957961171,O
rostoucí,ADJ,AGFS7-----A----,amod,Ins,Fem,Sing,,0.141365179197627,O
rentabilitou,NOUN,NNFS7-----A----,nmod,Ins,Fem,Sing,,0.0885088555075096,O
.,PUNCT,Z:-------------,punct,,,,,0.1907510173063255,O
Jsem,AUX,VB-S---1P-AAI--,cop,,,Sing,,0.066766679273848,O
klíčovápracovka,NOUN,NNFS1-----A----,ccomp,Nom,Fem,Sing,,0.186450345977981,O
-,PUNCT,Z:-------------,punct,,,,,0.2673285445033848,O
jsem,AUX,VB-S---1P-AAI--,cop,,,Sing,,-0.2195589859716844,O
učitelka,NOUN,NNFS1-----A----,appos,Nom,Fem,Sing,,-0.0676384330280512,O
-,PUNCT,Z:-------------,punct,,,,,0.1685865949490025,O
a,CCONJ,J^-------------,cc,,,,,0.0321947534608523,O
můj,DET,PSYS1-S1-------,det,Nom,Masc,Sing,,-0.0879924196298364,O
přítel,NOUN,NNMS1-----A----,nsubj,Nom,Masc,Sing,Anim,-0.0251237164612717,O
má,VERB,VB-S---3P-AAI--,conj,,,Sing,,0.1330988523982182,O
pracovní,ADJ,AAIP4----1A----,amod,Acc,Masc,Plur,Inan,-0.0673369359548499,O
závazky,NOUN,NNIP4-----A----,obj,Acc,Masc,Plur,Inan,0.449716938763266,O
",",PUNCT,Z:-------------,punct,,,,,0.1385792181295568,O
takže,SCONJ,"J,-------------",mark,,,,,-0.0995191424837599,O
po,ADP,RR--6----------,case,Loc,,,,-0.0569517098587493,O
návratu,NOUN,NNIS6-----A----,obl,Loc,Masc,Sing,Inan,0.0298015721497799,O
nemůžeme,VERB,VB-P---1P-NAI--,advcl,,,Plur,,0.0001228139876422,O
být,AUX,Vf--------A-I--,xcomp,,,,,0.0076607529237984,O
14,NUM,C=-------------,nummod:gov,,,,,0.0841217414914275,B-nc
dní,NOUN,NNIP2-----A---1,obl,Gen,Masc,Plur,Inan,0.1123997302788248,O
v,ADP,RR--6----------,case,Loc,,,,0.2169737139930546,O
karanténě,NOUN,NNFS6-----A----,obl,Loc,Fem,Sing,,-0.0176146311941204,O
",",PUNCT,Z:-------------,punct,,,,,0.3174513005197363,O
řekla,VERB,VpQW----R-AAP--,root,,"Fem,Neut","Plur,Sing",,0.0096590348515951,O
.,PUNCT,Z:-------------,punct,,,,,0.0195218202497867,O
I,CCONJ,J^-------------,mark,,,,,0.8223089296106038,O
když,SCONJ,"J,-------------",fixed,,,,,0.053030009067587,O
vyslání,NOUN,NNNS1-----A----,nsubj,Nom,Neut,Sing,,-0.0021941680073924,O
federálních,ADJ,AAMP2----1A----,amod,Gen,Masc,Plur,Anim,0.0251105724445246,O
agentů,NOUN,NNMP2-----A----,nmod,Gen,Masc,Plur,Anim,-0.000226581790126,O
na,ADP,RR--4----------,case,Acc,,,,-0.0209887348391779,O
pomoc,NOUN,NNFS4-----A----,nmod,Acc,Fem,Sing,,-0.0078430432319553,O
místním,ADJ,AANP3----1A----,amod,Dat,Neut,Plur,,0.0330956137289469,O
vymáháním,NOUN,NNNP3-----A----,nmod,Dat,Neut,Plur,,-0.0080362223248043,O
práva,NOUN,NNNS2-----A----,nmod,Gen,Neut,Sing,,0.0311248248497894,O
není,AUX,VB-S---3P-NAI--,cop,,,Sing,,0.0466236663526215,O
bezprecedentní,ADJ,AANS1----1A----,advcl,Nom,Neut,Sing,,0.0395742820126857,O
-,PUNCT,Z:-------------,punct,,,,,0.0881909360303433,O
generální,ADJ,AAMS1----1A----,amod,Nom,Masc,Sing,Anim,-0.0024225280930113,O
prokurátor,NOUN,NNMS1-----A----,nsubj,Nom,Masc,Sing,Anim,0.0383936240511596,O
Bill,PROPN,NNMS1-----A----,flat,Nom,Masc,Sing,Anim,-0.0314223310267817,B-P|B-pf
Barr,PROPN,NNMS1-----A----,flat,Nom,Masc,Sing,Anim,0.0136175992933646,I-P|B-ps
oznámil,VERB,VpYS----R-AAP--,parataxis,,Masc,Sing,,0.0614891766324078,O
v,ADP,RR--6----------,case,Loc,,,,0.0824561183518332,O
prosinci,NOUN,NNIS6-----A----,obl,Loc,Masc,Sing,Inan,0.0354688417415917,O
podobné,ADJ,AANS4----1A----,amod,Acc,Neut,Sing,,0.0140264812716914,O
prudké,ADJ,AANS4----1A----,amod,Acc,Neut,Sing,,-0.0040204340471875,O
úsilí,NOUN,NNNS4-----A----,obj,Acc,Neut,Sing,,0.0856801490792202,O
u,ADP,RR--2----------,case,Gen,,,,0.0113476292934279,O
sedmi,NUM,Cl-P2----------,nummod,Gen,,Plur,,0.0050297218914689,O
měst,NOUN,NNNP2-----A----,obl,Gen,Neut,Plur,,0.0353514829315388,O
",",PUNCT,Z:-------------,punct,,,,,0.1432730747729919,O
která,DET,P4NP1----------,nsubj,Nom,Neut,Plur,,-0.0230970623995398,O
zažila,VERB,VpQW----R-AAP--,acl:relcl,,"Fem,Neut","Plur,Sing",,0.033425246065313,O
prudké,ADJ,AANS4----1A----,amod,Acc,Neut,Sing,,0.056447925799997,O
násilí,NOUN,NNNS4-----A----,obj,Acc,Neut,Sing,,-0.0081035116571941,O
-,PUNCT,Z:-------------,punct,,,,,0.0806571007555035,O
typ,NOUN,NNIS1-----A----,nsubj,Nom,Masc,Sing,Inan,0.0431604566231299,O
odesílaného,ADJ,AAMS2----1A----,amod,Gen,Masc,Sing,Anim,0.0690562525944969,O
federálního,ADJ,AAMS2----1A----,amod,Gen,Masc,Sing,Anim,0.1113510293460349,O
agenta,NOUN,NNMS2-----A----,nmod,Gen,Masc,Sing,Anim,0.0166688600942171,O
a,CCONJ,J^-------------,cc,,,,,0.0246757117484848,O
některé,DET,PZFP1----------,conj,Nom,Fem,Plur,,0.0125804266489532,O
z,ADP,RR--2----------,case,Gen,,,,0.0180375421635952,O
jejich,DET,P9XXXXP3-------,det,,,,,-0.0980188026750434,O
taktik,NOUN,NNFP2-----A----,nmod,Gen,Fem,Plur,,0.0598917476930309,O
vyvolaly,VERB,VpTP----R-AAP--,root,,"Fem,Masc",Plur,Inan,0.0654947835271831,O
obavy,NOUN,NNFP4-----A----,obj,Acc,Fem,Plur,,0.0647106487927076,O
mezi,ADP,RR--7----------,case,Ins,,,,0.0355846741037453,O
státními,ADJ,AAMP7----1A----,amod,Ins,Masc,Plur,Anim,0.0785239366037811,O
a,CCONJ,J^-------------,cc,,,,,0.0592985531726794,O
místními,ADJ,AAMP7----1A----,conj,Ins,Masc,Plur,Anim,-0.0527922072923391,O
zákonodárci,NOUN,NNMP7-----A----,nmod,Ins,Masc,Plur,Anim,0.0363475312719318,O
.,PUNCT,Z:-------------,punct,,,,,0.0509745310314,O
Sto,DET,CzNS4----------,obl,Acc,Neut,Sing,,-0.0206962804012993,O
let,NOUN,NNNP2-----A----,nmod,Gen,Neut,Plur,,0.0553641827672981,O
trvající,ADJ,AGIS1-----A----,amod,Nom,Masc,Sing,Inan,0.1106336224859274,O
spor,NOUN,NNIS1-----A----,nsubj:pass,Nom,Masc,Sing,Inan,0.0685592589598953,O
o,ADP,RR--4----------,case,Acc,,,,-0.3098483951649988,O
místo,NOUN,NNNS4-----A----,nmod,Acc,Neut,Sing,,-0.051301849304338,O
byl,AUX,VpYS----R-AAI--,aux:pass,,Masc,Sing,,0.0438920139239121,O
loni,ADV,Db-------------,advmod,,,,,0.0081466248425608,O
vyřešen,ADJ,VsYS----X-APP--,root,,Masc,Sing,,0.4205470749951576,O
po,ADP,RR--6----------,case,Loc,,,,0.1420231706588909,O
drtivém,ADJ,AANS6----1A----,amod,Loc,Neut,Sing,,0.0703511884760345,O
volebním,ADJ,AANS6----1A----,amod,Loc,Neut,Sing,,0.0284781980386065,O
vítězství,NOUN,NNNS6-----A----,obl,Loc,Neut,Sing,,-0.1955627636618178,O
BJP,NOUN,BNXXX-----A----,nmod,,,,,0.5170906606362304,B-ic
.,PUNCT,Z:-------------,punct,,,,,-0.0462317333180244,O
HQV®,NOUN,BNXXX-----A----,nsubj,,,,,0.1882632809068214,B-op
Video,X,F%-------------,nmod,,,,,-0.0595487673636556,I-op
Processing,X,F%-------------,flat:foreign,,,,,-0.0282161073958552,I-op
Zpracování,NOUN,NNNS1-----A----,nsubj,Nom,Neut,Sing,,0.0577309534978484,O
HQV,NOUN,BNXXX-----A----,nmod,,,,,-0.0272159667734728,B-op
(,PUNCT,Z:-------------,punct,,,,,-0.0930577856446565,O
Hollywood,X,F%-------------,appos,,,,,0.1758304303150107,B-op
Quality,X,F%-------------,flat:foreign,,,,,-0.0740201202688926,I-op
Video,X,F%-------------,flat:foreign,,,,,-0.0809685195193233,I-op
),PUNCT,Z:-------------,punct,,,,,0.0549198395078595,O
představuje,VERB,VB-S---3P-AAI--,root,,,Sing,,-0.0899412289531037,O
nejmodernější,ADJ,AAFS4----3A----,amod,Acc,Fem,Sing,,0.222018919194773,O
technologii,NOUN,NNFS4-----A----,obj,Acc,Fem,Sing,,0.0534614391494137,O
zpracování,NOUN,NNNS2-----A----,nmod,Gen,Neut,Sing,,0.0273219371051583,O
videa,NOUN,NNNS2-----A----,nmod,Gen,Neut,Sing,,0.1318381825725872,O
s,ADP,RR--7----------,case,Ins,,,,0.0764100385022786,O
nejvyšší,ADJ,AAFS7----3A----,amod,Ins,Fem,Sing,,0.042824888786829,O
kvalitou,NOUN,NNFS7-----A----,nmod,Ins,Fem,Sing,,0.1358107480007078,O
deinterlacingu,NOUN,NNIS2-----A----,nmod,Gen,Masc,Sing,Inan,0.0365527765622386,O
(,PUNCT,Z:-------------,punct,,,,,-0.0225215158247945,O
s,ADP,RR--7----------,case,Ins,,,,-0.0221883213648961,O
3:2,NUM,C=-------------,nummod,,,,,0.0739588698242084,O
a,CCONJ,J^-------------,cc,,,,,0.1347673828968767,O
2:2,NUM,C=-------------,conj,,,,,0.0213870856163048,O
pull,X,F%-------------,nmod,,,,,0.049582947642254,O
down,X,F%-------------,flat:foreign,,,,,0.0084207275824998,O
),PUNCT,Z:-------------,punct,,,,,0.0720832660731724,O
",",PUNCT,Z:-------------,punct,,,,,0.0785656109706793,O
redukcí,NOUN,NNFS7-----A----,conj,Ins,Fem,Sing,,0.0883368758194344,O
šumu,NOUN,NNIS2-----A----,nmod,Gen,Masc,Sing,Inan,0.0979403497832218,O
a,CCONJ,J^-------------,cc,,,,,0.0545903214112876,O
škálovací,ADJ,AAIS4----1A----,amod,Acc,Masc,Sing,Inan,0.0607264498380656,O
výkon,NOUN,NNIS4-----A----,conj,Acc,Masc,Sing,Inan,0.0026615164538552,O
pro,ADP,RR--4----------,case,Acc,,,,0.1173861108572619,O
signály,NOUN,NNIP4-----A----,nmod,Acc,Masc,Plur,Inan,0.081929973474429,O
se,ADP,RV--7----------,case,Ins,,,,0.2209676046461357,O
standardním,ADJ,AANS7----1A----,amod,Ins,Neut,Sing,,0.1001429704288137,O
i,CCONJ,J^-------------,cc,,,,,-0.1883168816303072,O
vysokým,ADJ,AANS7----1A----,conj,Ins,Neut,Sing,,0.0313424413329439,O
rozlišením,NOUN,NNNS7-----A----,nmod,Ins,Neut,Sing,,0.1245447709648739,O
.,PUNCT,Z:-------------,punct,,,,,-0.0761587197569332,O
Sdílel,VERB,VpYS----R-AAI--,root,,Masc,Sing,,0.3794021711967403,O
také,ADV,Db-------------,advmod,,,,,-0.0302384548429341,O
příspěvek,NOUN,NNIS4-----A----,obj,Acc,Masc,Sing,Inan,0.0085141394262623,O
",",PUNCT,Z:-------------,punct,,,,,0.064495155146894,O
ve,ADP,RV--6----------,case,Loc,,,,-0.1192189561068768,O
kterém,DET,P4ZS6----------,obl,Loc,"Masc,Neut",Sing,,0.0311958233670727,O
stálo,VERB,VpNS----R-AAI--,acl:relcl,,Neut,Sing,,0.019436497868254,O
",",PUNCT,Z:-------------,punct,,,,,0.0790597078041263,O
že,SCONJ,"J,-------------",mark,,,,,-0.0038676416936079,O
jméno,NOUN,NNNS1-----A----,nsubj,Nom,Neut,Sing,,0.090738112263265,O
Jo,PROPN,NNFXX-----A----,nmod,,Fem,,,0.021070886896134,B-P|B-pf
Coxové,PROPN,NNFS2-----A----,flat,Gen,Fem,Sing,,-0.0699619214642706,I-P|B-ps
je,AUX,VB-S---3P-AAI--,cop,,,Sing,,0.095300990778792,O
více,ADV,Dg-------2A----,advmod,,,,,-0.0011165481913378,O
než,SCONJ,"J,-------------",fixed,,,,,-0.0529975808158597,O
politický,ADJ,AAIS1----1A----,amod,Nom,Masc,Sing,Inan,0.0630174148056724,O
bod,NOUN,NNIS1-----A----,csubj,Nom,Masc,Sing,Inan,0.0310165012568176,O
bod“,NOUN,AAXXX----1A----,nmod,,,,,0.0100617331941302,O
s,ADP,RR--7----------,case,Ins,,,,0.1202260897705223,O
titulkem,NOUN,NNIS7-----A----,nmod,Ins,Masc,Sing,Inan,0.0508635219875641,O
To,DET,PDNS1----------,dep,Nom,Neut,Sing,,0.034306568537042,O
.,PUNCT,Z:-------------,punct,,,,,-0.0872215956886426,O
Děkuji,VERB,VB-S---1P-AAI-1,root,,,Sing,,-0.0069701019125305,O
vám,PRON,PP-P3--2-------,obl:arg,Dat,,Plur,,-0.0327826559063945,O
.,PUNCT,Z:-------------,punct,,,,,-0.0152025002679378,O
“,PUNCT,Z:-------------,punct,,,,,-0.0514321814360954,O
Pan,NOUN,NNMS1-----A----,nsubj,Nom,Masc,Sing,Anim,-0.0038696982564659,O
Corbyn,PROPN,NNMS1-----A----,flat,Nom,Masc,Sing,Anim,0.0214785369539131,B-ps
čelil,VERB,VpYS----R-AAI--,root,,Masc,Sing,,0.075667151941848,O
kritice,NOUN,NNFS3-----A----,obl:arg,Dat,Fem,Sing,,0.0299715842578912,O
za,ADP,RR--4----------,case,Acc,,,,0.0200575480592027,O
své,DET,P8NS4---------1,det,Acc,Neut,Sing,,-0.0519676583786706,O
video,NOUN,NNNS4-----A----,obl,Acc,Neut,Sing,,-0.0355673949456936,O
",",PUNCT,Z:-------------,punct,,,,,-0.1459197762798324,O
které,DET,P4NS1----------,nsubj,Nom,Neut,Sing,,-0.2528759225161455,O
začíná,VERB,VB-S---3P-AAI--,acl:relcl,,,Sing,,-0.1317360321506154,O
tím,DET,PDZS7----------,obl,Ins,"Masc,Neut",Sing,,0.0638785757249759,O
",",PUNCT,Z:-------------,punct,,,,,0.0355822302314979,O
že,SCONJ,"J,-------------",mark,,,,,-0.0815101256701659,O
před,ADP,RR--7----------,case,Ins,,,,-0.1145423095491404,O
třemi,NUM,Cl-P7----------,nummod,Ins,,Plur,,0.0049499295493317,O
lety,NOUN,NNNP7-----A----,obl,Ins,Neut,Plur,,-0.0586065389521161,O
hovoří,VERB,VB-S---3P-AAI--,acl,,,Sing,,-0.0067209205263342,O
o,ADP,RR--6----------,case,Loc,,,,-0.052073988780078,O
vraždě,NOUN,NNFS6-----A----,obl:arg,Loc,Fem,Sing,,-0.0371736693022209,O
paní,NOUN,NNFS2-----A----,nmod,Gen,Fem,Sing,,0.1188965800154749,O
Coxové,PROPN,NNFS2-----A----,flat,Gen,Fem,Sing,,0.2234233109864224,B-ps
krajně,ADV,Dg-------1A----,advmod,,,,,0.0264847369064186,O
pravicovou,ADJ,AAFS7----1A----,amod,Ins,Fem,Sing,,-0.0400148893746423,O
aktivistkou,NOUN,NNFS7-----A----,nmod,Ins,Fem,Sing,,0.0477366118087147,O
v,ADP,RR--6----------,case,Loc,,,,-0.0278126572791898,O
jejím,DET,P9ZS6FS3-------,det,Loc,"Masc,Neut",Sing,,-0.0038886951161113,O
volebním,ADJ,AAIS6----1A----,amod,Loc,Masc,Sing,Inan,-0.0039137294534587,O
obvodu,NOUN,NNIS6-----A---1,nmod,Loc,Masc,Sing,Inan,0.0373349178968428,O
v,ADP,RR--6----------,case,Loc,,,,0.1242323629006344,O
Západním,ADJ,AAIS6----1A----,amod,Loc,Masc,Sing,Inan,-0.0036080310280261,B-gr
Yorkshiru,PROPN,NNIS6-----A----,nmod,Loc,Masc,Sing,Inan,0.0500031836728198,I-gr
.,PUNCT,Z:-------------,punct,,,,,0.3964969478596456,O
V,ADP,RR--6----------,case,Loc,,,,0.1284462021023155,O
mapě,NOUN,NNFS6-----A----,obl,Loc,Fem,Sing,,0.0804534497604428,O
vesmíru,NOUN,NNIS2-----A----,nmod,Gen,Masc,Sing,Inan,-0.0134023327317432,O
vytvořené,ADJ,AAFS6----1A----,amod,Loc,Fem,Sing,,0.0305368840265548,O
teleskopem,NOUN,NNIS7-----A----,obl:arg,Ins,Masc,Sing,Inan,-0.0221745662012129,O
Subaru,PROPN,NNIS2-----A----,nmod,Gen,Masc,Sing,Inan,-0.0308494431894282,B-op
tým,NOUN,NNIS1-----A----,nsubj,Nom,Masc,Sing,Inan,-0.0757809013443803,O
objevil,VERB,VpYS----R-AAP--,root,,Masc,Sing,,-0.0019821481024913,O
kandidáta,NOUN,NNMS4-----A----,obj,Acc,Masc,Sing,Anim,0.0418563256412911,O
na,ADP,RR--4----------,case,Acc,,,,0.0922678227758641,O
protokupu,NOUN,NNFS4-----A----,nmod,Acc,Fem,Sing,,0.3135263692916378,O
",",PUNCT,Z:-------------,punct,,,,,-0.0271612717193578,O
z66OD,NOUN,BNXXX-----A----,nmod,,,,,0.1284854834579358,B-o_
",",PUNCT,Z:-------------,punct,,,,,-0.0859074540405904,O
kde,ADV,Db-------------,advmod,,,,,0.0110675652463968,O
jsou,AUX,VB-P---3P-AAI--,cop,,,Plur,,-0.0759175000054062,O
galaxie,NOUN,NNFP1-----A----,nsubj,Nom,Fem,Plur,,0.0032963922755916,O
patnáctkrát,ADV,Cv-------------,obl,,,,,0.0569760068155228,O
koncentrovanější,ADJ,AAFP1----2A----,acl:relcl,Nom,Fem,Plur,,0.0658934233388152,O
",",PUNCT,Z:-------------,punct,,,,,-0.0281340539776302,O
než,SCONJ,"J,-------------",mark,,,,,-0.0336840120549602,O
je,AUX,VB-S---3P-AAI--,cop,,,Sing,,0.0452161117391337,O
pro,ADP,RR--4----------,case,Acc,,,,0.1758653975764268,O
tuto,DET,PDFS4----------,det,Acc,Fem,Sing,,-0.0268003068691188,O
éru,NOUN,NNFS4-----A----,obl,Acc,Fem,Sing,,0.0448429045425994,O
obvyklé,ADJ,AANS1----1A----,advcl,Nom,Neut,Sing,,0.048567964271734,O
.,PUNCT,Z:-------------,punct,,,,,0.0129425601882693,O
Tým,NOUN,NNIS1-----A----,nsubj,Nom,Masc,Sing,Inan,-0.009498961954348,O
pak,ADV,Db-------------,advmod,,,,,0.0775773318571,O
provedl,VERB,VpYS----R-AAP--,root,,Masc,Sing,,0.1077223810513435,O
následná,ADJ,AANP4----1A----,amod,Acc,Neut,Plur,,-0.0008913632040071,O
spektroskopická,ADJ,AANP4----1A----,amod,Acc,Neut,Plur,,0.0636376814716788,O
pozorování,NOUN,NNNP4-----A----,obj,Acc,Neut,Plur,,-0.0507750759206264,O
pomocí,ADP,RR--2----------,case,Gen,,,,-0.0722483417094,O
W,NOUN,Q3-------------,nmod,,,,,0.01303802385834,B-op
.,PUNCT,Z:-------------,punct,,,,,0.0017393778739782,I-op
M,NOUN,Q3-------------,nmod,,,,,-0.0274588849898027,I-op
.,PUNCT,Z:-------------,punct,,,,,0.0371278806638953,I-op
Keckova,ADJ,AUFS1M---------,amod,Nom,Fem,Sing,,0.0580457139413872,I-op|B-ps
observatoř,NOUN,NNFS1-----A----,nmod,Nom,Fem,Sing,,0.0734846637798425,B-if
a,CCONJ,J^-------------,cc,,,,,0.0356320880652458,O
Gemini,PROPN,NNNXX-----A----,nmod,,Neut,,,0.1157359151533603,B-op
Northův,ADJ,AUIS1M---------,amod,Nom,Masc,Sing,Inan,-0.0017075945004177,I-op
dalekohled,NOUN,NNIS1-----A----,conj,Nom,Masc,Sing,Inan,0.2768575398943957,O
potvrdily,VERB,VpTP----R-AAP--,conj,,"Fem,Masc",Plur,Inan,0.0386925412898421,O
12,NUM,C=-------------,nummod:gov,,,,,-0.0096937991251576,B-nc
galaxií,NOUN,NNFP2-----A----,obj,Gen,Fem,Plur,,0.1045387667656838,O
",",PUNCT,Z:-------------,punct,,,,,0.0730252081946178,O
které,DET,P4FP1----------,nsubj,Nom,Fem,Plur,,0.0074026056504229,O
existovaly,VERB,VpTP----R-AAI--,acl:relcl,,"Fem,Masc",Plur,Inan,0.0131507401381067,O
před,ADP,RR--7----------,case,Ins,,,,0.0151213240815542,O
13,NUM,C=-------------,obl,,,,,0.0719926326601621,B-nc
",",PUNCT,Z:-------------,punct,,,,,0.1121073635089075,I-nc
0,NUM,C=-------------,conj,,,,,0.0067872484196739,I-nc
miliardami,DET,CzIP7----------,obl,Ins,Masc,Plur,Inan,0.0324614646344491,I-nc
let,NOUN,NNNP2-----A----,nmod,Gen,Neut,Plur,,-0.0124885824750412,O
.,PUNCT,Z:-------------,punct,,,,,0.2757892296012861,O
Agnieszka,PROPN,NNFS1-----A----,nsubj,Nom,Fem,Sing,,0.1627389602522748,B-P|B-pf
Lada-Konefalová,PROPN,NNFS1-----A----,flat,Nom,Fem,Sing,,0.1294663144357093,I-P|B-ps
",",PUNCT,Z:-------------,punct,,,,,0.0515886599245072,O
zástupkyně,NOUN,NNFS1-----A----,appos,Nom,Fem,Sing,,0.0055972435483811,O
ředitele,NOUN,NNMS2-----A----,nmod,Gen,Masc,Sing,Anim,-0.031673229955094,O
Německého,ADJ,AAIS2----1A----,amod,Gen,Masc,Sing,Inan,0.1406343199786717,B-ic
institutu,NOUN,NNIS2-----A----,nmod,Gen,Masc,Sing,Inan,0.0326388692138653,I-ic
pro,ADP,RR--4----------,case,Acc,,,,0.2705329427119418,I-ic
polské,ADJ,AAFP4----1A----,amod,Acc,Fem,Plur,,0.0662818693432772,I-ic
záležitosti,NOUN,NNFP4-----A----,nmod,Acc,Fem,Plur,,-0.0712333950257244,I-ic
v,ADP,RR--6----------,case,Loc,,,,0.0121320259201859,O
německém,ADJ,AAIS6----1A----,amod,Loc,Masc,Sing,Inan,0.0355247990225141,O
Darmstadtu,PROPN,NNIS6-----A----,nmod,Loc,Masc,Sing,Inan,0.1097607237208635,B-gu
",",PUNCT,Z:-------------,punct,,,,,0.1259148612148297,O
očekává,VERB,VB-S---3P-AAI--,root,,,Sing,,0.1291634010527666,O
",",PUNCT,Z:-------------,punct,,,,,0.1437189642681318,O
že,SCONJ,"J,-------------",mark,,,,,0.0062863670976413,O
Scholzova,ADJ,AUFS1M---------,amod,Nom,Fem,Sing,,0.1446678396488862,B-ps
vláda,NOUN,NNFS1-----A----,nsubj,Nom,Fem,Sing,,0.0975940261611872,O
bude,AUX,VB-S---3F-AAI--,aux,,,Sing,,0.0676959281473697,O
pokračovat,VERB,Vf--------A-I--,ccomp,,,,,0.0123031159537329,O
v,ADP,RR--6----------,case,Loc,,,,0.0473683237754865,O
dialogu,NOUN,NNIS6-----A----,obl:arg,Loc,Masc,Sing,Inan,-0.0391175213237566,O
a,CCONJ,J^-------------,cc,,,,,-0.2477084689080886,O
kontaktech,NOUN,NNIP6-----A----,conj,Loc,Masc,Plur,Inan,-0.1386722388476622,O
s,ADP,RR--7----------,case,Ins,,,,0.0996791306097441,O
Polskem,PROPN,NNNS7-----A----,nmod,Ins,Neut,Sing,,0.2390200535346194,B-gc
",",PUNCT,Z:-------------,punct,,,,,0.1034442898546153,O
které,DET,P4NS1----------,nsubj,Nom,Neut,Sing,,-0.0454225101068419,O
je,AUX,VB-S---3P-AAI--,cop,,,Sing,,-0.0831192655035775,O
důležitým,ADJ,AAMS7----1A----,amod,Ins,Masc,Sing,Anim,-0.0218443180313667,O
členem,NOUN,NNMS7-----A----,acl:relcl,Ins,Masc,Sing,Anim,-0.0587742018330155,O
na,ADP,RR--6----------,case,Loc,,,,0.0826135220182131,O
východním,ADJ,AANS6----1A----,amod,Loc,Neut,Sing,,0.0198854772583947,O
křídle,NOUN,NNNS6-----A----,nmod,Loc,Neut,Sing,,0.1149416755193416,O
EU,PROPN,BNXXX-----A----,nmod,,,,,0.0924875876358591,B-io
a,CCONJ,J^-------------,cc,,,,,-0.1066242742356453,O
pátým,ADJ,CrMS7----------,amod,Ins,Masc,Sing,Anim,0.1001181116982903,O
největším,ADJ,AAMS7----3A----,amod,Ins,Masc,Sing,Anim,0.0165280056154606,O
obchodním,ADJ,AAMS7----1A----,amod,Ins,Masc,Sing,Anim,0.0716459424529741,O
partnerem,NOUN,NNMS7-----A----,conj,Ins,Masc,Sing,Anim,0.0206551869292608,O
Německa,PROPN,NNNS2-----A----,nmod,Gen,Neut,Sing,,0.0752736561417561,B-gc
.,PUNCT,Z:-------------,punct,,,,,0.4426233077577409,O
Ale,CCONJ,J^-------------,cc,,,,,-0.3523259550349299,O
pan,NOUN,NNMS1-----A----,nsubj,Nom,Masc,Sing,Anim,0.019328469526786,O
Puglia,PROPN,NNMS1-----A----,flat,Nom,Masc,Sing,Anim,0.5115601068034372,B-ps
trvá,VERB,VB-S---3P-AAI--,root,,,Sing,,0.1248419171323683,O
na,ADP,RR--6----------,case,Loc,,,,-0.1359089554478295,O
tom,DET,PDZS6----------,obl:arg,Loc,"Masc,Neut",Sing,,-0.2321411826221358,O
",",PUNCT,Z:-------------,punct,,,,,0.4020514775787663,O
že,SCONJ,"J,-------------",mark,,,,,-0.1244687854032683,O
jen,ADV,Db-------------,advmod:emph,,,,,-0.3341993835309589,O
dělal,VERB,VpYS----R-AAI--,acl,,Masc,Sing,,-0.1609518681905369,O
svou,DET,P8FS4---------1,det,Acc,Fem,Sing,,0.0637220261759356,O
práci,NOUN,NNFS4-----A----,obj,Acc,Fem,Sing,,0.1897805847482143,O
.,PUNCT,Z:-------------,punct,,,,,0.1271646262523284,O
"""",PUNCT,Z:-------------,punct,,,,,0.19718882489046,O
Jsme,AUX,VB-P---1P-AAI--,cop,,,Plur,,0.0599084559416512,O
vděční,ADJ,AAMP1----1A----,ccomp,Nom,Masc,Plur,Anim,0.0045053334238283,O
za,ADP,RR--4----------,case,Acc,,,,0.0311711830373279,O
pozornost,NOUN,NNFS4-----A----,obl:arg,Acc,Fem,Sing,,0.0171693537784611,O
porotců,NOUN,NNMP2-----A----,nmod,Gen,Masc,Plur,Anim,0.0166246263065637,O
v,ADP,RR--6----------,case,Loc,,,,0.0092370887283298,O
posledních,ADJ,AAIP6----1A----,amod,Loc,Masc,Plur,Inan,0.0015473162257926,O
několika,DET,Ca--6----------,det:nummod,Loc,,,,-0.0029083598020371,O
týdnech,NOUN,NNIP6-----A----,nmod,Loc,Masc,Plur,Inan,-0.0001691333348551,O
každému,DET,AAIS3----1A----,det,Dat,Masc,Sing,Anim,0.0109807126328763,O
kusu,NOUN,NNIS3-----A----,obl:arg,Dat,Masc,Sing,Inan,0.0172508235438946,O
důkazů,NOUN,NNIP2-----A----,nmod,Gen,Masc,Plur,Inan,0.0366548752894023,O
v,ADP,RR--6----------,case,Loc,,,,0.0352775987895802,O
případu,NOUN,NNIS6-----A---1,nmod,Loc,Masc,Sing,Inan,0.0271331781357378,O
",",PUNCT,Z:-------------,punct,,,,,0.1120615242115955,O
"""",PUNCT,Z:-------------,punct,,,,,0.0004954175763352,O
"""",PUNCT,Z:-------------,punct,,,,,-0.0084329173046122,O
uvedl,VERB,VpYS----R-AAP--,root,,Masc,Sing,,0.0156552960999845,O
okresní,ADJ,AAMS1----1A----,amod,Nom,Masc,Sing,Anim,0.1370387543600494,O
prokurátor,NOUN,NNMS1-----A----,nsubj,Nom,Masc,Sing,Anim,0.0072620426598602,O
Harris,X,F%-------------,nmod,,,,,-0.0039481466156275,B-ic|B-gu
County,X,F%-------------,flat:foreign,,,,,-0.0033276220184384,I-ic
Kim,PROPN,NNMS1-----A----,flat,Nom,Masc,Sing,Anim,-0.00434155319243,B-P|B-pf
Ogg,PROPN,NNMS1-----A----,flat,Nom,Masc,Sing,Anim,0.0160037948850989,I-P|B-ps
v,ADP,RR--6----------,case,Loc,,,,0.0287595058750475,O
prohlášení,NOUN,NNNS6-----A----,obl,Loc,Neut,Sing,,0.0458419282298399,O
.,PUNCT,Z:-------------,punct,,,,,-0.0390101723648891,O
"""",PUNCT,Z:-------------,punct,,,,,-0.0758260698547191,O
Nikdy,ADV,Db-------------,advmod,,,,,-0.0182520681019498,O
nebylo,AUX,VpNS----R-NAI--,root,,Neut,Sing,,0.0017104188184738,O
důvodné,ADJ,AAFS2----1A----,amod,Gen,Fem,Sing,,-0.0068792487108227,O
pochybnosti,NOUN,NNFS2-----A----,nsubj,Gen,Fem,Sing,,0.0291535444119888,O
o,ADP,RR--6----------,case,Loc,,,,-0.0117178937598016,O
tom,DET,PDZS6----------,det,Loc,"Masc,Neut",Sing,,-0.0368027432060955,O
",",PUNCT,Z:-------------,punct,,,,,0.0093126983629812,O
že,SCONJ,"J,-------------",mark,,,,,0.0033652325703548,O
Haskell,PROPN,NNMS1-----A----,nsubj,Nom,Masc,Sing,Anim,-0.0186254787245262,B-ps
pečlivě,ADV,Dg-------1A----,advmod,,,,,0.0012820918298364,O
plánoval,VERB,VpYS----R-AAI--,acl,,Masc,Sing,,0.0327226307720706,O
a,CCONJ,J^-------------,cc,,,,,-0.0078805756067392,O
provedl,VERB,VpYS----R-AAP--,conj,,Masc,Sing,,-0.0073569515637909,O
zabíjení,NOUN,NNNS4-----A----,obj,Acc,Neut,Sing,,0.0422761358516556,O
rodiny,NOUN,NNFS2-----A----,nmod,Gen,Fem,Sing,,0.0077252265457582,O
pobytů,NOUN,NNIP2-----A----,nmod,Gen,Masc,Plur,Inan,0.0054766000435758,O
.,PUNCT,Z:-------------,punct,,,,,0.0716507858604368,O
"""",PUNCT,Z:-------------,root,,,,,-0.0773243765123468,O
"""",PUNCT,Z:-------------,punct,,,,,-0.0551442802209842,O
"""",PUNCT,Z:-------------,punct,,,,,0.1396733471393408,O
Jak,ADV,Db-------------,advmod,,,,,0.3614444383342514,O
u,ADP,RR--2----------,case,Gen,,,,0.0896333708247266,O
vás,PRON,PP-P2--2-------,obl,Gen,,Plur,,0.4637562033807791,O
začíná,VERB,VB-S---3P-AAI--,root,,,Sing,,0.585595292527855,O
neděle,NOUN,NNFS1-----A----,nsubj,Nom,Fem,Sing,,0.3170269052610514,O
?,PUNCT,Z:-------------,punct,,,,,-0.4278082462491414,O
V,ADP,RR--6----------,case,Loc,,,,-0.547804212645261,O
současné,ADJ,AAFS6----1A----,amod,Loc,Fem,Sing,,-0.0852795116789675,O
době,NOUN,NNFS6-----A----,obl,Loc,Fem,Sing,,0.1177284004845716,O
poskytuji,VERB,VB-S---1P-AAI-1,root,,,Sing,,0.1553614804766759,O
školení,NOUN,NNNS4-----A----,obj,Acc,Neut,Sing,,0.2566233251351519,O
zdarma,ADV,Db-------------,advmod,,,,,-0.0943577050615787,O
na,ADP,RR--4----------,case,Acc,,,,-0.2919325979674695,O
kurz,NOUN,NNIS4-----A----,nmod,Acc,Masc,Sing,Inan,0.1129197837090909,O
CompTIA,PROPN,NNFS1-----A----,nmod,Nom,Fem,Sing,,0.1529100492026997,B-o_
A,NOUN,Q3-------------,nmod,,,,,-0.1411024213231829,I-o_
+,SYM,Z:-------------,nmod,,,,,-0.1530454154075612,I-o_
.,PUNCT,Z:-------------,punct,,,,,0.0494181884177025,O
Včera,ADV,Db-------------,advmod,,,,,0.1828121908992131,O
umístil,VERB,VpYS----R-AAP--,root,,Masc,Sing,,0.088368050930991,O
CoinMarket,X,F%-------------,nsubj,,,,,0.2985817428439847,B-if
Cap,X,F%-------------,flat:foreign,,,,,-0.1249993563325428,I-if
oznámení,NOUN,NNNS4-----A----,obj,Acc,Neut,Sing,,-0.0367661231892752,O
na,ADP,RR--4----------,case,Acc,,,,0.2521032849784291,O
stránky,NOUN,NNFP4-----A----,nmod,Acc,Fem,Plur,,-0.2000183978112154,O
EverGrow,PROPN,NNIS1-----A----,nmod,Nom,Masc,Sing,Inan,-0.0070585335432756,B-mn
",",PUNCT,Z:-------------,punct,,,,,0.0634786886047587,O
ve,ADP,RV--6----------,case,Loc,,,,0.0068591855105798,O
kterém,DET,P4ZS6----------,obl,Loc,"Masc,Neut",Sing,,-0.3251978353834382,O
potvrdil,VERB,VpYS----R-AAP--,acl:relcl,,Masc,Sing,,0.0554605402485486,O
",",PUNCT,Z:-------------,punct,,,,,0.3982502109471958,O
že,SCONJ,"J,-------------",mark,,,,,0.0299495736003865,O
chyba,NOUN,NNFS1-----A----,nsubj:pass,Nom,Fem,Sing,,-0.0181131858900499,O
v,ADP,RR--6----------,case,Loc,,,,0.1660298195405621,O
datech,NOUN,NNNP6-----A----,nmod,Loc,Neut,Plur,,0.1907529251473609,O
byla,AUX,VpQW----R-AAI--,aux:pass,,"Fem,Neut","Plur,Sing",,0.3711735335098571,O
opravena,ADJ,VsQW----X-APP--,ccomp,,"Fem,Neut","Plur,Sing",,0.1011461868307035,O
.,PUNCT,Z:-------------,punct,,,,,0.1587923962318551,O
Mám,VERB,VB-S---1P-AAI--,root,,,Sing,,-0.2942687560712336,O
nastavený,ADJ,AAIS4----1A----,xcomp,Acc,Masc,Sing,Inan,0.4072175043898863,O
bojler,NOUN,NNIS4-----A----,obj,Acc,Masc,Sing,Inan,0.5362270390842923,O
na,ADP,RR--4----------,case,Acc,,,,-0.1056140643618938,O
dost,ADV,Dg-------1A----,advmod,,,,,-0.0884283796383684,O
nízkou,ADJ,AAFS4----1A----,amod,Acc,Fem,Sing,,0.2005544595935607,O
teplotu,NOUN,NNFS4-----A----,obl,Acc,Fem,Sing,,0.1954631933867228,O
.,PUNCT,Z:-------------,punct,,,,,0.3026307243697169,O
Rozumím,VERB,VB-S---1P-AAI--,root,,,Sing,,0.3373376555167213,O
",",PUNCT,Z:-------------,punct,,,,,0.0774870745289619,O
ale,CCONJ,J^-------------,cc,,,,,-0.1876539821203092,O
můj,DET,PSYS1-S1-------,det,Nom,Masc,Sing,,-0.1739812762056413,O
kolega,NOUN,NNMS1-----A----,nsubj,Nom,Masc,Sing,Anim,-0.1543594261417068,O
včera,ADV,Db-------------,advmod,,,,,-0.1146505850089735,O
vysvětlil,VERB,VpYS----R-AAP--,conj,,Masc,Sing,,0.0573739494096165,O
",",PUNCT,Z:-------------,punct,,,,,0.1489273040572559,O
že,SCONJ,"J,-------------",mark,,,,,-0.0712286694769035,O
musíme,VERB,VB-P---1P-AAI--,ccomp,,,Plur,,-0.0814149801362394,O
být,AUX,Vf--------A-I--,xcomp,,,,,-0.0598924078528641,O
v,ADP,RR--6----------,case,Loc,,,,-0.0449720239944395,O
kontaktu,NOUN,NNIS6-----A----,obl,Loc,Masc,Sing,Inan,-0.129646870058591,O
se,ADP,RV--7----------,case,Ins,,,,-0.1373447591072934,O
skladem,NOUN,NNIS7-----A----,nmod,Ins,Masc,Sing,Inan,0.0406106019301483,O
",",PUNCT,Z:-------------,punct,,,,,0.0637605526946094,O
bylo,AUX,VpNS----R-AAI--,aux:pass,,Neut,Sing,,0.0618464990453676,O
to,DET,PDNS1----------,nsubj:pass,Nom,Neut,Sing,,0.009012106660265,O
provedeno,ADJ,VsNS----X-APP--,conj,,Neut,Sing,,0.01740795657397,O
pro,ADP,RR--4----------,case,Acc,,,,-0.0518037422434675,O
vás,PRON,PP-P4--2-------,obl,Acc,,Plur,,-0.0172183110320965,O
-,PUNCT,Z:-------------,punct,,,,,0.1551827869583015,O
takže,SCONJ,"J,-------------",mark,,,,,0.0015961606096922,O
čekáme,VERB,VB-P---1P-AAI--,advcl,,,Plur,,-0.0422417439334106,O
na,ADP,RR--4----------,case,Acc,,,,-0.0726363787779148,O
odpověď,NOUN,NNFS4-----A----,obl:arg,Acc,Fem,Sing,,-0.0825916224652529,O
.,PUNCT,Z:-------------,punct,,,,,-0.5263798084565225,O
Ministr,NOUN,NNMS1-----A----,nsubj,Nom,Masc,Sing,Anim,-0.1785685427130149,O
zahraničí,NOUN,NNNS2-----A----,nmod,Gen,Neut,Sing,,0.0338902839116878,O
Mike,PROPN,NNMS1-----A----,flat,Nom,Masc,Sing,Anim,0.1058921566321833,B-P|B-pf
Pompeo,PROPN,NNMS1-----A----,flat,Nom,Masc,Sing,Anim,0.1443248729119505,I-P|B-ps
ve,ADP,RV--4----------,case,Acc,,,,-0.0416606359500016,O
čtvrtek,NOUN,NNIS4-----A----,obl,Acc,Masc,Sing,Inan,0.0772612543950749,O
na,ADP,RR--6----------,case,Loc,,,,-0.1649155841955447,O
Valném,ADJ,AANS6----1A----,amod,Loc,Neut,Sing,,-0.0328718725120236,B-io
shromáždění,NOUN,NNNS6-----A----,obl,Loc,Neut,Sing,,-0.0295028249076468,I-io
OSN,PROPN,BNXXX-----A----,nmod,,,,,-0.0359065689113494,I-io|B-io
prohlásil,VERB,VpYS----R-AAP--,root,,Masc,Sing,,-0.1643657017417944,O
",",PUNCT,Z:-------------,punct,,,,,0.2890403538160284,O
že,SCONJ,"J,-------------",mark,,,,,-0.1516959487265927,O
Spojené,ADJ,AAIP1----1A----,amod,Nom,Masc,Plur,Inan,0.106613889244199,B-gc
státy,NOUN,NNIP1-----A----,nsubj,Nom,Masc,Plur,Inan,-0.1543001921945848,I-gc
dospěly,VERB,VpTP----R-AAP--,ccomp,,"Fem,Masc",Plur,Inan,-0.149152069737019,O
k,ADP,RR--3----------,case,Dat,,,,-0.0580977696999957,O
závěru,NOUN,NNIS3-----A----,obl:arg,Dat,Masc,Sing,Inan,0.0180274011188323,O
",",PUNCT,Z:-------------,punct,,,,,0.169592421755077,O
že,SCONJ,"J,-------------",mark,,,,,0.0681971548077039,O
syrská,ADJ,AAFS1----1A----,amod,Nom,Fem,Sing,,0.0753835264340855,O
vláda,NOUN,NNFS1-----A----,nsubj,Nom,Fem,Sing,,-0.0167692496875296,O
použila,VERB,VpQW----R-AAP--,acl,,"Fem,Neut","Plur,Sing",,-0.0068523251149909,O
chemické,ADJ,AAFP4----1A----,amod,Acc,Fem,Plur,,0.1009009913218237,O
zbraně,NOUN,NNFP4-----A----,obj,Acc,Fem,Plur,,0.1175685873143509,O
při,ADP,RR--6----------,case,Loc,,,,-0.2256610812555194,O
útoku,NOUN,NNIS6-----A----,obl,Loc,Masc,Sing,Inan,-0.0500554491560524,O
na,ADP,RR--6----------,case,Loc,,,,0.1293056285084899,O
začátku,NOUN,NNIS6-----A----,nmod,Loc,Masc,Sing,Inan,0.0160416054306621,O
tohoto,DET,PDZS2----------,det,Gen,"Masc,Neut",Sing,,-0.0011006423006133,O
roku,NOUN,NNIS2-----A---1,nmod,Gen,Masc,Sing,Inan,0.1720685812674535,O
.,PUNCT,Z:-------------,punct,,,,,-0.0932345853935957,O
Opravdu,ADV,Db-------------,advmod,,,,,0.3253882834132391,O
jsem,AUX,VB-S---1P-AAI--,aux,,,Sing,,-0.1687902382352484,O
chtěl,VERB,VpYS----R-AAI--,root,,Masc,Sing,,-0.2339666756228545,O
Tortugu,PROPN,NNFS4-----A----,obj,Acc,Fem,Sing,,-0.0786340081605942,B-op
",",PUNCT,Z:-------------,punct,,,,,0.0704089833178853,O
ale,CCONJ,J^-------------,cc,,,,,-0.0440203027328311,O
když,SCONJ,"J,-------------",mark,,,,,-0.2962287611455741,O
bylo,AUX,VpNS----R-AAI--,aux:pass,,Neut,Sing,,-0.0292999872637624,O
vše,DET,PLNS1---------1,nsubj:pass,Nom,Neut,Sing,,-0.0028201976361549,O
zdraženo,ADJ,VsNS----X-APP--,advcl,,Neut,Sing,,0.1806005195950811,O
",",PUNCT,Z:-------------,punct,,,,,0.0131317069678146,O
bylo,AUX,VpNS----R-AAI--,conj,,Neut,Sing,,-0.0772387321389791,O
to,DET,PDNS1----------,nsubj,Nom,Neut,Sing,,-0.0053992121698939,O
přes,ADP,RR--4----------,case,Acc,,,,-0.0801657823338967,O
500,NUM,C=-------------,obl,,,,,-0.0479457580351749,B-nc
AU,NOUN,BNXXX-----A----,nmod,,,,,-0.1747710002019072,B-om
$,SYM,Z:-------------,nmod,,,,,-0.1007691169818793,B-om
(,PUNCT,Z:-------------,punct,,,,,-0.1774116371165069,O
včetně,ADP,RR--2----------,case,Gen,,,,-0.2561731379004472,O
dopravy,NOUN,NNFS2-----A----,obl,Gen,Fem,Sing,,-0.2785341493242443,O
a,CCONJ,J^-------------,cc,,,,,-0.1876958821871532,O
směnného,ADJ,AAIS2----1A----,amod,Gen,Masc,Sing,Inan,0.1118510050969187,O
kurzu,NOUN,NNIS2-----A----,conj,Gen,Masc,Sing,Inan,-0.048804218610779,O
),PUNCT,Z:-------------,punct,,,,,-0.1938365956759199,O
.,PUNCT,Z:-------------,punct,,,,,0.0693731476351909,O
Klikněte,VERB,Vi-P---2--A-P--,root,,,Plur,,0.1059502590226233,O
na,ADP,RR--4----------,case,Acc,,,,0.144173309029949,O
seznam,NOUN,NNIS4-----A----,obl,Acc,Masc,Sing,Inan,-0.1125910898462873,O
v,ADP,RR--6----------,case,Loc,,,,0.0648268266938295,O
nabídce,NOUN,NNFS6-----A----,nmod,Loc,Fem,Sing,,-0.2284505520416105,O
Automaticky,ADV,Dg-------1A----,advmod,,,,,-0.0099067399895801,O
vypnout‘,VERB,Vf--------A-P--,acl,,,,,-0.0226991315666418,O
a,CCONJ,J^-------------,cc,,,,,-0.1825570409729524,O
zvolte,VERB,Vi-P---2--A-P--,conj,,,Plur,,0.0668517665862424,O
dobu,NOUN,NNFS4-----A----,obj,Acc,Fem,Sing,,0.0691157279655673,O
trvání,NOUN,NNNS2-----A----,nmod,Gen,Neut,Sing,,0.1409227126374752,O
",",PUNCT,Z:-------------,punct,,,,,0.5230547218047573,O
po,ADP,RR--6----------,case,Loc,,,,-0.1053461046254578,O
které,DET,P4FS6----------,obl,Loc,Fem,Sing,,-0.1379824175134543,O
se,PRON,P7-X4----------,expl:pass,Acc,,,,0.0040602078743431,O
má,VERB,VB-S---3P-AAI--,acl:relcl,,,Sing,,0.0447681006910283,O
vaše,DET,PSHS1-P2-------,det,Nom,"Fem,Neut",Sing,,0.0793239189457432,O
čtečka,NOUN,NNFS1-----A----,nsubj:pass,Nom,Fem,Sing,,0.0957160167544951,O
#PRS,NOUN,BNXXX-----A----,obj,,,,,-0.0821512312096123,O
_,PUNCT,Z:-------------,punct,,,,,-0.1149677699880596,O
ORG,NOUN,BNXXX-----A----,conj,,,,,-0.2854337332444344,O
#,NUM,C=-------------,nummod,,,,,-0.1712637333227513,O
vypnout,VERB,Vf--------A-P--,root,,,,,0.1781014031601978,O
.,PUNCT,Z:-------------,punct,,,,,0.3825110614598758,O
V,ADP,RR--4----------,case,Acc,,,,-0.057463346472837,O
sobotu,NOUN,NNFS4-----A----,obl,Acc,Fem,Sing,,-0.0042247962073959,O
se,PRON,P7-X4----------,expl:pv,Acc,,,,-0.2038243737951926,O
prohnala,VERB,VpQW----R-AAP--,root,,"Fem,Neut","Plur,Sing",,0.3237925357949541,O
částí,NOUN,NNFS7-----A----,obl,Ins,Fem,Sing,,-0.0755302905500626,O
lyžařského,ADJ,AANS2----1A----,amod,Gen,Neut,Sing,,0.0138121367947732,O
střediska,NOUN,NNNS2-----A----,nmod,Gen,Neut,Sing,,0.0631100823855808,O
ve,ADP,RV--6----------,case,Loc,,,,0.0651372724829459,O
státě,NOUN,NNIS6-----A----,nmod,Loc,Masc,Sing,Inan,0.0548332937219128,O
Washington,PROPN,NNIS1-----A----,nmod,Nom,Masc,Sing,Inan,-0.1138382163261719,B-gr
",",PUNCT,Z:-------------,punct,,,,,0.1387017756256909,O
které,DET,P4NS1----------,nsubj,Nom,Neut,Sing,,0.1149965143552491,O
slouží,VERB,VB-S---3P-AAI--,acl:relcl,,,Sing,,-0.061046439501304,O
ke,ADP,RV--3----------,case,Dat,,,,0.0204576041801468,O
skitouring,NOUN,NNIS1-----A----,obl,Nom,Masc,Sing,Inan,-0.0297038257578112,O
",",PUNCT,Z:-------------,punct,,,,,0.3582706010390851,O
lavina,NOUN,NNFS1-----A----,nsubj,Nom,Fem,Sing,,0.0360381808175458,O
a,CCONJ,J^-------------,cc,,,,,0.1915343767128496,O
zabila,VERB,VpQW----R-AAP--,conj,,"Fem,Neut","Plur,Sing",,0.3539420065806527,O
šedesátiletého,ADJ,AAMS4----1A----,amod,Acc,Masc,Sing,Anim,0.1998067983469418,O
muže,NOUN,NNMS4-----A----,obj,Acc,Masc,Sing,Anim,-0.0517606105203088,O
a,CCONJ,J^-------------,cc,,,,,0.1654426381190026,O
dalších,ADJ,AAMP2----1A----,amod,Gen,Masc,Plur,Anim,-0.0043420427900401,O
pět,NUM,Cl-S4----------,nummod:gov,Acc,,Sing,,0.0956806558814903,O
lidí,NOUN,NNMP2-----A----,obj,Gen,Masc,Plur,Anim,0.0398074476221128,O
dočasně,ADV,Dg-------1A----,advmod,,,,,0.1915594927613524,O
uvěznila,VERB,VpQW----R-AAP--,conj,,"Fem,Neut","Plur,Sing",,0.1613808474254609,O
.,PUNCT,Z:-------------,punct,,,,,-0.1333820214593213,O
Cassidy,PROPN,NNMS1-----A----,nsubj,Nom,Masc,Sing,Anim,0.0153611964542301,B-p_
svědčil,VERB,VpYS----R-AAI--,root,,Masc,Sing,,0.1278081990987774,O
u,ADP,RR--2----------,case,Gen,,,,-0.0674280711954221,O
soudu,NOUN,NNIS2-----A----,obl,Gen,Masc,Sing,Inan,-0.0236828981924351,O
a,CCONJ,J^-------------,cc,,,,,0.0317282410666942,O
byl,AUX,VpYS----R-AAI--,aux:pass,,Masc,Sing,,-0.1736706142566758,O
obklopen,ADJ,VsYS----X-APP--,conj,,Masc,Sing,,0.0816663272451651,O
členy,NOUN,NNMP7-----A----,obl:arg,Ins,Masc,Plur,Anim,0.0236499776837298,O
rodiny,NOUN,NNFS2-----A----,nmod,Gen,Fem,Sing,,-0.0327447402799838,O
.,PUNCT,Z:-------------,punct,,,,,-0.0494663620858818,O
Podle,ADP,RR--2----------,case,Gen,,,,0.1558347720562339,O
KPRC,NOUN,BNXXX-----A----,obl,,,,,0.1294492831538742,B-p_
se,PRON,P7-X4----------,expl:pv,Acc,,,,-0.2260415036561152,O
zdála,VERB,VpQW----R-AAI--,root,,"Fem,Neut","Plur,Sing",,0.0207351364668928,O
",",PUNCT,Z:-------------,punct,,,,,0.2817826707702961,O
že,SCONJ,"J,-------------",mark,,,,,0.2149313152793572,O
se,PRON,P7-X4----------,expl:pv,Acc,,,,0.1212988036265415,O
modlí,VERB,VB-S---3P-AAI--,ccomp,,,Sing,,0.0661919646376112,O
",",PUNCT,Z:-------------,punct,,,,,0.4865584328299944,O
než,SCONJ,"J,-------------",mark,,,,,0.2700264431638926,O
byl,AUX,VpYS----R-AAI--,aux:pass,,Masc,Sing,,0.0745951353815161,O
čtvrtek,NOUN,NNIS1-----A----,nsubj:pass,Nom,Masc,Sing,Inan,-0.1551790423055843,O
přečten,ADJ,VsYS----X-APP--,advcl,,Masc,Sing,,0.2462690167559747,O
rozsudek,NOUN,NNIS1-----A----,nsubj:pass,Nom,Masc,Sing,Inan,0.1590744255478321,O
o,ADP,RR--6----------,case,Loc,,,,0.0815074004275281,O
vině,NOUN,NNFS6-----A----,nmod,Loc,Fem,Sing,,0.0782197229638501,O
.,PUNCT,Z:-------------,punct,,,,,-0.4250437333744855,O
Policii,NOUN,NNFS4-----A----,obj,Acc,Fem,Sing,,0.2522708622191881,O
zavolali,VERB,VpMP----R-AAP--,root,,Masc,Plur,Anim,0.1920725247831538,O
na,ADP,RR--4----------,case,Acc,,,,0.4960622485828636,O
místo,NOUN,NNNS4-----A----,obl,Acc,Neut,Sing,,0.2977102615015098,O
záchranáři,NOUN,NNMP1-----A----,nsubj,Nom,Masc,Plur,Anim,0.5161426920387157,O
.,PUNCT,Z:-------------,punct,,,,,0.2143254811728537,O
Návrh,NOUN,NNIS1-----A----,nsubj,Nom,Masc,Sing,Inan,0.0595288949387839,O
zákona,NOUN,NNIS2-----A----,nmod,Gen,Masc,Sing,Inan,-0.0570390514165002,O
by,AUX,Vc----------I--,aux,,,,,-0.109630369070846,O
pozměnil,VERB,VpYS----R-AAP--,root,,Masc,Sing,,0.2135746910332387,O
původní,ADJ,AAIS4----1A----,amod,Acc,Masc,Sing,Inan,-0.0043795242446405,O
zákon,NOUN,NNIS4-----A----,obj,Acc,Masc,Sing,Inan,-0.0837335191485996,O
o,ADP,RR--6----------,case,Loc,,,,-0.1293686816953596,O
občanských,ADJ,AANP6----1A----,amod,Loc,Neut,Plur,,-0.0384278429806533,O
právech,NOUN,NNNP6-----A----,nmod,Loc,Neut,Plur,,0.0876875130577557,O
z,ADP,RR--2----------,case,Gen,,,,0.0508244500341815,O
roku,NOUN,NNIS2-----A---1,nmod,Gen,Masc,Sing,Inan,-0.0174820989776304,O
1964,NUM,C=-------------,nummod,,,,,-0.0503148679127117,B-ty
v,ADP,RR--6----------,case,Loc,,,,0.2159675008966873,O
tom,DET,PDZS6----------,det,Loc,"Masc,Neut",Sing,,0.0387782797628282,O
smyslu,NOUN,NNIS6-----A----,obl,Loc,Masc,Sing,Inan,-0.0851556743425474,O
",",PUNCT,Z:-------------,punct,,,,,0.356235151301625,O
že,SCONJ,"J,-------------",mark,,,,,0.150529410999804,O
by,AUX,Vc----------I--,aux,,,,,-0.0166755147462833,O
zahrnoval,VERB,VpYS----R-AAI--,acl,,Masc,Sing,,0.1154214840916477,O
také,ADV,Db-------------,advmod,,,,,0.0235727771852256,O
sexuální,ADJ,AAFS4----1A----,amod,Acc,Fem,Sing,,0.0167085354718488,O
orientaci,NOUN,NNFS4-----A----,obj,Acc,Fem,Sing,,0.6404295955855975,O
a,CCONJ,J^-------------,cc,,,,,-0.1236247733238592,O
genderovou,ADJ,AAFS4----1A----,amod,Acc,Fem,Sing,,0.0182699070712331,O
identitu,NOUN,NNFS4-----A----,conj,Acc,Fem,Sing,,0.0314536120502372,O
do,ADP,RR--2----------,case,Gen,,,,-0.0296803573475739,O
seznamu,NOUN,NNIS2-----A----,obl,Gen,Masc,Sing,Inan,0.0134074827458293,O
již,ADV,Db-------------,advmod,,,,,0.0290136500160296,O
chráněných,ADJ,AAFP2----1A----,amod,Gen,Fem,Plur,,-0.014398125843218,O
kategorií,NOUN,NNFP2-----A----,nmod,Gen,Fem,Plur,,0.1252066494538498,O
.,PUNCT,Z:-------------,punct,,,,,-0.2048695264205007,O
Pan,NOUN,NNMS1-----A----,nsubj,Nom,Masc,Sing,Anim,-0.203572592861059,O
Bhattacharya,PROPN,NNMS1-----A----,flat,Nom,Masc,Sing,Anim,0.000615944805671,B-ps
prohlásil,VERB,VpYS----R-AAP--,root,,Masc,Sing,,-0.009875357718507,O
",",PUNCT,Z:-------------,punct,,,,,0.1608071315625911,O
že,SCONJ,"J,-------------",mark,,,,,0.0025555164847717,O
protestní,ADJ,AANS1----1A----,amod,Nom,Neut,Sing,,-0.0920250749740325,O
hnutí,NOUN,NNNS1-----A----,nsubj,Nom,Neut,Sing,,-0.0807279536172784,O
proti,ADP,RR--3----------,case,Dat,,,,-0.1140885811208727,O
CAA,NOUN,BNXXX-----A----,nmod,,,,,0.0569952680119858,B-io
se,PRON,P7-X4----------,expl:pv,Acc,,,,-0.1304874964019663,O
bude,AUX,VB-S---3F-AAI--,aux,,,Sing,,-0.0812905095781539,O
opět,ADV,Db-------------,advmod,,,,,-0.4194244043894203,O
jednoho,NUM,CnZS2----------,nummod,Gen,"Masc,Neut",Sing,,-0.0007441909011336,O
dne,NOUN,NNIS2-----A----,obl,Gen,Masc,Sing,Inan,-0.3096142334006486,O
týkat,VERB,Vf--------A-I--,ccomp,,,,,-0.2925685692800615,O
celé,ADJ,AAFS2----1A----,amod,Gen,Fem,Sing,,-0.0396333207245852,O
severovýchodní,ADJ,AAFS2----1A----,amod,Gen,Fem,Sing,,-0.0047510331627443,O
oblasti,NOUN,NNFS2-----A----,obl:arg,Gen,Fem,Sing,,-0.0885110140567333,O
",",PUNCT,Z:-------------,punct,,,,,-0.0108886874920178,O
jako,SCONJ,"J,-------------",mark,,,,,-0.1488194084796498,O
tomu,DET,PDZS3----------,nsubj,Dat,"Masc,Neut",Sing,,-0.0518695992054261,O
bylo,AUX,VpNS----R-AAI--,advcl,,Neut,Sing,,-0.0049735464163369,O
v,ADP,RR--6----------,case,Loc,,,,0.0755231621996899,O
roce,NOUN,NNIS6-----A---1,obl,Loc,Masc,Sing,Inan,-0.1038964729715467,O
2019,NUM,C=-------------,nummod,,,,,0.1753407935384973,B-ty
.,PUNCT,Z:-------------,punct,,,,,0.4264014326863326,O
Je,AUX,VB-S---3P-AAI--,cop,,,Sing,,-0.0554485362640382,O
pravděpodobné,ADJ,AANS1----1A----,root,Nom,Neut,Sing,,0.3192138512391113,O
",",PUNCT,Z:-------------,punct,,,,,0.1827942055818477,O
že,SCONJ,"J,-------------",mark,,,,,-0.1957239706615431,O
mnohé,ADJ,AAFP1----1A----,nsubj,Nom,Fem,Plur,,-0.0989888329206239,O
z,ADP,RR--2----------,case,Gen,,,,0.0516844868680849,O
těchto,DET,PDXP2----------,det,Gen,,Plur,,-0.0791253721935259,O
společností,NOUN,NNFP2-----A----,nmod,Gen,Fem,Plur,,0.0868485744712148,O
znovu,ADV,Db-------------,advmod,,,,,-0.0035457824764178,O
ukotví,VERB,VB-P---3P-AAP--,csubj,,,Plur,,0.072442768567987,O
část,NOUN,NNFS4-----A----,obj,Acc,Fem,Sing,,-0.0809315432917258,O
své,DET,P8FS2---------1,det,Gen,Fem,Sing,,-0.0936355436143797,O
výroby,NOUN,NNFS2-----A----,nmod,Gen,Fem,Sing,,-0.2593763490874515,O
.,PUNCT,Z:-------------,punct,,,,,0.6892849745394678,O
Cestující,ADJ,AGMP1-----A----,nsubj,Nom,Masc,Plur,Anim,0.2897084361980861,O
by,AUX,Vc----------I--,aux,,,,,0.0158556578282696,O
se,PRON,P7--4----------,obj,Acc,,,,0.1026634535189759,O
měli,VERB,VpMP----R-AAI--,root,,Masc,Plur,Anim,-0.0706559929788845,O
nechat,VERB,Vf--------A-P--,xcomp,,,,,0.0577973073481564,O
v,ADP,RR--6----------,case,Loc,,,,0.0426520994873096,O
laboratoři,NOUN,NNFS6-----A----,obl,Loc,Fem,Sing,,0.0123753125990195,O
testovat,VERB,Vf--------A-I--,xcomp,,,,,0.1373177158020059,O
RT-PCR,NOUN,BNXXX-----A----,nmod,,,,,0.0691789243566847,O
testem,NOUN,NNIS7-----A----,obl,Ins,Masc,Sing,Inan,0.1399811406066697,O
odběrem,NOUN,NNIS7-----A----,obl,Ins,Masc,Sing,Inan,0.043202924151082,O
sekretu,NOUN,NNIS2-----A----,nmod,Gen,Masc,Sing,Inan,0.0997082249625295,O
z,ADP,RR--2----------,case,Gen,,,,0.0999223952414167,O
úst,NOUN,NNNP2-----A----,nmod,Gen,Neut,Plur,,0.0621585847727141,O
či,CCONJ,J^-------------,cc,,,,,0.0094637353008448,O
nosu,NOUN,NNIS2-----A----,conj,Gen,Masc,Sing,Inan,0.0920188598313305,O
.,PUNCT,Z:-------------,punct,,,,,-0.0123849154949298,O
Uznány,ADJ,VsTP----X-APP--,root,,"Fem,Masc",Plur,Inan,0.1216265088639598,O
budou,AUX,VB-P---3F-AAI--,aux:pass,,,Plur,,-0.0506438602080526,O
pouze,ADV,Db-------------,advmod:emph,,,,,-0.0354009097252048,O
testy,NOUN,NNIP1-----A----,nsubj:pass,Nom,Masc,Plur,Inan,0.1098183243589808,O
provedené,ADJ,AAIP1----1A----,amod,Nom,Masc,Plur,Inan,0.0166910068632816,O
v,ADP,RR--6----------,case,Loc,,,,0.0871617978844577,O
národní,ADJ,AAFS6----1A----,amod,Loc,Fem,Sing,,-0.0450346576291392,O
referenční,ADJ,AAFS6----1A----,amod,Loc,Fem,Sing,,0.031115560120173,O
laboratoři,NOUN,NNFS6-----A----,obl,Loc,Fem,Sing,,0.0196918745673624,O
",",PUNCT,Z:-------------,punct,,,,,0.0183819450396678,O
národní,ADJ,AAFS6----1A----,amod,Loc,Fem,Sing,,-0.0432694285064896,O
zdravotní,ADJ,AAFS6----1A----,amod,Loc,Fem,Sing,,0.017147113467319,O
laboratoři,NOUN,NNFS6-----A----,conj,Loc,Fem,Sing,,0.01554356646413,O
či,CCONJ,J^-------------,cc,,,,,-0.0706452649681556,O
v,ADP,RR--6----------,case,Loc,,,,0.0120983784948162,O
soukromé,ADJ,AAFS6----1A----,amod,Loc,Fem,Sing,,0.0448811851654487,O
laboratoři,NOUN,NNFS6-----A----,conj,Loc,Fem,Sing,,0.0089265155330553,O
akreditované,ADJ,AAFS6----1A----,amod,Loc,Fem,Sing,,0.0487382147896047,O
příslušným,ADJ,AAIS7----1A----,amod,Ins,Masc,Sing,Inan,0.0134987044571286,O
národním,ADJ,AAIS7----1A----,amod,Ins,Masc,Sing,Inan,0.0749279925023659,O
akreditačním,ADJ,AAIS7----1A----,amod,Ins,Masc,Sing,Inan,0.0855999091480291,O
úřadem,NOUN,NNIS7-----A----,obl:arg,Ins,Masc,Sing,Inan,0.0958557882036383,O
(,PUNCT,Z:-------------,punct,,,,,-0.0864545000981428,O
nikoliv,PART,TT-------------,advmod:emph,,,,,0.0903046171925972,O
nezbytně,ADV,Dg-------1N----,dep,,,,,0.0877179584532276,O
jen,ADV,Db-------------,advmod:emph,,,,,0.0148183269892366,O
pro,ADP,RR--4----------,case,Acc,,,,0.0873057775928839,O
covid-19,NOUN,NNIS4-----A----,dep,Acc,Masc,Sing,Inan,0.1169870597841873,B-o_
),PUNCT,Z:-------------,punct,,,,,0.0439327300094688,O
.,PUNCT,Z:-------------,punct,,,,,0.2330388840427441,O
“,PUNCT,Z:-------------,punct,,,,,0.0494447441322304,O
"""",PUNCT,Z:-------------,punct,,,,,0.3171372267140183,O
Ať,SCONJ,"J,-------------",cc,,,,,0.0100782374413234,O
už,ADV,Db-------------,fixed,,,,,-0.1261791944685746,O
se,PRON,P7-X4----------,expl:pv,Acc,,,,-0.1259532111578069,O
setkáváme,VERB,VB-P---1P-AAI--,root,,,Plur,,-0.0629824412766239,O
s,ADP,RR--7----------,case,Ins,,,,-0.1145835541532006,O
našimi,DET,PSXP7-P1-------,det,Ins,,Plur,,-0.0648785485668712,O
vůdci,NOUN,NNMP7-----A----,obl:arg,Ins,Masc,Plur,Anim,0.0829781674874358,O
@ObamaFoundation,X,F%-------------,nsubj,,,,,0.0910275346973214,O
nebo,CCONJ,J^-------------,cc,,,,,0.1677218605413107,O
pomáháme,VERB,VB-P---1P-AAI--,conj,,,Plur,,0.209014353050719,O
dívkám,NOUN,NNFP3-----A----,obl:arg,Dat,Fem,Plur,,0.0201817655257909,O
po,ADP,RR--6----------,case,Loc,,,,-0.0428755976477628,O
celém,ADJ,AAIS6----1A----,amod,Loc,Masc,Sing,Inan,-0.0437510155966296,O
světě,NOUN,NNIS6-----A----,nmod,Loc,Masc,Sing,Inan,0.02843031294407,O
hledat,VERB,Vf--------A-I--,xcomp,,,,,0.1165014934549829,O
vzdělání,NOUN,NNNS4-----A----,obj,Acc,Neut,Sing,,0.080029415370674,O
",",PUNCT,Z:-------------,punct,,,,,0.0885172700336573,O
které,DET,P4NS4----------,obj,Acc,Neut,Sing,,0.0700239186381709,O
si,PRON,P7--3----------,expl:pv,Dat,,,,0.0442832631125207,O
zaslouží,VERB,VB-P---3P-AAP--,acl:relcl,,,Plur,,0.2349770113310481,O
",",PUNCT,Z:-------------,punct,,,,,0.0532116776714126,O
je,AUX,VB-S---3P-AAI--,cop,,,Sing,,-0.1047562280987838,O
inspirací,NOUN,NNFS7-----A----,ccomp,Ins,Fem,Sing,,0.2179664705538961,O
pro,ADP,RR--4----------,case,Acc,,,,0.1860391772004566,O
mnohé,ADJ,AAMP4----1A----,amod,Acc,Masc,Plur,Anim,0.0968724807253493,O
",",PUNCT,Z:-------------,punct,,,,,0.1187427390781599,O
"""",PUNCT,Z:-------------,punct,,,,,0.2275377130662055,O
"""",PUNCT,Z:-------------,punct,,,,,0.1483389907145308,O
dodal,VERB,VpYS----R-AAP--,root,,Masc,Sing,,-0.106760858418025,O
Obama,PROPN,NNMS1-----A----,nsubj,Nom,Masc,Sing,Anim,-0.0617887043523047,B-ps
vedle,ADP,RR--2----------,case,Gen,,,,-0.0766176692258965,O
fotky,NOUN,NNFS2-----A----,obl,Gen,Fem,Sing,,-0.0723979847653603,O
usměvavé,ADJ,AAFS2----1A----,amod,Gen,Fem,Sing,,-0.0348338633266239,O
Meghan,PROPN,NNFXX-----A----,nmod,,Fem,,,-0.0306835453917973,B-p_
pózuje,VERB,VB-S---3P-AAI--,ccomp,,,Sing,,-0.0342830072268224,O
s,ADP,RR--7----------,case,Ins,,,,0.033568260175232,O
vedoucími,NOUN,NNMP7-----A----,obl,Ins,Masc,Plur,Anim,0.0901316861720027,O
nadace,NOUN,NNFS2-----A----,nmod,Gen,Fem,Sing,,0.0961901949083981,O
.,PUNCT,Z:-------------,punct,,,,,0.0722775662831268,O
"""",PUNCT,Z:-------------,root,,,,,0.336462306342514,O
Imam,PROPN,NNMS1-----A----,nsubj:pass,Nom,Masc,Sing,Anim,-0.0557419836419199,B-p_
byl,AUX,VpYS----R-AAI--,aux:pass,,Masc,Sing,,0.105488717921888,O
nucen,ADJ,VsYS----X-API--,root,,Masc,Sing,,-0.0133948946985646,O
odejít,VERB,Vf--------A-P--,xcomp,,,,,-0.0654231769483978,O
do,ADP,RR--2----------,case,Gen,,,,-0.0411518988478758,O
důchodu,NOUN,NNIS2-----A----,obl,Gen,Masc,Sing,Inan,-0.0859890351227377,O
zraněný,ADJ,AAMS1----1A----,xcomp,Nom,Masc,Sing,Anim,-0.1158574288079942,O
v,ADP,RR--4----------,case,Acc,,,,-0.1881050127973925,O
pátek,NOUN,NNIS4-----A----,obl,Acc,Masc,Sing,Inan,-0.0790184659121121,O
večer,ADV,Db-------------,advmod,,,,,0.0239677546543152,O
poté,ADV,Db-------------,advmod,,,,,-0.0615298227075287,O
",",PUNCT,Z:-------------,punct,,,,,0.4319232647420031,O
co,SCONJ,"J,-------------",mark,,,,,-0.0641709780992345,O
ho,PRON,P5ZS4--3-------,obj,Acc,"Masc,Neut",Sing,,-0.204872402586868,O
zasáhl,VERB,VpYS----R-AAP-1,advcl,,Masc,Sing,,0.1283274955160882,O
do,ADP,RR--2----------,case,Gen,,,,-0.0699640393949196,O
levé,ADJ,AAFS2----1A----,amod,Gen,Fem,Sing,,0.046093870697727,O
ruky,NOUN,NNFS2-----A----,obl,Gen,Fem,Sing,,0.0172130324249514,O
míč,NOUN,NNIS1-----A----,nsubj,Nom,Masc,Sing,Inan,0.0270099407137387,O
od,ADP,RR--2----------,case,Gen,,,,-0.1467127258090489,O
Shaha,PROPN,NNMS2-----A----,nmod,Gen,Masc,Sing,Anim,0.052903038652627,B-p_
",",PUNCT,Z:-------------,punct,,,,,0.3279176685561641,O
ale,CCONJ,J^-------------,cc,,,,,-0.0737187174465477,O
ráno,ADV,Db-------------,advmod,,,,,0.0856439448054286,O
se,PRON,P7-X4----------,expl:pv,Acc,,,,-0.0046123987045761,O
mohl,VERB,VpYS----R-AAI--,conj,,Masc,Sing,,0.0721341223090396,O
zúčastnit,VERB,Vf--------A-P--,xcomp,,,,,0.0293295021186333,O
zahřívacího,ADJ,AANS2----1A----,amod,Gen,Neut,Sing,,0.0775974840321645,O
zasedání,NOUN,NNNS2-----A----,obl:arg,Gen,Neut,Sing,,-0.0104387388253624,O
a,CCONJ,J^-------------,cc,,,,,-0.2401494469138542,O
třetí,ADJ,CrIS4----------,amod,Acc,Masc,Sing,Inan,-0.1333859485766866,O
den,NOUN,NNIS4-----A----,obl,Acc,Masc,Sing,Inan,0.0749494132821507,O
bude,AUX,VB-S---3F-AAI--,aux,,,Sing,,-0.0562365380812552,O
pokračovat,VERB,Vf--------A-I--,conj,,,,,-0.1928469607523665,O
ve,ADP,RV--6----------,case,Loc,,,,0.0304730863846829,O
výhrách,NOUN,NNFP6-----A----,obl:arg,Loc,Fem,Plur,,-0.0500349608200774,O
.,PUNCT,Z:-------------,punct,,,,,-0.1565513044809464,O
Ťukněte,VERB,Vi-P---2--A-P--,root,,,Plur,,0.1741045413488982,O
na,ADP,RR--4----------,case,Acc,,,,-0.0782261151480768,O
seznam,NOUN,NNIS4-----A----,obl,Acc,Masc,Sing,Inan,0.0442408380754433,O
vedle,ADP,RR--2----------,case,Gen,,,,-0.078709612846201,O
položky,NOUN,NNFS2-----A----,obl,Gen,Fem,Sing,,0.2325937670110522,O
Automaticky,ADV,Dg-------1A----,advmod,,,,,0.2540913206199147,O
jít,VERB,Vf--------A-I--,acl,,,,,-0.4385541163973072,O
spát,VERB,Vf--------A-I--,xcomp,,,,,0.0836712012370041,O
po“,ADV,Db-------------,advmod,,,,,-0.015549525954374,O
a,CCONJ,J^-------------,cc,,,,,-0.3456324997249512,O
vyberte,VERB,Vi-P---2--A-P--,conj,,,Plur,,0.0239530360103663,O
dobu,NOUN,NNFS4-----A----,obj,Acc,Fem,Sing,,0.1471289875999743,O
",",PUNCT,Z:-------------,punct,,,,,0.0330764421839476,O
než,SCONJ,"J,-------------",mark,,,,,-0.0914340963613045,O
váš,DET,PSYS1-P2-------,det,Nom,Masc,Sing,,-0.0643159139229991,O
eReader,NOUN,NNIS1-----A----,advcl,Nom,Masc,Sing,Inan,-0.0035917440750627,O
#PRS,NOUN,BNXXX-----A----,nsubj,,,,,0.0733120106082433,O
_,PUNCT,Z:-------------,punct,,,,,-0.0317835148753114,O
ORG,NOUN,BNXXX-----A----,conj,,,,,0.1278330707464899,O
#,NUM,C=-------------,nummod,,,,,-0.0177922289403747,O
půjde,VERB,VB-S---3F-AAI--,root,,,Sing,,-0.1643698123100347,O
spát,VERB,Vf--------A-I--,advcl,,,,,0.0177832921364046,O
.,PUNCT,Z:-------------,punct,,,,,-0.4074050793986479,O
Pracuji,VERB,VB-S---1P-AAI-1,root,,,Sing,,0.4803885058579955,O
v,ADP,RR--6----------,case,Loc,,,,0.1324289817898506,O
obchodě,NOUN,NNIS6-----A----,obl,Loc,Masc,Sing,Inan,0.1332835971208345,O
s,ADP,RR--7----------,case,Ins,,,,0.0782711996649181,O
potravinami,NOUN,NNFP7-----A----,nmod,Ins,Fem,Plur,,0.0293639784304815,O
a,CCONJ,J^-------------,cc,,,,,0.0475626408488599,O
nakupuji,VERB,VB-S---1P-AAI-1,conj,,,Sing,,0.0666159055880946,O
objednávky,NOUN,NNFP4-----A----,obj,Acc,Fem,Plur,,0.1355015355311666,O
vyzvednutý,ADJ,AAIS4----1A----,amod,Acc,Masc,Sing,Inan,0.1388428746031551,O
/,PUNCT,Z:-------------,punct,,,,,0.0431441450427266,O
doručení,NOUN,NNNS4-----A----,conj,Acc,Neut,Sing,,0.1635887967293449,O
.,PUNCT,Z:-------------,punct,,,,,-0.0514764854919711,O
New,X,F%-------------,nsubj,,,,,0.0514333874049453,B-gu
Orleans,X,F%-------------,flat:foreign,,,,,-0.1578060694744603,I-gu
Policie,NOUN,NNFS1-----A----,nsubj,Nom,Fem,Sing,,-0.0100048527079433,O
otevřeli,VERB,VpMP----R-AAP--,root,,Masc,Plur,Anim,0.030460721135246,O
vyšetřování,NOUN,NNNS4-----A----,obj,Acc,Neut,Sing,,0.0853237975211107,O
pípání,NOUN,NNNS2-----A----,nmod,Gen,Neut,Sing,,0.1881999635651405,O
a,CCONJ,J^-------------,cc,,,,,0.0948858390514469,O
zpráva,NOUN,NNFS1-----A----,nsubj,Nom,Fem,Sing,,0.0901956769552372,O
policie,NOUN,NNFS2-----A----,nmod,Gen,Fem,Sing,,0.0032934690049761,O
ve,ADP,RV--4----------,case,Acc,,,,0.1153037951922629,O
čtvrtek,NOUN,NNIS4-----A----,obl,Acc,Masc,Sing,Inan,0.1710094789695742,O
odhalila,VERB,VpQW----R-AAP--,conj,,"Fem,Neut","Plur,Sing",,0.10122805679071,O
zvrat,NOUN,NNIS4-----A----,obj,Acc,Masc,Sing,Inan,0.1705758355475057,O
v,ADP,RR--6----------,case,Loc,,,,0.1963811403189273,O
příběhu,NOUN,NNIS6-----A----,nmod,Loc,Masc,Sing,Inan,0.1149476310057688,O
:,PUNCT,Z:-------------,punct,,,,,-0.0648376450699263,O
homofobní,ADJ,AAFS4----1A----,amod,Acc,Fem,Sing,,0.0249946872259591,O
nadávku,NOUN,NNFS4-----A----,nsubj:pass,Acc,Fem,Sing,,0.3419233500127319,O
byla,AUX,VpQW----R-AAI--,aux:pass,,"Fem,Neut","Plur,Sing",,0.0153518399641187,O
údajně,ADV,Dg-------1A----,advmod,,,,,0.2795549090147075,O
odeslána,ADJ,VsQW----X-APP--,conj,,"Fem,Neut","Plur,Sing",,0.0095745467612875,O
z,ADP,RR--2----------,case,Gen,,,,0.4775460591797435,O
Dunlap,PROPN,NNIS1-----A----,obl,Nom,Masc,Sing,Inan,0.0773264091497442,B-op
osobní,ADJ,AAIS1----1A----,amod,Nom,Masc,Sing,Inan,-0.0959780583401789,O
mobil,NOUN,NNIS1-----A----,nsubj:pass,Nom,Masc,Sing,Inan,-0.0773973343749881,O
.,PUNCT,Z:-------------,punct,,,,,0.1795426747602266,O
Hasiči,NOUN,NNMP1-----A----,nsubj,Nom,Masc,Plur,Anim,0.4277047358548274,O
se,PRON,P7-X4----------,expl:pv,Acc,,,,0.1489932770072642,O
dostali,VERB,VpMP----R-AAP--,root,,Masc,Plur,Anim,0.5362674844973723,O
k,ADP,RR--3----------,case,Dat,,,,0.0880487524105955,O
požárům,NOUN,NNIP3-----A----,obl,Dat,Masc,Plur,Inan,0.1687563031965079,O
v,ADP,RR--6----------,case,Loc,,,,0.2239497503164034,O
Lassen,X,F%-------------,nmod,,,,,-0.1750066741475511,B-gu
County,X,F%-------------,flat:foreign,,,,,-0.5878480109110507,I-gu
Jednovrstvý,ADJ,AAIS1----1A----,amod,Nom,Masc,Sing,Inan,0.2656309780488858,O
profilovaný,ADJ,AAIS1----1A----,amod,Nom,Masc,Sing,Inan,0.2981117974474087,O
spací,ADJ,AAIS1----1A----,amod,Nom,Masc,Sing,Inan,0.2572861280610452,O
pytel,NOUN,NNIS1-----A----,root,Nom,Masc,Sing,Inan,0.0027804442023502,O
s,ADP,RR--7----------,case,Ins,,,,-0.3244201383698256,O
jednou,NUM,CnFS7----------,nummod,Ins,Fem,Sing,,-0.1069701268956471,O
vrstvou,NOUN,NNFS7-----A----,nmod,Ins,Fem,Sing,,0.4518841973508862,O
izolace,NOUN,NNFS2-----A----,nmod,Gen,Fem,Sing,,-0.0805508346600324,O
softie,NOUN,F%-------------,nmod,,,,,0.2239878970895587,O
.,PUNCT,Z:-------------,punct,,,,,0.3379643403030812,O
Greta,PROPN,NNFS1-----A----,nsubj,Nom,Fem,Sing,,0.3556357823020702,B-P|B-pf
Thunbergová,PROPN,NNFS1-----A----,flat,Nom,Fem,Sing,,0.1274072300792837,I-P|B-ps
se,PRON,P7-X4----------,expl:pv,Acc,,,,0.1694384508144613,O
etablovala,VERB,VpQW----R-AAI--,root,,"Fem,Neut","Plur,Sing",,-0.0127027255646801,O
jako,SCONJ,"J,-------------",mark,,,,,0.3434928108353514,O
mluvčí,NOUN,NNFS1-----A----,xcomp,Nom,Fem,Sing,,-0.32340543853637,O
planety,NOUN,NNFS2-----A----,nmod,Gen,Fem,Sing,,0.0597933805066896,O
pro,ADP,RR--4----------,case,Acc,,,,0.0896863984846551,O
změnu,NOUN,NNFS4-----A----,nmod,Acc,Fem,Sing,,-0.0095605638486889,O
klimatu,NOUN,NNNS2-----A----,nmod,Gen,Neut,Sing,,0.0515351131482222,O
v,ADP,RR--6----------,case,Loc,,,,-0.0317941750996196,O
útlém,ADJ,AAIS6----1A----,amod,Loc,Masc,Sing,Inan,0.0595159988102028,O
věku,NOUN,NNIS6-----A----,obl,Loc,Masc,Sing,Inan,-0.0731308179215789,O
16,NUM,C=-------------,nummod,,,,,0.0900772960984626,B-na
let,NOUN,NNNP2-----A----,nmod,Gen,Neut,Plur,,0.0259021040812739,O
.,PUNCT,Z:-------------,punct,,,,,0.3576852162368872,O
Dlouho,ADV,Dg-------1A----,advmod,,,,,0.0430453536890928,O
před,ADP,RR--7----------,case,Ins,,,,0.0110379542996079,O
sociálními,ADJ,AANP7----1A----,amod,Ins,Neut,Plur,,-0.0023472846703375,O
médii,NOUN,NNNP7-----A----,obl,Ins,Neut,Plur,,0.0022549726926202,O
však,CCONJ,J^-------------,cc,,,,,-0.0538459042640012,O
jiný,ADJ,AAMS1----1A----,amod,Nom,Masc,Sing,Anim,-0.0403808541753464,O
teenager,NOUN,NNMS1-----A----,nsubj,Nom,Masc,Sing,Anim,0.087071464352677,O
před,ADP,RR--7----------,case,Ins,,,,0.0684285619530942,O
27,NUM,C=-------------,nummod,,,,,0.1231722399465376,B-nc
lety,NOUN,NNNP7-----A----,obl,Ins,Neut,Plur,,-0.1616706622931353,O
nadával,VERB,VpYS----R-AAI--,root,,Masc,Sing,,0.1250476927421305,O
lídrům,NOUN,NNMP3-----A----,obl:arg,Dat,Masc,Plur,Anim,0.1128224680808689,O
OSN,PROPN,BNXXX-----A----,nmod,,,,,-0.0370281614157047,B-io
na,ADP,RR--6----------,case,Loc,,,,0.2273271594414982,O
světové,ADJ,AAFS6----1A----,amod,Loc,Fem,Sing,,-0.1078177719487998,O
scéně,NOUN,NNFS6-----A----,nmod,Loc,Fem,Sing,,0.2242879072706523,O
.,PUNCT,Z:-------------,punct,,,,,0.0348092072985133,O
Hvězdy,NOUN,NNFP1-----A----,nsubj,Nom,Fem,Plur,,-0.0126621779638087,O
obecně,ADV,Dg-------1A----,advmod,,,,,-0.1369475127019382,O
jsou,AUX,VB-P---3P-AAI--,cop,,,Plur,,-0.3951160832638801,O
mnohem,ADV,Db-------------,advmod,,,,,-0.0261741000294819,O
větší,ADJ,AAFP1----2A----,root,Nom,Fem,Plur,,-0.005973360349002,O
než,SCONJ,"J,-------------",mark,,,,,-0.0469650809959193,O
dokonce,ADV,Db-------------,advmod:emph,,,,,0.0072487229836559,O
největší,ADJ,AAFP1----3A----,amod,Nom,Fem,Plur,,0.1776891248827171,O
planety,NOUN,NNFP1-----A----,advcl,Nom,Fem,Plur,,0.0774869236627871,O
",",PUNCT,Z:-------------,punct,,,,,0.0584807840901782,O
které,DET,P4FP1----------,nsubj,Nom,Fem,Plur,,-0.0967778037548681,O
si,PRON,P7--3----------,obl,Dat,,,,-0.1121345871204759,O
je,PRON,PEXP4--3-------,obj,Acc,,Plur,,0.0903148539479513,O
obíhají,VERB,VB-P---3P-AAI--,acl:relcl,,,Plur,,0.2302007559095914,O
.,PUNCT,Z:-------------,punct,,,,,0.1031520235330904,O
Ale,CCONJ,J^-------------,cc,,,,,-0.0903884275880276,O
v,ADP,RR--6----------,case,Loc,,,,0.0802960054576877,O
tomto,DET,PDZS6----------,det,Loc,"Masc,Neut",Sing,,0.0121345303843391,O
případě,NOUN,NNIS6-----A----,obl,Loc,Masc,Sing,Inan,-0.1788803240773859,O
",",PUNCT,Z:-------------,punct,,,,,0.2280726526997618,O
hvězda,NOUN,NNFS1-----A----,nsubj,Nom,Fem,Sing,,-0.0820586293092899,O
a,CCONJ,J^-------------,cc,,,,,0.1364605671252678,O
planeta,NOUN,NNFS1-----A----,conj,Nom,Fem,Sing,,0.017635586311434,O
nejsou,AUX,VB-P---3P-NAI--,cop,,,Plur,,-0.2364606117398945,O
příliš,ADV,Db-------------,advmod,,,,,0.0173420215509728,O
odlišné,ADJ,AAFP1----1A----,ccomp,Nom,Fem,Plur,,0.0515119952397837,O
ve,ADP,RV--6----------,case,Loc,,,,-0.0896591447952119,O
velikosti,NOUN,NNFS6-----A----,obl,Loc,Fem,Sing,,0.0413276312146375,O
",",PUNCT,Z:-------------,punct,,,,,0.1264276558834508,O
výzkumníci,NOUN,NNMP1-----A----,nsubj,Nom,Masc,Plur,Anim,0.0621411727518772,O
řekli,VERB,VpMP----R-AAP--,root,,Masc,Plur,Anim,-0.0057112301374549,O
ve,ADP,RV--4----------,case,Acc,,,,0.0429069010806107,O
čtvrtek,NOUN,NNIS4-----A----,obl,Acc,Masc,Sing,Inan,-0.1227749774322545,O
.,PUNCT,Z:-------------,punct,,,,,0.3438779996757519,O
Polsko,PROPN,NNNS1-----A----,nsubj,Nom,Neut,Sing,,0.1582978551453096,B-gc
a,CCONJ,J^-------------,cc,,,,,0.3004841042802494,O
EU,PROPN,BNXXX-----A----,conj,,,,,0.1846680359741196,B-io
tvrdí,VERB,VB-P---3P-AAI--,root,,,Plur,,-0.1666398386978113,O
",",PUNCT,Z:-------------,punct,,,,,0.0978291109290517,O
že,SCONJ,"J,-------------",mark,,,,,-0.1219504975882472,O
vláda,NOUN,NNFS1-----A----,nsubj,Nom,Fem,Sing,,-0.0494592211663183,O
běloruského,ADJ,AAMS2----1A----,amod,Gen,Masc,Sing,Anim,0.1513666056399231,O
prezidenta,NOUN,NNMS2-----A----,nmod,Gen,Masc,Sing,Anim,0.0839746535169809,O
Alexandra,PROPN,NNMS2-----A----,flat,Gen,Masc,Sing,Anim,0.2619597548853377,B-P|B-pf
Lukašenka,PROPN,NNMS2-----A----,flat,Gen,Masc,Sing,Anim,0.2557972161464574,I-P|B-ps
se,PRON,P7-X4----------,expl:pv,Acc,,,,-0.110167129738236,O
snaží,VERB,VB-S---3P-AAI--,ccomp,,,Sing,,-0.0967223015248423,O
destabilizovat,VERB,Vf--------A-B--,xcomp,,,,,0.3451439764125689,O
unii,NOUN,NNFS4-----A----,obj,Acc,Fem,Sing,,-0.0727516759141543,O
tím,DET,PDZS7----------,obl,Ins,"Masc,Neut",Sing,,0.3305950952357809,O
",",PUNCT,Z:-------------,punct,,,,,0.211140151335363,O
že,SCONJ,"J,-------------",mark,,,,,-0.0509587885104851,O
podporuje,VERB,VB-S---3P-AAI--,acl,,,Sing,,0.0160919803881752,O
migraci,NOUN,NNFS4-----A----,obj,Acc,Fem,Sing,,0.2002343967563858,O
do,ADP,RR--2----------,case,Gen,,,,0.424162105544323,O
jejích,DET,P9XP2FS3-------,det,Gen,,Plur,,0.0691735527695808,O
zemí,NOUN,NNFP2-----A----,nmod,Gen,Fem,Plur,,-0.144182272620279,O
.,PUNCT,Z:-------------,punct,,,,,0.1118315573118757,O
Jak,SCONJ,"J,-------------",mark,,,,,-0.184521770453052,O
tady,ADV,Db-------------,advmod,,,,,0.091784481087979,O
vidím,VERB,VB-S---1P-AAI--,parataxis,,,Sing,,0.135080266461861,O
",",PUNCT,Z:-------------,punct,,,,,0.2510470117474693,O
tento,DET,PDYS1----------,det,Nom,Masc,Sing,,-0.1295762775609405,O
jezdec,NOUN,NNMS1-----A----,nsubj,Nom,Masc,Sing,Anim,0.1968767948921458,O
přijel,VERB,VpYS----R-AAP--,root,,Masc,Sing,,0.3256222197828644,O
na,ADP,RR--4----------,case,Acc,,,,-0.2923256886182917,O
vaše,DET,PSXP4-P2-------,det,Acc,Neut,Sing,,-0.0341168125601876,O
místo,NOUN,NNNS4-----A----,obl,Acc,Neut,Sing,,0.2356801602499127,O
ve,ADP,RV--4----------,case,Acc,,,,-0.1319134121859323,O
12:39,NUM,C=-------------,conj,,,,,0.3388696828976143,B-th
.,PUNCT,Z:-------------,punct,,,,,0.135794032827787,O
Pokusí,VERB,VB-S---3P-AAP--,root,,,Sing,,0.1198983598885905,O
se,PRON,P7-X4----------,expl:pv,Acc,,,,-0.0104031655190568,O
doručit,VERB,Vf--------A-P--,xcomp,,,,,0.206365041041521,O
tuto,DET,PDFS4----------,det,Acc,Fem,Sing,,0.0995205996771826,O
objednávku,NOUN,NNFS4-----A----,obj,Acc,Fem,Sing,,0.0243220104232161,O
do,ADP,RR--2----------,case,Gen,,,,0.1876133296365976,O
12:52,NUM,C=-------------,conj,,,,,0.2633774171263097,B-th
.,PUNCT,Z:-------------,punct,,,,,0.2472377698296558,O
O,ADP,RR--4----------,case,Acc,,,,0.0050949934123,O
více,ADV,Dg-------2A----,advmod,,,,,-0.0040238573643657,O
než,SCONJ,"J,-------------",mark,,,,,0.438203364096959,O
dvě,NUM,CnHP4----------,nummod,Acc,"Fem,Neut",Plur,,-0.1304232740200701,O
desetiletí,NOUN,NNNP4-----A----,obl,Acc,Neut,Plur,,0.0763084910434244,O
později,ADV,Dg-------2A----,advmod,,,,,-0.1477202347763189,O
",",PUNCT,Z:-------------,punct,,,,,-0.0396417941929429,O
svět,NOUN,NNIS1-----A----,nsubj,Nom,Masc,Sing,Inan,-0.1416789946977136,O
stále,ADV,Dg-------1A----,advmod,,,,,-0.0471897741371745,O
není,AUX,VB-S---3P-NAI--,cop,,,Sing,,-0.1203729994483702,O
osvobozen,ADJ,VsYS----X-APP--,root,,Masc,Sing,,0.1592880858856098,O
od,ADP,RR--2----------,case,Gen,,,,-0.0720049416767493,O
těchto,DET,PDXP2----------,det,Gen,,Plur,,-0.2114263911148703,O
zařízení,NOUN,NNNP2-----A----,obl:arg,Gen,Neut,Plur,,-0.1116106541588396,O
.,PUNCT,Z:-------------,punct,,,,,0.0672015866657484,O
A,CCONJ,J^-------------,cc,,,,,0.2822800530226486,O
ozvěna,NOUN,NNFS1-----A----,root,Nom,Fem,Sing,,0.3717680238826129,O
jeho,DET,P9XXXZS3-------,det,,,,,0.0570737524855851,O
matky,NOUN,NNFS2-----A----,nmod,Gen,Fem,Sing,,0.1566652461185586,O
",",PUNCT,Z:-------------,punct,,,,,0.1272930718961014,O
hlasitě,ADV,Dg-------1A----,appos,,,,,0.0457744400217731,O
a,CCONJ,J^-------------,cc,,,,,0.1067359399843639,O
jasně,ADV,Dg-------1A----,conj,,,,,0.034159634424476,O
",",PUNCT,Z:-------------,punct,,,,,0.1534590127109458,O
princ,NOUN,NNMS1-----A----,nsubj,Nom,Masc,Sing,Anim,0.19619403524586,O
Harry,PROPN,NNMS1-----A----,flat,Nom,Masc,Sing,Anim,-0.0112440682618851,B-pf
odpálil,VERB,VpYS----R-AAP--,conj,,Masc,Sing,,0.0316041825134845,O
nedávno,ADV,Dg-------1N----,advmod,,,,,0.038911807856611,O
zjištěnou,ADJ,AAFS4----1A----,amod,Acc,Fem,Sing,,0.1673072078762403,O
minu,NOUN,NNFS4-----A----,obj,Acc,Fem,Sing,,-0.0087209171349221,O
.,PUNCT,Z:-------------,punct,,,,,0.194867554332007,O
Během,ADP,RR--2----------,case,Gen,,,,0.0379629209554954,O
následujícího,ADJ,AGIS2-----A----,amod,Gen,Masc,Sing,Inan,-0.0404228414649188,O
měsíce,NOUN,NNIS2-----A----,obl,Gen,Masc,Sing,Inan,0.0405051770408698,O
zůstaly,VERB,VpTP----R-AAP--,root,,"Fem,Masc",Plur,Inan,0.0974874697282539,O
chyby,NOUN,NNFP1-----A----,nsubj,Nom,Fem,Plur,,-0.0678700983557737,O
neopraveny,ADJ,VsTP----X-NPP--,obj,,"Fem,Masc",Plur,Inan,-0.0013194468306347,O
a,CCONJ,J^-------------,cc,,,,,-0.0305081316207389,O
EverGrow,PROPN,NNIS1-----A----,nsubj,Nom,Masc,Sing,Inan,0.1362970117191308,B-o_
klesl,VERB,VpYS----R-AAP-1,conj,,Masc,Sing,,0.0220206318555605,O
pod,ADP,RR--4----------,case,Acc,,,,-0.0616863696436701,O
300,NUM,C=-------------,obl,,,,,0.1634783539752466,B-nc
milionů,DET,CzIP2----------,det,Gen,Masc,Plur,Inan,-0.2378787070603781,I-nc
dolarů,NOUN,NNIP2-----A----,nmod,Gen,Masc,Plur,Inan,0.1371396997114,O
v,ADP,RR--6----------,case,Loc,,,,0.1186122830405225,O
ocenění,NOUN,NNNS6-----A----,nmod,Loc,Neut,Sing,,0.6174402660689429,O
.,PUNCT,Z:-------------,punct,,,,,-0.2190649004520078,O
Rámeček,NOUN,NNIS4-----A----,obj,Acc,Masc,Sing,Inan,0.0585690186471366,O
A4,NOUN,Q3-------------,nmod,,,,,0.429869905062099,B-op
lze,VERB,VB-S---3P-AAI--,root,,,Sing,,-0.601584855928004,O
volně,ADV,Dg-------1A----,advmod,,,,,0.2422941123596174,O
zavěsit,VERB,Vf--------A-P--,csubj,,,,,0.0327190764616303,O
nebo,CCONJ,J^-------------,cc,,,,,-0.1217047969972845,O
postavit,VERB,Vf--------A-P--,conj,,,,,0.2066766369712318,O
.,PUNCT,Z:-------------,punct,,,,,-0.1486923400345231,O
Cruz,PROPN,NNMS1-----A----,nsubj,Nom,Masc,Sing,Anim,0.0603425525127798,B-ps
",",PUNCT,Z:-------------,punct,,,,,0.0097856010956446,O
který,DET,P4YS1----------,nsubj,Nom,Masc,Sing,,-0.0112418978008131,O
minulý,ADJ,AAIS4----1A----,amod,Acc,Masc,Sing,Inan,-0.1057515766779352,O
týden,NOUN,NNIS4-----A----,obl,Acc,Masc,Sing,Inan,-0.0591939386036496,O
kritizoval,VERB,VpYS----R-AAI--,acl:relcl,,Masc,Sing,,0.0981795041934215,O
náklady,NOUN,NNIP4-----A----,obj,Acc,Masc,Plur,Inan,0.1576283002995139,O
spojené,ADJ,AAIP4----1A----,amod,Acc,Masc,Plur,Inan,-0.0682536977933047,O
s,ADP,RR--7----------,case,Ins,,,,0.0803457536291782,O
dalším,ADJ,AAIS7----1A----,amod,Ins,Masc,Sing,Inan,-0.1616756572049847,O
balíčkem,NOUN,NNIS7-----A----,obl:arg,Ins,Masc,Sing,Inan,-0.0171638041624206,O
",",PUNCT,Z:-------------,punct,,,,,0.4570401691132618,O
v,ADP,RR--4----------,case,Acc,,,,-0.0716511821593272,O
neděli,NOUN,NNFS4-----A----,obl,Acc,Fem,Sing,,0.0016402570583411,O
prohlásil,VERB,VpYS----R-AAP--,root,,Masc,Sing,,-0.2017715592460816,O
",",PUNCT,Z:-------------,punct,,,,,0.1121538570844339,O
že,SCONJ,"J,-------------",mark,,,,,0.1410575204818097,O
ohledně,ADP,RR--2----------,case,Gen,,,,-0.2827960036683261,O
tohoto,DET,PDZS2----------,det,Gen,"Masc,Neut",Sing,,-0.0130656632591222,O
opatření,NOUN,NNNS2-----A----,obl,Gen,Neut,Sing,,-0.0095754368876679,O
se,ADP,RV--7----------,case,Ins,,,,0.0520561441906743,O
svými,DET,P8XP7----------,det,Ins,,Plur,,-0.0177466640485044,O
republikánskými,ADJ,AAMP7----1A----,amod,Ins,Masc,Plur,Anim,0.0689456910998993,O
kolegy,NOUN,NNMP7-----A----,obl:arg,Ins,Masc,Plur,Anim,0.113462666458371,O
v,ADP,RR--6----------,case,Loc,,,,-0.0800056533414187,O
Senátu,NOUN,NNIS6-----A---1,nmod,Loc,Masc,Sing,Inan,-0.0322695135850407,B-io
nesouhlasí,VERB,VB-S---3P-NAI--,ccomp,,,Sing,,0.030062070771716,O
.,PUNCT,Z:-------------,punct,,,,,-0.0195300107466768,O
protože,SCONJ,"J,-------------",mark,,,,,0.0040141442184187,O
nevíte,VERB,VB-P---2P-NAI--,root,,,Plur,,0.294259346263831,O
",",PUNCT,Z:-------------,punct,,,,,0.2780192956421772,O
jestli,SCONJ,"J,-------------",mark,,,,,0.0599019559926781,O
to,DET,PDNS1----------,nsubj,Nom,Neut,Sing,,0.0424618640863637,O
bude,AUX,VB-S---3F-AAI--,ccomp,,,Sing,,0.0639372034085045,O
za,ADP,RR--4----------,case,Acc,,,,0.4009536221262197,O
dvě,NUM,CnHP4----------,nummod,Acc,"Fem,Neut",Plur,,0.000635840982586,O
minuty,NOUN,NNFP4-----A----,obl,Acc,Fem,Plur,,0.130987057225847,O
nebo,CCONJ,J^-------------,cc,,,,,0.1590686315875372,O
deset,NUM,Cl-S4----------,nummod:gov,Acc,,Sing,,0.0913723783934522,O
minut,NOUN,NNFP2-----A----,conj,Gen,Fem,Plur,,-0.2978375675216693,O
nebo,CCONJ,J^-------------,cc,,,,,0.2962426622706401,O
kolik,DET,Ca--4----------,conj,Acc,,,,0.2220714604811753,O
.,PUNCT,Z:-------------,punct,,,,,0.5833075929648726,O
Vinu,NOUN,NNFS4-----A----,obj,Acc,Fem,Sing,,-0.0326297857757631,O
popírá,VERB,VB-S---3P-AAI--,root,,,Sing,,0.0942758384630035,O
.,PUNCT,Z:-------------,punct,,,,,0.9696603664558344,O
V,ADP,RR--6----------,case,Loc,,,,-0.0834735877409949,O
krátkém,ADJ,AAIS6----1A----,amod,Loc,Masc,Sing,Inan,-0.0968554125212278,O
čase,NOUN,NNIS6-----A----,obl,Loc,Masc,Sing,Inan,-0.0880107202226684,O
od,ADP,RR--2----------,case,Gen,,,,-0.0632084834818245,O
spuštění,NOUN,NNNS2-----A----,nmod,Gen,Neut,Sing,,0.0986404332654696,O
obdrželi,VERB,VpMP----R-AAP--,root,,Masc,Plur,Anim,0.0512254177486502,O
držitelé,NOUN,NNMP1-----A----,nsubj,Nom,Masc,Plur,Anim,-0.1311876680962095,O
EverGrow,X,F%-------------,nmod,,,,,-0.0208409702183976,B-if
Coin,X,F%-------------,flat:foreign,,,,,0.0295369901100351,I-if
více,ADV,Dg-------2A----,obj,,,,,-0.3053826323695661,O
než,SCONJ,"J,-------------",mark,,,,,-0.1381357878453475,O
30,NUM,C=-------------,obl,,,,,0.0882913473127416,B-nc
milionů,DET,CzIP2----------,det,Gen,Masc,Plur,Inan,-0.077361541962231,I-nc
USD,NOUN,BNXXX-----A----,nmod,,,,,0.0292943469353325,B-om
v,ADP,RR--6----------,case,Loc,,,,-0.0188889003233589,O
Binance,NOUN,NNFS6-----A----,obl,Loc,Fem,Sing,,0.0527897487408003,O
pevně,ADV,Dg-------1A----,advmod,,,,,0.071300591253376,O
stanovených,ADJ,AAIP2----1A----,amod,Gen,Masc,Plur,Inan,0.0951747661369393,O
výnosů,NOUN,NNIP2-----A----,nmod,Gen,Masc,Plur,Inan,0.0022342558664535,O
-,PUNCT,Z:-------------,punct,,,,,0.1445351434099504,O
stabilní,ADJ,AAFS1----1A----,amod,Nom,Fem,Sing,,0.2917736493128909,O
",",PUNCT,Z:-------------,punct,,,,,0.182500882062592,O
regulovaná,ADJ,AAFS1----1A----,conj,Nom,Fem,Sing,,0.0379644295819106,O
měna,NOUN,NNFS1-----A----,appos,Nom,Fem,Sing,,-0.0764911762842816,O
pevně,ADV,Dg-------1A----,advmod,,,,,-0.0018166437559606,O
stanovená,ADJ,AAFS1----1A----,amod,Nom,Fem,Sing,,0.0842226537227833,O
1,NUM,C=-------------,obl,,,,,0.1373190833712002,B-nc
k,ADP,RR--3----------,case,Dat,,,,0.1647301693919726,I-nc
1,NUM,C=-------------,nummod,,,,,0.108557993929367,I-nc
s,ADP,RR--7----------,case,Ins,,,,0.1686260097140441,O
USD,NOUN,BNXXX-----A----,obl,,,,,-0.0546978484343781,B-om
.,PUNCT,Z:-------------,punct,,,,,-0.0511500215572392,O
Vezměte,VERB,Vi-P---2--A-P--,root,,,Plur,,0.3196781119441063,O
prosím,VERB,VB-S---1P-AAI--,xcomp,,,Sing,,-0.0266265717746677,O
na,ADP,RR--4----------,case,Acc,,,,0.0227374690468417,O
vědomí,NOUN,NNNS4-----A----,obl:arg,Acc,Neut,Sing,,-0.0327943933348997,O
",",PUNCT,Z:-------------,punct,,,,,0.2727166222288958,O
že,SCONJ,"J,-------------",mark,,,,,0.1127950028804836,O
všechny,DET,PLIP1----------,det,Nom,Masc,Plur,Inan,0.0275798891525488,O
naše,DET,PSIP1-P1-------,det,Nom,Masc,Plur,Inan,-0.0025428383221526,O
komiksy,NOUN,NNIP1-----A----,nsubj,Nom,Masc,Plur,Inan,0.0381894687774387,O
v,ADP,RR--6----------,case,Loc,,,,-0.0915074988375355,O
každé,DET,AAFS6----1A----,det,Loc,Fem,Sing,,-0.0152920222228274,O
třídě,NOUN,NNFS6-----A----,nmod,Loc,Fem,Sing,,-0.0153493679872622,O
(,PUNCT,Z:-------------,punct,,,,,0.0778773519538868,O
EVEN,X,F%-------------,appos,,,,,0.5015518415201821,O
POOR,X,F%-------------,flat:foreign,,,,,-0.0226918209834674,O
),PUNCT,Z:-------------,punct,,,,,0.1034609566888094,O
budou,AUX,VB-P---3F-AAI--,cop,,,Plur,,-0.0061549041366621,O
kompletní,ADJ,AAIP1----1A----,ccomp,Nom,Masc,Plur,Inan,-0.0351992554588372,O
",",PUNCT,Z:-------------,punct,,,,,0.204436421843566,O
pokud,SCONJ,"J,-------------",mark,,,,,-0.0832395104602733,O
nebude,AUX,VB-S---3F-NAI--,aux:pass,,,Sing,,0.000236848796636,O
v,ADP,RR--6----------,case,Loc,,,,-0.078239380826932,O
seznamu,NOUN,NNIS6-----A----,obl,Loc,Masc,Sing,Inan,0.0682167895854657,O
uvedeno,ADJ,VsNS----X-APP--,advcl,,Neut,Sing,,0.0615644244396101,O
jinak,ADV,Db-------------,advmod,,,,,0.0048871333462417,O
!,PUNCT,Z:-------------,punct,,,,,0.5501271502614796,O
Chcete-li,VERB,VB-P---2P-AAI--,advcl,,,Plur,,0.2399387226456432,O
opravit,VERB,Vf--------A-P--,xcomp,,,,,0.0446469336421862,O
svůj,DET,P8IS4----------,det,Acc,Masc,Sing,Inan,0.2389960239079724,O
účet,NOUN,NNIS4-----A----,obj,Acc,Masc,Sing,Inan,-0.1038247506682909,O
v,ADP,RR--6----------,case,Loc,,,,0.0019175119951243,O
aplikaci,NOUN,NNFS6-----A----,nmod,Loc,Fem,Sing,,-0.1169523132220342,O
pro,ADP,RR--4----------,case,Acc,,,,-0.2959915020524559,O
Android,PROPN,NNIS4-----A----,nmod,Acc,Masc,Sing,Inan,0.0495509529072139,B-op
",",PUNCT,Z:-------------,punct,,,,,-0.5214322163650119,O
postupujte,VERB,Vi-P---2--A-I--,root,,,Plur,,0.1749702721395399,O
podle,ADP,RR--2----------,case,Gen,,,,0.0024319378817564,O
níže,ADV,Dg-------2A---1,advmod,,,,,-0.0223622806097323,O
uvedených,ADJ,AAIP2----1A----,amod,Gen,Masc,Plur,Inan,0.0317068891423691,O
kroků,NOUN,NNIP2-----A----,obl,Gen,Masc,Plur,Inan,0.1431064112706753,O
:,PUNCT,Z:-------------,punct,,,,,-0.3492476050320167,O
Tento,DET,PDIS4----------,det,Acc,Masc,Sing,Inan,-0.5797230824088124,O
chat,NOUN,NNIS4-----A----,obj,Acc,Masc,Sing,Inan,0.0956560943285035,O
nyní,ADV,Db-------------,advmod,,,,,0.1725505232620278,O
ukončím,VERB,VB-S---1P-AAP--,root,,,Sing,,0.1875793655352665,O
",",PUNCT,Z:-------------,punct,,,,,0.3013472081911514,O
protože,SCONJ,"J,-------------",mark,,,,,0.108639565920274,O
jsem,AUX,VB-S---1P-AAI--,aux,,,Sing,,0.4805405091511573,O
neobdržel,VERB,VpYS----R-NAP--,advcl,,Masc,Sing,,0.0322696154385514,O
žádnou,DET,PWFS4----------,det,Acc,Fem,Sing,,-0.056250223170173,O
odpověď,NOUN,NNFS4-----A----,obj,Acc,Fem,Sing,,-0.1386102655678706,O
.,PUNCT,Z:-------------,punct,,,,,0.0658459632889699,O
Ne,PART,TT-------------,root,,,,,-0.4590721244432524,O
",",PUNCT,Z:-------------,punct,,,,,-0.0711221457999078,O
po,ADP,RR--6----------,case,Loc,,,,0.0719924289624607,O
úspěchu,NOUN,NNIS6-----A----,conj,Loc,Masc,Sing,Inan,0.0039600337475449,O
jeho,DET,P9XXXZS3-------,det,,,,,-0.0264210124117029,O
přelomového,ADJ,AAIS2----1A----,amod,Gen,Masc,Sing,Inan,0.0631508691721907,O
dokumentu,NOUN,NNIS2-----A----,nmod,Gen,Masc,Sing,Inan,-0.0403449497150348,O
Netflixu,PROPN,NNIS2-----A----,nmod,Gen,Masc,Sing,Inan,0.0037905366528502,B-oa
Naše,DET,PSHS1-P1-------,det,Nom,"Fem,Neut",Sing,,-0.1952916870069106,O
planeta,NOUN,NNFS1-----A----,nsubj,Nom,Fem,Sing,,-0.0179107038735043,O
se,PRON,P7-X4----------,expl:pv,Acc,,,,-0.2155781665436489,O
tolik,ADV,Db-------------,advmod,,,,,0.089753744136899,O
milovaná,ADJ,AAFS1----1A----,amod,Nom,Fem,Sing,,0.0532741511270201,O
hvězda,NOUN,NNFS1-----A----,nsubj,Nom,Fem,Sing,,0.2554747843077644,O
chystá,VERB,VB-S---3P-AAI--,root,,,Sing,,-0.1379895030384978,O
vrátit,VERB,Vf--------A-P--,xcomp,,,,,0.1123252867784455,O
s,ADP,RR--7----------,case,Ins,,,,-0.0858911794386411,O
dalším,ADJ,AAIS7----1A----,amod,Ins,Masc,Sing,Inan,-0.0585126565109789,O
seriálem,NOUN,NNIS7-----A----,obl,Ins,Masc,Sing,Inan,0.0030187387711618,O
:,PUNCT,Z:-------------,punct,,,,,-0.0274094907384962,O
Život,NOUN,NNIS1-----A----,appos,Nom,Masc,Sing,Inan,-0.0099206101742379,B-oa
v,ADP,RR--6----------,case,Loc,,,,0.045362022642972,I-oa
barvách,NOUN,NNFP6-----A----,nmod,Loc,Fem,Plur,,-0.0638603144789969,I-oa
.,PUNCT,Z:-------------,punct,,,,,0.6370181426649777,O
Jakoukoli,DET,PZFS4----------,det,Acc,Fem,Sing,,-0.0675540900472752,O
knihu,NOUN,NNFS4-----A----,obj,Acc,Fem,Sing,,-0.3486109155287025,O
",",PUNCT,Z:-------------,punct,,,,,0.2457762695560703,O
kterou,DET,P4FS4----------,obj,Acc,Fem,Sing,,-0.1104060273665546,O
jste,AUX,VB-P---2P-AAI--,aux,,,Plur,,0.1741504571976592,O
zakoupil,VERB,VpYS----R-AAP--,acl:relcl,,Masc,Sing,,0.0821520885083053,O
u,ADP,RR--2----------,case,Gen,,,,-0.0421396782704599,O
#PRS,NOUN,BNXXX-----A----,obl,,,,,-0.0373398414002123,O
_,PUNCT,Z:-------------,punct,,,,,-0.105372103385418,O
ORG,NOUN,BNXXX-----A----,conj,,,,,-0.1969020877738815,O
#,NUM,C=-------------,nummod,,,,,-0.0272385169668531,O
",",PUNCT,Z:-------------,punct,,,,,0.3914196518327905,O
můžete,VERB,VB-P---2P-AAI--,root,,,Plur,,-0.1837302331164151,O
stáhnout,VERB,Vf--------A-P--,xcomp,,,,,0.1196550924247591,O
z,ADP,RR--2----------,case,Gen,,,,0.2187283381238701,O
#PRS,NOUN,BNXXX-----A----,obl,,,,,0.0935483153525941,O
_,PUNCT,Z:-------------,punct,,,,,0.0597832340142543,O
ORG,NOUN,BNXXX-----A----,conj,,,,,-0.0406322583465357,O
#,NUM,C=-------------,nummod,,,,,0.1030635678277363,O
#PRS,NOUN,BNXXX-----A----,nmod,,,,,0.0631991424658284,O
_,PUNCT,Z:-------------,punct,,,,,0.020542305866209,O
ORG,NOUN,BNXXX-----A----,conj,,,,,-0.1283866973040376,O
#,NUM,C=-------------,dep,,,,,0.0338448380293238,O
po,ADP,RR--6----------,case,Loc,,,,0.0679988957296042,O
provedení,NOUN,NNNS6-----A----,dep,Loc,Neut,Sing,,-0.0331229972837179,O
továrního,ADJ,AANS2----1A----,amod,Gen,Neut,Sing,,0.1396149510499897,O
nastavení,NOUN,NNNS2-----A----,nmod,Gen,Neut,Sing,,0.1130231876020961,O
.,PUNCT,Z:-------------,punct,,,,,0.2535863638892521,O
A,CCONJ,J^-------------,cc,,,,,0.2156629879404353,O
pracovníci,NOUN,NNMP1-----A----,nsubj,Nom,Masc,Plur,Anim,0.0601974592928491,O
státní,ADJ,AAFS2----1A----,amod,Gen,Fem,Sing,,-0.0263840978014277,O
univerzity,NOUN,NNFS2-----A----,nmod,Gen,Fem,Sing,,0.0458654146200462,O
v,ADP,RR--6----------,case,Loc,,,,-0.0564298271249444,O
Oregonu,PROPN,NNIS6-----A----,nmod,Loc,Masc,Sing,Inan,0.033635571960009,B-gr
nejsou,AUX,VB-P---3P-NAI--,cop,,,Plur,,-0.0606544255292894,O
jediní,ADJ,AAMP1----1A----,root,Nom,Masc,Plur,Anim,0.1143560655090171,O
",",PUNCT,Z:-------------,punct,,,,,0.1218297270343422,O
kdo,PRON,PQ--1----------,nsubj,Nom,,,Anim,-0.0977020279310135,O
něco,PRON,PK--4----------,obj,Acc,,,Inan,0.0722629753362912,O
podniká,VERB,VB-S---3P-AAI--,acl:relcl,,,Sing,,0.1164619037258364,O
.,PUNCT,Z:-------------,punct,,,,,0.0708512525158051,O
Oregon,PROPN,NNIS1-----A----,nsubj,Nom,Masc,Sing,Inan,0.0341575408202065,O
je,AUX,VB-S---3P-AAI--,cop,,,Sing,,-0.0114565966833135,O
teď,ADV,Db-------------,advmod,,,,,-0.0284219682630634,O
jako,SCONJ,"J,-------------",mark,,,,,0.290003763703088,O
soudek,NOUN,NNIS1-----A----,advcl,Nom,Masc,Sing,Inan,0.1138808872977075,O
střelného,ADJ,AAIS2----1A----,amod,Gen,Masc,Sing,Inan,0.0020310782620311,O
prachu,NOUN,NNIS2-----A----,nmod,Gen,Masc,Sing,Inan,0.0857235876124515,O
plný,ADJ,AAIS1----1A----,root,Nom,Masc,Sing,Inan,-0.0481660280583067,O
bojovnosti,NOUN,NNFS2-----A----,obl:arg,Gen,Fem,Sing,,0.2364851706495042,O
a,CCONJ,J^-------------,cc,,,,,0.0634441808663575,O
jeho,DET,P9XXXZS3-------,det,,,,,-0.0050849933155143,O
zápalná,ADJ,AAFS1----1A----,amod,Nom,Fem,Sing,,0.1463359724558816,O
šňůra,NOUN,NNFS1-----A----,nsubj,Nom,Fem,Sing,,0.0933010498820212,O
teď,ADV,Db-------------,advmod,,,,,-0.0651039372993017,O
hoří,VERB,VB-S---3P-AAI--,conj,,,Sing,,-0.0566364120229185,O
jasně,ADV,Dg-------1A----,advmod,,,,,-0.0243318905166241,O
a,CCONJ,J^-------------,cc,,,,,0.0525593054335912,O
žhavě,ADV,Dg-------1A----,conj,,,,,0.0529463181202142,O
.,PUNCT,Z:-------------,punct,,,,,-0.0601303674167184,O
Pracovníci,NOUN,NNMP1-----A----,nsubj,Nom,Masc,Plur,Anim,-0.005573912004061,O
obchodu,NOUN,NNIS2-----A----,nmod,Gen,Masc,Sing,Inan,-0.022018557407735,O
s,ADP,RR--7----------,case,Ins,,,,0.0766347599273037,O
potravinami,NOUN,NNFP7-----A----,nmod,Ins,Fem,Plur,,0.1299180547667183,O
na,ADP,RR--4----------,case,Acc,,,,0.1312974081147629,O
Řetězec,NOUN,NNIS4-----A----,nmod,Acc,Masc,Sing,Inan,0.1078730626933148,O
supermarketů,NOUN,NNIP2-----A----,nmod,Gen,Masc,Plur,Inan,0.1636262202480024,O
Fred,PROPN,NNMS1-----A----,nsubj,Nom,Masc,Sing,Anim,0.0743712625892114,B-P|B-pf
Meyer,PROPN,NNMS1-----A----,flat,Nom,Masc,Sing,Anim,0.0699124458412483,I-P|B-ps
stupňuje,VERB,VB-S---3P-AAI--,root,,,Sing,,0.1449455771189995,O
kampaň,NOUN,NNFS4-----A----,obj,Acc,Fem,Sing,,0.0879743113588729,O
proti,ADP,RR--3----------,case,Dat,,,,0.1098521778319099,O
svému,DET,P8ZS3----------,det,Dat,"Masc,Neut",Sing,,0.0668546967963924,O
zaměstnavateli,NOUN,NNMS3-----A----,nmod,Dat,Masc,Sing,Anim,0.0084787357736034,O
",",PUNCT,Z:-------------,punct,,,,,0.10027022025427,O
a,CCONJ,J^-------------,cc,,,,,0.0544530039521176,O
i,CCONJ,J^-------------,mark,,,,,-0.029054402047053,O
když,SCONJ,"J,-------------",fixed,,,,,0.0139636866349631,O
zatím,ADV,Db-------------,advmod,,,,,-0.0330732325019431,O
neexistují,VERB,VB-P---3P-NAI--,advcl,,,Plur,,0.1685654556775835,O
žádné,DET,PWIP1----------,det,Nom,Masc,Plur,Inan,-0.0072397645630809,O
oficiální,ADJ,AAIP1----1A----,amod,Nom,Masc,Plur,Inan,0.069462360890597,O
plány,NOUN,NNIP1-----A----,nsubj,Nom,Masc,Plur,Inan,0.0497868065254474,O
na,ADP,RR--4----------,case,Acc,,,,0.0362026292990362,O
stávku,NOUN,NNFS4-----A----,nmod,Acc,Fem,Sing,,0.0677435926466231,O
",",PUNCT,Z:-------------,punct,,,,,0.1038681455320698,O
napětí,NOUN,NNNS1-----A----,nsubj,Nom,Neut,Sing,,0.0130758679144995,O
roste,VERB,VB-S---3P-AAI--,conj,,,Sing,,0.1354352669621283,O
;,PUNCT,Z:-------------,punct,,,,,0.0088552773615205,O
jejich,DET,P9XXXXP3-------,det,,,,,-0.0697947606246399,O
odbory,NOUN,NNIP1-----A----,nsubj,Nom,Masc,Plur,Inan,0.0646152380085049,O
United,X,F%-------------,nmod,,,,,0.041347865071846,B-io
Food,X,F%-------------,flat:foreign,,,,,-0.0736173559995121,I-io
and,X,F%-------------,cc,,,,,0.0289242061936795,I-io
Commercial,X,F%-------------,flat:foreign,,,,,0.0187087166233776,I-io
Workers,X,F%-------------,flat:foreign,,,,,0.0128143296276361,I-io
Local,X,F%-------------,flat:foreign,,,,,-0.0389584657252726,I-io
555,NUM,C=-------------,nummod,,,,,0.002889445751267,I-io
již,ADV,Db-------------,advmod,,,,,0.1060253323836301,O
vyzvaly,VERB,VpTP----R-AAP--,conj,,"Fem,Masc",Plur,Inan,0.0725696161574589,O
k,ADP,RR--3----------,case,Dat,,,,0.0434766845051549,O
bojkotu,NOUN,NNIS3-----A----,obl:arg,Dat,Masc,Sing,Inan,0.165764143783337,O
a,CCONJ,J^-------------,cc,,,,,0.0683056552298436,O
podaly,VERB,VpTP----R-AAP--,conj,,"Fem,Masc",Plur,Inan,0.1640296744293966,O
proti,ADP,RR--3----------,case,Dat,,,,0.2203402062929861,O
řetězci,NOUN,NNIS3-----A----,obl,Dat,Masc,Sing,Inan,0.0652442944316178,O
zprávu,NOUN,NNFS4-----A----,obj,Acc,Fem,Sing,,0.1082766894831429,O
o,ADP,RR--6----------,case,Loc,,,,0.1008963973721484,O
nekalých,ADJ,AAFP6----1N----,amod,Loc,Fem,Plur,,-0.0227918316492521,O
pracovních,ADJ,AAFP6----1A----,amod,Loc,Fem,Plur,,0.0214248450959956,O
praktikách,NOUN,NNFP6-----A----,nmod,Loc,Fem,Plur,,0.0239922851831723,O
.,PUNCT,Z:-------------,punct,,,,,-0.2011191301317789,O
Meghan,PROPN,NNMS1-----A----,nsubj,Nom,Masc,Sing,Anim,-0.0255669081718097,B-p_
v,ADP,RR--6----------,case,Loc,,,,0.0312400475888403,O
rozhovoru,NOUN,NNIS6-----A----,obl,Loc,Masc,Sing,Inan,-0.004957086064697,O
s,ADP,RR--7----------,case,Ins,,,,0.0589760815352694,O
matkou,NOUN,NNFS7-----A----,nmod,Ins,Fem,Sing,,0.0637630846754818,O
dvou,NUM,CnXP2----------,nummod,Gen,,Plur,,-0.0551761627903063,O
dětí,NOUN,NNFP2-----A----,nmod,Gen,Fem,Plur,,0.0131204743217369,O
Larou,PROPN,NNFS7-----A----,flat,Ins,Fem,Sing,,0.0966472221249589,B-P|B-pf
Rosmarinovou,PROPN,NNFS7-----A----,flat,Ins,Fem,Sing,,0.1293670995548794,I-P|B-ps
",",PUNCT,Z:-------------,punct,,,,,0.0619273566544565,O
generální,ADJ,AAFS7----1A----,amod,Ins,Fem,Sing,,0.1972550790921473,O
ředitelkou,NOUN,NNFS7-----A----,appos,Ins,Fem,Sing,,-0.0476050452715997,O
společnosti,NOUN,NNFS2-----A----,nmod,Gen,Fem,Sing,,-0.1160199265687848,O
Cape,X,F%-------------,nmod,,,,,-0.0238176700803446,B-if
Innovation,X,F%-------------,flat:foreign,,,,,0.0603962672726305,I-if
and,X,F%-------------,cc,,,,,0.1667755735685286,I-if
Technology,X,F%-------------,conj,,,,,-0.0056365870321095,I-if
",",PUNCT,Z:-------------,punct,,,,,0.221878835207209,O
řekla,VERB,VpQW----R-AAP--,root,,"Fem,Neut","Plur,Sing",,0.0246720379388721,O
:,PUNCT,Z:-------------,punct,,,,,-0.0072632499368069,O
Jsme,AUX,VB-P---1P-AAI--,ccomp,,,Plur,,0.1056278347066361,O
tu,ADV,Db-------------,advmod,,,,,-0.2145316146062748,O
teprve,ADV,Db-------------,advmod:emph,,,,,-0.0953294876288146,O
pět,NUM,Cl-S4----------,nummod:gov,Acc,,Sing,,0.0215664477432421,O
měsíců,NOUN,NNIP2-----A----,obl,Gen,Masc,Plur,Inan,0.0594165811594804,O
.,PUNCT,Z:-------------,punct,,,,,0.025924626668495,O
Být,AUX,Vf--------A-I--,cop,,,,,0.0190365986320657,O
pracující,ADJ,AGFS7-----A----,amod,Ins,Fem,Sing,,0.0744402587570989,O
maminkou,NOUN,NNFS7-----A----,root,Ins,Fem,Sing,,0.2932590947965437,O
a,CCONJ,J^-------------,cc,,,,,0.0228491437075419,O
cestovat,VERB,Vf--------A-I--,conj,,,,,0.3088974461236083,O
i,CCONJ,J^-------------,advmod:emph,,,,,-0.0273544100260381,O
s,ADP,RR--7----------,case,Ins,,,,0.0339070753076467,O
dítětem,NOUN,NNNS7-----A----,obl,Ins,Neut,Sing,,0.0419872910690593,O
",",PUNCT,Z:-------------,punct,,,,,0.1964169866396005,O
božínku,NOUN,NNMS5-----A----,vocative,Voc,Masc,Sing,Anim,0.2690321841687382,O
",",PUNCT,Z:-------------,punct,,,,,0.1990775314739725,O
je,AUX,VB-S---3P-AAI--,cop,,,Sing,,-0.0785368412355469,O
toho,DET,PDZS2----------,det,Gen,"Masc,Neut",Sing,,0.0845633917096998,O
hodně,ADV,Dg-------1A----,nsubj,,,,,-0.1034822887593748,O
",",PUNCT,Z:-------------,punct,,,,,0.1253370293278447,O
ale,CCONJ,J^-------------,cc,,,,,0.2184837449710645,O
je,AUX,VB-S---3P-AAI--,cop,,,Sing,,-0.0059651869207937,O
to,DET,PDNS1----------,nsubj,Nom,Neut,Sing,,0.029991891643626,O
všechno,DET,PLNS1----------,det,Nom,Neut,Sing,,0.0384861762097982,O
tak,ADV,Db-------------,advmod,,,,,0.0571561769335993,O
vzrušující,ADJ,AGNS1-----A----,conj,Nom,Neut,Sing,,0.040717488864059,O
.,PUNCT,Z:-------------,punct,,,,,0.086545204493793,O
Vnější,ADJ,AANP1----1A----,amod,Nom,Neut,Plur,,0.0568452224946229,O
poutka,NOUN,NNNP1-----A----,nsubj,Nom,Neut,Plur,,0.0061108653147598,O
umožňují,VERB,VB-P---3P-AAI--,root,,,Plur,,0.1192858180285253,O
jednoduché,ADJ,AANS4----1A----,amod,Acc,Neut,Sing,,-0.0436189459682483,O
zavěšení,NOUN,NNNS4-----A----,obj,Acc,Neut,Sing,,0.1372387052779206,O
spacáku,NOUN,NNIS2-----A----,nmod,Gen,Masc,Sing,Inan,0.0468933831929485,O
",",PUNCT,Z:-------------,punct,,,,,0.0987988713943318,O
pokud,SCONJ,"J,-------------",mark,,,,,-0.1016653055797563,O
jej,PRON,PEZS4--3------2,obj,Acc,"Masc,Neut",Sing,,0.1176891591194416,O
potřebujete,VERB,VB-P---2P-AAI--,advcl,,,Plur,,0.1323364590373978,O
vyvětrat,VERB,Vf--------A-P--,xcomp,,,,,0.0600344708278504,O
nebo,CCONJ,J^-------------,cc,,,,,-0.1521567615132856,O
vysušit,VERB,Vf--------A-P--,conj,,,,,0.1992210084903422,O
.,PUNCT,Z:-------------,punct,,,,,-0.0715909649667605,O
Znám,VERB,VB-S---1P-AAI--,root,,,Sing,,0.1621670077223257,O
plno,ADV,Db-------------,obj,,,,,-0.1163952277692166,O
lidí,NOUN,NNMP2-----A----,nmod,Gen,Masc,Plur,Anim,-0.111941600462692,O
",",PUNCT,Z:-------------,punct,,,,,0.3428820727913296,O
kteří,DET,P4MP1----------,nsubj,Nom,Masc,Plur,Anim,-0.1473595228191001,O
by,AUX,Vc----------I--,aux,,,,,0.2734980163791673,O
nešli,VERB,VpMP----R-NAI--,acl:relcl,,Masc,Plur,Anim,0.457525972358727,O
.,PUNCT,Z:-------------,punct,,,,,0.4770541150258113,O
Jednoprofilový,ADJ,AAIS1----1A----,amod,Nom,Masc,Sing,Inan,0.2507753227011214,O
spací,ADJ,AAIS1----1A----,amod,Nom,Masc,Sing,Inan,0.0716632947727329,O
pytel,NOUN,NNIS1-----A----,root,Nom,Masc,Sing,Inan,-0.0706076802503583,O
s,ADP,RR--7----------,case,Ins,,,,-0.1322883011399383,O
jednou,NUM,CnFS7----------,nummod,Ins,Fem,Sing,,-0.1661595213646729,O
vrstvou,NOUN,NNFS7-----A----,nmod,Ins,Fem,Sing,,0.1698086271348344,O
měkké,ADJ,AAFS2----1A----,amod,Gen,Fem,Sing,,0.4911121056642876,O
izolace,NOUN,NNFS2-----A----,nmod,Gen,Fem,Sing,,0.207542830491715,O
.,PUNCT,Z:-------------,punct,,,,,0.5268136402075645,O
Auto,NOUN,NNNS1-----A----,nsubj,Nom,Neut,Sing,,-0.3847486316316995,O
projelo,VERB,VpNS----R-AAP--,root,,Neut,Sing,,0.1340516842482816,O
davem,NOUN,NNIS7-----A----,obl,Ins,Masc,Sing,Inan,0.3014733868791456,O
",",PUNCT,Z:-------------,punct,,,,,0.4536657673669198,O
demonstranta,NOUN,NNMS4-----A----,obj,Acc,Masc,Sing,Anim,0.1667408434797204,O
zastřelili,VERB,VpMP----R-AAP--,conj,,Masc,Plur,Anim,0.1121675743645024,O
v,ADP,RR--6----------,case,Loc,,,,0.3575913336588083,O
Coloradu,PROPN,NNNS6-----A----,obl,Loc,Neut,Sing,,0.3745415037307898,B-gu
Demonstranti,NOUN,NNMP1-----A----,nsubj,Nom,Masc,Plur,Anim,0.1066175472775881,O
také,ADV,Db-------------,advmod,,,,,-0.3217823591611115,O
rozbili,VERB,VpMP----R-AAP--,ccomp,,Masc,Plur,Anim,0.2279205289729607,O
okna,NOUN,NNNP4-----A----,obj,Acc,Neut,Plur,,-0.0495541784456889,O
k,ADP,RR--3----------,case,Dat,,,,-0.0453410151620995,O
soudu,NOUN,NNIS3-----A----,nmod,Dat,Masc,Sing,Inan,-0.18417791711004,O
a,CCONJ,J^-------------,cc,,,,,0.0322859438019125,O
požár,NOUN,NNIS1-----A----,nsubj:pass,Nom,Masc,Sing,Inan,0.4912701792967118,O
byl,AUX,VpYS----R-AAI--,aux:pass,,Masc,Sing,,-0.0830214904691273,O
zahájen,ADJ,VsYS----X-APP--,conj,,Masc,Sing,,0.1896845437925422,O
v,ADP,RR--6----------,case,Loc,,,,0.140963565750756,O
kanceláři,NOUN,NNFS6-----A----,obl,Loc,Fem,Sing,,-0.0744073018653158,O
",",PUNCT,Z:-------------,punct,,,,,0.1999288163665835,O
řekla,VERB,VpQW----R-AAP--,root,,"Fem,Neut","Plur,Sing",,-0.0338429689284208,O
policie,NOUN,NNFS1-----A----,nsubj,Nom,Fem,Sing,,-0.1241361827641154,O
.,PUNCT,Z:-------------,punct,,,,,-0.2317254000304459,O
Dle,ADP,RR--2----------,case,Gen,,,,-0.0712693780540539,O
policie,NOUN,NNFS2-----A----,obl,Gen,Fem,Sing,,-0.0261211406320672,O
protestující,ADJ,AGMP1-----A----,nsubj,Nom,Masc,Plur,Anim,0.6615083632562265,O
v,ADP,RR--6----------,case,Loc,,,,0.0534000729776918,O
jednom,NUM,CnZS6----------,nummod,Loc,"Masc,Neut",Sing,,0.061571220532178,O
okamžiku,NOUN,NNIS6-----A----,obl,Loc,Masc,Sing,Inan,0.0321334067174948,O
rozbíjeli,VERB,VpMP----R-AAI--,root,,Masc,Plur,Anim,0.1288130173381995,O
okna,NOUN,NNNP4-----A----,obj,Acc,Neut,Plur,,-0.0401316193754706,O
a,CCONJ,J^-------------,cc,,,,,-0.0300380863547319,O
pokřikovali,VERB,VpMP----R-AAI--,conj,,Masc,Plur,Anim,0.0980434091822293,O
na,ADP,RR--4----------,case,Acc,,,,0.1755003925407678,O
obyvatele,NOUN,NNMP4-----A----,obl:arg,Acc,Masc,Plur,Anim,0.0442591225164141,O
rasistické,ADJ,AAFP4----1A----,amod,Acc,Fem,Plur,,0.0163425276748941,O
urážky,NOUN,NNFP4-----A----,obj,Acc,Fem,Plur,,0.0392583253496401,O
.,PUNCT,Z:-------------,punct,,,,,0.4113594672766951,O
“,PUNCT,Z:-------------,punct,,,,,0.3049677478905246,O
V,ADP,RR--4----------,case,Acc,,,,0.0633929871201737,O
pátek,NOUN,NNIS4-----A----,obl,Acc,Masc,Sing,Inan,-0.0424731554945422,O
se,PRON,P7-X4----------,expl:pv,Acc,,,,0.0358410545032103,O
Scholz,PROPN,NNMS1-----A----,nsubj,Nom,Masc,Sing,Anim,-0.0798489293308787,B-ps
v,ADP,RR--6----------,case,Loc,,,,0.2248805510134096,O
Paříži,PROPN,NNFS6-----A----,obl,Loc,Fem,Sing,,0.0377271941954978,B-gu
setkal,VERB,VpYS----R-AAP--,root,,Masc,Sing,,0.0962571590849116,O
s,ADP,RR--7----------,case,Ins,,,,-0.0236588150888611,O
francouzským,ADJ,AAMS7----1A----,amod,Ins,Masc,Sing,Anim,0.0594088699531622,O
prezidentem,NOUN,NNMS7-----A----,obl:arg,Ins,Masc,Sing,Anim,0.0216324730022056,O
Emmanuelem,PROPN,NNMS7-----A----,flat,Ins,Masc,Sing,Anim,0.0685875978606082,B-P|B-pf
Macronem,PROPN,NNMS7-----A----,flat,Ins,Masc,Sing,Anim,0.2090332101269786,I-P|B-ps
a,CCONJ,J^-------------,cc,,,,,-0.2129035146323706,O
později,ADV,Dg-------2A----,conj,,,,,-0.2490740668452408,O
v,ADP,RR--6----------,case,Loc,,,,-0.151820140513053,O
Bruselu,PROPN,NNIS6-----A----,orphan,Loc,Masc,Sing,Inan,0.0929618115045964,B-gu
s,ADP,RR--7----------,case,Ins,,,,0.1055218908474722,O
představiteli,NOUN,NNMP7-----A----,orphan,Ins,Masc,Plur,Anim,0.0345119770980581,O
EU,PROPN,BNXXX-----A----,nmod,,,,,0.0267107495989192,B-io
a,CCONJ,J^-------------,cc,,,,,-0.022923041173869,O
NATO,PROPN,BNXXX-----A----,conj,,,,,0.1661974269476268,B-io
.,PUNCT,Z:-------------,punct,,,,,0.6707371615546485,O
Video,NOUN,NNNS1-----A----,nsubj,Nom,Neut,Sing,,-0.1545545938211593,O
natočené,ADJ,AANS1----1A----,amod,Nom,Neut,Sing,,0.0734954608342165,O
kolemjdoucím,ADJ,AAMS7----1A----,obl:arg,Ins,Masc,Sing,Anim,0.0068832238202567,O
začíná,VERB,VB-S---3P-AAI--,root,,,Sing,,0.0025992673069088,O
v,ADP,RR--6----------,case,Loc,,,,-0.0400157472566234,O
okamžiku,NOUN,NNIS6-----A----,obl,Loc,Masc,Sing,Inan,-0.0645551022857227,O
",",PUNCT,Z:-------------,punct,,,,,0.0822322895284533,O
kdy,ADV,Db-------------,advmod,,,,,-0.0266408960887553,O
se,PRON,P7-X4----------,expl:pv,Acc,,,,-0.0224087773542944,O
Jarett,PROPN,NNMS1-----A----,nsubj,Nom,Masc,Sing,Anim,-0.0041061104247945,B-P|B-pf
Kelly,PROPN,NNMS1-----A----,flat,Nom,Masc,Sing,Anim,-0.0065038585438922,I-P|B-ps
pokusil,VERB,VpYS----R-AAP--,acl:relcl,,Masc,Sing,,-0.0086448654602203,O
vyrazit,VERB,Vf--------A-P--,xcomp,,,,,0.0430791039856519,O
ženě,NOUN,NNFS3-----A----,obl:arg,Dat,Fem,Sing,,0.0435497474338959,O
pepřový,ADJ,AAIS4----1A----,amod,Acc,Masc,Sing,Inan,0.0189566122052586,O
sprej,NOUN,NNIS4-----A----,obj,Acc,Masc,Sing,Inan,0.0136278994319885,O
z,ADP,RR--2----------,case,Gen,,,,-0.0235627965439786,O
rukou,NOUN,NNFP2-----A----,obl,Gen,Fem,Plur,,-0.0077283146683074,O
",",PUNCT,Z:-------------,punct,,,,,0.9502684361140316,O
ale,CCONJ,J^-------------,cc,,,,,0.0135834655890979,O
místo,ADP,RR--2----------,case,Gen,,,,-0.019561550174607,O
toho,DET,PDZS2----------,obl,Gen,"Masc,Neut",Sing,,-0.0103463800710178,O
dostal,VERB,VpYS----R-AAP--,conj,,Masc,Sing,,-0.012770386461834,O
dávku,NOUN,NNFS4-----A----,obj,Acc,Fem,Sing,,0.0329227723438694,O
spreje,NOUN,NNIS2-----A----,nmod,Gen,Masc,Sing,Inan,-0.0007078484381206,O
přímo,ADV,Dg-------1A----,advmod:emph,,,,,-0.0585460164097907,O
do,ADP,RR--2----------,case,Gen,,,,-0.0340636219853468,O
obličeje,NOUN,NNIS2-----A----,obl,Gen,Masc,Sing,Inan,-0.0809304311290136,O
.,PUNCT,Z:-------------,punct,,,,,-0.0544303618164561,O
V,ADP,RR--6----------,case,Loc,,,,-0.0093839087581518,O
červnu,NOUN,NNIS6-----A----,obl,Loc,Masc,Sing,Inan,0.1003715103702259,O
vláda,NOUN,NNFS1-----A----,nsubj,Nom,Fem,Sing,,0.0513153075233122,O
povinně,ADV,Dg-------1A----,advmod,,,,,-0.004598131532433,O
odvolala,VERB,VpQW----R-AAP--,root,,"Fem,Neut","Plur,Sing",,0.1406507948181686,O
15,NUM,C=-------------,nummod:gov,,,,,-0.0029536704899369,B-nc
úředníků,NOUN,NNMP2-----A----,obj,Gen,Masc,Plur,Anim,0.2830116985944461,O
CBIC,NOUN,BNXXX-----A----,nmod,,,,,0.141126562745818,B-io
na,ADP,RR--6----------,case,Loc,,,,0.1601656904446273,O
úrovni,NOUN,NNFS6-----A----,nmod,Loc,Fem,Sing,,-0.0564568947119117,O
komisařů,NOUN,NNMP2-----A----,nmod,Gen,Masc,Plur,Anim,0.0005124417338487,O
kvůli,ADP,RR--3----------,case,Dat,,,,0.0963700847634103,O
obvinění,NOUN,NNNS3-----A----,obl,Dat,Neut,Sing,,-0.0200515323339148,O
z,ADP,RR--2----------,case,Gen,,,,0.0175755127890163,O
korupce,NOUN,NNFS2-----A----,nmod,Gen,Fem,Sing,,0.0977127816180295,O
",",PUNCT,Z:-------------,punct,,,,,0.0198045082691463,O
vybírání,NOUN,NNNS2-----A----,conj,Gen,Neut,Sing,,0.4087614706185347,O
a,CCONJ,J^-------------,cc,,,,,0.0199372002786372,O
udělování,NOUN,NNNS2-----A----,conj,Gen,Neut,Sing,,-0.0240113862026997,O
úplatků,NOUN,NNIP2-----A----,nmod,Gen,Masc,Plur,Inan,0.1286768875688217,O
",",PUNCT,Z:-------------,punct,,,,,0.0052685939715885,O
pašování,NOUN,NNNS2-----A----,conj,Gen,Neut,Sing,,0.0054763678038688,O
a,CCONJ,J^-------------,cc,,,,,-0.1932398501382311,O
dokonce,ADV,Db-------------,advmod:emph,,,,,0.0351651074756969,O
zločinného,ADJ,AANS2----1A----,amod,Gen,Neut,Sing,,-0.0094161528437471,O
spolčení,NOUN,NNNS2-----A----,conj,Gen,Neut,Sing,,0.0470931886957988,O
.,PUNCT,Z:-------------,punct,,,,,-0.0387663132246036,O
Předtím,ADV,Db-------------,advmod,,,,,0.2309597989026696,O
vláda,NOUN,NNFS1-----A----,nsubj,Nom,Fem,Sing,,0.0329442745253607,O
povinně,ADV,Dg-------1A----,advmod,,,,,-0.0130758157208321,O
odvolala,VERB,VpQW----R-AAP--,root,,"Fem,Neut","Plur,Sing",,0.1616801424264081,O
12,NUM,C=-------------,nummod:gov,,,,,-0.0046131349866927,B-nc
vysokých,ADJ,AAMP2----1A----,amod,Gen,Masc,Plur,Anim,0.0448150072836057,O
úředníků,NOUN,NNMP2-----A----,obj,Gen,Masc,Plur,Anim,0.3304700785998305,O
IRS,NOUN,BNXXX-----A----,nmod,,,,,0.0565723686700841,B-io
z,ADP,RR--2----------,case,Gen,,,,0.0988015966217578,O
oddělení,NOUN,NNNS2-----A----,obl,Gen,Neut,Sing,,-0.0179931537743979,O
daně,NOUN,NNFS2-----A----,nmod,Gen,Fem,Sing,,0.0351528668787823,O
z,ADP,RR--2----------,case,Gen,,,,-0.0150347097491954,O
příjmů,NOUN,NNIP2-----A----,nmod,Gen,Masc,Plur,Inan,0.0833465127305659,O
kvůli,ADP,RR--3----------,case,Dat,,,,0.0495810178564955,O
obvinění,NOUN,NNNS3-----A----,obl,Dat,Neut,Sing,,0.004589540879507,O
z,ADP,RR--2----------,case,Gen,,,,-0.0069532633044035,O
korupce,NOUN,NNFS2-----A----,nmod,Gen,Fem,Sing,,0.1206525619248912,O
",",PUNCT,Z:-------------,punct,,,,,0.1002703805077104,O
sexuálního,ADJ,AANS2----1A----,amod,Gen,Neut,Sing,,0.1681281346398936,O
obtěžování,NOUN,NNNS2-----A----,conj,Gen,Neut,Sing,,0.0496640716508637,O
",",PUNCT,Z:-------------,punct,,,,,0.0255459065241457,O
nepřiměřeného,ADJ,AAIS2----1N----,amod,Gen,Masc,Sing,Inan,0.0236713382567746,O
majetku,NOUN,NNIS2-----A----,conj,Gen,Masc,Sing,Inan,-0.0233108337870255,O
podle,ADP,RR--2----------,case,Gen,,,,-0.075690803672504,O
pravidla,NOUN,NNNS2-----A----,nmod,Gen,Neut,Sing,,-0.0283270773751513,O
65,NUM,C=-------------,nummod,,,,,0.0041625772753728,B-n_
(,PUNCT,Z:-------------,punct,,,,,-0.0789872600902895,O
J,NOUN,Q3-------------,appos,,,,,0.2361391792443486,B-or
),PUNCT,Z:-------------,punct,,,,,0.0091669652209213,I-or
Ústředních,ADJ,AAFP2----1A----,amod,Gen,Fem,Plur,,0.1693863973108228,I-or
stavebních,ADJ,AAFP2----1A----,amod,Gen,Fem,Plur,,0.0846387954585064,I-or
služeb,NOUN,NNFP2-----A----,nmod,Gen,Fem,Plur,,-0.0674836392353829,I-or
(,PUNCT,Z:-------------,punct,,,,,-0.0151257244275435,O
Pension,PROPN,NNIS1-----A----,appos,Nom,Masc,Sing,Inan,0.0629855953570839,B-or
),PUNCT,Z:-------------,punct,,,,,0.1057042115319666,O
.,PUNCT,Z:-------------,punct,,,,,0.0450995088569459,O
Mezi,ADP,RR--7----------,case,Ins,,,,0.1413449113186324,O
těmi,DET,PDXP7----------,obl,Ins,,Plur,,0.2860410556838283,O
",",PUNCT,Z:-------------,punct,,,,,0.0291079727831028,O
kdo,PRON,PQ--1----------,nsubj,Nom,,,Anim,-0.0164234195377218,O
se,PRON,P7-X4----------,expl:pv,Acc,,,,0.2442649239965156,O
zabývají,VERB,VB-P---3P-AAI--,acl:relcl,,,Plur,,0.1207645882885177,O
trendem,NOUN,NNIS7-----A----,obl:arg,Ins,Masc,Sing,Inan,-0.0065635111222157,O
",",PUNCT,Z:-------------,punct,,,,,0.0450943901753092,O
který,DET,P4YS1----------,nsubj,Nom,Masc,Sing,,-0.6192751721915141,O
začal,VERB,VpYS----R-AAP--,acl:relcl,,Masc,Sing,,-0.0407450844812845,O
v,ADP,RR--6----------,case,Loc,,,,0.1853943526680665,O
USA,PROPN,BNXXX-----A----,obl,,,,,-0.0446172517857177,B-gc
",",PUNCT,Z:-------------,punct,,,,,0.0573280360908749,O
je,AUX,VB-S---3P-AAI--,root,,,Sing,,-0.1507421802606607,O
Carole,PROPN,NNFXX-----A----,nsubj,,Fem,,,0.0394215923985475,B-P|B-pf
Middleton,PROPN,NNFXX-----A----,flat,,Fem,,,0.0273728473891998,I-P|B-ps
",",PUNCT,Z:-------------,punct,,,,,0.056374498354044,O
matka,NOUN,NNFS1-----A----,appos,Nom,Fem,Sing,,-0.0463790252830777,O
vévodkyně,NOUN,NNFS2-----A----,nmod,Gen,Fem,Sing,,0.0553832951644312,O
z,ADP,RR--2----------,case,Gen,,,,0.1820232237135439,O
Cambridge,PROPN,NNNXX-----A----,nmod,Gen,Fem,Sing,,-0.075464225153674,B-gu
",",PUNCT,Z:-------------,punct,,,,,0.055382676789456,O
která,DET,P4FS1----------,nsubj,Nom,Fem,Sing,,-0.2958919309613252,O
ve,ADP,RV--6----------,case,Loc,,,,-0.0277991156722851,O
svém,DET,P8ZS6----------,det,Loc,"Masc,Neut",Sing,,-0.1145076976816186,O
domě,NOUN,NNIS6-----A----,obl,Loc,Masc,Sing,Inan,0.134851681077746,O
v,ADP,RR--6----------,case,Loc,,,,0.106067427679283,O
Bucklebury,PROPN,NNNXX-----A----,nmod,,Neut,,,0.0452248195301522,B-gq
",",PUNCT,Z:-------------,punct,,,,,0.0102444202336945,O
West,X,F%-------------,appos,,,,,0.0036468368584953,B-gq
Berkshire,X,F%-------------,flat:foreign,,,,,0.0429078136480141,I-gq
",",PUNCT,Z:-------------,punct,,,,,-0.0289011882276578,O
dostane,VERB,VB-S---3P-AAP--,acl:relcl,,,Sing,,0.0031130669004337,O
druhý,ADJ,CrIS4----------,amod,Acc,Masc,Sing,Inan,-0.0609396240628818,O
strom,NOUN,NNIS4-----A----,obj,Acc,Masc,Sing,Inan,0.1358324053545679,O
pro,ADP,RR--4----------,case,Acc,,,,0.181574195649682,O
vnoučata,NOUN,NNNP4-----A----,nmod,Acc,Neut,Plur,,0.1056641412823909,O
George,PROPN,NNMS1-----A----,nmod,Nom,Masc,Sing,Anim,0.1194034491837499,B-pf
",",PUNCT,Z:-------------,punct,,,,,0.0317681781764156,O
Louis,PROPN,NNMS1-----A----,conj,Nom,Masc,Sing,Anim,-0.0366730039742631,B-pf
a,CCONJ,J^-------------,cc,,,,,-0.0289086025866148,O
Charlotte,PROPN,NNFXX-----A----,conj,,Fem,,,0.166706659482944,B-pf
.,PUNCT,Z:-------------,punct,,,,,-0.0345376078250209,O
Zákazníci,NOUN,NNMP1-----A----,nsubj,Nom,Masc,Plur,Anim,0.0526120024167955,O
se,PRON,P7-X4----------,expl:pv,Acc,,,,-0.0191144418662057,O
mě,PRON,PH-S2--1-------,obl:arg,Gen,,Sing,,0.4045037813235779,O
často,ADV,Dg-------1A----,advmod,,,,,0.1703817060712561,O
ptali,VERB,VpMP----R-AAI--,root,,Masc,Plur,Anim,0.0432524148809159,O
",",PUNCT,Z:-------------,punct,,,,,0.2801427196303102,O
kde,ADV,Db-------------,advmod,,,,,-0.0089477303404344,O
najdou,VERB,VB-P---3P-AAP--,ccomp,,,Plur,,0.159008521134228,O
které,DET,P4NS4----------,det,Acc,Neut,Sing,,0.4096894698623885,O
zboží,NOUN,NNNS4-----A----,obj,Acc,Neut,Sing,,0.0659489677864037,O
a,CCONJ,J^-------------,cc,,,,,-0.1217399756015434,O
ptali,VERB,VpMP----R-AAI--,conj,,Masc,Plur,Anim,0.0835439338056562,O
se,PRON,P7-X4----------,expl:pv,Acc,,,,-0.0619002663406412,O
ve,ADP,RV--6----------,case,Loc,,,,-0.0054483519217476,O
formě,NOUN,NNFS6-----A----,fixed,Loc,Fem,Sing,,-0.0400967857804786,O
pozdravu,NOUN,NNIS2-----A----,obl,Gen,Masc,Sing,Inan,0.0350526985335652,O
+,SYM,Z:-------------,cc,,,,,0.0273129145146998,O
dotazu,NOUN,NNIS2-----A----,conj,Gen,Masc,Sing,Inan,-0.0051529644483456,O
",",PUNCT,Z:-------------,punct,,,,,0.327056771946678,O
nebo,CCONJ,J^-------------,cc,,,,,0.0276444522757728,O
jenom,ADV,Db-------------,advmod:emph,,,,,-0.0268634447934438,O
položili,VERB,VpMP----R-AAP--,conj,,Masc,Plur,Anim,-0.0049200237302549,O
dotaz,NOUN,NNIS4-----A----,obj,Acc,Masc,Sing,Inan,-0.0929050364699476,O
.,PUNCT,Z:-------------,punct,,,,,-0.1240850588799461,O
Dvojice,NOUN,NNFS1-----A----,nsubj,Nom,Fem,Sing,,0.0584920088631967,O
měla,VERB,VpQW----R-AAI--,root,,"Fem,Neut","Plur,Sing",,0.0275497771781515,O
masky,NOUN,NNFP4-----A----,obj,Acc,Fem,Plur,,0.0143710164247193,O
stažené,ADJ,AAFP4----1A----,xcomp,Acc,Fem,Plur,,-0.0157754978974929,O
k,ADP,RR--3----------,case,Dat,,,,-0.1312423639423991,O
jídlu,NOUN,NNNS3-----A----,obl,Dat,Neut,Sing,,0.0377549417686089,O
",",PUNCT,Z:-------------,punct,,,,,0.0302319321039869,O
když,SCONJ,"J,-------------",mark,,,,,0.0453615082981141,O
se,PRON,P7-X4----------,expl:pv,Acc,,,,0.0303366546022694,O
k,ADP,RR--3----------,case,Dat,,,,0.0061204735166297,O
nim,PRON,PEXP3--3------1,obl,Dat,,Plur,,-0.069379824789616,O
přiblížila,VERB,VpQW----R-AAP--,advcl,,"Fem,Neut","Plur,Sing",,0.0323261871074096,O
"""",PUNCT,Z:-------------,punct,,,,,-0.3219373421880604,O
"""",PUNCT,Z:-------------,punct,,,,,-0.4357167016734931,O
náhodná,ADJ,AAFS1----1A----,amod,Nom,Fem,Sing,,0.25139314290066,O
stará,ADJ,AAFS1----1A----,amod,Nom,Fem,Sing,,0.0029480629490595,O
dáma,NOUN,NNFS1-----A----,nsubj,Nom,Fem,Sing,,0.0878776007161852,O
"""",PUNCT,Z:-------------,punct,,,,,0.0232692811768789,O
"""",PUNCT,Z:-------------,punct,,,,,-0.0764351797655904,O
a,CCONJ,J^-------------,cc,,,,,0.090515497721785,O
nazvala,VERB,VpQW----R-AAP--,conj,,"Fem,Neut","Plur,Sing",,0.1325238938216711,O
je,PRON,PEXP4--3-------,obj,Acc,,Plur,,0.0257223760475728,O
"""",PUNCT,Z:-------------,punct,,,,,-0.0477301048650678,O
"""",PUNCT,Z:-------------,punct,,,,,0.0531476393687405,O
idioty,NOUN,NNMP7-----A----,obl:arg,Ins,Masc,Plur,Anim,0.0445567481775987,O
"""",PUNCT,Z:-------------,punct,,,,,0.0468337352888934,O
"""",PUNCT,Z:-------------,punct,,,,,0.0080189387215007,O
za,ADP,RR--4----------,case,Acc,,,,0.2017240375919742,O
to,DET,PDNS4----------,obl,Acc,Neut,Sing,,0.0101361231046369,O
",",PUNCT,Z:-------------,punct,,,,,0.0863362669356176,O
že,SCONJ,"J,-------------",mark,,,,,0.0677777920303067,O
se,PRON,P7--4----------,obj,Acc,,,,0.0984675924508194,O
nemaskují,VERB,VB-P---3P-NAI--,acl,,,Plur,,0.080428404647475,O
",",PUNCT,Z:-------------,punct,,,,,0.1197954310972006,O
i,CCONJ,J^-------------,mark,,,,,0.0529399740858145,O
když,SCONJ,"J,-------------",fixed,,,,,0.1736535626605107,O
"""",PUNCT,Z:-------------,punct,,,,,0.0052129985639695,O
"""",PUNCT,Z:-------------,punct,,,,,0.0275565472472226,O
nemůžete,VERB,VB-P---2P-NAI--,advcl,,,Plur,,0.0605777118631333,O
nosit,VERB,Vf--------A-I--,xcomp,,,,,0.1147251580382695,O
masku,NOUN,NNFS4-----A----,obj,Acc,Fem,Sing,,0.0217536343033022,O
a,CCONJ,J^-------------,cc,,,,,0.0187487108006916,O
zároveň,ADV,Db-------------,advmod,,,,,-0.0084377020050925,O
jíst,VERB,Vf--------A-I--,conj,,,,,0.0279599438076658,O
"""",PUNCT,Z:-------------,punct,,,,,0.0595559629181341,O
"""",PUNCT,Z:-------------,punct,,,,,0.0509223752797078,O
.,PUNCT,Z:-------------,punct,,,,,0.199458690863073,O
"""",PUNCT,Z:-------------,punct,,,,,0.1118702121587486,O
Je,AUX,VB-S---3P-AAI--,cop,,,Sing,,-0.0954389002967858,O
důležité,ADJ,AANS1----1A----,root,Nom,Neut,Sing,,0.1914016439330109,O
investovat,VERB,Vf--------A-B--,csubj,,,,,-0.1928998286419576,O
do,ADP,RR--2----------,case,Gen,,,,-0.0710822036637005,O
rozvoje,NOUN,NNIS2-----A----,obl,Gen,Masc,Sing,Inan,0.1666811395532257,O
infrastruktury,NOUN,NNFS2-----A----,nmod,Gen,Fem,Sing,,0.1221536764968895,O
nezbytné,ADJ,AAFS2----1N----,amod,Gen,Fem,Sing,,0.1187661961163789,O
pro,ADP,RR--4----------,case,Acc,,,,-0.0794140145085269,O
detekci,NOUN,NNFS4-----A----,obl,Acc,Fem,Sing,,0.2432957407378442,O
příštích,ADJ,AANP2----1A----,amod,Gen,Neut,Plur,,-0.0165007138929135,O
ohnisek,NOUN,NNNP2-----A----,nmod,Gen,Neut,Plur,,0.2177611984639333,O
virové,ADJ,AAFS2----1A----,amod,Gen,Fem,Sing,,0.2779215426088637,O
nákazy,NOUN,NNFS2-----A----,nmod,Gen,Fem,Sing,,0.0416834452065215,O
.,PUNCT,Z:-------------,punct,,,,,-0.0370070715027153,O
AMERICKÉ,ADJ,AAFP1----1A----,amod,Nom,Fem,Plur,,0.0965224599917705,O
Armády,NOUN,NNFP1-----A----,nsubj,Nom,Fem,Plur,,0.0083948025715988,B-io
",",PUNCT,Z:-------------,punct,,,,,0.0556230373351763,O
zašel,VERB,VpYS----R-AAP--,root,,Masc,Sing,,0.0088913242589013,O
tak,ADV,Db-------------,advmod,,,,,-0.0758708433393091,O
daleko,ADV,Dg-------1A----,advmod,,,,,-0.0197742266726213,O
",",PUNCT,Z:-------------,punct,,,,,0.0551893998534335,O
poradenství,NOUN,NNNS1-----A----,conj,Nom,Neut,Sing,,0.0047007720525373,O
služby,NOUN,NNFP1-----A----,dep,Nom,Fem,Plur,,-0.0566308173060033,O
členům,NOUN,NNMP3-----A----,obl:arg,Dat,Masc,Plur,Anim,-0.0558942061996003,O
pozor,NOUN,NNIS4-----A----,obj,Acc,Masc,Sing,Inan,-0.1608959841992026,O
na,ADP,RR--4----------,case,Acc,,,,0.0260363883424136,O
"""",PUNCT,Z:-------------,punct,,,,,0.086446546739703,O
"""",PUNCT,Z:-------------,punct,,,,,0.082483863710236,O
incels,X,F%-------------,nmod,,,,,0.0591713613600791,O
",",PUNCT,Z:-------------,punct,,,,,0.1920256614559579,O
"""",PUNCT,Z:-------------,punct,,,,,-0.0230771772712972,O
"""",PUNCT,Z:-------------,punct,,,,,0.0977764748501975,O
nespokojených,ADJ,AAMP2----1N----,amod,Gen,Masc,Plur,Anim,0.1407607669105468,O
mužů,NOUN,NNMP2-----A----,nmod,Gen,Masc,Plur,Anim,-0.0473588888343532,O
",",PUNCT,Z:-------------,punct,,,,,0.0275858907417642,O
kteří,DET,P4MP1----------,nsubj,Nom,Masc,Plur,Anim,0.0060593845282937,O
se,PRON,P7-X4----------,expl:pv,Acc,,,,0.1274356442487113,O
nemohou,VERB,VB-P---3P-NAI-1,acl:relcl,,,Plur,,0.0688235722140697,O
dostat,VERB,Vf--------A-P--,xcomp,,,,,-0.008786947823031,O
k,ADP,RR--3----------,case,Dat,,,,0.0112657419822181,O
datum,NOUN,NNNS3-----A----,obl,Dat,Neut,Sing,,-0.1206916897107465,O
",",PUNCT,Z:-------------,punct,,,,,0.0780824338517491,O
který,DET,P4IS4----------,obj,Acc,Masc,Sing,Inan,0.0256501104341283,O
údajně,ADV,Dg-------1A----,advmod,,,,,0.0842442228841875,O
zbožňují,VERB,VB-P---3P-AAI--,acl:relcl,,,Plur,,0.2161960224190712,O
Joker,PROPN,NNMS1-----A----,nsubj,Nom,Masc,Sing,Anim,0.1372975696996798,B-p_
a,CCONJ,J^-------------,cc,,,,,-0.0081362823726235,O
mohou,VERB,VB-P---3P-AAI-1,conj,,,Plur,,0.0260225098905918,O
napodobovat,VERB,Vf--------A-I--,xcomp,,,,,0.0916212417889659,O
jeho,DET,P9XXXZS3-------,det,,,,,0.0179666515878206,O
brutální,ADJ,AAIP4----1A----,amod,Acc,Masc,Plur,Inan,0.1023792535577508,O
způsoby,NOUN,NNIP4-----A----,obj,Acc,Masc,Plur,Inan,0.0109547119061057,O
.,PUNCT,Z:-------------,punct,,,,,0.0074138938245156,O
"""",PUNCT,Z:-------------,root,,,,,0.1464927896615714,O
Tak,ADV,Db-------------,advmod,,,,,0.4361044795917648,O
jaká,DET,P4FS1----------,root,Nom,Fem,Sing,,0.1086230895290516,O
bylo,AUX,VpNS----R-AAI--,cop,,Neut,Sing,,0.2011904320643526,O
odpověď,NOUN,NNFS1-----A----,nsubj,Nom,Fem,Sing,,0.124274065418286,O
od,ADP,RR--2----------,case,Gen,,,,0.5964812814363237,O
starého,ADJ,AAIS2----1A----,amod,Gen,Masc,Sing,Inan,0.2671273931943649,O
gangu“,NOUN,NNIXX-----A----,nmod,,Masc,,Inan,0.2664008783688975,O
?,PUNCT,Z:-------------,punct,,,,,0.4435033698736429,O
K,ADP,RR--3----------,case,Dat,,,,-0.3468134500945199,O
výrobě,NOUN,NNFS3-----A----,obl,Dat,Fem,Sing,,0.0330575228608913,O
jedné,NUM,CnFS2----------,nummod,Gen,Fem,Sing,,-0.1771030821363677,O
kožené,ADJ,AAFS2----1A----,amod,Gen,Fem,Sing,,0.5216870568478249,O
tašky,NOUN,NNFS2-----A----,nmod,Gen,Fem,Sing,,0.0030549980913085,O
lze,VERB,VB-S---3P-AAI--,root,,,Sing,,-0.0941502800848151,O
použít,VERB,Vf--------A-P--,csubj,,,,,0.0503535817416546,O
části,NOUN,NNFP4-----A----,obj,Acc,Fem,Plur,,-0.1974496858767056,O
z,ADP,RR--2----------,case,Gen,,,,0.2605863738903545,O
několika,DET,Ca--2----------,det:nummod,Gen,,,,-0.259508048161604,O
kůží,NOUN,NNFP2-----A----,nmod,Gen,Fem,Plur,,-0.0007322117098942,O
.,PUNCT,Z:-------------,punct,,,,,-8.974985175758368,O
Dejte,VERB,Vi-P---2--A-P--,root,,,Plur,,-0.1520132960570204,O
mi,PRON,PH-S3--1-------,obl:arg,Dat,,Sing,,-0.0324031497327202,O
prosím,VERB,VB-S---1P-AAI--,conj,,,Sing,,0.045066149246192,O
vědět,VERB,Vf--------A-I--,xcomp,,,,,0.2826696837183212,O
",",PUNCT,Z:-------------,punct,,,,,0.3157457848444246,O
zda,SCONJ,"J,-------------",mark,,,,,0.0530306326953132,O
nyní,ADV,Db-------------,advmod,,,,,0.1409158363535256,O
můžete,VERB,VB-P---2P-AAI--,ccomp,,,Plur,,0.3626430434792288,O
stáhnout,VERB,Vf--------A-P--,xcomp,,,,,-0.2680244987460425,O
a,CCONJ,J^-------------,cc,,,,,-0.1092303474892187,O
otevřít,VERB,Vf--------A-P--,conj,,,,,0.065898312327081,O
vaši,DET,PSFS4-P2-------,det,Acc,Fem,Sing,,0.1472949459401125,O
knihu,NOUN,NNFS4-----A----,obj,Acc,Fem,Sing,,-0.102787631678442,O
.,PUNCT,Z:-------------,punct,,,,,0.4188803438310109,O
Vzhledem,ADP,RF-------------,case,,,,,0.0968790442980586,O
k,ADP,RR--3----------,fixed,Dat,,,,-0.0073834128938052,O
žádné,DET,PWFS6----------,det,Loc,Fem,Sing,,-0.0865492015509655,O
odpovědi,NOUN,NNFS3-----A----,obl,Dat,Fem,Sing,,-0.0615375548215951,O
",",PUNCT,Z:-------------,punct,,,,,0.152878821765082,O
a,CCONJ,J^-------------,cc,,,,,-0.2029670328025691,O
pro,ADP,RR--4----------,case,Acc,,,,0.0327983113046209,O
účely,NOUN,NNIP4-----A----,conj,Acc,Masc,Plur,Inan,-0.3488092880562145,O
kvality,NOUN,NNFS2-----A----,nmod,Gen,Fem,Sing,,0.1001402655617103,O
",",PUNCT,Z:-------------,punct,,,,,0.2234436065727564,O
musím,VERB,VB-S---1P-AAI--,root,,,Sing,,-0.1373838567405693,O
uvolnit,VERB,Vf--------A-P--,xcomp,,,,,0.1684472111814614,O
tento,DET,PDIS4----------,det,Acc,Masc,Sing,Inan,-0.3844449605398689,O
chat,NOUN,NNIS4-----A----,obj,Acc,Masc,Sing,Inan,-0.0245678245906963,O
",",PUNCT,Z:-------------,punct,,,,,0.106407990274094,O
neváhejte,VERB,Vi-P---2--N-I--,conj,,,Plur,,0.0903778830929435,O
nás,PRON,PP-P4--1-------,obj,Acc,,Plur,,0.131660277225368,O
kontaktovat,VERB,Vf--------A-I--,xcomp,,,,,-0.1963387475595691,O
na,ADP,RR--4----------,case,Acc,,,,-0.0029437852872231,O
jakýkoliv,DET,PZIS4----------,det,Acc,Masc,Sing,Inan,0.0843353601465181,O
dotaz,NOUN,NNIS4-----A----,obl,Acc,Masc,Sing,Inan,-0.0126631872451605,O
nebo,CCONJ,J^-------------,cc,,,,,-0.0328716318876967,O
otázku,NOUN,NNFS4-----A----,conj,Acc,Fem,Sing,,-0.0007701891237308,O
",",PUNCT,Z:-------------,punct,,,,,-0.0273882268486014,O
Budeme,AUX,VB-P---1F-AAI--,cop,,,Plur,,-0.1288919579358451,O
více,ADV,Dg-------2A----,advmod,,,,,-0.2149608763309423,O
než,SCONJ,"J,-------------",fixed,,,,,0.0470968325874364,O
rádi,ADJ,ACMP------A----,conj,,Masc,Plur,Anim,-0.1394144884278953,O
",",PUNCT,Z:-------------,punct,,,,,0.0718142154952461,O
že,SCONJ,"J,-------------",mark,,,,,0.1419125623342037,O
vám,PRON,PP-P3--2-------,obl:arg,Dat,,Plur,,-0.0389723527806862,O
poskytneme,VERB,VB-P---1P-AAP--,ccomp,,,Plur,,-0.1099033125556471,O
pomoc,NOUN,NNFS4-----A----,obj,Acc,Fem,Sing,,-0.1289498116204237,O
s,ADP,RR--7----------,case,Ins,,,,-0.1324732582737,O
ním,PRON,PEZS7--3------1,nmod,Ins,"Masc,Neut",Sing,,-0.0278214003106035,O
.,PUNCT,Z:-------------,punct,,,,,-0.2632328781472532,O
Stein,PROPN,NNMS1-----A----,nsubj,Nom,Masc,Sing,Anim,0.1594890491800542,B-ps
řekl,VERB,VpYS----R-AAP--,root,,Masc,Sing,,0.1020875575086962,O
",",PUNCT,Z:-------------,punct,,,,,0.1505604385912351,O
že,SCONJ,"J,-------------",mark,,,,,0.0182326055635267,O
nový,ADJ,AAIS1----1A----,amod,Nom,Masc,Sing,Inan,-0.1923326431749039,O
odběr,NOUN,NNIS1-----A----,nsubj:pass,Nom,Masc,Sing,Inan,-0.3743867385915501,O
kmenových,ADJ,AAFP2----1A----,amod,Gen,Fem,Plur,,0.0463877348269513,O
buněk,NOUN,NNFP2-----A----,nmod,Gen,Fem,Plur,,0.0176421915046217,O
pacientů“,NOUN,NNMP2-----A----,nmod,Gen,Masc,Plur,Anim,-0.0015619407236264,O
by,AUX,Vc----------I--,aux,,,,,-0.0334592012052922,O
byl,AUX,VpYS----R-AAI--,aux:pass,,Masc,Sing,,0.6078681265048288,O
doporučen,ADJ,VsYS----X-APP--,ccomp,,Masc,Sing,,-0.1047392974124614,O
pouze,ADV,Db-------------,advmod:emph,,,,,-0.1364242205266084,O
",",PUNCT,Z:-------------,punct,,,,,0.1702747163471146,O
pokud,SCONJ,"J,-------------",mark,,,,,-0.0756111329804753,O
bude,AUX,VB-S---3F-AAI--,cop,,,Sing,,0.1759943527377031,O
potřeba,NOUN,NNFS1-----A----,advcl,Nom,Fem,Sing,,-0.1407301999610911,O
v,ADP,RR--6----------,case,Loc,,,,0.2172363004576971,O
případě,NOUN,NNIS6-----A----,fixed,Loc,Masc,Sing,Inan,-0.2023450260323639,O
recidivy,NOUN,NNFS2-----A----,obl,Gen,Fem,Sing,,0.1009292059146298,O
.,PUNCT,Z:-------------,punct,,,,,0.0658988814656367,O
Otec,NOUN,NNMS1-----A----,nsubj,Nom,Masc,Sing,Anim,0.1961626750617328,O
nepřestává,VERB,VB-S---3P-NAI--,root,,,Sing,,-0.1079442440322163,O
doufat,VERB,Vf--------A-I--,xcomp,,,,,-0.0086054544635313,O
",",PUNCT,Z:-------------,punct,,,,,0.1031871731740532,O
že,SCONJ,"J,-------------",mark,,,,,-0.1131629483184294,O
střelec,NOUN,NNMS1-----A----,nsubj:pass,Nom,Masc,Sing,Anim,0.0206591560322008,O
",",PUNCT,Z:-------------,punct,,,,,0.2781490722758915,O
který,DET,P4YS1----------,nsubj,Nom,Masc,Sing,,-0.4824130428905663,O
před,ADP,RR--7----------,case,Ins,,,,0.0557613062297087,O
rokem,NOUN,NNIS7-----A----,obl,Ins,Masc,Sing,Inan,0.2803349881752365,O
zabil,VERB,VpYS----R-AAP--,acl:relcl,,Masc,Sing,,0.2913791231426373,O
jeho,DET,P9XXXZS3-------,det,,,,,0.2071028846949063,O
syna,NOUN,NNMS4-----A----,obj,Acc,Masc,Sing,Anim,0.0651653392055471,O
",",PUNCT,Z:-------------,punct,,,,,0.1476916763501173,O
bude,AUX,VB-S---3F-AAI--,aux:pass,,,Sing,,0.0785697103384632,O
dopaden,ADJ,VsYS----X-APP-1,ccomp,,Masc,Sing,,0.1037514709464953,O
Hasiči,NOUN,NNMP1-----A----,nsubj,Nom,Masc,Plur,Anim,0.0779398580152062,O
200,NUM,C=-------------,nummod,,,,,-0.0400397773509042,B-nc
plus,NOUN,J*-------------,nmod,Nom,Masc,Sing,Inan,0.0186437606252736,O
reagují,VERB,VB-P---3P-AAI--,root,,,Plur,,0.0985884208101578,O
na,ADP,RR--4----------,case,Acc,,,,0.0140167973930852,O
požár,NOUN,NNIS4-----A----,obl:arg,Acc,Masc,Sing,Inan,0.0170353561934871,O
Karen,PROPN,NNFP2-----A----,nmod,Nom,Masc,Sing,Inan,-0.0298742287025684,B-o_
v,ADP,RR--6----------,case,Loc,,,,0.0116971675891504,O
Jurupa,X,F%-------------,nmod,,,,,0.0500903606445572,B-gl
Valley,X,F%-------------,flat:foreign,,,,,-0.0323129021839871,I-gl
–,PUNCT,Z:-------------,punct,,,,,0.0792476710633572,O
CBS,NOUN,BNXXX-----A----,appos,,,,,-0.9784215088429328,O
Los,X,F%-------------,nmod,,,,,-0.0004153972738201,B-gu
Angeles,X,F%-------------,flat:foreign,,,,,0.0676313276662313,I-gu
Viola,PROPN,NNFS1-----A----,nsubj,Nom,Fem,Sing,,0.2285509258087686,B-P|B-pf
Davis,PROPN,NNFXX-----A----,flat,,Fem,,,0.089568675842069,I-P|B-ps
říká,VERB,VB-S---3P-AAI--,root,,,Sing,,-0.0096896892209891,O
",",PUNCT,Z:-------------,punct,,,,,-0.0135240095055308,O
že,SCONJ,"J,-------------",mark,,,,,0.1971300587759843,O
je,AUX,VB-S---3P-AAI--,cop,,,Sing,,-0.1297213604389436,O
“,PUNCT,Z:-------------,punct,,,,,0.0731793634510256,O
vyděšená,ADJ,AAFS1----1A----,ccomp,Nom,Fem,Sing,,0.2642269736963392,O
že,SCONJ,"J,-------------",mark,,,,,-0.05579827425852,O
zobrazí,VERB,VB-S---3P-AAP--,advcl,,,Sing,,-0.079986968646028,O
Michelle,PROPN,NNFXX-----A----,obj,,Fem,,,0.2894119460856988,B-P|B-pf
Obamovou,PROPN,NNFS4-----A----,flat,Acc,Fem,Sing,,0.1828712108348348,I-P|B-ps
v,ADP,RR--6----------,case,Loc,,,,0.1589606882136681,O
novém,ADJ,AAIS6----1A----,amod,Loc,Masc,Sing,Inan,0.0504072288075078,O
televizním,ADJ,AAIS6----1A----,amod,Loc,Masc,Sing,Inan,-0.0869522317809693,O
seriálu,NOUN,NNIS6-----A---1,obl,Loc,Masc,Sing,Inan,-0.0056203397882053,O
.,PUNCT,Z:-------------,punct,,,,,0.1768173729284046,O
Jeden,NUM,CnYS1----------,nsubj,Nom,Masc,Sing,,0.218582654607841,O
z,ADP,RR--2----------,case,Gen,,,,-0.0767229675954191,O
nejnovějších,ADJ,AAIP2----3A----,amod,Gen,Masc,Plur,Inan,-0.0678385145209453,O
nástrojů,NOUN,NNIP2-----A----,nmod,Gen,Masc,Plur,Inan,-0.0758242244012618,O
se,PRON,P7-X4----------,expl:pv,Acc,,,,-0.1740664432652137,O
jmenuje,VERB,VB-S---3P-AAB--,root,,,Sing,,-0.0155797620947798,O
Bola,X,F%-------------,obj,,,,,0.0218454811747024,B-op
Wrap,X,F%-------------,flat:foreign,,,,,-0.0173413906792078,I-op
",",PUNCT,Z:-------------,punct,,,,,0.0950701863313108,O
ruční,ADJ,AANS1----1A----,amod,Nom,Neut,Sing,,0.0689469111232835,O
zařízení,NOUN,NNNS1-----A----,appos,Nom,Neut,Sing,,0.011905577436866,O
",",PUNCT,Z:-------------,punct,,,,,0.1502925477319133,O
které,DET,P4NS1----------,nsubj,Nom,Neut,Sing,,-0.0121545852531932,O
vystřelí,VERB,VB-S---3P-AAP--,acl:relcl,,,Sing,,0.1395555412437129,O
8,NUM,C=-------------,nummod:gov,,,,,0.1224361573385693,B-nc
stop,NOUN,NNFP2-----A----,obl,Gen,Fem,Plur,,0.0482221083028053,O
dlouhý,ADJ,AAIS4----1A----,amod,Acc,Masc,Sing,Inan,-0.0513221327750269,O
kevlarový,ADJ,AAIS4----1A----,amod,Acc,Masc,Sing,Inan,0.1553752047019903,O
kabel,NOUN,NNIS4-----A----,obj,Acc,Masc,Sing,Inan,0.1474864139382398,O
",",PUNCT,Z:-------------,punct,,,,,0.089288488984468,O
který,DET,P4YS1----------,nsubj,Nom,Masc,Sing,,-0.1039318684916468,O
obtočí,VERB,VB-S---3P-AAP--,acl:relcl,,,Sing,,0.0563885500273701,O
podezřelého,ADJ,AAMS4----1A----,obj,Acc,Masc,Sing,Anim,-0.006161673936009,O
.,PUNCT,Z:-------------,punct,,,,,-0.0675225970658457,O
Mnoho,DET,Ca--1----------,det:numgov,Nom,,,,0.3693634486894683,O
škod,NOUN,NNFP2-----A----,nsubj:pass,Gen,Fem,Plur,,0.0028433787857013,O
už,ADV,Db-------------,advmod,,,,,0.0098624494388322,O
bylo,AUX,VpNS----R-AAI--,aux:pass,,Neut,Sing,,-0.0776108919042355,O
napácháno,ADJ,VsNS----X-APP--,root,,Neut,Sing,,0.0337984278268894,O
",",PUNCT,Z:-------------,punct,,,,,0.137997082511878,O
vzbouření,ADJ,AAMP1----1A----,amod,Nom,Masc,Plur,Anim,0.1176153956142372,O
poslanci,NOUN,NNMP1-----A----,nsubj,Nom,Masc,Plur,Anim,0.0574212141243794,O
zuří,VERB,VB-P---3P-AAI--,conj,,,Plur,,0.3294082524796058,O
na,ADP,RR--4----------,case,Acc,,,,-0.0175689996377505,O
premiéra,NOUN,NNMS4-----A----,obl:arg,Acc,Masc,Sing,Anim,0.0244574260705562,O
",",PUNCT,Z:-------------,punct,,,,,0.1310142499725302,O
který,DET,P4YS1----------,nsubj,Nom,Masc,Sing,,0.0024417909580468,O
dovolil,VERB,VpYS----R-AAP--,acl:relcl,,Masc,Sing,,-0.1838494774760776,O
",",PUNCT,Z:-------------,punct,,,,,0.1809058440041694,O
aby,AUX,Vc-------------,aux,,,,,0.1350097010275753,O
se,PRON,P7-X4----------,expl:pv,Acc,,,,0.1964338491582709,O
uchytil,VERB,VpYS----R-AAP--,ccomp,,Masc,Sing,,-0.0145283823795197,O
výklad,NOUN,NNIS1-----A----,nsubj,Nom,Masc,Sing,Inan,0.0895882680263762,O
jedno,NUM,CnNS1----------,nummod,Nom,Neut,Sing,,0.073940567143684,O
pravidlo,NOUN,NNNS1-----A----,nmod,Nom,Neut,Sing,,0.0676026576628791,O
pro,ADP,RR--4----------,case,Acc,,,,0.1121850055841586,O
ně“,SYM,Z:-------------,nmod,,,,,0.0255255387103017,O
",",PUNCT,Z:-------------,punct,,,,,0.0947920909995088,O
od,ADP,RR--2----------,case,Gen,,,,-0.1490005776830032,O
Cummingse,PROPN,NNMS2-----A----,nmod,Gen,Masc,Sing,Anim,0.062832395401366,B-ps
po,ADP,RR--4----------,case,Acc,,,,-0.2313520883463818,O
Matta,PROPN,NNMS4-----A----,nmod,Acc,Masc,Sing,Anim,-0.0064674029432235,B-P|B-pf
Hancocka,PROPN,NNMS4-----A----,flat,Acc,Masc,Sing,Anim,-0.0072780527296792,I-P|B-ps
a,CCONJ,J^-------------,cc,,,,,-0.0582236440423031,O
v,ADP,RR--6----------,case,Loc,,,,-0.0556480846670186,O
poslední,ADJ,AAFS6----1A----,amod,Loc,Fem,Sing,,0.4903468843855253,O
době,NOUN,NNFS6-----A----,conj,Loc,Fem,Sing,,0.1169243926020899,O
Owena,PROPN,NNMS4-----A----,orphan,Acc,Masc,Sing,Anim,-0.0305810814061961,B-P|B-pf
Patersona,PROPN,NNMS4-----A----,flat,Acc,Masc,Sing,Anim,0.0682837973677097,I-P|B-ps
.,PUNCT,Z:-------------,punct,,,,,-0.0194733708182579,O
Dejte,VERB,Vi-P---2--A-P--,root,,,Plur,,0.2561495705845168,O
si,PRON,P7--3----------,expl:pv,Dat,,,,-0.0912076200547312,O
pozor,NOUN,NNIS4-----A----,obj,Acc,Masc,Sing,Inan,0.1285444323118735,O
na,ADP,RR--4----------,case,Acc,,,,-0.174273891521076,O
zahradnické,ADJ,AAIP4----1A----,amod,Acc,Masc,Plur,Inan,-0.0885712888066482,O
triky,NOUN,NNIP4-----A----,nmod,Acc,Masc,Plur,Inan,-0.0607882278566149,O
",",PUNCT,Z:-------------,punct,,,,,0.5641469703136116,O
které,DET,P4IP1----------,nsubj,Nom,Masc,Plur,Inan,0.0677582189406911,O
vypadají,VERB,VB-P---3P-AAI--,acl:relcl,,,Plur,,0.1901781461224347,O
podezřele,ADV,Dg-------1A----,advmod,,,,,-0.0679022878675917,O
dobře,ADV,Dg-------1A----,advmod,,,,,-0.0341362331476113,O
Pravděpodobně,ADV,Dg-------1A----,advmod,,,,,0.746621039765582,O
máme,VERB,VB-P---1P-AAI--,root,,,Plur,,-0.0981617118456415,O
to,DET,PDNS4----------,obj,Acc,Neut,Sing,,0.0368162476970202,O
",",PUNCT,Z:-------------,punct,,,,,-0.3017175290519166,O
co,PRON,PQ--4----------,obj,Acc,,,Inan,-0.2468099172419367,O
hledáte,VERB,VB-P---2P-AAI--,acl:relcl,,,Plur,,0.2305517783258898,O
!,PUNCT,Z:-------------,punct,,,,,0.0205329653589518,O
Já,PRON,PP-S1--1-------,root,Nom,,Sing,,-0.5476044030373052,O
:,PUNCT,Z:-------------,punct,,,,,-0.0185461839549614,O
Ne,PART,TT-------------,conj,,,,,-0.0305916072441822,O
",",PUNCT,Z:-------------,punct,,,,,0.6281474512506316,O
včera,ADV,Db-------------,advmod,,,,,0.0155748267612692,O
řídil,VERB,VpYS----R-AAI--,conj,,Masc,Sing,,0.1573842888003143,O
majitel,NOUN,NNMS1-----A----,nsubj,Nom,Masc,Sing,Anim,0.1082924779803521,O
.,PUNCT,Z:-------------,punct,,,,,-0.404492086052473,O
Pro,ADP,RR--4----------,case,Acc,,,,-0.1984136305575538,O
Hebridy,PROPN,NNIP4-----A----,obl,Acc,Masc,Plur,Inan,0.1837127216791514,B-gl
a,CCONJ,J^-------------,cc,,,,,-0.1158397566609069,O
západní,ADJ,AAFS4----1A----,amod,Acc,Fem,Sing,,0.0469991492929048,O
část,NOUN,NNFS4-----A----,conj,Acc,Fem,Sing,,-0.1237968037614815,O
Skotské,ADJ,AAFS2----1A----,amod,Gen,Fem,Sing,,0.029394021868642,B-gl
vysočiny,NOUN,NNFS2-----A----,nmod,Gen,Fem,Sing,,-0.0211860767898247,I-gl
a,CCONJ,J^-------------,cc,,,,,-0.0728344918799319,O
část,NOUN,NNFS4-----A----,conj,Acc,Fem,Sing,,-0.0251752631140536,O
Argyllu,PROPN,NNIS2-----A----,nmod,Gen,Masc,Sing,Inan,0.0300459187734143,B-gl
a,CCONJ,J^-------------,cc,,,,,-0.0651302395479758,O
Bute,PROPN,NNNXX-----A----,conj,,Neut,,,-0.086618693489933,B-gl
byla,AUX,VpQW----R-AAI--,aux:pass,,"Fem,Neut","Plur,Sing",,0.2169735784204659,O
vydána,ADJ,VsQW----X-APP--,root,,"Fem,Neut","Plur,Sing",,-0.029473292007639,O
výstraha,NOUN,NNFS1-----A----,nsubj:pass,Nom,Fem,Sing,,0.1972606742427173,O
před,ADP,RR--7----------,case,Ins,,,,0.1770903686294943,O
létajícími,ADJ,AGIP7-----A----,amod,Ins,Masc,Plur,Inan,0.0448441726882446,O
předměty,NOUN,NNIP7-----A----,nmod,Ins,Masc,Plur,Inan,-0.0751639420598509,O
",",PUNCT,Z:-------------,punct,,,,,0.2239602165566778,O
které,DET,P4IP1----------,nsubj,Nom,Masc,Plur,Inan,0.0827783076638182,O
mohou,VERB,VB-P---3P-AAI-1,acl:relcl,,,Plur,,0.0861182283283474,O
ohrožovat,VERB,Vf--------A-I--,xcomp,,,,,0.1537047418734487,O
lidské,ADJ,AAFP4----1A----,amod,Acc,Fem,Plur,,-0.0758931805865115,O
životy“,NOUN,NNIS4-----A----,obj,Acc,Fem,Plur,,0.0393133876765626,O
a,CCONJ,J^-------------,cc,,,,,0.1172006634948719,O
poškozovat,VERB,Vf--------A-I--,conj,,,,,0.1307854819030545,O
domy,NOUN,NNIP4-----A----,obj,Acc,Masc,Plur,Inan,-0.0488603346042105,O
.,PUNCT,Z:-------------,punct,,,,,-0.5104047688328729,O
V,ADP,RR--6----------,case,Loc,,,,-0.0948281626539936,O
Coloradu,PROPN,NNNS6-----A----,obl,Loc,Neut,Sing,,0.2178407587569278,B-gu
se,PRON,P7-X4----------,expl:pv,Acc,,,,-0.0279048450441469,O
protestující,ADJ,AGMP1-----A----,nsubj,Nom,Masc,Plur,Anim,-0.0437541507611942,O
snažili,VERB,VpMP----R-AAI--,root,,Masc,Plur,Anim,-0.0053454534246945,O
upozornit,VERB,Vf--------A-P--,xcomp,,,,,-0.0344111490115182,O
na,ADP,RR--4----------,case,Acc,,,,-0.0431031793665507,O
smrt,NOUN,NNFS4-----A----,obl:arg,Acc,Fem,Sing,,-0.0166707289636119,O
Elijaha,PROPN,NNMS2-----A----,nmod,Gen,Masc,Sing,Anim,-0.012557394334506,B-P|B-pf
McClaina,PROPN,NNMS2-----A----,flat,Gen,Masc,Sing,Anim,0.0579070562775538,I-P|B-ps
",",PUNCT,Z:-------------,punct,,,,,0.2308800717513112,O
jehož,PRON,P4MS4----------,obj,Acc,Masc,Sing,Anim,-0.0717170045553215,O
v,ADP,RR--6----------,case,Loc,,,,-0.1048785853444172,O
srpnu,NOUN,NNIS6-----A----,obl,Loc,Masc,Sing,Inan,0.0542857557216282,B-T|B-tm
2019,NUM,C=-------------,nummod,,,,,0.263527163572525,I-T|B-ty
policisté,NOUN,NNMP1-----A----,nsubj,Nom,Masc,Plur,Anim,0.0582812025880605,O
zastavili,VERB,VpMP----R-AAP--,acl:relcl,,Masc,Plur,Anim,-0.0303945787216131,O
",",PUNCT,Z:-------------,punct,,,,,0.0076998114095358,O
když,SCONJ,"J,-------------",mark,,,,,-0.1565514594634205,O
procházel,VERB,VpYS----R-AAI--,advcl,,Masc,Sing,,0.0590234242025965,O
ulicí,NOUN,NNFS7-----A----,obl,Ins,Fem,Sing,,-0.1132898855991632,O
Aurora,PROPN,NNFS1-----A----,nmod,Nom,Fem,Sing,,0.0154818691423636,B-gs
street,VERB,NNIS4-----A----,obl,,,,,0.0689296969743824,I-gs
chvíli,NOUN,NNFS4-----A----,obl,Acc,Fem,Sing,,-0.0211354167072426,O
poté,ADV,Db-------------,advmod,,,,,-0.152222559411559,O
",",PUNCT,Z:-------------,punct,,,,,0.2845757939009536,O
co,SCONJ,"J,-------------",mark,,,,,0.1311960136160665,O
jej,PRON,PEZS4--3------2,obj,Acc,"Masc,Neut",Sing,,-0.3843726369571683,O
volající,ADJ,AGMS1-----A----,nsubj,Nom,Masc,Sing,Anim,-0.0608628690382092,O
na,ADP,RR--4----------,case,Acc,,,,0.0726913579358416,O
linku,NOUN,NNFS4-----A----,nmod,Acc,Fem,Sing,,0.1323033130735723,O
911,NUM,C=-------------,nummod,,,,,0.0651950035192304,B-n_
označil,VERB,VpYS----R-AAP--,acl,,Masc,Sing,,0.0500008582015797,O
za,ADP,RR--4----------,case,Acc,,,,0.0010826797992463,O
podezřelou,ADJ,AAFS4----1A----,amod,Acc,Fem,Sing,,0.163557604467534,O
osobu,NOUN,NNFS4-----A----,obl:arg,Acc,Fem,Sing,,-0.1366348754620953,O
.,PUNCT,Z:-------------,punct,,,,,0.2753034477605941,O
Kirstene,PROPN,NNFXX-----A----,nsubj,,Fem,,,0.1010362123420452,B-P|B-pf
Hair,PROPN,NNFXX-----A----,flat,,Fem,,,-0.0344305865266263,I-P|B-ps
",",PUNCT,Z:-------------,punct,,,,,0.1054117719803619,O
toryovská,ADJ,AAFS1----1A----,amod,Nom,Fem,Sing,,0.1849613071873265,O
poslankyně,NOUN,NNFS1-----A----,appos,Nom,Fem,Sing,,0.1586711814874417,O
za,ADP,RR--4----------,case,Acc,,,,0.0899765457177693,O
Angus,PROPN,NNIS4-----A----,nmod,Acc,Masc,Sing,Inan,0.0030914679625841,B-io
",",PUNCT,Z:-------------,punct,,,,,0.1490874809122531,O
řekla,VERB,VpQW----R-AAP--,root,,"Fem,Neut","Plur,Sing",,0.1748089824207705,O
:,PUNCT,Z:-------------,punct,,,,,0.0726092623063842,O
Tato,DET,PDFS1----------,det,Nom,Fem,Sing,,0.1224180864907207,O
zpráva,NOUN,NNFS1-----A----,nsubj,Nom,Fem,Sing,,0.1284682838016156,O
potvrzuje,VERB,VB-S---3P-AAI--,ccomp,,,Sing,,0.1744156779535803,O
to,DET,PDNS4----------,obj,Acc,Neut,Sing,,0.0585676371836594,O
",",PUNCT,Z:-------------,punct,,,,,0.1729233232920248,O
co,PRON,PQ--4----------,obj,Acc,,,Inan,0.0381769810249857,O
mnozí,ADJ,AAMP1----1A----,nsubj,Nom,Masc,Plur,Anim,0.0545938937052124,O
již,ADV,Db-------------,advmod:emph,,,,,-0.1519043578651492,O
dlouho,ADV,Dg-------1A----,advmod,,,,,0.0105463408547198,O
tuší,VERB,VB-P---3P-AAI--,acl:relcl,,,Plur,,-0.1371653263120416,O
–,PUNCT,Z:-------------,punct,,,,,-0.3486860624235951,O
poslanci,NOUN,NNMP1-----A----,nsubj,Nom,Masc,Plur,Anim,0.0991488387248674,O
SNP,NOUN,BNXXX-----A----,nmod,,,,,0.0376769524546649,B-io
rádi,ADJ,ACMP------A----,xcomp,,Masc,Plur,Anim,0.0598392698023217,O
podpoří,VERB,VB-P---3P-AAP--,conj,,,Plur,,0.286795888764985,O
Jeremyho,PROPN,NNMS4-----A----,obj,Acc,Masc,Sing,Anim,0.2035396542487534,B-P|B-pf
Corbyna,PROPN,NNMS4-----A----,flat,Acc,Masc,Sing,Anim,0.2095950785181202,I-P|B-ps
v,ADP,RR--6----------,case,Loc,,,,0.0840750636524723,O
No10,X,F%-------------,obl,,,,,-0.0343823123250467,O
.,PUNCT,Z:-------------,punct,,,,,0.0316835718119534,O
Proč,ADV,Db-------------,advmod,,,,,-0.297968022634248,O
byli,AUX,VpMP----R-AAI--,cop,,Masc,Plur,Anim,0.0210033299174206,O
Skyler,PROPN,NNMS1-----A----,nsubj,Nom,Masc,Sing,Anim,0.0398491261738615,B-ps
a,CCONJ,J^-------------,cc,,,,,0.1815254146697667,O
Walt,PROPN,NNMS1-----A----,conj,Nom,Masc,Sing,Anim,-0.1426052670801153,B-P|B-pf
Jr,NOUN,BNXXX-----A----,nmod,,,,,0.0467980660022485,I-P|B-ps
.,PUNCT,Z:-------------,punct,,,,,0.2310580310129372,I-P|I-ps
tak,ADV,Db-------------,advmod,,,,,-0.0884430833527871,O
otrávení,ADJ,AAMP1----1A----,root,Nom,Masc,Plur,Anim,0.0642367317271095,O
z,ADP,RR--2----------,case,Gen,,,,0.2014594484830068,O
toho,DET,PDZS2----------,obl:arg,Gen,"Masc,Neut",Sing,,-0.1737768893180828,O
",",PUNCT,Z:-------------,punct,,,,,0.2700229562544977,O
že,SCONJ,"J,-------------",mark,,,,,0.1357370901957399,O
Walt,PROPN,NNMS1-----A----,nsubj,Nom,Masc,Sing,Anim,0.2318145664807571,B-pf
pracoval,VERB,VpYS----R-AAI--,acl,,Masc,Sing,,-0.005522136144096,O
na,ADP,RR--6----------,case,Loc,,,,0.0532324462599771,O
domě,NOUN,NNIS6-----A----,obl,Loc,Masc,Sing,Inan,0.3186482183267138,O
ve,ADP,RV--6----------,case,Loc,,,,0.1306478042675929,O
druhé,ADJ,CrFS6----------,amod,Loc,Fem,Sing,,-0.1029115669290724,O
sérii,NOUN,NNFS6-----A----,obl,Loc,Fem,Sing,,0.0603355106231192,O
?,PUNCT,Z:-------------,punct,,,,,0.0568819000120685,O
Dle,ADP,RR--2----------,case,Gen,,,,0.1917764713797365,O
zprávy,NOUN,NNFS2-----A----,obl,Gen,Fem,Sing,,0.0603243051636015,O
OSN,PROPN,BNXXX-----A----,nmod,,,,,0.0376088547447934,B-io
byl,AUX,VpYS----R-AAI--,aux:pass,,Masc,Sing,,-0.0336818439086594,O
IS,NOUN,BNXXX-----A----,nsubj:pass,,,,,0.0103073057328126,B-io
v,ADP,RR--6----------,case,Loc,,,,0.1094090624070853,O
Afganistánu,PROPN,NNIS6-----A----,nmod,Loc,Masc,Sing,Inan,-0.0095287661824145,B-gc
",",PUNCT,Z:-------------,punct,,,,,0.1933261914785214,O
známý,ADJ,AAIS1----1A----,amod,Nom,Masc,Sing,Inan,-0.1235145185852473,O
jako,SCONJ,"J,-------------",mark,,,,,0.463448443778851,O
Islámský,ADJ,AAIS1----1A----,amod,Nom,Masc,Sing,Inan,-0.0918864667672741,B-io
stát,NOUN,NNIS1-----A----,xcomp,Nom,Masc,Sing,Inan,0.1322564489905629,I-io
provincie,NOUN,NNFS2-----A----,nmod,Gen,Fem,Sing,,0.0205111964401174,I-io
Khorasan,PROPN,NNIS1-----A----,nmod,Nom,Masc,Sing,Inan,0.1141856823316145,I-io|B-gr
",",PUNCT,Z:-------------,punct,,,,,0.1786403147694212,O
těžce,ADV,Dg-------1A----,advmod,,,,,0.0191524286977446,O
zasažen,ADJ,VsYS----X-APP-1,root,,Masc,Sing,,-0.01129604561537,O
afghánskými,ADJ,AAFP7----1A----,amod,Ins,Fem,Plur,,0.1060700032930856,O
bezpečnostními,ADJ,AAFP7----1A----,amod,Ins,Fem,Plur,,0.0412290869300205,O
složkami,NOUN,NNFP7-----A----,obl:arg,Ins,Fem,Plur,,0.2127781064885148,O
",",PUNCT,Z:-------------,punct,,,,,-0.1032971255529036,O
spojenými,ADJ,AAFP7----1A----,amod,Ins,Fem,Plur,,-0.0425507053460802,O
silami,NOUN,NNFP7-----A----,conj,Ins,Fem,Plur,,0.1110338927613671,O
USA,PROPN,BNXXX-----A----,nmod,,,,,0.0896164620157102,B-gc
a,CCONJ,J^-------------,cc,,,,,0.0666283648637331,O
NATO,PROPN,BNXXX-----A----,conj,,,,,0.0085006645889513,B-io
a,CCONJ,J^-------------,cc,,,,,0.0303608430304163,O
dokonce,ADV,Db-------------,advmod:emph,,,,,-0.0024747470349744,O
několikrát,ADV,Co-------------,conj,,,,,0.0423680857158895,O
i,CCONJ,J^-------------,advmod:emph,,,,,-0.1315472140399674,O
afghánským,ADJ,AAIS7----1A----,amod,Ins,Masc,Sing,Inan,0.0400482749154192,O
Tálibánem,PROPN,NNIS7-----A----,orphan,Ins,Masc,Sing,Inan,0.1338386172887053,B-io
.,PUNCT,Z:-------------,punct,,,,,-0.4623768463106307,O
Ve,ADP,RV--4----------,case,Acc,,,,0.0050940022453735,O
čtvrtek,NOUN,NNIS4-----A----,obl,Acc,Masc,Sing,Inan,0.0681473797566029,O
vévoda,NOUN,NNMS1-----A----,nsubj,Nom,Masc,Sing,Anim,-0.0287912219933333,O
a,CCONJ,J^-------------,cc,,,,,-0.0042931633921726,O
vévodkyně,NOUN,NNFS1-----A----,conj,Nom,Fem,Sing,,-0.0070218197538783,O
z,ADP,RR--2----------,case,Gen,,,,0.0050607150183886,O
Yorku,PROPN,NNIS2-----A----,nmod,Gen,Masc,Sing,Inan,0.0165343165991757,B-gu
oznámili,VERB,VpMP----R-AAP--,root,,Masc,Plur,Anim,-0.0036005475318825,O
",",PUNCT,Z:-------------,punct,,,,,0.0005926371860847,O
že,SCONJ,"J,-------------",mark,,,,,-0.0255931160084975,O
jejich,DET,P9XXXXP3-------,det,,,,,-0.0136646924293133,O
nejstarší,ADJ,AAFS1----3A----,amod,Nom,Fem,Sing,,0.0222928335227637,O
dcera,NOUN,NNFS1-----A----,nsubj,Nom,Fem,Sing,,0.0039720755344729,O
",",PUNCT,Z:-------------,punct,,,,,0.0401065513859831,O
princezna,NOUN,NNFS1-----A----,appos,Nom,Fem,Sing,,0.052595792591276,O
Beatrice,PROPN,NNFS1-----A----,appos,Nom,Fem,Sing,,0.0135233919734752,B-pf
",",PUNCT,Z:-------------,punct,,,,,0.042278256710839,O
se,PRON,P7-X4----------,expl:pv,Acc,,,,0.021972771134362,O
zasnoubila,VERB,VpQW----R-AAP--,ccomp,,"Fem,Neut","Plur,Sing",,0.038725676008324,O
se,ADP,RV--7----------,case,Ins,,,,0.0134077815771299,O
svým,DET,P8ZS7----------,det,Ins,"Masc,Neut",Sing,,-0.0047334028022807,O
přítelem,NOUN,NNMS7-----A----,obl:arg,Ins,Masc,Sing,Anim,-0.0059614721350247,O
",",PUNCT,Z:-------------,punct,,,,,0.0067083923033236,O
34letým,ADJ,AAMS7----1A----,amod,Ins,Masc,Sing,Anim,-0.0069780530340917,B-na
magnátem,NOUN,NNMS7-----A----,appos,Ins,Masc,Sing,Anim,-0.0015462535788746,O
Edoardem,PROPN,NNMS7-----A----,flat,Ins,Masc,Sing,Anim,-0.0065999283418339,B-P|B-pf
Mapelli,PROPN,NNMXX-----A----,flat,,Masc,,Anim,0.0357045074021168,I-P|B-ps
Mozzim,PROPN,NNMS7-----A----,flat,Ins,Masc,Sing,Anim,0.0359711699582638,I-P|I-ps
.,PUNCT,Z:-------------,punct,,,,,0.0001359798548006,O
Princezna,NOUN,NNFS1-----A----,nsubj,Nom,Fem,Sing,,0.0308608550838314,O
",",PUNCT,Z:-------------,punct,,,,,0.0087291432802931,O
která,DET,P4FS1----------,nsubj,Nom,Fem,Sing,,-0.0102425635283301,O
je,AUX,VB-S---3P-AAI--,acl:relcl,,,Sing,,-0.0391724650640277,O
v,ADP,RR--6----------,case,Loc,,,,-0.0271643205530555,O
deváté,ADJ,CrFS6----------,amod,Loc,Fem,Sing,,0.0173453656734941,O
nástupnické,ADJ,AAFS6----1A----,amod,Loc,Fem,Sing,,-0.0093012926118663,O
linii,NOUN,NNFS6-----A----,obl,Loc,Fem,Sing,,-0.0324868389346704,O
na,ADP,RR--4----------,case,Acc,,,,0.0578286121297075,O
trůn,NOUN,NNIS4-----A----,nmod,Acc,Masc,Sing,Inan,-0.0008190478335499,O
",",PUNCT,Z:-------------,punct,,,,,0.0447177584146736,O
se,PRON,P7-X4----------,expl:pv,Acc,,,,-0.0040074453888038,O
za,ADP,RR--4----------,case,Acc,,,,0.0229550975771038,O
pana,NOUN,NNMS4-----A----,obl:arg,Acc,Masc,Sing,Anim,-0.0199694110639272,O
Mapelli,PROPN,NNMXX-----A----,flat,,Masc,,Anim,0.041512860696893,B-P|B-pf
Mozziho,PROPN,NNMS4-----A----,flat,Acc,Masc,Sing,Anim,0.0181702132860573,I-P|B-ps
provdá,VERB,VB-S---3P-AAP--,root,,,Sing,,-0.0096368975884728,O
příští,ADJ,AAIS4----1A----,amod,Acc,Masc,Sing,Inan,-0.0110827265576878,O
rok,NOUN,NNIS4-----A----,obl,Acc,Masc,Sing,Inan,0.0397364955130972,O
.,PUNCT,Z:-------------,punct,,,,,-0.0192202893236564,O
Pár,NOUN,NNIS1-----A----,nsubj,Nom,Masc,Sing,Inan,0.0209241969131312,O
uvedl,VERB,VpYS----R-AAP--,root,,Masc,Sing,,0.004798643952452,O
ve,ADP,RV--6----------,case,Loc,,,,-0.0285348067600467,O
svém,DET,P8ZS6----------,det,Loc,"Masc,Neut",Sing,,-0.0193800392417191,O
prohlášení,NOUN,NNNS6-----A----,obl,Loc,Neut,Sing,,0.0636678395746851,O
:,PUNCT,Z:-------------,punct,,,,,0.0321695287809581,O
Oba,NUM,CnYP1----------,nsubj,Nom,Masc,Plur,,0.023558727130733,O
jsme,AUX,VB-P---1P-AAI--,cop,,,Plur,,-0.0135492738047821,O
tak,ADV,Db-------------,advmod,,,,,-0.0050867462563931,O
nadšení,ADJ,AAMP1----1A----,ccomp,Nom,Masc,Plur,Anim,-0.0079941043358677,O
",",PUNCT,Z:-------------,punct,,,,,0.003868134553229,O
že,SCONJ,"J,-------------",mark,,,,,-0.0071818802974845,O
se,PRON,P7-X4----------,expl:pv,Acc,,,,0.030290558879333,O
společně,ADV,Dg-------1A----,advmod,,,,,-0.0036522310096785,O
vydáváme,VERB,VB-P---1P-AAI--,advcl,,,Plur,,0.0149090543372269,O
na,ADP,RR--4----------,case,Acc,,,,0.0045689998951879,O
toto,DET,PDNS4----------,det,Acc,Neut,Sing,,0.0106587770150449,O
životní,ADJ,AANS4----1A----,amod,Acc,Neut,Sing,,-0.0262265361438364,O
dobrodružství,NOUN,NNNS4-----A----,obl,Acc,Neut,Sing,,-0.0061558133842635,O
.,PUNCT,Z:-------------,punct,,,,,-0.9611705157447182,O
Musel,VERB,VpYS----R-AAI--,ccomp,,Masc,Sing,,0.0516472730737497,O
jsem,AUX,VB-S---1P-AAI--,aux,,,Sing,,-0.0244436203722008,O
si,PRON,P7--3----------,obl,Dat,,,,-0.1186982041472966,O
vzít,VERB,Vf--------A-P--,xcomp,,,,,0.0423158385741839,O
tlustý,ADJ,AAIS4----1A----,amod,Acc,Masc,Sing,Inan,0.0532005075675502,O
oblek,NOUN,NNIS4-----A----,obj,Acc,Masc,Sing,Inan,0.0246650584749193,O
",",PUNCT,Z:-------------,punct,,,,,0.1637578069977256,O
“,PUNCT,Z:-------------,punct,,,,,-0.2233201578616106,O
řekl,VERB,VpYS----R-AAP--,root,,Masc,Sing,,0.0251738067358298,O
Davis,PROPN,NNMS1-----A----,nsubj,Nom,Masc,Sing,Anim,0.0488261949635782,B-ps
moderátorovi,NOUN,NNMS3-----A----,obl:arg,Dat,Masc,Sing,Anim,0.0942231215869527,O
Jimmymu,PROPN,NNMS3-----A----,flat,Dat,Masc,Sing,Anim,0.1158005430945443,B-P|B-pf
Kimmelovi,PROPN,NNMS3-----A----,flat,Dat,Masc,Sing,Anim,0.0739773976619179,I-P|B-ps
.,PUNCT,Z:-------------,punct,,,,,0.0948415002087998,O
Miloval,VERB,VpYS----R-AAI--,root,,Masc,Sing,,-0.0046551728704831,O
jsem,AUX,VB-S---1P-AAI--,aux,,,Sing,,-0.1338420134641037,O
to,DET,PDNS4----------,obj,Acc,Neut,Sing,,-0.0523737717716522,O
.,PUNCT,Z:-------------,punct,,,,,0.0355486691179663,O
Řekl,VERB,VpYS----R-AAP--,root,,Masc,Sing,,0.1305057037347534,O
jsem,AUX,VB-S---1P-AAI--,aux,,,Sing,,-0.0496079357610125,O
jim,PRON,PEXP3--3-------,obl:arg,Dat,,Plur,,0.212529241463385,O
",",PUNCT,Z:-------------,punct,,,,,0.2443924271737096,O
že,SCONJ,"J,-------------",mark,,,,,0.0751917861247396,O
chci,VERB,VB-S---1P-AAI--,ccomp,,,Sing,,-0.0339608041811426,O
opravdu,ADV,Db-------------,advmod,,,,,-0.0633060504790454,O
",",PUNCT,Z:-------------,punct,,,,,0.2842944401187103,O
opravdu,ADV,Db-------------,advmod,,,,,-0.0110726990520437,O
velké,ADJ,AAFP4----1A----,amod,Acc,Fem,Plur,,0.0020874854833982,O
nadávky,NOUN,NNFP4-----A----,obj,Acc,Fem,Plur,,0.0744422850126433,O
],PUNCT,Z:-------------,punct,,,,,0.0713086233403961,O
.,PUNCT,Z:-------------,punct,,,,,0.1212335823561787,O
Chtěl,VERB,VpYS----R-AAI--,root,,Masc,Sing,,0.0778153243781527,O
jsem,AUX,VB-S---1P-AAI--,aux,,,Sing,,-0.0203212346562748,O
vypadat,VERB,Vf--------A-I--,xcomp,,,,,0.0620682497402776,O
jako,SCONJ,"J,-------------",mark,,,,,0.1204455635869703,O
ženy,NOUN,NNFP1-----A----,advcl,Nom,Fem,Plur,,0.0991384910858171,O
",",PUNCT,Z:-------------,punct,,,,,0.1659082756640712,O
se,ADP,RV--7----------,case,Ins,,,,-0.0080784791579946,O
kterými,DET,P4XP7----------,obl:arg,Ins,,Plur,,0.073845628710431,O
jsem,AUX,VB-S---1P-AAI--,aux,,,Sing,,-0.0314689190336951,O
vyrůstal,VERB,VpYS----R-AAI--,acl:relcl,,Masc,Sing,,0.1734167050320709,O
.,PUNCT,Z:-------------,punct,,,,,0.2128217943740657,O
“,PUNCT,Z:-------------,punct,,,,,0.2374621875376917,O
Objeví,VERB,VB-S---3P-AAP--,root,,,Sing,,-0.2294529608857777,O
se,PRON,P7-X4----------,expl:pv,Acc,,,,-0.1307473478199249,O
potvrzovací,ADJ,AAFS1----1A----,amod,Nom,Fem,Sing,,0.2663090860002647,O
obrazovka,NOUN,NNFS1-----A----,nsubj,Nom,Fem,Sing,,0.1629639959891669,O
.,PUNCT,Z:-------------,punct,,,,,0.4186232609268853,O
Vyzařuje,VERB,VB-S---3P-AAI--,ccomp,,,Sing,,0.1405497870309304,O
z,ADP,RR--2----------,case,Gen,,,,0.1065480282922803,O
ní,PRON,PEFS2--3-------,obl,Gen,Fem,Sing,,-0.1043144681088429,O
půvab,NOUN,NNIS1-----A----,nsubj,Nom,Masc,Sing,Inan,-0.0380493682698101,O
a,CCONJ,J^-------------,cc,,,,,-0.1317251766422242,O
přijímá,VERB,VB-S---3P-AAI--,conj,,,Sing,,0.182689556871732,O
tento,DET,PDIS4----------,det,Acc,Masc,Sing,Inan,-0.2520469596570167,O
úkol,NOUN,NNIS4-----A----,obj,Acc,Masc,Sing,Inan,0.0592291433784935,O
se,ADP,RV--7----------,case,Ins,,,,0.3197175601180885,O
vznešeností,NOUN,NNFS7-----A----,obl,Ins,Fem,Sing,,0.3035967507850324,O
",",PUNCT,Z:-------------,punct,,,,,0.1712575020786678,O
“,PUNCT,Z:-------------,punct,,,,,-0.0392230657374524,O
řekla,VERB,VpQW----R-AAP--,root,,"Fem,Neut","Plur,Sing",,-0.2099272459270021,O
Modiseová,PROPN,NNFS1-----A----,nsubj,Nom,Fem,Sing,,0.4428842556347347,B-ps
.,PUNCT,Z:-------------,punct,,,,,-0.1433753335650016,O
Klikněte,VERB,Vi-P---2--A-P--,root,,,Plur,,0.0473520926799836,O
na,ADP,RR--4----------,case,Acc,,,,-0.236712717845651,O
Úspora,NOUN,NNFS4-----A----,obl,Acc,Fem,Sing,,0.2281015258752149,O
energie,NOUN,NNFS2-----A----,nmod,Gen,Fem,Sing,,-0.3931067433452401,O
a,CCONJ,J^-------------,cc,,,,,-0.2173760361588563,O
soukromí,NOUN,NNNS4-----A----,conj,Acc,Neut,Sing,,-0.0144846752682373,O
.,PUNCT,Z:-------------,punct,,,,,-0.3616919653538865,O
Pokud,SCONJ,"J,-------------",mark,,,,,0.106563686812696,O
je,AUX,VB-S---3P-AAI--,cop,,,Sing,,-0.2386709970463364,O
výrobek,NOUN,NNIS1-----A----,nsubj,Nom,Masc,Sing,Inan,0.0189672744546476,O
poškozen,ADJ,VsYS----X-APP--,advcl,,Masc,Sing,,0.0530006905451429,O
nebo,CCONJ,J^-------------,cc,,,,,0.0200382825030044,O
jsou,AUX,VB-P---3P-AAI--,aux,,,Plur,,-0.0877048721613193,O
značky,NOUN,NNFP1-----A----,nsubj,Nom,Fem,Plur,,-0.1347341138747689,O
odstraněny,ADJ,VsTP----X-APP--,conj,,"Fem,Masc",Plur,Inan,0.3356226727772891,O
nebo,CCONJ,J^-------------,cc,,,,,0.0274840449402998,O
používány,ADJ,VsTP----X-API--,conj,,"Fem,Masc",Plur,Inan,-0.0453603631544691,O
nebo,CCONJ,J^-------------,cc,,,,,0.0445961052612803,O
opotřebovány,ADJ,VsTP----X-APP--,conj,,"Fem,Masc",Plur,Inan,0.189832006357808,O
",",PUNCT,Z:-------------,punct,,,,,0.6952876584391907,O
je,AUX,VB-S---3P-AAI--,cop,,,Sing,,0.1565854066944279,O
návrat,NOUN,NNIS1-----A----,nsubj,Nom,Masc,Sing,Inan,0.0356969355979979,O
neplatný,ADJ,AAIS1----1N----,root,Nom,Masc,Sing,Inan,0.0170007784540073,O
.,PUNCT,Z:-------------,punct,,,,,-0.190092291567984,O
Můj,DET,PSYS1-S1-------,det,Nom,Masc,Sing,,-0.310694581008811,O
organismus,NOUN,NNIS1-----A----,nsubj,Nom,Masc,Sing,Inan,0.1745628735467176,O
se,PRON,P7-X4----------,expl:pv,Acc,,,,-0.7795987829772475,O
pořád,ADV,Db-------------,advmod,,,,,0.0786279729371601,O
ještě,ADV,Db-------------,advmod,,,,,0.2247258127047781,O
zotavuje,VERB,VB-S---3P-AAI--,root,,,Sing,,-0.004907943192335,O
.,PUNCT,Z:-------------,punct,,,,,0.0825594898362701,O
Nová,ADJ,AANP1----1A----,amod,Nom,Neut,Plur,,-0.0821327905240022,O
data,NOUN,NNNP1-----A----,nsubj,Nom,Neut,Plur,,-0.0630288419076361,O
ukazují,VERB,VB-P---3P-AAI--,root,,,Plur,,-0.0334807625045755,O
",",PUNCT,Z:-------------,punct,,,,,0.0940846967475002,O
že,SCONJ,"J,-------------",mark,,,,,0.0730615812238074,O
příjmová,ADJ,AAFS1----1A----,amod,Nom,Fem,Sing,,0.0841104532876452,O
nerovnost,NOUN,NNFS1-----N----,nsubj,Nom,Fem,Sing,,0.0384194382987619,O
je,AUX,VB-S---3P-AAI--,cop,,,Sing,,-0.102360829698825,O
nejpalčivější,ADJ,AAFS1----3A----,ccomp,Nom,Fem,Sing,,0.1409558508839909,O
v,ADP,RR--6----------,case,Loc,,,,0.0319970066374815,O
místech,NOUN,NNNP6-----A----,obl,Loc,Neut,Plur,,-0.0533697455752036,O
",",PUNCT,Z:-------------,punct,,,,,0.0876730243382588,O
kde,ADV,Db-------------,advmod,,,,,-0.0055815528249106,O
se,PRON,P7-X4----------,expl:pass,Acc,,,,-0.0166794334629397,O
koncentruje,VERB,VB-S---3P-AAB--,acl:relcl,,,Sing,,0.0688361087071057,O
bohatství,NOUN,NNNS1-----A----,nsubj:pass,Nom,Neut,Sing,,0.0109374533697511,O
",",PUNCT,Z:-------------,punct,,,,,0.015906070283546,O
včetně,ADP,RR--2----------,case,Gen,,,,-0.082718311993088,O
DC,NOUN,BNXXX-----A----,nmod,,,,,0.0017137819817209,B-gu
",",PUNCT,Z:-------------,punct,,,,,0.015098479977615,O
New,X,F%-------------,nmod,,,,,0.0453778939225207,B-gu
Yorku,PROPN,NNIS2-----A----,conj,Gen,Masc,Sing,Inan,0.1005129036917638,I-gu
a,CCONJ,J^-------------,cc,,,,,0.0215139952459543,O
Connecticutu,PROPN,NNIS2-----A----,conj,Gen,Masc,Sing,Inan,0.0463146657463178,B-gr
",",PUNCT,Z:-------------,punct,,,,,-0.0060670490386981,O
stejně,ADV,Dg-------1A----,advmod,,,,,0.0024237622368015,O
jako,SCONJ,"J,-------------",mark,,,,,0.117740104619066,O
v,ADP,RR--6----------,case,Loc,,,,0.1101435112589876,O
oblastech,NOUN,NNFP6-----A----,dep,Loc,Fem,Plur,,0.1577150558356745,O
sužovaných,ADJ,AAFP6----1A----,amod,Loc,Fem,Plur,,0.0364393578695192,O
chudobou,NOUN,NNFS7-----A----,obl:arg,Ins,Fem,Sing,,0.106135902795485,O
",",PUNCT,Z:-------------,punct,,,,,0.063385631880527,O
jako,SCONJ,"J,-------------",mark,,,,,0.4736310458085782,O
je,AUX,VB-S---3P-AAI--,acl,,,Sing,,-0.0516388968242465,O
Portoriko,PROPN,NNNS1-----A----,nsubj,Nom,Neut,Sing,,0.0379508907302387,B-gr
a,CCONJ,J^-------------,cc,,,,,0.0290776223846176,O
Louisiana,PROPN,NNFS1-----A----,conj,Nom,Fem,Sing,,0.0449861421517496,B-gr
.,PUNCT,Z:-------------,punct,,,,,0.0787382654941835,O
Utah,PROPN,NNIS1-----A----,nsubj,Nom,Masc,Sing,Inan,0.09338633395531,B-gr
",",PUNCT,Z:-------------,punct,,,,,0.1253102915886577,O
Aljaška,PROPN,NNFS1-----A----,conj,Nom,Fem,Sing,,0.0528307023492811,B-gr
",",PUNCT,Z:-------------,punct,,,,,0.1264235759565592,O
Iowa,PROPN,NNFS1-----A----,conj,Nom,Fem,Sing,,0.1014146520488034,B-gr
",",PUNCT,Z:-------------,punct,,,,,0.0831626187466232,O
Severní,ADJ,AAFS1----1A----,amod,Nom,Fem,Sing,,0.2637414208457442,B-gr
Dakota,PROPN,NNFS1-----A----,conj,Nom,Fem,Sing,,-0.0035329791204134,I-gr
a,CCONJ,J^-------------,cc,,,,,0.0660800071895426,O
Jižní,ADJ,AAFS1----1A----,amod,Nom,Fem,Sing,,-0.0892089343217575,B-gr
Dakota,PROPN,NNFS1-----A----,conj,Nom,Fem,Sing,,0.0397300093831831,I-gr
měly,VERB,VpTP----R-AAI--,root,,"Fem,Masc",Plur,Inan,-0.1000704531330645,O
největší,ADJ,AAFS4----3A----,amod,Acc,Fem,Sing,,-0.3012787290764602,O
ekonomickou,ADJ,AAFS4----1A----,amod,Acc,Fem,Sing,,0.0835098832867199,O
rovnost,NOUN,NNFS4-----A----,obj,Acc,Fem,Sing,,0.0027827126594273,O
.,PUNCT,Z:-------------,punct,,,,,0.2498060161588238,O
Kirstene,PROPN,NNMS1-----A----,nsubj,Nom,Masc,Sing,Anim,0.0423226242102401,B-P|B-pf
Hair,PROPN,NNMS1-----A----,flat,Nom,Masc,Sing,Anim,0.0386918153929527,I-P|B-ps
",",PUNCT,Z:-------------,punct,,,,,0.159092408975797,O
poslanec,NOUN,NNMS1-----A----,appos,Nom,Masc,Sing,Anim,0.0613250692669287,O
Tory,X,F%-------------,nmod,,,,,0.0009114332986416,B-io
pro,ADP,RR--4----------,case,Acc,,,,0.1895122700522417,O
Angus,PROPN,NNIS4-----A----,nmod,,,,,0.07922929174323,B-io
",",PUNCT,Z:-------------,punct,,,,,0.1054745132910396,O
uvedl,VERB,VpYS----R-AAP--,root,,Masc,Sing,,0.0156828332526783,O
:,PUNCT,Z:-------------,punct,,,,,0.2036453396046766,O
Tato,DET,PDFS1----------,det,Nom,Fem,Sing,,0.1796029354699571,O
zpráva,NOUN,NNFS1-----A----,nsubj,Nom,Fem,Sing,,0.0232556077321753,O
potvrzuje,VERB,VB-S---3P-AAI--,ccomp,,,Sing,,0.4151634411192842,O
to,DET,PDNS4----------,obj,Acc,Neut,Sing,,0.0735791412529257,O
",",PUNCT,Z:-------------,punct,,,,,0.2396685294862034,O
co,PRON,PQ--4----------,obj,Acc,,,Inan,0.0560357371932999,O
mnozí,ADJ,AAMP1----1A----,nsubj,Nom,Masc,Plur,Anim,0.0724695687223582,O
již,ADV,Db-------------,advmod:emph,,,,,-0.0843131855469766,O
dlouho,ADV,Dg-------1A----,advmod,,,,,-0.0259742996086949,O
předpokládali,VERB,VpMP----R-AAI--,acl:relcl,,Masc,Plur,Anim,0.2480969682290717,O
-,PUNCT,Z:-------------,punct,,,,,0.0642429873497085,O
poslanci,NOUN,NNMP1-----A----,nsubj,Nom,Masc,Plur,Anim,0.0562568893027512,O
SNP,NOUN,BNXXX-----A----,nmod,,,,,0.0464471977487263,B-io
šťastně,ADV,Dg-------1A----,advmod,,,,,0.0149884213276308,O
podporují,VERB,VB-P---3P-AAI--,conj,,,Plur,,0.0086729681263159,O
Jeremyho,PROPN,NNMS4-----A----,obj,Acc,Masc,Sing,Anim,0.4991601253587582,B-P|B-pf
Corbyna,PROPN,NNMS4-----A----,flat,Acc,Masc,Sing,Anim,0.1554110567825003,I-P|B-ps
v,ADP,RR--6----------,case,Loc,,,,0.1053518864257729,O
No10,X,F%-------------,obl,,,,,-0.051850013688484,O
.,PUNCT,Z:-------------,punct,,,,,-0.3655216605204189,O
Byl,AUX,VpYS----R-AAI--,root,,Masc,Sing,,-0.007049436714632,O
jsem,AUX,VB-S---1P-AAI--,aux,,,Sing,,0.458743611577026,O
na,ADP,RR--6----------,case,Loc,,,,0.0583683809908795,O
nějaké,DET,PZFS6----------,det,Loc,Fem,Sing,,-0.0900775334582175,O
instalaci,NOUN,NNFS6-----A----,obl,Loc,Fem,Sing,,0.1362340383274658,O
s,ADP,RR--7----------,case,Ins,,,,0.1278926270707686,O
majitelem,NOUN,NNMS7-----A----,obl,Ins,Masc,Sing,Anim,0.1354345589660099,O
a,CCONJ,J^-------------,cc,,,,,-0.0333164674367363,O
když,SCONJ,"J,-------------",mark,,,,,-0.0233386565773016,O
jsem,AUX,VB-S---1P-AAI--,aux,,,Sing,,-0.292381043204055,O
se,PRON,P7-X4----------,expl:pv,Acc,,,,-0.0758237799687143,O
vrátili,VERB,VpMP----R-AAP--,advcl,,Masc,Plur,Anim,-0.005227060561572,O
zpět,ADV,Db-------------,advmod,,,,,0.0605522271805535,O
",",PUNCT,Z:-------------,punct,,,,,-0.230754336172937,O
zaparkoval,VERB,VpYS----R-AAP--,conj,,Masc,Sing,,0.0467114717565717,O
prázdný,ADJ,AAIS4----1A----,amod,Acc,Masc,Sing,Inan,0.0242842273097099,O
přívěs,NOUN,NNIS4-----A----,obj,Acc,Masc,Sing,Inan,0.0250660681427247,O
blízko,ADV,Dg-------1A----,case,,,,,-0.0477362675788666,O
kontejneru,NOUN,NNIS2-----A----,obl,Gen,Masc,Sing,Inan,0.0209672530960273,O
.,PUNCT,Z:-------------,punct,,,,,0.5811918029988178,O
K-IIT,NOUN,Q3-------------,nmod,,,,,0.0972770170248537,B-op
XLTM,NOUN,BNXXX-----A----,nmod,,,,,-0.0109643882938634,I-op
Picture-in-Picture,X,F%-------------,nmod,,,,,0.0403033739984787,I-op
technologie,NOUN,NNFS1-----A----,dep,Nom,Fem,Sing,,0.0680404653896145,O
vkládání,NOUN,NNNS2-----A----,nmod,Gen,Neut,Sing,,0.1033877799468881,O
obrazu,NOUN,NNIS2-----A----,nmod,Gen,Masc,Sing,Inan,0.0145141368100947,O
–,PUNCT,Z:-------------,punct,,,,,-0.0854308690571682,O
maximálně,ADV,Dg-------1A----,advmod,,,,,-0.0077495003157121,O
stabilní,ADJ,AAIS1----1A----,amod,Nom,Masc,Sing,Inan,-0.0659176675418476,O
obraz,NOUN,NNIS1-----A----,appos,Nom,Masc,Sing,Inan,-0.0267816937313557,O
v,ADP,RR--6----------,case,Loc,,,,0.1899061001845148,O
obraze,NOUN,NNIS6-----A----,nmod,Loc,Masc,Sing,Inan,0.2367445337619511,O
",",PUNCT,Z:-------------,punct,,,,,0.268398410944667,O
obraz,NOUN,NNIS1-----A----,conj,Nom,Masc,Sing,Inan,0.0188144947480781,O
v,ADP,RR--6----------,case,Loc,,,,0.0499492873292073,O
obraze,NOUN,NNIS6-----A----,nmod,Loc,Masc,Sing,Inan,0.162757794732529,O
a,CCONJ,J^-------------,cc,,,,,-0.055461811529095,O
schopnost,NOUN,NNFS1-----A----,conj,Nom,Fem,Sing,,0.0021517447664941,O
rozdělit,VERB,Vf--------A-P--,acl,,,,,0.1250998299343623,O
obrazovku,NOUN,NNFS4-----A----,obj,Acc,Fem,Sing,,0.0944446515854624,O
.,PUNCT,Z:-------------,punct,,,,,-0.0170670183831579,O
Na,ADP,RR--6----------,case,Loc,,,,0.0082006265758561,O
prázdném,ADJ,AAIS6----1A----,amod,Loc,Masc,Sing,Inan,0.3055764521166216,O
soklu,NOUN,NNIS6-----A----,obl,Loc,Masc,Sing,Inan,-0.0319314238800541,O
",",PUNCT,Z:-------------,punct,,,,,-0.0051154036663712,O
který,DET,P4IS4----------,obj,Acc,Masc,Sing,Inan,-0.0792824281717981,O
předtím,ADV,Db-------------,advmod,,,,,0.1459005215346774,O
obýval,VERB,VpYS----R-AAI--,acl:relcl,,Masc,Sing,,-0.1506724727223301,O
Colston,PROPN,NNIS1-----A----,nsubj,Nom,Masc,Sing,Inan,0.0561848714049689,B-p_
",",PUNCT,Z:-------------,punct,,,,,0.1227149908918928,O
byla,AUX,VpQW----R-AAI--,aux:pass,,"Fem,Neut","Plur,Sing",,0.2697173808347483,O
vztyčena,ADJ,VsQW----X-APP--,root,,"Fem,Neut","Plur,Sing",,0.428150283828174,O
socha,NOUN,NNFS1-----A----,nsubj:pass,Nom,Fem,Sing,,-0.0367543116749301,O
demonstranta,NOUN,NNMS2-----A----,nmod,Gen,Masc,Sing,Anim,0.0239752337386206,O
BLM,NOUN,BNXXX-----A----,nmod,,,,,0.3205017613567452,B-io
.,PUNCT,Z:-------------,punct,,,,,0.0528610396653729,O
Trumpova,ADJ,AUFS1M---------,amod,Nom,Fem,Sing,,0.0248346250320865,B-ps
administrativa,NOUN,NNFS1-----A----,nsubj,Nom,Fem,Sing,,0.0452293743948292,O
nedávno,ADV,Dg-------1N----,advmod,,,,,-0.160310493104742,O
obvinila,VERB,VpQW----R-AAP--,root,,"Fem,Neut","Plur,Sing",,0.0552111977978455,O
Írán,PROPN,NNIS4-----A----,obj,Acc,Masc,Sing,Inan,0.1278294415357205,B-gc
také,ADV,Db-------------,advmod:emph,,,,,-0.1986622901976147,O
z,ADP,RR--2----------,case,Gen,,,,-0.0680675317573312,O
útoků,NOUN,NNIP2-----A----,obl:arg,Gen,Masc,Plur,Inan,0.1162557051599124,O
na,ADP,RR--4----------,case,Acc,,,,-0.0659254229995834,O
ropná,ADJ,AANP4----1A----,amod,Acc,Neut,Plur,,-0.0273100195891833,O
zařízení,NOUN,NNNP4-----A----,nmod,Acc,Neut,Plur,,0.0143468145017883,O
v,ADP,RR--6----------,case,Loc,,,,0.1002725805406525,O
Saúdské,ADJ,AAFS6----1A----,amod,Loc,Fem,Sing,,0.1091039897854631,B-gc
Arábii,PROPN,NNFS6-----A----,nmod,Loc,Fem,Sing,,0.1209255915328972,I-gc
",",PUNCT,Z:-------------,punct,,,,,0.0312875686270041,O
na,ADP,RR--6----------,case,Loc,,,,-0.0875276266841569,O
kterých,DET,P4XP6----------,obl:arg,Loc,,Plur,,0.0242525666116535,O
však,CCONJ,J^-------------,cc,,,,,-0.0735922222502036,O
Teherán,PROPN,NNIS1-----A----,nsubj,Nom,Masc,Sing,Inan,0.0498527222809883,B-gc
popírá,VERB,VB-S---3P-AAI--,acl:relcl,,,Sing,,0.0604585028736876,O
jakoukoli,DET,PZFS4----------,det,Acc,Fem,Sing,,0.2589451114129366,O
účast,NOUN,NNFS4-----A----,obj,Acc,Fem,Sing,,-0.4096817471797678,O
.,PUNCT,Z:-------------,punct,,,,,0.4858676474818408,O
Pokud,SCONJ,"J,-------------",mark,,,,,-0.0011639987461693,O
jde,VERB,VB-S---3P-AAI--,advcl,,,Sing,,0.1026683029498281,O
o,ADP,RR--4----------,case,Acc,,,,0.0434641311020381,O
růst,NOUN,NNIS4-----A----,obl:arg,Acc,Masc,Sing,Inan,0.0746871678656698,O
investic,NOUN,NNFP2-----A---1,nmod,Gen,Fem,Plur,,0.0421958317037764,O
",",PUNCT,Z:-------------,punct,,,,,0.2686157426970377,O
ani,PART,J^-------------,advmod:emph,,,,,0.1546990938734297,O
tato,DET,PDFS1----------,det,Nom,Fem,Sing,,-0.0001247774518956,O
oblast,NOUN,NNFS1-----A----,nsubj,Nom,Fem,Sing,,0.0488138721816369,O
nepřinesla,VERB,VpQW----R-NAP--,root,,"Fem,Neut","Plur,Sing",,0.0261934244018715,O
nic,PRON,PY--4----------,obj,Acc,,,,0.7220922141695899,O
neočekávaného,ADJ,AANS2----1N----,amod,Gen,Neut,Sing,,0.0958499748717948,O
.,PUNCT,Z:-------------,punct,,,,,-0.095590301315831,O
K,ADP,RR--3----------,case,Dat,,,,0.0484729303241042,O
většině,NOUN,NNFS3-----A----,obl:arg,Dat,Fem,Sing,,-0.1411873260865433,O
z,ADP,RR--2----------,case,Gen,,,,-0.0909903727660784,O
nich,PRON,PEXP2--3-------,nmod,Gen,,Plur,,0.0046070179667462,O
došlo,VERB,VpNS----R-AAP--,root,,Neut,Sing,,0.1039718922494334,O
ve,ADP,RV--6----------,case,Loc,,,,0.2011976611344067,O
Spojených,ADJ,AAIP6----1A----,amod,Loc,Masc,Plur,Inan,0.063986066227687,B-gc
státech,NOUN,NNIP6-----A----,obl,Loc,Masc,Plur,Inan,0.2422828438957062,I-gc
a,CCONJ,J^-------------,cc,,,,,0.0347187132922347,O
Kanadě,PROPN,NNFS6-----A----,conj,Loc,Fem,Sing,,0.3140534575560347,B-gc
.,PUNCT,Z:-------------,punct,,,,,-0.1940082006914916,O
Ropa,NOUN,NNFS1-----A----,nsubj,Nom,Fem,Sing,,0.0626024804758859,O
oslabila,VERB,VpQW----R-AAP--,root,,"Fem,Neut","Plur,Sing",,0.003722519857387,O
po,ADP,RR--6----------,case,Loc,,,,-0.17479367245739,O
prohlášení,NOUN,NNNS6-----A----,obl,Loc,Neut,Sing,,-0.2615381454147329,O
Íránu,PROPN,NNIS2-----A----,nmod,Gen,Masc,Sing,Inan,0.2311582624054718,B-gc
",",PUNCT,Z:-------------,punct,,,,,0.4010284268167093,O
že,SCONJ,"J,-------------",mark,,,,,0.248882057112873,O
mu,PRON,P5ZS3--3-------,obl:arg,Dat,"Masc,Neut",Sing,,-0.173584531780552,O
USA,PROPN,BNXXX-----A----,nsubj,,,,,-0.1468372219711144,B-gc
nabídly,VERB,VpTP----R-AAP-1,acl,,"Fem,Masc",Plur,Inan,0.0095476533756205,O
zrušení,NOUN,NNNS4-----A----,obj,Acc,Neut,Sing,,-0.029345403626294,O
sankcí,NOUN,NNFP2-----A----,nmod,Gen,Fem,Plur,,0.0339434406632069,O
",",PUNCT,Z:-------------,punct,,,,,0.2937228714041202,O
Trump,PROPN,NNMS1-----A----,nsubj,Nom,Masc,Sing,Anim,0.0580555869257866,B-ps
to,DET,PDNS4----------,obj,Acc,Neut,Sing,,0.0042142883509023,O
popírá,VERB,VB-S---3P-AAI--,conj,,,Sing,,-0.0416751585564399,O
Bohužel,PART,TT-------------,advmod,,,,,0.0415939172177229,O
práce,NOUN,NNFS1-----A----,nsubj,Nom,Fem,Sing,,0.0411555587043495,O
malé,ADJ,AAFS2----1A----,amod,Gen,Fem,Sing,,-0.0009595495458434,O
menšiny,NOUN,NNFS2-----A----,nmod,Gen,Fem,Sing,,0.0146572693247672,O
kavalírských,ADJ,AAFP2----1A----,amod,Gen,Fem,Plur,,0.0415668880438096,O
firem,NOUN,NNFP2-----A----,nmod,Gen,Fem,Plur,,0.0101142059338634,O
znamená,VERB,VB-S---3P-AAI--,root,,,Sing,,0.0090872822490548,O
",",PUNCT,Z:-------------,punct,,,,,0.0979132567054723,O
že,SCONJ,"J,-------------",mark,,,,,0.0861543685915469,O
musíte,VERB,VB-P---2P-AAI--,ccomp,,,Plur,,-0.0312728136425546,O
prohlížet,VERB,Vf--------A-I--,xcomp,,,,,0.1451113859767661,O
reklamní,ADJ,AAIP4----1A----,amod,Acc,Masc,Plur,Inan,0.0755731224729364,O
obrázky,NOUN,NNIP4-----A----,obj,Acc,Masc,Plur,Inan,0.0211877625612415,O
",",PUNCT,Z:-------------,punct,,,,,0.0943116548795826,O
zejména,PART,TT-------------,advmod:emph,,,,,-0.0428237237586911,O
na,ADP,RR--6----------,case,Loc,,,,0.0320745720775534,O
internetu,NOUN,NNIS6-----A----,obl,Loc,Masc,Sing,Inan,0.0527017265911731,O
",",PUNCT,Z:-------------,punct,,,,,0.0233247737726476,O
velmi,ADV,Db-------------,advmod,,,,,-0.0797231700765902,O
skepticky,ADV,Dg-------1A----,advmod,,,,,0.0655399260153605,O
.,PUNCT,Z:-------------,punct,,,,,-0.9479754671736156,O
Brazílie,PROPN,NNFS1-----A----,nsubj,Nom,Fem,Sing,,0.0708929938701205,B-gc
říká,VERB,VB-S---3P-AAI--,root,,,Sing,,-0.3392250565703938,O
",",PUNCT,Z:-------------,punct,,,,,0.0575447336069715,O
že,SCONJ,"J,-------------",mark,,,,,0.0352909567598264,O
ropa,NOUN,NNFS1-----A----,nsubj,Nom,Fem,Sing,,0.2307819188602335,O
v,ADP,RR--6----------,case,Loc,,,,0.0550201805421299,O
skvrně,NOUN,NNFS6-----A----,nmod,Loc,Fem,Sing,,0.2995610811392159,O
podél,ADP,RR--2----------,case,Gen,,,,0.0780025234788232,O
severovýchodních,ADJ,AAFP2----1A----,amod,Gen,Fem,Plur,,0.171348334642174,O
pláží,NOUN,NNFP2-----A----,nmod,Gen,Fem,Plur,,0.076118003317103,O
není,AUX,VB-S---3P-NAI--,cop,,,Sing,,-0.2538589207004939,O
brazilská,ADJ,AAFS1----1A----,ccomp,Nom,Fem,Sing,,0.1616384301476458,O
Modlím,VERB,VB-S---1P-AAI--,root,,,Sing,,0.088097325767303,O
se,PRON,P7-X4----------,expl:pv,Acc,,,,0.1124387674234612,O
k,ADP,RR--3----------,case,Dat,,,,-0.0508425635458222,O
Všemohoucímu,ADJ,AAMS3----1A----,amod,Dat,Masc,Sing,Anim,0.2083359683453803,B-pp
Bohu,NOUN,NNMS3-----A----,obl:arg,Dat,Masc,Sing,Anim,0.4670789301134261,I-pp
",",PUNCT,Z:-------------,punct,,,,,-0.0113580256614099,O
aby,AUX,Vc-------------,aux,,,,,-0.0748505434607409,O
obklopil,VERB,VpYS----R-AAP--,ccomp,,Masc,Sing,,0.1682028154136078,O
zemřelého,ADJ,AAMS4----1A----,obj,Acc,Masc,Sing,Anim,0.0615741757106828,O
Jeho,DET,P9XXXZS3-------,det,,,,,0.2043354245107917,B-pp
Svatým,ADJ,AANS7----1A----,amod,Ins,Neut,Sing,,0.2242222926044471,I-pp
milosrdenstvím,NOUN,NNNS7-----A----,obl:arg,Ins,Neut,Sing,,0.0459456722184222,I-pp
",",PUNCT,Z:-------------,punct,,,,,0.039417121155938,O
aby,AUX,Vc-------------,aux,,,,,0.1334304787203006,O
ho,PRON,P5ZS4--3-------,obj,Acc,"Masc,Neut",Sing,,0.1592274667494402,O
přivítal,VERB,VpYS----R-AAP--,conj,,Masc,Sing,,0.1632416259088814,O
ve,ADP,RV--6----------,case,Loc,,,,0.0227685636880607,O
svém,DET,P8ZS6----------,det,Loc,"Masc,Neut",Sing,,0.2044032223876609,O
obrovském,ADJ,AAIS6----1A----,amod,Loc,Masc,Sing,Inan,0.0627573003011573,O
ráji,NOUN,NNIS6-----A----,obl,Loc,Masc,Sing,Inan,0.0074815021192453,O
vedle,ADP,RR--2----------,case,Gen,,,,0.0697710376350843,O
shuhadaa,NOUN,NNNS2-----A----,obl,Gen,Neut,Sing,,0.0580907814534883,O
a,CCONJ,J^-------------,cc,,,,,-0.2120452878658885,O
ctnostných,ADJ,AAMP2----1A----,conj,Gen,Masc,Plur,Anim,0.3140226436732959,O
.,PUNCT,Z:-------------,punct,,,,,-0.2679602397440163,O
Mzdy,NOUN,NNFP1-----A----,nsubj:pass,Nom,Fem,Plur,,0.3452408100099706,O
se,PRON,P7-X4----------,expl:pass,Acc,,,,-0.0247192923938369,O
moc,ADV,Db-------------,advmod,,,,,0.0995345962960988,O
nezvýšily,VERB,VpTP----R-NAP--,root,,"Fem,Masc",Plur,Inan,0.2822749719489986,O
",",PUNCT,Z:-------------,punct,,,,,0.0783918257788386,O
ale,CCONJ,J^-------------,cc,,,,,0.2591625948027508,O
zlevnilo,VERB,VpNS----R-AAP--,conj,,Neut,Sing,,-0.0328488888541376,O
se,PRON,P7-X4----------,expl:pass,Acc,,,,-0.0511737818864004,O
to,DET,PDNS1----------,nsubj:pass,Nom,Neut,Sing,,-0.0624526749271548,O
.,PUNCT,Z:-------------,punct,,,,,-0.0225394498842038,O
Ze,ADP,RV--2----------,case,Gen,,,,-0.1062708536156566,O
své,DET,P8FS2---------1,det,Gen,Fem,Sing,,-0.2296374483060526,O
show,NOUN,NNXXX-----A----,obl,,,,,-0.0194006518311843,O
odešel,VERB,VpYS----R-AAP--,root,,Masc,Sing,,0.1224562521004587,O
",",PUNCT,Z:-------------,punct,,,,,0.0552341095925492,O
protože,SCONJ,"J,-------------",mark,,,,,-0.6192514968543184,O
si,PRON,P7--3----------,expl:pv,Dat,,,,0.0124339733859807,O
uvědomil,VERB,VpYS----R-AAP--,advcl,,Masc,Sing,,-0.0072933241379429,O
",",PUNCT,Z:-------------,punct,,,,,0.1066264719062979,O
že,SCONJ,"J,-------------",mark,,,,,-0.00209493013555,O
se,PRON,P7-X4----------,expl:pv,Acc,,,,-0.0437761581214259,O
mu,PRON,P5ZS3--3-------,obl:arg,Dat,"Masc,Neut",Sing,,-0.0001560707463983,O
bílí,ADJ,AAMP1----1A----,amod,Nom,Masc,Plur,Anim,0.0325955815399976,O
lidé,NOUN,NNMP1-----A----,nsubj,Nom,Masc,Plur,Anim,-0.2189501314916551,O
smějí,VERB,VB-P---3P-AAI-1,ccomp,,,Plur,,0.0045200651533462,O
",",PUNCT,Z:-------------,punct,,,,,0.1710441701338533,O
ne,PART,TT-------------,advmod:emph,,,,,0.1703415040838923,O
s,ADP,RR--7----------,case,Ins,,,,-0.0309778283675041,O
ním,PRON,PEZS7--3------1,conj,Ins,"Masc,Neut",Sing,,-0.1738483992462045,O
.,PUNCT,Z:-------------,punct,,,,,-0.1588071794646944,O
Lidé,NOUN,NNMP1-----A----,nsubj,Nom,Masc,Plur,Anim,-0.0658295196247119,O
mu,PRON,P5ZS3--3-------,obl:arg,Dat,"Masc,Neut",Sing,,0.0243414001582208,O
často,ADV,Dg-------1A----,advmod,,,,,0.046991088070131,O
nerozuměli,VERB,VpMP----R-NAI--,ccomp,,Masc,Plur,Anim,0.3007308614275388,O
pro,ADP,RR--4----------,case,Acc,,,,0.0212336457920885,O
jeho,DET,P9XXXZS3-------,det,,,,,0.0426462013682861,O
až,PART,TT-------------,advmod:emph,,,,,0.0156583406487395,O
přílišnou,ADJ,AAFS4----1A----,amod,Acc,Fem,Sing,,0.1173280129027053,O
korektnost,NOUN,NNFS4-----A----,obl,Acc,Fem,Sing,,0.2022898523996395,O
",",PUNCT,Z:-------------,punct,,,,,0.2337557013012258,O
“,PUNCT,Z:-------------,punct,,,,,0.0087627856966155,O
řekla,VERB,VpQW----R-AAP--,root,,"Fem,Neut","Plur,Sing",,-0.0128467852807079,O
vdova,NOUN,NNFS1-----A----,nsubj,Nom,Fem,Sing,,0.2422863891981293,O
po,ADP,RR--6----------,case,Loc,,,,0.1558900248268586,O
De,X,F%-------------,nmod,,,,,-0.0980488778513971,B-ps
Klerkovi,PROPN,NNMS6-----A----,nmod,Loc,Masc,Sing,Anim,0.2094498794562098,I-ps
Elita,PROPN,NNFS1-----A----,flat,Nom,Fem,Sing,,0.2682014504380231,B-P|B-pf
Georgiadisová,PROPN,NNFS1-----A----,flat,Nom,Fem,Sing,,0.1161336808349636,I-P|B-ps
zhruba,ADV,Db-------------,advmod:emph,,,,,0.0950316488308246,O
200,NUM,C=-------------,nummod,,,,,0.5154229632448478,B-nc
účastníkům,NOUN,NNMP3-----A----,obl:arg,Dat,Masc,Plur,Anim,0.0462479188923321,O
obřadu,NOUN,NNIS2-----A----,nmod,Gen,Masc,Sing,Inan,0.0480697596139468,O
.,PUNCT,Z:-------------,punct,,,,,-0.1959496020429073,O
Horby,PROPN,NNMS1-----A----,nsubj,Nom,Masc,Sing,Anim,-0.1336817982525237,B-ps
dodal,VERB,VpYS----R-AAP--,root,,Masc,Sing,,-0.0663379480391229,O
",",PUNCT,Z:-------------,punct,,,,,0.1639296983079803,O
že,SCONJ,"J,-------------",mark,,,,,0.131248496553798,O
společnost,NOUN,NNFS1-----A----,nsubj,Nom,Fem,Sing,,0.6949412255526762,O
UK,PROPN,BNXXX-----A----,nmod,,,,,-0.0549209766841069,B-if
Recovery,X,F%-------------,nmod,,,,,0.0093445865441943,I-if
nyní,ADV,Db-------------,advmod,,,,,0.062373770898954,O
zahájila,VERB,VpQW----R-AAP--,ccomp,,"Fem,Neut","Plur,Sing",,0.1263542850156536,O
randomizovanou,ADJ,AAFS4----1A----,amod,Acc,Fem,Sing,,0.1414863111924011,O
studii,NOUN,NNFS4-----A----,obj,Acc,Fem,Sing,,0.0307939639989965,O
rekonvalescenční,ADJ,AAFS2----1A----,amod,Gen,Fem,Sing,,0.179812511337107,O
plazmy,NOUN,NNFS2-----A----,nmod,Gen,Fem,Sing,,-0.0360306119828398,O
",",PUNCT,Z:-------------,punct,,,,,0.0636980956161924,O
ale,CCONJ,J^-------------,cc,,,,,0.0014363682558301,O
neočekává,VERB,VB-S---3P-NAI--,conj,,,Sing,,0.1020227100718016,O
",",PUNCT,Z:-------------,punct,,,,,0.2552291509162587,O
že,SCONJ,"J,-------------",mark,,,,,-0.0097064055059509,O
výsledky,NOUN,NNIP1-----A----,nsubj,Nom,Masc,Plur,Inan,-0.0783578934597428,O
budou,AUX,VB-P---3F-AAI--,cop,,,Plur,,-0.3043108462362223,O
hotové,ADJ,AAIP1----1A----,ccomp,Nom,Masc,Plur,Inan,-0.0189692867507457,O
dříve,ADV,Dg-------2A----,advmod,,,,,0.2023965544138925,O
než,SCONJ,"J,-------------",mark,,,,,0.094222748076673,O
letos,ADV,Db-------------,advcl,,,,,0.1409473438869139,O
.,PUNCT,Z:-------------,punct,,,,,-0.0269947504623449,O
Třetí,ADJ,CrMS1----------,amod,Nom,Masc,Sing,Anim,0.2621916352335685,O
muž,NOUN,NNMS1-----A----,nsubj,Nom,Masc,Sing,Anim,-0.11911466955807,O
byl,AUX,VpYS----R-AAI--,aux,,Masc,Sing,,0.0216842969634444,O
zatčen,ADJ,VsYS----X-APP-1,root,,Masc,Sing,,0.0866365593440266,O
a,CCONJ,J^-------------,cc,,,,,-0.0312474705614377,O
obviněn,ADJ,VsYS----X-APP--,conj,,Masc,Sing,,0.0804736197625514,O
z,ADP,RR--2----------,case,Gen,,,,-0.0088325144762126,O
drogových,ADJ,AAIP2----1A----,amod,Gen,Masc,Plur,Inan,0.0383944630416365,O
deliktů,NOUN,NNIP2-----A----,obl:arg,Gen,Masc,Plur,Inan,0.1185242148832823,O
v,ADP,RR--6----------,case,Loc,,,,0.0433231492420729,O
souvislosti,NOUN,NNFS6-----A----,fixed,Loc,Fem,Sing,,0.1642735696799404,O
se,ADP,RV--7----------,fixed,Ins,,,,-0.2172885644540542,O
smrtí,NOUN,NNFS7-----A----,obl,Ins,Fem,Sing,,-0.0981483244172081,O
rappera,NOUN,NNMS2-----A----,nmod,Gen,Masc,Sing,Anim,0.0085580343089471,O
Mac,PROPN,NNMXX-----A----,flat,,Masc,,Anim,-0.1803689210840514,B-P|B-pf
Millera,PROPN,NNMS2-----A----,flat,Gen,Masc,Sing,Anim,-0.1357602433238779,I-P|B-ps
.,PUNCT,Z:-------------,punct,,,,,0.6176962262976033,O
V,ADP,RR--6----------,case,Loc,,,,-0.0598647802971236,O
Peršanech“,PROPN,NNIP6-----A----,obl,Loc,Masc,Plur,Inan,0.0335949891948988,B-gu
není,AUX,VB-S---3P-NAI--,root,,,Sing,,-0.0567041745317978,O
moc,ADV,Db-------------,nsubj,,,,,0.0677750840141192,O
akce,NOUN,NNFS2-----A----,nmod,Gen,Fem,Sing,,-0.0369655573658479,O
",",PUNCT,Z:-------------,punct,,,,,0.1429958672338545,O
skoro,ADV,Db-------------,advmod:emph,,,,,-0.0288464716735812,O
ani,CCONJ,J^-------------,advmod:emph,,,,,-0.0333394216854577,O
zápletka,NOUN,NNFS1-----A----,conj,Nom,Fem,Sing,,0.018426721405764,O
.,PUNCT,Z:-------------,punct,,,,,0.0662836080157453,O
Lidé,NOUN,NNMP1-----A----,nsubj,Nom,Masc,Plur,Anim,0.200096397286223,O
se,PRON,P7-X4----------,expl:pv,Acc,,,,0.1698014058040178,O
jen,ADV,Db-------------,advmod:emph,,,,,0.0031640908615004,O
tak,ADV,Db-------------,advmod,,,,,-0.0469453284907963,O
potloukají,VERB,VB-P---3P-AAI--,root,,,Plur,,0.0532733706665855,O
",",PUNCT,Z:-------------,punct,,,,,0.1723990740331547,O
mluví,VERB,VB-P---3P-AAI--,conj,,,Plur,,-0.1081082460849059,O
(,PUNCT,Z:-------------,punct,,,,,-0.0098862695160555,O
připouštím,VERB,VB-S---1P-AAI--,parataxis,,,Sing,,-0.0050469245773218,O
",",PUNCT,Z:-------------,punct,,,,,0.0313554681335986,O
že,SCONJ,"J,-------------",mark,,,,,0.0072145164637828,O
dost,ADV,Dg-------1A----,advmod,,,,,-0.0245343085930463,O
intenzivně,ADV,Dg-------1A----,dep,,,,,0.0055048905990913,O
),PUNCT,Z:-------------,punct,,,,,-0.0749315879729688,O
o,ADP,RR--6----------,case,Loc,,,,0.0387508660223221,O
událostech,NOUN,NNFP6-----A----,obl:arg,Loc,Fem,Plur,,0.0915201321849715,O
(,PUNCT,Z:-------------,punct,,,,,-0.1448934685045118,O
připouštím,VERB,VB-S---1P-AAI--,parataxis,,,Sing,,0.034690837043191,O
",",PUNCT,Z:-------------,punct,,,,,0.0901323234195682,O
že,SCONJ,"J,-------------",mark,,,,,-0.1256117745782596,O
tragických,ADJ,AAFP6----1A----,dep,Loc,Fem,Plur,,0.0245869393251352,O
),PUNCT,Z:-------------,punct,,,,,0.0746275113264479,O
",",PUNCT,Z:-------------,punct,,,,,0.1798300941397323,O
které,DET,P4FP1----------,nsubj,Nom,Fem,Plur,,-0.0482554014266711,O
se,PRON,P7-X4----------,expl:pv,Acc,,,,0.0921551525046536,O
staly,VERB,VpTP----R-AAP--,acl:relcl,,"Fem,Masc",Plur,Inan,0.0226600919136449,O
daleko,ADV,Dg-------1A----,advmod,,,,,0.0452668166880883,O
odtud,ADV,Db-------------,advmod,,,,,0.0325438675506355,O
.,PUNCT,Z:-------------,punct,,,,,0.7227183513019134,O
HSBC,NOUN,BNXXX-----A----,nsubj,,,,,0.1366556332878439,B-io
převrátila,VERB,VpQW----R-AAP--,root,,"Fem,Neut","Plur,Sing",,0.3039937309820552,O
nástroj,NOUN,NNIS4-----A----,obj,Acc,Masc,Sing,Inan,-0.0301464634571785,O
pro,ADP,RR--4----------,case,Acc,,,,-0.3862037603914264,O
vyhledávání,NOUN,NNNS4-----A----,nmod,Acc,Neut,Sing,,-0.3024448420252593,O
zločinů,NOUN,NNIP2-----A----,nmod,Gen,Masc,Plur,Inan,-0.0190770181160998,O
",",PUNCT,Z:-------------,punct,,,,,0.1550456672632582,O
aby,AUX,Vc-------------,aux,,,,,0.0872707003225165,O
se,PRON,P7-X4----------,expl:pv,Acc,,,,0.0197629100319434,O
zabývala,VERB,VpQW----R-AAI--,advcl,,"Fem,Neut","Plur,Sing",,0.2451853786818247,O
novými,ADJ,AAIP7----1A----,amod,Ins,Masc,Plur,Inan,0.1536540519504128,O
obchody,NOUN,NNIP7-----A----,obl:arg,Ins,Masc,Plur,Inan,0.0394616764680314,O
Ceníme,VERB,VB-P---1P-AAI--,root,,,Plur,,0.2163235621995821,O
si,PRON,P7--3----------,expl:pv,Dat,,,,-0.2161409507298519,O
zpětné,ADJ,AAFS2----1A----,amod,Gen,Fem,Sing,,0.0012417631589027,O
vazby,NOUN,NNFS2-----A----,obl:arg,Gen,Fem,Sing,,0.016448677131736,O
",",PUNCT,Z:-------------,punct,,,,,0.2802478093606441,O
protože,SCONJ,"J,-------------",mark,,,,,-0.1663596168792362,O
jsme,AUX,VB-P---1P-AAI--,cop,,,Plur,,0.1066605673658192,O
přesvědčeni,ADJ,VsMP----X-APP--,advcl,,Masc,Plur,Anim,0.0795613885029404,O
o,ADP,RR--6----------,case,Loc,,,,0.1115252930106708,O
tom,DET,PDZS6----------,obl:arg,Loc,"Masc,Neut",Sing,,-0.0238098765729249,O
",",PUNCT,Z:-------------,punct,,,,,0.301819848585588,O
že,SCONJ,"J,-------------",mark,,,,,0.0808620564560264,O
hodně,ADV,Dg-------1A----,advmod,,,,,0.1366115624076015,O
vypovídá,VERB,VB-S---3P-AAB--,acl,,,Sing,,0.4251887207013824,O
o,ADP,RR--6----------,case,Loc,,,,0.0946067813118156,O
tom,DET,PDZS6----------,obl:arg,Loc,"Masc,Neut",Sing,,0.1874060000835565,O
",",PUNCT,Z:-------------,punct,,,,,0.3913305824616113,O
jak,ADV,Db-------------,advmod,,,,,-0.0572057305965035,O
se,PRON,P7-X4----------,expl:pv,Acc,,,,0.1125082603337421,O
staráme,VERB,VB-P---1P-AAI--,acl,,,Plur,,0.1262247623666016,O
o,ADP,RR--4----------,case,Acc,,,,-0.0308260129224817,O
naše,DET,PSXP4-P1-------,det,Acc,,Plur,,0.0385446651580204,O
zákazníky,NOUN,NNMP4-----A----,obl:arg,Acc,Masc,Plur,Anim,0.0764499121201724,O
.,PUNCT,Z:-------------,punct,,,,,-0.3023667517512792,O
Máme,VERB,VB-P---1P-AAI--,root,,,Plur,,0.203115770616293,O
tolik,DET,Ca--4----------,det:numgov,Acc,,,,-0.0017414872663409,O
podobných,ADJ,AAIP2----1A----,amod,Gen,Masc,Plur,Inan,-0.0603458433158638,O
zájmů,NOUN,NNIP2-----A----,obj,Gen,Masc,Plur,Inan,-0.0595859565089318,O
a,CCONJ,J^-------------,cc,,,,,-0.0168681112793217,O
hodnot,NOUN,NNFP2-----A----,conj,Gen,Fem,Plur,,0.0138740681428639,O
a,CCONJ,J^-------------,cc,,,,,0.0011218316613205,O
víme,VERB,VB-P---1P-AAI--,conj,,,Plur,,-0.0210215696372144,O
",",PUNCT,Z:-------------,punct,,,,,0.0285278345734699,O
že,SCONJ,"J,-------------",mark,,,,,-0.0285065861959714,O
to,DET,PDNS1----------,nsubj,Nom,Neut,Sing,,0.0349757582193475,O
nás,PRON,PP-P4--1-------,obj,Acc,,Plur,,0.0156972262812762,O
v,ADP,RR--6----------,case,Loc,,,,0.0164248624462014,O
nadcházejících,ADJ,AGNP6-----A----,amod,Loc,Neut,Plur,,-0.0353340104683484,O
letech,NOUN,NNNP6-----A----,obl,Loc,Neut,Plur,,-0.0093883118457015,O
bude,AUX,VB-S---3F-AAI--,aux,,,Sing,,0.1108922586527223,O
držet,VERB,Vf--------A-I--,ccomp,,,,,-0.0154874523966115,O
pohromadě,ADV,Db-------------,advmod,,,,,-0.0127920429394625,O
",",PUNCT,Z:-------------,punct,,,,,-0.0088252366963129,O
a,CCONJ,J^-------------,cc,,,,,0.080901289478878,O
naplňovat,VERB,Vf--------A-I--,conj,,,,,0.0533507143237783,O
láskou,NOUN,NNFS7-----A----,obl,Ins,Fem,Sing,,0.0403324357777197,O
a,CCONJ,J^-------------,cc,,,,,0.0956802600960255,O
štěstím,NOUN,NNNS7-----A----,conj,Ins,Neut,Sing,,0.0038854702644345,O
.,PUNCT,Z:-------------,punct,,,,,0.0802282968723489,O
“,PUNCT,Z:-------------,root,,,,,-0.9029942065317684,O
Žena,NOUN,NNFS1-----A----,nsubj,Nom,Fem,Sing,,-0.028273886514833,O
ve,ADP,RV--6----------,case,Loc,,,,0.0412054365934186,O
Walmartu,PROPN,NNIS6-----A----,nmod,Loc,Masc,Sing,Inan,0.089021197088678,B-gu
nic,PRON,PY--4----------,obj,Acc,,,,0.2847866658693746,O
neukradla,VERB,VpQW----R-NAP-1,root,,"Fem,Neut","Plur,Sing",,0.3329359625278885,O
",",PUNCT,Z:-------------,punct,,,,,0.3167635296173292,O
aby,AUX,Vc-------------,aux,,,,,0.1942047715522217,O
dokázala,VERB,VpQW----R-AAP--,advcl,,"Fem,Neut","Plur,Sing",,0.3347468164666188,O
",",PUNCT,Z:-------------,punct,,,,,0.3117271784703983,O
že,SCONJ,"J,-------------",mark,,,,,0.3932547452426976,O
nekradla,VERB,VpQW----R-NAI--,ccomp,,"Fem,Neut","Plur,Sing",,0.2072660688740907,O
.,PUNCT,Z:-------------,punct,,,,,0.2563569073749004,O
Čistě,ADV,Dg-------1A----,advmod,,,,,0.2164504422343236,O
pro,ADP,RR--4----------,case,Acc,,,,0.0006816174003198,O
vaši,DET,PSFS4-P2-------,det,Acc,Fem,Sing,,-0.0033623803459619,O
informaci,NOUN,NNFS4-----A----,obl,Acc,Fem,Sing,,0.0994699475654413,O
vám,PRON,PP-P3--2-------,obl:arg,Dat,,Plur,,-0.3889859133758688,O
zašlu,VERB,VB-S---1P-AAP--,root,,,Sing,,0.2195848900884315,O
přepis,NOUN,NNIS4-----A----,obj,Acc,Masc,Sing,Inan,-0.3339934321663064,O
dnešního,ADJ,AAIS2----1A----,amod,Gen,Masc,Sing,Inan,0.0062708499333783,O
hovoru,NOUN,NNIS2-----A----,nmod,Gen,Masc,Sing,Inan,-0.1561961068162731,O
.,PUNCT,Z:-------------,punct,,,,,0.2119747771911766,O
Řekl,VERB,VpYS----R-AAP--,root,,Masc,Sing,,0.0220238795440139,O
",",PUNCT,Z:-------------,punct,,,,,0.1960662466529728,O
že,SCONJ,"J,-------------",mark,,,,,-0.0176679296401315,O
jsou,AUX,VB-P---3P-AAI--,cop,,,Plur,,0.2208593219925728,O
zapotřebí,ADV,Db-------------,ccomp,,,,,-0.025128470713895,O
další,ADJ,AAFP1----1A----,amod,Nom,Fem,Plur,,-0.0207109568180161,O
podrobnosti,NOUN,NNFP1-----A----,nsubj,Nom,Fem,Plur,,-0.0287528540712113,O
o,ADP,RR--6----------,case,Loc,,,,-0.2066333879443318,O
tom,DET,PDZS6----------,det,Loc,"Masc,Neut",Sing,,-0.2299500735624314,O
",",PUNCT,Z:-------------,punct,,,,,0.3737747984844028,O
jak,ADV,Db-------------,advmod,,,,,-0.160507048647046,O
by,AUX,Vc----------I--,aux,,,,,0.0604587629601627,O
společnosti,NOUN,NNFP1-----A----,nsubj,Nom,Fem,Plur,,0.1974346730018556,O
mohly,VERB,VpTP----R-AAI--,acl,,"Fem,Masc",Plur,Inan,0.1081352803806156,O
přistupovat,VERB,Vf--------A-I--,xcomp,,,,,0.2397990246913023,O
k,ADP,RR--3----------,case,Dat,,,,-0.0090160412870832,O
vládou,NOUN,NNFS7-----A----,obl:arg,Ins,Fem,Sing,,0.0517553830309506,O
plánované,ADJ,AAFS3----1A----,amod,Dat,Fem,Sing,,0.0306420264278406,O
přepravní,ADJ,AAFS3----1A----,amod,Dat,Fem,Sing,,0.0468057926245573,O
kapacitě,NOUN,NNFS3-----A----,obl:arg,Dat,Fem,Sing,,-0.1203344341045172,O
",",PUNCT,Z:-------------,punct,,,,,0.2032182491264169,O
pokud,SCONJ,"J,-------------",mark,,,,,0.0675830726413699,O
Británie,PROPN,NNFS1-----A----,nsubj,Nom,Fem,Sing,,0.0305331041468577,B-gc
uvidí,VERB,VB-S---3P-AAP--,advcl,,,Sing,,-0.1756472213499109,O
odchod,NOUN,NNIS4-----A----,obj,Acc,Masc,Sing,Inan,-0.0829308074813581,O
z,ADP,RR--2----------,case,Gen,,,,-0.0872419565898746,O
EU,PROPN,BNXXX-----A----,nmod,,,,,0.0060708180674284,B-io
bez,ADP,RR--2----------,case,Gen,,,,-0.0523685101128666,O
dohody,NOUN,NNFS2-----A----,obl,Gen,Fem,Sing,,-0.0173551287491157,O
.,PUNCT,Z:-------------,punct,,,,,0.360179087638255,O
Napínací,ADJ,AAIP1----1A----,amod,Nom,Masc,Plur,Inan,-0.0299903736100229,O
pásy,NOUN,NNIP1-----A----,nsubj,Nom,Masc,Plur,Inan,0.1218580709510614,O
",",PUNCT,Z:-------------,punct,,,,,0.1646098238646911,O
známé,ADJ,AAIP1----1A----,amod,Nom,Masc,Plur,Inan,0.1298269116158049,O
také,ADV,Db-------------,advmod,,,,,-0.0148378935224963,O
jako,SCONJ,"J,-------------",mark,,,,,0.4132458509924426,O
penisové,ADJ,AAIP1----1A----,amod,Nom,Masc,Plur,Inan,-0.0253950266598871,O
kroužky,NOUN,NNIP1-----A----,obj,Nom,Masc,Plur,Inan,-0.0950211359396626,O
",",PUNCT,Z:-------------,punct,,,,,0.1447520170396047,O
pomáhají,VERB,VB-P---3P-AAI--,root,,,Plur,,0.1493666877188723,O
udržet,VERB,Vf--------A-P--,xcomp,,,,,-0.1938336999436655,O
erekci,NOUN,NNFS4-----A----,obj,Acc,Fem,Sing,,-0.00728100930134,O
",",PUNCT,Z:-------------,punct,,,,,0.1872241014859401,O
jakmile,SCONJ,"J,-------------",mark,,,,,0.0794632923053724,O
bylo,AUX,VpNS----R-AAI--,aux:pass,,Neut,Sing,,0.0070487676025347,O
dosaženo,ADJ,VsNS----X-APP--,advcl,,Neut,Sing,,0.1260053547587148,O
s,ADP,RR--7----------,case,Ins,,,,0.0715691569774938,O
pumpou,NOUN,NNFS7-----A----,obl,Ins,Fem,Sing,,0.0829852432947945,O
.,PUNCT,Z:-------------,punct,,,,,0.3684756082682016,O
Další,ADJ,AAMP1----1A----,amod,Nom,Masc,Plur,Anim,-0.5399973189694749,O
vysocí,ADJ,AAMP1----1A----,amod,Nom,Masc,Plur,Anim,0.1630025060310246,O
členové,NOUN,NNMP1-----A----,nsubj,Nom,Masc,Plur,Anim,0.0488260336646048,O
strany,NOUN,NNFS2-----A----,nmod,Gen,Fem,Sing,,0.0342028986861428,O
uprchli,VERB,VpMP----R-AAP-1,root,,Masc,Plur,Anim,-0.0172221769674071,O
do,ADP,RR--2----------,case,Gen,,,,0.0060595605889544,O
exilu,NOUN,NNIS2-----A----,obl,Gen,Masc,Sing,Inan,-0.0360493610153446,O
koncem,NOUN,NNIS7-----A----,case,Ins,Masc,Sing,Inan,-0.0017038401130085,O
roku,NOUN,NNIS2-----A---1,obl,Gen,Masc,Sing,Inan,-0.0157212040200053,O
2017,NUM,C=-------------,nummod,,,,,0.0893328231274139,B-ty
během,ADP,RR--2----------,case,Gen,,,,-0.1037035930585945,O
vládního,ADJ,AAIS2----1A----,amod,Gen,Masc,Sing,Inan,-0.1143810529700982,O
zásahu,NOUN,NNIS2-----A----,obl,Gen,Masc,Sing,Inan,0.0146003000638574,O
proti,ADP,RR--3----------,case,Dat,,,,0.0108862695966058,O
veškeré,PRON,AAFS3----1A----,nmod,Dat,Fem,Sing,,-0.0355193120129938,O
opozici,NOUN,NNFS3-----A----,nmod,Dat,Fem,Sing,,-0.0043170784910248,O
proti,ADP,RR--3----------,case,Dat,,,,0.0604855639940532,O
Hun,PROPN,NNMXX-----A----,nmod,,Masc,,Anim,0.0332521116195248,B-p_
Senovi,PROPN,NNMS3-----A----,flat,Dat,Masc,Sing,Anim,-0.0150457141606756,I-p_
",",PUNCT,Z:-------------,punct,,,,,0.0691097679921482,O
kdy,ADV,Db-------------,advmod,,,,,-0.1421111807727659,O
došlo,VERB,VpNS----R-AAP--,acl:relcl,,Neut,Sing,,-0.0698401709010561,O
k,ADP,RR--3----------,case,Dat,,,,0.0009340956019314,O
zatčení,NOUN,NNNS3-----A----,obl:arg,Dat,Neut,Sing,,-0.0209051880338822,O
spoluzakladatele,NOUN,NNMS2-----A----,nmod,Gen,Masc,Sing,Anim,0.0081075831024525,O
strany,NOUN,NNFS2-----A----,nmod,Gen,Fem,Sing,,0.0499751565584722,O
Kem,PROPN,NNMXX-----A----,flat,,Masc,,Anim,-0.0034159665257783,B-P|B-pf
Sokhyho,PROPN,NNMS2-----A----,flat,Gen,Masc,Sing,Anim,0.1935816711231868,I-P|B-ps
.,PUNCT,Z:-------------,punct,,,,,-0.0049209964294119,O
Byl,AUX,VpYS----R-AAI--,aux:pass,,Masc,Sing,,0.0879397684704822,O
obviněn,ADJ,VsYS----X-APP--,root,,Masc,Sing,,0.1311631485874912,O
z,ADP,RR--2----------,case,Gen,,,,0.0043497973634245,O
vlastizrady,NOUN,NNFS2-----A----,obl:arg,Gen,Fem,Sing,,-0.0054031845948582,O
na,ADP,RR--6----------,case,Loc,,,,-0.0510658749309777,O
základě,NOUN,NNIS6-----A----,fixed,Loc,Masc,Sing,Inan,-0.1683440424112208,O
svých,DET,P8XP2----------,det,Gen,,Plur,,-0.0252742545672849,O
kontaktů,NOUN,NNIP2-----A----,obl,Gen,Masc,Plur,Inan,-0.0308636814592027,O
s,ADP,RR--7----------,case,Ins,,,,-0.0222855696733341,O
americkou,ADJ,AAFS7----1A----,amod,Ins,Fem,Sing,,0.0723371464682947,O
prodemokratickou,ADJ,AAFS7----1A----,amod,Ins,Fem,Sing,,0.0432171110120074,O
organizací,NOUN,NNFS7-----A----,nmod,Ins,Fem,Sing,,-0.0211962290337531,O
a,CCONJ,J^-------------,cc,,,,,-0.1529396927703855,O
je,AUX,VB-S---3P-AAI--,conj,,,Sing,,0.0145458499924718,O
v,ADP,RR--6----------,case,Loc,,,,-0.0331893191044455,O
přísném,ADJ,AANS6----1A----,amod,Loc,Neut,Sing,,0.0172866453189959,O
domácím,ADJ,AANS6----1A----,amod,Loc,Neut,Sing,,-0.0275906639261336,O
vězení,NOUN,NNNS6-----A----,obl,Loc,Neut,Sing,,-0.0249626773106196,O
.,PUNCT,Z:-------------,punct,,,,,0.0635123582907258,O
