word,upos,xpos,deprel,case,gender,number,animacy,score,ner
Po,ADP,RR--6----------,case,Loc,,,,-0.0981102227803418,O
dodržení,NOUN,NNNS6-----A----,root,Loc,Neut,Sing,,-0.0055589186376521,O
rady,NOUN,NNFS2-----A----,nmod,Gen,Fem,Sing,,0.1040459275691426,O
výrobce,NOUN,NNMS2-----A----,nmod,Gen,Masc,Sing,Anim,-0.1441493512857747,O
a,CCONJ,J^-------------,cc,,,,,0.3017382853252554,O
používání,NOUN,NNNS6-----A----,conj,Loc,Neut,Sing,,0.0176263309020371,O
funkcí,NOUN,NNFP2-----A----,nmod,Gen,Fem,Plur,,-0.0005793663268817,O
vodní,ADJ,AAFS2----1A----,amod,Gen,Fem,Sing,,-0.0099393483644704,O
komory,NOUN,NNFS2-----A----,nmod,Gen,Fem,Sing,,0.0005695665635706,O
",",PUNCT,Z:-------------,punct,,,,,-0.0239332750570172,O
resetování,NOUN,NNNS6-----A----,conj,Loc,Neut,Sing,,0.1093529640675673,O
zařízení,NOUN,NNNS2-----A----,nmod,Gen,Neut,Sing,,-0.2638921648285359,O
A,CCONJ,J^-------------,cc,,,,,0.1101197154528454,O
tovární,ADJ,AAFS6----1A----,amod,Loc,Fem,Sing,,0.1076936918973023,O
obnově,NOUN,NNFS6-----A----,conj,Loc,Fem,Sing,,0.2277767837870371,O
mého,DET,PSZS2-S1-------,det,Gen,"Masc,Neut",Sing,,0.0691773438320562,O
zařízení,NOUN,NNNS2-----A----,nmod,Gen,Neut,Sing,,-0.1309715176896808,O
.,PUNCT,Z:-------------,punct,,,,,0.2713504431872206,O
Policejní,ADJ,AANS1----1A----,amod,Nom,Neut,Sing,,0.3811186198636972,O
vyšetřování,NOUN,NNNS1-----A----,nsubj,Nom,Neut,Sing,,0.1421145485321054,O
vyvolalo,VERB,VpNS----R-AAP--,root,,Neut,Sing,,0.0562286421465695,O
obavy,NOUN,NNFP4-----A----,obj,Acc,Fem,Plur,,-0.1400094708591847,O
",",PUNCT,Z:-------------,punct,,,,,0.0979108859344313,O
že,SCONJ,"J,-------------",mark,,,,,-0.0165198295937066,O
otisky,NOUN,NNIP1-----A----,nsubj,Nom,Masc,Plur,Inan,0.1162248436704266,O
některých,DET,PZXP2----------,det,Gen,,Plur,,0.0530420324459432,O
klíčů,NOUN,NNIP2-----A----,nmod,Gen,Masc,Plur,Inan,-0.0087592868912507,O
mohly,VERB,VpTP----R-AAI--,acl,,"Fem,Masc",Plur,Inan,0.1278140562869946,O
být,AUX,Vf--------A-I--,aux:pass,,,,,0.1441911394221037,O
pořízeny,ADJ,VsTP----X-APP--,ccomp,,"Fem,Masc",Plur,Inan,0.1991827346217239,O
v,ADP,RR--6----------,case,Loc,,,,-0.0028553550583706,O
hlíně,NOUN,NNFS6-----A----,obl,Loc,Fem,Sing,,0.072361236555697,O
před,ADP,RR--7----------,case,Ins,,,,0.0281039535873363,O
vytvořením,NOUN,NNNS7-----A----,obl,Ins,Neut,Sing,,0.2305549726817918,O
skutečných,ADJ,AAFP2----1A----,amod,Gen,Fem,Plur,,0.0012227604254912,O
kopií,NOUN,NNFP2-----A----,nmod,Gen,Fem,Plur,,0.0892535879792879,O
.,PUNCT,Z:-------------,punct,,,,,0.626307493592348,O
Zdroje,NOUN,NNIP1-----A----,nsubj,Nom,Masc,Plur,Inan,0.0619848276759616,O
sdělily,VERB,VpTP----R-AAP--,root,,"Fem,Masc",Plur,Inan,0.1338051695051647,O
The,X,F%-------------,obj,,,,,-0.0624420632540336,B-mn
Age,X,F%-------------,flat:foreign,,,,,0.0377195762411513,I-mn
a,CCONJ,J^-------------,cc,,,,,-0.0437252334471285,O
The,X,F%-------------,conj,,,,,-0.1017196980556635,B-mn
Sydney,X,F%-------------,flat:foreign,,,,,0.0812924514311346,I-mn|B-gu
Morning,X,F%-------------,flat:foreign,,,,,-0.0443085824337744,I-mn
Herald,X,F%-------------,flat:foreign,,,,,-0.0713129655690293,I-mn
",",PUNCT,Z:-------------,punct,,,,,0.0710481817653541,O
že,SCONJ,"J,-------------",mark,,,,,0.0161505775142657,O
Gabba,PROPN,NNFS1-----A----,nsubj,Nom,Fem,Sing,,0.0095141242460399,B-ic
je,AUX,VB-S---3P-AAI--,cop,,,Sing,,-0.1015870653339189,O
jediným,ADJ,AAIS7----1A----,amod,Ins,Masc,Sing,Inan,-0.0618815063161884,O
velkým,ADJ,AAIS7----1A----,amod,Ins,Masc,Sing,Inan,-0.0249163599195022,O
stadionem,NOUN,NNIS7-----A----,ccomp,Ins,Masc,Sing,Inan,-0.0666912124035131,O
v,ADP,RR--6----------,case,Loc,,,,0.0551921172772376,O
australském,ADJ,AAIS6----1A----,amod,Loc,Masc,Sing,Inan,-0.0119490201729185,O
kriketu,NOUN,NNIS6-----A----,nmod,Loc,Masc,Sing,Inan,0.0558619253515812,O
",",PUNCT,Z:-------------,punct,,,,,0.1124949184361368,O
kde,ADV,Db-------------,advmod,,,,,0.0035052912955453,O
síťové,ADJ,AANS1----1A----,amod,Nom,Neut,Sing,,0.0690699896444187,O
napájení,NOUN,NNNS1-----A----,nsubj,Nom,Neut,Sing,,0.0462901389221259,O
na,ADP,RR--6----------,case,Loc,,,,-0.0739713964028937,O
zemi,NOUN,NNFS6-----A----,nmod,Loc,Fem,Sing,,0.009534102236857,O
nestačí,VERB,VB-S---3P-NAI--,acl:relcl,,,Sing,,-0.0345178266483522,O
k,ADP,RR--3----------,case,Dat,,,,-0.101879540976226,O
zapálení,NOUN,NNNS3-----A----,obl,Dat,Neut,Sing,,-0.0056227522298448,O
obrovského,ADJ,AANS2----1A----,amod,Gen,Neut,Sing,,0.1369976101575734,O
množství,NOUN,NNNS2-----A----,nmod,Gen,Neut,Sing,,-0.1070809379818272,O
vysílacích,ADJ,AAIP2----1A----,amod,Gen,Masc,Plur,Inan,0.0313376086710441,O
vozů,NOUN,NNIP2-----A----,nmod,Gen,Masc,Plur,Inan,0.05136067781225,O
a,CCONJ,J^-------------,cc,,,,,0.0242304884321487,O
zařízení,NOUN,NNNP2-----A----,conj,Gen,Neut,Plur,,-0.0411274946716605,O
potřebných,ADJ,AANP2----1A----,amod,Gen,Neut,Plur,,0.1423170300430988,O
k,ADP,RR--3----------,case,Dat,,,,0.0513069204771195,O
přenosu,NOUN,NNIS3-----A----,obl,Dat,Masc,Sing,Inan,0.0336696843878314,O
obrazu,NOUN,NNIS2-----A----,nmod,Gen,Masc,Sing,Inan,0.1363283092255513,O
po,ADP,RR--6----------,case,Loc,,,,-0.0683830434948796,O
celém,ADJ,AAIS6----1A----,amod,Loc,Masc,Sing,Inan,0.0126856140690804,O
světě,NOUN,NNIS6-----A----,nmod,Loc,Masc,Sing,Inan,-0.0136502771969773,O
.,PUNCT,Z:-------------,punct,,,,,0.1199961635945659,O
.,PUNCT,Z:-------------,punct,,,,,-0.0386936174314451,O
Obličejové,ADJ,AAFP1----1A----,amod,Nom,Fem,Plur,,0.1594556500880273,O
masky,NOUN,NNFP1-----A----,nsubj,Nom,Fem,Plur,,-0.017781258279599,O
jsou,AUX,VB-P---3P-AAI--,cop,,,Plur,,0.6151762471861346,O
povinné,ADJ,AAFP1----1A----,root,Nom,Fem,Plur,,-0.1223005204461218,O
ve,ADP,RV--6----------,case,Loc,,,,-0.0148993586812006,O
státě,NOUN,NNIS6-----A----,obl,Loc,Masc,Sing,Inan,-0.0327451352657589,O
Kalifornie,PROPN,NNFS1-----A----,nmod,Nom,Fem,Sing,,0.1129350616742507,B-gr
",",PUNCT,Z:-------------,punct,,,,,0.1494505184156127,O
a,CCONJ,J^-------------,cc,,,,,0.0944560047222873,O
to,PART,PDNS4----------,fixed,,,,,-0.0225497512805405,O
i,CCONJ,J^-------------,advmod:emph,,,,,-0.1742477868125333,O
na,ADP,RR--6----------,case,Loc,,,,-0.0870560700289314,O
čerstvém,ADJ,AAIS6----1A----,amod,Loc,Masc,Sing,Inan,-0.0854005747960683,O
vzduchu,NOUN,NNIS6-----A----,obl,Loc,Masc,Sing,Inan,0.0922564110493067,O
.,PUNCT,Z:-------------,punct,,,,,-0.0970434738502626,O
Dnes,ADV,Db-------------,advmod,,,,,-0.3740772249329439,O
byl,AUX,VpYS----R-AAI--,aux:pass,,Masc,Sing,,-0.0392785724638333,O
předložen,ADJ,VsYS----X-APP--,root,,Masc,Sing,,0.0698072039060728,O
druhý,ADJ,CrIS1----------,dep,Nom,Masc,Sing,Inan,0.1223720908672308,O
",",PUNCT,Z:-------------,punct,,,,,0.3558328236264892,O
který,DET,P4IS4----------,obj,Acc,Masc,Sing,Inan,0.3245272856174995,O
podle,ADP,RR--2----------,case,Gen,,,,-0.1035519142266714,O
svých,DET,P8XP2----------,det,Gen,,Plur,,-0.1463248523878056,O
slov,NOUN,NNNP2-----A----,obl,Gen,Neut,Plur,,0.2106725810024868,O
zkoumá,VERB,VB-S---3P-AAI--,acl:relcl,,,Sing,,0.0637616084744267,O
.,PUNCT,Z:-------------,punct,,,,,-0.0507238575535492,O
Dnes,ADV,Db-------------,advmod,,,,,-0.61314125726641,O
byla,AUX,VpQW----R-AAI--,aux:pass,,"Fem,Neut","Plur,Sing",,0.0629885377607552,O
předložena,ADJ,VsQW----X-APP--,root,,"Fem,Neut","Plur,Sing",,0.1503307705228878,O
druhá,ADJ,CrFS1----------,dep,Nom,Fem,Sing,,0.1091443503474125,O
",",PUNCT,Z:-------------,punct,,,,,0.3153417601117169,O
o,ADP,RR--6----------,case,Loc,,,,0.0362296358028481,O
které,DET,P4FS6----------,obl:arg,Loc,Fem,Sing,,0.0884249130434119,O
řekl,VERB,VpYS----R-AAP--,acl:relcl,,Masc,Sing,,-0.1285873399702797,O
",",PUNCT,Z:-------------,punct,,,,,0.3204095098599552,O
že,SCONJ,"J,-------------",mark,,,,,0.1566360138182862,O
ji,PRON,PEFS4--3-------,obj,Acc,Fem,Sing,,0.0667142071397931,O
zkoumá,VERB,VB-S---3P-AAI--,ccomp,,,Sing,,-0.1626738437647429,O
.,PUNCT,Z:-------------,punct,,,,,-0.3748803091566935,O
Khloe,PROPN,NNFXX-----A----,nsubj,,Fem,,,0.0263357654946342,B-P|B-pf
Kardashian,PROPN,NNMS1-----A----,flat,Nom,Masc,Sing,Anim,-0.0674822096078665,I-P|B-ps
se,PRON,P7-X4----------,expl:pv,Acc,,,,-0.0237295442419014,O
rozplyne,VERB,VB-S---3P-AAP--,root,,,Sing,,-0.002177433641053,O
v,ADP,RR--6----------,case,Loc,,,,-0.1006331188966385,O
slzách,NOUN,NNFP6-----A----,obl,Loc,Fem,Plur,,-0.0025029310782755,O
a,CCONJ,J^-------------,cc,,,,,-0.0823318074188328,O
křičí,VERB,VB-S---3P-AAI--,conj,,,Sing,,-0.0635785035274981,O
na,ADP,RR--4----------,case,Acc,,,,-0.0377926048984057,O
podvádějícího,ADJ,AGMS4-----A----,amod,Acc,Masc,Sing,Anim,-0.0718281301843164,O
přítele,NOUN,NNMS4-----A----,obl:arg,Acc,Masc,Sing,Anim,0.1622865580390219,O
Tristana,PROPN,NNMS4-----A----,flat,Acc,Masc,Sing,Anim,0.1242028047450137,B-P|B-pf
Thompsona,PROPN,NNMS4-----A----,flat,Acc,Masc,Sing,Anim,0.0371156631671922,I-P|B-ps
v,ADP,RR--6----------,case,Loc,,,,-0.0801453269434416,O
novém,ADJ,AAIS6----1A----,amod,Loc,Masc,Sing,Inan,0.0005696005180612,O
traileru,NOUN,NNIS6-----A----,obl,Loc,Masc,Sing,Inan,0.0401024844368181,O
Kee,X,F%-------------,nmod,,,,,0.0402526688229726,B-oa
With,X,F%-------------,flat:foreign,,,,,-0.013292836213058,I-oa
The,X,F%-------------,flat:foreign,,,,,-0.0418978667458307,I-oa
Kardashians,X,F%-------------,flat:foreign,,,,,-0.0319954059947858,I-oa
série,NOUN,NNFS2-----A----,nmod,Gen,Fem,Sing,,-0.0121508095076913,O
16,NUM,C=-------------,nummod,,,,,-0.0238669345501846,O
Povinná,ADJ,AAFS1----1A----,amod,Nom,Fem,Sing,,-0.017692289161539,B-oa
domácí,ADJ,AAFS1----1A----,amod,Nom,Fem,Sing,,-0.0378117674988797,I-oa
karanténa,NOUN,NNFS1-----A----,root,Nom,Fem,Sing,,-0.0267783913222062,I-oa
v,ADP,RR--6----------,case,Loc,,,,0.1641557036684506,O
Rakousku,PROPN,NNNS6-----A----,nmod,Loc,Neut,Sing,,0.1789366807887077,B-gc
",",PUNCT,Z:-------------,punct,,,,,0.1122174752020451,O
navzdory,ADV,Db-------------,case,,,,,0.1923922265779099,O
negativnímu,ADJ,AAIS3----1A----,amod,Dat,Masc,Sing,Inan,0.1553811311158858,O
testu,NOUN,NNIS3-----A----,nmod,Dat,Masc,Sing,Inan,0.0979502696821238,O
PCR,NOUN,BNXXX-----A----,nmod,,,,,0.0976978460617888,B-i_
.,PUNCT,Z:-------------,punct,,,,,0.3458381150166579,O
To,DET,PDNS1----------,nsubj,Nom,Neut,Sing,,0.0758625793641357,O
je,AUX,VB-S---3P-AAI--,cop,,,Sing,,-0.2135905229501743,O
již,ADV,Db-------------,advmod,,,,,-0.0630759683893292,O
nutné,ADJ,AANS1----1A----,root,Nom,Neut,Sing,,0.0978185664402441,O
pro,ADP,RR--4----------,case,Acc,,,,0.1492625800708259,O
ty,DET,PDMP4----------,obl,Acc,Masc,Plur,Anim,-0.1303829288254282,O
",",PUNCT,Z:-------------,punct,,,,,0.1812476362941751,O
kteří,DET,P4MP1----------,nsubj,Nom,Masc,Plur,Anim,0.1701119501947554,O
vstupují,VERB,VB-P---3P-AAI--,acl:relcl,,,Plur,,-0.033694003479573,O
do,ADP,RR--2----------,case,Gen,,,,-0.0196129197035296,O
Německa,PROPN,NNNS2-----A----,obl,Gen,Neut,Sing,,0.0337856167814575,B-gc
.,PUNCT,Z:-------------,punct,,,,,-0.1477437120869405,O
V,ADP,RR--6----------,case,Loc,,,,0.0419835522784893,O
příštích,ADJ,AAIP6----1A----,amod,Loc,Masc,Plur,Inan,0.0435661540360521,O
14,NUM,C=-------------,nummod,,,,,-0.1048944649602849,B-nc
dnech,NOUN,NNIP6-----A----,obl,Loc,Masc,Plur,Inan,0.1636307341614118,O
byl,AUX,VpYS----R-AAI--,aux:pass,,Masc,Sing,,-0.1825577161748395,O
přístup,NOUN,NNIS1-----A----,nsubj:pass,Nom,Masc,Sing,Inan,-0.0335853169555249,O
do,ADP,RR--2----------,case,Gen,,,,0.0770894183405979,O
jižního,ADJ,AANS2----1A----,amod,Gen,Neut,Sing,,0.0976793585719027,O
Rumunska,PROPN,NNNS2-----A----,nmod,Gen,Neut,Sing,,0.0081661229017206,B-gc
bez,ADP,RR--2----------,case,Gen,,,,0.1338084383412049,O
rozumného,ADJ,AAIS2----1A----,amod,Gen,Masc,Sing,Inan,0.0131681179941069,O
důvodu,NOUN,NNIS2-----A----,obl,Gen,Masc,Sing,Inan,-0.0090918691131725,O
zamítnut,ADJ,VsYS----X-APP--,root,,Masc,Sing,,0.1160706336988421,O
.,PUNCT,Z:-------------,punct,,,,,0.0746509387398364,O
A,CCONJ,J^-------------,cc,,,,,0.0066004588411094,O
Řecko,PROPN,NNNS1-----A----,nsubj,Nom,Neut,Sing,,0.1291808239954123,B-gc
ještě,ADV,Db-------------,advmod:emph,,,,,0.0683509956097732,O
více,ADV,Dg-------2A----,advmod,,,,,0.0323738758330768,O
zpřísnilo,VERB,VpNS----R-AAP--,root,,Neut,Sing,,0.054045335011209,O
opatření,NOUN,NNNP4-----A----,obj,Acc,Neut,Plur,,0.0376914040874556,O
podél,ADP,RR--2----------,case,Gen,,,,0.1184419050671693,O
svých,DET,P8XP2----------,det,Gen,,Plur,,0.0556692099065001,O
pozemních,ADJ,AAFP2----1A----,amod,Gen,Fem,Plur,,0.0756037335680829,O
hranic,NOUN,NNFP2-----A----,nmod,Gen,Fem,Plur,,0.0358342255038044,O
.,PUNCT,Z:-------------,punct,,,,,0.2645489869363698,O
I,CCONJ,J^-------------,advmod:emph,,,,,0.129296607633143,O
s,ADP,RR--7----------,case,Ins,,,,0.0413163226302144,O
podporou,NOUN,NNFS7-----A----,obl,Ins,Fem,Sing,,0.202002447999024,O
SNP,NOUN,BNXXX-----A----,nmod,,,,,0.0466759985824173,B-io
by,AUX,Vc----------I--,aux,,,,,-0.0541284165556688,O
došlo,VERB,VpNS----R-AAP--,root,,Neut,Sing,,-0.0577787973999772,O
na,ADP,RR--4----------,case,Acc,,,,0.0381345508430317,O
hlasování,NOUN,NNNS4-----A----,obl:arg,Acc,Neut,Sing,,0.05914825681725,O
na,ADP,RR--6----------,case,Acc,,,,0.0113527558199135,O
ostří,NOUN,NNNS6-----A----,nmod,Loc,Neut,Sing,,0.0781768668002331,O
nože,NOUN,NNIS2-----A----,nmod,Gen,Masc,Sing,Inan,0.0270159932256749,O
pro,ADP,RR--4----------,case,Acc,,,,0.3983708909965684,O
pana,NOUN,NNMS4-----A----,nmod,Acc,Masc,Sing,Anim,0.1237414721817393,O
Corbyna,PROPN,NNMS4-----A----,flat,Acc,Masc,Sing,Anim,0.1092388316333236,B-ps
.,PUNCT,Z:-------------,punct,,,,,-0.0362058354922225,O
Je,AUX,VB-S---3P-AAI--,root,,,Sing,,-0.0783183023493306,O
tu,ADV,Db-------------,advmod,,,,,-0.1267294201236883,O
288,NUM,C=-------------,nummod:gov,,,,,0.0582082367101977,B-nc
toryovských,ADJ,AAMP2----1A----,amod,Gen,Masc,Plur,Anim,0.1561689477806817,O
poslanců,NOUN,NNMP2-----A----,nsubj,Gen,Masc,Plur,Anim,0.0028720034000624,O
a,CCONJ,J^-------------,cc,,,,,-0.0462043668275056,O
10,NUM,C=-------------,nummod:gov,,,,,0.0395598929720493,B-nc
demokratických,ADJ,AAMP2----1A----,amod,Gen,Masc,Plur,Anim,0.082931747278551,O
unionistů,NOUN,NNMP2-----A----,conj,Gen,Masc,Plur,Anim,0.0332115141207562,O
",",PUNCT,Z:-------------,punct,,,,,0.080549299169617,O
takže,SCONJ,"J,-------------",mark,,,,,0.0678775744471228,O
by,AUX,Vc----------I--,aux,,,,,-0.0369978872399415,O
opozice,NOUN,NNFS1-----A----,nsubj,Nom,Fem,Sing,,0.4125325655092424,O
potřebovala,VERB,VpQW----R-AAI--,advcl,,"Fem,Neut","Plur,Sing",,0.3455331497252736,O
",",PUNCT,Z:-------------,punct,,,,,0.093817299884517,O
aby,AUX,Vc-------------,aux,,,,,0.1030138369026943,O
se,PRON,P7-X4----------,expl:pv,Acc,,,,0.4468759689817475,O
do,ADP,RR--2----------,case,Gen,,,,0.0405155851621988,O
věci,NOUN,NNFS2-----A----,obl,Gen,Fem,Sing,,0.0580174440205209,O
zapojili,VERB,VpMP----R-AAP--,ccomp,,Masc,Plur,Anim,0.0197186401278142,O
někteří,DET,PZMP1----------,nsubj,Nom,Masc,Plur,Anim,0.0618952408062527,O
z,ADP,RR--2----------,case,Gen,,,,0.1713623245632456,O
34,NUM,C=-------------,nummod,,,,,0.0056381204080385,B-nc
nezávislých,ADJ,AAMP2----1N----,amod,Gen,Masc,Plur,Anim,0.0359097411938372,O
poslanců,NOUN,NNMP2-----A----,nmod,Gen,Masc,Plur,Anim,0.0740217719094483,O
.,PUNCT,Z:-------------,punct,,,,,-0.1713028498306442,O
"""",PUNCT,Z:-------------,punct,,,,,0.0684667931930259,O
Dnešní,ADJ,AAIP1----1A----,amod,Nom,Masc,Plur,Inan,0.03954831096293,O
komentáře,NOUN,NNIP1-----A----,nsubj,Nom,Masc,Plur,Inan,0.0002679000324924,O
prezidenta,NOUN,NNMS2-----A----,nmod,Gen,Masc,Sing,Anim,-0.0121590562644567,O
představují,VERB,VB-P---3P-AAI--,root,,,Plur,,-0.000865388054931,O
trestuhodné,ADJ,AANS4----1A----,amod,Acc,Neut,Sing,,0.0075379167574208,O
zastrašování,NOUN,NNNS4-----A----,obj,Acc,Neut,Sing,,0.0028431286595051,O
svědků,NOUN,NNMP2-----A----,nmod,Gen,Masc,Plur,Anim,0.0083125873114609,O
a,CCONJ,J^-------------,cc,,,,,0.0210132344398985,O
pokus,NOUN,NNIS4-----A----,conj,Acc,Masc,Sing,Inan,-0.0095962372199339,O
o,ADP,RR--4----------,case,Acc,,,,-0.0179724687647509,O
bránění,NOUN,NNNS4-----A----,nmod,Acc,Neut,Sing,,0.0323835382068067,O
vyšetřování,NOUN,NNNS2-----A----,nmod,Gen,Neut,Sing,,-0.0016088480878676,O
obžaloby,NOUN,NNFS2-----A----,nmod,Gen,Fem,Sing,,0.0004045385859593,O
Kongresu,NOUN,NNIS2-----A----,nmod,Gen,Masc,Sing,Inan,0.0147233980365162,B-io
.,PUNCT,Z:-------------,punct,,,,,-0.005072478561368,O
Odsuzujeme,VERB,VB-P---1P-AAI--,ccomp,,,Plur,,0.0064613706733425,O
útoky,NOUN,NNIP4-----A----,obj,Acc,Masc,Plur,Inan,0.0274212875754273,O
prezidenta,NOUN,NNMS2-----A----,nmod,Gen,Masc,Sing,Anim,0.062258552363997,O
a,CCONJ,J^-------------,cc,,,,,0.057396355193062,O
vyzýváme,VERB,VB-P---1P-AAI--,conj,,,Plur,,0.0882969962268239,O
naše,DET,PSXP4-P1-------,det,Acc,,Plur,,-0.0228965093422042,O
republikánské,ADJ,AAIP4----1A----,amod,Acc,Masc,Plur,Inan,0.05243857909011,O
protějšky,NOUN,NNIP4-----A----,iobj,Acc,Masc,Plur,Inan,0.0243971446977706,O
",",PUNCT,Z:-------------,punct,,,,,0.0125142640660071,O
aby,AUX,Vc-------------,aux,,,,,0.007558677416979,O
udělali,VERB,VpMP----R-AAP--,ccomp,,Masc,Plur,Anim,0.0108896612928146,O
totéž,DET,PDNS4----------,obj,Acc,Neut,Sing,,0.0176784611350534,O
",",PUNCT,Z:-------------,punct,,,,,0.0264636826882548,O
protože,SCONJ,"J,-------------",mark,,,,,-0.019527414078537,O
Kongres,NOUN,NNIS1-----A----,nsubj,Nom,Masc,Sing,Inan,0.0124671173665068,B-io
musí,VERB,VB-S---3P-AAI--,advcl,,,Sing,,-0.0366018691922122,O
udělat,VERB,Vf--------A-P--,xcomp,,,,,-0.0188608505330366,O
vše,DET,PLNS4---------1,obj,Acc,Neut,Sing,,-0.0366751202000848,O
",",PUNCT,Z:-------------,punct,,,,,0.0194187754739981,O
co,PRON,PQ--4----------,obj,Acc,,,Inan,0.0028300515846764,O
může,VERB,VB-S---3P-AAI--,acl:relcl,,,Sing,,0.0009989662177695,O
",",PUNCT,Z:-------------,punct,,,,,0.0193592497782066,O
aby,AUX,Vc-------------,aux,,,,,0.0196240298636908,O
ochránil,VERB,VpYS----R-AAP--,advcl,,Masc,Sing,,0.0172580526911219,O
tento,DET,PDIS4----------,det,Acc,Masc,Sing,Inan,-0.0075108462931177,O
whistleblower,NOUN,NNIS4-----A----,obj,Acc,Masc,Sing,Inan,0.0558247897692984,O
a,CCONJ,J^-------------,cc,,,,,-0.0260330776151515,O
všechny,DET,PLYP4----------,det,Acc,Masc,Plur,,-0.0644670275787385,O
whistleblowers,NOUN,F%-------------,conj,Acc,Masc,Sing,Inan,0.0347315933081063,O
",",PUNCT,Z:-------------,punct,,,,,-0.0834770430496117,O
"""",PUNCT,Z:-------------,punct,,,,,-0.0206511892497773,O
"""",PUNCT,Z:-------------,punct,,,,,0.0227040975025156,O
řekli,VERB,VpMP----R-AAP--,root,,Masc,Plur,Anim,0.0104445254828109,O
.,PUNCT,Z:-------------,punct,,,,,-0.0017728838253849,O
"""",PUNCT,Z:-------------,punct,,,,,0.0886771041670297,O
Hrozby,NOUN,NNFP1-----A----,nsubj,Nom,Fem,Plur,,-0.0146383234027542,O
násilí,NOUN,NNNS2-----A----,nmod,Gen,Neut,Sing,,0.0345900893232199,O
od,ADP,RR--2----------,case,Gen,,,,0.0374189866329784,O
vůdce,NOUN,NNMS2-----A----,nmod,Gen,Masc,Sing,Anim,-0.0030417472338532,O
naší,DET,PSFS2-P1-------,det,Gen,Fem,Sing,,0.0068916431492388,O
země,NOUN,NNFS2-----A----,nmod,Gen,Fem,Sing,,-0.004682802718089,O
mají,VERB,VB-P---3P-AAI--,root,,,Plur,,0.0019164726129577,O
mrazivý,ADJ,AAIS4----1A----,amod,Acc,Masc,Sing,Inan,0.0178505372026226,O
účinek,NOUN,NNIS4-----A----,obj,Acc,Masc,Sing,Inan,-0.0001723478559876,O
na,ADP,RR--4----------,case,Acc,,,,0.0603054128248814,O
celý,ADJ,AAIS4----1A----,amod,Acc,Masc,Sing,Inan,0.0528521265598106,O
proces,NOUN,NNIS4-----A----,nmod,Acc,Masc,Sing,Inan,-0.0093238557012474,O
whistleblower,X,F%-------------,nmod,,,,,0.0712368020505325,O
",",PUNCT,Z:-------------,punct,,,,,0.0391386392635951,O
s,ADP,RR--7----------,case,Ins,,,,0.0539935754812317,O
vážnými,ADJ,AAIP7----1A----,amod,Ins,Masc,Plur,Inan,0.003894151173463,O
důsledky,NOUN,NNIP7-----A----,obl,Ins,Masc,Plur,Inan,0.0339160098534916,O
pro,ADP,RR--4----------,case,Acc,,,,0.020803377051733,O
naši,DET,PSFS4-P1-------,det,Acc,Fem,Sing,,-0.0056209946121489,O
demokracii,NOUN,NNFS4-----A----,nmod,Acc,Fem,Sing,,0.0054341987567154,O
a,CCONJ,J^-------------,cc,,,,,0.0608130363334368,O
národní,ADJ,AAFS4----1A----,amod,Acc,Fem,Sing,,-0.0187859051321758,O
bezpečnost,NOUN,NNFS4-----A----,conj,Acc,Fem,Sing,,0.0263565464025045,O
.,PUNCT,Z:-------------,punct,,,,,-0.015166990544981,O
"""",PUNCT,Z:-------------,punct,,,,,0.0699094271843802,O
"""",PUNCT,Z:-------------,punct,,,,,0.0021902159599765,O
"""",PUNCT,Z:-------------,punct,,,,,0.3158431463605153,O
Nemocnice,NOUN,NNFS1-----A----,nsubj,Nom,Fem,Sing,,0.0734163218191944,O
uvedla,VERB,VpQW----R-AAP--,root,,"Fem,Neut","Plur,Sing",,0.0244806883747299,O
",",PUNCT,Z:-------------,punct,,,,,0.0914993729263627,O
že,SCONJ,"J,-------------",mark,,,,,-0.0958349746315707,O
ztráta,NOUN,NNFS1-----A----,nsubj,Nom,Fem,Sing,,0.1027595503232124,O
kmenových,ADJ,AAFP2----1A----,amod,Gen,Fem,Plur,,0.0546472214410428,O
buněk,NOUN,NNFP2-----A----,nmod,Gen,Fem,Plur,,-0.0462401915736241,O
",",PUNCT,Z:-------------,punct,,,,,0.0966966815715927,O
které,DET,P4FP1----------,nsubj:pass,Nom,Fem,Plur,,-0.0159669005452111,O
byly,AUX,VpTP----R-AAI--,aux:pass,,"Fem,Masc",Plur,Inan,-0.0641467438256658,O
umístěny,ADJ,VsTP----X-APP--,amod,,"Fem,Masc",Plur,Inan,-0.0150199531322245,O
v,ADP,RR--6----------,case,Loc,,,,0.1797445049379429,O
dlouhodobém,ADJ,AANS6----1A----,amod,Loc,Neut,Sing,,0.1989663832752371,O
skladování,NOUN,NNNS6-----A----,obl,Loc,Neut,Sing,,0.0026074632527675,O
",",PUNCT,Z:-------------,punct,,,,,0.0747472908544509,O
neohrožovaly,VERB,VpTP----R-NAI--,ccomp,,"Fem,Masc",Plur,Inan,0.3613777683722649,O
žádné,DET,PWNS4----------,det,Acc,Neut,Sing,,-0.0148552777271733,O
zdraví,NOUN,NNNS4-----A----,obj,Acc,Neut,Sing,,-0.0125082264977009,O
dítěte,NOUN,NNNS2-----A----,nmod,Gen,Neut,Sing,,-0.0321219380138584,O
.,PUNCT,Z:-------------,punct,,,,,-0.0102739106622502,O
Nemocnice,NOUN,NNFS1-----A----,nsubj,Nom,Fem,Sing,,0.4607309922140615,O
také,ADV,Db-------------,advmod,,,,,-0.0109032306439012,O
nabídla,VERB,VpQW----R-AAP-1,root,,"Fem,Neut","Plur,Sing",,0.1291035137817956,O
pomáhat,VERB,Vf--------A-I--,xcomp,,,,,-0.1224815585064297,O
rodinám,NOUN,NNFP3-----A----,obl:arg,Dat,Fem,Plur,,0.1547761538829351,O
",",PUNCT,Z:-------------,punct,,,,,0.000758557129604,O
kteří,DET,P4MP1----------,nsubj,Nom,Masc,Plur,Anim,0.0616115994062699,O
chtějí,VERB,VB-P---3P-AAI--,acl:relcl,,,Plur,,0.0902147630248925,O
sklízet,VERB,Vf--------A-I--,xcomp,,,,,0.0511225432284974,O
znovu,ADV,Db-------------,advmod,,,,,-0.0259386876148518,O
.,PUNCT,Z:-------------,punct,,,,,0.089482236468752,O
Ale,CCONJ,J^-------------,cc,,,,,0.3579494231103052,O
proces,NOUN,NNIS1-----A----,nsubj,Nom,Masc,Sing,Inan,0.1116799609247021,O
může,VERB,VB-S---3P-AAI--,root,,,Sing,,0.0457518882634121,O
být,AUX,Vf--------A-I--,cop,,,,,-0.0462164583160158,O
vyčerpávající,ADJ,AGIS1-----A----,xcomp,Nom,Masc,Sing,Inan,0.0587118091383722,O
.,PUNCT,Z:-------------,punct,,,,,-0.1926989177932163,O
Automaticky,ADV,Dg-------1A----,advmod,,,,,0.3797983545688913,O
se,PRON,P7-X4----------,expl:pass,Acc,,,,-0.0341890836747464,O
obnovuje,VERB,VB-S---3P-AAI--,root,,,Sing,,0.0425925927080265,O
každý,DET,AAIS4----1A----,det,Acc,Masc,Sing,Inan,-0.09205005465665,O
rok,NOUN,NNIS4-----A----,obl,Acc,Masc,Sing,Inan,0.1728613203611521,O
",",PUNCT,Z:-------------,punct,,,,,0.0569154106731728,O
pokud,SCONJ,"J,-------------",mark,,,,,0.0359290236174039,O
není,AUX,VB-S---3P-NAI--,cop,,,Sing,,-0.1451119269390651,O
obnovení,NOUN,NNNS1-----A----,nsubj,Nom,Neut,Sing,,0.0440966089146503,O
zrušeno,ADJ,VsNS----X-APP--,advcl,,Neut,Sing,,0.1453211262810714,O
před,ADP,RR--7----------,case,Ins,,,,0.1785594528264143,O
dnem,NOUN,NNIS7-----A----,obl,Ins,Masc,Sing,Inan,0.0078707236781523,O
",",PUNCT,Z:-------------,punct,,,,,0.4631242607499948,O
kdy,ADV,Db-------------,advmod,,,,,0.0168420307149369,O
vám,PRON,PP-P3--2-------,obl:arg,Dat,,Plur,,-0.117780848063639,O
bude,AUX,VB-S---3F-AAI--,aux:pass,,,Sing,,0.2127116366406584,O
účtováno,ADJ,VsNS----X-API--,amod,,Neut,Sing,,0.1477507962891452,O
my,PRON,PP-P1--1-------,nsubj:pass,Nom,,Plur,,0.0468905171055983,O
.,PUNCT,Z:-------------,punct,,,,,-0.0864696657544295,O
norton,X,F%-------------,root,,,,,-0.049032195245867,B-A|B-mi
.,PUNCT,Z:-------------,punct,,,,,-0.3036087401523397,I-A
com,X,F%-------------,flat:foreign,,,,,-0.1497106375118921,I-A
nebo,CCONJ,J^-------------,cc,,,,,-0.0426344956259533,O
kontaktováním,NOUN,NNNS7-----A----,conj,Ins,Neut,Sing,,0.1327682441211666,O
podpory,NOUN,NNFS2-----A----,nmod,Gen,Fem,Sing,,0.0284232447137762,O
Norton,PROPN,NNIS1-----A----,nmod,Nom,Masc,Sing,Inan,0.0868261812072505,B-if
.,PUNCT,Z:-------------,punct,,,,,0.3091951893453549,O
Žena,NOUN,NNFS1-----A----,nsubj,Nom,Fem,Sing,,0.3730872988395169,O
si,PRON,P7--3----------,obl,Dat,,,,0.1035815288759781,O
nejprve,ADV,Db-------------,advmod,,,,,0.0585874698517033,O
svlékne,VERB,VB-S---3P-AAP--,root,,,Sing,,0.0165836959178928,O
sukni,NOUN,NNFS4-----A----,obj,Acc,Fem,Sing,,0.0919315559865426,O
a,CCONJ,J^-------------,cc,,,,,0.1588043819047043,O
vydá,VERB,VB-S---3P-AAP--,conj,,,Sing,,-0.1343469093866801,O
se,PRON,P7-X4----------,expl:pv,Acc,,,,0.0235345304511318,O
k,ADP,RR--3----------,case,Dat,,,,-0.0172017981203164,O
východu,NOUN,NNIS3-----A----,obl,Dat,Masc,Sing,Inan,0.0439304212100412,O
",",PUNCT,Z:-------------,punct,,,,,0.2219606672605151,O
ale,CCONJ,J^-------------,cc,,,,,0.1151472972589105,O
možná,ADV,Db-------------,advmod,,,,,0.1187937932640271,O
neuspokojená,ADJ,AAFS1----1N----,conj,Nom,Fem,Sing,,0.0544812220125266,O
",",PUNCT,Z:-------------,punct,,,,,0.273027235082045,O
že,SCONJ,"J,-------------",mark,,,,,-0.0288322860961185,O
její,DET,P9FXXFS3-------,det,,Fem,,,-0.1334810465014691,O
vina,NOUN,NNFS1-----A----,nsubj:pass,Nom,Fem,Sing,,-0.0012956632336882,O
byla,AUX,VpQW----R-AAI--,aux:pass,,"Fem,Neut","Plur,Sing",,-0.0375251860432359,O
ještě,ADV,Db-------------,advmod,,,,,-0.0777402661447651,O
zmírněna,ADJ,VsQW----X-APP--,ccomp,,"Fem,Neut","Plur,Sing",,0.0343587503869284,O
",",PUNCT,Z:-------------,punct,,,,,0.1225543423053281,O
se,PRON,P7-X4----------,expl:pv,Acc,,,,0.0084026610583173,O
brzy,ADV,Dg-------1A----,advmod,,,,,0.0146722790282938,O
otočila,VERB,VpQW----R-AAP--,conj,,"Fem,Neut","Plur,Sing",,0.06781235290241,O
",",PUNCT,Z:-------------,punct,,,,,0.0761390242999145,O
aby,AUX,Vc-------------,aux,,,,,0.0135655435513888,O
si,PRON,P7--3----------,obl,Dat,,,,-0.0058942950674789,O
svlékla,VERB,VpQW----R-AAP-1,advcl,,"Fem,Neut","Plur,Sing",,0.0536277396996666,O
i,CCONJ,J^-------------,advmod:emph,,,,,0.0559869240429788,O
košili,NOUN,NNFS4-----A----,obj,Acc,Fem,Sing,,-0.0042733450200732,O
.,PUNCT,Z:-------------,punct,,,,,-0.1992254440562453,O
Teď,ADV,Db-------------,advmod,,,,,-0.1159846132714862,O
už,ADV,Db-------------,advmod,,,,,-0.1587476026491069,O
byla,AUX,VpQW----R-AAI--,cop,,"Fem,Neut","Plur,Sing",,-0.0995051119307924,O
úplně,ADV,Dg-------1A----,advmod,,,,,-0.2198704205274785,O
nahá,ADJ,AAFS1----1A----,root,Nom,Fem,Sing,,0.0192808630811352,O
a,CCONJ,J^-------------,cc,,,,,0.0173728161722398,O
vyrazila,VERB,VpQW----R-AAP--,conj,,"Fem,Neut","Plur,Sing",,0.0902685859534756,O
s,ADP,RR--7----------,case,Ins,,,,-0.0598012152707189,O
oblečením,NOUN,NNNS7-----A----,obl,Ins,Neut,Sing,,0.0771398298191024,O
v,ADP,RR--6----------,case,Loc,,,,-0.0533855006804043,O
ruce,NOUN,NNFS6-----A----,nmod,Loc,Fem,Sing,,-0.0702787379952146,O
.,PUNCT,Z:-------------,punct,,,,,0.5049730785388911,O
Thomas,PROPN,NNMS1-----A----,nsubj:pass,Nom,Masc,Sing,Anim,-0.0132659188788611,B-P|B-pf
Cook,PROPN,NNMS1-----A----,flat,Nom,Masc,Sing,Anim,0.0964035499358777,I-P|B-ps
byl,AUX,VpYS----R-AAI--,aux:pass,,Masc,Sing,,0.0546878257567728,O
založen,ADJ,VsYS----X-APP--,root,,Masc,Sing,,-0.0721854062675492,O
v,ADP,RR--6----------,case,Loc,,,,-0.133232906905221,O
roce,NOUN,NNIS6-----A---1,obl,Loc,Masc,Sing,Inan,-0.0059389998296811,O
1841,NUM,C=-------------,nummod,,,,,-0.0061370335126438,B-ty
32-rok-starý,ADJ,AAMS1----1A----,amod,Nom,Masc,Sing,Anim,0.0048050440285499,B-nc
kabinet-maker,NOUN,NNMS1-----A----,obl,Nom,Masc,Sing,Anim,0.0246956186835982,O
a,CCONJ,J^-------------,cc,,,,,-0.070419152335074,O
bývalý,ADJ,AAMS1----1A----,amod,Nom,Masc,Sing,Anim,-0.014202574985422,O
baptistický,ADJ,AAMS1----1A----,amod,Nom,Masc,Sing,Anim,0.1594056687396277,O
kazatel,NOUN,NNMS1-----A----,conj,Nom,Masc,Sing,Anim,-0.0208877260260615,O
",",PUNCT,Z:-------------,punct,,,,,0.4417111275858415,O
který,DET,P4YS1----------,nsubj,Nom,Masc,Sing,,-0.012250247554678,O
začal,VERB,VpYS----R-AAP--,acl:relcl,,Masc,Sing,,-0.1576185163782906,O
nabízet,VERB,Vf--------A-I--,xcomp,,,,,0.027384652474586,O
jednodenní,ADJ,AAIP4----1A----,amod,Acc,Masc,Plur,Inan,0.0637082520289563,O
železniční,ADJ,AAIP4----1A----,amod,Acc,Masc,Plur,Inan,-0.0678818750663199,O
výlety,NOUN,NNIP4-----A----,obj,Acc,Masc,Plur,Inan,0.1380895931010959,O
z,ADP,RR--2----------,case,Gen,,,,-0.1314359373603624,O
Leicesteru,PROPN,NNIS2-----A----,nmod,Gen,Masc,Sing,Inan,0.055109383618828,B-gu
do,ADP,RR--2----------,case,Gen,,,,-0.1771106377368237,O
Loughborough,PROPN,NNIP2-----A----,nmod,Gen,Masc,Plur,Inan,0.0843744969686173,B-gu
za,ADP,RR--4----------,case,Acc,,,,-0.2132706948098522,O
šilink,NOUN,NNIS4-----A----,obl,Acc,Masc,Sing,Inan,0.0816054857456174,O
.,PUNCT,Z:-------------,punct,,,,,-0.1888826160934593,O
Byla,AUX,VpQW----R-AAI--,cop,,"Fem,Neut","Plur,Sing",,-0.0527376314423935,O
rozhodnutá,ADJ,AAFS1----1A----,root,Nom,Fem,Sing,,-0.1880365630763118,O
si,PRON,P7--3----------,expl:pv,Dat,,,,0.056099398431294,O
to,DET,PDNS4----------,obj,Acc,Neut,Sing,,0.0104722133526365,O
užít,VERB,Vf--------A-P--,xcomp,,,,,0.0918308142345088,O
",",PUNCT,Z:-------------,punct,,,,,0.337821471056561,O
říkala,VERB,VpQW----R-AAI--,conj,,"Fem,Neut","Plur,Sing",,-0.0580052008856523,O
lidem,NOUN,NNMP3-----A----,obl:arg,Dat,Masc,Plur,Anim,-0.2321217327985296,O
",",PUNCT,Z:-------------,punct,,,,,0.1510473222743752,O
že,SCONJ,"J,-------------",mark,,,,,0.2342691755183853,O
je,AUX,VB-S---3P-AAI--,cop,,,Sing,,-0.1371884336392583,O
to,DET,PDNS1----------,nsubj,Nom,Neut,Sing,,0.1357904244691793,O
přece,PART,TT-------------,cc,,,,,-0.1411961625454279,O
jen,PART,TT-------------,fixed,,,,,-0.2918620896084864,O
její,DET,P9FXXFS3-------,ccomp,,Fem,,,-0.3298222830243832,O
třetí,ADJ,CrFS1----------,ccomp,Nom,Fem,Sing,,0.1767508542954429,O
.,PUNCT,Z:-------------,punct,,,,,0.1134377389162759,O
Billboardy,NOUN,NNIP1-----A----,nsubj,Nom,Masc,Plur,Inan,0.0515929427318858,O
v,ADP,RR--6----------,case,Loc,,,,0.1182077075482665,O
Sydney,PROPN,NNNXX-----A----,nmod,,Neut,,,-0.0233998218411752,B-gu
CBD,NOUN,BNXXX-----A----,nmod,,,,,0.0030969073417506,I-gu
a,CCONJ,J^-------------,cc,,,,,0.0586566328392807,O
na,ADP,RR--6----------,case,Loc,,,,-0.1151951945666433,O
okrajových,ADJ,AANP6----1A----,amod,Loc,Neut,Plur,,-0.0028823936772785,O
předměstích,NOUN,NNNP6-----A----,conj,Loc,Neut,Plur,,0.4714882731354992,O
",",PUNCT,Z:-------------,punct,,,,,0.0297250658106379,O
které,DET,P4IP1----------,nsubj,Nom,Masc,Plur,Inan,0.1693152212732852,O
obvykle,ADV,Dg-------1A----,advmod,,,,,-0.205737984839351,O
hostí,VERB,VB-P---3P-AAI--,acl:relcl,,,Plur,,0.3132134026780536,O
šest,NUM,Cl-S4----------,nummod:gov,Acc,,Sing,,-0.0434744159506289,O
reklam,NOUN,NNFP2-----A----,obj,Gen,Fem,Plur,,0.1884977925876357,O
",",PUNCT,Z:-------------,punct,,,,,0.3484396856679964,O
mají,VERB,VB-P---3P-AAI--,root,,,Plur,,0.1307908716322059,O
co,PRON,PQ--4----------,obj,Acc,,,Inan,0.2257793843800813,O
dělat,VERB,Vf--------A-I--,xcomp,,,,,-0.0832343623140031,O
",",PUNCT,Z:-------------,punct,,,,,-0.0175911385122815,O
aby,AUX,Vc-------------,aux,,,,,0.297823040135424,O
zaplnily,VERB,VpTP----R-AAP--,advcl,,"Fem,Masc",Plur,Inan,0.119467915661716,O
všechna,DET,PLNP4----------,det,Acc,Neut,Plur,,0.0745263393029331,O
volná,ADJ,AANP4----1A----,amod,Acc,Neut,Plur,,0.1025349085151704,O
místa,NOUN,NNNP4-----A----,obj,Acc,Neut,Plur,,0.0201340001934528,O
.,PUNCT,Z:-------------,punct,,,,,-0.1802015948621218,O
Wangova,ADJ,AUFS1M---------,amod,Nom,Fem,Sing,,0.1107601593774217,B-p_
smrt,NOUN,NNFS1-----A----,nsubj,Nom,Fem,Sing,,-0.0635412782519682,O
následuje,VERB,VB-S---3P-AAI--,root,,,Sing,,0.0277681431539042,O
po,ADP,RR--6----------,case,Loc,,,,0.0880701229622064,O
dalších,ADJ,AAMP6----1A----,amod,Loc,Masc,Plur,Anim,-0.0304924383302256,O
aktivistů,NOUN,NNMP6-----A----,obl:arg,Loc,Masc,Plur,Anim,-0.0099719915358572,O
včetně,ADP,RR--2----------,case,Gen,,,,-0.0336818518581479,O
právníka,NOUN,NNMS2-----A----,nmod,Gen,Masc,Sing,Anim,0.0644048424554248,O
Ji,PROPN,NNMXX-----A----,flat,,Masc,,Anim,0.3449675308114802,B-P|B-pf
Sizuna,PROPN,NNMS2-----A----,flat,Gen,Masc,Sing,Anim,0.1151333546325856,I-P|B-ps
",",PUNCT,Z:-------------,punct,,,,,0.0933599705037541,O
který,DET,P4YS1----------,nsubj,Nom,Masc,Sing,,0.0451264527578216,O
zemřel,VERB,VpYS----R-AAP--,acl:relcl,,Masc,Sing,,-0.056135048691254,O
v,ADP,RR--6----------,case,Loc,,,,0.0562901215798711,O
červenci,NOUN,NNIS6-----A----,obl,Loc,Masc,Sing,Inan,0.017619745966934,O
v,ADP,RR--6----------,case,Loc,,,,0.0906823741871442,O
policejní,ADJ,AAFS6----1A----,amod,Loc,Fem,Sing,,0.0581073078908275,O
vazbě,NOUN,NNFS6-----A----,obl,Loc,Fem,Sing,,0.0933366363510051,O
",",PUNCT,Z:-------------,punct,,,,,0.2169170397012034,O
Ujgurský,ADJ,AAMS1----1A----,amod,Nom,Masc,Sing,Anim,0.1090090913086114,B-p_
učenec,NOUN,NNMS1-----A----,conj,Nom,Masc,Sing,Anim,0.0865424260168208,O
Muhammad,PROPN,NNMS1-----A----,flat,Nom,Masc,Sing,Anim,-0.032988522692937,B-P
Salih,PROPN,NNMS1-----A----,flat,Nom,Masc,Sing,Anim,0.0734181571449769,I-P
Hajim,PROPN,NNMS1-----A----,flat,Nom,Masc,Sing,Anim,0.0340880402777135,I-P
",",PUNCT,Z:-------------,punct,,,,,0.0425338206908895,O
který,DET,P4YS1----------,nsubj,Nom,Masc,Sing,,0.0021532110044959,O
loni,ADV,Db-------------,advmod,,,,,0.0042962541592138,O
zemřel,VERB,VpYS----R-AAP--,acl:relcl,,Masc,Sing,,-0.0312841642211069,O
.,PUNCT,Z:-------------,punct,,,,,-0.0392646472391607,O
Vítěz,NOUN,NNMS1-----A----,nsubj,Nom,Masc,Sing,Anim,-0.0159112031824109,O
nositele,NOUN,NNMS2-----A----,nmod,Gen,Masc,Sing,Anim,0.0525292060861741,O
Nobelovy,ADJ,AUFS2M---------,amod,Gen,Fem,Sing,,0.2677881193283314,B-oa
ceny,NOUN,NNFS2-----A----,nmod,Gen,Fem,Sing,,-0.0481584560728899,I-oa
",",PUNCT,Z:-------------,punct,,,,,0.1855725481033692,O
Liou,PROPN,NNMS1-----A----,appos,Nom,Masc,Sing,Anim,0.1705230815712626,B-P|B-pf
Siaobo,PROPN,NNMS1-----A----,flat,Nom,Masc,Sing,Anim,0.0484094095623541,I-P|B-ps
",",PUNCT,Z:-------------,punct,,,,,0.0437759539674255,O
kterému,DET,P4ZS3----------,obl:arg,Dat,"Masc,Neut",Sing,,-0.006834132659186,O
byla,AUX,VpQW----R-AAI--,aux:pass,,"Fem,Neut","Plur,Sing",,0.0270970490535461,O
odmítnuta,ADJ,VsQW----X-APP--,amod,,"Fem,Neut","Plur,Sing",,0.0540712558423857,O
léčba,NOUN,NNFS1-----A----,nsubj:pass,Nom,Fem,Sing,,0.0724958272250108,O
rakoviny,NOUN,NNFS2-----A----,nmod,Gen,Fem,Sing,,0.0595840799943506,O
",",PUNCT,Z:-------------,punct,,,,,0.1343056834507466,O
zemřel,VERB,VpYS----R-AAP--,root,,Masc,Sing,,-0.019196359186158,O
v,ADP,RR--6----------,case,Loc,,,,0.0457942366779772,O
roce,NOUN,NNIS6-----A---1,obl,Loc,Masc,Sing,Inan,-0.0162172894181328,O
2017,NUM,C=-------------,nummod,,,,,-0.0541329237479797,B-ty
",",PUNCT,Z:-------------,punct,,,,,0.0627601604911582,O
zatímco,SCONJ,"J,-------------",mark,,,,,-0.0278201519197255,O
si,PRON,P7--3----------,obl,Dat,,,,0.0611893861826786,O
odpykal,VERB,VpYS----R-AAP--,advcl,,Masc,Sing,,0.0612100173741566,O
trest,NOUN,NNIS4-----A----,obj,Acc,Masc,Sing,Inan,0.0344419901947254,O
11,NUM,C=-------------,nummod,,,,,-0.0750538097361094,B-nc
let,NOUN,NNNP2-----A----,nmod,Gen,Neut,Plur,,-0.0767736482102088,O
a,CCONJ,J^-------------,cc,,,,,-0.1474043623321282,O
aktivista,NOUN,NNMS1-----A----,nsubj,Nom,Masc,Sing,Anim,0.1064866168019287,O
Cchao,PROPN,NNMS1-----A----,flat,Nom,Masc,Sing,Anim,0.1255752193905335,B-P|B-pf
Šunli,PROPN,NNMS1-----A----,flat,Nom,Masc,Sing,Anim,0.1653794608873534,I-P|B-ps
zemřel,VERB,VpYS----R-AAP--,conj,,Masc,Sing,,-0.0485333656088199,O
v,ADP,RR--6----------,case,Loc,,,,0.0869326450553978,O
roce,NOUN,NNIS6-----A---1,obl,Loc,Masc,Sing,Inan,-0.0690287803920901,O
2014,NUM,C=-------------,nummod,,,,,0.0087913941599545,B-ty
",",PUNCT,Z:-------------,punct,,,,,0.0113080597225941,O
byl,AUX,VpYS----R-AAI--,aux:pass,,Masc,Sing,,-0.0230820544525016,O
zadržen,ADJ,VsYS----X-APP--,conj,,Masc,Sing,,0.2127855150086507,O
poté,ADV,Db-------------,advmod,,,,,-0.0253793785625718,O
",",PUNCT,Z:-------------,punct,,,,,0.106093730762608,O
co,SCONJ,"J,-------------",mark,,,,,0.2687819764651821,O
se,PRON,P7-X4----------,expl:pv,Acc,,,,0.2170421922384304,O
pokusil,VERB,VpYS----R-AAP--,advcl,,Masc,Sing,,0.0716550840316963,O
zúčastnit,VERB,Vf--------A-P--,xcomp,,,,,0.0776362955645695,O
se,PRON,P7-X4----------,expl:pv,Acc,,,,0.116465039465354,O
zasedání,NOUN,NNNS2-----A----,obl:arg,Gen,Neut,Sing,,0.1711023479529183,O
OSN,PROPN,BNXXX-----A----,nmod,,,,,0.0657384970352928,B-io
o,ADP,RR--4----------,case,Acc,,,,0.043867124959589,I-io
lidská,ADJ,AANP4----1A----,amod,Acc,Neut,Plur,,0.1700496705057543,I-io
práva,NOUN,NNNP4-----A----,nmod,Acc,Neut,Plur,,0.0142864322567687,I-io
v,ADP,RR--6----------,case,Loc,,,,0.0574237504051041,O
Číně,PROPN,NNFS6-----A----,nmod,Loc,Fem,Sing,,-0.0873364375514017,B-gc
Podobné,ADJ,AAFP1----1A----,amod,Nom,Fem,Plur,,0.1421417090099029,O
bizarní,ADJ,AAFP1----1A----,amod,Nom,Fem,Plur,,0.0982043415326146,O
památky,NOUN,NNFP1-----A----,nsubj,Nom,Fem,Plur,,-0.0129909549553709,O
nejsou,AUX,VB-P---3P-NAI--,cop,,,Plur,,-0.115056260084541,O
pro,ADP,RR--4----------,case,Acc,,,,-0.1505946926301717,O
Walmart,PROPN,NNIS4-----A----,obl,Acc,Masc,Sing,Inan,0.0810148733621984,B-if
nic,PRON,PY--1----------,root,Nom,,,,-0.1154093862520835,O
nového,ADJ,AANS2----1A----,amod,Gen,Neut,Sing,,-0.0902891511317449,O
.,PUNCT,Z:-------------,punct,,,,,0.0661306471267473,O
V,ADP,RR--6----------,case,Loc,,,,0.0571249966251646,O
červenci,NOUN,NNIS6-----A----,obl,Loc,Masc,Sing,Inan,-0.0441862108289503,O
zachytily,VERB,VpTP----R-AAP--,root,,"Fem,Masc",Plur,Inan,0.1245418843003547,O
bezpečnostní,ADJ,AAFP1----1A----,amod,Nom,Fem,Plur,,-0.0510316358783628,O
kamery,NOUN,NNFP1-----A----,nsubj,Nom,Fem,Plur,,0.0912053649738437,O
ženu,NOUN,NNFS4-----A----,obj,Acc,Fem,Sing,,0.0202183564087502,O
z,ADP,RR--2----------,case,Gen,,,,0.0104851636731398,O
Pensylvánie,PROPN,NNFS2-----A----,nmod,Gen,Fem,Sing,,0.0411767831468968,B-gr
",",PUNCT,Z:-------------,punct,,,,,0.1382259135563939,O
která,DET,P4FS1----------,nsubj,Nom,Fem,Sing,,-0.0019931060564986,O
se,PRON,P7-X4----------,expl:pv,Acc,,,,-0.0621467725376875,O
vystřídala,VERB,VpQW----R-AAP--,acl:relcl,,"Fem,Neut","Plur,Sing",,0.0224946155853103,O
v,ADP,RR--6----------,case,Loc,,,,0.1119473788613033,O
koši,NOUN,NNIS6-----A----,obl,Loc,Masc,Sing,Inan,-0.1043630536693434,O
s,ADP,RR--7----------,case,Ins,,,,-0.1048579305611668,O
bramborami,NOUN,NNFP7-----A----,nmod,Ins,Fem,Plur,,-0.0062937004145789,O
ve,ADP,RV--6----------,case,Loc,,,,-0.1063627691985813,O
Walmartu,PROPN,NNIS6-----A----,obl,Loc,Masc,Sing,Inan,0.0298940949968507,B-gu
ve,ADP,RV--6----------,case,Loc,,,,-0.1528396156161871,O
městě,NOUN,NNNS6-----A----,nmod,Loc,Neut,Sing,,0.0312149617220332,O
West,X,F%-------------,nmod,,,,,-0.1001596442967426,B-gu
Mifflin,X,F%-------------,flat:foreign,,,,,-0.0426273124359918,I-gu
.,PUNCT,Z:-------------,punct,,,,,-0.0087595449261482,O
Žena,NOUN,NNFS1-----A----,nsubj:pass,Nom,Fem,Sing,,-0.0736130266368678,O
",",PUNCT,Z:-------------,punct,,,,,0.0247968337902185,O
která,DET,P4FS1----------,nsubj,Nom,Fem,Sing,,-0.0689755410696337,O
je,AUX,VB-S---3P-AAI--,acl:relcl,,,Sing,,-0.026156683767626,O
viditelně,ADV,Dg-------1A----,advmod,,,,,0.0435307542504752,O
pod,ADP,RR--7----------,case,Ins,,,,-0.0031768480795273,O
vlivem,NOUN,NNIS7-----A----,fixed,Ins,Masc,Sing,Inan,0.0761647480496747,O
alkoholu,NOUN,NNIS2-----A----,obl,Gen,Masc,Sing,Inan,-0.0176714442108836,O
v,ADP,RR--6----------,case,Loc,,,,0.1282958518227124,O
záznamu,NOUN,NNIS6-----A----,obl,Loc,Masc,Sing,Inan,0.1253292329572985,O
",",PUNCT,Z:-------------,punct,,,,,0.1147727008564686,O
byl,AUX,VpYS----R-AAI--,aux:pass,,Masc,Sing,,0.1970331273745027,O
obviněn,ADJ,VsYS----X-APP--,root,,Masc,Sing,,-0.0054043325665844,O
z,ADP,RR--2----------,case,Gen,,,,0.0188685588819781,O
otevřené,ADJ,AAFS2----1A----,amod,Gen,Fem,Sing,,0.0152513795946558,O
nemravnosti,NOUN,NNFS2-----N----,obl:arg,Gen,Fem,Sing,,0.2007670860035013,O
",",PUNCT,Z:-------------,punct,,,,,0.0970367852802191,O
veřejné,ADJ,AAFS2----1A----,amod,Gen,Fem,Sing,,-0.0501932381545292,O
opilství,NOUN,NNNS2-----A----,conj,Gen,Neut,Sing,,0.0098503262937593,O
",",PUNCT,Z:-------------,punct,,,,,0.1132051835424447,O
výtržnosti,NOUN,NNFS2-----A----,conj,Gen,Fem,Sing,,0.0681301804228501,O
a,CCONJ,J^-------------,cc,,,,,-0.0086823000330913,O
výtržnictví,NOUN,NNNS2-----A----,conj,Gen,Neut,Sing,,0.0141861102320144,O
pro,ADP,RR--4----------,case,Acc,,,,0.2021345556960414,O
skutek,NOUN,NNIS4-----A----,nmod,Acc,Masc,Sing,Inan,0.0457023131131721,O
",",PUNCT,Z:-------------,punct,,,,,0.1812798493843271,O
a,CCONJ,J^-------------,cc,,,,,0.0314229905048676,O
stal,VERB,VpYS----R-AAP--,conj,,Masc,Sing,,0.2010249792741759,O
se,PRON,P7-X4----------,expl:pv,Acc,,,,0.1229945529849125,O
internetovou,ADJ,AAFS7----1A----,amod,Ins,Fem,Sing,,-0.0201001413017692,O
senzací,NOUN,NNFS7-----A----,obl:arg,Ins,Fem,Sing,,0.0816086400834175,O
na,ADP,RR--6----------,case,Loc,,,,0.0627909005739456,O
startu,NOUN,NNIS6-----A----,nmod,Loc,Masc,Sing,Inan,0.0687663579977115,O
.,PUNCT,Z:-------------,punct,,,,,0.4810631323451583,O
Stálo,VERB,VpNS----R-AAI--,root,,Neut,Sing,,0.0061309108614393,O
tam,ADV,Db-------------,advmod,,,,,0.3534044295186067,O
",",PUNCT,Z:-------------,punct,,,,,0.3572108990100816,O
že,SCONJ,"J,-------------",mark,,,,,-0.0702326568867473,O
ten,DET,PDYS1----------,det,Nom,Masc,Sing,,0.0086418009421933,O
krok,NOUN,NNIS1-----A----,nsubj,Nom,Masc,Sing,Inan,-0.0144912528744868,O
uvrhl,VERB,VpYS----R-AAP-1,csubj,,Masc,Sing,,0.1432847716287141,O
tisíce,DET,CzIP4----------,obj,Acc,Masc,Plur,Inan,0.0166527734115808,O
Britů,PROPN,NNMP2-----A----,nmod,Gen,Masc,Plur,Anim,0.1380397843333557,B-pc
v,ADP,RR--6----------,case,Loc,,,,0.2822867254492049,O
jejich,DET,P9XXXXP3-------,det,,,,,-0.2190144869471307,O
cestovních,ADJ,AAIP6----1A----,amod,Loc,Masc,Plur,Inan,0.0247908911911765,O
plánech,NOUN,NNIP6-----A----,obl,Loc,Masc,Plur,Inan,0.3741293946968308,O
do,ADP,RR--2----------,case,Gen,,,,0.0281373183448109,O
chaosu“,NOUN,NNFP2-----A----,obl,Gen,Fem,Plur,,0.1154497426966108,O
.,PUNCT,Z:-------------,punct,,,,,0.3039348032675787,O
"""",PUNCT,Z:-------------,punct,,,,,0.1904627663658124,O
Myslím,VERB,VB-S---1P-AAI--,ccomp,,,Sing,,0.0246123360751421,O
",",PUNCT,Z:-------------,punct,,,,,0.1054813302712801,O
že,SCONJ,"J,-------------",mark,,,,,0.1007297064693664,O
to,DET,PDNS4----------,obj,Acc,Neut,Sing,,0.1058500800045671,O
vzal,VERB,VpYS----R-AAP--,ccomp,,Masc,Sing,,-0.3225054666564181,O
tak,ADV,Db-------------,advmod,,,,,-0.0446808267124674,O
nejlépe,ADV,Dg-------3A----,advmod,,,,,-0.0250925333723411,O
",",PUNCT,Z:-------------,punct,,,,,0.1584998476917292,O
jak,ADV,Db-------------,advmod,,,,,0.1709150006835132,O
se,PRON,P7-X4----------,expl:pass,Acc,,,,0.3282409272738743,O
dalo,VERB,VpNS----R-AAP--,advcl,,Neut,Sing,,0.0693995236727641,O
očekávat,VERB,Vf--------A-I--,xcomp,,,,,0.1786774019725373,O
",",PUNCT,Z:-------------,punct,,,,,0.2404892716236847,O
"""",PUNCT,Z:-------------,punct,,,,,-0.0125569899302989,O
"""",PUNCT,Z:-------------,punct,,,,,0.0750921917753927,O
řekl,VERB,VpYS----R-AAP--,root,,Masc,Sing,,0.0310136928865109,O
podle,ADP,RR--2----------,case,Gen,,,,0.1382422944530648,O
stanice,NOUN,NNFS2-----A----,obl,Gen,Fem,Sing,,0.0079954633631276,O
Doug,PROPN,NNMS1-----A----,nsubj,Nom,Masc,Sing,Anim,0.2597717688387062,B-P|B-pf
Durham,PROPN,NNMS1-----A----,flat,Nom,Masc,Sing,Anim,0.0758098965316508,I-P|B-ps
",",PUNCT,Z:-------------,punct,,,,,0.1690368251590464,O
jeden,NUM,CnYS1----------,appos,Nom,Masc,Sing,,0.0545897705799708,O
z,ADP,RR--2----------,case,Gen,,,,0.1327728480691455,O
obhájců,NOUN,NNMP2-----A----,nmod,Gen,Masc,Plur,Anim,0.1212648893309603,O
Haskella,PROPN,NNMS2-----A----,nmod,Gen,Masc,Sing,Anim,-0.0849073498119135,B-ps
.,PUNCT,Z:-------------,punct,,,,,-0.0908036561442425,O
"""",PUNCT,Z:-------------,punct,,,,,-0.123046952997643,O
Věděl,VERB,VpYS----R-AAI--,root,,Masc,Sing,,0.129742613131945,O
",",PUNCT,Z:-------------,punct,,,,,0.0336909661072283,O
že,SCONJ,"J,-------------",mark,,,,,0.0596617902982786,O
je,AUX,VB-S---3P-AAI--,cop,,,Sing,,0.0384956297955757,O
to,DET,PDNS1----------,nsubj,Nom,Neut,Sing,,0.0193873497487613,O
silná,ADJ,AAFS1----1A----,amod,Nom,Fem,Sing,,0.3871526474509429,O
možnost,NOUN,NNFS1-----A----,ccomp,Nom,Fem,Sing,,0.0327764253033045,O
.,PUNCT,Z:-------------,punct,,,,,-0.0657183779457196,O
"""",PUNCT,Z:-------------,punct,,,,,0.0104655278242591,O
"""",PUNCT,Z:-------------,punct,,,,,0.0415270451077041,O
"""",PUNCT,Z:-------------,punct,,,,,0.2950595466523539,O
Militantní,ADJ,AAFS1----1A----,amod,Nom,Fem,Sing,,-0.0057829389115675,O
skupina,NOUN,NNFS1-----A----,nsubj,Nom,Fem,Sing,,0.0653673831161868,O
v,ADP,RR--6----------,case,Loc,,,,0.0548257363398025,O
srpnu,NOUN,NNIS6-----A----,obl,Loc,Masc,Sing,Inan,0.0677961806629715,B-tm
zaútočila,VERB,VpQW----R-AAP--,root,,"Fem,Neut","Plur,Sing",,0.0319644264749705,O
na,ADP,RR--4----------,case,Acc,,,,-0.0954235655854987,O
Kábul,PROPN,NNIS4-----A----,obl:arg,Acc,Masc,Sing,Inan,-0.0134919938642271,B-gu
bleskem,NOUN,NNIS7-----A----,obl,Ins,Masc,Sing,Inan,-0.0115902358334487,O
",",PUNCT,Z:-------------,punct,,,,,0.1842018075778419,O
tak,ADV,Db-------------,advmod,,,,,-0.1492807969877081,O
jako,SCONJ,"J,-------------",mark,,,,,0.0922350819084551,O
20,NUM,C=-------------,nummod,,,,,0.0033212719180662,B-nc
roky,NOUN,NNIP1-----A----,nsubj:pass,Nom,Masc,Plur,Inan,-0.2751559784226703,O
okupace,NOUN,NNFS2-----A----,nmod,Gen,Fem,Sing,,0.0104597117497029,O
středoasijské,ADJ,AAFS2----1A----,amod,Gen,Fem,Sing,,0.1578023418717879,O
země,NOUN,NNFS2-----A----,nmod,Gen,Fem,Sing,,-0.070379907760469,O
byly,AUX,VpTP----R-AAI--,aux:pass,,"Fem,Masc",Plur,Inan,-0.0850053251560523,O
ukončeny,ADJ,VsTP----X-APP--,advcl,,"Fem,Masc",Plur,Inan,0.224988011515224,O
spěchým,ADJ,AANS7----1A----,amod,Ins,Neut,Sing,,0.0280437285416353,O
spojeneckým,ADJ,AANS7----1A----,amod,Ins,Neut,Sing,,0.1079635255432384,O
stažením,NOUN,NNNS7-----A----,obl,Ins,Neut,Sing,,-0.0031055867198707,O
.,PUNCT,Z:-------------,punct,,,,,0.4069664045727266,O
V,ADP,RR--6----------,case,Loc,,,,0.0257430871218481,O
1950,NUM,C=-------------,nummod,,,,,0.3639781803020147,B-ty
a,CCONJ,J^-------------,cc,,,,,0.1932153376698845,O
60,NUM,C=-------------,conj,,,,,-0.0427393750242229,B-no
.,PUNCT,Z:-------------,punct,,,,,-0.0608089742201625,I-no
let,NOUN,NNNP2-----A----,obl,Gen,Neut,Plur,,-0.0052712325009631,O
",",PUNCT,Z:-------------,punct,,,,,0.099792770560641,O
jak,SCONJ,"J,-------------",mark,,,,,0.0369635685288298,O
vědci,NOUN,NNMP1-----A----,nsubj,Nom,Masc,Plur,Anim,-0.0015292115187839,O
začali,VERB,VpMP----R-AAP--,advcl,,Masc,Plur,Anim,-0.1029345914348837,O
získat,VERB,Vf--------A-P--,xcomp,,,,,-0.0906086017374887,O
obrázky,NOUN,NNIP4-----A----,obj,Acc,Masc,Plur,Inan,0.0044358055769851,O
s,ADP,RR--7----------,case,Ins,,,,0.0471354509352497,O
vysokým,ADJ,AANS7----1A----,amod,Ins,Neut,Sing,,-0.0100291092950345,O
rozlišením,NOUN,NNNS7-----A----,nmod,Ins,Neut,Sing,,0.0562666427909828,O
viry,NOUN,NNIP7-----A----,nmod,Ins,Masc,Plur,Inan,-0.0469829930293884,O
",",PUNCT,Z:-------------,punct,,,,,0.1060636862843695,O
zjistili,VERB,VpMP----R-AAP--,root,,Masc,Plur,Anim,0.4738614180846523,O
detailní,ADJ,AAFS4----1A----,amod,Acc,Fem,Sing,,0.1003428102166857,O
strukturu,NOUN,NNFS4-----A----,obj,Acc,Fem,Sing,,-0.0601457287948951,O
kapsidový,ADJ,S2--------A----,amod,Acc,Fem,Sing,,0.0275418263662893,O
-,PUNCT,Z:-------------,punct,,,,,0.159880724518108,O
vnější,ADJ,AAFS4----1A----,amod,Acc,Fem,Sing,,-0.0116616550802196,O
ochrannou,ADJ,AAFS4----1A----,amod,Acc,Fem,Sing,,-0.0063930388794363,O
vrstvu,NOUN,NNFS4-----A----,nmod,Acc,Fem,Sing,,-0.0539842081917078,O
",",PUNCT,Z:-------------,punct,,,,,0.0907758616926768,O
složenou,ADJ,AAFS4----1A----,amod,Acc,Fem,Sing,,0.0032428941581742,O
z,ADP,RR--2----------,case,Gen,,,,0.0050823554703549,O
více,ADV,Dg-------2A----,advmod,,,,,-0.0153035354243423,O
kopií,NOUN,NNFP2-----A----,obl:arg,Gen,Fem,Plur,,-0.005042015844429,O
stejného,ADJ,AAIS2----1A----,amod,Gen,Masc,Sing,Inan,0.0210323376590007,O
proteinu,NOUN,NNIS2-----A----,nmod,Gen,Masc,Sing,Inan,-0.0356921222435002,O
",",PUNCT,Z:-------------,punct,,,,,-0.1073221672298122,O
který,DET,P4YS1----------,nsubj,Nom,Masc,Sing,,-0.0610808746299416,O
chrání,VERB,VB-S---3P-AAI--,acl:relcl,,,Sing,,0.0353073834340679,O
virus,NOUN,NNIS4-----A---1,obj,Acc,Masc,Sing,Inan,-0.0513011391817164,O
',PUNCT,Z:-------------,punct,,,,,0.0378763465647541,O
genetický,ADJ,AAIS4----1A----,amod,Acc,Masc,Sing,Inan,0.0176953852011337,O
materiál,NOUN,NNIS4-----A----,appos,Acc,Masc,Sing,Inan,-0.0761162651383075,O
.,PUNCT,Z:-------------,punct,,,,,-0.1487284862495319,O
Většina,NOUN,NNFS1-----A----,nsubj,Nom,Fem,Sing,,0.0093308119888794,O
virů,NOUN,NNIP2-----A----,nmod,Gen,Masc,Plur,Inan,0.0573734946196366,O
mají,VERB,VB-P---3P-AAI--,root,,,Plur,,-0.2602184401727026,O
capsids,X,F%-------------,obj,,,,,0.0547870966368495,O
",",PUNCT,Z:-------------,punct,,,,,-0.0219196023455704,O
které,DET,P4IP1----------,nsubj,Nom,Masc,Plur,Inan,-0.0072888529398523,O
jsou,AUX,VB-P---3P-AAI--,cop,,,Plur,,-0.3104133035811552,O
obvykle,ADV,Dg-------1A----,advmod,,,,,0.0065719440261138,O
kvazi-sférické,ADJ,AAIP1----1A----,conj,Nom,Masc,Plur,Inan,0.0667404669673375,O
a,CCONJ,J^-------------,cc,,,,,0.0968486200109236,O
zobrazení,NOUN,NNNP1-----A----,conj,Nom,Neut,Plur,,-0.0554873821999428,O
dvacetistěnná,ADJ,AANP1----1A----,amod,Nom,Neut,Plur,,0.0493786586079931,O
symetrii,NOUN,NNFS4-----A----,orphan,Acc,Fem,Sing,,0.0485329717702913,O
20-sided,ADJ,F%-------------,amod,,,,,0.0091973658613327,B-nc
kostka,NOUN,NNFS1-----A----,orphan,Nom,Fem,Sing,,0.1339148188748079,O
pro,ADP,RR--4----------,case,Acc,,,,0.2029098576521201,O
instance,NOUN,NNFP4-----A----,nmod,Acc,Fem,Plur,,-0.0249500796103781,O
.,PUNCT,Z:-------------,punct,,,,,0.3040592882876998,O
Na,ADP,RR--6----------,case,Loc,,,,-0.0625753115940009,O
záběrech,NOUN,NNIP6-----A----,obl,Loc,Masc,Plur,Inan,0.3870256937537885,O
bylo,AUX,VpNS----R-AAI--,root,,Neut,Sing,,0.0239192381810451,O
vidět,VERB,Vf--------A-I--,ccomp,,,,,-0.2045035478780984,O
texaského,ADJ,AAMS4----1A----,amod,Acc,Masc,Sing,Anim,-0.0026074184494423,O
milionáře,NOUN,NNMS4-----A----,obj,Acc,Masc,Sing,Anim,0.0478840144527618,O
Johna,PROPN,NNMS4-----A----,flat,Acc,Masc,Sing,Anim,-0.0261951964500469,B-P|B-pf
Bryana,PROPN,NNMS4-----A----,flat,Acc,Masc,Sing,Anim,0.2435638544699086,I-P|B-ps
",",PUNCT,Z:-------------,punct,,,,,0.1114805514353032,O
jak,SCONJ,"J,-------------",mark,,,,,0.0001928343268164,O
líbá,VERB,VB-S---3P-AAI--,acl,,,Sing,,-0.0007436241103943,O
a,CCONJ,J^-------------,cc,,,,,-0.1311909973320074,O
cucá,VERB,VB-S---3P-AAI--,conj,,,Sing,,-0.0482084077078401,O
vévodkyni,NOUN,NNFS4-----A----,obj,Acc,Fem,Sing,,0.2764138944217542,O
prsty,NOUN,NNIP4-----A----,obj,Acc,Masc,Plur,Inan,0.0295780680418602,O
u,ADP,RR--2----------,case,Gen,,,,0.0352475043967581,O
nohou,NOUN,NNFP2-----A----,nmod,Gen,Fem,Plur,,0.0857619956232317,O
a,CCONJ,J^-------------,cc,,,,,-0.0637458145723047,O
oblouk,NOUN,NNIS4-----A----,conj,Acc,Masc,Sing,Inan,0.0651797695931866,O
její,DET,P9FXXFS3-------,det,,Fem,,,-0.0245808271648399,O
nohy,NOUN,NNFS2-----A----,nmod,Gen,Fem,Sing,,0.0714520316650223,O
",",PUNCT,Z:-------------,punct,,,,,0.1532966259388217,O
a,CCONJ,J^-------------,cc,,,,,-0.0149860401409427,O
zejména,PART,TT-------------,advmod:emph,,,,,-0.0708764000259241,O
prince,NOUN,NNMS4-----A----,conj,Acc,Masc,Sing,Anim,0.3132049146371501,O
Philipa,PROPN,NNMS4-----A----,flat,Acc,Masc,Sing,Anim,0.0657951304787719,B-pf
",",PUNCT,Z:-------------,punct,,,,,0.238079613888112,O
který,DET,P4YS1----------,nsubj,Nom,Masc,Sing,,0.0180827064013261,O
měl,VERB,VpYS----R-AAI--,acl:relcl,,Masc,Sing,,0.0241598082307117,O
prý,PART,TT-------------,advmod,,,,,-0.0615254356094806,O
nejsilnější,ADJ,AAFS4----3A----,amod,Acc,Fem,Sing,,0.1796734133151257,O
reakci,NOUN,NNFS4-----A----,obj,Acc,Fem,Sing,,0.1376769103305089,O
na,ADP,RR--4----------,case,Acc,,,,0.0322533147424916,O
skandální,ADJ,AAFP4----1A----,amod,Acc,Fem,Plur,,0.1437392265741227,O
šaškárny,NOUN,NNFP4-----A----,nmod,Acc,Fem,Plur,,0.0851092275454163,O
její,DET,P9FXXFS3-------,det,,Fem,,,0.0729247832135046,O
snachy,NOUN,NNFS2-----A----,nmod,Gen,Fem,Sing,,0.2810432838303379,O
.,PUNCT,Z:-------------,punct,,,,,0.2044751400424572,O
A,CCONJ,J^-------------,cc,,,,,0.198734233464649,O
když,SCONJ,"J,-------------",mark,,,,,-0.0386578938656696,O
říkám,VERB,VB-S---1P-AAI--,advcl,,,Sing,,-0.035635648506337,O
staré,ADJ,AAIP4----1A----,amod,Acc,Masc,Plur,Inan,-0.2604827028055295,O
odpadky,NOUN,NNIP4-----A----,obj,Acc,Masc,Plur,Inan,-0.0811495979711058,O
",",PUNCT,Z:-------------,punct,,,,,-0.0442538053299005,O
myslím,VERB,VB-S---1P-AAI--,ccomp,,,Sing,,0.1287898482538729,O
tím,DET,PDZS7----------,obl,Ins,"Masc,Neut",Sing,,-0.0673242122700095,O
60,NUM,C=-------------,nummod,,,,,0.0077114453625254,B-no
.,PUNCT,Z:-------------,punct,,,,,0.0582719449870031,I-no
a,CCONJ,J^-------------,cc,,,,,0.0342874161681692,O
70,NUM,C=-------------,conj,,,,,-0.3895397589875775,B-no
.,PUNCT,Z:-------------,punct,,,,,0.0960181895780301,I-no
léta,NOUN,NNNP4-----A---2,obj,Acc,Neut,Plur,,-0.1404946202236481,O
",",PUNCT,Z:-------------,punct,,,,,0.3036435428031716,O
řekl,VERB,VpYS----R-AAP--,root,,Masc,Sing,,0.0156743376196966,O
Meunier,PROPN,NNMS1-----A----,nsubj,Nom,Masc,Sing,Anim,0.3137034110772466,B-ps
.,PUNCT,Z:-------------,punct,,,,,0.2083955112515094,O
Manažer,NOUN,NNMS1-----A----,nsubj,Nom,Masc,Sing,Anim,0.2952198789577892,O
je,AUX,VB-S---3P-AAI--,root,,,Sing,,-0.1418665017349452,O
teď,ADV,Db-------------,advmod,,,,,-0.3146854415978729,O
poblíž,ADV,Db-------------,advmod,,,,,0.3227224340678937,O
",",PUNCT,Z:-------------,punct,,,,,-0.0229288095086207,O
tak,CCONJ,J^-------------,cc,,,,,-0.0158894774151709,O
se,PRON,P7-X4----------,expl:pv,Acc,,,,0.1593968683659609,O
ho,PRON,P5ZS2--3-------,obl:arg,Gen,"Masc,Neut",Sing,,0.0413696730630851,O
ptám,VERB,VB-S---1P-AAI--,conj,,,Sing,,0.0466508148530277,O
",",PUNCT,Z:-------------,punct,,,,,0.1147840807791063,O
jestli,SCONJ,"J,-------------",mark,,,,,-0.0649883028266606,O
jí,PRON,PEFS3--3------1,obl:arg,Dat,Fem,Sing,,0.1247709005590366,O
může,VERB,VB-S---3P-AAI--,ccomp,,,Sing,,-0.160236190121424,O
pomoct,VERB,Vf--------A-P-1,xcomp,,,,,0.1964830933705441,O
",",PUNCT,Z:-------------,punct,,,,,0.0277151456334097,O
a,CCONJ,J^-------------,cc,,,,,0.1651045739227107,O
říkám,VERB,VB-S---1P-AAI--,conj,,,Sing,,0.0224781424055687,O
mu,PRON,P5ZS3--3-------,obl:arg,Dat,"Masc,Neut",Sing,,0.0455176944146633,O
",",PUNCT,Z:-------------,punct,,,,,0.1420152070238822,O
že,SCONJ,"J,-------------",mark,,,,,-0.142946247782652,O
jsem,AUX,VB-S---1P-AAI--,aux,,,Sing,,-0.1760974076806555,O
si,PRON,P7--3----------,expl:pv,Dat,,,,-0.0424917404335033,O
myslel,VERB,VpYS----R-AAI-1,ccomp,,Masc,Sing,,-0.1164267984460874,O
",",PUNCT,Z:-------------,punct,,,,,0.0534671917627919,O
že,SCONJ,"J,-------------",mark,,,,,0.0003622104446184,O
jsou,AUX,VB-P---3P-AAI--,ccomp,,,Plur,,-0.2106547197527221,O
na,ADP,RR--6----------,case,Loc,,,,0.0243354115127413,O
sedmičce,NOUN,NNFS6-----A----,obl,Loc,Fem,Sing,,0.0578702912994711,O
",",PUNCT,Z:-------------,punct,,,,,0.0470584302156422,O
ale,CCONJ,J^-------------,cc,,,,,0.1993001356370717,O
ona,PRON,PEFS1--3-------,nsubj,Nom,Fem,Sing,,0.0773219298440579,O
řekla,VERB,VpQW----R-AAP--,conj,,"Fem,Neut","Plur,Sing",,-0.0308811389797156,O
",",PUNCT,Z:-------------,punct,,,,,0.0810971594843271,O
že,SCONJ,"J,-------------",mark,,,,,-0.0144255470413767,O
ne,PART,TT-------------,dep,,,,,0.1207153429572514,O
.,PUNCT,Z:-------------,punct,,,,,-0.2556953202401324,O
Ministr,NOUN,NNMS1-----A----,nsubj,Nom,Masc,Sing,Anim,0.1295214844176959,O
také,ADV,Db-------------,advmod,,,,,-0.0693009224396649,O
vydal,VERB,VpYS----R-AAP--,root,,Masc,Sing,,0.0339860555452901,O
v,ADP,RR--6----------,case,Loc,,,,-0.049714300166752,O
programu,NOUN,NNIS6-----A----,obl,Loc,Masc,Sing,Inan,0.0225573004071219,O
dvě,NUM,CnHP4----------,nummod,Acc,"Fem,Neut",Plur,,-0.0818039656949969,O
knihy,NOUN,NNFP4-----A----,obj,Acc,Fem,Plur,,0.0140063995126528,O
:,PUNCT,Z:-------------,punct,,,,,0.0031515271944536,O
"""",PUNCT,Z:-------------,punct,,,,,-0.0409580474571861,O
"""",PUNCT,Z:-------------,punct,,,,,0.0279141435520637,O
Amader,X,F%-------------,appos,,,,,0.0314790989562797,B-oa
Vidyasagar,X,F%-------------,flat:foreign,,,,,0.0710132650002212,I-oa
"""",PUNCT,Z:-------------,punct,,,,,0.0264752754539025,O
"""",PUNCT,Z:-------------,punct,,,,,0.0588209346891711,O
a,CCONJ,J^-------------,cc,,,,,-0.0367905030004945,O
"""",PUNCT,Z:-------------,punct,,,,,0.0192672089043025,O
"""",PUNCT,Z:-------------,punct,,,,,0.0136782673377576,O
Chotoder,X,F%-------------,conj,,,,,0.0285604080949901,B-oa
Vidyasagar,X,F%-------------,flat:foreign,,,,,0.0554600479724449,I-oa
"""",PUNCT,Z:-------------,punct,,,,,0.0398357828587676,O
"""",PUNCT,Z:-------------,punct,,,,,0.0594098280111138,O
.,PUNCT,Z:-------------,punct,,,,,-0.9387902871496788,O
"""",PUNCT,Z:-------------,punct,,,,,-0.0865968579984955,O
Dychtivost,NOUN,NNFS1-----A----,nsubj,Nom,Fem,Sing,,0.1301573093256902,O
pana,NOUN,NNMS2-----A----,nmod,Gen,Masc,Sing,Anim,-0.0628666231755677,O
Porošenka,PROPN,NNMS2-----A----,flat,Gen,Masc,Sing,Anim,0.0002777866396601,B-ps
vyhrát,VERB,Vf--------A-P--,acl,,,,,-0.0230956773534287,O
nad,ADP,RR--7----------,case,Ins,,,,-0.2053276298523292,O
panem,NOUN,NNMS7-----A----,obl:arg,Ins,Masc,Sing,Anim,-0.0622749117785491,O
Trumpem,PROPN,NNMS7-----A----,flat,Ins,Masc,Sing,Anim,-0.1467311077175809,B-ps
a,CCONJ,J^-------------,cc,,,,,-0.0226018013429667,O
jeho,DET,P9XXXZS3-------,det,,,,,0.0035251242676494,O
rostoucí,ADJ,AGFP1-----A----,amod,Nom,Fem,Plur,,0.046239503279672,O
obavy,NOUN,NNFP1-----A----,conj,Nom,Fem,Plur,,0.0130630493801243,O
",",PUNCT,Z:-------------,punct,,,,,0.1168235143958628,O
že,SCONJ,"J,-------------",mark,,,,,0.1474375989439625,O
političtí,ADJ,AAMP1----1A----,amod,Nom,Masc,Plur,Anim,0.0856912934647764,O
soupeři,NOUN,NNMP1-----A----,nsubj,Nom,Masc,Plur,Anim,0.0470545926959524,O
zmaří,VERB,VB-P---3P-AAP--,acl,,,Plur,,-0.0013180334593319,O
jeho,DET,P9XXXZS3-------,det,,,,,-0.0520517260084667,O
znovuzvolení,NOUN,NNNS4-----A----,obj,Acc,Neut,Sing,,-0.0166216487674852,O
",",PUNCT,Z:-------------,punct,,,,,0.0543140201408998,O
otevřely,VERB,VpTP----R-AAP--,root,,"Fem,Masc",Plur,Inan,-0.0115056061283844,O
panu,NOUN,NNMS3-----A---1,obl:arg,Dat,Masc,Sing,Anim,-0.1034027173720429,O
Giulianimu,PROPN,NNMS3-----A---1,flat,Dat,Masc,Sing,Anim,0.0129718747942137,B-ps
cestu,NOUN,NNFS4-----A----,obj,Acc,Fem,Sing,,-0.0650297775785578,O
k,ADP,RR--3----------,case,Dat,,,,-0.1625129848466144,O
nátlaku,NOUN,NNIS3-----A----,nmod,Dat,Masc,Sing,Inan,0.0078376509455667,O
Ukrajinský,ADJ,AAMS1----1A----,amod,Nom,Masc,Sing,Anim,-0.0419407394972493,O
generální,ADJ,AAMS1----1A----,amod,Nom,Masc,Sing,Anim,0.0304392986638955,O
prokurátor,NOUN,NNMS1-----A----,nsubj,Nom,Masc,Sing,Anim,0.0398676639723665,O
Jurij,PROPN,NNMS1-----A----,flat,Nom,Masc,Sing,Anim,-0.0348740179286693,B-P|B-pf
Lutsenko,PROPN,NNMS1-----A----,flat,Nom,Masc,Sing,Anim,-0.0674577977880592,I-P|B-ps
",",PUNCT,Z:-------------,punct,,,,,0.0404872600668387,O
který,DET,P4YS1----------,nsubj:pass,Nom,Masc,Sing,,0.0436442018672607,O
byl,AUX,VpYS----R-AAI--,aux:pass,,Masc,Sing,,0.1365366354198978,O
mezitím,ADV,Db-------------,advmod,,,,,0.0124468115642973,O
vyhozen,ADJ,VsYS----X-APP--,amod,,Masc,Sing,,0.0166158015844029,O
",",PUNCT,Z:-------------,punct,,,,,0.0752174130130041,O
aby,AUX,Vc-------------,aux,,,,,-0.0246100799437362,O
pomohl,VERB,VpYS----R-AAP--,advcl,,Masc,Sing,,-0.0479271240029062,O
Trumpovi,PROPN,NNMS3-----A----,obl:arg,Dat,Masc,Sing,Anim,-0.0116310521992661,B-ps
při,ADP,RR--6----------,case,Loc,,,,-0.1119650391148311,O
jeho,DET,P9XXXZS3-------,det,,,,,-0.1005396946308732,O
znovuzvolení,NOUN,NNNS6-----A----,obl,Loc,Neut,Sing,,0.0643598156786854,O
vyšetřováním,NOUN,NNNS7-----A----,obl,Ins,Neut,Sing,,0.0026143641324549,O
Joea,PROPN,NNMS2-----A----,nmod,Gen,Masc,Sing,Anim,0.0269716774366651,B-P|B-pf
Bidena,PROPN,NNMS2-----A----,flat,Gen,Masc,Sing,Anim,0.0328167817277404,I-P|B-ps
a,CCONJ,J^-------------,cc,,,,,-0.0071979951792348,O
jeho,DET,P9XXXZS3-------,det,,,,,-0.013000023070773,O
syna,NOUN,NNMS2-----A----,conj,Gen,Masc,Sing,Anim,0.1152157798127766,O
.,PUNCT,Z:-------------,punct,,,,,0.3691186015126567,O
Paviáni,NOUN,NNMP1-----A----,nsubj:pass,Nom,Masc,Plur,Anim,0.43301104178313,O
v,ADP,RR--6----------,case,Loc,,,,-0.1142669131914953,O
safari,X,F%-------------,nmod,,,,,-0.0559174559450551,O
parku,NOUN,NNIS6-----A----,nmod,Loc,Masc,Sing,Inan,-0.2678209188631976,O
byli,AUX,VpMP----R-AAI--,aux:pass,,Masc,Plur,Anim,-0.2212997737623152,O
viděni,ADJ,VsMP----X-API--,root,,Masc,Plur,Anim,0.0015287143893593,O
vyzbrojeni,ADJ,VsMP----X-APP--,xcomp,,Masc,Plur,Anim,0.01731736546951,O
noži,NOUN,NNIP7-----A----,obl,Ins,Masc,Plur,Inan,0.0485692796193104,O
",",PUNCT,Z:-------------,punct,,,,,0.1671887187012228,O
šroubováky,NOUN,NNIP7-----A----,conj,Ins,Masc,Plur,Inan,0.0878274134200993,O
a,CCONJ,J^-------------,cc,,,,,-0.1478750257533607,O
řetězovou,ADJ,AAFS7----1A----,amod,Ins,Fem,Sing,,0.1910185466114516,O
pilou,NOUN,NNFS7-----A----,conj,Ins,Fem,Sing,,0.1056964495453191,O
",",PUNCT,Z:-------------,punct,,,,,0.1186926766735404,O
protože,SCONJ,"J,-------------",mark,,,,,0.0046608517468717,O
vtipálci,NOUN,NNMP1-----A----,nsubj,Nom,Masc,Plur,Anim,0.1024501109177912,O
jim,PRON,PEXP3--3-------,obl:arg,Dat,,Plur,,0.0983783937885255,O
dali,VERB,VpMP----R-AAP--,advcl,,Masc,Plur,Anim,0.1259703376590471,O
zbraně,NOUN,NNFP4-----A----,obj,Acc,Fem,Plur,,0.1628504119515011,O
",",PUNCT,Z:-------------,punct,,,,,0.0612732815127309,O
aby,AUX,Vc-------------,aux,,,,,0.07103347835455,O
zničili,VERB,VpMP----R-AAP--,advcl,,Masc,Plur,Anim,0.086000266128756,O
auta“,NOUN,NNIS4-----A----,obj,Acc,Masc,Sing,Inan,0.0592503124053889,O
Tato,DET,PDNP1----------,det,Nom,Neut,Plur,,0.0299538968123181,O
ocenění,NOUN,NNNP1-----A----,nsubj,Nom,Neut,Plur,,0.0110820502110826,O
jsou,AUX,VB-P---3P-AAI--,cop,,,Plur,,-0.0053900306457581,O
malým,ADJ,AAIS7----1A----,amod,Ins,Masc,Sing,Inan,0.0380584028239494,O
pokusem,NOUN,NNIS7-----A----,root,Ins,Masc,Sing,Inan,0.0901631133807141,O
skupiny,NOUN,NNFS2-----A----,nmod,Gen,Fem,Sing,,0.0035310951139892,O
lidí,NOUN,NNMP2-----A----,nmod,Gen,Masc,Plur,Anim,0.0137492625563904,O
ve,ADP,RV--6----------,case,Loc,,,,-0.0544500082866744,O
veřejném,ADJ,AAIS6----1A----,amod,Loc,Masc,Sing,Inan,0.069627231077343,O
životě,NOUN,NNIS6-----A----,nmod,Loc,Masc,Sing,Inan,0.026532731382479,O
-,PUNCT,Z:-------------,punct,,,,,0.0957118764311146,O
různých,ADJ,AAMP2----1A----,amod,Gen,Masc,Plur,Anim,0.0101872710445126,O
a,CCONJ,J^-------------,cc,,,,,0.0309214045298344,O
bez,ADP,RR--2----------,case,Gen,,,,0.1949717802394905,O
politického,ADJ,AANS2----1A----,amod,Gen,Neut,Sing,,0.3532240482231594,O
přesvědčení,NOUN,NNNS2-----A----,conj,Gen,Neut,Sing,,0.1225750095836943,O
-,PUNCT,Z:-------------,punct,,,,,0.126888780687316,O
posvítit,VERB,Vf--------A-P--,csubj,,,,,0.2351346278189931,O
si,PRON,P7--3----------,expl:pv,Dat,,,,0.1402827667832789,O
na,ADP,RR--4----------,case,Acc,,,,0.2101451298683493,O
politiky,NOUN,NNMP4-----A----,obl:arg,Acc,Masc,Plur,Anim,0.0464928223635984,O
",",PUNCT,Z:-------------,punct,,,,,0.1119939454746969,O
kteří,DET,P4MP1----------,nsubj,Nom,Masc,Plur,Anim,0.0352168633817734,O
argumentují,VERB,VB-P---3P-AAI--,acl:relcl,,,Plur,,0.0104538272080374,O
slušností,NOUN,NNFS7-----A----,obl,Ins,Fem,Sing,,0.0082836599322901,O
a,CCONJ,J^-------------,cc,,,,,-0.0098657047202125,O
zdvořilostí,NOUN,NNFS7-----A----,conj,Ins,Fem,Sing,,0.1625866093962193,O
a,CCONJ,J^-------------,cc,,,,,-0.0380348442767864,O
jsou,AUX,VB-P---3P-AAI--,cop,,,Plur,,-0.0814867120360661,O
schopni,ADJ,ACMP------A----,conj,,Masc,Plur,Anim,0.2142951778096834,O
se,PRON,P7-X4----------,expl:pv,Acc,,,,0.1883869141509373,O
angažovat,VERB,Vf--------A-I--,xcomp,,,,,0.0601566235950039,O
a,CCONJ,J^-------------,cc,,,,,-0.023158910503278,O
spolupracovat,VERB,Vf--------A-I--,conj,,,,,0.2038465446759054,O
s,ADP,RR--7----------,case,Ins,,,,0.0763757807293744,O
lidmi,NOUN,NNMP7-----A----,obl:arg,Ins,Masc,Plur,Anim,0.2667593751233145,O
napříč,ADP,RR--7----------,case,Ins,,,,0.1672638643376233,O
propastmi,NOUN,NNFP7-----A----,nmod,Ins,Fem,Plur,,0.1910054529723923,O
",",PUNCT,Z:-------------,punct,,,,,0.0926234894620302,O
které,DET,P4FP1----------,nsubj,Nom,Fem,Plur,,0.0525812879763451,O
se,PRON,P7-X4----------,expl:pv,Acc,,,,0.2792731781761311,O
dotýkají,VERB,VB-P---3P-AAI--,acl:relcl,,,Plur,,0.1589780679536287,O
nás,PRON,PP-P2--1-------,obl:arg,Gen,,Plur,,0.0392955401731573,O
všech,DET,PLXP2----------,det,Gen,,Plur,,0.0555856417747199,O
.,PUNCT,Z:-------------,punct,,,,,0.1452486324638707,O
“,PUNCT,Z:-------------,root,,,,,-0.0949085107514092,O
Brazílie,PROPN,NNFS1-----A----,nsubj,Nom,Fem,Sing,,0.2026473754296892,B-gc
říká,VERB,VB-S---3P-AAI--,root,,,Sing,,-0.24607249440133,O
",",PUNCT,Z:-------------,punct,,,,,0.1017583024853646,O
že,SCONJ,"J,-------------",mark,,,,,-0.0124924817093495,O
ropa,NOUN,NNFS1-----A----,nsubj,Nom,Fem,Sing,,0.0711147859376333,O
se,PRON,P7-X4----------,expl:pv,Acc,,,,0.288161672681897,O
rozlévá,VERB,VB-S---3P-AAI--,ccomp,,,Sing,,0.387758487676295,O
podél,ADP,RR--2----------,case,Gen,,,,0.1150912692773854,O
severovýchodních,ADJ,AAFP2----1A----,amod,Gen,Fem,Plur,,0.0990285902026095,O
pláží,NOUN,NNFP2-----A----,obl,Gen,Fem,Plur,,-0.0672683156900327,O
",",PUNCT,Z:-------------,punct,,,,,0.175591015553762,O
ne,PART,TT-------------,advmod:emph,,,,,0.4892087590479048,O
brazilských,ADJ,AAFP2----1A----,conj,Gen,Fem,Plur,,0.2339497919661265,O
Ale,CCONJ,J^-------------,cc,,,,,0.0667895830941518,O
nová,ADJ,AANP1----1A----,amod,Nom,Neut,Plur,,0.224853270614345,O
pravidla,NOUN,NNNP1-----A----,nsubj,Nom,Neut,Plur,,-0.0156830161760382,O
znamenají,VERB,VB-P---3P-AAI--,root,,,Plur,,0.0354191439558659,O
",",PUNCT,Z:-------------,punct,,,,,0.1778957993191935,O
že,SCONJ,"J,-------------",mark,,,,,-0.159332364132713,O
to,DET,PDNS4----------,obj,Acc,Neut,Sing,,-0.0236513923786987,O
musel,VERB,VpYS----R-AAI--,ccomp,,Masc,Sing,,-0.2581265160312651,O
zrušit,VERB,Vf--------A-P--,xcomp,,,,,0.1566740538464087,O
",",PUNCT,Z:-------------,punct,,,,,0.3085457445880683,O
protože,SCONJ,"J,-------------",mark,,,,,0.0141507781711411,O
se,PRON,P7-X4----------,expl:pv,Acc,,,,0.1550983980150402,O
obával,VERB,VpYS----R-AAI--,advcl,,Masc,Sing,,-0.1713882524858982,O
",",PUNCT,Z:-------------,punct,,,,,0.1798305203885035,O
že,SCONJ,"J,-------------",mark,,,,,0.025043821660945,O
zaměstnavatel,NOUN,NNMS1-----A----,nsubj,Nom,Masc,Sing,Anim,0.0539648724300486,O
jeho,DET,P9XXXZS3-------,det,,,,,0.0153871249910823,O
ženy,NOUN,NNFS2-----A----,nmod,Gen,Fem,Sing,,0.163779294495002,O
nebude,AUX,VB-S---3F-NAI--,cop,,,Sing,,0.1071525081854812,O
schopen,ADJ,ACYS------A----,ccomp,,Masc,Sing,,0.0411467574865116,O
vyhovět,VERB,Vf--------A-P--,xcomp,,,,,0.1402077381386408,O
tomu,DET,PDZS3----------,obl:arg,Dat,"Masc,Neut",Sing,,-0.1965713793008854,O
",",PUNCT,Z:-------------,punct,,,,,0.0982710948377222,O
aby,AUX,Vc-------------,aux,,,,,0.0003962188657034,O
si,PRON,P7--3----------,obl,Dat,,,,0.0016203270884673,O
vzala,VERB,VpQW----R-AAP--,acl,,"Fem,Neut","Plur,Sing",,-0.1108402957273166,O
dva,NUM,CnYP4----------,nummod,Acc,Masc,Plur,,0.2021994678504054,O
týdny,NOUN,NNIP4-----A----,obj,Acc,Masc,Plur,Inan,-0.2026963609005135,O
volna,NOUN,NNNS2-----A----,nmod,Gen,Neut,Sing,,-0.0385841403737434,O
navíc,ADV,Db-------------,advmod,,,,,-0.1573842111551726,O
do,ADP,RR--2----------,case,Gen,,,,0.2679699249969883,O
karantény,NOUN,NNFS2-----A----,obl,Gen,Fem,Sing,,0.1614439136621845,O
po,ADP,RR--6----------,case,Loc,,,,-0.0645320745487692,O
jejich,DET,P9XXXXP3-------,det,,,,,-0.1635888563828552,O
návratu,NOUN,NNIS6-----A----,obl,Loc,Masc,Sing,Inan,-0.0655334019372376,O
.,PUNCT,Z:-------------,punct,,,,,0.0701191732306961,O
Německý,ADJ,AAMS1----1A----,amod,Nom,Masc,Sing,Anim,0.7566014024503612,O
kancléř,NOUN,NNMS1-----A----,nsubj,Nom,Masc,Sing,Anim,-0.0407009637870117,O
",",PUNCT,Z:-------------,punct,,,,,0.0548834392814873,O
anglický,ADJ,AAMS1----1A----,amod,Nom,Masc,Sing,Anim,0.0051022669145183,O
premiér,NOUN,NNMS1-----A----,conj,Nom,Masc,Sing,Anim,-0.0235809903503278,O
(,PUNCT,Z:-------------,punct,,,,,-0.0192778997222772,O
Británie,PROPN,NNFS1-----A----,appos,Nom,Fem,Sing,,-0.019261368703556,B-gc
),PUNCT,Z:-------------,punct,,,,,-0.0081079835898176,O
a,CCONJ,J^-------------,cc,,,,,0.0065924184163163,O
francouzský,ADJ,AAMS1----1A----,amod,Nom,Masc,Sing,Anim,0.0342329905091953,O
prezident,NOUN,NNMS1-----A----,conj,Nom,Masc,Sing,Anim,0.0036659012779073,O
byli,AUX,VpMP----R-AAI--,root,,Masc,Plur,Anim,-0.0896286815275502,O
v,ADP,RR--6----------,case,Loc,,,,-0.0049922441563707,O
New,X,F%-------------,nmod,,,,,0.0294026640530049,B-gu
Yorku,PROPN,NNIS6-----A----,obl,Loc,Masc,Sing,Inan,-0.0179710409212042,I-gu
a,CCONJ,J^-------------,cc,,,,,-0.0344586511548901,O
všichni,DET,PLMP1----------,nsubj,Nom,Masc,Plur,Anim,0.0659871651249647,O
trvali,VERB,VpMP----R-AAI--,conj,,Masc,Plur,Anim,-0.0083699811440417,O
na,ADP,RR--6----------,case,Loc,,,,0.0243692334793178,O
tom,DET,PDZS6----------,obl:arg,Loc,"Masc,Neut",Sing,,0.3067124449566656,O
",",PUNCT,Z:-------------,punct,,,,,0.071971485497654,O
aby,AUX,Vc-------------,aux,,,,,0.033108787021415,O
se,PRON,P7-X4----------,expl:pass,Acc,,,,0.0569249992902438,O
toto,DET,PDNS1----------,det,Nom,Neut,Sing,,0.0940104952747396,O
setkání,NOUN,NNNS1-----A----,nsubj:pass,Nom,Neut,Sing,,-0.0247119096189144,O
uskutečnilo,VERB,VpNS----R-AAP--,acl,,Neut,Sing,,-0.0047290670097784,O
.,PUNCT,Z:-------------,punct,,,,,-0.0086993463952958,O
A,CCONJ,J^-------------,cc,,,,,-0.0577823946042892,O
Amerika,PROPN,NNFS1-----A----,nsubj,Nom,Fem,Sing,,-0.0313907225864234,B-gc
říká,VERB,VB-S---3P-AAI--,ccomp,,,Sing,,-0.0462359475774777,O
",",PUNCT,Z:-------------,punct,,,,,0.020685716180442,O
že,SCONJ,"J,-------------",mark,,,,,-0.0192894536566698,O
sankce,NOUN,NNFP4-----A----,obj,Acc,Fem,Plur,,-0.0470105901639913,O
zruší,VERB,VB-S---3P-AAP--,ccomp,,,Sing,,-0.0172263795380646,O
",",PUNCT,Z:-------------,punct,,,,,0.006022640054239,O
řekl,VERB,VpYS----R-AAP--,root,,Masc,Sing,,-0.0165680959199321,O
na,ADP,RR--6----------,case,Loc,,,,-0.0586600489420746,O
oficiálních,ADJ,AAFP6----1A----,amod,Loc,Fem,Plur,,0.0874575190964366,O
stránkách,NOUN,NNFP6-----A----,obl,Loc,Fem,Plur,,-0.0848244918906902,O
Routers,PROPN,F%-------------,nmod,,,,,-0.0938520563696048,O
Rouhani,PROPN,NNMS1-----A----,nsubj,Nom,Masc,Sing,Anim,0.0032173809228631,B-ps
.,PUNCT,Z:-------------,punct,,,,,-0.020320940003085,O
"""",PUNCT,Z:-------------,punct,,,,,0.019567640251203,O
"""",PUNCT,Z:-------------,punct,,,,,-0.0009267937898577,O
Bylo,AUX,VpNS----R-AAI--,cop,,Neut,Sing,,-0.0543545852390768,O
třeba,ADV,Db-------------,root,,,,,-0.0157628187673369,O
diskutovat,VERB,Vf--------A-I--,csubj,,,,,0.2426695170480298,O
o,ADP,RR--6----------,case,Loc,,,,-0.0093052904594331,O
tom,DET,PDZS6----------,obl:arg,Loc,"Masc,Neut",Sing,,-0.07105973708769,O
",",PUNCT,Z:-------------,punct,,,,,0.0635681777357672,O
jaké,DET,P4FP1----------,det,Nom,Fem,Plur,,-0.0304277643960244,O
sankce,NOUN,NNFP1-----A----,nsubj:pass,Nom,Fem,Plur,,0.0006318462119652,O
budou,AUX,VB-P---3F-AAI--,aux:pass,,,Plur,,-0.0266146341089481,O
zrušeny,ADJ,VsTP----X-APP--,amod,,"Fem,Masc",Plur,Inan,-0.0079264334469518,O
a,CCONJ,J^-------------,cc,,,,,0.0052651521654026,O
oni,PRON,PEMP1--3-------,nsubj,Nom,Masc,Plur,Anim,-0.0157601810935388,O
(,PUNCT,Z:-------------,punct,,,,,0.027534489696713,O
Spojené,ADJ,AAIP1----1A----,amod,Nom,Masc,Plur,Inan,-0.0143094502402587,B-gc
státy,NOUN,NNIP1-----A----,appos,Nom,Masc,Plur,Inan,-0.0490201147293332,I-gc
),PUNCT,Z:-------------,punct,,,,,0.0235922656930167,O
jasně,ADV,Dg-------1A----,advmod,,,,,0.1819685503399051,O
řekli,VERB,VpMP----R-AAP--,conj,,Masc,Plur,Anim,-0.0044208914788896,O
",",PUNCT,Z:-------------,punct,,,,,0.029181883669181,O
že,SCONJ,"J,-------------",mark,,,,,0.0243731361661725,O
zrušíme,VERB,VB-P---1P-AAP--,ccomp,,,Plur,,-0.0085374157884749,O
všechny,DET,PLFP4----------,det,Acc,Fem,Plur,,-0.0704226998214486,O
sankce,NOUN,NNFP4-----A----,obj,Acc,Fem,Plur,,0.0208782783643356,O
.,PUNCT,Z:-------------,punct,,,,,0.0546416900228912,O
"""",PUNCT,Z:-------------,punct,,,,,0.0651352049677483,O
"""",PUNCT,Z:-------------,punct,,,,,-0.0073424500086216,O
"""",PUNCT,Z:-------------,punct,,,,,-0.0571088900990444,O
Kostýmy,NOUN,NNIP4-----A----,obj,Acc,Masc,Plur,Inan,0.2038438936515929,O
",",PUNCT,Z:-------------,punct,,,,,0.201750620605311,O
které,DET,P4IP1----------,nsubj,Nom,Masc,Plur,Inan,-0.0595228630853788,O
vypadají,VERB,VB-P---3P-AAI--,acl:relcl,,,Plur,,0.0342522620319305,O
opravdu,ADV,Db-------------,advmod,,,,,0.0081402712086577,O
okázale,ADV,Dg-------1A----,advmod,,,,,0.0189834856034679,O
",",PUNCT,Z:-------------,punct,,,,,0.2370749302786095,O
navrhla,VERB,VpQW----R-AAP-1,root,,"Fem,Neut","Plur,Sing",,0.0412821942748709,O
Kasia,PROPN,NNFS1-----A----,nsubj,Nom,Fem,Sing,,0.1601059648188277,B-P|B-pf
Walicka-Maimone,PROPN,NNFXX-----A----,flat,,Fem,,,0.3063798981260437,I-P|B-ps
",",PUNCT,Z:-------------,punct,,,,,0.2813968255240364,O
jejíž,DET,P1FXXFS3-------,det,Nom,,Plur,,0.0196072622817205,O
předchozí,ADJ,AAFP1----1A----,amod,Nom,Fem,Plur,,-0.0985946717806456,O
práce,NOUN,NNFP1-----A----,nsubj,Nom,Fem,Plur,,-0.0182240148364686,O
zahrnují,VERB,VB-P---3P-AAI--,acl:relcl,,,Plur,,0.1220003090295783,O
The,X,F%-------------,obj,,,,,0.019787837030464,B-oa
Goldfinch,X,F%-------------,flat:foreign,,,,,0.0693239035576355,I-oa
",",PUNCT,Z:-------------,punct,,,,,0.2059341629978236,O
A,X,F%-------------,conj,,,,,0.1891343516869567,B-oa
Quiet,X,F%-------------,flat:foreign,,,,,0.0255982025920484,I-oa
Place,X,F%-------------,flat:foreign,,,,,-0.1582622183996662,I-oa
a,CCONJ,J^-------------,cc,,,,,-0.0863419539143401,O
Moonrise,X,F%-------------,conj,,,,,0.2883259996734812,B-oa
Kingdom,X,F%-------------,flat:foreign,,,,,0.0179773115131854,I-oa
.,PUNCT,Z:-------------,punct,,,,,0.0723644428426183,O
"""",PUNCT,Z:-------------,punct,,,,,0.0936998662601803,O
To,DET,PDNS1----------,nsubj,Nom,Neut,Sing,,-0.0503652836552353,O
je,AUX,VB-S---3P-AAI--,cop,,,Sing,,-0.1662591052961434,O
to,DET,PDNS1----------,root,Nom,Neut,Sing,,0.0913656043713759,O
",",PUNCT,Z:-------------,punct,,,,,0.0414233458031905,O
co,PRON,PQ--4----------,obj,Acc,,,Inan,0.2601706467912676,O
tu,ADV,Db-------------,advmod,,,,,-0.0955770135555287,O
bude,AUX,VB-S---3F-AAI--,aux,,,Sing,,0.1515590217091768,O
tato,DET,PDFS1----------,det,Nom,Fem,Sing,,0.0644356011161476,O
úžasná,ADJ,AAFS1----1A----,amod,Nom,Fem,Sing,,0.0494056541120516,O
loď,NOUN,NNFS1-----A----,nsubj,Nom,Fem,Sing,,0.0272003626275541,O
dělat,VERB,Vf--------A-I--,acl:relcl,,,,,-0.0999331252562082,O
",",PUNCT,Z:-------------,punct,,,,,0.1347177720545763,O
aby,AUX,Vc-------------,aux,,,,,-0.0065704194714612,O
zjistila,VERB,VpQW----R-AAP--,advcl,,"Fem,Neut","Plur,Sing",,0.1075626685248919,O
fakta,NOUN,NNNP4-----A----,obj,Acc,Neut,Plur,,-0.0311806733611378,O
a,CCONJ,J^-------------,cc,,,,,0.2417676950161361,O
našla,VERB,VpQW----R-AAP--,conj,,"Fem,Neut","Plur,Sing",,-0.0486260064971248,O
vědu,NOUN,NNFS4-----A----,obj,Acc,Fem,Sing,,0.1355473733925273,O
",",PUNCT,Z:-------------,punct,,,,,0.1684663719227149,O
s,ADP,RR--7----------,case,Ins,,,,-0.0208637339676355,O
níž,PRON,P4FS7----------,obl,Ins,Fem,Sing,,0.0068017090297117,O
se,PRON,P7-X4----------,expl:pv,Acc,,,,0.107284215077393,O
vypořádává,VERB,VB-S---3P-AAI--,acl:relcl,,,Sing,,0.2190103739424867,O
s,ADP,RR--7----------,case,Ins,,,,0.0612217125133916,O
problémy,NOUN,NNIP7-----A----,obl:arg,Ins,Masc,Plur,Inan,-0.1209601724624005,O
",",PUNCT,Z:-------------,punct,,,,,0.0709131781317254,O
které,DET,P4IP1----------,nsubj,Nom,Masc,Plur,Inan,0.0452626830521932,O
dnes,ADV,Db-------------,advmod,,,,,0.0230771156989217,O
čelí,VERB,VB-P---3P-AAI--,acl:relcl,,,Plur,,0.1279354338976834,O
světu,NOUN,NNIS3-----A----,obl:arg,Dat,Masc,Sing,Inan,0.2157350348588614,O
",",PUNCT,Z:-------------,punct,,,,,0.1120730792380349,O
a,CCONJ,J^-------------,cc,,,,,0.1085800137082841,O
bude,AUX,VB-S---3F-AAI--,aux,,,Sing,,0.2726854613969884,O
to,DET,PDNS4----------,obj,Acc,Neut,Sing,,-0.0152202590525587,O
stále,ADV,Dg-------1A----,advmod,,,,,0.0471882081207893,O
více,ADV,Dg-------2A----,advmod,,,,,0.1555154850009006,O
dělat,VERB,Vf--------A-I--,conj,,,,,0.0806016731642655,O
zítra,ADV,Db-------------,advmod,,,,,-0.0534868868818369,O
.,PUNCT,Z:-------------,punct,,,,,-0.0163350920726559,O
"""",PUNCT,Z:-------------,root,,,,,-0.0058455206316315,O
"""",PUNCT,Z:-------------,punct,,,,,-0.0351674971227598,O
"""",PUNCT,Z:-------------,punct,,,,,0.5499879942405866,O
Reportéři,NOUN,NNMP1-----A----,nsubj,Nom,Masc,Plur,Anim,0.1266695626243605,O
často,ADV,Dg-------1A----,advmod,,,,,-0.0140094502455258,O
používají,VERB,VB-P---3P-AAI--,root,,,Plur,,0.0129234375454968,O
lisy,NOUN,NNIP4-----A----,obj,Acc,Masc,Plur,Inan,0.0179693985500398,O
Bílého,ADJ,AAIS2----1A----,amod,Gen,Masc,Sing,Inan,0.0189734605819937,B-io
domu,NOUN,NNIS2-----A----,nmod,Gen,Masc,Sing,Inan,0.0027188904665081,I-io
",",PUNCT,Z:-------------,punct,,,,,0.008967777592708,O
aby,AUX,Vc-------------,aux,,,,,0.0363473890547117,O
na,ADP,RR--4----------,case,Acc,,,,-0.0154089131377465,O
sebe,PRON,P6--4----------,obl:arg,Acc,,,,0.005238293765932,O
upozornili,VERB,VpMP----R-AAP--,advcl,,Masc,Plur,Anim,0.0098530129345378,O
",",PUNCT,Z:-------------,punct,,,,,-0.0023094034223189,O
což,PRON,PQ--1----------,nsubj,Nom,,,,-0.0168266094619474,O
je,AUX,VB-S---3P-AAI--,cop,,,Sing,,-0.0020727561294497,O
umělecká,ADJ,AAFS1----1A----,amod,Nom,Fem,Sing,,0.0003077948372594,O
forma,NOUN,NNFS1-----A----,conj,Nom,Fem,Sing,,0.0182350257678846,O
zdokonalená,ADJ,AAFS1----1A----,amod,Nom,Fem,Sing,,0.0163751172996205,O
Jimem,PROPN,NNMS7-----A----,obl:arg,Ins,Masc,Sing,Anim,0.0292906822853387,B-P|B-pf
Acostou,PROPN,NNMS7-----A----,flat,Ins,Masc,Sing,Anim,0.0821127729175955,I-P|B-ps
z,ADP,RR--2----------,case,Gen,,,,-0.0429035366153914,O
CNN,PROPN,BNXXX-----A----,nmod,,,,,0.0397485018192419,B-io
.,PUNCT,Z:-------------,punct,,,,,-0.9810308668528982,O
Jsem,AUX,VB-S---1P-AAI--,cop,,,Sing,,-0.0287553004675924,O
rád,ADJ,ACYS------A----,root,,Masc,Sing,,0.355390307460074,O
",",PUNCT,Z:-------------,punct,,,,,-0.0582281216443564,O
že,SCONJ,"J,-------------",mark,,,,,0.2723057702378191,O
je,AUX,VB-S---3P-AAI--,ccomp,,,Sing,,-0.0108019006828219,O
to,DET,PDNS1----------,nsubj,Nom,Neut,Sing,,0.0225668699441599,O
všechno,DET,PLNS1----------,det,Nom,Neut,Sing,,-0.0491096530090357,O
o,ADP,RR--6----------,case,Loc,,,,-0.0978822110768941,O
týmu,NOUN,NNIS6-----A----,obl,Loc,Masc,Sing,Inan,-0.0541626347279087,O
.,PUNCT,Z:-------------,punct,,,,,-0.2405596697812368,O
Bez,ADP,RR--2----------,case,Gen,,,,0.3489623253935424,O
nich,PRON,PEXP2--3-------,obl,Gen,,Plur,,0.0416763071707833,O
bych,AUX,Vc----------Ic-,aux,,,Sing,,-0.1362647873880901,O
nebyl,AUX,VpYS----R-NAI--,root,,Masc,Sing,,0.0237990215061352,O
v,ADP,RR--6----------,case,Loc,,,,-0.0306236006971221,O
pozici,NOUN,NNFS6-----A----,obl,Loc,Fem,Sing,,0.1854330637998203,O
",",PUNCT,Z:-------------,punct,,,,,0.1347719752763598,O
v,ADP,RR--6----------,case,Loc,,,,-0.1423546638926722,O
jaké,DET,P4FS6----------,obl,Loc,Fem,Sing,,-0.198251877820353,O
jsem,AUX,VB-S---1P-AAI--,aux,,,Sing,,-0.3422804209919329,O
byl,AUX,VpYS----R-AAI--,acl:relcl,,Masc,Sing,,0.1476900650977347,O
pro,ADP,RR--4----------,case,Acc,,,,0.0121980657837992,O
góly,NOUN,NNIP4-----A----,obl,Acc,Masc,Plur,Inan,0.279756158357391,O
",",PUNCT,Z:-------------,punct,,,,,-0.0892636175248918,O
a,CCONJ,J^-------------,cc,,,,,-0.2127428294577143,O
pár,NOUN,NNIS4-----A----,obj,Acc,Masc,Sing,Inan,0.0212541326195107,O
jich,PRON,PEXP2--3------1,nmod,Gen,,Plur,,0.1157299998650114,O
jsem,AUX,VB-S---1P-AAI--,aux,,,Sing,,-0.222215149231342,O
dal,VERB,VpYS----R-AAP--,conj,,Masc,Sing,,0.0872501775891573,O
pryč,ADV,Db-------------,advmod,,,,,0.1761391144515898,O
.,PUNCT,Z:-------------,punct,,,,,0.2215310584885176,O
Tentokrát,ADV,Db-------------,advmod,,,,,0.0850694741737862,O
se,PRON,P7-X4----------,expl:pv,Acc,,,,-0.0792186072714557,O
otec,NOUN,NNMS1-----A----,nsubj,Nom,Masc,Sing,Anim,-0.0238599226043741,O
dvou,NUM,CnXP2----------,nummod,Gen,,Plur,,-0.0128901793451403,O
dětí,NOUN,NNFP2-----A----,nmod,Gen,Fem,Plur,,-0.0170860567243196,O
zaměří,VERB,VB-S---3P-AAP--,root,,,Sing,,-0.0197443890840572,O
na,ADP,RR--4----------,case,Acc,,,,0.0157680960835784,O
to,DET,PDNS4----------,obl:arg,Acc,Neut,Sing,,0.0291373861530036,O
",",PUNCT,Z:-------------,punct,,,,,0.0087768197511724,O
jak,ADV,Db-------------,advmod,,,,,0.0035997728130709,O
zvířata,NOUN,NNNP1-----A----,nsubj,Nom,Neut,Plur,,0.0409594046363289,O
používají,VERB,VB-P---3P-AAI--,acl,,,Plur,,-0.0170144754074197,O
barvu,NOUN,NNFS4-----A----,obj,Acc,Fem,Sing,,0.1038564289749377,O
ve,ADP,RV--6----------,case,Loc,,,,0.0247924420312695,O
svém,DET,P8ZS6----------,det,Loc,"Masc,Neut",Sing,,-0.0326832019216543,O
životě,NOUN,NNIS6-----A----,obl,Loc,Masc,Sing,Inan,-0.0309168453960577,O
prostřednictvím,NOUN,NNNS7-----A----,case,Ins,Neut,Sing,,0.0086941493083923,O
high-tech,DET,AAXXX----1A----,amod,Gen,Fem,Plur,,-0.002614559288891,O
kamer,NOUN,NNFP2-----A----,obl,Gen,Fem,Plur,,-0.0194621739387119,O
",",PUNCT,Z:-------------,punct,,,,,-0.0478723501484359,O
které,DET,P4FP1----------,nsubj:pass,Nom,Fem,Plur,,-0.1316992737112733,O
byly,AUX,VpTP----R-AAI--,aux:pass,,"Fem,Masc",Plur,Inan,-0.0195309862504986,O
postaveny,ADJ,VsTP----X-APP--,amod,,"Fem,Masc",Plur,Inan,0.0021789639316326,O
speciálně,ADV,Dg-------1A----,advmod,,,,,-0.0113337075352684,O
pro,ADP,RR--4----------,case,Acc,,,,-0.0510675811958699,O
program,NOUN,NNIS4-----A----,obl,Acc,Masc,Sing,Inan,0.0021584082111706,O
.,PUNCT,Z:-------------,punct,,,,,0.0370376716910372,O
Tento,DET,PDYS1----------,det,Nom,Masc,Sing,,-0.0755185290411694,O
rozdíl,NOUN,NNIS1-----A----,nsubj:pass,Nom,Masc,Sing,Inan,0.2307811594757817,O
",",PUNCT,Z:-------------,punct,,,,,0.0821719242848985,O
který,DET,P4YS1----------,nsubj,Nom,Masc,Sing,,-0.3450730835915122,O
v,ADP,RR--6----------,case,Loc,,,,-0.0296466588351693,O
minulosti,NOUN,NNFS6-----A----,obl,Loc,Fem,Sing,,-0.0491909454703539,O
způsobil,VERB,VpYS----R-AAP--,acl:relcl,,Masc,Sing,,-0.0721884783573078,O
značnou,ADJ,AAFS4----1A----,amod,Acc,Fem,Sing,,-0.0243040143354341,O
úzkost,NOUN,NNFS4-----A----,obj,Acc,Fem,Sing,,0.0538917714022069,O
moderátorovi,NOUN,NNMS3-----A----,obl:arg,Dat,Masc,Sing,Anim,0.0308684594888291,O
Fox,X,F%-------------,nmod,,,,,0.0065426970682311,B-ms
Cricket,X,F%-------------,flat:foreign,,,,,0.0602652034765399,I-ms
",",PUNCT,Z:-------------,punct,,,,,-0.0036623044995412,O
byl,AUX,VpYS----R-AAI--,aux:pass,,Masc,Sing,,-0.0953627113979153,O
během,ADP,RR--2----------,case,Gen,,,,-0.0994097662766618,O
testu,NOUN,NNIS2-----A----,obl,Gen,Masc,Sing,Inan,-0.0985742393330459,O
Ashes,PROPN,NNIS1-----A----,nmod,Nom,Masc,Sing,Inan,0.2280168572938212,O
zhoršen,ADJ,VsYS----X-APP--,root,,Masc,Sing,,-0.1305198011030739,O
značně,ADV,Dg-------1A----,advmod,,,,,-0.0295734807531553,O
sníženým,ADJ,AAIS7----1A----,amod,Ins,Masc,Sing,Inan,0.0566213129077376,O
produkčním,ADJ,AAIS7----1A----,amod,Ins,Masc,Sing,Inan,0.109921666822249,O
a,CCONJ,J^-------------,cc,,,,,-0.0621542961374822,O
technickým,ADJ,AAIS7----1A----,conj,Ins,Masc,Sing,Inan,0.018653683713607,O
personálem,NOUN,NNIS7-----A----,obl:arg,Ins,Masc,Sing,Inan,-0.054869956536099,O
",",PUNCT,Z:-------------,punct,,,,,0.1837047410271824,O
který,DET,P4YS1----------,nsubj,Nom,Masc,Sing,,-0.2284763160997443,O
byl,AUX,VpYS----R-AAI--,cop,,Masc,Sing,,-0.0265901054177425,O
schopen,ADJ,ACYS------A----,acl:relcl,,Masc,Sing,,0.0211072515098487,O
sledovat,VERB,Vf--------A-I--,xcomp,,,,,0.2431668736853633,O
nesčetné,ADJ,AAIP4----1A----,amod,Acc,Masc,Plur,Inan,-0.0011233625619963,O
metaforické,ADJ,AAIP4----1A----,amod,Acc,Masc,Plur,Inan,0.0878942719222477,O
míče,NOUN,NNIP4-----A----,obj,Acc,Masc,Plur,Inan,0.0561096394012719,O
",",PUNCT,Z:-------------,punct,,,,,-0.0306182389727015,O
které,DET,P4IP1----------,nsubj:pass,Nom,Masc,Plur,Inan,-0.0012449507708588,O
byly,AUX,VpTP----R-AAI--,aux:pass,,"Fem,Masc",Plur,Inan,-0.0696451845445219,O
po,ADP,RR--4----------,case,Acc,,,,-0.1264736563293752,O
celý,ADJ,AAIS4----1A----,amod,Acc,Masc,Sing,Inan,0.1076189218623768,O
zápas,NOUN,NNIS4-----A----,obl,Acc,Masc,Sing,Inan,0.2957159576283144,O
drženy,ADJ,VsTP----X-API--,amod,,"Fem,Masc",Plur,Inan,0.0234774275975833,O
ve,ADP,RV--6----------,case,Loc,,,,0.1476693429722452,O
vzduchu,NOUN,NNIS6-----A----,obl,Loc,Masc,Sing,Inan,0.1540683273233464,O
.,PUNCT,Z:-------------,punct,,,,,-0.2979997250185445,O
Prohlášení,NOUN,NNNS1-----A----,nsubj,Nom,Neut,Sing,,0.01366236375241,O
uvádí,VERB,VB-S---3P-AAI--,root,,,Sing,,-0.008575035358516,O
",",PUNCT,Z:-------------,punct,,,,,0.0651596341006464,O
že,SCONJ,"J,-------------",mark,,,,,-0.0526325110839089,O
Trump,PROPN,NNMS1-----A----,nsubj,Nom,Masc,Sing,Anim,0.0451061654045141,B-ps
si,PRON,P7--3----------,expl:pv,Dat,,,,0.0246756045891516,O
je,AUX,VB-S---3P-AAI--,cop,,,Sing,,-0.0635772918222652,O
plně,ADV,Dg-------1A----,advmod,,,,,-0.0884102019249872,O
vědom,ADJ,ACYS------A----,ccomp,,Masc,Sing,,0.0477787841988212,O
toho,DET,PDZS2----------,obl:arg,Gen,"Masc,Neut",Sing,,-0.0155274617844774,O
",",PUNCT,Z:-------------,punct,,,,,0.1366550263689007,O
že,SCONJ,"J,-------------",mark,,,,,0.0226591820954455,O
naše,DET,PSIP1-P1-------,det,Nom,Masc,Plur,Inan,0.0112043188170497,O
výbory,NOUN,NNIP1-----A----,nsubj,Nom,Masc,Plur,Inan,0.0071184571491639,O
hledají,VERB,VB-P---3P-AAI--,acl,,,Plur,,0.2639704495866473,O
svědectví,NOUN,NNNS4-----A----,obj,Acc,Neut,Sing,,0.108575779445835,O
od,ADP,RR--2----------,case,Gen,,,,0.1098386673095433,O
tohoto,DET,PDZS2----------,det,Gen,"Masc,Neut",Sing,,-0.1284427403699864,O
informátora,NOUN,NNMS2-----A----,nmod,Gen,Masc,Sing,Anim,-0.0333544935403345,O
a,CCONJ,J^-------------,cc,,,,,0.0079442430567402,O
dalších,ADJ,AAMP2----1A----,conj,Gen,Masc,Plur,Anim,-0.1782942883620622,O
",",PUNCT,Z:-------------,punct,,,,,0.0373625097826485,O
na,ADP,RR--4----------,case,Acc,,,,0.047935887783142,O
něž,PRON,P4XP4---------1,obl:arg,Acc,,Plur,,-0.0218226360832708,O
se,PRON,P7-X4----------,expl:pv,Acc,,,,-0.0120659671587327,O
odvolává,VERB,VB-S---3P-AAI--,acl:relcl,,,Sing,,0.0202372383154922,O
whistleblowerova,ADJ,AUFS1M---------,amod,Nom,Fem,Sing,,0.0847245961431907,O
stížnost,NOUN,NNFS1-----A----,nsubj,Nom,Fem,Sing,,0.0835610970246227,O
dnes,ADV,Db-------------,advmod,,,,,0.0164869351926516,O
zveřejněná,ADJ,AAFS1----1A----,amod,Nom,Fem,Sing,,-0.0088992019344026,O
v,ADP,RR--6----------,case,Loc,,,,-0.0450540342938189,O
rámci,NOUN,NNIS6-----A----,fixed,Loc,Masc,Sing,Inan,-0.054329480052943,O
vyšetřovacího,ADJ,AANS2----1A----,amod,Gen,Neut,Sing,,0.1839142603537426,O
řízení,NOUN,NNNS2-----A----,obl,Gen,Neut,Sing,,-0.0253323460429815,O
v,ADP,RR--6----------,case,Loc,,,,0.0057178899265365,O
domě,NOUN,NNIS6-----A----,nmod,Loc,Masc,Sing,Inan,0.1396496509989785,O
",",PUNCT,Z:-------------,punct,,,,,0.098521584662594,O
a,CCONJ,J^-------------,cc,,,,,0.0862197435542875,O
zákony,NOUN,NNIP1-----A----,nsubj,Nom,Masc,Plur,Inan,0.0311046097922798,O
našeho,DET,PSZS2-P1-------,det,Gen,"Masc,Neut",Sing,,-0.0278893239514346,O
národa,NOUN,NNIS2-----A----,nmod,Gen,Masc,Sing,Inan,0.0163952478334902,O
zakazují,VERB,VB-P---3P-AAI--,conj,,,Plur,,0.0918191323586305,O
snahy,NOUN,NNFP4-----A----,obj,Acc,Fem,Plur,,0.1558260409301315,O
odrazovat,VERB,Vf--------A-I--,acl,,,,,0.1397422560809978,O
",",PUNCT,Z:-------------,punct,,,,,0.0274762530417432,O
zastrašovat,VERB,Vf--------A-I--,conj,,,,,0.1313683428337045,O
nebo,CCONJ,J^-------------,cc,,,,,0.0419353445273932,O
jinak,ADV,Db-------------,advmod,,,,,-0.1096786888521379,O
tlačit,VERB,Vf--------A-I--,conj,,,,,0.0272478758018534,O
svědka,NOUN,NNMS4-----A----,obj,Acc,Masc,Sing,Anim,0.1214813027528497,O
.,PUNCT,Z:-------------,punct,,,,,-0.0092315678244382,O
neposkytovat,VERB,Vf--------N-I--,root,,,,,0.2630746594899288,O
svědectví,NOUN,NNNS4-----A----,obj,Acc,Neut,Sing,,0.0564525037383979,O
Kongresu,NOUN,NNIS2-----A----,nmod,Gen,Masc,Sing,Inan,0.1713526123420936,B-io
.,PUNCT,Z:-------------,punct,,,,,0.0164582600849956,O
““,PUNCT,Z:-------------,root,,,,,-0.0627275307497896,O
Ona,PRON,PEFS1--3-------,nsubj,Nom,Fem,Sing,,-0.0761838063676587,O
přitahuje,VERB,VB-S---3P-AAI--,root,,,Sing,,-0.0223816944755149,O
kritiku,NOUN,NNFS4-----A----,obj,Acc,Fem,Sing,,-0.0459180184419072,O
a,CCONJ,J^-------------,cc,,,,,0.0525882841669218,O
hrozby,NOUN,NNFP4-----A----,conj,Acc,Fem,Plur,,0.1522605532082334,O
",",PUNCT,Z:-------------,punct,,,,,-0.076601056149279,O
ale,CCONJ,J^-------------,cc,,,,,-0.1210642188951697,O
byl,AUX,VpYS----R-AAI--,aux:pass,,Masc,Sing,,-0.0970236025240341,O
vnímán,ADJ,VsYS----X-API--,conj,,Masc,Sing,,0.1596103889672659,O
mnoho,DET,Ca--1----------,nsubj:pass,Nom,,,,-0.036301033887041,O
",",PUNCT,Z:-------------,punct,,,,,-0.1436483514492335,O
včetně,ADP,RR--2----------,case,Gen,,,,0.0201676303128634,O
mladých,ADJ,AAMP2----1A----,amod,Gen,Masc,Plur,Anim,0.0343035268829559,O
lidí,NOUN,NNMP2-----A----,obl,Gen,Masc,Plur,Anim,0.1151897178486775,O
",",PUNCT,Z:-------------,punct,,,,,-0.0099042930612428,O
jako,SCONJ,"J,-------------",mark,,,,,0.1171028448689967,O
lámání,NOUN,NNNS1-----A----,xcomp,Nom,Neut,Sing,,-0.0731266836924039,O
novou,ADJ,AAFS4----1A----,amod,Acc,Fem,Sing,,-0.0525456622156087,O
půdu,NOUN,NNFS4-----A----,nmod,Acc,Fem,Sing,,-0.0451966488871972,O
v,ADP,RR--6----------,case,Loc,,,,-0.0080588740126789,O
zemi,NOUN,NNFS6-----A----,nmod,Loc,Fem,Sing,,0.1975842560997885,O
",",PUNCT,Z:-------------,punct,,,,,-0.0527973818781215,O
kde,ADV,Db-------------,advmod,,,,,-0.0312619547547372,O
představuje,VERB,VB-S---3P-AAI--,acl:relcl,,,Sing,,-0.2942632099656963,O
sám,DET,PLYS1----------,xcomp,Nom,Masc,Sing,,-0.0269264449506541,O
sebe,PRON,P6--4----------,obj,Acc,,,,0.083962622545562,O
jako,SCONJ,"J,-------------",mark,,,,,0.0188141731631766,O
Kim,PROPN,NNMS1-----A----,xcomp,Nom,Masc,Sing,Anim,0.0181358198125997,B-P|B-pf
Kardashian,PROPN,NNMS1-----A----,flat,Nom,Masc,Sing,Anim,0.1623987862637883,I-P|B-ps
postava,NOUN,NNFS1-----A----,xcomp,Nom,Fem,Sing,,0.0091606782921146,O
může,VERB,VB-S---3P-AAI--,conj,,,Sing,,-0.1285629115937354,O
být,AUX,Vf--------A-I--,aux:pass,,,,,-0.184365955924051,O
viděn,ADJ,VsYS----X-API--,ccomp,,Masc,Sing,,0.1056739838632829,O
jako,SCONJ,"J,-------------",mark,,,,,-0.0006869152185898,O
odvážný,ADJ,AAIS1----1A----,amod,Nom,Masc,Sing,Inan,0.163936298075483,O
politický,ADJ,AAIS1----1A----,amod,Nom,Masc,Sing,Inan,0.0845850394922466,O
čin,NOUN,NNIS1-----A----,xcomp,Nom,Masc,Sing,Inan,-0.1122199821412011,O
posílení,NOUN,NNNS2-----A----,nmod,Gen,Neut,Sing,,0.2919169308282373,O
postavení,NOUN,NNNS2-----A----,nmod,Gen,Neut,Sing,,0.0509887719445311,O
žen,NOUN,NNFP2-----A----,nmod,Gen,Fem,Plur,,0.1699892397104194,O
.,PUNCT,Z:-------------,punct,,,,,-0.3078255387975472,O
Tristan,PROPN,NNMS1-----A----,nsubj,Nom,Masc,Sing,Anim,0.0062855683650918,B-p_
veřejně,ADV,Dg-------1A----,advmod,,,,,0.0419080331589575,O
komentoval,VERB,VpYS----R-AAB--,ccomp,,Masc,Sing,,-0.0048142368791768,O
:,PUNCT,Z:-------------,punct,,,,,-0.0008543446421766,O
Slunce,NOUN,NNNS1-----A----,nsubj,Nom,Neut,Sing,,0.0112942341321951,O
svítí,VERB,VB-S---3P-AAI--,ccomp,,,Sing,,-0.0308513548209588,O
jasně,ADV,Dg-------1A----,advmod,,,,,-0.0073428430829501,O
na,ADP,RR--4----------,case,Acc,,,,-0.0005912021512661,O
krásného,ADJ,AAIS2----1A----,amod,Gen,Masc,Sing,Inan,-0.0001520421264867,O
diamantového,ADJ,AAIS2----1A----,amod,Gen,Masc,Sing,Inan,0.0294154768378602,O
emoji,NOUN,NNIS2-----A----,obl,Gen,Masc,Sing,Inan,0.0075288626771383,O
],PUNCT,Z:-------------,punct,,,,,0.0250826849114632,O
.,PUNCT,Z:-------------,punct,,,,,0.2204102818587187,O
“,PUNCT,Z:-------------,punct,,,,,-0.1091181719675371,O
Hvězda,NOUN,NNFS1-----A----,nsubj:pass,Nom,Fem,Sing,,0.1921915911729372,O
",",PUNCT,Z:-------------,punct,,,,,0.1116036573401847,O
která,DET,P4FS1----------,nsubj,Nom,Fem,Sing,,-0.2468335740613051,O
byla,AUX,VpQW----R-AAI--,cop,,"Fem,Neut","Plur,Sing",,-0.0866551821592999,O
přibližně,ADV,Dg-------1A----,advmod,,,,,-0.0713943455045778,O
stejně,ADV,Dg-------1A----,advmod,,,,,0.0981663873341124,O
velká,ADJ,AAFS1----1A----,acl:relcl,Nom,Fem,Sing,,0.3756954046419659,O
jako,SCONJ,"J,-------------",mark,,,,,0.1191455652434386,O
naše,DET,PSHS1-P1-------,det,Nom,"Fem,Neut",Sing,,-0.0563864453670827,O
Slunce,NOUN,NNNS1-----A----,advcl,Nom,Neut,Sing,,0.0357317035438329,B-g_
",",PUNCT,Z:-------------,punct,,,,,0.1472962565499614,O
byla,AUX,VpQW----R-AAI--,aux:pass,,"Fem,Neut","Plur,Sing",,0.095362535556869,O
viděna,ADJ,VsQW----X-API--,ccomp,,"Fem,Neut","Plur,Sing",,-0.0006217331029388,O
ze,ADP,RV--2----------,case,Gen,,,,0.0687872474413165,O
vzdálenosti,NOUN,NNFS2-----A----,obl,Gen,Fem,Sing,,-0.0181533367793776,O
375,NUM,C=-------------,nummod,,,,,0.1513524274323499,B-nc
milionů,DET,CzIP2----------,det,Gen,Masc,Plur,Inan,-0.0253326960283375,I-nc
světelných,ADJ,AANP2----1A----,amod,Gen,Neut,Plur,,0.0094734661198853,O
let,NOUN,NNNP2-----A----,nmod,Gen,Neut,Plur,,0.0548302710120245,O
",",PUNCT,Z:-------------,punct,,,,,0.292500483912539,O
jak,SCONJ,"J,-------------",mark,,,,,0.1355628560137765,O
se,PRON,P7-X4----------,expl:pv,Acc,,,,0.1191190873826394,O
kroutí,VERB,VB-S---3P-AAI--,advcl,,,Sing,,0.2404551582896213,O
a,CCONJ,J^-------------,cc,,,,,0.0140296690172957,O
krouží,VERB,VB-S---3P-AAI--,conj,,,Sing,,0.0961996377698886,O
do,ADP,RR--2----------,case,Gen,,,,0.0673081130007014,O
gravitačního,ADJ,AANS2----1A----,amod,Gen,Neut,Sing,,0.0714341790240507,O
pole,NOUN,NNNS2-----A----,obl,Gen,Neut,Sing,,0.0380447179046744,O
supermasivní,ADJ,AAFS2----1A----,amod,Gen,Fem,Sing,,0.0420837860397919,O
černé,ADJ,AAFS2----1A----,amod,Gen,Fem,Sing,,-0.0541124693570323,O
díry,NOUN,NNFS2-----A----,nmod,Gen,Fem,Sing,,0.0947902604908763,O
",",PUNCT,Z:-------------,punct,,,,,0.1868298122350452,O
uvedli,VERB,VpMP----R-AAP--,root,,Masc,Plur,Anim,-0.0056247656407368,O
vědci,NOUN,NNMP1-----A----,nsubj,Nom,Masc,Plur,Anim,-0.0533998224687605,O
v,ADP,RR--6----------,case,Loc,,,,0.0255648238031679,O
Astrophysical,X,F%-------------,obl,,,,,0.0795157796719998,B-mn
Journal,X,F%-------------,flat:foreign,,,,,-0.0334547480126126,I-mn
.,PUNCT,Z:-------------,punct,,,,,0.2596803652093873,O
Princ,NOUN,NNMS1-----A----,nsubj,Nom,Masc,Sing,Anim,-0.0892506566685605,O
Harry,PROPN,NNMS1-----A----,flat,Nom,Masc,Sing,Anim,0.0810671676842837,B-pf
se,PRON,P7-X4----------,expl:pv,Acc,,,,-0.0205181882892354,O
prochází,VERB,VB-S---3P-AAI--,root,,,Sing,,-0.0496822544040705,O
přes,ADP,RR--4----------,case,Acc,,,,0.2109006784915102,O
angolské,ADJ,AANS4----1A----,amod,Acc,Neut,Sing,,0.3280647084572173,O
minové,ADJ,AANS4----1A----,amod,Acc,Neut,Sing,,0.1510054976839665,O
pole,NOUN,NNNS4-----A----,obl,Acc,Neut,Sing,,-0.4581796967857915,O
",",PUNCT,Z:-------------,punct,,,,,0.0347575837986636,O
aby,AUX,Vc-------------,aux,,,,,-0.1894366961783405,O
se,PRON,P7--4----------,obj,Acc,,,,-0.2056072666808268,O
znovu,ADV,Db-------------,advmod,,,,,-0.0044363086499532,O
spojil,VERB,VpYS----R-AAP--,advcl,,Masc,Sing,,0.2616215954341178,O
s,ADP,RR--7----------,case,Ins,,,,-0.1243197422266714,O
odkazem,NOUN,NNIS7-----A----,obl:arg,Ins,Masc,Sing,Inan,0.1119108439530214,O
prince,NOUN,NNMS2-----A----,nmod,Gen,Masc,Sing,Anim,-0.2457437151604063,O
Diany,PROPN,NNFS2-----A----,flat,Gen,Fem,Sing,,0.4857466123547061,B-pf
V,ADP,RR--6----------,case,Loc,,,,-0.3186362021670512,O
podstatě,NOUN,NNFS6-----A----,obl,Loc,Fem,Sing,,0.1779857616889155,O
mi,PRON,PH-S3--1-------,obl:arg,Dat,,Sing,,-0.0724974530456745,O
pod,ADP,RR--7----------,case,Ins,,,,-0.0039698444755687,O
záminkou,NOUN,NNFS7-----A----,obl,Ins,Fem,Sing,,0.0069252046231357,O
podpory,NOUN,NNFS2-----A----,nmod,Gen,Fem,Sing,,-0.0481371610520736,O
naznačovali,VERB,VpMP----R-AAI--,root,,Masc,Plur,Anim,0.1006059717450166,O
",",PUNCT,Z:-------------,punct,,,,,0.0690239107981449,O
že,SCONJ,"J,-------------",mark,,,,,-0.0620399860917159,O
oni,PRON,PEMP1--3-------,nsubj,Nom,Masc,Plur,Anim,-0.1227291634175901,O
byli,AUX,VpMP----R-AAI--,cop,,Masc,Plur,Anim,-0.0621701636730294,O
tou,DET,PDFS7----------,det,Ins,Fem,Sing,,-0.0018621297688814,O
hnací,ADJ,AAFS7----1A----,amod,Ins,Fem,Sing,,0.0755230755877524,O
silou,NOUN,NNFS7-----A----,ccomp,Ins,Fem,Sing,,0.1579012034727526,O
",",PUNCT,Z:-------------,punct,,,,,0.0423045922791009,O
která,DET,P4FS1----------,nsubj,Nom,Fem,Sing,,-0.2307573599838929,O
mě,PRON,PH-S4--1-------,obj,Acc,,Sing,,-0.1517395877528805,O
sem,ADV,Db-------------,advmod,,,,,-0.305820136472999,O
dostala,VERB,VpQW----R-AAP--,acl:relcl,,"Fem,Neut","Plur,Sing",,-0.0540769006141536,O
",",PUNCT,Z:-------------,punct,,,,,0.1389008130853055,O
ačkoli,SCONJ,"J,-------------",mark,,,,,0.0039587629877917,O
ve,ADP,RV--6----------,case,Loc,,,,-0.1329546002376329,O
skutečnosti,NOUN,NNFS6-----A----,obl,Loc,Fem,Sing,,-0.026811835324063,O
ani,PART,TT-------------,advmod:emph,,,,,-0.0946134174869792,O
nevěděli,VERB,VpMP----R-NAI--,advcl,,Masc,Plur,Anim,-0.0382047447564695,O
",",PUNCT,Z:-------------,punct,,,,,0.1126743626003807,O
že,SCONJ,"J,-------------",mark,,,,,-0.015948047747415,O
dělám,VERB,VB-S---1P-AAI--,ccomp,,,Sing,,-0.0968510068373185,O
tyto,DET,PDFP4----------,det,Acc,Fem,Plur,,0.0520981318618807,O
změny,NOUN,NNFP4-----A----,obj,Acc,Fem,Plur,,-0.0127250939195677,O
",",PUNCT,Z:-------------,punct,,,,,0.0915293931356634,O
dokud,SCONJ,"J,-------------",mark,,,,,0.1128536684332663,O
jsem,AUX,VB-S---1P-AAI--,aux,,,Sing,,-0.0368603887028237,O
už,ADV,Db-------------,advmod,,,,,-0.0564841913316857,O
neprošla,VERB,VpQW----R-NAP--,advcl,,"Fem,Neut","Plur,Sing",,-0.0174675228078538,O
RNY,NOUN,BNXXX-----A----,obj,,,,,0.2250082438698798,O
a,CCONJ,J^-------------,cc,,,,,-0.0103992216628775,O
nezhubla,VERB,VpQW----R-NAP-1,conj,,"Fem,Neut","Plur,Sing",,0.2327061038561658,O
hodně,ADV,Dg-------1A----,advmod,,,,,-0.0568229802229957,O
přes,ADP,RR--4----------,case,Acc,,,,-0.0685929927264734,O
100,NUM,C=-------------,nummod:gov,,,,,-0.0128778463997128,B-nc
liber,NOUN,NNFP2-----A----,nmod,Gen,Fem,Plur,,-0.1986346548572626,O
.,PUNCT,Z:-------------,punct,,,,,0.4331455903698966,O
Christie,PROPN,NNFXX-----A----,nsubj,,Fem,,,0.3090957786958405,B-P|B-pf
Hefnerová,PROPN,NNFS1-----A----,flat,Nom,Fem,Sing,,-0.0192079808777285,I-P|B-ps
",",PUNCT,Z:-------------,punct,,,,,0.0432950001423194,O
podnikatelka,NOUN,NNFS1-----A----,appos,Nom,Fem,Sing,,-0.0715501452487321,O
a,CCONJ,J^-------------,cc,,,,,-0.04576336094646,O
dcera,NOUN,NNFS1-----A----,conj,Nom,Fem,Sing,,-0.0408702224996669,O
zakladatele,NOUN,NNMS2-----A----,nmod,Gen,Masc,Sing,Anim,0.010895531789737,O
Playboye,NOUN,NNIS2-----A----,nmod,Gen,Masc,Sing,Inan,0.027595048777986,B-mn
Hugha,PROPN,NNMS2-----A----,flat,Gen,Masc,Sing,Anim,0.0027512889533958,B-P|B-pf
Hefnera,PROPN,NNMS2-----A----,flat,Gen,Masc,Sing,Anim,0.0840987685943925,I-P|B-ps
",",PUNCT,Z:-------------,punct,,,,,0.0692946237165117,O
říká,VERB,VB-S---3P-AAI--,root,,,Sing,,-0.1134271539948549,O
",",PUNCT,Z:-------------,punct,,,,,0.0142240300065824,O
že,SCONJ,"J,-------------",mark,,,,,0.0152085392824926,O
Průvodce,NOUN,NNMS1-----A----,nsubj,Nom,Masc,Sing,Anim,0.0447592485738413,O
přítelkyně,NOUN,NNFS1-----A----,nmod,Gen,Fem,Sing,,0.0313070468278382,O
uzavřením,NOUN,NNNS7-----A----,nmod,Ins,Neut,Sing,,0.0818903919965852,O
dohody“,NOUN,NNFP2-----A----,nmod,Gen,Fem,Plur,,-0.1250810539793854,O
je,AUX,VB-S---3P-AAI--,cop,,,Sing,,0.0584292579455047,O
velmi,ADV,Db-------------,advmod,,,,,-0.0928202936390205,O
zábavný,ADJ,AAIS1----1A----,ccomp,Nom,Masc,Sing,Inan,-0.0996703950509168,O
a,CCONJ,J^-------------,cc,,,,,-0.0193777514784079,O
zároveň,ADV,Db-------------,advmod,,,,,-0.0550999529166961,O
velmi,ADV,Db-------------,advmod,,,,,-0.0071441011407346,O
užitečný,ADJ,AAIS1----1A----,conj,Nom,Masc,Sing,Inan,-0.0571544653942104,O
.,PUNCT,Z:-------------,punct,,,,,0.1473213195304837,O
Melody,PROPN,NNFP1-----A----,nsubj,Nom,Fem,Plur,,0.1002043698458049,O
splétá,VERB,VB-S---3P-AAI--,root,,,Sing,,0.0113977535271481,O
osobní,ADJ,AAFP4----1A----,amod,Acc,Fem,Plur,,0.0942091385661754,O
anekdoty,NOUN,NNFP4-----A----,obj,Acc,Fem,Plur,,0.0412118059516055,O
",",PUNCT,Z:-------------,punct,,,,,0.1405694590630223,O
triumfy,NOUN,NNIP4-----A----,conj,Acc,Masc,Plur,Inan,-0.0103232490007268,O
a,CCONJ,J^-------------,cc,,,,,0.1276118738822671,O
nezdary,NOUN,NNIP4-----A----,conj,Acc,Masc,Plur,Inan,0.1040318558541915,O
s,ADP,RR--7----------,case,Ins,,,,0.0591551461949518,O
užitečnými,ADJ,AAFP7----1A----,amod,Ins,Fem,Plur,,0.05874844346632,O
lekcemi,NOUN,NNFP7-----A----,obl:arg,Ins,Fem,Plur,,0.064836233756775,O
.,PUNCT,Z:-------------,punct,,,,,0.0050567539255242,O
Od,ADP,RR--2----------,case,Gen,,,,0.0785576917433433,O
toho,DET,PDZS2----------,obl,Gen,"Masc,Neut",Sing,,-0.0567254414337218,O
",",PUNCT,Z:-------------,punct,,,,,0.0834958351156428,O
jak,ADV,Db-------------,advmod,,,,,0.0878766487071405,O
si,PRON,P7--3----------,obl,Dat,,,,0.105256616986589,O
osvojit,VERB,Vf--------A-P--,acl,,,,,0.0005259157456132,O
své,DET,P8YP4---------1,det,Acc,Masc,Plur,,-0.0208226610630162,O
nápady,NOUN,NNIP4-----A----,obj,Acc,Masc,Plur,Inan,-0.0392876942873885,O
na,ADP,RR--6----------,case,Loc,,,,0.1527256763650099,O
schůzce,NOUN,NNFS6-----A----,nmod,Loc,Fem,Sing,,0.034597239946609,O
až,PART,TT-------------,advmod:emph,,,,,0.0248034202464598,O
po,ADP,RR--4----------,case,Acc,,,,0.0165083535550046,O
dobu,NOUN,NNFS4-----A----,obl,Acc,Fem,Sing,,-0.230353530273283,O
",",PUNCT,Z:-------------,punct,,,,,0.1393568522826284,O
kdy,ADV,Db-------------,advmod,,,,,-0.0744775698426221,O
je,AUX,VB-S---3P-AAI--,acl:relcl,,,Sing,,0.0099254303052303,O
čas,NOUN,NNIS1-----A----,nsubj,Nom,Masc,Sing,Inan,-0.0944863865398991,O
se,PRON,P7--4----------,expl:pv,Acc,,,,0.1479988973886989,O
spřátelit“,VERB,Vf--------A-P--,acl,,,,,0.0499770190349132,O
",",PUNCT,Z:-------------,punct,,,,,0.0314127406862668,O
může,VERB,VB-S---3P-AAI--,root,,,Sing,,-5.386727949576892,O
každý,DET,AAMS1----1A----,nsubj,Nom,Masc,Sing,Anim,0.0609928828695442,O
těžit,VERB,Vf--------A-I--,xcomp,,,,,-0.1046517438703549,O
z,ADP,RR--2----------,case,Gen,,,,0.104577186077412,O
Melodiina,ADJ,AUIS2M---------,amod,Gen,Masc,Sing,Inan,0.0381061078919597,B-p_
příběhu,NOUN,NNIS2-----A----,obl:arg,Gen,Masc,Sing,Inan,0.0093716336779532,O
.,PUNCT,Z:-------------,punct,,,,,-0.0538686317718205,O
“,PUNCT,Z:-------------,punct,,,,,-0.2436894615275317,O
Nemůžeme,VERB,VB-P---1P-NAI--,root,,,Plur,,0.0361529736313089,O
dostat,VERB,Vf--------A-P--,xcomp,,,,,0.0065862054717577,O
zpátky,ADV,Db-------------,advmod,,,,,-0.116297637656072,O
žádné,DET,PWYP4----------,det,Acc,Masc,Plur,,-0.0379392507966216,O
peníze,NOUN,NNIP4-----A----,obj,Acc,Masc,Plur,Inan,-0.0716664573765287,O
a,CCONJ,J^-------------,cc,,,,,-0.0021778362353607,O
změnit,VERB,Vf--------A-P--,conj,,,,,-0.0670059585837619,O
firmu,NOUN,NNFS4-----A----,obj,Acc,Fem,Sing,,-0.0282005351485947,O
chtít,VERB,Vf--------A-I--,xcomp,,,,,-0.0794687562977716,O
dvojnásobek,NOUN,NNIS4-----A----,obj,Acc,Masc,Sing,Inan,0.0943051303240448,O
toho,DET,PDZS2----------,amod,Gen,"Masc,Neut",Sing,,0.0224419951279628,O
",",PUNCT,Z:-------------,punct,,,,,0.4707982229608496,O
co,PRON,PQ--4----------,obj,Acc,,,Inan,0.2553975133522001,O
jsem,AUX,VB-S---1P-AAI--,aux,,,Sing,,0.083747764881378,O
už,ADV,Db-------------,advmod,,,,,-0.0076618449061828,O
zaplatila,VERB,VpQW----R-AAP--,acl:relcl,,"Fem,Neut","Plur,Sing",,-0.0065382996148369,O
na,ADP,RR--6----------,case,Loc,,,,0.199243501789965,O
poplatcích,NOUN,NNIP6-----A----,obl,Loc,Masc,Plur,Inan,0.1030918658719154,O
.,PUNCT,Z:-------------,punct,,,,,-0.0379670800575802,O
Jsem,AUX,VB-S---1P-AAI--,cop,,,Sing,,-0.0546461510394773,O
velmi,ADV,Db-------------,advmod,,,,,0.1079275656705313,O
zklamaná,ADJ,AAFS1----1A----,root,Nom,Fem,Sing,,0.0548015902459283,O
a,CCONJ,J^-------------,cc,,,,,-0.0810948522581554,O
rozrušená,ADJ,AAFS1----1A----,conj,Nom,Fem,Sing,,0.0546687527845784,O
",",PUNCT,Z:-------------,punct,,,,,0.2677704203591377,O
když,SCONJ,"J,-------------",mark,,,,,0.1175684911075408,O
máme,VERB,VB-P---1P-AAI--,advcl,,,Plur,,0.2252396511614213,O
sbaleno,ADJ,VsNS----X-APP--,obj,,Neut,Sing,,0.0698057145296586,O
a,CCONJ,J^-------------,cc,,,,,0.105041611771952,O
jsme,AUX,VB-P---1P-AAI--,cop,,,Plur,,-0.1666309877218245,O
připraveni,ADJ,VsMP----X-APP--,conj,,Masc,Plur,Anim,0.0073741133385902,O
vyrazit,VERB,Vf--------A-P--,xcomp,,,,,0.0365627279937983,O
.,PUNCT,Z:-------------,punct,,,,,0.1988363898455931,O
“,PUNCT,Z:-------------,punct,,,,,0.202942271126156,O
Totéž,DET,PDNS4----------,obj,Acc,Neut,Sing,,0.0222357371726514,O
učinila,VERB,VpQW----R-AAP--,ccomp,,"Fem,Neut","Plur,Sing",,0.0441629106219352,O
v,ADP,RR--6----------,case,Loc,,,,0.4803700355687439,O
Madhjapradéši,PROPN,NNIS6-----A----,obl,Loc,Masc,Sing,Inan,0.2869443651894004,B-gc
",",PUNCT,Z:-------------,punct,,,,,0.2065575626147385,O
řekl,VERB,VpYS----R-AAP--,root,,Masc,Sing,,-0.2575433558555097,O
Kongres,NOUN,NNIS1-----A----,nsubj,Nom,Masc,Sing,Inan,0.4638888549484402,B-io
.,PUNCT,Z:-------------,punct,,,,,-0.0328164730446676,O
Když,SCONJ,"J,-------------",mark,,,,,0.0742353593927847,O
se,PRON,P7-X4----------,expl:pv,Acc,,,,0.1534340068264933,O
ptal,VERB,VpYS----R-AAI--,advcl,,Masc,Sing,,0.0535470541950432,O
na,ADP,RR--4----------,case,Acc,,,,0.0958258129790638,O
úmrtí,NOUN,NNNS4-----A----,obl:arg,Acc,Neut,Sing,,0.1134700423853458,O
",",PUNCT,Z:-------------,punct,,,,,0.0057775505485116,O
řekl,VERB,VpYS----R-AAP--,root,,Masc,Sing,,0.1804806845719333,O
policii,NOUN,NNFS3-----A----,obl:arg,Dat,Fem,Sing,,0.2547247424260226,O
:,PUNCT,Z:-------------,punct,,,,,0.0917786969543458,O
"""",PUNCT,Z:-------------,punct,,,,,0.0674044270180496,O
Mám,VERB,VB-S---1P-AAI--,root,,,Sing,,0.019694238144392,O
pocit,NOUN,NNIS4-----A----,obj,Acc,Masc,Sing,Inan,-0.1198099209122556,O
",",PUNCT,Z:-------------,punct,,,,,-0.5602041286295979,O
že,SCONJ,"J,-------------",mark,,,,,-0.3441661961998513,O
jsem,AUX,VB-S---1P-AAI--,aux,,,Sing,,-0.1574392646767202,O
splnil,VERB,VpYS----R-AAP--,acl,,Masc,Sing,,0.337243759721383,O
svou,DET,P8FS4---------1,det,Acc,Fem,Sing,,-0.1233144079549827,O
misi,NOUN,NNFS4-----A----,obj,Acc,Fem,Sing,,-0.0502172277065807,O
.,PUNCT,Z:-------------,punct,,,,,-0.0828073817363983,O
"""",PUNCT,Z:-------------,punct,,,,,-0.0685378164427902,O
"""",PUNCT,Z:-------------,punct,,,,,-0.0597358393758676,O
"""",PUNCT,Z:-------------,punct,,,,,0.0504542614022077,O
Melbournský,ADJ,AAMS1----1A----,amod,Nom,Masc,Sing,Anim,0.1264936077498669,O
Moula,PROPN,NNMS1-----A----,nsubj,Nom,Masc,Sing,Anim,0.0768400505081357,B-ps
se,PRON,P7-X4----------,expl:pv,Acc,,,,0.1766243577703358,O
také,ADV,Db-------------,advmod,,,,,-0.0948074299027062,O
účastní,VERB,VB-S---3P-AAI--,root,,,Sing,,0.0691884410625722,O
programu,NOUN,NNIS2-----A----,obl:arg,Gen,Masc,Sing,Inan,0.0041723828379849,O
a,CCONJ,J^-------------,cc,,,,,0.105910108180909,O
šéf,NOUN,NNMS1-----A----,nsubj,Nom,Masc,Sing,Anim,0.045183445394921,O
firmy,NOUN,NNFS2-----A----,nmod,Gen,Fem,Sing,,-0.1364479272471013,O
Aris,PROPN,NNMS1-----A----,flat,Nom,Masc,Sing,Anim,0.0166009882652577,B-P|B-pf
Allegos,PROPN,NNMS1-----A----,flat,Nom,Masc,Sing,Anim,0.0430751316277302,I-P|B-ps
řekl,VERB,VpYS----R-AAP--,conj,,Masc,Sing,,-0.0551698572068993,O
",",PUNCT,Z:-------------,punct,,,,,0.1522218561733234,O
že,SCONJ,"J,-------------",mark,,,,,-0.0488525360967248,O
přínos,NOUN,NNIS1-----A----,nsubj,Nom,Masc,Sing,Inan,0.0798962918052853,O
50procentní,ADJ,AAFS2----1A----,amod,Gen,Fem,Sing,,0.1692079526684811,O
záruky,NOUN,NNFS2-----A----,nmod,Gen,Fem,Sing,,0.4821927750873742,O
",",PUNCT,Z:-------------,punct,,,,,0.3525877216437509,O
implicitní,ADJ,AAIS1----1A----,amod,Nom,Masc,Sing,Inan,0.1620283687872275,O
ve,ADP,RV--6----------,case,Loc,,,,-0.02384701695423,O
vládním,ADJ,AAIS6----1A----,amod,Loc,Masc,Sing,Inan,0.0772789858854013,O
programu,NOUN,NNIS6-----A----,obl,Loc,Masc,Sing,Inan,0.0409657812221423,O
",",PUNCT,Z:-------------,punct,,,,,0.2333329086302502,O
by,AUX,Vc----------I--,aux,,,,,0.0089480333570998,O
měl,VERB,VpYS----R-AAI--,ccomp,,Masc,Sing,,0.0155262463789546,O
být,AUX,Vf--------A-I--,aux:pass,,,,,-0.0418941636287343,O
přenesen,ADJ,VsYS----X-APP--,ccomp,,Masc,Sing,,0.0165155405543063,O
na,ADP,RR--4----------,case,Acc,,,,0.2761717049490766,O
malé,ADJ,AAIP4----1A----,amod,Acc,Masc,Plur,Inan,0.0510968832583843,O
podniky,NOUN,NNIP4-----A----,obl,Acc,Masc,Plur,Inan,0.0310601136430722,O
",",PUNCT,Z:-------------,punct,,,,,0.2144906267627034,O
ale,CCONJ,J^-------------,cc,,,,,0.1118730144129199,O
různí,ADJ,AAMP1----1A----,amod,Nom,Masc,Plur,Anim,0.0615268593289585,O
věřitelé,NOUN,NNMP1-----A----,nsubj,Nom,Masc,Plur,Anim,-0.0681926691635898,O
to,DET,PDNS4----------,obj,Acc,Neut,Sing,,0.0090019539951966,O
řešili,VERB,VpMP----R-AAI--,conj,,Masc,Plur,Anim,-0.0466812266378666,O
různými,ADJ,AAIP7----1A----,amod,Ins,Masc,Plur,Inan,0.0319918467722232,O
způsoby,NOUN,NNIP7-----A----,obl,Ins,Masc,Plur,Inan,-0.0757910416965679,O
.,PUNCT,Z:-------------,punct,,,,,0.0163166995611284,O
Tyto,DET,PDFP1----------,det,Nom,Fem,Plur,,0.1071185992723361,O
další,ADJ,AAFP1----1A----,amod,Nom,Fem,Plur,,-0.0096945541599755,O
síly,NOUN,NNFP1-----A----,nsubj,Nom,Fem,Plur,,-0.0085871145210198,O
zahrnují,VERB,VB-P---3P-AAI--,root,,,Plur,,0.0248499207548737,O
dva,NUM,CnYP4----------,nummod,Acc,Masc,Plur,,-0.0454350486634893,O
Patriot,PROPN,NNIS4-----A----,nmod,Acc,Masc,Sing,Inan,0.0445764955356281,B-op
raketové,ADJ,AAFP4----1A----,amod,Acc,Fem,Plur,,0.1233818326024171,O
dělostřelecké,ADJ,AAFP4----1A----,amod,Acc,Fem,Plur,,0.0086198422330603,O
baterie,NOUN,NNFP4-----A----,obj,Acc,Fem,Plur,,-0.0071386680754366,O
a,CCONJ,J^-------------,cc,,,,,0.0101855983909709,O
jeden,NUM,CnIS4----------,nummod,Acc,Masc,Sing,Inan,0.0048072575342869,O
terminál,NOUN,NNIS4-----A----,conj,Acc,Masc,Sing,Inan,0.0290475830200232,O
High,X,F%-------------,nmod,,,,,-0.037244746047429,B-op
Altitude,X,F%-------------,flat:foreign,,,,,-0.0055369577034911,I-op
Area,X,F%-------------,flat:foreign,,,,,0.059326717537867,I-op
Defense,X,F%-------------,flat:foreign,,,,,-0.010355488202174,I-op
",",PUNCT,Z:-------------,punct,,,,,0.0056225930174932,O
nebo,CCONJ,J^-------------,cc,,,,,-0.0619407527591337,O
THAAD,NOUN,BNXXX-----A----,conj,,,,,-0.0302327398813535,B-op
raketový,ADJ,AAIS4----1A----,amod,Acc,Masc,Sing,Inan,0.2553343989008004,O
obranný,ADJ,AAIS4----1A----,amod,Acc,Masc,Sing,Inan,0.0083661541875183,O
systém,NOUN,NNIS4-----A----,nmod,Acc,Masc,Sing,Inan,-0.0285885840077763,O
.,PUNCT,Z:-------------,punct,,,,,-0.0286894161345286,O
Vždycky,ADV,Db-------------,advmod,,,,,-0.0433438639975658,O
jsem,AUX,VB-S---1P-AAI--,aux,,,Sing,,-0.0024111671364977,O
miloval,VERB,VpYS----R-AAI--,root,,Masc,Sing,,0.0397795885054182,O
",",PUNCT,Z:-------------,punct,,,,,0.1389700078799793,O
když,SCONJ,"J,-------------",mark,,,,,-0.0045097442648522,O
epizody,NOUN,NNFP1-----A----,nsubj,Nom,Fem,Plur,,0.0914822091018186,O
předvedly,VERB,VpTP----R-AAP--,ccomp,,"Fem,Masc",Plur,Inan,0.1352795677438674,O
dvojité,ADJ,AANS4----1A----,amod,Acc,Neut,Sing,,0.207549839640541,O
shuttlebays,X,F%-------------,obj,,,,,0.1236311091037145,O
v,ADP,RR--6----------,case,Loc,,,,0.0026525751332636,O
zadní,ADJ,AAFS6----1A----,amod,Loc,Fem,Sing,,-0.1840760217777738,O
části,NOUN,NNFS6-----A----,nmod,Loc,Fem,Sing,,-0.0146491942690692,O
střední,ADJ,AAFS2----1A----,amod,Gen,Fem,Sing,,-0.1319999579149473,O
části,NOUN,NNFS2-----A----,nmod,Gen,Fem,Sing,,0.1775216127850043,O
",",PUNCT,Z:-------------,punct,,,,,0.523463947720804,O
krk,NOUN,NNIS4-----A----,appos,Acc,Masc,Sing,Inan,0.1497437908552318,O
",",PUNCT,Z:-------------,punct,,,,,0.3249605886811151,O
nebo,CCONJ,J^-------------,cc,,,,,-0.0827836526208718,O
jak,ADV,Db-------------,advmod,,,,,0.1672521645944033,O
to,DET,PDNS4----------,obj,Acc,Neut,Sing,,0.1773948897509074,O
chcete,VERB,VB-P---2P-AAI--,conj,,,Plur,,-0.0900923555692708,O
nazvat,VERB,Vf--------A-P--,xcomp,,,,,-0.0578910983807785,O
.,PUNCT,Z:-------------,punct,,,,,-0.2874365635189391,O
Toto,DET,PDNS1----------,det,Nom,Neut,Sing,,-0.011868367519267,O
období,NOUN,NNNS1-----A----,nsubj,Nom,Neut,Sing,,0.014181568348533,O
by,AUX,Vc----------I--,aux,,,,,-0.0944131273569961,O
mohlo,VERB,VpNS----R-AAI--,root,,Neut,Sing,,-0.1222397953991656,O
trvat,VERB,Vf--------A-I--,xcomp,,,,,0.039073965607248,O
až,PART,TT-------------,advmod:emph,,,,,-0.049902206444115,O
dva,NUM,CnYP4----------,nummod,Acc,Masc,Plur,,0.032057617882903,O
roky,NOUN,NNIP4-----A----,obl,Acc,Masc,Plur,Inan,-0.1153498148031813,O
",",PUNCT,Z:-------------,punct,,,,,0.2401518444323405,O
a,CCONJ,J^-------------,cc,,,,,0.1085325289908732,O
pokud,SCONJ,"J,-------------",mark,,,,,0.019072444060886,O
systémy,NOUN,NNIP1-----A----,nsubj,Nom,Masc,Plur,Inan,-0.1264010944544639,O
vstoupí,VERB,VB-P---3P-AAP--,advcl,,,Plur,,0.3206997358793605,O
do,ADP,RR--2----------,case,Gen,,,,0.0348723681394226,O
PPF,NOUN,BNXXX-----A----,obl,,,,,0.1218404057352631,B-io
",",PUNCT,Z:-------------,punct,,,,,0.4144569857238335,O
bude,AUX,VB-S---3F-AAI--,aux,,,Sing,,0.117717028205501,O
mít,VERB,Vf--------A-I--,conj,,,,,0.2696066438994041,O
za,ADP,RR--4----------,case,Acc,,,,0.2379553120897917,O
následek,NOUN,NNIS4-----A----,obl:arg,Acc,Masc,Sing,Inan,0.1002950080925472,O
zhruba,ADV,Db-------------,advmod:emph,,,,,-0.1264586871845158,O
10,NUM,C=-------------,nummod:gov,,,,,0.0507809159336515,B-nc
.,PUNCT,Z:-------------,punct,,,,,0.0736152839482841,I-nc
000,NUM,C=-------------,nummod:gov,,,,,0.0343588949731351,I-nc
budoucích,ADJ,AAMP2----1A----,amod,Gen,Masc,Plur,Anim,0.047639991544646,O
důchodců,NOUN,NNMP2-----A----,obj,Gen,Masc,Plur,Anim,0.0159309479256015,O
",",PUNCT,Z:-------------,punct,,,,,0.0273382476951639,O
kteří,DET,P4MP1----------,nsubj,Nom,Masc,Plur,Anim,0.0885608833928788,O
mají,VERB,VB-P---3P-AAI--,acl:relcl,,,Plur,,-0.019705967512444,O
své,DET,P8FP4---------1,det,Acc,Fem,Plur,,-0.045149608610157,O
výplaty,NOUN,NNFP4-----A----,obj,Acc,Fem,Plur,,0.2156333747812936,O
snížit,VERB,Vf--------A-P--,xcomp,,,,,0.3312433904579163,O
o,ADP,RR--4----------,case,Acc,,,,-0.0806056935669346,O
10%,NUM,C=-------------,obl,,,,,-0.0185412717656797,B-nc
.,PUNCT,Z:-------------,punct,,,,,0.034362931671489,O
Jen,ADV,TT-------------,advmod:emph,,,,,-0.351826269791784,O
jsem,AUX,VB-S---1P-AAI--,aux,,,Sing,,0.1315202163828367,O
trochu,ADV,Db-------------,advmod,,,,,-0.0390870385698682,O
zesílil,VERB,VpYS----R-AAP--,root,,Masc,Sing,,0.0524826201225937,O
teplo,NOUN,NNNS4-----A----,obj,Acc,Neut,Sing,,0.0946134331677946,O
a,CCONJ,J^-------------,cc,,,,,-0.4324299207312859,O
šlo,VERB,VpNS----R-AAI--,conj,,Neut,Sing,,0.0294094032304542,O
to,DET,PDNS1----------,nsubj,Nom,Neut,Sing,,0.0239490014994533,O
.,PUNCT,Z:-------------,punct,,,,,0.6367693761257072,O
"""",PUNCT,Z:-------------,punct,,,,,0.1422231319692716,O
Byl,AUX,VpYS----R-AAI--,cop,,Masc,Sing,,-0.005790239620802,O
to,DET,PDNS1----------,nsubj,Nom,Neut,Sing,,-0.0405001433265757,O
tak,ADV,Db-------------,advmod,,,,,0.0080527747306424,O
trochu,ADV,Db-------------,advmod,,,,,-0.0272930559830339,O
Catch,X,F%-------------,ccomp,,,,,-0.0134016790964072,O
22,NUM,C=-------------,nummod,,,,,0.1763913823617713,B-n_
",",PUNCT,Z:-------------,punct,,,,,-0.0943913377319043,O
hlavní,ADJ,AAFP1----1A----,amod,Nom,Fem,Plur,,-0.1835859489470546,O
banky,NOUN,NNFP1-----A----,nsubj,Nom,Fem,Plur,,-0.0260634909480329,O
mají,VERB,VB-P---3P-AAI--,conj,,,Plur,,-0.086038355521115,O
přístup,NOUN,NNIS4-----A----,obj,Acc,Masc,Sing,Inan,0.0255841631475232,O
k,ADP,RR--3----------,case,Dat,,,,0.0172492560398282,O
financování,NOUN,NNNS3-----A----,nmod,Dat,Neut,Sing,,0.015142902945573,O
s,ADP,RR--7----------,case,Ins,,,,0.0364897186309672,O
nižšími,ADJ,AAIP7----2A----,amod,Ins,Masc,Plur,Inan,0.0253098794128485,O
náklady,NOUN,NNIP7-----A----,nmod,Ins,Masc,Plur,Inan,0.2321749712204224,O
",",PUNCT,Z:-------------,punct,,,,,0.205476074337963,O
ale,CCONJ,J^-------------,cc,,,,,-0.0008056267951479,O
jsou,AUX,VB-P---3P-AAI--,cop,,,Plur,,-0.0088677345989556,O
více,ADV,Dg-------2A----,advmod,,,,,-0.0166568933991166,O
averzní,ADJ,AAFP1----1A----,conj,Nom,Fem,Plur,,-0.0031240364412115,O
vůči,ADP,RR--3----------,case,Dat,,,,0.1304480639691506,O
riziku,NOUN,NNNS3-----A----,obl,Dat,Neut,Sing,,0.0774646416549488,O
",",PUNCT,Z:-------------,punct,,,,,-0.0568553566186618,O
takže,SCONJ,"J,-------------",mark,,,,,-0.138873535507869,O
ve,ADP,RV--6----------,case,Loc,,,,-0.0211190812370615,O
skutečnosti,NOUN,NNFS6-----A----,obl,Loc,Fem,Sing,,-0.0141864000613469,O
nechodí,VERB,VB-P---3P-NAI--,advcl,,,Plur,,-0.1079767978968908,O
půjčovat,VERB,Vf--------A-I--,xcomp,,,,,0.0270699355106106,O
stejným,ADJ,AAIS7----1A----,amod,Ins,Masc,Sing,Inan,-0.0727244311844095,O
způsobem,NOUN,NNIS7-----A----,obl,Ins,Masc,Sing,Inan,0.0260506432003179,O
",",PUNCT,Z:-------------,punct,,,,,0.0484427534146006,O
nemohou,VERB,VB-P---3P-NAI-1,conj,,,Plur,,0.0370580907298134,O
získat,VERB,Vf--------A-P--,xcomp,,,,,0.0189958301018386,O
přístup,NOUN,NNIS4-----A----,obj,Acc,Masc,Sing,Inan,-0.1549471786835048,O
k,ADP,RR--3----------,case,Dat,,,,0.0202071570309081,O
datům,NOUN,NNNP3-----A----,nmod,Dat,Neut,Plur,,-0.0180826627278202,O
a,CCONJ,J^-------------,cc,,,,,0.0057298163926759,O
nemohou,VERB,VB-P---3P-NAI-1,conj,,,Plur,,-0.0166927755495288,O
se,PRON,P7-X4----------,expl:pv,Acc,,,,-0.0428552045914541,O
cítit,VERB,Vf--------A-I--,xcomp,,,,,0.0352688169326736,O
pohodlně,ADV,Dg-------1A----,advmod,,,,,0.0751415946149709,O
",",PUNCT,Z:-------------,punct,,,,,-0.0925871544887612,O
pokud,SCONJ,"J,-------------",mark,,,,,-0.0312798118401177,O
nemáte,VERB,VB-P---2P-NAI--,advcl,,,Plur,,-0.0001706862540302,O
majetek,NOUN,NNIS4-----A----,obj,Acc,Masc,Sing,Inan,0.2091627448588575,O
",",PUNCT,Z:-------------,punct,,,,,0.057029635183183,O
"""",PUNCT,Z:-------------,punct,,,,,0.1572438782675903,O
"""",PUNCT,Z:-------------,punct,,,,,0.0466307450853348,O
řekl,VERB,VpYS----R-AAP--,root,,Masc,Sing,,0.0752458011358108,O
.,PUNCT,Z:-------------,punct,,,,,-0.0535112420087653,O
Dokud,SCONJ,"J,-------------",mark,,,,,0.0135896145172206,O
nebudeme,AUX,VB-P---1F-NAI--,aux,,,Plur,,-0.0353670910392603,O
mít,VERB,Vf--------A-I--,advcl,,,,,0.071546112041671,O
přístup,NOUN,NNIS4-----A----,obj,Acc,Masc,Sing,Inan,-0.0388303707381427,O
k,ADP,RR--3----------,case,Dat,,,,0.0641163492526563,O
levnějšímu,ADJ,AANS3----2A----,amod,Dat,Neut,Sing,,0.0040139206757829,O
financování,NOUN,NNNS3-----A----,nmod,Dat,Neut,Sing,,0.1988367116757016,O
",",PUNCT,Z:-------------,punct,,,,,0.1695469210954156,O
myslím,VERB,VB-S---1P-AAI--,root,,,Sing,,-0.0371440301585474,O
",",PUNCT,Z:-------------,punct,,,,,0.1146794000624257,O
že,SCONJ,"J,-------------",mark,,,,,-0.0515604509870986,O
na,ADP,RR--6----------,case,Loc,,,,0.1342512581158805,O
trhu,NOUN,NNIS6-----A----,obl,Loc,Masc,Sing,Inan,-0.0391956185926423,O
existuje,VERB,VB-S---3P-AAI--,ccomp,,,Sing,,-0.0676013266593856,O
fikce,NOUN,NNFS1-----A----,nsubj,Nom,Fem,Sing,,0.0582307504472407,O
o,ADP,RR--6----------,case,Loc,,,,-0.0521952051933495,O
tom,DET,PDZS6----------,det,Loc,"Masc,Neut",Sing,,-0.0270087786992093,O
",",PUNCT,Z:-------------,punct,,,,,0.0652218402752004,O
jak,ADV,Db-------------,advmod,,,,,0.1263355771499946,O
populární,ADJ,AAIS1----1A----,acl,Nom,Masc,Sing,Inan,-0.0204439173971531,O
bude,AUX,VB-S---3F-AAI--,cop,,,Sing,,0.0004575810514847,O
tento,DET,PDYS1----------,det,Nom,Masc,Sing,,-0.1412129981358061,O
program,NOUN,NNIS1-----A----,nsubj,Nom,Masc,Sing,Inan,-0.0113049861435469,O
.,PUNCT,Z:-------------,punct,,,,,-0.1434001548153456,O
"""",PUNCT,Z:-------------,root,,,,,0.0405446500527474,O
"""",PUNCT,Z:-------------,punct,,,,,0.1272836053694543,O
"""",PUNCT,Z:-------------,punct,,,,,-0.1280326841981268,O
S,ADP,RR--7----------,case,Ins,,,,-0.051540938186684,O
profesemi,NOUN,NNFP7-----A----,obl,Ins,Fem,Plur,,0.160133041213548,O
",",PUNCT,Z:-------------,punct,,,,,0.0035774871315006,O
jako,SCONJ,"J,-------------",mark,,,,,-0.0640742445314563,O
je,AUX,VB-S---3P-AAI--,acl,,,Sing,,-0.1394747123201452,O
shromažďování,NOUN,NNNS1-----A----,nsubj,Nom,Neut,Sing,,0.0350437108681112,O
",",PUNCT,Z:-------------,punct,,,,,0.043281363506539,O
zpracovává,VERB,VB-S---3P-AAI--,conj,,,Sing,,-0.0230706941513385,O
se,PRON,P7-X4----------,expl:pass,Acc,,,,-0.0697427568293749,O
",",PUNCT,Z:-------------,punct,,,,,0.0585894742581687,O
vaření,NOUN,NNNS1-----A----,conj,Nom,Neut,Sing,,-0.3328210072598085,O
",",PUNCT,Z:-------------,punct,,,,,0.1338168855065426,O
alchymie,NOUN,NNFS1-----A----,conj,Nom,Fem,Sing,,-0.0118789026483067,O
",",PUNCT,Z:-------------,punct,,,,,0.0249463684318453,O
výcvik,NOUN,NNIS1-----A----,conj,Nom,Masc,Sing,Inan,-0.0265905047978571,O
",",PUNCT,Z:-------------,punct,,,,,-0.0077363856829681,O
rybolov,NOUN,NNIS1-----A----,conj,Nom,Masc,Sing,Inan,0.1102328377899103,O
",",PUNCT,Z:-------------,punct,,,,,0.0053582649773534,O
lov,NOUN,NNIS1-----A----,conj,Nom,Masc,Sing,Inan,-0.076912523996335,O
",",PUNCT,Z:-------------,punct,,,,,0.0262902641100648,O
obchodování,NOUN,NNNS1-----A----,conj,Nom,Neut,Sing,,-0.0240908283001499,O
",",PUNCT,Z:-------------,punct,,,,,-0.015566444074972,O
zemědělství,NOUN,NNNS1-----A----,conj,Nom,Neut,Sing,,-0.053894642800771,O
",",PUNCT,Z:-------------,punct,,,,,-0.0714930523432745,O
a,CCONJ,J^-------------,cc,,,,,-0.205110640888599,O
plachtění,NOUN,NNNS1-----A----,conj,Nom,Neut,Sing,,-0.0095821545406669,O
",",PUNCT,Z:-------------,punct,,,,,-0.0244823215883082,O
můžete,VERB,VB-P---2P-AAI--,root,,,Plur,,0.0217968988603951,O
se,PRON,P7-X4----------,expl:pv,Acc,,,,-0.1782743789354146,O
rozhodnout,VERB,Vf--------A-P--,xcomp,,,,,-0.038947528251202,O
hrát,VERB,Vf--------A-I--,xcomp,,,,,-0.0347932039538798,O
Black,X,F%-------------,obj,,,,,0.0507377171274026,B-o_
Desert,X,F%-------------,flat:foreign,,,,,0.0333555967413815,I-o_
Online,X,F%-------------,flat:foreign,,,,,0.0643541464596112,I-o_
tak,ADV,Db-------------,advmod,,,,,-0.1061334362550457,O
",",PUNCT,Z:-------------,punct,,,,,0.0323076985285759,O
jak,ADV,Db-------------,advmod,,,,,-0.005113119506674,O
chcete,VERB,VB-P---2P-AAI--,advcl,,,Plur,,0.0139059614028797,O
.,PUNCT,Z:-------------,punct,,,,,0.316267333039079,O
Děkuji,VERB,VB-S---1P-AAI-1,root,,,Sing,,-0.073755549901183,O
vám,PRON,PP-P3--2-------,obl:arg,Dat,,Plur,,0.0404948583285409,O
za,ADP,RR--4----------,case,Acc,,,,0.0030678305505736,O
čas,NOUN,NNIS4-----A----,obl:arg,Acc,Masc,Sing,Inan,0.0692157630972187,O
mluvit,VERB,Vf--------A-I--,acl,,,,,-0.037985362459463,O
se,ADP,RV--7----------,case,Ins,,,,0.270872683772719,O
mnou,PRON,PP-S7--1-------,obl:arg,Ins,,Sing,,0.0479277799596557,O
dnes,ADV,Db-------------,advmod,,,,,0.0044300301011278,O
a,CCONJ,J^-------------,cc,,,,,0.0933043812015406,O
doufám,VERB,VB-S---1P-AAI--,conj,,,Sing,,-0.0855816471214149,O
",",PUNCT,Z:-------------,punct,,,,,0.1169414996484471,O
že,SCONJ,"J,-------------",mark,,,,,0.0224652551332597,O
se,PRON,P7-X4----------,expl:pv,Acc,,,,0.1422162007898786,O
mi,PRON,PH-S3--1-------,obl:arg,Dat,,Sing,,0.0495021878985967,O
podařilo,VERB,VpNS----R-AAP--,ccomp,,Neut,Sing,,0.0365437313801047,O
vyřešit,VERB,Vf--------A-P--,csubj,,,,,0.2713023317065922,O
váš,DET,PSIS4-P2-------,det,Acc,Masc,Sing,Inan,-0.02741377074172,O
dotaz,NOUN,NNIS4-----A----,obj,Acc,Masc,Sing,Inan,0.071146103841294,O
",",PUNCT,Z:-------------,punct,,,,,0.2118874992408556,O
pokud,SCONJ,"J,-------------",mark,,,,,0.0868370750724528,O
by,AUX,Vc----------I--,aux,,,,,0.0408893622020657,O
vám,PRON,PP-P3--2-------,obl:arg,Dat,,Plur,,0.0078864340219837,O
nevadilo,VERB,VpNS----R-NAI--,advcl,,Neut,Sing,,0.0434862854790235,O
hodnocení,NOUN,NNNS1-----A----,nsubj,Nom,Neut,Sing,,-0.0240674094792108,O
náš,DET,PSYS1-P1-------,det,Nom,Masc,Sing,,-0.1035136833952226,O
chat,NOUN,NNIS1-----A----,obj,Nom,Masc,Sing,Inan,-0.0942511588617832,O
dnes,ADV,Db-------------,advmod,,,,,0.0206954278353937,O
na,ADP,RR--6----------,case,Loc,,,,0.0872231659934173,O
základě,NOUN,NNIS6-----A----,fixed,Loc,Masc,Sing,Inan,-0.0755427107739269,O
mých,DET,PSXP2-S1-------,det,Gen,,Plur,,0.0334749072538156,O
dovedností,NOUN,NNFP2-----A----,obl,Gen,Fem,Plur,,0.0849181018175797,O
zákaznického,ADJ,AAIS2----1A----,amod,Gen,Masc,Sing,Inan,0.0004332142443269,O
servisu,NOUN,NNIS2-----A----,nmod,Gen,Masc,Sing,Inan,0.0706327665240748,O
bych,AUX,Vc----------Ic-,aux,,,Sing,,-0.0348445453378346,O
opravdu,ADV,Db-------------,advmod,,,,,0.0308702030852991,O
ocenil,VERB,VpYS----R-AAP--,conj,,Masc,Sing,,0.1194505403295536,O
",",PUNCT,Z:-------------,punct,,,,,0.2464368832419084,O
hodnocení,NOUN,NNNS4-----A----,obj,Acc,Neut,Sing,,-0.0646059651592998,O
tlačítko,NOUN,NNNS2-----A----,nmod,Gen,Neut,Sing,,0.0382280838633279,O
lze,VERB,VB-S---3P-AAI--,conj,,,Sing,,-0.08572970577474,O
nalézt,VERB,Vf--------A-P-1,csubj,,,,,0.0742576877468414,O
na,ADP,RR--6----------,case,Loc,,,,0.1301624648467291,O
tomto,DET,PDZS6----------,det,Loc,"Masc,Neut",Sing,,0.2133734230326108,O
chatu,NOUN,NNIS6-----A----,obl,Loc,Masc,Sing,Inan,0.1960875723865106,O
.,PUNCT,Z:-------------,punct,,,,,0.5821410207990254,O
Až,PART,TT-------------,advmod:emph,,,,,0.1081826471493593,O
dosud,ADV,Db-------------,advmod,,,,,-0.001365881204846,O
vláda,NOUN,NNFS1-----A----,nsubj,Nom,Fem,Sing,,-0.080449628374118,O
odmítá,VERB,VB-S---3P-AAI--,root,,,Sing,,0.0334514216820156,O
propustit,VERB,Vf--------A-P--,xcomp,,,,,-0.0400716984998613,O
téměř,ADV,Db-------------,advmod:emph,,,,,-0.0224482582722448,O
600,NUM,C=-------------,nummod:gov,,,,,0.2436632455661131,B-nc
vězňů,NOUN,NNMP2-----A----,obj,Gen,Masc,Plur,Anim,0.0251798489912234,O
Talibanu,PROPN,NNIS2-----A----,nmod,Gen,Masc,Sing,Inan,0.0259574762957503,B-io
",",PUNCT,Z:-------------,punct,,,,,0.3529832682205279,O
které,DET,P4YP4----------,obj,Acc,Masc,Plur,,-0.1199187822077608,O
nazývá,VERB,VB-S---3P-AAI--,acl:relcl,,,Sing,,-0.0316948259548189,O
vysoce,ADV,Db-------------,advmod,,,,,0.0675919530898054,O
postavené,ADJ,AAMP4----1A----,amod,Acc,Masc,Plur,Anim,0.2282836486347592,O
zločince,NOUN,NNMP4-----A----,obj,Acc,Masc,Plur,Anim,0.1515392770082054,O
a,CCONJ,J^-------------,cc,,,,,0.0526373650361898,O
nabídla,VERB,VpQW----R-AAP-1,conj,,"Fem,Neut","Plur,Sing",,-0.1095764533359071,O
svobodné,ADJ,AAFP4----1A----,amod,Acc,Fem,Plur,,0.0913447369165402,O
alternativy,NOUN,NNFP4-----A----,obj,Acc,Fem,Plur,,0.1341510847075669,O
.,PUNCT,Z:-------------,punct,,,,,0.0842718802460412,O
Během,ADP,RR--2----------,case,Gen,,,,-0.205264891170269,O
toho,DET,PDZS2----------,det,Gen,"Masc,Neut",Sing,,0.2689607997691686,O
incidentu,NOUN,NNIS2-----A----,obl,Gen,Masc,Sing,Inan,0.0012871394951713,O
rozhodčí,NOUN,NNMS1-----A----,nsubj,Nom,Masc,Sing,Anim,-0.0653611148378651,O
udělil,VERB,VpYS----R-AAP--,root,,Masc,Sing,,-0.1058417169714169,O
Williamsovi,PROPN,NNMS3-----A---1,obl:arg,Dat,Masc,Sing,Anim,0.0232406660156222,B-ps
tři,NUM,Cl-P4----------,nummod,Acc,,Plur,,-0.3020316757578601,O
porušení,NOUN,NNNP4-----A----,obj,Acc,Neut,Plur,,-0.164945291655326,O
kodexu,NOUN,NNIS2-----A----,nmod,Gen,Masc,Sing,Inan,0.0431618002832124,O
:,PUNCT,Z:-------------,punct,,,,,0.0911438638017282,O
Jeden,NUM,CnIS4----------,appos,Acc,Masc,Sing,Inan,0.0312974874791005,O
za,ADP,RR--4----------,case,Acc,,,,0.0923972341959274,O
nelegální,ADJ,AANS4----1N----,amod,Acc,Neut,Sing,,0.1161901316740514,O
trénování,NOUN,NNNS4-----A----,nmod,Acc,Neut,Sing,,-0.0904436021445526,O
",",PUNCT,Z:-------------,punct,,,,,0.1650783262736304,O
druhý,ADJ,CrIS4----------,conj,Acc,Masc,Sing,Inan,-0.1858184279226143,O
za,ADP,RR--4----------,case,Acc,,,,0.1122979158657901,O
to,DET,PDNS4----------,orphan,Acc,Neut,Sing,,-0.0381340014594497,O
",",PUNCT,Z:-------------,punct,,,,,0.0757926001734049,O
že,SCONJ,"J,-------------",mark,,,,,-0.0702769983314301,O
zklamaně,ADV,Dg-------1A----,advmod,,,,,0.0918209562446814,O
rozbila,VERB,VpQW----R-AAP--,acl,,"Fem,Neut","Plur,Sing",,0.0897411180969889,O
tenisovou,ADJ,AAFS4----1A----,amod,Acc,Fem,Sing,,0.0732900726113379,O
raketu,NOUN,NNFS4-----A----,obj,Acc,Fem,Sing,,0.1282755711648198,O
a,CCONJ,J^-------------,cc,,,,,-0.0743825127483483,O
třetí,ADJ,CrIS4----------,conj,Acc,Masc,Sing,Inan,-0.0957171191273449,O
poté,ADV,Db-------------,orphan,,,,,-0.068266868810328,O
",",PUNCT,Z:-------------,punct,,,,,0.1600951255570627,O
co,SCONJ,"J,-------------",mark,,,,,0.3114352533275726,O
se,PRON,P7-X4----------,expl:pv,Acc,,,,0.2795100439833537,O
postavila,VERB,VpQW----R-AAP--,orphan,,"Fem,Neut","Plur,Sing",,0.1342937529040119,O
rozhodčímu,NOUN,NNMS3-----A----,obl:arg,Dat,Masc,Sing,Anim,0.0847864175019528,O
a,CCONJ,J^-------------,cc,,,,,-0.0865067825310719,O
nazvala,VERB,VpQW----R-AAP--,conj,,"Fem,Neut","Plur,Sing",,0.0212863893083468,O
ho,PRON,P5ZS4--3-------,obj,Acc,"Masc,Neut",Sing,,-0.0955860552338598,O
zlodějem“,VERB,VB-P---1P-AAP--,xcomp,,,Plur,,0.0536390145370216,O
.,PUNCT,Z:-------------,punct,,,,,0.0659930619788133,O
Nejprve,ADV,Db-------------,root,,,,,0.3025342572023647,O
krátké,ADJ,AANS1----1A----,amod,Nom,Neut,Sing,,0.1453746291789283,O
zřeknutí,NOUN,NNNS1-----A----,dep,Nom,Neut,Sing,,0.1131010622317907,O
se,PRON,P7--4----------,nmod,Acc,,,,-0.1597267019637021,O
odpovědnosti,NOUN,NNFS2-----A----,nmod,Gen,Fem,Sing,,0.1717333892235724,O
:,PUNCT,Z:-------------,punct,,,,,0.1534454042324948,O
nejsem,AUX,VB-S---1P-NAI--,cop,,,Sing,,-0.1263229545600689,O
uživatel,NOUN,NNMS1-----A----,appos,Nom,Masc,Sing,Anim,-0.1672182466067885,O
účtu,NOUN,NNIS2-----A----,nmod,Gen,Masc,Sing,Inan,-0.0929410746485227,O
",",PUNCT,Z:-------------,punct,,,,,-0.0218088016503361,O
ale,CCONJ,J^-------------,cc,,,,,-0.0748557724356095,O
její,DET,P9FXXFS3-------,det,,Fem,,,-0.3237049212190211,O
manželka,NOUN,NNFS1-----A----,conj,Nom,Fem,Sing,,0.1247122690074263,O
.,PUNCT,Z:-------------,punct,,,,,0.334049606497721,O
Je,AUX,VB-S---3P-AAI--,cop,,,Sing,,0.2159869071337995,O
to,DET,PDNS1----------,nsubj,Nom,Neut,Sing,,0.0748824049157823,O
jedno,NUM,CnNS1----------,ccomp,Nom,Neut,Sing,,-0.0644743995233105,O
z,ADP,RR--2----------,case,Gen,,,,0.0979950066385936,O
prvních,ADJ,CrNP2----------,amod,Gen,Neut,Plur,,-0.0216875189002872,O
komerčních,ADJ,AANP2----1A----,amod,Gen,Neut,Plur,,-0.0533639740633192,O
využití,NOUN,NNNP2-----A----,nmod,Gen,Neut,Plur,,-0.0925036375949837,O
investic,NOUN,NNFP2-----A---1,nmod,Gen,Fem,Plur,,-0.0891796240635569,O
do,ADP,RR--2----------,case,Gen,,,,0.2111034796451703,O
prevence,NOUN,NNFS2-----A----,nmod,Gen,Fem,Sing,,0.1526902738167225,O
finanční,ADJ,AAFS2----1A----,amod,Gen,Fem,Sing,,-0.049575736759686,O
kriminality,NOUN,NNFS2-----A----,nmod,Gen,Fem,Sing,,-0.0358500384459883,O
a,CCONJ,J^-------------,cc,,,,,0.3852052399679556,O
obchod,NOUN,NNIS1-----A----,nsubj,Nom,Masc,Sing,Inan,0.1333149440316161,O
",",PUNCT,Z:-------------,punct,,,,,0.1682843970982136,O
který,DET,P4IS4----------,obj,Acc,Masc,Sing,Inan,0.1796836643785013,O
tímto,DET,PDZS7----------,det,Ins,"Masc,Neut",Sing,,0.0746703321349392,O
způsobem,NOUN,NNIS7-----A----,obl,Ins,Masc,Sing,Inan,0.1029581325345446,O
získáváme,VERB,VB-P---1P-AAI--,acl:relcl,,,Plur,,0.0864427316241332,O
",",PUNCT,Z:-------------,punct,,,,,0.0592103433878145,O
je,AUX,VB-S---3P-AAI--,cop,,,Sing,,-0.15646680523406,O
ze,ADP,RV--2----------,case,Gen,,,,0.1799448898586376,O
své,DET,P8FS2---------1,det,Gen,Fem,Sing,,-0.0224502500303491,O
podstaty,NOUN,NNFS2-----A----,obl,Gen,Fem,Sing,,0.0276995577837732,O
méně,ADV,Dg-------2A----,advmod,,,,,-0.10920771370853,O
riskantní,ADJ,AAIS1----1A----,conj,Nom,Masc,Sing,Inan,0.1470980493578415,O
a,CCONJ,J^-------------,cc,,,,,0.1531159454446223,O
rychlejší,ADJ,AAIS1----2A----,conj,Nom,Masc,Sing,Inan,0.0400053783888076,O
na,ADP,RR--4----------,case,Acc,,,,0.0217018982841915,O
to,DET,PDNS4----------,obl,Acc,Neut,Sing,,0.0259024603823499,O
",",PUNCT,Z:-------------,punct,,,,,-0.0612606234120156,O
abychom,AUX,Vc-P---1-------,aux,,,Plur,,-0.0465357257006253,O
vyhráli,VERB,VpMP----R-AAP--,acl,,Masc,Plur,Anim,-0.1149624168806096,O
",",PUNCT,Z:-------------,punct,,,,,-0.0865123059567658,O
“,PUNCT,Z:-------------,punct,,,,,-0.3393761526960651,O
řekl,VERB,VpYS----R-AAP--,root,,Masc,Sing,,-0.1274746182686639,O
Stuart,PROPN,NNMS1-----A----,nsubj,Nom,Masc,Sing,Anim,0.0122560258218666,B-P|B-pf
Nivison,PROPN,NNMS1-----A----,flat,Nom,Masc,Sing,Anim,0.001936124416904,I-P|B-ps
",",PUNCT,Z:-------------,punct,,,,,0.083391487716764,O
globální,ADJ,AAMS1----1A----,amod,Nom,Masc,Sing,Anim,0.1031692461646428,O
šéf,NOUN,NNMS1-----A----,appos,Nom,Masc,Sing,Anim,-0.0950205853505233,O
bankovní,ADJ,AAFS2----1A----,amod,Gen,Fem,Sing,,-0.0649335864409786,O
sítě,NOUN,NNFS2-----A----,nmod,Gen,Fem,Sing,,-0.0365225328875826,O
klientů,NOUN,NNMP2-----A----,nmod,Gen,Masc,Plur,Anim,0.0610186268922487,O
HSBC,NOUN,BNXXX-----A----,nmod,,,,,0.0333892660445322,B-if
.,PUNCT,Z:-------------,punct,,,,,-0.1327388655383733,O
Patří,VERB,VB-S---3P-AAI--,root,,,Sing,,0.3700748585876058,O
mezi,ADP,RR--4----------,case,Acc,,,,-0.2235021122051679,O
ně,PRON,PEXP4--3------1,obl,Acc,,Plur,,-0.1397532838398641,O
zavedení,NOUN,NNNS1-----A----,nsubj,Nom,Neut,Sing,,-0.120259954009472,O
technologie,NOUN,NNFS2-----A----,nmod,Gen,Fem,Sing,,-0.0493017407180341,O
rozpoznávání,NOUN,NNNS2-----A----,nmod,Gen,Neut,Sing,,-0.0288474730342434,O
obličejů,NOUN,NNIP2-----A----,nmod,Gen,Masc,Plur,Inan,0.0490638172745991,O
",",PUNCT,Z:-------------,punct,,,,,0.0252054232366178,O
která,DET,P4FS1----------,nsubj,Nom,Fem,Sing,,-0.2515901662562825,O
nutí,VERB,VB-S---3P-AAI--,acl:relcl,,,Sing,,0.0169378397406284,O
technologické,ADJ,AAFP4----1A----,amod,Acc,Fem,Plur,,0.0210449552668492,O
společnosti,NOUN,NNFP4-----A----,obj,Acc,Fem,Plur,,-0.0817556952345582,O
dešifrovat,VERB,Vf--------A-B--,xcomp,,,,,0.0098420295058439,O
informace,NOUN,NNFP4-----A----,obj,Acc,Fem,Plur,,-0.20693089517388,O
uchovávané,ADJ,AAFP4----1A----,amod,Acc,Fem,Plur,,0.0159300025141622,O
v,ADP,RR--6----------,case,Loc,,,,-0.0016796562398311,O
počítačových,ADJ,AAIP6----1A----,amod,Loc,Masc,Plur,Inan,0.0113204456056152,O
systémech,NOUN,NNIP6-----A----,obl,Loc,Masc,Plur,Inan,-0.009666873644853,O
svých,DET,P8XP2----------,det,Gen,,Plur,,-0.1363806357059864,O
zákazníků,NOUN,NNMP2-----A----,nmod,Gen,Masc,Plur,Anim,-0.1845912878814366,O
",",PUNCT,Z:-------------,punct,,,,,0.1599932094415271,O
nutí,VERB,VB-S---3P-AAI--,conj,,,Sing,,-0.0262465464612906,O
technologické,ADJ,AAFP4----1A----,amod,Acc,Fem,Plur,,0.0408921320588138,O
společnosti,NOUN,NNFP4-----A----,obj,Acc,Fem,Plur,,-0.0197266191523876,O
poskytovat,VERB,Vf--------A-I--,xcomp,,,,,-0.0494829181959484,O
přístup,NOUN,NNIS4-----A----,obj,Acc,Masc,Sing,Inan,-0.0308671212998715,O
k,ADP,RR--3----------,case,Dat,,,,0.0016544240459088,O
cloudovým,ADJ,AAFP3----1A----,amod,Dat,Fem,Plur,,0.0657022513570096,O
informacím,NOUN,NNFP3-----A----,nmod,Dat,Fem,Plur,,-0.0526683390353714,O
svých,DET,P8XP2----------,det,Gen,,Plur,,-0.0486878908047221,O
zákazníků,NOUN,NNMP2-----A----,nmod,Gen,Masc,Plur,Anim,0.043361006474316,O
bez,ADP,RR--2----------,case,Gen,,,,0.0629362180787295,O
oznámení,NOUN,NNNS2-----A----,obl,Gen,Neut,Sing,,-0.0491030665263149,O
vlastníkovi,NOUN,NNMS3-----A----,nmod,Dat,Masc,Sing,Anim,-0.0262250831452758,O
informací,NOUN,NNFP2-----A----,nmod,Gen,Fem,Plur,,-0.1990918644878191,O
a,CCONJ,J^-------------,cc,,,,,-0.2741317697805749,O
rozšiřuje,VERB,VB-S---3P-AAI--,conj,,,Sing,,0.0397514897177422,O
povinné,ADJ,AAFP4----1A----,amod,Acc,Fem,Plur,,0.0747808204952441,O
vyšetřovací,ADJ,AAFP4----1A----,amod,Acc,Fem,Plur,,0.0295759115679253,O
pravomoci,NOUN,NNFP4-----A----,obj,Acc,Fem,Plur,,-0.0419626882523776,O
ASIO,NOUN,BNXXX-----A----,nmod,,,,,0.0058459369615632,B-if
.,PUNCT,Z:-------------,punct,,,,,0.1861047133477152,O
Korespondenti,NOUN,NNMP1-----A----,nsubj,Nom,Masc,Plur,Anim,0.0851516560700263,O
říkají,VERB,VB-P---3P-AAI--,root,,,Plur,,-0.0756819082301652,O
",",PUNCT,Z:-------------,punct,,,,,0.2774659492731016,O
že,SCONJ,"J,-------------",mark,,,,,-0.2030708558747846,O
letošní,ADJ,AAFS1----1A----,amod,Nom,Fem,Sing,,0.0815867275042506,O
událost,NOUN,NNFS1-----A----,nsubj:pass,Nom,Fem,Sing,,0.0443025426696959,O
byla,AUX,VpQW----R-AAI--,aux:pass,,"Fem,Neut","Plur,Sing",,0.2137729165111677,O
podpořena,ADJ,VsQW----X-APP--,ccomp,,"Fem,Neut","Plur,Sing",,0.2775868242626624,O
hněvem,NOUN,NNIS7-----A----,obl:arg,Ins,Masc,Sing,Inan,0.3028884862244346,O
nad,ADP,RR--7----------,case,Ins,,,,0.5552091764702201,O
policejními,ADJ,AAIP7----1A----,amod,Ins,Masc,Plur,Inan,0.0992658519516661,O
zásahy,NOUN,NNIP7-----A----,nmod,Ins,Masc,Plur,Inan,-0.0467120232498868,O
během,ADP,RR--2----------,case,Gen,,,,-0.0865345921544702,O
uzamčení,NOUN,NNNS2-----A----,nmod,Gen,Neut,Sing,,0.1186145315625853,O
Covid-19,PROPN,NNIS1-----A----,nmod,Nom,Masc,Sing,Inan,0.2382042377814736,B-o_
.,PUNCT,Z:-------------,punct,,,,,0.1823225029431082,O
Myslím,VERB,VB-S---1P-AAI--,root,,,Sing,,0.0633364217119098,O
",",PUNCT,Z:-------------,punct,,,,,0.1000414226858889,O
že,SCONJ,"J,-------------",mark,,,,,0.0279791256416257,O
položky,NOUN,NNFP4-----A----,obj,Acc,Fem,Plur,,-0.0030467075074742,O
by,AUX,Vc----------I--,aux,,,,,-0.1016908628119641,O
skenovaly,VERB,VpTP----R-AAI--,ccomp,,"Fem,Masc",Plur,Inan,-0.0060015252265158,O
",",PUNCT,Z:-------------,punct,,,,,0.0734245942199517,O
ale,CCONJ,J^-------------,cc,,,,,-0.4311628466688015,O
v,ADP,RR--6----------,case,Loc,,,,-0.1712284592262791,O
žádném,DET,PWZS6----------,det,Loc,"Masc,Neut",Sing,,-0.0806220550144397,O
případě,NOUN,NNIS6-----A----,obl,Loc,Masc,Sing,Inan,0.2178890836133858,O
bychom,AUX,Vc----------Im-,aux,,,Plur,,0.0232010719963212,O
nevěřili,VERB,VpMP----R-NAI--,conj,,Masc,Plur,Anim,-0.0383804306728151,O
zákazníkům,NOUN,NNMP3-----A----,obl:arg,Dat,Masc,Plur,Anim,-0.0611499114724188,O
",",PUNCT,Z:-------------,punct,,,,,-0.0029935960725368,O
že,SCONJ,"J,-------------",mark,,,,,-0.0243293459643725,O
zaplatí,VERB,VB-P---3P-AAP--,ccomp,,,Plur,,-0.0810495106066865,O
později,ADV,Dg-------2A----,advmod,,,,,0.1486956497290483,O
.,PUNCT,Z:-------------,punct,,,,,-0.014341463446038,O
Nebudu,AUX,VB-S---1F-NAI--,aux,,,Sing,,0.0125774372027841,O
vylučovat,VERB,Vf--------A-I--,root,,,,,0.4370492801143076,O
",",PUNCT,Z:-------------,punct,,,,,-0.0267621904185052,O
že,SCONJ,"J,-------------",mark,,,,,-0.242836201114347,O
existují,VERB,VB-P---3P-AAI--,ccomp,,,Plur,,0.0146953222365966,O
obrovské,ADJ,AAFP1----1A----,amod,Nom,Fem,Plur,,-0.0349687900381641,O
skupiny,NOUN,NNFP1-----A----,nsubj,Nom,Fem,Plur,,0.1752734011926128,O
lidí,NOUN,NNMP2-----A----,nmod,Gen,Masc,Plur,Anim,0.0371167967839414,O
",",PUNCT,Z:-------------,punct,,,,,-0.0433146337213095,O
kteří,DET,P4MP1----------,nsubj,Nom,Masc,Plur,Anim,0.0272045578131211,O
nepraktikují,VERB,VB-P---3P-NAI--,acl:relcl,,,Plur,,0.2585582324099675,O
kritické,ADJ,AANS4----1A----,amod,Acc,Neut,Sing,,0.1271814576226081,O
myšlení,NOUN,NNNS4-----A----,obj,Acc,Neut,Sing,,0.2072615411841311,O
",",PUNCT,Z:-------------,punct,,,,,-0.0113884634055845,O
ale,CCONJ,J^-------------,cc,,,,,0.3089395006924957,O
tak,ADV,Db-------------,advmod,,,,,-0.1017676255244445,O
či,CCONJ,J^-------------,cc,,,,,-0.0726405147327285,O
tak,ADV,Db-------------,conj,,,,,-0.0512762400534334,O
",",PUNCT,Z:-------------,punct,,,,,0.1035130844350695,O
dokázat,VERB,Vf--------A-P--,csubj,,,,,0.0523431234320036,O
",",PUNCT,Z:-------------,punct,,,,,0.0169045117449581,O
že,SCONJ,"J,-------------",mark,,,,,-0.0958264663445414,O
je,AUX,VB-S---3P-AAI--,cop,,,Sing,,-0.1147375924752571,O
špatné,ADJ,AANS1----1A----,ccomp,Nom,Neut,Sing,,-0.0715960170798098,O
",",PUNCT,Z:-------------,punct,,,,,-0.0627884890707436,O
není,AUX,VB-S---3P-NAI--,cop,,,Sing,,-0.0297752366885832,O
zárukou,NOUN,NNFS7-----A----,conj,Ins,Fem,Sing,,0.337982240760075,O
",",PUNCT,Z:-------------,punct,,,,,0.0528727958224247,O
že,SCONJ,"J,-------------",mark,,,,,-0.109388061189934,O
chřadne,VERB,VB-S---3P-AAI--,csubj,,,Sing,,-0.0245380968599813,O
.,PUNCT,Z:-------------,punct,,,,,0.2710316228493686,O
Předseda,NOUN,NNMS1-----A----,root,Nom,Masc,Sing,Anim,0.0904473306155149,O
",",PUNCT,Z:-------------,punct,,,,,-0.2212661177158766,O
dva,NUM,CnYP1----------,nummod,Nom,Masc,Plur,,0.1520044052888576,O
jaderné,ADJ,AAFP1----1A----,amod,Nom,Fem,Plur,,0.0779584933880665,O
bomby,NOUN,NNFP1-----A----,nsubj:pass,Nom,Fem,Plur,,-0.0445767928535626,O
byly,AUX,VpTP----R-AAI--,aux:pass,,"Fem,Masc",Plur,Inan,-0.069589384567626,O
odpáleny,ADJ,VsTP----X-APP--,conj,,"Fem,Masc",Plur,Inan,0.1949266448690932,O
nad,ADP,RR--7----------,case,Ins,,,,0.3925640480594161,O
Hirošimou,PROPN,NNFS7-----A----,obl,Ins,Fem,Sing,,0.101267977780247,B-gu
a,CCONJ,J^-------------,cc,,,,,-0.1069673175868863,O
Nagasaki,PROPN,NNNXX-----A----,conj,,Neut,,,-0.0135324030103983,B-gu
",",PUNCT,Z:-------------,punct,,,,,0.4097944591931898,O
zabíjely,VERB,VpTP----R-AAI--,conj,,"Fem,Masc",Plur,Inan,0.3181737611637376,O
desítky,NOUN,NNFP4-----A----,obj,Acc,Fem,Plur,,0.1255564763703544,O
tisíc,DET,CzIXX----------,det,,Masc,,Inan,-0.1467457170791864,O
lidí,NOUN,NNMP2-----A----,nmod,Gen,Masc,Plur,Anim,-0.0765867121973952,O
.,PUNCT,Z:-------------,punct,,,,,-0.0232791865005106,O
Muž,NOUN,NNMS1-----A----,nsubj,Nom,Masc,Sing,Anim,-0.0896308341295535,O
oblečený,ADJ,AAMS1----1A----,amod,Nom,Masc,Sing,Anim,0.120052296371835,O
do,ADP,RR--2----------,case,Gen,,,,-0.1230039570352025,O
listnatého,ADJ,AAIS2----1A----,amod,Gen,Masc,Sing,Inan,-0.0199481076465728,O
maskovacího,ADJ,AAIS2----1A----,amod,Gen,Masc,Sing,Inan,-0.0358738104169273,O
obleku,NOUN,NNIS2-----A----,obl,Gen,Masc,Sing,Inan,-0.0527392767477589,O
Ghillie,PROPN,NNFXX-----A----,nmod,,Fem,,,0.0239758879177466,B-p_
popadl,VERB,VpYS----R-AAP-1,root,,Masc,Sing,,0.0993686097375974,O
tehdy,ADV,Db-------------,advmod,,,,,-0.1294119065401259,O
dvanáctiletou,ADJ,AAFS4----1A----,amod,Acc,Fem,Sing,,0.762094270325254,O
dívku,NOUN,NNFS4-----A----,obj,Acc,Fem,Sing,,0.2052716845946122,O
zezadu,ADV,Db-------------,advmod,,,,,-0.003003501026457,O
a,CCONJ,J^-------------,cc,,,,,-0.0270824383132033,O
odtáhl,VERB,VpYS----R-AAP-1,conj,,Masc,Sing,,0.0446127801979472,O
ji,PRON,PEFS4--3-------,obj,Acc,Fem,Sing,,-0.0710653356066364,O
do,ADP,RR--2----------,case,Gen,,,,-0.0479785899061794,O
buše,NOUN,NNFS2-----A----,obl,Gen,Fem,Sing,,0.0011759824466875,O
",",PUNCT,Z:-------------,punct,,,,,0.2503952350472429,O
když,SCONJ,"J,-------------",mark,,,,,-0.032345759631185,O
se,PRON,P7-X4----------,expl:pv,Acc,,,,0.1025715067779678,O
v,ADP,RR--6----------,case,Loc,,,,0.0377290527521033,O
květnu,NOUN,NNIS6-----A----,obl,Loc,Masc,Sing,Inan,0.057397699456735,B-T|B-tm
2017,NUM,C=-------------,nummod,,,,,0.132110910567583,I-T|B-ty
vydala,VERB,VpQW----R-AAP--,advcl,,"Fem,Neut","Plur,Sing",,0.0251381560301082,O
do,ADP,RR--2----------,case,Gen,,,,-0.1482412042741903,O
školy,NOUN,NNFS2-----A----,obl,Gen,Fem,Sing,,0.0233978143102611,O
na,ADP,RR--6----------,case,Loc,,,,0.0022699050639015,O
centrálním,ADJ,AANS6----1A----,amod,Loc,Neut,Sing,,0.1661468963985648,O
pobřeží,NOUN,NNNS6-----A----,obl,Loc,Neut,Sing,,0.0566148054533165,O
státu,NOUN,NNIS2-----A----,nmod,Gen,Masc,Sing,Inan,0.162223150334557,O
.,PUNCT,Z:-------------,punct,,,,,0.1830096037376838,O
Vrahy,NOUN,NNIP1-----A----,nsubj:pass,Nom,Masc,Plur,Inan,-0.0154936032238904,O
jsou,AUX,VB-P---3P-AAI--,aux:pass,,,Plur,,0.1814747008333162,O
obvykle,ADV,Dg-------1A----,advmod,,,,,0.2161371564770158,O
prováděny,ADJ,VsTP----X-API--,root,,"Fem,Masc",Plur,Inan,0.0350796636945412,O
blízkým,ADJ,AAMS7----1A----,amod,Ins,Masc,Sing,Anim,0.0270398330457842,O
příbuzným,NOUN,NNMS7-----A----,obl:arg,Ins,Masc,Sing,Anim,0.0944676508614947,O
.,PUNCT,Z:-------------,punct,,,,,0.0349782588600466,O
V,ADP,RR--6----------,case,Loc,,,,0.1079894087600118,O
Pákistánu,PROPN,NNIS6-----A----,obl,Loc,Masc,Sing,Inan,0.2452957112538631,B-gc
je,AUX,VB-S---3P-AAI--,root,,,Sing,,-0.0420486401811821,O
Qisas,PROPN,NNIS1-----A----,nsubj,Nom,Masc,Sing,Inan,0.1956699566383189,O
(,PUNCT,Z:-------------,punct,,,,,0.1151678465154088,O
krevní,ADJ,AAIP1----1A----,amod,Nom,Masc,Plur,Inan,0.2606944388391831,O
peníze,NOUN,NNIP1-----A----,appos,Nom,Masc,Plur,Inan,-0.0439769068272884,O
),PUNCT,Z:-------------,punct,,,,,0.2349145198319404,O
a,CCONJ,J^-------------,cc,,,,,0.0959055972386999,O
Diyat,PROPN,NNIS1-----A----,conj,,,,,0.5624261342815665,O
(,PUNCT,Z:-------------,punct,,,,,0.1801913607931166,O
retribuce,NOUN,NNFS1-----A----,appos,Nom,Fem,Sing,,0.0397295099940349,O
),PUNCT,Z:-------------,punct,,,,,0.1078978351678416,O
práva,NOUN,NNNS2-----A----,nmod,Gen,Neut,Sing,,0.2445043514760993,O
",",PUNCT,Z:-------------,punct,,,,,0.1247055225771218,O
pak,ADV,Db-------------,advmod,,,,,0.1881422601591921,O
mohou,VERB,VB-P---3P-AAI-1,conj,,,Plur,,-0.1363335649145562,O
hledat,VERB,Vf--------A-I--,xcomp,,,,,-0.1273094041988661,O
odpuštění,NOUN,NNNS4-----A----,obj,Acc,Neut,Sing,,0.0453079961518636,O
z,ADP,RR--2----------,case,Gen,,,,0.1365081588574969,O
příbuzných,NOUN,NNMP2-----A----,obl,Gen,Masc,Plur,Anim,0.1199298000754962,O
oběti,NOUN,NNFS2-----A----,nmod,Gen,Fem,Sing,,0.1389513062334894,O
.,PUNCT,Z:-------------,punct,,,,,-0.1385477693556345,O
Agentura,NOUN,NNFS1-----A----,nsubj,Nom,Fem,Sing,,0.1857978458283579,O
AP,NOUN,BNXXX-----A----,nmod,,,,,0.0609000312190126,B-mn
se,PRON,P7-X4----------,expl:pv,Acc,,,,0.0079071363451526,O
nezmínila,VERB,VpQW----R-NAP--,root,,"Fem,Neut","Plur,Sing",,0.0045998903363705,O
o,ADP,RR--6----------,case,Loc,,,,0.0052193048906351,O
tom,DET,PDZS6----------,obl:arg,Loc,"Masc,Neut",Sing,,-0.1450750968907429,O
",",PUNCT,Z:-------------,punct,,,,,0.3351483274752656,O
že,SCONJ,"J,-------------",mark,,,,,0.1781957104924886,O
na,ADP,RR--6----------,case,Loc,,,,-0.0739370035576329,O
brífincích,NOUN,NNIP6-----A----,obl,Loc,Masc,Plur,Inan,0.0936397560698846,O
se,PRON,P7-X4----------,expl:pass,Acc,,,,0.0505014087453995,O
ve,ADP,RV--6----------,case,Loc,,,,0.0075639795112341,O
skutečnosti,NOUN,NNFS6-----A----,obl,Loc,Fem,Sing,,0.068973425855722,O
nehledaly,VERB,VpTP----R-NAI--,acl,,"Fem,Masc",Plur,Inan,0.1111771677334095,O
téměř,ADV,Db-------------,advmod:emph,,,,,-0.0670985589650532,O
žádné,DET,PWFP1----------,det,Nom,Fem,Plur,,0.0492363420682094,O
nové,ADJ,AAFP1----1A----,amod,Nom,Fem,Plur,,0.1158489170418268,O
informace,NOUN,NNFP1-----A----,nsubj:pass,Nom,Fem,Plur,,0.0785118367648567,O
.,PUNCT,Z:-------------,punct,,,,,0.6859824046904627,O
Pokaždé,ADV,Db-------------,advmod,,,,,0.0666305886990176,O
",",PUNCT,Z:-------------,punct,,,,,0.3781110380931231,O
když,SCONJ,"J,-------------",mark,,,,,0.1316447239288417,O
jdu,VERB,VB-S---1P-AAI--,advcl,,,Sing,,-0.3050027071692555,O
na,ADP,RR--6----------,case,Loc,,,,-0.0944861519866614,O
dvorku,NOUN,NNIS6-----A----,obl,Loc,Masc,Sing,Inan,0.0263226122615621,O
",",PUNCT,Z:-------------,punct,,,,,0.4772960127812186,O
přinesu,VERB,VB-S---1P-AAP--,root,,,Sing,,0.0131810809104092,O
svůj,DET,P8IS4----------,det,Acc,Masc,Sing,Inan,-0.3498944194775427,O
reproduktor,NOUN,NNIS4-----A----,obj,Acc,Masc,Sing,Inan,0.1838854893601123,O
.,PUNCT,Z:-------------,punct,,,,,0.1176269133776471,O
V,ADP,RR--6----------,case,Loc,,,,0.0831629764764927,O
rozostřeném,ADJ,AAIS6----1A----,amod,Loc,Masc,Sing,Inan,0.0742946667170689,O
snímku,NOUN,NNIS6-----A----,obl,Loc,Masc,Sing,Inan,0.1147616605934313,O
stojí,VERB,VB-S---3P-AAI--,root,,,Sing,,-0.1256434078659199,O
Khloe,PROPN,NNFXX-----A----,nsubj,,Fem,,,0.1477527418530292,B-pf
před,ADP,RR--7----------,case,Ins,,,,-0.0525903889775868,O
vycházejícím,ADJ,AGNS7-----A----,amod,Ins,Neut,Sing,,0.0818556750535177,O
sluncem,NOUN,NNNS7-----A----,obl,Ins,Neut,Sing,,0.0655561274932964,O
a,CCONJ,J^-------------,cc,,,,,-0.0241515835510118,O
maminka,NOUN,NNFS1-----A----,conj,Nom,Fem,Sing,,0.1070563672877286,O
jednoho,NUM,CnZS2----------,nummod,Gen,"Masc,Neut",Sing,,0.1050015870279739,O
z,ADP,RR--2----------,case,Gen,,,,-0.0453003694659558,O
titulků,NOUN,NNIP2-----A----,nmod,Gen,Masc,Plur,Inan,0.2024325374808246,O
pic,X,F%-------------,nmod,,,,,0.2873043628719242,O
:,PUNCT,Z:-------------,punct,,,,,0.0327567168373261,O
Kéž,PART,TT-------------,advmod,,,,,-0.0588048639704667,O
bys,AUX,Vc-S---2-------,aux,,,Sing,,0.1166772896917408,O
měl,VERB,VpYS----R-AAI--,acl,,Masc,Sing,,-0.0853135751329848,O
odvahu,NOUN,NNFS4-----A----,obj,Acc,Fem,Sing,,-0.0011252138315153,O
prozkoumat,VERB,Vf--------A-P--,acl,,,,,0.2127893065343868,O
každý,DET,AAIS4----1A----,det,Acc,Masc,Sing,Inan,-0.282163613918346,O
sen,NOUN,NNIS4-----A----,obj,Acc,Masc,Sing,Inan,-0.242174056835863,O
",",PUNCT,Z:-------------,punct,,,,,0.559316740862747,O
který,DET,P4IS4----------,obj,Acc,Masc,Sing,Inan,-0.2133735124583216,O
sníš,VERB,VB-S---2P-AAI--,acl:relcl,,,Sing,,0.1586572820551669,O
.,PUNCT,Z:-------------,punct,,,,,0.074813270560469,O
“,PUNCT,Z:-------------,punct,,,,,0.1113435761456877,O
Vezměte,VERB,Vi-P---2--A-P--,root,,,Plur,,0.2868271407922906,O
prosím,VERB,VB-S---1P-AAI--,xcomp,,,Sing,,-0.1197007901957656,O
na,ADP,RR--4----------,case,Acc,,,,-0.0297943184608565,O
vědomí,NOUN,NNNS4-----A----,obl:arg,Acc,Neut,Sing,,-0.1901726165202276,O
",",PUNCT,Z:-------------,punct,,,,,0.0354118128089574,O
že,SCONJ,"J,-------------",mark,,,,,0.1206370998003197,O
všechny,DET,PLIP1----------,det,Nom,Masc,Plur,Inan,-0.0367276562221962,O
naše,DET,PSIP1-P1-------,det,Nom,Masc,Plur,Inan,-0.0245400618949538,O
komiksy,NOUN,NNIP1-----A----,nsubj,Nom,Masc,Plur,Inan,-0.0340500212699599,O
v,ADP,RR--6----------,case,Loc,,,,0.0095512468283874,O
každé,DET,AAFS6----1A----,det,Loc,Fem,Sing,,-0.1435257040015921,O
třídě,NOUN,NNFS6-----A----,nmod,Loc,Fem,Sing,,-0.1668198256223919,O
(,PUNCT,Z:-------------,punct,,,,,0.178480844666981,O
I,CCONJ,J^-------------,advmod:emph,,,,,0.1877987612121232,O
POOR,NOUN,BNXXX-----A----,appos,,,,,-0.0668934990176958,O
),PUNCT,Z:-------------,punct,,,,,-0.1920293595908469,O
budou,AUX,VB-P---3F-AAI--,cop,,,Plur,,-0.4093145254848624,O
kompletní,ADJ,AAIP1----1A----,ccomp,Nom,Masc,Plur,Inan,0.0677598932626152,O
",",PUNCT,Z:-------------,punct,,,,,0.0676335639136778,O
pokud,SCONJ,"J,-------------",mark,,,,,0.0549803589175294,O
není,AUX,VB-S---3P-NAI--,cop,,,Sing,,-0.0142661009228938,O
v,ADP,RR--6----------,case,Loc,,,,0.0020592028379066,O
seznamu,NOUN,NNIS6-----A----,obl,Loc,Masc,Sing,Inan,0.0107355690223124,O
uvedeno,ADJ,VsNS----X-APP--,advcl,,Neut,Sing,,0.0823939664899776,O
jinak,ADV,Db-------------,advmod,,,,,-0.1233156172992732,O
!,PUNCT,Z:-------------,punct,,,,,0.2178044803675662,O
Muž,NOUN,NNMS1-----A----,root,Nom,Masc,Sing,Anim,-0.1066495755140918,O
zatčen,ADJ,VsYS----X-APP-1,dep,,Masc,Sing,,0.0167407901347065,O
za,ADP,RR--4----------,case,Acc,,,,0.3606629638189468,O
údajné,ADJ,AANS4----1A----,amod,Acc,Neut,Sing,,0.2306490214319519,O
zabití,NOUN,NNNS4-----A----,obl,Acc,Neut,Sing,,0.2338814133295609,O
alkoholového,ADJ,AAMS2----1A----,amod,Gen,Masc,Sing,Anim,0.0262781324322224,O
bratra,NOUN,NNMS2-----A----,nmod,Gen,Masc,Sing,Anim,0.1667825048724937,O
ve,ADP,RV--6----------,case,Loc,,,,0.00946973397792,O
Greater,X,F%-------------,nmod,,,,,0.3210442576080124,B-gu
Noida,X,F%-------------,flat:foreign,,,,,-0.0279564428814809,I-gu
:,PUNCT,Z:-------------,punct,,,,,0.1250664462588676,O
policie,NOUN,NNFS1-----A----,appos,Nom,Fem,Sing,,0.4423832175766377,O
K,ADP,RR--3----------,case,Dat,,,,-0.2254063155068405,O
nákupu,NOUN,NNIS3-----A----,obl,Dat,Masc,Sing,Inan,0.1277799441205572,O
tohoto,DET,PDZS2----------,det,Gen,"Masc,Neut",Sing,,-0.416173566016876,O
čerpadla,NOUN,NNNS2-----A----,nmod,Gen,Neut,Sing,,0.0545650695804565,O
není,AUX,VB-S---3P-NAI--,cop,,,Sing,,-0.1605261912136478,O
nutný,ADJ,AAIS1----1A----,root,Nom,Masc,Sing,Inan,0.1746254022971804,O
žádný,DET,PWYS1----------,det,Nom,Masc,Sing,,-0.2733392147204244,O
předpis,NOUN,NNIS1-----A----,nsubj,Nom,Masc,Sing,Inan,0.0530465766109029,O
.,PUNCT,Z:-------------,punct,,,,,0.5289467011174475,O
Spolu,ADV,Db-------------,case,,,,,-0.4292769262108729,O
s,ADP,RR--7----------,fixed,Ins,,,,0.0362005648935187,O
Herbertem,PROPN,NNMS7-----A----,obl,Ins,Masc,Sing,Anim,0.066320567081343,B-ps
",",PUNCT,Z:-------------,punct,,,,,0.1968241208978816,O
který,DET,P4YS1----------,nsubj:pass,Nom,Masc,Sing,,-0.0974163517783168,O
byl,AUX,VpYS----R-AAI--,aux:pass,,Masc,Sing,,0.0578113760940963,O
vybrán,ADJ,VsYS----X-APP--,amod,,Masc,Sing,,0.0322876298703832,O
jako,SCONJ,"J,-------------",mark,,,,,0.1204964321000101,O
šestý,ADJ,CrMS1----------,xcomp,Nom,Masc,Sing,Anim,0.0856512109918414,O
v,ADP,RR--6----------,case,Loc,,,,-0.0614423899031721,O
celkovém,ADJ,AANS6----1A----,amod,Loc,Neut,Sing,,-0.027803653927978,O
pořadí,NOUN,NNNS6-----A----,obl,Loc,Neut,Sing,,0.0652534715823443,O
",",PUNCT,Z:-------------,punct,,,,,0.0796144802497369,O
tým,NOUN,NNIS1-----A----,nsubj,Nom,Masc,Sing,Inan,-0.0016658767808838,O
oznámil,VERB,VpYS----R-AAP--,root,,Masc,Sing,,0.0076586896483881,O
",",PUNCT,Z:-------------,punct,,,,,0.0107643398864914,O
že,SCONJ,"J,-------------",mark,,,,,0.0144487983127562,O
podepsal,VERB,VpYS----R-AAP--,ccomp,,Masc,Sing,,0.1556620780818056,O
smlouvy,NOUN,NNFP4-----A----,obj,Acc,Fem,Plur,,-0.229404367450235,O
s,ADP,RR--7----------,case,Ins,,,,0.0631698173806082,O
wide,X,F%-------------,nmod,,,,,0.370654066558391,O
receivery,X,F%-------------,flat:foreign,,,,,0.029453908996726,O
Joem,PROPN,NNMS7-----A----,nmod,Ins,Masc,Sing,Anim,0.0732528210662144,B-P|B-pf
Reedem,PROPN,NNMS7-----A----,flat,Ins,Masc,Sing,Anim,0.1062551329028672,I-P|B-ps
(,PUNCT,Z:-------------,punct,,,,,-0.0288326407974134,O
páté,ADJ,CrNS1----------,amod,Nom,Neut,Sing,,0.0775118668203616,O
kolo,NOUN,NNNS1-----A----,dep,Nom,Neut,Sing,,0.1014965052918925,O
),PUNCT,Z:-------------,punct,,,,,0.055927685223408,O
a,CCONJ,J^-------------,cc,,,,,-0.231442626403955,O
KJ,NOUN,BNXXX-----A----,nmod,,,,,-0.0817952888920993,B-P|B-pf
Hillem,PROPN,NNMS7-----A----,conj,Ins,Masc,Sing,Anim,0.0179893131403618,I-P|B-ps
(,PUNCT,Z:-------------,punct,,,,,-0.0262550801808805,O
sedmé,ADJ,CrNS1----------,amod,Nom,Neut,Sing,,0.1121524901804203,O
kolo,NOUN,NNNS1-----A----,dep,Nom,Neut,Sing,,0.2269469377339681,O
),PUNCT,Z:-------------,punct,,,,,-0.0579890052181108,O
spolu,ADV,Db-------------,case,,,,,0.1497182052424434,O
s,ADP,RR--7----------,fixed,Ins,,,,0.2663495605861409,O
Alohi,PROPN,NNMXX-----A----,obl,,Masc,,Anim,0.1889636268938883,B-P|B-pf
Gilmanem,PROPN,NNMS7-----A----,flat,Ins,Masc,Sing,Anim,0.0060931248280589,I-P|B-ps
",",PUNCT,Z:-------------,punct,,,,,0.0518961983219834,O
který,DET,P4YS1----------,nsubj:pass,Nom,Masc,Sing,,0.0754436661243033,O
byl,AUX,VpYS----R-AAI--,aux:pass,,Masc,Sing,,0.0774560493752795,O
vybrán,ADJ,VsYS----X-APP--,amod,,Masc,Sing,,0.1511816014192452,O
jako,SCONJ,"J,-------------",mark,,,,,0.0624051057222328,O
šestý,ADJ,CrMS1----------,xcomp,Nom,Masc,Sing,Anim,0.0701182130296251,O
v,ADP,RR--6----------,case,Loc,,,,0.0769053583948636,O
pořadí,NOUN,NNNS6-----A----,obl,Loc,Neut,Sing,,0.0110032691390697,O
.,PUNCT,Z:-------------,punct,,,,,-0.029378979074584,O
Tony,PROPN,NNMS1-----A----,nsubj,Nom,Masc,Sing,Anim,-0.3796147024284169,B-P|B-pf
Blair,PROPN,NNMS1-----A----,flat,Nom,Masc,Sing,Anim,0.0494270736339508,I-P|B-ps
se,PRON,P7-X4----------,expl:pv,Acc,,,,-0.0219960098699944,O
zavázal,VERB,VpYS----R-AAP--,root,,Masc,Sing,,-0.0734854115551222,O
",",PUNCT,Z:-------------,punct,,,,,0.0759378741057195,O
že,SCONJ,"J,-------------",mark,,,,,-0.1074102229482078,O
nepřestane,VERB,VB-S---3P-NAP--,ccomp,,,Sing,,-0.022609201814479,O
zasahovat,VERB,Vf--------A-I--,xcomp,,,,,-0.0329081789549942,O
do,ADP,RR--2----------,case,Gen,,,,-0.1507042616835811,O
britské,ADJ,AAFS2----1A----,amod,Gen,Fem,Sing,,0.0023388272300065,O
politiky,NOUN,NNFS2-----A----,obl,Gen,Fem,Sing,,-0.0033650065233007,O
",",PUNCT,Z:-------------,punct,,,,,0.2356507819369368,O
a,CCONJ,J^-------------,cc,,,,,-0.0762215337220289,O
to,PART,PDNS4----------,fixed,,,,,-0.0032041912083875,O
po,ADP,RR--6----------,case,Loc,,,,-0.1575639884371159,O
vážném,ADJ,AAIS6----1A----,amod,Loc,Masc,Sing,Inan,-0.0225526998280827,O
odporu,NOUN,NNIS6-----A----,obl,Loc,Masc,Sing,Inan,0.0432782458532375,O
k,ADP,RR--3----------,case,Dat,,,,-0.0877498967609293,O
jeho,DET,P9XXXZS3-------,det,,,,,0.0693558799313872,O
účasti,NOUN,NNFS3-----A----,nmod,Dat,Fem,Sing,,0.0203139106964182,O
v,ADP,RR--6----------,case,Loc,,,,-0.1303546113401787,O
labouristické,ADJ,AAFS6----1A----,amod,Loc,Fem,Sing,,-0.0332028903129291,O
straně,NOUN,NNFS6-----A----,nmod,Loc,Fem,Sing,,-0.1197220834848163,O
a,CCONJ,J^-------------,cc,,,,,-0.0192463376527446,O
proti,ADP,RR--3----------,case,Dat,,,,-0.4844957293887265,O
brexitu,NOUN,NNIS3-----A----,conj,Dat,Masc,Sing,Inan,0.0144718039021652,O
kampaně,NOUN,NNFS2-----A----,nmod,Gen,Fem,Sing,,-0.0705886037565882,O
.,PUNCT,Z:-------------,punct,,,,,-0.0299322562588114,O
Tak,ADV,Db-------------,advmod,,,,,-0.2608572016668153,O
co,PRON,PQ--4----------,obj,Acc,,,Inan,0.1735897847524495,O
čeká,VERB,VB-S---3P-AAI--,root,,,Sing,,-0.0160172311368758,O
budoucnost,NOUN,NNFS1-----A----,nsubj,Nom,Fem,Sing,,0.0142389303242612,O
pro,ADP,RR--4----------,case,Acc,,,,0.2712520392484878,O
Thunberg,PROPN,NNIS4-----A----,obl,Acc,Masc,Sing,Inan,0.0227418426574938,B-gu
?,PUNCT,Z:-------------,punct,,,,,0.0469272939644113,O
No,PART,TT-------------,advmod,,,,,0.0230106428042475,O
to,DET,PDNS1----------,nsubj,Nom,Neut,Sing,,0.2044751308694362,O
záleží,VERB,VB-S---3P-AAI--,root,,,Sing,,-0.0302467366942334,O
na,ADP,RR--6----------,case,Loc,,,,-0.0583927037055198,O
tom,DET,PDZS6----------,obl:arg,Loc,"Masc,Neut",Sing,,-0.0017786466512691,O
",",PUNCT,Z:-------------,punct,,,,,0.1991907510450517,O
jak,ADV,Db-------------,advmod,,,,,0.0613813938794816,O
se,PRON,P7-X4----------,expl:pv,Acc,,,,-0.0476516778363606,O
díváte,VERB,VB-P---2P-AAI--,acl,,,Plur,,0.039452490200098,O
na,ADP,RR--4----------,case,Acc,,,,0.0757629684910447,O
příklad,NOUN,NNIS4-----A----,obl:arg,Acc,Masc,Sing,Inan,0.1046395536805673,O
Cullis-Suzuki,PROPN,NNXXX-----A----,conj,,,,,0.1434901631484572,B-ps
.,PUNCT,Z:-------------,punct,,,,,0.2350368774637138,O
Na,ADP,RR--6----------,case,Loc,,,,-0.1165524877394743,O
jedné,NUM,CnFS6----------,nummod,Loc,Fem,Sing,,0.0822204769813073,O
straně,NOUN,NNFS6-----A----,obl,Loc,Fem,Sing,,-0.0604891660302882,O
neprošel,VERB,VpYS----R-NAP--,root,,Masc,Sing,,0.248713196557359,O
žádný,DET,PWYS1----------,nsubj,Nom,Masc,Sing,,-0.0161770348001757,O
z,ADP,RR--2----------,case,Gen,,,,0.2546119734676094,O
jejích,DET,P9XP2FS3-------,det,Gen,,Plur,,-0.0291358957994468,O
nejhorších,ADJ,AAFP2----3A----,amod,Gen,Fem,Plur,,0.1999161653099645,O
obav,NOUN,NNFP2-----A----,nmod,Gen,Fem,Plur,,0.0090662367288603,O
.,PUNCT,Z:-------------,punct,,,,,-0.2989462275363613,O
Světové,ADJ,AAFP1----1A----,amod,Nom,Fem,Plur,,0.0903597525757424,O
vlády,NOUN,NNFP1-----A----,nsubj,Nom,Fem,Plur,,0.1312218876290778,O
mají,VERB,VB-P---3P-AAI--,root,,,Plur,,-0.1865949107595744,O
na,ADP,RR--6----------,case,Loc,,,,0.0501163725699072,O
druhé,ADJ,CrFS6----------,amod,Loc,Fem,Sing,,0.2083866204218225,O
straně,NOUN,NNFS6-----A----,obl,Loc,Fem,Sing,,-0.0097043263331477,O
stále,ADV,Dg-------1A----,advmod,,,,,0.0310808985637192,O
ekologické,ADJ,AAIP4----1A----,amod,Acc,Masc,Plur,Inan,0.0516112843940792,O
problémy,NOUN,NNIP4-----A----,obj,Acc,Masc,Plur,Inan,0.0101413566282186,O
",",PUNCT,Z:-------------,punct,,,,,0.0201579473636282,O
se,ADP,RV--7----------,case,Ins,,,,0.0552221627038194,O
kterými,DET,P4XP7----------,obl:arg,Ins,,Plur,,0.0073543905331824,O
se,PRON,P7-X4----------,expl:pv,Acc,,,,-0.0706843187854721,O
musí,VERB,VB-P---3P-AAI-1,acl:relcl,,,Plur,,-0.0646808180715907,O
potýkat,VERB,Vf--------A-I--,xcomp,,,,,0.1457247081745611,O
a,CCONJ,J^-------------,cc,,,,,-0.04767434052237,O
stále,ADV,Dg-------1A----,advmod,,,,,0.1621727829531925,O
o,ADP,RR--6----------,case,Loc,,,,-0.0696242479976912,O
nich,PRON,PEXP6--3-------,obl:arg,Loc,,Plur,,0.0848813176735457,O
poučují,VERB,VB-P---3P-AAI--,conj,,,Plur,,0.1394690468796411,O
děti,NOUN,NNFP4-----A----,obj,Acc,Fem,Plur,,-0.0429682000405552,O
.,PUNCT,Z:-------------,punct,,,,,0.2303918050264559,O
Skála,NOUN,NNFS1-----A----,nsubj,Nom,Fem,Sing,,0.220904634274216,O
z,ADP,RR--2----------,case,Gen,,,,0.0436503671209769,O
Marsu,PROPN,NNIS2-----A----,nmod,Gen,Masc,Sing,Inan,-0.0615243018374369,B-g_
míří,VERB,VB-S---3P-AAI--,root,,,Sing,,-0.064429875124131,O
domů,ADV,Db-------------,advmod,,,,,-0.0149617290228749,O
po,ADP,RR--6----------,case,Loc,,,,0.2618500612774332,O
600,NUM,C=-------------,nummod,,,,,-0.0367302668244647,B-nc
000,NUM,C=-------------,nummod,,,,,-0.1832105825513182,I-nc
letech,NOUN,NNNP6-----A----,obl,Loc,Neut,Plur,,0.0547973716254114,O
na,ADP,RR--6----------,case,Loc,,,,0.2532801011680681,O
Zemi,NOUN,NNFS6-----A----,obl,Loc,Fem,Sing,,0.4712143442801135,B-g_
Festivaly,NOUN,NNIP1-----A----,nsubj,Nom,Masc,Plur,Inan,0.149137440104734,O
jsou,AUX,VB-P---3P-AAI--,cop,,,Plur,,0.0175884467031682,O
také,ADV,Db-------------,advmod,,,,,0.4161272603503432,O
ohroženy,ADJ,VsTP----X-APP--,root,,"Fem,Masc",Plur,Inan,0.0435814449018159,O
.,PUNCT,Z:-------------,punct,,,,,0.0862960951644623,O
Dalším,ADJ,AAIS7----1A----,amod,Ins,Masc,Sing,Inan,-0.0557772045775368,O
velkým,ADJ,AAIS7----1A----,amod,Ins,Masc,Sing,Inan,-0.0571237703113055,O
festivalem,NOUN,NNIS7-----A----,root,Ins,Masc,Sing,Inan,-0.2157349802090144,O
je,AUX,VB-S---3P-AAI--,cop,,,Sing,,-0.0954473810952306,O
Dussehra,PROPN,NNFS1-----A----,nsubj,Nom,Fem,Sing,,0.4150966283411306,B-ia
8,NUM,C=-------------,nummod,,,,,0.0182054110539984,B-T|B-td
.,PUNCT,Z:-------------,punct,,,,,0.1251988246481766,I-T|I-td
října,NOUN,NNIS2-----A----,obl,Gen,Masc,Sing,Inan,-0.0502899681903657,I-T|B-tm
",",PUNCT,Z:-------------,punct,,,,,-0.0246480010857346,O
kdy,ADV,Db-------------,advmod,,,,,-0.100276806979132,O
Hindové,PROPN,NNMP1-----A----,nsubj,Nom,Masc,Plur,Anim,-0.0705092837516174,B-p_
postavili,VERB,VpMP----R-AAP--,acl:relcl,,Masc,Plur,Anim,0.0874810264586839,O
obří,ADJ,AAFP4----1A----,amod,Acc,Fem,Plur,,-0.0571611679374212,O
",",PUNCT,Z:-------------,punct,,,,,-0.0411031329293058,O
komiksové,ADJ,AAFP4----1A----,conj,Acc,Fem,Plur,,0.0997697870562573,O
podobizny,NOUN,NNFP4-----A----,obj,Acc,Fem,Plur,,0.0428805055997076,O
Ravany,PROPN,NNMS2-----A----,nmod,Gen,Masc,Sing,Anim,0.0070177432206145,B-p_
",",PUNCT,Z:-------------,punct,,,,,-0.0642506573636603,O
postavu,NOUN,NNFS4-----A----,appos,Acc,Fem,Sing,,0.1071140528388633,O
z,ADP,RR--2----------,case,Gen,,,,0.1240147459890647,O
hinduistického,ADJ,AAIS2----1A----,amod,Gen,Masc,Sing,Inan,0.2332086857876139,O
eposu,NOUN,NNIS2-----A----,nmod,Gen,Masc,Sing,Inan,0.0469039360686208,O
Ramayana,PROPN,NNMS2-----A----,nmod,Gen,Masc,Sing,Anim,0.144782333116499,B-p_
",",PUNCT,Z:-------------,punct,,,,,0.0015388477306342,O
který,DET,P4YS1----------,nsubj,Nom,Masc,Sing,,0.0026337472375007,O
sportuje,VERB,VB-S---3P-AAI--,acl:relcl,,,Sing,,0.1606808348315641,O
huňatý,ADJ,AAIS4----1A----,amod,Acc,Masc,Sing,Inan,0.0207538359764256,O
knír,NOUN,NNIS4-----A----,obj,Acc,Masc,Sing,Inan,0.1060971187842635,O
a,CCONJ,J^-------------,cc,,,,,-0.011019038102372,O
zlý,ADJ,AAIS4----1A----,amod,Acc,Masc,Sing,Inan,0.0413981256117809,O
úsměv,NOUN,NNIS4-----A----,conj,Acc,Masc,Sing,Inan,-0.0137126427585983,O
.,PUNCT,Z:-------------,punct,,,,,0.2169618863087554,O
Tamil,PROPN,NNMS1-----A----,nsubj,Nom,Masc,Sing,Anim,0.0136373059852163,B-P|B-pf
Nadu,PROPN,NNMS1-----A----,flat,Nom,Masc,Sing,Anim,0.0458167491131115,I-P|B-ps
",",PUNCT,Z:-------------,punct,,,,,0.1621156186509769,O
s,ADP,RR--7----------,case,Ins,,,,0.0407415985280395,O
nejvyššími,ADJ,AAIP7----3A----,amod,Ins,Masc,Plur,Inan,0.1531161403500303,O
případy,NOUN,NNIP7-----A----,nmod,Ins,Masc,Plur,Inan,-0.0282288607692171,O
viru,NOUN,NNIS2-----A----,nmod,Gen,Masc,Sing,Inan,0.0148488854521596,O
v,ADP,RR--6----------,case,Loc,,,,0.3394061488128153,O
zemi,NOUN,NNFS6-----A----,nmod,Loc,Fem,Sing,,0.0290686103573026,O
po,ADP,RR--6----------,case,Loc,,,,-0.0153857497415981,O
Maháráštra,PROPN,NNNS6-----A----,nmod,Loc,Masc,Sing,Inan,0.2001323649041406,B-gu
",",PUNCT,Z:-------------,punct,,,,,0.1590951271192689,O
oznámil,VERB,VpYS----R-AAP--,root,,Masc,Sing,,0.107604208629037,O
celkově,ADV,Dg-------1A----,advmod,,,,,0.1117640912824124,O
2,NUM,C=-------------,obj,,,,,0.1066203629038602,B-nc
06,NUM,C=-------------,obj,,,,,-0.0115506689142099,I-nc
",",PUNCT,Z:-------------,punct,,,,,0.3151138763767524,I-nc
737,NUM,C=-------------,nummod:gov,,,,,-0.1417998370963563,I-nc
pozitivních,ADJ,AAIP2----1A----,amod,Gen,Masc,Plur,Inan,0.0184597022517857,O
případů,NOUN,NNIP2-----A----,nmod,Gen,Masc,Plur,Inan,0.0513321039694414,O
viru,NOUN,NNIS2-----A----,nmod,Gen,Masc,Sing,Inan,0.0443843800565299,O
od,ADP,RR--2----------,case,Gen,,,,0.13101206340102,O
soboty,NOUN,NNFS2-----A----,obl,Gen,Fem,Sing,,-0.0149729893792842,O
.,PUNCT,Z:-------------,punct,,,,,-0.5766491539859668,O
Předsedkyně,NOUN,NNFS1-----A----,nsubj,Nom,Fem,Sing,,0.0507398851241654,O
Sněmovny,NOUN,NNFS2-----A----,nmod,Gen,Fem,Sing,,0.1116813698885549,B-io
reprezentantů,NOUN,NNMP2-----A----,nmod,Gen,Masc,Plur,Anim,0.0090175444388208,I-io
Nancy,PROPN,NNFXX-----A----,flat,,Fem,,,-0.0911361234316526,B-P|B-pf
Pelosiová,PROPN,NNFS1-----A----,flat,Nom,Fem,Sing,,0.0121442238340302,I-P|B-ps
v,ADP,RR--4----------,case,Acc,,,,0.0100189292680476,O
pátek,NOUN,NNIS4-----A----,obl,Acc,Masc,Sing,Inan,0.0264427848200558,O
obvinila,VERB,VpQW----R-AAP--,root,,"Fem,Neut","Plur,Sing",,0.0850552820860599,O
amerického,ADJ,AAMS4----1A----,amod,Acc,Masc,Sing,Anim,0.0183542182425815,O
ministra,NOUN,NNMS4-----A----,iobj,Acc,Masc,Sing,Anim,-0.1211715604919515,O
spravedlnosti,NOUN,NNFS2-----A----,nmod,Gen,Fem,Sing,,0.023459999474356,O
Williama,PROPN,NNMS4-----A----,flat,Acc,Masc,Sing,Anim,0.1019563483975996,B-P|B-pf
Barra,PROPN,NNMS4-----A----,flat,Acc,Masc,Sing,Anim,-0.1209292122127516,I-P|B-ps
",",PUNCT,Z:-------------,punct,,,,,0.3077976950075893,O
že,SCONJ,"J,-------------",mark,,,,,0.1042620912386694,O
se,PRON,P7-X4----------,expl:pv,Acc,,,,0.0336091559437191,O
potuluje“,VERB,VpYS----R-AAP--,ccomp,,Masc,Sing,,0.0671661345700126,O
na,ADP,RR--4----------,case,Acc,,,,0.0332355968758366,O
ochranu,NOUN,NNFS4-----A----,obl,Acc,Fem,Sing,,-0.0463645484083232,O
prezidenta,NOUN,NNMS2-----A----,nmod,Gen,Masc,Sing,Anim,0.0450087819298983,O
Donalda,PROPN,NNMS2-----A----,flat,Gen,Masc,Sing,Anim,0.0990842004924875,B-P|B-pf
Trumpa,PROPN,NNMS2-----A----,flat,Gen,Masc,Sing,Anim,0.0443877525617674,I-P|B-ps
kvůli,ADP,RR--3----------,case,Dat,,,,-0.1790651105049372,O
jeho,DET,P9XXXZS3-------,det,,,,,-0.0495051400391812,O
kontroverznímu,ADJ,AAIS3----1A----,amod,Dat,Masc,Sing,Inan,0.0531524675151254,O
telefonátu,NOUN,NNIS3-----A----,obl,Dat,Masc,Sing,Inan,-0.0500757325620496,O
s,ADP,RR--7----------,case,Ins,,,,0.1011407356023329,O
ukrajinským,ADJ,AAMS7----1A----,amod,Ins,Masc,Sing,Anim,0.0839919323005564,O
vůdcem,NOUN,NNMS7-----A----,nmod,Ins,Masc,Sing,Anim,0.0559625575248776,O
",",PUNCT,Z:-------------,punct,,,,,-0.0471755641782225,O
který,DET,P4YS1----------,nsubj,Nom,Masc,Sing,,-0.0491914911691101,O
vedl,VERB,VpYS----R-AAI--,acl:relcl,,Masc,Sing,,0.1694962380290561,O
k,ADP,RR--3----------,case,Dat,,,,-0.0163493595243751,O
vyšetřování,NOUN,NNNS3-----A----,obl,Dat,Neut,Sing,,0.0666358602456378,O
impeachmentu,NOUN,NNIS2-----A----,nmod,Gen,Masc,Sing,Inan,0.0845838648035571,O
.,PUNCT,Z:-------------,punct,,,,,0.3159359558899511,O
Pořád,ADV,Db-------------,advmod,,,,,0.136928767568978,O
se,PRON,P7-X4----------,expl:pv,Acc,,,,-0.0105086612463165,O
smáli,VERB,VpMP----R-AAI--,ccomp,,Masc,Plur,Anim,-0.0903902298632002,O
a,CCONJ,J^-------------,cc,,,,,0.084196467353509,O
nadávali,VERB,VpMP----R-AAI--,conj,,Masc,Plur,Anim,-0.0904363745930411,O
mi,PRON,PH-S3--1-------,obl:arg,Dat,,Sing,,0.0787598924359099,O
",",PUNCT,Z:-------------,punct,,,,,0.0110059364118316,O
“,PUNCT,Z:-------------,punct,,,,,-0.0726238225276362,O
řekl,VERB,VpYS----R-AAP--,root,,Masc,Sing,,-0.0104891885781793,O
Amari,PROPN,NNMS1-----A----,nsubj,Nom,Masc,Sing,Anim,0.1268375537574807,B-p_
televizní,ADJ,AAFS3----1A----,amod,Dat,Fem,Sing,,-0.0035026855053705,O
stanici,NOUN,NNFS3-----A----,obl:arg,Dat,Fem,Sing,,-0.0448625993440179,O
CBS,NOUN,BNXXX-----A----,nmod,,,,,-0.0737956833305755,B-ms
a,CCONJ,J^-------------,cc,,,,,0.0842554783238985,O
rozplakal,VERB,VpYS----R-AAP--,conj,,Masc,Sing,,0.0423431861919325,O
se,PRON,P7-X4----------,expl:pv,Acc,,,,0.0096814508786005,O
.,PUNCT,Z:-------------,punct,,,,,0.1484299646527045,O
Říkali,VERB,VpMP----R-AAI--,ccomp,,Masc,Plur,Anim,-0.0079027386965836,O
",",PUNCT,Z:-------------,punct,,,,,0.1119023108088369,O
že,SCONJ,"J,-------------",mark,,,,,-0.0132093755161366,O
jsem,AUX,VB-S---1P-AAI--,cop,,,Sing,,-0.0320091785013112,O
ošklivý,ADJ,AAMS1----1A----,ccomp,Nom,Masc,Sing,Anim,0.0138810636428073,O
",",PUNCT,Z:-------------,punct,,,,,0.1304125224854657,O
“,PUNCT,Z:-------------,punct,,,,,-0.2050657637289278,O
řekl,VERB,VpYS----R-AAP--,root,,Masc,Sing,,-0.1473660068062404,O
",",PUNCT,Z:-------------,punct,,,,,0.0462288850202403,O
neměl,VERB,VpYS----R-NAI--,ccomp,,Masc,Sing,,0.1033077532251422,O
jsem,AUX,VB-S---1P-AAI--,aux,,,Sing,,-0.032765321639335,O
se,PRON,P7-X4----------,expl:pv,Acc,,,,0.0092882007300981,O
narodit,VERB,Vf--------A-P--,xcomp,,,,,-0.045026557258596,O
.,PUNCT,Z:-------------,punct,,,,,0.0774582774961163,O
“,PUNCT,Z:-------------,punct,,,,,-0.0323137881839579,O
Říkali,VERB,VpMP----R-AAI--,root,,Masc,Plur,Anim,-0.0333490384470957,O
mi,PRON,PH-S3--1-------,obl:arg,Dat,,Sing,,0.1452859639638796,O
upoutávka,NOUN,NNFS1-----A----,obj,Nom,Fem,Sing,,0.0309140135582395,O
',PUNCT,Z:-------------,punct,,,,,0.0122947295577915,O
.,PUNCT,Z:-------------,punct,,,,,0.3102354972603007,O
“,PUNCT,Z:-------------,punct,,,,,0.2818379404376588,O
Pokud,SCONJ,"J,-------------",mark,,,,,-0.0349117592325074,O
berete,VERB,VB-P---2P-AAI--,advcl,,,Plur,,0.1973143626860363,O
datum,NOUN,NNNS4-----A----,obj,Acc,Neut,Sing,,0.0212699670188542,O
začlenění,NOUN,NNNS2-----A----,nmod,Gen,Neut,Sing,,-0.0409910251409027,O
společnosti,NOUN,NNFS2-----A----,nmod,Gen,Fem,Sing,,-0.0423912131336859,O
jako,SCONJ,"J,-------------",mark,,,,,0.0770289496766536,O
narozeniny,NOUN,NNFP4-----A----,xcomp,Acc,Fem,Plur,,-0.0095948833924904,O
",",PUNCT,Z:-------------,punct,,,,,0.0470493799219883,O
tak,ADV,Db-------------,advmod,,,,,-0.0096964558164511,O
se,PRON,P7-X4----------,expl:pv,Acc,,,,-0.1007922451662999,O
Google,PROPN,NNMS1-----A----,nsubj,Nom,Masc,Sing,Anim,-0.2080265166946835,B-if
narodil,VERB,VpYS----R-AAP--,conj,,Masc,Sing,,-0.1162057103534708,O
4,NUM,C=-------------,nummod,,,,,0.0034534305090666,B-T|B-td
září,NOUN,NNNS2-----A----,obl,Gen,Neut,Sing,,-0.0658633091229831,I-T|B-tm
1998,NUM,C=-------------,nummod,,,,,0.0503706360952766,I-T|B-ty
",",PUNCT,Z:-------------,punct,,,,,0.0734317902947008,O
společnost,NOUN,NNFS1-----A----,nsubj,Nom,Fem,Sing,,0.0603566033171863,O
však,CCONJ,J^-------------,cc,,,,,0.116857788728752,O
nikdy,ADV,Db-------------,advmod,,,,,0.0550259386532173,O
neslavila,VERB,VpQW----R-NAI--,conj,,"Fem,Neut","Plur,Sing",,0.2551675750844012,O
den,NOUN,NNIS4-----A----,obj,Acc,Masc,Sing,Inan,0.0005116266539312,O
své,DET,P8FP4---------1,det,Acc,Fem,Plur,,0.044073121829246,O
narozeniny,NOUN,NNFP4-----A----,obj,Acc,Fem,Plur,,-0.0240763918357169,O
",",PUNCT,Z:-------------,punct,,,,,0.0755341503604856,O
alespoň,ADV,Db-------------,advmod:emph,,,,,-0.1216237954417126,O
ne,PART,TT-------------,advmod:emph,,,,,-0.0475468035815951,O
formou,NOUN,NNFS7-----A----,obl,Ins,Fem,Sing,,0.0189502242650417,O
čmáranice,NOUN,NNFS2-----A----,nmod,Gen,Fem,Sing,,0.1280977083443212,O
.,PUNCT,Z:-------------,punct,,,,,0.1075089970234026,O
Google,PROPN,NNIS1-----A----,nsubj,Nom,Masc,Sing,Inan,-0.2719309973731352,B-if
oslavil,VERB,VpYS----R-AAP--,root,,Masc,Sing,,0.0539098514183496,O
7,NUM,C=-------------,nummod,,,,,-0.3718113504475671,B-T|B-td
září,NOUN,NNNS2-----A----,obj,Gen,Neut,Sing,,0.0019693342967841,I-T|B-tm
jako,SCONJ,"J,-------------",mark,,,,,-0.037169725038041,O
své,DET,P8FP4---------1,det,Acc,Fem,Plur,,-0.0206455879137504,O
narozeniny,NOUN,NNFP4-----A----,obj,Acc,Fem,Plur,,-0.0001651472180157,O
v,ADP,RR--6----------,case,Loc,,,,-0.2968709121396822,O
doodlech,NOUN,NNIP6-----A----,obl,Loc,Masc,Plur,Inan,-0.0777536847465135,O
do,ADP,RR--2----------,case,Gen,,,,-0.1841499725543273,O
roku,NOUN,NNIS2-----A---1,obl,Gen,Masc,Sing,Inan,-0.03775846071991,O
2005,NUM,C=-------------,nummod,,,,,-0.0203709255933221,B-ty
",",PUNCT,Z:-------------,punct,,,,,-0.0057252002440328,O
poté,ADV,Db-------------,advmod,,,,,-0.092389390518272,O
přešel,VERB,VpYS----R-AAP--,conj,,Masc,Sing,,0.080530690661076,O
na,ADP,RR--4----------,case,Acc,,,,0.0476987956235093,O
září,NOUN,NNNS4-----A----,obl,Acc,Neut,Sing,,0.0544351641904883,B-tm
27,NUM,C=-------------,nummod,,,,,-0.0047384786425891,B-n_
.,PUNCT,Z:-------------,punct,,,,,0.2368257391178812,O
Ale,CCONJ,J^-------------,cc,,,,,-0.4459551886198913,O
dobře,ADV,Dg-------1A----,root,,,,,-0.0636397295699903,O
na,ADP,RR--4----------,case,Acc,,,,-0.073573409566406,O
tebe,PRON,PP-S4--2-------,conj,Acc,,Sing,,-0.1983277613211536,O
.,PUNCT,Z:-------------,punct,,,,,-0.8626517224448316,O
Víza,NOUN,NNNP1-----A----,nsubj,Nom,Neut,Plur,,0.0162293106234569,O
v,ADP,RR--6----------,case,Loc,,,,0.08401819387287,O
pouštním,ADJ,AANS6----1A----,amod,Loc,Neut,Sing,,0.1935453944813691,O
království,NOUN,NNNS6-----A----,nmod,Loc,Neut,Sing,,0.09750732221722,O
",",PUNCT,Z:-------------,punct,,,,,0.0483020724472949,O
která,DET,P4NP1----------,nsubj,Nom,Neut,Plur,,0.0646798409165116,O
jsou,AUX,VB-P---3P-AAI--,cop,,,Plur,,0.0187255227645287,O
vybavena,ADJ,VsQW----X-APP--,acl:relcl,,"Fem,Neut","Plur,Sing",,0.0747007302680207,O
bohatým,ADJ,AANS7----1A----,amod,Ins,Neut,Sing,,0.0619385342495288,O
beduínským,ADJ,AANS7----1A----,amod,Ins,Neut,Sing,,0.1658603293903126,O
dědictvím,NOUN,NNNS7-----A----,obl:arg,Ins,Neut,Sing,,0.121238452929375,O
a,CCONJ,J^-------------,cc,,,,,0.1732312656291359,O
archeologickými,ADJ,AANP7----1A----,amod,Ins,Neut,Plur,,0.0941198545898215,O
nalezišti,NOUN,NNNP7-----A----,conj,Ins,Neut,Plur,,0.2846777162493245,O
",",PUNCT,Z:-------------,punct,,,,,0.0723453015531911,O
jsou,AUX,VB-P---3P-AAI--,cop,,,Plur,,0.0889335550863619,O
v,ADP,RR--6----------,case,Loc,,,,0.1024545963719639,O
současné,ADJ,AAFS6----1A----,amod,Loc,Fem,Sing,,0.0096153497452773,O
době,NOUN,NNFS6-----A----,obl,Loc,Fem,Sing,,0.0680907382351799,O
omezena,ADJ,VsQW----X-APP--,root,,"Fem,Neut","Plur,Sing",,0.2686813333570497,O
na,ADP,RR--4----------,case,Acc,,,,0.0657640135009086,O
vyhoštěné,ADJ,AAMP4----1A----,amod,Acc,Masc,Plur,Anim,0.3697681153476174,O
pracovníky,NOUN,NNMP4-----A----,obl:arg,Acc,Masc,Plur,Anim,-0.0155810199706809,O
",",PUNCT,Z:-------------,punct,,,,,0.0408384213938215,O
jejich,DET,P9XXXXP3-------,det,,,,,0.0240732557953059,O
rodinné,ADJ,AAMP4----1A----,amod,Acc,Masc,Plur,Anim,0.0414173348121353,O
příslušníky,NOUN,NNMP4-----A----,conj,Acc,Masc,Plur,Anim,0.0497875079457522,O
a,CCONJ,J^-------------,cc,,,,,-0.0010639714331725,O
muslimské,ADJ,AAMP4----1A----,amod,Acc,Masc,Plur,Anim,0.087322870889974,O
poutníky,NOUN,NNMP4-----A----,conj,Acc,Masc,Plur,Anim,0.1245317773679725,O
",",PUNCT,Z:-------------,punct,,,,,0.0430516222813824,O
kteří,DET,P4MP1----------,nsubj,Nom,Masc,Plur,Anim,-0.1010559617598651,O
cestují,VERB,VB-P---3P-AAI--,acl:relcl,,,Plur,,0.0052623928731627,O
na,ADP,RR--4----------,case,Acc,,,,0.0815298762354748,O
svatá,ADJ,AANP4----1A----,amod,Acc,Neut,Plur,,0.1462928882633694,O
místa,NOUN,NNNP4-----A----,obl,Acc,Neut,Plur,,0.0455090767306219,O
v,ADP,RR--6----------,case,Loc,,,,0.0685966472090847,O
Mekce,PROPN,NNFS6-----A----,nmod,Loc,Fem,Sing,,0.0692682670721144,B-gu
a,CCONJ,J^-------------,cc,,,,,0.1584236521836271,O
Medině,PROPN,NNFS6-----A----,conj,Loc,Fem,Sing,,0.2661077648271195,B-gu
.,PUNCT,Z:-------------,punct,,,,,0.0325466350531294,O
Na,ADP,RR--6----------,case,Loc,,,,-0.0461426602543263,O
obrázku,NOUN,NNIS6-----A----,obl,Loc,Masc,Sing,Inan,0.1136169739613909,O
je,AUX,VB-S---3P-AAI--,cop,,,Sing,,0.4670387820531161,O
těžké,ADJ,AANS1----1A----,root,Nom,Neut,Sing,,-0.0437777054220898,O
vidět,VERB,Vf--------A-I--,csubj,,,,,-0.078563205643372,O
",",PUNCT,Z:-------------,punct,,,,,-0.1097161577850623,O
ale,CCONJ,J^-------------,cc,,,,,0.1157178465995641,O
přepážka,NOUN,NNFS1-----A----,nsubj,Nom,Fem,Sing,,-0.0070902932179391,O
na,ADP,RR--4----------,case,Acc,,,,0.0524230055832008,O
zip,NOUN,NNIS4-----A----,nmod,Acc,Masc,Sing,Inan,-0.1612713103229918,O
vede,VERB,VB-S---3P-AAI--,conj,,,Sing,,-0.1018070456911525,O
po,ADP,RR--6----------,case,Loc,,,,-0.2907239644020384,O
celé,ADJ,AAFS6----1A----,amod,Loc,Fem,Sing,,0.0732997009775326,O
délce,NOUN,NNFS6-----A----,obl,Loc,Fem,Sing,,-0.0239088143451782,O
tašky,NOUN,NNFS2-----A----,nmod,Gen,Fem,Sing,,-0.0970113637310428,O
za,ADP,RR--7----------,case,Ins,,,,0.0496107291144002,O
zipem,NOUN,NNIS7-----A----,nmod,Ins,Masc,Sing,Inan,-0.0943818483724209,O
",",PUNCT,Z:-------------,punct,,,,,-0.0254994694246461,O
aby,AUX,Vc-------------,aux,,,,,0.1484666094143319,O
se,PRON,P7-X4----------,expl:pass,Acc,,,,0.0919553968159109,O
zabránilo,VERB,VpNS----R-AAP--,advcl,,Neut,Sing,,0.0104661158209042,O
úniku,NOUN,NNIS3-----A----,obl:arg,Dat,Masc,Sing,Inan,-0.0058249697356115,O
tepla,NOUN,NNNS2-----A----,nmod,Gen,Neut,Sing,,0.1230632322492795,O
přes,ADP,RR--4----------,case,Acc,,,,0.073931791736401,O
oblast,NOUN,NNFS4-----A----,nmod,Acc,Fem,Sing,,0.0334021652361056,O
zipu,NOUN,NNIS2-----A----,nmod,Gen,Masc,Sing,Inan,0.0494055426916308,O
.,PUNCT,Z:-------------,punct,,,,,-0.1751550963603807,O
Frustrovaný,ADJ,AAMS1----1A----,xcomp,Nom,Masc,Sing,Anim,0.2575137410891164,O
",",PUNCT,Z:-------------,punct,,,,,0.0311560748773488,O
ale,CCONJ,J^-------------,cc,,,,,0.2271238019816555,O
zatím,ADV,Db-------------,advmod,,,,,0.2423423716445677,O
neochotný,ADJ,AAMS1----1N----,conj,Nom,Masc,Sing,Anim,0.2876426786367809,O
volat,VERB,Vf--------A-I--,xcomp,,,,,0.2035466197452563,O
kontrolu,NOUN,NNFS4-----A----,obj,Acc,Fem,Sing,,0.4086908685164423,O
nad,ADP,RR--7----------,case,Ins,,,,-0.2194947789201738,O
zvířaty,NOUN,NNNP7-----A----,nmod,Ins,Neut,Plur,,0.169799685414273,O
nebo,CCONJ,J^-------------,cc,,,,,-0.1227730046489277,O
tak,ADV,Db-------------,cc,,,,,0.3122377130957602,O
něco,PRON,PK--4----------,conj,Acc,,,Inan,0.1919310992873303,O
",",PUNCT,Z:-------------,punct,,,,,-0.1823979838552368,O
jsem,AUX,VB-S---1P-AAI--,aux,,,Sing,,-0.3448900234673576,O
vymyslel,VERB,VpYS----R-AAP-1,root,,Masc,Sing,,0.1247232020478237,O
plán,NOUN,NNIS4-----A----,obj,Acc,Masc,Sing,Inan,0.1188253127620476,O
.,PUNCT,Z:-------------,punct,,,,,0.1184641058524918,O
Něco,PRON,PK--4----------,obj,Acc,,,Inan,-0.0467474684456205,O
však,CCONJ,J^-------------,cc,,,,,-0.24867035462693,O
přece,PART,TT-------------,cc,,,,,-0.3707155467317534,O
jen,PART,TT-------------,fixed,,,,,0.393440636764305,O
víte,VERB,VB-P---2P-AAI--,root,,,Plur,,0.4394563727011786,O
.,PUNCT,Z:-------------,punct,,,,,0.4625851820153054,O
Společnost,NOUN,NNFS1-----A----,nsubj,Nom,Fem,Sing,,0.6986479838866628,O
Landmark,X,F%-------------,nmod,,,,,0.0516479314409536,B-if
Theaters,X,F%-------------,flat:foreign,,,,,0.0410199605178965,I-if
však,CCONJ,J^-------------,cc,,,,,-0.0236705291121026,O
nyní,ADV,Db-------------,advmod,,,,,0.3056161864005863,O
oznámila,VERB,VpQW----R-AAP--,ccomp,,"Fem,Neut","Plur,Sing",,0.0393501289966187,O
",",PUNCT,Z:-------------,punct,,,,,-0.1772524867706398,O
že,SCONJ,"J,-------------",mark,,,,,0.0590829348824218,O
zákazníkům,NOUN,NNMP3-----A----,obl:arg,Dat,Masc,Plur,Anim,0.0945909083387773,O
neumožní,VERB,VB-S---3P-NAP--,ccomp,,,Sing,,0.0734675430064892,O
nosit,VERB,Vf--------A-I--,xcomp,,,,,0.212562186833862,O
kostýmy,NOUN,NNIP4-----A----,obj,Acc,Masc,Plur,Inan,0.1235093364699073,O
během,ADP,RR--2----------,case,Gen,,,,-0.0745942084756298,O
promítání,NOUN,NNNS2-----A----,obl,Gen,Neut,Sing,,0.099526805497404,O
filmu,NOUN,NNIS2-----A----,nmod,Gen,Masc,Sing,Inan,0.0761371392511269,O
Joker“,X,F%-------------,nmod,,,,,0.0543585663722693,B-oa
s,ADP,RR--7----------,case,Ins,,,,0.0417121212876297,O
označením,NOUN,NNNS7-----A----,nmod,Ins,Neut,Sing,,0.0700465574227125,O
R,NOUN,Q3-------------,nmod,,,,,-0.0176658341286043,B-oa
.,PUNCT,Z:-------------,punct,,,,,0.1854088015546297,O
Požár,NOUN,NNIS1-----A----,nsubj:pass,Nom,Masc,Sing,Inan,0.0282877649172279,O
zlata,NOUN,NNNS2-----A----,nmod,Gen,Neut,Sing,,-0.0037003226247875,O
",",PUNCT,Z:-------------,punct,,,,,0.0402783256699552,O
který,DET,P4YS1----------,nsubj,Nom,Masc,Sing,,0.0101258871530208,O
začal,VERB,VpYS----R-AAP--,acl:relcl,,Masc,Sing,,-0.0126335476377287,O
jižně,ADV,Dg-------1A----,advmod,,,,,-0.034629698296752,O
od,ADP,RR--2----------,case,Gen,,,,0.2285473850915056,O
Adinu,PROPN,NNIS2-----A----,obl,Gen,Masc,Sing,Inan,0.0347599620701513,B-gu
",",PUNCT,Z:-------------,punct,,,,,0.068675564096308,O
je,AUX,VB-S---3P-AAI--,aux:pass,,,Sing,,0.1267107429849317,O
ze,ADP,RV--2----------,case,Gen,,,,-0.0046322862695863,O
40,NUM,C=-------------,nummod,,,,,0.0040147569524823,B-nc
%,SYM,Z:-------------,advmod,,,,,-0.1105789324521847,O
zadržován,ADJ,VsYS----X-API--,ccomp,,Masc,Sing,,0.377890253767794,O
",",PUNCT,Z:-------------,punct,,,,,0.1492888406119416,O
protože,SCONJ,"J,-------------",mark,,,,,-0.0931387426671127,O
nadále,ADV,Db-------------,advmod,,,,,0.0210448596265437,O
ohrožuje,VERB,VB-S---3P-AAI--,advcl,,,Sing,,0.0004286712477466,O
domy,NOUN,NNIP4-----A----,obj,Acc,Masc,Plur,Inan,-0.0139601145557489,O
a,CCONJ,J^-------------,cc,,,,,0.0677172093460161,O
ranče,NOUN,NNIP4-----A----,conj,Acc,Masc,Plur,Inan,0.7282263596463714,O
",",PUNCT,Z:-------------,punct,,,,,0.0782583022779346,O
stejně,ADV,Dg-------1A----,advmod,,,,,-0.107175331788541,O
jako,SCONJ,"J,-------------",mark,,,,,0.1362924862073538,O
zemědělství,NOUN,NNNS4-----A----,advcl,Acc,Neut,Sing,,-0.0401425504634897,O
",",PUNCT,Z:-------------,punct,,,,,0.0131159817331336,O
dobytek,NOUN,NNIS4-----A----,conj,Acc,Masc,Sing,Inan,0.0145965491208692,O
a,CCONJ,J^-------------,cc,,,,,0.1111858379572815,O
dřevařské,ADJ,AAIP4----1A----,amod,Acc,Masc,Plur,Inan,-0.0055062406273705,O
provozy,NOUN,NNIP4-----A----,conj,Acc,Masc,Plur,Inan,-0.0174488011796807,O
",",PUNCT,Z:-------------,punct,,,,,0.0227447667759954,O
uvedli,VERB,VpMP----R-AAP--,root,,Masc,Plur,Anim,0.0019879478161138,O
Cal,X,F%-------------,nsubj,,,,,-0.0427074839491607,O
Fire,X,F%-------------,flat:foreign,,,,,-0.0035261734559896,O
úředníci,NOUN,NNMP1-----A----,nsubj,Nom,Masc,Plur,Anim,0.1404844397091067,O
v,ADP,RR--6----------,case,Loc,,,,0.1176163441981576,O
aktualizaci,NOUN,NNFS6-----A----,obl,Loc,Fem,Sing,,0.0187313943847625,O
v,ADP,RR--4----------,case,Acc,,,,0.1630574740865547,O
sobotu,NOUN,NNFS4-----A----,obl,Acc,Fem,Sing,,-0.000927072422984,O
ráno,ADV,Db-------------,advmod,,,,,0.0001767415141882,O
.,PUNCT,Z:-------------,punct,,,,,-0.0739352445214691,O
Bylo,AUX,VpNS----R-AAI--,aux:pass,,Neut,Sing,,0.0747853194341499,O
mi,PRON,PH-S3--1-------,obl:arg,Dat,,Sing,,-0.3337016837010407,O
řečeno,ADJ,VsNS----X-APP--,root,,Neut,Sing,,0.1985177177327504,O
",",PUNCT,Z:-------------,punct,,,,,-0.0408187583801869,O
že,SCONJ,"J,-------------",mark,,,,,-0.0611005307214593,O
pokladní,ADJ,AAFS1----1A----,nsubj,Nom,Fem,Sing,,0.1084371522908317,O
na,ADP,RR--4----------,case,Acc,,,,0.4386432503840975,O
něj,PRON,PEZS4--3-------,obl:arg,Acc,"Masc,Neut",Sing,,0.047732396986031,O
křičela,VERB,VpQW----R-AAI--,csubj:pass,,"Fem,Neut","Plur,Sing",,-0.0453982748525364,O
",",PUNCT,Z:-------------,punct,,,,,-0.0125761132204572,O
aby,AUX,Vc-------------,aux,,,,,-0.007974325080387,O
přestal,VERB,VpYS----R-AAP--,ccomp,,Masc,Sing,,0.1063330500927678,O
",",PUNCT,Z:-------------,punct,,,,,0.0923587871303236,O
když,SCONJ,"J,-------------",mark,,,,,0.3699522708304284,O
ho,PRON,P5ZS4--3-------,obj,Acc,"Masc,Neut",Sing,,-0.1673718740353159,O
honila,VERB,VpQW----R-AAI--,advcl,,"Fem,Neut","Plur,Sing",,0.0224331753103995,O
",",PUNCT,Z:-------------,punct,,,,,-0.0491420588149821,O
ale,CCONJ,J^-------------,cc,,,,,-0.4033271813690556,O
on,PRON,PEYS1--3-------,nsubj,Nom,Masc,Sing,,0.0542017665343203,O
začal,VERB,VpYS----R-AAP--,conj,,Masc,Sing,,-0.112503046441845,O
utíkat,VERB,Vf--------A-I--,xcomp,,,,,-0.0616082936881848,O
s,ADP,RR--7----------,case,Ins,,,,-0.1573407068239977,O
vozíkem,NOUN,NNIS7-----A----,obl,Ins,Masc,Sing,Inan,0.0590421947643981,O
k,ADP,RR--3----------,case,Dat,,,,-0.1437742207425512,O
únikovému,ADJ,AANS3----1A----,amod,Dat,Neut,Sing,,0.0706624070378723,O
vozidlu,NOUN,NNNS3-----A----,obl,Dat,Neut,Sing,,0.0629376175710296,O
.,PUNCT,Z:-------------,punct,,,,,0.1445719372800273,O
JAL,NOUN,BNXXX-----A----,nsubj,,,,,0.1339316107601913,O
byl,AUX,VpYS----R-AAI--,cop,,Masc,Sing,,-0.110375402744247,O
rychlý,ADJ,AAMS1----1A----,root,Nom,Masc,Sing,Anim,-0.0362445685918015,O
poukázat,VERB,Vf--------A-P--,xcomp,,,,,0.0752145091155608,O
na,ADP,RR--4----------,case,Acc,,,,-0.0737582415673961,O
to,DET,PDNS4----------,obl:arg,Acc,Neut,Sing,,0.0185488155162029,O
",",PUNCT,Z:-------------,punct,,,,,0.0875448284792426,O
že,SCONJ,"J,-------------",mark,,,,,-0.0542068580718916,O
nová,ADJ,AAFS1----1A----,amod,Nom,Fem,Sing,,-0.829736479419664,O
funkce,NOUN,NNFS1-----A----,nsubj,Nom,Fem,Sing,,-0.3252902221006376,O
nezaručuje,VERB,VB-S---3P-NAI--,acl,,,Sing,,0.0652404453514186,O
",",PUNCT,Z:-------------,punct,,,,,0.2113617227100007,O
že,SCONJ,"J,-------------",mark,,,,,-0.0848693023920797,O
cestující,ADJ,AGMP1-----A----,nsubj,Nom,Masc,Plur,Anim,0.1411706781123456,O
by,AUX,Vc----------I--,aux,,,,,0.0200130400493969,O
byli,AUX,VpMP----R-AAI--,ccomp,,Masc,Plur,Anim,0.0401837711293933,O
mimo,ADP,RR--7----------,case,Ins,,,,0.085435344512349,O
ušima,NOUN,NNFD7-----A----,obl,Ins,Fem,Dual,,0.0512474651210995,O
křičícího,ADJ,AGMS2-----A----,amod,Gen,Masc,Sing,Anim,0.0007817335840579,O
kojence,NOUN,NNMS2-----A----,nmod,Gen,Masc,Sing,Anim,0.138471266751378,O
.,PUNCT,Z:-------------,punct,,,,,-0.0181056449023915,O
Banky,NOUN,NNFS2-----A----,obl:arg,Gen,Fem,Sing,,0.0388863297148774,O
údajně,ADV,Dg-------1A----,advmod,,,,,-0.0086631539141455,O
rozhodl,VERB,VpYS----R-AAP-1,root,,Masc,Sing,,-0.0218333214982318,O
",",PUNCT,Z:-------------,punct,,,,,0.0249082205811419,O
aby,AUX,Vc-------------,aux,,,,,0.0233443590075604,O
se,PRON,P7-X4----------,expl:pv,Acc,,,,-0.0012140766080298,O
"""",PUNCT,Z:-------------,punct,,,,,0.006224636684634,O
"""",PUNCT,Z:-------------,punct,,,,,0.0111162361125271,O
domluvit,VERB,Vf--------A-P--,xcomp,,,,,-0.0045798599229692,O
"""",PUNCT,Z:-------------,punct,,,,,0.014625491214406,O
"""",PUNCT,Z:-------------,punct,,,,,0.0264138522873978,O
s,ADP,RR--7----------,case,Ins,,,,-0.0139183609999708,O
americkou,ADJ,AAFS7----1A----,amod,Ins,Fem,Sing,,0.0009783088298067,O
vládou,NOUN,NNFS7-----A----,obl:arg,Ins,Fem,Sing,,0.0339871550244568,O
uniknout,VERB,Vf--------A-P--,xcomp,,,,,0.6223952880061565,O
přísnější,ADJ,AAIS4----2A----,amod,Acc,Masc,Sing,Inan,0.023073957110947,O
trest,NOUN,NNIS4-----A----,obj,Acc,Masc,Sing,Inan,0.0017016527928872,O
v,ADP,RR--6----------,case,Loc,,,,-0.0558152824955064,O
roce,NOUN,NNIS6-----A---1,obl,Loc,Masc,Sing,Inan,-0.0175661063834254,O
2012,NUM,C=-------------,nummod,,,,,0.0141844862471011,B-ty
",",PUNCT,Z:-------------,punct,,,,,0.0859013575437864,O
kdy,ADV,Db-------------,advmod,,,,,-0.0256886618587987,O
banka,NOUN,NNFS1-----A----,nsubj,Nom,Fem,Sing,,0.0067290734822719,O
musela,VERB,VpQW----R-AAI--,acl:relcl,,"Fem,Neut","Plur,Sing",,-0.0002343452957971,O
přiznat,VERB,Vf--------A-P--,xcomp,,,,,0.0109693901512734,O
",",PUNCT,Z:-------------,punct,,,,,0.0565625903123478,O
praní,NOUN,NNNS4-----A----,obj,Acc,Neut,Sing,,0.0277361610828031,O
špinavých,ADJ,AAIP2----1A----,amod,Gen,Masc,Plur,Inan,0.0043275798896986,O
peněz,NOUN,NNIP2-----A----,nmod,Gen,Masc,Plur,Inan,-0.0206297740343425,O
a,CCONJ,J^-------------,cc,,,,,0.0344743909515557,O
sankce,NOUN,NNFP4-----A----,conj,Acc,Fem,Plur,,0.0227393604651134,O
porušení,NOUN,NNNS2-----A----,nmod,Gen,Neut,Sing,,0.0074899427368525,O
",",PUNCT,Z:-------------,punct,,,,,0.0729942699231321,O
včetně,ADP,RR--2----------,case,Gen,,,,-0.0042317031100542,O
omezení,NOUN,NNNS2-----A----,nmod,Gen,Neut,Sing,,0.0329619990080892,O
na,ADP,RR--4----------,case,Acc,,,,-0.0015314841122343,O
Írán,PROPN,NNIS4-----A----,nmod,Acc,Masc,Sing,Inan,-0.000800118021695,B-gc
.,PUNCT,Z:-------------,punct,,,,,0.0325271659597337,O
"""",PUNCT,Z:-------------,root,,,,,0.0570413649783791,O
Nizozemsko,PROPN,NNNS1-----A----,nsubj,Nom,Neut,Sing,,0.3020438336122201,B-gc
se,ADP,RV--7----------,case,Ins,,,,-0.020626699693842,O
17,NUM,C=-------------,nummod,,,,,0.0876080126864001,B-nc
miliony,DET,CzIP7----------,det,Ins,Masc,Plur,Inan,0.0883150965421024,I-nc
obyvatel,NOUN,NNMS1-----A----,nmod,Nom,Masc,Sing,Anim,-0.0403798286597426,O
vyrobilo,VERB,VpNS----R-AAP--,root,,Neut,Sing,,0.1117837497005787,O
v,ADP,RR--6----------,case,Loc,,,,-0.0021525659803895,O
roce,NOUN,NNIS6-----A---1,obl,Loc,Masc,Sing,Inan,0.0503593013093473,O
2017,NUM,C=-------------,nummod,,,,,0.126357931675364,B-ty
méně,ADV,Dg-------2A----,obj,,,,,-0.0404751708735304,O
než,SCONJ,"J,-------------",mark,,,,,-0.0310506810050217,O
7,NUM,C=-------------,obl,,,,,0.0428463175409849,B-nc
procent,NOUN,NNNP2-----A----,nmod,Gen,Neut,Plur,,0.0045533909933578,O
veškeré,PRON,PLFS2----------,nmod,Gen,Fem,Sing,,0.0360742921929515,O
energie,NOUN,NNFS2-----A----,nmod,Gen,Fem,Sing,,0.0399392701733228,O
z,ADP,RR--2----------,case,Gen,,,,0.0158961863540944,O
udržitelných,ADJ,AAIP2----1A----,amod,Gen,Masc,Plur,Inan,0.2638922913630514,O
zdrojů,NOUN,NNIP2-----A----,nmod,Gen,Masc,Plur,Inan,0.0318512269552728,O
",",PUNCT,Z:-------------,punct,,,,,-0.009573539425907,O
zatímco,SCONJ,"J,-------------",mark,,,,,-0.0399024549250999,O
v,ADP,RR--6----------,case,Loc,,,,0.1023866068467605,O
Německu,PROPN,NNNS6-----A----,obl,Loc,Neut,Sing,,-0.0290398622573175,B-gc
to,DET,PDNS1----------,nsubj,Nom,Neut,Sing,,-0.0200807964963768,O
bylo,AUX,VpNS----R-AAI--,cop,,Neut,Sing,,0.0797311140320037,O
15,NUM,C=-------------,nummod:gov,,,,,-0.0058453936271215,B-nc
procent,NOUN,NNNP2-----A----,advcl,Gen,Neut,Plur,,-0.0040196700555894,O
a,CCONJ,J^-------------,cc,,,,,-0.2228279024585044,O
ve,ADP,RV--6----------,case,Loc,,,,0.0123548734754735,O
Švédsku,PROPN,NNNS6-----A----,conj,Loc,Neut,Sing,,-0.0315333298434603,B-gc
více,ADV,Dg-------2A----,orphan,,,,,0.0296065226177411,O
než,SCONJ,"J,-------------",mark,,,,,0.0717659553041029,O
polovina,NOUN,NNFS1-----A----,advcl,Nom,Fem,Sing,,0.030077679418753,O
veškeré,PRON,PLFS2----------,nmod,Gen,Fem,Sing,,0.0456137288717664,O
energie,NOUN,NNFS2-----A----,nmod,Gen,Fem,Sing,,0.1044862067098234,O
.,PUNCT,Z:-------------,punct,,,,,0.7573234008822709,O
Místo,ADP,RR--2----------,case,Gen,,,,-0.0154555518787919,O
toho,DET,PDZS2----------,obl,Gen,"Masc,Neut",Sing,,0.0233013334920267,O
",",PUNCT,Z:-------------,punct,,,,,0.031141631414884,O
aby,AUX,Vc-------------,aux,,,,,0.0492066228078959,O
se,PRON,P7-X4----------,expl:pv,Acc,,,,-0.0560621835194432,O
tam,ADV,Db-------------,advmod,,,,,-0.0482718949688709,O
vydala,VERB,VpQW----R-AAP--,acl,,"Fem,Neut","Plur,Sing",,-0.0105259264865457,O
",",PUNCT,Z:-------------,punct,,,,,0.0865237631520489,O
posádka,NOUN,NNFS1-----A----,nsubj,Nom,Fem,Sing,,0.0412921836749112,O
mostu,NOUN,NNIS2-----A----,nmod,Gen,Masc,Sing,Inan,0.9296331270028484,O
se,PRON,P7-X4----------,expl:pv,Acc,,,,-0.1127219149208789,O
kolem,ADP,RR--2----------,case,Gen,,,,0.0005437555899423,O
ní,PRON,PEFS2--3-------,obl,Gen,Fem,Sing,,-0.0501937847165838,O
projela,VERB,VpQW----R-AAP--,root,,"Fem,Neut","Plur,Sing",,-0.0073339766507184,O
turbovrtulovým,ADJ,AAIS7----1A----,amod,Ins,Masc,Sing,Inan,0.0796114381356965,O
výtahem,NOUN,NNIS7-----A----,obl,Ins,Masc,Sing,Inan,0.0140131476070574,O
až,PART,TT-------------,advmod:emph,,,,,0.2325129820661608,O
na,ADP,RR--4----------,case,Acc,,,,-0.0049712838579474,O
palubu,NOUN,NNFS4-----A----,obl,Acc,Fem,Sing,,-0.0058453899875335,O
13,NUM,C=-------------,nummod,,,,,-0.01484570660659,B-n_
.,PUNCT,Z:-------------,punct,,,,,0.0297473062830078,O
Zatímco,SCONJ,"J,-------------",mark,,,,,0.234110329814046,O
Manchester,PROPN,NNIS1-----A----,nsubj,Nom,Masc,Sing,Inan,0.3206349786101726,B-ic|B-gu
United,PROPN,NNXXX-----A----,nmod,,,,,0.0055683617745768,I-ic
a,CCONJ,J^-------------,cc,,,,,-0.0207201304904258,O
Tottenham,PROPN,NNIS1-----A----,conj,Nom,Masc,Sing,Inan,0.31798709583901,B-ic
jsou,AUX,VB-P---3P-AAI--,root,,,Plur,,-0.0657559732743303,O
prý,PART,TT-------------,advmod,,,,,0.1489498288236037,O
v,ADP,RR--6----------,case,Loc,,,,0.1257077914781507,O
bitvě,NOUN,NNFS6-----A----,obl,Loc,Fem,Sing,,0.0092286863889424,O
o,ADP,RR--4----------,case,Acc,,,,-0.0657927668531083,O
Rakitic,PROPN,NNIS4-----A----,nmod,Acc,Masc,Sing,Inan,-0.0181551189670498,B-p_
služby,NOUN,NNFP4-----A----,obj,Acc,Fem,Plur,,0.0564799342475764,O
.,PUNCT,Z:-------------,punct,,,,,0.3374029540408745,O
Důstojník,NOUN,NNMS1-----A----,nsubj,Nom,Masc,Sing,Anim,0.0689975477790436,O
",",PUNCT,Z:-------------,punct,,,,,0.1364539514410876,O
který,DET,P4YS1----------,nsubj,Nom,Masc,Sing,,-0.1517898390636292,O
pracuje,VERB,VB-S---3P-AAI--,acl:relcl,,,Sing,,-0.0349381269284808,O
v,ADP,RR--6----------,case,Loc,,,,0.0922968646937869,O
Pinellas,X,F%-------------,nmod,,,,,0.0477348613986471,B-gq
Parku,PROPN,NNIS6-----A----,obl,Loc,Masc,Sing,Inan,0.1957151160061452,I-gq
",",PUNCT,Z:-------------,punct,,,,,0.0885038565722698,O
Florida,PROPN,NNFS1-----A----,nmod,Nom,Fem,Sing,,-0.115692661939875,B-gr
",",PUNCT,Z:-------------,punct,,,,,0.0966371823609575,O
zabalil,VERB,VpYS----R-AAP--,root,,Masc,Sing,,0.0063240975873971,O
raněné,ADJ,AANS4----1A----,amod,Acc,Neut,Sing,,0.0696841362612428,O
štěňátko,NOUN,NNNS4-----A----,obj,Acc,Neut,Sing,,-0.0119648416317238,O
v,ADP,RR--6----------,case,Loc,,,,0.0122933889161179,O
nouzové,ADJ,AAFS6----1A----,amod,Loc,Fem,Sing,,0.089268172027587,O
deky,NOUN,NNFS6-----A----,obl,Loc,Fem,Sing,,0.0026435321881866,O
",",PUNCT,Z:-------------,punct,,,,,0.0834783051027191,O
umístil,VERB,VpYS----R-AAP--,conj,,Masc,Sing,,0.0448246902278724,O
ho,PRON,P5ZS4--3-------,obj,Acc,"Masc,Neut",Sing,,0.0476102650773522,O
do,ADP,RR--2----------,case,Gen,,,,0.0328065997292318,O
svého,DET,P8ZS2----------,det,Gen,"Masc,Neut",Sing,,0.0776392824577061,O
SUV,NOUN,BNXXX-----A----,obl,,,,,-0.1486871690785734,O
spěchal,VERB,VpYS----R-AAI--,conj,,Masc,Sing,,-0.1030465232986705,O
do,ADP,RR--2----------,case,Gen,,,,0.2961784145250697,O
nejbližší,ADJ,AAFS2----3A----,amod,Gen,Fem,Sing,,0.1810561237907573,O
zvířecí,ADJ,AAFS2----1A----,amod,Gen,Fem,Sing,,0.2915806130644758,O
nemocnice,NOUN,NNFS2-----A----,obl,Gen,Fem,Sing,,0.0615872225890634,O
.,PUNCT,Z:-------------,punct,,,,,-0.5874417419819455,O
Když,SCONJ,"J,-------------",mark,,,,,-0.1364462567190529,O
jsem,AUX,VB-S---1P-AAI--,aux,,,Sing,,0.54011358610025,O
byla,AUX,VpQW----R-AAI--,cop,,"Fem,Neut","Plur,Sing",,0.052630399608654,O
větší,ADJ,AAFS1----2A----,advcl,Nom,Fem,Sing,,-0.1392871376481155,O
",",PUNCT,Z:-------------,punct,,,,,-0.0788904630654909,O
tak,ADV,Db-------------,advmod,,,,,-0.1701951527483426,O
by,AUX,Vc----------I--,aux,,,,,-0.039248999245415,O
mě,PRON,PH-S4--1-------,obj,Acc,,Sing,,-0.4949674522660643,O
to,DET,PDNS1----------,nsubj,Nom,Neut,Sing,,-0.0714991593453357,O
zničilo,VERB,VpNS----R-AAP--,root,,Neut,Sing,,-0.0102153344106418,O
a,CCONJ,J^-------------,cc,,,,,-0.1822793320825987,O
já,PRON,PP-S1--1-------,nsubj,Nom,,Sing,,0.1927469885481368,O
bych,AUX,Vc----------Ic-,aux,,,Sing,,0.0073153396134715,O
poslouchala,VERB,VpQW----R-AAI--,conj,,"Fem,Neut","Plur,Sing",,-0.0879216871199045,O
",",PUNCT,Z:-------------,punct,,,,,0.0886431690117684,O
ale,CCONJ,J^-------------,cc,,,,,0.0407753807410505,O
teď,ADV,Db-------------,advmod,,,,,0.1667816255970898,O
to,DET,PDNS4----------,obj,Acc,Neut,Sing,,0.0937675045014296,O
prostě,ADV,Dg-------1A----,advmod,,,,,-0.0735327720118628,O
ignoruju,VERB,VB-S---1P-AAI--,conj,,,Sing,,-0.0171258265192703,O
.,PUNCT,Z:-------------,punct,,,,,0.3816307578953243,O
Postavy,NOUN,NNFP1-----A----,nsubj:pass,Nom,Fem,Plur,,0.0031650442344493,O
byly,AUX,VpTP----R-AAI--,aux:pass,,"Fem,Masc",Plur,Inan,-0.2375819525029044,O
někdy,ADV,Db-------------,advmod,,,,,-0.1095072339691413,O
viděny,ADJ,VsTP----X-API--,root,,"Fem,Masc",Plur,Inan,0.0032838773136107,O
mluvit,VERB,Vf--------A-I--,xcomp,,,,,-0.1136798602727645,O
dveřmi,NOUN,NNFP7-----A----,obl,Ins,Fem,Plur,,0.097588430116523,O
",",PUNCT,Z:-------------,punct,,,,,0.1055636208199913,O
které,DET,P4FP1----------,nsubj:pass,Nom,Fem,Plur,,0.1182496355089332,O
se,PRON,P7-X4----------,expl:pass,Acc,,,,0.0612825951943354,O
otevřely,VERB,VpTP----R-AAP--,acl:relcl,,"Fem,Masc",Plur,Inan,0.2022672186517124,O
do,ADP,RR--2----------,case,Gen,,,,0.3310350327040338,O
shuttlebay,NOUN,NNNXX-----A----,obl,,Fem,,,0.4858343139369078,O
s,ADP,RR--7----------,case,Ins,,,,0.1704955827960734,O
miniaturní,ADJ,AAFS7----1A----,amod,Ins,Fem,Sing,,0.2097281660640195,O
sadou,NOUN,NNFS7-----A----,nmod,Ins,Fem,Sing,,0.132740254264894,O
a,CCONJ,J^-------------,cc,,,,,0.0378232534231245,O
raketoplánem,NOUN,NNIS7-----A----,conj,Ins,Masc,Sing,Inan,0.3288251263354496,O
navrstvenými,ADJ,AAFP7----1A----,amod,Ins,Fem,Plur,,0.1959912017309247,O
",",PUNCT,Z:-------------,punct,,,,,0.1121855534825956,O
aby,AUX,Vc-------------,aux,,,,,0.0507118569701423,O
dodaly,VERB,VpTP----R-AAP--,advcl,,"Fem,Masc",Plur,Inan,0.0361340806173386,O
lodi,NOUN,NNFS3-----A----,obl:arg,Dat,Fem,Sing,,-0.0338788987297023,O
měřítko,NOUN,NNNS4-----A----,obj,Acc,Neut,Sing,,0.1203501076894717,O
a,CCONJ,J^-------------,cc,,,,,0.0713546460635335,O
život,NOUN,NNIS4-----A----,conj,Acc,Masc,Sing,Inan,0.1044924325312666,O
.,PUNCT,Z:-------------,punct,,,,,-0.0345948273906376,O
Bouřkové,ADJ,AAIP1----1A----,amod,Nom,Masc,Plur,Inan,0.2623853837180953,O
větry,NOUN,NNIP1-----A----,nsubj,Nom,Masc,Plur,Inan,0.0177402343586435,O
budou,AUX,VB-P---3F-AAI--,aux,,,Plur,,-0.3181886017527063,O
bičovat,VERB,Vf--------A-I--,root,,,,,0.0302708244467145,O
severní,ADJ,AAFP4----1A----,amod,Acc,Fem,Plur,,-0.0061046471464502,O
části,NOUN,NNFP4-----A----,obj,Acc,Fem,Plur,,-0.2912758555294715,O
Skotska,PROPN,NNNS2-----A----,nmod,Gen,Neut,Sing,,0.0029457286323533,B-gc
a,CCONJ,J^-------------,cc,,,,,0.0012284435286946,O
očekává,VERB,VB-S---3P-AAI--,conj,,,Sing,,0.0247097571273261,O
se,PRON,P7-X4----------,expl:pass,Acc,,,,-0.0595956193270996,O
narušení,NOUN,NNNS1-----A----,nsubj:pass,Nom,Neut,Sing,,0.1314940873977755,O
cestování,NOUN,NNNS2-----A----,nmod,Gen,Neut,Sing,,0.0640940428885488,O
",",PUNCT,Z:-------------,punct,,,,,0.2641323160157716,O
zejména,PART,TT-------------,advmod:emph,,,,,-0.237496545694302,O
trajektových,ADJ,AAFP2----1A----,amod,Gen,Fem,Plur,,0.1209551547998035,O
služeb,NOUN,NNFP2-----A----,nmod,Gen,Fem,Plur,,-0.0580538531943754,O
.,PUNCT,Z:-------------,punct,,,,,0.2156483012712217,O
Vestavěný,ADJ,AAIS1----1A----,amod,Nom,Masc,Sing,Inan,0.0388736114092765,O
ProCamp,PROPN,NNIS1-----A----,nsubj,Nom,Masc,Sing,Inan,0.0902984019056729,B-op
-,PUNCT,Z:-------------,punct,,,,,0.1205874097875938,O
Barva,NOUN,NNFS1-----A----,appos,Nom,Fem,Sing,,-0.0087712780765084,O
",",PUNCT,Z:-------------,punct,,,,,0.0710292033704762,O
odstín,NOUN,NNIS1-----A----,conj,Nom,Masc,Sing,Inan,-0.323263525651417,O
",",PUNCT,Z:-------------,punct,,,,,0.0788515454747598,O
ostrost,NOUN,NNFS1-----A----,conj,Nom,Fem,Sing,,0.003699076033648,O
",",PUNCT,Z:-------------,punct,,,,,0.1540826060686745,O
kontrast,NOUN,NNIS1-----A----,conj,Nom,Masc,Sing,Inan,-0.019349572541244,O
a,CCONJ,J^-------------,cc,,,,,-0.023555196418427,O
jas,NOUN,NNIS1-----A----,conj,Nom,Masc,Sing,Inan,-0.0209183506877985,O
jsou,AUX,VB-P---3P-AAI--,cop,,,Plur,,-0.1841948347332544,O
nastaveny,ADJ,VsTP----X-APP--,root,,"Fem,Masc",Plur,Inan,0.0024622684482286,O
individuálně,ADV,Dg-------1A----,advmod,,,,,0.1892697673544514,O
pro,ADP,RR--4----------,case,Acc,,,,0.7992143807723577,O
každý,DET,AAIS4----1A----,det,Acc,Masc,Sing,Inan,-0.1200249632835384,O
vstup,NOUN,NNIS4-----A----,obl,Acc,Masc,Sing,Inan,0.0815600062591937,O
.,PUNCT,Z:-------------,punct,,,,,-0.041330487430407,O
věc,NOUN,NNFS1-----A----,root,Nom,Fem,Sing,,0.1248273596571136,O
",",PUNCT,Z:-------------,punct,,,,,-0.2072024522834024,O
protože,SCONJ,"J,-------------",mark,,,,,-0.0940809921143719,O
nevíte,VERB,VB-P---2P-NAI--,dep,,,Plur,,0.0109914357676433,O
",",PUNCT,Z:-------------,punct,,,,,0.2394700581763428,O
jestli,SCONJ,"J,-------------",mark,,,,,-0.236616875739087,O
to,DET,PDNS1----------,nsubj,Nom,Neut,Sing,,-0.0086287645379987,O
bude,AUX,VB-S---3F-AAI--,ccomp,,,Sing,,-0.3064228357512718,O
za,ADP,RR--4----------,case,Acc,,,,-0.1454768046529986,O
dvě,NUM,CnHP4----------,nummod,Acc,"Fem,Neut",Plur,,-0.2615487719484745,O
minuty,NOUN,NNFP4-----A----,obl,Acc,Fem,Plur,,-0.0348491086427865,O
nebo,CCONJ,J^-------------,cc,,,,,-0.1924788115413694,O
deset,NUM,Cl-S4----------,nummod:gov,Acc,,Sing,,-0.2977114003508263,O
minut,NOUN,NNFP2-----A----,conj,Gen,Fem,Plur,,0.1843380606652453,O
nebo,CCONJ,J^-------------,cc,,,,,-0.3166825658814451,O
co,PRON,PQ--1----------,conj,Nom,,,Inan,-0.0622533061811789,O
.,PUNCT,Z:-------------,punct,,,,,0.5283792294199291,O
Tato,DET,PDFS1----------,det,Nom,Fem,Sing,,-0.161364462185541,O
politika,NOUN,NNFS1-----A----,nsubj,Nom,Fem,Sing,,0.0829404655227601,O
udržuje,VERB,VB-S---3P-AAI--,root,,,Sing,,0.0883152057436758,O
zaměstnance,NOUN,NNMP4-----A----,obj,Acc,Masc,Plur,Anim,0.054852966048895,O
ve,ADP,RV--6----------,case,Loc,,,,0.0960799631359935,O
zkrácené,ADJ,AAFS6----1A----,amod,Loc,Fem,Sing,,0.1699561803137304,O
pracovní,ADJ,AAFS6----1A----,amod,Loc,Fem,Sing,,0.0881367213428944,O
době,NOUN,NNFS6-----A----,obl,Loc,Fem,Sing,,0.0185652840283459,O
a,CCONJ,J^-------------,cc,,,,,0.1636204709130647,O
placení,NOUN,NNNS6-----A----,conj,Loc,Neut,Sing,,0.1358752437079346,O
",",PUNCT,Z:-------------,punct,,,,,-0.2891997029669111,O
přičemž,ADV,Db-------------,advmod,,,,,-0.0891384295904553,O
vláda,NOUN,NNFS1-----A----,nsubj,Nom,Fem,Sing,,0.3022211009376458,O
kompenzuje,VERB,VB-S---3P-AAB--,conj,,,Sing,,0.0589558519305815,O
část,NOUN,NNFS4-----A----,obj,Acc,Fem,Sing,,0.2265450214354472,O
schodku,NOUN,NNIS2-----A----,nmod,Gen,Masc,Sing,Inan,0.1223701566578085,O
mezd,NOUN,NNFP2-----A----,nmod,Gen,Fem,Plur,,0.0759511401981724,O
.,PUNCT,Z:-------------,punct,,,,,0.4221656246674138,O
Po,ADP,RR--6----------,case,Loc,,,,-0.3465210454332288,O
přehrání,NOUN,NNNS6-----A----,obl,Loc,Neut,Sing,,0.0664822320719298,O
klasické,ADJ,AAFS2----1A----,amod,Gen,Fem,Sing,,0.0419852335245233,O
skladby,NOUN,NNFS2-----A----,nmod,Gen,Fem,Sing,,-0.0975079914515387,O
Eminence,X,F%-------------,nmod,,,,,0.0647629763304793,B-oa
Front,X,F%-------------,flat:foreign,,,,,-0.0942513271018336,I-oa
z,ADP,RR--2----------,case,Gen,,,,0.018370225451689,O
roku,NOUN,NNIS2-----A---1,nmod,Gen,Masc,Sing,Inan,-0.0451819585995085,O
1982,NUM,C=-------------,nummod,,,,,0.1430028906701792,B-ty
to,DET,PDNS4----------,obj,Acc,Neut,Sing,,0.0823472216574088,O
Daltrey,PROPN,NNMS1-----A----,nsubj,Nom,Masc,Sing,Anim,0.1668185701280753,B-ps
odpískal,VERB,VpYS----R-AAP--,root,,Masc,Sing,,0.2070540378129858,O
.,PUNCT,Z:-------------,punct,,,,,-0.0070974748678809,O
Bojoval,VERB,VpYS----R-AAI--,root,,Masc,Sing,,0.3052168089812398,O
s,ADP,RR--7----------,case,Ins,,,,0.0267435739941845,O
hlasovými,ADJ,AAIP7----1A----,amod,Ins,Masc,Plur,Inan,0.0038705381448828,O
problémy,NOUN,NNIP7-----A----,obl:arg,Ins,Masc,Plur,Inan,0.1576760274066546,O
a,CCONJ,J^-------------,cc,,,,,-0.1128116008248889,O
zřejmě,ADV,Dg-------1A----,advmod,,,,,-0.0361452949079884,O
je,AUX,VB-S---3P-AAI--,conj,,,Sing,,-0.0276402933733635,O
pod,ADP,RR--7----------,case,Ins,,,,-0.0180269084163817,O
přísnými,ADJ,AAFP7----1A----,amod,Ins,Fem,Plur,,-0.0141128549917323,O
instrukcemi,NOUN,NNFP7-----A----,obl,Ins,Fem,Plur,,0.0894722611404923,O
svého,DET,P8ZS2----------,det,Gen,"Masc,Neut",Sing,,-0.0425768477045024,O
chirurga,NOUN,NNMS2-----A----,nmod,Gen,Masc,Sing,Anim,0.0936685061884834,O
.,PUNCT,Z:-------------,punct,,,,,0.0918606162791441,O
Kromě,ADP,RR--2----------,case,Gen,,,,-0.110829339716793,O
zřejmých,ADJ,AAFP2----1A----,amod,Gen,Fem,Plur,,0.1829565277985081,O
výhod,NOUN,NNFP2-----A----,obl,Gen,Fem,Plur,,-0.1410567638467156,O
USD,NOUN,BNXXX-----A----,nmod,,,,,-0.1090424858567853,O
odměny,NOUN,NNFS2-----A----,nmod,Gen,Fem,Sing,,-0.0334163435415484,O
",",PUNCT,Z:-------------,punct,,,,,0.1610115462906635,O
tým,NOUN,NNIS1-----A----,nsubj,Nom,Masc,Sing,Inan,-0.1078070655575592,O
stojící,ADJ,AGIS1-----A----,amod,Nom,Masc,Sing,Inan,0.0214666415890588,O
za,ADP,RR--7----------,case,Ins,,,,0.0829637130832095,O
projektem,NOUN,NNIS7-----A----,obl:arg,Ins,Masc,Sing,Inan,-0.0675537370458693,O
již,ADV,Db-------------,advmod,,,,,-0.1468297911699746,O
spustil,VERB,VpYS----R-AAP--,root,,Masc,Sing,,-0.0027912128158371,O
SWAP,NOUN,BNXXX-----A----,obj,,,,,0.0062519996608169,B-if
dApp,NOUN,BNXXX-----A----,nmod,,,,,0.0759320466528311,I-if
na,ADP,RR--6----------,case,Loc,,,,0.0480040488699105,O
svých,DET,P8XP6----------,det,Loc,,Plur,,-0.0470815305181126,O
webových,ADJ,AAFP6----1A----,amod,Loc,Fem,Plur,,-0.0263714660855808,O
stránkách,NOUN,NNFP6-----A----,obl,Loc,Fem,Plur,,0.0259661218290154,O
",",PUNCT,Z:-------------,punct,,,,,0.1096769376647459,O
nedávno,ADV,Dg-------1N----,advmod,,,,,0.02164067718601,O
odhalil,VERB,VpYS----R-AAP--,conj,,Masc,Sing,,0.065272910065746,O
nadcházející,ADJ,AGNS4-----A----,amod,Acc,Neut,Sing,,-0.0930973067097915,O
vydání,NOUN,NNNS4-----A----,obj,Acc,Neut,Sing,,-0.1562516275561795,O
Crypto,X,F%-------------,nmod,,,,,-0.0617749882681482,B-op
Wallet,X,F%-------------,flat:foreign,,,,,-0.0205153454922141,I-op
",",PUNCT,Z:-------------,punct,,,,,0.0113553395835713,O
slibující,ADJ,AGNS4-----A----,amod,Acc,Neut,Sing,,-0.0033077308333929,O
překonat,VERB,Vf--------A-P--,xcomp,,,,,-0.0442816228286182,O
funkce,NOUN,NNFP4-----A----,obj,Acc,Fem,Plur,,-0.3561352703628247,O
nabízené,ADJ,AAFP4----1A----,amod,Acc,Fem,Plur,,-0.0263106635862732,O
Trust,X,F%-------------,obj,,,,,-0.1168554024560686,B-op
Wallet,X,F%-------------,flat:foreign,,,,,0.0033581124100454,I-op
nebo,CCONJ,J^-------------,cc,,,,,-0.0892026372222217,O
Safemoon,X,F%-------------,conj,,,,,-0.0009148600592164,B-op
Wallet,X,F%-------------,flat:foreign,,,,,0.0103587292559436,I-op
",",PUNCT,Z:-------------,punct,,,,,0.0970300117977078,O
a,CCONJ,J^-------------,cc,,,,,-0.1407150345594097,O
mají,VERB,VB-P---3P-AAI--,conj,,,Plur,,-0.2457438078773946,O
celou,ADJ,AAFS4----1A----,amod,Acc,Fem,Sing,,0.0077532448876759,O
sadu,NOUN,NNFS4-----A----,obj,Acc,Fem,Sing,,0.1058443058252005,O
nástrojů,NOUN,NNIP2-----A----,nmod,Gen,Masc,Plur,Inan,0.0290059717611011,O
",",PUNCT,Z:-------------,punct,,,,,0.07763429231866,O
od,ADP,RR--2----------,case,Gen,,,,0.0725245764692917,O
platformy,NOUN,NNFS2-----A----,nmod,Gen,Fem,Sing,,-0.008542055402788,O
pro,ADP,RR--4----------,case,Acc,,,,0.0013871317727576,O
tvorbu,NOUN,NNFS4-----A----,nmod,Acc,Fem,Sing,,-0.0271282948317982,O
obsahu,NOUN,NNIS2-----A----,nmod,Gen,Masc,Sing,Inan,-0.1153389839931546,O
NFT,NOUN,BNXXX-----A----,nmod,,,,,0.0384820977465716,B-op
Market,X,F%-------------,nmod,,,,,-0.0313186135773341,I-op
Place,X,F%-------------,flat:foreign,,,,,0.0117494131158472,I-op
&,PUNCT,Z:-------------,punct,,,,,0.0641458409864131,I-op
Lending,X,F%-------------,conj,,,,,-0.0033924561611818,I-op
",",PUNCT,Z:-------------,punct,,,,,0.1671142840019496,O
navržen,ADJ,VsYS----X-APP-1,amod,,Masc,Sing,,-0.0205333486167405,O
tak,ADV,Db-------------,advmod,,,,,0.0177134150013827,O
",",PUNCT,Z:-------------,punct,,,,,0.2034186213724943,O
aby,AUX,Vc-------------,aux,,,,,0.2429892081504692,O
přinášel,VERB,VpYS----R-AAI--,advcl,,Masc,Sing,,0.0292485163141049,O
trvalou,ADJ,AAFS4----1A----,amod,Acc,Fem,Sing,,0.064442273862623,O
hodnotu,NOUN,NNFS4-----A----,obj,Acc,Fem,Sing,,-0.091752198570412,O
investorům,NOUN,NNMP3-----A----,obl:arg,Dat,Masc,Plur,Anim,-0.107833878662159,O
.,PUNCT,Z:-------------,punct,,,,,0.2200696851863091,O
Hlavním,ADJ,AAIS7----1A----,amod,Ins,Masc,Sing,Inan,0.0698577624251099,O
způsobem,NOUN,NNIS7-----A----,root,Ins,Masc,Sing,Inan,-0.2936578024863721,O
doručení,NOUN,NNNS2-----A----,nmod,Gen,Neut,Sing,,0.3899469403106692,O
je,AUX,VB-S---3P-AAI--,cop,,,Sing,,0.2132600453147349,O
Royal,X,F%-------------,nsubj,,,,,0.326296764237103,B-if
Mail,X,F%-------------,flat:foreign,,,,,0.507860827812674,I-if
international,X,F%-------------,flat:foreign,,,,,0.2441769588154825,I-if
Signed,X,F%-------------,flat:foreign,,,,,0.2768420568398171,I-if
for,X,F%-------------,flat:foreign,,,,,-0.0201289932855412,I-if
.,PUNCT,Z:-------------,punct,,,,,0.0556292023546687,O
Stručná,ADJ,AAFS1----1A----,amod,Nom,Fem,Sing,,0.3525609453863103,O
adresa,NOUN,NNFS1-----A----,nsubj,Nom,Fem,Sing,,0.3583966090418597,O
Thunbergu,PROPN,NNIS2-----A----,nmod,Gen,Masc,Sing,Inan,0.0047524915286402,B-gu
elektrifikovala,VERB,VpQW----R-AAB--,root,,"Fem,Neut","Plur,Sing",,-0.0387447192484188,O
začátek,NOUN,NNIS4-----A----,obj,Acc,Masc,Sing,Inan,-0.0537751621275501,O
summitu,NOUN,NNIS2-----A----,nmod,Gen,Masc,Sing,Inan,0.0650291473491388,O
zaměřeného,ADJ,AAIS2----1A----,amod,Gen,Masc,Sing,Inan,-0.049685340939838,O
na,ADP,RR--4----------,case,Acc,,,,0.0336638533787333,O
mobilizaci,NOUN,NNFS4-----A----,obl:arg,Acc,Fem,Sing,,-0.0151374692517467,O
vlády,NOUN,NNFS2-----A----,nmod,Gen,Fem,Sing,,0.0938863292975476,O
a,CCONJ,J^-------------,cc,,,,,-0.0936616574792961,O
podnikání,NOUN,NNNS2-----A----,conj,Gen,Neut,Sing,,-0.0866134889933365,O
s,ADP,RR--7----------,case,Ins,,,,0.0209005545401034,O
cílem,NOUN,NNIS7-----A----,obl,Ins,Masc,Sing,Inan,0.0193565051027172,O
prolomit,VERB,Vf--------A-P--,acl,,,,,0.1781417431769153,O
mezinárodní,ADJ,AAFS4----1A----,amod,Acc,Fem,Sing,,-0.13346004705119,O
paralýzu,NOUN,NNFS4-----A----,obj,Acc,Fem,Sing,,0.0613142103042868,O
nad,ADP,RR--7----------,case,Ins,,,,-0.1373726598870933,O
uhlíkovými,ADJ,AAFP7----1A----,amod,Ins,Fem,Plur,,0.0493002422281972,O
emisemi,NOUN,NNFP7-----A----,nmod,Ins,Fem,Plur,,0.0182245379140519,O
",",PUNCT,Z:-------------,punct,,,,,0.3700589177991846,O
která,DET,P4FS1----------,nsubj,Nom,Fem,Sing,,-0.2440326850775462,O
loni,ADV,Db-------------,advmod,,,,,-0.030919675020386,O
dosáhla,VERB,VpQW----R-AAP--,acl:relcl,,"Fem,Neut","Plur,Sing",,0.0767597426777811,O
rekordních,ADJ,AANP2----1A----,amod,Gen,Neut,Plur,,0.0036524678167772,O
maxima,NOUN,NNNP2-----A----,obl:arg,Gen,Neut,Plur,,0.0443532651888989,O
navzdory,ADV,Db-------------,case,,,,,0.0892261913865354,O
desetiletí,NOUN,NNNS3-----A----,obl,Dat,Neut,Sing,,0.0169828995445832,O
varování,NOUN,NNNS2-----A----,nmod,Gen,Neut,Sing,,0.0360490070032776,O
vědců,NOUN,NNMP2-----A----,nmod,Gen,Masc,Plur,Anim,-0.0499166860260629,O
.,PUNCT,Z:-------------,punct,,,,,-0.0031954130788612,O
Jinak,ADV,Db-------------,advmod,,,,,-0.5953456497844867,O
jsem,AUX,VB-S---1P-AAI--,aux,,,Sing,,0.0387522680903875,O
experimentoval,VERB,VpYS----R-AAI--,root,,Masc,Sing,,0.143622464170593,O
v,ADP,RR--6----------,case,Loc,,,,0.2454121753307167,O
kuchyni,NOUN,NNFS6-----A----,obl,Loc,Fem,Sing,,-0.0199085257188453,O
:,PUNCT,Z:-------------,punct,,,,,0.2164285528996317,O
intenzivně,ADV,Dg-------1A----,advmod,,,,,0.0192669934390172,O
ochucený,ADJ,AAMS1----1A----,amod,Nom,Masc,Sing,Anim,0.2837882977298587,O
úhoř,NOUN,NNMS1-----A----,nsubj,Nom,Masc,Sing,Anim,-0.0291571196646345,O
a,CCONJ,J^-------------,cc,,,,,0.1261004067816971,O
shiitake,NOUN,F%-------------,nmod,,,,,0.1506702484444299,O
vývar,NOUN,NNIS1-----A----,conj,Nom,Masc,Sing,Inan,0.087713638342789,O
a,CCONJ,J^-------------,cc,,,,,-0.0062145728535772,O
dvojitá,ADJ,AAFS1----1A----,amod,Nom,Fem,Sing,,0.1709056933288783,O
smetanová,ADJ,AAFS1----1A----,amod,Nom,Fem,Sing,,0.0642507605598083,O
brioška,NOUN,NNFS1-----A----,conj,Nom,Fem,Sing,,0.130450331434718,O
byly,AUX,VpTP----R-AAI--,cop,,"Fem,Masc",Plur,Inan,0.2521987060192673,O
mými,DET,PSZS7-S1-------,det,Ins,,Plur,,0.0648489460419574,O
standouts,X,F%-------------,conj,,,,,0.1233174942577892,O
.,PUNCT,Z:-------------,punct,,,,,-0.1770464116555796,O
Pokud,SCONJ,"J,-------------",mark,,,,,0.2824169936942068,O
byste,AUX,Vc----------Ie-,aux,,,Plur,,0.0600855438472222,O
chtěli,VERB,VpMP----R-AAI--,advcl,,Masc,Plur,Anim,0.0089328614132524,O
poradit,VERB,Vf--------A-P--,xcomp,,,,,0.0949177299683943,O
s,ADP,RR--7----------,case,Ins,,,,-0.0431822732889766,O
doporučeným,ADJ,AAIS7----1A----,amod,Ins,Masc,Sing,Inan,-0.0200065083742972,O
způsobem,NOUN,NNIS7-----A----,obl:arg,Ins,Masc,Sing,Inan,-0.011197649230403,O
poštovného,NOUN,NNNS2-----A----,nmod,Gen,Neut,Sing,,0.0681993361801317,O
do,ADP,RR--2----------,case,Gen,,,,-0.0183279012732339,O
vaší,DET,PSFS2-P2-------,det,Gen,Fem,Sing,,-0.5394665099890025,O
země,NOUN,NNFS2-----A----,nmod,Gen,Fem,Sing,,0.0913164123805115,O
",",PUNCT,Z:-------------,punct,,,,,0.0276842820859966,O
kontaktujte,VERB,Vi-P---2--A-I--,root,,,Plur,,-0.0434723095707579,O
nás,PRON,PP-P4--1-------,obj,Acc,,Plur,,-0.0732838481408904,O
-,PUNCT,Z:-------------,punct,,,,,0.1194590619631339,O
máme,VERB,VB-P---1P-AAI--,conj,,,Plur,,-0.0013506453616013,O
dlouholeté,ADJ,AAFP4----1A----,amod,Acc,Fem,Plur,,0.0204978414676767,O
zkušenosti,NOUN,NNFP4-----A----,obj,Acc,Fem,Plur,,0.045936746905448,O
a,CCONJ,J^-------------,cc,,,,,0.0235792348111356,O
rádi,ADJ,ACMP------A----,xcomp,,Masc,Plur,Anim,0.0205562409706046,O
Vám,PRON,PP-P3--2-------,obl:arg,Dat,,Plur,,-0.0218532493394864,O
poradíme,VERB,VB-P---1P-AAP--,conj,,,Plur,,0.0383738962633377,O
.,PUNCT,Z:-------------,punct,,,,,0.6706431665414372,O
Dodal,VERB,VpYS----R-AAP--,root,,Masc,Sing,,0.1162895326930823,O
:,PUNCT,Z:-------------,punct,,,,,-0.006139384525918,O
"""",PUNCT,Z:-------------,punct,,,,,0.0738290174489723,O
"""",PUNCT,Z:-------------,punct,,,,,0.1845952901668662,O
@,X,F%-------------,dep,,,,,-0.074142304459811,O
leondame,X,F%-------------,flat:foreign,,,,,0.1486223146881917,O
zavraždil,X,F%-------------,flat:foreign,,,,,0.0607145447949354,O
molo,X,F%-------------,flat:foreign,,,,,0.410364245686739,O
@maisonmargiela,X,F%-------------,flat:foreign,,,,,0.2809260101336637,O
.,PUNCT,Z:-------------,punct,,,,,-0.0792439251101494,O
Asi,PART,TT-------------,advmod,,,,,0.425780125903981,O
je,AUX,VB-S---3P-AAI--,cop,,,Sing,,0.1663437575438307,O
pravda,NOUN,NNFS1-----A----,root,Nom,Fem,Sing,,0.1427873464397724,O
",",PUNCT,Z:-------------,punct,,,,,0.0586075523863001,O
co,PRON,PQ--1----------,nsubj:pass,Nom,,,Inan,0.0996910227967673,O
se,PRON,P7-X4----------,expl:pass,Acc,,,,0.1893120631691371,O
říká,VERB,VB-S---3P-AAI--,csubj,,,Sing,,-0.1832902609030117,O
.,PUNCT,Z:-------------,punct,,,,,-0.1504979290557867,O
Není,AUX,VB-S---3P-NAI--,root,,,Sing,,-0.1271592113112171,O
nic,PRON,PY--1----------,nsubj,Nom,,,,0.0046312420996709,O
lepšího,ADJ,AANS2----2A----,amod,Gen,Neut,Sing,,0.1299171945583147,O
než,SCONJ,"J,-------------",mark,,,,,0.0110071324032019,O
dáma,NOUN,NNFS1-----A----,advcl,Nom,Fem,Sing,,0.0317995443868578,O
!,PUNCT,Z:-------------,punct,,,,,-0.1746262411100475,O
"""",PUNCT,Z:-------------,root,,,,,-0.1777747713923883,O
"""",PUNCT,Z:-------------,punct,,,,,-0.1540449012794851,O
"""",PUNCT,Z:-------------,punct,,,,,-0.1643969169577226,O
Ukázalo,VERB,VpNS----R-AAP--,root,,Neut,Sing,,0.9544037831397448,O
se,PRON,P7-X4----------,expl:pv,Acc,,,,-0.1447633930789808,O
",",PUNCT,Z:-------------,punct,,,,,0.0237303103034092,O
že,SCONJ,"J,-------------",mark,,,,,-0.0169744790573875,O
současný,ADJ,AAIS1----1A----,amod,Nom,Masc,Sing,Inan,-0.044406337025149,O
zákon,NOUN,NNIS1-----A----,nsubj,Nom,Masc,Sing,Inan,-0.0016857905183606,O
o,ADP,RR--6----------,case,Loc,,,,-0.0378879467775943,O
kontrole,NOUN,NNFS6-----A----,nmod,Loc,Fem,Sing,,0.0107939990656605,O
psů,NOUN,NNMP2-----A----,nmod,Gen,Masc,Plur,Anim,-0.0093022529594853,O
nefunguje,VERB,VB-S---3P-NAI--,csubj,,,Sing,,-0.0210515245991473,O
.,PUNCT,Z:-------------,punct,,,,,0.0175699822532983,O
Naléhavě,ADV,Dg-------1A----,advmod,,,,,-0.0083364168816348,O
je,AUX,VB-S---3P-AAI--,cop,,,Sing,,-0.0477917525665653,O
třeba,ADV,Db-------------,root,,,,,0.0226175478069523,O
provést,VERB,Vf--------A-P--,csubj,,,,,0.0042318987543677,O
reformu,NOUN,NNFS4-----A----,obj,Acc,Fem,Sing,,0.0632461476196707,O
",",PUNCT,Z:-------------,punct,,,,,0.0305834987470867,O
aby,AUX,Vc-------------,aux,,,,,-0.0099727843368464,O
se,PRON,P7-X4----------,expl:pv,Acc,,,,0.0059092777376297,O
mimo,ADP,RR--4----------,case,Acc,,,,-7.191891589924094,O
kontrolu,NOUN,NNFS4-----A----,obl,Acc,Fem,Sing,,-0.0048018048639217,O
a,CCONJ,J^-------------,cc,,,,,-0.0120320202697361,O
nebezpečné,ADJ,AAMP4----1N----,amod,Acc,Masc,Plur,Anim,-0.0073494138652899,O
psy,NOUN,NNMP4-----A----,conj,Acc,Masc,Plur,Anim,-0.0248148101296451,O
bylo,AUX,VpNS----R-AAI--,cop,,Neut,Sing,,-0.014538727687409,O
možné,ADJ,AANS1----1A----,advcl,Nom,Neut,Sing,,0.0073768488206426,O
řádně,ADV,Dg-------1A----,advmod,,,,,0.0299634753872122,O
zacházet,VERB,Vf--------A-I--,csubj,,,,,0.026224104234625,O
a,CCONJ,J^-------------,cc,,,,,0.0096485704929256,O
můžeme,VERB,VB-P---1P-AAI--,conj,,,Plur,,-0.0160455604988811,O
se,PRON,P7-X4----------,expl:pv,Acc,,,,-0.0040231322995683,O
pokusit,VERB,Vf--------A-P--,xcomp,,,,,0.0031582826596943,O
přejít,VERB,Vf--------A-P--,xcomp,,,,,-0.0076447879988811,O
k,ADP,RR--3----------,case,Dat,,,,-0.0827203457614245,O
systému,NOUN,NNIS3-----A----,obl,Dat,Masc,Sing,Inan,0.0156353360527289,O
",",PUNCT,Z:-------------,punct,,,,,0.0868006571599311,O
který,DET,P4YS1----------,nsubj,Nom,Masc,Sing,,0.0239750873157156,O
zabrání,VERB,VB-S---3P-AAP--,acl:relcl,,,Sing,,-0.0222418394759543,O
psům,NOUN,NNMP3-----A----,obl:arg,Dat,Masc,Plur,Anim,0.0091714625153102,O
zranit,VERB,Vf--------A-P--,xcomp,,,,,0.0198071309817184,O
naše,DET,PSXP4-P1-------,det,Acc,,Plur,,0.0396657614987596,O
děti,NOUN,NNFP4-----A----,obj,Acc,Fem,Plur,,0.0612971303665844,O
.,PUNCT,Z:-------------,punct,,,,,0.0485879730489709,O
"""",PUNCT,Z:-------------,root,,,,,0.0355989749661181,O
"""",PUNCT,Z:-------------,punct,,,,,0.0479995288973413,O
"""",PUNCT,Z:-------------,punct,,,,,0.0166384504690613,O
Pokud,SCONJ,"J,-------------",mark,,,,,-0.0545370579071416,O
vezmete,VERB,VB-P---2P-AAP--,advcl,,,Plur,,0.1560119171693534,O
datum,NOUN,NNNS4-----A----,obj,Acc,Neut,Sing,,-0.0519800325024842,O
založení,NOUN,NNNS2-----A----,nmod,Gen,Neut,Sing,,-0.0222774195379307,O
společnosti,NOUN,NNFS2-----A----,nmod,Gen,Fem,Sing,,-0.0716684935237973,O
jako,SCONJ,"J,-------------",mark,,,,,0.0370736785450772,O
její,DET,P9XP4FS3-------,det,Acc,,Plur,,-0.0295340683697627,O
narozeniny,NOUN,NNFP4-----A----,xcomp,Acc,Fem,Plur,,0.0487196287934941,O
",",PUNCT,Z:-------------,punct,,,,,0.0217718703834735,O
pak,ADV,Db-------------,advmod,,,,,0.059062404064331,O
se,PRON,P7-X4----------,expl:pv,Acc,,,,0.0143042165779974,O
Google,PROPN,NNMS1-----A----,nsubj,Nom,Masc,Sing,Anim,-0.0800010277432826,B-if
narodil,VERB,VpYS----R-AAP--,root,,Masc,Sing,,-0.0247391741073708,O
4,NUM,C=-------------,nummod,,,,,0.0518912761465527,B-T|B-td
.,PUNCT,Z:-------------,punct,,,,,0.1052165051596193,I-T|I-td
září,NOUN,NNNS2-----A----,obl,Gen,Neut,Sing,,-0.1273495566399508,I-T|B-tm
1998,NUM,C=-------------,nummod,,,,,0.1043486970246761,I-T|B-ty
",",PUNCT,Z:-------------,punct,,,,,0.1199696287097901,O
nicméně,CCONJ,J^-------------,cc,,,,,-0.1827985149760092,O
společnost,NOUN,NNFS1-----A----,nsubj,Nom,Fem,Sing,,0.4275214268842094,O
nikdy,ADV,Db-------------,advmod,,,,,0.0514597834339628,O
neslavila,VERB,VpQW----R-NAI--,conj,,"Fem,Neut","Plur,Sing",,0.0187034353776265,O
den,NOUN,NNIS4-----A----,obj,Acc,Masc,Sing,Inan,0.0278568009977954,O
svých,DET,P8XP2----------,det,Gen,,Plur,,-0.1079177842618048,O
narozenin,NOUN,NNFP2-----A----,nmod,Gen,Fem,Plur,,-0.0301361666340279,O
",",PUNCT,Z:-------------,punct,,,,,0.0701244235116815,O
alespoň,ADV,Db-------------,advmod:emph,,,,,-0.0068185447209899,O
ne,PART,TT-------------,advmod:emph,,,,,-0.0455511558663966,O
ve,ADP,RV--6----------,case,Loc,,,,-0.0084932250925699,O
formě,NOUN,NNFS6-----A----,obl,Loc,Fem,Sing,,0.0574998185831717,O
čmáranice,NOUN,NNFS2-----A----,nmod,Gen,Fem,Sing,,0.0119665029890188,O
.,PUNCT,Z:-------------,punct,,,,,-0.1058779431010407,O
Společnost,NOUN,NNFS1-----A----,nsubj,Nom,Fem,Sing,,-0.1947729943023883,O
Google,PROPN,NNIS1-----A----,nmod,Nom,Masc,Sing,Inan,-0.0570159516017903,B-if
slavila,VERB,VpQW----R-AAI--,root,,"Fem,Neut","Plur,Sing",,0.0347663630843411,O
7,NUM,C=-------------,nummod,,,,,-0.1651231544874127,B-T|B-td
.,PUNCT,Z:-------------,punct,,,,,-0.0284117968032501,I-T|I-td
září,NOUN,NNNS2-----A----,obl,Gen,Neut,Sing,,-0.0436207102729359,I-T|B-tm
jako,SCONJ,"J,-------------",mark,,,,,0.1469769945391474,O
své,DET,P8FP4---------1,det,Acc,Fem,Plur,,-0.0149151778717788,O
narozeniny,NOUN,NNFP4-----A----,obj,Acc,Fem,Plur,,-0.000934731011475,O
v,ADP,RR--6----------,case,Loc,,,,-0.2596770563284847,O
doodles,NOUN,F%-------------,obl,,,,,-0.0470615507501293,O
až,PART,TT-------------,advmod:emph,,,,,-0.09608380536972,O
do,ADP,RR--2----------,case,Gen,,,,-0.0153984072193307,O
roku,NOUN,NNIS2-----A---1,obl,Gen,Masc,Sing,Inan,-0.0167866589969291,O
2005,NUM,C=-------------,nummod,,,,,0.1011154998279257,B-ty
",",PUNCT,Z:-------------,punct,,,,,0.0397669537104948,O
načež,ADV,Db-------------,advmod,,,,,0.0090927107492216,O
přešla,VERB,VpQW----R-AAP--,conj,,"Fem,Neut","Plur,Sing",,0.0548173539604136,O
na,ADP,RR--4----------,case,Acc,,,,0.0994505157462797,O
27,NUM,C=-------------,nummod,,,,,-0.114109132840931,B-T|B-td
.,PUNCT,Z:-------------,punct,,,,,-0.0191844962369636,I-T|I-td
září,NOUN,NNNS2-----A----,obl,Gen,Neut,Sing,,-0.0109507998974154,I-T|B-tm
.,PUNCT,Z:-------------,punct,,,,,0.3908518249789873,O
Počkejte,VERB,Vi-P---2--A-P--,root,,,Plur,,0.1308067737144873,O
",",PUNCT,Z:-------------,punct,,,,,0.062714901860548,O
až,SCONJ,"J,-------------",mark,,,,,0.0146774950843131,O
se,PRON,P7-X4----------,expl:pv,Acc,,,,0.4634358613814372,O
zobrazí,VERB,VB-S---3P-AAP--,ccomp,,,Sing,,-0.1536223044419297,O
obrazovka,NOUN,NNFS1-----A----,nsubj,Nom,Fem,Sing,,0.1833781403089056,O
Obnovit,VERB,Vf--------A-P--,acl,,,,,0.1453725675594042,O
.,PUNCT,Z:-------------,punct,,,,,-0.1633308543786537,O
Agentura,NOUN,NNFS1-----A----,nsubj,Nom,Fem,Sing,,0.1348536176244941,O
uvedla,VERB,VpQW----R-AAP--,root,,"Fem,Neut","Plur,Sing",,-0.0277381021332681,O
",",PUNCT,Z:-------------,punct,,,,,0.0330331054553699,O
že,SCONJ,"J,-------------",mark,,,,,-0.0762072403757227,O
lidé,NOUN,NNMP1-----A----,nsubj,Nom,Masc,Plur,Anim,0.0057184408855144,O
začali,VERB,VpMP----R-AAP--,ccomp,,Masc,Plur,Anim,-0.194856931187926,O
vykazovat,VERB,Vf--------A-I--,xcomp,,,,,0.3441585227073959,O
symptomy,NOUN,NNIP4-----A----,obj,Acc,Masc,Plur,Inan,0.0782625087887054,O
spojené,ADJ,AAIP4----1A----,amod,Acc,Masc,Plur,Inan,-0.1113067616995216,O
s,ADP,RR--7----------,case,Ins,,,,0.216711991227658,O
kmenem,NOUN,NNIS7-----A----,obl:arg,Ins,Masc,Sing,Inan,0.0501501719801032,O
salmonely,NOUN,NNFS2-----A----,nmod,Gen,Fem,Sing,,0.3155848569529187,O
",",PUNCT,Z:-------------,punct,,,,,-0.1285508853331795,O
což,PRON,PQ--1----------,nsubj,Nom,,,,0.1485094516583374,O
může,VERB,VB-S---3P-AAI--,conj,,,Sing,,0.0923042310878779,O
trvat,VERB,Vf--------A-I--,xcomp,,,,,0.0762141143511564,O
dva,NUM,CnYP4----------,nummod,Acc,Masc,Plur,,0.1094525378692434,O
až,CCONJ,J^-------------,cc,,,,,0.0756865519184432,O
čtyři,NUM,Cl-P4----------,conj,Acc,,Plur,,0.098414532709104,O
týdny,NOUN,NNIP4-----A----,obl,Acc,Masc,Plur,Inan,0.0328402339392622,O
",",PUNCT,Z:-------------,punct,,,,,-0.3829483381936596,O
než,SCONJ,"J,-------------",mark,,,,,0.1276837749673006,O
se,PRON,P7-X4----------,expl:pv,Acc,,,,0.2924707808553609,O
projeví,VERB,VB-P---3P-AAP--,acl,,,Plur,,0.0618293088556737,O
symptomy,NOUN,NNIP1-----A----,nsubj,Nom,Masc,Plur,Inan,0.0722401262187526,O
",",PUNCT,Z:-------------,punct,,,,,0.0030841668059279,O
mezi,ADP,RR--7----------,case,Ins,,,,0.1298979670998409,O
19,NUM,C=-------------,nummod,,,,,0.0204454114476713,B-T|B-td
.,PUNCT,Z:-------------,punct,,,,,0.005504593145838,I-T|I-td
červnem,NOUN,NNIS7-----A----,obl,Ins,Masc,Sing,Inan,0.1060215026335187,I-T|B-tm
a,CCONJ,J^-------------,cc,,,,,0.0863579693629012,O
11,NUM,C=-------------,nummod,,,,,-0.0537581773988129,B-T|B-td
.,PUNCT,Z:-------------,punct,,,,,0.1299138880571727,I-T|I-td
červencem,NOUN,NNIS7-----A----,conj,Ins,Masc,Sing,Inan,0.3358488943482194,I-T|B-tm
.,PUNCT,Z:-------------,punct,,,,,0.0717306314224468,O
Proč,ADV,Db-------------,advmod,,,,,-0.020497957423254,O
The,X,F%-------------,nsubj,,,,,-0.0477400079274797,B-mn
Times,X,F%-------------,flat:foreign,,,,,-0.2829610537449634,I-mn
zveřejnily,VERB,VpTP----R-AAP--,root,,"Fem,Masc",Plur,Inan,0.2364688358111189,O
podrobnosti,NOUN,NNFP4-----A----,obj,Acc,Fem,Plur,,-0.1183919836395932,O
o,ADP,RR--6----------,case,Loc,,,,0.2544472137581158,O
identitě,NOUN,NNFS6-----A----,nmod,Loc,Fem,Sing,,0.3892699353194999,O
Whistle-Blower,X,F%-------------,flat:foreign,,,,,0.2292032959472553,B-gu
Monzun,PROPN,NNMS1-----A----,nsubj,Nom,Masc,Sing,Anim,0.1616876321205421,B-ps
také,ADV,Db-------------,advmod,,,,,0.2066070647905142,O
přišel,VERB,VpYS----R-AAP--,root,,Masc,Sing,,0.0684038261889935,O
pozdě,ADV,Dg-------1A----,advmod,,,,,-0.001634913228868,O
na,ADP,RR--4----------,case,Acc,,,,-0.1683363846271937,O
příjezd,NOUN,NNIS4-----A----,obl,Acc,Masc,Sing,Inan,0.0432257860476679,O
.,PUNCT,Z:-------------,punct,,,,,0.1953511868613226,O
Mnoho,DET,Ca--1----------,det:numgov,Nom,,,,0.1308781831153289,O
oblastí,NOUN,NNFP2-----A----,nsubj,Gen,Fem,Plur,,0.3420092077999201,O
utrpělo,VERB,VpNS----R-AAP--,root,,Neut,Sing,,0.1734378510883814,O
nedostatek,NOUN,NNIS4-----A----,obj,Acc,Masc,Sing,Inan,0.0198037496895597,O
vody,NOUN,NNFS2-----A----,nmod,Gen,Fem,Sing,,0.1131641692155962,O
a,CCONJ,J^-------------,cc,,,,,0.1150274779213807,O
zemědělci,NOUN,NNMP1-----A----,nsubj,Nom,Masc,Plur,Anim,0.3132144926826051,O
se,PRON,P7-X4----------,expl:pv,Acc,,,,-0.0748457192454506,O
chystali,VERB,VpMP----R-AAI--,conj,,Masc,Plur,Anim,-0.0314204331707192,O
na,ADP,RR--4----------,case,Acc,,,,-0.2281394405467327,O
možné,ADJ,AANS4----1A----,amod,Acc,Neut,Sing,,0.1477215572859669,O
sucho,NOUN,NNNS4-----A----,obl:arg,Acc,Neut,Sing,,0.1737569269547329,O
.,PUNCT,Z:-------------,punct,,,,,-0.3235972702693704,O
Musíme,VERB,VB-P---1P-AAI--,root,,,Plur,,-0.0944297694711356,O
být,AUX,Vf--------A-I--,cop,,,,,-0.2518318382349981,O
schopni,ADJ,ACMP------A----,xcomp,,Masc,Plur,Anim,0.2958489805460815,O
podniknout,VERB,Vf--------A-P--,xcomp,,,,,-0.1572809083873534,O
rychlé,ADJ,AAIP4----1A----,amod,Acc,Masc,Plur,Inan,-0.0292362475692153,O
",",PUNCT,Z:-------------,punct,,,,,0.1013341564479942,O
rozhodné,ADJ,AAIP4----1A----,conj,Acc,Masc,Plur,Inan,-0.0046077138264455,O
kroky,NOUN,NNIP4-----A----,obj,Acc,Masc,Plur,Inan,0.2450622398720404,O
",",PUNCT,Z:-------------,punct,,,,,0.2128671161126809,O
zejména,PART,TT-------------,advmod:emph,,,,,0.0010157031428797,O
ve,ADP,RV--6----------,case,Loc,,,,-0.11778543981275,O
vztahu,NOUN,NNIS6-----A----,fixed,Loc,Masc,Sing,Inan,0.2020995976171509,O
k,ADP,RR--3----------,fixed,Dat,,,,0.1165504365518525,O
místně,ADV,Dg-------1A----,advmod,,,,,-0.1136829352132149,O
nebo,CCONJ,J^-------------,cc,,,,,0.1317525972113,O
mezinárodně,ADV,Dg-------1A----,conj,,,,,0.0858630818498978,O
ve,ADP,RV--6----------,case,Loc,,,,-0.2297322920142605,O
vztahu,NOUN,NNIS6-----A----,fixed,Loc,Masc,Sing,Inan,0.0045962304399003,O
ke,ADP,RV--3----------,fixed,Dat,,,,-0.0660654089343594,O
Španělsku,PROPN,NNNS3-----A----,conj,Dat,Neut,Sing,,-0.0109560391553826,B-gc
nebo,CCONJ,J^-------------,cc,,,,,0.1187901208196959,O
konkrétní,ADJ,AAFS3----1A----,amod,Dat,Fem,Sing,,-0.0394276267018763,O
zemi,NOUN,NNFS3-----A----,conj,Dat,Fem,Sing,,-0.0185785711773668,O
",",PUNCT,Z:-------------,punct,,,,,0.0547926273714507,O
kde,ADV,Db-------------,advmod,,,,,-0.1914646654750056,O
vidíme,VERB,VB-P---1P-AAI--,acl:relcl,,,Plur,,-0.1122202868338873,O
",",PUNCT,Z:-------------,punct,,,,,0.2929068076920734,O
že,SCONJ,"J,-------------",mark,,,,,0.2513630771339699,O
musíme,VERB,VB-P---1P-AAI--,ccomp,,,Plur,,-0.0083128224107456,O
jednat,VERB,Vf--------A-I--,xcomp,,,,,0.1014846158712046,O
.,PUNCT,Z:-------------,punct,,,,,-0.0064424389753182,O
Spokojenost,NOUN,NNFS1-----A----,nsubj,Nom,Fem,Sing,,0.7849660273355072,O
našich,DET,PSXP2-P1-------,det,Gen,,Plur,,0.0020138077304479,O
zákazníků,NOUN,NNMP2-----A----,nmod,Gen,Masc,Plur,Anim,-0.1982031149953292,O
je,AUX,VB-S---3P-AAI--,root,,,Sing,,0.1104810754760744,O
u,ADP,RR--2----------,case,Gen,,,,-0.0726686764444371,O
nás,PRON,PP-P2--1-------,obl,Gen,,Plur,,0.2641073942239091,O
na,ADP,RR--6----------,case,Loc,,,,0.0587766525871308,O
prvním,ADJ,CrNS6----------,amod,Loc,Neut,Sing,,0.2224096299989475,O
místě,NOUN,NNNS6-----A----,obl,Loc,Neut,Sing,,0.3103155251502987,O
.,PUNCT,Z:-------------,punct,,,,,-0.065123242405676,O
Proto,CCONJ,J^-------------,cc,,,,,-0.1486797789940011,O
je,AUX,VB-S---3P-AAI--,cop,,,Sing,,-0.1437413233483889,O
potápěčský,ADJ,AAIS1----1A----,amod,Nom,Masc,Sing,Inan,0.1948899744149948,O
obchod,NOUN,NNIS1-----A----,nsubj,Nom,Masc,Sing,Inan,-0.0321960185942423,O
Matta,PROPN,NNMS2-----A----,nmod,Gen,Masc,Sing,Anim,0.1497852226109345,B-P|B-pf
Meuniera,PROPN,NNMS2-----A----,flat,Gen,Masc,Sing,Anim,-0.000572843547612,I-P|B-ps
stále,ADV,Dg-------1A----,advmod,,,,,0.1970336582177183,O
silný,ADJ,AAIS1----1A----,root,Nom,Masc,Sing,Inan,0.038329438261114,O
",",PUNCT,Z:-------------,punct,,,,,0.2562975757991075,O
dokonce,ADV,Db-------------,advmod:emph,,,,,0.3179612748689676,O
i,CCONJ,J^-------------,advmod:emph,,,,,-0.1498068885309894,O
v,ADP,RR--6----------,case,Loc,,,,-0.0340841430636295,O
pandemii,NOUN,NNFS6-----A----,obl,Loc,Fem,Sing,,0.3934654873267304,O
.,PUNCT,Z:-------------,punct,,,,,-0.4868161358952662,O
Vláda,NOUN,NNFS1-----A----,nsubj,Nom,Fem,Sing,,0.0412655693088951,O
se,PRON,P7-X4----------,expl:pv,Acc,,,,-0.0114833878535516,O
nás,PRON,PP-P4--1-------,obj,Acc,,Plur,,-0.0534877452238271,O
snaží,VERB,VB-S---3P-AAI--,ccomp,,,Sing,,0.0086281147580564,O
zmást,VERB,Vf--------A-P--,xcomp,,,,,0.0648361519344818,O
",",PUNCT,Z:-------------,punct,,,,,0.2062413854253254,O
ale,CCONJ,J^-------------,cc,,,,,0.4954041713942527,O
nedovolíme,VERB,VB-P---1P-NAP--,conj,,,Plur,,-0.1119488453212271,O
jim,PRON,PEXP3--3-------,obl:arg,Dat,,Plur,,0.3491652822346012,O
",",PUNCT,Z:-------------,punct,,,,,0.1595084874192635,O
aby,AUX,Vc-------------,aux,,,,,0.0919233894179703,O
nás,PRON,PP-P4--1-------,obj,Acc,,Plur,,-0.0937776241764008,O
přiměli,VERB,VpMP----R-AAP--,ccomp,,Masc,Plur,Anim,0.0023523017340665,O
to,DET,PDNS4----------,obj,Acc,Neut,Sing,,-0.0995118841721223,O
přijmout,VERB,Vf--------A-P--,xcomp,,,,,0.0442671798326205,O
",",PUNCT,Z:-------------,punct,,,,,0.1130907493733999,O
řekl,VERB,VpYS----R-AAP--,root,,Masc,Sing,,-0.0016879391054166,O
.,PUNCT,Z:-------------,punct,,,,,0.1730746574244692,O
"""",PUNCT,Z:-------------,root,,,,,0.1884809366619987,O
Já,PRON,PP-S1--1-------,nsubj,Nom,,Sing,,0.02427295955197,O
bych,AUX,Vc----------Ic-,aux,,,Sing,,0.0459928443942989,O
se,PRON,P7-X4----------,expl:pv,Acc,,,,0.1157792508723708,O
snažit,VERB,Vf--------A-I--,ccomp,,,,,0.1787803168900593,O
spát,VERB,Vf--------A-I--,xcomp,,,,,0.0816056657445905,O
a,CCONJ,J^-------------,cc,,,,,-0.0247157074529793,O
moje,DET,PSHS1-S1-------,det,Nom,"Fem,Neut",Sing,,-0.0893388435733623,O
tělo,NOUN,NNNS1-----A----,nsubj,Nom,Neut,Sing,,-0.0246918199394818,O
by,AUX,Vc----------I--,aux,,,,,-0.0185171004125754,O
jen,ADV,Db-------------,advmod:emph,,,,,0.566011024868671,O
začít,VERB,Vf--------A-P--,conj,,,,,-0.0711887193422536,O
třást,VERB,Vf--------A-I--,xcomp,,,,,0.2035033946810213,O
",",PUNCT,Z:-------------,punct,,,,,0.3138737054528999,O
a,CCONJ,J^-------------,cc,,,,,0.023318718502696,O
pak,ADV,Db-------------,advmod,,,,,0.1136232731124904,O
jsem,AUX,VB-S---1P-AAI--,aux,,,Sing,,-0.2382328937212653,O
začal,VERB,VpYS----R-AAP--,conj,,Masc,Sing,,0.0106256411500093,O
vyšilovat,VERB,Vf--------A-I--,xcomp,,,,,0.2572222163808282,O
a,CCONJ,J^-------------,cc,,,,,0.0134510905208281,O
já,PRON,PP-S1--1-------,nsubj,Nom,,Sing,,-0.0239547941703752,O
bych,AUX,Vc----------Ic-,aux,,,Sing,,-0.0276035100321914,O
začít,VERB,Vf--------A-P--,conj,,,,,-0.095877093491808,O
plakat,VERB,Vf--------A-I--,xcomp,,,,,0.1055933124243597,O
",",PUNCT,Z:-------------,punct,,,,,0.1759910823216419,O
řekl,VERB,VpYS----R-AAP--,root,,Masc,Sing,,0.0156875638201907,O
Corona,PROPN,NNMS1-----A----,nsubj,Nom,Masc,Sing,Anim,0.0400766733824025,B-p_
ABC-7,NOUN,BNXXX-----A----,nmod,,,,,0.1067656032641569,I-p_
.,PUNCT,Z:-------------,punct,,,,,-0.3912272302036716,O
Debaty,NOUN,NNFP1-----A----,nsubj,Nom,Fem,Plur,,0.125337640904796,O
zahrnovaly,VERB,VpTP----R-AAI--,root,,"Fem,Masc",Plur,Inan,0.0714270652694811,O
technologický,ADJ,AAIS4----1A----,amod,Acc,Masc,Sing,Inan,0.0320827034373672,O
pokrok,NOUN,NNIS4-----A----,obj,Acc,Masc,Sing,Inan,0.0870853007435042,O
ve,ADP,RV--6----------,case,Loc,,,,-0.0817069217130149,O
válčení,NOUN,NNNS6-----A----,nmod,Loc,Neut,Sing,,0.0447382517767542,O
a,CCONJ,J^-------------,cc,,,,,0.0101513762403255,O
budoucnost,NOUN,NNFS4-----A----,conj,Acc,Fem,Sing,,-0.023864386898257,O
práce,NOUN,NNFS2-----A----,nmod,Gen,Fem,Sing,,0.0372612706115388,O
se,ADP,RV--7----------,case,Ins,,,,-0.0021290684009285,O
zvyšující,ADJ,AGFS7-----A----,amod,Ins,Fem,Sing,,0.107561668858933,O
se,PRON,P7-X4----------,expl:pv,Acc,,,,0.0049714793437126,O
závislostí,NOUN,NNFS7-----A----,nmod,Ins,Fem,Sing,,0.2404867639342649,O
na,ADP,RR--6----------,case,Loc,,,,0.0452837874871017,O
strojích,NOUN,NNIP6-----A----,nmod,Loc,Masc,Plur,Inan,0.1315077673951052,O
",",PUNCT,Z:-------------,punct,,,,,0.1329303525105631,O
stejně,ADV,Dg-------1A----,advmod,,,,,-0.0490962957008901,O
jako,SCONJ,"J,-------------",mark,,,,,0.1745242764566444,O
případovou,ADJ,AAFS4----1A----,amod,Acc,Fem,Sing,,0.044640003201994,O
studii,NOUN,NNFS4-----A----,advcl,Acc,Fem,Sing,,-0.0001533032723354,O
zkoumající,ADJ,AGFS4-----A----,amod,Acc,Fem,Sing,,0.0295383877837461,O
Christchurch,PROPN,NNIS4-----A----,obj,Acc,Masc,Sing,Inan,0.1012371362285632,B-gu
na,ADP,RR--6----------,case,Loc,,,,0.3029940240507392,O
Novém,ADJ,AAIS6----1A----,amod,Loc,Masc,Sing,Inan,0.1676592623659533,B-gc
Zélandu,PROPN,NNIS6-----A---1,nmod,Loc,Masc,Sing,Inan,0.2638975667471605,I-gc
",",PUNCT,Z:-------------,punct,,,,,0.0263265055022705,O
masakr,NOUN,NNIS4-----A----,conj,Acc,Masc,Sing,Inan,0.0490917240778547,O
a,CCONJ,J^-------------,cc,,,,,-0.0017685968665762,O
rozhodnutí,NOUN,NNNP4-----A----,conj,Acc,Neut,Plur,,0.0051589012325377,O
přijatá,ADJ,AANP4----1A----,amod,Acc,Neut,Plur,,0.0641711434395896,O
společnostmi,NOUN,NNFP7-----A----,obl,Ins,Fem,Plur,,0.0756340272682891,O
sociálních,ADJ,AANP2----1A----,amod,Gen,Neut,Plur,,0.0671756829521365,O
médií,NOUN,NNNP2-----A----,nmod,Gen,Neut,Plur,,0.0435617261465063,O
po,ADP,RR--6----------,case,Loc,,,,0.0165027712097337,O
video,NOUN,NNNS4-----A----,obl,Loc,Neut,Sing,,0.1917819923961636,O
šíření,NOUN,NNNS2-----A----,nmod,Gen,Neut,Sing,,-0.1162907056839631,O
krveprolití,NOUN,NNNS2-----A----,nmod,Gen,Neut,Sing,,0.1702608418659442,O
.,PUNCT,Z:-------------,punct,,,,,-0.0516151389985535,O
V,ADP,RR--6----------,case,Loc,,,,-0.0507039238052012,O
případě,NOUN,NNIS6-----A----,obl,Loc,Masc,Sing,Inan,0.2355146011365496,O
varianty,NOUN,NNFS2-----A----,nmod,Gen,Fem,Sing,,-0.0732061220559994,O
Delta,NOUN,NNFS1-----A----,nmod,Nom,Fem,Sing,,-0.033965326763598,B-op
ji,PRON,PEFS4--3-------,obj,Acc,Fem,Sing,,-0.1210672548493711,O
lze,VERB,VB-S---3P-AAI--,root,,,Sing,,-0.250057588763705,O
detekovat,VERB,Vf--------A-B--,csubj,,,,,0.1319342245282873,O
současným,ADJ,AAIS7----1A----,amod,Ins,Masc,Sing,Inan,0.1986421312100787,O
testem,NOUN,NNIS7-----A----,obl,Ins,Masc,Sing,Inan,0.7176143829859497,O
PCR,NOUN,BNXXX-----A----,nmod,,,,,0.0713358922468367,O
",",PUNCT,Z:-------------,punct,,,,,0.2288245159767748,O
ale,CCONJ,J^-------------,cc,,,,,0.1757107723141459,O
variantu,NOUN,NNFS4-----A----,conj,Acc,Fem,Sing,,0.0630666258018934,O
Omicron,PROPN,NNIS1-----A----,nmod,Nom,Masc,Sing,Inan,0.1224400968510914,B-op
nikoli,PART,TT-------------,orphan,,,,,-0.1201930963996933,O
.,PUNCT,Z:-------------,punct,,,,,0.0520723500724673,O
Prvních,ADJ,CrIP2----------,amod,Gen,Masc,Plur,Inan,0.1035749873500526,O
pár,NOUN,NNIS4-----A----,obj,Acc,Masc,Sing,Inan,0.0186445173883244,O
měsíců,NOUN,NNIP2-----A----,nmod,Gen,Masc,Plur,Inan,0.0317798691300743,O
jsem,AUX,VB-S---1P-AAI--,aux,,,Sing,,0.1294119432369312,O
strávila,VERB,VpQW----R-AAP--,root,,"Fem,Neut","Plur,Sing",,-0.036102476090453,O
v,ADP,RR--6----------,case,Loc,,,,-0.2882705801058379,O
Bílém,ADJ,AAIS6----1A----,amod,Loc,Masc,Sing,Inan,-0.0642689331399136,B-ic
domě,NOUN,NNIS6-----A----,obl,Loc,Masc,Sing,Inan,0.0135900871787645,I-ic
hlavně,ADV,Dg-------1A----,advmod:emph,,,,,-0.0232609218731214,O
starostmi,NOUN,NNFP7-----A----,obl,Ins,Fem,Plur,,0.0635659407213922,O
o,ADP,RR--4----------,case,Acc,,,,-0.0100936187590128,O
své,DET,P8FP4---------1,det,Acc,Fem,Plur,,-0.0124280676269068,O
dcery,NOUN,NNFP4-----A----,nmod,Acc,Fem,Plur,,0.0089603365174342,O
",",PUNCT,Z:-------------,punct,,,,,0.3214025686876584,O
ujišťovala,VERB,VpQW----R-AAI--,conj,,"Fem,Neut","Plur,Sing",,0.1338955028012989,O
jsem,AUX,VB-S---1P-AAI--,aux,,,Sing,,-0.0778493773821447,O
se,PRON,P7-X4----------,expl:pv,Acc,,,,-0.0624957623478762,O
",",PUNCT,Z:-------------,punct,,,,,0.1638905436705073,O
že,SCONJ,"J,-------------",mark,,,,,0.0013155313292824,O
mají,VERB,VB-P---3P-AAI--,ccomp,,,Plur,,-0.2335536781178858,O
ve,ADP,RV--6----------,case,Loc,,,,-0.1755983934343606,O
škole,NOUN,NNFS6-----A----,obl,Loc,Fem,Sing,,-0.0012346540891101,O
dobrý,ADJ,AAIS4----1A----,amod,Acc,Masc,Sing,Inan,-0.0830509420185306,O
začátek,NOUN,NNIS4-----A----,obj,Acc,Masc,Sing,Inan,0.0226083984237794,O
a,CCONJ,J^-------------,cc,,,,,0.0660640233195781,O
že,SCONJ,"J,-------------",mark,,,,,0.0370298000462075,O
si,PRON,P7--3----------,obl,Dat,,,,0.098009038471533,O
najdu,VERB,VB-S---1P-AAP--,conj,,,Sing,,0.0545512063258106,O
nové,ADJ,AAMP4----1A----,amod,Acc,Masc,Plur,Anim,0.0784240792461955,O
přátele,NOUN,NNMP4-----A----,obj,Acc,Masc,Plur,Anim,0.0054057249258415,O
",",PUNCT,Z:-------------,punct,,,,,0.1215659964392378,O
než,SCONJ,"J,-------------",mark,,,,,0.1376610983668633,O
jsem,AUX,VB-S---1P-AAI--,aux,,,Sing,,-0.0050453713408514,O
začala,VERB,VpQW----R-AAP--,advcl,,"Fem,Neut","Plur,Sing",,-0.0820786638236397,O
pracovat,VERB,Vf--------A-I--,xcomp,,,,,-0.0749329847820915,O
ambicióznější,ADJ,AAFS1----2A----,xcomp,Nom,Fem,Sing,,0.0732872972527243,O
.,PUNCT,Z:-------------,punct,,,,,-0.0453476096699735,O
Myslím,VERB,VB-S---1P-AAI--,root,,,Sing,,-0.1731281011070232,O
",",PUNCT,Z:-------------,punct,,,,,0.0792731971860413,O
že,SCONJ,"J,-------------",mark,,,,,0.1657121795652957,O
je,AUX,VB-S---3P-AAI--,ccomp,,,Sing,,-0.0192843095627328,O
to,DET,PDNS1----------,nsubj,Nom,Neut,Sing,,0.1104519571011213,O
v,ADP,RR--6----------,case,Loc,,,,0.0748472779011724,O
pořádku,NOUN,NNIS6-----A----,obl,Loc,Masc,Sing,Inan,0.0334322553391005,O
-,PUNCT,Z:-------------,punct,,,,,0.3311065401787656,O
dokonce,ADV,Db-------------,advmod:emph,,,,,0.1292104000206674,O
je,AUX,VB-S---3P-AAI--,cop,,,Sing,,0.1089921591716902,O
to,DET,PDNS1----------,nsubj,Nom,Neut,Sing,,0.0414166461140439,O
dobré,ADJ,AANS1----1A----,conj,Nom,Neut,Sing,,0.0094861284849041,O
-,PUNCT,Z:-------------,punct,,,,,0.2753357653666967,O
udělat,VERB,Vf--------A-P--,appos,,,,,-0.1083131831518552,O
to,DET,PDNS4----------,obj,Acc,Neut,Sing,,-0.0027742120958273,O
.,PUNCT,Z:-------------,punct,,,,,0.1309500750612511,O
Příběh,NOUN,NNIS4-----A----,obj,Acc,Masc,Sing,Inan,0.025252179751758,O
AP,NOUN,BNXXX-----A----,nmod,,,,,0.2007922955067378,B-io
zopakoval,VERB,VpYS----R-AAP--,root,,Masc,Sing,,-0.0168325066583343,O
sloupec,NOUN,NNIS1-----A----,nsubj,Nom,Masc,Sing,Inan,0.002971928497036,O
Washington,X,F%-------------,nmod,,,,,0.0136941049649653,B-mn
Post,X,F%-------------,flat:foreign,,,,,0.0262454042638301,I-mn
na,ADP,RR--6----------,case,Loc,,,,-0.0543272491011084,O
začátku,NOUN,NNIS6-----A----,obl,Loc,Masc,Sing,Inan,-0.0715759912975302,O
tohoto,DET,PDZS2----------,det,Gen,"Masc,Neut",Sing,,-0.0968817707820684,O
měsíce,NOUN,NNIS2-----A----,nmod,Gen,Masc,Sing,Inan,0.0542901191571521,O
od,ADP,RR--2----------,case,Gen,,,,0.0236205760504808,O
reportéra,NOUN,NNMS2-----A----,obl:arg,Gen,Masc,Sing,Anim,-0.0139624108781477,O
ABC,NOUN,BNXXX-----A----,nmod,,,,,-0.0667646136318277,B-mn
News,X,F%-------------,nmod,,,,,-0.0027658619920243,I-mn
Jonathan,PROPN,NNMS1-----A----,flat,Nom,Masc,Sing,Anim,0.2717285326852892,B-P|B-pf
Karl,PROPN,NNMS1-----A----,flat,Nom,Masc,Sing,Anim,-0.0909243028967532,I-P|B-ps
",",PUNCT,Z:-------------,punct,,,,,0.3272919908916256,O
který,DET,P4YS1----------,nsubj,Nom,Masc,Sing,,0.6487599195451212,O
je,AUX,VB-S---3P-AAI--,cop,,,Sing,,-0.0966110167567444,O
také,ADV,Db-------------,advmod,,,,,0.0295887761432469,O
prezidentem,NOUN,NNMS7-----A----,acl:relcl,Ins,Masc,Sing,Anim,0.0075863580202049,O
asociace,NOUN,NNFS2-----A----,nmod,Gen,Fem,Sing,,0.0220779115286804,O
korespondentů,NOUN,NNMP2-----A----,nmod,Gen,Masc,Plur,Anim,0.0427499502864749,O
Bílého,ADJ,AAIS2----1A----,amod,Gen,Masc,Sing,Inan,0.0636636989201881,B-io
domu,NOUN,NNIS2-----A----,nmod,Gen,Masc,Sing,Inan,0.0306936747420603,I-io
.,PUNCT,Z:-------------,punct,,,,,-0.2790394235927459,O
Warrenovy,ADJ,AUIP1M---------,amod,Nom,Masc,Plur,Inan,0.132133536827497,B-ps
peníze,NOUN,NNIP1-----A----,nsubj,Nom,Masc,Plur,Inan,-0.3398304260751938,O
na,ADP,RR--4----------,case,Acc,,,,-0.0286953412619289,O
limonádu,NOUN,NNFS4-----A----,nmod,Acc,Fem,Sing,,0.0768574646391248,O
šly,VERB,VpTP----R-AAI--,root,,"Fem,Masc",Plur,Inan,0.3258974153996444,O
na,ADP,RR--4----------,case,Acc,,,,-0.0654029794225124,O
charitu,NOUN,NNFS4-----A----,obl,Acc,Fem,Sing,,-0.1301112043360534,O
pro,ADP,RR--4----------,case,Acc,,,,0.1359395071367425,O
život,NOUN,NNIS4-----A----,nmod,Acc,Masc,Sing,Inan,-0.260389292177454,O
.,PUNCT,Z:-------------,punct,,,,,0.6503454575630433,O
Kostýmy,NOUN,NNIP1-----A----,nsubj,Nom,Masc,Plur,Inan,0.2354316472494304,O
",",PUNCT,Z:-------------,punct,,,,,0.1353565341044323,O
které,DET,P4IP1----------,nsubj,Nom,Masc,Plur,Inan,0.1110725651308938,O
vypadají,VERB,VB-P---3P-AAI--,acl:relcl,,,Plur,,0.1793632014838108,O
jako,SCONJ,"J,-------------",mark,,,,,0.3377440600117527,O
docela,ADV,Db-------------,advmod,,,,,0.1147898393313681,O
bohaté,ADJ,AAIP1----1A----,obj,Nom,Masc,Plur,Inan,0.2423899087871274,O
",",PUNCT,Z:-------------,punct,,,,,0.0418703176172023,O
jsou,AUX,VB-P---3P-AAI--,cop,,,Plur,,-0.1982464601197816,O
navrženy,ADJ,VsTP----X-APP-1,root,,"Fem,Masc",Plur,Inan,0.0794892120557971,O
Kasia,PROPN,NNFS1-----A----,nsubj,Nom,Fem,Sing,,0.043946508477917,B-P|B-pf
Walicka-Maimone,PROPN,NNFXX-----A----,flat,,Fem,,,0.0677505570718496,I-P|B-ps
",",PUNCT,Z:-------------,punct,,,,,-0.0346766536959624,O
jejíž,DET,P1FXXFS3-------,det,,Fem,,,0.1438040830701917,O
předchozí,ADJ,AAFS1----1A----,amod,Nom,Fem,Sing,,0.024564918931934,O
práce,NOUN,NNFS1-----A----,nsubj,Nom,Fem,Sing,,0.0606008038228693,O
zahrnuje,VERB,VB-S---3P-AAI--,acl:relcl,,,Sing,,0.1903381905115187,O
Stehlík“,X,F%-------------,obj,,,,,0.3510477410997968,B-oa
",",PUNCT,Z:-------------,punct,,,,,0.2554006066098162,O
Tiché,X,F%-------------,conj,,,,,0.3085235414830998,B-oa
místo“,X,F%-------------,flat:foreign,,,,,0.1509936231933539,I-oa
a,CCONJ,J^-------------,cc,,,,,0.1236829405418145,O
Moonrise,X,F%-------------,conj,,,,,-0.0167195654832057,B-oa
Kingdom“,X,F%-------------,flat:foreign,,,,,0.0318573101573837,I-oa
.,PUNCT,Z:-------------,punct,,,,,0.0139515506424289,O
Objev,NOUN,NNIS1-----A----,nsubj,Nom,Masc,Sing,Inan,0.1060620648911897,O
byl,AUX,VpYS----R-AAI--,cop,,Masc,Sing,,0.0419863443631858,O
překvapivý,ADJ,AAIS1----1A----,root,Nom,Masc,Sing,Inan,0.0031472881352211,O
",",PUNCT,Z:-------------,punct,,,,,0.0505764960437323,O
protože,SCONJ,"J,-------------",mark,,,,,-0.1422071726841385,O
teoretické,ADJ,AAIP1----1A----,amod,Nom,Masc,Plur,Inan,0.0026044509778736,O
formační,ADJ,AAIP1----1A----,amod,Nom,Masc,Plur,Inan,-0.0417258226738456,O
modely,NOUN,NNIP1-----A----,nsubj,Nom,Masc,Plur,Inan,0.0216703056087465,O
naznačují,VERB,VB-P---3P-AAI--,advcl,,,Plur,,0.0271830137302773,O
",",PUNCT,Z:-------------,punct,,,,,-0.0014891033829896,O
že,SCONJ,"J,-------------",mark,,,,,0.1344181068132033,O
hvězdy,NOUN,NNFP1-----A----,nsubj,Nom,Fem,Plur,,0.0392382924695571,O
s,ADP,RR--7----------,case,Ins,,,,0.022553104847225,O
nízkou,ADJ,AAFS7----1A----,amod,Ins,Fem,Sing,,0.1005584501773249,O
hmotností,NOUN,NNFS7-----A----,nmod,Ins,Fem,Sing,,0.0617859623296146,O
obvykle,ADV,Dg-------1A----,advmod,,,,,-0.0519081444262453,O
hostují,VERB,VB-P---3P-AAI--,ccomp,,,Plur,,-0.0561077880155751,O
malé,ADJ,AAFP4----1A----,amod,Acc,Fem,Plur,,0.0189042319824477,O
planety,NOUN,NNFP4-----A----,obj,Acc,Fem,Plur,,0.0418653257547923,O
podobné,ADJ,AAFP4----1A----,amod,Acc,Fem,Plur,,0.113898109129674,O
Zemi,NOUN,NNFS3-----A----,obl:arg,Dat,Fem,Sing,,0.0007639429101857,B-g_
nebo,CCONJ,J^-------------,cc,,,,,0.0764760543703351,O
malým,ADJ,AAIP3----1A----,amod,Dat,Masc,Plur,Inan,-0.0150993261549621,O
Neptunes,PROPN,NNIS1-----A----,conj,Nom,Masc,Sing,Inan,-0.0698715981945004,B-g_
.,PUNCT,Z:-------------,punct,,,,,-0.0496035165740423,O
V,ADP,RR--6----------,case,Loc,,,,0.0892984906524587,O
tomto,DET,PDZS6----------,det,Loc,"Masc,Neut",Sing,,-0.0635996634472776,O
případě,NOUN,NNIS6-----A----,obl,Loc,Masc,Sing,Inan,-0.0941670487879162,O
jsme,AUX,VB-P---1P-AAI--,aux,,,Plur,,-0.2793821170287481,O
našli,VERB,VpMP----R-AAP--,ccomp,,Masc,Plur,Anim,0.0711721357464918,O
velmi,ADV,Db-------------,advmod,,,,,-0.0497898217515905,O
malou,ADJ,AAFS4----1A----,amod,Acc,Fem,Sing,,0.0727424291105789,O
hvězdu,NOUN,NNFS4-----A----,obj,Acc,Fem,Sing,,-0.0194903246059228,O
plynovou,ADJ,AAFS4----1A----,amod,Acc,Fem,Sing,,-0.0040752189243424,O
obří,ADJ,AAFS4----1A----,amod,Acc,Fem,Sing,,-0.0360720032787108,O
planetu,NOUN,NNFS4-----A----,obj,Acc,Fem,Sing,,0.0762152794290512,O
podobnou,ADJ,AAFS4----1A----,amod,Acc,Fem,Sing,,0.0489374610587929,O
Jupiteru,PROPN,NNIS3-----A----,obl:arg,Dat,Masc,Sing,Inan,-0.1019480875539321,B-g_
",",PUNCT,Z:-------------,punct,,,,,0.0229356807426409,O
“,PUNCT,Z:-------------,punct,,,,,-0.6691850291530088,O
dodal,VERB,VpYS----R-AAP--,root,,Masc,Sing,,-0.0296707852759526,O
Morales,PROPN,NNMS1-----A----,nsubj,Nom,Masc,Sing,Anim,-0.0232698333158345,B-ps
.,PUNCT,Z:-------------,punct,,,,,0.0520645402070798,O
.,PUNCT,Z:-------------,punct,,,,,0.2304964716138188,O
Samozřejmě,ADV,Dg-------1A----,root,,,,,0.930385945638065,O
",",PUNCT,Z:-------------,punct,,,,,0.0345693058513829,O
že,SCONJ,"J,-------------",mark,,,,,-0.0227907267412731,O
je,AUX,VB-S---3P-AAI--,cop,,,Sing,,-0.0089386351817056,O
to,DET,PDNS1----------,nsubj,Nom,Neut,Sing,,0.037212510784791,O
pro,ADP,RR--4----------,case,Acc,,,,0.0563795980731857,O
nás,PRON,PP-P4--1-------,obl,Acc,,Plur,,0.036904061763061,O
obrovská,ADJ,AAFS1----1A----,amod,Nom,Fem,Sing,,0.0127976244450691,O
dohoda,NOUN,NNFS1-----A----,dep,Nom,Fem,Sing,,0.1219131419462788,O
.,PUNCT,Z:-------------,punct,,,,,0.0794203492689455,O
Stein,PROPN,NNMS1-----A----,nsubj,Nom,Masc,Sing,Anim,0.0202322101312334,B-ps
řekl,VERB,VpYS----R-AAP--,root,,Masc,Sing,,-0.0584540362799656,O
.,PUNCT,Z:-------------,punct,,,,,0.109636546563842,O
"""",PUNCT,Z:-------------,punct,,,,,0.101616618482931,O
"""",PUNCT,Z:-------------,punct,,,,,0.0529770763508851,O
Jsme,AUX,VB-P---1P-AAI--,aux:pass,,,Plur,,0.1128390197967941,O
osloveni,ADJ,VsMP----X-APP--,root,,Masc,Plur,Anim,0.031516992776656,O
přímo,ADV,Dg-------1A----,advmod,,,,,0.0304877822029201,O
každé,DET,AAFS3----1A----,det,Dat,Fem,Sing,,-0.0663040730580493,O
rodině,NOUN,NNFS3-----A----,obl:arg,Dat,Fem,Sing,,0.0871828542117305,O
osobně,ADV,Dg-------1A----,advmod,,,,,0.0230543129978737,O
",",PUNCT,Z:-------------,punct,,,,,0.0176774612920418,O
abychom,AUX,Vc-P---1-------,aux,,,Plur,,-0.0138350610665494,O
se,PRON,P7-X4----------,expl:pv,Acc,,,,-0.0150721235490169,O
ujistili,VERB,VpMP----R-AAP--,advcl,,Masc,Plur,Anim,0.0688586411788539,O
",",PUNCT,Z:-------------,punct,,,,,0.0110852025607145,O
že,SCONJ,"J,-------------",mark,,,,,-0.0253997212760876,O
všechny,DET,PLFP1----------,det,Nom,Fem,Plur,,0.047850821570481,O
jejich,DET,P9XXXXP3-------,det,,,,,0.0365290006034484,O
otázky,NOUN,NNFP1-----A----,nsubj,Nom,Fem,Plur,,0.0636945698353153,O
jsou,AUX,VB-P---3P-AAI--,cop,,,Plur,,0.0196670541075496,O
zodpovězeny,ADJ,VsTP----X-APP--,ccomp,,"Fem,Masc",Plur,Inan,0.0476828043175178,O
.,PUNCT,Z:-------------,punct,,,,,0.000696723282173,O
"""",PUNCT,Z:-------------,punct,,,,,-0.0131931814079277,O
"""",PUNCT,Z:-------------,punct,,,,,-0.0086304154237991,O
"""",PUNCT,Z:-------------,punct,,,,,0.0679394818902158,O
Letošní,ADJ,AAFP1----1A----,amod,Nom,Fem,Plur,,0.3698560369479835,O
Turnerovy,ADJ,AUFP1M---------,amod,Nom,Fem,Plur,,0.0872086215333253,B-ps
ceny,NOUN,NNFP1-----A----,nsubj,Nom,Fem,Plur,,0.0387168966431671,O
budou,AUX,VB-P---3F-AAI--,root,,,Plur,,-0.1404001492861578,O
od,ADP,RR--2----------,case,Gen,,,,-0.0733524983392755,O
zítřka,NOUN,NNIS2-----A---1,obl,Gen,Masc,Sing,Inan,0.0294483442625491,O
k,ADP,RR--3----------,case,Dat,,,,0.0096125541843363,O
vidění,NOUN,NNNS3-----A----,obl,Dat,Neut,Sing,,-0.0626400385536462,O
v,ADP,RR--6----------,case,Loc,,,,0.0088253484290262,O
Margate,PROPN,NNNXX-----A----,obl,,Neut,,,0.2116987250055378,B-gu
a,CCONJ,J^-------------,cc,,,,,-0.2506586639399769,O
na,ADP,RR--6----------,case,Loc,,,,-0.0384910689726993,O
programu,NOUN,NNIS6-----A----,obl,Loc,Masc,Sing,Inan,0.1388675910947968,O
bude,AUX,VB-S---3F-AAI--,conj,,,Sing,,0.1128294922866397,O
brexit,NOUN,NNIS1-----A----,nsubj,Nom,Masc,Sing,Inan,0.0473786063008014,O
.,PUNCT,Z:-------------,punct,,,,,-0.3313948309108599,O
Jedna,NUM,CnFS1----------,nummod,Nom,Fem,Sing,,0.1602213257698577,O
špatná,ADJ,AAFS1----1A----,amod,Nom,Fem,Sing,,0.1834623600713602,O
kampaň,NOUN,NNFS1-----A----,nsubj,Nom,Fem,Sing,,0.0578233202125467,O
sice,CCONJ,J^-------------,cc,,,,,-0.1196201904103614,O
nezničí,VERB,VB-S---3P-NAP--,root,,,Sing,,0.0122496299991126,O
celé,ADJ,AANS4----1A----,amod,Acc,Neut,Sing,,-0.0446167386371857,O
impérium,NOUN,NNNS4-----A----,obj,Acc,Neut,Sing,,0.0768497139158895,O
",",PUNCT,Z:-------------,punct,,,,,0.0510655306454459,O
ale,CCONJ,J^-------------,cc,,,,,0.3451464497516581,O
ani,CCONJ,J^-------------,advmod:emph,,,,,0.1673036055373492,O
základy,NOUN,NNIP1-----A----,nsubj,Nom,Masc,Plur,Inan,0.0181987362483502,O
",",PUNCT,Z:-------------,punct,,,,,0.147995107957337,O
které,DET,P4YP4----------,obj,Acc,Masc,Plur,,-0.1179263405803964,O
rodina,NOUN,NNFS1-----A----,nsubj,Nom,Fem,Sing,,-0.0023932262137273,O
Pozzových,ADJ,AUMP2M---------,amod,Gen,Masc,Plur,Anim,0.2928669079783927,B-ps
vytvořila,VERB,VpQW----R-AAP--,acl:relcl,,"Fem,Neut","Plur,Sing",,0.0759684535531289,O
",",PUNCT,Z:-------------,punct,,,,,0.0524466025589495,O
neposkytují,VERB,VB-P---3P-NAI--,conj,,,Plur,,0.3225409529391031,O
žádnou,DET,PWFS4----------,det,Acc,Fem,Sing,,0.0628035810778484,O
záruku,NOUN,NNFS4-----A----,obj,Acc,Fem,Sing,,0.159537097275654,O
",",PUNCT,Z:-------------,punct,,,,,0.1400297515852815,O
že,SCONJ,"J,-------------",mark,,,,,-0.0670689194195713,O
se,PRON,P7-X4----------,expl:pv,Acc,,,,-0.0154271354083954,O
z,ADP,RR--2----------,case,Gen,,,,-0.0349695721742787,O
druhé,ADJ,CrFS2----------,amod,Gen,Fem,Sing,,0.1246190056180232,O
ligy,NOUN,NNFS2-----A----,obl,Gen,Fem,Sing,,0.0369623970492981,O
vrátí,VERB,VB-P---3P-AAP--,acl,,,Plur,,0.1761791581309612,O
rovnou,ADV,Db-------------,advmod,,,,,0.0402195071986238,O
nahoru,ADV,Db-------------,advmod,,,,,0.2359712113803487,O
.,PUNCT,Z:-------------,punct,,,,,0.0281007696064288,O
Johnson,PROPN,NNMS1-----A----,nsubj,Nom,Masc,Sing,Anim,0.1101952717258819,B-ps
je,AUX,VB-S---3P-AAI--,cop,,,Sing,,0.0163454010418779,O
pravidelné,ADJ,AANS1----1A----,amod,Nom,Neut,Sing,,0.0209737495408232,O
napadání,NOUN,NNNS1-----A----,root,Nom,Neut,Sing,,-0.0145929523279291,O
jeho,DET,P9XXXZS3-------,det,,,,,-0.0152144494990328,O
předchůdce,NOUN,NNMS2-----A----,nmod,Gen,Masc,Sing,Anim,0.0033961865530872,O
"""",PUNCT,Z:-------------,punct,,,,,-0.0227092689081118,O
"""",PUNCT,Z:-------------,punct,,,,,-0.0005935437982435,O
jištění,NOUN,NNNS1-----A----,appos,Nom,Neut,Sing,,-0.002659576661138,O
"""",PUNCT,Z:-------------,punct,,,,,0.0055905951090925,O
"""",PUNCT,Z:-------------,punct,,,,,-0.0017001573182652,O
návrh,NOUN,NNIS1-----A----,nmod,Nom,Masc,Sing,Inan,0.0134207453754268,O
",",PUNCT,Z:-------------,punct,,,,,0.0430175043656389,O
aby,AUX,Vc-------------,aux,,,,,0.0121863624328766,O
se,PRON,P7-X4----------,expl:pass,Acc,,,,0.0130477772011413,O
zabránilo,VERB,VpNS----R-AAP--,acl,,Neut,Sing,,0.0246547164126906,O
návrat,NOUN,NNIS1-----A----,nsubj:pass,Nom,Masc,Sing,Inan,-0.0006882796700346,O
k,ADP,RR--3----------,case,Dat,,,,0.0070694311996999,O
tvrdé,ADJ,AAFS3----1A----,amod,Dat,Fem,Sing,,-0.0051674673132908,O
hranice,NOUN,NNFS3-----A----,nmod,Dat,Fem,Sing,,0.001390280962935,O
v,ADP,RR--6----------,case,Loc,,,,0.0333505439050774,O
Irsku,PROPN,NNNS6-----A----,nmod,Loc,Neut,Sing,,0.0039850359576151,B-gc
a,CCONJ,J^-------------,cc,,,,,-0.0027182817276584,O
chránit,VERB,Vf--------A-I--,csubj,,,,,-0.0013140666800818,O
jednotný,ADJ,AAIS4----1A----,amod,Acc,Masc,Sing,Inan,0.0096294594273787,O
trh,NOUN,NNIS4-----A----,obj,Acc,Masc,Sing,Inan,0.0233476718727594,O
EU,PROPN,BNXXX-----A----,nmod,,,,,0.0006912622173654,B-io
není,AUX,VB-S---3P-NAI--,cop,,,Sing,,-0.0240840724406042,O
led,NOUN,NNIS1-----A----,conj,Nom,Masc,Sing,Inan,-0.0217238709494624,O
",",PUNCT,Z:-------------,punct,,,,,-0.0597269000032485,O
aby,AUX,Vc-------------,aux,,,,,-0.0536316447545742,O
žádné,DET,PWFP1----------,det,Nom,Fem,Plur,,-0.0046184646851906,O
přesvědčivé,ADJ,AAFP1----1A----,amod,Nom,Fem,Plur,,0.0573492489119751,O
alternativy,NOUN,NNFP1-----A----,dep,Nom,Fem,Plur,,-0.0167893354752196,O
.,PUNCT,Z:-------------,punct,,,,,-0.0346577267052979,O
Úředníci,NOUN,NNMP1-----A----,nsubj,Nom,Masc,Plur,Anim,0.0154444811184377,O
říkají,VERB,VB-P---3P-AAI--,root,,,Plur,,0.0051642239734735,O
",",PUNCT,Z:-------------,punct,,,,,0.0032749184873601,O
že,SCONJ,"J,-------------",mark,,,,,0.0085653530381593,O
návrhy,NOUN,NNIP1-----A----,nsubj,Nom,Masc,Plur,Inan,-0.0016424439007367,O
",",PUNCT,Z:-------------,punct,,,,,-0.0094226708403717,O
které,DET,P4YP4----------,obj,Acc,Masc,Plur,,0.005795424946118,O
Británie,PROPN,NNFS1-----A----,nsubj,Nom,Fem,Sing,,-0.0095114307128326,B-gc
zaslala,VERB,VpQW----R-AAP--,acl:relcl,,"Fem,Neut","Plur,Sing",,0.0146668581440516,O
ohledně,ADP,RR--2----------,case,Gen,,,,-0.0119890175587226,O
alternativních,ADJ,AANP2----1A----,amod,Gen,Neut,Plur,,-0.0002286542524923,O
opatření,NOUN,NNNP2-----A----,obl,Gen,Neut,Plur,,-0.0041037856160707,O
",",PUNCT,Z:-------------,punct,,,,,0.0193052073210263,O
nejsou,AUX,VB-P---3P-NAI--,cop,,,Plur,,-0.0013259598293661,O
dostatečně,ADV,Dg-------1A----,advmod,,,,,-0.0068028489391445,O
konkrétní,ADJ,AAIP1----1A----,ccomp,Nom,Masc,Plur,Inan,-0.0098211028546567,O
",",PUNCT,Z:-------------,punct,,,,,0.0061882780222835,O
aby,AUX,Vc-------------,aux,,,,,0.0083115517432133,O
mohly,VERB,VpTP----R-AAI--,advcl,,"Fem,Masc",Plur,Inan,-0.0017916566319565,O
být,AUX,Vf--------A-I--,aux:pass,,,,,0.0430442960626917,O
považovány,ADJ,VsTP----X-API--,ccomp,,"Fem,Masc",Plur,Inan,0.0241181784036852,O
za,ADP,RR--4----------,case,Acc,,,,0.01561384454747,O
operativní,ADJ,AAIP4----1A----,obl:arg,Acc,Masc,Plur,Inan,0.0286728547228256,O
v,ADP,RR--6----------,case,Loc,,,,0.0073312192657054,O
době,NOUN,NNFS6-----A----,obl,Loc,Fem,Sing,,-0.0012132317364686,O
odchodu,NOUN,NNIS2-----A----,nmod,Gen,Masc,Sing,Inan,0.0100468698850119,O
z,ADP,RR--2----------,case,Gen,,,,0.0708869426336972,O
31,NUM,C=-------------,nummod,,,,,0.0123377877951383,B-T|B-td
.,PUNCT,Z:-------------,punct,,,,,0.0110578525892373,I-T|I-td
října,NOUN,NNIS2-----A----,nmod,Gen,Masc,Sing,Inan,-1.687031344004737,I-T|B-tm
.,PUNCT,Z:-------------,punct,,,,,0.0138698555518809,O
"""",PUNCT,Z:-------------,root,,,,,-0.0499775687145762,O
On,PRON,PEYS1--3-------,nsubj,Nom,Masc,Sing,,-0.0578083291433276,O
pak,ADV,Db-------------,advmod,,,,,0.0269184132790326,O
sdílel,VERB,VpYS----R-AAI--,root,,Masc,Sing,,0.0543167552540325,O
delší,ADJ,AAIS4----2A----,amod,Acc,Masc,Sing,Inan,0.0054626978403387,O
příspěvek,NOUN,NNIS4-----A----,obj,Acc,Masc,Sing,Inan,-0.0322421211323301,O
zobrazující,ADJ,AGIS4-----A----,amod,Acc,Masc,Sing,Inan,-0.1590382163416446,O
dva,NUM,CnYP4----------,obj,Acc,Masc,Plur,,0.041924683373213,O
z,ADP,RR--2----------,case,Gen,,,,-0.1503577475667157,O
nich,PRON,PEXP2--3-------,nmod,Gen,,Plur,,0.0111287372421158,O
ruku,NOUN,NNFS4-----A----,obl,Acc,Fem,Sing,,0.0948860889461837,O
v,ADP,RR--6----------,case,Loc,,,,-0.0257628063110429,O
ruce,NOUN,NNFS6-----A----,nmod,Loc,Fem,Sing,,-0.0545396989509792,O
",",PUNCT,Z:-------------,punct,,,,,0.1274337502789061,O
vyzval,VERB,VpYS----R-AAP--,conj,,Masc,Sing,,0.0360105152497103,O
své,DET,P8YP4---------1,det,Acc,Masc,Plur,,-0.0878421461913214,O
stoupence,NOUN,NNMP4-----A----,iobj,Acc,Masc,Plur,Anim,0.1484263201940231,O
",",PUNCT,Z:-------------,punct,,,,,0.326040298909024,O
aby,AUX,Vc-------------,aux,,,,,0.047421273424442,O
se,PRON,P7-X4----------,expl:pv,Acc,,,,-0.0351163801776789,O
postavil,VERB,VpYS----R-AAP--,ccomp,,Masc,Sing,,-0.1388140009178965,O
Senátní,ADJ,AAMS1----1A----,amod,Nom,Masc,Sing,Anim,0.0565635240586046,B-io
Většinový,ADJ,AAMS1----1A----,amod,Nom,Masc,Sing,Anim,0.0181815505832753,I-io
Vůdce,NOUN,NNMS1-----A----,nsubj,Nom,Masc,Sing,Anim,0.1394667949542607,I-io
Mitch,PROPN,NNMS1-----A----,flat,Nom,Masc,Sing,Anim,0.1165354543288349,B-P|B-pf
McConnell,PROPN,NNMS1-----A----,flat,Nom,Masc,Sing,Anim,0.1787751360602777,I-P|B-ps
(,PUNCT,Z:-------------,punct,,,,,-0.0382740571474256,O
R-Kentucky,PROPN,NNNS1-----A----,dep,Nom,Neut,Sing,,0.1448142090311285,B-io
.,PUNCT,Z:-------------,punct,,,,,0.1642252148108055,O
),PUNCT,Z:-------------,punct,,,,,0.0537846642608758,O
a,CCONJ,J^-------------,cc,,,,,0.1542228897336434,O
vyvinout,VERB,Vf--------A-P--,root,,,,,0.2568346897552036,O
tlak,NOUN,NNIS4-----A----,obj,Acc,Masc,Sing,Inan,0.1431641701434035,O
na,ADP,RR--4----------,case,Acc,,,,0.121917362975498,O
senátory,NOUN,NNMP4-----A----,nmod,Acc,Masc,Plur,Anim,0.0655208104407436,O
GOP,NOUN,BNXXX-----A----,nmod,,,,,0.2543707717540693,B-io
",",PUNCT,Z:-------------,punct,,,,,0.1298217507832084,O
aby,AUX,Vc-------------,aux,,,,,0.0663437123081969,O
předložili,VERB,VpMP----R-AAP--,advcl,,Masc,Plur,Anim,0.0013553849173807,O
zákon,NOUN,NNIS4-----A----,obj,Acc,Masc,Sing,Inan,-0.0792083694382556,O
o,ADP,RR--6----------,case,Loc,,,,-0.0006467682253722,O
rovnosti,NOUN,NNFS6-----A----,nmod,Loc,Fem,Sing,,0.1289103321096432,O
k,ADP,RR--3----------,case,Dat,,,,0.000467779389711,O
hlasování,NOUN,NNNS3-----A----,nmod,Dat,Neut,Sing,,-0.0276180454157636,O
Senátu,NOUN,NNIS2-----A----,nmod,Gen,Masc,Sing,Inan,0.0617533059625968,B-io
:,PUNCT,Z:-------------,punct,,,,,0.0398068223696496,O
V,ADP,RR--6----------,case,Loc,,,,0.0628884933300527,O
původním,ADJ,AAIS6----1A----,amod,Loc,Masc,Sing,Inan,0.0237797121234159,O
Star,X,F%-------------,nmod,,,,,0.2452222305512265,B-o_
Treku,NOUN,NNIS6-----A----,obl,Loc,Masc,Sing,Inan,0.1209850064906132,I-o_
*,PUNCT,Z:-------------,punct,,,,,-0.0453495734722694,O
byla,AUX,VpQW----R-AAI--,aux,,"Fem,Neut","Plur,Sing",,-0.0898203802587003,O
sestrojena,ADJ,VsQW----X-APP--,root,,"Fem,Neut","Plur,Sing",,0.1029681274029274,O
miniaturní,ADJ,AAFS1----1A----,amod,Nom,Fem,Sing,,0.1281031308909282,O
sada,NOUN,NNFS1-----A----,nsubj,Nom,Fem,Sing,,-0.0705669700281335,O
a,CCONJ,J^-------------,cc,,,,,0.0415146923166999,O
použita,ADJ,VsQW----X-APP--,conj,,"Fem,Neut","Plur,Sing",,0.0367492568103242,O
s,ADP,RR--7----------,case,Ins,,,,-0.059107176949317,O
miniaturním,ADJ,AAIS7----1A----,amod,Ins,Masc,Sing,Inan,0.438490038373033,O
raketoplánem,NOUN,NNIS7-----A----,obl,Ins,Masc,Sing,Inan,0.2566934466253964,O
",",PUNCT,Z:-------------,punct,,,,,0.3381545135088333,O
aby,AUX,Vc-------------,aux,,,,,0.0759001182050655,O
poskytla,VERB,VpQW----R-AAP-1,advcl,,"Fem,Neut","Plur,Sing",,0.2904697967917107,O
raketoplánu,NOUN,NNIS3-----A----,obl:arg,Dat,Masc,Sing,Inan,0.2829303443613923,O
život,NOUN,NNIS4-----A----,obj,Acc,Masc,Sing,Inan,-0.0435072300894669,O
.,PUNCT,Z:-------------,punct,,,,,0.3901212457410003,O
Primáti,NOUN,NNMP1-----A----,nsubj,Nom,Masc,Plur,Anim,0.2322260517533679,O
v,ADP,RR--6----------,case,Loc,,,,-0.1402655808637475,O
safari,NOUN,NNNXX-----A----,nmod,,Neut,,,-0.1638105811742964,O
parku,NOUN,NNIS6-----A----,nmod,Loc,Masc,Sing,Inan,-0.2595282181664716,O
Knowsley,PROPN,NNIS1-----A----,nmod,Nom,Masc,Sing,Inan,0.0314130895757409,B-gq
",",PUNCT,Z:-------------,punct,,,,,0.1230956832668214,O
Merseyside,PROPN,NNNXX-----A----,conj,,Neut,,,0.0387463890598404,B-gq
",",PUNCT,Z:-------------,punct,,,,,0.1452649554191631,O
jsou,AUX,VB-P---3P-AAI--,cop,,,Plur,,0.4911601055601549,O
už,ADV,Db-------------,advmod:emph,,,,,-0.2502157464702449,O
dlouho,ADV,Dg-------1A----,advmod,,,,,-0.0420898764243578,O
známí,ADJ,AAMP1----1A----,root,Nom,Masc,Plur,Anim,0.0230668116010105,O
tím,DET,PDZS7----------,obl,Ins,"Masc,Neut",Sing,,0.1220778926403077,O
",",PUNCT,Z:-------------,punct,,,,,0.1240701148284859,O
že,SCONJ,"J,-------------",mark,,,,,0.017748278725041,O
se,PRON,P7-X4----------,expl:pv,Acc,,,,0.0609378164482064,O
vrhnou,VERB,VB-P---3P-AAP--,acl,,,Plur,,0.027872848094777,O
na,ADP,RR--4----------,case,Acc,,,,0.0913461666366781,O
každého,DET,AAMS4----1A----,obl:arg,Acc,Masc,Sing,Anim,0.0039980794249584,O
",",PUNCT,Z:-------------,punct,,,,,0.0493261692401064,O
kdo,PRON,PQ--1----------,nsubj,Nom,,,Anim,0.0902730720338497,O
se,PRON,P7-X4----------,expl:pv,Acc,,,,0.0095982760155352,O
zastaví,VERB,VB-S---3P-AAP--,acl:relcl,,,Sing,,0.0084596207840777,O
v,ADP,RR--6----------,case,Loc,,,,-0.0758174291262729,O
ohradě,NOUN,NNFS6-----A----,obl,Loc,Fem,Sing,,0.0158871887677624,O
a,CCONJ,J^-------------,cc,,,,,-0.0185310224702047,O
utrhne,VERB,VB-S---3P-AAP--,conj,,,Sing,,0.0855483207926134,O
stěrač,NOUN,NNIS4-----A----,obj,Acc,Masc,Sing,Inan,0.0113881051148012,O
nebo,CCONJ,J^-------------,cc,,,,,0.0929333074304836,O
zrcadlo,NOUN,NNNS4-----A----,conj,Acc,Neut,Sing,,0.0296896348732065,O
.,PUNCT,Z:-------------,punct,,,,,0.0825929634926759,O
Williams,PROPN,NNMS1-----A----,nsubj,Nom,Masc,Sing,Anim,-0.0580308794349573,B-ps
jde,VERB,VB-S---3P-AAI--,root,,,Sing,,-0.0907995209771871,O
po,ADP,RR--6----------,case,Loc,,,,-0.1417522318057796,O
svém,DET,P8ZS6----------,det,Loc,"Masc,Neut",Sing,,-0.0944923684128342,O
osmém,ADJ,CrIS6----------,amod,Loc,Masc,Sing,Inan,0.1381189176760249,O
Wimbledonu,PROPN,NNIS6-----A----,obl,Loc,Masc,Sing,Inan,0.1543888357402293,B-ia
",",PUNCT,Z:-------------,punct,,,,,0.1275673052198276,O
což,PRON,PQ--1----------,nsubj,Nom,,,,-0.00588496958656,O
by,AUX,Vc----------I--,aux,,,,,0.00519490414278,O
bylo,AUX,VpNS----R-AAI--,cop,,Neut,Sing,,-0.0161110229804196,O
její,DET,P9ZS1FS3-------,det,Nom,"Masc,Neut",Sing,,-0.3347380746653591,O
24,NUM,C=-------------,nummod,,,,,0.1747921867110302,B-nc
vítězství,NOUN,NNNS1-----A----,conj,Nom,Neut,Sing,,-0.0057361968389225,O
v,ADP,RR--6----------,case,Loc,,,,0.2955047730518481,O
Grand,X,F%-------------,nmod,,,,,0.0865108494906739,B-ia
Slamu,NOUN,NNIS6-----A----,nmod,Loc,Masc,Sing,Inan,0.1968638539107256,I-ia
.,PUNCT,Z:-------------,punct,,,,,-0.5326745373234676,O
Ve,ADP,RV--4----------,case,Acc,,,,0.2149760875005102,O
čtvrtek,NOUN,NNIS4-----A----,obl,Acc,Masc,Sing,Inan,-0.0555886473634811,O
postupuje,VERB,VB-S---3P-AAI--,root,,,Sing,,0.1626073597304726,O
do,ADP,RR--2----------,case,Gen,,,,0.0069789116423651,O
semifinále,NOUN,NNNXX-----A----,obl,,Neut,,,0.117081346962229,O
dvouhry,NOUN,NNFS2-----A----,nmod,Gen,Fem,Sing,,0.0988853954149678,O
proti,ADP,RR--3----------,case,Dat,,,,0.0666045451882913,O
české,ADJ,AAFS3----1A----,amod,Dat,Fem,Sing,,-0.1655980494462828,O
hráčce,NOUN,NNFS3-----A----,obl,Dat,Fem,Sing,,0.2533353399761142,O
Barbora,PROPN,NNFS1-----A----,nsubj,Nom,Fem,Sing,,-0.0118951326410966,B-P|B-pf
Strýcová,PROPN,NNFS1-----A----,flat,Nom,Fem,Sing,,0.0837787428327917,I-P|B-ps
.,PUNCT,Z:-------------,punct,,,,,0.0208981876560183,O
V,ADP,RR--6----------,case,Loc,,,,0.014279704202349,O
minulé,ADJ,AAFS6----1A----,amod,Loc,Fem,Sing,,-0.0016375694549708,O
sezóně,NOUN,NNFS6-----A----,obl,Loc,Fem,Sing,,-0.0909643934423541,O
byl,AUX,VpYS----R-AAI--,aux:pass,,Masc,Sing,,0.0399975110465938,O
vybrán,ADJ,VsYS----X-APP--,root,,Masc,Sing,,0.0250682084019869,O
do,ADP,RR--2----------,case,Gen,,,,-0.287779013704869,O
třetího,ADJ,CrIS2----------,amod,Gen,Masc,Sing,Inan,-0.0851211315577966,O
týmu,NOUN,NNIS2-----A----,obl,Gen,Masc,Sing,Inan,-0.2325096707276974,O
Associated,X,F%-------------,nmod,,,,,-0.0352107622278023,B-ic
Press,X,F%-------------,flat:foreign,,,,,-0.0408908889318124,I-ic
All-America,X,F%-------------,flat:foreign,,,,,0.0309127415472352,I-ic
poté,ADV,Db-------------,advmod,,,,,-0.0110529335428047,O
",",PUNCT,Z:-------------,punct,,,,,0.2291850993462726,O
co,SCONJ,"J,-------------",mark,,,,,-0.1629558875366476,O
vedl,VERB,VpYS----R-AAI--,advcl,,Masc,Sing,,-0.1462770987911874,O
Sooners,PROPN,F%-------------,obj,,,,,0.0451014750782877,B-ic
se,ADP,RV--7----------,case,Ins,,,,-0.0879359617314173,O
102,NUM,C=-------------,nummod,,,,,0.0600556492797993,B-nc
tackly,NOUN,NNIP7-----A----,obl,Ins,Masc,Plur,Inan,0.1232200316427942,O
",",PUNCT,Z:-------------,punct,,,,,0.1683287339464966,O
z,ADP,RR--2----------,case,Gen,,,,-0.1065060967148941,O
toho,DET,PDZS2----------,conj,Gen,"Masc,Neut",Sing,,-0.0433043343389126,O
69,NUM,C=-------------,orphan,,,,,0.1438211638011714,B-nc
sólo,NOUN,NNNS1-----A----,orphan,Nom,Neut,Sing,,0.1362965263171542,O
.,PUNCT,Z:-------------,punct,,,,,0.1263785832811983,O
Další,ADJ,AAFS1----1A----,amod,Nom,Fem,Sing,,0.9995647904826812,O
věc,NOUN,NNFS1-----A----,root,Nom,Fem,Sing,,0.0009175791621724,O
",",PUNCT,Z:-------------,punct,,,,,0.004273980098873,O
kterou,DET,P4FS4----------,obj,Acc,Fem,Sing,,-0.0006492464809887,O
bych,AUX,Vc----------Ic-,aux,,,Sing,,0.0001007038327645,O
mohl,VERB,VpYS----R-AAI--,acl:relcl,,Masc,Sing,,0.002229118013711,O
udělat,VERB,Vf--------A-P--,xcomp,,,,,-0.0006893460233496,O
:,PUNCT,Z:-------------,punct,,,,,0.0026874258867375,O
vést,VERB,Vf--------A-I--,appos,,,,,0.0016292242979424,O
s,ADP,RR--7----------,case,Ins,,,,0.0028373651935842,O
vámi,PRON,PP-P7--2-------,obl:arg,Ins,,Plur,,-0.00227481241262,O
falešnou,ADJ,AAFS4----1A----,amod,Acc,Fem,Sing,,0.0012540615533726,O
e-mailovou,ADJ,AAFS4----1A----,amod,Acc,Fem,Sing,,0.0138189882255796,O
konverzaci,NOUN,NNFS4-----A----,obj,Acc,Fem,Sing,,0.0039572040637334,O
o,ADP,RR--6----------,case,Loc,,,,-0.0033387323970287,O
tom,DET,PDZS6----------,det,Loc,"Masc,Neut",Sing,,-0.0012283497003045,O
",",PUNCT,Z:-------------,punct,,,,,0.0040843146714725,O
proč,ADV,Db-------------,advmod,,,,,-0.0008451512731725,O
se,PRON,P7-X4----------,expl:pv,Acc,,,,0.0058812269373013,O
vám,PRON,PP-P3--2-------,obl:arg,Dat,,Plur,,-0.0017918996418892,O
ztrácejí,VERB,VB-P---3P-AAI--,acl:relcl,,,Plur,,0.0026114556792747,O
výplatní,ADJ,AAFP1----1A----,amod,Nom,Fem,Plur,,0.0005920572473759,O
pásky,NOUN,NNFP1-----A----,nsubj,Nom,Fem,Plur,,-0.0008823353670574,O
nebo,CCONJ,J^-------------,cc,,,,,0.0032275659369746,O
proč,ADV,Db-------------,advmod,,,,,-0.0008542586929573,O
vám,PRON,PP-P3--2-------,obl:arg,Dat,,Plur,,-0.0030419646041823,O
nefunguje,VERB,VB-S---3P-NAI--,conj,,,Sing,,-0.0024610522186651,O
heslo,NOUN,NNNS1-----A----,nsubj,Nom,Neut,Sing,,-0.0011536242101802,O
(,PUNCT,Z:-------------,punct,,,,,6.626089988122117,O
poté,ADV,Db-------------,advmod,,,,,-0.001919478473285,O
",",PUNCT,Z:-------------,punct,,,,,0.0031798443149836,O
co,SCONJ,"J,-------------",mark,,,,,0.0027865223643734,O
si,PRON,P7--3----------,obl:arg,Dat,,,,0.0027420558850939,O
ho,PRON,P5ZS4--3-------,obj,Acc,"Masc,Neut",Sing,,-0.0017234125615463,O
změníte,VERB,VB-P---2P-AAP--,advcl,,,Plur,,0.0018193453234515,O
),PUNCT,Z:-------------,punct,,,,,0.0042582804339656,O
a,CCONJ,J^-------------,cc,,,,,0.0016098397493551,O
jak,ADV,Db-------------,advmod,,,,,-0.0005555599494432,O
se,PRON,P7-X4----------,expl:pv,Acc,,,,-0.0001072300756785,O
to,DET,PDNS4----------,obj,Acc,Neut,Sing,,0.0036735115471172,O
"""",PUNCT,Z:-------------,punct,,,,,0.0062579825867245,O
"""",PUNCT,Z:-------------,punct,,,,,0.0042517085468002,O
snažíme,VERB,VB-P---1P-AAI--,conj,,,Plur,,-9.31559409136915,O
vyřešit,VERB,Vf--------A-P--,xcomp,,,,,0.0016750621230751,O
",",PUNCT,Z:-------------,punct,,,,,0.004062973253626,O
děkujeme,VERB,VB-P---1P-AAI--,conj,,,Plur,,2.944221876798105,O
za,ADP,RR--4----------,case,Acc,,,,0.0001708220500728,O
trpělivost,NOUN,NNFS4-----A----,obl:arg,Acc,Fem,Sing,,0.0013054596119836,O
!,PUNCT,Z:-------------,punct,,,,,-0.0008299775083279,O
"""",PUNCT,Z:-------------,punct,,,,,-0.0005797174423575,O
"""",PUNCT,Z:-------------,punct,,,,,0.003891212833697,O
.,PUNCT,Z:-------------,punct,,,,,0.0028936560653122,O
"""",PUNCT,Z:-------------,punct,,,,,0.0080387136949446,O
Španělsko,PROPN,NNNS1-----A----,nsubj,Nom,Neut,Sing,,0.1180627619414505,B-gc
dosud,ADV,Db-------------,advmod,,,,,0.1582848911381462,O
zažilo,VERB,VpNS----R-AAP--,root,,Neut,Sing,,0.0457399731360452,O
více,ADV,Dg-------2A----,obj,,,,,0.2146617785322571,O
než,SCONJ,"J,-------------",mark,,,,,0.1429368579703399,O
28,NUM,C=-------------,obl,,,,,-0.0125572629110917,B-nc
000,NUM,C=-------------,obl,,,,,-0.1243252118105644,I-nc
úmrtí,NOUN,NNNP2-----A----,nmod,Gen,Neut,Plur,,0.3592899570906454,O
na,ADP,RR--4----------,case,Acc,,,,-0.1886468996446637,O
koronaviry,NOUN,NNFP4-----A----,nmod,Acc,Fem,Plur,,0.0943192720660027,O
.,PUNCT,Z:-------------,punct,,,,,0.3462873830415766,O
Udržujte,VERB,Vi-P---2--A-I--,root,,,Plur,,0.1420309819564123,O
vzdálenost,NOUN,NNFS4-----A----,obj,Acc,Fem,Sing,,-0.0219330628487223,O
dvou,NUM,CnXP2----------,nummod,Gen,,Plur,,-0.1225804729056114,O
metrů,NOUN,NNIP2-----A----,nmod,Gen,Masc,Plur,Inan,0.0870322937214514,O
",",PUNCT,Z:-------------,punct,,,,,0.1967231594333963,O
často,ADV,Dg-------1A----,advmod,,,,,-0.0506174829279962,O
si,PRON,P7--3----------,obl,Dat,,,,-0.1693293728272974,O
umyjte,VERB,Vi-P---2--A-P--,conj,,,Plur,,-0.0421049028354675,O
ruce,NOUN,NNFP4-----A----,obj,Acc,Fem,Plur,,-0.1145945731383125,O
a,CCONJ,J^-------------,cc,,,,,-0.0083827309427726,O
noste,VERB,Vi-P---2--A-I--,conj,,,Plur,,0.0450224445556142,O
obličejové,ADJ,AAFP4----1A----,amod,Acc,Fem,Plur,,0.1637841298943398,O
masky,NOUN,NNFP4-----A----,obj,Acc,Fem,Plur,,-0.0225763101743989,O
-,PUNCT,Z:-------------,punct,,,,,0.3918535698924857,O
to,DET,PDNS1----------,nsubj,Nom,Neut,Sing,,0.1181212373594555,O
jsou,AUX,VB-P---3P-AAI--,cop,,,Plur,,0.0508425476311728,O
největší,ADJ,AAFP1----3A----,amod,Nom,Fem,Plur,,0.1817958872315609,O
zbraně,NOUN,NNFP1-----A----,conj,Nom,Fem,Plur,,0.0377447736139203,O
",",PUNCT,Z:-------------,punct,,,,,0.0926235783341095,O
kterým,DET,P4ZS7----------,obl,Ins,"Masc,Neut",Sing,,-0.0217220134489163,O
se,PRON,P7-X4----------,expl:pv,Acc,,,,-0.1526414678770461,O
musíme,VERB,VB-P---1P-AAI--,acl:relcl,,,Plur,,0.0052251802047367,O
vyhnout,VERB,Vf--------A-P--,xcomp,,,,,-0.0584568487286385,O
koronavírusu,NOUN,NNIS3-----A----,obl:arg,Dat,Masc,Sing,Inan,0.045891422155907,O
.,PUNCT,Z:-------------,punct,,,,,0.2096063212566001,O
Apeluji,VERB,VB-S---1P-AAI-1,ccomp,,,Sing,,0.1105867503016779,O
na,ADP,RR--4----------,case,Acc,,,,-0.0884960239370664,O
všechny,DET,PLYP4----------,det,Acc,Masc,Plur,,-0.0889938924911289,O
lidi,NOUN,NNMP4-----A----,obl:arg,Acc,Masc,Plur,Anim,0.2147398077177244,O
tyto,DET,PDFP4----------,det,Acc,Fem,Plur,,0.1231046363403916,O
zbraně,NOUN,NNFP4-----A----,obj,Acc,Fem,Plur,,0.0192855334098576,O
pro,ADP,RR--4----------,case,Acc,,,,0.081554199829669,O
sebe,PRON,P6--4----------,obl,Acc,,,,0.1831459983448172,O
a,CCONJ,J^-------------,cc,,,,,-0.0005731153137335,O
své,DET,P8YP4---------1,det,Acc,Masc,Plur,,-0.1270364501916972,O
blízké,ADJ,AAMP4----1A----,conj,Acc,Masc,Plur,Anim,0.0828848025741919,O
",",PUNCT,Z:-------------,punct,,,,,0.184149395929722,O
řekl,VERB,VpYS----R-AAP--,root,,Masc,Sing,,-0.2336819379031095,O
.,PUNCT,Z:-------------,punct,,,,,-0.065867724977283,O
Dokonce,ADV,Db-------------,advmod:emph,,,,,0.1240868129722951,O
i,CCONJ,J^-------------,advmod:emph,,,,,-0.161373196066581,O
miminka,NOUN,NNNP4-----A----,root,Acc,Neut,Plur,,0.4172682429208182,O
.,PUNCT,Z:-------------,punct,,,,,-0.4458035774592963,O
Leicester,PROPN,NNMS1-----A----,nsubj,Nom,Masc,Sing,Anim,0.132868295982038,B-gu
je,AUX,VB-S---3P-AAI--,cop,,,Sing,,0.0025957131884535,O
šťastný,ADJ,AAMS1----1A----,ccomp,Nom,Masc,Sing,Anim,-0.1068939210264806,O
",",PUNCT,Z:-------------,punct,,,,,-0.0071060045509512,O
že,SCONJ,"J,-------------",mark,,,,,0.003091535714613,O
trefil,VERB,VpYS----R-AAI--,advcl,,Masc,Sing,,0.0902223914243406,O
cíl,NOUN,NNIS4-----A----,obj,Acc,Masc,Sing,Inan,0.2093085356408642,O
evropského,ADJ,AAIS2----1A----,amod,Gen,Masc,Sing,Inan,0.4297419941410547,O
fotbalu,NOUN,NNIS2-----A----,nmod,Gen,Masc,Sing,Inan,0.5299754266983885,O
",",PUNCT,Z:-------------,punct,,,,,0.4028825015921466,O
říká,VERB,VB-S---3P-AAI--,root,,,Sing,,0.0151853273319535,O
vítěz,NOUN,NNMS1-----A----,nsubj,Nom,Masc,Sing,Anim,-0.1430749148836168,O
Zlaté,ADJ,AAFS2----1A----,amod,Gen,Fem,Sing,,0.2552949004194404,B-ia
tretry,NOUN,NNFS2-----A----,nmod,Gen,Fem,Sing,,0.0424818954811352,I-ia
Jamie,PROPN,NNMS1-----A----,flat,Nom,Masc,Sing,Anim,0.1926492121379332,B-P|B-pf
Vardy,PROPN,NNMS1-----A----,flat,Nom,Masc,Sing,Anim,0.1084589612445471,I-P|B-ps
THAAD,PROPN,NNIS1-----A----,nsubj,Nom,Masc,Sing,Inan,0.9713405411806072,O
",",PUNCT,Z:-------------,punct,,,,,0.0015855174993357,O
jeden,NUM,CnYS1----------,appos,Nom,Masc,Sing,,0.0027045463286057,O
z,ADP,RR--2----------,case,Gen,,,,0.0091696917355806,O
nejpokročilejších,ADJ,AAIP2----3A----,amod,Gen,Masc,Plur,Inan,0.0132025565315294,O
raketových,ADJ,AAIP2----1A----,amod,Gen,Masc,Plur,Inan,0.0145677261550901,O
systémů,NOUN,NNIP2-----A----,nmod,Gen,Masc,Plur,Inan,0.0077919265130003,O
na,ADP,RR--6----------,case,Loc,,,,0.0044199368065392,O
světě,NOUN,NNIS6-----A----,nmod,Loc,Masc,Sing,Inan,0.001124281424854,O
",",PUNCT,Z:-------------,punct,,,,,-0.0057721613514532,O
může,VERB,VB-S---3P-AAI--,root,,,Sing,,-0.0013334681065751,O
zaměřit,VERB,Vf--------A-P--,xcomp,,,,,0.0285851405641795,O
příchozí,ADJ,AAFP4----1A----,amod,Acc,Fem,Plur,,-0.0085784953407148,O
rakety,NOUN,NNFP4-----A----,obj,Acc,Fem,Plur,,0.0203068220879345,O
a,CCONJ,J^-------------,cc,,,,,-0.0131708667875088,O
odpálit,VERB,Vf--------A-P--,conj,,,,,0.1376736726866005,O
je,PRON,PEXP4--3-------,obj,Acc,,Plur,,-0.0068092431122001,O
z,ADP,RR--2----------,case,Gen,,,,-0.0070381980166569,O
oblohy,NOUN,NNFS2-----A----,obl,Gen,Fem,Sing,,-0.0089294945559052,O
.,PUNCT,Z:-------------,punct,,,,,0.0227163102953494,O
Stíhačky,NOUN,NNFP1-----A----,nsubj,Nom,Fem,Plur,,-0.0036258283170597,O
THAAD,NOUN,BNXXX-----A----,nmod,,,,,0.0162506244561983,B-op
",",PUNCT,Z:-------------,punct,,,,,-0.0288851898616023,O
vystřelené,ADJ,AAFP1----1A----,amod,Nom,Fem,Plur,,-0.0114726117147582,O
z,ADP,RR--2----------,case,Gen,,,,-0.0105378985423883,O
raketoplánu,NOUN,NNIS2-----A----,obl,Gen,Masc,Sing,Inan,0.0246836154541852,O
",",PUNCT,Z:-------------,punct,,,,,-0.0305069945674252,O
používají,VERB,VB-P---3P-AAI--,root,,,Plur,,-0.0157807152947651,O
kinetickou,ADJ,AAFS4----1A----,amod,Acc,Fem,Sing,,0.0032326324807973,O
energii,NOUN,NNFS4-----A----,obj,Acc,Fem,Sing,,0.0050805156233211,O
k,ADP,RR--3----------,case,Dat,,,,0.0076772693150682,O
doručení,NOUN,NNNS3-----A----,obl,Dat,Neut,Sing,,0.0180797630376178,O
úderů,NOUN,NNIP2-----A----,nmod,Gen,Masc,Plur,Inan,0.0133469642712871,O
"""",PUNCT,Z:-------------,punct,,,,,0.0210435665261359,O
"""",PUNCT,Z:-------------,punct,,,,,0.0052999498180808,O
hit,X,F%-------------,nmod,,,,,0.0064611676004381,O
to,X,F%-------------,flat:foreign,,,,,0.0187568343607613,O
kill,X,F%-------------,flat:foreign,,,,,-0.0181829873677344,O
"""",PUNCT,Z:-------------,punct,,,,,-0.0097700528599805,O
"""",PUNCT,Z:-------------,punct,,,,,-0.0165354697380229,O
balistickým,ADJ,AAFP3----1A----,amod,Dat,Fem,Plur,,0.007301876879171,O
hrozbám,NOUN,NNFP3-----A----,nmod,Dat,Fem,Plur,,0.0222511384479567,O
.,PUNCT,Z:-------------,punct,,,,,0.1001995793182688,O
"""",PUNCT,Z:-------------,root,,,,,0.0249574898977229,O
Jonathan,PROPN,NNMS1-----A----,nsubj,Nom,Masc,Sing,Anim,-0.2097368420564241,B-P|B-pf
Van,X,F%-------------,nmod,,,,,0.1424459255880097,I-P|B-ps
Ness,PROPN,NNMS1-----A----,flat,Nom,Masc,Sing,Anim,0.2656694769621514,I-P|I-ps
právě,ADV,Db-------------,advmod,,,,,-0.221658489553749,O
skončil,VERB,VpYS----R-AAP--,root,,Masc,Sing,,-0.2143165437783163,O
s,ADP,RR--7----------,case,Ins,,,,-0.2999548819041394,O
Nancy,PROPN,NNFXX-----A----,obl:arg,,Fem,,,0.6926013448735348,B-P|B-pf
Pelosi,PROPN,NNFXX-----A----,flat,,Fem,,,-0.0855646742969985,I-P|B-ps
a,CCONJ,J^-------------,cc,,,,,0.4121377588053911,O
mají,VERB,VB-P---3P-AAI--,conj,,,Plur,,-0.0486664452007259,O
plán,NOUN,NNIS4-----A----,obj,Acc,Masc,Sing,Inan,-0.0843124827011724,O
Totéž,DET,PDNS4----------,obj,Acc,Neut,Sing,,0.0935086083560956,O
říkali,VERB,VpMP----R-AAI--,root,,Masc,Plur,Anim,0.0483044734536552,O
o,ADP,RR--6----------,case,Loc,,,,0.1051107134256649,O
Severnu,PROPN,NNMS6-----A---1,obl:arg,Loc,Masc,Sing,Anim,-0.084193996297007,B-P|B-pf
Cullis-Suzukim,PROPN,NNMS7-----A----,flat,Ins,Masc,Sing,Anim,0.039270454868543,I-P|B-ps
v,ADP,RR--6----------,case,Loc,,,,0.0406608109618908,O
roce,NOUN,NNIS6-----A---1,obl,Loc,Masc,Sing,Inan,-0.0270444477496148,O
1992,NUM,C=-------------,nummod,,,,,-0.0442327000951814,B-ty
.,PUNCT,Z:-------------,punct,,,,,0.0054645027735553,O
Dávno,ADV,Dg-------1A----,advmod,,,,,0.1294874205133834,O
předtím,ADV,Db-------------,advmod,,,,,0.1915296341375778,O
",",PUNCT,Z:-------------,punct,,,,,0.2565334516322828,O
než,SCONJ,"J,-------------",mark,,,,,-0.0023460662415688,O
Thunbergová,PROPN,NNFS1-----A----,nsubj,Nom,Fem,Sing,,0.1570220911977738,B-ps
před,ADP,RR--7----------,case,Ins,,,,-0.0903838786106023,O
poslanci,NOUN,NNMP7-----A----,obl,Ins,Masc,Plur,Anim,0.1268250979554258,O
prohlásila,VERB,VpQW----R-AAP--,advcl,,"Fem,Neut","Plur,Sing",,0.2218396470397677,O
",",PUNCT,Z:-------------,punct,,,,,0.1519194735924775,O
že,SCONJ,"J,-------------",mark,,,,,-0.0908179538705709,O
už,ADV,Db-------------,advmod,,,,,0.026670110636871,O
pravděpodobně,ADV,Dg-------1A----,advmod,,,,,-0.1022349906817691,O
ani,CCONJ,J^-------------,advmod:emph,,,,,-0.015853296380604,O
nemáme,VERB,VB-P---1P-NAI--,ccomp,,,Plur,,-0.0323460848766791,O
budoucnost,NOUN,NNFS4-----A----,obj,Acc,Fem,Sing,,-0.0297718811832289,O
",",PUNCT,Z:-------------,punct,,,,,0.1604307006187532,O
“,PUNCT,Z:-------------,punct,,,,,-0.037364794303509,O
a,CCONJ,J^-------------,cc,,,,,0.0741808943347723,O
netizens,X,F%-------------,nsubj,,,,,0.1743383648233721,O
se,PRON,P7--4----------,expl:pv,Acc,,,,0.0671926880982728,O
navzájem,ADV,Db-------------,advmod,,,,,0.0820425514569015,O
roztrhali,VERB,VpMP----R-AAP--,conj,,Masc,Plur,Anim,0.106335322288465,O
na,ADP,RR--4----------,case,Acc,,,,0.0803815413281094,O
kusy,NOUN,NNIP4-----A----,obl,Acc,Masc,Plur,Inan,0.0546770003067297,O
",",PUNCT,Z:-------------,punct,,,,,0.064650938164466,O
když,SCONJ,"J,-------------",mark,,,,,0.0878004401890785,O
na,ADP,RR--4----------,case,Acc,,,,0.0485714784530095,O
ni,PRON,PEFS4--3------1,obl:arg,Acc,Fem,Sing,,-0.0599758328555061,O
útočili,VERB,VpMP----R-AAI--,advcl,,Masc,Plur,Anim,0.0215540281494693,O
a,CCONJ,J^-------------,cc,,,,,0.0450118503604901,O
bránili,VERB,VpMP----R-AAI--,conj,,Masc,Plur,Anim,0.0173263900361032,O
ji,PRON,PEFS4--3-------,obj,Acc,Fem,Sing,,0.1210453802346441,O
",",PUNCT,Z:-------------,punct,,,,,0.0801734715229398,O
se,PRON,P7-X4----------,expl:pv,Acc,,,,0.1805346899967995,O
dvanáctiletá,ADJ,AAFS1----1A----,amod,Nom,Fem,Sing,,0.093313190274324,O
Cullis-Suzukiová,PROPN,NNFS1-----A----,flat,Nom,Fem,Sing,,0.1866896995853952,B-P|B-ps
stala,VERB,VpQW----R-AAP--,root,,"Fem,Neut","Plur,Sing",,0.1428755366628429,O
známou,ADJ,AAFS7----1A----,obl:arg,Ins,Fem,Sing,,0.0538842235372812,O
jako,SCONJ,"J,-------------",mark,,,,,0.1804343540526137,O
dívka,NOUN,NNFS1-----A----,xcomp,Nom,Fem,Sing,,0.1415372821701317,O
",",PUNCT,Z:-------------,punct,,,,,0.1691141684571002,O
která,DET,P4FS1----------,nsubj,Nom,Fem,Sing,,0.0860327376261854,O
na,ADP,RR--4----------,case,Acc,,,,0.1316083582719671,O
pět,NUM,Cl-S4----------,nummod:gov,Acc,,Sing,,0.033617123542519,O
minut,NOUN,NNFP2-----A----,obl,Gen,Fem,Plur,,0.0132251143042787,O
umlčela,VERB,VpQW----R-AAP--,acl:relcl,,"Fem,Neut","Plur,Sing",,0.1091048216867841,O
svět,NOUN,NNIS4-----A----,obj,Acc,Masc,Sing,Inan,-0.0337411462350252,O
",",PUNCT,Z:-------------,punct,,,,,0.1039648315804132,O
“,PUNCT,Z:-------------,punct,,,,,-0.0371384212816258,O
když,SCONJ,"J,-------------",mark,,,,,0.0070433844532476,O
přednesla,VERB,VpQW----R-AAP--,advcl,,"Fem,Neut","Plur,Sing",,0.1129993094529138,O
podobné,ADJ,AANS4----1A----,amod,Acc,Neut,Sing,,-0.0049563609841555,O
kázání,NOUN,NNNS4-----A----,obj,Acc,Neut,Sing,,0.0198688333399538,O
před,ADP,RR--7----------,case,Ins,,,,0.0232633328227328,O
summitem,NOUN,NNIS7-----A----,obl,Ins,Masc,Sing,Inan,0.0180408632485284,O
OSN,PROPN,BNXXX-----A----,nmod,,,,,0.0834976145072846,B-io
o,ADP,RR--6----------,case,Loc,,,,0.0552695125940285,O
Zemi,NOUN,NNFS6-----A----,nmod,Loc,Fem,Sing,,-0.0569259757044181,B-g_
v,ADP,RR--6----------,case,Loc,,,,0.1518547901508655,O
Riu,PROPN,NNNS6-----A----,nmod,Loc,Neut,Sing,,0.056761963620418,B-gu
de,X,F%-------------,nmod,,,,,0.0041563598948622,I-gu
Janeiru,PROPN,NNNS6-----A----,nmod,Loc,Neut,Sing,,0.1114344672016613,I-gu
.,PUNCT,Z:-------------,punct,,,,,-0.1850843566858228,O
Zpráva,NOUN,NNFS1-----A----,nsubj,Nom,Fem,Sing,,0.0876007690741755,O
odhadla,VERB,VpQW----R-AAP-1,root,,"Fem,Neut","Plur,Sing",,-0.0160181644442119,O
počet,NOUN,NNIS4-----A----,obj,Acc,Masc,Sing,Inan,-0.070805228550294,O
členů,NOUN,NNMP2-----A----,nmod,Gen,Masc,Plur,Anim,0.0655055675840831,O
IS,NOUN,BNXXX-----A----,nmod,,,,,0.2973470591668944,B-io
v,ADP,RR--6----------,case,Loc,,,,0.0705685134598899,O
Afghánistánu,PROPN,NNIS6-----A----,nmod,Loc,Masc,Sing,Inan,0.1114737132608066,B-gc
na,ADP,RR--4----------,case,Acc,,,,0.0672473962891156,O
2200,NUM,C=-------------,obl:arg,,,,,0.0618288639441364,B-nc
",",PUNCT,Z:-------------,punct,,,,,0.0828067940917886,O
a,CCONJ,J^-------------,cc,,,,,0.0786171741998795,O
přestože,SCONJ,"J,-------------",mark,,,,,-0.0533292045986944,O
jeho,DET,P9XXXZS3-------,det,,,,,-0.0383478326766611,O
vedení,NOUN,NNNS1-----A----,nsubj:pass,Nom,Neut,Sing,,0.0009973814304076,O
bylo,AUX,VpNS----R-AAI--,aux:pass,,Neut,Sing,,0.023195210237073,O
vyčerpáno,ADJ,VsNS----X-APP--,advcl,,Neut,Sing,,0.0900886435528072,O
",",PUNCT,Z:-------------,punct,,,,,0.0415018066825784,O
IS,NOUN,BNXXX-----A----,nsubj,,,,,0.1528053215778084,B-io
stále,ADV,Dg-------1A----,advmod,,,,,-0.0733899365927438,O
počítá,VERB,VB-S---3P-AAI--,conj,,,Sing,,-0.1068969002811746,O
mezi,ADP,RR--4----------,case,Acc,,,,0.0703593926132865,O
své,DET,P8YP4---------1,det,Acc,Masc,Plur,,0.0351093591568927,O
vůdce,NOUN,NNMP4-----A----,obl,Acc,Masc,Plur,Anim,0.0883123165124021,O
syrského,ADJ,AAMS4----1A----,amod,Acc,Masc,Sing,Anim,0.0089752683920448,O
státního,ADJ,AAMS4----1A----,amod,Acc,Masc,Sing,Anim,0.5021771610849994,O
příslušníka,NOUN,NNMS4-----A----,obj,Acc,Masc,Sing,Anim,0.0927339092479113,O
Abú,PROPN,NNMXX-----A----,flat,,Masc,,Anim,0.1489009163511371,B-P
Saída,PROPN,NNMS4-----A----,flat,Acc,Masc,Sing,Anim,0.0847488190889085,I-P
Mohammada,PROPN,NNMS4-----A----,flat,Acc,Masc,Sing,Anim,0.0366061754791101,I-P
al-Khorasaniho,PROPN,NNMS4-----A----,flat,Acc,Masc,Sing,Anim,0.4451889153764287,I-P
.,PUNCT,Z:-------------,punct,,,,,0.0432022191835512,O
Na,ADP,RR--4----------,case,Acc,,,,-0.2130813137323543,O
čekací,ADJ,AANS4----1A----,amod,Acc,Neut,Sing,,0.1363847070005494,O
dobové,ADJ,AANS4----1A----,amod,Acc,Neut,Sing,,0.0288302623400768,O
právo,NOUN,NNNS4-----A----,obl:arg,Acc,Neut,Sing,,-0.0515427788773236,O
Tennessee,PROPN,NNNXX-----A----,nmod,,Neut,,,-0.1131857191924636,B-gr
vstoupilo,VERB,VpNS----R-AAP--,root,,Neut,Sing,,0.1181443238095836,O
v,ADP,RR--4----------,case,Acc,,,,0.0870740578825672,O
platnost,NOUN,NNFS4-----A----,obl:arg,Acc,Fem,Sing,,0.018200505788134,O
v,ADP,RR--6----------,case,Loc,,,,0.0922536159184535,O
polovině,NOUN,NNFS6-----A----,obl,Loc,Fem,Sing,,-0.009463901943222,O
roku,NOUN,NNIS2-----A---1,nmod,Gen,Masc,Sing,Inan,-0.1172968387123687,O
2017,NUM,C=-------------,nummod,,,,,-0.1210541858503115,B-ty
a,CCONJ,J^-------------,cc,,,,,0.0117339588103548,O
Podraza,PROPN,NNMS1-----A----,nsubj,Nom,Masc,Sing,Anim,0.1470548948822299,B-ps
řekl,VERB,VpYS----R-AAP--,conj,,Masc,Sing,,0.116079882605838,O
",",PUNCT,Z:-------------,punct,,,,,0.2788367980500689,O
že,SCONJ,"J,-------------",mark,,,,,-0.026784588197931,O
od,ADP,RR--2----------,case,Gen,,,,0.0462106578939294,O
té,DET,PDFS2----------,det,Gen,Fem,Sing,,0.0248548606240613,O
doby,NOUN,NNFS2-----A----,obl,Gen,Fem,Sing,,-0.0694214258727794,O
viděl,VERB,VpYS----R-AAI--,ccomp,,Masc,Sing,,0.0958146587713106,O
několik,DET,Ca--4----------,det:numgov,Acc,,,,0.0342731513015503,O
žen,NOUN,NNFP2-----A----,obj,Gen,Fem,Plur,,0.0327998828812367,O
",",PUNCT,Z:-------------,punct,,,,,0.1511717287589838,O
kteří,DET,P4MP1----------,nsubj,Nom,Masc,Plur,Anim,-0.0471662255237386,O
se,PRON,P7-X4----------,expl:pv,Acc,,,,0.0357056494001808,O
chtěli,VERB,VpMP----R-AAI--,acl:relcl,,Masc,Plur,Anim,0.0926824232875345,O
pokusit,VERB,Vf--------A-P--,xcomp,,,,,0.0143860399951393,O
zvrátit,VERB,Vf--------A-P--,xcomp,,,,,0.2063820349745656,O
lékařské,ADJ,AAIP4----1A----,amod,Acc,Masc,Plur,Inan,0.1048163028107793,O
potraty,NOUN,NNIP4-----A----,obj,Acc,Masc,Plur,Inan,0.3321520092335446,O
",",PUNCT,Z:-------------,punct,,,,,0.0014575888984727,O
které,DET,P4IP1----------,nsubj,Nom,Masc,Plur,Inan,-0.0549994103681928,O
již,ADV,Db-------------,advmod,,,,,-0.110643257248495,O
probíhaly,VERB,VpTP----R-AAI--,acl:relcl,,"Fem,Masc",Plur,Inan,0.1110154240467225,O
.,PUNCT,Z:-------------,punct,,,,,0.0599404549826677,O
Někteří,DET,PZMP1----------,nsubj,Nom,Masc,Plur,Anim,-0.0029833374778073,O
z,ADP,RR--2----------,case,Gen,,,,0.0957012734339925,O
těchto,DET,PDXP2----------,det,Gen,,Plur,,-0.0291692383640125,O
žen,NOUN,NNFP2-----A----,nmod,Gen,Fem,Plur,,0.1278212794480432,O
pak,ADV,Db-------------,advmod,,,,,-0.0604188599029601,O
změnili,VERB,VpMP----R-AAP--,root,,Masc,Plur,Anim,-0.0228493891432889,O
své,DET,P8FP4---------1,det,Acc,Fem,Plur,,0.0135595732499886,O
mysli,NOUN,NNFP4-----A----,obj,Acc,Fem,Plur,,-0.0171763445414227,O
podruhé,ADV,Db-------------,advmod,,,,,0.1018466114026958,O
a,CCONJ,J^-------------,cc,,,,,-0.026824113384104,O
následoval,VERB,VpYS----R-AAI--,conj,,Masc,Sing,,0.1915101719617769,O
přes,ADP,RR--4----------,case,Acc,,,,0.0179009583909233,O
potrat,NOUN,NNIS4-----A----,obl,Acc,Masc,Sing,Inan,0.1051694276715706,O
",",PUNCT,Z:-------------,punct,,,,,0.2155221132520067,O
on,PRON,PEYS1--3-------,nsubj,Nom,Masc,Sing,,0.093417455993573,O
svědčil,VERB,VpYS----R-AAI--,conj,,Masc,Sing,,0.0317533034450936,O
.,PUNCT,Z:-------------,punct,,,,,-0.0208031417079815,O
Tyto,DET,PDNS1----------,det,Nom,Neut,Sing,,-0.0228129527801677,O
obrácení,NOUN,NNNS1-----A----,nsubj,Nom,Neut,Sing,,0.0650127328805577,O
se,PRON,P7-X4----------,expl:pv,Acc,,,,0.0147723202439162,O
stalo,VERB,VpNS----R-AAP--,root,,Neut,Sing,,-0.022242677632212,O
navzdory,ADP,Db-------------,case,,,,,0.0302533942784173,O
čekací,ADJ,AAFS3----1A----,amod,Dat,Fem,Sing,,0.0838161820681991,O
lhůtě,NOUN,NNFS3-----A----,obl,Dat,Fem,Sing,,0.0730862857810668,O
.,PUNCT,Z:-------------,punct,,,,,0.3537577323190074,O
West,PROPN,NNMS1-----A----,nsubj,Nom,Masc,Sing,Anim,0.0541437277452156,O
se,PRON,P7-X4----------,expl:pv,Acc,,,,0.3693428306552201,O
přihlásil,VERB,VpYS----R-AAP--,root,,Masc,Sing,,-0.0958521498315409,O
k,ADP,RR--3----------,case,Dat,,,,0.0595601329333949,O
potratu,NOUN,NNIS3-----A----,obl:arg,Dat,Masc,Sing,Inan,0.0863134156349385,O
během,ADP,RR--2----------,case,Gen,,,,-0.2116985016855888,O
akce,NOUN,NNFS2-----A----,obl,Gen,Fem,Sing,,-0.2536521448427416,O
",",PUNCT,Z:-------------,punct,,,,,0.0447303995994285,O
která,DET,P4FS1----------,nsubj,Nom,Fem,Sing,,-0.2355954821192743,O
se,PRON,P7-X4----------,expl:pv,Acc,,,,-0.214641023126452,O
konala,VERB,VpQW----R-AAI--,acl:relcl,,"Fem,Neut","Plur,Sing",,0.0651439955746371,O
19,NUM,C=-------------,nummod,,,,,-0.3146972988544302,B-T|B-td
.,PUNCT,Z:-------------,punct,,,,,0.1400818230618532,I-T|I-td
července,NOUN,NNIS2-----A----,obl,Gen,Masc,Sing,Inan,-0.247572237658319,I-T|B-tm
.,PUNCT,Z:-------------,punct,,,,,-0.443640740056504,O
Některé,DET,PZFP1----------,det,Nom,Fem,Plur,,-0.4238615153101689,O
společnosti,NOUN,NNFP1-----A----,nsubj,Nom,Fem,Plur,,0.0952568103436103,O
se,PRON,P7-X4----------,expl:pv,Acc,,,,0.1090750174787293,O
zintenzivňují,VERB,VB-P---3P-AAI--,root,,,Plur,,0.0393799808130976,O
a,CCONJ,J^-------------,cc,,,,,0.0848855269671187,O
nabízejí,VERB,VB-P---3P-AAI--,conj,,,Plur,,-0.0683350143737657,O
nové,ADJ,AAIP4----1A----,amod,Acc,Masc,Plur,Inan,-0.1482655388857942,O
špičkové,ADJ,AAIP4----1A----,amod,Acc,Masc,Plur,Inan,-0.0849111239878086,O
nástroje,NOUN,NNIP4-----A----,obj,Acc,Masc,Plur,Inan,0.018347287302978,O
",",PUNCT,Z:-------------,punct,,,,,-0.0063286407971007,O
jako,SCONJ,"J,-------------",mark,,,,,0.4135687255111669,O
jsou,AUX,VB-P---3P-AAI--,acl,,,Plur,,-0.0872961368199716,O
pouta,NOUN,NNNP1-----A----,nsubj,Nom,Neut,Plur,,0.1255587074318592,O
na,ADP,RR--4----------,case,Acc,,,,0.0291089533197417,O
dálkové,ADJ,AANS4----1A----,amod,Acc,Neut,Sing,,-0.0314833144956817,O
ovládání,NOUN,NNNS4-----A----,nmod,Acc,Neut,Sing,,0.0394320694768453,O
pro,ADP,RR--4----------,case,Acc,,,,0.1823511421701183,O
policii,NOUN,NNFS4-----A----,nmod,Acc,Fem,Sing,,-0.0181476446499309,O
",",PUNCT,Z:-------------,punct,,,,,0.0761347936110258,O
aby,AUX,Vc-------------,aux,,,,,0.1972437477649462,O
použila,VERB,VpQW----R-AAP--,advcl,,"Fem,Neut","Plur,Sing",,0.0339009856217209,O
místo,ADP,RR--2----------,case,Gen,,,,0.0096445028245635,O
nebezpečnějších,ADJ,AAFP2----3A----,amod,Gen,Fem,Plur,,0.0353735364911197,O
možností,NOUN,NNFP2-----A----,obl,Gen,Fem,Plur,,-0.0673873847495832,O
",",PUNCT,Z:-------------,punct,,,,,-0.0094418061354224,O
jako,SCONJ,"J,-------------",mark,,,,,0.0751656813501377,O
je,AUX,VB-S---3P-AAI--,acl,,,Sing,,-0.0936905804046542,O
pepřový,ADJ,AAIS1----1A----,amod,Nom,Masc,Sing,Inan,0.02187643778265,O
sprej,NOUN,NNIS1-----A----,nsubj,Nom,Masc,Sing,Inan,0.1050360688634019,O
",",PUNCT,Z:-------------,punct,,,,,0.1871170031463274,O
gumové,ADJ,AAFP1----1A----,amod,Nom,Fem,Plur,,0.0219485749557077,O
kulky,NOUN,NNFP1-----A----,conj,Nom,Fem,Plur,,0.1038498468744018,O
a,CCONJ,J^-------------,cc,,,,,0.0548568589181427,O
granáty,NOUN,NNIP1-----A----,conj,Nom,Masc,Plur,Inan,0.2536665861730326,O
.,PUNCT,Z:-------------,punct,,,,,-0.0669858427985004,O
Je,AUX,VB-S---3P-AAI--,cop,,,Sing,,-0.205949974364528,O
těžké,ADJ,AANS1----1A----,root,Nom,Neut,Sing,,0.003105762694262,O
to,DET,PDNS4----------,obj,Acc,Neut,Sing,,0.1285137564996006,O
přijmout,VERB,Vf--------A-P--,csubj,,,,,0.079805591008296,O
",",PUNCT,Z:-------------,punct,,,,,0.1296292556061785,O
ale,CCONJ,J^-------------,cc,,,,,0.5488620035256871,O
naším,DET,PSZS7-P1-------,det,Ins,"Masc,Neut",Sing,,0.2487429086857686,O
hlavním,ADJ,AAIS7----1A----,amod,Ins,Masc,Sing,Inan,-0.04097298341844,O
cílem,NOUN,NNIS7-----A----,conj,Ins,Masc,Sing,Inan,0.1526442939086492,O
byla,AUX,VpQW----R-AAI--,cop,,"Fem,Neut","Plur,Sing",,-0.08088790807328,O
Evropa,PROPN,NNFS1-----A----,nsubj,Nom,Fem,Sing,,0.0119769739647581,B-gt
a,CCONJ,J^-------------,cc,,,,,0.318958975065328,O
to,DET,PDNS1----------,nsubj,Nom,Neut,Sing,,0.2812476707772037,O
se,PRON,P7-X4----------,expl:pv,Acc,,,,-0.1578743734376463,O
nám,PRON,PP-P3--1-------,obl:arg,Dat,,Plur,,0.0694330305136302,O
podařilo,VERB,VpNS----R-AAP--,conj,,Neut,Sing,,-0.2614267563368426,O
.,PUNCT,Z:-------------,punct,,,,,-0.0192216233745948,O
Dva,NUM,CnYP4----------,nummod,Acc,Masc,Plur,,-0.0415882858591726,O
dny,NOUN,NNIP4-----A----,obl,Acc,Masc,Plur,Inan,-0.0924242098015756,O
poté,ADV,Db-------------,advmod,,,,,-0.0345287396310203,O
",",PUNCT,Z:-------------,punct,,,,,0.1991707866721443,O
co,SCONJ,"J,-------------",mark,,,,,0.1907001475376901,O
se,PRON,P7-X4----------,expl:pv,Acc,,,,0.0848450309350069,O
na,ADP,RR--6----------,case,Loc,,,,0.0885206857070857,O
sociálních,ADJ,AANP6----1A----,amod,Loc,Neut,Plur,,-0.0430442551704172,O
médiích,NOUN,NNNP6-----A----,obl,Loc,Neut,Plur,,0.0765016732435148,O
šířil,VERB,VpYS----R-AAI--,advcl,,Masc,Sing,,0.0423476028951509,O
příběh,NOUN,NNIS1-----A----,nsubj,Nom,Masc,Sing,Inan,-0.0101350157612056,O
o,ADP,RR--6----------,case,Loc,,,,-0.0627535807375902,O
13letém,ADJ,AAMS6----1A----,amod,Loc,Masc,Sing,Anim,0.0736070865874905,B-na
prodejci,NOUN,NNMS6-----A----,nmod,Loc,Masc,Sing,Anim,0.0340551270714581,O
vajec,NOUN,NNNP2-----A----,nmod,Gen,Neut,Plur,,-0.102237864459475,O
převráceném,ADJ,AANS6----1A----,amod,Loc,Neut,Sing,,0.0595267405662537,O
občanskými,ADJ,AAMP7----1A----,amod,Ins,Masc,Plur,Anim,-0.0098734185620036,O
úředníky,NOUN,NNMP7-----A----,obl:arg,Ins,Masc,Plur,Anim,0.0188848239636033,O
",",PUNCT,Z:-------------,punct,,,,,0.0956786483119202,O
našel,VERB,VpYS----R-AAP--,root,,Masc,Sing,,0.1408932749733898,O
chlapec,NOUN,NNMS1-----A----,nsubj,Nom,Masc,Sing,Anim,0.1283126757349099,O
se,ADP,RV--7----------,case,Ins,,,,0.1984608444692983,O
sídlem,NOUN,NNNS7-----A----,nmod,Ins,Neut,Sing,,0.1120387846533089,O
v,ADP,RR--6----------,case,Loc,,,,0.1664139972860489,O
Indore,PROPN,NNNXX-----A----,nmod,,Neut,,,0.1250932126046539,B-gu
drtivou,ADJ,AAFS4----1A----,amod,Acc,Fem,Sing,,0.1066840524022552,O
podporu,NOUN,NNFS4-----A----,obj,Acc,Fem,Sing,,0.1120153362789025,O
lidí,NOUN,NNMP2-----A----,nmod,Gen,Masc,Plur,Anim,0.1181551499792773,O
z,ADP,RR--2----------,case,Gen,,,,-0.0663604476541884,O
celé,ADJ,AAFS2----1A----,amod,Gen,Fem,Sing,,0.0906486777243049,O
země,NOUN,NNFS2-----A----,nmod,Gen,Fem,Sing,,-0.2389717958344407,O
a,CCONJ,J^-------------,cc,,,,,-0.1271686944746473,O
pomohl,VERB,VpYS----R-AAP--,conj,,Masc,Sing,,0.0991584385022011,O
jim,PRON,PEXP3--3-------,obl:arg,Dat,,Plur,,0.2903347306582191,O
zotavit,VERB,Vf--------A-P--,xcomp,,,,,0.1930157098127246,O
se,PRON,P7--4----------,expl:pv,Acc,,,,0.1267862482128003,O
ze,ADP,RV--2----------,case,Gen,,,,0.0383977079229831,O
ztrát,NOUN,NNFP2-----A----,obl,Gen,Fem,Plur,,0.0933756053435353,O
a,CCONJ,J^-------------,cc,,,,,0.157805352285116,O
dokázat,VERB,Vf--------A-P--,conj,,,,,0.1980528647706199,O
začít,VERB,Vf--------A-P--,xcomp,,,,,-0.0416070155794871,O
znovu,ADV,Db-------------,advmod,,,,,0.0540243984502612,O
podnikat,VERB,Vf--------A-I--,xcomp,,,,,-0.0266491090172701,O
.,PUNCT,Z:-------------,punct,,,,,0.3626381535707922,O
V,ADP,RR--6----------,case,Loc,,,,-0.4500255943647206,O
USA,PROPN,BNXXX-----A----,obl,,,,,-0.0235538456343884,B-gc
se,PRON,P7-X4----------,expl:pv,Acc,,,,-0.1698870062590732,O
děje,VERB,VB-S---3P-AAI--,ccomp,,,Sing,,-0.0730394743342555,O
spousta,NOUN,NNFS1-----A----,nsubj,Nom,Fem,Sing,,5.847793982612659,O
a,CCONJ,J^-------------,cc,,,,,0.0239564778666411,O
spousta,NOUN,NNFS1-----A----,conj,Nom,Fem,Sing,,0.0949477450084824,O
malých,ADJ,AAIP2----1A----,amod,Gen,Masc,Plur,Inan,0.2491109946499982,O
léků,NOUN,NNIP2-----A----,nmod,Gen,Masc,Plur,Inan,0.1064933910181043,O
",",PUNCT,Z:-------------,punct,,,,,0.2000205137032523,O
které,DET,P4IP1----------,nsubj,Nom,Masc,Plur,Inan,0.170966396051095,O
zahrnují,VERB,VB-P---3P-AAI--,acl:relcl,,,Plur,,0.1577646023625981,O
několik,DET,Ca--4----------,det:numgov,Acc,,,,-0.0064619351082219,O
desítek,NOUN,NNFP2-----A----,obj,Gen,Fem,Plur,,0.0240694540785674,O
nebo,CCONJ,J^-------------,cc,,,,,0.2626306507804374,O
několik,DET,Ca--4----------,conj,Acc,,,,0.0405432026174329,O
set,DET,CzNP2----------,amod,Gen,Neut,Plur,,-0.0717146875035881,O
pacientů,NOUN,NNMP2-----A----,nmod,Gen,Masc,Plur,Anim,0.1337578589326747,O
",",PUNCT,Z:-------------,punct,,,,,0.2563472137387997,O
ale,CCONJ,J^-------------,cc,,,,,0.0756564395590083,O
nic,PRON,PY--1----------,conj,Nom,,,,0.2256620474117087,O
podstatného,ADJ,AANS2----1A----,amod,Gen,Neut,Sing,,0.0488545825016472,O
",",PUNCT,Z:-------------,punct,,,,,0.2598403538492998,O
dodal,VERB,VpYS----R-AAP--,root,,Masc,Sing,,-0.3954015955879579,O
Landray,PROPN,NNMS1-----A----,nsubj,Nom,Masc,Sing,Anim,0.1039088029032549,B-ps
.,PUNCT,Z:-------------,punct,,,,,-0.0982583617572079,O
Umělecký,ADJ,AAIS1----1A----,amod,Nom,Masc,Sing,Inan,0.0632586777077899,O
dojem,NOUN,NNIS1-----A----,root,Nom,Masc,Sing,Inan,-0.0583621473991923,O
plynové,ADJ,AAFS2----1A----,amod,Gen,Fem,Sing,,-0.002448140260939,O
obří,ADJ,AAFS2----1A----,amod,Gen,Fem,Sing,,0.1446530811037518,O
planety,NOUN,NNFS2-----A----,nmod,Gen,Fem,Sing,,0.0580432145785853,O
GJ,NOUN,BNXXX-----A----,nmod,,,,,-0.1441683599919197,B-g_
3512,NUM,C=-------------,nummod,,,,,0.0080278792859035,I-g_
b,NOUN,Q3-------------,nmod,,,,,-0.017479303533924,I-g_
obíhající,ADJ,AGFS2-----A----,amod,Gen,Fem,Sing,,0.1783699080890824,O
svou,DET,P8FS4---------1,det,Acc,Fem,Sing,,-0.0122059299742476,O
hvězdu,NOUN,NNFS4-----A----,obj,Acc,Fem,Sing,,0.1493471541684063,O
červeného,ADJ,AAMS2----1A----,amod,Gen,Masc,Sing,Anim,0.0156971833636298,O
trpaslíka,NOUN,NNMS2-----A----,nmod,Gen,Masc,Sing,Anim,0.0591867648594111,O
",",PUNCT,Z:-------------,punct,,,,,0.2857948576386513,O
která,DET,P4FS1----------,nsubj:pass,Nom,Fem,Sing,,0.6494702036808938,O
byla,AUX,VpQW----R-AAI--,aux:pass,,"Fem,Neut","Plur,Sing",,0.3053241005762409,O
vydána,ADJ,VsQW----X-APP--,amod,,"Fem,Neut","Plur,Sing",,-0.0233797081262988,O
26,NUM,C=-------------,nummod,,,,,-0.0825892461085517,B-T|B-td
září,NOUN,NNNS2-----A----,obl,Gen,Neut,Sing,,-0.0034847790658738,I-T|B-tm
2019,NUM,C=-------------,nummod,,,,,0.0175891295564758,I-T|B-ty
.,PUNCT,Z:-------------,punct,,,,,-0.2140036050730397,O
Trumpova,ADJ,AUFS1M---------,amod,Nom,Fem,Sing,,0.0069919650065352,B-ps
administrativa,NOUN,NNFS1-----A----,nsubj,Nom,Fem,Sing,,-0.0357965262470928,O
v,ADP,RR--6----------,case,Loc,,,,0.0619640353297532,O
srpnu,NOUN,NNIS6-----A----,obl,Loc,Masc,Sing,Inan,0.1545862908485153,B-tm
požádala,VERB,VpQW----R-AAP--,root,,"Fem,Neut","Plur,Sing",,0.1767824625277386,O
Nejvyšší,ADJ,AAIS4----3A----,amod,Acc,Masc,Sing,Inan,0.1137718077592938,B-io
soud,NOUN,NNIS4-----A----,iobj,Acc,Masc,Sing,Inan,0.1534970615506876,I-io
",",PUNCT,Z:-------------,punct,,,,,0.0979162094161242,O
aby,AUX,Vc-------------,aux,,,,,0.0423766322196521,O
v,ADP,RR--6----------,case,Loc,,,,-0.0677067039032894,O
zásadě,NOUN,NNFS6-----A----,obl,Loc,Fem,Sing,,0.0250549673416966,O
legalizoval,VERB,VpYS----R-AAI--,ccomp,,Masc,Sing,,-0.0050219414185746,O
anti-gay,ADJ,AAXXX----1A----,conj,,,,,0.0535384221695379,O
diskriminaci,NOUN,NNFS4-----A----,obj,Acc,Fem,Sing,,-0.0477031651360642,O
na,ADP,RR--6----------,case,Loc,,,,0.299587575075944,O
pracovišti,NOUN,NNNS6-----A----,nmod,Loc,Neut,Sing,,0.2341012703030837,O
",",PUNCT,Z:-------------,punct,,,,,0.0778787312970488,O
přičemž,ADV,Db-------------,advmod,,,,,-0.0262827463638706,O
ve,ADP,RV--6----------,case,Loc,,,,-0.0143804355160366,O
stručnosti,NOUN,NNFS6-----A----,obl,Loc,Fem,Sing,,0.060942740434195,O
amikusu,NOUN,NNIS2-----A----,nmod,Gen,Masc,Sing,Inan,0.1129113770172131,O
tvrdila,VERB,VpQW----R-AAI--,conj,,"Fem,Neut","Plur,Sing",,-0.0087024800552944,O
",",PUNCT,Z:-------------,punct,,,,,0.048250738141793,O
že,SCONJ,"J,-------------",mark,,,,,-0.0573064835295049,O
federální,ADJ,AAIP1----1A----,amod,Nom,Masc,Plur,Inan,0.0524548275501845,O
zákony,NOUN,NNIP1-----A----,nsubj,Nom,Masc,Plur,Inan,0.0396133317018204,O
o,ADP,RR--6----------,case,Loc,,,,-0.0127286183298549,O
diskriminaci,NOUN,NNFS6-----A----,nmod,Loc,Fem,Sing,,-0.0002982783484812,O
zaměstnavatelů,NOUN,NNMP2-----A----,nmod,Gen,Masc,Plur,Anim,0.0228555191897521,O
v,ADP,RR--6----------,case,Loc,,,,0.0332968224480115,O
zákoně,NOUN,NNIS6-----A----,nmod,Loc,Masc,Sing,Inan,0.0457850992224936,O
o,ADP,RR--6----------,case,Loc,,,,-0.018439182291861,O
občanských,ADJ,AANP6----1A----,amod,Loc,Neut,Plur,,0.0339908307986001,O
právech,NOUN,NNNP6-----A----,nmod,Loc,Neut,Plur,,-0.0238545101862061,O
z,ADP,RR--2----------,case,Gen,,,,0.0769272643529628,O
roku,NOUN,NNIS2-----A---1,nmod,Gen,Masc,Sing,Inan,-0.0180189701696032,O
1964,NUM,C=-------------,nummod,,,,,0.0547161299323691,B-ty
neměly,VERB,VpTP----R-NAI--,ccomp,,"Fem,Masc",Plur,Inan,0.0056482690400273,O
za,ADP,RR--4----------,case,Acc,,,,0.1194813403811293,O
cíl,NOUN,NNIS4-----A----,obl:arg,Acc,Masc,Sing,Inan,0.0351187404695126,O
chránit,VERB,Vf--------A-I--,xcomp,,,,,0.0082035463772165,O
jednotlivce,NOUN,NNMP4-----A----,obj,Acc,Masc,Plur,Anim,0.0441963838209815,O
před,ADP,RR--7----------,case,Ins,,,,-0.0296525730107487,O
tím,DET,PDZS7----------,obl:arg,Ins,"Masc,Neut",Sing,,0.1772175488618895,O
",",PUNCT,Z:-------------,punct,,,,,0.1588584566997678,O
že,SCONJ,"J,-------------",mark,,,,,-0.0198648271183323,O
vyhozeni,ADJ,VsMP----X-APP--,amod,,Masc,Plur,Anim,0.2463037661973997,O
na,ADP,RR--6----------,case,Loc,,,,0.0811389624451213,O
základě,NOUN,NNIS6-----A----,fixed,Loc,Masc,Sing,Inan,-0.0523597935919388,O
jejich,DET,P9XXXXP3-------,det,,,,,-0.214361718828852,O
sexuální,ADJ,AAFS2----1A----,amod,Gen,Fem,Sing,,0.0290197295536591,O
orientace,NOUN,NNFS2-----A----,obl,Gen,Fem,Sing,,0.0844413933686915,O
.,PUNCT,Z:-------------,punct,,,,,-0.5514821250689707,O
Trump,PROPN,NNMS1-----A----,nsubj,Nom,Masc,Sing,Anim,-0.0953040446081803,B-ps
toho,DET,PDZS2----------,det,Gen,"Masc,Neut",Sing,,0.1861019051126162,O
rána,NOUN,NNNS2-----A----,obl,Gen,Neut,Sing,,-0.0111902372615527,O
napsal,VERB,VpYS----R-AAP--,root,,Masc,Sing,,-0.0286511498345831,O
",",PUNCT,Z:-------------,punct,,,,,0.016163329314295,O
že,SCONJ,"J,-------------",mark,,,,,-0.074640851687904,O
televizní,ADJ,AAFS1----1A----,amod,Nom,Fem,Sing,,-0.0103496670690779,O
sledovanost,NOUN,NNFS1-----A----,nsubj:pass,Nom,Fem,Sing,,-0.0576194727590907,O
NASCAR,NOUN,BNXXX-----A----,nmod,,,,,-0.0149622136992703,B-ic
byla,AUX,VpQW----R-AAI--,aux:pass,,"Fem,Neut","Plur,Sing",,0.0004182935961508,O
poškozena,ADJ,VsQW----X-APP--,ccomp,,"Fem,Neut","Plur,Sing",,0.0139022851236044,O
falešným,ADJ,AANS7----1A----,amod,Ins,Neut,Sing,,0.01290767960133,O
obviněním,NOUN,NNNS7-----A----,obl:arg,Ins,Neut,Sing,,0.8646592418479349,O
ze,ADP,RV--2----------,case,Gen,,,,0.2020362255597282,O
zločinu,NOUN,NNIS2-----A----,nmod,Gen,Masc,Sing,Inan,0.1034840908088349,O
z,ADP,RR--2----------,case,Gen,,,,0.001648471029133,O
nenávisti,NOUN,NNFS2-----A----,nmod,Gen,Fem,Sing,,0.0038917589724689,O
vůči,ADP,RR--3----------,case,Dat,,,,-0.002480967651876,O
řidiči,NOUN,NNMS3-----A----,nmod,Dat,Masc,Sing,Anim,-0.0120014315551997,O
Bubbovi,PROPN,NNMS3-----A----,flat,Dat,Masc,Sing,Anim,0.0237599390534418,B-P|B-pf
Wallaceovi,PROPN,NNMS3-----A---1,flat,Dat,Masc,Sing,Anim,-0.0163000048090272,I-P|B-ps
a,CCONJ,J^-------------,cc,,,,,-0.0239676782144989,O
jeho,DET,P9XXXZS3-------,det,,,,,-0.0116743671122651,O
rozhodnutím,NOUN,NNNS7-----A----,conj,Ins,Neut,Sing,,-0.0386357082380767,O
zakázat,VERB,Vf--------A-P--,acl,,,,,-0.0203015813535325,O
vyvěšování,NOUN,NNNS4-----A----,obj,Acc,Neut,Sing,,-0.0064621455725118,O
konfederační,ADJ,AAFS2----1A----,amod,Gen,Fem,Sing,,0.0384502679701285,O
vlajky,NOUN,NNFS2-----A----,nmod,Gen,Fem,Sing,,0.0304026282015687,O
na,ADP,RR--6----------,case,Loc,,,,0.0058708838581225,O
jejích,DET,P9XP6FS3-------,det,Loc,,Plur,,-0.0274272147691112,O
akcích,NOUN,NNFP6-----A----,obl,Loc,Fem,Plur,,-0.0048264687166284,O
.,PUNCT,Z:-------------,punct,,,,,0.0665855829096562,O
Festivaly,NOUN,NNIP1-----A----,nsubj,Nom,Masc,Plur,Inan,0.1796654996810957,O
jsou,AUX,VB-P---3P-AAI--,cop,,,Plur,,0.0736396064476676,O
také,ADV,Db-------------,advmod,,,,,-0.0288752195326128,O
ohroženy,ADJ,VsTP----X-APP--,root,,"Fem,Masc",Plur,Inan,0.1469475040470921,O
.,PUNCT,Z:-------------,punct,,,,,0.0708828584749291,O
Další,ADJ,AAIS4----1A----,amod,Acc,Masc,Sing,Inan,0.0257805390192474,O
velký,ADJ,AAIS4----1A----,amod,Acc,Masc,Sing,Inan,-0.0080371947092649,O
festival,NOUN,NNIS4-----A----,root,Acc,Masc,Sing,Inan,0.0695458572740909,O
Dussehra,PROPN,NNFS1-----A----,nmod,Gen,Masc,Sing,Anim,0.1900364794331968,B-ia
na,ADP,RR--4----------,case,Acc,,,,0.0425372356803945,O
8,NUM,C=-------------,nummod,,,,,-0.0295674877822808,B-T|B-td
.,PUNCT,Z:-------------,punct,,,,,0.0633172749429902,I-T|I-td
října,NOUN,NNIS2-----A----,dep,Gen,Masc,Sing,Inan,-0.0475080688176145,I-T|B-tm
",",PUNCT,Z:-------------,punct,,,,,0.1528041996077221,O
kdy,ADV,Db-------------,advmod,,,,,-0.1033593053742114,O
Hinduisté,PROPN,NNMP1-----A----,nsubj,Nom,Masc,Plur,Anim,0.1392748629969845,B-pc
postavit,VERB,Vf--------A-P--,acl:relcl,,,,,0.0922667692461766,O
obří,ADJ,AAIS4----1A----,amod,Acc,Masc,Sing,Inan,-0.0556668845943191,O
",",PUNCT,Z:-------------,punct,,,,,0.2087392381534324,O
comic,X,F%-------------,obj,,,,,0.146681082683589,O
book,X,F%-------------,flat:foreign,,,,,0.0313295091527312,O
styl,NOUN,NNIS4-----A----,flat:foreign,Acc,Masc,Sing,Inan,0.2937385903628339,O
podobiznami,NOUN,NNFP7-----A----,nmod,Ins,Fem,Plur,,0.272361970129007,O
Ravany,PROPN,NNMS2-----A----,nmod,Gen,Masc,Sing,Anim,0.0163504942178335,B-p_
",",PUNCT,Z:-------------,punct,,,,,-0.0170188578191773,O
postava,NOUN,NNFS1-----A----,appos,Nom,Fem,Sing,,0.0744261861666426,O
z,ADP,RR--2----------,case,Gen,,,,0.082714672021907,O
Hinduistického,ADJ,AAIS2----1A----,amod,Gen,Masc,Sing,Inan,-0.0040925450988608,B-p_
eposu,NOUN,NNIS2-----A----,nmod,Gen,Masc,Sing,Inan,0.1348475294765372,O
Ramayana,PROPN,NNMS2-----A----,nmod,Gen,Masc,Sing,Anim,0.1445972786653463,B-p_
",",PUNCT,Z:-------------,punct,,,,,0.1914246895021676,O
kteří,DET,P4MP1----------,nsubj,Nom,Masc,Plur,Anim,0.0742239157724514,O
sportovní,VERB,VB-P---3P-AAI--,acl:relcl,,,Plur,,0.0052915632096342,O
huňatý,ADJ,AAIS4----1A----,amod,Acc,Masc,Sing,Inan,0.2311399845134261,O
knír,NOUN,NNIS4-----A----,obj,Acc,Masc,Sing,Inan,0.2699222730562456,O
a,CCONJ,J^-------------,cc,,,,,0.1416619835765357,O
zlý,ADJ,AAIS4----1A----,amod,Acc,Masc,Sing,Inan,0.214075174859745,O
úsměv,NOUN,NNIS4-----A----,conj,Acc,Masc,Sing,Inan,-0.0030738722038792,O
.,PUNCT,Z:-------------,punct,,,,,0.2207483068454837,O
Začali,VERB,VpMP----R-AAP--,root,,Masc,Plur,Anim,0.0854551578293508,O
ho,PRON,P5ZS4--3-------,obj,Acc,"Masc,Neut",Sing,,0.0299764220356307,O
dávat,VERB,Vf--------A-I--,xcomp,,,,,0.230302369387129,O
na,ADP,RR--4----------,case,Acc,,,,0.1340224169894988,O
dvě,NUM,CnHP4----------,nummod,Acc,"Fem,Neut",Plur,,-0.3458003992929576,O
zavíračky,NOUN,NNFP4-----A----,obl,Acc,Fem,Plur,,0.1387850134693633,O
za,ADP,RR--7----------,case,Ins,,,,0.0100624228116242,O
sebou,PRON,P6--7----------,nmod,Ins,,,,-0.1882816021400238,O
.,PUNCT,Z:-------------,punct,,,,,0.4651883020785948,O
Není,AUX,VB-S---3P-NAI--,cop,,,Sing,,0.5453427711824508,O
to,DET,PDNS1----------,nsubj,Nom,Neut,Sing,,0.2356520177051947,O
jen,ADV,Db-------------,advmod:emph,,,,,0.2882189214321761,O
pokus,NOUN,NNIS1-----A----,root,Nom,Masc,Sing,Inan,0.1818749902023752,O
ztrapnit,VERB,Vf--------A-P--,acl,,,,,0.1176123476728027,O
veřejného,ADJ,AAMS4----1A----,amod,Acc,Masc,Sing,Anim,0.0861115892194498,O
činitele,NOUN,NNMS4-----A----,obj,Acc,Masc,Sing,Anim,0.0341293114143756,O
.,PUNCT,Z:-------------,punct,,,,,-0.1681984613945507,O
Je,AUX,VB-S---3P-AAI--,cop,,,Sing,,0.1385744237339975,O
to,DET,PDNS1----------,root,Nom,Neut,Sing,,0.3261945115992753,O
získat,VERB,Vf--------A-P--,csubj,,,,,-0.358114579560689,O
informace,NOUN,NNFP4-----A----,obj,Acc,Fem,Plur,,0.0478901152289377,O
.,PUNCT,Z:-------------,punct,,,,,0.1347199187647192,O
Přežití,NOUN,NNNS1-----A----,nsubj,Nom,Neut,Sing,,0.2720564840110865,O
bez,ADP,RR--2----------,case,Gen,,,,0.0973796243727342,O
progrese,NOUN,NNFS2-----A----,nmod,Gen,Fem,Sing,,0.0014100502039968,O
bylo,AUX,VpNS----R-AAI--,cop,,Neut,Sing,,-0.0330183839162297,O
85,NUM,C=-------------,root,,,,,-0.0384961119763868,B-nc
%,SYM,Z:-------------,nmod,,,,,0.0708684134432618,O
ve,ADP,RV--6----------,case,Loc,,,,-0.0202591359805883,O
skupině,NOUN,NNFS6-----A----,obl,Loc,Fem,Sing,,0.1516217141794154,O
radioterapie,NOUN,NNFS2-----A----,nmod,Gen,Fem,Sing,,0.0408387608638876,O
a,CCONJ,J^-------------,cc,,,,,-0.0271676473651611,O
88,NUM,C=-------------,conj,,,,,0.1340104035647504,B-nc
%,SYM,Z:-------------,nmod,,,,,0.1239666294484075,O
ve,ADP,RV--6----------,case,Loc,,,,0.1022783843895701,O
skupině,NOUN,NNFS6-----A----,orphan,Loc,Fem,Sing,,0.1159335987400219,O
standardní,ADJ,AAFS2----1A----,amod,Gen,Fem,Sing,,0.0218860441865084,O
péče,NOUN,NNFS2-----A----,nmod,Gen,Fem,Sing,,-0.533389715125563,O
.,PUNCT,Z:-------------,punct,,,,,0.4448430651186699,O
Ve,ADP,RV--4----------,case,Acc,,,,0.0896180049899317,O
čtvrtek,NOUN,NNIS4-----A----,obl,Acc,Masc,Sing,Inan,-0.0011756833928833,O
zaznamenala,VERB,VpQW----R-AAP--,root,,"Fem,Neut","Plur,Sing",,0.0649953211147883,O
největší,ADJ,AAIS4----3A----,amod,Acc,Masc,Sing,Inan,-0.0151463087855324,O
denní,ADJ,AAIS4----1A----,amod,Acc,Masc,Sing,Inan,0.120780168103908,O
nárůst,NOUN,NNIS4-----A----,obj,Acc,Masc,Sing,Inan,0.2907072583972079,O
infekcí,NOUN,NNFP2-----A----,nmod,Gen,Fem,Plur,,0.1875954824203794,O
od,ADP,RR--2----------,case,Gen,,,,-0.0132253172331137,O
doby,NOUN,NNFS2-----A----,obl,Gen,Fem,Sing,,0.1026257529098542,O
",",PUNCT,Z:-------------,punct,,,,,0.383286590910424,O
kdy,ADV,Db-------------,advmod,,,,,-0.2512640564249448,O
skončilo,VERB,VpNS----R-AAP--,acl:relcl,,Neut,Sing,,-0.0467158579598517,O
její,DET,P9ZS1FS3-------,det,Nom,"Masc,Neut",Sing,,-0.3731415332922732,O
uzavření,NOUN,NNNS1-----A----,nsubj,Nom,Neut,Sing,,-0.0079396810312076,O
.,PUNCT,Z:-------------,punct,,,,,0.5578420776029384,O
Tato,DET,PDFS1----------,det,Nom,Fem,Sing,,-0.0161666460994337,O
stávka,NOUN,NNFS1-----A----,nsubj,Nom,Fem,Sing,,-0.0209018632986169,O
bude,AUX,VB-S---3F-AAI--,aux,,,Sing,,0.0104351139843982,O
mít,VERB,Vf--------A-I--,ccomp,,,,,-0.0003329403534095,O
mnoho,DET,Ca--4----------,det:numgov,Acc,,,,0.0212598272823329,O
efektů,NOUN,NNIP2-----A----,obj,Gen,Masc,Plur,Inan,0.0461507730399768,O
",",PUNCT,Z:-------------,punct,,,,,-0.0016708558621517,O
když,SCONJ,"J,-------------",mark,,,,,-0.0324249311524761,O
se,PRON,P7-X4----------,expl:pv,Acc,,,,-0.0111900658001385,O
lidé,NOUN,NNMP1-----A----,nsubj,Nom,Masc,Plur,Anim,0.0145350377461169,O
budou,AUX,VB-P---3F-AAI--,aux,,,Plur,,0.0161664500371645,O
stále,ADV,Dg-------1A----,advmod,,,,,0.015350086897459,O
objevovat,VERB,Vf--------A-I--,advcl,,,,,0.0540367622942593,O
",",PUNCT,Z:-------------,punct,,,,,0.0096945505721104,O
nejen,ADV,Db-------------,advmod:emph,,,,,0.0188357838551215,O
dnes,ADV,Db-------------,advmod,,,,,-0.0253867509534079,O
",",PUNCT,Z:-------------,punct,,,,,-0.6425602272314958,O
ale,CCONJ,J^-------------,cc,,,,,0.6808750152222955,O
také,ADV,Db-------------,advmod:emph,,,,,0.0003398386310972,O
v,ADP,RR--6----------,case,Loc,,,,0.129353827465578,O
budoucnu,NOUN,NNNS6-----A----,conj,Loc,Neut,Sing,,0.119353912811755,O
a,CCONJ,J^-------------,cc,,,,,0.0574086554900506,O
uvidíme,VERB,VB-P---1P-AAP--,conj,,,Plur,,0.0188404991244153,O
různé,ADJ,AAIP4----1A----,amod,Acc,Masc,Plur,Inan,-0.0101642239871577,O
druhy,NOUN,NNIP4-----A----,obj,Acc,Masc,Plur,Inan,-0.0071118299945519,O
lidí,NOUN,NNMP2-----A----,nmod,Gen,Masc,Plur,Anim,-0.0150992175095579,O
ze,ADP,RV--2----------,case,Gen,,,,0.0067046788475888,O
všech,DET,PLXP2----------,det,Gen,,Plur,,-0.0248565206024419,O
oblastí,NOUN,NNFP2-----A----,nmod,Gen,Fem,Plur,,0.0163238450923023,O
života,NOUN,NNIS2-----A----,nmod,Gen,Masc,Sing,Inan,-0.0547636469511063,O
",",PUNCT,Z:-------------,punct,,,,,-0.014734530568893,O
řekl,VERB,VpYS----R-AAP--,root,,Masc,Sing,,-0.014605589471748,O
protestant,NOUN,NNMS1-----A----,nsubj,Nom,Masc,Sing,Anim,0.000955431239791,O
Reinder,PROPN,NNMS1-----A----,flat,Nom,Masc,Sing,Anim,-0.0003023832473686,B-P|B-pf
Rustema,PROPN,NNMS1-----A----,flat,Nom,Masc,Sing,Anim,-0.0035028486218801,I-P|B-ps
.,PUNCT,Z:-------------,punct,,,,,0.0176799736587849,O
Geometrie,NOUN,NNFP1-----A----,nsubj,Nom,Fem,Plur,,0.2626869458905457,O
by,AUX,Vc----------I--,aux,,,,,-0.0289633247671918,O
mohly,VERB,VpTP----R-AAI--,root,,"Fem,Masc",Plur,Inan,0.1082208544761893,O
být,AUX,Vf--------A-I--,aux:pass,,,,,0.0540513605458791,O
také,ADV,Db-------------,advmod,,,,,0.1071481221858948,O
použity,ADJ,VsTP----X-APP--,ccomp,,"Fem,Masc",Plur,Inan,0.1090766506487145,O
v,ADP,RR--6----------,case,Loc,,,,0.3512882115973673,O
nových,ADJ,AAIP6----1A----,amod,Loc,Masc,Plur,Inan,0.0067580427483578,O
architektonických,ADJ,AAIP6----1A----,amod,Loc,Masc,Plur,Inan,0.1389502004355759,O
návrzích,NOUN,NNIP6-----A----,obl,Loc,Masc,Plur,Inan,0.0835398467651244,O
v,ADP,RR--6----------,case,Loc,,,,0.2795062658280463,O
budovách,NOUN,NNFP6-----A----,nmod,Loc,Fem,Plur,,0.0599813232538702,O
a,CCONJ,J^-------------,cc,,,,,0.2780384330627558,O
stavebnictví,NOUN,NNNS6-----A----,conj,Loc,Neut,Sing,,0.3050339990582552,O
.,PUNCT,Z:-------------,punct,,,,,0.2887087998790245,O
Západně,ADV,Dg-------1A----,root,,,,,0.1447770240121661,O
od,ADP,RR--2----------,case,Gen,,,,-0.0958603559422933,O
Susanville,PROPN,NNNXX-----A----,obl,,Neut,,,-0.0273477173171818,B-gu
",",PUNCT,Z:-------------,punct,,,,,-0.0578273233308129,O
menší,ADJ,AAIS1----2A----,amod,Nom,Masc,Sing,Inan,0.0296642495008472,O
požár,NOUN,NNIS1-----A----,nsubj,Nom,Masc,Sing,Inan,0.0685639359681257,O
známý,ADJ,AAIS1----1A----,amod,Nom,Masc,Sing,Inan,-0.0327327309354646,O
jako,SCONJ,"J,-------------",mark,,,,,0.11538221305913,O
Hog,X,F%-------------,nmod,,,,,0.0243600772413384,B-o_
požár,NOUN,NNIS1-----A----,advcl,Nom,Masc,Sing,Inan,0.0264800321403535,I-o_
zničil,VERB,VpYS----R-AAP--,conj,,Masc,Sing,,0.0846883873471086,O
dvě,NUM,CnHP4----------,nummod,Acc,"Fem,Neut",Plur,,-0.0869101600740401,O
stavby,NOUN,NNFP4-----A----,obj,Acc,Fem,Plur,,0.0538988887334796,O
a,CCONJ,J^-------------,cc,,,,,0.3981259420135296,O
spotřeboval,VERB,VpYS----R-AAP--,conj,,Masc,Sing,,0.209105366142274,O
asi,PART,TT-------------,advmod:emph,,,,,0.0828002215453211,O
10,NUM,C=-------------,nummod:gov,,,,,-0.0776359490334313,B-nc
000,NUM,C=-------------,nummod:gov,,,,,0.1027056687804792,I-nc
akrů,NOUN,NNIP2-----A----,obj,Gen,Masc,Plur,Inan,0.0473287011862047,O
.,PUNCT,Z:-------------,punct,,,,,-0.7725238135734487,O
Německý,ADJ,AAIS1----1A----,amod,Nom,Masc,Sing,Inan,0.4011300582347173,O
regulátor,NOUN,NNIS1-----A----,nsubj,Nom,Masc,Sing,Inan,-0.0024719120620676,O
pozastavil,VERB,VpYS----R-AAP--,root,,Masc,Sing,,0.1664475133927099,O
schvalovací,ADJ,AANS4----1A----,amod,Acc,Neut,Sing,,-0.063075718162871,O
řízení,NOUN,NNNS4-----A----,obj,Acc,Neut,Sing,,-0.0215998232938871,O
pro,ADP,RR--4----------,case,Acc,,,,0.4283022489608019,O
dokončený,ADJ,AAIS4----1A----,amod,Acc,Masc,Sing,Inan,0.0234903666952464,O
plynovod,NOUN,NNIS4-----A----,nmod,Acc,Masc,Sing,Inan,0.5137118134809322,O
kvůli,ADP,RR--3----------,case,Dat,,,,0.0634778286338758,O
právním,ADJ,AAIP3----1A----,amod,Dat,Masc,Plur,Inan,0.0801980799651763,O
problémům,NOUN,NNIP3-----A----,obl,Dat,Masc,Plur,Inan,-0.0352958813474734,O
.,PUNCT,Z:-------------,punct,,,,,0.4179608964128697,O
Muž,NOUN,NNMS1-----A----,nsubj,Nom,Masc,Sing,Anim,-0.1560444252726391,O
ze,ADP,RV--2----------,case,Gen,,,,0.1112309088780855,O
Severní,ADJ,AAFS2----1A----,amod,Gen,Fem,Sing,,0.1896931755780358,B-gr
Karolíny,PROPN,NNFS2-----A----,nmod,Gen,Fem,Sing,,0.1347759652460228,I-gr
vyhrál,VERB,VpYS----R-AAP--,root,,Masc,Sing,,-0.108619987868341,O
pětkrát,ADV,Cv-------------,obl,,,,,0.1362653510092927,O
ve,ADP,RV--6----------,case,Loc,,,,0.0465349209081204,O
stejné,ADJ,AAFS6----1A----,amod,Loc,Fem,Sing,,-0.0710597400020644,O
loterii,NOUN,NNFS6-----A----,obl,Loc,Fem,Sing,,-0.0230430753188782,O
kreslení,NOUN,NNNS4-----A----,nmod,Acc,Neut,Sing,,-0.0097516797723925,O
",",PUNCT,Z:-------------,punct,,,,,0.4240306369777754,O
včetně,ADP,RR--2----------,case,Gen,,,,0.2099334961907313,O
$,SYM,Z:-------------,advmod,,,,,0.259224851272654,O
163,NUM,C=-------------,nummod,,,,,0.1622093031247727,B-nc
",",PUNCT,Z:-------------,punct,,,,,0.1428552015697038,I-nc
634,NUM,C=-------------,conj,,,,,0.1418386074828786,I-nc
jackpot,NOUN,NNIS4-----A----,obj,Acc,Masc,Sing,Inan,0.0912359457193159,O
.,PUNCT,Z:-------------,punct,,,,,-0.6016207833181546,O
Růžová,ADJ,AAFS1----1A----,amod,Nom,Fem,Sing,,0.0432624939362031,O
deka,NOUN,NNFS1-----A----,nsubj,Nom,Fem,Sing,,0.0238895298336428,O
se,PRON,P7-X4----------,expl:pv,Acc,,,,0.0110667797529555,O
hodí,VERB,VB-S---3P-AAI--,root,,,Sing,,-0.0822041713507572,O
ke,ADP,RV--3----------,case,Dat,,,,-0.0785693895233979,O
všemu,DET,PLZS3----------,obl,Dat,"Masc,Neut",Sing,,-0.0478284265147769,O
:,PUNCT,Z:-------------,punct,,,,,0.0913197313974117,O
Klasika,NOUN,NNFS1-----A----,appos,Nom,Fem,Sing,,0.0008681679766242,B-oa
Jane,PROPN,NNFXX-----A----,nmod,,Fem,,,-0.0931608131214217,I-oa|B-P|B-pf
Austenové,PROPN,NNFS2-----A----,flat,Gen,Fem,Sing,,-0.0091859412954786,I-oa|I-P|B-ps
",",PUNCT,Z:-------------,punct,,,,,0.1103878507289708,O
podivný,ADJ,AAIS1----1A----,amod,Nom,Masc,Sing,Inan,0.047394698249298,O
romcom,NOUN,NNIS1-----A----,conj,Nom,Masc,Sing,Inan,0.0262639888048444,O
pro,ADP,RR--4----------,case,Acc,,,,0.069384849959218,O
mladé,ADJ,AAMP4----1A----,amod,Acc,Masc,Plur,Anim,0.0117777470327929,O
dospělé,NOUN,NNMP4-----A----,nmod,Acc,Masc,Plur,Anim,0.0337378479347023,O
",",PUNCT,Z:-------------,punct,,,,,0.1046220802381259,O
fantasy,NOUN,AAXXX----1A----,nmod,,,,,-0.0174122701241189,O
román,NOUN,NNIS1-----A----,conj,Nom,Masc,Sing,Inan,-0.1125179411736549,O
Šest,NUM,Cl-S1----------,nummod:gov,Nom,,Sing,,0.0370629253593754,B-oa
vrán,NOUN,NNFP2-----A----,nmod,Gen,Fem,Plur,,0.0347050157761276,I-oa
.,PUNCT,Z:-------------,punct,,,,,0.0570705884747084,O
Verze,NOUN,NNFS1-----A----,nsubj,Nom,Fem,Sing,,0.0501704684178921,O
Jordana,PROPN,NNMS2-----A----,nmod,Gen,Masc,Sing,Anim,0.0393635373123547,B-P|B-pf
Hickeyho,PROPN,NNMS2-----A----,flat,Gen,Masc,Sing,Anim,0.0962309958345512,I-P|B-ps
je,AUX,VB-S---3P-AAI--,cop,,,Sing,,-0.1019140736027358,O
háčkovaná,ADJ,AAFS1----1A----,root,Nom,Fem,Sing,,0.0342467053885871,O
",",PUNCT,Z:-------------,punct,,,,,0.0316711303945306,O
vyrobená,ADJ,AAFS1----1A----,conj,Nom,Fem,Sing,,-0.0173295105862721,O
její,DET,P9FXXFS3-------,det,,Fem,,,-0.0136210370097031,O
babičkou,NOUN,NNFS7-----A----,obl:arg,Ins,Fem,Sing,,0.0701477456301514,O
",",PUNCT,Z:-------------,punct,,,,,0.0056644390869079,O
a,CCONJ,J^-------------,cc,,,,,0.0144299977554104,O
objevuje,VERB,VB-S---3P-AAI--,conj,,,Sing,,0.0823482445839355,O
se,PRON,P7-X4----------,expl:pv,Acc,,,,0.0828970412004649,O
na,ADP,RR--6----------,case,Loc,,,,0.0026172987700354,O
většině,NOUN,NNFS6-----A----,obl,Loc,Fem,Sing,,-0.0011461274195406,O
fotografií,NOUN,NNFP2-----A----,nmod,Gen,Fem,Plur,,-0.0230770085698229,O
na,ADP,RR--6----------,case,Loc,,,,-0.006120246369033,O
jejím,DET,P9ZS6FS3-------,det,Loc,"Masc,Neut",Sing,,0.0266898976822469,O
instagramovém,ADJ,AAIS6----1A----,amod,Loc,Masc,Sing,Inan,-0.0215453290466282,O
účtu,NOUN,NNIS6-----A----,nmod,Loc,Masc,Sing,Inan,-0.0730724418848434,O
pagetravels,X,F%-------------,nmod,,,,,-0.0022281456352791,O
",",PUNCT,Z:-------------,punct,,,,,0.0436663164013739,O
kde,ADV,Db-------------,advmod,,,,,-0.0801709311751941,O
je,AUX,VB-S---3P-AAI--,aux:pass,,,Sing,,-0.1165492856208745,O
spárována,ADJ,VsQW----X-API--,amod,,"Fem,Neut","Plur,Sing",,0.0207182732484285,O
s,ADP,RR--7----------,case,Ins,,,,-0.0122363356755815,O
různými,ADJ,AAFP7----1A----,amod,Ins,Fem,Plur,,0.0003159925915541,O
knihami,NOUN,NNFP7-----A----,obl:arg,Ins,Fem,Plur,,0.0382388126940739,O
",",PUNCT,Z:-------------,punct,,,,,0.0098244694103277,O
aby,AUX,Vc-------------,aux,,,,,0.0389938973134345,O
evokovala,VERB,VpQW----R-AAB--,advcl,,"Fem,Neut","Plur,Sing",,0.0916247644381482,O
pocit,NOUN,NNIS4-----A----,obj,Acc,Masc,Sing,Inan,-0.0297758058896027,O
dráždivé,ADJ,AAFS2----1A----,amod,Gen,Fem,Sing,,0.0191858015302722,O
útulnosti,NOUN,NNFS2-----A----,nmod,Gen,Fem,Sing,,0.0744738001465304,O
.,PUNCT,Z:-------------,punct,,,,,0.0097256836089356,O
Nechtěla,VERB,VpQW----R-NAI--,root,,"Fem,Neut","Plur,Sing",,-0.016213570333182,O
byste,AUX,Vc----------Ie-,aux,,,Plur,,0.0716175749415014,O
tu,ADV,Db-------------,advmod,,,,,-0.0669954989221758,O
být,AUX,Vf--------A-I--,xcomp,,,,,0.0339717874286673,O
právě,ADV,Db-------------,advmod:emph,,,,,0.0194529010394181,O
teď,ADV,Db-------------,advmod,,,,,0.0555208652749215,O
",",PUNCT,Z:-------------,punct,,,,,0.194676636268697,O
naznačují,VERB,VB-P---3P-AAI--,parataxis,,,Plur,,0.0472301148068887,O
její,DET,P9FXXFS3-------,det,,Fem,,,0.0141067293227467,O
fotografie,NOUN,NNFS1-----A----,nsubj,Nom,Fem,Sing,,0.1024499138905576,O
",",PUNCT,Z:-------------,punct,,,,,0.005096078070207,O
přitulená,ADJ,AAFS1----1A----,amod,Nom,Fem,Sing,,0.1065891286189693,O
k,ADP,RR--3----------,case,Dat,,,,-0.1018053418226961,O
této,DET,PDFS3----------,det,Dat,Fem,Sing,,0.0320834771334312,O
dece,NOUN,NNFS3-----A----,obl,Dat,Fem,Sing,,-0.0186992886531391,O
a,CCONJ,J^-------------,cc,,,,,0.1211587893480282,O
hrnku,NOUN,NNIS3-----A----,conj,Dat,Masc,Sing,Inan,0.0420267585171506,O
kávy,NOUN,NNFS2-----A----,nmod,Gen,Fem,Sing,,-0.0821316492757254,O
",",PUNCT,Z:-------------,punct,,,,,-0.0180676420285832,O
s,ADP,RR--7----------,case,Ins,,,,0.0038651576844554,O
ničím,PRON,PY--7----------,obl,Ins,,,,-0.0144513677826588,O
jiným,ADJ,AANS7----1A----,amod,Ins,Neut,Sing,,-0.0090723193784397,O
na,ADP,RR--6----------,case,Loc,,,,0.058802186081865,O
vašem,DET,PSZS6-P2-------,det,Loc,"Masc,Neut",Sing,,-0.0069076395204496,O
seznamu,NOUN,NNIS6-----A----,obl,Loc,Masc,Sing,Inan,0.0542282152486442,O
úkolů,NOUN,NNIP2-----A----,nmod,Gen,Masc,Plur,Inan,-0.0099498832118532,O
",",PUNCT,Z:-------------,punct,,,,,0.0104537523907904,O
kromě,ADP,RR--2----------,case,Gen,,,,-0.0358984636088408,O
čtení,NOUN,NNNS2-----A----,nmod,Gen,Neut,Sing,,-0.0107297990778518,O
nového,ADJ,AAIS2----1A----,amod,Gen,Masc,Sing,Inan,-0.0488285628755879,O
románu,NOUN,NNIS2-----A----,nmod,Gen,Masc,Sing,Inan,0.0599554119752965,O
Frankly,X,F%-------------,nmod,,,,,0.0449359760996668,B-oa
In,X,F%-------------,flat:foreign,,,,,-0.0706854815451955,I-oa
Love,X,F%-------------,flat:foreign,,,,,-0.0286677621985121,I-oa
",",PUNCT,Z:-------------,punct,,,,,0.0466417940420175,O
který,DET,P4YS1----------,nsubj,Nom,Masc,Sing,,0.0579285554825095,O
vychází,VERB,VB-S---3P-AAI--,acl:relcl,,,Sing,,0.0373300052151048,O
dnes,ADV,Db-------------,advmod,,,,,0.0220773546551739,O
?,PUNCT,Z:-------------,punct,,,,,-0.3003356597833901,O
Nemluvila,VERB,VpQW----R-NAI--,ccomp,,"Fem,Neut","Plur,Sing",,0.1207513104658893,O
o,ADP,RR--6----------,case,Loc,,,,-0.1062535251113682,O
tom,DET,PDZS6----------,obl:arg,Loc,"Masc,Neut",Sing,,-0.1715164080152721,O
",",PUNCT,Z:-------------,punct,,,,,-0.0620415091051237,O
že,SCONJ,"J,-------------",mark,,,,,0.1583437574570267,O
je,AUX,VB-S---3P-AAI--,acl,,,Sing,,-0.0776445071144154,O
z,ADP,RR--2----------,case,Gen,,,,0.090434665003125,O
královského,ADJ,AAIS2----1A----,amod,Gen,Masc,Sing,Inan,-0.0738806708758654,O
rodu,NOUN,NNIS2-----A----,obl,Gen,Masc,Sing,Inan,0.0047159452116,O
",",PUNCT,Z:-------------,punct,,,,,0.1257239708080191,O
ale,CCONJ,J^-------------,cc,,,,,-0.1025227495682148,O
o,ADP,RR--6----------,case,Loc,,,,0.0426864071520359,O
životě,NOUN,NNIS6-----A----,conj,Loc,Masc,Sing,Inan,0.0565607994614303,O
obecně,ADV,Dg-------1A----,advmod,,,,,-0.1294742665700399,O
",",PUNCT,Z:-------------,punct,,,,,-0.0123505681627964,O
když,SCONJ,"J,-------------",mark,,,,,-0.0793240523434467,O
má,VERB,VB-S---3P-AAI--,acl,,,Sing,,0.1307653010915197,O
člověk,NOUN,NNMS1-----A----,nsubj,Nom,Masc,Sing,Anim,0.0524648450033883,O
problémy,NOUN,NNIP4-----A----,obj,Acc,Masc,Plur,Inan,-0.0631742155933714,O
",",PUNCT,Z:-------------,punct,,,,,0.2188487396942353,O
“,PUNCT,Z:-------------,punct,,,,,-0.1797860372456708,O
dodala,VERB,VpQW----R-AAP--,root,,"Fem,Neut","Plur,Sing",,0.0110392473521527,O
Modise,PROPN,NNFS1-----A----,nsubj,,Fem,,,-0.0449611196958581,B-pf
a,CCONJ,J^-------------,cc,,,,,-0.0898326894675443,O
připustila,VERB,VpQW----R-AAP--,conj,,"Fem,Neut","Plur,Sing",,-0.1210830298079252,O
",",PUNCT,Z:-------------,punct,,,,,0.2145132185237798,O
že,SCONJ,"J,-------------",mark,,,,,-0.0124603574113775,O
ji,PRON,PEFS4--3-------,obj,Acc,Fem,Sing,,0.1123127302740166,O
Meghan,PROPN,NNFXX-----A----,nsubj,,Fem,,,0.1885832328805967,B-pf
trochu,ADV,Db-------------,advmod,,,,,0.133296423467025,O
",",PUNCT,Z:-------------,punct,,,,,0.040634939592019,O
ohromila,VERB,VpQW----R-AAP--,ccomp,,"Fem,Neut","Plur,Sing",,0.3030205258293533,O
',PUNCT,Z:-------------,punct,,,,,-0.011898557762521,O
.,PUNCT,Z:-------------,punct,,,,,0.1582160013339155,O
Zdroje,NOUN,NNIP1-----A----,nsubj,Nom,Masc,Plur,Inan,0.0512097926575283,O
uvedly,VERB,VpTP----R-AAP--,root,,"Fem,Masc",Plur,Inan,0.0165738871241868,O
",",PUNCT,Z:-------------,punct,,,,,0.06210055184221,O
že,SCONJ,"J,-------------",mark,,,,,-0.0087019730575205,O
akce,NOUN,NNFS1-----A----,nsubj,Nom,Fem,Sing,,-0.0604010886830748,O
byla,AUX,VpQW----R-AAI--,ccomp,,"Fem,Neut","Plur,Sing",,-0.081590478511091,O
v,ADP,RR--6----------,case,Loc,,,,-0.003635115980313,O
souladu,NOUN,NNIS6-----A----,fixed,Loc,Masc,Sing,Inan,0.022146120547012,O
s,ADP,RR--7----------,fixed,Ins,,,,0.0656707597905028,O
projevem,NOUN,NNIS7-----A----,obl,Ins,Masc,Sing,Inan,0.6944669763428178,O
premiéra,NOUN,NNMS2-----A----,nmod,Gen,Masc,Sing,Anim,0.0510171541258265,O
Naréndry,PROPN,NNMS2-----A----,flat,Gen,Masc,Sing,Anim,0.0263055328598159,B-P|B-pf
Módího,PROPN,NNMS2-----A----,flat,Gen,Masc,Sing,Anim,0.0216054315583891,I-P|B-ps
k,ADP,RR--3----------,case,Dat,,,,0.0094601072290965,O
národu,NOUN,NNIS3-----A----,nmod,Dat,Masc,Sing,Inan,-0.009014550338915,O
z,ADP,RR--2----------,case,Gen,,,,0.0512020691838597,O
hradeb,NOUN,NNFP2-----A----,nmod,Gen,Fem,Plur,,0.0148115904948884,O
Červené,ADJ,AAFS2----1A----,amod,Gen,Fem,Sing,,0.0550374864161048,B-oa
pevnosti,NOUN,NNFS2-----A----,nmod,Gen,Fem,Sing,,0.0661710678113681,I-oa
",",PUNCT,Z:-------------,punct,,,,,0.0770954259499139,O
když,SCONJ,"J,-------------",mark,,,,,0.0451695652806119,O
řekl,VERB,VpYS----R-AAP--,advcl,,Masc,Sing,,-0.0209269448077075,O
",",PUNCT,Z:-------------,punct,,,,,-0.0202218350528087,O
že,SCONJ,"J,-------------",mark,,,,,0.0759203967672724,O
některé,DET,PZFP1----------,det,Nom,Fem,Plur,,-0.0134581165570252,O
černé,ADJ,AAFP1----1A----,amod,Nom,Fem,Plur,,-0.011715984477861,O
ovce,NOUN,NNFP1-----A----,nsubj,Nom,Fem,Plur,,0.0959447933796108,O
v,ADP,RR--6----------,case,Loc,,,,-0.0701999777461482,O
daňové,ADJ,AAFS6----1A----,amod,Loc,Fem,Sing,,-0.0237522451939334,O
správě,NOUN,NNFS6-----A----,nmod,Loc,Fem,Sing,,0.0014552610393094,O
mohly,VERB,VpTP----R-AAI--,ccomp,,"Fem,Masc",Plur,Inan,-0.0153048728231515,O
zneužít,VERB,Vf--------A-P--,xcomp,,,,,0.1422343515508564,O
své,DET,P8FS2---------1,det,Gen,Fem,Sing,,-0.1156701439013118,O
pravomoci,NOUN,NNFS2-----A----,obl:arg,Gen,Fem,Sing,,0.0168061339191179,O
a,CCONJ,J^-------------,cc,,,,,0.0107866797903259,O
obtěžovat,VERB,Vf--------A-I--,conj,,,,,0.0150151062652957,O
daňové,ADJ,AAMP4----1A----,amod,Acc,Masc,Plur,Anim,0.0103874486499196,O
poplatníky,NOUN,NNMP4-----A----,obj,Acc,Masc,Plur,Anim,0.1513414825482907,O
",",PUNCT,Z:-------------,punct,,,,,0.0382715112069662,O
a,CCONJ,J^-------------,cc,,,,,0.0555298641388683,O
to,PART,PDNS4----------,fixed,,,,,0.0079342101047032,O
buď,CCONJ,J^-------------,cc,,,,,-0.015076475418814,O
tím,DET,PDZS7----------,obl,Ins,"Masc,Neut",Sing,,0.0368077901607398,O
",",PUNCT,Z:-------------,punct,,,,,0.0059216265447924,O
že,SCONJ,"J,-------------",mark,,,,,0.0033832971164513,O
se,PRON,P7-X4----------,expl:pv,Acc,,,,-0.0017302005557972,O
zaměřily,VERB,VpTP----R-AAP--,acl,,"Fem,Masc",Plur,Inan,0.0729920910316822,O
na,ADP,RR--4----------,case,Acc,,,,0.0402228457880733,O
poctivé,ADJ,AANS4----1A----,amod,Acc,Neut,Sing,,0.1822059809874833,O
hodnocení,NOUN,NNNS4-----A----,obl:arg,Acc,Neut,Sing,,-0.0207796104971336,O
",",PUNCT,Z:-------------,punct,,,,,0.062067358927823,O
nebo,CCONJ,J^-------------,cc,,,,,0.115127997410884,O
podnikly,VERB,VpTP----R-AAP-1,conj,,"Fem,Masc",Plur,Inan,0.0772265733632993,O
nadměrné,ADJ,AAIP4----1A----,amod,Acc,Masc,Plur,Inan,0.1068884756669573,O
kroky,NOUN,NNIP4-----A----,obj,Acc,Masc,Plur,Inan,0.1778330564790672,O
za,ADP,RR--4----------,case,Acc,,,,0.0785594781039514,O
drobná,ADJ,AANP4----1A----,amod,Acc,Neut,Plur,,0.0248879848971338,O
či,CCONJ,J^-------------,cc,,,,,-0.0265727175183338,O
procedurální,ADJ,AANP4----1A----,conj,Acc,Neut,Plur,,0.0835954315181396,O
porušení,NOUN,NNNP4-----A----,nmod,Acc,Neut,Plur,,0.0329879588569924,O
.,PUNCT,Z:-------------,punct,,,,,0.1172335256882593,O
Téměř,ADV,Db-------------,advmod:emph,,,,,0.3192807704062065,O
polovina,NOUN,NNFS1-----A----,nsubj,Nom,Fem,Sing,,0.0272816552799739,O
úředníků,NOUN,NNMP2-----A----,nmod,Gen,Masc,Plur,Anim,-0.0197772654133353,O
ve,ADP,RV--6----------,case,Loc,,,,0.0114406637627092,O
výslužbě,NOUN,NNFS6-----A----,nmod,Loc,Fem,Sing,,-0.0097176026107948,O
byli,AUX,VpMP----R-AAI--,cop,,Masc,Plur,Anim,-0.0671627961454893,O
ti,DET,PDMP1----------,root,Nom,Masc,Plur,Anim,-0.0530625021357639,O
",",PUNCT,Z:-------------,punct,,,,,0.1698840394110092,O
kteří,DET,P4MP1----------,nsubj:pass,Nom,Masc,Plur,Anim,0.1952873904447067,O
byli,AUX,VpMP----R-AAI--,aux:pass,,Masc,Plur,Anim,0.0060298007507692,O
zatčeni,ADJ,VsMP----X-APP--,amod,,Masc,Plur,Anim,0.1959872252107407,O
CBI,NOUN,BNXXX-----A----,obj,,,,,0.055573975131977,B-io
pro,ADP,RR--4----------,case,Acc,,,,-0.4265536624489845,O
údajné,ADJ,AANS4----1A----,amod,Acc,Neut,Sing,,0.0088928118237676,O
přijetí,NOUN,NNNS4-----A----,obl,Acc,Neut,Sing,,-0.0832300330648107,O
nezákonného,ADJ,AANS2----1N----,amod,Gen,Neut,Sing,,0.0728140109148142,O
uspokojení,NOUN,NNNS2-----A----,nmod,Gen,Neut,Sing,,0.0293084417858077,O
.,PUNCT,Z:-------------,punct,,,,,0.0753480796830938,O
Jeden,NUM,CnYS1----------,nsubj:pass,Nom,Masc,Sing,,0.0283225617372965,O
z,ADP,RR--2----------,case,Gen,,,,-0.0108357614426144,O
nich,PRON,PEXP2--3-------,nmod,Gen,,Plur,,0.0608075706704653,O
byl,AUX,VpYS----R-AAI--,aux:pass,,Masc,Sing,,0.0606766845352504,O
chycen,ADJ,VsYS----X-APP--,root,,Masc,Sing,,0.0656729667161803,O
při,ADP,RR--6----------,case,Loc,,,,-0.089161002124787,O
přijímání,NOUN,NNNS6-----A----,obl,Loc,Neut,Sing,,0.0511302029089019,O
úplatku,NOUN,NNIS2-----A----,nmod,Gen,Masc,Sing,Inan,0.0269306197059684,O
15,NUM,C=-------------,nummod,,,,,-0.1332241505839169,B-nc
000,NUM,C=-------------,compound,,,,,0.0608410338766641,I-nc
Rs,NOUN,BNXXX-----A----,nmod,,,,,0.0810040983254859,B-om
.,PUNCT,Z:-------------,punct,,,,,0.0049524798742631,O
Jeden,NUM,CnYS1----------,nummod,Nom,Masc,Sing,,-0.1091743782485415,O
úředník,NOUN,NNMS1-----A----,nsubj,Nom,Masc,Sing,Anim,-0.0261620000452552,O
je,AUX,VB-S---3P-AAI--,cop,,,Sing,,0.0651665115464696,O
obviněn,ADJ,VsYS----X-APP--,root,,Masc,Sing,,0.0378923601506923,O
z,ADP,RR--2----------,case,Gen,,,,0.0635777215974164,O
toho,DET,PDZS2----------,obl:arg,Gen,"Masc,Neut",Sing,,0.1355698555379748,O
",",PUNCT,Z:-------------,punct,,,,,0.2498838206056174,O
že,SCONJ,"J,-------------",mark,,,,,0.038408528546895,O
má,VERB,VB-S---3P-AAI--,acl,,,Sing,,0.0298928393829898,O
majetek,NOUN,NNIS4-----A----,obj,Acc,Masc,Sing,Inan,-0.0293444659483317,O
nepřiměřený,ADJ,AAIS4----1N----,amod,Acc,Masc,Sing,Inan,0.0419769429369851,O
jeho,DET,P9XXXZS3-------,det,,,,,-0.0380831077363596,O
známému,ADJ,AAIS3----1A----,amod,Dat,Masc,Sing,Inan,0.077335276956742,O
zdroji,NOUN,NNIS3-----A----,obl:arg,Dat,Masc,Sing,Inan,-0.0176062869365601,O
příjmů,NOUN,NNIP2-----A----,nmod,Gen,Masc,Plur,Inan,0.0060470726857715,O
.,PUNCT,Z:-------------,punct,,,,,0.1906597691655103,O
Hlavní,ADJ,AAMS1----1A----,amod,Nom,Masc,Sing,Anim,0.875051091362627,O
ministr,NOUN,NNMS1-----A----,nsubj,Nom,Masc,Sing,Anim,-0.0124624954916512,O
Madhjapradéše,PROPN,NNIS2-----A----,nmod,Gen,Masc,Sing,Inan,0.0027010402096158,B-gc
Šivraj,PROPN,NNMS1-----A----,flat,Nom,Masc,Sing,Anim,0.0841115130790259,B-P|B-pf
Singh,PROPN,NNMS1-----A----,flat,Nom,Masc,Sing,Anim,-0.054318757807041,I-P|B-pm
Chouhan,PROPN,NNMS1-----A----,flat,Nom,Masc,Sing,Anim,0.0726848071530553,I-P|B-ps
",",PUNCT,Z:-------------,punct,,,,,0.0275051587244315,O
který,DET,P4YS1----------,nsubj,Nom,Masc,Sing,,-0.0043025068567934,O
v,ADP,RR--4----------,case,Acc,,,,-0.2558004493463287,O
sobotu,NOUN,NNFS4-----A----,obl,Acc,Fem,Sing,,-0.0113319145639673,O
potvrdil,VERB,VpYS----R-AAP--,acl:relcl,,Masc,Sing,,0.0175339462803426,O
",",PUNCT,Z:-------------,punct,,,,,0.0588258500280272,O
že,SCONJ,"J,-------------",mark,,,,,-0.0876802735609877,O
byl,AUX,VpYS----R-AAI--,aux:pass,,Masc,Sing,,-0.015147341560037,O
pozitivně,ADV,Dg-------1A----,advmod,,,,,-0.00907640534181,O
testován,ADJ,VsYS----X-API--,ccomp,,Masc,Sing,,-0.0138666862852243,O
na,ADP,RR--4----------,case,Acc,,,,-0.0144922759779841,O
COVID-19,NOUN,BNXXX-----A----,obl:arg,,,,,0.0748858272281347,B-o_
",",PUNCT,Z:-------------,punct,,,,,0.0553050929267378,O
v,ADP,RR--4----------,case,Acc,,,,0.0053886466673186,O
neděli,NOUN,NNFS4-----A----,obl,Acc,Fem,Sing,,-0.0517472341723101,O
ráno,ADV,Db-------------,advmod,,,,,-0.028914226826649,O
na,ADP,RR--6----------,case,Loc,,,,0.0184571958939076,O
Twitteru,PROPN,NNIS6-----A----,obl,Loc,Masc,Sing,Inan,0.0523253791739965,B-mn
napsal,VERB,VpYS----R-AAP--,root,,Masc,Sing,,-0.0276738370048275,O
",",PUNCT,Z:-------------,punct,,,,,0.0146423053669789,O
že,SCONJ,"J,-------------",mark,,,,,-0.0346341323010493,O
je,AUX,VB-S---3P-AAI--,ccomp,,,Sing,,-0.0157760581819806,O
"""",PUNCT,Z:-------------,punct,,,,,-0.08454602573956,O
"""",PUNCT,Z:-------------,punct,,,,,-0.0285435094590824,O
v,ADP,RR--6----------,case,Loc,,,,0.0669251854394471,O
pořádku,NOUN,NNIS6-----A----,obl,Loc,Masc,Sing,Inan,-0.0086512776265973,O
"""",PUNCT,Z:-------------,punct,,,,,-0.011551230305382,O
"""",PUNCT,Z:-------------,punct,,,,,0.0012045645719502,O
a,CCONJ,J^-------------,cc,,,,,0.0166028142074178,O
pochválil,VERB,VpYS----R-AAP--,conj,,Masc,Sing,,0.0841546991063912,O
pracovníky,NOUN,NNMP4-----A----,obj,Acc,Masc,Plur,Anim,-0.0227665154929658,O
v,ADP,RR--6----------,case,Loc,,,,-0.0287557534954923,O
první,ADJ,CrFS6----------,amod,Loc,Fem,Sing,,-0.0384891160463384,O
linii,NOUN,NNFS6-----A----,nmod,Loc,Fem,Sing,,-0.0132909487851745,O
ve,ADP,RV--6----------,case,Loc,,,,-0.0815319937650377,O
válce,NOUN,NNFS6-----A----,nmod,Loc,Fem,Sing,,0.0332169250503363,O
proti,ADP,RR--3----------,case,Dat,,,,0.0421598365019864,O
koronaviru,NOUN,NNIS3-----A----,nmod,Dat,Masc,Sing,Inan,0.0427337566034965,O
.,PUNCT,Z:-------------,punct,,,,,-0.0313716596591932,O
"""",PUNCT,Z:-------------,punct,,,,,0.1065507316707517,O
Trvalo,VERB,VpNS----R-AAI--,root,,Neut,Sing,,0.020733295902531,O
dva,NUM,CnYP4----------,nummod,Acc,Masc,Plur,,0.0524841034815663,O
týdny,NOUN,NNIP4-----A----,obl,Acc,Masc,Plur,Inan,-0.0028032676759562,O
",",PUNCT,Z:-------------,punct,,,,,0.1565418944235252,O
než,SCONJ,"J,-------------",mark,,,,,-0.3379252520958401,O
jsme,AUX,VB-P---1P-AAI--,aux,,,Plur,,0.1244639359311042,O
vyvinuli,VERB,VpMP----R-AAP--,advcl,,Masc,Plur,Anim,0.0653046595068251,O
a,CCONJ,J^-------------,cc,,,,,-0.4021620456177039,O
uvolnili,VERB,VpMP----R-AAP--,conj,,Masc,Plur,Anim,0.0142051975637715,O
opravu,NOUN,NNFS4-----A----,obj,Acc,Fem,Sing,,0.1776891250641611,O
.,PUNCT,Z:-------------,punct,,,,,0.1856948696854854,O
Ve,ADP,RV--6----------,case,Loc,,,,0.7910261227332894,O
dne,NOUN,NNIS6-----A----,obl,Loc,Masc,Sing,Inan,-0.0906942285602477,O
",",PUNCT,Z:-------------,punct,,,,,0.075461464307261,O
s,ADP,RR--7----------,case,Ins,,,,0.1370234495582163,O
teplotami,NOUN,NNFP7-----A----,appos,Ins,Fem,Plur,,-0.0024416094862616,O
nad,ADP,RR--4----------,case,Acc,,,,-0.1738336971553509,O
90,NUM,C=-------------,nummod:gov,,,,,0.0438082345510668,B-nc
stupňů,NOUN,NNIP2-----A----,nmod,Gen,Masc,Plur,Inan,-0.0116461698603686,B-oe
v,ADP,RR--6----------,case,Loc,,,,0.2496214464268243,O
oblasti,NOUN,NNFS6-----A----,nmod,Loc,Fem,Sing,,-0.0296814123907543,O
Susanville,PROPN,NNNXX-----A----,nmod,,Neut,,,0.1026254453158147,B-gu
",",PUNCT,Z:-------------,punct,,,,,0.0633335537245768,O
bylo,AUX,VpNS----R-AAI--,root,,Neut,Sing,,0.0772139168794589,O
riziko,NOUN,NNNS1-----A----,nsubj,Nom,Neut,Sing,,-0.0340978783515469,O
",",PUNCT,Z:-------------,punct,,,,,0.2428591959247575,O
že,SCONJ,"J,-------------",mark,,,,,0.1186708348708516,O
doutnající,ADJ,AGFP1-----A----,amod,Nom,Fem,Plur,,0.1405711274694595,O
skvrny,NOUN,NNFP1-----A----,nsubj,Nom,Fem,Plur,,0.1105977406210807,O
vyletí,VERB,VB-P---3P-AAP--,acl,,,Plur,,0.0705260555362943,O
nahoru,ADV,Db-------------,advmod,,,,,0.1464727073569416,O
.,PUNCT,Z:-------------,punct,,,,,-0.1464722373541652,O
Aby,AUX,Vc-------------,aux,,,,,-0.612176242265608,O
se,PRON,P7-X4----------,expl:pv,Acc,,,,-0.1520749032842148,O
dostal,VERB,VpYS----R-AAP--,advcl,,Masc,Sing,,0.0495265766073664,O
na,ADP,RR--4----------,case,Acc,,,,-0.095286800883919,O
první,ADJ,CrFP4----------,amod,Acc,Fem,Plur,,0.0415305927489,O
stránky,NOUN,NNFP4-----A----,obl,Acc,Fem,Plur,,-0.0469810777893063,O
",",PUNCT,Z:-------------,punct,,,,,0.1507889235995993,O
údajně,ADV,Dg-------1A----,advmod,,,,,0.0395733704557474,O
by,AUX,Vc----------I--,aux,,,,,-0.1396196624284357,O
si,PRON,P7--3----------,obl,Dat,,,,-0.0138092380051728,O
nasadil,VERB,VpYS----R-AAP--,root,,Masc,Sing,,0.2063049999678826,O
chirurgické,ADJ,AAFP4----1A----,amod,Acc,Fem,Plur,,0.0057661699194712,O
masky,NOUN,NNFP4-----A----,obj,Acc,Fem,Plur,,0.1960661794726941,O
a,CCONJ,J^-------------,cc,,,,,-0.0904465623237114,O
dal,VERB,VpYS----R-AAP--,conj,,Masc,Sing,,-0.055241791036921,O
by,AUX,Vc----------I--,aux,,,,,-0.0530589365475837,O
si,PRON,P7--3----------,obl,Dat,,,,-0.0455332763911323,O
pásku,NOUN,NNFS4-----A----,obj,Acc,Fem,Sing,,-0.1358473096486236,O
na,ADP,RR--4----------,case,Acc,,,,-0.1500378992416065,O
nos,NOUN,NNIS4-----A----,nmod,Acc,Masc,Sing,Inan,0.0185846927920247,O
",",PUNCT,Z:-------------,punct,,,,,0.3212197260213242,O
aby,AUX,Vc-------------,aux,,,,,0.1102207334994851,O
podnítil,VERB,VpYS----R-AAP--,advcl,,Masc,Sing,,0.0533204778606979,O
konverzaci,NOUN,NNFS4-----A----,obj,Acc,Fem,Sing,,0.316730268670618,O
.,PUNCT,Z:-------------,punct,,,,,0.1177977994221125,O
Poté,ADV,Db-------------,advmod,,,,,0.0131384755851116,O
",",PUNCT,Z:-------------,punct,,,,,0.0691430179485835,O
co,SCONJ,"J,-------------",mark,,,,,0.0562845204588695,O
dostal,VERB,VpYS----R-AAP--,advcl,,Masc,Sing,,-0.0951853715400494,O
slovo,NOUN,NNNS4-----A----,obj,Acc,Neut,Sing,,-0.041585329217403,O
od,ADP,RR--2----------,case,Gen,,,,-0.0567248163339061,O
ostatních,ADJ,AAIP2----1A----,amod,Gen,Masc,Plur,Inan,-0.013668051708431,O
týmů,NOUN,NNIP2-----A----,nmod,Gen,Masc,Plur,Inan,-0.0243819782187333,O
",",PUNCT,Z:-------------,punct,,,,,0.1456706026039387,O
že,SCONJ,"J,-------------",mark,,,,,-0.1379546022717027,O
postranní,ADJ,AAFP1----1A----,amod,Nom,Fem,Plur,,-0.0448497283706459,O
lavičky,NOUN,NNFP1-----A----,nsubj,Nom,Fem,Plur,,0.1314602753638936,O
na,ADP,RR--6----------,case,Loc,,,,-0.0886236252554842,O
FedEx,X,F%-------------,nmod,,,,,0.0837548045998281,B-ia
Field,X,F%-------------,flat:foreign,,,,,0.0777405388187264,I-ia
potřebují,VERB,VB-P---3P-AAI--,acl,,,Plur,,-0.0383032002322972,O
upgrade,NOUN,NNIS4-----A----,obj,Acc,Masc,Sing,Inan,0.0252864736621338,O
",",PUNCT,Z:-------------,punct,,,,,0.1554698670053151,O
Cowboys,X,F%-------------,nsubj,,,,,0.7772857030563831,B-ic
si,PRON,P7--3----------,obl,Dat,,,,-0.0018630151293417,O
pro,ADP,RR--4----------,case,Acc,,,,0.0387261085608253,O
tuto,DET,PDFS4----------,det,Acc,Fem,Sing,,-0.0242202123753824,O
hru,NOUN,NNFS4-----A----,obl,Acc,Fem,Sing,,0.0863381627882041,O
showdown,NOUN,NNIS4-----A----,obj,Acc,Masc,Sing,Inan,0.0587095389309863,O
přinesli,VERB,VpMP----R-AAP--,root,,Masc,Plur,Anim,-0.0002398451570233,O
vlastní,ADJ,AAFS4----1A----,xcomp,Acc,Fem,Sing,,0.0900846021574002,O
.,PUNCT,Z:-------------,punct,,,,,0.1276702069691547,O
200-Plus,NOUN,NNIS1-----A----,nsubj,Nom,Masc,Sing,Inan,0.0936567329990855,O
hasiči,NOUN,NNMP1-----A----,nsubj,Nom,Masc,Plur,Anim,0.1832051714138672,O
reagují,VERB,VB-P---3P-AAI--,root,,,Plur,,0.1527036715001056,O
na,ADP,RR--4----------,case,Acc,,,,-0.102523376749484,O
Karen,X,NNFXX-----A----,obl:arg,,,,,0.2008513532689601,B-oa
Fire,X,NNFXX-----A----,flat:foreign,,,,,0.0143309832910786,I-oa
Hořící,ADJ,AGFS4-----A----,amod,Acc,Masc,Sing,Inan,0.2549612633952128,I-oa
v,ADP,RR--6----------,case,Loc,,,,0.1041090530832367,I-oa
Jurupa,X,F%-------------,obl,,,,,0.0852626719233804,I-oa|B-gl
Valley,X,F%-------------,flat:foreign,,,,,0.2537156281505107,I-oa|I-gl
-,PUNCT,Z:-------------,punct,,,,,0.2358916684502694,I-oa
CBS,NOUN,BNXXX-----A----,appos,,,,,0.6504430983761051,I-oa
Los,X,F%-------------,nmod,,,,,0.3338315046843957,B-gu
Angeles,X,F%-------------,flat:foreign,,,,,-0.2055633157601698,I-gu
Pokud,SCONJ,"J,-------------",mark,,,,,0.1160449886736677,O
máte,VERB,VB-P---2P-AAI--,advcl,,,Plur,,-0.0099472618590031,O
špetku,NOUN,NNFS4-----A----,obj,Acc,Fem,Sing,,0.0815454814508991,O
slušnosti,NOUN,NNFS2-----A----,nmod,Gen,Fem,Sing,,0.1167173612967497,O
Jeremyho,PROPN,NNMS2-----A----,nmod,Gen,Masc,Sing,Anim,0.0449792772233309,B-P|B-pf
Corbyna,PROPN,NNMS2-----A----,flat,Gen,Masc,Sing,Anim,0.0128384680892483,I-P|B-ps
",",PUNCT,Z:-------------,punct,,,,,-0.0079385326680064,O
stáhnete,VERB,VB-P---2P-AAP--,root,,,Plur,,0.1743417414320381,O
toto,DET,PDNS4----------,det,Acc,Neut,Sing,,-0.0720291269940663,O
video,NOUN,NNNS4-----A----,obj,Acc,Neut,Sing,,0.0490440048215011,O
.,PUNCT,Z:-------------,punct,,,,,0.0815992850658114,O
“,PUNCT,Z:-------------,punct,,,,,0.108017948730921,O
Následuje,VERB,VB-S---3P-AAI--,root,,,Sing,,0.2257918035940523,O
spor,NOUN,NNIS1-----A----,nsubj,Nom,Masc,Sing,Inan,0.0542828230194799,O
o,ADP,RR--4----------,case,Acc,,,,0.0433418691019453,O
jazyk,NOUN,NNIS4-----A----,nmod,Acc,Masc,Sing,Inan,-0.1212102749120559,O
v,ADP,RR--6----------,case,Loc,,,,0.0134167765675479,O
Parlamentu,NOUN,NNIS6-----A---1,nmod,Loc,Masc,Sing,Inan,0.0256576728320181,B-io
z,ADP,RR--2----------,case,Gen,,,,0.0595798507907936,O
tohoto,DET,PDZS2----------,det,Gen,"Masc,Neut",Sing,,-0.1220500924395968,O
týdne,NOUN,NNIS2-----A----,nmod,Gen,Masc,Sing,Inan,-0.0683031144751298,O
",",PUNCT,Z:-------------,punct,,,,,-0.0196726279572535,O
v,ADP,RR--6----------,case,Loc,,,,0.0870881972761171,O
němž,PRON,P4ZS6----------,obl,Loc,"Masc,Neut",Sing,,-0.0881906742773164,O
pan,NOUN,NNMS1-----A----,nsubj,Nom,Masc,Sing,Anim,-0.0685565587295001,O
Johnson,PROPN,NNMS1-----A----,flat,Nom,Masc,Sing,Anim,0.0430614157645561,B-ps
řekl,VERB,VpYS----R-AAP--,acl:relcl,,Masc,Sing,,0.0529790689428257,O
",",PUNCT,Z:-------------,punct,,,,,-0.0556089321057335,O
že,SCONJ,"J,-------------",mark,,,,,-0.025097995239028,O
nejlepším,ADJ,AAIS7----3A----,amod,Ins,Masc,Sing,Inan,0.1087055862499901,O
způsobem“,NOUN,NNIS7-----A----,ccomp,Ins,Masc,Sing,Inan,0.0861945084290071,O
",",PUNCT,Z:-------------,punct,,,,,0.0683966024080598,O
jak,ADV,Db-------------,advmod,,,,,0.0658567262931185,O
uctít,VERB,Vf--------A-P--,acl,,,,,0.0408152440790457,O
paní,NOUN,NNFS4-----A----,obj,Acc,Fem,Sing,,0.0931325474254354,O
Coxovou,PROPN,NNFS4-----A----,flat,Acc,Fem,Sing,,0.199829061439545,B-ps
",",PUNCT,Z:-------------,punct,,,,,0.1661687810065319,O
je,AUX,VB-S---3P-AAI--,cop,,,Sing,,-0.1884761756253538,O
zařídit,VERB,Vf--------A-P--,acl,,,,,-0.0121933463313699,O
brexit“,NOUN,NNIS4-----A----,obj,Acc,Masc,Sing,Inan,0.3119929550020943,O
.,PUNCT,Z:-------------,punct,,,,,-0.085320118783343,O
Její,DET,P9FXXFS3-------,det,,Fem,,,-0.0206678684700896,O
sestra,NOUN,NNFS1-----A----,nsubj,Nom,Fem,Sing,,-0.0268822057245647,O
Kim,PROPN,NNFXX-----A----,flat,,Fem,,,-0.0104287813972181,B-P|B-pf
Leadbeaterová,PROPN,NNFS1-----A----,flat,Nom,Fem,Sing,,0.0670788530656723,I-P|B-ps
vyzvala,VERB,VpQW----R-AAP--,root,,"Fem,Neut","Plur,Sing",,0.197672779337583,O
k,ADP,RR--3----------,case,Dat,,,,-0.0079912863127653,O
potlačení,NOUN,NNNS3-----A----,obl:arg,Dat,Neut,Sing,,-0.0219961713377694,O
extrémních,ADJ,AAIP2----1A----,amod,Gen,Masc,Plur,Inan,-0.0413317863510307,O
výrazů,NOUN,NNIP2-----A----,nmod,Gen,Masc,Plur,Inan,-0.0250663377985203,O
s,ADP,RR--7----------,case,Ins,,,,0.0150594799680164,O
tím,DET,PDZS7----------,obl,Ins,"Masc,Neut",Sing,,0.0864277324303512,O
",",PUNCT,Z:-------------,punct,,,,,-0.0272146454944251,O
že,SCONJ,"J,-------------",mark,,,,,-0.0494162218497711,O
to,DET,PDNS1----------,nsubj,Nom,Neut,Sing,,0.0043631429716754,O
nepomohlo,VERB,VpNS----R-NAP--,acl,,Neut,Sing,,0.0958547997596134,O
Joiným,ADJ,AAFP3----1A----,amod,Dat,Fem,Plur,,0.0154904869470762,B-pf
dětem“,NOUN,NNFP7-----A----,obl:arg,Ins,Fem,Plur,,-0.0227600564777787,O
.,PUNCT,Z:-------------,punct,,,,,-0.4600563831593399,O
Barcelona,PROPN,NNFS1-----A----,nsubj,Nom,Fem,Sing,,0.0795145611996226,O
bude,AUX,VB-S---3F-AAI--,aux,,,Sing,,0.1060118703117354,O
muset,VERB,Vf--------A-I--,root,,,,,0.3575237952424903,O
prodat,VERB,Vf--------A-P--,xcomp,,,,,0.018453115686482,O
",",PUNCT,Z:-------------,punct,,,,,0.0948177643595091,O
než,SCONJ,"J,-------------",mark,,,,,-0.218039975768336,O
bude,AUX,VB-S---3F-AAI--,aux,,,Sing,,0.1626028819006237,O
moci,VERB,Vf--------A-I--,advcl,,,,,-0.0437692452405288,O
nakupovat,VERB,Vf--------A-I--,xcomp,,,,,-0.0508728246352397,O
",",PUNCT,Z:-------------,punct,,,,,0.0346356769339722,O
ale,CCONJ,J^-------------,cc,,,,,0.1926815087999206,O
musí,VERB,VB-S---3P-AAI--,conj,,,Sing,,0.0142582640198038,O
si,PRON,P7--3----------,expl:pv,Dat,,,,-0.0618516924344615,O
být,AUX,Vf--------A-I--,cop,,,,,-0.100073821834437,O
jistá,ADJ,AAFS1----1A----,xcomp,Nom,Fem,Sing,,0.0827508847064149,O
",",PUNCT,Z:-------------,punct,,,,,0.1285847482253103,O
že,SCONJ,"J,-------------",mark,,,,,-0.1679703078722107,O
může,VERB,VB-S---3P-AAI--,ccomp,,,Sing,,-0.1641796264871359,O
uzavřít,VERB,Vf--------A-P--,xcomp,,,,,-0.0163406360711965,O
dohodu,NOUN,NNFS4-----A----,obj,Acc,Fem,Sing,,0.5065554948489366,O
se,ADP,RV--7----------,case,Ins,,,,-0.0798501467904138,O
stranou,NOUN,NNFS7-----A----,nmod,Ins,Fem,Sing,,-0.0701886167951476,O
Serie,NOUN,NNFS2-----A----,nmod,Gen,Fem,Sing,,-0.1567541709434604,B-io
A,NOUN,Q3-------------,nmod,,,,,0.2697443543979302,I-io
.,PUNCT,Z:-------------,punct,,,,,-0.3007655541508974,O
I,CCONJ,J^-------------,mark,,,,,-0.1596973203858865,O
když,SCONJ,"J,-------------",fixed,,,,,0.0319041019423535,O
v,ADP,RR--6----------,case,Loc,,,,0.0883053972604946,O
územním,ADJ,AAIS6----1A----,amod,Loc,Masc,Sing,Inan,0.0335579352654,O
ústupu,NOUN,NNIS6-----A----,obl,Loc,Masc,Sing,Inan,0.0985931570995591,O
(,PUNCT,Z:-------------,punct,,,,,-0.0524895161001541,O
Islámský,ADJ,AAIS1----1A----,amod,Nom,Masc,Sing,Inan,-0.0958664886962478,B-io
stát,NOUN,NNIS1-----A----,dep,Nom,Masc,Sing,Inan,-0.0286272662473306,I-io
),PUNCT,Z:-------------,punct,,,,,0.0023339521831507,O
zůstává,VERB,VB-S---3P-AAI--,advcl,,,Sing,,-0.0846563808949755,O
schopen,ADJ,ACYS------A----,obj,,Masc,Sing,,-0.0296096373738279,O
provádět,VERB,Vf--------A-I--,xcomp,,,,,0.2099692018434616,O
vysoce,ADV,Db-------------,advmod,,,,,0.1709042026348692,O
postavené,ADJ,AAIP4----1A----,amod,Acc,Masc,Plur,Inan,0.0884428851649476,O
útoky,NOUN,NNIP4-----A----,obj,Acc,Masc,Plur,Inan,0.06479807216615,O
v,ADP,RR--6----------,case,Loc,,,,0.089650025468311,O
různých,ADJ,AAFP6----1A----,amod,Loc,Fem,Plur,,-0.0970929275978013,O
částech,NOUN,NNFP6-----A----,nmod,Loc,Fem,Plur,,0.0036328573409892,O
země,NOUN,NNFS2-----A----,nmod,Gen,Fem,Sing,,0.1145478874144436,O
",",PUNCT,Z:-------------,punct,,,,,0.5672645130290374,O
včetně,ADP,RR--2----------,case,Gen,,,,-0.2928661627842311,O
Kábulu,PROPN,NNIS2-----A----,nmod,Gen,Masc,Sing,Inan,-0.0094267579769294,B-gu
.,PUNCT,Z:-------------,punct,,,,,0.4032769952816906,O
Bílý,ADJ,AAIS1----1A----,amod,Nom,Masc,Sing,Inan,-0.2218376562297637,B-io
dům,NOUN,NNIS1-----A----,nsubj,Nom,Masc,Sing,Inan,-0.0030871617913923,I-io
ve,ADP,RV--4----------,case,Acc,,,,0.0488276235647588,O
středu,NOUN,NNFS4-----A----,obl,Acc,Fem,Sing,,0.002760590391223,O
zveřejnil,VERB,VpYS----R-AAP--,root,,Masc,Sing,,0.1015432743275071,O
neutajovanou,ADJ,AAFS4----1N----,amod,Acc,Fem,Sing,,0.0019885488391283,O
verzi,NOUN,NNFS4-----A----,obj,Acc,Fem,Sing,,-0.0946383092174946,O
tohoto,DET,PDZS2----------,det,Gen,"Masc,Neut",Sing,,-0.0325119552601804,O
přepisu,NOUN,NNIS2-----A----,nmod,Gen,Masc,Sing,Inan,0.0611950446995721,O
hovoru,NOUN,NNIS2-----A----,nmod,Gen,Masc,Sing,Inan,0.0050940452529631,O
.,PUNCT,Z:-------------,punct,,,,,0.1451384462356507,O
Memorandum,NOUN,NNNS1-----A----,nsubj,Nom,Neut,Sing,,0.1844815359650388,O
",",PUNCT,Z:-------------,punct,,,,,-0.0742535467694462,O
které,DET,P4NS1----------,nsubj,Nom,Neut,Sing,,0.0730210444276711,O
neodráží,VERB,VB-S---3P-NAI--,acl:relcl,,,Sing,,0.0102739182889702,O
obětavý,ADJ,AAIS4----1A----,amod,Acc,Masc,Sing,Inan,0.1183160782401787,O
přepis“,NOUN,NNIS4-----A----,obj,Acc,Masc,Sing,Inan,0.1090294635757527,O
",",PUNCT,Z:-------------,punct,,,,,0.0841418431552276,O
ale,CCONJ,J^-------------,cc,,,,,-0.0468551277124922,O
je,AUX,VB-S---3P-AAI--,cop,,,Sing,,-0.1564934666241416,O
založeno,ADJ,VsNS----X-APP--,conj,,Neut,Sing,,0.2011130993578191,O
na,ADP,RR--6----------,case,Loc,,,,0.0639054248432458,O
poznámkách,NOUN,NNFP6-----A----,obl:arg,Loc,Fem,Plur,,0.0492274559876014,O
a,CCONJ,J^-------------,cc,,,,,-0.0318679742753937,O
vzpomínkách“,NOUN,NNFP6-----A----,conj,Loc,Fem,Plur,,0.0946749714992342,O
těch,DET,PDXP2----------,amod,Gen,,Plur,,0.0840966547813916,O
",",PUNCT,Z:-------------,punct,,,,,0.1587606149474521,O
kteří,DET,P4MP1----------,nsubj,Nom,Masc,Plur,Anim,0.2819840288040427,O
si,PRON,P7--3----------,obl,Dat,,,,0.0193638985725935,O
hovor,NOUN,NNIS4-----A----,obj,Acc,Masc,Sing,Inan,-0.0650651596465997,O
zpopularizovali,VERB,VpMP----R-AAP--,acl:relcl,,Masc,Plur,Anim,0.0723598766869162,O
",",PUNCT,Z:-------------,punct,,,,,0.2585506983381359,O
ukazuje,VERB,VB-S---3P-AAI--,root,,,Sing,,0.0461280231567839,O
Trumpa,PROPN,NNMS4-----A----,obj,Acc,Masc,Sing,Anim,0.0576834160794614,B-ps
",",PUNCT,Z:-------------,punct,,,,,0.2270940995295932,O
jak,SCONJ,"J,-------------",mark,,,,,0.1180056345734447,O
hledá,VERB,VB-S---3P-AAI--,ccomp,,,Sing,,-0.0202525022081585,O
pomoc,NOUN,NNFS4-----A----,obj,Acc,Fem,Sing,,0.0431077203285139,O
při,ADP,RR--6----------,case,Loc,,,,-0.0050508759274201,O
vyšetřování,NOUN,NNNS6-----A----,nmod,Loc,Neut,Sing,,0.0053533463007845,O
Bidenových,ADJ,AUMP2M---------,amod,Gen,Masc,Plur,Anim,-0.0701398067666767,B-ps
.,PUNCT,Z:-------------,punct,,,,,0.2422226061064829,O
Takže,SCONJ,"J,-------------",mark,,,,,0.0803862122534305,O
zavolají,VERB,VB-P---3P-AAP--,root,,,Plur,,0.0996074354024703,O
a,CCONJ,J^-------------,cc,,,,,0.0657174344957206,O
jsou,AUX,VB-P---3P-AAI--,cop,,,Plur,,-0.2206331802313091,O
velmi,ADV,Db-------------,advmod,,,,,-0.0181388210214175,O
zklamaní,ADJ,AAMP1----1A----,conj,Nom,Masc,Plur,Anim,0.076984236804296,O
",",PUNCT,Z:-------------,punct,,,,,0.3409563558010759,O
protože,SCONJ,"J,-------------",mark,,,,,-0.0716782813574061,O
se,PRON,P7-X4----------,expl:pass,Acc,,,,0.1143354548398701,O
předpokládalo,VERB,VpNS----R-AAI--,advcl,,Neut,Sing,,0.13434682703051,O
",",PUNCT,Z:-------------,punct,,,,,0.5332143643840721,O
že,SCONJ,"J,-------------",mark,,,,,0.1318606272601889,O
existují,VERB,VB-P---3P-AAI--,csubj:pass,,,Plur,,0.1897925309734157,O
slevové,ADJ,AAFP1----1A----,amod,Nom,Fem,Plur,,0.1780211223944729,O
ceny,NOUN,NNFP1-----A----,nsubj,Nom,Fem,Plur,,0.1021293734929093,O
a,CCONJ,J^-------------,cc,,,,,0.0778842835695181,O
my,PRON,PP-P1--1-------,nsubj,Nom,,Plur,,0.0936465730693994,O
se,PRON,P7-X4----------,expl:pv,Acc,,,,0.059298671009603,O
podíváme,VERB,VB-P---1P-AAP--,conj,,,Plur,,0.0762285306173399,O
na,ADP,RR--4----------,case,Acc,,,,-0.0062051228472649,O
naše,DET,PSXP4-P1-------,det,Acc,,Plur,,0.0304951111530966,O
náklady,NOUN,NNIP4-----A----,obl:arg,Acc,Masc,Plur,Inan,-0.0627325836117031,O
na,ADP,RR--4----------,case,Acc,,,,0.0997565329834692,O
financování,NOUN,NNNS4-----A----,nmod,Acc,Neut,Sing,,0.0549701289756348,O
",",PUNCT,Z:-------------,punct,,,,,0.2667285130018461,O
které,DET,P4IP1----------,nsubj,Nom,Masc,Plur,Inan,-0.1608401843371303,O
se,PRON,P7-X4----------,expl:pv,Acc,,,,0.1592206196344601,O
vůbec,PART,TT-------------,advmod:emph,,,,,-0.1420344275168149,O
nezměnily,VERB,VpTP----R-NAP--,acl:relcl,,"Fem,Masc",Plur,Inan,0.1235197611100349,O
.,PUNCT,Z:-------------,punct,,,,,-0.055955355556879,O
“,PUNCT,Z:-------------,punct,,,,,-0.1066411511055884,O
Kalifornský,ADJ,AAIS1----1A----,amod,Nom,Masc,Sing,Inan,0.0460928856084009,O
pár,NOUN,NNIS1-----A----,nsubj,Nom,Masc,Sing,Inan,0.1494330776310529,O
",",PUNCT,Z:-------------,punct,,,,,-0.0098031524784569,O
který,DET,P4YS1----------,nsubj,Nom,Masc,Sing,,-0.2287308205237022,O
obědval,VERB,VpYS----R-AAI--,acl:relcl,,Masc,Sing,,-0.0105235852194304,O
se,ADP,RV--7----------,case,Ins,,,,0.2912763929297701,O
svým,DET,P8ZS7----------,det,Ins,"Masc,Neut",Sing,,-0.045473299723778,O
štěnětem,NOUN,NNNS7-----A----,obl,Ins,Neut,Sing,,0.0787650546974079,O
v,ADP,RR--6----------,case,Loc,,,,0.101291049648421,O
psím,ADJ,AAIS6----1A----,amod,Loc,Masc,Sing,Inan,0.0207311654241342,O
parku,NOUN,NNIS6-----A----,obl,Loc,Masc,Sing,Inan,-0.0859430243900997,O
",",PUNCT,Z:-------------,punct,,,,,0.2597657174719395,O
zažil,VERB,VpYS----R-AAP--,root,,Masc,Sing,,0.2460043242194911,O
druhou,ADJ,CrFS4----------,dep,Acc,Fem,Sing,,-0.1614277799364971,O
",",PUNCT,Z:-------------,punct,,,,,0.0462972731780232,O
kdy,ADV,Db-------------,advmod,,,,,-0.1018477412002907,O
je,PRON,PEXP4--3-------,obj,Acc,,Plur,,-0.0806398471800877,O
rozzlobená,ADJ,AAFS1----1A----,amod,Nom,Fem,Sing,,0.1428829796004482,O
žena,NOUN,NNFS1-----A----,nsubj,Nom,Fem,Sing,,0.0786261765714325,O
postříkala,VERB,VpQW----R-AAP--,acl:relcl,,"Fem,Neut","Plur,Sing",,0.0436989853213551,O
pepřem,NOUN,NNIS7-----A----,obl,Ins,Masc,Sing,Inan,-0.0196422206500083,O
za,ADP,RR--4----------,case,Acc,,,,0.1651559145957926,O
to,DET,PDNS4----------,obl,Acc,Neut,Sing,,-0.1145054703554246,O
",",PUNCT,Z:-------------,punct,,,,,0.1643414836900818,O
že,SCONJ,"J,-------------",mark,,,,,0.1433731272294903,O
se,PRON,P7--4----------,obj,Acc,,,,0.0324371935289966,O
odmítli,VERB,VpMP----R-AAP-1,acl,,Masc,Plur,Anim,0.163828300311222,O
maskovat,VERB,Vf--------A-I--,xcomp,,,,,0.0302649572188352,O
.,PUNCT,Z:-------------,punct,,,,,0.1278348481962923,O
.,PUNCT,Z:-------------,punct,,,,,0.0872524204675165,O
.,PUNCT,Z:-------------,punct,,,,,-0.0518927659553942,O
při,ADP,RR--6----------,case,Loc,,,,-0.0982275090264173,O
jídle,NOUN,NNNS6-----A----,obl,Loc,Neut,Sing,,0.1206848168248857,O
.,PUNCT,Z:-------------,punct,,,,,-0.1778742843584811,O
Jinak,ADV,Db-------------,advmod,,,,,-0.1484211945205063,O
jsem,AUX,VB-S---1P-AAI--,aux,,,Sing,,0.3121002059039953,O
experimentoval,VERB,VpYS----R-AAI--,root,,Masc,Sing,,0.1577213446809218,O
v,ADP,RR--6----------,case,Loc,,,,0.0288419840971124,O
kuchyni,NOUN,NNFS6-----A----,obl,Loc,Fem,Sing,,-0.0646459345708811,O
:,PUNCT,Z:-------------,punct,,,,,0.0600697393090051,O
intenzivně,ADV,Dg-------1A----,advmod,,,,,-0.0406912213049168,O
ochucený,ADJ,AAIS1----1A----,amod,Nom,Masc,Sing,Inan,0.0784876483776815,O
vývar,NOUN,NNIS1-----A----,nsubj,Nom,Masc,Sing,Inan,0.0449102948396784,O
z,ADP,RR--2----------,case,Gen,,,,0.0370234586074141,O
úhoře,NOUN,NNMS2-----A----,nmod,Gen,Masc,Sing,Anim,0.048303462796335,O
a,CCONJ,J^-------------,cc,,,,,0.0323025804545442,O
shiitake,NOUN,NNNXX-----A----,conj,,Neut,,,0.0590902352289341,O
a,CCONJ,J^-------------,cc,,,,,0.0132930575396235,O
dvojitá,ADJ,AAFS1----1A----,amod,Nom,Fem,Sing,,0.0892914836991622,O
krémová,ADJ,AAFS1----1A----,amod,Nom,Fem,Sing,,0.022990083865492,O
brioška,NOUN,NNFS1-----A----,conj,Nom,Fem,Sing,,0.1138771279801251,O
byly,AUX,VpTP----R-AAI--,cop,,"Fem,Masc",Plur,Inan,0.1217684860334105,O
mými,DET,PDXP7----------,det,Ins,,Plur,,0.0440262804224755,O
standouty,NOUN,NNIP7-----A----,conj,Ins,Masc,Plur,Inan,0.0314967970806596,O
.,PUNCT,Z:-------------,punct,,,,,-0.1165266870196152,O
Předpoklad,NOUN,NNIS1-----A----,nsubj,Nom,Masc,Sing,Inan,-0.0179938287839512,O
narušení,NOUN,NNNS2-----A----,nmod,Gen,Neut,Sing,,-0.0027981913538842,O
bezpečnosti,NOUN,NNFS2-----A----,nmod,Gen,Fem,Sing,,-0.0565546521872548,O
bude,AUX,VB-S---3F-AAI--,aux,,,Sing,,-0.0427360926056379,O
mít,VERB,Vf--------A-I--,root,,,,,0.0024188448568853,O
za,ADP,RR--4----------,case,Acc,,,,0.0473276759372918,O
následek,NOUN,NNIS4-----A----,obl:arg,Acc,Masc,Sing,Inan,0.0480556871884941,O
výměnu,NOUN,NNFS4-----A----,obj,Acc,Fem,Sing,,-0.0322662290822206,O
3000,NUM,C=-------------,nummod,,,,,0.0744907898588439,B-nc
zámků,NOUN,NNIP2-----A----,nmod,Gen,Masc,Plur,Inan,0.1104423816779105,O
",",PUNCT,Z:-------------,punct,,,,,-0.0617252456737389,O
potenciálně,ADV,Dg-------1A----,advmod,,,,,-0.0427198018984164,O
do,ADP,RR--2----------,case,Gen,,,,0.1065176821895611,O
cel,NOUN,NNNP2-----A----,dep,Gen,Neut,Plur,,-0.0424378166152538,O
",",PUNCT,Z:-------------,punct,,,,,0.1004624524935898,O
vnitřních,ADJ,AAFP2----1A----,amod,Gen,Fem,Plur,,-0.0387705242470534,O
a,CCONJ,J^-------------,cc,,,,,0.0861824032620852,O
vnějších,ADJ,AAFP2----1A----,conj,Gen,Fem,Plur,,0.1496115331413762,O
dveří,NOUN,NNFP2-----A----,conj,Gen,Fem,Plur,,-0.0915704273912086,O
.,PUNCT,Z:-------------,punct,,,,,0.6057484399697756,O
Bojím,VERB,VB-S---1P-AAI--,root,,,Sing,,-0.238827961407,O
se,PRON,P7-X4----------,expl:pv,Acc,,,,-0.3151417843490579,O
pomyslet,VERB,Vf--------A-P-1,xcomp,,,,,0.4164731792140347,O
.,PUNCT,Z:-------------,punct,,,,,-0.54984406312353,O
BOSTON,PROPN,NNIS1-----A----,root,Nom,Masc,Sing,Inan,0.0597206013826032,B-gu
(,PUNCT,Z:-------------,punct,,,,,-0.1084808964019231,O
Reuters,PROPN,BNXXX-----A----,dep,,,,,-0.1611077745832798,B-mn
),PUNCT,Z:-------------,punct,,,,,0.0462270911033034,O
-,PUNCT,Z:-------------,punct,,,,,-0.1685519623654627,O
Společnosti,NOUN,NNFP1-----A----,nsubj,Nom,Fem,Plur,,-0.0856373486588342,O
",",PUNCT,Z:-------------,punct,,,,,0.0219716179721279,O
které,DET,P4FP1----------,nsubj,Nom,Fem,Plur,,0.0429452981520856,O
debutují,VERB,VB-P---3P-AAB--,acl:relcl,,,Plur,,0.0217826546874243,O
na,ADP,RR--6----------,case,Loc,,,,-0.0459499016182945,O
americkém,ADJ,AAIS6----1A----,amod,Loc,Masc,Sing,Inan,0.0252113684352979,O
akciovém,ADJ,AAIS6----1A----,amod,Loc,Masc,Sing,Inan,0.0300200140346698,O
trhu,NOUN,NNIS6-----A----,obl,Loc,Masc,Sing,Inan,0.0137567723688624,O
dostávají,VERB,VB-P---3P-AAI--,acl:relcl,,,Plur,,-0.0156396531324023,O
drsné,ADJ,AANS4----1A----,amod,Acc,Neut,Sing,,0.114404615385725,O
přivítání,NOUN,NNNS4-----A----,obj,Acc,Neut,Sing,,0.0311163116655912,O
",",PUNCT,Z:-------------,punct,,,,,0.0744502541298616,O
zejména,PART,TT-------------,advmod:emph,,,,,0.0264996420078809,O
pokud,SCONJ,"J,-------------",mark,,,,,-0.0295764882648626,O
přicházejí,VERB,VB-P---3P-AAI--,advcl,,,Plur,,-0.0024573867295662,O
o,ADP,RR--4----------,case,Acc,,,,-0.0813486198306083,O
peníze,NOUN,NNIP4-----A----,obl:arg,Acc,Masc,Plur,Inan,-0.107797993286185,O
",",PUNCT,Z:-------------,punct,,,,,0.1478380000782012,O
vrhají,VERB,VB-P---3P-AAI--,root,,,Plur,,0.0268596512195304,O
stín,NOUN,NNIS4-----A----,obj,Acc,Masc,Sing,Inan,0.0864974447623895,O
na,ADP,RR--4----------,case,Acc,,,,-0.025778951316322,O
kalendář,NOUN,NNIS4-----A----,obl,Acc,Masc,Sing,Inan,0.0470736875806359,O
pro,ADP,RR--4----------,case,Acc,,,,0.0502572553350798,O
počáteční,ADJ,AAFP4----1A----,amod,Acc,Fem,Plur,,0.1434138720225921,O
veřejné,ADJ,AAFP4----1A----,amod,Acc,Fem,Plur,,0.1303444179720006,O
nabídky,NOUN,NNFP4-----A----,nmod,Acc,Fem,Plur,,0.0245784505131101,O
na,ADP,RR--4----------,case,Acc,,,,0.0516972675643473,O
zbytek,NOUN,NNIS4-----A----,nmod,Acc,Masc,Sing,Inan,0.1306611182502884,O
roku,NOUN,NNIS2-----A---1,nmod,Gen,Masc,Sing,Inan,0.1641781049069417,O
.,PUNCT,Z:-------------,punct,,,,,0.6783524683846989,O
Daleko,ADV,Dg-------1A----,advmod,,,,,-0.021769453859861,O
na,ADP,RR--6----------,case,Loc,,,,0.0183154919861252,O
jihu,NOUN,NNIS6-----A----,obl,Loc,Masc,Sing,Inan,-0.0082234512291246,O
",",PUNCT,Z:-------------,punct,,,,,0.0872484199538567,O
pozdní,ADJ,AAMS1----1A----,amod,Nom,Masc,Sing,Anim,0.2209024092229265,O
Mahmúd,PROPN,NNMS1-----A----,nsubj,Nom,Masc,Sing,Anim,0.1668315631230712,B-P|B-pf
Guemama,PROPN,NNMS1-----A----,flat,Nom,Masc,Sing,Anim,0.1307453603543771,I-P|B-ps
se,PRON,P7-X4----------,expl:pv,Acc,,,,0.1664887404164084,O
těší,VERB,VB-S---3P-AAI--,ccomp,,,Sing,,0.1011079913738903,O
velké,ADJ,AAFS3----1A----,amod,Dat,Fem,Sing,,0.1003264652796558,O
proslulosti,NOUN,NNFS3-----A----,obl:arg,Dat,Fem,Sing,,0.123293302404237,O
jako,SCONJ,"J,-------------",mark,,,,,0.673202775941817,O
prostředník,NOUN,NNMS1-----A----,xcomp,Nom,Masc,Sing,Anim,0.0218675709697781,O
",",PUNCT,Z:-------------,punct,,,,,0.249533238741524,O
který,DET,P4YS1----------,nsubj,Nom,Masc,Sing,,0.0794525181945912,O
zasáhne,VERB,VB-S---3P-AAP--,acl:relcl,,,Sing,,0.2342112126779243,O
smířit,VERB,Vf--------A-P--,xcomp,,,,,0.0897236824670481,O
bratři,NOUN,NNMP1-----A----,obj,Nom,Masc,Plur,Anim,0.0435838011479105,O
ve,ADP,RV--6----------,case,Loc,,,,0.0419844355619263,O
stejné,ADJ,AAFS6----1A----,amod,Loc,Fem,Sing,,0.027116950355351,O
zemi,NOUN,NNFS6-----A----,nmod,Loc,Fem,Sing,,-0.0021524354575935,O
",",PUNCT,Z:-------------,punct,,,,,-0.0235900408441703,O
kdykoli,SCONJ,"J,-------------",mark,,,,,0.1096604218766405,O
oheň,NOUN,NNIS1-----A----,nsubj,Nom,Masc,Sing,Inan,0.0385791647810509,O
sváru,NOUN,NNIS2-----A----,nmod,Gen,Masc,Sing,Inan,0.0520147832704779,O
je,PRON,PEXP4--3-------,obj,Acc,,Plur,,-0.1632131729172253,O
zapálil,VERB,VpYS----R-AAP--,advcl,,Masc,Sing,,0.0965274059099542,O
",",PUNCT,Z:-------------,punct,,,,,0.1174358165251773,O
dodal,VERB,VpYS----R-AAP--,root,,Masc,Sing,,0.0090303112704088,O
Prezident,NOUN,NNMS1-----A----,nsubj,Nom,Masc,Sing,Anim,-0.0380344092197071,O
ve,ADP,RV--6----------,case,Loc,,,,-0.0388942095609322,O
svém,DET,P8ZS6----------,det,Loc,"Masc,Neut",Sing,,-0.0703035912021501,O
poselství,NOUN,NNNS6-----A----,obl,Loc,Neut,Sing,,0.0626502664686623,O
.,PUNCT,Z:-------------,punct,,,,,-0.1205071943974592,O
V,ADP,RR--6----------,case,Loc,,,,0.009846001941211,O
obavách,NOUN,NNFP6-----A----,obl,Loc,Fem,Plur,,0.2258718870304358,O
z,ADP,RR--2----------,case,Gen,,,,0.0651186664477457,O
hospodářských,ADJ,AAFP2----1A----,amod,Gen,Fem,Plur,,-0.0532439894084436,O
ztrát,NOUN,NNFP2-----A----,nmod,Gen,Fem,Plur,,0.0347366543444117,O
vláda,NOUN,NNFS1-----A----,nsubj,Nom,Fem,Sing,,0.0077770847465409,O
tato,DET,PDNP4----------,det,Acc,Neut,Plur,,-0.1000982608966351,O
omezení,NOUN,NNNP4-----A----,obj,Acc,Neut,Plur,,-0.0976192987542834,O
zmírnila,VERB,VpQW----R-AAP--,root,,"Fem,Neut","Plur,Sing",,-0.0207586542109626,O
–,PUNCT,Z:-------------,punct,,,,,0.1880763452321701,O
někteří,DET,PZMP1----------,det,Nom,Masc,Plur,Anim,0.6346595932982337,O
činitelé,NOUN,NNMP1-----A----,nsubj,Nom,Masc,Plur,Anim,0.1091648669427859,O
to,DET,PDNS4----------,obj,Acc,Neut,Sing,,-0.0866368080814143,O
od,ADP,RR--2----------,case,Gen,,,,0.0593312936156061,O
té,DET,PDFS2----------,det,Gen,Fem,Sing,,0.0573023796229314,O
doby,NOUN,NNFS2-----A----,obl,Gen,Fem,Sing,,0.0784695908618402,O
přiznali,VERB,VpMP----R-AAP--,parataxis,,Masc,Plur,Anim,0.1011815904781182,O
příliš,ADV,Db-------------,advmod,,,,,0.0531107295975582,O
rychle,ADV,Dg-------1A----,advmod,,,,,-0.003300323836952,O
–,PUNCT,Z:-------------,punct,,,,,-0.0040415384828017,O
a,CCONJ,J^-------------,cc,,,,,-0.1282911488769988,O
počet,NOUN,NNIS1-----A----,nsubj,Nom,Masc,Sing,Inan,-0.0106093657465379,O
nakažených,ADJ,AAMP2----1A----,dep,Gen,Masc,Plur,Anim,0.009451189096616,O
se,PRON,P7-X4----------,expl:pv,Acc,,,,-0.0790359815853466,O
znovu,ADV,Db-------------,advmod,,,,,-0.0543165602629484,O
zvýšil,VERB,VpYS----R-AAP--,conj,,Masc,Sing,,-0.0621635539910109,O
.,PUNCT,Z:-------------,punct,,,,,-0.0467361206172179,O
Sdílíme,VERB,VB-P---1P-AAI--,root,,,Plur,,0.7455148175138381,O
tolik,DET,Ca--4----------,det:numgov,Acc,,,,0.1009387308786687,O
podobných,ADJ,AAIP2----1A----,amod,Gen,Masc,Plur,Inan,0.0516006216555339,O
zájmů,NOUN,NNIP2-----A----,obj,Gen,Masc,Plur,Inan,0.0430513130643004,O
a,CCONJ,J^-------------,cc,,,,,0.1132017540739576,O
hodnot,NOUN,NNFP2-----A----,conj,Gen,Fem,Plur,,-0.0323495255696718,O
a,CCONJ,J^-------------,cc,,,,,0.0820419971386055,O
víme,VERB,VB-P---1P-AAI--,conj,,,Plur,,0.0644704882874875,O
",",PUNCT,Z:-------------,punct,,,,,0.0283902505976618,O
že,SCONJ,"J,-------------",mark,,,,,-0.1484525350861889,O
nás,PRON,PP-P4--1-------,obj,Acc,,Plur,,-0.0252747407115396,O
to,DET,PDNS1----------,nsubj,Nom,Neut,Sing,,0.0821531185338826,O
v,ADP,RR--6----------,case,Loc,,,,-0.1022754543726556,O
nadcházejících,ADJ,AGNP6-----A----,amod,Loc,Neut,Plur,,-0.0689947391100316,O
letech,NOUN,NNNP6-----A----,obl,Loc,Neut,Plur,,-0.117392430017134,O
",",PUNCT,Z:-------------,punct,,,,,0.1018708937883504,O
plných,ADJ,AANP6----1A----,amod,Loc,Neut,Plur,,0.0707090845557448,O
lásky,NOUN,NNFS2-----A----,obl:arg,Gen,Fem,Sing,,-0.0209009609588761,O
a,CCONJ,J^-------------,cc,,,,,0.0389424793924434,O
štěstí,NOUN,NNNS2-----A----,conj,Gen,Neut,Sing,,-0.0108595297926297,O
",",PUNCT,Z:-------------,punct,,,,,-0.1148825942889332,O
velmi,ADV,Db-------------,advmod,,,,,0.0108239082469153,O
nahradí,VERB,VB-S---3P-AAP--,ccomp,,,Sing,,0.1548564586182292,O
.,PUNCT,Z:-------------,punct,,,,,-0.0279909961501838,O
“,PUNCT,Z:-------------,punct,,,,,-0.2604165748588912,O
Jonathan,PROPN,NNMS1-----A----,nsubj,Nom,Masc,Sing,Anim,0.058688137998035,B-P|B-pf
Van,X,F%-------------,nmod,,,,,0.0995226804389971,I-P|B-ps
Ness,PROPN,NNMS1-----A----,flat,Nom,Masc,Sing,Anim,0.064815623566004,I-P|I-ps
si,PRON,P7--3----------,obl,Dat,,,,-0.0068757159627517,O
vyrazil,VERB,VpYS----R-AAP--,root,,Masc,Sing,,0.0806986005745202,O
s,ADP,RR--7----------,case,Ins,,,,-0.2775404591183723,O
Nancy,PROPN,NNFXX-----A----,obl,,Fem,,,0.0024492241331291,B-P|B-pf
Pelosi,PROPN,NNFXX-----A----,flat,,Fem,,,0.1204822432679377,I-P|B-ps
a,CCONJ,J^-------------,cc,,,,,-0.1860993054380688,O
mají,VERB,VB-P---3P-AAI--,conj,,,Plur,,-0.0317251035938311,O
plán,NOUN,NNIS4-----A----,obj,Acc,Masc,Sing,Inan,0.8626454606481266,O
Mezinárodní,ADJ,AAMP1----1A----,amod,Nom,Masc,Plur,Anim,0.0593138558235002,O
kupci,NOUN,NNMP1-----A----,nsubj,Nom,Masc,Plur,Anim,0.2133668925571702,O
upozorňujeme,VERB,VB-P---1P-AAI--,root,,,Plur,,0.1150654342106785,O
:,PUNCT,Z:-------------,punct,,,,,-0.0911859550902321,O
naše,DET,PSHP1-P1-------,det,Nom,"Fem,Neut",Plur,,-0.0855627291968448,O
velké,ADJ,AAFP1----1A----,amod,Nom,Fem,Plur,,-0.07839966494273,O
fotografie,NOUN,NNFP1-----A----,nsubj:pass,Nom,Fem,Plur,,-0.2437049470183682,O
jsou,AUX,VB-P---3P-AAI--,aux:pass,,,Plur,,-0.4345876781540077,O
zasílány,ADJ,VsTP----X-API--,ccomp,,"Fem,Masc",Plur,Inan,0.1572828098425387,O
v,ADP,RR--6----------,case,Loc,,,,0.0283559832486015,O
rolích,NOUN,NNFP6-----A----,obl,Loc,Fem,Plur,,0.3339829885934384,O
v,ADP,RR--6----------,case,Loc,,,,-0.0687322193068804,O
poštovních,ADJ,AAFP6----1A----,amod,Loc,Fem,Plur,,0.1049806832870418,O
tubách,NOUN,NNFP6-----A----,obl,Loc,Fem,Plur,,0.1886562864341955,O
.,PUNCT,Z:-------------,punct,,,,,0.4558739182265735,O
Nikoho,PRON,PY--4----------,obj,Acc,,,Anim,0.0520092124163702,O
nepouštějte,VERB,Vi-P---2--N-I--,root,,,Plur,,0.1254033733457343,O
dovnitř,ADV,Db-------------,advmod,,,,,-0.0726144229405799,O
a,CCONJ,J^-------------,cc,,,,,0.0152588842732996,O
věnujte,VERB,Vi-P---2--A-I--,conj,,,Plur,,0.1499240634036751,O
pozornost,NOUN,NNFS4-----A----,obj,Acc,Fem,Sing,,-0.2808432865038171,O
lidem,NOUN,NNMP3-----A----,obl:arg,Dat,Masc,Plur,Anim,-0.1469516701073578,O
",",PUNCT,Z:-------------,punct,,,,,0.2606671933208967,O
kteří,DET,P4MP1----------,nsubj,Nom,Masc,Plur,Anim,0.1505020990824473,O
odcházejí,VERB,VB-P---3P-AAI--,acl:relcl,,,Plur,,0.3564192708256684,O
(,PUNCT,Z:-------------,punct,,,,,0.1098751366448388,O
zejména,PART,TT-------------,advmod:emph,,,,,-0.2575832655743638,O
dětským,ADJ,AAFP3----1A----,amod,Dat,Fem,Plur,,0.2200082574645988,O
rukám,NOUN,NNFP3-----A----,appos,Dat,Fem,Plur,,0.1449527128790309,O
),PUNCT,Z:-------------,punct,,,,,0.2238339380003575,O
.,PUNCT,Z:-------------,punct,,,,,0.3536212658856598,O
Zase,ADV,Db-------------,advmod,,,,,0.2707791875871502,O
nečekám,VERB,VB-S---1P-NAI--,root,,,Sing,,0.009445624107645,O
nic,PRON,PY--4----------,obj,Acc,,,,0.0552339917223002,O
dramatického,ADJ,AANS2----1A----,amod,Gen,Neut,Sing,,0.0028453836012636,O
ani,CCONJ,J^-------------,cc,,,,,0.0030545620681825,O
to,DET,PDNS4----------,conj,Acc,Neut,Sing,,-0.064762405826526,O
",",PUNCT,Z:-------------,punct,,,,,0.3263287231786242,O
že,SCONJ,"J,-------------",mark,,,,,0.4325623448638523,O
si,PRON,P7--3----------,obl,Dat,,,,0.2236683323057839,O
lidé,NOUN,NNMP1-----A----,nsubj,Nom,Masc,Plur,Anim,-0.3949399458944815,O
budou,AUX,VB-P---3F-AAI--,acl,,,Plur,,-0.4977905566834025,O
navzájem,ADV,Db-------------,advmod,,,,,0.1284249523661242,O
po,ADP,RR--6----------,case,Loc,,,,-0.133495649937572,O
krku,NOUN,NNIS6-----A----,obl,Loc,Masc,Sing,Inan,0.1169556748863382,O
.,PUNCT,Z:-------------,punct,,,,,-0.0966500518373249,O
Oxfordský,ADJ,AAIS1----1A----,amod,Nom,Masc,Sing,Inan,0.0466198830952289,B-ic
korunní,ADJ,AAIS1----1A----,amod,Nom,Masc,Sing,Inan,0.0378263565842829,I-ic
soud,NOUN,NNIS1-----A----,nsubj,Nom,Masc,Sing,Inan,-0.0269437985851922,I-ic
slyšel,VERB,VpYS----R-AAI--,root,,Masc,Sing,,-0.0911924100811381,O
",",PUNCT,Z:-------------,punct,,,,,-0.0130156876424205,O
že,SCONJ,"J,-------------",mark,,,,,0.0154543993332514,O
Clifton,PROPN,NNMS1-----A----,nsubj,Nom,Masc,Sing,Anim,0.0473967022310349,B-ps
popíjel,VERB,VpYS----R-AAI--,ccomp,,Masc,Sing,,0.0150751547221686,O
mixéry,NOUN,NNIP4-----A----,obj,Acc,Masc,Plur,Inan,-0.012399031564368,O
v,ADP,RR--6----------,case,Loc,,,,0.0004123420202767,O
hospodě,NOUN,NNFS6-----A----,obl,Loc,Fem,Sing,,0.0605853791435985,O
Fat,X,F%-------------,nmod,,,,,-0.00895078860064,B-if
Fox,X,F%-------------,flat:foreign,,,,,-0.0355381950073225,I-if
ve,ADP,RV--6----------,case,Loc,,,,0.1713517877396261,O
Watlingtonu,PROPN,NNIS6-----A----,nmod,Loc,Masc,Sing,Inan,0.083356383766957,B-gu
v,ADP,RR--6----------,case,Loc,,,,-0.0253654988138758,O
hrabství,NOUN,NNNS6-----A----,nmod,Loc,Neut,Sing,,-0.0095598348638405,O
Oxfordshire,PROPN,NNNXX-----A----,nmod,,Neut,,,-0.0105338726010765,B-gr
krátce,ADV,Dg-------1A----,advmod,,,,,0.0108476217604359,O
před,ADP,RR--7----------,case,Ins,,,,-0.0249319437810757,O
útokem,NOUN,NNIS7-----A----,obl,Ins,Masc,Sing,Inan,-0.0113462458258671,O
v,ADP,RR--6----------,case,Loc,,,,0.0503263053492704,O
březnu,NOUN,NNIS6-----A----,nmod,Loc,Masc,Sing,Inan,0.0163717346588281,B-T|B-tm
loňského,ADJ,AAIS2----1A----,amod,Gen,Masc,Sing,Inan,0.0188602283974422,I-T
roku,NOUN,NNIS2-----A---1,nmod,Gen,Masc,Sing,Inan,-0.074172482317734,I-T
.,PUNCT,Z:-------------,punct,,,,,0.9131482563949266,O
8,NUM,C=-------------,nummod,,,,,0.0244396967399727,B-T|B-td
.,PUNCT,Z:-------------,punct,,,,,0.0548008323735011,I-T|I-td
srpna,NOUN,NNIS2-----A----,obl,Gen,Masc,Sing,Inan,-0.0593785418557699,I-T|B-tm
Warren,PROPN,NNMS1-----A----,nsubj,Nom,Masc,Sing,Anim,-0.0715183181231244,B-ps
zastavil,VERB,VpYS----R-AAP--,root,,Masc,Sing,,-0.0655297524872778,O
limonádový,ADJ,AAIS4----1A----,amod,Acc,Masc,Sing,Inan,0.1052227614920145,O
stánek,NOUN,NNIS4-----A----,obj,Acc,Masc,Sing,Inan,0.028401832135568,O
obsluhovaný,ADJ,AAIS4----1A----,amod,Acc,Masc,Sing,Inan,0.0919848449978686,O
dvěma,NUM,CnXP7----------,nummod,Ins,,Plur,,0.0034223843805457,O
jedenáctiletými,ADJ,AAFP7----1A----,amod,Ins,Fem,Plur,,0.0525912833552922,O
dětmi,NOUN,NNFP7-----A----,obl:arg,Ins,Fem,Plur,,-0.1975779786041643,O
",",PUNCT,Z:-------------,punct,,,,,0.220088793129465,O
Siennou,PROPN,NNFS7-----A----,appos,Ins,Fem,Sing,,0.0352368398811987,B-P|B-pf
Michels,PROPN,NNFXX-----A----,flat,,Fem,,,0.1157424589472902,I-P|B-ps
a,CCONJ,J^-------------,cc,,,,,0.0214453660989646,O
Audrey,PROPN,NNFXX-----A----,conj,,Fem,,,0.0913991632168039,B-P|B-pf
Billings,PROPN,NNFXX-----A----,flat,,Fem,,,0.1462826713782091,I-P|B-ps
",",PUNCT,Z:-------------,punct,,,,,0.0773075690268965,O
během,ADP,RR--2----------,case,Gen,,,,-0.1379878187573408,O
prohlídky,NOUN,NNFS2-----A----,obl,Gen,Fem,Sing,,0.1441525255069916,O
autobusem,NOUN,NNIS7-----A----,nmod,Ins,Masc,Sing,Inan,-0.0130937424351626,O
po,ADP,RR--6----------,case,Loc,,,,0.3323927707617913,O
Iowě,PROPN,NNFS6-----A----,nmod,Loc,Fem,Sing,,0.0699045416553007,B-gr
.,PUNCT,Z:-------------,punct,,,,,-0.2455082666433182,O
Pokud,SCONJ,"J,-------------",mark,,,,,0.0406264377342799,O
je,AUX,VB-S---3P-AAI--,aux:pass,,,Sing,,0.0610435187461324,O
závada,NOUN,NNFS1-----A----,nsubj:pass,Nom,Fem,Sing,,0.0118824197718112,O
považována,ADJ,VsQW----X-API--,advcl,,"Fem,Neut","Plur,Sing",,0.0245708067805526,O
za,ADP,RR--4----------,case,Acc,,,,0.028759465914423,O
skutečnou,ADJ,AAFS4----1A----,amod,Acc,Fem,Sing,,-0.055063505509526,O
tovární,ADJ,AAFS4----1A----,amod,Acc,Fem,Sing,,0.0434094488092669,O
závadu,NOUN,NNFS4-----A----,obl:arg,Acc,Fem,Sing,,-0.0495745832587639,O
",",PUNCT,Z:-------------,punct,,,,,-0.2114331019267858,O
bude,AUX,VB-S---3F-AAI--,aux:pass,,,Sing,,0.0308777140158702,O
vám,PRON,PP-P3--2-------,obl:arg,Dat,,Plur,,-0.0187734422840575,O
vrácena,ADJ,VsQW----X-APP--,root,,"Fem,Neut","Plur,Sing",,0.0117464693147941,O
částka,NOUN,NNFS1-----A----,nsubj:pass,Nom,Fem,Sing,,0.053213034375009,O
.,PUNCT,Z:-------------,punct,,,,,-0.8867860574900228,O
Boss,X,F%-------------,root,,,,,-0.1755933517008793,B-P|B-pf
Hunts,X,F%-------------,flat:foreign,,,,,0.1406129315376784,I-P|B-ps
-,PUNCT,Z:-------------,punct,,,,,0.1665349740469277,O
Seskupte,VERB,Vi-P---2--A-P--,root,,,Plur,,0.0316258728104002,O
se,PRON,P7--4----------,expl:pv,Acc,,,,0.0254577338240497,O
s,ADP,RR--7----------,case,Ins,,,,0.0575921630583318,O
přáteli,NOUN,NNMP7-----A----,obl:arg,Ins,Masc,Plur,Anim,0.0632820791783726,O
nebo,CCONJ,J^-------------,cc,,,,,0.0133253616784131,O
jinými,ADJ,AAMP7----1A----,amod,Ins,Masc,Plur,Anim,-0.0449834375032722,O
hráči,NOUN,NNMP7-----A----,conj,Ins,Masc,Plur,Anim,0.106077071431566,O
",",PUNCT,Z:-------------,punct,,,,,0.1656648441084195,O
abyste,AUX,Vc-P---2-------,aux,,,Plur,,0.1266564745958689,O
lovili,VERB,VpMP----R-AAI--,advcl,,Masc,Plur,Anim,0.1201505080222882,O
bossy,NOUN,NNMP4-----A----,obj,Acc,Masc,Plur,Anim,0.1755669244974847,O
pole,NOUN,NNNS2-----A----,nmod,Gen,Neut,Sing,,0.3546478932299352,O
a,CCONJ,J^-------------,cc,,,,,-0.0700863898266925,O
světové,ADJ,AAMP4----1A----,amod,Acc,Masc,Plur,Anim,-0.0428227285662066,O
šéfy,NOUN,NNMP4-----A----,conj,Acc,Masc,Plur,Anim,0.0236315174077953,O
",",PUNCT,Z:-------------,punct,,,,,0.1620578847187397,O
abyste,AUX,Vc-P---2-------,aux,,,Plur,,0.2465972676553727,O
získali,VERB,VpMP----R-AAP--,advcl,,Masc,Plur,Anim,0.0890941929147794,O
tu,DET,PDFS4----------,det,Acc,Fem,Sing,,-0.7197172653045721,O
vzácnou,ADJ,AAFS4----1A----,amod,Acc,Fem,Sing,,0.0020069934868525,O
kořist,NOUN,NNFS4-----A----,obj,Acc,Fem,Sing,,0.0365035015333242,O
.,PUNCT,Z:-------------,punct,,,,,0.1071317145450694,O
Ideální,ADJ,AAIS1----1A----,root,Nom,Masc,Sing,Inan,0.0841880869916101,O
pro,ADP,RR--4----------,case,Acc,,,,-0.046454424296165,O
začátečníky,NOUN,NNMP4-----A----,obl,Acc,Masc,Plur,Anim,0.2775028524606557,O
",",PUNCT,Z:-------------,punct,,,,,0.320492697491288,O
kteří,DET,P4MP1----------,nsubj,Nom,Masc,Plur,Anim,-0.0934796275315153,O
chtějí,VERB,VB-P---3P-AAI--,acl:relcl,,,Plur,,-0.2455813231413123,O
vyzkoušet,VERB,Vf--------A-P--,xcomp,,,,,-0.0167340426246997,O
umění,NOUN,NNNS4-----A----,obj,Acc,Neut,Sing,,-0.1013177823093517,O
holení,NOUN,NNNS2-----A----,nmod,Gen,Neut,Sing,,-0.0281806686724226,O
s,ADP,RR--7----------,case,Ins,,,,0.1115225700467682,O
břitvami,NOUN,NNFP7-----A----,nmod,Ins,Fem,Plur,,0.2003435432081023,O
.,PUNCT,Z:-------------,punct,,,,,0.2785007721252623,O
Dalším,ADJ,AAIS7----1A----,amod,Ins,Masc,Sing,Inan,0.1661443261466558,O
krokem,NOUN,NNIS7-----A----,root,Ins,Masc,Sing,Inan,0.2018686332832848,O
je,AUX,VB-S---3P-AAI--,cop,,,Sing,,-0.3871871551134537,O
odhlášení,NOUN,NNNS1-----A----,nsubj,Nom,Neut,Sing,,-0.1892333589405216,O
na,ADP,RR--6----------,case,Loc,,,,-0.3377838390834801,O
vašem,DET,PSZS6-P2-------,det,Loc,"Masc,Neut",Sing,,-0.3019910085693102,O
zařízení,NOUN,NNNS6-----A----,nmod,Loc,Neut,Sing,,-0.0459013690671376,O
.,PUNCT,Z:-------------,punct,,,,,0.0687733202624499,O
Doslova,ADV,Db-------------,advmod,,,,,0.1176660449059377,O
vlezou,VERB,VB-P---3P-AAP--,root,,,Plur,,-0.0142612529524885,O
lidem,NOUN,NNMP3-----A----,obl:arg,Dat,Masc,Plur,Anim,0.0505883334832776,O
do,ADP,RR--2----------,case,Gen,,,,-0.2545658909025953,O
beden,NOUN,NNFP2-----A----,obl,Gen,Fem,Plur,,0.0356900894327945,O
s,ADP,RR--7----------,case,Ins,,,,-0.0229173867722014,O
nářadím,NOUN,NNNS7-----A----,nmod,Ins,Neut,Sing,,0.3076582570503049,O
a,CCONJ,J^-------------,cc,,,,,0.0473612807324844,O
budou,AUX,VB-P---3F-AAI--,aux,,,Plur,,-0.0517374719973647,O
je,PRON,PEXP4--3-------,obj,Acc,,Plur,,-0.3053031228601138,O
nosit,VERB,Vf--------A-I--,conj,,,,,0.0621668569001324,O
s,ADP,RR--7----------,case,Ins,,,,0.0135580004200588,O
sebou,PRON,P6--7----------,obl,Ins,,,,-0.0126423276833103,O
.,PUNCT,Z:-------------,punct,,,,,-0.1916146215139765,O
Jeden,NUM,CnYS1----------,nsubj:pass,Nom,Masc,Sing,,0.1453449811153184,O
z,ADP,RR--2----------,case,Gen,,,,-0.2157054332282724,O
paviánů,NOUN,NNMP2-----A----,nmod,Gen,Masc,Plur,Anim,0.1581598644265245,O
byl,AUX,VpYS----R-AAI--,aux:pass,,Masc,Sing,,0.3030569611449346,O
viděn,ADJ,VsYS----X-API--,root,,Masc,Sing,,-0.0088105853939397,O
",",PUNCT,Z:-------------,punct,,,,,0.0564752809383343,O
jak,SCONJ,"J,-------------",mark,,,,,0.1074140969111719,O
se,PRON,P7-X4----------,expl:pv,Acc,,,,-0.0116044066721335,O
tahá,VERB,VB-S---3P-AAI--,advcl,,,Sing,,-0.0357078214444014,O
s,ADP,RR--7----------,case,Ins,,,,0.0243418435885054,O
motorovou,ADJ,AAFS7----1A----,amod,Ins,Fem,Sing,,-0.0771790900198669,O
pilou,NOUN,NNFS7-----A----,obl:arg,Ins,Fem,Sing,,0.2448474232512867,O
.,PUNCT,Z:-------------,punct,,,,,0.0717867149271481,O
“,PUNCT,Z:-------------,punct,,,,,0.057262670162331,O
P,NOUN,Q3-------------,nmod,,,,,-0.0194913119062795,O
.,PUNCT,Z:-------------,punct,,,,,0.1514611832980843,O
S,NOUN,Q3-------------,nsubj,,,,,0.0478211671629407,O
.,PUNCT,Z:-------------,punct,,,,,0.2003354241556325,O
Nemohla,VERB,VpQW----R-NAI--,root,,"Fem,Neut","Plur,Sing",,0.0186126254519679,O
jsem,AUX,VB-S---1P-AAI--,aux,,,Sing,,-0.07633471905139,O
si,PRON,P7--3----------,expl:pv,Dat,,,,0.0135051316631656,O
pomoct,VERB,Vf--------A-P-1,xcomp,,,,,0.0111647916568542,O
",",PUNCT,Z:-------------,punct,,,,,0.1245047726389695,O
ale,CCONJ,J^-------------,cc,,,,,0.1617312646349986,O
viděla,VERB,VpQW----R-AAI--,conj,,"Fem,Neut","Plur,Sing",,0.0859908473644095,O
jsem,AUX,VB-S---1P-AAI--,aux,,,Sing,,0.0129946210473879,O
tu,DET,PDFS4----------,det,Acc,Fem,Sing,,-0.1306606592930243,O
charitativní,ADJ,AAFS4----1A----,amod,Acc,Fem,Sing,,0.108144391722719,O
sbírku,NOUN,NNFS4-----A----,obj,Acc,Fem,Sing,,0.2011311358897175,O
",",PUNCT,Z:-------------,punct,,,,,0.1727176886079933,O
kterou,DET,P4FS4----------,obj,Acc,Fem,Sing,,0.0258060075680871,O
jsi,AUX,VB-S---2P-AAI--,aux,,,Sing,,0.0477282647562877,O
měl,VERB,VpYS----R-AAI--,acl:relcl,,Masc,Sing,,-0.0085758411354254,O
",",PUNCT,Z:-------------,punct,,,,,0.2692833782955268,O
a,CCONJ,J^-------------,cc,,,,,0.5034792068040119,O
ty,DET,PDFP4----------,det,Acc,Fem,Plur,,0.0817386904781619,O
hromady,NOUN,NNFP4-----A----,conj,Acc,Fem,Plur,,0.2038485750761527,O
",",PUNCT,Z:-------------,punct,,,,,0.1291744843544499,O
které,DET,P4FP4----------,obj,Acc,Fem,Plur,,0.1300704383725674,O
jsi,AUX,VB-S---2P-AAI--,aux,,,Sing,,-0.0736609611952766,O
posbíral,VERB,VpYS----R-AAP--,acl:relcl,,Masc,Sing,,0.1545481928368416,O
.,PUNCT,Z:-------------,punct,,,,,0.4034035951548044,O
Nejsem,AUX,VB-S---1P-NAI--,cop,,,Sing,,0.1056220893531957,O
si,PRON,P7--3----------,expl:pv,Dat,,,,-0.0109633966899077,O
jistý,ADJ,AAMS1----1A----,root,Nom,Masc,Sing,Anim,0.0616905124383062,O
",",PUNCT,Z:-------------,punct,,,,,0.3454106501218586,O
proč,ADV,Db-------------,advmod,,,,,-0.0081111583967792,O
některé,DET,PZIP1----------,det,Nom,Masc,Plur,Inan,0.0205704032012974,O
obklady,NOUN,NNIP1-----A----,nsubj,Nom,Masc,Plur,Inan,-0.1056763376453893,O
stále,ADV,Dg-------1A----,advmod,,,,,-0.4573693610979734,O
měly,VERB,VpTP----R-AAI--,ccomp,,"Fem,Masc",Plur,Inan,-0.2845009403477889,O
nějakou,DET,PZFS4----------,det,Acc,Fem,Sing,,-0.0362260839814112,O
moc,NOUN,NNFS4-----A----,obj,Acc,Fem,Sing,,-0.0953359038169138,O
",",PUNCT,Z:-------------,punct,,,,,0.2221858020024073,O
zatímco,SCONJ,"J,-------------",mark,,,,,-0.0661768891114481,O
jiné,ADJ,AAIP1----1A----,dep,Nom,Masc,Plur,Inan,-0.0370656819681414,O
ne,PART,TT-------------,dep,,,,,0.0211670339199075,O
.,PUNCT,Z:-------------,punct,,,,,0.5069880170928853,O
Michelle,PROPN,NNFXX-----A----,nsubj,,Fem,,,-0.1697240677653509,B-P|B-pf
Obamová,PROPN,NNFS1-----A----,flat,Nom,Fem,Sing,,0.2520951539489668,I-P|B-ps
ve,ADP,RV--4----------,case,Acc,,,,0.0040906038601958,O
čtvrtek,NOUN,NNIS4-----A----,obl,Acc,Masc,Sing,Inan,-0.057201291152149,O
na,ADP,RR--6----------,case,Loc,,,,0.0178582415819508,O
sladkém,ADJ,AAIS6----1A----,amod,Loc,Masc,Sing,Inan,0.0301721650234441,O
Instagramu,PROPN,NNIS6-----A----,obl,Loc,Masc,Sing,Inan,0.0324757439025413,O
pochválila,VERB,VpQW----R-AAP--,root,,"Fem,Neut","Plur,Sing",,-0.0138121035076276,O
Meghan,PROPN,NNFXX-----A----,obj,,Fem,,,-0.0173437896905819,B-P|B-pf
Markleovou,PROPN,NNFS4-----A----,flat,Acc,Fem,Sing,,0.0190410545955577,I-P|B-ps
a,CCONJ,J^-------------,cc,,,,,-0.1255528260518773,O
nazvala,VERB,VpQW----R-AAP--,conj,,"Fem,Neut","Plur,Sing",,0.153341036957435,O
vévodkyni,NOUN,NNFS4-----A----,obj,Acc,Fem,Sing,,0.0196448652011037,O
ze,ADP,RV--2----------,case,Gen,,,,-0.0802833952314117,O
Sussexu,PROPN,NNIS2-----A----,nmod,Gen,Masc,Sing,Inan,0.0657011922059694,B-gr
přemýšlivou,ADJ,AAFS7----1A----,amod,Ins,Fem,Sing,,0.1035286780415282,O
vůdkyní,NOUN,NNFS7-----A----,obl:arg,Ins,Fem,Sing,,0.0732732570953332,O
",",PUNCT,Z:-------------,punct,,,,,0.2382856688023675,O
která,DET,P4FS1----------,nsubj,Nom,Fem,Sing,,0.3329766167526788,O
láme,VERB,VB-S---3P-AAI--,acl:relcl,,,Sing,,0.0056074153604234,O
formu,NOUN,NNFS4-----A----,obj,Acc,Fem,Sing,,0.069009776683376,O
a,CCONJ,J^-------------,cc,,,,,-0.0583083948537825,O
dělá,VERB,VB-S---3P-AAI--,conj,,,Sing,,0.1680842758507518,O
náš,DET,PSIS4-P1-------,det,Acc,Masc,Sing,Inan,0.0875061069401249,O
svět,NOUN,NNIS4-----A----,obj,Acc,Masc,Sing,Inan,0.2256151736417233,O
lepším“,ADJ,VB-P---1P-AAI--,xcomp,,,,,0.0871048033296897,O
.,PUNCT,Z:-------------,punct,,,,,0.2364814481104664,O
West,PROPN,NNMS1-----A----,nsubj,Nom,Masc,Sing,Anim,-0.011304791425619,B-ps
podal,VERB,VpYS----R-AAP--,root,,Masc,Sing,,0.4613778843198249,O
žádost,NOUN,NNFS4-----A----,obj,Acc,Fem,Sing,,0.0996716856284575,O
o,ADP,RR--4----------,case,Acc,,,,0.1683462484571267,O
potrat,NOUN,NNIS4-----A----,nmod,Acc,Masc,Sing,Inan,0.0979115342802385,O
během,ADP,RR--2----------,case,Gen,,,,0.2468136390415867,O
události,NOUN,NNFS2-----A----,obl,Gen,Fem,Sing,,0.2185694065071727,O
",",PUNCT,Z:-------------,punct,,,,,0.1697566102175893,O
která,DET,P4FS1----------,nsubj,Nom,Fem,Sing,,0.0731773167060179,O
se,PRON,P7-X4----------,expl:pv,Acc,,,,0.2294529580895685,O
konala,VERB,VpQW----R-AAI--,acl:relcl,,"Fem,Neut","Plur,Sing",,0.5045724874696449,O
19,NUM,C=-------------,nummod,,,,,-0.0596437287145755,B-T|B-td
.,PUNCT,Z:-------------,punct,,,,,-0.0077438800099374,I-T|I-td
července,NOUN,NNIS2-----A----,obl,Gen,Masc,Sing,Inan,0.1854629302078463,I-T|B-tm
.,PUNCT,Z:-------------,punct,,,,,-0.1225976463852339,O
Mnoho,DET,Ca--1----------,det:numgov,Nom,,,,0.0663677132636633,O
oblastí,NOUN,NNFP2-----A----,nsubj,Gen,Fem,Plur,,-0.0295151368455619,O
země,NOUN,NNFS2-----A----,nmod,Gen,Fem,Sing,,-0.0907457515517061,O
stále,ADV,Dg-------1A----,advmod,,,,,0.0173487733820589,O
dostává,VERB,VB-S---3P-AAI--,root,,,Sing,,-0.0991855734196005,O
nevídaný,ADJ,AAIS4----1N----,amod,Acc,Masc,Sing,Inan,-0.0281681506157482,O
déšť,NOUN,NNIS4-----A----,obj,Acc,Masc,Sing,Inan,-0.029595372401603,O
",",PUNCT,Z:-------------,punct,,,,,0.056204219045107,O
nejnovější,ADJ,AANS1----3A----,conj,Nom,Neut,Sing,,0.0785084646283072,O
je,AUX,VB-S---3P-AAI--,cop,,,Sing,,-0.1782936606200937,O
město,NOUN,NNNS1-----A----,nsubj,Nom,Neut,Sing,,-0.0978506387978435,O
Pune,PROPN,NNNXX-----A----,nmod,,Neut,,,0.0769838018736118,B-gu
v,ADP,RR--6----------,case,Loc,,,,-0.0593664675177572,O
západní,ADJ,AAFS6----1A----,amod,Loc,Fem,Sing,,0.5973824034529357,O
Indii,PROPN,NNFS6-----A----,nmod,Loc,Fem,Sing,,-0.0050549205422185,B-gc
",",PUNCT,Z:-------------,punct,,,,,0.2201904255570798,O
kde,ADV,Db-------------,advmod,,,,,-0.1319634969141995,O
přívalový,ADJ,AAIS1----1A----,amod,Nom,Masc,Sing,Inan,0.0597718673927693,O
déšť,NOUN,NNIS1-----A----,nsubj,Nom,Masc,Sing,Inan,-0.0007179814013037,O
ve,ADP,RV--4----------,case,Acc,,,,-0.0039213616146083,O
středu,NOUN,NNFS4-----A----,obl,Acc,Fem,Sing,,-0.0459224473181993,O
a,CCONJ,J^-------------,cc,,,,,0.0194382924763788,O
čtvrtek,NOUN,NNIS4-----A----,conj,Acc,Masc,Sing,Inan,-0.043029921451625,O
způsobil,VERB,VpYS----R-AAP--,acl:relcl,,Masc,Sing,,-0.0200208770478686,O
několik,DET,Ca--4----------,det:numgov,Acc,,,,-0.0924329356031117,O
úmrtí,NOUN,NNNP2-----A----,obj,Gen,Neut,Plur,,0.1330122801734516,O
a,CCONJ,J^-------------,cc,,,,,0.1504427066175976,O
paseku,NOUN,NNFS4-----A----,conj,Acc,Fem,Sing,,0.0336287998405278,O
z,ADP,RR--2----------,case,Gen,,,,0.1108957687449919,O
zhroucených,ADJ,AAFP2----1A----,amod,Gen,Fem,Plur,,0.1651725959157417,O
budov,NOUN,NNFP2-----A----,nmod,Gen,Fem,Plur,,0.062832192896448,O
.,PUNCT,Z:-------------,punct,,,,,-0.2594844264397102,O
Do,ADP,RR--2----------,case,Gen,,,,0.1419489470507306,O
té,DET,PDFS2----------,det,Gen,Fem,Sing,,0.2632328460568158,O
doby,NOUN,NNFS2-----A----,obl,Gen,Fem,Sing,,0.0521143432225833,O
bude,AUX,VB-S---3F-AAI--,aux,,,Sing,,0.0640457343458309,O
pravděpodobně,ADV,Dg-------1A----,advmod,,,,,-0.2593152864579387,O
další,ADJ,AANS1----1A----,amod,Nom,Neut,Sing,,0.6390397819436632,O
znepokojené,ADJ,AANS1----1A----,amod,Nom,Neut,Sing,,0.0820412180938398,O
dítě,NOUN,NNNS1-----A----,nsubj,Nom,Neut,Sing,,-0.1380911255287065,O
vášnivě,ADV,Dg-------1A----,advmod,,,,,0.1437827627187559,O
varovat,VERB,Vf--------A-I--,root,,,,,-0.0140288290118281,O
před,ADP,RR--7----------,case,Ins,,,,-0.051570583990848,O
kyselými,ADJ,AAIP7----1A----,amod,Ins,Masc,Plur,Inan,0.0146792688728208,O
dešti,NOUN,NNIP7-----A----,obl:arg,Ins,Masc,Plur,Inan,0.0162637266970323,O
v,ADP,RR--6----------,case,Loc,,,,0.0347640614337219,O
marťanských,ADJ,AAFP6----1A----,amod,Loc,Fem,Plur,,0.0322048161549737,O
koloniích,NOUN,NNFP6-----A----,nmod,Loc,Fem,Plur,,0.0256036867897646,O
.,PUNCT,Z:-------------,punct,,,,,0.3174528824669483,O
V,ADP,RR--6----------,case,Loc,,,,0.0036033023673737,O
listopadu,NOUN,NNIS6-----A----,obl,Loc,Masc,Sing,Inan,-0.0775721949739235,B-tm
Nejvyšší,ADJ,AAIS1----3A----,amod,Nom,Masc,Sing,Inan,0.0205549563934921,B-io
soud,NOUN,NNIS1-----A----,nsubj,Nom,Masc,Sing,Inan,-0.0156724618208636,I-io
rozhodl,VERB,VpYS----R-AAP-1,root,,Masc,Sing,,-0.0330167752582745,O
ve,ADP,RV--4----------,case,Acc,,,,-0.0990669866512324,O
prospěch,NOUN,NNIS4-----A----,fixed,Acc,Masc,Sing,Inan,-0.0257877623134816,O
chrámového,ADJ,AAIS2----1A----,amod,Gen,Masc,Sing,Inan,-0.0213905807258727,O
fondu,NOUN,NNIS2-----A----,obl,Gen,Masc,Sing,Inan,0.0207213605246355,O
s,ADP,RR--7----------,case,Ins,,,,0.0043054948894414,O
tím,DET,PDZS7----------,obl,Ins,"Masc,Neut",Sing,,-0.0273225624967115,O
",",PUNCT,Z:-------------,punct,,,,,0.1739250198363786,O
že,SCONJ,"J,-------------",mark,,,,,0.0440805271700938,O
muslimské,ADJ,AAFP1----1A----,amod,Nom,Fem,Plur,,0.0458748296634321,O
petice,NOUN,NNFP1-----A----,nsubj,Nom,Fem,Plur,,0.0626097005579724,O
dostanou,VERB,VB-P---3P-AAP--,acl,,,Plur,,0.034526270337444,O
pět,NUM,Cl-S4----------,nummod:gov,Acc,,Sing,,0.0123203859826043,O
akrů,NOUN,NNIP2-----A----,obj,Gen,Masc,Plur,Inan,0.0112182778511792,O
na,ADP,RR--6----------,case,Loc,,,,0.0063854202830369,O
alternativním,ADJ,AANS6----1A----,amod,Loc,Neut,Sing,,0.0382010273263787,O
místě,NOUN,NNNS6-----A----,obl,Loc,Neut,Sing,,-0.0231464456347844,O
.,PUNCT,Z:-------------,punct,,,,,0.0677390860972857,O
Stena,X,F%-------------,nsubj,,,,,0.0282701044360579,B-if
Bulk,X,F%-------------,flat:foreign,,,,,-0.0169611831408732,I-if
a,CCONJ,J^-------------,cc,,,,,-0.0381277570511138,O
Northern,X,F%-------------,conj,,,,,-0.0113821640661124,B-if
Marine,X,F%-------------,flat:foreign,,,,,-0.2306503166643583,I-if
Management,X,F%-------------,flat:foreign,,,,,0.0971272636514961,I-if
potvrzují,VERB,VB-P---3P-AAI--,ccomp,,,Plur,,0.1924520882500873,O
",",PUNCT,Z:-------------,punct,,,,,0.1271327761062516,O
že,SCONJ,"J,-------------",mark,,,,,-0.166148910542146,O
Stena,PROPN,NNFS1-----A----,nsubj:pass,Nom,Fem,Sing,,0.0665851452889486,B-op
Impero,PROPN,NNNS1-----A----,flat:foreign,Nom,Neut,Sing,,0.0323693400280824,I-op
a,CCONJ,J^-------------,cc,,,,,0.1166160056967442,O
jeho,DET,P9XXXZS3-------,det,,,,,-0.1060047531876113,O
posádka,NOUN,NNFS1-----A----,conj,Nom,Fem,Sing,,0.1805869754843451,O
byly,AUX,VpTP----R-AAI--,aux:pass,,"Fem,Masc",Plur,Inan,-0.2863494338078153,O
propuštěny,ADJ,VsTP----X-APP--,ccomp,,"Fem,Masc",Plur,Inan,0.163906426093367,O
",",PUNCT,Z:-------------,punct,,,,,0.2342560209809286,O
řekl,VERB,VpYS----R-AAP--,root,,Masc,Sing,,0.3880238669468044,O
přes,ADP,RR--4----------,case,Acc,,,,0.2430881337609868,O
Twitter,PROPN,NNIS4-----A----,obl,Acc,Masc,Sing,Inan,-0.3150486317175399,B-mn
.,PUNCT,Z:-------------,punct,,,,,0.1476544502257737,O
Kromě,ADP,RR--2----------,case,Gen,,,,-0.1431670363342792,O
toho,DET,PDZS2----------,obl,Gen,"Masc,Neut",Sing,,-0.0541000194151163,O
tato,DET,PDFS1----------,det,Nom,Fem,Sing,,-0.0194146278071805,O
technologie,NOUN,NNFS1-----A----,nsubj,Nom,Fem,Sing,,-0.0419695419587024,O
nepotřebuje,VERB,VB-S---3P-NAI--,root,,,Sing,,0.0444102365591233,O
speciální,ADJ,AANS4----1A----,amod,Acc,Neut,Sing,,-0.0044924560108292,O
vybavení,NOUN,NNNS4-----A----,obj,Acc,Neut,Sing,,-0.1005955098139673,O
",",PUNCT,Z:-------------,punct,,,,,0.0947457568940115,O
a,CCONJ,J^-------------,cc,,,,,-0.1134831130393851,O
tak,CCONJ,J^-------------,cc,,,,,-0.1096332235421679,O
může,VERB,VB-S---3P-AAI--,conj,,,Sing,,-0.0513148810164745,O
jednoduše,ADV,Dg-------1A----,advmod,,,,,0.0417822740801409,O
a,CCONJ,J^-------------,cc,,,,,-0.1046038335670881,O
snadno,ADV,Dg-------1A----,conj,,,,,-0.0617590727691193,O
vytvářet,VERB,Vf--------A-I--,xcomp,,,,,-0.0368747604657389,O
diagnostické,ADJ,AAFP4----1A----,amod,Acc,Fem,Plur,,0.712778474163696,O
soupravy,NOUN,NNFP4-----A----,obj,Acc,Fem,Plur,,0.5148378346207276,O
.,PUNCT,Z:-------------,punct,,,,,-0.28369053010847,O
Soutěž,NOUN,NNFS1-----A----,nsubj,Nom,Fem,Sing,,0.5590093515820026,O
dále,ADV,Db-------------,advmod,,,,,-0.047363385050021,O
slaví,VERB,VB-S---3P-AAI--,root,,,Sing,,0.0552667464860512,O
špičkové,ADJ,AANS4----1A----,amod,Acc,Neut,Sing,,0.0452160134505377,O
vysokoškolské,ADJ,AANS4----1A----,amod,Acc,Neut,Sing,,0.0614050297434978,O
studium,NOUN,NNNS4-----A----,obj,Acc,Neut,Sing,,-0.1795439956425619,O
a,CCONJ,J^-------------,cc,,,,,-0.2019802858154867,O
pomáhá,VERB,VB-S---3P-AAI--,conj,,,Sing,,0.0826988389351182,O
vytvářet,VERB,Vf--------A-I--,xcomp,,,,,0.2699074968072322,O
spolupráci,NOUN,NNFS4-----A----,obj,Acc,Fem,Sing,,-0.201035568359488,O
mezi,ADP,RR--7----------,case,Ins,,,,0.1222664257474059,O
studenty,NOUN,NNMP7-----A----,nmod,Ins,Masc,Plur,Anim,0.1255417117578102,O
a,CCONJ,J^-------------,cc,,,,,-0.115969318881194,O
nedávnými,ADJ,AAMP7----1N----,amod,Ins,Masc,Plur,Anim,0.3014497132476657,O
absolventy,NOUN,NNMP7-----A----,conj,Ins,Masc,Plur,Anim,0.0497772109875525,O
po,ADP,RR--6----------,case,Loc,,,,0.0754431446001474,O
celém,ADJ,AAIS6----1A----,amod,Loc,Masc,Sing,Inan,0.1439786886553661,O
světě,NOUN,NNIS6-----A----,nmod,Loc,Masc,Sing,Inan,0.1805710010854035,O
.,PUNCT,Z:-------------,punct,,,,,0.1223118845536544,O
Děkuji,VERB,VB-S---1P-AAI-1,root,,,Sing,,0.064484119338974,O
své,DET,P8FS3---------1,det,Dat,Fem,Sing,,-0.0319296983615533,O
přítelkyni,NOUN,NNFS3-----A----,obl:arg,Dat,Fem,Sing,,-0.0411644991571445,O
",",PUNCT,Z:-------------,punct,,,,,0.118099810353743,O
Její,DET,P9FXXFS3-------,det,,Fem,,,-0.028576127284596,B-p_
Královské,ADJ,AAFS3----1A----,dep,Dat,Fem,Sing,,0.0267904358446368,I-p_
Výsosti,NOUN,NNFS3-----A----,obl:arg,Dat,Fem,Sing,,-0.0060718625556268,I-p_
Vévodkyni,NOUN,NNFS3-----A----,nmod,Dat,Fem,Sing,,0.0007532722083489,I-p_
ze,ADP,RV--2----------,case,Gen,,,,0.0028376458870842,O
Sussexu,PROPN,NNIS2-----A----,nmod,Gen,Masc,Sing,Inan,0.0985116656140343,B-gc
",",PUNCT,Z:-------------,punct,,,,,0.2258856857417591,O
přemýšlivé,ADJ,AAFS3----1A----,amod,Dat,Fem,Sing,,0.0957955186074451,O
vůdkyni,NOUN,NNFS3-----A----,conj,Dat,Fem,Sing,,0.0454185624959113,O
",",PUNCT,Z:-------------,punct,,,,,0.084427358735871,O
která,DET,P4FS1----------,nsubj,Nom,Fem,Sing,,-0.1333806426769353,O
rozbíjí,VERB,VB-S---3P-AAI--,acl:relcl,,,Sing,,0.078486152086652,O
plíseň,NOUN,NNFS4-----A----,obj,Acc,Fem,Sing,,0.0085934703889624,O
a,CCONJ,J^-------------,cc,,,,,-0.0533084637561238,O
dělá,VERB,VB-S---3P-AAI--,conj,,,Sing,,-0.1314586303895637,O
náš,DET,PSIS4-P1-------,det,Acc,Masc,Sing,Inan,0.0025833291402766,O
svět,NOUN,NNIS4-----A----,obj,Acc,Masc,Sing,Inan,-0.1207006647136667,O
lepším,ADJ,AAIS7----2A----,obl:arg,Ins,Masc,Sing,Inan,0.1260963225056673,O
",",PUNCT,Z:-------------,punct,,,,,0.1917123413801447,O
“,PUNCT,Z:-------------,punct,,,,,-0.2387781921446365,O
napsala,VERB,VpQW----R-AAP--,root,,"Fem,Neut","Plur,Sing",,-0.0523071481030594,O
bývalá,ADJ,AAFS1----1A----,amod,Nom,Fem,Sing,,0.0322409238696034,O
první,ADJ,CrFS1----------,amod,Nom,Fem,Sing,,-0.0301942536446135,O
dáma,NOUN,NNFS1-----A----,nsubj,Nom,Fem,Sing,,0.1120864139704943,O
ve,ADP,RV--6----------,case,Loc,,,,0.0336919006853285,O
svém,DET,P8ZS6----------,det,Loc,"Masc,Neut",Sing,,0.0362847593378892,O
zářícím,ADJ,AGIS6-----A----,amod,Loc,Masc,Sing,Inan,0.1209513803095878,O
příspěvku,NOUN,NNIS6-----A----,obl,Loc,Masc,Sing,Inan,-0.0666237727636824,O
.,PUNCT,Z:-------------,punct,,,,,0.6009035275764772,O
Po,ADP,RR--6----------,case,Loc,,,,-0.4311146144312739,O
hodině,NOUN,NNFS6-----A----,obl,Loc,Fem,Sing,,0.0942596978874273,O
čekání,NOUN,NNNS2-----A----,nmod,Gen,Neut,Sing,,-0.0371664910078768,O
jsem,AUX,VB-S---1P-AAI--,aux,,,Sing,,-0.259485979979915,O
jí,PRON,PEFS3--3------1,obl:arg,Dat,Fem,Sing,,-0.0681361251616693,O
řekl,VERB,VpYS----R-AAP--,root,,Masc,Sing,,0.1074243499777707,O
",",PUNCT,Z:-------------,punct,,,,,-0.0676849064808057,O
co,PRON,PQ--4----------,obj,Acc,,,Inan,0.1027892513052856,O
jsem,AUX,VB-S---1P-AAI--,aux,,,Sing,,-0.1555249193849639,O
si,PRON,P7--3----------,obl,Dat,,,,0.1325548289853366,O
rezervoval,VERB,VpYS----R-AAB--,ccomp,,Masc,Sing,,0.0459632085504622,O
",",PUNCT,Z:-------------,punct,,,,,0.0763167254439336,O
a,CCONJ,J^-------------,cc,,,,,0.2075490568957672,O
ona,PRON,PEFS1--3-------,nsubj,Nom,Fem,Sing,,-0.0915186014033884,O
mě,PRON,PH-S4--1-------,iobj,Acc,,Sing,,-0.3975678367830888,O
nahlas,ADV,Db-------------,advmod,,,,,0.2120196536547142,O
obvinila,VERB,VpQW----R-AAP--,conj,,"Fem,Neut","Plur,Sing",,0.1345521093128885,O
",",PUNCT,Z:-------------,punct,,,,,0.2196947584345011,O
že,SCONJ,"J,-------------",mark,,,,,0.1334650658703908,O
jí,PRON,PEFS3--3------1,obl:arg,Dat,Fem,Sing,,0.0344655836468142,O
lžu,VERB,VB-S---1P-AAI--,ccomp,,,Sing,,0.1217533489327138,O
a,CCONJ,J^-------------,cc,,,,,-0.0118107309463843,O
řekla,VERB,VpQW----R-AAP--,conj,,"Fem,Neut","Plur,Sing",,-0.0115396185277128,O
mi,PRON,PH-S3--1-------,obl:arg,Dat,,Sing,,0.0257836446420851,O
",",PUNCT,Z:-------------,punct,,,,,0.0484411156654763,O
že,SCONJ,"J,-------------",mark,,,,,0.1649978532434463,O
mi,PRON,PH-S3--1-------,obl:arg,Dat,,Sing,,0.2312962423265566,O
to,DET,PDNS1----------,nsubj,Nom,Neut,Sing,,0.1468449368626788,O
sekne,VERB,VB-S---3P-AAP--,ccomp,,,Sing,,0.1114377711566132,O
.,PUNCT,Z:-------------,punct,,,,,-0.2376150221786252,O
A,CCONJ,J^-------------,cc,,,,,0.3246341344103695,O
15,NUM,C=-------------,nsubj,,,,,0.138191184382241,B-nc
milionů,DET,CzIP2----------,det,Gen,Masc,Plur,Inan,0.1151780567457834,I-nc
lidí,NOUN,NNMP2-----A----,nmod,Gen,Masc,Plur,Anim,0.2128536592119392,O
navštěvuje,VERB,VB-S---3P-AAI--,root,,,Sing,,0.056744065416996,O
jezero,NOUN,NNNS4-----A----,obj,Acc,Neut,Sing,,0.059807746593681,O
ročně,ADV,Dg-------1A----,advmod,,,,,0.0619432995546009,O
-,PUNCT,Z:-------------,punct,,,,,0.296413784389902,O
spolu,ADV,Db-------------,case,,,,,-0.1044661944951453,O
s,ADP,RR--7----------,fixed,Ins,,,,0.1133361677315572,O
odpadky,NOUN,NNIP7-----A----,obl,Ins,Masc,Plur,Inan,0.1918736219793304,O
",",PUNCT,Z:-------------,punct,,,,,0.5603722266027843,O
které,DET,P4YP4----------,obj,Acc,Masc,Plur,,0.4091010950680034,O
opouštějí,VERB,VB-P---3P-AAI--,acl:relcl,,,Plur,,0.1307813770748713,O
.,PUNCT,Z:-------------,punct,,,,,-0.0900896570048597,O
Joker“,X,F%-------------,nsubj,,,,,0.0327962109631327,B-oa
",",PUNCT,Z:-------------,punct,,,,,0.0605966450372278,O
který,DET,P4IS4----------,obj,Acc,Masc,Sing,Inan,-0.0515114787199733,O
režíruje,VERB,VB-S---3P-AAI--,acl:relcl,,,Sing,,0.0395399859528375,O
Todd,PROPN,NNMS1-----A----,nsubj,Nom,Masc,Sing,Anim,0.0190959632240271,B-P|B-pf
Phillips,PROPN,NNMS1-----A----,flat,Nom,Masc,Sing,Anim,0.0251072625217182,I-P|B-ps
a,CCONJ,J^-------------,cc,,,,,0.0816646830791434,O
hlavní,ADJ,AAFS7----1A----,amod,Ins,Fem,Sing,,-0.0309274926857911,O
postavou,NOUN,NNFS7-----A----,conj,Ins,Fem,Sing,,0.0124543260404554,O
je,AUX,VB-S---3P-AAI--,cop,,,Sing,,-0.1348645044242932,O
Joaquin,PROPN,NNMS1-----A----,nsubj,Nom,Masc,Sing,Anim,-0.0349594873418983,B-P|B-pf
Phoenix,PROPN,NNMS1-----A----,flat,Nom,Masc,Sing,Anim,-0.0711608604900053,I-P|B-ps
",",PUNCT,Z:-------------,punct,,,,,0.2733817282699626,O
má,VERB,VB-S---3P-AAI--,root,,,Sing,,0.0752694454880285,O
vyjít,VERB,Vf--------A-P--,xcomp,,,,,0.0920127551945304,O
4,NUM,C=-------------,nummod,,,,,-0.0245422667494758,B-T|B-td
.,PUNCT,Z:-------------,punct,,,,,0.0436678884228944,I-T|I-td
října,NOUN,NNIS2-----A----,obl,Gen,Masc,Sing,Inan,-0.0676606321365684,I-T|B-tm
ve,ADP,RV--6----------,case,Loc,,,,-0.0733610377724618,O
Spojených,ADJ,AAIP6----1A----,amod,Loc,Masc,Plur,Inan,0.0458398699723251,B-gc
státech,NOUN,NNIP6-----A----,obl,Loc,Masc,Plur,Inan,0.0727511594803872,I-gc
a,CCONJ,J^-------------,cc,,,,,0.0081411079299035,O
očekává,VERB,VB-S---3P-AAI--,conj,,,Sing,,0.0053250603850274,O
se,PRON,P7-X4----------,expl:pass,Acc,,,,0.0533548124170591,O
",",PUNCT,Z:-------------,punct,,,,,0.0861484096267339,O
že,SCONJ,"J,-------------",mark,,,,,-0.0481500420979815,O
se,PRON,P7-X4----------,expl:pv,Acc,,,,0.0246198226536365,O
stane,VERB,VB-S---3P-AAP--,csubj:pass,,,Sing,,0.032638803006501,O
kasovním,ADJ,AAIS7----1A----,amod,Ins,Masc,Sing,Inan,0.0414940160324336,O
trhákem,NOUN,NNIS7-----A----,obl:arg,Ins,Masc,Sing,Inan,0.0806569987186828,O
.,PUNCT,Z:-------------,punct,,,,,0.074409130220195,O
Následuje,VERB,VB-S---3P-AAI--,root,,,Sing,,-0.0057845797063283,O
sestup,NOUN,NNIS1-----A----,nsubj,Nom,Masc,Sing,Inan,-0.1166241763487925,O
sociálně,ADV,Dg-------1A----,advmod,,,,,0.0027889226603273,O
izolovaného,ADJ,AAMS2----1A----,amod,Gen,Masc,Sing,Anim,0.0418417421534715,O
a,CCONJ,J^-------------,cc,,,,,-0.0311723425320676,O
duševně,ADV,Dg-------1A----,advmod,,,,,0.027457964755827,O
nemocného,ADJ,AAMS2----1A----,conj,Gen,Masc,Sing,Anim,0.0172908706614324,O
člověka,NOUN,NNMS2-----A----,nmod,Gen,Masc,Sing,Anim,-0.0114151326125335,O
",",PUNCT,Z:-------------,punct,,,,,0.049259834849676,O
který,DET,P4YS1----------,nsubj,Nom,Masc,Sing,,0.0644761622188787,O
se,PRON,P7-X4----------,expl:pv,Acc,,,,0.031625654282052,O
stává,VERB,VB-S---3P-AAI--,acl:relcl,,,Sing,,-0.0232149402205689,O
masově,ADV,Dg-------1A----,advmod,,,,,0.0324626141373112,O
vraždícím,ADJ,AGMS7-----A----,amod,Ins,Masc,Sing,Anim,0.0105610703363952,O
",",PUNCT,Z:-------------,punct,,,,,0.163449490434853,O
zelenovlasým,ADJ,AAMS7----1A----,conj,Ins,Masc,Sing,Anim,0.0332533536575194,O
",",PUNCT,Z:-------------,punct,,,,,0.16654497037594,O
bledým,ADJ,AAMS7----1A----,conj,Ins,Masc,Sing,Anim,0.1068901230304257,O
nemesis,X,F%-------------,obl:arg,,,,,0.0789131190037256,O
Batmana,PROPN,NNMS2-----A----,nmod,Gen,Masc,Sing,Anim,0.0014143062459022,B-p_
.,PUNCT,Z:-------------,punct,,,,,0.3648889610491017,O
Protlačil,VERB,VpYS----R-AAP--,ccomp,,Masc,Sing,,0.3329586550589667,O
se,PRON,P7-X4----------,expl:pv,Acc,,,,0.1113259127521459,O
dovnitř,ADV,Db-------------,advmod,,,,,-0.0335022112294823,O
a,CCONJ,J^-------------,cc,,,,,0.1297987761152687,O
svázal,VERB,VpYS----R-AAP--,conj,,Masc,Sing,,0.0379523983728775,O
Cassidyho,PROPN,NNMS4-----A----,obj,Acc,Masc,Sing,Anim,0.1862387971574726,B-p_
",",PUNCT,Z:-------------,punct,,,,,0.0129368018707258,O
říkali,VERB,VpMP----R-AAI--,root,,Masc,Plur,Anim,-0.0940525737563613,O
úředníci,NOUN,NNMP1-----A----,nsubj,Nom,Masc,Plur,Anim,0.2255103121295139,O
.,PUNCT,Z:-------------,punct,,,,,0.0618399949589557,O
Když,SCONJ,"J,-------------",mark,,,,,-0.0520069447355104,O
se,PRON,P7-X4----------,expl:pv,Acc,,,,0.0080805408160101,O
zbytek,NOUN,NNIS1-----A----,nsubj,Nom,Masc,Sing,Inan,0.0016351776834515,O
její,DET,P9FXXFS3-------,det,,Fem,,,-0.0590998034086254,O
rodiny,NOUN,NNFS2-----A----,nmod,Gen,Fem,Sing,,-0.0232171810060743,O
o,ADP,RR--4----------,case,Acc,,,,-0.1366217908814189,O
několik,DET,Ca--4----------,det:numgov,Acc,,,,-0.1014070080501868,O
minut,NOUN,NNFP2-----A----,obl,Gen,Fem,Plur,,0.2430219301159651,O
později,ADV,Dg-------2A----,advmod,,,,,-0.1805969779914942,O
vrátil,VERB,VpYS----R-AAP--,advcl,,Masc,Sing,,-0.0976058489560541,O
",",PUNCT,Z:-------------,punct,,,,,0.1829559043902398,O
Haskell,PROPN,NNMS1-----A----,nsubj,Nom,Masc,Sing,Anim,0.0370402704000018,B-ps
je,PRON,PEXP4--3-------,obj,Acc,,Plur,,-0.0162299900307787,O
svázal,VERB,VpYS----R-AAP--,root,,Masc,Sing,,0.0788526157867694,O
a,CCONJ,J^-------------,cc,,,,,0.1407282041387209,O
chtěl,VERB,VpYS----R-AAI--,conj,,Masc,Sing,,-0.1378223191852629,O
vědět,VERB,Vf--------A-I--,xcomp,,,,,-0.110422215630694,O
",",PUNCT,Z:-------------,punct,,,,,0.1212972548453501,O
kde,ADV,Db-------------,advmod,,,,,0.0069456781936865,O
se,PRON,P7-X4----------,expl:pv,Acc,,,,0.4335796020405931,O
nachází,VERB,VB-S---3P-AAI--,ccomp,,,Sing,,0.0075779545211623,O
jeho,DET,P9XXXZS3-------,det,,,,,-0.0135084830716494,O
bývalá,ADJ,AAFS1----1A----,amod,Nom,Fem,Sing,,0.0120316422817101,O
žena,NOUN,NNFS1-----A----,nsubj,Nom,Fem,Sing,,-0.0557904906176183,O
.,PUNCT,Z:-------------,punct,,,,,0.0728960481326121,O
Řekli,VERB,VpMP----R-AAP--,root,,Masc,Plur,Anim,0.0785400135519177,O
",",PUNCT,Z:-------------,punct,,,,,0.0380239216808933,O
že,SCONJ,"J,-------------",mark,,,,,-0.1447377198575727,O
to,DET,PDNS4----------,obj,Acc,Neut,Sing,,0.0355299266097943,O
nevědí,VERB,VB-P---3P-NAI--,ccomp,,,Plur,,0.1076746585185514,O
",",PUNCT,Z:-------------,punct,,,,,0.0939802229874847,O
a,CCONJ,J^-------------,cc,,,,,0.1420807967205809,O
každý,DET,AAMS1----1A----,nsubj:pass,Nom,Masc,Sing,Anim,-0.0762749043207965,O
byl,AUX,VpYS----R-AAI--,aux:pass,,Masc,Sing,,0.0531502295801017,O
střelen,ADJ,VsYS----X-APP--,conj,,Masc,Sing,,-0.051224985445678,O
zezadu,ADV,Db-------------,advmod,,,,,0.1077631330782005,O
do,ADP,RR--2----------,case,Gen,,,,-0.0107301300947624,O
hlavy,NOUN,NNFS2-----A----,obl,Gen,Fem,Sing,,0.0828937496689623,O
.,PUNCT,Z:-------------,punct,,,,,0.091492183386811,O
Obávám,VERB,VB-S---1P-AAI--,root,,,Sing,,0.1341869156651728,O
se,PRON,P7-X4----------,expl:pv,Acc,,,,-0.1247827073873048,O
",",PUNCT,Z:-------------,punct,,,,,0.0588715330278733,O
že,SCONJ,"J,-------------",mark,,,,,0.007304183357219,O
bych,AUX,Vc----------Ic-,aux,,,Sing,,-0.0101592603310454,O
nebyl,AUX,VpYS----R-NAI--,cop,,Masc,Sing,,-0.0065777236291522,O
schopen,ADJ,ACYS------A----,ccomp,,Masc,Sing,,-0.0312193941913849,O
potvrdit,VERB,Vf--------A-P--,xcomp,,,,,0.0007341359192543,O
cenu,NOUN,NNFS4-----A----,obj,Acc,Fem,Sing,,-0.0830726081181219,O
postele,NOUN,NNFS2-----A----,nmod,Gen,Fem,Sing,,-0.0434182933021737,O
",",PUNCT,Z:-------------,punct,,,,,0.0854315597072197,O
dokud,SCONJ,"J,-------------",mark,,,,,0.0322340515462122,O
nebude,AUX,VB-S---3F-NAI--,advcl,,,Sing,,0.0607221064758741,O
znovu,ADV,Db-------------,advmod,,,,,0.0209556282816105,O
k,ADP,RR--3----------,case,Dat,,,,-0.1605203519194318,O
dispozici,NOUN,NNFS3-----A----,obl,Dat,Fem,Sing,,0.0135171674428576,O
na,ADP,RR--6----------,case,Loc,,,,-0.0805562125240183,O
webových,ADJ,AAFP6----1A----,amod,Loc,Fem,Plur,,0.0036594357705466,O
stránkách,NOUN,NNFP6-----A----,obl,Loc,Fem,Plur,,-0.1502962212318784,O
",",PUNCT,Z:-------------,punct,,,,,0.093578779860152,O
protože,SCONJ,"J,-------------",mark,,,,,-0.1198364456945597,O
byla,AUX,VpQW----R-AAI--,aux:pass,,"Fem,Neut","Plur,Sing",,-0.0365416190876696,O
snížena,ADJ,VsQW----X-APP--,advcl,,"Fem,Neut","Plur,Sing",,0.0638856500840123,O
v,ADP,RR--6----------,case,Loc,,,,-0.026088938513756,O
našem,DET,PSZS6-P1-------,det,Loc,"Masc,Neut",Sing,,-0.222723771467865,O
zimním,ADJ,AAIS6----1A----,amod,Loc,Masc,Sing,Inan,-0.0188143445684755,O
prodeji,NOUN,NNIS6-----A----,obl,Loc,Masc,Sing,Inan,-0.0346221301691743,O
",",PUNCT,Z:-------------,punct,,,,,0.1121296034403231,O
je,AUX,VB-S---3P-AAI--,cop,,,Sing,,-0.2136575923689309,O
pravděpodobné,ADJ,AANS1----1A----,conj,Nom,Neut,Sing,,0.1286002883994075,O
",",PUNCT,Z:-------------,punct,,,,,-0.0112124659434807,O
že,SCONJ,"J,-------------",mark,,,,,0.0477154726565904,O
to,DET,PDNS1----------,csubj,Nom,Neut,Sing,,-0.012239100571165,O
nebude,AUX,VB-S---3F-NAI--,cop,,,Sing,,0.0481003994918042,O
cena,NOUN,NNFS1-----A----,nsubj,Nom,Fem,Sing,,-0.0151074193772644,O
článku,NOUN,NNIS2-----A----,nmod,Gen,Masc,Sing,Inan,-0.0689281992854432,O
",",PUNCT,Z:-------------,punct,,,,,0.0501045638324337,O
když,SCONJ,"J,-------------",mark,,,,,-0.0696502260480865,O
bude,AUX,VB-S---3F-AAI--,aux:pass,,,Sing,,-0.0864203276961566,O
přidán,ADJ,VsYS----X-APP--,advcl,,Masc,Sing,,-0.0336464164714085,O
zpět,ADV,Db-------------,advmod,,,,,0.0121450041657415,O
na,ADP,RR--4----------,case,Acc,,,,0.0163471046903821,O
web,NOUN,NNIS4-----A----,obl,Acc,Masc,Sing,Inan,0.7465942191446067,O
A,CCONJ,J^-------------,cc,,,,,0.0852516162723101,O
teď,ADV,Db-------------,root,,,,,-0.0588206646547628,O
ta,DET,PDFS1----------,det,Nom,Fem,Sing,,0.017770306826222,O
špatná,ADJ,AAFS1----1A----,amod,Nom,Fem,Sing,,-0.055790700179396,O
zpráva,NOUN,NNFS1-----A----,conj,Nom,Fem,Sing,,-0.1242192197636459,O
:,PUNCT,Z:-------------,punct,,,,,0.0791707147279064,O
jezero,NOUN,NNNS1-----A----,nsubj,Nom,Neut,Sing,,-0.00394568601965,O
Tahoe,PROPN,NNNXX-----A----,nmod,,Neut,,,0.1026249706841939,B-gh
už,ADV,Db-------------,advmod,,,,,-0.0700216553681819,O
není,AUX,VB-S---3P-NAI--,cop,,,Sing,,0.0247071708736776,O
tak,ADV,Db-------------,advmod,,,,,-0.041557835606679,O
čisté,ADJ,AANS1----1A----,appos,Nom,Neut,Sing,,0.0990792809835578,O
",",PUNCT,Z:-------------,punct,,,,,0.4774976216041174,O
není,AUX,VB-S---3P-NAI--,cop,,,Sing,,0.029067822915947,O
tak,ADV,Db-------------,advmod,,,,,-0.0177644222605746,O
jasné,ADJ,AANS1----1A----,conj,Nom,Neut,Sing,,0.1005313887670275,O
",",PUNCT,Z:-------------,punct,,,,,0.5478832353571221,O
jak,ADV,Db-------------,advmod,,,,,0.1343774958597268,O
bývalo,AUX,VpNS----R-AAI--,advcl,,Neut,Sing,,0.0502910228506649,O
",",PUNCT,Z:-------------,punct,,,,,0.3281557525994802,O
když,SCONJ,"J,-------------",mark,,,,,0.1032987024815273,O
se,PRON,P7-X4----------,expl:pv,Acc,,,,-0.0552332189358892,O
sem,ADV,Db-------------,advmod,,,,,-0.0146236623471587,O
před,ADP,RR--7----------,case,Ins,,,,0.0488777451825375,O
více,ADV,Dg-------2A----,advmod,,,,,0.1720169359804942,O
než,SCONJ,"J,-------------",mark,,,,,0.0060941165616011,O
dvěma,NUM,CnXP7----------,obl,Ins,,Plur,,0.1520833050986051,O
desítkami,NOUN,NNFP7-----A----,obl,Ins,Fem,Plur,,0.0727641283536067,O
let,NOUN,NNNP2-----A----,nmod,Gen,Neut,Plur,,0.0604749867102175,O
přistěhoval,VERB,VpYS----R-AAP--,advcl,,Masc,Sing,,0.1460515119351064,O
.,PUNCT,Z:-------------,punct,,,,,0.0278783305281781,O
>,PUNCT,Z:-------------,punct,,,,,0.1889231645743103,O
Decoupling,PROPN,NNIS1-----A----,nsubj,Nom,Masc,Sing,Inan,0.1456403851951136,O
je,PRON,PEXP4--3-------,obj,Acc,,Plur,,-0.1962824402569973,O
bude,AUX,VB-S---3F-AAI--,aux,,,Sing,,0.2039806737690269,O
potřebovat,VERB,Vf--------A-I--,root,,,,,0.0871635896261669,O
",",PUNCT,Z:-------------,punct,,,,,0.3857429751504987,O
aby,AUX,Vc-------------,aux,,,,,0.3350363944356838,O
se,PRON,P7-X4----------,expl:pv,Acc,,,,-0.0721537613731852,O
ujistil,VERB,VpYS----R-AAP--,advcl,,Masc,Sing,,0.0847087139504689,O
",",PUNCT,Z:-------------,punct,,,,,0.2117868168076025,O
že,SCONJ,"J,-------------",mark,,,,,0.0598456004953562,O
jejich,DET,P9XXXXP3-------,det,,,,,0.1583681821908661,O
aplikace,NOUN,NNFP1-----A----,nsubj,Nom,Fem,Plur,,-0.0243117529022143,O
fungují,VERB,VB-P---3P-AAI--,ccomp,,,Plur,,0.1665228492101495,O
na,ADP,RR--6----------,case,Loc,,,,-0.2008368360934966,O
všech,DET,PLXP6----------,det,Loc,,Plur,,-0.2589088974449438,O
různých,ADJ,AAFP6----1A----,amod,Loc,Fem,Plur,,-0.1327006569011388,O
verzích,NOUN,NNFP6-----A----,obl,Loc,Fem,Plur,,0.1179519198949209,O
iOS,NOUN,BNXXX-----A----,nmod,,,,,-0.2399692263959503,B-op
.,PUNCT,Z:-------------,punct,,,,,0.0070662631773904,O
Mnoho,DET,Ca--1----------,det:numgov,Nom,,,,0.3116122349873381,O
lidí,NOUN,NNMP2-----A----,nsubj,Gen,Masc,Plur,Anim,0.0602454679973791,O
",",PUNCT,Z:-------------,punct,,,,,-0.0409812090984821,O
kteří,DET,P4MP1----------,nsubj,Nom,Masc,Plur,Anim,0.011765462578746,O
nesnáší,VERB,VB-P---3P-NAI--,acl:relcl,,,Plur,,-0.0441359939064013,O
translidi,NOUN,NNMP4-----A----,obj,Acc,Masc,Plur,Anim,-0.0054404013991867,O
",",PUNCT,Z:-------------,punct,,,,,0.6124420867465863,O
také,ADV,Db-------------,advmod,,,,,0.1779890618156621,O
nesnáší,VERB,VB-S---3P-NAI--,root,,,Sing,,0.1823501156184847,O
černochy,NOUN,NNMP4-----A----,obj,Acc,Masc,Plur,Anim,0.1495601964889032,O
.,PUNCT,Z:-------------,punct,,,,,0.0465057864369473,O
"""",PUNCT,Z:-------------,punct,,,,,0.6222625494988269,O
Vstali,VERB,VpMP----R-AAP--,ccomp,,Masc,Plur,Anim,0.0770361054600989,O
a,CCONJ,J^-------------,cc,,,,,0.0101531583079378,O
takhle,ADV,Db-------------,advmod,,,,,-0.3580053112060681,O
vyběhli,VERB,VpMP----R-AAP-1,conj,,Masc,Plur,Anim,0.047393475688219,O
z,ADP,RR--2----------,case,Gen,,,,-0.008587423414381,O
auta,NOUN,NNNS2-----A----,obl,Gen,Neut,Sing,,-0.0583485121277635,O
mého,DET,PSZS2-S1-------,det,Gen,"Masc,Neut",Sing,,-0.0206508665644986,O
syna,NOUN,NNMS2-----A----,nmod,Gen,Masc,Sing,Anim,-0.0944859164430303,O
",",PUNCT,Z:-------------,punct,,,,,0.0311243602155642,O
kam,ADV,Db-------------,advmod,,,,,-0.0508437546068795,O
jste,AUX,VB-P---2P-AAI--,aux,,,Plur,,-0.0275695926261273,O
běželi,VERB,VpMP----R-AAI--,acl:relcl,,Masc,Plur,Anim,0.0558441343463584,O
",",PUNCT,Z:-------------,punct,,,,,0.2805163782633197,O
"""",PUNCT,Z:-------------,punct,,,,,0.1227025710760731,O
"""",PUNCT,Z:-------------,punct,,,,,0.1291184842910286,O
řekl,VERB,VpYS----R-AAP--,root,,Masc,Sing,,-0.1981048131091098,O
Alford,PROPN,NNMS1-----A----,nsubj,Nom,Masc,Sing,Anim,0.1391928649236928,B-p_
.,PUNCT,Z:-------------,punct,,,,,-0.0410836791446939,O
"""",PUNCT,Z:-------------,punct,,,,,0.0957247185621635,O
Vrátili,VERB,VpMP----R-AAP--,root,,Masc,Plur,Anim,0.1542644609218094,O
jste,AUX,VB-P---2P-AAI--,aux,,,Plur,,0.0231501359879635,O
se,PRON,P7-X4----------,expl:pv,Acc,,,,0.0648769215261264,O
a,CCONJ,J^-------------,cc,,,,,0.0692466738148729,O
pokusili,VERB,VpMP----R-AAP--,conj,,Masc,Plur,Anim,0.0243534300271232,O
jste,AUX,VB-P---2P-AAI--,aux,,,Plur,,0.0076938432178454,O
se,PRON,P7-X4----------,expl:pv,Acc,,,,-0.0378557146284414,O
mu,PRON,P5ZS3--3-------,obl:arg,Dat,"Masc,Neut",Sing,,-0.0483994586048003,O
pomoct,VERB,Vf--------A-P-1,xcomp,,,,,0.0444000285050134,O
nebo,CCONJ,J^-------------,cc,,,,,0.0974536469758467,O
co,PRON,PQ--4----------,conj,Acc,,,Inan,-0.0570507921117416,O
?,PUNCT,Z:-------------,punct,,,,,0.2461047893575349,O
Nikdo,PRON,PY--1----------,nsubj,Nom,,,Anim,0.1002452666506886,O
nic,PRON,PY--4----------,obj,Acc,,,,0.1088208259374688,O
neřekl,VERB,VpYS----R-NAP--,root,,Masc,Sing,,0.1432190406346043,O
.,PUNCT,Z:-------------,punct,,,,,0.0185024103347804,O
"""",PUNCT,Z:-------------,punct,,,,,0.0484524028403559,O
"""",PUNCT,Z:-------------,punct,,,,,0.04912783926066,O
"""",PUNCT,Z:-------------,punct,,,,,0.0504023637365673,O
To,DET,PDNS1----------,dep,Nom,Neut,Sing,,-0.0603447157093933,O
",",PUNCT,Z:-------------,punct,,,,,0.1004221391978616,O
jak,ADV,Db-------------,advmod,,,,,0.0990807913736794,O
se,PRON,P7-X4----------,expl:pv,Acc,,,,0.0050373305375271,O
ta,DET,PDFS1----------,det,Nom,Fem,Sing,,0.1163129910827849,O
osoba,NOUN,NNFS1-----A----,nsubj,Nom,Fem,Sing,,-0.0371272755781348,O
vzpírala,VERB,VpQW----R-AAI--,acl,,"Fem,Neut","Plur,Sing",,0.0853360362464845,O
",",PUNCT,Z:-------------,punct,,,,,0.1790834482807352,O
jak,ADV,Db-------------,advmod,,,,,0.0977214621473329,O
bojovala,VERB,VpQW----R-AAI--,conj,,"Fem,Neut","Plur,Sing",,0.2364450577709522,O
s,ADP,RR--7----------,case,Ins,,,,0.0604650021924346,O
větrem,NOUN,NNIS7-----A----,obl:arg,Ins,Masc,Sing,Inan,-0.1264932772136331,O
a,CCONJ,J^-------------,cc,,,,,-0.0143941210771925,O
její,DET,P9ZS1FS3-------,det,Nom,"Masc,Neut",Sing,,0.0078030202580821,O
tělo,NOUN,NNNS1-----A----,nsubj,Nom,Neut,Sing,,-0.0868248745056204,O
se,PRON,P7-X4----------,expl:pv,Acc,,,,0.0107266757655414,O
pohybovalo,VERB,VpNS----R-AAI--,conj,,Neut,Sing,,0.1094082808042799,O
opravdu,ADV,Db-------------,advmod,,,,,-0.1906328774728216,O
",",PUNCT,Z:-------------,punct,,,,,0.3076580115778142,O
opravdu,ADV,Db-------------,advmod,,,,,-0.0522260833919924,O
rychle,ADV,Dg-------1A----,advmod,,,,,0.2557731274750296,O
",",PUNCT,Z:-------------,punct,,,,,0.458639028972281,O
“,PUNCT,Z:-------------,punct,,,,,-0.3179507692145248,O
řekla,VERB,VpQW----R-AAP--,root,,"Fem,Neut","Plur,Sing",,-0.0156668391467438,O
stanici,NOUN,NNFS3-----A----,obl:arg,Dat,Fem,Sing,,0.1430678880147855,O
.,PUNCT,Z:-------------,punct,,,,,0.3252872583200477,O
Mezinárodní,ADJ,AAIS1----1A----,amod,Nom,Masc,Sing,Inan,0.0261747314313617,O
odpor,NOUN,NNIS1-----A----,nsubj,Nom,Masc,Sing,Inan,0.1989761187150451,O
při,ADP,RR--6----------,case,Loc,,,,-0.1745840200380193,O
zabíjení,NOUN,NNNS6-----A----,obl,Loc,Neut,Sing,,0.0735350909162015,O
viděl,VERB,VpYS----R-AAI--,root,,Masc,Sing,,-0.1756163489189169,O
",",PUNCT,Z:-------------,punct,,,,,0.1178222994135991,O
že,SCONJ,"J,-------------",mark,,,,,-0.1131931409328341,O
pákistánský,ADJ,AAIS1----1A----,amod,Nom,Masc,Sing,Inan,-0.0032343857372267,O
stát,NOUN,NNIS1-----A----,nsubj,Nom,Masc,Sing,Inan,-0.0438139784537924,O
podnikl,VERB,VpYS----R-AAP-1,ccomp,,Masc,Sing,,-0.0322793043984636,O
bezprecedentní,ADJ,AAIS4----1A----,amod,Acc,Masc,Sing,Inan,0.1035590553449365,O
krok,NOUN,NNIS4-----A----,obj,Acc,Masc,Sing,Inan,0.0215233255194175,O
",",PUNCT,Z:-------------,punct,,,,,0.1897025829963546,O
když,SCONJ,"J,-------------",mark,,,,,-0.0306153210886781,O
se,PRON,P7--4----------,obj,Acc,,,,0.0043792499951305,O
prohlásil,VERB,VpYS----R-AAP--,advcl,,Masc,Sing,,-0.03321196592546,O
za,ADP,RR--4----------,case,Acc,,,,0.1149692408539221,O
dědice,NOUN,NNMS4-----A----,obl:arg,Acc,Masc,Sing,Anim,-0.0842620542050597,O
po,ADP,RR--6----------,case,Loc,,,,-0.1693850346060278,O
boku,NOUN,NNIS6-----A----,nmod,Loc,Masc,Sing,Inan,-0.0943816516762201,O
rodičů,NOUN,NNMP2-----A----,nmod,Gen,Masc,Plur,Anim,-0.0476419605824035,O
",",PUNCT,Z:-------------,punct,,,,,0.0671200111809487,O
což,PRON,PQ--1----------,nsubj,Nom,,,,-0.167355375809179,O
však,CCONJ,J^-------------,cc,,,,,0.1016684220496085,O
nutilo,VERB,VpNS----R-AAI--,conj,,Neut,Sing,,0.0748205705473949,O
případ,NOUN,NNIS4-----A----,iobj,Acc,Masc,Sing,Inan,0.0628765383331661,O
",",PUNCT,Z:-------------,punct,,,,,0.112961421678584,O
aby,AUX,Vc-------------,aux,,,,,0.0237857592791822,O
se,PRON,P7-X4----------,expl:pv,Acc,,,,0.0549418516764453,O
pohnul,VERB,VpYS----R-AAP--,ccomp,,Masc,Sing,,0.1482786788552751,O
kupředu,ADV,Db-------------,advmod,,,,,-0.0141947888667064,O
.,PUNCT,Z:-------------,punct,,,,,0.389895474741198,O
Shot,X,F%-------------,nsubj,,,,,0.0500711900626372,O
putter,X,F%-------------,flat:foreign,,,,,0.0407031124425487,O
Ryan,PROPN,NNMS1-----A----,nsubj,Nom,Masc,Sing,Anim,0.0496180319254773,B-P|B-pf
Crouser,PROPN,NNMS1-----A----,flat,Nom,Masc,Sing,Anim,-0.0770568332827962,I-P|B-ps
",",PUNCT,Z:-------------,punct,,,,,0.1147140846214475,O
olympijský,ADJ,AAMS1----1A----,amod,Nom,Masc,Sing,Anim,-0.0334012523122546,O
vítěz,NOUN,NNMS1-----A----,appos,Nom,Masc,Sing,Anim,-0.0924046802458866,O
z,ADP,RR--2----------,case,Gen,,,,0.1818537832366953,O
roku,NOUN,NNIS2-----A---1,nmod,Gen,Masc,Sing,Inan,-0.0765976677479686,O
2016,NUM,C=-------------,nummod,,,,,0.1116727412178737,B-ty
",",PUNCT,Z:-------------,punct,,,,,0.2279455321820323,O
řekl,VERB,VpYS----R-AAP--,root,,Masc,Sing,,-0.183420797110078,O
",",PUNCT,Z:-------------,punct,,,,,0.2020553050747709,O
že,SCONJ,"J,-------------",mark,,,,,-0.2223834275840677,O
musel,VERB,VpYS----R-AAI--,ccomp,,Masc,Sing,,0.1031869759341332,O
ohřát,VERB,Vf--------A-P--,xcomp,,,,,-0.0080997845409322,O
své,DET,P8YP4---------1,det,Acc,Masc,Plur,,0.0611397139169614,O
výstřely,NOUN,NNIP4-----A----,obj,Acc,Masc,Plur,Inan,0.0559394585970836,O
na,ADP,RR--4----------,case,Acc,,,,-0.0492492184061668,O
přibližně,ADV,Dg-------1A----,advmod:emph,,,,,-0.2548189092027309,O
38,NUM,C=-------------,nummod:gov,,,,,-0.0862805110464266,B-nc
stupňů,NOUN,NNIP2-----A----,obl,Gen,Masc,Plur,Inan,-0.0721728193958704,B-oe
Celsia,PROPN,NNMS2-----A----,nmod,Gen,Masc,Sing,Anim,0.0619663247391095,I-oe
",",PUNCT,Z:-------------,punct,,,,,0.0962900920390424,O
aby,AUX,Vc-------------,aux,,,,,0.1024572579000414,O
se,PRON,P7-X4----------,expl:pass,Acc,,,,-0.0768967171673376,O
zabránilo,VERB,VpNS----R-AAP--,advcl,,Neut,Sing,,0.1437131097975489,O
jejich,DET,P9XXXXP3-------,det,,,,,0.062454613232335,O
namočení,NOUN,NNNS3-----A----,obl:arg,Dat,Neut,Sing,,0.0903667034003398,O
během,ADP,RR--2----------,case,Gen,,,,0.0976725817060824,O
tréninku,NOUN,NNIS2-----A----,nmod,Gen,Masc,Sing,Inan,-0.0212603103125975,O
v,ADP,RR--6----------,case,Loc,,,,0.1158220261338134,O
prskajícím,ADJ,AGNS6-----A----,amod,Loc,Neut,Sing,,0.0607337182083646,O
horku,NOUN,NNNS6-----A----,nmod,Loc,Neut,Sing,,0.0767509892473385,O
a,CCONJ,J^-------------,cc,,,,,-0.0418688083011486,O
vysoké,ADJ,AAFS6----1A----,amod,Loc,Fem,Sing,,0.0302150421750353,O
vlhkosti,NOUN,NNFS6-----A----,conj,Loc,Fem,Sing,,0.0717309085261156,O
.,PUNCT,Z:-------------,punct,,,,,0.5325687048809878,O
Trump,PROPN,NNMS1-----A----,nsubj,Nom,Masc,Sing,Anim,0.1083245534111586,B-ps
bude,AUX,VB-S---3F-AAI--,aux,,,Sing,,0.2419079129804304,O
pravděpodobně,ADV,Dg-------1A----,advmod,,,,,-0.1172118123398832,O
vetovat,VERB,Vf--------A-B--,root,,,,,-0.092625762656258,O
usnesení,NOUN,NNNS4-----A----,obj,Acc,Neut,Sing,,-0.1160803817994427,O
",",PUNCT,Z:-------------,punct,,,,,-0.0038635401196345,O
šesté,ADJ,CrNS4----------,amod,Acc,Neut,Sing,,0.0698811868964532,O
",",PUNCT,Z:-------------,punct,,,,,-0.0194704516974255,O
kdy,ADV,Db-------------,advmod,,,,,-0.1434292963689159,O
bude,AUX,VB-S---3F-AAI--,aux:pass,,,Sing,,-0.1531767234184575,O
jako,SCONJ,"J,-------------",mark,,,,,-0.02303985451658,O
prezident,NOUN,NNMS1-----A----,xcomp,Nom,Masc,Sing,Anim,-0.0348579493570326,O
zablokován,ADJ,VsYS----X-APP--,amod,,Masc,Sing,,0.0160209297316525,O
kongresovou,ADJ,AAFS7----1A----,amod,Ins,Fem,Sing,,-0.1793725469140429,O
legislativu,NOUN,NNFS7-----A----,obl:arg,Ins,Fem,Sing,,0.1148880365392038,O
.,PUNCT,Z:-------------,punct,,,,,0.1994616874125862,O
Již,ADV,Db-------------,advmod:emph,,,,,-0.0496577908717652,O
v,ADP,RR--6----------,case,Loc,,,,0.0709054941982909,O
březnu,NOUN,NNIS6-----A----,obl,Loc,Masc,Sing,Inan,-0.0135052478830489,B-tm
vetoval,VERB,VpYS----R-AAB--,root,,Masc,Sing,,-0.0006092983244009,O
opatření,NOUN,NNNS4-----A----,obj,Acc,Neut,Plur,,-0.2156396493625379,O
k,ADP,RR--3----------,case,Dat,,,,-0.0128711882801276,O
ukončení,NOUN,NNNS3-----A----,nmod,Dat,Neut,Sing,,-0.0078825950937706,O
nouzového,ADJ,AANS2----1A----,amod,Gen,Neut,Sing,,-0.0243993067966582,O
prohlášení,NOUN,NNNS2-----A----,nmod,Gen,Neut,Sing,,-0.0788907753421668,O
.,PUNCT,Z:-------------,punct,,,,,-0.0534471638908291,O
Dále,ADV,Db-------------,advmod,,,,,0.940133474472789,O
jsou,AUX,VB-P---3P-AAI--,cop,,,Plur,,-0.1407334161342568,O
z,ADP,RR--2----------,case,Gen,,,,-0.0200989797247832,O
této,DET,PDFS2----------,det,Gen,Fem,Sing,,-0.0550352841422749,O
záruky,NOUN,NNFS2-----A----,obl,Gen,Fem,Sing,,0.0466098746016593,O
vyloučeny,ADJ,VsTP----X-APP--,root,,"Fem,Masc",Plur,Inan,0.0262883817174316,O
přístroje,NOUN,NNIP1-----A----,nsubj,Nom,Masc,Plur,Inan,0.0444401457124186,O
poškozené,ADJ,AAIP1----1A----,amod,Nom,Masc,Plur,Inan,0.0057557613859465,O
zneužitím,NOUN,NNNS7-----A----,obl,Ins,Neut,Sing,,0.0392036974593308,O
nebo,CCONJ,J^-------------,cc,,,,,0.0503278138062228,O
náhodným,ADJ,AANS7----1A----,amod,Ins,Neut,Sing,,0.0403538237030432,O
poškozením,NOUN,NNNS7-----A----,conj,Ins,Neut,Sing,,-0.0270651367383844,O
.,PUNCT,Z:-------------,punct,,,,,0.0345994308839491,O
Po,ADP,RR--6----------,case,Loc,,,,0.1435012408021497,O
doporučení,NOUN,NNNS6-----A----,obl,Loc,Neut,Sing,,0.0147990955706479,O
výrobce,NOUN,NNMS2-----A----,nmod,Gen,Masc,Sing,Anim,-0.0746478776351684,O
a,CCONJ,J^-------------,cc,,,,,-0.008197442559387,O
použití,NOUN,NNNS6-----A----,conj,Loc,Neut,Sing,,-0.2204033771249308,O
funkcí,NOUN,NNFP2-----A----,nmod,Gen,Fem,Plur,,0.1760677464278927,O
vodního,ADJ,AAIS2----1A----,amod,Gen,Masc,Sing,Inan,0.3210011651350889,O
zámku,NOUN,NNIS2-----A----,nmod,Gen,Masc,Sing,Inan,0.1483511253369799,O
resetujte,VERB,Vi-P---2--A-I--,root,,,Plur,,0.262351941001405,O
zařízení,NOUN,NNNS4-----A----,obj,Acc,Neut,Sing,,0.1169375314227354,O
a,CCONJ,J^-------------,cc,,,,,0.0341655185591098,O
obnovte,VERB,Vi-P---2--A-P--,conj,,,Plur,,0.1372358497508676,O
zařízení,NOUN,NNNS4-----A----,obj,Acc,Neut,Sing,,0.2606368171364701,O
z,ADP,RR--2----------,case,Gen,,,,0.1635474772228949,O
výroby,NOUN,NNFS2-----A----,nmod,Gen,Fem,Sing,,0.0268785459092778,O
.,PUNCT,Z:-------------,punct,,,,,0.5083043639667876,O
Nicméně,CCONJ,J^-------------,cc,,,,,0.0217070361573707,O
",",PUNCT,Z:-------------,punct,,,,,-0.127105968651654,O
ve,ADP,RV--6----------,case,Loc,,,,0.1517627596391087,O
videu,NOUN,NNNS6-----A----,obl,Loc,Neut,Sing,,0.0739691176682168,O
na,ADP,RR--6----------,case,Loc,,,,0.1767774986450378,O
Instagramu,PROPN,NNIS6-----A----,nmod,Loc,Masc,Sing,Inan,0.0817487444487827,B-ms
",",PUNCT,Z:-------------,punct,,,,,0.0557655911234578,O
Wiley,PROPN,NNMXX-----A----,nsubj,,Masc,,Anim,0.2758703677553845,B-ps
zdálo,VERB,VpNS----R-AAI--,root,,Neut,Sing,,0.1488050109487863,O
",",PUNCT,Z:-------------,punct,,,,,0.098679934136316,O
že,SCONJ,"J,-------------",mark,,,,,0.387145915343159,O
to,DET,PDNS1----------,csubj,Nom,Neut,Sing,,0.0396696440766482,O
byl,AUX,VpYS----R-AAI--,cop,,Masc,Sing,,0.1042363268200065,O
on,PRON,PEYS1--3-------,nsubj,Nom,Masc,Sing,,-0.1995411401836708,O
",",PUNCT,Z:-------------,punct,,,,,-0.0422397151913473,O
kdo,PRON,PQ--1----------,nsubj,Nom,,,Anim,0.0163462320234772,O
přerušil,VERB,VpYS----R-AAP--,acl:relcl,,Masc,Sing,,0.0747156696540444,O
vazby,NOUN,NNFP4-----A----,obj,Acc,Fem,Plur,,0.1987759096602032,O
se,ADP,RV--7----------,case,Ins,,,,0.2794285183469285,O
svým,DET,P8ZS7----------,det,Ins,"Masc,Neut",Sing,,0.0747118899026729,O
vedením,NOUN,NNNS7-----A----,nmod,Ins,Neut,Sing,,0.0295746712586797,O
.,PUNCT,Z:-------------,punct,,,,,-0.5517507796108468,O
Uzavření,NOUN,NNNS1-----A----,nsubj,Nom,Neut,Sing,,0.6991777024328006,O
kontrolních,ADJ,AANP2----1A----,amod,Gen,Neut,Plur,,0.0500000588838902,O
stanovišť,NOUN,NNNP2-----A----,nmod,Gen,Neut,Plur,,0.004601616338962,O
Ilinden,PROPN,NNIS1-----A----,nmod,Nom,Masc,Sing,Inan,-0.0021758454173609,O
",",PUNCT,Z:-------------,punct,,,,,0.1166251183032633,O
Kapitan,X,NNIS1-----A----,conj,,,,,0.0636624720175841,O
Petko,X,F%-------------,flat:foreign,,,,,0.009772776604899,O
Voyvoda,X,F%-------------,flat:foreign,,,,,-0.0089199886214627,O
a,CCONJ,J^-------------,cc,,,,,-0.1254126107823378,O
Makaza,PROPN,NNFS1-----A----,conj,Nom,Fem,Sing,,-0.0841471251495386,O
zvýšilo,VERB,VpNS----R-AAP--,root,,Neut,Sing,,0.1699454552047755,O
provoz,NOUN,NNIS4-----A----,obj,Acc,Masc,Sing,Inan,0.0717750601268225,O
přes,ADP,RR--4----------,case,Acc,,,,0.0159920850423987,O
hranici,NOUN,NNFS4-----A----,nmod,Acc,Fem,Sing,,0.0331634735051921,O
u,ADP,RR--2----------,case,Gen,,,,0.0209980326182031,O
Petriče,PROPN,NNIS2-----A----,nmod,Gen,Masc,Sing,Inan,0.0329940220125876,B-gu
.,PUNCT,Z:-------------,punct,,,,,0.0686185950788285,O
S,ADP,RR--7----------,case,Ins,,,,0.0230373048313812,O
přechodem,NOUN,NNIS7-----A----,obl,Ins,Masc,Sing,Inan,0.0233970501352724,O
nejsou,AUX,VB-P---3P-NAI--,root,,,Plur,,-0.0568144246412152,O
žádné,DET,PWIP1----------,det,Nom,Masc,Plur,Inan,0.000624033587722,O
problémy,NOUN,NNIP1-----A----,nsubj,Nom,Masc,Plur,Inan,0.0455474525374425,O
.,PUNCT,Z:-------------,punct,,,,,-0.0474277664197559,O
Nejsou,AUX,VB-P---3P-NAI--,root,,,Plur,,0.1018697948507175,O
tu,ADV,Db-------------,advmod,,,,,-0.0856248937469101,O
žádné,DET,PWFP1----------,det,Nom,Fem,Plur,,-0.0628058451316859,O
fronty,NOUN,NNFP1-----A----,nsubj,Nom,Fem,Plur,,0.0092496081952224,O
kamionů,NOUN,NNIP2-----A----,nmod,Gen,Masc,Plur,Inan,0.1414139770172989,O
.,PUNCT,Z:-------------,punct,,,,,-0.0426959815848495,O
Všichni,DET,PLMP1----------,det,Nom,Masc,Plur,Anim,-0.1034455315522566,O
čekající,ADJ,AGMP1-----A----,nsubj,Nom,Masc,Plur,Anim,0.0353272843516662,O
vyplouvají,VERB,VB-P---3P-AAI--,root,,,Plur,,0.0164083338254906,O
na,ADP,RR--4----------,case,Acc,,,,0.085442778070557,O
moře,NOUN,NNNS4-----A----,obl,Acc,Neut,Sing,,0.0091672565199546,O
v,ADP,RR--6----------,case,Loc,,,,0.0860854710238633,O
Řecku,PROPN,NNNS6-----A----,nmod,Loc,Neut,Sing,,0.0884462261458564,B-gc
.,PUNCT,Z:-------------,punct,,,,,0.0714473129357645,O
Cestující,ADJ,AGMP1-----A----,nsubj,Nom,Masc,Plur,Anim,0.0759351966249797,O
čekají,VERB,VB-P---3P-AAI--,root,,,Plur,,0.0756125535151454,O
asi,PART,TT-------------,advmod:emph,,,,,0.0656326972443194,O
hodinu,NOUN,NNFS4-----A----,obl,Acc,Fem,Sing,,0.0460267951855975,O
a,CCONJ,J^-------------,cc,,,,,0.0173987367748974,O
půl,NUM,Cl-XX----------,conj,,,,,0.0506285022921127,O
",",PUNCT,Z:-------------,punct,,,,,0.0477795938456558,O
než,SCONJ,"J,-------------",mark,,,,,0.0587710430905575,O
se,PRON,P7-X4----------,expl:pv,Acc,,,,-0.0288961097740012,O
dostanou,VERB,VB-P---3P-AAP--,advcl,,,Plur,,0.1310491951277595,O
přes,ADP,RR--4----------,case,Acc,,,,0.0087415600023988,O
Tower,PROPN,NNIS4-----A----,obl,Acc,Masc,Sing,Inan,0.1120885679147215,O
.,PUNCT,Z:-------------,punct,,,,,0.0637745717409269,O
Pokud,SCONJ,"J,-------------",mark,,,,,-0.1809195823970482,O
to,DET,PDNS4----------,obj,Acc,Neut,Sing,,0.0878760841923527,O
West,PROPN,NNMS1-----A----,nsubj,Nom,Masc,Sing,Anim,0.0601627138099918,B-p_
stále,ADV,Dg-------1A----,advmod,,,,,0.0098096215031556,O
myslí,VERB,VB-S---3P-AAI--,advcl,,,Sing,,0.0114985298520056,O
s,ADP,RR--7----------,case,Ins,,,,0.0134295441329514,O
kandidaturou,NOUN,NNFS7-----A----,obl:arg,Ins,Fem,Sing,,-0.0143680470965404,O
na,ADP,RR--4----------,case,Acc,,,,0.0066843642570303,O
prezidenta,NOUN,NNMS4-----A----,nmod,Acc,Masc,Sing,Anim,-0.0394699245707093,O
vážně,ADV,Dg-------1A----,advmod,,,,,-0.0174292214980062,O
",",PUNCT,Z:-------------,punct,,,,,0.0451596157210328,O
mohou,VERB,VB-P---3P-AAI-1,root,,,Plur,,0.0142239150239971,O
být,AUX,Vf--------A-I--,cop,,,,,-0.0096607692969741,O
zápisy,NOUN,NNIP1-----A----,nsubj,Nom,Masc,Plur,Inan,-0.0188184471507312,O
hlasů,NOUN,NNIP2-----A----,nmod,Gen,Masc,Plur,Inan,-0.016949417741898,O
jeho,DET,P9XXXZS3-------,det,,,,,-0.0354417664258596,O
jedinou,ADJ,AAFS7----1A----,amod,Ins,Fem,Sing,,0.9520137331240858,O
cestou,NOUN,NNFS7-----A----,xcomp,Ins,Fem,Sing,,-0.0105776246394963,O
k,ADP,RR--3----------,case,Dat,,,,0.0301531779905996,O
vítězství,NOUN,NNNS3-----A----,nmod,Dat,Neut,Sing,,-0.0076662349164101,O
",",PUNCT,Z:-------------,punct,,,,,0.0586059104228634,O
nebo,CCONJ,J^-------------,cc,,,,,-0.0155687391894815,O
vlastně,ADV,TT-------------,conj,,,,,0.0288945082739943,O
k,ADP,RR--3----------,case,Dat,,,,0.016811422725122,O
jakémukoli,DET,PZZS3----------,det,Dat,"Masc,Neut",Sing,,-0.0056126832630379,O
předvádění,NOUN,NNNS3-----A----,orphan,Dat,Neut,Sing,,-0.0155587560778665,O
se,PRON,P7--4----------,nmod,Acc,,,,-0.019061398401239,O
.,PUNCT,Z:-------------,punct,,,,,0.1212907093480748,O
Ztrátové,ADJ,AAIP1----1A----,amod,Nom,Masc,Plur,Inan,0.0722190581130466,O
zuby-zarovnání,NOUN,NNNS1-----A----,appos,Nom,Neut,Sing,,0.1916408142724938,O
společnosti,NOUN,NNFS2-----A----,nmod,Gen,Fem,Sing,,0.1216790403650713,O
SmileDirectClub,PROPN,NNIS1-----A----,nmod,Nom,Masc,Sing,Inan,-0.0006945001971009,B-if
SDC,NOUN,BNXXX-----A----,nmod,,,,,0.0389646179563278,I-if
.,PUNCT,Z:-------------,punct,,,,,-0.0490736470350384,O
O,ADP,RR--6----------,case,Loc,,,,-0.0054420058628993,O
počátkem,NOUN,NNIS7-----A----,fixed,Ins,Masc,Sing,Inan,-0.0169031670228073,O
tohoto,DET,PDZS2----------,det,Gen,"Masc,Neut",Sing,,-0.0485285304288187,O
měsíce,NOUN,NNIS2-----A----,obl,Gen,Masc,Sing,Inan,-0.0639090763914524,O
se,PRON,P7-X4----------,expl:pv,Acc,,,,0.1450854411654703,O
stal,VERB,VpYS----R-AAP--,root,,Masc,Sing,,0.0621638951961187,O
prvním,ADJ,CrIS7----------,amod,Ins,Masc,Sing,Inan,0.0324377862630086,O
americkým,ADJ,AAIS7----1A----,amod,Ins,Masc,Sing,Inan,0.1480550835818855,O
IPO,NOUN,BNXXX-----A----,obl:arg,,,,,0.1723334885368619,O
za,ADP,RR--4----------,case,Acc,,,,0.2254025104711281,O
tři,NUM,Cl-P4----------,nummod,Acc,,Plur,,0.0471854099445084,O
roky,NOUN,NNIP4-----A----,nmod,Acc,Masc,Plur,Inan,-0.037886094160048,O
",",PUNCT,Z:-------------,punct,,,,,-0.0219350172954799,O
aby,AUX,Vc-------------,aux,,,,,0.1337587537206705,O
cena,NOUN,NNFS1-----A----,dep,Nom,Fem,Sing,,0.1576559633783486,O
nad,ADP,RR--4----------,case,Acc,,,,0.2204698892711517,O
jeho,DET,P9XXXZS3-------,det,,,,,-0.0631133837742068,O
cílový,ADJ,AAIS4----1A----,amod,Acc,Masc,Sing,Inan,0.076060680319115,O
rozsah,NOUN,NNIS4-----A----,nmod,Acc,Masc,Sing,Inan,0.1424639611937537,O
a,CCONJ,J^-------------,cc,,,,,0.2599434413763754,O
uzavřít,VERB,Vf--------A-P--,conj,,,,,0.1736839296530892,O
na,ADP,RR--4----------,case,Acc,,,,0.0885464267715698,O
své,DET,P8IS4----------,det,Acc,Masc,Sing,Inan,0.0616801561419287,O
první,ADJ,CrIS4----------,amod,Acc,Masc,Sing,Inan,-0.0229853842068728,O
obchodní,ADJ,AAIS4----1A----,amod,Acc,Masc,Sing,Inan,-0.1544526587007583,O
den,NOUN,NNIS4-----A----,obl,Acc,Masc,Sing,Inan,0.1808579268692026,O
",",PUNCT,Z:-------------,punct,,,,,0.1591098981525624,O
podle,ADP,RR--2----------,case,Gen,,,,0.1450638464921951,O
výzkumu,NOUN,NNIS2-----A----,obl,Gen,Masc,Sing,Inan,0.0989914427919754,O
firmy,NOUN,NNFS2-----A----,nmod,Gen,Fem,Sing,,0.0476848830687633,O
Renaissance,X,F%-------------,nmod,,,,,0.0936924570238784,B-if
Capital,X,F%-------------,flat:foreign,,,,,0.0128522686423553,I-if
.,PUNCT,Z:-------------,punct,,,,,-0.0135099159292899,O
O,ADP,RR--4----------,case,Acc,,,,0.0002476350020544,O
to,DET,PDNS4----------,obl:arg,Acc,Neut,Sing,,-0.1103714653188065,O
jde,VERB,VB-S---3P-AAI--,root,,,Sing,,0.7561283633417377,O
.,PUNCT,Z:-------------,punct,,,,,0.4795382727691025,O
Federální,ADJ,AANS1----1A----,amod,Nom,Neut,Sing,,0.0621631856561156,O
vyšetřování,NOUN,NNNS1-----A----,nsubj,Nom,Neut,Sing,,0.0256946054497239,O
vyšetřovalo,VERB,VpNS----R-AAI--,root,,Neut,Sing,,0.1133850920754833,O
důkazy,NOUN,NNIP4-----A----,obj,Acc,Masc,Plur,Inan,-0.0643662524180072,O
",",PUNCT,Z:-------------,punct,,,,,-0.0110492618605176,O
jako,SCONJ,"J,-------------",mark,,,,,0.1280387451632069,O
jsou,AUX,VB-P---3P-AAI--,acl,,,Plur,,0.0707275347133144,O
výpovědi,NOUN,NNFP1-----A----,nsubj,Nom,Fem,Plur,,0.0153342789594705,O
svědků,NOUN,NNMP2-----A----,nmod,Gen,Masc,Plur,Anim,0.0271225311495748,O
",",PUNCT,Z:-------------,punct,,,,,0.1094988555778899,O
zvukové,ADJ,AAIP1----1A----,amod,Nom,Masc,Plur,Inan,0.1513752697331113,O
a,CCONJ,J^-------------,cc,,,,,-0.195917387289204,O
videozáznamy,NOUN,NNIP1-----A----,conj,Nom,Masc,Plur,Inan,0.0108670876106341,O
",",PUNCT,Z:-------------,punct,,,,,0.1134676745123084,O
záznamy,NOUN,NNIP1-----A----,conj,Nom,Masc,Plur,Inan,0.0716446959631729,O
o,ADP,RR--6----------,case,Loc,,,,-0.139350862514811,O
odeslání,NOUN,NNNS6-----A----,nmod,Loc,Neut,Sing,,-0.0027733867186617,O
",",PUNCT,Z:-------------,punct,,,,,0.0007657212592664,O
policejní,ADJ,AAFP1----1A----,amod,Nom,Fem,Plur,,-0.0192052286616033,O
zprávy,NOUN,NNFP1-----A----,conj,Nom,Fem,Plur,,0.0118281235114147,O
a,CCONJ,J^-------------,cc,,,,,0.1642495995567766,O
pitevní,ADJ,AAFP1----1A----,amod,Nom,Fem,Plur,,0.1268643728772095,O
zprávy,NOUN,NNFP1-----A----,conj,Nom,Fem,Plur,,0.0709499448772328,O
",",PUNCT,Z:-------------,punct,,,,,0.0257668920918871,O
aby,AUX,Vc-------------,aux,,,,,0.2445270966676275,O
zjistili,VERB,VpMP----R-AAP--,advcl,,Masc,Plur,Anim,0.0343176562716313,O
",",PUNCT,Z:-------------,punct,,,,,0.0551770253979706,O
zda,SCONJ,"J,-------------",mark,,,,,-0.0303303111670692,O
strážníci,NOUN,NNMP1-----A----,nsubj,Nom,Masc,Plur,Anim,0.0845375161668671,O
jednali,VERB,VpMP----R-AAI--,ccomp,,Masc,Plur,Anim,0.006731419251834,O
úmyslně,ADV,Dg-------1A----,advmod,,,,,0.0074044158857601,O
s,ADP,RR--7----------,case,Ins,,,,0.0117951525297422,O
úmyslem,NOUN,NNIS7-----A----,obl,Ins,Masc,Sing,Inan,-0.0043756740775481,O
použít,VERB,Vf--------A-P--,acl,,,,,-0.1117168834675747,O
objektivně,ADV,Dg-------1A----,advmod,,,,,0.0089564929150864,O
nerozumnou,ADJ,AAFS4----1N----,amod,Acc,Fem,Sing,,0.1447436408004517,O
sílu,NOUN,NNFS4-----A----,obj,Acc,Fem,Sing,,-0.0488775658357397,O
.,PUNCT,Z:-------------,punct,,,,,-0.0108522364326476,O
Allenova,ADJ,AUFS1M---------,amod,Nom,Fem,Sing,,0.1046486509777469,B-p_
rodina,NOUN,NNFS1-----A----,nsubj,Nom,Fem,Sing,,0.0089326339050333,O
platí,VERB,VB-S---3P-AAI--,root,,,Sing,,0.0802029357140964,O
téměř,ADV,Db-------------,advmod:emph,,,,,-0.0705605662015408,O
12,NUM,C=-------------,nummod:gov,,,,,0.016456960021861,B-nc
000,NUM,C=-------------,nummod:gov,,,,,0.0127594979890262,I-nc
dolarů,NOUN,NNIP2-----A----,obj,Gen,Masc,Plur,Inan,0.1137540556201764,O
ročně,ADV,Dg-------1A----,advmod,,,,,-0.0177383446033499,O
za,ADP,RR--4----------,case,Acc,,,,0.1138181017839907,O
to,DET,PDNS4----------,obl:arg,Acc,Neut,Sing,,0.0035413696203371,O
",",PUNCT,Z:-------------,punct,,,,,0.1065577316261536,O
že,SCONJ,"J,-------------",mark,,,,,-0.0333347096774422,O
Amari,PROPN,NNFXX-----A----,nsubj,,Fem,,,0.0762850946103581,B-p_
navštěvuje,VERB,VB-S---3P-AAI--,acl,,,Sing,,0.3837410599982866,O
školu,NOUN,NNFS4-----A----,obj,Acc,Fem,Sing,,-0.0368539197777803,O
",",PUNCT,Z:-------------,punct,,,,,0.0863882171900849,O
což,PRON,PQ--1----------,nsubj,Nom,,,,0.0325442210869218,O
se,PRON,P7-X4----------,expl:pv,Acc,,,,0.079145898922488,O
na,ADP,RR--6----------,case,Loc,,,,-0.0098824950840281,O
začátku,NOUN,NNIS6-----A----,obl,Loc,Masc,Sing,Inan,-0.0061069616988776,O
tohoto,DET,PDZS2----------,det,Gen,"Masc,Neut",Sing,,0.075685863207748,O
roku,NOUN,NNIS2-----A---1,nmod,Gen,Masc,Sing,Inan,0.0835054157885162,O
dostalo,VERB,VpNS----R-AAP--,conj,,Neut,Sing,,0.0143257637931333,O
na,ADP,RR--4----------,case,Acc,,,,0.1261459940830449,O
titulní,ADJ,AAFP4----1A----,amod,Acc,Fem,Plur,,0.2597682571132896,O
stránky,NOUN,NNFP4-----A----,obl,Acc,Fem,Plur,,-0.052080711464388,O
novin,NOUN,NNFP2-----A----,nmod,Gen,Fem,Plur,,0.0074406321821891,O
poté,ADV,Db-------------,advmod,,,,,0.0287481698307966,O
",",PUNCT,Z:-------------,punct,,,,,0.1876520814616212,O
co,SCONJ,"J,-------------",mark,,,,,0.2586042278294726,O
Karen,PROPN,NNFXX-----A----,nsubj,,Fem,,,0.1448158520061135,B-P|B-pf
Penceová,PROPN,NNFS1-----A----,flat,Nom,Fem,Sing,,0.2959033363282303,I-P|B-ps
vzala,VERB,VpQW----R-AAP--,advcl,,"Fem,Neut","Plur,Sing",,-0.0034199975047408,O
práci,NOUN,NNFS4-----A----,obj,Acc,Fem,Sing,,-0.1012163558690265,O
učitelky,NOUN,NNFS2-----A----,nmod,Gen,Fem,Sing,,0.165357781006381,O
umění,NOUN,NNNS2-----A----,nmod,Gen,Neut,Sing,,0.0572135627381916,O
v,ADP,RR--6----------,case,Loc,,,,0.0828768252446728,O
proslulé,ADJ,AAFS6----1A----,amod,Loc,Fem,Sing,,0.3177536677762025,O
anti-LGBTQ,NOUN,BNXXX-----A----,nmod,,,,,0.059923807571524,O
instituci,NOUN,NNFS6-----A----,obl,Loc,Fem,Sing,,0.0508459066700581,O
.,PUNCT,Z:-------------,punct,,,,,0.1312233204277177,O
Před,ADP,RR--7----------,case,Ins,,,,-0.4174599745602226,O
americkým,ADJ,AAIS7----1A----,amod,Ins,Masc,Sing,Inan,0.1849498723457432,O
konzulátem,NOUN,NNIS7-----A----,obl,Ins,Masc,Sing,Inan,0.0772947941333525,O
ve,ADP,RV--6----------,case,Loc,,,,0.2159584229087001,O
městě,NOUN,NNNS6-----A----,nmod,Loc,Neut,Sing,,0.1179300614653522,O
Čcheng-tu,PROPN,NNIS1-----A----,nmod,Nom,Masc,Sing,Inan,0.1027165444280524,B-gu
v,ADP,RR--6----------,case,Loc,,,,-0.123358041493309,O
Číně,PROPN,NNFS6-----A----,nmod,Loc,Fem,Sing,,0.0508668618038422,B-gc
byla,AUX,VpQW----R-AAI--,root,,"Fem,Neut","Plur,Sing",,0.2019748997847253,O
v,ADP,RR--4----------,case,Acc,,,,-0.16469185157695,O
neděli,NOUN,NNFS4-----A----,obl,Acc,Fem,Sing,,0.0723616478058745,O
přísná,ADJ,AAFS1----1A----,amod,Nom,Fem,Sing,,0.1757193173498818,O
bezpečnostní,ADJ,AAFS1----1A----,amod,Nom,Fem,Sing,,-0.1543207913781818,O
přítomnost,NOUN,NNFS1-----A----,nsubj,Nom,Fem,Sing,,0.0740152638999731,O
",",PUNCT,Z:-------------,punct,,,,,0.0392817292501808,O
protože,SCONJ,"J,-------------",mark,,,,,-0.0758996575350082,O
americký,ADJ,AAIS1----1A----,amod,Nom,Masc,Sing,Inan,-0.2637490764452354,O
personál,NOUN,NNIS1-----A----,nsubj,Nom,Masc,Sing,Inan,-0.0173059337643345,O
se,PRON,P7-X4----------,expl:pv,Acc,,,,0.0630754084167696,O
chystal,VERB,VpYS----R-AAI--,advcl,,Masc,Sing,,0.2932342209681438,O
objekt,NOUN,NNIS4-----A----,obj,Acc,Masc,Sing,Inan,0.2104310773496798,O
opustit,VERB,Vf--------A-P--,xcomp,,,,,0.2032606143106504,O
.,PUNCT,Z:-------------,punct,,,,,-0.180678462736253,O
Firma,NOUN,NNFS1-----A----,nsubj,Nom,Fem,Sing,,-0.3897928962747926,O
začala,VERB,VpQW----R-AAP--,root,,"Fem,Neut","Plur,Sing",,-0.1522438934837336,O
díky,ADP,RR--3----------,case,Dat,,,,0.0020675951022999,O
spoluzakladateli,NOUN,NNMS3-----A----,obl,Dat,Masc,Sing,Anim,0.0237198961785903,O
Sun,PROPN,NNFXX-----A----,nmod,Nom,Masc,Sing,Inan,0.043498705917066,B-if
Andymu,PROPN,NNMS3-----A---1,flat,Dat,Masc,Sing,Anim,0.0526315046453796,B-P|B-pf
Bechtolsheimovi,PROPN,NNMS3-----A----,flat,Dat,Masc,Sing,Anim,0.1157240287568308,I-P|B-ps
",",PUNCT,Z:-------------,punct,,,,,-0.0122136439276432,O
který,DET,P4YS1----------,nsubj,Nom,Masc,Sing,,0.0651103260836395,O
investoval,VERB,VpYS----R-AAB--,acl:relcl,,Masc,Sing,,0.0976770366535265,O
100,NUM,C=-------------,obj,,,,,0.0313720700502849,B-nc
",",PUNCT,Z:-------------,punct,,,,,0.0798496236820654,I-nc
000,NUM,C=-------------,conj,,,,,0.0023295350528699,I-nc
.,PUNCT,Z:-------------,punct,,,,,-0.1892367614094641,O
v,ADP,RR--6----------,case,Loc,,,,0.0705176410026772,O
červnu,NOUN,NNIS6-----A----,obl,Loc,Masc,Sing,Inan,0.0354238044947933,B-T|B-tm
1999,NUM,C=-------------,nummod,,,,,-0.081953707191133,I-T|B-ty
společnost,NOUN,NNFS1-----A----,nsubj,Nom,Fem,Sing,,0.0177760108266518,O
získala,VERB,VpQW----R-AAP--,conj,,"Fem,Neut","Plur,Sing",,0.0383846672430463,O
kolo,NOUN,NNNS4-----A----,obj,Acc,Neut,Sing,,0.005889356297429,O
25,NUM,C=-------------,nummod,,,,,-0.0195752160179979,B-nc
milionů,DET,CzIP2----------,det,Gen,Masc,Plur,Inan,-0.0141714888323732,I-nc
dolarů,NOUN,NNIP2-----A----,nmod,Gen,Masc,Plur,Inan,0.0100301814952214,O
od,ADP,RR--2----------,case,Gen,,,,0.0641478811996244,O
Sequoia,X,F%-------------,obl:arg,,,,,0.1979024226586245,B-if
Capital,X,F%-------------,flat:foreign,,,,,-0.2321906812028226,I-if
a,CCONJ,J^-------------,cc,,,,,0.0783310650358517,O
Kleiner,X,F%-------------,conj,,,,,0.0042610592899772,B-if
Perkins,X,F%-------------,flat:foreign,,,,,0.0253516740962376,I-if
.,PUNCT,Z:-------------,punct,,,,,0.0561313756937727,O
Google,PROPN,NNIS1-----A----,nsubj,Nom,Masc,Sing,Inan,0.0057540483828583,B-if
se,PRON,P7-X4----------,expl:pv,Acc,,,,0.2894880458737733,O
ve,ADP,RV--6----------,case,Loc,,,,-0.0433428177903059,O
stejném,ADJ,AAIS6----1A----,amod,Loc,Masc,Sing,Inan,0.0049912197916874,O
roce,NOUN,NNIS6-----A---1,obl,Loc,Masc,Sing,Inan,0.0046961180719501,O
přestěhoval,VERB,VpYS----R-AAP--,root,,Masc,Sing,,0.1656878075150512,O
do,ADP,RR--2----------,case,Gen,,,,-0.0201781292767184,O
své,DET,P8FS2---------1,det,Gen,Fem,Sing,,0.0110098617319977,O
lokality,NOUN,NNFS2-----A----,obl,Gen,Fem,Sing,,0.0565981008602709,O
Mountain,X,F%-------------,nmod,,,,,0.051939588856797,B-gl
View,X,F%-------------,flat:foreign,,,,,0.0495801190436418,I-gl
",",PUNCT,Z:-------------,punct,,,,,0.1136809547136439,O
kde,ADV,Db-------------,advmod,,,,,-0.0224787791918554,O
zůstává,VERB,VB-S---3P-AAI--,acl:relcl,,,Sing,,0.0209627152308033,O
.,PUNCT,Z:-------------,punct,,,,,0.0125136984214797,O
V,ADP,RR--6----------,case,Loc,,,,-0.0128768470395642,O
roce,NOUN,NNIS6-----A---1,obl,Loc,Masc,Sing,Inan,-0.0273540201394973,O
2001,NUM,C=-------------,nummod,,,,,0.0003832013196306,B-ty
byl,AUX,VpYS----R-AAI--,aux:pass,,Masc,Sing,,0.0261675234792677,O
společnosti,NOUN,NNFS3-----A----,obl:arg,Dat,Fem,Sing,,0.0114065572381233,O
udělen,ADJ,VsYS----X-APP--,root,,Masc,Sing,,0.0339791040783163,O
patent,NOUN,NNIS1-----A----,nsubj:pass,Nom,Masc,Sing,Inan,0.1786786776302471,O
na,ADP,RR--4----------,case,Acc,,,,0.0410715814323133,O
svou,DET,P8FS4---------1,det,Acc,Fem,Sing,,-0.0645791654501697,O
technologii,NOUN,NNFS4-----A----,nmod,Acc,Fem,Sing,,-0.0630554706771626,O
.,PUNCT,Z:-------------,punct,,,,,-0.6033595708051638,O
Minassian,PROPN,NNMS1-----A----,nsubj,Nom,Masc,Sing,Anim,0.2110010523190914,B-ps
ještě,ADV,Db-------------,advmod,,,,,-0.1234002105008656,O
nepodal,VERB,VpYS----R-NAP--,root,,Masc,Sing,,0.1914885145818692,O
žalobu,NOUN,NNFS4-----A----,obj,Acc,Fem,Sing,,0.1762064661690146,O
.,PUNCT,Z:-------------,punct,,,,,-0.0040840580030664,O
Jeho,DET,P9XXXZS3-------,det,,,,,-0.090324463068933,O
proces,NOUN,NNIS1-----A----,nsubj,Nom,Masc,Sing,Inan,-0.1276714960246009,O
začíná,VERB,VB-S---3P-AAI--,root,,,Sing,,-0.0949239713473275,O
v,ADP,RR--6----------,case,Loc,,,,0.052203970254456,O
únoru,NOUN,NNIS6-----A----,obl,Loc,Masc,Sing,Inan,0.2842932203233998,B-tm
",",PUNCT,Z:-------------,punct,,,,,0.1822946844123111,O
ale,CCONJ,J^-------------,cc,,,,,-0.1976067690066758,O
dnes,ADV,Db-------------,advmod,,,,,-0.074771514760192,O
byl,AUX,VpYS----R-AAI--,aux:pass,,Masc,Sing,,-0.0052372783242918,O
zrušen,ADJ,VsYS----X-APP--,conj,,Masc,Sing,,-0.0572171376010884,O
zákaz,NOUN,NNIS1-----A----,nsubj:pass,Nom,Masc,Sing,Inan,0.0543071278122028,O
jeho,DET,P9XXXZS3-------,det,,,,,0.0708821677056108,O
výslechu,NOUN,NNIS2-----A----,nmod,Gen,Masc,Sing,Inan,0.0748922696746093,O
policií,NOUN,NNFS7-----A----,nmod,Ins,Fem,Sing,,0.0487089578947429,O
.,PUNCT,Z:-------------,punct,,,,,0.0966629766767788,O
Policejní,ADJ,AAIS1----1A----,amod,Nom,Masc,Sing,Inan,0.1931817032670029,O
výslech,NOUN,NNIS1-----A----,nsubj,Nom,Masc,Sing,Inan,0.0574981332488313,O
se,PRON,P7-X4----------,expl:pv,Acc,,,,-0.0733570699613348,O
konal,VERB,VpYS----R-AAI--,root,,Masc,Sing,,0.0546020663414585,O
jen,ADV,Db-------------,advmod:emph,,,,,0.5629341982275126,O
pár,NOUN,NNIS4-----A----,obl,Acc,Masc,Sing,Inan,0.0715325260288304,O
hodin,NOUN,NNFP2-----A----,nmod,Gen,Fem,Plur,,0.2699821507887177,O
po,ADP,RR--6----------,case,Loc,,,,0.1294970101689688,O
útoku,NOUN,NNIS6-----A----,nmod,Loc,Masc,Sing,Inan,-0.0288607747736482,O
.,PUNCT,Z:-------------,punct,,,,,0.2870259476132993,O
Mezi,ADP,RR--4----------,case,Acc,,,,-0.1315319199882424,O
předchozí,ADJ,AAMP4----1A----,amod,Acc,Masc,Plur,Anim,-0.0460757592079306,O
hosty,NOUN,NNMP4-----A----,obl,Acc,Masc,Plur,Anim,0.1563216621414848,O
patří,VERB,VB-S---3P-AAI--,root,,,Sing,,-0.2067518735037242,O
princezna,NOUN,NNFS1-----A----,nsubj,Nom,Fem,Sing,,0.0497205338089271,O
Diana,PROPN,NNFS1-----A----,flat,Nom,Fem,Sing,,0.007405017083246,B-pf
",",PUNCT,Z:-------------,punct,,,,,0.109684270181805,O
jejíž,DET,P1XP1FS3-------,det,Nom,,Plur,,0.0507089492558872,O
vlasy,NOUN,NNIP1-----A----,nsubj,Nom,Masc,Plur,Inan,-0.0642721474587095,O
vznítily,VERB,VpTP----R-AAP--,acl:relcl,,"Fem,Masc",Plur,Inan,0.0929019896649145,O
díky,ADP,RR--3----------,case,Dat,,,,-0.2036703735287883,O
jiskře,NOUN,NNFS3-----A----,obl,Dat,Fem,Sing,,0.1239847044272608,O
z,ADP,RR--2----------,case,Gen,,,,-0.0478520870925164,O
granátu,NOUN,NNIS2-----A----,nmod,Gen,Masc,Sing,Inan,0.0508759613657356,O
hozeného,ADJ,AAIS2----1A----,amod,Gen,Masc,Sing,Inan,0.1145639053350412,O
během,ADP,RR--2----------,case,Gen,,,,-0.0157489754821044,O
cvičení,NOUN,NNNS2-----A----,obl,Gen,Neut,Sing,,-0.0504151471196601,O
v,ADP,RR--6----------,case,Loc,,,,-0.0722025680960788,O
roce,NOUN,NNIS6-----A---1,nmod,Loc,Masc,Sing,Inan,0.0142935227546901,O
1983,NUM,C=-------------,nummod,,,,,0.0216653432066276,B-ty
.,PUNCT,Z:-------------,punct,,,,,0.6976550206505853,O
Obličejové,ADJ,AAFP1----1A----,amod,Nom,Fem,Plur,,0.1125155595264942,O
masky,NOUN,NNFP1-----A----,nsubj,Nom,Fem,Plur,,0.2074520014751938,O
jsou,AUX,VB-P---3P-AAI--,cop,,,Plur,,0.0119413993358379,O
povinné,ADJ,AAFP1----1A----,root,Nom,Fem,Plur,,0.1074561548856014,O
po,ADP,RR--6----------,case,Loc,,,,0.3685951719914357,O
celém,ADJ,AAIS6----1A----,amod,Loc,Masc,Sing,Inan,0.3184051569342626,O
státě,NOUN,NNIS6-----A----,obl,Loc,Masc,Sing,Inan,0.2669139146196841,O
Kalifornie,PROPN,NNFS1-----A----,nmod,Nom,Fem,Sing,,0.1538700919121023,B-gr
",",PUNCT,Z:-------------,punct,,,,,0.2803502342432653,O
dokonce,ADV,Db-------------,advmod:emph,,,,,0.0351520384033416,O
i,CCONJ,J^-------------,advmod:emph,,,,,-0.0368804539303165,O
na,ADP,RR--6----------,case,Loc,,,,0.1857753299704151,O
čerstvém,ADJ,AAIS6----1A----,amod,Loc,Masc,Sing,Inan,0.3329125025573307,O
vzduchu,NOUN,NNIS6-----A----,conj,Loc,Masc,Sing,Inan,0.0444126667435016,O
.,PUNCT,Z:-------------,punct,,,,,0.2045778480366855,O
Meunier,PROPN,NNMS1-----A----,nsubj,Nom,Masc,Sing,Anim,0.1697839388491576,B-ps
řekl,VERB,VpYS----R-AAP--,root,,Masc,Sing,,0.4753619346385837,O
",",PUNCT,Z:-------------,punct,,,,,0.0611599584238204,O
že,SCONJ,"J,-------------",mark,,,,,-0.0034988897834455,O
je,AUX,VB-S---3P-AAI--,ccomp,,,Sing,,-0.086676444632693,O
nadějný“,ADJ,Db-------------,ccomp,,,,,0.0710695508887816,O
",",PUNCT,Z:-------------,punct,,,,,0.1038555761098031,O
protože,SCONJ,"J,-------------",mark,,,,,0.1131650156861085,O
jestliže,SCONJ,"J,-------------",mark,,,,,0.0893760197855008,O
existuje,VERB,VB-S---3P-AAI--,advcl,,,Sing,,-0.0277547106149585,O
nějaká,DET,PZFS1----------,det,Nom,Fem,Sing,,0.0766915755243634,O
výhoda,NOUN,NNFS1-----A----,nsubj,Nom,Fem,Sing,,0.0040604369912182,O
naší,DET,PSFS2-P1-------,det,Gen,Fem,Sing,,0.0224023504982581,O
pandemie,NOUN,NNFS2-----A----,nmod,Gen,Fem,Sing,,0.0453472100494687,O
",",PUNCT,Z:-------------,punct,,,,,0.2569120830029441,O
myslím,VERB,VB-S---1P-AAI--,advcl,,,Sing,,-0.0037680861249493,O
",",PUNCT,Z:-------------,punct,,,,,0.1061188191794766,O
že,SCONJ,"J,-------------",mark,,,,,-0.0217375883399167,O
to,DET,PDNS1----------,nsubj,Nom,Neut,Sing,,-0.0176481576906676,O
ukázalo,VERB,VpNS----R-AAP--,ccomp,,Neut,Sing,,-0.0313535211524469,O
",",PUNCT,Z:-------------,punct,,,,,0.0219765845733435,O
že,SCONJ,"J,-------------",mark,,,,,-0.0674257100073385,O
příroda,NOUN,NNFS1-----A----,nsubj,Nom,Fem,Sing,,-0.0592655611744758,O
se,PRON,P7-X4----------,expl:pv,Acc,,,,-0.0083964263285921,O
vrátí,VERB,VB-S---3P-AAP--,ccomp,,,Sing,,0.0227002550406452,O
a,CCONJ,J^-------------,cc,,,,,-0.0755590638437446,O
uzdraví,VERB,VB-S---3P-AAP--,conj,,,Sing,,0.0662467220934957,O
se,PRON,P7-X4----------,expl:pv,Acc,,,,-0.058388237292275,O
sama,DET,PLFS1----------,xcomp,Nom,Fem,Sing,,-0.0620537710908441,O
",",PUNCT,Z:-------------,punct,,,,,-0.0220548140575323,O
když,SCONJ,"J,-------------",mark,,,,,0.2247198107302117,O
zmírníme,VERB,VB-P---1P-AAP--,advcl,,,Plur,,0.0634979605364059,O
ten,DET,PDIS4----------,det,Acc,Masc,Sing,Inan,-0.0829705389122883,O
tlak,NOUN,NNIS4-----A----,obj,Acc,Masc,Sing,Inan,-0.089907420096996,O
",",PUNCT,Z:-------------,punct,,,,,0.0402876608603473,O
ten,DET,PDIS4----------,det,Acc,Masc,Sing,Inan,-0.0157686087068675,O
lidský,ADJ,AAIS4----1A----,amod,Acc,Masc,Sing,Inan,0.0682520804269598,O
tlak,NOUN,NNIS4-----A----,appos,Acc,Masc,Sing,Inan,0.0078026953112603,O
",",PUNCT,Z:-------------,punct,,,,,0.0048727802059025,O
a,CCONJ,J^-------------,cc,,,,,0.0755222295439744,O
dovolíme,VERB,VB-P---1P-AAP--,conj,,,Plur,,-0.0170412593632461,O
",",PUNCT,Z:-------------,punct,,,,,0.0656543189116579,O
aby,AUX,Vc-------------,aux,,,,,-0.012631839101656,O
se,PRON,P7-X4----------,expl:pv,Acc,,,,-0.0350071182473402,O
to,DET,PDNS1----------,nsubj,Nom,Neut,Sing,,0.0081649206780287,O
stalo,VERB,VpNS----R-AAP--,ccomp,,Neut,Sing,,0.0034257230359159,O
.,PUNCT,Z:-------------,punct,,,,,-0.1519128010664134,O
Teď,ADV,Db-------------,advmod,,,,,0.2183488104880784,O
jsou,AUX,VB-P---3P-AAI--,root,,,Plur,,-0.2497580263987704,O
v,ADP,RR--6----------,case,Loc,,,,-0.0020878621685436,O
tom,DET,PDZS6----------,obl,Loc,"Masc,Neut",Sing,,-0.0158547023344696,O
fakta,NOUN,NNNP1-----A----,nsubj,Nom,Neut,Plur,,0.0481081455963265,O
.,PUNCT,Z:-------------,punct,,,,,0.4115409642828616,O
“,PUNCT,Z:-------------,punct,,,,,0.1578627327282265,O
Kupte,VERB,Vi-P---2--A-P--,root,,,Plur,,0.2725381734897091,O
si,PRON,P7--3----------,obl,Dat,,,,-0.1711411002569615,O
levou,ADJ,AAFS4----1A----,amod,Acc,Fem,Sing,,-0.4085103701762483,O
a,CCONJ,J^-------------,cc,,,,,0.2502943135748322,O
pravou,ADJ,AAFS4----1A----,conj,Acc,Fem,Sing,,0.1276431599612872,O
ruku,NOUN,NNFS4-----A----,obj,Acc,Fem,Sing,,-0.0779928331038104,O
",",PUNCT,Z:-------------,punct,,,,,0.2353294618193751,O
aby,AUX,Vc-------------,aux,,,,,0.4731473527595145,O
se,PRON,P7-X4----------,expl:pass,Acc,,,,0.0576414077234093,O
dvakrát,ADV,Cv-------------,obl,,,,,-0.1674102890981785,O
(,PUNCT,Z:-------------,punct,,,,,-0.0295944432976369,O
při,ADP,RR--6----------,case,Loc,,,,-0.1070977873579402,O
objednávce,NOUN,NNFS6-----A----,obl,Loc,Fem,Sing,,-0.0361939722545141,O
zkontrolujte,VERB,Vi-P---2--A-P--,parataxis,,,Plur,,0.076265445849148,O
),PUNCT,Z:-------------,punct,,,,,0.2737128755565561,O
In,X,F%-------------,nsubj,,,,,-0.3843609136908643,O
you,X,F%-------------,flat:foreign,,,,,0.1723460495961015,O
r,X,F%-------------,flat:foreign,,,,,-0.1825563939234382,O
acclount,X,F%-------------,flat:foreign,,,,,0.142312901878035,O
říká,VERB,VB-S---3P-AAI--,root,,,Sing,,-0.2124848014026232,O
",",PUNCT,Z:-------------,punct,,,,,0.0134410120999389,O
že,SCONJ,"J,-------------",mark,,,,,0.0375702295931213,O
jeho,DET,P9XXXZS3-------,det,,,,,0.1987297959114371,O
jediný,ADJ,AAIS1----1A----,amod,Nom,Masc,Sing,Inan,0.1042489909108084,O
odkaz,NOUN,NNIS1-----A----,nsubj,Nom,Masc,Sing,Inan,0.0508546042034174,O
(,PUNCT,Z:-------------,punct,,,,,-0.0028260657011096,O
přihlásit,VERB,Vf--------A-P--,acl,,,,,-0.0835983766484663,O
se,PRON,P7-X4----------,expl:pv,Acc,,,,0.04151635423667,O
možnost,NOUN,NNFS1-----A----,obj,Nom,Fem,Sing,,-0.0701011629421739,O
),PUNCT,Z:-------------,punct,,,,,-0.1159108778354524,O
pro,ADP,RR--4----------,case,Acc,,,,0.0064682248026237,O
přístup,NOUN,NNIS4-----A----,nmod,Acc,Masc,Sing,Inan,-0.0026066180538834,O
k,ADP,RR--3----------,case,Dat,,,,0.0506987003401107,O
vašemu,DET,PSZS3-P1-------,det,Dat,"Masc,Neut",Sing,,0.1147030654311897,O
#PRS,NOUN,BNXXX-----A----,nsubj,,,,,0.0695317895396355,O
_,PUNCT,Z:-------------,punct,,,,,-0.1218380094186488,O
ORG,NOUN,BNXXX-----A----,conj,,,,,0.2399693414109908,O
#,NUM,C=-------------,nummod:gov,,,,,0.0282353468859284,O
účtu,NOUN,NNIS2-----A----,nmod,Gen,Masc,Sing,Inan,0.0255961520876914,O
je,AUX,VB-S---3P-AAI--,cop,,,Sing,,-0.0577255190153743,O
#PRS,NOUN,BNXXX-----A----,root,,,,,0.6443252237836455,O
_,PUNCT,Z:-------------,punct,,,,,-0.0874294191021256,O
ORG,NOUN,BNXXX-----A----,nmod,,,,,-0.0671611607329639,O
#,NUM,C=-------------,nummod,,,,,-0.0563926569541675,O
.,PUNCT,Z:-------------,punct,,,,,0.1946975882870742,O
Když,SCONJ,"J,-------------",mark,,,,,0.1052860929692366,O
zapnete,VERB,VB-P---2P-AAP--,advcl,,,Plur,,0.1371728639402009,O
přístroje,NOUN,NNIP4-----A----,obj,Acc,Masc,Plur,Inan,-0.0485500207764667,O
a,CCONJ,J^-------------,cc,,,,,-0.0239121526709806,O
začnete,VERB,VB-P---2P-AAP--,conj,,,Plur,,-0.1038175508739163,O
je,PRON,PEXP4--3-------,obj,Acc,,Plur,,0.071488250734895,O
ladit,VERB,Vf--------A-I--,xcomp,,,,,0.1830879994527262,O
",",PUNCT,Z:-------------,punct,,,,,0.1099406800382389,O
než,SCONJ,"J,-------------",mark,,,,,0.2228873621042032,O
je,PRON,PEXP4--3-------,obj,Acc,,Plur,,0.112222330144965,O
použijete,VERB,VB-P---2P-AAP--,advcl,,,Plur,,-0.0233085026357169,O
k,ADP,RR--3----------,case,Dat,,,,0.2322910966400577,O
výzkumu,NOUN,NNIS3-----A----,obl,Dat,Masc,Sing,Inan,-0.0113233354116387,O
",",PUNCT,Z:-------------,punct,,,,,0.3844780707609031,O
kalibrujete,VERB,VB-P---2P-AAI--,root,,,Plur,,0.0548842249168172,O
je,PRON,PEXP4--3-------,obj,Acc,,Plur,,0.0163122652872267,O
na,ADP,RR--4----------,case,Acc,,,,0.1024379025817286,O
materiály,NOUN,NNIP4-----A----,obl,Acc,Masc,Plur,Inan,0.0296486682803698,O
",",PUNCT,Z:-------------,punct,,,,,0.2326436635292869,O
které,DET,P4IP1----------,nsubj,Nom,Masc,Plur,Inan,0.0504256401120828,O
budou,AUX,VB-P---3F-AAI--,acl:relcl,,,Plur,,0.009877591613092,O
jako,SCONJ,"J,-------------",mark,,,,,0.2171455375172411,O
neznámé,ADJ,AAFP1----1N----,amod,Nom,Fem,Plur,,0.0150457595223957,O
látky,NOUN,NNFP1-----A----,advcl,Nom,Fem,Plur,,-0.2590390347366794,O
",",PUNCT,Z:-------------,punct,,,,,0.2088547385834012,O
které,DET,P4FP4----------,obj,Acc,Fem,Plur,,0.1016238507183649,O
se,PRON,P7-X4----------,expl:pv,Acc,,,,0.1602917991528249,O
chystáte,VERB,VB-P---2P-AAI--,acl:relcl,,,Plur,,0.1013810583201852,O
studovat,VERB,Vf--------A-I--,xcomp,,,,,0.3868028556488228,O
.,PUNCT,Z:-------------,punct,,,,,0.1686558219355299,O
Ukončení,NOUN,NNNS1-----A----,nsubj,Nom,Neut,Sing,,0.6850870035211893,O
Spideyho,PROPN,NNMS2-----A----,nmod,Gen,Masc,Sing,Anim,-0.0316881861839387,B-p_
standoffu,NOUN,NNIS2-----A----,nmod,Gen,Masc,Sing,Inan,-0.0885224110615,O
nastal,VERB,VpYS----R-AAP--,root,,Masc,Sing,,0.0111344245409471,O
více,ADV,Dg-------2A----,advmod,,,,,-0.2334242086426268,O
než,SCONJ,"J,-------------",mark,,,,,-0.0817388262676409,O
měsíc,NOUN,NNIS4-----A----,obl,Acc,Masc,Sing,Inan,-0.0972457075935147,O
poté,ADV,Db-------------,advmod,,,,,-0.0594990703169912,O
",",PUNCT,Z:-------------,punct,,,,,0.2717009636146266,O
co,SCONJ,"J,-------------",mark,,,,,0.0442755364781286,O
bylo,AUX,VpNS----R-AAI--,aux:pass,,Neut,Sing,,0.0443206017070389,O
nahlášeno,ADJ,VsNS----X-APP--,advcl,,Neut,Sing,,-0.0140517140583655,O
",",PUNCT,Z:-------------,punct,,,,,-0.0443376531572037,O
že,SCONJ,"J,-------------",mark,,,,,-0.0776485419587746,O
dvě,NUM,CnHP1----------,nummod,Nom,"Fem,Neut",Plur,,-0.0542039720287338,O
studia,NOUN,NNNP1-----A----,nsubj,Nom,Neut,Plur,,-0.0214120419453807,O
nedokázala,VERB,VpQW----R-NAP--,csubj:pass,,"Fem,Neut","Plur,Sing",,-0.0022595750181938,O
dosáhnout,VERB,Vf--------A-P--,xcomp,,,,,-0.0489723716883838,O
dohody,NOUN,NNFS2-----A----,obl:arg,Gen,Fem,Sing,,-0.0079953140913826,O
o,ADP,RR--6----------,case,Loc,,,,-0.0657218214443656,O
pokračování,NOUN,NNNS6-----A----,nmod,Loc,Neut,Sing,,-0.0339584103939414,O
svých,DET,P8XP2----------,det,Gen,,Plur,,-0.1675675573927497,O
předchozích,ADJ,AAIP2----1A----,amod,Gen,Masc,Plur,Inan,-0.0158707710300895,O
filmů,NOUN,NNIP2-----A----,nmod,Gen,Masc,Plur,Inan,0.0652357528141794,O
",",PUNCT,Z:-------------,punct,,,,,0.0491259013426404,O
"""",PUNCT,Z:-------------,punct,,,,,-0.0113235953903484,O
Homecoming,X,F%-------------,appos,,,,,0.0683876002627372,O
"""",PUNCT,Z:-------------,punct,,,,,0.0292029254784434,O
a,CCONJ,J^-------------,cc,,,,,-0.1155875257003924,O
"""",PUNCT,Z:-------------,punct,,,,,0.1371241601914893,O
Far,X,F%-------------,conj,,,,,-0.1442008544673332,O
From,X,F%-------------,flat:foreign,,,,,-0.1000542927111156,O
Home,X,F%-------------,flat:foreign,,,,,0.0122919984559753,O
.,PUNCT,Z:-------------,punct,,,,,-0.0748220941551429,O
"""",PUNCT,Z:-------------,root,,,,,0.0159319495801063,O
"""",PUNCT,Z:-------------,punct,,,,,0.0334378340344025,O
"""",PUNCT,Z:-------------,punct,,,,,0.0694185109174598,O
Pravděpodobně,ADV,Dg-------1A----,advmod,,,,,0.3317430114593571,O
by,AUX,Vc----------I--,aux,,,,,-0.0675978460683476,O
pohltil,VERB,VpYS----R-AAP--,root,,Masc,Sing,,-0.0375802311465038,O
šanci,NOUN,NNFS4-----A----,obj,Acc,Fem,Sing,,0.0556222914644671,O
",",PUNCT,Z:-------------,punct,,,,,0.1716612456725574,O
kterou,DET,P4FS4----------,obj,Acc,Fem,Sing,,0.0665244439475008,O
Adam,PROPN,NNMS1-----A----,nsubj,Nom,Masc,Sing,Anim,-0.2396211553610196,B-P|B-pf
Masina,PROPN,NNMS1-----A----,flat,Nom,Masc,Sing,Anim,-0.0841846584683223,I-P|B-ps
promarnil,VERB,VpYS----R-AAP--,acl:relcl,,Masc,Sing,,-0.0118495874415027,O
na,ADP,RR--6----------,case,Loc,,,,0.019875433988219,O
začátku,NOUN,NNIS6-----A----,obl,Loc,Masc,Sing,Inan,0.0517869441978086,O
druhé,ADJ,CrFS2----------,amod,Gen,Fem,Sing,,0.0092223100682751,O
třetiny,NOUN,NNFS2-----A----,nmod,Gen,Fem,Sing,,0.0591827776321486,O
",",PUNCT,Z:-------------,punct,,,,,0.115043719505182,O
a,CCONJ,J^-------------,cc,,,,,-0.0246601751618834,O
další,ADJ,AAFP1----1A----,amod,Nom,Fem,Plur,,0.0311324729523187,O
šance,NOUN,NNFP1-----A----,nsubj:pass,Nom,Fem,Plur,,0.3062474370454848,O
byly,AUX,VpTP----R-AAI--,aux:pass,,"Fem,Masc",Plur,Inan,0.0864459248368231,O
také,ADV,Db-------------,advmod,,,,,0.1147760170101877,O
odmítnuty,ADJ,VsTP----X-APP--,conj,,"Fem,Masc",Plur,Inan,0.276444645920227,O
.,PUNCT,Z:-------------,punct,,,,,0.289558634539462,O
Obávám,VERB,VB-S---1P-AAI--,root,,,Sing,,0.1430152531303911,O
se,PRON,P7-X4----------,expl:pv,Acc,,,,0.0131705601537436,O
",",PUNCT,Z:-------------,punct,,,,,-0.0147317019123367,O
že,SCONJ,"J,-------------",mark,,,,,-0.0087188915007073,O
nebudu,AUX,VB-S---1F-NAI--,aux,,,Sing,,-0.0188555914375936,O
moci,VERB,Vf--------A-I--,ccomp,,,,,-0.01316061663828,O
potvrdit,VERB,Vf--------A-P--,xcomp,,,,,-0.0291650824378853,O
cenu,NOUN,NNFS4-----A----,obj,Acc,Fem,Sing,,-0.0121209311621968,O
postele,NOUN,NNFS2-----A----,nmod,Gen,Fem,Sing,,-0.0113140757305166,O
",",PUNCT,Z:-------------,punct,,,,,0.0110794635994997,O
dokud,SCONJ,"J,-------------",mark,,,,,-0.0213225493798756,O
nebude,AUX,VB-S---3F-NAI--,advcl,,,Sing,,-0.0417597231364379,O
znovu,ADV,Db-------------,advmod,,,,,-0.0455194320360997,O
k,ADP,RR--3----------,case,Dat,,,,0.3375104340076968,O
dispozici,NOUN,NNFS3-----A----,obl,Dat,Fem,Sing,,0.7766863476744227,O
na,ADP,RR--6----------,case,Loc,,,,0.0684212870918393,O
webových,ADJ,AAFP6----1A----,amod,Loc,Fem,Plur,,-0.0447556728334773,O
stránkách,NOUN,NNFP6-----A----,obl,Loc,Fem,Plur,,0.0215929739576287,O
",",PUNCT,Z:-------------,punct,,,,,-0.0293051044688582,O
protože,SCONJ,"J,-------------",mark,,,,,0.010920207597243,O
byla,AUX,VpQW----R-AAI--,aux:pass,,"Fem,Neut","Plur,Sing",,0.0134958131442354,O
snížena,ADJ,VsQW----X-APP--,advcl,,"Fem,Neut","Plur,Sing",,0.0562844430269877,O
v,ADP,RR--6----------,case,Loc,,,,0.0769800452724385,O
našem,DET,PSZS6-P1-------,det,Loc,"Masc,Neut",Sing,,0.0073194431842351,O
zimním,ADJ,AAIS6----1A----,amod,Loc,Masc,Sing,Inan,-0.0195137583891558,O
výprodeji,NOUN,NNIS6-----A----,obl,Loc,Masc,Sing,Inan,-0.0012620488720629,O
",",PUNCT,Z:-------------,punct,,,,,-0.0181579534711164,O
je,AUX,VB-S---3P-AAI--,cop,,,Sing,,-0.0170977596703039,O
pravděpodobné,ADJ,AANS1----1A----,conj,Nom,Neut,Sing,,0.0146391755608848,O
",",PUNCT,Z:-------------,punct,,,,,-0.0101855132415028,O
že,SCONJ,"J,-------------",mark,,,,,-0.012662158448498,O
to,DET,PDNS1----------,nsubj,Nom,Neut,Sing,,-0.0533915800186044,O
nebude,AUX,VB-S---3F-NAI--,cop,,,Sing,,-0.0160131049853978,O
cena,NOUN,NNFS1-----A----,csubj,Nom,Fem,Sing,,-0.0304537027925249,O
výrobku,NOUN,NNIS2-----A----,nmod,Gen,Masc,Sing,Inan,0.0039213495649275,O
",",PUNCT,Z:-------------,punct,,,,,0.0166673743893265,O
až,SCONJ,"J,-------------",mark,,,,,0.0631503117061012,O
bude,AUX,VB-S---3F-AAI--,aux:pass,,,Sing,,0.0178133422876216,O
znovu,ADV,Db-------------,advmod,,,,,0.1067350826616301,O
přidána,ADJ,VsQW----X-APP--,advcl,,"Fem,Neut","Plur,Sing",,0.0890492788545752,O
na,ADP,RR--4----------,case,Acc,,,,-0.0067078706357982,O
webové,ADJ,AAFP4----1A----,amod,Acc,Fem,Plur,,0.0444517283907696,O
stránky,NOUN,NNFP4-----A----,obl,Acc,Fem,Plur,,0.065734821105439,O
.,PUNCT,Z:-------------,punct,,,,,0.0614098711497227,O
Ohroženy,ADJ,VsTP----X-APP--,root,,"Fem,Masc",Plur,Inan,0.5914353783150509,O
jsou,AUX,VB-P---3P-AAI--,cop,,,Plur,,-0.0623729761074322,O
i,CCONJ,J^-------------,advmod:emph,,,,,-0.0397307823418284,O
festivaly,NOUN,NNIP1-----A----,nsubj,Nom,Masc,Plur,Inan,-0.0527328059145299,O
.,PUNCT,Z:-------------,punct,,,,,0.0034522767110392,O
další,ADJ,AAIS1----1A----,amod,Nom,Masc,Sing,Inan,-0.0559730832279979,O
velký,ADJ,AAIS1----1A----,amod,Nom,Masc,Sing,Inan,-0.0686151007303145,O
festival,NOUN,NNIS1-----A----,root,Nom,Masc,Sing,Inan,0.0002398700082402,O
je,AUX,VB-S---3P-AAI--,cop,,,Sing,,-0.1294519000410686,O
Dussehra,PROPN,NNFS1-----A----,nsubj,Nom,Fem,Sing,,0.1530739799630118,B-ia
8,NUM,C=-------------,nummod,,,,,-0.0044606724456563,B-T|B-td
.,PUNCT,Z:-------------,punct,,,,,-0.0630058358004236,I-T|I-td
října,NOUN,NNIS2-----A----,obl,Gen,Masc,Sing,Inan,-0.0765175185195351,I-T|B-tm
",",PUNCT,Z:-------------,punct,,,,,0.0372949899572023,O
kdy,ADV,Db-------------,advmod,,,,,-0.0716192927515967,O
hinduisté,NOUN,NNMP1-----A----,nsubj,Nom,Masc,Plur,Anim,0.3193152565155638,O
vztyčí,VERB,VB-P---3P-AAP--,acl:relcl,,,Plur,,-0.005648935248946,O
obří,ADJ,AAFP4----1A----,amod,Acc,Fem,Plur,,-0.046763237605723,O
podobizny,NOUN,NNFP4-----A----,obj,Acc,Fem,Plur,,0.0075341363596108,O
ve,ADP,RV--6----------,case,Loc,,,,-0.1272238328248404,O
stylu,NOUN,NNIS6-----A----,nmod,Loc,Masc,Sing,Inan,-0.0512057954803285,O
komiksů,NOUN,NNIP2-----A----,nmod,Gen,Masc,Plur,Inan,0.0444401039336073,O
Ravany,PROPN,NNFS2-----A----,nmod,Gen,Fem,Sing,,-0.0005998031406788,B-p_
",",PUNCT,Z:-------------,punct,,,,,0.0436019354644652,O
postavy,NOUN,NNFS2-----A----,appos,Gen,Fem,Sing,,0.0050042267242058,O
z,ADP,RR--2----------,case,Gen,,,,0.2100147343227578,O
hinduistického,ADJ,AAIS2----1A----,amod,Gen,Masc,Sing,Inan,0.4128737327887338,O
eposu,NOUN,NNIS2-----A----,nmod,Gen,Masc,Sing,Inan,-0.0151840763820858,O
Ramayana,PROPN,NNFS1-----A----,nmod,Nom,Fem,Sing,,0.0779755544328419,B-p_
",",PUNCT,Z:-------------,punct,,,,,-0.0368590359621588,O
která,DET,P4FS1----------,nsubj,Nom,Fem,Sing,,-0.0183483915872415,O
má,VERB,VB-S---3P-AAI--,acl:relcl,,,Sing,,0.0207950179289721,O
huňatý,ADJ,AAIS4----1A----,amod,Acc,Masc,Sing,Inan,-0.0094508819092613,O
knír,NOUN,NNIS4-----A----,obj,Acc,Masc,Sing,Inan,0.0770035551631993,O
a,CCONJ,J^-------------,cc,,,,,-0.0406099392185042,O
ďábelský,ADJ,AAIS4----1A----,amod,Acc,Masc,Sing,Inan,-0.0593976887831473,O
úsměv,NOUN,NNIS4-----A----,conj,Acc,Masc,Sing,Inan,-0.0452367271655609,O
.,PUNCT,Z:-------------,punct,,,,,0.0619759917140704,O
Různé,ADJ,AAFP1----1A----,amod,Nom,Fem,Plur,,0.4158351119894789,O
počítačové,ADJ,AAFP1----1A----,amod,Nom,Fem,Plur,,0.1257947017139582,O
obrazovky,NOUN,NNFP1-----A----,nsubj,Nom,Fem,Plur,,0.0454651400543636,O
",",PUNCT,Z:-------------,punct,,,,,-0.0332779379650232,O
operační,ADJ,AAIP1----1A----,amod,Nom,Masc,Plur,Inan,0.0102729228126627,O
systémy,NOUN,NNIP1-----A----,conj,Nom,Masc,Plur,Inan,-0.1158038909559065,O
",",PUNCT,Z:-------------,punct,,,,,0.1247832561057109,O
a,CCONJ,J^-------------,cc,,,,,0.3605026914105523,O
dokonce,ADV,Db-------------,advmod:emph,,,,,-0.0386423346009757,O
i,CCONJ,J^-------------,advmod:emph,,,,,0.1083656424484739,O
různé,ADJ,AAIP1----1A----,amod,Nom,Masc,Plur,Inan,-0.0517372811270565,O
webové,ADJ,AAIP1----1A----,amod,Nom,Masc,Plur,Inan,-0.3728753784858141,O
prohlížeče,NOUN,NNIP1-----A----,conj,Nom,Masc,Plur,Inan,0.0201832348290509,O
mají,VERB,VB-P---3P-AAI--,root,,,Plur,,-0.2053478273197088,O
různé,ADJ,AAFP4----1A----,amod,Acc,Fem,Plur,,0.0006562269748725,O
coloor,NOUN,NNIS4-----A----,nmod,Acc,Masc,Sing,Inan,0.0378825248629345,O
vlastnosti,NOUN,NNFP4-----A----,obj,Acc,Fem,Plur,,-0.0325033661061806,O
",",PUNCT,Z:-------------,punct,,,,,0.1375344779518825,O
takže,SCONJ,"J,-------------",mark,,,,,0.0557740612892659,O
je,AUX,VB-S---3P-AAI--,cop,,,Sing,,-0.1188294348449333,O
téměř,ADV,Db-------------,advmod:emph,,,,,0.0565517050391248,O
nemožné,ADJ,AANS1----1N----,advcl,Nom,Neut,Sing,,0.1409378274057164,O
přimět,VERB,Vf--------A-P--,csubj,,,,,-0.0816065301843392,O
daného,ADJ,AAMS4----1A----,amod,Acc,Masc,Sing,Anim,0.1072511671381628,O
coloora,NOUN,NNMS4-----A----,iobj,Acc,Masc,Sing,Anim,0.1076344465796614,O
",",PUNCT,Z:-------------,punct,,,,,-0.1176274323836534,O
aby,AUX,Vc-------------,aux,,,,,0.0360622678971219,O
vypadal,VERB,VpYS----R-AAI--,ccomp,,Masc,Sing,,-0.0768864210105922,O
na,ADP,RR--6----------,case,Loc,,,,0.033671446673269,O
každé,DET,AAFS6----1A----,det,Loc,Fem,Sing,,-0.0793958746308194,O
obrazovce,NOUN,NNFS6-----A----,obl,Loc,Fem,Sing,,0.1293857602991986,O
stejně,ADV,Dg-------1A----,advmod,,,,,-0.0293466179922935,O
.,PUNCT,Z:-------------,punct,,,,,0.2563401655692595,O
Mezitím,ADV,Db-------------,advmod,,,,,0.2043644779689905,O
Katar,PROPN,NNIS1-----A----,nsubj,Nom,Masc,Sing,Inan,0.0747559027193579,B-gc
zintenzivňuje,VERB,VB-S---3P-AAI--,root,,,Sing,,0.0764653183352409,O
své,DET,P8NS4---------1,det,Acc,Neut,Sing,,-0.0375178106003688,O
úsilí,NOUN,NNNS4-----A----,obj,Acc,Neut,Sing,,0.0225982682171967,O
",",PUNCT,Z:-------------,punct,,,,,0.3007699015173843,O
aby,AUX,Vc-------------,aux,,,,,0.0935150351723193,O
si,PRON,P7--3----------,obl,Dat,,,,0.12506876955986,O
udržel,VERB,VpYS----R-AAP--,advcl,,Masc,Sing,,0.0095682316998634,O
své,DET,P8FP4---------1,det,Acc,Fem,Plur,,-0.0668613442168407,O
jednička,NOUN,NNFP4-----A----,obj,Acc,Fem,Plur,,0.1023192312586124,O
v,ADP,RR--6----------,case,Loc,,,,0.1927777235678069,O
globálním,ADJ,AAIS6----1A----,amod,Loc,Masc,Sing,Inan,0.1427685248330867,O
exportním,ADJ,AAIS6----1A----,amod,Loc,Masc,Sing,Inan,0.0987765491471638,O
závodu,NOUN,NNIS6-----A---1,nmod,Loc,Masc,Sing,Inan,0.0778084097233256,O
LNG,NOUN,BNXXX-----A----,nmod,,,,,0.0640187845939356,B-if
.,PUNCT,Z:-------------,punct,,,,,0.1017326729190363,O
Země,NOUN,NNFS1-----A----,nsubj,Nom,Fem,Sing,,-0.088776717599447,O
zrušila,VERB,VpQW----R-AAP--,root,,"Fem,Neut","Plur,Sing",,0.0229907635333878,O
moratorium,NOUN,NNNS4-----A----,obj,Acc,Neut,Sing,,0.0188537634374386,O
na,ADP,RR--4----------,case,Acc,,,,0.0370618324115924,O
nové,ADJ,AANS4----1A----,amod,Acc,Neut,Sing,,-0.0781994127701819,O
vrtání,NOUN,NNNS4-----A----,nmod,Acc,Neut,Sing,,0.0008153324741117,O
ve,ADP,RV--6----------,case,Loc,,,,-0.0930259118112695,O
svém,DET,P8ZS6----------,det,Loc,"Masc,Neut",Sing,,-0.0398532528160253,O
severním,ADJ,AANS6----1A----,amod,Loc,Neut,Sing,,-0.0193462457227048,O
poli,NOUN,NNNS6-----A----,nmod,Loc,Neut,Sing,,-0.1183311162847299,O
-,PUNCT,Z:-------------,punct,,,,,0.0962581403444199,O
největších,ADJ,AAFP6----3A----,amod,Loc,Fem,Plur,,-0.0385742968925168,O
světových,ADJ,AAFP6----1A----,amod,Loc,Fem,Plur,,-0.0432732351830723,O
akcích,NOUN,NNFP6-----A----,appos,Loc,Fem,Plur,,-0.0184727144830674,O
naftového,ADJ,AANS2----1A----,amod,Gen,Neut,Sing,,0.0770620169870271,O
pole,NOUN,NNNS2-----A----,nmod,Gen,Neut,Sing,,-0.1980028647155783,O
na,ADP,RR--6----------,case,Loc,,,,-0.0354061364514654,O
Kataru,PROPN,NNIS6-----A----,nmod,Loc,Masc,Sing,Inan,0.0439357443909778,B-gc
s,ADP,RR--7----------,case,Ins,,,,0.0445770256366306,O
Íránem,PROPN,NNIS7-----A----,nmod,Ins,Masc,Sing,Inan,0.0228530947351124,B-gc
na,ADP,RR--6----------,case,Loc,,,,0.0441926046345172,O
světě,NOUN,NNIS6-----A----,nmod,Loc,Masc,Sing,Inan,-0.0124388796276704,O
-,PUNCT,Z:-------------,punct,,,,,0.1441598950177762,O
s,ADP,RR--7----------,case,Ins,,,,0.0560708689344155,O
cílem,NOUN,NNIS7-----A----,obl,Ins,Masc,Sing,Inan,-0.0866574255028431,O
zvýšit,VERB,Vf--------A-P--,acl,,,,,0.0523719581208967,O
vývozní,ADJ,AAFS4----1A----,amod,Acc,Fem,Sing,,0.0607011355226513,O
kapacitu,NOUN,NNFS4-----A----,obj,Acc,Fem,Sing,,0.0173100624716093,O
o,ADP,RR--4----------,case,Acc,,,,-0.0414712718331108,O
43,NUM,C=-------------,nummod:gov,,,,,0.016937931027393,B-nc
procent,NOUN,NNNP2-----A----,obl,Gen,Neut,Plur,,-0.02895405922727,O
na,ADP,RR--4----------,case,Acc,,,,0.0070374828448449,O
11,NUM,C=-------------,obl:arg,,,,,0.0171635725082148,B-nc
milionů,DET,CzIP2----------,det,Gen,Masc,Plur,Inan,-0.0728837004626218,I-nc
tun,NOUN,NNFP2-----A----,nmod,Gen,Fem,Plur,,0.0573175978225357,O
ročně,ADV,Dg-------1A----,advmod,,,,,-0.0148230079150227,O
.,PUNCT,Z:-------------,punct,,,,,-0.0499373810280539,O
Jak,SCONJ,"J,-------------",advmod,,,,,-0.0272332332539375,O
se,PRON,P7-X4----------,expl:pass,Acc,,,,0.110341244620633,O
dalo,VERB,VpNS----R-AAP--,parataxis,,Neut,Sing,,0.0765353760115329,O
předpokládat,VERB,Vf--------A-I--,xcomp,,,,,-0.0763849075823157,O
",",PUNCT,Z:-------------,punct,,,,,0.1109254182422157,O
většina,NOUN,NNFS1-----A----,nsubj,Nom,Fem,Sing,,-0.0378539446630449,O
otázek,NOUN,NNFP2-----A----,nmod,Gen,Fem,Plur,,-0.0346975724246002,O
se,PRON,P7-X4----------,expl:pv,Acc,,,,-0.0171406317279065,O
týkala,VERB,VpQW----R-AAI--,root,,"Fem,Neut","Plur,Sing",,0.0212356056066482,O
tweetu,NOUN,NNIS2-----A----,obl:arg,Gen,Masc,Sing,Inan,0.0003363038117232,O
",",PUNCT,Z:-------------,punct,,,,,0.0767624139011752,O
když,SCONJ,"J,-------------",mark,,,,,-0.1798521386309589,O
reportér,NOUN,NNMS1-----A----,nsubj,Nom,Masc,Sing,Anim,0.1132231438837233,O
za,ADP,RR--7----------,case,Ins,,,,-0.0185659461154112,O
reportérem,NOUN,NNMS7-----A----,nmod,Ins,Masc,Sing,Anim,0.1368179045476544,O
kladl,VERB,VpYS----R-AAI--,advcl,,Masc,Sing,,-0.0526701477139146,O
McEnanyové,PROPN,NNFS3-----A----,obl:arg,Dat,Fem,Sing,,0.1457105069289903,B-ps
otázky,NOUN,NNFP4-----A----,obj,Acc,Fem,Plur,,0.0698174447034128,O
",",PUNCT,Z:-------------,punct,,,,,0.1716185835889555,O
které,DET,P4FP1----------,nsubj,Nom,Fem,Plur,,-0.1180898468499406,O
ji,PRON,PEFS4--3-------,obj,Acc,Fem,Sing,,-0.0743129833755319,O
měly,VERB,VpTP----R-AAI--,acl:relcl,,"Fem,Masc",Plur,Inan,-0.0892861315993623,O
přimět,VERB,Vf--------A-P--,xcomp,,,,,0.1112153337232876,O
k,ADP,RR--3----------,case,Dat,,,,0.0161869028825499,O
tomu,DET,PDZS3----------,obl:arg,Dat,"Masc,Neut",Sing,,-0.0554320671720659,O
",",PUNCT,Z:-------------,punct,,,,,0.2258828621177535,O
aby,AUX,Vc-------------,aux,,,,,0.0529336716316728,O
řekla,VERB,VpQW----R-AAP--,acl,,"Fem,Neut","Plur,Sing",,-0.2504382721847603,O
",",PUNCT,Z:-------------,punct,,,,,0.2519492716094339,O
že,SCONJ,"J,-------------",mark,,,,,0.0128144764550277,O
Trump,PROPN,NNMS1-----A----,nsubj,Nom,Masc,Sing,Anim,0.1800498485459302,B-ps
podporuje,VERB,VB-S---3P-AAI--,ccomp,,,Sing,,-0.2205454474071407,O
konfederační,ADJ,AAFS4----1A----,amod,Acc,Fem,Sing,,0.1450387807736843,O
vlajku,NOUN,NNFS4-----A----,obj,Acc,Fem,Sing,,0.1288611331768456,O
.,PUNCT,Z:-------------,punct,,,,,0.288430927392826,O
Její,DET,P9XP1FS3-------,det,Nom,,Plur,,0.2945218753176218,O
představitelé,NOUN,NNMP1-----A----,nsubj,Nom,Masc,Plur,Anim,-0.0328279660238471,O
se,PRON,P7-X4----------,expl:pv,Acc,,,,-0.1218497509691193,O
však,CCONJ,J^-------------,cc,,,,,-0.2230156369101924,O
snaží,VERB,VB-P---3P-AAI--,root,,,Plur,,-0.0788805932851774,O
naplnit,VERB,Vf--------A-P--,xcomp,,,,,0.1012003971178705,O
očekávání,NOUN,NNNS4-----A----,obj,Acc,Neut,Sing,,0.0171035220726808,O
tuniského,ADJ,AAIS2----1A----,amod,Gen,Masc,Sing,Inan,0.1145081241191812,O
lidu,NOUN,NNIS2-----A----,nmod,Gen,Masc,Sing,Inan,0.0821808299036412,O
a,CCONJ,J^-------------,cc,,,,,0.048170952094504,O
již,ADV,Db-------------,advmod:emph,,,,,-0.5181838327655489,O
tak,ADV,Db-------------,advmod,,,,,-0.2553846969548166,O
křehkou,ADJ,AAFS4----1A----,amod,Acc,Fem,Sing,,0.0997901331321185,O
ekonomiku,NOUN,NNFS4-----A----,obj,Acc,Fem,Sing,,0.044436045163911,O
pošramotilo,VERB,VpNS----R-AAP--,conj,,Neut,Sing,,0.1613422177808359,O
uzavření,NOUN,NNNS1-----A----,nsubj,Nom,Neut,Sing,,-0.0801057497181782,O
hranic,NOUN,NNFP2-----A----,nmod,Gen,Fem,Plur,,0.1423800879779756,O
země,NOUN,NNFS2-----A----,nmod,Gen,Fem,Sing,,-0.2900252923403882,O
kvůli,ADP,RR--3----------,case,Dat,,,,-0.0871876706725468,O
pandemii,NOUN,NNFS3-----A----,nmod,Dat,Fem,Sing,,0.0705973585758268,O
COVID-19,NOUN,BNXXX-----A----,nmod,,,,,0.0021679800306593,B-o_
.,PUNCT,Z:-------------,punct,,,,,0.3551317134912026,O
Uganda,PROPN,NNFS1-----A----,root,Nom,Fem,Sing,,0.075135943134682,B-gc
:,PUNCT,Z:-------------,punct,,,,,-0.387945739275539,O
Vláda,NOUN,NNFS1-----A----,nsubj,Nom,Fem,Sing,,0.1890977135501995,O
spustila,VERB,VpQW----R-AAP--,root,,"Fem,Neut","Plur,Sing",,0.3389668623112531,O
sadu,NOUN,NNFS4-----A----,obj,Acc,Fem,Sing,,0.3057199616764691,O
pro,ADP,RR--4----------,case,Acc,,,,0.403583253852862,O
sebekontrolu,NOUN,NNFS4-----A----,nmod,Acc,Fem,Sing,,0.1212480901304567,O
HIV,NOUN,BNXXX-----A----,nmod,,,,,-0.2907297910387069,B-o_
Téměř,ADV,Db-------------,advmod:emph,,,,,0.56019433068815,O
polovina,NOUN,NNFS1-----A----,nsubj,Nom,Fem,Sing,,0.0498723513984456,O
úředníků,NOUN,NNMP2-----A----,nmod,Gen,Masc,Plur,Anim,0.0474137574690834,O
v,ADP,RR--6----------,case,Loc,,,,0.0196832432401296,O
důchodu,NOUN,NNIS6-----A----,nmod,Loc,Masc,Sing,Inan,-0.007845503995591,O
byli,AUX,VpMP----R-AAI--,cop,,Masc,Plur,Anim,-0.0389491209103359,O
ti,DET,PDMP1----------,root,Nom,Masc,Plur,Anim,0.0115187443349169,O
",",PUNCT,Z:-------------,punct,,,,,0.1019463895339802,O
kteří,DET,P4MP1----------,nsubj:pass,Nom,Masc,Plur,Anim,0.0701383175540285,O
byli,AUX,VpMP----R-AAI--,aux:pass,,Masc,Plur,Anim,-0.1539094173927543,O
CBI,NOUN,BNXXX-----A----,obl:arg,,,,,0.0876027706495384,B-io
zatčeni,ADJ,VsMP----X-APP--,amod,,Masc,Plur,Anim,0.1627366454001635,O
za,ADP,RR--4----------,case,Acc,,,,0.202769901814837,O
údajné,ADJ,AANS4----1A----,amod,Acc,Neut,Sing,,-0.0382354826361352,O
přijetí,NOUN,NNNS4-----A----,obl,Acc,Neut,Sing,,0.2129272658832019,O
nezákonného,ADJ,AANS2----1N----,amod,Gen,Neut,Sing,,0.0364579998052511,O
uspokojení,NOUN,NNNS2-----A----,nmod,Gen,Neut,Sing,,0.0660026468258586,O
.,PUNCT,Z:-------------,punct,,,,,0.0150934348551214,O
Jeden,NUM,CnYS1----------,nsubj:pass,Nom,Masc,Sing,,0.0885892263717715,O
z,ADP,RR--2----------,case,Gen,,,,-0.0112439092377955,O
nich,PRON,PEXP2--3-------,nmod,Gen,,Plur,,0.1202258625305392,O
byl,AUX,VpYS----R-AAI--,aux:pass,,Masc,Sing,,0.0322947757228838,O
chycen,ADJ,VsYS----X-APP--,root,,Masc,Sing,,0.0833924834289965,O
přijetím,NOUN,NNNS7-----A----,obl,Ins,Neut,Sing,,-0.005124678631201,O
úplatku,NOUN,NNIS2-----A----,nmod,Gen,Masc,Sing,Inan,0.0835084746765044,O
ve,ADP,RV--6----------,case,Loc,,,,-0.1371693962691474,O
výši,NOUN,NNFS6-----A----,nmod,Loc,Fem,Sing,,-0.0499611732767546,O
15,NUM,C=-------------,nummod,,,,,-0.0548197016612909,B-nc
000,NUM,C=-------------,compound,,,,,0.120636849098032,I-nc
Rs,NOUN,BNXXX-----A----,nmod,,,,,0.0670216619050289,B-om
.,PUNCT,Z:-------------,punct,,,,,-0.1252619964723734,O
Jeden,NUM,CnYS1----------,nummod,Nom,Masc,Sing,,-0.0685330716590247,O
úředník,NOUN,NNMS1-----A----,nsubj,Nom,Masc,Sing,Anim,0.0149645760185663,O
je,AUX,VB-S---3P-AAI--,cop,,,Sing,,0.1674930072126811,O
obviněn,ADJ,VsYS----X-APP--,root,,Masc,Sing,,0.0367537420697297,O
z,ADP,RR--2----------,case,Gen,,,,0.0803330110173869,O
majetku,NOUN,NNIS2-----A----,obl:arg,Gen,Masc,Sing,Inan,0.1448024336307611,O
nepřiměřeného,ADJ,AAIS2----1N----,amod,Gen,Masc,Sing,Inan,0.0827741384177885,O
jeho,DET,P9XXXZS3-------,det,,,,,0.0612712387517636,O
známému,ADJ,AAIS3----1A----,amod,Dat,Masc,Sing,Inan,0.1019930154047059,O
zdroji,NOUN,NNIS3-----A----,obl:arg,Dat,Masc,Sing,Inan,0.0273741292343555,O
příjmů,NOUN,NNIP2-----A----,nmod,Gen,Masc,Plur,Inan,0.0361902565282865,O
.,PUNCT,Z:-------------,punct,,,,,-0.0551666891660618,O
Naštěstí,ADV,Db-------------,advmod,,,,,0.2224338391586153,O
se,PRON,P7-X4----------,expl:pv,Acc,,,,0.017742489339468,O
necítím,VERB,VB-S---1P-NAI--,root,,,Sing,,-0.0346108971273525,O
na,ADP,RR--4----------,case,Acc,,,,-0.137292599249596,O
svůj,DET,P8IS4----------,det,Acc,Masc,Sing,Inan,-0.1147798468253865,O
věk,NOUN,NNIS4-----A----,obl,Acc,Masc,Sing,Inan,-0.0770327019045019,O
",",PUNCT,Z:-------------,punct,,,,,0.1162909924814693,O
moje,DET,PSHS1-S1-------,det,Nom,Fem,Plur,,0.0343972824055983,O
nohy,NOUN,NNFP1-----A----,nsubj,Nom,Fem,Plur,,0.107799829051333,O
jsou,AUX,VB-P---3P-AAI--,conj,,,Plur,,-0.4837767590416223,O
stále,ADV,Dg-------1A----,advmod,,,,,-0.1464315869573871,O
v,ADP,RR--6----------,case,Loc,,,,0.0043398325329527,O
pořádku,NOUN,NNIS6-----A----,obl,Loc,Masc,Sing,Inan,-0.1116243972652301,O
a,CCONJ,J^-------------,cc,,,,,0.099053998989356,O
dotýkají,VERB,VB-P---3P-AAI--,conj,,,Plur,,0.0491139870275923,O
se,PRON,P7-X4----------,expl:pv,Acc,,,,-0.0405154028845167,O
dřeva,NOUN,NNNS2-----A----,obl:arg,Gen,Neut,Sing,,-0.0452535844002493,O
",",PUNCT,Z:-------------,punct,,,,,0.2021948434846034,O
nemám,VERB,VB-S---1P-NAI--,conj,,,Sing,,-0.1958667086857757,O
mnoho,DET,Ca--4----------,det:numgov,Acc,,,,0.0570950554800019,O
zranění,NOUN,NNNP2-----A----,obj,Gen,Neut,Plur,,-0.1498633961940178,O
",",PUNCT,Z:-------------,punct,,,,,0.230543649308052,O
takže,SCONJ,"J,-------------",mark,,,,,-0.0851190085545599,O
je,AUX,VB-S---3P-AAI--,advcl,,,Sing,,0.0333861904884431,O
to,DET,PDNS1----------,nsubj,Nom,Neut,Sing,,0.0671959820091481,O
o,ADP,RR--6----------,case,Loc,,,,0.1516272739252433,O
tom,DET,PDZS6----------,obl,Loc,"Masc,Neut",Sing,,-0.0255522444721505,O
udržet,VERB,Vf--------A-P--,acl,,,,,0.0122282543197512,O
se,PRON,P7--4----------,obj,Acc,,,,0.0473998280106088,O
na,ADP,RR--6----------,case,Loc,,,,-0.018260786631117,O
vrcholu,NOUN,NNIS6-----A----,obl,Loc,Masc,Sing,Inan,0.0191175203597992,O
a,CCONJ,J^-------------,cc,,,,,0.0339867693562918,O
vrátit,VERB,Vf--------A-P--,conj,,,,,0.0392246580485192,O
se,PRON,P7-X4----------,expl:pv,Acc,,,,-0.0375066643466907,O
tak,ADV,Db-------------,advmod,,,,,0.0529010952180448,O
silný,ADJ,AAMS1----1A----,xcomp,Nom,Masc,Sing,Anim,-0.0465807394476226,O
",",PUNCT,Z:-------------,punct,,,,,0.1247078401668162,O
jak,ADV,Db-------------,advmod,,,,,0.048198183365033,O
jen,ADV,Db-------------,advmod:emph,,,,,0.0811638345832395,O
můžu,VERB,VB-S---1P-AAI--,advcl,,,Sing,,-0.2739885491175635,O
příští,ADJ,AAIS4----1A----,amod,Acc,Masc,Sing,Inan,-0.2467311854539276,O
rok,NOUN,NNIS4-----A----,obl,Acc,Masc,Sing,Inan,-0.0090541145303548,O
.,PUNCT,Z:-------------,punct,,,,,0.0942277533382368,O
„,PUNCT,Z:-------------,root,,,,,0.0244501693222627,O
Otázka,NOUN,NNFS1-----A----,root,Nom,Fem,Sing,,0.0405769009246328,O
:,PUNCT,Z:-------------,punct,,,,,0.0415577586185472,O
chvíli,NOUN,NNFS4-----A----,obl,Acc,Fem,Sing,,0.2571018836359137,O
jsem,AUX,VB-S---1P-AAI--,aux,,,Sing,,0.1945841840643515,O
čekal,VERB,VpYS----R-AAI--,appos,,Masc,Sing,,-0.0762852693280315,O
na,ADP,RR--4----------,case,Acc,,,,-0.4352785774212249,O
svou,DET,P8FS4---------1,det,Acc,Fem,Sing,,0.0241728774727258,O
objednávku,NOUN,NNFS4-----A----,obl:arg,Acc,Fem,Sing,,-0.0335111406823016,O
a,CCONJ,J^-------------,cc,,,,,-0.3263669364417225,O
nedorazila,VERB,VpQW----R-NAP--,conj,,"Fem,Neut","Plur,Sing",,0.3137694765091451,O
.,PUNCT,Z:-------------,punct,,,,,0.3298727779206724,O
Oznámení,NOUN,NNNS1-----A----,nsubj,Nom,Neut,Sing,,0.1160179420282634,O
přichází,VERB,VB-S---3P-AAI--,root,,,Sing,,-0.0342100253524048,O
jen,ADV,Db-------------,advmod:emph,,,,,0.0930874409661148,O
dva,NUM,CnYP4----------,nummod,Acc,Masc,Plur,,0.0817152337578746,O
týdny,NOUN,NNIP4-----A----,obl,Acc,Masc,Plur,Inan,-0.1445828164348422,O
po,ADP,RR--6----------,case,Loc,,,,0.0021508760665474,O
ničivých,ADJ,AAIP6----1A----,amod,Loc,Masc,Plur,Inan,0.0009925363368936,O
útocích,NOUN,NNIP6-----A----,nmod,Loc,Masc,Plur,Inan,0.0216659725176975,O
na,ADP,RR--4----------,case,Acc,,,,0.1042146939704837,O
olejovou,ADJ,AAFS4----1A----,amod,Acc,Fem,Sing,,0.0961908931464698,O
infrastrukturu,NOUN,NNFS4-----A----,nmod,Acc,Fem,Sing,,0.0610375283787902,O
Saúdské,ADJ,AAFS2----1A----,amod,Gen,Fem,Sing,,0.1287539437804245,B-gc
Arábie,PROPN,NNFS2-----A----,nmod,Gen,Fem,Sing,,0.1260322384453978,I-gc
-,PUNCT,Z:-------------,punct,,,,,0.0085768785422577,O
obviňované,ADJ,AAFS2----1A----,amod,Gen,Fem,Sing,,0.1127582368471583,O
Washingtonem,PROPN,NNIS7-----A----,obl:arg,Ins,Masc,Sing,Inan,0.0838561825404418,B-gu
na,ADP,RR--6----------,case,Loc,,,,0.0599752866127369,O
Íránu,PROPN,NNIS6-----A----,obl:arg,Loc,Masc,Sing,Inan,0.2279539605037873,B-gc
–,PUNCT,Z:-------------,punct,,,,,-0.4455463709214349,O
který,DET,P4YS1----------,nsubj,Nom,Masc,Sing,,0.0020970622907742,O
zakořenil,VERB,VpYS----R-AAP--,acl:relcl,,Masc,Sing,,0.1033779471890363,O
globální,ADJ,AAIP4----1A----,amod,Acc,Masc,Plur,Inan,0.0372140040949228,O
energetické,ADJ,AAIP4----1A----,amod,Acc,Masc,Plur,Inan,0.0193491381681536,O
trhy,NOUN,NNIP4-----A----,obj,Acc,Masc,Plur,Inan,0.0767059753524291,O
a,CCONJ,J^-------------,cc,,,,,0.0461377489803266,O
zvýšil,VERB,VpYS----R-AAP--,conj,,Masc,Sing,,-0.1583853414103249,O
obavy,NOUN,NNFP4-----A----,obj,Acc,Fem,Plur,,0.1004824134079119,O
z,ADP,RR--2----------,case,Gen,,,,0.0269190311139643,O
širšího,ADJ,AAIS2----2A----,amod,Gen,Masc,Sing,Inan,0.1314688848144222,O
regionálního,ADJ,AAIS2----1A----,amod,Gen,Masc,Sing,Inan,0.1496129140548142,O
konfliktu,NOUN,NNIS2-----A----,nmod,Gen,Masc,Sing,Inan,0.2095693929489401,O
.,PUNCT,Z:-------------,punct,,,,,0.5258001533939965,O
Teď,ADV,Db-------------,advmod,,,,,-0.1981803558395463,O
je,AUX,VB-S---3P-AAI--,cop,,,Sing,,0.0519737384114598,O
to,DET,PDNS1----------,nsubj,Nom,Neut,Sing,,-0.0001801604102668,O
ochranka,NOUN,NNFS1-----A----,root,Nom,Fem,Sing,,0.0094991179305676,O
.,PUNCT,Z:-------------,punct,,,,,0.7828857388078653,O
Chcete-li,VERB,VB-P---2P-AAI--,advcl,,,Plur,,0.2025697438395119,O
mít,VERB,Vf--------A-I--,xcomp,,,,,0.0190879357795837,O
nárok,NOUN,NNIS4-----A----,obj,Acc,Masc,Sing,Inan,0.0300645388334963,O
na,ADP,RR--4----------,case,Acc,,,,0.032709569419731,O
příslib,NOUN,NNIS4-----A----,nmod,Acc,Masc,Sing,Inan,-0.0101066729833663,O
ochrany,NOUN,NNFS2-----A----,nmod,Gen,Fem,Sing,,-0.0284559993428687,O
před,ADP,RR--7----------,case,Ins,,,,0.1669908764461655,O
viry,NOUN,NNIP7-----A----,nmod,Ins,Masc,Plur,Inan,0.0283532540099311,O
",",PUNCT,Z:-------------,punct,,,,,0.2098442966995947,O
musíte,VERB,VB-P---2P-AAI--,root,,,Plur,,0.0480030533176611,O
si,PRON,P7--3----------,obl,Dat,,,,-0.0912962196187123,O
zakoupit,VERB,Vf--------A-P--,xcomp,,,,,0.1858933802492255,O
",",PUNCT,Z:-------------,punct,,,,,0.6960041844866167,O
obnovit,VERB,Vf--------A-P--,conj,,,,,-0.1029238796603661,O
nebo,CCONJ,J^-------------,cc,,,,,-0.1552283095115396,O
upgradovat,VERB,Vf--------A-P--,conj,,,,,0.094489492245175,O
předplatné,NOUN,NNNS4-----A----,obj,Acc,Neut,Sing,,0.1226793692870839,O
Norton,PROPN,NNIS1-----A----,nmod,Nom,Masc,Sing,Inan,0.1241137595079311,B-op
přímo,ADV,Dg-------1A----,advmod:emph,,,,,-0.0762431308773279,O
od,ADP,RR--2----------,case,Gen,,,,-0.1652509923393908,O
společnosti,NOUN,NNFS2-----A----,obl,Gen,Fem,Sing,,-0.0669094241380103,O
Symantec,PROPN,NNIS1-----A----,nmod,Nom,Masc,Sing,Inan,0.0738166621480902,B-if
nebo,CCONJ,J^-------------,cc,,,,,0.0292398134245134,O
se,PRON,P7--4----------,obj,Acc,,,,0.0099198680196193,O
přihlásit,VERB,Vf--------A-P--,conj,,,,,-0.0488006175218041,O
k,ADP,RR--3----------,case,Dat,,,,0.0052091140289056,O
odběru,NOUN,NNIS3-----A----,obl:arg,Dat,Masc,Sing,Inan,-0.0522366436915355,O
služby,NOUN,NNFS2-----A----,nmod,Gen,Fem,Sing,,-0.0852577824854681,O
Norton,X,F%-------------,nmod,,,,,-0.0124006803413309,B-op
Automatic,X,F%-------------,flat:foreign,,,,,-0.0411616414223833,I-op
Renewal,X,F%-------------,flat:foreign,,,,,0.216536208298739,I-op
.,PUNCT,Z:-------------,punct,,,,,-0.0361407971123714,O
Problémy,NOUN,NNIP4-----A----,obj,Acc,Masc,Plur,Inan,0.2708901897738823,O
s,ADP,RR--7----------,case,Ins,,,,0.1046339564999205,O
životním,ADJ,AANS7----1A----,amod,Ins,Neut,Sing,,0.0477040973889048,O
prostředím,NOUN,NNNS7-----A----,nmod,Ins,Neut,Sing,,-0.0108711507733042,O
řešily,VERB,VpTP----R-AAI--,root,,"Fem,Masc",Plur,Inan,-0.0208135813504154,O
Cullis-Suzuki,PROPN,NNXXX-----A----,conj,,,,,0.0082952386824545,B-ps
odrážejí,VERB,VB-P---3P-AAI--,conj,,,Plur,,0.0601641392657547,O
svět,NOUN,NNIS4-----A----,obj,Acc,Masc,Sing,Inan,-0.0071798482966001,O
počátku,NOUN,NNIS2-----A----,nmod,Gen,Masc,Sing,Inan,-0.0592359518472553,O
90,NUM,C=-------------,nummod,,,,,0.0146468447078916,B-no
.,PUNCT,Z:-------------,punct,,,,,0.0187752301692806,I-no
let,NOUN,NNNP2-----A----,nmod,Gen,Neut,Plur,,0.032574517982502,O
",",PUNCT,Z:-------------,punct,,,,,0.1690108413638947,O
kdy,ADV,Db-------------,advmod,,,,,-0.036278383649209,O
odlesňování,NOUN,NNNS1-----A----,nsubj,Nom,Neut,Sing,,0.1248525376934768,O
",",PUNCT,Z:-------------,punct,,,,,0.1996011819621025,O
vyčerpání,NOUN,NNNS1-----A----,conj,Nom,Neut,Sing,,0.0376010330053377,O
ozonové,ADJ,AAFS2----1A----,amod,Gen,Fem,Sing,,0.0494103499018476,O
vrstvy,NOUN,NNFS2-----A----,nmod,Gen,Fem,Sing,,-0.0141058696736044,O
a,CCONJ,J^-------------,cc,,,,,0.1999355973731813,O
vyhynutí,NOUN,NNNS1-----A----,conj,Nom,Neut,Sing,,0.1422754692195595,O
druhů,NOUN,NNIP2-----A----,nmod,Gen,Masc,Plur,Inan,-0.0161806808380887,O
byly,AUX,VpTP----R-AAI--,cop,,"Fem,Masc",Plur,Inan,-0.0981641612582348,O
ekologické,ADJ,AAFP1----1A----,amod,Nom,Fem,Plur,,0.0081847304572251,O
obavy,NOUN,NNFP1-----A----,acl:relcl,Nom,Fem,Plur,,-9.754889555586098,O
de,X,F%-------------,case,,,,,-0.0241037239971131,O
cesty,NOUN,NNFS2-----A----,nmod,Gen,Fem,Sing,,-0.07202638807925,O
.,PUNCT,Z:-------------,punct,,,,,0.0387410834480017,O
Přesto,CCONJ,J^-------------,cc,,,,,0.0126512295875384,O
lidstvo,NOUN,NNNS1-----A----,nsubj,Nom,Neut,Sing,,0.0885598889419493,O
bylo,AUX,VpNS----R-AAI--,cop,,Neut,Sing,,-0.0247406443393676,O
poměrně,ADV,Dg-------1A----,advmod,,,,,-0.0015686567110666,O
úspěšné,ADJ,AANS1----1A----,root,Nom,Neut,Sing,,0.1528696740041528,O
při,ADP,RR--6----------,case,Loc,,,,-0.1088161944231487,O
řešení,NOUN,NNNS6-----A----,obl,Loc,Neut,Sing,,0.0056352534289183,O
těchto,DET,PDXP2----------,det,Gen,,Plur,,0.0343743865493317,O
problémů,NOUN,NNIP2-----A----,nmod,Gen,Masc,Plur,Inan,0.0504399124584677,O
v,ADP,RR--6----------,case,Loc,,,,0.0556760148115141,O
intervenčních,ADJ,AANP6----1A----,amod,Loc,Neut,Plur,,0.0726171062088482,O
letech,NOUN,NNNP6-----A----,nmod,Loc,Neut,Plur,,0.0463129041786918,O
.,PUNCT,Z:-------------,punct,,,,,-0.0140390381903691,O
Díky,ADP,RR--3----------,case,Dat,,,,-0.052264872904341,O
zákazu,NOUN,NNIS3-----A----,obl,Dat,Masc,Sing,Inan,-0.0455607458719519,O
bankovních,ADJ,AAFP2----1A----,amod,Gen,Fem,Plur,,-0.0178502771923941,O
chemikálií,NOUN,NNFP2-----A----,nmod,Gen,Fem,Plur,,0.0078564258803319,O
",",PUNCT,Z:-------------,punct,,,,,0.1073972651846382,O
vyčerpání,NOUN,NNNS1-----A----,nsubj,Nom,Neut,Sing,,0.0425933640245186,O
ozonu,NOUN,NNIS2-----A----,nmod,Gen,Masc,Sing,Inan,0.0364873414915961,O
dramaticky,ADV,Dg-------1A----,advmod,,,,,0.0062124657318872,O
zpomalil,VERB,VpYS----R-AAP--,root,,Masc,Sing,,0.0737822284384745,O
a,CCONJ,J^-------------,cc,,,,,0.0852136971305577,O
lesní,ADJ,AAIS1----1A----,amod,Nom,Masc,Sing,Inan,-0.0146344904859141,O
kryt,NOUN,NNIS1-----A----,nsubj,Nom,Masc,Sing,Inan,0.0053506460942031,O
po,ADP,RR--6----------,case,Loc,,,,-0.0371542074160198,O
celém,ADJ,AAIS6----1A----,amod,Loc,Masc,Sing,Inan,0.014766923839459,O
světě,NOUN,NNIS6-----A----,nmod,Loc,Masc,Sing,Inan,0.0458399776888663,O
vzrostl,VERB,VpYS----R-AAP--,conj,,Masc,Sing,,0.1190457361308077,O
o,ADP,RR--4----------,case,Acc,,,,0.0425338629399063,O
oblast,NOUN,NNFS4-----A----,obl,Acc,Fem,Sing,,0.0377498066078296,O
o,ADP,RR--6----------,case,Loc,,,,0.0155445015611794,O
velikosti,NOUN,NNFS6-----A----,nmod,Loc,Fem,Sing,,0.1862393150394767,O
Texasu,PROPN,NNIS2-----A----,nmod,Gen,Masc,Sing,Inan,0.0761200835002891,B-gr
a,CCONJ,J^-------------,cc,,,,,-0.0261983198938892,O
Aljašky,PROPN,NNFS2-----A----,conj,Gen,Fem,Sing,,0.0243931399895672,B-gl
v,ADP,RR--6----------,case,Loc,,,,-0.0234437021454461,O
kombinaci,NOUN,NNFS6-----A----,nmod,Loc,Fem,Sing,,-0.052664258996484,O
.,PUNCT,Z:-------------,punct,,,,,-0.0189488335784265,O
Raketový,ADJ,AAIS1----1A----,amod,Nom,Masc,Sing,Inan,0.0627520972564312,O
systém,NOUN,NNIS1-----A----,root,Nom,Masc,Sing,Inan,-0.1495615609289834,O
Patriot,PROPN,NNIS1-----A----,nmod,Nom,Masc,Sing,Inan,0.4211750510743065,B-op
do,ADP,RR--2----------,case,Gen,,,,-0.1171438749799432,O
Saúdské,ADJ,AAFS2----1A----,amod,Gen,Fem,Sing,,0.253108707418288,B-gc
Arábie,PROPN,NNFS2-----A----,nmod,Gen,Fem,Sing,,0.3075377398283809,I-gc
po,ADP,RR--6----------,case,Loc,,,,0.1270632412756325,O
íránských,ADJ,AAIP6----1A----,amod,Loc,Masc,Plur,Inan,0.0380091224710268,O
ropných,ADJ,AAIP6----1A----,amod,Loc,Masc,Plur,Inan,0.390336060249105,O
útocích,NOUN,NNIP6-----A----,dep,Loc,Masc,Plur,Inan,0.541897076556664,O
Představení,NOUN,NNNS1-----A----,nsubj,Nom,Neut,Sing,,-0.0523368800782192,O
pojednává,VERB,VB-S---3P-AAI--,root,,,Sing,,0.0903707862493822,O
o,ADP,RR--6----------,case,Loc,,,,-0.046430291200013,O
následcích,NOUN,NNIP6-----A----,obl:arg,Loc,Masc,Plur,Inan,-0.0185759460622016,O
Salamis,X,F%-------------,nmod,,,,,0.0627084431398138,O
",",PUNCT,Z:-------------,punct,,,,,0.1277756271559028,O
námořní,ADJ,AAFS2----1A----,amod,Gen,Fem,Sing,,0.0426860248773867,O
bitvy,NOUN,NNFS2-----A----,appos,Gen,Fem,Sing,,-0.0583496267677905,O
",",PUNCT,Z:-------------,punct,,,,,0.2292623676255381,O
v,ADP,RR--6----------,case,Loc,,,,0.0698503179706106,O
níž,PRON,P4FS6----------,obl,Loc,Fem,Sing,,0.0555444046413688,O
početní,ADJ,AAFS1----1A----,amod,Nom,Fem,Sing,,0.0008599203223833,O
převaha,NOUN,NNFS1-----A----,nsubj,Nom,Fem,Sing,,0.043487347487148,O
Řeků,PROPN,NNMP2-----A----,nmod,Gen,Masc,Plur,Anim,0.0129857889343176,B-pc
před,ADP,RR--7----------,case,Ins,,,,0.0461918620373547,O
2500,NUM,C=-------------,nummod,,,,,0.1923353924113562,B-nc
lety,NOUN,NNNP7-----A----,obl,Ins,Neut,Plur,,-0.0332032617495279,O
rozdrtila,VERB,VpQW----R-AAP--,acl:relcl,,"Fem,Neut","Plur,Sing",,0.0962660620220554,O
mocnou,ADJ,AAFS4----1A----,amod,Acc,Fem,Sing,,0.0109646258970511,O
perskou,ADJ,AAFS4----1A----,amod,Acc,Fem,Sing,,0.0175001346959111,O
armádu,NOUN,NNFS4-----A----,obj,Acc,Fem,Sing,,-0.0631101316921696,O
.,PUNCT,Z:-------------,punct,,,,,-0.0555077237699399,O
V,ADP,RR--6----------,case,Loc,,,,0.1910237367796228,O
době,NOUN,NNFS6-----A----,obl,Loc,Fem,Sing,,0.0062459896973363,O
",",PUNCT,Z:-------------,punct,,,,,0.2692251618778807,O
kdy,ADV,Db-------------,advmod,,,,,-0.0123662778838752,O
se,PRON,P7-X4----------,expl:pv,Acc,,,,0.0453103014651509,O
naše,DET,PSIP1-P1-------,det,Nom,Masc,Plur,Inan,-0.0095710373240891,O
obzory,NOUN,NNIP1-----A----,nsubj,Nom,Masc,Plur,Inan,0.0388553651860849,O
uzavírají,VERB,VB-P---3P-AAI--,acl:relcl,,,Plur,,-0.0084032517743186,O
",",PUNCT,Z:-------------,punct,,,,,0.0418213154994982,O
je,AUX,VB-S---3P-AAI--,cop,,,Sing,,-0.0654810002692069,O
přímo,ADV,Dg-------1A----,advmod:emph,,,,,-0.0591344659092565,O
závrať,NOUN,NNFS1-----A----,root,Nom,Fem,Sing,,0.1562883650944426,O
vyvolávající,ADJ,AGFS1-----A----,amod,Nom,Fem,Sing,,0.0262883711142292,O
virtuálně,ADV,Dg-------1A----,advmod,,,,,0.0032407996082016,O
se,PRON,P7-X4----------,expl:pv,Acc,,,,0.0316127616158632,O
připojit,VERB,Vf--------A-P--,xcomp,,,,,0.0920133748581546,O
k,ADP,RR--3----------,case,Dat,,,,-0.0002611341475913,O
živému,ADJ,AANS3----1A----,amod,Dat,Neut,Sing,,-0.0172044523693057,O
publiku,NOUN,NNNS3-----A----,obl,Dat,Neut,Sing,,-0.031727992452216,O
při,ADP,RR--6----------,case,Loc,,,,0.0425503379683038,O
sledování,NOUN,NNNS6-----A----,obl,Loc,Neut,Sing,,0.0262130909422803,O
(,PUNCT,Z:-------------,punct,,,,,0.0078086440363071,O
s,ADP,RR--7----------,case,Ins,,,,0.068665721628666,O
titulky,NOUN,NNIP7-----A----,nmod,Ins,Masc,Plur,Inan,-0.1384524201675381,O
),PUNCT,Z:-------------,punct,,,,,-0.1183494118723457,O
živých,ADJ,AAMP2----1A----,amod,Gen,Masc,Plur,Anim,0.0808046371310159,O
herců,NOUN,NNMP2-----A----,nmod,Gen,Masc,Plur,Anim,-0.0153759690410465,O
až,PART,TT-------------,advmod:emph,,,,,0.115547954304056,O
v,ADP,RR--6----------,case,Loc,,,,0.1251126988618596,O
Řecku,PROPN,NNNS6-----A----,nmod,Loc,Neut,Sing,,0.0147938522142187,B-gc
",",PUNCT,Z:-------------,punct,,,,,0.2407396662948323,O
jak,ADV,Db-------------,advmod,,,,,0.0563287517358326,O
předvádějí,VERB,VB-P---3P-AAI--,acl,,,Plur,,0.0350505528516836,O
několik,DET,Ca--4----------,det:numgov,Acc,,,,-0.055754587886722,O
tisíciletí,NOUN,NNNP2-----A----,obl,Gen,Neut,Plur,,0.0627261785023444,O
starou,ADJ,AAFS4----1A----,amod,Acc,Fem,Sing,,0.1191435099917145,O
hru,NOUN,NNFS4-----A----,obj,Acc,Fem,Sing,,0.1355463527117743,O
.,PUNCT,Z:-------------,punct,,,,,-0.1200764360655316,O
Pokud,SCONJ,"J,-------------",mark,,,,,-0.1885790865514024,O
neslyšíte,VERB,VB-P---2P-NAI--,root,,,Plur,,0.1968566228536638,O
o,ADP,RR--6----------,case,Loc,,,,0.4408016173939517,O
pobodání,NOUN,NNNS6-----A----,obl:arg,Loc,Neut,Sing,,0.3116238155275976,O
lidí,NOUN,NNMP2-----A----,nmod,Gen,Masc,Plur,Anim,-0.3835157403804308,O
",",PUNCT,Z:-------------,punct,,,,,0.5215601753805533,O
tak,ADV,Db-------------,dep,,,,,0.1087860729356897,O
co,PRON,PQ--4----------,dep,Acc,,,Inan,-0.1568052155463858,O
?,PUNCT,Z:-------------,punct,,,,,0.1817180800842898,O
Muž,NOUN,NNMS1-----A----,nsubj,Nom,Masc,Sing,Anim,-0.0584051224637505,O
",",PUNCT,Z:-------------,punct,,,,,0.1015428143972597,O
oblečený,ADJ,AAMS1----1A----,amod,Nom,Masc,Sing,Anim,0.105712627677455,O
v,ADP,RR--6----------,case,Loc,,,,0.2198923022228668,O
listnatém,ADJ,AAIS6----1A----,amod,Loc,Masc,Sing,Inan,0.0832024432821884,O
maskáčovém,ADJ,AAIS6----1A----,amod,Loc,Masc,Sing,Inan,0.1277363416325749,O
obleku,NOUN,NNIS6-----A----,obl,Loc,Masc,Sing,Inan,0.1337437668441652,O
Ghillie,PROPN,NNFS2-----A----,nmod,Gen,Fem,Sing,,0.0836282853708477,B-pf
",",PUNCT,Z:-------------,punct,,,,,0.1317514843584835,O
popadl,VERB,VpYS----R-AAP-1,root,,Masc,Sing,,0.3113698788801821,O
tehdy,ADV,Db-------------,advmod,,,,,-0.0836364073022191,O
dvanáctiletou,ADJ,AAFS4----1A----,amod,Acc,Fem,Sing,,0.2304602415673573,O
dívku,NOUN,NNFS4-----A----,obj,Acc,Fem,Sing,,0.1490825932936708,O
zezadu,ADV,Db-------------,advmod,,,,,0.1448633930276155,O
a,CCONJ,J^-------------,cc,,,,,-0.0617643550659155,O
zatáhl,VERB,VpYS----R-AAP--,conj,,Masc,Sing,,0.020552206540375,O
ji,PRON,PEFS4--3-------,obj,Acc,Fem,Sing,,-0.0909399169939992,O
do,ADP,RR--2----------,case,Gen,,,,0.0700250337948681,O
buše,NOUN,NNFS2-----A----,obl,Gen,Fem,Sing,,0.2860237986782576,O
",",PUNCT,Z:-------------,punct,,,,,0.1484255808543837,O
když,SCONJ,"J,-------------",mark,,,,,0.04214120410983,O
v,ADP,RR--6----------,case,Loc,,,,0.1944564324673359,O
květnu,NOUN,NNIS6-----A----,obl,Loc,Masc,Sing,Inan,0.2090063980812138,B-T|B-tm
2017,NUM,C=-------------,nummod,,,,,0.0263641227841005,I-T|B-ty
mířila,VERB,VpQW----R-AAI--,advcl,,"Fem,Neut","Plur,Sing",,0.0804542482090165,O
do,ADP,RR--2----------,case,Gen,,,,0.1254175143068024,O
školy,NOUN,NNFS2-----A----,obl,Gen,Fem,Sing,,0.0873093805278375,O
na,ADP,RR--6----------,case,Loc,,,,0.0991195894349189,O
centrálním,ADJ,AANS6----1A----,amod,Loc,Neut,Sing,,0.2220485329270234,O
pobřeží,NOUN,NNNS6-----A----,nmod,Loc,Neut,Sing,,0.1932312168601687,O
státu,NOUN,NNIS2-----A----,nmod,Gen,Masc,Sing,Inan,0.1158414594243001,O
.,PUNCT,Z:-------------,punct,,,,,-0.056434278025882,O
Přes,ADP,RR--4----------,case,Acc,,,,0.0721092652672233,O
noc,NOUN,NNFS4-----A----,obl,Acc,Fem,Sing,,0.0186556520263131,O
hasiči,NOUN,NNMP1-----A----,nsubj,Nom,Masc,Plur,Anim,0.068542568540329,O
využili,VERB,VpMP----R-AAP--,root,,Masc,Plur,Anim,0.0933151986854306,O
mírnějších,ADJ,AAFP2----2A----,amod,Gen,Fem,Plur,,0.1667965855938157,O
podmínek,NOUN,NNFP2-----A----,obl:arg,Gen,Fem,Plur,,0.274347543463203,O
k,ADP,RR--3----------,case,Dat,,,,-0.0389576006976807,O
vybudování,NOUN,NNNS3-----A----,obl,Dat,Neut,Sing,,0.161089124147147,O
a,CCONJ,J^-------------,cc,,,,,-0.0490303940351687,O
posílení,NOUN,NNNS3-----A----,conj,Dat,Neut,Sing,,0.0970909822485525,O
kontrolních,ADJ,AANP2----1A----,amod,Gen,Neut,Plur,,0.3329439826118365,O
vedení,NOUN,NNNP2-----A----,nmod,Gen,Neut,Plur,,0.1286319383791962,O
.,PUNCT,Z:-------------,punct,,,,,-0.7100319320517046,O
Cassidy,PROPN,NNMS1-----A----,nsubj,Nom,Masc,Sing,Anim,0.2843875990353516,B-p_
",",PUNCT,Z:-------------,punct,,,,,0.1168684109431184,O
který,DET,P4YS1----------,nsubj:pass,Nom,Masc,Sing,,-0.0332260306577965,O
byl,AUX,VpYS----R-AAI--,aux:pass,,Masc,Sing,,0.000232447582385,O
zraněn,ADJ,VsYS----X-APP--,amod,,Masc,Sing,,0.0343557410221738,O
",",PUNCT,Z:-------------,punct,,,,,0.1208323074671917,O
hrál,VERB,VpYS----R-AAI--,root,,Masc,Sing,,-0.0378749251156485,O
mrtvého,ADJ,AAMS4----1A----,obj,Acc,Masc,Sing,Anim,-0.030193412601683,O
",",PUNCT,Z:-------------,punct,,,,,0.1588006395288961,O
dokud,SCONJ,"J,-------------",mark,,,,,0.0281296870365784,O
Haskell,PROPN,NNMS1-----A----,nsubj,Nom,Masc,Sing,Anim,0.0325051596460721,B-ps
neodešel,VERB,VpYS----R-NAP--,advcl,,Masc,Sing,,0.1457396243175054,O
",",PUNCT,Z:-------------,punct,,,,,0.1372662658203936,O
a,CCONJ,J^-------------,cc,,,,,0.0413742371788326,O
byl,AUX,VpYS----R-AAI--,cop,,Masc,Sing,,0.0080208284815895,O
schopen,ADJ,ACYS------A----,conj,,Masc,Sing,,0.0717719521650727,O
ho,PRON,P5ZS4--3-------,obj,Acc,"Masc,Neut",Sing,,0.0058839752574892,O
identifikovat,VERB,Vf--------A-B--,xcomp,,,,,0.0815560374529354,O
na,ADP,RR--6----------,case,Loc,,,,0.0239056507072138,O
policii,NOUN,NNFS6-----A----,obl,Loc,Fem,Sing,,-0.0018102551826795,O
.,PUNCT,Z:-------------,punct,,,,,0.0902390163781634,O
Řekla,VERB,VpQW----R-AAP--,root,,"Fem,Neut","Plur,Sing",,-0.0196982953247108,O
úředníkům,NOUN,NNMP3-----A----,obl:arg,Dat,Masc,Plur,Anim,0.0285852853471086,O
",",PUNCT,Z:-------------,punct,,,,,0.0554460323961211,O
že,SCONJ,"J,-------------",mark,,,,,-0.0129526287167356,O
má,VERB,VB-S---3P-AAI--,ccomp,,,Sing,,0.0091228662148409,O
v,ADP,RR--6----------,case,Loc,,,,-0.0048992028546399,O
plánu,NOUN,NNIS6-----A----,obl,Loc,Masc,Sing,Inan,0.0184016069736044,O
jet,VERB,Vf--------A-I--,xcomp,,,,,0.0414417262840053,O
do,ADP,RR--2----------,case,Gen,,,,-0.0088612136884166,O
domu,NOUN,NNIS2-----A----,obl,Gen,Masc,Sing,Inan,-0.0010922110798214,O
jejích,DET,P9XP2FS3-------,det,Gen,,Plur,,-0.1462779600659809,O
prarodičů,NOUN,NNMP2-----A----,nmod,Gen,Masc,Plur,Anim,0.043620644772014,O
a,CCONJ,J^-------------,cc,,,,,-0.0098182738671111,O
zabít,VERB,Vf--------A-P--,conj,,,,,0.0629883448736523,O
je,PRON,PEXP4--3-------,obj,Acc,,Plur,,-0.0392819666520564,O
.,PUNCT,Z:-------------,punct,,,,,0.065398631588862,O
Ale,CCONJ,J^-------------,cc,,,,,0.0710642030795023,O
policie,NOUN,NNFS1-----A----,nsubj,Nom,Fem,Sing,,-0.0183901590119638,O
vypátrala,VERB,VpQW----R-AAP--,root,,"Fem,Neut","Plur,Sing",,0.0155312046164082,O
Haskella,PROPN,NNMS4-----A----,obj,Acc,Masc,Sing,Anim,-0.0104071156764948,B-ps
",",PUNCT,Z:-------------,punct,,,,,-0.007333577652678,O
a,CCONJ,J^-------------,cc,,,,,0.0154204695263728,O
on,PRON,PEYS1--3-------,nsubj:pass,Nom,Masc,Sing,,0.0466817292569416,O
byl,AUX,VpYS----R-AAI--,aux:pass,,Masc,Sing,,0.0003935739293278,O
zatčen,ADJ,VsYS----X-APP-1,conj,,Masc,Sing,,0.0806175213597611,O
po,ADP,RR--6----------,case,Loc,,,,0.0221425285006086,O
20,NUM,C=-------------,obl,,,,,-0.0555781296768016,B-nc
minutové,ADJ,AAFS6----1A----,amod,Loc,Fem,Sing,,0.0030012863706964,O
policejní,ADJ,AAFS6----1A----,amod,Loc,Fem,Sing,,-0.0365783055222514,O
honičce,NOUN,NNFS6-----A----,obl,Loc,Fem,Sing,,0.0543024714170835,O
a,CCONJ,J^-------------,cc,,,,,0.035621794605064,O
tříhodinové,ADJ,AAFS6----1A----,amod,Loc,Fem,Sing,,0.0566705150138997,O
přestávce,NOUN,NNFS6-----A----,conj,Loc,Fem,Sing,,0.0091619195871586,O
.,PUNCT,Z:-------------,punct,,,,,0.3494199034582689,O
Nakonec,ADV,Db-------------,advmod,,,,,-0.0356824373233395,O
jsem,AUX,VB-S---1P-AAI--,aux,,,Sing,,-0.2414665047407605,O
to,DET,PDNS4----------,obj,Acc,Neut,Sing,,0.1116504367284314,O
vzdal,VERB,VpYS----R-AAP--,root,,Masc,Sing,,-0.0955498302406285,O
a,CCONJ,J^-------------,cc,,,,,-0.0537775709111533,O
přešel,VERB,VpYS----R-AAP--,conj,,Masc,Sing,,0.0035261374028504,O
k,ADP,RR--3----------,case,Dat,,,,-0.3251971074184088,O
Hertzu,PROPN,NNIS3-----A----,obl,Dat,Masc,Sing,Inan,0.0252565087699987,B-ic
",",PUNCT,Z:-------------,punct,,,,,0.0601932645756746,O
který,DET,P4YS1----------,nsubj,Nom,Masc,Sing,,-0.203725917602464,O
mi,PRON,PH-S3--1-------,obl:arg,Dat,,Sing,,-0.1867798270656288,O
účtoval,VERB,VpYS----R-AAI--,acl:relcl,,Masc,Sing,,-0.0026451879505029,O
jmění,NOUN,NNNS4-----A----,obj,Acc,Neut,Sing,,-0.1268396260856446,O
",",PUNCT,Z:-------------,punct,,,,,-0.1281999310802572,O
ale,CCONJ,J^-------------,cc,,,,,-0.1259627893823725,O
hned,ADV,Db-------------,advmod,,,,,-0.2722536224004923,O
mi,PRON,PH-S3--1-------,obl:arg,Dat,,Sing,,0.0120828721222715,O
dali,VERB,VpMP----R-AAP--,conj,,Masc,Plur,Anim,0.1822061877418457,O
auto,NOUN,NNNS4-----A----,obj,Acc,Neut,Sing,,-0.2136803648336851,O
.,PUNCT,Z:-------------,punct,,,,,0.148189395536974,O
Kalifornský,ADJ,AAIS1----1A----,amod,Nom,Masc,Sing,Inan,0.2973993309696462,O
pár,NOUN,NNIS1-----A----,nsubj,Nom,Masc,Sing,Inan,-0.0197634785082019,O
",",PUNCT,Z:-------------,punct,,,,,-0.0181205618327926,O
který,DET,P4YS1----------,nsubj,Nom,Masc,Sing,,-0.4866638113859031,O
obědval,VERB,VpYS----R-AAI--,acl:relcl,,Masc,Sing,,0.0154220502219022,O
se,ADP,RV--7----------,case,Ins,,,,0.1310089348607013,O
svým,DET,P8ZS7----------,det,Ins,"Masc,Neut",Sing,,-0.1425371844875122,O
štěnětem,NOUN,NNNS7-----A----,obl,Ins,Neut,Sing,,-0.0129196791751491,O
v,ADP,RR--6----------,case,Loc,,,,0.0721216289747175,O
psím,ADJ,AAIS6----1A----,amod,Loc,Masc,Sing,Inan,0.0439851475482723,O
parku,NOUN,NNIS6-----A----,obl,Loc,Masc,Sing,Inan,-0.1104542626900653,O
",",PUNCT,Z:-------------,punct,,,,,0.013738910944556,O
zažil,VERB,VpYS----R-AAP--,root,,Masc,Sing,,0.2843038079626054,O
druhý,ADJ,CrIS4----------,amod,Acc,Masc,Sing,Inan,0.0064010264370602,O
případ,NOUN,NNIS4-----A----,obj,Acc,Masc,Sing,Inan,-0.0302003357763284,O
",",PUNCT,Z:-------------,punct,,,,,0.1286963414112711,O
když,SCONJ,"J,-------------",mark,,,,,-0.0417541938480837,O
je,PRON,PEXP4--3-------,obj,Acc,,Plur,,-0.140599444990886,O
rozzlobená,ADJ,AAFS1----1A----,amod,Nom,Fem,Sing,,0.0667102186384858,O
žena,NOUN,NNFS1-----A----,nsubj,Nom,Fem,Sing,,-0.0033139377365409,O
postříkala,VERB,VpQW----R-AAP--,advcl,,"Fem,Neut","Plur,Sing",,-0.0452514291083662,O
pepřovým,ADJ,AAIS7----1A----,amod,Ins,Masc,Sing,Inan,0.0618693516596624,O
sprejem,NOUN,NNIS7-----A----,obl,Ins,Masc,Sing,Inan,0.0519505785142498,O
za,ADP,RR--4----------,case,Acc,,,,0.1042246266692382,O
to,DET,PDNS4----------,obl,Acc,Neut,Sing,,0.0040012210436166,O
",",PUNCT,Z:-------------,punct,,,,,-0.0235833402096744,O
že,SCONJ,"J,-------------",mark,,,,,-0.027252138959889,O
se,PRON,P7--4----------,obj,Acc,,,,0.1005544592063245,O
odmítli,VERB,VpMP----R-AAP-1,acl,,Masc,Plur,Anim,0.1506580271877693,O
při,ADP,RR--6----------,case,Loc,,,,-0.2410211275633181,O
jídle,NOUN,NNNS6-----A----,obl,Loc,Neut,Sing,,0.0295913805056314,O
maskovat,VERB,Vf--------A-I--,xcomp,,,,,0.048206750611839,O
.,PUNCT,Z:-------------,punct,,,,,-0.3412613679393533,O
Pro,ADP,RR--4----------,case,Acc,,,,0.0151657990009015,O
kombinaci,NOUN,NNFS4-----A----,obl,Acc,Fem,Sing,,0.0595073853287773,O
objednávky,NOUN,NNFS2-----A----,nmod,Gen,Fem,Sing,,-0.0791776163851164,O
použijte,VERB,Vi-P---2--A-P--,root,,,Plur,,0.1155600289432769,O
prosím,VERB,VB-S---1P-AAI--,xcomp,,,Sing,,0.1784627988015236,O
funkci,NOUN,NNFS4-----A----,obj,Acc,Fem,Sing,,-0.0379021629581851,O
"""",PUNCT,Z:-------------,punct,,,,,0.0062042611915161,O
"""",PUNCT,Z:-------------,punct,,,,,0.0162201004702032,O
přidat,VERB,Vf--------A-P--,acl,,,,,0.1083957369695984,O
do,ADP,RR--2----------,case,Gen,,,,-0.1111604284502447,O
košíku,NOUN,NNIS2-----A----,obl,Gen,Masc,Sing,Inan,0.111036629372207,O
"""",PUNCT,Z:-------------,punct,,,,,0.0459415615282081,O
"""",PUNCT,Z:-------------,punct,,,,,0.0455618965212782,O
",",PUNCT,Z:-------------,punct,,,,,0.2079198648752672,O
poté,ADV,Db-------------,advmod,,,,,0.0129553097734187,O
se,PRON,P7--4----------,expl:pv,Acc,,,,0.0660792586027704,O
objednejte,VERB,Vi-P---2--A-P--,conj,,,Plur,,0.0455884994304498,O
a,CCONJ,J^-------------,cc,,,,,0.1247607249152008,O
zaplaťte,VERB,Vi-P---2--A-P--,conj,,,Plur,,0.1573698447139414,O
jako,SCONJ,"J,-------------",mark,,,,,0.1266541565656827,O
obvykle,ADV,Dg-------1A----,advcl,,,,,-0.2186494917426366,O
.,PUNCT,Z:-------------,punct,,,,,0.13975905145897,O
"""",PUNCT,Z:-------------,root,,,,,-0.8075269789579148,O
Shiba,X,F%-------------,nsubj,,,,,-0.0811381205875736,O
',PUNCT,Z:-------------,punct,,,,,0.1676885311767003,O
s,X,F%-------------,flat:foreign,,,,,0.0586796951731047,O
run,X,F%-------------,flat:foreign,,,,,-0.1406949978823586,O
byl,AUX,VpYS----R-AAI--,cop,,Masc,Sing,,0.0869017399201425,O
kombinací,NOUN,NNFS7-----A----,root,Ins,Fem,Sing,,0.0528451811066192,O
nějakého,DET,PZZS2----------,det,Gen,"Masc,Neut",Sing,,0.0073924892832573,O
velmi,ADV,Db-------------,advmod,,,,,-0.1501148412990499,O
chytrého,ADJ,AAIS2----1A----,amod,Gen,Masc,Sing,Inan,0.0517975305596912,O
marketingu,NOUN,NNIS2-----A----,nmod,Gen,Masc,Sing,Inan,0.1345012395687898,O
a,CCONJ,J^-------------,cc,,,,,0.0832911291621369,O
spousty,NOUN,NNFS2-----A----,conj,Gen,Fem,Sing,,0.1512812439474865,O
humbuku,NOUN,NNIS2-----A----,nmod,Gen,Masc,Sing,Inan,-0.079756381096114,O
",",PUNCT,Z:-------------,punct,,,,,0.084666734522127,O
který,DET,P4YS1----------,nsubj,Nom,Masc,Sing,,0.1832065179029127,O
vedl,VERB,VpYS----R-AAI--,acl:relcl,,Masc,Sing,,0.0747753444363976,O
zástupy,NOUN,NNIP4-----A----,obj,Acc,Masc,Plur,Inan,0.0607208361892958,O
investorů,NOUN,NNMP2-----A----,nmod,Gen,Masc,Plur,Anim,0.0232856678591234,O
",",PUNCT,Z:-------------,punct,,,,,0.0928145673629007,O
s,ADP,RR--7----------,case,Ins,,,,0.0675227852434346,O
FOMO,NOUN,BNXXX-----A----,obl,,,,,0.012512426976201,O
(,PUNCT,Z:-------------,punct,,,,,-0.0198445108843781,O
strach,NOUN,NNIS1-----A----,dep,Nom,Masc,Sing,Inan,0.0170725232078079,O
z,ADP,RR--2----------,case,Gen,,,,0.164440237940036,O
promeškání,NOUN,NNNS2-----A----,nmod,Gen,Neut,Sing,,0.1517856015068659,O
),PUNCT,Z:-------------,punct,,,,,0.0845496327597531,O
k,ADP,RR--3----------,case,Dat,,,,0.0675566953435298,O
nahromadění,NOUN,NNNS3-----A----,nmod,Dat,Neut,Sing,,0.0454094078520629,O
meme-coinu,NOUN,NNIS2-----A----,nmod,Gen,Masc,Sing,Inan,0.0652563033861442,O
.,PUNCT,Z:-------------,punct,,,,,-0.2967455399218165,O
Geomagnetické,ADJ,AAFP1----1A----,amod,Nom,Fem,Plur,,0.4269527871151891,O
poruchy,NOUN,NNFP1-----A----,nsubj:pass,Nom,Fem,Plur,,0.0037038904823018,O
se,PRON,P7-X4----------,expl:pass,Acc,,,,-0.0107672582240278,O
očekávají,VERB,VB-P---3P-AAI--,root,,,Plur,,-0.0670518163104988,O
od,ADP,RR--2----------,case,Gen,,,,-0.1360713341555199,O
27,NUM,C=-------------,nummod,,,,,0.1455013910728636,B-T|B-td
.,PUNCT,Z:-------------,punct,,,,,0.4276978363227285,I-T|I-td
září,NOUN,NNNS2-----A----,obl,Gen,Neut,Sing,,-0.1204724655787783,I-T|B-tm
do,ADP,RR--2----------,case,Gen,,,,-0.1607947787169805,O
29,NUM,C=-------------,nummod,,,,,-0.1879314466015942,B-T|B-td
.,PUNCT,Z:-------------,punct,,,,,-0.1201132594658223,I-T|I-td
září,NOUN,NNNS2-----A----,obl,Gen,Neut,Sing,,-0.0968435337141434,I-T|B-tm
",",PUNCT,Z:-------------,punct,,,,,0.159137069201214,O
podle,ADP,RR--2----------,case,Gen,,,,0.0182023872765124,O
US,NOUN,BNXXX-----A----,nmod,,,,,-0.23439055241249,B-io
National,X,F%-------------,obl,,,,,0.0236994644818906,I-io
Atmospheric,X,F%-------------,flat:foreign,,,,,-0.0344083636280307,I-io
and,X,F%-------------,cc,,,,,-0.0879590795728744,I-io
Oceanic,X,F%-------------,conj,,,,,-0.066426356220213,I-io
Research,X,F%-------------,flat:foreign,,,,,-0.0009227406489787,I-io
Agency,X,F%-------------,flat:foreign,,,,,-0.0394682793243086,I-io
',PUNCT,Z:-------------,punct,,,,,0.030557846515588,O
s,X,F%-------------,flat:foreign,,,,,0.0066545277230851,O
Space,X,F%-------------,flat:foreign,,,,,0.062333101547963,B-io
Weather,X,F%-------------,flat:foreign,,,,,0.0187524980527717,I-io
Forecast,X,F%-------------,flat:foreign,,,,,0.1571667885485515,I-io
Center,X,F%-------------,flat:foreign,,,,,0.0288834762740244,I-io
.,PUNCT,Z:-------------,punct,,,,,-0.0729594289252144,O
Mírná,ADJ,AAFS1----1A----,amod,Nom,Fem,Sing,,0.0489342998010019,O
geomagnetická,ADJ,AAFS1----1A----,amod,Nom,Fem,Sing,,0.1291867406233348,O
bouře,NOUN,NNFS1-----A----,nsubj,Nom,Fem,Sing,,0.0576478526530229,O
(,PUNCT,Z:-------------,punct,,,,,-0.0299740358985771,O
G2,NOUN,Q3-------------,appos,,,,,0.1101296280545605,B-o_
),PUNCT,Z:-------------,punct,,,,,0.0251769379151559,O
je,AUX,VB-S---3P-AAI--,cop,,,Sing,,0.016874747937472,O
možná,ADJ,AAFS1----1A----,root,Nom,Fem,Sing,,-0.0324902113201228,O
kvůli,ADP,RR--3----------,case,Dat,,,,-0.0301494370046602,O
vysokorychlostnímu,ADJ,AAIS3----1A----,amod,Dat,Masc,Sing,Inan,0.0938328759920009,O
slunečnímu,ADJ,AAIS3----1A----,amod,Dat,Masc,Sing,Inan,-0.0431377002158392,O
větru,NOUN,NNIS3-----A----,obl,Dat,Masc,Sing,Inan,-0.0687949694664453,O
Tentokrát,ADV,Db-------------,advmod,,,,,0.1073031745704747,O
",",PUNCT,Z:-------------,punct,,,,,0.1573716410381472,O
podle,ADP,RR--2----------,case,Gen,,,,-0.1207597615068607,O
francouzské,ADJ,AAFS2----1A----,amod,Gen,Fem,Sing,,-0.0086548780222919,O
armády,NOUN,NNFS2-----A----,obl,Gen,Fem,Sing,,0.0590110090830483,O
",",PUNCT,Z:-------------,punct,,,,,0.0775329489685697,O
nás,PRON,PP-P4--1-------,obj,Acc,,Plur,,-0.1306587333316268,O
USA,PROPN,BNXXX-----A----,nsubj,,,,,0.2092430867968318,B-gc
"""",PUNCT,Z:-------------,punct,,,,,0.0096182330957299,O
"""",PUNCT,Z:-------------,punct,,,,,0.0407027147864261,O
varovaly,VERB,VpTP----R-AAI--,root,,"Fem,Masc",Plur,Inan,-0.0187777339956472,O
",",PUNCT,Z:-------------,punct,,,,,0.2471261510789419,O
že,SCONJ,"J,-------------",mark,,,,,-0.18848863417151,O
toto,DET,PDNS1----------,det,Nom,Neut,Sing,,0.0554744065677178,O
oznámení,NOUN,NNNS1-----A----,nsubj,Nom,Neut,Sing,,-0.0034559727335613,O
vyjde,VERB,VB-S---3P-AAP--,ccomp,,,Sing,,-0.0192980606724976,O
"""",PUNCT,Z:-------------,punct,,,,,-0.1259453121152759,O
"""",PUNCT,Z:-------------,punct,,,,,0.1594534661527951,O
a,CCONJ,J^-------------,cc,,,,,0.0398166719896074,O
že,SCONJ,"J,-------------",mark,,,,,0.0192148361187668,O
Američané,PROPN,NNMP1-----A----,nsubj,Nom,Masc,Plur,Anim,0.0769970510624186,B-pc
údajně,ADV,Dg-------1A----,advmod,,,,,0.0778788962125821,O
"""",PUNCT,Z:-------------,punct,,,,,0.1192437264427954,O
"""",PUNCT,Z:-------------,punct,,,,,-0.0124877868001773,O
nemají,VERB,VB-P---3P-NAI--,conj,,,Plur,,0.0488718477445425,O
sklon,NOUN,NNIS4-----A----,obj,Acc,Masc,Sing,Inan,0.0151609758061637,O
jít,VERB,Vf--------A-I--,acl,,,,,0.062269989029907,O
dál,ADV,Dg-------2A----,advmod,,,,,0.3714904189185193,O
"""",PUNCT,Z:-------------,punct,,,,,0.0555466910888762,O
"""",PUNCT,Z:-------------,punct,,,,,0.0649713628151554,O
se,ADP,RV--7----------,case,Ins,,,,0.3548003459315321,O
skutečným,ADJ,AAIS7----1A----,amod,Ins,Masc,Sing,Inan,0.0585117887539012,O
prodejem,NOUN,NNIS7-----A----,obl,Ins,Masc,Sing,Inan,0.0742903181179228,O
svých,DET,P8XP2----------,det,Gen,,Plur,,0.0068399546356498,O
fregat,NOUN,NNFP2-----A----,nmod,Gen,Fem,Plur,,0.052097973754701,O
.,PUNCT,Z:-------------,punct,,,,,0.0262287114973138,O
"""",PUNCT,Z:-------------,root,,,,,0.3942148699238734,O
Téměř,ADV,Db-------------,advmod:emph,,,,,0.1280652245010061,O
polovina,NOUN,NNFS1-----A----,nsubj,Nom,Fem,Sing,,0.1354565639817542,O
úředníků,NOUN,NNMP2-----A----,nmod,Gen,Masc,Plur,Anim,-0.0170317957311438,O
v,ADP,RR--6----------,case,Loc,,,,-0.0141351955560152,O
důchodu,NOUN,NNIS6-----A----,nmod,Loc,Masc,Sing,Inan,-0.0476248912228333,O
byli,AUX,VpMP----R-AAI--,cop,,Masc,Plur,Anim,-0.0019541637792438,O
ti,DET,PDMP1----------,root,Nom,Masc,Plur,Anim,-0.0187041680397547,O
",",PUNCT,Z:-------------,punct,,,,,0.2551471868987466,O
kteří,DET,P4MP1----------,nsubj:pass,Nom,Masc,Plur,Anim,-0.0174269701936082,O
byli,AUX,VpMP----R-AAI--,aux:pass,,Masc,Plur,Anim,-0.0186228202144223,O
zatčeni,ADJ,VsMP----X-APP--,amod,,Masc,Plur,Anim,0.038658669468904,O
CBI,NOUN,BNXXX-----A----,obj,,,,,0.0866518975591809,B-io
za,ADP,RR--4----------,case,Acc,,,,0.1052136845920233,O
údajné,ADJ,AANS4----1A----,amod,Acc,Neut,Sing,,0.0227806845482741,O
nezákonné,ADJ,AANS4----1N----,amod,Acc,Neut,Sing,,0.121343934004078,O
uspokojení,NOUN,NNNS4-----A----,obl,Acc,Neut,Sing,,0.0379699510689157,O
.,PUNCT,Z:-------------,punct,,,,,0.1335285162415406,O
Jeden,NUM,CnYS1----------,nsubj:pass,Nom,Masc,Sing,,-0.0372113693162854,O
z,ADP,RR--2----------,case,Gen,,,,0.061414170021912,O
nich,PRON,PEXP2--3-------,nmod,Gen,,Plur,,0.0631421216704048,O
byl,AUX,VpYS----R-AAI--,aux:pass,,Masc,Sing,,0.0267397250378909,O
přistižen,ADJ,VsYS----X-APP-1,root,,Masc,Sing,,0.0774345714271657,O
při,ADP,RR--6----------,case,Loc,,,,-0.0327451374206732,O
přijímání,NOUN,NNNS6-----A----,obl,Loc,Neut,Sing,,-0.0378486293380436,O
úplatku,NOUN,NNIS2-----A----,nmod,Gen,Masc,Sing,Inan,-0.0428499352216639,O
ve,ADP,RV--6----------,case,Loc,,,,-0.1706961418214058,O
výši,NOUN,NNFS6-----A----,nmod,Loc,Fem,Sing,,-0.0565441956637553,O
15,NUM,C=-------------,nummod:gov,,,,,-0.0036003209199456,B-nc
000,NUM,C=-------------,nummod:gov,,,,,0.0240337157604814,I-nc
rupií,NOUN,NNFP2-----A----,nmod,Gen,Fem,Plur,,0.1245478944878667,O
.,PUNCT,Z:-------------,punct,,,,,0.0469727415899139,O
Jeden,NUM,CnYS1----------,nummod,Nom,Masc,Sing,,-0.0552105566385262,O
úředník,NOUN,NNMS1-----A----,nsubj,Nom,Masc,Sing,Anim,0.0343832179470091,O
je,AUX,VB-S---3P-AAI--,cop,,,Sing,,0.115407741681648,O
obviněn,ADJ,VsYS----X-APP--,root,,Masc,Sing,,0.1669307274087014,O
z,ADP,RR--2----------,case,Gen,,,,0.1219977371536086,O
majetku,NOUN,NNIS2-----A----,obl:arg,Gen,Masc,Sing,Inan,-0.0192168508951354,O
",",PUNCT,Z:-------------,punct,,,,,0.0353746261789247,O
který,DET,P4YS1----------,nsubj,Nom,Masc,Sing,,0.1460258014242565,O
je,AUX,VB-S---3P-AAI--,cop,,,Sing,,0.0597735117113811,O
nepřiměřený,ADJ,AAIS1----1N----,acl:relcl,Nom,Masc,Sing,Inan,0.1354274361700434,O
jeho,DET,P9XXXZS3-------,det,,,,,0.0118213490258174,O
známému,ADJ,AAIS3----1A----,amod,Dat,Masc,Sing,Inan,0.088775406389698,O
zdroji,NOUN,NNIS3-----A----,obl:arg,Dat,Masc,Sing,Inan,0.015026126192217,O
příjmů,NOUN,NNIP2-----A----,nmod,Gen,Masc,Plur,Inan,0.0555929236784558,O
.,PUNCT,Z:-------------,punct,,,,,0.1639223035450789,O
Řekla,VERB,VpQW----R-AAP--,root,,"Fem,Neut","Plur,Sing",,0.0589778097269135,O
:,PUNCT,Z:-------------,punct,,,,,0.1709691750174102,O
Je,AUX,VB-S---3P-AAI--,cop,,,Sing,,0.080021770054004,O
to,DET,PDNS1----------,nsubj,Nom,Neut,Sing,,0.0578603217545674,O
brilantní,ADJ,AAMS1----1A----,amod,Nom,Masc,Sing,Anim,0.0527399929869219,O
",",PUNCT,Z:-------------,punct,,,,,0.0652606360739202,O
ale,CCONJ,J^-------------,cc,,,,,-0.0125594154198512,O
komplikovaný,ADJ,AAMS1----1A----,conj,Nom,Masc,Sing,Anim,0.033881105959243,O
člověk,NOUN,NNMS1-----A----,ccomp,Nom,Masc,Sing,Anim,0.1686083083171632,O
",",PUNCT,Z:-------------,punct,,,,,0.006694172189884,O
který,DET,P4YS1----------,nsubj,Nom,Masc,Sing,,0.0490696841295162,O
je,AUX,VB-S---3P-AAI--,acl:relcl,,,Sing,,-0.1246784717342218,O
nad,ADP,RR--7----------,case,Ins,,,,0.241025935305325,O
tlakem,NOUN,NNIS7-----A----,obl,Ins,Masc,Sing,Inan,-0.0367394716998322,O
umělce,NOUN,NNMS2-----A----,nmod,Gen,Masc,Sing,Anim,0.0675965721524188,O
a,CCONJ,J^-------------,cc,,,,,-0.0818463134560394,O
černocha,NOUN,NNMS2-----A----,conj,Gen,Masc,Sing,Anim,-0.0541661562255441,O
",",PUNCT,Z:-------------,punct,,,,,0.0131954956319575,O
který,DET,P4YS1----------,nsubj,Nom,Masc,Sing,,-0.0379624203788773,O
zažil,VERB,VpYS----R-AAP--,acl:relcl,,Masc,Sing,,0.0485557299687826,O
bolestivou,ADJ,AAFS4----1A----,amod,Acc,Fem,Sing,,0.1154043802580858,O
ztrátu,NOUN,NNFS4-----A----,obj,Acc,Fem,Sing,,0.0436403526128001,O
své,DET,P8FS2---------1,det,Gen,Fem,Sing,,-0.0451663681236358,O
matky,NOUN,NNFS2-----A----,nmod,Gen,Fem,Sing,,0.1594054194064634,O
",",PUNCT,Z:-------------,punct,,,,,-0.0222790800973722,O
a,CCONJ,J^-------------,cc,,,,,0.070431398541859,O
musí,VERB,VB-S---3P-AAI--,conj,,,Sing,,-0.0914766485683989,O
se,PRON,P7-X4----------,expl:pv,Acc,,,,-0.0742869737602102,O
vypořádat,VERB,Vf--------A-P--,xcomp,,,,,0.1474566100594284,O
s,ADP,RR--7----------,case,Ins,,,,-0.0984272500771547,O
tlakem,NOUN,NNIS7-----A----,obl:arg,Ins,Masc,Sing,Inan,0.0629508968184546,O
a,CCONJ,J^-------------,cc,,,,,0.0340184167821445,O
izolací,NOUN,NNFS7-----A----,conj,Ins,Fem,Sing,,0.0312941000138308,O
",",PUNCT,Z:-------------,punct,,,,,-0.0946184132127581,O
který,DET,P4YS1----------,nsubj,Nom,Masc,Sing,,0.0582349114178084,O
je,AUX,VB-S---3P-AAI--,cop,,,Sing,,-0.0134918091204334,O
zvýšen,ADJ,VsYS----X-APP--,acl:relcl,,Masc,Sing,,-0.0324190516413127,O
jeho,DET,P9XXXZS3-------,det,,,,,0.0660221000221443,O
bipolární,ADJ,AAFS7----1A----,amod,Ins,Fem,Sing,,0.3628678982356928,O
poruchou,NOUN,NNFS7-----A----,obl,Ins,Fem,Sing,,0.1996888593184565,O
.,PUNCT,Z:-------------,punct,,,,,0.47187805217217,O
“,PUNCT,Z:-------------,root,,,,,0.1598496640952986,O
Taška,NOUN,NNFS1-----A----,root,Nom,Fem,Sing,,0.3917978555257788,O
vyrobená,ADJ,AAFS1----1A----,amod,Nom,Fem,Sing,,0.0133877696840336,O
v,ADP,RR--6----------,case,Loc,,,,0.079600838446345,O
prostředí,NOUN,NNNS6-----A----,obl,Loc,Neut,Sing,,0.1146496103804749,O
bez,ADP,RR--2----------,case,Gen,,,,-0.0841164166033078,O
domácího,ADJ,AAMS2----1A----,amod,Gen,Masc,Sing,Anim,0.7413899047449476,O
mazlíčka,NOUN,NNMS2-----A----,nmod,Gen,Masc,Sing,Anim,0.3906079367215821,O
a,CCONJ,J^-------------,cc,,,,,0.0145048608839206,O
kouře,NOUN,NNIS2-----A----,conj,Gen,Masc,Sing,Inan,-0.0148296069535916,O
Společnosti,NOUN,NNFP1-----A----,nsubj,Nom,Fem,Plur,,0.143401230557272,O
zároveň,ADV,Db-------------,advmod,,,,,-0.7228614112563536,O
nabízejí,VERB,VB-P---3P-AAI--,root,,,Plur,,0.1282611987148263,O
velkým,ADJ,AAFP3----1A----,amod,Dat,Fem,Plur,,0.054116241689165,O
slevám,NOUN,NNFP3-----A----,obl:arg,Dat,Fem,Plur,,0.0913820969551881,O
inzerentům,NOUN,NNMP3-----A----,obl:arg,Dat,Masc,Plur,Anim,0.0843088137299555,O
",",PUNCT,Z:-------------,punct,,,,,0.3558467344872107,O
aby,AUX,Vc-------------,aux,,,,,0.2178564440620961,O
vyplnili,VERB,VpMP----R-AAP--,ccomp,,Masc,Plur,Anim,0.080486658414756,O
dostupné,ADJ,AAFP4----1A----,amod,Acc,Fem,Plur,,-0.0028405190902868,O
pozice,NOUN,NNFP4-----A----,obj,Acc,Fem,Plur,,-0.1477991160901267,O
na,ADP,RR--6----------,case,Loc,,,,0.0746852222585479,O
billboardech,NOUN,NNIP6-----A----,nmod,Loc,Masc,Plur,Inan,0.0774632988585146,O
a,CCONJ,J^-------------,cc,,,,,0.1359865353783599,O
poskytli,VERB,VpMP----R-AAP-1,conj,,Masc,Plur,Anim,-0.0154206120391112,O
jim,PRON,PEXP3--3-------,obl:arg,Dat,,Plur,,0.013868521104381,O
co,ADV,Db-------------,advmod,,,,,-0.0391821484219287,O
nejvyšší,ADJ,AAFS4----3A----,amod,Acc,Fem,Sing,,0.0653530202071839,O
hodnotu,NOUN,NNFS4-----A----,obj,Acc,Fem,Sing,,0.0651659656309937,O
za,ADP,RR--4----------,case,Acc,,,,0.074699484915573,O
peníze,NOUN,NNIP4-----A----,nmod,Acc,Masc,Plur,Inan,0.1766069286498172,O
.,PUNCT,Z:-------------,punct,,,,,0.0277294609423144,O
Mohu,VERB,VB-S---1P-AAI-1,root,,,Sing,,0.0199270786517848,O
bezpochyby,ADV,Db-------------,advmod,,,,,0.0359117247157003,O
říci,VERB,Vf--------A-P--,xcomp,,,,,-0.0964494588176448,O
",",PUNCT,Z:-------------,punct,,,,,0.1959543067145386,O
že,SCONJ,"J,-------------",mark,,,,,-0.0463813593371157,O
pokud,SCONJ,"J,-------------",mark,,,,,0.0117071894795213,O
by,AUX,Vc----------I--,aux,,,,,-0.0392293190907367,O
verze,NOUN,NNFP1-----A----,nsubj,Nom,Fem,Plur,,-0.0901504579996883,O
Android,PROPN,NNIS1-----A----,nmod,Nom,Masc,Sing,Inan,0.0782585973794716,B-op
na,ADP,RR--6----------,case,Loc,,,,-0.1976490717374825,O
telefonech,NOUN,NNIP6-----A----,nmod,Loc,Masc,Plur,Inan,-0.0402525076573708,O
byly,AUX,VpTP----R-AAI--,cop,,"Fem,Masc",Plur,Inan,-0.146562371150545,O
konzistentní,ADJ,AAFP1----1A----,advcl,Nom,Fem,Plur,,-0.0193081860466392,O
jako,SCONJ,"J,-------------",mark,,,,,-0.2642437773484237,O
iOS,NOUN,BNXXX-----A----,advcl,,,,,0.0116027729268541,B-op
",",PUNCT,Z:-------------,punct,,,,,0.2565112197034669,O
Google,PROPN,NNIS1-----A----,nsubj,Nom,Masc,Sing,Inan,0.1821828221277368,B-if
by,AUX,Vc----------I--,aux,,,,,0.0254317486119955,O
nikdy,ADV,Db-------------,advmod,,,,,0.0662410946990733,O
neudělal,VERB,VpYS----R-NAP--,ccomp,,Masc,Sing,,-0.0311859116910681,O
vydání,NOUN,NNNS4-----A----,obj,Acc,Neut,Sing,,0.0343984846514552,O
s,ADP,RR--7----------,case,Ins,,,,0.0052717338084207,O
vydáními,NOUN,NNNP7-----A----,nmod,Ins,Neut,Plur,,0.0307953010243567,O
OS,NOUN,BNXXX-----A----,nmod,,,,,0.6322396522039567,O
pro,ADP,RR--4----------,case,Acc,,,,-0.1184701539625982,O
tyto,DET,PDFP4----------,det,Acc,Fem,Plur,,0.0675245040355291,O
aplikace,NOUN,NNFP4-----A----,nmod,Acc,Fem,Plur,,-0.0047155435233255,O
.,PUNCT,Z:-------------,punct,,,,,0.0862122850201949,O
Ano,PART,TT-------------,root,,,,,0.0199792094936282,O
",",PUNCT,Z:-------------,punct,,,,,-0.0447956590195688,O
to,DET,PDNS1----------,nsubj,Nom,Neut,Sing,,0.1966338518424884,O
znamená,VERB,VB-S---3P-AAI--,conj,,,Sing,,-0.1927492646412857,O
",",PUNCT,Z:-------------,punct,,,,,0.174314437726261,O
že,SCONJ,"J,-------------",mark,,,,,-0.1994772566006492,O
když,SCONJ,"J,-------------",mark,,,,,-0.2035350270009769,O
cvičím,VERB,VB-S---1P-AAI--,advcl,,,Sing,,0.0377773816649528,O
",",PUNCT,Z:-------------,punct,,,,,0.163609789964361,O
je,AUX,VB-S---3P-AAI--,cop,,,Sing,,-0.3001107895580979,O
mi,PRON,PH-S3--1-------,obl:arg,Dat,,Sing,,0.2197386098167306,O
opravdu,ADV,Db-------------,advmod,,,,,-0.1221965744979187,O
jedno,NUM,CnNS1----------,ccomp,Nom,Neut,Sing,,0.0186204780154737,O
",",PUNCT,Z:-------------,punct,,,,,-0.0740725194810844,O
kolik,DET,Ca--4----------,det:numgov,Acc,,,,0.0583139219874086,O
kalorií,NOUN,NNFP2-----A----,obj,Gen,Fem,Plur,,0.0900428828110955,O
spálím,VERB,VB-S---1P-AAP--,csubj,,,Sing,,0.1100858842187109,O
",",PUNCT,Z:-------------,punct,,,,,-0.0110097309695677,O
a,CCONJ,J^-------------,cc,,,,,0.0636218086944485,O
neměním,VERB,VB-S---1P-NAI--,conj,,,Sing,,0.05034189182481,O
čísla,NOUN,NNNP4-----A----,obj,Acc,Neut,Plur,,0.0427931700691718,O
ani,CCONJ,J^-------------,cc,,,,,-0.0869037992187294,O
makra,NOUN,NNNP4-----A----,conj,Acc,Neut,Plur,,0.0027866500830742,O
kvůli,ADP,RR--3----------,case,Dat,,,,-0.2530704182188025,O
tomu,DET,PDZS3----------,obl,Dat,"Masc,Neut",Sing,,0.0243053233542229,O
",",PUNCT,Z:-------------,punct,,,,,0.1175691150401857,O
kolik,DET,Ca--4----------,obj,Acc,,,,0.2242456936270135,O
jsem,AUX,VB-S---1P-AAI--,aux,,,Sing,,0.1226169755049305,O
spálil,VERB,VpYS----R-AAP--,acl,,Masc,Sing,,0.2937206559255785,O
.,PUNCT,Z:-------------,punct,,,,,0.2926889325283413,O
Otázka,NOUN,NNFS1-----A----,root,Nom,Fem,Sing,,0.9347867346003446,O
:,PUNCT,Z:-------------,punct,,,,,0.1342344758644245,O
jak,ADV,Db-------------,advmod,,,,,-0.0018101927596057,O
se,PRON,P7-X4----------,expl:pass,Acc,,,,0.098255447622399,O
oblečení,NOUN,NNNS1-----A----,nsubj:pass,Nom,Neut,Sing,,-0.0010235494919723,O
porovnává,VERB,VB-S---3P-AAI--,appos,,,Sing,,0.1228912272144356,O
s,ADP,RR--7----------,case,Ins,,,,0.042364471992224,O
velikostí,NOUN,NNFS7-----A----,obl:arg,Ins,Fem,Sing,,0.1633357179451967,O
mé,DET,PSFS2-S1------1,det,Gen,Fem,Sing,,0.0030420281910805,O
země,NOUN,NNFS2-----A----,nmod,Gen,Fem,Sing,,0.1297612613124015,O
?,PUNCT,Z:-------------,punct,,,,,-0.1414445428865841,O
Sousedům,NOUN,NNMP3-----A----,obl:arg,Dat,Masc,Plur,Anim,0.2130554295914242,O
netrvalo,VERB,VpNS----R-NAI--,root,,Neut,Sing,,0.1133547387490671,O
dlouho,ADV,Dg-------1A----,advmod,,,,,0.0815718884709723,O
",",PUNCT,Z:-------------,punct,,,,,0.3190529988145334,O
než,SCONJ,"J,-------------",mark,,,,,0.033674318533015,O
si,PRON,P7--3----------,obl,Dat,,,,0.1626891415076289,O
dali,VERB,VpMP----R-AAP--,csubj,,Masc,Plur,Anim,0.405286304188132,O
dvě,NUM,CnHP4----------,obj,Acc,"Fem,Neut",Plur,,0.1000678704875217,O
a,CCONJ,J^-------------,cc,,,,,0.05362824351168,O
dvě,NUM,CnHP4----------,conj,Acc,"Fem,Neut",Plur,,0.0501504952873729,O
dohromady,ADV,Db-------------,advmod,,,,,-0.43385859712227,O
.,PUNCT,Z:-------------,punct,,,,,0.3587543399663067,O
zatracený,ADJ,AAIS1----1A----,root,Nom,Masc,Sing,Inan,0.0241987508665811,O
.,PUNCT,Z:-------------,punct,,,,,0.9327735466963778,O
Tento,DET,PDIS4----------,det,Acc,Masc,Sing,Inan,0.6766908466441038,O
týden,NOUN,NNIS4-----A----,obl,Acc,Masc,Sing,Inan,-0.050787046932792,O
humanitární,ADJ,AAMS1----1A----,amod,Nom,Masc,Sing,Anim,0.0326786524827134,O
šéf,NOUN,NNMS1-----A----,nsubj,Nom,Masc,Sing,Anim,-0.009487698146126,O
OSN,PROPN,BNXXX-----A----,nmod,,,,,-0.1009163661166749,B-io
varoval,VERB,VpYS----R-AAI--,root,,Masc,Sing,,-0.0611760486293538,O
",",PUNCT,Z:-------------,punct,,,,,0.0275630380609559,O
že,SCONJ,"J,-------------",mark,,,,,-0.1176546881096871,O
ekonomický,ADJ,AAIS1----1A----,amod,Nom,Masc,Sing,Inan,-0.058150557066594,O
kolaps,NOUN,NNIS1-----A----,nsubj,Nom,Masc,Sing,Inan,0.0446904231776492,O
Afghánistánu,PROPN,NNIS2-----A----,nmod,Gen,Masc,Sing,Inan,0.0294698119575545,B-gc
se,PRON,P7-X4----------,expl:pv,Acc,,,,0.0483910320235796,O
"""",PUNCT,Z:-------------,punct,,,,,-0.0615643842644074,O
"""",PUNCT,Z:-------------,punct,,,,,0.1213614748098302,O
děje,VERB,VB-S---3P-AAI--,ccomp,,,Sing,,0.0704478748766701,O
před,ADP,RR--7----------,case,Ins,,,,0.0741131878864483,O
našimi,DET,PSXP7-P1-------,det,Ins,,Plur,,0.0039964823957936,O
očima,NOUN,NNFD7-----A----,obl,Ins,Fem,Dual,,-0.0183773910880682,O
"""",PUNCT,Z:-------------,punct,,,,,-0.078457256598353,O
"""",PUNCT,Z:-------------,punct,,,,,0.0701216013674871,O
",",PUNCT,Z:-------------,punct,,,,,0.0138669671426315,O
a,CCONJ,J^-------------,cc,,,,,-0.0208480569521983,O
vyzval,VERB,VpYS----R-AAP--,conj,,Masc,Sing,,-0.051420152442844,O
mezinárodní,ADJ,AANS4----1A----,amod,Acc,Neut,Sing,,0.0439414186840095,O
společenství,NOUN,NNNS4-----A----,iobj,Acc,Neut,Sing,,0.1092404040923137,O
",",PUNCT,Z:-------------,punct,,,,,-0.0454736630918276,O
aby,AUX,Vc-------------,aux,,,,,0.0411277331141275,O
přijalo,VERB,VpNS----R-AAP--,ccomp,,Neut,Sing,,-0.0373137355267964,O
opatření,NOUN,NNNP4-----A----,obj,Acc,Neut,Plur,,-0.1008203553808219,O
k,ADP,RR--3----------,case,Dat,,,,0.0489200353003778,O
zastavení,NOUN,NNNS3-----A----,nmod,Dat,Neut,Sing,,0.0781295854899259,O
"""",PUNCT,Z:-------------,punct,,,,,0.0009365444467604,O
"""",PUNCT,Z:-------------,punct,,,,,0.0275613005740938,O
volného,ADJ,AAIS2----1A----,amod,Gen,Masc,Sing,Inan,-0.0552475422958507,O
pádu,NOUN,NNIS2-----A----,nmod,Gen,Masc,Sing,Inan,-0.0552085493425357,O
"""",PUNCT,Z:-------------,punct,,,,,0.0420120227592119,O
"""",PUNCT,Z:-------------,punct,,,,,0.0708586379777806,O
dříve,ADV,Dg-------2A----,advmod,,,,,0.0591489961351222,O
",",PUNCT,Z:-------------,punct,,,,,-0.0731957746763522,O
než,SCONJ,"J,-------------",mark,,,,,0.0254176268722806,O
povede,VERB,VB-S---3P-AAP--,advcl,,,Sing,,-0.0570433318948982,O
k,ADP,RR--3----------,case,Dat,,,,0.0149169233719413,O
dalším,ADJ,AANP3----1A----,amod,Dat,Neut,Plur,,-0.0361123927337983,O
úmrtím,NOUN,NNNP3-----A----,obl:arg,Dat,Neut,Plur,,0.0491209299542783,O
.,PUNCT,Z:-------------,punct,,,,,0.1740841463230233,O
"""",PUNCT,Z:-------------,punct,,,,,0.0833683772194024,O
Baloch,PROPN,NNMS1-----A----,nsubj:pass,Nom,Masc,Sing,Anim,0.0922777795567733,B-ps
",",PUNCT,Z:-------------,punct,,,,,-0.0346830243720527,O
který,DET,P4YS1----------,nsubj,Nom,Masc,Sing,,-0.2022352097346229,O
se,PRON,P7-X4----------,expl:pv,Acc,,,,0.0158809656310886,O
proslavil,VERB,VpYS----R-AAP--,acl:relcl,,Masc,Sing,,0.2461284946408073,O
svými,DET,P8XP7----------,det,Ins,,Plur,,0.5418220240631821,O
riskantními,ADJ,AANP7----1A----,amod,Ins,Neut,Plur,,0.0809342737117579,O
selfie,NOUN,NNNXX-----A----,obl,,Neut,,,-0.0100570951137112,O
–,PUNCT,Z:-------------,punct,,,,,-0.0633125791243313,O
podle,ADP,RR--2----------,case,Gen,,,,0.0135842394284222,O
západních,ADJ,AANP2----1A----,amod,Gen,Neut,Plur,,0.0641144209940104,O
měřítek,NOUN,NNNP2-----A----,obl,Gen,Neut,Plur,,0.1760067282008683,O
krotkými,ADJ,AAIP7----1A----,amod,Ins,Masc,Plur,Inan,0.0294538537824983,O
",",PUNCT,Z:-------------,punct,,,,,0.1310683681756755,O
ale,CCONJ,J^-------------,cc,,,,,0.1239025031203228,O
v,ADP,RR--6----------,case,Loc,,,,-0.0154657613410061,O
hluboce,ADV,Dg-------1A----,advmod,,,,,0.0956625596351465,O
misogynním,ADJ,AAIS6----1A----,conj,Loc,Masc,Sing,Inan,0.0994784060079813,O
Pákistánu,PROPN,NNIS6-----A----,obl,Loc,Masc,Sing,Inan,0.0603802470120833,B-gc
považovanými,ADJ,AAFP7----1A----,amod,Ins,Fem,Plur,,0.0614868796809096,O
za,ADP,RR--4----------,case,Acc,,,,0.0334723233380091,O
provokativní,ADJ,AANS4----1A----,obl:arg,Acc,Neut,Sing,,0.4380275477959053,O
–,PUNCT,Z:-------------,punct,,,,,-0.1764385873225912,O
byl,AUX,VpYS----R-AAI--,aux:pass,,Masc,Sing,,0.0265354049758613,O
uškrcen,ADJ,VsYS----X-APP--,root,,Masc,Sing,,0.0954492029657806,O
v,ADP,RR--6----------,case,Loc,,,,-0.0091714274320575,O
červenci,NOUN,NNIS6-----A----,obl,Loc,Masc,Sing,Inan,-0.0196865578443656,B-T|B-tm
2016,NUM,C=-------------,nummod,,,,,0.1155170008253202,I-T|B-ty
.,PUNCT,Z:-------------,punct,,,,,-0.0023601240501884,O
Vzala,VERB,VpQW----R-AAP--,root,,"Fem,Neut","Plur,Sing",,0.0174047555263816,O
s,ADP,RR--7----------,case,Ins,,,,-0.0304503861322158,O
sebou,PRON,P6--7----------,obl,Ins,,,,-0.2121199723198341,O
některé,DET,PZYP4----------,obj,Acc,Masc,Plur,,0.1030634559453792,O
z,ADP,RR--2----------,case,Gen,,,,-0.0272296503114725,O
Archieho,PROPN,NNMS2-----A----,nmod,Gen,Masc,Sing,Anim,0.0114561977071235,B-p_
dětských,ADJ,AAIP2----1A----,amod,Gen,Masc,Plur,Inan,0.008497195254151,O
šatů,NOUN,NNIP2-----A----,nmod,Gen,Masc,Plur,Inan,0.0252904963769153,O
",",PUNCT,Z:-------------,punct,,,,,0.086469347909963,O
včetně,ADP,RR--2----------,case,Gen,,,,-0.2295368559992182,O
dupaček,NOUN,NNFP2-----A----,obl,Gen,Fem,Plur,,0.0552461174100212,O
s,ADP,RR--7----------,case,Ins,,,,-0.0036811679483038,O
nápisem,NOUN,NNIS7-----A----,nmod,Ins,Masc,Sing,Inan,-0.0356854725946414,O
Budoucnost“,NOUN,F%-------------,nmod,,,,,0.0832607581725914,O
a,CCONJ,J^-------------,cc,,,,,-0.2416800308735962,O
jeho,DET,P9XXXZS3-------,det,,,,,0.1210428120481027,O
Invictus,X,F%-------------,conj,,,,,0.0535185018422219,O
babygro,X,F%-------------,flat:foreign,,,,,-0.1140009248323538,O
",",PUNCT,Z:-------------,punct,,,,,0.4116984284429866,O
které,DET,P4NS1----------,nsubj,Nom,Neut,Sing,,0.1169805777510848,O
už,ADV,Db-------------,advmod,,,,,-0.0004400908198349,O
nezapadá,VERB,VB-S---3P-NAI--,acl:relcl,,,Sing,,0.0558139867388888,O
",",PUNCT,Z:-------------,punct,,,,,0.139233760769,O
spolu,ADV,Db-------------,case,,,,,0.1020476522992126,O
s,ADP,RR--7----------,fixed,Ins,,,,0.0044577622802231,O
dary,NOUN,NNIP7-----A----,obl,Ins,Masc,Plur,Inan,0.1036903776152164,O
od,ADP,RR--2----------,case,Gen,,,,0.0343752213650587,O
jejích,DET,P9XP2FS3-------,det,Gen,,Plur,,0.2491319224511134,O
přátel,NOUN,NNMP2-----A----,nmod,Gen,Masc,Plur,Anim,0.1569239897999151,O
s,ADP,RR--7----------,case,Ins,,,,0.0514424722881885,O
dětmi,NOUN,NNFP7-----A----,nmod,Ins,Fem,Plur,,-0.246325998769356,O
.,PUNCT,Z:-------------,punct,,,,,0.4239931957053113,O
Minulou,ADJ,AAFS4----1A----,amod,Acc,Fem,Sing,,0.0714089749792464,O
noc,NOUN,NNFS4-----A----,obl,Acc,Fem,Sing,,0.0003979600978048,O
bývalý,ADJ,AAMS1----1A----,amod,Nom,Masc,Sing,Anim,0.0391855249599323,O
zaměstnanec,NOUN,NNMS1-----A----,nsubj,Nom,Masc,Sing,Anim,0.2270460653006713,O
řekl,VERB,VpYS----R-AAP--,root,,Masc,Sing,,0.1453883384459291,O
",",PUNCT,Z:-------------,punct,,,,,0.1631532928684531,O
že,SCONJ,"J,-------------",mark,,,,,-0.0132713258515008,O
odmítnou,VERB,VB-P---3P-AAP--,ccomp,,,Plur,,0.160744945239066,O
žalobu,NOUN,NNFS4-----A----,obj,Acc,Fem,Sing,,0.0437611883258483,O
",",PUNCT,Z:-------------,punct,,,,,0.1302006040445223,O
pokud,SCONJ,"J,-------------",mark,,,,,-0.0735974531340171,O
bude,AUX,VB-S---3F-AAI--,aux:pass,,,Sing,,0.0312688655765264,O
pan,NOUN,NNMS1-----A----,nsubj:pass,Nom,Masc,Sing,Anim,-0.0490231211657168,O
Corbyn,PROPN,NNMS1-----A----,flat,Nom,Masc,Sing,Anim,0.0184349810960255,B-ps
vyhozen,ADJ,VsYS----X-APP--,advcl,,Masc,Sing,,0.2062366824859036,O
ze,ADP,RV--2----------,case,Gen,,,,-0.0716622905639929,O
strany,NOUN,NNFS2-----A----,obl,Gen,Fem,Sing,,-0.0518872462614045,O
.,PUNCT,Z:-------------,punct,,,,,-0.8632754096886615,O
"""",PUNCT,Z:-------------,punct,,,,,0.891686271149086,O
komentáře,NOUN,NNIP1-----A----,nsubj,Nom,Masc,Plur,Inan,0.0524120734941322,O
prezidenta,NOUN,NNMS2-----A----,nmod,Gen,Masc,Sing,Anim,0.0039167912320072,O
dnes,ADV,Db-------------,advmod,,,,,-0.0179430006094858,O
představují,VERB,VB-P---3P-AAI--,root,,,Plur,,-0.0181920766590054,O
zavrženíhodné,ADJ,AAMP4----1A----,amod,Acc,Masc,Plur,Anim,-0.0164887209649421,O
svědky,NOUN,NNMP4-----A----,obj,Acc,Masc,Plur,Anim,0.031709474681105,O
zastrašování,NOUN,NNNS2-----A----,nmod,Gen,Neut,Sing,,0.0377712860000993,O
a,CCONJ,J^-------------,cc,,,,,0.0004956540122406,O
pokus,NOUN,NNIS4-----A----,conj,Acc,Masc,Sing,Inan,0.0220281190928982,O
o,ADP,RR--4----------,case,Acc,,,,0.0044681441294213,O
překážku,NOUN,NNFS4-----A----,nmod,Acc,Fem,Sing,,0.022803673102787,O
průzkumu,NOUN,NNIS2-----A----,nmod,Gen,Masc,Sing,Inan,0.0140774707961327,O
Kongresu,NOUN,NNIS2-----A----,nmod,Gen,Masc,Sing,Inan,0.0364793030685079,B-io
.,PUNCT,Z:-------------,punct,,,,,0.009888422829964,O
Odsuzujeme,VERB,VB-P---1P-AAI--,ccomp,,,Plur,,0.0369450412682657,O
útoky,NOUN,NNIP4-----A----,obj,Acc,Masc,Plur,Inan,0.0020050508442817,O
prezidenta,NOUN,NNMS2-----A----,nmod,Gen,Masc,Sing,Anim,-0.023971514396325,O
",",PUNCT,Z:-------------,punct,,,,,-0.0070088826289566,O
a,CCONJ,J^-------------,cc,,,,,0.0062274136651084,O
zveme,VERB,VB-P---1P-AAI--,conj,,,Plur,,-0.0082117030894076,O
naše,DET,PSXP4-P1-------,det,Acc,,Plur,,-0.0456168156084496,O
republikánské,ADJ,AAIP4----1A----,amod,Acc,Masc,Plur,Inan,0.0655406253776223,O
protějšky,NOUN,NNIP4-----A----,obj,Acc,Masc,Plur,Inan,0.0383711559927579,O
dělat,VERB,Vf--------A-I--,xcomp,,,,,-0.0093979729442655,O
totéž,DET,PDNS4----------,obj,Acc,Neut,Sing,,0.0035637180248719,O
",",PUNCT,Z:-------------,punct,,,,,0.0105515837558678,O
protože,SCONJ,"J,-------------",mark,,,,,0.00416654176973,O
kongres,NOUN,NNIS1-----A----,nsubj,Nom,Masc,Sing,Inan,-0.0096357371856367,O
musí,VERB,VB-S---3P-AAI--,advcl,,,Sing,,-0.0241059894615047,O
dělat,VERB,Vf--------A-I--,xcomp,,,,,-0.0090161883778513,O
vše,DET,PLNS4---------1,obj,Acc,Neut,Sing,,-0.0155780916095597,O
",",PUNCT,Z:-------------,punct,,,,,0.0104495293013065,O
co,PRON,PQ--1----------,nsubj,Nom,,,Inan,0.0208049423981481,O
může,VERB,VB-S---3P-AAI--,acl:relcl,,,Sing,,-0.0149413418217162,O
chránit,VERB,Vf--------A-I--,xcomp,,,,,-0.0023667642550765,O
tuto,DET,PDFS4----------,det,Acc,Fem,Sing,,0.0166652988900965,O
píšťalku,NOUN,NNFS4-----A----,obj,Acc,Fem,Sing,,0.0079270062555917,O
",",PUNCT,Z:-------------,punct,,,,,-0.0031744535192069,O
a,CCONJ,J^-------------,cc,,,,,0.0161356699265341,O
všechny,DET,PLFP1----------,det,Nom,Fem,Plur,,-0.0155734715423349,O
píšťalky,NOUN,NNFP1-----A----,conj,Nom,Fem,Plur,,-0.0007842013846118,O
",",PUNCT,Z:-------------,punct,,,,,0.0184060368077906,O
řekli,VERB,VpMP----R-AAP--,root,,Masc,Plur,Anim,0.0252057582318541,O
.,PUNCT,Z:-------------,punct,,,,,0.0481677986273842,O
"""",PUNCT,Z:-------------,punct,,,,,0.0246986506180616,O
"""",PUNCT,Z:-------------,punct,,,,,0.0426627263157824,O
Lidé,NOUN,NNMP1-----A----,nsubj,Nom,Masc,Plur,Anim,0.0125356379556588,O
násilí,NOUN,NNNS2-----A----,nmod,Gen,Neut,Sing,,0.0492079625184945,O
od,ADP,RR--2----------,case,Gen,,,,0.0421268709395875,O
vůdce,NOUN,NNMS2-----A----,nmod,Gen,Masc,Sing,Anim,0.0048713350667705,O
naší,DET,PSFS2-P1-------,det,Gen,Fem,Sing,,0.0001400371417973,O
země,NOUN,NNFS2-----A----,nmod,Gen,Fem,Sing,,-0.004526821908169,O
mají,VERB,VB-P---3P-AAI--,root,,,Plur,,0.0050269130678567,O
chladící,ADJ,AGIS4-----A----,amod,Acc,Masc,Sing,Inan,0.0195264861079418,O
účinek,NOUN,NNIS4-----A----,obj,Acc,Masc,Sing,Inan,-0.0083626236824798,O
na,ADP,RR--4----------,case,Acc,,,,0.0503792371371438,O
celý,ADJ,AAIS4----1A----,amod,Acc,Masc,Sing,Inan,0.0035596462261725,O
proces,NOUN,NNIS4-----A----,nmod,Acc,Masc,Sing,Inan,0.0164203538565875,O
whistleblower,X,F%-------------,nmod,,,,,0.0573758558063498,O
",",PUNCT,Z:-------------,punct,,,,,0.0309662172003723,O
s,ADP,RR--7----------,case,Ins,,,,0.05664956201631,O
hrobovými,ADJ,AAIP7----1A----,amod,Ins,Masc,Plur,Inan,0.0373676135316945,O
důsledky,NOUN,NNIP7-----A----,obl,Ins,Masc,Plur,Inan,0.0247665095806534,O
pro,ADP,RR--4----------,case,Acc,,,,0.0350080664309526,O
naši,DET,PSFS4-P1-------,det,Acc,Fem,Sing,,0.0080561457741208,O
demokracii,NOUN,NNFS4-----A----,nmod,Acc,Fem,Sing,,0.3235932864404216,O
a,CCONJ,J^-------------,cc,,,,,0.0293269460346821,O
národní,ADJ,AAFS4----1A----,amod,Acc,Fem,Sing,,0.0093431935144419,O
bezpečnost,NOUN,NNFS4-----A----,conj,Acc,Fem,Sing,,0.0053755865503491,O
.,PUNCT,Z:-------------,punct,,,,,0.0094314781569436,O
"""",PUNCT,Z:-------------,root,,,,,0.0014274248352067,O
"""",PUNCT,Z:-------------,punct,,,,,0.06126109815927,O
"""",PUNCT,Z:-------------,punct,,,,,-0.1817177559564892,O
Očekává,VERB,VB-S---3P-AAI--,root,,,Sing,,0.1118309584551681,O
se,PRON,P7-X4----------,expl:pass,Acc,,,,0.3268320270690105,O
",",PUNCT,Z:-------------,punct,,,,,0.1289233939321712,O
že,SCONJ,"J,-------------",mark,,,,,-0.2787804302006016,O
automobilka,NOUN,NNFS1-----A----,nsubj,Nom,Fem,Sing,,0.0925424053273685,O
bude,AUX,VB-S---3F-AAI--,aux,,,Sing,,0.0612423296463392,O
v,ADP,RR--6----------,case,Loc,,,,0.0242928732171642,O
příštích,ADJ,AAIP6----1A----,amod,Loc,Masc,Plur,Inan,0.1850424213968687,O
dnech,NOUN,NNIP6-----A----,obl,Loc,Masc,Plur,Inan,-0.1019363651584058,O
oznámit,VERB,Vf--------A-P--,csubj:pass,,,,,0.4244692508392311,O
své,DET,P8FP4---------1,det,Acc,Fem,Plur,,-0.0688067475342276,O
čtvrtletní,ADJ,AAFP4----1A----,amod,Acc,Fem,Plur,,0.4226068673686358,O
dodávky,NOUN,NNFP4-----A----,obj,Acc,Fem,Plur,,0.3528676282630391,O
vozidel,NOUN,NNNP2-----A----,nmod,Gen,Neut,Plur,,0.0877761784196412,O
.,PUNCT,Z:-------------,punct,,,,,0.3252609929021129,O
Pořád,ADV,Db-------------,advmod,,,,,0.2493954250216457,O
se,PRON,P7-X4----------,expl:pv,Acc,,,,-0.0092776846601681,O
smáli,VERB,VpMP----R-AAI--,ccomp,,Masc,Plur,Anim,0.0138950078723113,O
a,CCONJ,J^-------------,cc,,,,,-0.0067487574195167,O
volali,VERB,VpMP----R-AAI--,conj,,Masc,Plur,Anim,0.0506665352599358,O
mi,PRON,PH-S3--1-------,obl:arg,Dat,,Sing,,0.0385949891484552,O
jména,NOUN,NNNP4-----A----,obj,Acc,Neut,Plur,,0.0192635169564116,O
",",PUNCT,Z:-------------,punct,,,,,0.0283794424566727,O
řekl,VERB,VpYS----R-AAP--,root,,Masc,Sing,,-0.015482383328458,O
Amari,PROPN,NNMS1-----A----,nsubj,Nom,Masc,Sing,Anim,0.0481955107434112,B-p_
CBS,NOUN,BNXXX-----A----,nmod,,,,,0.0365151530098651,I-p_
affiliate,X,F%-------------,nmod,,,,,0.0152957977401451,I-p_
WUSA-TV,NOUN,BNXXX-----A----,nmod,,,,,0.0957241985018807,I-p_
",",PUNCT,Z:-------------,punct,,,,,0.1632690900793281,O
trhání,NOUN,NNNS1-----A----,appos,Nom,Neut,Sing,,0.1408801316157066,O
nahoru,ADV,Db-------------,advmod,,,,,0.0523223254032479,O
.,PUNCT,Z:-------------,punct,,,,,0.0356175211355193,O
"""",PUNCT,Z:-------------,punct,,,,,-0.0042970134203445,O
"""",PUNCT,Z:-------------,punct,,,,,0.1071637457737913,O
Říkali,VERB,VpMP----R-AAI--,ccomp,,Masc,Plur,Anim,0.0074754828528617,O
mi,PRON,PH-S3--1-------,,Dat,,Sing,,0.0108235080513151,O
ošklivý,ADJ,AAMS1----1A----,obj,Nom,Masc,Sing,Anim,0.0039916661307932,O
',PUNCT,Z:-------------,punct,,,,,-0.0104883966094323,O
",",PUNCT,Z:-------------,punct,,,,,0.0149061959157261,O
řekl,VERB,VpYS----R-AAP--,root,,Masc,Sing,,-0.0121682845839547,O
jsem,AUX,VB-S---1P-AAI--,aux,,,Sing,,-0.0002792431907473,O
",",PUNCT,Z:-------------,punct,,,,,0.0081009846188049,O
neměl,VERB,VpYS----R-NAI--,ccomp,,Masc,Sing,,0.0040428826303651,O
jsem,AUX,VB-S---1P-AAI--,aux,,,Sing,,-0.003149659596042,O
se,PRON,P7-X4----------,expl:pv,Acc,,,,-0.0120081300938315,O
narodil,VERB,VpYS----R-AAP--,xcomp,,Masc,Sing,,0.0116019685283316,O
.,PUNCT,Z:-------------,punct,,,,,-0.0190462515754009,O
',PUNCT,Z:-------------,punct,,,,,0.00227910191736,O
Říkali,VERB,VpMP----R-AAI--,root,,Masc,Plur,Anim,0.0056367180738442,O
mi,PRON,PH-S3--1-------,,Dat,,Sing,,0.0279926730561965,O
hledač,NOUN,NNMS1-----A----,nsubj,Nom,Masc,Sing,Anim,0.098119436344719,O
pozornosti,NOUN,NNFS2-----A----,nmod,Gen,Fem,Sing,,0.0229696652604272,O
.,PUNCT,Z:-------------,punct,,,,,0.0130564891213908,O
',PUNCT,Z:-------------,root,,,,,0.0325624633621675,O
"""",PUNCT,Z:-------------,punct,,,,,-0.003972476540761,O
"""",PUNCT,Z:-------------,punct,,,,,-0.0273841259770344,O
"""",PUNCT,Z:-------------,punct,,,,,-0.1123201082852338,O
Byla,AUX,VpQW----R-AAI--,aux:pass,,"Fem,Neut","Plur,Sing",,0.0370688481832361,O
instalována,ADJ,VsQW----X-APB--,root,,"Fem,Neut","Plur,Sing",,0.1228550713674238,O
v,ADP,RR--6----------,case,Loc,,,,0.0001652435888278,O
roce,NOUN,NNIS6-----A---1,obl,Loc,Masc,Sing,Inan,-0.0528206796596295,O
1905,NUM,C=-------------,nummod,,,,,-0.1226926732073963,B-ty
a,CCONJ,J^-------------,cc,,,,,-0.1602954057631226,O
stála,VERB,VpQW----R-AAI--,conj,,"Fem,Neut","Plur,Sing",,0.0117830596754867,O
před,ADP,RR--7----------,case,Ins,,,,-0.0566007788877453,O
budovou,NOUN,NNFS7-----A----,obl,Ins,Fem,Sing,,-0.0089956467620298,O
soudu,NOUN,NNIS2-----A----,nmod,Gen,Masc,Sing,Inan,0.0232239214178059,O
okresu,NOUN,NNIS2-----A----,nmod,Gen,Masc,Sing,Inan,-0.1045143703117015,O
Princezna,NOUN,NNFS1-----A----,nmod,Nom,Fem,Sing,,0.0650846334227928,B-gr
Anna,PROPN,NNFS1-----A----,nmod,Nom,Fem,Sing,,-0.2182302191246298,I-gr
",",PUNCT,Z:-------------,punct,,,,,0.3770986799117016,O
na,ADP,RR--6----------,case,Loc,,,,-0.0945139531323853,O
stejném,ADJ,AANS6----1A----,amod,Loc,Neut,Sing,,0.0503185826600296,O
místě,NOUN,NNNS6-----A----,appos,Loc,Neut,Sing,,-0.1943506045714102,O
",",PUNCT,Z:-------------,punct,,,,,0.303858712305011,O
kde,ADV,Db-------------,advmod,,,,,-0.132532274033185,O
se,PRON,P7-X4----------,expl:pass,Acc,,,,0.084222413101341,O
kdysi,ADV,Db-------------,advmod,,,,,0.1605751808147943,O
konaly,VERB,VpTP----R-AAI--,acl:relcl,,"Fem,Masc",Plur,Inan,0.1106023314922843,O
dražby,NOUN,NNFP1-----A----,nsubj:pass,Nom,Fem,Plur,,-0.0011157678542721,O
otroků,NOUN,NNMP2-----A----,nmod,Gen,Masc,Plur,Anim,0.0989424415113074,O
.,PUNCT,Z:-------------,punct,,,,,0.1744631844416067,O
Dělníci,NOUN,NNMP1-----A----,nsubj,Nom,Masc,Plur,Anim,0.0690002310819851,O
se,PRON,P7-X4----------,expl:pv,Acc,,,,-0.0867412907551693,O
obávají,VERB,VB-P---3P-AAI--,root,,,Plur,,0.0176330530718536,O
",",PUNCT,Z:-------------,punct,,,,,0.0041555442937001,O
že,SCONJ,"J,-------------",mark,,,,,-0.0057061329641126,O
šprýmaři,NOUN,NNMP1-----A----,nsubj,Nom,Masc,Plur,Anim,0.0130953395575603,O
vyzbrojují,VERB,VB-P---3P-AAI--,ccomp,,,Plur,,0.0291027727257666,O
otravné,ADJ,AAMP4----1A----,amod,Acc,Masc,Plur,Anim,0.0355205166926341,O
primáty,NOUN,NNMP4-----A----,obj,Acc,Masc,Plur,Anim,0.010540550429699,O
",",PUNCT,Z:-------------,punct,,,,,0.8796014117993695,O
o,ADP,RR--6----------,case,Loc,,,,0.0956563273769867,O
nichž,PRON,P4XP6----------,obl:arg,Loc,,Plur,,0.1024045921799939,O
je,AUX,VB-S---3P-AAI--,cop,,,Sing,,0.1382760700798594,O
známo,ADJ,ACNS------A----,acl:relcl,,Neut,Sing,,0.0513600357659467,O
",",PUNCT,Z:-------------,punct,,,,,0.0005924548957587,O
že,SCONJ,"J,-------------",mark,,,,,0.0276982743346124,O
se,PRON,P7-X4----------,expl:pv,Acc,,,,-0.0945309373590118,O
vrhají,VERB,VB-P---3P-AAI--,csubj,,,Plur,,0.0392722875538374,O
na,ADP,RR--4----------,case,Acc,,,,-0.0116100702942261,O
každého,DET,AAMS4----1A----,obl:arg,Acc,Masc,Sing,Anim,0.0027962037661828,O
",",PUNCT,Z:-------------,punct,,,,,-0.031119882984719,O
kdo,PRON,PQ--1----------,nsubj,Nom,,,Anim,0.0121843701309034,O
se,PRON,P7-X4----------,expl:pv,Acc,,,,-0.0928223333638837,O
zastaví,VERB,VB-S---3P-AAP--,acl:relcl,,,Sing,,0.0441786026909836,O
a,CCONJ,J^-------------,cc,,,,,0.076776924856479,O
utrhne,VERB,VB-S---3P-AAP--,conj,,,Sing,,0.0475604627621202,O
stěrače,NOUN,NNIP4-----A----,obj,Acc,Masc,Plur,Inan,0.1005152500453499,O
a,CCONJ,J^-------------,cc,,,,,0.0480775995958855,O
zrcátka,NOUN,NNNP4-----A----,conj,Acc,Neut,Plur,,0.0581192859841062,O
.,PUNCT,Z:-------------,punct,,,,,-0.0792583114862165,O
Dříve,ADV,Dg-------2A----,advmod,,,,,0.2598606159517496,O
zemřel,VERB,VpYS----R-AAP--,root,,Masc,Sing,,-0.0321813060601931,O
na,ADP,RR--4----------,case,Acc,,,,-0.1433369869841866,O
COVID-19,PROPN,BNXXX-----A----,obl,Acc,Masc,Sing,Inan,0.0586624230181892,B-o_
vysoký,ADJ,AAMS1----1A----,amod,Nom,Masc,Sing,Anim,-0.0266180481853779,O
úředník,NOUN,NNMS1-----A----,nsubj,Nom,Masc,Sing,Anim,0.1410246987184688,O
pobočky,NOUN,NNFS2-----A----,nmod,Gen,Fem,Sing,,0.1417464305515273,O
",",PUNCT,Z:-------------,punct,,,,,0.1741623217497891,O
který,DET,P4YS1----------,nsubj,Nom,Masc,Sing,,0.0228850137560006,O
trpěl,VERB,VpYS----R-AAI--,acl:relcl,,Masc,Sing,,-0.3396404673556603,O
jinými,ADJ,AAFP7----1A----,amod,Ins,Fem,Plur,,0.325555603468984,O
komplikacemi,NOUN,NNFP7-----A----,obl:arg,Ins,Fem,Plur,,0.1248828273778526,O
.,PUNCT,Z:-------------,punct,,,,,0.0638331315558922,O
V,ADP,RR--6----------,case,Loc,,,,0.988762587240561,O
tomto,DET,PDZS6----------,det,Loc,"Masc,Neut",Sing,,-0.0034065840844643,O
případě,NOUN,NNIS6-----A----,obl,Loc,Masc,Sing,Inan,-0.0015368402098733,O
může,VERB,VB-S---3P-AAI--,ccomp,,,Sing,,0.0008227872890142,O
být,AUX,Vf--------A-I--,cop,,,,,6.74790334808244,O
protoplanetární,ADJ,AAIS1----1A----,amod,Nom,Masc,Sing,Inan,0.064326421015175,O
disk,NOUN,NNIS1-----A----,nsubj,Nom,Masc,Sing,Inan,0.0034362581706642,O
kolem,ADP,RR--2----------,case,Gen,,,,-0.0071408903704484,O
mladé,ADJ,AAFS2----1A----,amod,Gen,Fem,Sing,,-0.0010090804801878,O
hvězdy,NOUN,NNFS2-----A----,nmod,Gen,Fem,Sing,,-0.0025404971440716,O
o,ADP,RR--4----------,case,Acc,,,,-0.0110577450853012,O
něco,PRON,PK--4----------,obl,Acc,,,Inan,-0.0052654189617006,O
masivnější,ADJ,AAIS1----2A----,xcomp,Nom,Masc,Sing,Inan,-0.003386704261763,O
",",PUNCT,Z:-------------,punct,,,,,-0.0069476895619931,O
než,SCONJ,"J,-------------",mark,,,,,-0.001314901791983,O
se,PRON,P7-X4----------,expl:pass,Acc,,,,0.0074591031803121,O
očekávalo,VERB,VpNS----R-AAI--,advcl,,Neut,Sing,,0.0853893895492062,O
",",PUNCT,Z:-------------,punct,,,,,-0.0029071435425023,O
a,CCONJ,J^-------------,cc,,,,,-0.0060432706381664,O
chladný,ADJ,AAIS1----1A----,conj,Nom,Masc,Sing,Inan,-0.0037192903825995,O
",",PUNCT,Z:-------------,punct,,,,,0.0004173581833187,O
řekl,VERB,VpYS----R-AAP--,root,,Masc,Sing,,0.0030131060155097,O
Morales,PROPN,NNMS1-----A----,nsubj,Nom,Masc,Sing,Anim,0.0429133569944566,B-ps
.,PUNCT,Z:-------------,punct,,,,,0.0123066589329301,O
"""",PUNCT,Z:-------------,punct,,,,,-0.0135966893460276,O
"""",PUNCT,Z:-------------,punct,,,,,0.0082964259913371,O
Díky,ADP,RR--3----------,case,Dat,,,,0.0016842191063384,O
tomu,DET,PDZS3----------,obl,Dat,"Masc,Neut",Sing,,0.0067140408328422,O
se,PRON,P7-X4----------,expl:pv,Acc,,,,0.0078473028333484,O
disk,NOUN,NNIS1-----A----,nsubj,Nom,Masc,Sing,Inan,-0.0017868479606396,O
stane,VERB,VB-S---3P-AAP--,root,,,Sing,,-0.0026000460133142,O
nestabilním,ADJ,AAIS7----1N----,obl:arg,Ins,Masc,Sing,Inan,0.0056270202216885,O
",",PUNCT,Z:-------------,punct,,,,,-0.0001664283883043,O
takže,SCONJ,"J,-------------",mark,,,,,-0.0061889040303607,O
se,PRON,P7-X4----------,expl:pv,Acc,,,,0.0075650292027564,O
mohou,VERB,VB-P---3P-AAI-1,advcl,,,Plur,,-0.0017928134960719,O
objevit,VERB,Vf--------A-P--,xcomp,,,,,0.0082695231839945,O
některé,DET,PZFP1----------,det,Nom,Fem,Plur,,-0.0037224558395265,O
husté,ADJ,AAFP1----1A----,amod,Nom,Fem,Plur,,0.0054814634485796,O
oblasti,NOUN,NNFP1-----A----,nsubj,Nom,Fem,Plur,,-0.005524723679808,O
.,PUNCT,Z:-------------,punct,,,,,-0.0008271805914396,O
Tyto,DET,PDIP1----------,det,Nom,Masc,Plur,Inan,-0.0014270330232553,O
shluky,NOUN,NNIP1-----A----,nsubj,Nom,Masc,Plur,Inan,0.0032978198376982,O
mohou,VERB,VB-P---3P-AAI-1,root,,,Plur,,-0.0086075766203807,O
růst,VERB,Vf--------A-I--,xcomp,,,,,-0.0083949166511367,O
",",PUNCT,Z:-------------,punct,,,,,0.0066638431980274,O
dokud,SCONJ,"J,-------------",mark,,,,,0.0185218201442945,O
se,PRON,P7-X4----------,expl:pv,Acc,,,,0.0130229795936799,O
nezhroutí,VERB,VB-P---3P-NAP--,advcl,,,Plur,,0.0141577298033037,O
a,CCONJ,J^-------------,cc,,,,,-0.0004321730492476,O
vytvoří,VERB,VB-P---3P-AAP--,conj,,,Plur,,0.0133814001436407,O
planetu,NOUN,NNFS4-----A----,obj,Acc,Fem,Sing,,-0.0003997373975331,O
.,PUNCT,Z:-------------,punct,,,,,0.0080153652741761,O
"""",PUNCT,Z:-------------,root,,,,,0.0161628798618283,O
"""",PUNCT,Z:-------------,punct,,,,,0.0035863649494835,O
"""",PUNCT,Z:-------------,punct,,,,,-0.0144534608713765,O
Snažil,VERB,VpYS----R-AAI--,ccomp,,Masc,Sing,,0.0894041479156887,O
jsem,AUX,VB-S---1P-AAI--,aux,,,Sing,,0.0579659568179813,O
se,PRON,P7-X4----------,expl:pv,Acc,,,,0.073338189598051,O
usnout,VERB,Vf--------A-P--,xcomp,,,,,0.0967252654310589,O
a,CCONJ,J^-------------,cc,,,,,0.040073579061149,O
moje,DET,PSHS1-S1-------,det,Nom,"Fem,Neut",Sing,,0.0723271771147339,O
tělo,NOUN,NNNS1-----A----,nsubj,Nom,Neut,Sing,,-0.0394496401906008,O
se,PRON,P7-X4----------,expl:pv,Acc,,,,0.072380711938269,O
začalo,VERB,VpNS----R-AAP--,conj,,Neut,Sing,,-0.0403019829737973,O
třást,VERB,Vf--------A-I--,xcomp,,,,,0.056930836413862,O
",",PUNCT,Z:-------------,punct,,,,,0.1820760774138581,O
a,CCONJ,J^-------------,cc,,,,,0.0586903433560689,O
pak,ADV,Db-------------,advmod,,,,,0.0296264067377548,O
jsem,AUX,VB-S---1P-AAI--,aux,,,Sing,,0.0046880156840411,O
začal,VERB,VpYS----R-AAP--,conj,,Masc,Sing,,-0.0085824389128141,O
vyšilovat,VERB,Vf--------A-I--,xcomp,,,,,0.0237638934439973,O
a,CCONJ,J^-------------,cc,,,,,0.0653478120155453,O
začal,VERB,VpYS----R-AAP--,conj,,Masc,Sing,,0.0138788285199788,O
jsem,AUX,VB-S---1P-AAI--,aux,,,Sing,,0.0157704462138119,O
brečet,VERB,Vf--------A-I--,xcomp,,,,,0.0790234906527821,O
",",PUNCT,Z:-------------,punct,,,,,0.1737767692925471,O
řekla,VERB,VpQW----R-AAP--,root,,"Fem,Neut","Plur,Sing",,-0.0136563321521443,O
Corona,PROPN,NNFS1-----A----,nsubj,Nom,Fem,Sing,,0.0141000534941481,B-P|B-pf
ABC-7,NOUN,BNXXX-----A----,nmod,,,,,0.1171987437208675,I-P|B-ps
.,PUNCT,Z:-------------,punct,,,,,0.1553574474644878,O
Třetí,ADJ,CrMS1----------,nsubj,Nom,Masc,Sing,Anim,-0.0410097021639799,O
napsal,VERB,VpYS----R-AAP--,root,,Masc,Sing,,-0.0250859006162693,O
:,PUNCT,Z:-------------,punct,,,,,-0.2674608569404188,O
"""",PUNCT,Z:-------------,punct,,,,,0.06475514142005,O
"""",PUNCT,Z:-------------,punct,,,,,0.3182246940334435,O
Nespadají,VERB,VB-P---3P-NAI--,ccomp,,,Plur,,-0.0053188081894141,O
na,ADP,RR--4----------,case,Acc,,,,-0.2714775340281073,O
to,DET,PDNS4----------,obl:arg,Acc,Neut,Sing,,0.1857866689722652,O
Khloe,PROPN,NNFXX-----A----,nsubj,Nom,Masc,Sing,Anim,-0.119800319793612,B-p_
.,PUNCT,Z:-------------,punct,,,,,0.5657633766050373,O
"""",PUNCT,Z:-------------,root,,,,,-0.1976253477038707,O
"""",PUNCT,Z:-------------,punct,,,,,0.1294814714686826,O
"""",PUNCT,Z:-------------,punct,,,,,0.0657778043896758,O
Vyrobeno,ADJ,VsNS----X-APP--,root,,Neut,Sing,,0.1079063406766735,O
ze,ADP,RV--2----------,case,Gen,,,,0.0825299351400892,O
švédské,ADJ,AAFS2----1A----,amod,Gen,Fem,Sing,,0.0423835886774719,O
směsi,NOUN,NNFS2-----A----,obl:arg,Gen,Fem,Sing,,0.0764783530105434,O
přírodních,ADJ,AAFP2----1A----,amod,Gen,Fem,Plur,,0.0041675424379465,O
ingrediencí,NOUN,NNFP2-----A----,nmod,Gen,Fem,Plur,,0.1109711719819714,O
z,ADP,RR--2----------,case,Gen,,,,-0.0026724747551336,O
červených,ADJ,AAFP2----1A----,amod,Gen,Fem,Plur,,-0.0001969590858798,O
řas,NOUN,NNFP2-----A----,nmod,Gen,Fem,Plur,,0.0686544970010769,O
",",PUNCT,Z:-------------,punct,,,,,0.1198847036765709,O
hnědých,ADJ,AAFP2----1A----,amod,Gen,Fem,Plur,,-0.0078993327301729,O
řas,NOUN,NNFP2-----A----,conj,Gen,Fem,Plur,,0.0453479604007792,O
a,CCONJ,J^-------------,cc,,,,,-0.0513385731618427,O
aquaminerálů,NOUN,NNIP2-----A----,conj,Gen,Masc,Plur,Inan,0.0581059951842918,O
s,ADP,RR--7----------,case,Ins,,,,0.0172302232819722,O
vitamínem,NOUN,NNIS7-----A----,nmod,Ins,Masc,Sing,Inan,0.0198294038763714,O
C,NOUN,Q3-------------,nmod,,,,,-0.0550661876112729,B-o_
a,CCONJ,J^-------------,cc,,,,,-0.0573768110044721,O
aktivní,ADJ,AAFS2----1A----,conj,Gen,Fem,Sing,,-0.0558359187449903,O
proti,ADP,RR--3----------,case,Dat,,,,0.178212172781738,O
znečištění,NOUN,NNNS3-----A----,obl,Dat,Neut,Sing,,0.0683900223602083,O
.,PUNCT,Z:-------------,punct,,,,,-0.6550513065627457,O
Jste,AUX,VB-P---2P-AAI--,root,,,Plur,,-0.0146520728452047,O
na,ADP,RR--6----------,case,Loc,,,,0.5112603235359965,O
stránce,NOUN,NNFS6-----A----,obl,Loc,Fem,Sing,,0.7059256836327773,O
knihy,NOUN,NNFS2-----A----,nmod,Gen,Fem,Sing,,-0.3448107857665078,O
?,PUNCT,Z:-------------,punct,,,,,-0.166871039335685,O
Kudlow,PROPN,NNMS1-----A----,nsubj,Nom,Masc,Sing,Anim,0.1260431246904848,B-ps
říká,VERB,VB-S---3P-AAI--,root,,,Sing,,-0.3132353859048451,O
",",PUNCT,Z:-------------,punct,,,,,0.3099883155731623,O
že,SCONJ,"J,-------------",mark,,,,,0.2371365534573943,O
další,ADJ,AAIS1----1A----,amod,Nom,Masc,Sing,Inan,-0.0507440977644836,O
návrh,NOUN,NNIS1-----A----,nsubj,Nom,Masc,Sing,Inan,0.0980713160657617,O
zákona,NOUN,NNIS2-----A----,nmod,Gen,Masc,Sing,Inan,-0.1525702202067385,O
o,ADP,RR--6----------,case,Loc,,,,-0.1833821250658107,O
stimulaci,NOUN,NNFS6-----A----,nmod,Loc,Fem,Sing,,0.0982136791608422,O
koronaviry,NOUN,NNFS2-----A----,nmod,Gen,Fem,Sing,,0.1298892862259644,O
bude,AUX,VB-S---3F-AAI--,aux,,,Sing,,-0.0444457832297885,O
zahrnovat,VERB,Vf--------A-I--,ccomp,,,,,0.1248741944188273,O
více,ADV,Dg-------2A----,obj,,,,,0.0495908752468034,O
kontrol,NOUN,NNFP2-----A----,nmod,Gen,Fem,Plur,,0.030207220024104,O
a,CCONJ,J^-------------,cc,,,,,0.0164285586596439,O
prodloužit,VERB,Vf--------A-P--,conj,,,,,0.3174394417239928,O
moratorium,NOUN,NNNS4-----A----,obj,Acc,Neut,Sing,,-0.0013215794133508,O
na,ADP,RR--4----------,case,Acc,,,,0.1295153828729751,O
vystěhování,NOUN,NNNS4-----A----,nmod,Acc,Neut,Sing,,0.094668679497356,O
Ponížení,NOUN,NNNS1-----A----,nsubj,Nom,Neut,Sing,,0.2326118802251836,O
u,ADP,RR--2----------,case,Gen,,,,-0.0395255999732024,O
soudů,NOUN,NNIP2-----A----,nmod,Gen,Masc,Plur,Inan,0.0515430770656976,O
doma,ADV,Dg-------1A----,advmod,,,,,0.0398918947311392,O
je,AUX,VB-S---3P-AAI--,cop,,,Sing,,-0.1150225029237359,O
ochutnávkou,NOUN,NNFS7-----A----,root,Ins,Fem,Sing,,-0.0041346994940476,O
toho,DET,PDZS2----------,amod,Gen,"Masc,Neut",Sing,,-0.1104184254314183,O
",",PUNCT,Z:-------------,punct,,,,,0.1485544417988765,O
co,PRON,PQ--1----------,nsubj,Nom,,,Inan,0.2366352342623532,O
Johnsona,PROPN,NNMS4-----A----,obj,Acc,Masc,Sing,Anim,0.0264623394810874,B-ps
čeká,VERB,VB-S---3P-AAI--,acl:relcl,,,Sing,,0.0128217913287145,O
v,ADP,RR--6----------,case,Loc,,,,-0.0148026127839651,O
Bruselu,PROPN,NNIS6-----A----,obl,Loc,Masc,Sing,Inan,0.033899448565194,B-gu
",",PUNCT,Z:-------------,punct,,,,,0.5799948140329999,O
pokud,SCONJ,"J,-------------",mark,,,,,0.0090508238371681,O
se,PRON,P7-X4----------,expl:pv,Acc,,,,0.0716383862962203,O
pokusí,VERB,VB-S---3P-AAP--,advcl,,,Sing,,0.0553834801008601,O
vykroutit,VERB,Vf--------A-P--,xcomp,,,,,0.089882761777554,O
ze,ADP,RV--2----------,case,Gen,,,,0.0703041142470985,O
svých,DET,P8XP2----------,det,Gen,,Plur,,-0.054449368652713,O
závazků,NOUN,NNIP2-----A----,obl:arg,Gen,Masc,Plur,Inan,0.0127270884684219,O
a,CCONJ,J^-------------,cc,,,,,-0.0447725208283769,O
požádat,VERB,Vf--------A-P--,conj,,,,,0.0635579170076219,O
o,ADP,RR--4----------,case,Acc,,,,-0.058730143967069,O
prodloužení,NOUN,NNNS4-----A----,obl:arg,Acc,Neut,Sing,,0.074291014670481,O
.,PUNCT,Z:-------------,punct,,,,,-0.0928496044404806,O
To,DET,PDNS1----------,nsubj,Nom,Neut,Sing,,-0.0105057159700568,O
utěší,VERB,VB-S---3P-AAP--,root,,,Sing,,0.0129398110255666,O
evropské,ADJ,AAMP4----1A----,amod,Acc,Masc,Plur,Anim,-0.0327391669196961,O
úředníky,NOUN,NNMP4-----A----,obj,Acc,Masc,Plur,Anim,0.0656799536326421,O
",",PUNCT,Z:-------------,punct,,,,,-0.0515765849775642,O
kteří,DET,P4MP1----------,nsubj,Nom,Masc,Plur,Anim,-0.0504983352183471,O
by,AUX,Vc----------I--,aux,,,,,-0.0464860053520385,O
s,ADP,RR--7----------,case,Ins,,,,-0.0270520922838754,O
tím,DET,PDZS7----------,obl:arg,Ins,"Masc,Neut",Sing,,-0.0013529806051239,O
s,ADP,RR--7----------,case,Ins,,,,0.0040269390413289,O
největší,ADJ,AAFS7----3A----,amod,Ins,Fem,Sing,,-0.0373077277984197,O
pravděpodobností,NOUN,NNFS7-----A----,obl,Ins,Fem,Sing,,0.0181033112358108,O
souhlasili,VERB,VpMP----R-AAI--,acl:relcl,,Masc,Plur,Anim,-0.0364015988735065,O
.,PUNCT,Z:-------------,punct,,,,,0.0211690340174596,O
Hlavně,ADV,Dg-------1A----,advmod:emph,,,,,-0.0051220938803137,O
proto,ADV,Db-------------,root,,,,,0.1539638107466643,O
",",PUNCT,Z:-------------,punct,,,,,0.0396314233176724,O
že,SCONJ,"J,-------------",mark,,,,,-0.0426577883049623,O
věnovat,VERB,Vf--------A-I--,xcomp,,,,,0.1037352719765373,O
více,ADV,Dg-------2A----,obj,,,,,-0.031186006209957,O
času,NOUN,NNIS2-----A----,nmod,Gen,Masc,Sing,Inan,0.0193077251786819,O
hledání,NOUN,NNNS3-----A----,obl:arg,Dat,Neut,Sing,,0.0824749152003296,O
řešení,NOUN,NNNS2-----A----,nmod,Gen,Neut,Sing,,0.007245978189897,O
snižuje,VERB,VB-S---3P-AAI--,dep,,,Sing,,0.0151268630805192,O
hrozbu,NOUN,NNFS4-----A----,obj,Acc,Fem,Sing,,0.1290949777653338,O
brexitu,NOUN,NNIS2-----A----,nmod,Gen,Masc,Sing,Inan,0.2407088257253902,O
bez,ADP,RR--2----------,case,Gen,,,,0.0856486148643729,O
dohody,NOUN,NNFS2-----A----,nmod,Gen,Fem,Sing,,0.0107837276798225,O
",",PUNCT,Z:-------------,punct,,,,,0.1108841922242358,O
který,DET,P4YS1----------,nsubj,Nom,Masc,Sing,,0.0527241995976001,O
by,AUX,Vc----------I--,aux,,,,,-0.0054051322846132,O
byl,AUX,VpYS----R-AAI--,cop,,Masc,Sing,,0.009193902128564,O
ekonomicky,ADV,Dg-------1A----,advmod,,,,,0.0414798411348644,O
škodlivý,ADJ,AAIS1----1A----,acl:relcl,Nom,Masc,Sing,Inan,0.0216991032500353,O
pro,ADP,RR--4----------,case,Acc,,,,0.0834089151167344,O
obě,NUM,CnHP4----------,nummod,Acc,"Fem,Neut",Plur,,0.007067353040584,O
strany,NOUN,NNFP4-----A----,obl,Acc,Fem,Plur,,0.0685008753869343,O
.,PUNCT,Z:-------------,punct,,,,,0.2048660027644155,O
Děkujeme,VERB,VB-P---1P-AAI--,root,,,Plur,,0.0515759209204169,O
",",PUNCT,Z:-------------,punct,,,,,0.1715112894159239,O
že,SCONJ,"J,-------------",mark,,,,,0.1099483715788614,O
jste,AUX,VB-P---2P-AAI--,aux,,,Plur,,0.0083342004362096,O
kontaktovali,VERB,VpMP----R-AAI--,ccomp,,Masc,Plur,Anim,-0.0409725876003037,O
#PRS,NOUN,BNXXX-----A----,root,,,,,0.0319457128519538,O
_,PUNCT,Z:-------------,punct,,,,,0.4346384535200209,O
ORG,NOUN,BNXXX-----A----,conj,,,,,-0.1979886463430105,O
#,NUM,C=-------------,nummod,,,,,0.1117151849500666,O
",",PUNCT,Z:-------------,punct,,,,,0.3616067839843064,O
jste,AUX,VB-P---2P-AAI--,conj,,,Plur,,-0.2460387104669429,O
přes,ADP,RR--4----------,case,Acc,,,,0.2675011271392266,O
#NAME,PROPN,BNXXX-----A----,nmod,,,,,0.2339028830457567,O
#,NUM,C=-------------,nummod,,,,,0.010182990924183,O
Ve,ADP,RV--6----------,case,Loc,,,,-0.1129370601903468,O
Vídni,PROPN,NNFS6-----A----,obl,Loc,Fem,Sing,,-0.0103088047951869,B-gu
byly,AUX,VpTP----R-AAI--,aux:pass,,"Fem,Masc",Plur,Inan,0.0137364682189627,O
obnoveny,ADJ,VsTP----X-APP--,root,,"Fem,Masc",Plur,Inan,-0.0014984004525466,O
rozhovory,NOUN,NNIP1-----A----,nsubj:pass,Nom,Masc,Plur,Inan,-0.0096519543703697,O
s,ADP,RR--7----------,case,Ins,,,,0.008657658326549,O
cílem,NOUN,NNIS7-----A----,nmod,Ins,Masc,Sing,Inan,-0.0114447523458018,O
pokusit,VERB,Vf--------A-P--,acl,,,,,-0.0126686759487218,O
se,PRON,P7-X4----------,expl:pv,Acc,,,,0.0164094836147355,O
oživit,VERB,Vf--------A-P--,xcomp,,,,,0.0084778309283883,O
jaderný,ADJ,AAIS4----1A----,amod,Acc,Masc,Sing,Inan,0.0096845580694215,O
pakt,NOUN,NNIS4-----A----,obj,Acc,Masc,Sing,Inan,0.0112973076479794,O
",",PUNCT,Z:-------------,punct,,,,,0.0056725256094082,O
přičemž,ADV,Db-------------,advmod,,,,,0.0188444543556082,O
obě,NUM,CnHP1----------,nummod,Nom,"Fem,Neut",Plur,,-0.0014420019728056,O
strany,NOUN,NNFP1-----A----,nsubj,Nom,Fem,Plur,,-0.0128679546051716,O
se,PRON,P7-X4----------,expl:pv,Acc,,,,-0.0045163275056395,O
snaží,VERB,VB-P---3P-AAI--,conj,,,Plur,,-0.0125772693981315,O
změřit,VERB,Vf--------A-P--,xcomp,,,,,0.0150604742239559,O
vyhlídky,NOUN,NNFP4-----A----,obj,Acc,Fem,Plur,,0.9876621362310476,O
na,ADP,RR--4----------,case,Acc,,,,0.0243849107935745,O
úspěch,NOUN,NNIS4-----A----,nmod,Acc,Masc,Sing,Inan,-0.0024509045701776,O
po,ADP,RR--6----------,case,Loc,,,,-0.0029065510829382,O
posledních,ADJ,AAFP6----1A----,amod,Loc,Fem,Plur,,-0.0042915884283488,O
výměnách,NOUN,NNFP6-----A----,obl,Loc,Fem,Plur,,0.0028067492002825,O
jednání,NOUN,NNNP2-----A----,nmod,Gen,Neut,Plur,,-2.6688877726597298,O
o,ADP,RR--6----------,case,Loc,,,,-0.0152040372530642,O
zastavení,NOUN,NNNS6-----A----,nmod,Loc,Neut,Sing,,-0.0012798077608857,O
a,CCONJ,J^-------------,cc,,,,,-0.0209078523291355,O
zahájení,NOUN,NNNS6-----A----,conj,Loc,Neut,Sing,,0.0010612273716314,O
jednání,NOUN,NNNS2-----A----,nmod,Gen,Neut,Sing,,-0.0097030764954742,O
.,PUNCT,Z:-------------,punct,,,,,-0.0361232757607719,O
Letošní,ADJ,AAIP1----1A----,amod,Nom,Masc,Plur,Inan,0.1824457208436608,O
kousky,NOUN,NNIP1-----A----,nsubj,Nom,Masc,Plur,Inan,0.0923551872138116,O
z,ADP,RR--2----------,case,Gen,,,,-0.0818563329411212,O
Turnerovy,ADJ,AUFS2M---------,amod,Gen,Fem,Sing,,0.120860936774223,B-oa|B-ps
ceny,NOUN,NNFS2-----A----,nmod,Gen,Fem,Sing,,0.0141583994776337,I-oa
budou,AUX,VB-P---3F-AAI--,root,,,Plur,,-0.0555062670549977,O
od,ADP,RR--2----------,case,Gen,,,,0.0128498824808727,O
zítřka,NOUN,NNIS2-----A---1,obl,Gen,Masc,Sing,Inan,0.1345752673735665,O
k,ADP,RR--3----------,case,Dat,,,,-0.0872771516544806,O
vidění,NOUN,NNNS3-----A----,obl,Dat,Neut,Sing,,-0.1644329843320259,O
v,ADP,RR--6----------,case,Loc,,,,0.1733677776325288,O
Margate,PROPN,NNNXX-----A----,obl,,Neut,,,0.0669901272358784,B-gu
",",PUNCT,Z:-------------,punct,,,,,0.4538828711541567,O
na,ADP,RR--6----------,case,Loc,,,,-0.0193732134647334,O
programu,NOUN,NNIS6-----A----,obl,Loc,Masc,Sing,Inan,0.1827233773631031,O
bude,AUX,VB-S---3F-AAI--,conj,,,Sing,,0.0752176266541174,O
brexit,NOUN,NNIS1-----A----,nsubj,Nom,Masc,Sing,Inan,0.1658409583612684,O
.,PUNCT,Z:-------------,punct,,,,,0.1266698370055381,O
Steinová,PROPN,NNFS1-----A----,nsubj,Nom,Fem,Sing,,0.0575862101470385,B-ps
uvedla,VERB,VpQW----R-AAP--,root,,"Fem,Neut","Plur,Sing",,-0.0394695533425378,O
",",PUNCT,Z:-------------,punct,,,,,0.0736099128511084,O
že,SCONJ,"J,-------------",mark,,,,,-0.0717655191810261,O
vzpomínání,NOUN,NNNS1-----A----,nsubj:pass,Nom,Neut,Sing,,-0.071891323408192,O
na,ADP,RR--4----------,case,Acc,,,,-0.1510042012143866,O
pacientovy,ADJ,AUFP4M---------,amod,Acc,Fem,Plur,,0.0277004909754342,O
kmenové,ADJ,AAFP4----1A----,amod,Acc,Fem,Plur,,0.0339160770112775,O
buňky,NOUN,NNFP4-----A----,nmod,Acc,Fem,Plur,,-0.0013745784352422,O
by,AUX,Vc----------I--,aux,,,,,-0.0888230484462338,O
bylo,AUX,VpNS----R-AAI--,aux:pass,,Neut,Sing,,0.3265283310545993,O
doporučeno,ADJ,VsNS----X-APP--,ccomp,,Neut,Sing,,-0.0160165893390087,O
pouze,ADV,Db-------------,advmod:emph,,,,,0.0085227117098282,O
v,ADP,RR--6----------,case,Loc,,,,-0.0155009537945484,O
případě,NOUN,NNIS6-----A----,obl,Loc,Masc,Sing,Inan,-0.0902667542534531,O
",",PUNCT,Z:-------------,punct,,,,,0.1665643708242508,O
že,SCONJ,"J,-------------",mark,,,,,0.0153330748347729,O
jsou,AUX,VB-P---3P-AAI--,cop,,,Plur,,0.2260277167668942,O
potřebné,ADJ,AAIP1----1A----,acl,Nom,Masc,Plur,Inan,0.0095773623050356,O
v,ADP,RR--6----------,case,Loc,,,,-0.0600177021559454,O
případě,NOUN,NNIS6-----A----,obl,Loc,Masc,Sing,Inan,-0.2385610431526253,O
",",PUNCT,Z:-------------,punct,,,,,0.0914383554575715,O
že,SCONJ,"J,-------------",mark,,,,,-0.066604738805032,O
u,ADP,RR--2----------,case,Gen,,,,-0.0791617112566571,O
pacienta,NOUN,NNMS2-----A----,obl,Gen,Masc,Sing,Anim,0.1133702476592189,O
dojde,VERB,VB-S---3P-AAP--,acl,,,Sing,,0.0991742344655325,O
k,ADP,RR--3----------,case,Dat,,,,0.0119331399225752,O
recidivě,NOUN,NNFS3-----A----,obl:arg,Dat,Fem,Sing,,-0.0150541235404558,O
.,PUNCT,Z:-------------,punct,,,,,0.3477024695048828,O
Konverzace,NOUN,NNFS1-----A----,nsubj,Nom,Fem,Sing,,0.2751697891913551,O
tímto,DET,PDZS7----------,det,Ins,"Masc,Neut",Sing,,0.0468919285417651,O
způsobem,NOUN,NNIS7-----A----,obl,Ins,Masc,Sing,Inan,0.070488587838013,O
pokračovala,VERB,VpQW----R-AAI--,root,,"Fem,Neut","Plur,Sing",,0.1002474168732409,O
několik,DET,Ca--4----------,det:numgov,Acc,,,,0.2194881293441776,O
minut,NOUN,NNFP2-----A----,obl,Gen,Fem,Plur,,-0.0922487411390506,O
a,CCONJ,J^-------------,cc,,,,,0.0747976847889558,O
on,PRON,PEYS1--3-------,nsubj,Nom,Masc,Sing,,-0.1901703055668893,O
mi,PRON,PH-S3--1-------,obl:arg,Dat,,Sing,,-0.0604130889942663,O
vyčítal,VERB,VpYS----R-AAI--,conj,,Masc,Sing,,0.1300829703195376,O
",",PUNCT,Z:-------------,punct,,,,,0.4317889903145999,O
že,SCONJ,"J,-------------",mark,,,,,0.145027377579066,O
jsem,AUX,VB-S---1P-AAI--,aux,,,Sing,,-0.0468158287346788,O
opustil,VERB,VpYS----R-AAP--,ccomp,,Masc,Sing,,0.2529079359072911,O
přívěs,NOUN,NNIS4-----A----,obj,Acc,Masc,Sing,Inan,-0.0120553169910655,O
způsobem,NOUN,NNIS7-----A----,obl,Ins,Masc,Sing,Inan,-0.1533524883568193,O
",",PUNCT,Z:-------------,punct,,,,,0.1923980904064813,O
který,DET,P4YS1----------,nsubj,Nom,Masc,Sing,,0.0501903151425648,O
jsem,AUX,VB-S---1P-AAI--,aux,,,Sing,,-0.0928007619136478,O
mu,PRON,P5ZS3--3-------,obl:arg,Dat,"Masc,Neut",Sing,,0.0054704500313669,O
nepřekážel,VERB,VpYS----R-NAI--,acl:relcl,,Masc,Sing,,0.2110934318735081,O
.,PUNCT,Z:-------------,punct,,,,,0.0267727862396747,O
Organizátorům,NOUN,NNMP3-----A----,obl:arg,Dat,Masc,Plur,Anim,0.0885441144701492,O
kulturních,ADJ,AAFP2----1A----,amod,Gen,Fem,Plur,,0.074527237442403,O
",",PUNCT,Z:-------------,punct,,,,,0.1281797173411099,O
společenských,ADJ,AAFP2----1A----,conj,Gen,Fem,Plur,,0.3818219364922425,O
a,CCONJ,J^-------------,cc,,,,,0.1514024907329804,O
sportovních,ADJ,AAFP2----1A----,conj,Gen,Fem,Plur,,-0.0305871595563352,O
akcí,NOUN,NNFP2-----A----,nmod,Gen,Fem,Plur,,0.0561683425237112,O
má,VERB,VB-S---3P-AAI--,root,,,Sing,,-0.034139364089405,O
být,AUX,Vf--------A-I--,aux:pass,,,,,0.3808024846807105,O
nabídnuta,ADJ,VsQW----X-APP--,ccomp,,"Fem,Neut","Plur,Sing",,0.1594206139421605,O
finanční,ADJ,AAFS1----1A----,amod,Nom,Fem,Sing,,0.0433157832590854,O
podpora,NOUN,NNFS1-----A----,nsubj,Nom,Fem,Sing,,-0.099451309117603,O
",",PUNCT,Z:-------------,punct,,,,,0.270803131008473,O
pokud,SCONJ,"J,-------------",mark,,,,,0.23099113055814,O
budou,AUX,VB-P---3F-AAI--,aux:pass,,,Plur,,0.0627321401932002,O
i,CCONJ,J^-------------,advmod:emph,,,,,-0.066090386149645,O
nadále,ADV,Db-------------,advmod,,,,,0.0341105731522663,O
postiženi,ADJ,VsMP----X-APP-1,advcl,,Masc,Plur,Anim,0.0769891231257429,O
omezením,NOUN,NNNS7-----A----,obl:arg,Ins,Neut,Sing,,0.1764493573823665,O
uzamčení,NOUN,NNNS2-----A----,nmod,Gen,Neut,Sing,,0.0716959980170085,O
.,PUNCT,Z:-------------,punct,,,,,0.2684655835297004,O
Pracovní,ADJ,AAFP1----1A----,amod,Nom,Fem,Plur,,0.2733975561949425,O
praktiky,NOUN,NNFP1-----A----,nsubj:pass,Nom,Fem,Plur,,0.1297773746384301,O
byly,AUX,VpTP----R-AAI--,aux:pass,,"Fem,Masc",Plur,Inan,-0.1179915439808388,O
nedávno,ADV,Dg-------1N----,advmod,,,,,-0.0021881865853212,O
popsány,ADJ,VsTP----X-APP--,root,,"Fem,Masc",Plur,Inan,0.0615855253517387,O
vrchním,ADJ,AAMS7----1A----,amod,Ins,Masc,Sing,Anim,0.1030348068429694,O
inspektorem,NOUN,NNMS7-----A----,obl:arg,Ins,Masc,Sing,Anim,0.1596666173949113,O
konstáblů,NOUN,NNIP2-----A----,nmod,Gen,Masc,Plur,Inan,0.3993875311729475,O
jako,SCONJ,"J,-------------",mark,,,,,0.2809209387897808,O
neefektivní,ADJ,AAFP1----1N----,xcomp,Nom,Fem,Plur,,0.0832186523440055,O
",",PUNCT,Z:-------------,punct,,,,,0.3027990644401679,O
jak,ADV,Db-------------,advmod,,,,,0.0591932019451673,O
si,PRON,P7--3----------,expl:pv,Dat,,,,0.0819801246469995,O
jen,ADV,Db-------------,advmod:emph,,,,,0.057640657252031,O
dovedete,VERB,VB-P---2P-AAP--,parataxis,,,Plur,,0.0830979818126029,O
představit“,VERB,Vf--------A-P--,xcomp,,,,,-0.0010772455725364,O
",",PUNCT,Z:-------------,punct,,,,,0.1742762502969106,O
kdy,ADV,Db-------------,advmod,,,,,0.0259032409955672,O
policisté,NOUN,NNMP1-----A----,nsubj,Nom,Masc,Plur,Anim,0.1037432292768316,O
museli,VERB,VpMP----R-AAI--,acl:relcl,,Masc,Plur,Anim,-0.0385230513290266,O
sdílet,VERB,Vf--------A-I--,xcomp,,,,,0.00968822810388,O
notebooky,NOUN,NNIP4-----A----,obj,Acc,Masc,Plur,Inan,0.0477552567509362,O
a,CCONJ,J^-------------,cc,,,,,0.2272830432620872,O
fotoaparáty,NOUN,NNIP4-----A----,conj,Acc,Masc,Plur,Inan,0.0516784044882111,O
s,ADP,RR--7----------,case,Ins,,,,0.2365855102174072,O
tělem,NOUN,NNNS7-----A----,obl,Ins,Neut,Sing,,0.0875203029240808,O
.,PUNCT,Z:-------------,punct,,,,,-0.0210815065151451,O
"""",PUNCT,Z:-------------,punct,,,,,-0.1323781622000696,O
Na,ADP,RR--6----------,case,Loc,,,,-0.0319083395953006,O
tréninku,NOUN,NNIS6-----A----,obl,Loc,Masc,Sing,Inan,0.055993634221319,O
zářím,VERB,VB-S---1P-AAI--,ccomp,,,Sing,,-0.0411462078888267,O
",",PUNCT,Z:-------------,punct,,,,,0.0424437791847491,O
protože,SCONJ,"J,-------------",mark,,,,,-0.1468601701275547,O
se,PRON,P7-X4----------,expl:pv,Acc,,,,0.3584054410704302,O
potím,VERB,VB-S---1P-AAP--,advcl,,,Sing,,-0.0327818226664552,O
",",PUNCT,Z:-------------,punct,,,,,0.127693157145992,O
protože,SCONJ,"J,-------------",mark,,,,,-0.0548812701790937,O
je,AUX,VB-S---3P-AAI--,advcl,,,Sing,,0.1170413728933282,O
tak,ADV,Db-------------,advmod,,,,,0.0769062606408493,O
vlhko,ADV,NNNS1-----A----,nsubj,,,,,-0.1213662721817839,O
",",PUNCT,Z:-------------,punct,,,,,0.2588241176327925,O
"""",PUNCT,Z:-------------,punct,,,,,0.005066990555921,O
"""",PUNCT,Z:-------------,punct,,,,,0.2808532951687742,O
řekl,VERB,VpYS----R-AAP--,root,,Masc,Sing,,-0.1746761819003991,O
Rai,PROPN,NNMS1-----A----,nsubj,Nom,Masc,Sing,Anim,0.0563620644731886,B-P|B-pf
Benjamin,PROPN,NNMS1-----A----,flat,Nom,Masc,Sing,Anim,0.0797851679822389,I-P|B-ps
",",PUNCT,Z:-------------,punct,,,,,-0.0066652370174521,O
který,DET,P4YS1----------,nsubj,Nom,Masc,Sing,,-0.2124339125571963,O
soutěží,VERB,VB-S---3P-AAI--,acl:relcl,,,Sing,,-0.0043620944123054,O
v,ADP,RR--6----------,case,Loc,,,,0.1863321827600301,O
překážkách,NOUN,NNFP6-----A----,obl,Loc,Fem,Plur,,-0.1284995201893636,O
na,ADP,RR--4----------,case,Acc,,,,0.093326455416564,O
400,NUM,C=-------------,nummod,,,,,-0.0266628111550264,B-nc
m,NOUN,NNIXX-----A---b,nmod,,Masc,,Inan,-0.0515700525767745,B-oe
.,PUNCT,Z:-------------,punct,,,,,-0.2421613626556693,O
"""",PUNCT,Z:-------------,root,,,,,-0.0555549613078021,O
S,ADP,RR--7----------,case,Ins,,,,-0.2892492155219821,O
postiženými,ADJ,AAMP7----1A----,obl:arg,Ins,Masc,Plur,Anim,0.0466299349788479,O
zacházíme,VERB,VB-P---1P-AAI--,root,,,Plur,,0.1305162502718761,O
jako,SCONJ,"J,-------------",mark,,,,,0.0709462625646566,O
se,ADP,RV--7----------,case,Ins,,,,-0.2366882385965144,O
smetím,NOUN,NNNS7-----A----,dep,Ins,Neut,Sing,,0.1725503782284573,O
.,PUNCT,Z:-------------,punct,,,,,0.7677631903076181,O
Britská,ADJ,AANP1----1A----,amod,Nom,Neut,Plur,,0.0817119280559365,O
média,NOUN,NNNP1-----A----,nsubj,Nom,Neut,Plur,,-0.0707734187693314,O
uvedla,VERB,VpQW----R-AAP--,root,,"Fem,Neut","Plur,Sing",,-0.0421474378510395,O
",",PUNCT,Z:-------------,punct,,,,,0.0775540956688523,O
že,SCONJ,"J,-------------",mark,,,,,-0.0403831327743983,O
tisíce“,DET,NNIS1-----A----,nsubj,Nom,Masc,Sing,Inan,-0.0183826131344159,O
se,PRON,P7-X4----------,expl:pv,Acc,,,,-0.186292617156193,O
snažily,VERB,VpTP----R-AAI--,ccomp,,"Fem,Masc",Plur,Inan,-0.0492640262029417,O
získat,VERB,Vf--------A-P--,xcomp,,,,,-0.1141151324646962,O
peníze,NOUN,NNIP4-----A----,obj,Acc,Masc,Plur,Inan,-0.0069881195909063,O
pro,ADP,RR--4----------,case,Acc,,,,0.0139110786592498,O
protestující,ADJ,AGMP4-----A----,amod,Acc,Masc,Plur,Anim,0.1617436284127211,O
tím,DET,PDZS7----------,obl,Ins,"Masc,Neut",Sing,,0.0331758795174709,O
",",PUNCT,Z:-------------,punct,,,,,-0.2688522295675162,O
že,SCONJ,"J,-------------",mark,,,,,0.0133408922599318,O
si,PRON,P7--3----------,obl,Dat,,,,0.0262056713504704,O
zakoupily,VERB,VpTP----R-AAP--,acl,,"Fem,Masc",Plur,Inan,-0.0030629152172714,O
šedé,ADJ,AANS4----1A----,amod,Acc,Neut,Sing,,0.082499420276125,O
tričko,NOUN,NNNS4-----A----,obj,Acc,Neut,Sing,,-0.0871331718081901,O
",",PUNCT,Z:-------------,punct,,,,,0.0972254289180597,O
na,ADP,RR--6----------,case,Loc,,,,-0.0073557976884717,O
němž,PRON,P4ZS6----------,obl,Loc,"Masc,Neut",Sing,,-0.104223781485833,O
je,AUX,VB-S---3P-AAI--,cop,,,Sing,,-0.1219752694498719,O
vyobrazen,ADJ,VsYS----X-APP--,acl:relcl,,Masc,Sing,,-0.038788249917658,O
prázdný,ADJ,AAIS1----1A----,amod,Nom,Masc,Sing,Inan,-0.0544148064388378,O
podstavec,NOUN,NNIS1-----A----,nsubj,Nom,Masc,Sing,Inan,0.0241816244292043,O
s,ADP,RR--7----------,case,Ins,,,,0.0799790332365013,O
nápisem,NOUN,NNIS7-----A----,nmod,Ins,Masc,Sing,Inan,-0.0088484439099605,O
Bristol“,PROPN,NNIS1-----A----,nmod,Nom,Masc,Sing,Inan,-0.0235909624197429,O
.,PUNCT,Z:-------------,punct,,,,,-0.5752691595597462,O
Walter,PROPN,NNMS1-----A----,nsubj,Nom,Masc,Sing,Anim,0.0334894209477414,B-pf
je,AUX,VB-S---3P-AAI--,cop,,,Sing,,0.2217782800271432,O
obviněn,ADJ,VsYS----X-APP--,root,,Masc,Sing,,0.0986740525276621,O
z,ADP,RR--2----------,case,Gen,,,,0.2237739357731106,O
toho,DET,PDZS2----------,obl:arg,Gen,"Masc,Neut",Sing,,0.1659012168451679,O
",",PUNCT,Z:-------------,punct,,,,,0.1154901260964983,O
že,SCONJ,"J,-------------",mark,,,,,-0.0504480543775517,O
je,AUX,VB-S---3P-AAI--,cop,,,Sing,,-0.3879236464575005,O
zdrojem,NOUN,NNIS7-----A----,acl,Ins,Masc,Sing,Inan,-0.0842640091693627,O
tablet,NOUN,NNFP2-----A----,nmod,Gen,Fem,Plur,,-0.0711666602974874,O
",",PUNCT,Z:-------------,punct,,,,,0.1089561936352314,O
které,DET,P4FP4----------,obj,Acc,Fem,Plur,,-0.3116282574831214,O
Miller,PROPN,NNMS1-----A----,nsubj,Nom,Masc,Sing,Anim,0.0524659535224585,B-ps
prodal,VERB,VpYS----R-AAP--,acl:relcl,,Masc,Sing,,0.2541627459817437,O
jiný,ADJ,AAMS1----1A----,amod,Nom,Masc,Sing,Anim,-0.1188008903566038,O
muž,NOUN,NNMS1-----A----,nsubj,Nom,Masc,Sing,Anim,0.0513677962791416,O
",",PUNCT,Z:-------------,punct,,,,,0.0561335337837238,O
Cameron,PROPN,NNMS1-----A----,appos,Nom,Masc,Sing,Anim,0.1907872848267024,B-P|B-pf
Pettit,PROPN,NNMS1-----A----,flat,Nom,Masc,Sing,Anim,0.4697937834014954,I-P|B-ps
.,PUNCT,Z:-------------,punct,,,,,-0.1288430255102481,O
Díky,NOUN,NNIP4-----A----,root,Acc,Masc,Plur,Inan,-0.2574935314913895,O
",",PUNCT,Z:-------------,punct,,,,,0.4005131006356259,O
že,SCONJ,"J,-------------",mark,,,,,-0.1380851193629692,O
jste,AUX,VB-P---2P-AAI--,aux,,,Plur,,0.1410414461585664,O
počkali,VERB,VpMP----R-AAP--,dep,,Masc,Plur,Anim,-0.0041157747014175,O
.,PUNCT,Z:-------------,punct,,,,,0.5646456116368797,O
Záruka,NOUN,NNFS1-----A----,nsubj,Nom,Fem,Sing,,0.5285208043830417,O
se,PRON,P7-X4----------,expl:pv,Acc,,,,-0.0405129205830443,O
nevztahuje,VERB,VB-S---3P-NAI--,root,,,Sing,,0.0771536967920445,O
na,ADP,RR--4----------,case,Acc,,,,0.0278388037915492,O
běžné,ADJ,AANS4----1A----,amod,Acc,Neut,Sing,,0.0292002828936029,O
opotřebení,NOUN,NNNS4-----A----,obl:arg,Acc,Neut,Sing,,0.0583741624727566,O
a,CCONJ,J^-------------,cc,,,,,-0.1660637246362274,O
používání,NOUN,NNNS4-----A----,conj,Acc,Neut,Sing,,-0.0499527278927885,O
přístrojů,NOUN,NNIP2-----A----,nmod,Gen,Masc,Plur,Inan,0.0477817920697456,O
nad,ADP,RR--4----------,case,Acc,,,,0.0634130302967828,O
rámec,NOUN,NNIS4-----A----,nmod,Acc,Masc,Sing,Inan,0.1293842927870928,O
jejich,DET,P9XXXXP3-------,det,,,,,-0.1748298053745049,O
omezení,NOUN,NNNS2-----A----,nmod,Gen,Neut,Sing,,0.1648034252583042,O
.,PUNCT,Z:-------------,punct,,,,,0.4565785715194674,O
Přesto,CCONJ,J^-------------,cc,,,,,0.0762784161457585,O
tato,DET,PDFS1----------,det,Nom,Fem,Sing,,-0.207504572299692,O
inscenace,NOUN,NNFS1-----A----,nsubj,Nom,Fem,Sing,,0.1229232537034438,O
řeckého,ADJ,AANS2----1A----,amod,Gen,Neut,Sing,,0.1256569741486403,O
Národního,ADJ,AANS2----1A----,amod,Gen,Neut,Sing,,0.0867479791259356,B-ic
divadla,NOUN,NNNS2-----A----,nmod,Gen,Neut,Sing,,-0.0550367560275988,I-ic
rozpoutává,VERB,VB-S---3P-AAI--,root,,,Sing,,0.3697250575119825,O
vichřici,NOUN,NNFS4-----A----,obj,Acc,Fem,Sing,,0.1921395461727695,O
a,CCONJ,J^-------------,cc,,,,,-0.0372627012057225,O
zuřivost,NOUN,NNFS4-----A----,conj,Acc,Fem,Sing,,0.2407631008813195,O
.,PUNCT,Z:-------------,punct,,,,,0.1661247105778403,O
Na,ADP,RR--6----------,case,Loc,,,,-0.0837685948327649,O
vrcholu,NOUN,NNIS6-----A----,obl,Loc,Masc,Sing,Inan,-0.0273196052075299,O
show,NOUN,NNXXX-----A----,nmod,,,,,-0.0724156754236205,O
udeří,VERB,VB-S---3P-AAP--,root,,,Sing,,0.042364584260992,O
jako,SCONJ,"J,-------------",mark,,,,,0.2537618610359252,O
rána,NOUN,NNFS1-----A----,advcl,Nom,Fem,Sing,,-0.0219710346052358,O
na,ADP,RR--4----------,case,Acc,,,,0.2069061625676294,O
solar,X,F%-------------,nmod,,,,,0.0513474812938466,O
plexus,X,F%-------------,flat:foreign,,,,,0.0272746561153379,O
a,CCONJ,J^-------------,cc,,,,,0.0460911733876759,O
vezme,VERB,VB-S---3P-AAP--,conj,,,Sing,,-0.086898767338794,O
vám,PRON,PP-P3--2-------,obl:arg,Dat,,Plur,,-0.0729959443639347,O
dech,NOUN,NNIS4-----A----,obj,Acc,Masc,Sing,Inan,0.0522645263447658,O
–,PUNCT,Z:-------------,punct,,,,,-0.1573879234459789,O
dopad,NOUN,NNIS1-----A----,nsubj,Nom,Masc,Sing,Inan,0.070757431493128,O
je,AUX,VB-S---3P-AAI--,cop,,,Sing,,0.0965930691353909,O
jen,ADV,Db-------------,advmod:emph,,,,,0.359781792807709,O
mírně,ADV,Dg-------1A----,advmod,,,,,0.0617624724669645,O
otupen,ADJ,VsYS----X-APP--,conj,,Masc,Sing,,0.0367263936068708,O
sledováním,NOUN,NNNS7-----A----,obl,Ins,Neut,Sing,,0.0188864626002263,O
online,X,F%-------------,nmod,,,,,0.0585155741501835,O
.,PUNCT,Z:-------------,punct,,,,,-0.2541854310590294,O
Redaktor,NOUN,NNMS1-----A----,nsubj,Nom,Masc,Sing,Anim,0.2359532701618556,O
čínského,ADJ,AAIS2----1A----,amod,Gen,Masc,Sing,Inan,-0.0253752913083157,O
bulvárního,ADJ,AAIS2----1A----,amod,Gen,Masc,Sing,Inan,0.0341068318233751,O
deníku,NOUN,NNIS2-----A----,nmod,Gen,Masc,Sing,Inan,-0.0179386032234061,O
Global,X,F%-------------,nmod,,,,,0.0544405233872148,B-mn
Times,X,F%-------------,flat:foreign,,,,,0.1294404469653988,I-mn
napsal,VERB,VpYS----R-AAP--,root,,Masc,Sing,,-0.1064237933643561,O
na,ADP,RR--6----------,case,Loc,,,,0.0535374792158914,O
Twitteru,PROPN,NNIS6-----A----,obl,Loc,Masc,Sing,Inan,0.0394624982245039,B-mn
",",PUNCT,Z:-------------,punct,,,,,0.1883500847698662,O
že,SCONJ,"J,-------------",mark,,,,,0.077709464245793,O
americký,ADJ,AAIS1----1A----,amod,Nom,Masc,Sing,Inan,-0.0031289940065972,O
konzulát,NOUN,NNIS1-----A----,nsubj,Nom,Masc,Sing,Inan,-0.0280283755948095,O
v,ADP,RR--6----------,case,Loc,,,,0.1348090676531175,O
Čcheng-tu,PROPN,S2--------A----,nmod,,Neut,,,0.0851557412809876,B-gu
dostal,VERB,VpYS----R-AAP--,ccomp,,Masc,Sing,,-0.071133162079738,O
72,NUM,C=-------------,nummod:gov,,,,,-0.042259307573551,O
hodin,NOUN,NNFP2-----A----,obj,Gen,Fem,Plur,,0.2054038720266379,O
na,ADP,RR--4----------,case,Acc,,,,0.0036039491392781,O
uzavření,NOUN,NNNS4-----A----,nmod,Acc,Neut,Sing,,-0.0685390363672852,O
",",PUNCT,Z:-------------,punct,,,,,0.0241610698299152,O
tedy,CCONJ,J^-------------,cc,,,,,-0.2017596038835856,O
do,ADP,RR--2----------,case,Gen,,,,0.1087533840551839,O
10,NUM,C=-------------,nummod,,,,,-0.0663284695856076,B-th
hodin,NOUN,NNFP2-----A----,appos,Gen,Fem,Plur,,0.2712915006263089,O
dopoledne,ADV,Db-------------,advmod,,,,,-0.0184163685431738,O
.,PUNCT,Z:-------------,punct,,,,,0.0511632339423081,O
(,PUNCT,Z:-------------,punct,,,,,-0.1292236346668383,O
02:00,NUM,C=-------------,root,,,,,0.0046178625701217,B-th
GMT,NOUN,BNXXX-----A----,nmod,,,,,-0.2018340009569637,B-oe
),PUNCT,Z:-------------,punct,,,,,0.000690797553803,O
Pondělí,NOUN,NNNS1-----A----,root,Nom,Neut,Sing,,-0.0154065044210903,O
27,NUM,C=-------------,nummod,,,,,-0.122749834257879,B-T|B-td
.,PUNCT,Z:-------------,punct,,,,,-0.0704849020615733,I-T|I-td
července,NOUN,NNIS2-----A----,nmod,Gen,Masc,Sing,Inan,-0.1655766195541145,I-T|B-tm
.,PUNCT,Z:-------------,punct,,,,,-0.5046023379609726,O
Žena,NOUN,NNFS1-----A----,nsubj,Nom,Fem,Sing,,0.2852734715907672,O
z,ADP,RR--2----------,case,Gen,,,,-0.2847207335534191,O
hlavního,ADJ,AANS2----1A----,amod,Gen,Neut,Sing,,0.1588860099840243,O
města,NOUN,NNNS2-----A----,nmod,Gen,Neut,Sing,,-0.077367961384309,O
Dillí,PROPN,NNNS2-----A----,nmod,Gen,Neut,Sing,,0.1182710932650063,B-gu
Arvind,PROPN,NNMS1-----A----,flat,Nom,Masc,Sing,Anim,0.4256655309584461,B-P|B-pf
Kejriwal,PROPN,NNMS1-----A----,flat,Nom,Masc,Sing,Anim,0.3207843639977383,I-P|B-ps
zavolala,VERB,VpQW----R-AAP--,root,,"Fem,Neut","Plur,Sing",,0.1560762584862003,O
a,CCONJ,J^-------------,cc,,,,,-0.1466594725937376,O
nabídla,VERB,VpQW----R-AAP-1,conj,,"Fem,Neut","Plur,Sing",,0.2241070249148627,O
pomoc,NOUN,NNFS4-----A----,obj,Acc,Fem,Sing,,-0.1309428648980084,O
.,PUNCT,Z:-------------,punct,,,,,0.4695387120478512,O
Přejděte,VERB,Vi-P---2--A-P--,root,,,Plur,,0.0932839206863114,O
na,ADP,RR--4----------,case,Acc,,,,0.3853103097363944,O
Domovskou,ADJ,AAFS4----1A----,amod,Acc,Fem,Sing,,-0.1477120093788434,B-oa
obrazovku,NOUN,NNFS4-----A----,obl:arg,Acc,Fem,Sing,,-0.1191282945715949,I-oa
.,PUNCT,Z:-------------,punct,,,,,-0.5242031783194335,O
Gabbův,ADJ,AUIS1M---------,amod,Nom,Masc,Sing,Inan,0.4174879792588161,B-ps
dvojitý,ADJ,AAIS1----1A----,amod,Nom,Masc,Sing,Inan,0.0228136052101032,O
výpadek,NOUN,NNIS1-----A----,nsubj,Nom,Masc,Sing,Inan,-0.0263177169487769,O
napájení,NOUN,NNNS2-----A----,nmod,Gen,Neut,Sing,,0.2346438665532702,O
vysvětlil,VERB,VpYS----R-AAP--,root,,Masc,Sing,,0.3234277773102554,O
a,CCONJ,J^-------------,cc,,,,,0.1547036009888635,O
proč,ADV,Db-------------,advmod,,,,,0.1512897747288782,O
by,AUX,Vc----------I--,aux,,,,,0.0879922296603354,O
se,PRON,P7-X4----------,expl:pv,Acc,,,,0.2873290991515082,O
to,DET,PDNS1----------,nsubj,Nom,Neut,Sing,,0.0987991527302319,O
mohlo,VERB,VpNS----R-AAI--,conj,,Neut,Sing,,-0.1204930123657164,O
stát,VERB,Vf--------A-P--,xcomp,,,,,-0.1557288754279618,O
znovu,ADV,Db-------------,advmod,,,,,-0.5063350904756064,O
Nemůžeme,VERB,VB-P---1P-NAI--,root,,,Plur,,0.179306751812182,O
dostat,VERB,Vf--------A-P--,xcomp,,,,,0.0876499732874839,O
žádné,DET,PWYP4----------,det,Acc,Masc,Plur,,-0.048068136935226,O
peníze,NOUN,NNIP4-----A----,obj,Acc,Masc,Plur,Inan,-0.0600207970410605,O
zpět,ADV,Db-------------,advmod,,,,,0.0826633910481966,O
a,CCONJ,J^-------------,cc,,,,,0.0052600778118863,O
změnit,VERB,Vf--------A-P--,xcomp,,,,,0.0256626411978931,O
společnost,NOUN,NNFS4-----A----,obj,Acc,Fem,Sing,,-0.2592043960770828,O
chtějí,VERB,VB-P---3P-AAI--,conj,,,Plur,,-0.1072670140669459,O
dvojnásobek,NOUN,NNIS4-----A----,obj,Acc,Masc,Sing,Inan,-0.036099112095659,O
toho,DET,PDZS2----------,amod,Gen,"Masc,Neut",Sing,,-0.1535535716173911,O
",",PUNCT,Z:-------------,punct,,,,,0.4727095289631377,O
co,PRON,PQ--4----------,obj,Acc,,,Inan,-0.0646444900915036,O
jsem,AUX,VB-S---1P-AAI--,aux,,,Sing,,-0.0584438718465046,O
už,ADV,Db-------------,advmod,,,,,-0.180012006166394,O
zaplatil,VERB,VpYS----R-AAP--,acl:relcl,,Masc,Sing,,-0.1112454434785448,O
na,ADP,RR--6----------,case,Loc,,,,-0.1263251555203292,O
poplatcích,NOUN,NNIP6-----A----,obl,Loc,Masc,Plur,Inan,0.0248222876898956,O
.,PUNCT,Z:-------------,punct,,,,,-0.0871212307194961,O
Jsem,AUX,VB-S---1P-AAI--,cop,,,Sing,,-0.1447643193111725,O
velmi,ADV,Db-------------,advmod,,,,,-0.079581177517664,O
zklamán,ADJ,VsYS----X-APP--,root,,Masc,Sing,,0.1402716497778991,O
a,CCONJ,J^-------------,cc,,,,,-0.0770581759331201,O
rozčilen,ADJ,VsYS----X-APP--,conj,,Masc,Sing,,0.0376135792815209,O
",",PUNCT,Z:-------------,punct,,,,,0.0831820698799219,O
když,SCONJ,"J,-------------",mark,,,,,-0.0206482762627282,O
jsme,AUX,VB-P---1P-AAI--,cop,,,Plur,,-0.039523618972065,O
sbaleni,ADJ,VsMP----X-APP--,advcl,,Masc,Plur,Anim,0.220320058218196,O
a,CCONJ,J^-------------,cc,,,,,0.198109584486283,O
připraveni,ADJ,VsMP----X-APP--,conj,,Masc,Plur,Anim,0.0194517698829359,O
vyrazit,VERB,Vf--------A-P--,xcomp,,,,,0.0013187723098714,O
.,PUNCT,Z:-------------,punct,,,,,0.3324593605158369,O
“,PUNCT,Z:-------------,punct,,,,,-0.1250699937985988,O
Na,ADP,RR--6----------,case,Loc,,,,0.1707700820394199,O
jeho,DET,P9XXXZS3-------,det,,,,,-0.005903980145561,O
prahu,NOUN,NNIS6-----A----,obl,Loc,Masc,Sing,Inan,0.0417727036706823,O
byl,AUX,VpYS----R-AAI--,aux:pass,,Masc,Sing,,-0.0777518621995499,O
zapálen,ADJ,VsYS----X-APP--,root,,Masc,Sing,,0.006270965487532,O
muž,NOUN,NNMS1-----A----,nsubj:pass,Nom,Masc,Sing,Anim,-0.0229768534100617,O
",",PUNCT,Z:-------------,punct,,,,,0.2252251651334225,O
o,ADP,RR--6----------,case,Loc,,,,0.2171081485132427,O
kterém,DET,P4ZS6----------,obl:arg,Loc,"Masc,Neut",Sing,,0.0691924262191623,O
policie,NOUN,NNFS1-----A----,nsubj,Nom,Fem,Sing,,-0.0852720742697474,O
věří,VERB,VB-S---3P-AAI--,acl:relcl,,,Sing,,-0.2211579015998987,O
",",PUNCT,Z:-------------,punct,,,,,0.189339941142685,O
že,SCONJ,"J,-------------",mark,,,,,0.5961389856972619,O
je,AUX,VB-S---3P-AAI--,cop,,,Sing,,0.2083645864013049,O
to,DET,PDNS1----------,nsubj,Nom,Neut,Sing,,0.1024886737977814,O
cílený,ADJ,AAIS1----1A----,amod,Nom,Masc,Sing,Inan,-0.1853930753269858,O
útok,NOUN,NNIS1-----A----,ccomp,Nom,Masc,Sing,Inan,0.0385340071682402,O
.,PUNCT,Z:-------------,punct,,,,,-0.0937701394336789,O
Pokud,SCONJ,"J,-------------",mark,,,,,0.0729363309485745,O
jste,AUX,VB-P---2P-AAI--,aux,,,Plur,,0.0169582507989199,O
po,ADP,RR--6----------,case,Loc,,,,-0.2660672892298559,O
uplynutí,NOUN,NNNS6-----A----,obl,Loc,Neut,Sing,,-0.0720498375853399,O
této,DET,PDFS2----------,det,Gen,Fem,Sing,,-0.094157625327611,O
doby,NOUN,NNFS2-----A----,nmod,Gen,Fem,Sing,,-0.0382021662598979,O
neobdrželi,VERB,VpMP----R-NAP--,advcl,,Masc,Plur,Anim,-0.0086956183834133,O
odpověď,NOUN,NNFS4-----A----,obj,Acc,Fem,Sing,,-0.0184508372323224,O
",",PUNCT,Z:-------------,punct,,,,,0.1228409200504955,O
pošlete,VERB,Vi-P---2--A-P--,root,,,Plur,,-0.0953866222439114,O
zprávu,NOUN,NNFS4-----A----,obj,Acc,Fem,Sing,,0.0361362476864978,O
znovu,ADV,Db-------------,advmod,,,,,-0.0225931789418919,O
v,ADP,RR--6----------,case,Loc,,,,-0.0444334095135746,O
případě,NOUN,NNIS6-----A----,obl,Loc,Masc,Sing,Inan,-0.0490375036826787,O
",",PUNCT,Z:-------------,punct,,,,,0.0568040806663628,O
že,SCONJ,"J,-------------",mark,,,,,0.0024629321584746,O
jsme,AUX,VB-P---1P-AAI--,aux,,,Plur,,-0.1164442045733698,O
ji,PRON,PEFS4--3-------,obj,Acc,Fem,Sing,,0.0242116296448801,O
přehlédli,VERB,VpMP----R-AAP-1,acl,,Masc,Plur,Anim,-0.0116523425859593,O
",",PUNCT,Z:-------------,punct,,,,,0.0485400561408712,O
nebo,CCONJ,J^-------------,cc,,,,,-0.0420432586745595,O
při,ADP,RR--6----------,case,Loc,,,,-0.1450666939199895,O
vzácných,ADJ,AAFP6----1A----,amod,Loc,Fem,Plur,,0.0121490080603395,O
příležitostech,NOUN,NNFP6-----A----,conj,Loc,Fem,Plur,,-0.0348226636899011,O
",",PUNCT,Z:-------------,punct,,,,,0.1086962426117678,O
kdy,ADV,Db-------------,advmod,,,,,-0.1421761617877548,O
se,PRON,P7-X4----------,expl:pv,Acc,,,,0.0063957572183535,O
vyskytne,VERB,VB-S---3P-AAP--,acl:relcl,,,Sing,,0.0283625381445928,O
problém,NOUN,NNIS1-----A----,nsubj,Nom,Masc,Sing,Inan,0.0197311382139223,O
se,ADP,RV--7----------,case,Ins,,,,-0.705785367026579,O
zprávami,NOUN,NNFP7-----A----,nmod,Ins,Fem,Plur,,-0.0176228313372061,O
eBay,PROPN,NNXXX-----A----,nmod,,,,,-0.0056639463822421,B-ms
.,PUNCT,Z:-------------,punct,,,,,0.2989082082811622,O
Muž,NOUN,NNMS1-----A----,nsubj,Nom,Masc,Sing,Anim,0.4406327366519774,O
na,ADP,RR--6----------,case,Loc,,,,-0.0344074340998487,O
Floridě,PROPN,NNFS6-----A----,nmod,Loc,Fem,Sing,,-0.0216652362592261,B-gr
říká,VERB,VB-S---3P-AAI--,root,,,Sing,,0.1036590035038798,O
",",PUNCT,Z:-------------,punct,,,,,0.0849581983648057,O
že,SCONJ,"J,-------------",mark,,,,,-0.0377780084252494,O
8,NUM,C=-------------,obl,,,,,0.0730751794635091,B-na
měsíční,ADJ,AAMS1----1A----,amod,Nom,Masc,Sing,Anim,-0.2065308957150271,O
pitbul,NOUN,NNMS1-----A----,nsubj,Nom,Masc,Sing,Anim,0.0568926764239717,O
Zeus,PROPN,NNMS1-----A----,flat,Nom,Masc,Sing,Anim,-0.0302574983076772,B-p_
zemřel,VERB,VpYS----R-AAP--,ccomp,,Masc,Sing,,0.0108137168295306,O
na,ADP,RR--4----------,case,Acc,,,,0.001276451916192,O
hadí,ADJ,AANS4----1A----,amod,Acc,Neut,Sing,,0.0459698271764747,O
kousnutí,NOUN,NNNS4-----A----,obl,Acc,Neut,Sing,,0.0311832328041357,O
",",PUNCT,Z:-------------,punct,,,,,0.2047126933306263,O
protože,SCONJ,"J,-------------",mark,,,,,-0.2228526103576257,O
se,PRON,P7-X4----------,expl:pv,Acc,,,,0.0783738735772477,O
snažil,VERB,VpYS----R-AAI--,advcl,,Masc,Sing,,0.0028615394799161,O
chránit,VERB,Vf--------A-I--,xcomp,,,,,-0.0336469690598624,O
své,DET,P8YP4---------1,det,Acc,Masc,Plur,,0.0238446066962035,O
syny,NOUN,NNMP4-----A----,obj,Acc,Masc,Plur,Anim,-0.0142858032524299,O
.,PUNCT,Z:-------------,punct,,,,,0.7234757444090353,O
Mám,VERB,VB-S---1P-AAI--,root,,,Sing,,-0.0769637049982893,O
pár,NOUN,NNIS4-----A----,obj,Acc,Masc,Sing,Inan,-0.1753229896250018,O
vybraných,ADJ,AAIP2----1A----,amod,Gen,Masc,Plur,Inan,0.5302013786411919,O
rodinných,ADJ,AAIP2----1A----,amod,Gen,Masc,Plur,Inan,-0.0270376390584503,O
vztahů,NOUN,NNIP2-----A----,nmod,Gen,Masc,Plur,Inan,-0.0057858065931995,O
",",PUNCT,Z:-------------,punct,,,,,0.0099816012301062,O
které,DET,P4IP1----------,nsubj,Nom,Masc,Plur,Inan,-0.1979212390565545,O
byly,AUX,VpTP----R-AAI--,cop,,"Fem,Masc",Plur,Inan,-0.0222058611778676,O
nazačátku,ADV,Db-------------,advmod,,,,,0.0217611261816352,O
napjaté,ADJ,AAIP1----1A----,acl:relcl,Nom,Masc,Plur,Inan,0.0243430224335485,O
",",PUNCT,Z:-------------,punct,,,,,0.040156843727641,O
kde,ADV,Db-------------,advmod,,,,,-0.0533888289664156,O
se,PRON,P7-X4----------,expl:pv,Acc,,,,0.0041655802636332,O
zdá,VERB,VB-S---3P-AAI--,conj,,,Sing,,0.019429564173441,O
",",PUNCT,Z:-------------,punct,,,,,0.1330626608526121,O
že,SCONJ,"J,-------------",mark,,,,,0.1331570713659612,O
můj,DET,PSYS1-S1-------,det,Nom,Masc,Sing,,0.0211866795432267,O
úbytek,NOUN,NNIS1-----A----,nsubj,Nom,Masc,Sing,Inan,0.0440211699688907,O
váhy,NOUN,NNFS2-----A----,nmod,Gen,Fem,Sing,,0.053150900599552,O
zhoršil,VERB,VpYS----R-AAP--,csubj,,Masc,Sing,,0.0091167393333143,O
stávající,ADJ,AAIP4----1A----,amod,Acc,Masc,Plur,Inan,0.0392736663844323,O
problémy,NOUN,NNIP4-----A----,obj,Acc,Masc,Plur,Inan,0.0553867220367234,O
.,PUNCT,Z:-------------,punct,,,,,-0.2766939272969517,O
Nedávný,ADJ,AAIS1----1N----,amod,Nom,Masc,Sing,Inan,0.0426628609269129,O
průzkum,NOUN,NNIS1-----A----,nsubj,Nom,Masc,Sing,Inan,0.0404835947621581,O
veřejného,ADJ,AANS2----1A----,amod,Gen,Neut,Sing,,0.3985146351100326,O
mínění,NOUN,NNNS2-----A----,nmod,Gen,Neut,Sing,,0.0215426704541178,O
však,CCONJ,J^-------------,cc,,,,,0.0100640012781633,O
dal,VERB,VpYS----R-AAP--,root,,Masc,Sing,,0.0322608645135977,O
Západu,NOUN,NNIS3-----A----,obl:arg,Dat,Masc,Sing,Inan,0.0340744648442085,B-gr
dvě,NUM,CnHP4----------,nummod,Acc,"Fem,Neut",Plur,,0.0229300705155023,O
procenta,NOUN,NNNP4-----A----,obj,Acc,Neut,Plur,,0.5025558286704985,O
celostátně,ADV,Dg-------1A----,advmod,,,,,0.06142359569139,O
",",PUNCT,Z:-------------,punct,,,,,0.0132923951888101,O
krk,NOUN,NNIS4-----A----,dep,Acc,Masc,Sing,Inan,0.107668709375061,O
a,CCONJ,J^-------------,cc,,,,,0.0730055372654796,O
krk,NOUN,NNIS4-----A----,conj,Acc,Masc,Sing,Inan,0.0914429498076403,O
s,ADP,RR--7----------,case,Ins,,,,0.1277564681356357,O
Jo,PROPN,NNMXX-----A----,nmod,,Masc,,Anim,0.2745964235545937,B-P|B-pf
Jorgensenem,PROPN,NNMS7-----A----,flat,Ins,Masc,Sing,Anim,0.1139626705615582,I-P|B-ps
z,ADP,RR--2----------,case,Gen,,,,0.1138907926005314,O
Libertariánské,ADJ,AAFS2----1A----,amod,Gen,Fem,Sing,,0.2594063239203731,B-io
strany,NOUN,NNFS2-----A----,nmod,Gen,Fem,Sing,,-0.0594564836095218,I-io
a,CCONJ,J^-------------,cc,,,,,0.0113635373824662,O
o,ADP,RR--4----------,case,Acc,,,,-0.015616811813102,O
bod,NOUN,NNIS4-----A----,conj,Acc,Masc,Sing,Inan,0.3526022235719691,O
před,ADP,RR--7----------,case,Ins,,,,0.0671019601140873,O
Howiem,PROPN,NNMS7-----A----,orphan,Ins,Masc,Sing,Anim,-0.033059641287994,B-P|B-pf
Hawkinsem,PROPN,NNMS7-----A----,flat,Ins,Masc,Sing,Anim,0.0780930818219484,I-P|B-ps
ze,ADP,RV--2----------,case,Gen,,,,0.3486837788051402,O
Strany,NOUN,NNFS2-----A----,nmod,Gen,Fem,Sing,,0.1556098071191219,B-io
zelených,ADJ,AAMP2----1A----,amod,Gen,Masc,Plur,Anim,0.0740275700645421,I-io
.,PUNCT,Z:-------------,punct,,,,,0.0639865555690237,O
Pokud,SCONJ,"J,-------------",mark,,,,,-0.4936357213298571,O
soud,NOUN,NNIS1-----A----,nsubj,Nom,Masc,Sing,Inan,0.0300015188507932,O
rozhodne,VERB,VB-S---3P-AAP--,advcl,,,Sing,,-0.163223759250791,O
ve,ADP,RV--4----------,case,Acc,,,,-0.0426284012798614,O
prospěch,NOUN,NNIS4-----A----,fixed,Acc,Masc,Sing,Inan,-0.0914776582993286,O
pana,NOUN,NNMS2-----A----,obl,Gen,Masc,Sing,Anim,-0.1553120794254781,O
Pilota,PROPN,NNMS2-----A----,flat,Gen,Masc,Sing,Anim,0.00741251057953,B-ps
",",PUNCT,Z:-------------,punct,,,,,0.0477395906460661,O
může,VERB,VB-S---3P-AAI--,root,,,Sing,,0.0895293986628704,O
Kongres,NOUN,NNIS1-----A----,nsubj,Nom,Masc,Sing,Inan,-0.0122226918051464,B-io
ztratit,VERB,Vf--------A-P--,xcomp,,,,,0.0614202871397002,O
druhou,ADJ,CrFS4----------,obj,Acc,Fem,Sing,,-0.1160269120080426,O
ze,ADP,RV--2----------,case,Gen,,,,0.1576896001951551,O
tří,NUM,Cl-P2----------,nummod,Gen,,Plur,,0.0024283556534855,O
vlád,NOUN,NNFP2-----A----,nmod,Gen,Fem,Plur,,-0.195047847387875,O
",",PUNCT,Z:-------------,punct,,,,,0.2767052086789794,O
které,DET,P4FP4----------,obj,Acc,Fem,Plur,,0.2843896411911408,O
vytvořila,VERB,VpQW----R-AAP--,acl:relcl,,"Fem,Neut","Plur,Sing",,-0.0167301676912037,O
v,ADP,RR--6----------,case,Loc,,,,0.0335736034296179,O
srdci,NOUN,NNNS6-----A----,obl,Loc,Neut,Sing,,-0.0368958585129732,O
států,NOUN,NNIP2-----A----,nmod,Gen,Masc,Plur,Inan,-0.0734277953722312,O
po,ADP,RR--6----------,case,Loc,,,,-0.1190457166900439,O
parlamentních,ADJ,AAFP6----1A----,amod,Loc,Fem,Plur,,0.0661893348559486,O
volbách,NOUN,NNFP6-----A----,obl,Loc,Fem,Plur,,-0.0006077001615884,O
v,ADP,RR--6----------,case,Loc,,,,0.0112315676128927,O
roce,NOUN,NNIS6-----A---1,nmod,Loc,Masc,Sing,Inan,-0.1883544720813268,O
2018,NUM,C=-------------,nummod,,,,,0.4655105596084219,B-ty
.,PUNCT,Z:-------------,punct,,,,,0.1545028997217933,O
Nakonec,ADV,Db-------------,advmod,,,,,0.1780438979936578,O
bylo,AUX,VpNS----R-AAI--,aux:pass,,Neut,Sing,,-0.021727512100613,O
diplomaticky,ADV,Dg-------1A----,advmod,,,,,-0.0388732791221792,O
vyřešeno,ADJ,VsNS----X-APP--,root,,Neut,Sing,,-0.0077277987562227,O
",",PUNCT,Z:-------------,punct,,,,,-0.0620084250658744,O
po,ADP,RR--6----------,case,Loc,,,,0.0418750575151123,O
kterém,DET,P4ZS6----------,obl,Loc,"Masc,Neut",Sing,,-0.0399440680780545,O
obě,NUM,CnHP1----------,nummod,Nom,"Fem,Neut",Plur,,0.0246480898133693,O
strany,NOUN,NNFP1-----A----,nsubj,Nom,Fem,Plur,,-0.0380469655821325,O
stáhly,VERB,VpTP----R-AAP--,csubj:pass,,"Fem,Masc",Plur,Inan,-0.0155672985447913,O
své,DET,P8FP4---------1,det,Acc,Fem,Plur,,0.0052198410895407,O
jednotky,NOUN,NNFP4-----A----,obj,Acc,Fem,Plur,,-0.0597887446674874,O
zpět,ADV,Db-------------,advmod,,,,,0.0319919289497255,O
.,PUNCT,Z:-------------,punct,,,,,0.3463158880873144,O
Vzdálená,ADJ,AAFS1----1A----,amod,Nom,Fem,Sing,,0.0086188184265044,O
práce,NOUN,NNFS1-----A----,nsubj,Nom,Fem,Sing,,0.0083639305360953,O
se,PRON,P7-X4----------,expl:pv,Acc,,,,0.3878382446773517,O
pravděpodobně,ADV,Dg-------1A----,advmod,,,,,-0.0847562717088385,O
stane,VERB,VB-S---3P-AAP--,root,,,Sing,,0.0746290209966525,O
běžnější,ADJ,AAFS1----2A----,obl:arg,Nom,Fem,Sing,,0.2180079185267203,O
.,PUNCT,Z:-------------,punct,,,,,0.2500839438990254,O
Dvanáctiletá,ADJ,AAFS1----1A----,amod,Nom,Fem,Sing,,0.0317067986674487,O
oběť,NOUN,NNFS1-----A----,nsubj,Nom,Fem,Sing,,-0.0353174305448252,O
šla,VERB,VpQW----R-AAI--,root,,"Fem,Neut","Plur,Sing",,0.0497567512079321,O
po,ADP,RR--6----------,case,Loc,,,,-0.0671295949439672,O
cestě,NOUN,NNFS6-----A----,obl,Loc,Fem,Sing,,-0.2117693904834343,O
",",PUNCT,Z:-------------,punct,,,,,0.3337579075982,O
když,SCONJ,"J,-------------",mark,,,,,0.1070260199169016,O
se,PRON,P7-X4----------,expl:pv,Acc,,,,0.1073347924203934,O
ohlédla,VERB,VpQW----R-AAP-1,advcl,,"Fem,Neut","Plur,Sing",,0.0795897816818638,O
a,CCONJ,J^-------------,cc,,,,,0.0027767268868104,O
uviděla,VERB,VpQW----R-AAP--,conj,,"Fem,Neut","Plur,Sing",,-0.0107160224727843,O
",",PUNCT,Z:-------------,punct,,,,,-0.3966742712760322,O
že,SCONJ,"J,-------------",mark,,,,,-0.0127850887353192,O
se,PRON,P7-X4----------,expl:pv,Acc,,,,0.1938412681354922,O
náhle,ADV,Dg-------1A----,advmod,,,,,0.1708442011724476,O
vynořil,VERB,VpYS----R-AAP--,ccomp,,Masc,Sing,,0.2320593916112894,O
z,ADP,RR--2----------,case,Gen,,,,-0.0584100378058773,O
křoví,NOUN,NNNS2-----A----,obl,Gen,Neut,Sing,,0.2417106202028436,O
ozbrojený,ADJ,AAMS1----1A----,xcomp,Nom,Masc,Sing,Anim,0.3082349973640089,O
velkou,ADJ,AAFS7----1A----,amod,Ins,Fem,Sing,,0.0876206697286916,O
větví,NOUN,NNFS7-----A----,obl:arg,Ins,Fem,Sing,,0.0144792003394818,O
stromu,NOUN,NNIS2-----A----,nmod,Gen,Masc,Sing,Inan,0.0992301704357154,O
a,CCONJ,J^-------------,cc,,,,,0.2204788204013112,O
nožem,NOUN,NNIS7-----A----,conj,Ins,Masc,Sing,Inan,-0.02850258563183,O
.,PUNCT,Z:-------------,punct,,,,,0.249727207660529,O
Modi,PROPN,NNMS1-----A----,nsubj,Nom,Masc,Sing,Anim,0.1295607492891855,B-p_
patřil,VERB,VpYS----R-AAI--,root,,Masc,Sing,,0.2547063174289942,O
od,ADP,RR--2----------,case,Gen,,,,-0.0873874197652086,O
svých,DET,P8XP2----------,det,Gen,,Plur,,-0.0297152321084486,O
8,NUM,C=-------------,nummod,,,,,0.0263355755235432,B-na
let,NOUN,NNNP2-----A----,obl,Gen,Neut,Plur,,-0.1571807319473808,O
k,ADP,RR--3----------,case,Dat,,,,0.0173988192195122,O
hinduistické,ADJ,AAFS3----1A----,amod,Dat,Fem,Sing,,0.0209484691515276,O
nacionalistické,ADJ,AAFS3----1A----,amod,Dat,Fem,Sing,,0.0297905246421828,O
organizaci,NOUN,NNFS3-----A----,obl,Dat,Fem,Sing,,0.0297952857543188,O
známé,ADJ,AAFS3----1A----,amod,Dat,Fem,Sing,,0.0549969621715498,O
jako,SCONJ,"J,-------------",mark,,,,,0.2906189812600356,O
RSS,NOUN,BNXXX-----A----,advcl,,,,,-0.0996072850541852,B-io
",",PUNCT,Z:-------------,punct,,,,,0.0932891347977068,O
jejíž,DET,P1ZS1FS3-------,det,Nom,"Masc,Neut",Sing,,-0.0633465728471499,O
bývalý,ADJ,AAMS1----1A----,amod,Nom,Masc,Sing,Anim,0.0367487538855021,O
člen,NOUN,NNMS1-----A----,nsubj,Nom,Masc,Sing,Anim,-0.013685782581992,O
",",PUNCT,Z:-------------,punct,,,,,0.2376566546072916,O
Nathuram,PROPN,NNMS1-----A----,appos,Nom,Masc,Sing,Anim,0.0847450349422145,B-P|B-pf
Godse,PROPN,NNMS1-----A----,flat,Nom,Masc,Sing,Anim,0.0427808850531136,I-P|B-ps
",",PUNCT,Z:-------------,punct,,,,,0.2994748306881848,O
zavraždil,VERB,VpYS----R-AAP--,acl:relcl,,Masc,Sing,,-0.0324826311092733,O
Gándhího,PROPN,NNMS4-----A----,obj,Acc,Masc,Sing,Anim,0.0824788940598665,B-p_
na,ADP,RR--4----------,case,Acc,,,,0.0518652605534273,O
Jana,PROPN,NNMS4-----A----,obl,Acc,Masc,Sing,Anim,-0.1525080799609184,B-p_
.,PUNCT,Z:-------------,punct,,,,,-0.0183016290200447,O
30,NUM,C=-------------,root,,,,,-0.007332016839107,B-n_
",",PUNCT,Z:-------------,punct,,,,,-0.0521418991332583,O
1948,NUM,C=-------------,conj,,,,,0.0407078682861707,B-ty
.,PUNCT,Z:-------------,punct,,,,,0.0337486269507761,O
Poslanci,NOUN,NNMP1-----A----,nsubj,Nom,Masc,Plur,Anim,-0.1237628966738459,O
z,ADP,RR--2----------,case,Gen,,,,0.2734260149269466,O
Modiho,PROPN,NNMS2-----A----,nmod,Gen,Masc,Sing,Anim,0.0729794708775158,B-p_
vládnoucí,ADJ,AGFS2-----A----,amod,Gen,Fem,Sing,,0.0350855315145422,O
strany,NOUN,NNFS2-----A----,nmod,Gen,Fem,Sing,,0.034861173729498,O
Bharatiya,PROPN,NNMS2-----A----,nmod,Gen,Masc,Sing,Anim,0.0580855015609076,B-io
Janata,PROPN,NNMS2-----A----,flat,Gen,Masc,Sing,Anim,0.0485315517474131,I-io
v,ADP,RR--6----------,case,Loc,,,,0.1680904733049687,O
posledních,ADJ,AANP6----1A----,amod,Loc,Neut,Plur,,-0.0987955273173243,O
letech,NOUN,NNNP6-----A----,obl,Loc,Neut,Plur,,0.1057507934896035,O
chválili,VERB,VpMP----R-AAI--,root,,Masc,Plur,Anim,-0.1011296400081794,O
Gándhího,PROPN,NNMS4-----A----,nmod,Acc,Masc,Sing,Anim,0.0752919913464189,B-p_
vraha,NOUN,NNMS4-----A----,obj,Acc,Masc,Sing,Anim,0.2105055962822682,O
.,PUNCT,Z:-------------,punct,,,,,0.1615048106722435,O
Brazilec,PROPN,NNMS1-----A----,nsubj,Nom,Masc,Sing,Anim,0.0447188830571466,B-pc
",",PUNCT,Z:-------------,punct,,,,,0.112615638541937,O
který,DET,P4YS1----------,nsubj,Nom,Masc,Sing,,-0.1161450239138632,O
se,PRON,P7-X4----------,expl:pv,Acc,,,,0.0152580822477652,O
na,ADP,RR--4----------,case,Acc,,,,-0.0170916511409526,O
okamžik,NOUN,NNIS4-----A----,obl,Acc,Masc,Sing,Inan,0.0098377818297362,O
objevil,VERB,VpYS----R-AAP--,acl:relcl,,Masc,Sing,,0.071405741257365,O
v,ADP,RR--6----------,case,Loc,,,,0.0907490491989909,O
nebezpečí,NOUN,NNNS6-----A----,obl,Loc,Neut,Sing,,-0.0259891396631619,O
",",PUNCT,Z:-------------,punct,,,,,0.1588340874408641,O
pak,ADV,Db-------------,advmod,,,,,-0.0959922623275228,O
znovu,ADV,Db-------------,advmod,,,,,0.0376360677226563,O
získal,VERB,VpYS----R-AAP--,root,,Masc,Sing,,-0.3986531616589624,O
kontrolu,NOUN,NNFS4-----A----,obj,Acc,Fem,Sing,,0.3359553472253363,O
",",PUNCT,Z:-------------,punct,,,,,0.2172229380158012,O
aby,AUX,Vc-------------,aux,,,,,0.1823129831265209,O
potlačil,VERB,VpYS----R-AAP--,advcl,,Masc,Sing,,-0.0542908106206073,O
hrozbu,NOUN,NNFS4-----A----,obj,Acc,Fem,Sing,,0.1029857516061025,O
",",PUNCT,Z:-------------,punct,,,,,0.2912718053460086,O
a,CCONJ,J^-------------,cc,,,,,0.144785110277555,O
podpořil,VERB,VpYS----R-AAP--,conj,,Masc,Sing,,-0.0329387868006721,O
Kianzada,PROPN,NNMS4-----A----,obj,Acc,Masc,Sing,Anim,0.1141629385609623,B-ps
ještě,ADV,Db-------------,advmod:emph,,,,,-0.0181688669770378,O
před,ADP,RR--7----------,case,Ins,,,,-0.2906450731434701,O
samotným,ADJ,AAIS7----1A----,amod,Ins,Masc,Sing,Inan,0.0797588018367744,O
koncem,NOUN,NNIS7-----A----,obl,Ins,Masc,Sing,Inan,0.0381020559122859,O
kola,NOUN,NNNS2-----A----,nmod,Gen,Neut,Sing,,0.0245781846701694,O
.,PUNCT,Z:-------------,punct,,,,,0.2588569209454466,O
Také,ADV,Db-------------,advmod,,,,,-0.0884698854535935,O
k,ADP,RR--3----------,case,Dat,,,,-0.14729523755444,O
dispozici,NOUN,NNFS3-----A----,obl,Dat,Fem,Sing,,0.3166181372237793,O
za,ADP,RR--4----------,case,Acc,,,,0.1385287946763864,O
příplatek,NOUN,NNIS4-----A----,obl,Acc,Masc,Sing,Inan,0.0698917637547381,O
v,ADP,RR--6----------,case,Loc,,,,0.0085299629069397,O
případě,NOUN,NNIS6-----A----,obl,Loc,Masc,Sing,Inan,0.5610495950596865,O
potřeby,NOUN,NNFS2-----A----,nmod,Gen,Fem,Sing,,-0.0903642856749016,O
je,AUX,VB-S---3P-AAI--,root,,,Sing,,-0.027007908656096,O
druhý,ADJ,CrIS1----------,amod,Nom,Masc,Sing,Inan,-0.1272164323162873,O
den,NOUN,NNIS1-----A----,nsubj,Nom,Masc,Sing,Inan,0.0606259295478649,O
mezinárodní,ADJ,AAFS2----1A----,amod,Gen,Fem,Sing,,0.0572062412444896,O
dodávky,NOUN,NNFS2-----A----,nmod,Gen,Fem,Sing,,-0.062810637607698,O
FEDEX,NOUN,BNXXX-----A----,nmod,,,,,-0.0290041413058758,B-op
globální,ADJ,AAIS1----1A----,amod,Nom,Masc,Sing,Inan,-0.050841128502441,O
expres,NOUN,NNIS1-----A----,nsubj,Nom,Masc,Sing,Inan,-0.0650933723459569,O
.,PUNCT,Z:-------------,punct,,,,,-0.1089703879089502,O
Některé,DET,PZFP1----------,det,Nom,Fem,Plur,,-0.089932795236354,O
bankovky,NOUN,NNFP1-----A----,nsubj,Nom,Fem,Plur,,0.1907038048250686,O
",",PUNCT,Z:-------------,punct,,,,,0.4046526155286182,O
které,DET,P4FP1----------,nsubj:pass,Nom,Fem,Plur,,-0.1618160880757206,O
jí,PRON,PEFS3--3------1,obl:arg,Dat,Fem,Sing,,0.0519224959058175,O
byly,AUX,VpTP----R-AAI--,aux:pass,,"Fem,Masc",Plur,Inan,0.0100629110630791,O
poslány,ADJ,VsTP----X-APP--,amod,,"Fem,Masc",Plur,Inan,0.1342318300218278,O
",",PUNCT,Z:-------------,punct,,,,,0.3923776351576168,O
byly,AUX,VpTP----R-AAI--,cop,,"Fem,Masc",Plur,Inan,0.4240549139079909,O
dost,ADV,Dg-------1A----,advmod,,,,,0.1698667182532995,O
ubohé,ADJ,AAFP1----1A----,root,Nom,Fem,Plur,,0.4155500072137481,O
.,PUNCT,Z:-------------,punct,,,,,-0.1591574242700646,O
Alford,PROPN,NNMS1-----A----,nsubj,Nom,Masc,Sing,Anim,-0.0527440591083461,B-ps
řekl,VERB,VpYS----R-AAP--,root,,Masc,Sing,,-0.0303831586992452,O
",",PUNCT,Z:-------------,punct,,,,,0.549647385564185,O
že,SCONJ,"J,-------------",mark,,,,,0.0626667199618058,O
jeho,DET,P9XXXZS3-------,det,,,,,0.019267598486091,O
syn,NOUN,NNMS1-----A----,nsubj,Nom,Masc,Sing,Anim,-0.0113183365867287,O
byl,AUX,VpYS----R-AAI--,cop,,Masc,Sing,,0.0084853056102829,O
hvězdným,ADJ,AAMS7----1A----,amod,Ins,Masc,Sing,Anim,-0.0382752326477531,O
fotbalistou,NOUN,NNMS7-----A----,ccomp,Ins,Masc,Sing,Anim,-0.0074411475713408,O
na,ADP,RR--6----------,case,Loc,,,,-0.0748930607389704,O
střední,ADJ,AAFS6----1A----,amod,Loc,Fem,Sing,,-0.0010602027617118,O
škole,NOUN,NNFS6-----A----,nmod,Loc,Fem,Sing,,-0.031470284690264,O
v,ADP,RR--6----------,case,Loc,,,,-0.1307913079685895,O
Alemany,PROPN,NNNXX-----A----,nmod,,Neut,,,0.0420489459679672,B-gu
",",PUNCT,Z:-------------,punct,,,,,-0.262508322864903,O
pak,ADV,Db-------------,conj,,,,,-0.0258481991360336,O
naprostým,ADJ,AAMS7----1A----,amod,Ins,Masc,Sing,Anim,0.0680010018271784,O
bezpečákem,NOUN,NNMS7-----A----,orphan,Ins,Masc,Sing,Anim,-0.0586895720562945,O
ve,ADP,RV--6----------,case,Loc,,,,-0.1443740450855853,O
fotbalovém,ADJ,AAIS6----1A----,amod,Loc,Masc,Sing,Inan,0.0203220926349748,O
týmu,NOUN,NNIS6-----A----,nmod,Loc,Masc,Sing,Inan,-0.0363365455749791,O
Long,X,F%-------------,nmod,,,,,-0.0707585318916647,B-ic|B-gu
Beach,X,F%-------------,flat:foreign,,,,,0.0983914110704988,I-ic|I-gu
City,X,F%-------------,flat:foreign,,,,,0.0342809447759867,I-ic
College,X,F%-------------,flat:foreign,,,,,0.1873126572396125,I-ic
.,PUNCT,Z:-------------,punct,,,,,0.0498516157321805,O
Alford,PROPN,NNMS1-----A----,nsubj,Nom,Masc,Sing,Anim,0.0075418765112128,B-ps
řekl,VERB,VpYS----R-AAP--,root,,Masc,Sing,,-0.1478556749197141,O
",",PUNCT,Z:-------------,punct,,,,,-0.0402259974357231,O
že,SCONJ,"J,-------------",mark,,,,,-0.0350770175554538,O
jeho,DET,P9XXXZS3-------,det,,,,,-0.0291708550494528,O
syn,NOUN,NNMS1-----A----,nsubj,Nom,Masc,Sing,Anim,-0.0063499811511101,O
pracuje,VERB,VB-S---3P-AAI--,ccomp,,,Sing,,0.0059772782369387,O
na,ADP,RR--6----------,case,Loc,,,,-0.019880361640475,O
tom,DET,PDZS6----------,obl:arg,Loc,"Masc,Neut",Sing,,-0.0238108543011946,O
",",PUNCT,Z:-------------,punct,,,,,0.061895301791126,O
aby,AUX,Vc-------------,aux,,,,,0.09179639674828,O
hrál,VERB,VpYS----R-AAI--,acl,,Masc,Sing,,0.0403550820250992,O
za,ADP,RR--4----------,case,Acc,,,,0.1148955629017685,O
školu,NOUN,NNFS4-----A----,obl,Acc,Fem,Sing,,0.0053165034266681,O
první,ADJ,CrFS2----------,amod,Gen,Fem,Sing,,-0.1196077619691768,O
divize,NOUN,NNFS2-----A----,nmod,Gen,Fem,Sing,,0.0782975252245361,O
a,CCONJ,J^-------------,cc,,,,,0.0502463600885842,O
snil,VERB,VpYS----R-AAI--,conj,,Masc,Sing,,0.1133380039471,O
o,ADP,RR--6----------,case,Loc,,,,-0.0823369483654299,O
tom,DET,PDZS6----------,obl:arg,Loc,"Masc,Neut",Sing,,-0.0514655721060855,O
",",PUNCT,Z:-------------,punct,,,,,-0.0441939587156441,O
že,SCONJ,"J,-------------",mark,,,,,-0.0906322979816862,O
se,PRON,P7-X4----------,expl:pv,Acc,,,,0.0595497634597889,O
stane,VERB,VB-S---3P-AAP--,acl,,,Sing,,0.0747418205831505,O
zdravotní,ADJ,AAFS7----1A----,amod,Ins,Fem,Sing,,-0.0171043019972208,O
sestrou,NOUN,NNFS7-----A----,obl:arg,Ins,Fem,Sing,,0.0534884318263227,O
.,PUNCT,Z:-------------,punct,,,,,-0.2264830851585442,O
To,DET,PDNS1----------,nsubj,Nom,Neut,Sing,,-0.0465171608494127,O
je,AUX,VB-S---3P-AAI--,cop,,,Sing,,0.0040247931700047,O
odvážné,ADJ,AANS1----1A----,amod,Nom,Neut,Sing,,0.0231333210262865,O
tvrzení,NOUN,NNNS1-----A----,root,Nom,Neut,Sing,,-0.0903644451636595,O
",",PUNCT,Z:-------------,punct,,,,,0.043713801435298,O
ale,CCONJ,J^-------------,cc,,,,,-0.0207427162063556,O
v,ADP,RR--6----------,case,Loc,,,,0.0218707833119491,O
každém,DET,AAIS6----1A----,det,Loc,Masc,Sing,Inan,0.0717824966019635,O
případě,NOUN,NNIS6-----A----,obl,Loc,Masc,Sing,Inan,-0.0731204929261107,O
to,DET,PDNS1----------,nsubj,Nom,Neut,Sing,,-0.0559322616946905,O
stále,ADV,Dg-------1A----,advmod,,,,,0.0117272906711716,O
nevysvětluje,VERB,VB-S---3P-NAI--,conj,,,Sing,,-0.0838877143219191,O
",",PUNCT,Z:-------------,punct,,,,,0.0168148976293231,O
jak,ADV,Db-------------,advmod,,,,,0.0167582011569765,O
je,AUX,VB-S---3P-AAI--,ccomp,,,Sing,,0.0264773089712393,O
sdružování,NOUN,NNNS1-----A----,nsubj,Nom,Neut,Sing,,0.0298111718399261,O
aktualizací,NOUN,NNFP2-----A----,nmod,Gen,Fem,Plur,,-0.0278975953756666,O
aplikací,NOUN,NNFP2-----A----,nmod,Gen,Fem,Plur,,0.011240435593855,O
jako,SCONJ,"J,-------------",mark,,,,,-0.0079562571231133,O
aktualizací,NOUN,NNFS7-----A----,advcl,Ins,Fem,Sing,,0.034144311885582,O
operačního,ADJ,AAIS2----1A----,amod,Gen,Masc,Sing,Inan,0.1633816549220648,O
systému,NOUN,NNIS2-----A----,nmod,Gen,Masc,Sing,Inan,0.0775222409846971,O
pro,ADP,RR--4----------,case,Acc,,,,-0.0946025371132284,O
vývojáře,NOUN,NNMP4-----A----,nmod,Acc,Masc,Plur,Anim,0.0264022014711632,O
lepší“,ADJ,TT-------------,dep,,,,,-0.0150912759226974,O
",",PUNCT,Z:-------------,punct,,,,,0.1739425673935512,O
nebo,CCONJ,J^-------------,cc,,,,,0.041918862127874,O
koncový,ADJ,AAMS1----1A----,amod,Nom,Masc,Sing,Anim,0.0308507938518943,O
uživatel,NOUN,NNMS1-----A----,conj,Nom,Masc,Sing,Anim,-0.1343053996052106,O
.,PUNCT,Z:-------------,punct,,,,,-0.0872821741516267,O
Dave,PROPN,NNMS1-----A----,nsubj,Nom,Masc,Sing,Anim,0.1562457984359151,B-P|B-pf
Stoufer,PROPN,NNMS1-----A----,flat,Nom,Masc,Sing,Anim,-0.1020255758711918,I-P|B-ps
prozradil,VERB,VpYS----R-AAP--,root,,Masc,Sing,,-0.0335953429877838,O
",",PUNCT,Z:-------------,punct,,,,,0.1720612947735169,O
že,SCONJ,"J,-------------",mark,,,,,0.0710537411646265,O
ho,PRON,P5ZS4--3-------,obj,Acc,"Masc,Neut",Sing,,-0.3385450500443072,O
k,ADP,RR--3----------,case,Dat,,,,0.0294367239421873,O
rozhodnutí,NOUN,NNNS3-----A----,obl,Dat,Neut,Sing,,-0.0065405484178249,O
odejít,VERB,Vf--------A-P--,acl,,,,,0.033331576190954,O
do,ADP,RR--2----------,case,Gen,,,,-0.0790182887712237,O
důchodu,NOUN,NNIS2-----A----,obl,Gen,Masc,Sing,Inan,0.0139369884540582,O
z,ADP,RR--2----------,case,Gen,,,,-0.1412351838220841,O
"""",PUNCT,Z:-------------,punct,,,,,0.1970259080455694,O
"""",PUNCT,Z:-------------,punct,,,,,0.0740930638243969,O
nejdelší,ADJ,AAFS2----3A----,amod,Gen,Fem,Sing,,-0.0386942107001573,O
práce,NOUN,NNFS2-----A----,obl,Gen,Fem,Sing,,-0.1377119942739252,O
"""",PUNCT,Z:-------------,punct,,,,,0.0913294318766505,O
"""",PUNCT,Z:-------------,punct,,,,,0.064379618096574,O
",",PUNCT,Z:-------------,punct,,,,,0.0472289799917474,O
kterou,DET,P4FS4----------,obj,Acc,Fem,Sing,,-0.0786928971187937,O
kdy,ADV,Db-------------,advmod,,,,,-0.1650920715280163,O
měl,VERB,VpYS----R-AAI--,acl:relcl,,Masc,Sing,,-0.0540065938287125,O
",",PUNCT,Z:-------------,punct,,,,,-0.0254367801695978,O
vedly,VERB,VpTP----R-AAI--,ccomp,,"Fem,Masc",Plur,Inan,0.210177123409018,O
zdravotní,ADJ,AAIP1----1A----,amod,Nom,Masc,Plur,Inan,-0.0102139320396939,O
problémy,NOUN,NNIP1-----A----,nsubj,Nom,Masc,Plur,Inan,-0.031094165123813,O
a,CCONJ,J^-------------,cc,,,,,-0.175060806599977,O
problémy,NOUN,NNIP1-----A----,conj,Nom,Masc,Plur,Inan,0.0341740402445531,O
související,ADJ,AGIP1-----A----,amod,Nom,Masc,Plur,Inan,0.0234505902888024,O
s,ADP,RR--7----------,case,Ins,,,,-0.1377366395181934,O
věkem,NOUN,NNIS7-----A----,obl:arg,Ins,Masc,Sing,Inan,0.2930613178674282,O
.,PUNCT,Z:-------------,punct,,,,,0.0801486817218149,O
"""",PUNCT,Z:-------------,punct,,,,,0.113049785437971,O
Washington,PROPN,NNIS1-----A----,root,Nom,Masc,Sing,Inan,-0.290322066362605,B-gu
–,PUNCT,Z:-------------,punct,,,,,-0.0448631391738129,O
Republikánský,ADJ,AAMS1----1A----,amod,Nom,Masc,Sing,Anim,0.0411297262075689,O
senátor,NOUN,NNMS1-----A----,nsubj,Nom,Masc,Sing,Anim,0.0101846068230503,O
Ted,PROPN,NNMS1-----A----,flat,Nom,Masc,Sing,Anim,0.3524776734768656,B-P|B-pf
Cruz,PROPN,NNMS1-----A----,flat,Nom,Masc,Sing,Anim,-0.0188820010601526,I-P|B-ps
z,ADP,RR--2----------,case,Gen,,,,-0.0895559604166335,O
Texasu,PROPN,NNIS2-----A----,nmod,Gen,Masc,Sing,Inan,0.102477150134016,B-gr
obvinil,VERB,VpYS----R-AAP--,root,,Masc,Sing,,0.1376372744420855,O
předsedkyni,NOUN,NNFS4-----A----,obj,Acc,Fem,Sing,,0.1037551708000337,O
Sněmovny,NOUN,NNFS2-----A----,nmod,Gen,Fem,Sing,,0.1331595015054275,B-io
reprezentantů,NOUN,NNMP2-----A----,nmod,Gen,Masc,Plur,Anim,0.0404796056642722,I-io
Nancy,PROPN,NNFXX-----A----,flat,,Fem,,,0.1213930689696653,B-P|B-pf
Pelosiovou,PROPN,NNFS4-----A----,flat,Acc,Fem,Sing,,0.0201355727274642,I-P|B-ps
a,CCONJ,J^-------------,cc,,,,,0.0551350589460096,O
Demokraty,NOUN,NNMP4-----A----,conj,Acc,Masc,Plur,Anim,0.0487497020442508,B-io
z,ADP,RR--2----------,case,Gen,,,,-0.158084408107356,O
toho,DET,PDZS2----------,obl:arg,Gen,"Masc,Neut",Sing,,-0.1035303264944957,O
",",PUNCT,Z:-------------,punct,,,,,0.2377634988906301,O
že,SCONJ,"J,-------------",mark,,,,,0.0462786536024721,O
prosazují,VERB,VB-P---3P-AAI--,acl,,,Plur,,0.0516506641763752,O
balíček,NOUN,NNIS4-----A----,obj,Acc,Masc,Sing,Inan,-0.0436971680411982,O
na,ADP,RR--4----------,case,Acc,,,,-0.090362452564871,O
pomoc,NOUN,NNFS4-----A----,nmod,Acc,Fem,Sing,,0.0006648578895577,O
koronavirům,NOUN,NNMP3-----A----,nmod,Dat,Masc,Plur,Anim,0.0738105610602274,O
",",PUNCT,Z:-------------,punct,,,,,0.0879740928293587,O
který,DET,P4YS1----------,nsubj,Nom,Masc,Sing,,-0.0055821996822378,O
se,PRON,P7-X4----------,expl:pv,Acc,,,,0.1041835502515287,O
zaměřuje,VERB,VB-S---3P-AAI--,acl:relcl,,,Sing,,0.0336171557469198,O
na,ADP,RR--4----------,case,Acc,,,,-0.0253743094474483,O
házení,NOUN,NNNS4-----A----,obl:arg,Acc,Neut,Sing,,0.1356823537012133,O
peněz,NOUN,NNIP2-----A----,nmod,Gen,Masc,Plur,Inan,-0.0119726482331146,O
do,ADP,RR--2----------,case,Gen,,,,-0.0411431308627409,O
problému,NOUN,NNIS2-----A----,nmod,Gen,Masc,Sing,Inan,0.2076020521382327,O
a,CCONJ,J^-------------,cc,,,,,0.0378230902421991,O
odstavení,NOUN,NNNS4-----A----,conj,Acc,Neut,Sing,,-0.0341913865060918,O
Ameriky“,PROPN,NNFP2-----A----,nmod,Gen,Fem,Plur,,-0.0035678019367516,B-gt
",",PUNCT,Z:-------------,punct,,,,,0.0682867747076444,O
zatímco,SCONJ,"J,-------------",mark,,,,,-0.0207533896364515,O
jednání,NOUN,NNNP1-----A----,nsubj,Nom,Neut,Plur,,0.0551691154028835,O
o,ADP,RR--6----------,case,Loc,,,,0.0351455493942788,O
dalším,ADJ,AANS6----1A----,amod,Loc,Neut,Sing,,0.2936907025845773,O
opatření,NOUN,NNNS6-----A----,nmod,Loc,Neut,Sing,,0.2472418923498076,O
pokračují,VERB,VB-P---3P-AAI--,advcl,,,Plur,,0.1179386722609145,O
.,PUNCT,Z:-------------,punct,,,,,0.1146698917709661,O
Muž,NOUN,NNMS1-----A----,nsubj,Nom,Masc,Sing,Anim,-0.3310596019935544,O
na,ADP,RR--6----------,case,Loc,,,,0.0206184247952263,O
Floridě,PROPN,NNFS6-----A----,nmod,Loc,Fem,Sing,,0.3730132457105582,B-gr
říká,VERB,VB-S---3P-AAI--,root,,,Sing,,0.1197496960578283,O
",",PUNCT,Z:-------------,punct,,,,,0.0393691597597215,O
že,SCONJ,"J,-------------",mark,,,,,0.2434974474573382,O
osmiměsíční,ADJ,AAMS1----1A----,amod,Nom,Masc,Sing,Anim,0.2024510587166649,O
pitbul,NOUN,NNMS1-----A----,nsubj,Nom,Masc,Sing,Anim,0.3860468639177378,O
jeho,DET,P9XXXZS3-------,det,,,,,0.0200217451792028,O
rodiny,NOUN,NNFS2-----A----,nmod,Gen,Fem,Sing,,0.0079976339989761,O
Zeus,PROPN,NNMS1-----A----,flat,Nom,Masc,Sing,Anim,0.1763538165196313,B-p_
zemřel,VERB,VpYS----R-AAP--,ccomp,,Masc,Sing,,0.0768544265753474,O
na,ADP,RR--4----------,case,Acc,,,,0.158785311094901,O
hadí,ADJ,AANS4----1A----,amod,Acc,Neut,Sing,,0.128522684063616,O
kousnutí,NOUN,NNNS4-----A----,obl,Acc,Neut,Sing,,0.1191398431251103,O
",",PUNCT,Z:-------------,punct,,,,,0.0518882119152705,O
když,SCONJ,"J,-------------",mark,,,,,0.1894603016620271,O
se,PRON,P7-X4----------,expl:pv,Acc,,,,0.0078783270209781,O
snažil,VERB,VpYS----R-AAI--,advcl,,Masc,Sing,,-0.0040655834898634,O
chránit,VERB,Vf--------A-I--,xcomp,,,,,-0.0375910816725255,O
své,DET,P8YP4---------1,det,Acc,Masc,Plur,,0.371413345364042,O
syny,NOUN,NNMP4-----A----,obj,Acc,Masc,Plur,Anim,0.3124714799130929,O
.,PUNCT,Z:-------------,punct,,,,,-0.0148601152265379,O
Schopnost,NOUN,NNFS1-----A----,nsubj:pass,Nom,Fem,Sing,,0.2328223736844605,O
mezinárodního,ADJ,AANS2----1A----,amod,Gen,Neut,Sing,,0.176740530896765,O
společenství,NOUN,NNNS2-----A----,nmod,Gen,Neut,Sing,,0.2746943490472184,O
požadovat,VERB,Vf--------A-I--,acl,,,,,-0.0020952250243714,O
",",PUNCT,Z:-------------,punct,,,,,0.0126115248870231,O
aby,AUX,Vc-------------,aux,,,,,-0.0076780063919573,O
se,PRON,P7-X4----------,expl:pv,Acc,,,,0.1689597373820894,O
libyjská,ADJ,AAFS1----1A----,amod,Nom,Fem,Sing,,0.2482751572618523,O
politická,ADJ,AAFS1----1A----,amod,Nom,Fem,Sing,,0.3439790096608705,O
třída,NOUN,NNFS1-----A----,nsubj,Nom,Fem,Sing,,-0.0085154770454994,O
držela,VERB,VpQW----R-AAI--,ccomp,,"Fem,Neut","Plur,Sing",,-0.030993215253275,O
termínu,NOUN,NNIS2-----A----,obl:arg,Gen,Masc,Sing,Inan,0.0079911215708987,O
voleb,NOUN,NNFP2-----A----,nmod,Gen,Fem,Plur,,0.0678607092339339,O
24,NUM,C=-------------,nummod,,,,,-0.0574663362845705,B-T|B-td
.,PUNCT,Z:-------------,punct,,,,,-0.0812290861792459,I-T|I-td
prosince,NOUN,NNIS2-----A----,nmod,Gen,Masc,Sing,Inan,0.0008818630227701,I-T|B-tm
",",PUNCT,Z:-------------,punct,,,,,0.0782334644314266,O
který,DET,P4YS1----------,nsubj:pass,Nom,Masc,Sing,,-0.0299734491501019,O
byl,AUX,VpYS----R-AAI--,aux:pass,,Masc,Sing,,0.0272157875777779,O
poprvé,ADV,Db-------------,advmod,,,,,0.0974352694385299,O
dohodnut,ADJ,VsYS----X-APP--,amod,,Masc,Sing,,0.0058929118515709,O
v,ADP,RR--6----------,case,Loc,,,,0.0699213967944114,O
únoru,NOUN,NNIS6-----A----,obl,Loc,Masc,Sing,Inan,0.0129478249183803,B-tm
",",PUNCT,Z:-------------,punct,,,,,-0.0311627806555182,O
byla,AUX,VpQW----R-AAI--,aux:pass,,"Fem,Neut","Plur,Sing",,0.0293689139370853,O
omezena,ADJ,VsQW----X-APP--,root,,"Fem,Neut","Plur,Sing",,0.1929482487809266,O
jmenováním,NOUN,NNNS7-----A----,obl,Ins,Neut,Sing,,0.0046565181380267,O
zvláštního,ADJ,AAMS2----1A----,amod,Gen,Masc,Sing,Anim,0.2593975633345892,O
vyslance,NOUN,NNMS2-----A----,nmod,Gen,Masc,Sing,Anim,0.0243815257480588,O
OSN,PROPN,BNXXX-----A----,nmod,,,,,0.2078418512585707,B-io
Jána,PROPN,NNMS2-----A----,flat,Gen,Masc,Sing,Anim,0.0577037631705872,B-P|B-pf
Kubiše,PROPN,NNMS2-----A----,flat,Gen,Masc,Sing,Anim,0.2553476611327949,I-P|B-ps
",",PUNCT,Z:-------------,punct,,,,,0.0807595797245911,O
který,DET,P4YS1----------,nsubj,Nom,Masc,Sing,,-0.0218036568577571,O
rezignoval,VERB,VpYS----R-AAB--,acl:relcl,,Masc,Sing,,0.3081299342251806,O
tři,NUM,Cl-P4----------,nummod,Acc,,Plur,,-0.0202098728786239,O
týdny,NOUN,NNIP4-----A----,obl,Acc,Masc,Plur,Inan,-0.0440702969015436,O
před,ADP,RR--7----------,case,Ins,,,,-0.0148776523021456,O
volbami,NOUN,NNFP7-----A----,nmod,Ins,Fem,Plur,,0.1133523146828621,O
po,ADP,RR--4----------,case,Acc,,,,0.1112753039936284,O
necelých,ADJ,AAIP2----1N----,amod,Gen,Masc,Plur,Inan,0.0252764792089171,O
rok,NOUN,NNIS4-----A----,obl,Acc,Masc,Sing,Inan,0.1008086449693938,O
v,ADP,RR--6----------,case,Loc,,,,0.2062190906972144,O
poště,NOUN,NNFS6-----A----,obl,Loc,Fem,Sing,,0.0762721406158244,O
.,PUNCT,Z:-------------,punct,,,,,-0.0192588277471974,O
Tohle,DET,PDNS4----------,obj,Acc,Neut,Sing,,0.1082139571917269,O
jsme,AUX,VB-P---1P-AAI--,aux,,,Plur,,0.1811200037763081,O
už,ADV,Db-------------,advmod,,,,,-0.5468357059308765,O
udělali,VERB,VpMP----R-AAP--,root,,Masc,Plur,Anim,0.4832007313072732,O
.,PUNCT,Z:-------------,punct,,,,,0.1754368123790958,O
Výzkum,NOUN,NNIS1-----A----,root,Nom,Masc,Sing,Inan,0.031177237668129,O
.,PUNCT,Z:-------------,punct,,,,,0.0674169315522151,O
Podle,ADP,RR--2----------,case,Gen,,,,0.0752227437456556,O
výzkumu,NOUN,NNIS2-----A----,obl,Gen,Masc,Sing,Inan,0.0749910402170347,O
",",PUNCT,Z:-------------,punct,,,,,-0.0083808574174482,O
OraQuick,X,F%-------------,nsubj,,,,,0.0761750203912545,B-o_
HIV,NOUN,BNXXX-----A----,nmod,,,,,0.3159507103020296,I-o_
self-test,NOUN,NNIS1-----A----,nsubj,Nom,Masc,Sing,Inan,0.3103134901667905,I-o_
detekoval,VERB,VpYS----R-AAB--,root,,Masc,Sing,,0.1664769252869977,O
více,ADV,Dg-------2A----,obj,,,,,-0.157593621717824,O
než,SCONJ,"J,-------------",mark,,,,,0.0192758231490153,O
99,NUM,C=-------------,obl,,,,,-0.0915824577808877,B-nc
procent,NOUN,NNNP2-----A----,nmod,Gen,Neut,Plur,,0.0516982288548087,O
lidí,NOUN,NNMP2-----A----,nmod,Gen,Masc,Plur,Anim,-0.2773121794290943,O
",",PUNCT,Z:-------------,punct,,,,,0.2231262051646571,O
kteří,DET,P4MP1----------,nsubj:pass,Nom,Masc,Plur,Anim,-0.1796978331479191,O
byli,AUX,VpMP----R-AAI--,aux:pass,,Masc,Plur,Anim,0.0220865515410032,O
infikováni,ADJ,VsMP----X-APB--,amod,,Masc,Plur,Anim,0.0867006895055767,O
HIV,NOUN,BNXXX-----A----,obj,,,,,-0.0968270393306754,B-o_
a,CCONJ,J^-------------,cc,,,,,0.1128607727903291,O
lidé,NOUN,NNMP1-----A----,conj,Nom,Masc,Plur,Anim,-0.2630841495603127,O
",",PUNCT,Z:-------------,punct,,,,,0.0749595727214853,O
kteří,DET,P4MP1----------,nsubj:pass,Nom,Masc,Plur,Anim,-0.1669625019262325,O
nebyli,AUX,VpMP----R-NAI--,aux:pass,,Masc,Plur,Anim,0.3203250299555525,O
infikováni,ADJ,VsMP----X-APB--,amod,,Masc,Plur,Anim,0.2599589575857982,O
HIV,NOUN,BNXXX-----A----,obj,,,,,-0.0293956032335503,B-o_
.,PUNCT,Z:-------------,punct,,,,,-0.1119387441641056,O
Federální,ADJ,AAMS1----1A----,amod,Nom,Masc,Sing,Anim,0.0742970279391058,O
soudce,NOUN,NNMS1-----A----,nsubj,Nom,Masc,Sing,Anim,0.0504757912334076,O
bude,AUX,VB-S---3F-AAI--,aux,,,Sing,,0.166765604610537,O
muset,VERB,Vf--------A-I--,root,,,,,-0.0166593176862744,O
rozhodnout,VERB,Vf--------A-P--,xcomp,,,,,0.2200350280668958,O
",",PUNCT,Z:-------------,punct,,,,,-0.0006886973182563,O
kteří,DET,P4MP1----------,det,Nom,Masc,Plur,Anim,0.0678169088118957,O
odborníci,NOUN,NNMP1-----A----,nsubj,Nom,Masc,Plur,Anim,0.0305993175703359,O
věřit,VERB,Vf--------A-I--,ccomp,,,,,0.0522742439886501,O
v,ADP,RR--6----------,case,Loc,,,,-0.0909997620643726,O
procesu,NOUN,NNIS6-----A---1,obl,Loc,Masc,Sing,Inan,0.0765468460231224,O
přes,ADP,RR--4----------,case,Acc,,,,0.0005325493376798,O
48-hodinová,ADJ,AANP4----1A----,conj,Acc,Neut,Plur,,0.1328334811262362,B-nc
Tennessee,PROPN,NNNXX-----A----,root,,Neut,,,0.0957784605616757,O
čekací,ADJ,AAFP1----1A----,amod,Nom,Fem,Plur,,0.1475537425861205,O
doby,NOUN,NNFP1-----A----,dep,Nom,Fem,Plur,,-0.0028118429844169,O
zákona,NOUN,NNIS2-----A----,nmod,Gen,Masc,Sing,Inan,-0.0282843268744549,O
pro,ADP,RR--4----------,case,Acc,,,,0.2331864207725357,O
potraty,NOUN,NNIP4-----A----,nmod,Acc,Masc,Plur,Inan,0.1732684502454502,O
.,PUNCT,Z:-------------,punct,,,,,-0.7630811517298626,O
Po,ADP,RR--6----------,case,Loc,,,,-0.5955063534259604,O
hodině,NOUN,NNFS6-----A----,obl,Loc,Fem,Sing,,0.0351105210742537,O
čekání,NOUN,NNNS2-----A----,nmod,Gen,Neut,Sing,,-0.0731106913993579,O
jsem,AUX,VB-S---1P-AAI--,aux,,,Sing,,0.0536718962232966,O
jí,PRON,PEFS3--3------1,obl:arg,Dat,Fem,Sing,,-0.1858678886188452,O
řekl,VERB,VpYS----R-AAP--,root,,Masc,Sing,,-0.0004422218599127,O
",",PUNCT,Z:-------------,punct,,,,,0.1525950450679298,O
co,PRON,PQ--4----------,obj,Acc,,,Inan,0.0938903146148874,O
jsem,AUX,VB-S---1P-AAI--,aux,,,Sing,,0.0602453968253514,O
si,PRON,P7--3----------,obl,Dat,,,,0.0123292793434977,O
rezervoval,VERB,VpYS----R-AAB--,ccomp,,Masc,Sing,,-0.0883927442859786,O
",",PUNCT,Z:-------------,punct,,,,,0.0948308088376826,O
a,CCONJ,J^-------------,cc,,,,,-0.0145889041120841,O
ona,PRON,PEFS1--3-------,nsubj,Nom,Fem,Sing,,-0.2501488122054902,O
mě,PRON,PH-S4--1-------,iobj,Acc,,Sing,,-0.028248193108514,O
hlasitě,ADV,Dg-------1A----,advmod,,,,,-0.0992521842981818,O
obvinila,VERB,VpQW----R-AAP--,conj,,"Fem,Neut","Plur,Sing",,-0.0631371251964117,O
",",PUNCT,Z:-------------,punct,,,,,0.0944697135500598,O
že,SCONJ,"J,-------------",mark,,,,,0.1172339815791624,O
jí,PRON,PEFS3--3------1,obl:arg,Dat,Fem,Sing,,-0.0925378468448538,O
lžu,VERB,VB-S---1P-AAI--,ccomp,,,Sing,,-0.0080164320256542,O
a,CCONJ,J^-------------,cc,,,,,0.0481660642277457,O
řekla,VERB,VpQW----R-AAP--,conj,,"Fem,Neut","Plur,Sing",,-0.0042014821981328,O
mi,PRON,PH-S3--1-------,obl:arg,Dat,,Sing,,0.016905971503968,O
to,DET,PDNS4----------,obj,Acc,Neut,Sing,,-0.0323158988937468,O
.,PUNCT,Z:-------------,punct,,,,,0.5564015900948571,O
Viděli,VERB,VpMP----R-AAI--,root,,Masc,Plur,Anim,0.0401994109848612,O
jsme,AUX,VB-P---1P-AAI--,aux,,,Plur,,-0.0036303360276449,O
",",PUNCT,Z:-------------,punct,,,,,0.0252567505706851,O
jak,SCONJ,"J,-------------",mark,,,,,0.032682105030739,O
Worf,PROPN,NNMS1-----A----,nsubj,Nom,Masc,Sing,Anim,-0.0010945628753604,B-ps
a,CCONJ,J^-------------,cc,,,,,-0.0251671508777953,O
Dat,PROPN,NNMS1-----A----,conj,Nom,Masc,Sing,Anim,-0.0192718919209795,B-ps
odpálili,VERB,VpMP----R-AAP--,ccomp,,Masc,Plur,Anim,-0.0089091865415724,O
raketoplán,NOUN,NNIS4-----A----,obj,Acc,Masc,Sing,Inan,-0.0058367482528693,O
z,ADP,RR--2----------,case,Gen,,,,-0.0105870180184681,O
hlavního,ADJ,AAIS2----1A----,amod,Gen,Masc,Sing,Inan,-0.0235093515404168,O
hangáru,NOUN,NNIS2-----A----,obl,Gen,Masc,Sing,Inan,-0.0029248383916048,O
v,ADP,RR--6----------,case,Loc,,,,-0.0174322054236588,O
The,X,F%-------------,obl,,,,,0.0268312625375344,B-oa
Best,X,F%-------------,flat:foreign,,,,,0.0110067320076059,I-oa
of,X,F%-------------,flat:foreign,,,,,-0.0035965432394333,I-oa
Both,X,F%-------------,flat:foreign,,,,,-0.0219441742117297,I-oa
Worlds,X,F%-------------,flat:foreign,,,,,-0.0129474726615128,I-oa
",",PUNCT,Z:-------------,punct,,,,,-0.0405439568817203,I-oa
Part,X,F%-------------,conj,,,,,0.0010339832725669,I-oa
II“,X,F%-------------,flat:foreign,,,,,-0.0166525363729859,I-oa
",",PUNCT,Z:-------------,punct,,,,,-0.021696972708793,O
ale,CCONJ,J^-------------,cc,,,,,-0.0265489862350114,O
start,NOUN,NNIS1-----A----,nsubj,Nom,Masc,Sing,Inan,-0.0151686929830108,O
raketoplánu,NOUN,NNIS2-----A----,nmod,Gen,Masc,Sing,Inan,0.0132220027928852,O
byl,AUX,VpYS----R-AAI--,conj,,Masc,Sing,,-0.0142960627110677,O
vidět,VERB,Vf--------A-I--,ccomp,,,,,0.0086492299273534,O
zevnitř,ADV,Db-------------,case,,,,,0.0337339140429936,O
raketoplánu,NOUN,NNIS2-----A----,obl,Gen,Masc,Sing,Inan,0.084356355782094,O
.,PUNCT,Z:-------------,punct,,,,,0.0207560354495832,O
Naše,DET,PSIP1-P1-------,det,Nom,Masc,Plur,Inan,0.0593845006157722,O
počty,NOUN,NNIP1-----A----,nsubj,Nom,Masc,Plur,Inan,0.4781119072032557,O
se,PRON,P7-X4----------,expl:pv,Acc,,,,0.0286300645199886,O
nepohybují,VERB,VB-P---3P-NAI--,ccomp,,,Plur,,0.0445116589388117,O
správným,ADJ,AAIS7----1A----,amod,Ins,Masc,Sing,Inan,-0.0537443864474319,O
směrem,NOUN,NNIS7-----A----,obl,Ins,Masc,Sing,Inan,-0.2075153998200919,O
",",PUNCT,Z:-------------,punct,,,,,0.028068538397597,O
“,PUNCT,Z:-------------,punct,,,,,-0.0609077237014291,O
řekla,VERB,VpQW----R-AAP--,root,,"Fem,Neut","Plur,Sing",,-0.1424746797724027,O
Elizabeth,PROPN,NNFXX-----A----,nsubj,,Fem,,,0.0009383719815677,B-P|B-pf
Van,X,F%-------------,nmod,,,,,-0.0815861169888134,I-P|B-ps
Winkleová,PROPN,NNFS1-----A----,flat,Nom,Fem,Sing,,-0.0313306158315073,I-P|I-ps
",",PUNCT,Z:-------------,punct,,,,,0.0534861318343864,O
ředitelka,NOUN,NNFS1-----A----,appos,Nom,Fem,Sing,,-0.0827158825337369,O
úřadu,NOUN,NNIS2-----A----,nmod,Gen,Masc,Sing,Inan,-0.0196268670376428,O
odolnosti,NOUN,NNFS2-----A----,nmod,Gen,Fem,Sing,,-0.0646549180003197,O
sil,NOUN,NNFP2-----A----,nmod,Gen,Fem,Plur,,-0.0396226413573848,O
Pentagonu,NOUN,NNIS2-----A----,nmod,Gen,Masc,Sing,Inan,-0.013288110331719,B-io
.,PUNCT,Z:-------------,punct,,,,,0.1264745883062486,O
Řekla,VERB,VpQW----R-AAP--,root,,"Fem,Neut","Plur,Sing",,-0.0958126833289552,O
",",PUNCT,Z:-------------,punct,,,,,0.0542327363105331,O
že,SCONJ,"J,-------------",mark,,,,,0.1120093794522245,O
většina,NOUN,NNFS1-----A----,nsubj,Nom,Fem,Sing,,-0.2089383427128686,O
vojenských,ADJ,AAFP2----1A----,amod,Gen,Fem,Plur,,0.0035512227479803,O
sazeb,NOUN,NNFP2-----A----,nmod,Gen,Fem,Plur,,0.0363742610780323,O
je,AUX,VB-S---3P-AAI--,cop,,,Sing,,-0.0904096968246807,O
srovnatelná,ADJ,AAFS1----1A----,ccomp,Nom,Fem,Sing,,0.0381639678620877,O
s,ADP,RR--7----------,case,Ins,,,,0.042800756951052,O
civilisty,NOUN,NNMP7-----A----,obl:arg,Ins,Masc,Plur,Anim,0.001281048884352,O
",",PUNCT,Z:-------------,punct,,,,,0.0265462148164928,O
ale,CCONJ,J^-------------,cc,,,,,0.0569609530341809,O
dodala,VERB,VpQW----R-AAP--,conj,,"Fem,Neut","Plur,Sing",,-0.080456664993718,O
",",PUNCT,Z:-------------,punct,,,,,0.0456123796764922,O
že,SCONJ,"J,-------------",mark,,,,,0.1322949148844794,O
to,DET,PDNS1----------,nsubj,Nom,Neut,Sing,,0.1012085737659318,O
je,AUX,VB-S---3P-AAI--,cop,,,Sing,,0.0529359618259071,O
stěží,ADV,Db-------------,advmod,,,,,0.1143977199222057,O
uklidňující“,ADJ,AGNS1-----A----,ccomp,Nom,Neut,Sing,,0.1434105740435267,O
.,PUNCT,Z:-------------,punct,,,,,0.0686378881032065,O
TV,NOUN,BNXXX-----A----,nsubj,,,,,-0.1443654717704361,B-mn
Choice,X,F%-------------,nmod,,,,,0.0644172932294076,I-mn
o,ADP,RR--6----------,case,Loc,,,,-0.0408931447714923,O
vítězi,NOUN,NNMS6-----A----,obl:arg,Loc,Masc,Sing,Anim,-0.0235899643906559,O
řekla,VERB,VpQW----R-AAP--,root,,"Fem,Neut","Plur,Sing",,0.0620020562537645,O
:,PUNCT,Z:-------------,punct,,,,,-0.0559629333077287,O
Stále,ADV,Dg-------1A----,advmod,,,,,-0.0590378247067292,O
pracující,ADJ,AGMS1-----A----,amod,Nom,Masc,Sing,Anim,0.0498121182116411,O
",",PUNCT,Z:-------------,punct,,,,,9.348367155837808,O
učící,ADJ,AGMS1-----A----,conj,Nom,Masc,Sing,Anim,0.0206175712608274,O
se,PRON,P7-X4----------,expl:pv,Acc,,,,-0.1732519811626726,O
a,CCONJ,J^-------------,cc,,,,,0.1983462273669657,O
natáčení,NOUN,NNNS1-----A----,conj,Nom,Neut,Sing,,0.1397833706591341,O
pořadů,NOUN,NNIP2-----A----,nmod,Gen,Masc,Plur,Inan,-0.0137302091646009,O
Sir,NOUN,NNMS1-----A----,nsubj,Nom,Masc,Sing,Anim,-0.2099294845896965,O
David,PROPN,NNMS1-----A----,flat,Nom,Masc,Sing,Anim,0.1048644226463004,B-P|B-pf
Attenborough,PROPN,NNMS1-----A----,flat,Nom,Masc,Sing,Anim,0.0944918948706313,I-P|B-ps
není,AUX,VB-S---3P-NAI--,cop,,,Sing,,-0.1942185453286895,O
jen,ADV,Db-------------,advmod:emph,,,,,0.2411456192575742,O
britský,ADJ,AAMS1----1A----,amod,Nom,Masc,Sing,Anim,-0.0046097873545896,O
hrdina,NOUN,NNMS1-----A----,ccomp,Nom,Masc,Sing,Anim,0.0085989957476105,O
",",PUNCT,Z:-------------,punct,,,,,0.1125498595545553,O
je,AUX,VB-S---3P-AAI--,cop,,,Sing,,-0.1730097105352657,O
to,DET,PDNS1----------,nsubj,Nom,Neut,Sing,,-0.1585872093877997,O
globální,ADJ,AAFS1----1A----,amod,Nom,Fem,Sing,,0.0281608750985402,O
ikona,NOUN,NNFS1-----A----,conj,Nom,Fem,Sing,,0.0058825552504811,O
.,PUNCT,Z:-------------,punct,,,,,0.0898433305260082,O
“,PUNCT,Z:-------------,punct,,,,,0.0383109635497769,O
Zobrazí,VERB,VB-S---3P-AAP--,root,,,Sing,,0.6175294343986256,O
se,PRON,P7-X4----------,expl:pass,Acc,,,,-0.4461007945202778,O
potvrzovací,ADJ,AAFS1----1A----,amod,Nom,Fem,Sing,,0.4908526419215256,O
obrazovka,NOUN,NNFS1-----A----,nsubj,Nom,Fem,Sing,,-0.0493524217125074,O
.,PUNCT,Z:-------------,punct,,,,,0.1102943703658807,O
Gormley,PROPN,NNMS1-----A----,nsubj,Nom,Masc,Sing,Anim,0.0966290946929337,B-ps
dodal,VERB,VpYS----R-AAP--,root,,Masc,Sing,,0.0032117342333053,O
:,PUNCT,Z:-------------,punct,,,,,-0.0548941482895412,O
"""",PUNCT,Z:-------------,punct,,,,,0.1660423672684822,O
"""",PUNCT,Z:-------------,punct,,,,,0.1056124123666953,O
síla,NOUN,NNFS1-----A----,nsubj,Nom,Fem,Sing,,0.0040076630738688,O
neurčuje,VERB,VB-S---3P-NAI--,ccomp,,,Sing,,0.0696115663188187,O
náležitou,ADJ,AAFS4----1A----,amod,Acc,Fem,Sing,,0.0185147314190955,O
prioritu,NOUN,NNFS4-----A----,obj,Acc,Fem,Sing,,-0.0240132549213099,O
prevence,NOUN,NNFS2-----A----,nmod,Gen,Fem,Sing,,0.2308376311748494,O
zločinu,NOUN,NNIS2-----A----,nmod,Gen,Masc,Sing,Inan,0.0273875171676276,O
.,PUNCT,Z:-------------,punct,,,,,0.2529261142455129,O
Chybí,VERB,VB-S---3P-AAI--,root,,,Sing,,0.2032112500294296,O
zde,ADV,Db-------------,advmod,,,,,-0.0758291216915088,O
strategické,ADJ,AANS1----1A----,amod,Nom,Neut,Sing,,0.044673931454653,O
řízení,NOUN,NNNS1-----A----,nsubj,Nom,Neut,Sing,,-0.0423789507411499,O
a,CCONJ,J^-------------,cc,,,,,0.0118690135139154,O
síla,NOUN,NNFS1-----A----,nsubj,Nom,Fem,Sing,,0.6706985467022356,O
nerozděluje,VERB,VB-S---3P-NAI--,conj,,,Sing,,0.0396252890736992,O
dostatek,NOUN,NNIS4-----A----,obj,Acc,Masc,Sing,Inan,0.0300777836984745,O
prostředků,NOUN,NNIP2-----A----,nmod,Gen,Masc,Plur,Inan,-0.0239486174294933,O
na,ADP,RR--4----------,case,Acc,,,,-0.0090894343504802,O
preventivní,ADJ,AAFS4----1A----,amod,Acc,Fem,Sing,,0.1590690558494032,O
práci,NOUN,NNFS4-----A----,nmod,Acc,Fem,Sing,,0.0033086936173317,O
.,PUNCT,Z:-------------,punct,,,,,0.0888174194951303,O
.,PUNCT,Z:-------------,punct,,,,,0.0004608608892378,O
.,PUNCT,Z:-------------,punct,,,,,-0.0235854757972658,O
Nereaguje,VERB,VB-S---3P-NAI--,root,,,Sing,,0.0313041831920635,O
vhodně,ADV,Dg-------1A----,advmod,,,,,0.0233832442615854,O
na,ADP,RR--4----------,case,Acc,,,,0.0031514248985368,O
zranitelné,ADJ,AAFP4----1A----,amod,Acc,Fem,Plur,,0.0302195507631389,O
osoby,NOUN,NNFP4-----A----,obl:arg,Acc,Fem,Plur,,-0.0240156686522103,O
",",PUNCT,Z:-------------,punct,,,,,0.0374298251228911,O
včetně,ADP,RR--2----------,case,Gen,,,,0.0035056200922516,O
dětí,NOUN,NNFP2-----A----,nmod,Gen,Fem,Plur,,-0.1044264943635732,O
.,PUNCT,Z:-------------,punct,,,,,0.0277722900070795,O
Chybí,VERB,VB-S---3P-AAI--,root,,,Sing,,0.1041568893397594,O
jim,PRON,PEXP3--3-------,obl:arg,Dat,,Plur,,0.0135295451703768,O
příležitost,NOUN,NNFS1-----A----,nsubj,Nom,Fem,Sing,,-0.039511819690073,O
je,PRON,PEXP4--3-------,obj,Acc,,Plur,,-0.0542057553481319,O
ochránit,VERB,Vf--------A-P--,acl,,,,,-0.0175095886002681,O
a,CCONJ,J^-------------,cc,,,,,0.0484145507155337,O
vystavit,VERB,Vf--------A-P--,conj,,,,,0.0570041534727353,O
je,PRON,PEXP4--3-------,obj,Acc,,Plur,,0.0273177378464372,O
riziku,NOUN,NNNS3-----A----,obl:arg,Dat,Neut,Sing,,0.086947464269838,O
.,PUNCT,Z:-------------,punct,,,,,0.0093342358037846,O
"""",PUNCT,Z:-------------,root,,,,,0.216851185578944,O
"""",PUNCT,Z:-------------,punct,,,,,0.0873026576873919,O
"""",PUNCT,Z:-------------,punct,,,,,0.2731996703626863,O
Pokud,SCONJ,"J,-------------",mark,,,,,0.0053931660851729,O
zákazníci,NOUN,NNMP1-----A----,nsubj,Nom,Masc,Plur,Anim,-0.1610819835507477,O
nejsou,AUX,VB-P---3P-NAI--,cop,,,Plur,,0.0562589686668859,O
plně,ADV,Dg-------1A----,advmod,,,,,-0.1578298720038665,O
spokojeni,ADJ,ACMP------A----,advcl,,Masc,Plur,Anim,-0.1042027376175057,O
s,ADP,RR--7----------,case,Ins,,,,0.0121741777374852,O
naším,DET,PSZS7-P1-------,det,Ins,"Masc,Neut",Sing,,-0.0320824519824214,O
produktem,NOUN,NNIS7-----A----,obl:arg,Ins,Masc,Sing,Inan,-0.046043298170889,O
",",PUNCT,Z:-------------,punct,,,,,0.2159279248511363,O
jednoduše,ADV,Dg-------1A----,advmod,,,,,-0.1633567548229957,O
nám,PRON,PP-P3--1-------,obl:arg,Dat,,Plur,,-0.003822260063589,O
vraťte,VERB,Vi-P---2--A-P--,root,,,Plur,,-0.0565357826280857,O
položku,NOUN,NNFS4-----A----,obj,Acc,Fem,Sing,,-0.0405811466752416,O
v,ADP,RR--6----------,case,Loc,,,,-0.1628310634153059,O
nepoužitém,ADJ,AAIS6----1N----,amod,Loc,Masc,Sing,Inan,-0.1122679367572477,O
stavu,NOUN,NNIS6-----A----,obl,Loc,Masc,Sing,Inan,-0.0469693915987577,O
a,CCONJ,J^-------------,cc,,,,,-0.0282748101528867,O
my,PRON,PP-P1--1-------,nsubj,Nom,,Plur,,-0.0929272041509925,O
zpracujeme,VERB,VB-P---1P-AAP--,conj,,,Plur,,-0.063582124942551,O
vrácení,NOUN,NNNS4-----A----,obj,Acc,Neut,Sing,,0.0336055782903457,O
peněz,NOUN,NNIP2-----A----,nmod,Gen,Masc,Plur,Inan,0.0710807431385702,O
",",PUNCT,Z:-------------,punct,,,,,0.3225756645025243,O
jakmile,SCONJ,"J,-------------",mark,,,,,0.0790556284173495,O
bude,AUX,VB-S---3F-AAI--,aux:pass,,,Sing,,0.0354705511538721,O
položka,NOUN,NNFS1-----A----,nsubj:pass,Nom,Fem,Sing,,-0.0085548981548744,O
přijata,ADJ,VsQW----X-APP--,advcl,,"Fem,Neut","Plur,Sing",,-0.0753971117913695,O
.,PUNCT,Z:-------------,punct,,,,,0.1273737204247952,O
Po,ADP,RR--6----------,case,Loc,,,,-0.7125450158687073,O
dokončení,NOUN,NNNS6-----A----,obl,Loc,Neut,Sing,,0.115735601128844,O
synchronizace,NOUN,NNFS2-----A----,nmod,Gen,Fem,Sing,,-0.0227642664618381,O
klepněte,VERB,Vi-P---2--A-P--,root,,,Plur,,0.0836855394070602,O
znovu,ADV,Db-------------,advmod,,,,,-0.089788561040245,O
na,ADP,RR--4----------,case,Acc,,,,-0.0579729160124737,O
Synchronizovat,VERB,Vf--------A-B--,xcomp,,,,,0.4677209327632896,O
nyní,ADV,Db-------------,advmod,,,,,0.0674636922067578,O
a,CCONJ,J^-------------,cc,,,,,0.0197914459929813,O
nainstalujte,VERB,Vi-P---2--A-P--,conj,,,Plur,,0.0321456305348264,O
všechny,DET,PLYP4----------,det,Acc,Masc,Plur,,-0.0607967225216859,O
dostupné,ADJ,AAIP4----1A----,amod,Acc,Masc,Plur,Inan,-0.0568057405910072,O
upgrady,NOUN,NNIP4-----A----,obj,Acc,Masc,Plur,Inan,0.0536620106759353,O
.,PUNCT,Z:-------------,punct,,,,,-0.0044038155978014,O
Bodnutí,ADJ,AAMP1----1A----,nsubj,Nom,Masc,Plur,Anim,-0.0133960108495812,O
nedostávají,VERB,VB-P---3P-NAI--,root,,,Plur,,0.2223260936523007,O
stejné,ADJ,AANS4----1A----,amod,Acc,Neut,Sing,,-0.041914139709975,O
zacházení,NOUN,NNNS4-----A----,obj,Acc,Neut,Sing,,0.0998949458045889,O
s,ADP,RR--7----------,case,Ins,,,,0.1685265522978557,O
tiskem,NOUN,NNIS7-----A----,nmod,Ins,Masc,Sing,Inan,0.0563358248394249,O
jako,SCONJ,"J,-------------",mark,,,,,-0.1420844597875134,O
střelby,NOUN,NNFP1-----A----,advcl,Nom,Fem,Plur,,-0.0376012558569745,O
.,PUNCT,Z:-------------,punct,,,,,0.7275064981457136,O
Všechny,DET,PLFP4----------,det,Acc,Fem,Plur,,-0.0265859100933202,O
objednávky,NOUN,NNFP4-----A----,obj,Acc,Fem,Plur,,0.0695601243870775,O
odesíláme,VERB,VB-P---1P-AAI--,root,,,Plur,,0.0185283992043741,O
odpovídajícím,ADJ,AGIS7-----A----,amod,Ins,Masc,Sing,Inan,0.0524447390613023,O
způsobem,NOUN,NNIS7-----A----,obl,Ins,Masc,Sing,Inan,-0.0721432463160168,O
",",PUNCT,Z:-------------,punct,,,,,0.0953976757161191,O
ale,CCONJ,J^-------------,cc,,,,,-0.0377511951296504,O
v,ADP,RR--6----------,case,Loc,,,,-0.1599134892851437,O
určitém,ADJ,AAIS6----1A----,amod,Loc,Masc,Sing,Inan,-0.0169781423449324,O
okamžiku,NOUN,NNIS6-----A----,obl,Loc,Masc,Sing,Inan,-0.0487302736684142,O
může,VERB,VB-S---3P-AAI--,conj,,,Sing,,-0.1230903318836764,O
být,AUX,Vf--------A-I--,cop,,,,,-0.0849234654775298,O
možné,ADJ,AANS1----1A----,xcomp,Nom,Neut,Sing,,-0.1134486139534684,O
",",PUNCT,Z:-------------,punct,,,,,-0.6842966654022362,O
že,SCONJ,"J,-------------",mark,,,,,0.0341180895926132,O
vaše,DET,PSHS1-P2-------,det,Nom,"Fem,Neut",Sing,,-0.0351925896006606,O
zakoupené,ADJ,AANS1----1A----,amod,Nom,Neut,Sing,,0.05922566999135,O
zboží,NOUN,NNNS1-----A----,nsubj,Nom,Neut,Sing,,-0.0614433785276529,O
nebude,AUX,VB-S---3F-NAI--,csubj,,,Sing,,-0.0370671455634708,O
na,ADP,RR--6----------,case,Loc,,,,-0.1510464991751223,O
skladě,NOUN,NNIS6-----A----,obl,Loc,Masc,Sing,Inan,-0.0346664127382234,O
.,PUNCT,Z:-------------,punct,,,,,0.4979648386953673,O
Gwyneth,PROPN,NNFXX-----A----,nsubj,,Fem,,,0.1892822182950841,B-P|B-pf
Paltrow,PROPN,NNFXX-----A----,flat,,Fem,,,0.1022054757308631,I-P|B-ps
řekla,VERB,VpQW----R-AAP--,root,,"Fem,Neut","Plur,Sing",,-0.2070282385300964,O
",",PUNCT,Z:-------------,punct,,,,,0.0548511852926841,O
že,SCONJ,"J,-------------",mark,,,,,0.0937755141181964,O
chce,VERB,VB-S---3P-AAI--,ccomp,,,Sing,,0.0768402478097341,O
vychovat,VERB,Vf--------A-P--,xcomp,,,,,-0.0698995449463276,O
své,DET,P8FP4---------1,det,Acc,Fem,Plur,,-0.0052268578808525,O
děti,NOUN,NNFP4-----A----,obj,Acc,Fem,Plur,,-0.274527563479403,O
",",PUNCT,Z:-------------,punct,,,,,0.0181251883064654,O
aby,AUX,Vc-------------,aux,,,,,0.1661694960187015,O
měly,VERB,VpTP----R-AAI--,advcl,,"Fem,Masc",Plur,Inan,-0.3840564052576625,O
dobrou,ADJ,AAFS4----1A----,amod,Acc,Fem,Sing,,-0.013374437625016,O
etiku,NOUN,NNFS4-----A----,obj,Acc,Fem,Sing,,-0.0890745638268787,O
hodnoty,NOUN,NNFS2-----A----,nmod,Gen,Fem,Sing,,0.1275926947597037,O
",",PUNCT,Z:-------------,punct,,,,,0.208163363210739,O
když,SCONJ,"J,-------------",mark,,,,,0.024867976291809,O
se,PRON,P7-X4----------,expl:pv,Acc,,,,0.0138290872285499,O
snaží,VERB,VB-S---3P-AAI--,advcl,,,Sing,,-0.209403637482308,O
nedávat,VERB,Vf--------N-I--,xcomp,,,,,0.4081522208278651,O
jim,PRON,PEXP3--3-------,obl:arg,Dat,,Plur,,-0.1235024071246619,O
jen,ADV,Db-------------,advmod:emph,,,,,0.0588830554556597,O
tak,ADV,Db-------------,advmod,,,,,-0.1097910429013755,O
věci“,NOUN,NNFP4-----A----,obj,Acc,Fem,Plur,,0.1347682357740685,O
.,PUNCT,Z:-------------,punct,,,,,-0.0184532550003638,O
Bála,VERB,VpQW----R-AAI--,root,,"Fem,Neut","Plur,Sing",,0.0467814363137976,O
jsem,AUX,VB-S---1P-AAI--,aux,,,Sing,,0.284108507833556,O
se,PRON,P7-X4----------,expl:pv,Acc,,,,-0.205325387437865,O
",",PUNCT,Z:-------------,punct,,,,,0.3436796149005595,O
že,SCONJ,"J,-------------",mark,,,,,0.3224114869142594,O
Covid,PROPN,NNIS1-----A----,nsubj,Nom,Masc,Sing,Inan,-0.1195799393201408,B-o_
bude,AUX,VB-S---3F-AAI--,cop,,,Sing,,-0.0918990045388942,O
horší,ADJ,AAIS1----2A----,ccomp,Nom,Masc,Sing,Inan,0.0530048490251311,O
.,PUNCT,Z:-------------,punct,,,,,-0.1516646575854326,O
KCNA,NOUN,BNXXX-----A----,nsubj,,,,,0.0800620278648904,B-io
konkrétně,ADV,Dg-------1A----,advmod,,,,,-0.1222246376915597,O
nezmiňovala,VERB,VpQW----R-NAI--,root,,"Fem,Neut","Plur,Sing",,-0.0053636590930231,O
",",PUNCT,Z:-------------,punct,,,,,0.1981597811027663,O
zda,SCONJ,"J,-------------",mark,,,,,-0.0727257156456025,O
byl,AUX,VpYS----R-AAI--,aux:pass,,Masc,Sing,,0.0209824493717824,O
jedinec,NOUN,NNMS1-----A----,nsubj:pass,Nom,Masc,Sing,Anim,0.0268179984788445,O
testován,ADJ,VsYS----X-API--,ccomp,,Masc,Sing,,-0.0462415306787703,O
",",PUNCT,Z:-------------,punct,,,,,0.1817932879046502,O
ale,CCONJ,J^-------------,cc,,,,,0.1841610007989783,O
uvedla,VERB,VpQW----R-AAP--,conj,,"Fem,Neut","Plur,Sing",,-0.1175292664044053,O
",",PUNCT,Z:-------------,punct,,,,,0.1243967284634116,O
že,SCONJ,"J,-------------",mark,,,,,-0.0515532276392892,O
došlo,VERB,VpNS----R-AAP--,ccomp,,Neut,Sing,,-0.0239284122651619,O
k,ADP,RR--3----------,case,Dat,,,,-0.3162388797821526,O
nejistému,ADJ,AAIS3----1N----,amod,Dat,Masc,Sing,Inan,0.0389092618795469,O
výsledku,NOUN,NNIS3-----A----,obl:arg,Dat,Masc,Sing,Inan,0.0206615782693221,O
několika,DET,Ca--2----------,det:nummod,Gen,,,,0.0150448306414973,O
lékařských,ADJ,AAFP2----1A----,amod,Gen,Fem,Plur,,0.1231464735399673,O
prohlídek,NOUN,NNFP2-----A----,nmod,Gen,Fem,Plur,,-0.0062664548454646,O
sekrece,NOUN,NNFS2-----A----,nmod,Gen,Fem,Sing,,0.0072770721640087,O
horních,ADJ,AAFP2----1A----,amod,Gen,Fem,Plur,,-0.0589878251030046,O
cest,NOUN,NNFP2-----A----,nmod,Gen,Fem,Plur,,-0.0302996199038354,O
dýchacích,ADJ,AAFP2----1A----,amod,Gen,Fem,Plur,,-0.0035338884693064,O
a,CCONJ,J^-------------,cc,,,,,-0.0842661561152483,O
krve,NOUN,NNFS2-----A----,conj,Gen,Fem,Sing,,-0.0150896218101263,O
této,DET,PDFS2----------,det,Gen,Fem,Sing,,0.0983085267443214,O
osoby“,NOUN,NNFS2-----A----,nmod,Gen,Fem,Sing,,0.1474806352933937,O
",",PUNCT,Z:-------------,punct,,,,,0.1755534338846643,O
což,PRON,PQ--1----------,nsubj,Nom,,,,-0.0416335685963969,O
vedlo,VERB,VpNS----R-AAI--,conj,,Neut,Sing,,-0.0133269728194701,O
úředníky,NOUN,NNMP4-----A----,obj,Acc,Masc,Plur,Anim,0.0148581622735462,O
ke,ADP,RV--3----------,case,Dat,,,,0.0981343226917887,O
karanténě,NOUN,NNFS3-----A----,obl,Dat,Fem,Sing,,0.0091675584502783,O
osoby,NOUN,NNFS2-----A----,nmod,Gen,Fem,Sing,,0.1602177655865622,O
a,CCONJ,J^-------------,cc,,,,,0.053932518123635,O
vyšetřování,NOUN,NNNS3-----A----,conj,Dat,Neut,Sing,,0.0665080360241952,O
kohokoli,PRON,PK--2----------,nmod,Gen,,,Inan,0.0737997369424652,O
",",PUNCT,Z:-------------,punct,,,,,0.1105152997867807,O
koho,PRON,PQ--2----------,obl:arg,Acc,,,Anim,0.0476621389170876,O
může,VERB,VB-S---3P-AAI--,acl:relcl,,,Sing,,0.0507819259790412,O
byli,AUX,VpMP----R-AAI--,xcomp,,Masc,Plur,Anim,0.0413792596103601,O
v,ADP,RR--6----------,case,Loc,,,,-0.1312333061634391,O
kontaktu,NOUN,NNIS6-----A----,obl,Loc,Masc,Sing,Inan,0.0099864641373857,O
s,ADP,RR--7----------,case,Ins,,,,0.0144438446990984,O
.,PUNCT,Z:-------------,punct,,,,,0.0994789992921539,O
Myslím,VERB,VB-S---1P-AAI--,ccomp,,,Sing,,0.3425754490639767,O
",",PUNCT,Z:-------------,punct,,,,,-0.0192101969608008,O
že,SCONJ,"J,-------------",mark,,,,,0.0246929850293641,O
je,AUX,VB-S---3P-AAI--,cop,,,Sing,,-0.0339960633829748,O
záměrem,NOUN,NNIS7-----A----,ccomp,Ins,Masc,Sing,Inan,0.0380244066291618,O
všech,DET,PLXP2----------,amod,Gen,,Plur,,-0.0857538106040952,O
",",PUNCT,Z:-------------,punct,,,,,0.0614002963168552,O
aby,AUX,Vc-------------,aux,,,,,0.1213459410877922,O
se,PRON,P7-X4----------,expl:pv,Acc,,,,0.0902382258316802,O
to,DET,PDNS1----------,nsubj,Nom,Neut,Sing,,0.0076928909274142,O
stalo,VERB,VpNS----R-AAP--,csubj,,Neut,Sing,,0.0693446340507858,O
v,ADP,RR--6----------,case,Loc,,,,0.2489271724269923,O
roce,NOUN,NNIS6-----A---1,obl,Loc,Masc,Sing,Inan,-0.0635957930659053,O
2019,NUM,C=-------------,nummod,,,,,0.1447317306325579,B-ty
",",PUNCT,Z:-------------,punct,,,,,0.6765207436251701,O
řekl,VERB,VpYS----R-AAP--,root,,Masc,Sing,,0.1787174246186789,O
Rep,PROPN,NNMS1-----A----,nsubj,Nom,Masc,Sing,Anim,-0.2270571118952798,B-P|B-pd
.,PUNCT,Z:-------------,punct,,,,,0.1095339790403836,I-P|I-pd
Jamie,PROPN,NNMS1-----A----,root,Nom,Masc,Sing,Anim,0.2284793490981869,I-P|B-pf
Raskin,PROPN,NNMS1-----A----,flat,Nom,Masc,Sing,Anim,-0.0445189001578987,I-P|B-ps
",",PUNCT,Z:-------------,punct,,,,,0.138484174720794,O
obhájce,NOUN,NNMS1-----A----,appos,Nom,Masc,Sing,Anim,0.1231140919457951,O
obžaloby,NOUN,NNFS2-----A----,nmod,Gen,Fem,Sing,,0.1782492868619741,O
a,CCONJ,J^-------------,cc,,,,,0.0650587127002682,O
člen,NOUN,NNMS1-----A----,conj,Nom,Masc,Sing,Anim,0.0353585681066688,O
Soudního,ADJ,AAIS2----1A----,amod,Gen,Masc,Sing,Inan,0.0455120132432374,B-io
výboru,NOUN,NNIS2-----A----,nmod,Gen,Masc,Sing,Inan,0.0816297997793155,I-io
.,PUNCT,Z:-------------,punct,,,,,0.0950601116725446,O
Půjde,VERB,VB-S---3F-AAI--,root,,,Sing,,0.148595896123232,O
zaneřádit,VERB,Vf--------A-P--,xcomp,,,,,0.3791461230785224,O
jiné,ADJ,AANS4----1A----,amod,Acc,Neut,Sing,,-0.0708009322170734,O
pracoviště,NOUN,NNNS4-----A----,obj,Acc,Neut,Sing,,0.5679046371474767,O
",",PUNCT,Z:-------------,punct,,,,,0.132030677916347,O
ale,CCONJ,J^-------------,cc,,,,,0.1478904954908168,O
aspoň,ADV,Db-------------,advmod:emph,,,,,-0.129591380475837,O
ne,PART,TT-------------,advmod:emph,,,,,0.0268856721427291,O
to,DET,PDNS4----------,conj,Acc,Neut,Sing,,-0.1201175072581328,O
moje,DET,PSHS1-S1-------,det,Acc,Neut,Sing,,-0.3870027581352325,O
.,PUNCT,Z:-------------,punct,,,,,-0.2300706502691094,O
Proto,CCONJ,J^-------------,cc,,,,,0.1506618973420309,O
tady,ADV,Db-------------,advmod,,,,,-0.1425987591645133,O
ta,DET,PDFS1----------,det,Nom,Fem,Sing,,-0.0802259780983566,O
úžasná,ADJ,AAFS1----1A----,amod,Nom,Fem,Sing,,0.1483501982948429,O
loď,NOUN,NNFS1-----A----,nsubj,Nom,Fem,Sing,,-0.0899093166320356,O
bude,AUX,VB-S---3F-AAI--,root,,,Sing,,0.059356289859566,O
",",PUNCT,Z:-------------,punct,,,,,0.0704100408786224,O
aby,AUX,Vc-------------,aux,,,,,0.1189758899038178,O
zjistila,VERB,VpQW----R-AAP--,advcl,,"Fem,Neut","Plur,Sing",,-0.0963689320978898,O
fakta,NOUN,NNNP4-----A----,obj,Acc,Neut,Plur,,-0.3797712552705961,O
a,CCONJ,J^-------------,cc,,,,,-0.1421026473951992,O
našla,VERB,VpQW----R-AAP--,conj,,"Fem,Neut","Plur,Sing",,0.0833530514205681,O
vědu,NOUN,NNFS4-----A----,obj,Acc,Fem,Sing,,0.2433220705758761,O
",",PUNCT,Z:-------------,punct,,,,,0.0953246433053591,O
s,ADP,RR--7----------,case,Ins,,,,0.1112986442640166,O
níž,PRON,P4FS7----------,obl,Ins,Fem,Sing,,0.1215277765498921,O
se,PRON,P7-X4----------,expl:pv,Acc,,,,0.1394324216868843,O
vypořádá,VERB,VB-S---3P-AAP--,acl:relcl,,,Sing,,0.1193141114392025,O
s,ADP,RR--7----------,case,Ins,,,,0.0506989747286024,O
problémy,NOUN,NNIP7-----A----,obl:arg,Ins,Masc,Plur,Inan,-0.052466982064457,O
",",PUNCT,Z:-------------,punct,,,,,-0.0632200729236798,O
s,ADP,RR--7----------,case,Ins,,,,-0.0649268282481047,O
nimiž,PRON,P4XP7---------1,obl:arg,Ins,,Plur,,0.1826309264298385,O
se,PRON,P7-X4----------,expl:pv,Acc,,,,-0.0021062613725616,O
dnes,ADV,Db-------------,advmod,,,,,0.0122893742067599,O
svět,NOUN,NNIS1-----A----,nsubj,Nom,Masc,Sing,Inan,-0.068031570653268,O
potýká,VERB,VB-S---3P-AAI--,acl:relcl,,,Sing,,0.1827176162586456,O
a,CCONJ,J^-------------,cc,,,,,-0.2170841196476905,O
zítra,ADV,Db-------------,advmod,,,,,0.0045342244384988,O
bude,AUX,VB-S---3F-AAI--,aux,,,Sing,,0.125366591992227,O
stále,ADV,Dg-------1A----,advmod,,,,,0.1081684274268589,O
častěji,ADV,Dg-------2A----,advmod,,,,,0.2523532471509237,O
potýkat,VERB,Vf--------A-I--,conj,,,,,0.0563960804109647,O
.,PUNCT,Z:-------------,punct,,,,,0.2469436383099348,O
“,PUNCT,Z:-------------,punct,,,,,0.0517246122656774,O
Velká,ADJ,AAFS1----1A----,amod,Nom,Fem,Sing,,-0.0030530537695702,O
část,NOUN,NNFS1-----A----,nsubj,Nom,Fem,Sing,,-0.1010322704479746,O
západního,ADJ,AANS2----1A----,amod,Gen,Neut,Sing,,0.0186019707253304,O
Srbska,PROPN,NNNS2-----A----,nmod,Gen,Neut,Sing,,0.0804244712184845,B-gc
byla,AUX,VpQW----R-AAI--,root,,"Fem,Neut","Plur,Sing",,-0.1437204463122173,O
bez,ADP,RR--2----------,case,Gen,,,,0.0521925334220649,O
elektřiny,NOUN,NNFS2-----A----,obl,Gen,Fem,Sing,,0.0253023555373393,O
",",PUNCT,Z:-------------,punct,,,,,0.3771592755500325,O
úřady,NOUN,NNIP1-----A----,nsubj,Nom,Masc,Plur,Inan,0.0693818259323469,O
varovaly,VERB,VpTP----R-AAI--,conj,,"Fem,Masc",Plur,Inan,-0.1185096165012443,O
před,ADP,RR--7----------,case,Ins,,,,0.0390287659169476,O
zbytečným,ADJ,AANS7----1A----,amod,Ins,Neut,Sing,,0.1153775761651006,O
cestováním,NOUN,NNNS7-----A----,obl:arg,Ins,Neut,Sing,,0.0723321278871894,O
a,CCONJ,J^-------------,cc,,,,,0.0739434182654999,O
vyzvaly,VERB,VpTP----R-AAP--,conj,,"Fem,Masc",Plur,Inan,0.0149040312977129,O
obyvatele,NOUN,NNMP4-----A----,iobj,Acc,Masc,Plur,Anim,0.0109029323008899,O
Srbska,PROPN,NNNS2-----A----,nmod,Gen,Neut,Sing,,0.056733243654775,B-gc
",",PUNCT,Z:-------------,punct,,,,,0.356496922341814,O
aby,AUX,Vc-------------,aux,,,,,0.2455967345706257,O
šetřili,VERB,VpMP----R-AAI--,ccomp,,Masc,Plur,Anim,0.0309309794891297,O
energií,NOUN,NNFS7-----A----,obl,Ins,Fem,Sing,,0.1248321553143947,O
.,PUNCT,Z:-------------,punct,,,,,0.1070032185418286,O
Mezi,ADP,RR--4----------,case,Acc,,,,0.0531975744297436,O
tyto,DET,PDFP4----------,det,Acc,Fem,Plur,,0.5784161214915244,O
další,ADJ,AAFP4----1A----,amod,Acc,Fem,Plur,,-0.1250223290361081,O
síly,NOUN,NNFP4-----A----,obl,Acc,Fem,Plur,,0.2190671643451656,O
patří,VERB,VB-P---3P-AAI--,root,,,Plur,,-0.3154524928699183,O
dvě,NUM,CnHP1----------,nummod,Nom,"Fem,Neut",Plur,,-0.1900662851655097,O
raketové,ADJ,AAFP1----1A----,amod,Nom,Fem,Plur,,0.2010250167643973,O
dělostřelecké,ADJ,AAFP1----1A----,amod,Nom,Fem,Plur,,0.0600398632118512,O
baterie,NOUN,NNFP1-----A----,nsubj,Nom,Fem,Plur,,-0.0579950182279641,O
Patriot,PROPN,NNIS1-----A----,nmod,Nom,Masc,Sing,Inan,0.250221005129489,B-op
a,CCONJ,J^-------------,cc,,,,,-0.0774244686668542,O
jedna,NUM,CnFS1----------,nummod,Nom,Fem,Sing,,-0.0940727556119371,O
terminálová,ADJ,AAFS1----1A----,amod,Nom,Fem,Sing,,0.1103248150746277,O
vysoká,ADJ,AAFS1----1A----,amod,Nom,Fem,Sing,,0.0729162931958657,O
nadmořská,ADJ,AAFS1----1A----,amod,Nom,Fem,Sing,,0.0614859865727362,O
obrana,NOUN,NNFS1-----A----,conj,Nom,Fem,Sing,,-0.0230591827396615,O
oblasti,NOUN,NNFS2-----A----,nmod,Gen,Fem,Sing,,-0.0916447933713597,O
",",PUNCT,Z:-------------,punct,,,,,0.2241476432469996,O
nebo,CCONJ,J^-------------,cc,,,,,-0.0111089665265957,O
systém,NOUN,NNIS1-----A----,conj,Nom,Masc,Sing,Inan,0.0709809928467591,O
protiraketové,ADJ,AAFS2----1A----,amod,Gen,Fem,Sing,,0.210532980157187,O
obrany,NOUN,NNFS2-----A----,nmod,Gen,Fem,Sing,,0.0553337688869325,O
THAAD,NOUN,BNXXX-----A----,nmod,,,,,0.00891497975087,B-op
.,PUNCT,Z:-------------,punct,,,,,0.0876193048558977,O
Naše,DET,PSIP1-P1-------,det,Nom,Masc,Plur,Inan,0.1992298086792437,O
týmy,NOUN,NNIP1-----A----,nsubj,Nom,Masc,Plur,Inan,0.0530966246563835,O
bezpečnostních,ADJ,AAMP2----1A----,amod,Gen,Masc,Plur,Anim,0.1674996374678326,O
expertů,NOUN,NNMP2-----A----,nmod,Gen,Masc,Plur,Anim,0.2015653190280269,O
neustále,ADV,Dg-------1A----,advmod,,,,,-0.2057217101135856,O
analyzují,VERB,VB-P---3P-AAI--,root,,,Plur,,0.021833038831865,O
nové,ADJ,AAFP4----1A----,amod,Acc,Fem,Plur,,-0.0346455185462432,O
hrozby,NOUN,NNFP4-----A----,obj,Acc,Fem,Plur,,0.1588095004204451,O
a,CCONJ,J^-------------,cc,,,,,-0.085979629820719,O
vymýšlejí,VERB,VB-P---3P-AAI--,conj,,,Plur,,0.0421844829864902,O
nové,ADJ,AAIP4----1A----,amod,Acc,Masc,Plur,Inan,0.1017539648667932,O
způsoby,NOUN,NNIP4-----A----,obj,Acc,Masc,Plur,Inan,-0.2324258761578799,O
",",PUNCT,Z:-------------,punct,,,,,0.1818648223519187,O
jak,ADV,Db-------------,advmod,,,,,0.0642123874694349,O
vaše,DET,PSXP4-P2-------,det,Acc,,Plur,,0.2775544905583161,O
zařízení,NOUN,NNNP4-----A----,obj,Acc,Neut,Plur,,-0.2083689048813072,O
před,ADP,RR--7----------,case,Ins,,,,0.2692041108280705,O
nimi,PRON,PEXP7--3------1,obl:arg,Ins,,Plur,,0.0581665670846482,O
ochránit,VERB,Vf--------A-P--,acl,,,,,-0.0699703008903379,O
.,PUNCT,Z:-------------,punct,,,,,-0.1841937606149443,O
Čtyřnásobný,ADJ,AAMS1----1A----,amod,Nom,Masc,Sing,Anim,0.4920559122680565,O
All-Pro,X,F%-------------,flat:foreign,,,,,0.0993801456689666,B-op
wide,X,F%-------------,flat:foreign,,,,,0.0685385024544531,I-op
receiver,X,F%-------------,flat:foreign,,,,,0.0894583608825098,O
napsal,VERB,VpYS----R-AAP--,root,,Masc,Sing,,-0.0072427495171774,O
ve,ADP,RV--4----------,case,Acc,,,,-0.0331171476376053,O
čtvrtek,NOUN,NNIS4-----A----,obl,Acc,Masc,Sing,Inan,0.0362705408077008,O
na,ADP,RR--6----------,case,Loc,,,,0.0166245327927474,O
Twitteru,NOUN,NNIS6-----A----,obl,Loc,Masc,Sing,Inan,0.0042352395496909,O
:,PUNCT,Z:-------------,punct,,,,,0.0367095101945373,O
Jsem,AUX,VB-S---1P-AAI--,cop,,,Sing,,-0.0229791488723993,O
stále,ADV,Dg-------1A----,advmod,,,,,-0.0296409415006181,O
nejlepší,ADJ,AAMS1----3A----,ccomp,Nom,Masc,Sing,Anim,-0.0477060991917494,O
",",PUNCT,Z:-------------,punct,,,,,-0.0130126299453855,O
proč,ADV,Db-------------,advmod,,,,,-0.028594523912689,O
přestat,VERB,Vf--------A-P--,csubj,,,,,-0.0439491037089688,O
teď,ADV,Db-------------,advmod,,,,,-0.0740636070748387,O
.,PUNCT,Z:-------------,punct,,,,,-0.1573585160337604,O
“,PUNCT,Z:-------------,punct,,,,,0.0247496777591366,O
Následoval,VERB,VpYS----R-AAI--,root,,Masc,Sing,,0.1052520184734559,O
s,ADP,RR--7----------,case,Ins,,,,0.0990106202333638,O
návrhem,NOUN,NNIS7-----A----,obl,Ins,Masc,Sing,Inan,0.0590390934224459,O
",",PUNCT,Z:-------------,punct,,,,,0.1064820714702481,O
že,SCONJ,"J,-------------",mark,,,,,0.0636073029234218,O
ho,PRON,P5ZS4--3-------,obj,Acc,"Masc,Neut",Sing,,0.1169379984070768,O
hra,NOUN,NNFS1-----A----,nsubj,Nom,Fem,Sing,,0.0002210361084912,O
potřebuje,VERB,VB-S---3P-AAI--,acl,,,Sing,,-0.0035484402169876,O
.,PUNCT,Z:-------------,punct,,,,,-0.1929952759967992,O
Vyrobeno,ADJ,VsNS----X-APP--,root,,Neut,Sing,,0.0414658880806832,O
z,ADP,RR--2----------,case,Gen,,,,0.1131651740838885,O
vnitřní,ADJ,AAFS2----1A----,amod,Gen,Fem,Sing,,0.0418666304474349,O
kůry,NOUN,NNFS2-----A----,obl:arg,Gen,Fem,Sing,,-0.0076745585195444,O
stromu,NOUN,NNIS2-----A----,nmod,Gen,Masc,Sing,Inan,0.084883717052065,O
Cinnamomum,PROPN,NNNS1-----A----,nmod,Nom,Neut,Sing,,0.003535013307437,B-o_
",",PUNCT,Z:-------------,punct,,,,,0.2160854059029459,O
skořice,NOUN,NNFS1-----A----,nsubj,Nom,Fem,Sing,,0.0698409653381447,O
je,AUX,VB-S---3P-AAI--,cop,,,Sing,,-0.1051075802120617,O
široce,ADV,Db-------------,advmod,,,,,-0.0267088024033607,O
populární,ADJ,AANS1----1A----,amod,Nom,Neut,Sing,,0.318006397298768,O
koření,NOUN,NNNS1-----A----,conj,Nom,Neut,Sing,,0.0361023359183327,O
",",PUNCT,Z:-------------,punct,,,,,0.1463343908342771,O
získává,VERB,VB-S---3P-AAI--,conj,,,Sing,,-0.0021125213574813,O
si,PRON,P7--3----------,obl,Dat,,,,0.0091032865518194,O
místo,NOUN,NNNS4-----A----,obj,Acc,Neut,Sing,,0.0131761944678378,O
v,ADP,RR--6----------,case,Loc,,,,-0.0328830503360547,O
široké,ADJ,AAFS6----1A----,amod,Loc,Fem,Sing,,-0.0068021462772581,O
škále,NOUN,NNFS6-----A----,obl,Loc,Fem,Sing,,0.1854302183299003,O
potravin,NOUN,NNFP2-----A----,nmod,Gen,Fem,Plur,,-0.0299486900869691,O
a,CCONJ,J^-------------,cc,,,,,-0.0614508091843992,O
dokonce,ADV,Db-------------,advmod:emph,,,,,-0.1116939623880867,O
se,PRON,P7-X4----------,expl:pv,Acc,,,,0.0948512703648734,O
stává,VERB,VB-S---3P-AAI--,conj,,,Sing,,0.0450712973360522,O
příchutí,NOUN,NNFS7-----A----,obl:arg,Ins,Fem,Sing,,0.1314720398951354,O
sám,DET,PLYS1----------,xcomp,Nom,Masc,Sing,,0.0483785074927309,O
.,PUNCT,Z:-------------,punct,,,,,-0.2601933118055172,O
Ne,PART,TT-------------,advmod:emph,,,,,0.193443379782622,O
méně,ADV,Dg-------2A----,nsubj:pass,,,,,-0.0493082264345004,O
než,SCONJ,"J,-------------",mark,,,,,0.1686678323105332,O
12,NUM,C=-------------,obl,,,,,0.0933492024338584,B-nc
hvězd,NOUN,NNFP2-----A----,nmod,Gen,Fem,Plur,,0.0913586581729037,O
prvního,ADJ,CrIS2----------,amod,Gen,Masc,Sing,Inan,-0.2299067503542884,O
týmu,NOUN,NNIS2-----A----,nmod,Gen,Masc,Sing,Inan,0.1886159572879759,O
byly,AUX,VpTP----R-AAI--,aux:pass,,"Fem,Masc",Plur,Inan,0.3299429265438037,O
převedeny,ADJ,VsTP----X-APP--,ccomp,,"Fem,Masc",Plur,Inan,-0.0501245956616048,O
do,ADP,RR--2----------,case,Gen,,,,-0.0376453427301712,O
seznamu,NOUN,NNIS2-----A----,obl,Gen,Masc,Sing,Inan,-0.0580664079259372,O
La,X,F%-------------,nmod,,,,,-0.2956811795659556,B-ic
Liga,X,F%-------------,flat:foreign,,,,,0.1029160989259156,I-ic
gigantů,NOUN,NNMP2-----A----,nmod,Gen,Masc,Plur,Anim,0.030027909377895,I-ic
",",PUNCT,Z:-------------,punct,,,,,0.1378651631134454,O
tvrdí,VERB,VB-S---3P-AAI--,root,,,Sing,,-0.2479860324588939,O
Marca,PROPN,NNFS1-----A----,nsubj,Nom,Fem,Sing,,0.0627345216422625,B-ic
.,PUNCT,Z:-------------,punct,,,,,0.0289326971509957,O
V,ADP,RR--6----------,case,Loc,,,,-0.2738310109166051,O
roce,NOUN,NNIS6-----A---1,obl,Loc,Masc,Sing,Inan,-0.0247498285533437,O
2012,NUM,C=-------------,nummod,,,,,-0.0008835399047693,B-ty
automobilka,NOUN,NNFS1-----A----,nsubj,Nom,Fem,Sing,,-0.0007051549405935,O
Hyundai,PROPN,NNIS1-----A----,nmod,Nom,Masc,Sing,Inan,-0.0507496410780118,B-if
pustila,VERB,VpQW----R-AAP--,root,,"Fem,Neut","Plur,Sing",,-0.0188999362938051,O
40,NUM,C=-------------,nummod:gov,,,,,0.1664898708615317,B-nc
opic,NOUN,NNFP2-----A----,obj,Gen,Fem,Plur,,-0.0153510314779368,O
z,ADP,RR--2----------,case,Gen,,,,0.5687426751813242,O
parku,NOUN,NNIS2-----A----,obl,Gen,Masc,Sing,Inan,-0.0014578049685088,O
na,ADP,RR--4----------,case,Acc,,,,0.2013241027967546,O
10,NUM,C=-------------,nummod:gov,,,,,0.0678924723328446,B-nc
hodin,NOUN,NNFP2-----A----,obl,Gen,Fem,Plur,,0.0887169175914615,O
na,ADP,RR--4----------,case,Acc,,,,0.117097459563054,O
svůj,DET,P8IS4----------,det,Acc,Masc,Sing,Inan,0.0076349210367248,O
model,NOUN,NNIS4-----A----,obl,Acc,Masc,Sing,Inan,-0.0734565709673234,O
New,X,F%-------------,nmod,,,,,0.1583538230064257,B-op
Generation,X,F%-------------,flat:foreign,,,,,0.0291923638251445,I-op
i30,NUM,C=-------------,conj,,,,,0.0230159755980905,I-op
",",PUNCT,Z:-------------,punct,,,,,0.0334318757942932,O
aby,AUX,Vc-------------,aux,,,,,0.2123271252220872,O
dokázala,VERB,VpQW----R-AAP--,advcl,,"Fem,Neut","Plur,Sing",,0.1220677078282922,O
",",PUNCT,Z:-------------,punct,,,,,-0.0842491274069477,O
že,SCONJ,"J,-------------",mark,,,,,0.0223389380963172,O
má,VERB,VB-S---3P-AAI--,ccomp,,,Sing,,-0.0477670352931513,O
sílu,NOUN,NNFS4-----A----,obj,Acc,Fem,Sing,,0.0278759292320547,O
pro,ADP,RR--4----------,case,Acc,,,,0.4109091649278126,O
rodiny,NOUN,NNFP4-----A----,nmod,Acc,Fem,Plur,,-0.0937974233295625,O
s,ADP,RR--7----------,case,Ins,,,,0.1092785292310711,O
malými,ADJ,AAFP7----1A----,amod,Ins,Fem,Plur,,0.1782926120324242,O
dětmi,NOUN,NNFP7-----A----,nmod,Ins,Fem,Plur,,-0.0941910020375933,O
.,PUNCT,Z:-------------,punct,,,,,-0.3682102609692558,O
Poblíž,ADV,Db-------------,advmod,,,,,0.1039116524932436,O
je,AUX,VB-S---3P-AAI--,root,,,Sing,,-0.2552982925331881,O
teď,ADV,Db-------------,advmod,,,,,0.077001745997746,O
manažer,NOUN,NNMS1-----A----,nsubj,Nom,Masc,Sing,Anim,0.1401234614138546,O
",",PUNCT,Z:-------------,punct,,,,,0.0396359567385082,O
tak,CCONJ,J^-------------,cc,,,,,0.0428700938243252,O
jsem,AUX,VB-S---1P-AAI--,aux,,,Sing,,0.0099788194238054,O
se,PRON,P7-X4----------,expl:pv,Acc,,,,0.2867728670809335,O
ho,PRON,P5ZS2--3-------,obl:arg,Gen,"Masc,Neut",Sing,,-0.0198181263623317,O
zeptala,VERB,VpQW----R-AAP--,conj,,"Fem,Neut","Plur,Sing",,0.0333689139076833,O
",",PUNCT,Z:-------------,punct,,,,,0.1281969689300481,O
jestli,SCONJ,"J,-------------",mark,,,,,-0.0082758838291056,O
jí,PRON,PEFS3--3------1,obl:arg,Dat,Fem,Sing,,0.6157452221724268,O
může,VERB,VB-S---3P-AAI--,ccomp,,,Sing,,0.0660934504972126,O
pomoct,VERB,Vf--------A-P-1,xcomp,,,,,0.0459369331373415,O
",",PUNCT,Z:-------------,punct,,,,,0.1382833071781747,O
a,CCONJ,J^-------------,cc,,,,,0.0448054595701348,O
řekla,VERB,VpQW----R-AAP--,conj,,"Fem,Neut","Plur,Sing",,0.0354946206145279,O
jsem,AUX,VB-S---1P-AAI--,aux,,,Sing,,-0.0210219411342717,O
mu,PRON,P5ZS3--3-------,obl:arg,Dat,"Masc,Neut",Sing,,-0.0068766980546983,O
",",PUNCT,Z:-------------,punct,,,,,0.116678993736638,O
že,SCONJ,"J,-------------",mark,,,,,0.044713282070965,O
jsem,AUX,VB-S---1P-AAI--,aux,,,Sing,,-0.0015743991606399,O
si,PRON,P7--3----------,expl:pv,Dat,,,,-0.0449116181489047,O
myslela,VERB,VpQW----R-AAI--,ccomp,,"Fem,Neut","Plur,Sing",,0.0629896478382591,O
",",PUNCT,Z:-------------,punct,,,,,0.0239574553186381,O
že,SCONJ,"J,-------------",mark,,,,,0.1425956723400875,O
jsou,AUX,VB-P---3P-AAI--,ccomp,,,Plur,,-0.1987425749023942,O
na,ADP,RR--6----------,case,Loc,,,,0.1451288241708526,O
sedmičce,NOUN,NNFS6-----A----,obl,Loc,Fem,Sing,,0.0442481234762949,O
",",PUNCT,Z:-------------,punct,,,,,0.1009364672410169,O
ale,CCONJ,J^-------------,cc,,,,,0.2710997899494689,O
ona,PRON,PEFS1--3-------,nsubj,Nom,Fem,Sing,,0.0041421232038891,O
řekla,VERB,VpQW----R-AAP--,conj,,"Fem,Neut","Plur,Sing",,0.0386464271722256,O
",",PUNCT,Z:-------------,punct,,,,,0.067740358314756,O
že,SCONJ,"J,-------------",mark,,,,,0.0029493286590492,O
ne,PART,TT-------------,dep,,,,,0.0692188681744216,O
.,PUNCT,Z:-------------,punct,,,,,-0.0784828246542412,O
Otázka,NOUN,NNFS1-----A----,root,Nom,Fem,Sing,,0.1008677808422792,O
:,PUNCT,Z:-------------,punct,,,,,0.1339790821310505,O
Mohu,VERB,VB-S---1P-AAI-1,root,,,Sing,,0.6704738103058874,O
mít,VERB,Vf--------A-I--,xcomp,,,,,0.1361805365391176,O
míry,NOUN,NNFP4-----A----,obj,Acc,Fem,Plur,,0.5294160053139141,O
položky,NOUN,NNFS2-----A----,nmod,Gen,Fem,Sing,,0.3065902938285649,O
?,PUNCT,Z:-------------,punct,,,,,-0.2470936116942626,O
Imam,PROPN,NNMS1-----A----,nsubj:pass,Nom,Masc,Sing,Anim,0.5735589788936654,B-p_
z,ADP,RR--2----------,case,Gen,,,,-0.0479246201442176,O
týmu,NOUN,NNIS2-----A----,nmod,Gen,Masc,Sing,Inan,0.0475305754460634,O
PCB,NOUN,BNXXX-----A----,nmod,,,,,-0.0469032233584729,B-ic
Whites,X,F%-------------,nmod,,,,,0.0913134644197546,I-ic
byl,AUX,VpYS----R-AAI--,aux:pass,,Masc,Sing,,0.0165150298037113,O
zasažen,ADJ,VsYS----X-APP-1,root,,Masc,Sing,,0.0199040328483118,O
do,ADP,RR--2----------,case,Gen,,,,0.0543963720637949,O
levé,ADJ,AAFS2----1A----,amod,Gen,Fem,Sing,,0.0287962516531236,O
ruky,NOUN,NNFS2-----A----,obl,Gen,Fem,Sing,,0.0557292589795701,O
při,ADP,RR--6----------,case,Loc,,,,0.0312774258291841,O
odpalování,NOUN,NNNS6-----A----,obl,Loc,Neut,Sing,,0.1595862267721824,O
proti,ADP,RR--3----------,case,Dat,,,,0.3434882907557741,O
Naseemu,PROPN,NNMS3-----A---1,nmod,Dat,Masc,Sing,Anim,0.1464312803428084,B-P|B-pf
Shahovi,PROPN,NNMS3-----A----,flat,Dat,Masc,Sing,Anim,0.3352743652627794,I-P|B-ps
z,ADP,RR--2----------,case,Gen,,,,-0.0650378178433605,O
týmu,NOUN,NNIS2-----A----,nmod,Gen,Masc,Sing,Inan,0.1165818050126402,O
PCB,NOUN,BNXXX-----A----,nmod,,,,,0.0580285921236502,B-ic
Greens,X,F%-------------,nmod,,,,,0.332236722225942,I-ic
v,ADP,RR--6----------,case,Loc,,,,0.0113628952386247,O
prvním,ADJ,CrIS6----------,amod,Loc,Masc,Sing,Inan,0.0269969948347895,O
dni,NOUN,NNIS6-----A---1,obl,Loc,Masc,Sing,Inan,0.1118620751956112,O
zápasu,NOUN,NNIS2-----A----,nmod,Gen,Masc,Sing,Inan,0.0582307858921819,O
.,PUNCT,Z:-------------,punct,,,,,0.1603221476989172,O
Obvykle,ADV,Dg-------1A----,advmod,,,,,-0.0527389822386644,O
začíná,VERB,VB-S---3P-AAI--,root,,,Sing,,-0.1976572281426042,O
na,ADP,RR--4----------,case,Acc,,,,-0.158449346576471,O
3,NUM,C=-------------,obl,,,,,-0.1662611562508284,B-nc
nebo,CCONJ,J^-------------,cc,,,,,0.2012067460141076,O
více,ADV,Dg-------2A----,conj,,,,,-0.2462937972484988,O
položek,NOUN,NNFP2-----A----,obl,Gen,Fem,Plur,,0.3325338335649401,O
získat,VERB,Vf--------A-P--,xcomp,,,,,-0.3408101165858769,O
slevu,NOUN,NNFS4-----A----,obj,Acc,Fem,Sing,,0.0345316946516381,O
.,PUNCT,Z:-------------,punct,,,,,0.1861463624290242,O
Kdokoli,PRON,PK--1----------,nsubj,Nom,,,Anim,0.2284476299607075,O
s,ADP,RR--7----------,case,Ins,,,,-0.0223005868974182,O
exploitem,NOUN,NNIS7-----A----,nmod,Ins,Masc,Sing,Inan,0.0895743634086561,O
může,VERB,VB-S---3P-AAI--,root,,,Sing,,-0.1210607574159691,O
získat,VERB,Vf--------A-P--,xcomp,,,,,-0.0093221051270695,O
plný,ADJ,AAIS4----1A----,amod,Acc,Masc,Sing,Inan,0.0043938869698894,O
přístup,NOUN,NNIS4-----A----,obj,Acc,Masc,Sing,Inan,-0.0746867661517709,O
k,ADP,RR--3----------,case,Dat,,,,-0.096161152805946,O
počítači,NOUN,NNIS3-----A----,nmod,Dat,Masc,Sing,Inan,0.1461169115674405,O
bez,ADP,RR--2----------,case,Gen,,,,0.276722356334549,O
záplaty,NOUN,NNFS2-----A----,nmod,Gen,Fem,Sing,,0.2844009303607627,O
",",PUNCT,Z:-------------,punct,,,,,0.258340927910124,O
který,DET,P4YS1----------,nsubj,Nom,Masc,Sing,,-0.4029936427662264,O
používá,VERB,VB-S---3P-AAI--,acl:relcl,,,Sing,,-0.0558907023091855,O
software,NOUN,NNIS4-----A----,obj,Acc,Masc,Sing,Inan,0.157066257494196,O
.,PUNCT,Z:-------------,punct,,,,,-0.5872798532301702,O
Prodlužovací,ADJ,AAFP1----1A----,amod,Nom,Fem,Plur,,0.2683853221866213,O
trubky,NOUN,NNFP1-----A----,nsubj,Nom,Fem,Plur,,0.1252168663035707,O
jsou,AUX,VB-P---3P-AAI--,cop,,,Plur,,-0.1674109090824135,O
kovové,ADJ,AAFP1----1A----,amod,Nom,Fem,Plur,,-0.0491656861620236,O
trubky,NOUN,NNFP1-----A----,root,Nom,Fem,Plur,,0.0939134598149384,O
s,ADP,RR--7----------,case,Ins,,,,0.0958129233256005,O
držákem,NOUN,NNIS7-----A----,nmod,Ins,Masc,Sing,Inan,0.1164556409033272,O
zadního,ADJ,AAIS2----1A----,amod,Gen,Masc,Sing,Inan,0.1516784566606832,O
objektivu,NOUN,NNIS2-----A----,nmod,Gen,Masc,Sing,Inan,0.6414989519067725,O
na,ADP,RR--6----------,case,Loc,,,,-0.1209955865953627,O
jednom,NUM,CnZS6----------,nummod,Loc,"Masc,Neut",Sing,,-0.1060124172573813,O
konci,NOUN,NNIS6-----A----,nmod,Loc,Masc,Sing,Inan,0.029976560763469,O
a,CCONJ,J^-------------,cc,,,,,-0.1022103636383613,O
držákem,NOUN,NNIS7-----A----,conj,Ins,Masc,Sing,Inan,0.0661113657564991,O
těla,NOUN,NNNS2-----A----,nmod,Gen,Neut,Sing,,-0.1386541338154526,O
kamery,NOUN,NNFS2-----A----,nmod,Gen,Fem,Sing,,-0.0028164222130516,O
na,ADP,RR--6----------,case,Loc,,,,-0.0864150038774691,O
druhém,ADJ,CrIS6----------,amod,Loc,Masc,Sing,Inan,0.1300109128790085,O
konci,NOUN,NNIS6-----A----,nmod,Loc,Masc,Sing,Inan,0.0054869489205237,O
.,PUNCT,Z:-------------,punct,,,,,-0.3822774056753794,O
Ponížení,NOUN,NNNS1-----A----,nsubj,Nom,Neut,Sing,,0.2501214874068525,O
u,ADP,RR--2----------,case,Gen,,,,-0.0731319113798284,O
soudů,NOUN,NNIP2-----A----,nmod,Gen,Masc,Plur,Inan,0.0477302222236354,O
doma,ADV,Dg-------1A----,advmod,,,,,0.0340268912289576,O
je,AUX,VB-S---3P-AAI--,cop,,,Sing,,-0.0940692664445218,O
ochutnávkou,NOUN,NNFS7-----A----,root,Ins,Fem,Sing,,-0.0269783648679774,O
toho,DET,PDZS2----------,amod,Gen,"Masc,Neut",Sing,,-0.0800331890881679,O
",",PUNCT,Z:-------------,punct,,,,,0.0658521592394735,O
co,PRON,PQ--1----------,nsubj,Nom,,,Inan,0.2078351630168043,O
Johnsona,PROPN,NNMS4-----A----,obj,Acc,Masc,Sing,Anim,0.0798326155377068,B-ps
čeká,VERB,VB-S---3P-AAI--,acl:relcl,,,Sing,,0.0182833329282609,O
v,ADP,RR--6----------,case,Loc,,,,0.0532112323567413,O
Bruselu,PROPN,NNIS6-----A----,obl,Loc,Masc,Sing,Inan,0.0761114791197104,B-gu
",",PUNCT,Z:-------------,punct,,,,,0.2022654600742927,O
pokud,SCONJ,"J,-------------",mark,,,,,-0.0158412685397105,O
se,PRON,P7-X4----------,expl:pv,Acc,,,,0.0840361319287204,O
pokusí,VERB,VB-S---3P-AAP--,advcl,,,Sing,,0.0371099413289734,O
vymanit,VERB,Vf--------A-P--,xcomp,,,,,0.2267080597791404,O
ze,ADP,RV--2----------,case,Gen,,,,0.0533840510125543,O
svých,DET,P8XP2----------,det,Gen,,Plur,,-0.0672847565702949,O
závazků,NOUN,NNIP2-----A----,obl,Gen,Masc,Plur,Inan,-0.0231936679176289,O
požádat,VERB,Vf--------A-P--,xcomp,,,,,0.0785041334158893,O
o,ADP,RR--4----------,case,Acc,,,,-0.0010696388385595,O
prodloužení,NOUN,NNNS4-----A----,obl:arg,Acc,Neut,Sing,,0.1411764020486539,O
.,PUNCT,Z:-------------,punct,,,,,-0.1211637893383013,O
To,DET,PDNS1----------,nsubj,Nom,Neut,Sing,,0.0381969474207722,O
uklidní,VERB,VB-S---3P-AAP--,root,,,Sing,,0.2026346269013137,O
evropské,ADJ,AAMP4----1A----,amod,Acc,Masc,Plur,Anim,-0.0406938751504687,O
úředníky,NOUN,NNMP4-----A----,obj,Acc,Masc,Plur,Anim,0.0362733824834682,O
",",PUNCT,Z:-------------,punct,,,,,-0.0615625096944176,O
kteří,DET,P4MP1----------,nsubj,Nom,Masc,Plur,Anim,-0.1142928396199356,O
by,AUX,Vc----------I--,aux,,,,,-0.0969971956028621,O
s,ADP,RR--7----------,case,Ins,,,,0.0169018468091001,O
tím,DET,PDZS7----------,obl:arg,Ins,"Masc,Neut",Sing,,0.0762452187024602,O
s,ADP,RR--7----------,case,Ins,,,,0.0259404880250353,O
největší,ADJ,AAFS7----3A----,amod,Ins,Fem,Sing,,-0.055630434619094,O
pravděpodobností,NOUN,NNFS7-----A----,obl,Ins,Fem,Sing,,0.0706396181833587,O
souhlasili,VERB,VpMP----R-AAI--,acl:relcl,,Masc,Plur,Anim,0.0401906858768096,O
.,PUNCT,Z:-------------,punct,,,,,0.0164500116811232,O
Především,ADV,Db-------------,advmod:emph,,,,,0.082663939353534,O
proto,ADV,Db-------------,root,,,,,0.1904994528530784,O
",",PUNCT,Z:-------------,punct,,,,,0.0066818436717595,O
že,SCONJ,"J,-------------",mark,,,,,-0.0563750893541649,O
získání,NOUN,NNNS1-----A----,nsubj,Nom,Neut,Sing,,0.1536716871553024,O
více,ADV,Dg-------2A----,advmod,,,,,-0.0995207617088388,O
času,NOUN,NNIS2-----A----,nmod,Gen,Masc,Sing,Inan,-0.0422367525811762,O
na,ADP,RR--4----------,case,Acc,,,,0.0155239227847253,O
nalezení,NOUN,NNNS4-----A----,nmod,Acc,Neut,Sing,,0.0554884389589747,O
řešení,NOUN,NNNS2-----A----,nmod,Gen,Neut,Sing,,-0.1311996047725094,O
snižuje,VERB,VB-S---3P-AAI--,dep,,,Sing,,0.0335259862964631,O
hrozbu,NOUN,NNFS4-----A----,obj,Acc,Fem,Sing,,0.1239857960781465,O
bezdohodového,ADJ,AAIS2----1A----,amod,Gen,Masc,Sing,Inan,0.1617101649275519,O
brexitu,NOUN,NNIS2-----A----,nmod,Gen,Masc,Sing,Inan,0.0970048916819631,O
",",PUNCT,Z:-------------,punct,,,,,-0.0234215321906993,O
který,DET,P4YS1----------,nsubj,Nom,Masc,Sing,,0.0764715999969867,O
by,AUX,Vc----------I--,aux,,,,,0.0477862263633054,O
byl,AUX,VpYS----R-AAI--,cop,,Masc,Sing,,-0.1379204142787391,O
ekonomicky,ADV,Dg-------1A----,advmod,,,,,-0.0545145439127011,O
škodlivý,ADJ,AAIS1----1A----,acl:relcl,Nom,Masc,Sing,Inan,0.0313795992599969,O
pro,ADP,RR--4----------,case,Acc,,,,0.1453702133699975,O
obě,NUM,CnHP4----------,nummod,Acc,"Fem,Neut",Plur,,0.0503984830122779,O
strany,NOUN,NNFP4-----A----,obl,Acc,Fem,Plur,,-0.0139327840241275,O
.,PUNCT,Z:-------------,punct,,,,,-0.1360582361755939,O
Vždy,ADV,Db-------------,advmod,,,,,-0.0966330887272944,O
za,ADP,RR--4----------,case,Acc,,,,0.1026527109013124,O
to,DET,PDNS4----------,obl:arg,Acc,Neut,Sing,,-0.0553715309499536,O
musíme,VERB,VB-P---1P-AAI--,root,,,Plur,,-0.2125242971582218,O
bojovat,VERB,Vf--------A-I--,xcomp,,,,,0.498829810053681,O
",",PUNCT,Z:-------------,punct,,,,,-0.1613559394027802,O
ale,CCONJ,J^-------------,cc,,,,,0.3070336032357855,O
obvykle,ADV,Dg-------1A----,advmod,,,,,0.1476629890113525,O
se,PRON,P7-X4----------,expl:pv,Acc,,,,0.0783705809915506,O
dohodnou,VERB,VB-P---3P-AAP--,conj,,,Plur,,0.0568602988662451,O
po,ADP,RR--6----------,case,Loc,,,,0.0435520796629184,O
odvolání,NOUN,NNNS6-----A----,obl,Loc,Neut,Sing,,0.303469032238427,O
.,PUNCT,Z:-------------,punct,,,,,-0.4790901392765911,O
Ukázalo,VERB,VpNS----R-AAP--,root,,Neut,Sing,,0.1763971137291763,O
se,PRON,P7-X4----------,expl:pv,Acc,,,,-0.0217682991749213,O
",",PUNCT,Z:-------------,punct,,,,,0.1902258903453862,O
že,SCONJ,"J,-------------",mark,,,,,0.0027487351973412,O
já,PRON,PP-S1--1-------,nsubj,Nom,,Sing,,-0.1710932383485956,O
a,CCONJ,J^-------------,cc,,,,,0.0967962744823138,O
ostatní,ADJ,AAMP1----1A----,conj,Nom,Masc,Plur,Anim,-0.0316887482483804,O
dokumentujeme,VERB,VB-P---1P-AAB--,csubj,,,Plur,,-0.0968553879292836,O
všechnu,DET,PLFS4----------,det,Acc,Fem,Sing,,0.0301665338005593,O
její,DET,P9FXXFS3-------,det,,Fem,,,-0.101073318424809,O
pomalou,ADJ,AAFS4----1A----,amod,Acc,Fem,Sing,,-0.0211888846745643,O
/,PUNCT,Z:-------------,punct,,,,,0.0595222774241572,O
špatnou,ADJ,AAFS4----1A----,conj,Acc,Fem,Sing,,0.0126156935029682,O
práci,NOUN,NNFS4-----A----,obj,Acc,Fem,Sing,,-0.05566564800279,O
",",PUNCT,Z:-------------,punct,,,,,-0.1227944368538748,O
usínáme,VERB,VB-P---1P-AAI--,conj,,,Plur,,0.0005261329112455,O
u,ADP,RR--2----------,case,Gen,,,,-0.0667919953328229,O
stolu,NOUN,NNIS2-----A----,obl,Gen,Masc,Sing,Inan,-0.0401691760264038,O
",",PUNCT,Z:-------------,punct,,,,,0.168218455048311,O
otravujeme,VERB,VB-P---1P-AAI--,conj,,,Plur,,0.002739236040885,O
ostatní,ADJ,AAMP4----1A----,obj,Acc,Masc,Plur,Anim,0.0264097490798798,O
a,CCONJ,J^-------------,cc,,,,,-0.0011288131081926,O
páchneme,VERB,VB-P---1P-AAI--,conj,,,Plur,,-0.0105879707596136,O
",",PUNCT,Z:-------------,punct,,,,,-0.0045191327640788,O
což,PRON,PQ--1----------,nsubj,Nom,,,,-0.046628213118903,O
způsobilo,VERB,VpNS----R-AAP--,conj,,Neut,Sing,,-0.0303121713746306,O
",",PUNCT,Z:-------------,punct,,,,,0.113253889653657,O
že,SCONJ,"J,-------------",mark,,,,,-0.0199433231458008,O
ztratila,VERB,VpQW----R-AAP--,ccomp,,"Fem,Neut","Plur,Sing",,-0.0218366193181812,O
všechny,DET,PLFP4----------,det,Acc,Fem,Plur,,0.0040770541146618,O
pozice,NOUN,NNFP4-----A----,obj,Acc,Fem,Plur,,0.0486111886463913,O
kromě,ADP,RR--2----------,case,Gen,,,,-0.0668619067177166,O
jedné,NUM,CnFS2----------,nummod,Gen,Fem,Sing,,0.0353408833127314,O
společnosti,NOUN,NNFS2-----A----,obl,Gen,Fem,Sing,,0.0363302134359985,O
",",PUNCT,Z:-------------,punct,,,,,0.186472180986174,O
která,DET,P4FS1----------,nsubj,Nom,Fem,Sing,,0.0007132748555249,O
často,ADV,Dg-------1A----,advmod,,,,,-0.0096869415516555,O
najímá,VERB,VB-S---3P-AAI--,acl:relcl,,,Sing,,0.0190890128269563,O
mě,PRON,PH-S4--1-------,obj,Acc,,Sing,,-0.019899627920576,O
",",PUNCT,Z:-------------,punct,,,,,0.2137821924092908,O
ji,PRON,PEFS4--3-------,conj,Acc,Fem,Sing,,0.0772065640357345,O
a,CCONJ,J^-------------,cc,,,,,0.1521837572500523,O
další,ADJ,AAMP4----1A----,conj,Acc,Masc,Plur,Anim,-0.0693690582575414,O
na,ADP,RR--4----------,case,Acc,,,,0.0595492321986312,O
zakázku,NOUN,NNFS4-----A----,orphan,Acc,Fem,Sing,,0.0141471794297143,O
.,PUNCT,Z:-------------,punct,,,,,-0.0430750641099422,O
Je,AUX,VB-S---3P-AAI--,ccomp,,,Sing,,-0.170215334913532,O
to,DET,PDNS1----------,nsubj,Nom,Neut,Sing,,-0.1063913273206234,O
kvůli,ADP,RR--3----------,case,Dat,,,,-0.1041843917758181,O
jejich,DET,P9XXXXP3-------,det,,,,,-0.133252739046737,O
anti-Trump,PROPN,NNMS1-----A----,nmod,Nom,Masc,Sing,Anim,0.0969503234266702,O
zaměření,NOUN,NNNS3-----A----,obl,Dat,Neut,Sing,,-0.144040391668605,O
",",PUNCT,Z:-------------,punct,,,,,0.0507769565998607,O
řekl,VERB,VpYS----R-AAP--,root,,Masc,Sing,,-0.0323370394839212,O
tento,DET,PDIS4----------,det,Acc,Masc,Sing,Inan,-0.1420480210336245,O
týden,NOUN,NNIS4-----A----,obl,Acc,Masc,Sing,Inan,0.0275711253211113,O
v,ADP,RR--6----------,case,Loc,,,,0.1169643692150355,O
pořadu,NOUN,NNIS6-----A----,obl,Loc,Masc,Sing,Inan,0.2287561367257918,O
Fox,X,F%-------------,nmod,,,,,0.0749983044182086,B-ms
Tucker,X,F%-------------,flat:foreign,,,,,0.133091117705108,I-ms
Carlson,X,F%-------------,flat:foreign,,,,,-0.0465864390548291,B-P|B-pf
Tonight,X,F%-------------,flat:foreign,,,,,0.1686758429268985,I-P|B-ps
",",PUNCT,Z:-------------,punct,,,,,0.1962789691168009,O
novináři,NOUN,NNMP1-----A----,nsubj,Nom,Masc,Plur,Anim,0.0507044876241993,O
zanedbávají,VERB,VB-P---3P-AAI--,ccomp,,,Plur,,0.2778918985324087,O
shromažďovat,VERB,Vf--------A-I--,xcomp,,,,,0.4782921366058975,O
politické,ADJ,AAFP4----1A----,amod,Acc,Fem,Plur,,-0.0545683599091492,O
zprávy,NOUN,NNFP4-----A----,obj,Acc,Fem,Plur,,0.0183235743073809,O
.,PUNCT,Z:-------------,punct,,,,,-0.4301895824839577,O
Ach,INTJ,II-------------,root,,,,,0.0641962255243874,O
můj,DET,PSYS1-S1-------,det,Nom,Masc,Sing,,-0.0584930299521943,O
bože,NOUN,NNMS5-----A----,vocative,Voc,Masc,Sing,Anim,-0.077546332240988,O
!,PUNCT,Z:-------------,punct,,,,,-0.0857917858841657,O
Média,NOUN,NNNP1-----A----,nsubj,Nom,Neut,Plur,,0.0417003353489402,O
mají,VERB,VB-P---3P-AAI--,root,,,Plur,,-0.0919338185458648,O
billboardy,NOUN,NNIP4-----A----,obj,Acc,Masc,Plur,Inan,0.1266758463326866,O
například,PART,TT-------------,advmod:emph,,,,,-0.0676110421640103,O
v,ADP,RR--6----------,case,Loc,,,,0.1374218606150721,O
saloncích,NOUN,NNIP6-----A----,obl,Loc,Masc,Plur,Inan,0.0428882917576791,O
Qantas,PROPN,NNIS1-----A----,nmod,Nom,Masc,Sing,Inan,0.0855160214449247,B-if
",",PUNCT,Z:-------------,punct,,,,,0.2042343825199778,O
před,ADP,RR--7----------,case,Ins,,,,-0.0461556362134255,O
letištěm,NOUN,NNNS7-----A----,conj,Ins,Neut,Sing,,0.1164953198881149,O
v,ADP,RR--6----------,case,Loc,,,,0.1093963030330107,O
Sydney,PROPN,NNNXX-----A----,nmod,,Neut,,,0.2215869249388027,B-gu
",",PUNCT,Z:-------------,punct,,,,,0.3221540679443717,O
na,ADP,RR--6----------,case,Loc,,,,0.0512840310386329,O
letišti,NOUN,NNNS6-----A----,conj,Loc,Neut,Sing,,0.0588157409423201,O
v,ADP,RR--6----------,case,Loc,,,,0.0667448694746164,O
Adelaide,PROPN,NNNXX-----A----,nmod,,Neut,,,0.0314218605762194,B-gu
",",PUNCT,Z:-------------,punct,,,,,-0.038176426233117,O
na,ADP,RR--6----------,case,Loc,,,,0.3539546296121963,O
letišti,NOUN,NNNS6-----A----,conj,Loc,Neut,Sing,,0.1727427895586393,O
v,ADP,RR--6----------,case,Loc,,,,0.2413553945455742,O
Darwinu,PROPN,NNIS6-----A----,nmod,Loc,Masc,Sing,Inan,0.1135759555514373,B-gu
a,CCONJ,J^-------------,cc,,,,,0.153866633980846,O
na,ADP,RR--6----------,case,Loc,,,,-0.0026228809151759,O
vlakových,ADJ,AANP6----1A----,amod,Loc,Neut,Plur,,-0.0222780632766829,O
nádražích,NOUN,NNNP6-----A----,conj,Loc,Neut,Plur,,0.1669415212321068,O
v,ADP,RR--6----------,case,Loc,,,,0.2840557785421821,O
Sydney,PROPN,NNNXX-----A----,nmod,,Neut,,,0.3605067187589091,B-gu
a,CCONJ,J^-------------,cc,,,,,0.1726055276723321,O
Melbourne,PROPN,NNNXX-----A----,conj,,Neut,,,0.0939816110279812,B-gu
.,PUNCT,Z:-------------,punct,,,,,-0.0910031908960571,O
Je,AUX,VB-S---3P-AAI--,cop,,,Sing,,-0.1751659087641478,O
obviněn,ADJ,VsYS----X-APP--,root,,Masc,Sing,,0.1214616586264428,O
z,ADP,RR--2----------,case,Gen,,,,0.1357402031212484,O
řízení,NOUN,NNNS2-----A----,obl:arg,Gen,Neut,Sing,,-0.0757037969983477,O
nájemního,ADJ,AAIS2----1A----,amod,Gen,Masc,Sing,Inan,0.1665612168990583,O
vozu,NOUN,NNIS2-----A----,nmod,Gen,Masc,Sing,Inan,-0.0163969943483746,O
do,ADP,RR--2----------,case,Gen,,,,-0.1593776506306299,O
davů,NOUN,NNIP2-----A----,nmod,Gen,Masc,Plur,Inan,-0.0212587908515855,O
chodců,NOUN,NNMP2-----A----,nmod,Gen,Masc,Plur,Anim,0.1038735255000287,O
v,ADP,RR--6----------,case,Loc,,,,0.3163044938002315,O
rušné,ADJ,AAFS6----1A----,amod,Loc,Fem,Sing,,0.1276795804079335,O
severní,ADJ,AAFS6----1A----,amod,Loc,Fem,Sing,,0.06895373259084,O
části,NOUN,NNFS6-----A----,nmod,Loc,Fem,Sing,,-0.1667263700148167,O
Toronta,PROPN,NNNS2-----A----,nmod,Gen,Neut,Sing,,0.0263651512398214,B-gu
.,PUNCT,Z:-------------,punct,,,,,0.067382720821185,O
Zemřelo,VERB,VpNS----R-AAP--,root,,Neut,Sing,,-0.0468476835612194,O
osm,NUM,Cl-S1----------,nummod:gov,Nom,,Sing,,0.1530105914150018,O
žen,NOUN,NNFP2-----A----,nsubj,Gen,Fem,Plur,,0.1202432709818689,O
a,CCONJ,J^-------------,cc,,,,,-0.2552124686728275,O
dva,NUM,CnYP1----------,nummod,Nom,Masc,Plur,,0.0764873973230753,O
muži,NOUN,NNMP1-----A----,conj,Nom,Masc,Plur,Anim,-0.0249629738874293,O
ve,ADP,RV--6----------,case,Loc,,,,0.1571862400239568,O
věku,NOUN,NNIS6-----A----,nmod,Loc,Masc,Sing,Inan,-0.1167661345352594,O
od,ADP,RR--2----------,case,Gen,,,,0.0904465221936997,O
22,NUM,C=-------------,dep,,,,,0.0703397474727736,B-na
do,ADP,RR--2----------,case,Gen,,,,-0.108088486784883,O
94,NUM,C=-------------,nummod,,,,,-0.2770003819121754,B-na
let,NOUN,NNNP2-----A----,nmod,Gen,Neut,Plur,,-0.1678297355027884,O
.,PUNCT,Z:-------------,punct,,,,,0.1661028653737999,O
Michelle,PROPN,NNFXX-----A----,nsubj,,Fem,,,-0.3843071955095481,B-P|B-pf
Obamová,PROPN,NNFS1-----A----,flat,Nom,Fem,Sing,,0.1837082858171995,I-P|B-ps
ve,ADP,RV--4----------,case,Acc,,,,0.0275590765139505,O
čtvrtek,NOUN,NNIS4-----A----,obl,Acc,Masc,Sing,Inan,0.0014391759941774,O
velmi,ADV,Db-------------,advmod,,,,,0.0375740600414757,O
pochválila,VERB,VpQW----R-AAP--,root,,"Fem,Neut","Plur,Sing",,0.1127910233487641,O
Meghan,PROPN,NNFXX-----A----,obj,,Fem,,,-0.0043504322135336,B-P|B-pf
Markleovou,PROPN,NNFS4-----A----,flat,Acc,Fem,Sing,,0.1370423044471161,I-P|B-ps
na,ADP,RR--6----------,case,Loc,,,,0.0940791543329039,O
sladkém,ADJ,AAIS6----1A----,amod,Loc,Masc,Sing,Inan,0.0230236741609176,O
Instagramu,PROPN,NNIS6-----A----,obl,Loc,Masc,Sing,Inan,0.1393633312869676,B-oa
a,CCONJ,J^-------------,cc,,,,,0.043896840632134,O
nazvala,VERB,VpQW----R-AAP--,conj,,"Fem,Neut","Plur,Sing",,0.1947546119765409,O
vévodkyni,NOUN,NNFS4-----A----,obj,Acc,Fem,Sing,,0.1157271857086211,O
ze,ADP,RV--2----------,case,Gen,,,,0.119058974614929,O
Sussexu,PROPN,NNIS2-----A----,nmod,Gen,Masc,Sing,Inan,0.1584913828205271,B-gr
přemýšlivým,ADJ,AAMS7----1A----,amod,Ins,Masc,Sing,Anim,0.0910558363970308,O
vůdcem,NOUN,NNMS7-----A----,obl:arg,Ins,Masc,Sing,Anim,0.0693245411592939,O
",",PUNCT,Z:-------------,punct,,,,,0.0854956970030039,O
který,DET,P4YS1----------,nsubj,Nom,Masc,Sing,,-0.3628403836775277,O
láme,VERB,VB-S---3P-AAI--,acl:relcl,,,Sing,,0.1044086420792967,O
formu,NOUN,NNFS4-----A----,obj,Acc,Fem,Sing,,0.0487197730054669,O
a,CCONJ,J^-------------,cc,,,,,-0.0468431885642498,O
dělá,VERB,VB-S---3P-AAI--,conj,,,Sing,,-0.032512863422386,O
pro,ADP,RR--4----------,case,Acc,,,,0.2773354242048391,O
ni,PRON,PEFS4--3------1,obl,Acc,Fem,Sing,,-0.0103077024452485,O
náš,DET,PSIS4-P1-------,det,Acc,Masc,Sing,Inan,0.1174186244517213,O
svět,NOUN,NNIS4-----A----,obj,Acc,Masc,Sing,Inan,0.0373994140148786,O
lepším“,ADJ,VB-P---1P-AAI--,xcomp,,,,,0.1037647439757037,O
.,PUNCT,Z:-------------,punct,,,,,0.4339059675118388,O
Celý,ADJ,AAIS1----1A----,amod,Nom,Masc,Sing,Inan,-0.1894767797639412,O
tento,DET,PDYS1----------,det,Nom,Masc,Sing,,-0.152297954334213,O
příběh,NOUN,NNIS1-----A----,nsubj,Nom,Masc,Sing,Inan,-0.2355184467169568,O
se,PRON,P7-X4----------,expl:pv,Acc,,,,0.0015373583207686,O
odehrál,VERB,VpYS----R-AAP--,root,,Masc,Sing,,0.0620747285002789,O
poté,ADV,Db-------------,advmod,,,,,0.0472854465936486,O
",",PUNCT,Z:-------------,punct,,,,,0.1382875499245575,O
co,SCONJ,"J,-------------",mark,,,,,0.0048714035436987,O
jsem,AUX,VB-S---1P-AAI--,aux,,,Sing,,-0.0137087695996107,O
se,PRON,P7-X4----------,expl:pv,Acc,,,,-0.0471627917082787,O
sám,DET,PLYS1----------,xcomp,Nom,Masc,Sing,,-0.036763182359013,O
přesunul,VERB,VpYS----R-AAP--,advcl,,Masc,Sing,,0.1832556659365044,O
k,ADP,RR--3----------,case,Dat,,,,0.0121633332098514,O
jiným,ADJ,AAFP3----1A----,amod,Dat,Fem,Plur,,0.3149666538773102,O
věcem,NOUN,NNFP3-----A----,obl,Dat,Fem,Plur,,0.0004384929484114,O
",",PUNCT,Z:-------------,punct,,,,,0.1508075941387201,O
takže,SCONJ,"J,-------------",mark,,,,,-0.0344416225501904,O
je,AUX,VB-S---3P-AAI--,cop,,,Sing,,-0.0905085199077422,O
to,DET,PDNS1----------,nsubj,Nom,Neut,Sing,,0.1259870802169075,O
pro,ADP,RR--4----------,case,Acc,,,,-0.3087257708393098,O
mě,PRON,PH-S4--1-------,obl,Acc,,Sing,,-0.1431313493596507,O
všechno,DET,PLNS1----------,nsubj,Nom,Neut,Sing,,-0.0204006950355981,O
nové,ADJ,AANS1----1A----,advcl,Nom,Neut,Sing,,-0.0313337679854569,O
.,PUNCT,Z:-------------,punct,,,,,0.4989842442290647,O
Pokud,SCONJ,"J,-------------",mark,,,,,0.0629844781506716,O
existuje,VERB,VB-S---3P-AAI--,advcl,,,Sing,,0.1069157676497274,O
nejlepší,ADJ,AAFS1----3A----,amod,Nom,Fem,Sing,,0.0195057585164287,O
možnost,NOUN,NNFS1-----A----,nsubj,Nom,Fem,Sing,,0.2717808384374717,O
nabídky,NOUN,NNFS2-----A----,nmod,Gen,Fem,Sing,,-0.1584477423521731,O
",",PUNCT,Z:-------------,punct,,,,,0.3242115544919725,O
zvážíme,VERB,VB-P---1P-AAP--,root,,,Plur,,0.4616044835051363,O
jakoukoli,DET,PZFS4----------,det,Acc,Fem,Sing,,0.3851393527817389,O
rozumnou,ADJ,AAFS4----1A----,amod,Acc,Fem,Sing,,-0.0174821172522191,O
nabídku,NOUN,NNFS4-----A----,obj,Acc,Fem,Sing,,-0.0594197205480591,O
.,PUNCT,Z:-------------,punct,,,,,0.2043699141320472,O
Velké,ADJ,AAIP1----1A----,amod,Nom,Masc,Plur,Inan,0.3686381532854437,O
problémy,NOUN,NNIP1-----A----,nsubj,Nom,Masc,Plur,Inan,0.2839483274212727,O
vyžadují,VERB,VB-P---3P-AAI--,root,,,Plur,,0.1696748511664922,O
velký,ADJ,AAIS4----1A----,amod,Acc,Masc,Sing,Inan,-0.3713982368905336,O
výzkum,NOUN,NNIS4-----A----,obj,Acc,Masc,Sing,Inan,0.0018775082226279,O
a,CCONJ,J^-------------,cc,,,,,-0.3222038820088878,O
fakta,NOUN,NNNP4-----A----,conj,Acc,Neut,Plur,,-0.1481356711581254,O
",",PUNCT,Z:-------------,punct,,,,,0.2968091578880589,O
aby,AUX,Vc-------------,aux,,,,,-0.064223123005259,O
je,PRON,PEXP4--3-------,obj,Acc,,Plur,,-0.2009687276187833,O
vyřešily,VERB,VpTP----R-AAP--,advcl,,"Fem,Masc",Plur,Inan,0.1485076653724131,O
.,PUNCT,Z:-------------,punct,,,,,0.0656235286461333,O
To,DET,PDNS1----------,nsubj,Nom,Neut,Sing,,0.7250509447018979,O
je,AUX,VB-S---3P-AAI--,cop,,,Sing,,0.0335947196921966,O
to,DET,PDNS1----------,root,Nom,Neut,Sing,,0.0217899919829647,O
",",PUNCT,Z:-------------,punct,,,,,0.2205375010822252,O
co,PRON,PQ--4----------,obj,Acc,,,Inan,0.029124995429751,O
úžasná,ADJ,AAFS1----1A----,amod,Nom,Fem,Sing,,0.034418096578905,O
loď,NOUN,NNFS1-----A----,nsubj,Nom,Fem,Sing,,-0.008137004689476,O
bude,AUX,VB-S---3F-AAI--,aux,,,Sing,,-0.1684920601885257,O
tady,ADV,Db-------------,advmod,,,,,-0.2489457151549577,O
dělat,VERB,Vf--------A-I--,acl:relcl,,,,,-0.022926858991152,O
",",PUNCT,Z:-------------,punct,,,,,0.1048112356248675,O
zjistit,VERB,Vf--------A-P--,conj,,,,,-0.0627549346023321,O
fakta,NOUN,NNNP4-----A----,obj,Acc,Neut,Plur,,0.0167069477836636,O
a,CCONJ,J^-------------,cc,,,,,0.0883396273611426,O
najít,VERB,Vf--------A-P--,conj,,,,,-0.1226430123958741,O
vědu,NOUN,NNFS4-----A----,obj,Acc,Fem,Sing,,-0.0038067701314208,O
",",PUNCT,Z:-------------,punct,,,,,0.230411325945505,O
s,ADP,RR--7----------,case,Ins,,,,-0.0716040644166144,O
níž,PRON,P4FS7----------,obl,Ins,Fem,Sing,,-0.0548171174458437,O
se,PRON,P7-X4----------,expl:pv,Acc,,,,-0.0756968305846024,O
vypořádat,VERB,Vf--------A-P--,acl:relcl,,,,,0.0121320012995817,O
s,ADP,RR--7----------,case,Ins,,,,0.0382205567192639,O
problémy,NOUN,NNIP7-----A----,obl:arg,Ins,Masc,Plur,Inan,0.0910170150667914,O
",",PUNCT,Z:-------------,punct,,,,,0.1338445908224435,O
které,DET,P4IP1----------,nsubj,Nom,Masc,Plur,Inan,-0.0112956521467111,O
čelí,VERB,VB-P---3P-AAI--,acl:relcl,,,Plur,,0.0864456821825422,O
světu,NOUN,NNIS3-----A----,obl:arg,Dat,Masc,Sing,Inan,-0.0392831062915375,O
dnes,ADV,Db-------------,advmod,,,,,-0.0818856263779271,O
a,CCONJ,J^-------------,cc,,,,,0.0409254692029682,O
bude,AUX,VB-S---3F-AAI--,aux,,,Sing,,0.0275476974604062,O
stále,ADV,Dg-------1A----,advmod,,,,,-0.0322967702273421,O
více,ADV,Dg-------2A----,advmod,,,,,-0.0930207873160306,O
dělat,VERB,Vf--------A-I--,conj,,,,,0.0246253794923194,O
zítra,ADV,Db-------------,advmod,,,,,-0.0108822828329689,O
.,PUNCT,Z:-------------,punct,,,,,-0.1027561179093202,O
"""",PUNCT,Z:-------------,root,,,,,0.0336827260455872,O
"""",PUNCT,Z:-------------,punct,,,,,0.0726111549251439,O
"""",PUNCT,Z:-------------,punct,,,,,-0.1196139797304183,O
Ano,PART,TT-------------,dep,,,,,-0.0151515623922736,O
",",PUNCT,Z:-------------,punct,,,,,-0.1944003630442375,O
absolutní,ADJ,AANS1----1A----,amod,Nom,Neut,Sing,,-0.0205853097326361,O
překvapení,NOUN,NNNS1-----A----,conj,Nom,Neut,Sing,,0.0519472844635738,O
",",PUNCT,Z:-------------,punct,,,,,0.0941265125803016,O
řekl,VERB,VpYS----R-AAP--,root,,Masc,Sing,,0.0244522753968768,O
astrofyzik,NOUN,NNMS1-----A----,nsubj,Nom,Masc,Sing,Anim,0.0861992952571832,O
Juan,PROPN,NNMS1-----A----,flat,Nom,Masc,Sing,Anim,-0.1202360974306875,B-P|B-pf
Carlos,PROPN,NNMS1-----A----,flat,Nom,Masc,Sing,Anim,-0.1446341217264321,I-P|B-pm
Morales,PROPN,NNMS1-----A----,flat,Nom,Masc,Sing,Anim,-0.0901375947919444,I-P|B-ps
Ústavu,NOUN,NNIS2-----A----,nmod,Gen,Masc,Sing,Inan,0.0729972470387283,B-ic
vesmírných,ADJ,AAFP2----1A----,amod,Gen,Fem,Plur,,0.090642654244901,I-ic
studií,NOUN,NNFP2-----A----,nmod,Gen,Fem,Plur,,0.1023285714738704,I-ic
Katalánska,PROPN,NNNS2-----A----,nmod,Gen,Neut,Sing,,-0.0337310146214428,I-ic|B-gr
v,ADP,RR--6----------,case,Loc,,,,-0.0913279161598695,O
Ústavu,NOUN,NNIS6-----A---1,nmod,Loc,Masc,Sing,Inan,0.1019610500490256,B-ic
vesmírných,ADJ,AAFP2----1A----,amod,Gen,Fem,Plur,,-0.1032492244380015,I-ic
věd,NOUN,NNFP2-----A----,nmod,Gen,Fem,Plur,,-0.0626673964036123,I-ic
ve,ADP,RV--6----------,case,Loc,,,,-0.0296741875055575,O
Španělsku,PROPN,NNNS6-----A----,nmod,Loc,Neut,Sing,,-0.1180759889337984,B-gc
",",PUNCT,Z:-------------,punct,,,,,0.0929514533614432,O
který,DET,P4YS1----------,nsubj,Nom,Masc,Sing,,-0.2032518259603569,O
vedl,VERB,VpYS----R-AAI--,acl:relcl,,Masc,Sing,,0.0415406211199259,O
výzkum,NOUN,NNIS4-----A----,obj,Acc,Masc,Sing,Inan,-0.119818454161297,O
publikovaný,ADJ,AAIS4----1A----,amod,Acc,Masc,Sing,Inan,0.001211091233738,O
v,ADP,RR--6----------,case,Loc,,,,-0.1653083875159553,O
časopise,NOUN,NNIS6-----A----,obl,Loc,Masc,Sing,Inan,0.0679474158376544,O
Science,X,F%-------------,nmod,,,,,-0.4854888677597004,B-mn
.,PUNCT,Z:-------------,punct,,,,,0.440887053786593,O
Jen,ADV,Db-------------,advmod:emph,,,,,-0.0756020518426898,O
opravit,VERB,Vf--------A-P--,root,,,,,0.3044315070453286,O
dům,NOUN,NNIS4-----A----,obj,Acc,Masc,Sing,Inan,0.6967440203084141,O
tak,ADV,Db-------------,advmod,,,,,-0.0981334087219083,O
",",PUNCT,Z:-------------,punct,,,,,-0.0208477718421909,O
jak,ADV,Db-------------,advmod,,,,,-0.2407502478138551,O
by,AUX,Vc----------I--,aux,,,,,0.0065235372273557,O
to,DET,PDNS4----------,obj,Acc,Neut,Sing,,0.0794794490196231,O
udělal,VERB,VpYS----R-AAP--,advcl,,Masc,Sing,,-0.1176230521550126,O
a,CCONJ,J^-------------,cc,,,,,0.0057461434022884,O
měl,VERB,VpYS----R-AAI--,conj,,Masc,Sing,,-0.1978637559509738,O
majitel,NOUN,NNMS1-----A----,nsubj,Nom,Masc,Sing,Anim,-0.1474044664101377,O
domu,NOUN,NNIS2-----A----,nmod,Gen,Masc,Sing,Inan,-0.1898736775902259,O
",",PUNCT,Z:-------------,punct,,,,,0.0450754642596153,O
s,ADP,RR--7----------,case,Ins,,,,-0.1585193012752325,O
ničím,PRON,PY--7----------,obl,Ins,,,,-0.0028537231050923,O
jiným,ADJ,AANS7----1A----,amod,Ins,Neut,Sing,,-0.0352008037130033,O
než,SCONJ,"J,-------------",mark,,,,,0.1838527856207283,O
volným,ADJ,AAIS7----1A----,amod,Ins,Masc,Sing,Inan,0.1514501813694272,O
časem,NOUN,NNIS7-----A----,advcl,Ins,Masc,Sing,Inan,0.1801758756904349,O
.,PUNCT,Z:-------------,punct,,,,,-0.0340763837158191,O
Místní,ADJ,AAIP1----1A----,amod,Nom,Masc,Plur,Inan,0.0751733005373511,O
úřady,NOUN,NNIP1-----A----,nsubj,Nom,Masc,Plur,Inan,0.0411092995428599,O
si,PRON,P7--3----------,expl:pv,Dat,,,,-0.0126394157342664,O
také,ADV,Db-------------,advmod,,,,,-0.0592809190448867,O
stěžují,VERB,VB-P---3P-AAI--,root,,,Plur,,0.0542424040056788,O
",",PUNCT,Z:-------------,punct,,,,,0.0732484437872614,O
že,SCONJ,"J,-------------",mark,,,,,-0.0159214912453848,O
nárůsty,NOUN,NNIP1-----A----,nsubj,Nom,Masc,Plur,Inan,0.0274162775937809,O
jen,ADV,Db-------------,advmod:emph,,,,,0.2139296918788991,O
zhoršily,VERB,VpTP----R-AAP--,ccomp,,"Fem,Masc",Plur,Inan,0.0565786918266927,O
napětí,NOUN,NNNS4-----A----,obj,Acc,Neut,Sing,,-0.061654090797935,O
",",PUNCT,Z:-------------,punct,,,,,0.0251701651961023,O
a,CCONJ,J^-------------,cc,,,,,-0.0067958138536079,O
odborníci,NOUN,NNMP1-----A----,nsubj,Nom,Masc,Plur,Anim,0.0897392374875267,O
na,ADP,RR--4----------,case,Acc,,,,0.0874803817551322,O
trestní,ADJ,AANS4----1A----,amod,Acc,Neut,Sing,,0.0355390476362526,O
právo,NOUN,NNNS4-----A----,nmod,Acc,Neut,Sing,,0.0116887071140062,O
říkají,VERB,VB-P---3P-AAI--,conj,,,Plur,,-0.0075926167641241,O
",",PUNCT,Z:-------------,punct,,,,,0.1828103525046654,O
že,SCONJ,"J,-------------",mark,,,,,0.0289569154017155,O
tyto,DET,PDFP1----------,det,Nom,Fem,Plur,,-0.0024185362456705,O
snahy,NOUN,NNFP1-----A----,nsubj,Nom,Fem,Plur,,0.0374463939493122,O
se,PRON,P7-X4----------,expl:pv,Acc,,,,-0.003957823020222,O
vzpírají,VERB,VB-P---3P-AAI--,ccomp,,,Plur,,0.0508680181682086,O
vysvětlení,NOUN,NNNS3-----A----,obl:arg,Dat,Neut,Sing,,0.2435078147392833,O
kvůli,ADP,RR--3----------,case,Dat,,,,-0.1308438348421681,O
bezprecedentnímu,ADJ,AAIS3----1A----,amod,Dat,Masc,Sing,Inan,0.1525348860015752,O
okamžiku,NOUN,NNIS3-----A----,obl,Dat,Masc,Sing,Inan,-0.0352323957595087,O
",",PUNCT,Z:-------------,punct,,,,,0.0090244826024586,O
který,DET,P4IS4----------,obj,Acc,Masc,Sing,Inan,0.1568924752991816,O
Amerika,PROPN,NNFS1-----A----,nsubj,Nom,Fem,Sing,,0.1154429598603437,B-gc
prožívá,VERB,VB-S---3P-AAI--,acl:relcl,,,Sing,,0.0800037570201675,O
–,PUNCT,Z:-------------,punct,,,,,-0.5569517547977008,O
s,ADP,RR--7----------,case,Ins,,,,0.1408601175638187,O
pandemií,NOUN,NNFS7-----A----,appos,Ins,Fem,Sing,,0.151794695311385,O
",",PUNCT,Z:-------------,punct,,,,,0.021224677456923,O
historickou,ADJ,AAFS7----1A----,amod,Ins,Fem,Sing,,0.1241492246642406,O
nezaměstnaností,NOUN,NNFS7-----A----,conj,Ins,Fem,Sing,,0.0432317166305579,O
a,CCONJ,J^-------------,cc,,,,,0.0085922930229917,O
masovým,ADJ,AANS7----1A----,amod,Ins,Neut,Sing,,-0.0012073017708077,O
zúčtováním,NOUN,NNNS7-----A----,conj,Ins,Neut,Sing,,0.084224161150325,O
s,ADP,RR--7----------,case,Ins,,,,0.0753452750753638,O
rasismem,NOUN,NNIS7-----A----,nmod,Ins,Masc,Sing,Inan,0.0649759179097284,O
a,CCONJ,J^-------------,cc,,,,,-0.0176499144622597,O
tím,DET,PDZS7----------,conj,Ins,"Masc,Neut",Sing,,0.2180239298272529,O
",",PUNCT,Z:-------------,punct,,,,,0.2456971737271399,O
jak,ADV,Db-------------,advmod,,,,,0.1162389445497702,O
policie,NOUN,NNFS1-----A----,nsubj,Nom,Fem,Sing,,-0.0547821958243317,O
zachází,VERB,VB-S---3P-AAI--,acl,,,Sing,,0.0358050942896529,O
s,ADP,RR--7----------,case,Ins,,,,0.064730195001284,O
barevnými,ADJ,AAMP7----1A----,amod,Ins,Masc,Plur,Anim,0.0094376808216959,O
lidmi,NOUN,NNMP7-----A----,obl:arg,Ins,Masc,Plur,Anim,0.1084482680530175,O
.,PUNCT,Z:-------------,punct,,,,,-0.0225569593708311,O
Pokud,SCONJ,"J,-------------",mark,,,,,-0.1547307095907233,O
nedojde,VERB,VB-S---3P-NAP--,advcl,,,Sing,,0.2225611493441614,O
k,ADP,RR--3----------,case,Dat,,,,-0.0529302435152395,O
dostatečně,ADV,Dg-------1A----,advmod,,,,,0.030628377516966,O
rychlým,ADJ,AANP3----1A----,amod,Dat,Neut,Plur,,-0.0872810812077008,O
drastickým,ADJ,AANP3----1A----,amod,Dat,Neut,Plur,,0.0160808502457614,O
zlepšením,NOUN,NNNP3-----A----,obl:arg,Dat,Neut,Plur,,0.0432623892357878,O
",",PUNCT,Z:-------------,punct,,,,,0.0465999716991819,O
mohla,VERB,VpQW----R-AAI--,root,,"Fem,Neut","Plur,Sing",,0.0159609336787846,O
by,AUX,Vc----------I--,aux,,,,,-0.006392773824109,O
se,PRON,P7-X4----------,expl:pv,Acc,,,,-0.1608692134124852,O
do,ADP,RR--2----------,case,Gen,,,,-0.0851969312230079,O
toho,DET,PDZS2----------,obl,Gen,"Masc,Neut",Sing,,0.2854260804293617,O
vložit,VERB,Vf--------A-P--,xcomp,,,,,-0.1892651591778349,O
vláda,NOUN,NNFS1-----A----,nsubj,Nom,Fem,Sing,,0.0080012722068548,O
",",PUNCT,Z:-------------,punct,,,,,0.0753287389299193,O
což,PRON,PQ--1----------,nsubj,Nom,,,,-0.029596376253814,O
může,VERB,VB-S---3P-AAI--,conj,,,Sing,,0.0224172840478486,O
",",PUNCT,Z:-------------,punct,,,,,0.0555039317177535,O
když,SCONJ,"J,-------------",mark,,,,,0.1747270876741717,O
věznice,NOUN,NNFP1-----A----,nsubj,Nom,Fem,Plur,,-0.0456012837701694,O
selhávají,VERB,VB-P---3P-AAI--,advcl,,,Plur,,-0.0758963796768834,O
.,PUNCT,Z:-------------,punct,,,,,0.1892460237866848,O
V,ADP,RR--6----------,case,Loc,,,,0.010372391751018,O
Bulharsku,PROPN,NNNS6-----A----,obl,Loc,Neut,Sing,,0.235467508082651,B-gc
přitom,ADV,Db-------------,advmod,,,,,-0.0787490610456579,O
o,ADP,RR--6----------,case,Loc,,,,-0.0875244498413801,O
víkendu,NOUN,NNIS6-----A----,obl,Loc,Masc,Sing,Inan,-0.0719465855816225,O
pustošily,VERB,VpTP----R-AAP--,root,,"Fem,Masc",Plur,Inan,0.0494481753002374,O
jižní,ADJ,AAFP4----1A----,amod,Acc,Fem,Plur,,0.1143179657995752,O
části,NOUN,NNFP4-----A----,obj,Acc,Fem,Plur,,-0.0331262095472162,O
země,NOUN,NNFS2-----A----,nmod,Gen,Fem,Sing,,0.2590428317853719,O
silné,ADJ,AAIP1----1A----,amod,Nom,Masc,Plur,Inan,0.0268026200579088,O
deště,NOUN,NNIP1-----A----,nsubj,Nom,Masc,Plur,Inan,-0.055412485785809,O
a,CCONJ,J^-------------,cc,,,,,-0.0704154839124383,O
velké,ADJ,AAFP1----1A----,amod,Nom,Fem,Plur,,0.0545988936567885,O
záplavy,NOUN,NNFP1-----A----,conj,Nom,Fem,Plur,,0.0868238964787441,O
",",PUNCT,Z:-------------,punct,,,,,0.3192221825753883,O
které,DET,P4FP1----------,nsubj,Nom,Fem,Plur,,0.1030329644389405,O
donutily,VERB,VpTP----R-AAP--,acl:relcl,,"Fem,Masc",Plur,Inan,0.0445239551903557,O
tamní,ADJ,AAIP4----1A----,amod,Acc,Masc,Plur,Inan,-0.0619450218215748,O
úřady,NOUN,NNIP4-----A----,obj,Acc,Masc,Plur,Inan,0.0479198555005361,O
vyhlásit,VERB,Vf--------A-P--,xcomp,,,,,-0.0167511159278683,O
výjimečný,ADJ,AAIS4----1A----,amod,Acc,Masc,Sing,Inan,-0.0328176631633668,O
stav,NOUN,NNIS4-----A----,obj,Acc,Masc,Sing,Inan,-0.2351750332558347,O
.,PUNCT,Z:-------------,punct,,,,,0.2084742123631536,O
Zatímco,SCONJ,"J,-------------",mark,,,,,-0.0819652994209295,O
Johnsonova,ADJ,AUFS1M---------,amod,Nom,Fem,Sing,,0.039782274267115,B-ps
účast,NOUN,NNFS1-----A----,nsubj,Nom,Fem,Sing,,0.0087852811868168,O
na,ADP,RR--6----------,case,Loc,,,,-0.0281147962379795,O
kvízu,NOUN,NNIS6-----A----,nmod,Loc,Masc,Sing,Inan,-0.004394163120836,O
porušila,VERB,VpQW----R-AAP--,advcl,,"Fem,Neut","Plur,Sing",,0.0011458082646367,O
pravidla,NOUN,NNNP4-----A----,obj,Acc,Neut,Plur,,-0.0164755812976045,O
",",PUNCT,Z:-------------,punct,,,,,0.0749383487663072,O
podle,ADP,RR--2----------,case,Gen,,,,0.024783519699632,O
Keira,PROPN,NNMS2-----A----,obl,Gen,Masc,Sing,Anim,0.0321774309707386,B-P|B-pf
Starmera,PROPN,NNMS2-----A----,flat,Gen,Masc,Sing,Anim,0.0264087731455712,I-P|B-ps
",",PUNCT,Z:-------------,punct,,,,,-0.2860721812101914,O
šéfa,NOUN,NNMS2-----A----,appos,Gen,Masc,Sing,Anim,0.0025044134643835,O
labouristů,NOUN,NNMP2-----A----,nmod,Gen,Masc,Plur,Anim,0.0714232588444073,O
a,CCONJ,J^-------------,cc,,,,,0.0317707798702448,O
bývalého,ADJ,AAMS2----1A----,amod,Gen,Masc,Sing,Anim,0.0050352250934503,O
ředitele,NOUN,NNMS2-----A----,conj,Gen,Masc,Sing,Anim,0.0160598536354954,O
státního,ADJ,AANS2----1A----,amod,Gen,Neut,Sing,,-0.0146755389985676,O
zastupitelství,NOUN,NNNS2-----A----,nmod,Gen,Neut,Sing,,-0.0170698505627274,O
",",PUNCT,Z:-------------,punct,,,,,0.0142342986252228,O
si,PRON,P7--3----------,expl:pv,Dat,,,,0.0284640900489548,O
poslanci,NOUN,NNMP1-----A----,nsubj,Nom,Masc,Plur,Anim,0.0130374141398758,O
Toryů,PROPN,NNMP2-----A----,nmod,Gen,Masc,Plur,Anim,0.0592222242833575,B-io
myslí,VERB,VB-P---3P-AAI--,root,,,Plur,,-0.0281425050399689,O
",",PUNCT,Z:-------------,punct,,,,,0.0365494166821736,O
že,SCONJ,"J,-------------",mark,,,,,-0.0168330610248547,O
se,PRON,P7-X4----------,expl:pv,Acc,,,,-0.0138658396820747,O
lidé,NOUN,NNMP1-----A----,nsubj,Nom,Masc,Plur,Anim,-0.0217766295268148,O
na,ADP,RR--4----------,case,Acc,,,,-0.010474111847156,O
fotku,NOUN,NNFS4-----A----,obl:arg,Acc,Fem,Sing,,-0.0270405557875165,O
podívají,VERB,VB-P---3P-AAP--,ccomp,,,Plur,,0.0151775707560288,O
a,CCONJ,J^-------------,cc,,,,,0.058655609895439,O
usoudí,VERB,VB-P---3P-AAP--,conj,,,Plur,,0.0558781919896967,O
",",PUNCT,Z:-------------,punct,,,,,0.0281069876465987,O
že,SCONJ,"J,-------------",mark,,,,,0.015254342800395,O
opravdu,ADV,Db-------------,advmod,,,,,-0.0461292028108676,O
ukazuje,VERB,VB-S---3P-AAI--,ccomp,,,Sing,,0.0592055756665373,O
",",PUNCT,Z:-------------,punct,,,,,0.0625696538411752,O
jak,ADV,Db-------------,advmod,,,,,0.0661517361285671,O
moderuje,VERB,VB-S---3P-AAI--,ccomp,,,Sing,,0.0377956900851872,O
virtuální,ADJ,AAIS4----1A----,amod,Acc,Masc,Sing,Inan,0.0207714039645435,O
kvíz,NOUN,NNIS4-----A----,obj,Acc,Masc,Sing,Inan,0.0315720217960132,O
–,PUNCT,Z:-------------,punct,,,,,-0.0727289346919908,O
známý,ADJ,AAIS4----1A----,amod,Acc,Masc,Sing,Inan,0.0307801828665209,O
jev,NOUN,NNIS4-----A----,appos,Acc,Masc,Sing,Inan,-0.0109762035810096,O
během,ADP,RR--2----------,case,Gen,,,,-0.0117299897466486,O
pandemie,NOUN,NNFS2-----A----,nmod,Gen,Fem,Sing,,0.0114854138747284,O
.,PUNCT,Z:-------------,punct,,,,,0.0043707753330108,O
Na,ADP,RR--4----------,case,Acc,,,,0.1707597888291553,O
otázku,NOUN,NNFS4-----A----,obl,Acc,Fem,Sing,,0.0105528949280795,O
týkající,ADJ,AGFS4-----A----,amod,Acc,Fem,Sing,,0.0551230076541407,O
se,PRON,P7-X4----------,expl:pv,Acc,,,,-0.1210824412801887,O
úmrtí,NOUN,NNNS2-----A----,obl:arg,Gen,Neut,Sing,,0.0077250832378886,O
v,ADP,RR--6----------,case,Loc,,,,-0.1103367732793806,O
posádce,NOUN,NNFS6-----A----,nmod,Loc,Fem,Sing,,0.0608501097608608,O
letadlové,ADJ,AAFS2----1A----,amod,Gen,Fem,Sing,,-0.0263227752770592,O
lodi,NOUN,NNFS2-----A---1,nmod,Gen,Fem,Sing,,-0.0667581574258038,O
ministr,NOUN,NNMS1-----A----,nsubj,Nom,Masc,Sing,Anim,0.006756946032424,O
obrany,NOUN,NNFS2-----A----,nmod,Gen,Fem,Sing,,-0.0405093853948189,O
Mark,PROPN,NNMS1-----A----,flat,Nom,Masc,Sing,Anim,0.1720729935157795,B-P|B-pf
Esper,PROPN,NNMS1-----A----,flat,Nom,Masc,Sing,Anim,0.0420768233366341,I-P|B-ps
řekl,VERB,VpYS----R-AAP--,root,,Masc,Sing,,-0.0877535782429068,O
:,PUNCT,Z:-------------,punct,,,,,0.0961893690933419,O
Přál,VERB,VpYS----R-AAI--,ccomp,,Masc,Sing,,-0.001160358465416,O
bych,AUX,Vc----------Ic-,aux,,,Sing,,-0.1486397732800569,O
si,PRON,P7--3----------,expl:pv,Dat,,,,-0.0710634370860756,O
",",PUNCT,Z:-------------,punct,,,,,0.082246891612992,O
abych,AUX,Vc-S---1-------,aux,,,Sing,,0.2340764203432579,O
vám,PRON,PP-P3--2-------,obl:arg,Dat,,Plur,,0.1102654835632555,O
mohl,VERB,VpYS----R-AAI--,ccomp,,Masc,Sing,,0.0250026376799932,O
říci,VERB,Vf--------A-P--,xcomp,,,,,-0.1956992865617501,O
",",PUNCT,Z:-------------,punct,,,,,0.0970257539495871,O
že,SCONJ,"J,-------------",mark,,,,,-0.0138303191199919,O
máme,VERB,VB-P---1P-AAI--,ccomp,,,Plur,,0.0316167933903159,O
odpověď,NOUN,NNFS4-----A----,obj,Acc,Fem,Sing,,-0.0133819174839207,O
",",PUNCT,Z:-------------,punct,,,,,0.0492937208707853,O
abychom,AUX,Vc-P---1-------,aux,,,Plur,,-0.2763484154377406,O
zabránili,VERB,VpMP----R-AAP--,advcl,,Masc,Plur,Anim,0.1047218336691544,O
dalším,ADJ,AAFP3----1A----,amod,Dat,Fem,Plur,,-0.0064240406963631,O
",",PUNCT,Z:-------------,punct,,,,,0.0039017684400302,O
budoucím,ADJ,AAFP3----1A----,conj,Dat,Fem,Plur,,0.0151689947664461,O
sebevraždám,NOUN,NNFP3-----A----,obl:arg,Dat,Fem,Plur,,0.042549148011471,O
v,ADP,RR--6----------,case,Loc,,,,0.0161695031053467,O
ozbrojených,ADJ,AAFP6----1A----,amod,Loc,Fem,Plur,,0.0476284999815671,O
silách,NOUN,NNFP6-----A----,nmod,Loc,Fem,Plur,,0.04175969285504,O
.,PUNCT,Z:-------------,punct,,,,,0.1880596650219691,O
My,PRON,PP-P1--1-------,root,Nom,,Plur,,0.0546870137681365,O
ne,PART,TT-------------,dep,,,,,-0.0903347112208517,O
.,PUNCT,Z:-------------,punct,,,,,0.2331226335085522,O
Jsme,AUX,VB-P---1P-AAI--,aux:pass,,,Plur,,0.0952027673230554,O
chyceni,ADJ,VsMP----X-APP--,root,,Masc,Plur,Anim,-0.020693057872273,O
v,ADP,RR--6----------,case,Loc,,,,0.0441810099915807,O
tom,DET,PDZS6----------,obl,Loc,"Masc,Neut",Sing,,-0.2689570089085021,O
",",PUNCT,Z:-------------,punct,,,,,0.206276244103449,O
co,PRON,PQ--4----------,obj,Acc,,,Inan,0.0439537306345,O
někteří,DET,PZMP1----------,nsubj,Nom,Masc,Plur,Anim,0.0488956089196518,O
nazývají,VERB,VB-P---3P-AAI--,acl:relcl,,,Plur,,-0.008685602854196,O
národní,ADJ,AAFS7----1A----,amod,Ins,Fem,Sing,,-0.1835018174571245,O
epidemií,NOUN,NNFS7-----A----,obl:arg,Ins,Fem,Sing,,0.1636351629633971,O
sebevražd,NOUN,NNFP2-----A----,nmod,Gen,Fem,Plur,,0.027980120535255,O
mezi,ADP,RR--7----------,case,Ins,,,,0.107465058470961,O
naší,DET,PSFS7-P1-------,det,Ins,Fem,Sing,,0.0617160254227745,O
mládeží,NOUN,NNFS7-----A----,nmod,Ins,Fem,Sing,,-0.0575134932384885,O
.,PUNCT,Z:-------------,punct,,,,,-0.1036340473474162,O
“,PUNCT,Z:-------------,root,,,,,0.1379548984956437,O
Christie,PROPN,NNFXX-----A----,nsubj,,Fem,,,0.0037050623722508,B-P|B-pf
Hefnerová,PROPN,NNFS1-----A----,flat,Nom,Fem,Sing,,0.0654295334248307,I-P|B-ps
",",PUNCT,Z:-------------,punct,,,,,0.0170358474240064,O
podnikatelka,NOUN,NNFS1-----A----,appos,Nom,Fem,Sing,,-0.03164634971505,O
a,CCONJ,J^-------------,cc,,,,,0.0012003720399385,O
dcera,NOUN,NNFS1-----A----,conj,Nom,Fem,Sing,,-0.044638153474539,O
zakladatele,NOUN,NNMS2-----A----,nmod,Gen,Masc,Sing,Anim,0.0198861487254061,O
Playboye,NOUN,NNIS2-----A----,nmod,Gen,Masc,Sing,Inan,-0.019307513094525,B-mn
Hugha,PROPN,NNMS2-----A----,flat,Gen,Masc,Sing,Anim,0.0604294763555086,B-P|B-pf
Hefnera,PROPN,NNMS2-----A----,flat,Gen,Masc,Sing,Anim,0.0769980185149425,I-P|B-ps
",",PUNCT,Z:-------------,punct,,,,,0.0704878756942496,O
říká,VERB,VB-S---3P-AAI--,root,,,Sing,,-0.0313161485912588,O
",",PUNCT,Z:-------------,punct,,,,,0.0205542756264495,O
že,SCONJ,"J,-------------",mark,,,,,-0.0500690072766071,O
The,X,F%-------------,nsubj,,,,,0.0928669037834933,B-oa
Girlfriend,X,F%-------------,flat:foreign,,,,,0.0897856795103573,I-oa
's,X,F%-------------,flat:foreign,,,,,0.1123929168716399,I-oa
Guide,X,F%-------------,flat:foreign,,,,,-0.0694721085262779,I-oa
to,X,F%-------------,flat:foreign,,,,,0.002758479578204,I-oa
Closing,X,F%-------------,flat:foreign,,,,,0.423739855900334,I-oa
The,X,F%-------------,flat:foreign,,,,,-0.035770423372236,I-oa
Deal“,X,F%-------------,flat:foreign,,,,,-0.0517870281464814,I-oa
je,AUX,VB-S---3P-AAI--,cop,,,Sing,,-6.320146057327873,O
velmi,ADV,Db-------------,advmod,,,,,-0.0345299870305869,O
zábavné,ADJ,AANS1----1A----,ccomp,Nom,Neut,Sing,,0.1320493237358635,O
a,CCONJ,J^-------------,cc,,,,,-0.1093981798694691,O
zároveň,ADV,Db-------------,conj,,,,,-0.0555161919696958,O
velmi,ADV,Db-------------,advmod,,,,,-0.0208863102943662,O
užitečné,ADJ,AANS1----1A----,conj,Nom,Neut,Sing,,0.046195807466879,O
.,PUNCT,Z:-------------,punct,,,,,0.0504106591016175,O
Melody,PROPN,NNFP1-----A----,nsubj,Nom,Masc,Sing,Anim,0.1404678991394075,O
spřádá,VERB,VB-S---3P-AAI--,root,,,Sing,,0.0091595453019444,O
osobní,ADJ,AAFP4----1A----,amod,Acc,Fem,Plur,,-0.0548062358106494,O
anekdoty,NOUN,NNFP4-----A----,obj,Acc,Fem,Plur,,0.0149841444626092,O
",",PUNCT,Z:-------------,punct,,,,,0.0509437246107251,O
triumfy,NOUN,NNIP4-----A----,conj,Acc,Masc,Plur,Inan,0.0062994594076103,O
a,CCONJ,J^-------------,cc,,,,,0.1069540556750137,O
nezdary,NOUN,NNIP4-----A----,conj,Acc,Masc,Plur,Inan,-0.0529649968602928,O
s,ADP,RR--7----------,case,Ins,,,,0.0812762396985588,O
užitečným,ADJ,AANS7----1A----,amod,Ins,Neut,Sing,,0.0294070750620122,O
ponaučením,NOUN,NNNS7-----A----,obl,Ins,Neut,Sing,,0.0838084454858469,O
.,PUNCT,Z:-------------,punct,,,,,0.0474624071509095,O
Od,ADP,RR--2----------,case,Gen,,,,0.0736799390629165,O
toho,DET,PDZS2----------,obl,Gen,"Masc,Neut",Sing,,0.0247925418356829,O
",",PUNCT,Z:-------------,punct,,,,,0.1110424346272751,O
jak,ADV,Db-------------,advmod,,,,,0.0321241616717208,O
vlastnit,VERB,Vf--------A-I--,acl,,,,,0.0554793527301238,O
své,DET,P8YP4---------1,det,Acc,Masc,Plur,,-0.0227021312334735,O
nápady,NOUN,NNIP4-----A----,obj,Acc,Masc,Plur,Inan,0.019282539723021,O
na,ADP,RR--4----------,case,Acc,,,,0.0715904114418024,O
setkání,NOUN,NNNS4-----A----,nmod,Acc,Neut,Sing,,-0.0027729078986803,O
",",PUNCT,Z:-------------,punct,,,,,0.093115708917273,O
až,PART,TT-------------,advmod:emph,,,,,-0.0439868472968296,O
po,ADP,RR--4----------,case,Acc,,,,0.0586224513934142,O
to,DET,PDNS4----------,obl,Acc,Neut,Sing,,0.0074899884838661,O
",",PUNCT,Z:-------------,punct,,,,,0.0223392578215647,O
kdy,ADV,Db-------------,advmod,,,,,-0.052226130380522,O
je,AUX,VB-S---3P-AAI--,acl:relcl,,,Sing,,-0.0578477929915741,O
čas,NOUN,NNIS1-----A----,nsubj,Nom,Masc,Sing,Inan,-0.0972680505494087,O
se,PRON,P7--4----------,obj,Acc,,,,0.1751436573820903,O
spřátelit,VERB,Vf--------A-P--,acl,,,,,0.0957037939284207,O
",",PUNCT,Z:-------------,punct,,,,,-0.0148479834539024,O
“,PUNCT,Z:-------------,punct,,,,,-0.0421871171422204,O
každý,DET,AAMS1----1A----,nsubj,Nom,Masc,Sing,Anim,0.0289291691260151,O
může,VERB,VB-S---3P-AAI--,root,,,Sing,,0.0294657398369956,O
mít,VERB,Vf--------A-I--,xcomp,,,,,0.0106719233760821,O
prospěch,NOUN,NNIS4-----A----,obj,Acc,Masc,Sing,Inan,0.1291773582124946,O
z,ADP,RR--2----------,case,Gen,,,,0.0784380406475052,O
Melodyho,PROPN,NNMS2-----A----,nmod,Gen,Masc,Sing,Anim,0.0380670778942171,B-p_
příběhu,NOUN,NNIS2-----A----,nmod,Gen,Masc,Sing,Inan,0.0120755055340144,O
.,PUNCT,Z:-------------,punct,,,,,-0.2208021671986827,O
„,PUNCT,Z:-------------,root,,,,,-0.5390596286401846,O
Téměř,ADV,Db-------------,advmod:emph,,,,,0.0725422443417395,O
polovina,NOUN,NNFS1-----A----,nsubj,Nom,Fem,Sing,,0.0643751351555419,O
úředníků,NOUN,NNMP2-----A----,nmod,Gen,Masc,Plur,Anim,0.0062446314922972,O
ve,ADP,RV--6----------,case,Loc,,,,-0.0016451277865503,O
výslužbě,NOUN,NNFS6-----A----,nmod,Loc,Fem,Sing,,0.0372766232745604,O
byli,AUX,VpMP----R-AAI--,cop,,Masc,Plur,Anim,-0.0273403072683754,O
ti,DET,PDMP1----------,root,Nom,Masc,Plur,Anim,-0.0882319288935818,O
",",PUNCT,Z:-------------,punct,,,,,0.1899537243316405,O
kteří,DET,P4MP1----------,nsubj:pass,Nom,Masc,Plur,Anim,0.0775089840869427,O
byli,AUX,VpMP----R-AAI--,aux:pass,,Masc,Plur,Anim,0.1187325146089054,O
zatčeni,ADJ,VsMP----X-APP--,amod,,Masc,Plur,Anim,0.050406997806461,O
CBI,NOUN,BNXXX-----A----,obj,,,,,0.0862672730805062,B-io
za,ADP,RR--4----------,case,Acc,,,,0.0266616250582995,O
údajné,ADJ,AANS4----1A----,amod,Acc,Neut,Sing,,0.0297475117345701,O
nezákonné,ADJ,AANS4----1N----,amod,Acc,Neut,Sing,,0.0456901916030075,O
uspokojení,NOUN,NNNS4-----A----,obl,Acc,Neut,Sing,,0.0461035396615627,O
.,PUNCT,Z:-------------,punct,,,,,0.0538841076123888,O
Jeden,NUM,CnYS1----------,nsubj:pass,Nom,Masc,Sing,,-0.0242037009088604,O
z,ADP,RR--2----------,case,Gen,,,,0.0877080786837321,O
nich,PRON,PEXP2--3-------,nmod,Gen,,Plur,,0.0277885854291597,O
byl,AUX,VpYS----R-AAI--,aux:pass,,Masc,Sing,,0.022373653111258,O
přistižen,ADJ,VsYS----X-APP-1,root,,Masc,Sing,,0.0023031906133123,O
při,ADP,RR--6----------,case,Loc,,,,-0.0239443255966244,O
přijímání,NOUN,NNNS6-----A----,obl,Loc,Neut,Sing,,-0.0017376998624173,O
úplatku,NOUN,NNIS2-----A----,nmod,Gen,Masc,Sing,Inan,0.0148770159482503,O
15,NUM,C=-------------,nummod:gov,,,,,-0.0552928311522434,B-nc
000,NUM,C=-------------,nummod:gov,,,,,0.0408192157393451,I-nc
rupií,NOUN,NNFP2-----A----,nmod,Gen,Fem,Plur,,0.093252274538048,O
.,PUNCT,Z:-------------,punct,,,,,0.0321804936671095,O
Jeden,NUM,CnYS1----------,nummod,Nom,Masc,Sing,,-0.0639208094194952,O
úředník,NOUN,NNMS1-----A----,nsubj,Nom,Masc,Sing,Anim,-0.0032925962202474,O
je,AUX,VB-S---3P-AAI--,cop,,,Sing,,0.1275062138741778,O
obviněn,ADJ,VsYS----X-APP--,root,,Masc,Sing,,0.0364500174632566,O
z,ADP,RR--2----------,case,Gen,,,,0.1128816100435505,O
toho,DET,PDZS2----------,obl:arg,Gen,"Masc,Neut",Sing,,0.0044974877076967,O
",",PUNCT,Z:-------------,punct,,,,,0.1619287561239299,O
že,SCONJ,"J,-------------",mark,,,,,0.0710958220057279,O
má,VERB,VB-S---3P-AAI--,acl,,,Sing,,0.0306897110213242,O
majetek,NOUN,NNIS4-----A----,obj,Acc,Masc,Sing,Inan,0.0128751181906148,O
nepřiměřený,ADJ,AAIS4----1N----,amod,Acc,Masc,Sing,Inan,0.0968912804739678,O
ve,ADP,RV--6----------,case,Loc,,,,-0.0275096731937402,O
vztahu,NOUN,NNIS6-----A----,fixed,Loc,Masc,Sing,Inan,0.0586422306008395,O
k,ADP,RR--3----------,fixed,Dat,,,,0.0666319706425671,O
jeho,DET,P9XXXZS3-------,det,,,,,0.0487009946722266,O
známému,ADJ,AAIS3----1A----,amod,Dat,Masc,Sing,Inan,0.0578044796621932,O
zdroji,NOUN,NNIS3-----A----,obl,Dat,Masc,Sing,Inan,0.0225971437772112,O
příjmů,NOUN,NNIP2-----A----,nmod,Gen,Masc,Plur,Inan,0.0004619699695912,O
.,PUNCT,Z:-------------,punct,,,,,0.0942191907908873,O
Zkontroloval,VERB,VpYS----R-AAP--,root,,Masc,Sing,,0.0987462163970292,O
jsem,AUX,VB-S---1P-AAI--,aux,,,Sing,,0.1809999791500942,O
správné,ADJ,AANS4----1A----,amod,Acc,Neut,Sing,,0.1533064973075261,O
pořadí,NOUN,NNNS4-----A----,obj,Acc,Neut,Sing,,-0.0686611665160333,O
a,CCONJ,J^-------------,cc,,,,,0.1241121280426162,O
tady,ADV,Db-------------,advmod,,,,,-0.0161725800683113,O
vidím,VERB,VB-S---1P-AAI--,conj,,,Sing,,-0.0615346089780116,O
",",PUNCT,Z:-------------,punct,,,,,0.1321424057638403,O
že,SCONJ,"J,-------------",mark,,,,,-0.0588608162403779,O
jezdec,NOUN,NNMS1-----A----,nsubj,Nom,Masc,Sing,Anim,0.1541680392296411,O
se,PRON,P7-X4----------,expl:pv,Acc,,,,0.2444177552826185,O
ho,PRON,P5ZS4--3-------,obj,Acc,"Masc,Neut",Sing,,0.114866629302531,O
právě,ADV,Db-------------,advmod,,,,,-0.1606627313027845,O
snaží,VERB,VB-S---3P-AAI--,ccomp,,,Sing,,-0.1787197669250241,O
zvednout,VERB,Vf--------A-P--,xcomp,,,,,0.2498354474050615,O
.,PUNCT,Z:-------------,punct,,,,,-0.2579957879870816,O
Stejně,ADV,Dg-------1A----,advmod,,,,,0.3325991778134698,O
jako,SCONJ,"J,-------------",mark,,,,,0.0289084512482924,O
mluvíme,VERB,VB-P---1P-AAI--,advcl,,,Plur,,0.0005765706399854,O
o,ADP,RR--6----------,case,Loc,,,,0.0771180956195561,O
fyzické,ADJ,AAFS6----1A----,amod,Loc,Fem,Sing,,-0.0335132754693124,O
zdatnosti,NOUN,NNFS6-----A----,obl:arg,Loc,Fem,Sing,,0.027748953264834,O
",",PUNCT,Z:-------------,punct,,,,,0.0755124467862084,O
střeleckém,ADJ,AANS6----1A----,amod,Loc,Neut,Sing,,0.0850345739423778,O
umění,NOUN,NNNS6-----A----,conj,Loc,Neut,Sing,,-0.0121197326977466,O
",",PUNCT,Z:-------------,punct,,,,,0.061059247928192,O
výcviku,NOUN,NNIS6-----A----,conj,Loc,Masc,Sing,Inan,0.0239641772766547,O
a,CCONJ,J^-------------,cc,,,,,0.1200957032465001,O
vzdělání,NOUN,NNNS6-----A----,conj,Loc,Neut,Sing,,0.0082360607679687,O
",",PUNCT,Z:-------------,punct,,,,,-0.0046379105812665,O
námořní,ADJ,AAFS3----1A----,amod,Dat,Fem,Sing,,0.0489035825836917,O
pěchotě,NOUN,NNFS3-----A----,obl:arg,Dat,Fem,Sing,,0.1191116630778881,O
musí,VERB,VB-S---3P-AAI--,ccomp,,,Sing,,-0.040630785551709,O
být,AUX,Vf--------A-I--,cop,,,,,-0.1003884946960278,O
příjemné,ADJ,AANS1----1A----,xcomp,Nom,Neut,Sing,,0.0866937518107383,O
diskutovat,VERB,Vf--------A-I--,csubj,,,,,0.2127244771638139,O
o,ADP,RR--6----------,case,Loc,,,,-0.0551730882228807,O
životních,ADJ,AAIP6----1A----,amod,Loc,Masc,Plur,Inan,0.103644067363167,O
bojích,NOUN,NNIP6-----A----,obl:arg,Loc,Masc,Plur,Inan,0.0798086446268073,O
",",PUNCT,Z:-------------,punct,,,,,-0.0802007975572654,O
duševním,ADJ,AANS6----1A----,amod,Loc,Neut,Sing,,-0.0435213292678287,O
zdraví,NOUN,NNNS6-----A----,conj,Loc,Neut,Sing,,-0.0415355848855889,O
a,CCONJ,J^-------------,cc,,,,,-0.0477573519584875,O
sebevraždě,NOUN,NNFS6-----A----,conj,Loc,Fem,Sing,,0.0989123751548987,O
",",PUNCT,Z:-------------,punct,,,,,0.0115515487992443,O
“,PUNCT,Z:-------------,punct,,,,,-0.0393687317877579,O
řekl,VERB,VpYS----R-AAP--,root,,Masc,Sing,,0.0784401129297786,O
Gen,PROPN,NNMS1-----A----,nsubj,Nom,Masc,Sing,Anim,-0.0397844743760341,B-p_
.,PUNCT,Z:-------------,punct,,,,,0.0151802415817043,O
David,PROPN,NNMS1-----A----,root,Nom,Masc,Sing,Anim,-0.0234254914319638,B-P|B-pf
Berger,PROPN,NNMS1-----A----,flat,Nom,Masc,Sing,Anim,0.0623859614883237,I-P|B-ps
",",PUNCT,Z:-------------,punct,,,,,0.0726321905641308,O
velitel,NOUN,NNMS1-----A----,appos,Nom,Masc,Sing,Anim,0.0399461248294974,O
námořní,ADJ,AAFS2----1A----,amod,Gen,Fem,Sing,,0.1979829948573019,O
pěchoty,NOUN,NNFS2-----A----,nmod,Gen,Fem,Sing,,0.0673067031760079,O
.,PUNCT,Z:-------------,punct,,,,,0.0364336556254491,O
Musíme,VERB,VB-P---1P-AAI--,root,,,Plur,,0.1610698157053287,O
vytvořit,VERB,Vf--------A-P--,xcomp,,,,,0.0602551938944153,O
komunitu,NOUN,NNFS4-----A----,obj,Acc,Fem,Sing,,0.07892228242338,O
",",PUNCT,Z:-------------,punct,,,,,0.1941545998445174,O
kde,ADV,Db-------------,advmod,,,,,0.0527995481144457,O
hledání,NOUN,NNNS1-----A----,nsubj,Nom,Neut,Sing,,0.0505113819789853,O
pomoci,NOUN,NNFS2-----A----,nmod,Gen,Fem,Sing,,-0.0146769722307349,O
a,CCONJ,J^-------------,cc,,,,,0.0306800304405685,O
pomoci,NOUN,NNFS2-----A----,conj,Gen,Fem,Sing,,-0.2097810171885359,O
je,AUX,VB-S---3P-AAI--,cop,,,Sing,,-0.0564258686859064,O
prostě,ADV,Dg-------1A----,advmod,,,,,-0.0077348277801528,O
normální,ADJ,AANS1----1A----,acl:relcl,Nom,Neut,Sing,,0.0553641738008227,O
",",PUNCT,Z:-------------,punct,,,,,0.1078504149352026,O
důležitá,ADJ,AANP1----1A----,amod,Nom,Neut,Plur,,0.4289452679955348,O
rozhodnutí,NOUN,NNNP1-----A----,conj,Nom,Neut,Plur,,-0.0047421356605668,O
námořní,ADJ,AAFS2----1A----,amod,Gen,Fem,Sing,,0.1327770670100561,O
pěchoty,NOUN,NNFS2-----A----,nmod,Gen,Fem,Sing,,0.1049534062234527,O
a,CCONJ,J^-------------,cc,,,,,0.132059393280522,O
námořníků,NOUN,NNMP2-----A----,conj,Gen,Masc,Plur,Anim,0.0949403528479234,O
.,PUNCT,Z:-------------,punct,,,,,0.0116104969140385,O
“,PUNCT,Z:-------------,punct,,,,,-0.0518674499941649,O
Robert,PROPN,NNMS1-----A----,nsubj,Nom,Masc,Sing,Anim,0.081123234530126,B-P|B-pf
Hunter,PROPN,NNMS1-----A----,flat,Nom,Masc,Sing,Anim,0.1660344520062488,I-P|B-ps
ze,ADP,RV--2----------,case,Gen,,,,0.1322474783312356,O
skupiny,NOUN,NNFS2-----A----,nmod,Gen,Fem,Sing,,0.0024417848041436,O
přátel,NOUN,NNMP2-----A----,nmod,Gen,Masc,Plur,Anim,-0.0315110479232153,O
řekl,VERB,VpYS----R-AAP--,root,,Masc,Sing,,-0.1585024085341401,O
:,PUNCT,Z:-------------,punct,,,,,0.007221940466683,O
"""",PUNCT,Z:-------------,punct,,,,,0.1733501046602644,O
"""",PUNCT,Z:-------------,punct,,,,,0.1579480930430654,O
Je,AUX,VB-S---3P-AAI--,cop,,,Sing,,-0.1914130240524071,O
to,DET,PDNS1----------,nsubj,Nom,Neut,Sing,,-0.151381508073454,O
skutečně,ADV,Dg-------1A----,advmod,,,,,-0.0305892949614678,O
jeden,NUM,CnYS1----------,ccomp,Nom,Masc,Sing,,-0.1457292228841942,O
z,ADP,RR--2----------,case,Gen,,,,-0.1184651852786018,O
nejhistoričtějších,ADJ,AAIP2----3A----,amod,Gen,Masc,Plur,Inan,0.1077408547454546,O
mostů,NOUN,NNIP2-----A----,nmod,Gen,Masc,Plur,Inan,0.2658701214418696,O
na,ADP,RR--6----------,case,Loc,,,,-0.1511125756700736,O
světě,NOUN,NNIS6-----A----,nmod,Loc,Masc,Sing,Inan,0.1478117943615814,O
a,CCONJ,J^-------------,cc,,,,,-0.1398269009213335,O
fascinující,ADJ,AGNS1-----A----,amod,Nom,Neut,Sing,,-0.0098364531907142,O
inženýrské,ADJ,AANS1----1A----,amod,Nom,Neut,Sing,,0.018421458242128,O
dílo,NOUN,NNNS1-----A----,conj,Nom,Neut,Sing,,0.2393781843355618,O
.,PUNCT,Z:-------------,punct,,,,,0.1108476598254172,O
"""",PUNCT,Z:-------------,root,,,,,0.3057278656423441,O
Požár,NOUN,NNIS1-----A----,nsubj,Nom,Masc,Sing,Inan,0.0429391601751148,O
se,PRON,P7-X4----------,expl:pv,Acc,,,,0.1075321841741315,O
přes,ADP,RR--4----------,case,Acc,,,,0.0595179971831875,O
noc,NOUN,NNFS4-----A----,obl,Acc,Fem,Sing,,0.0476218617789773,O
uklidnil,VERB,VpYS----R-AAP--,root,,Masc,Sing,,0.0676856876572398,O
",",PUNCT,Z:-------------,punct,,,,,0.0900551770802847,O
když,SCONJ,"J,-------------",mark,,,,,0.2548011581771772,O
hasiči,NOUN,NNMP1-----A----,nsubj,Nom,Masc,Plur,Anim,-0.0214033000738036,O
podle,ADP,RR--2----------,case,Gen,,,,0.0369725251979904,O
kalifornského,ADJ,AAIS2----1A----,amod,Gen,Masc,Sing,Inan,0.0742466327496944,O
úřadu,NOUN,NNIS2-----A----,obl,Gen,Masc,Sing,Inan,0.0487373610943412,O
pro,ADP,RR--4----------,case,Acc,,,,-0.2172280226833303,O
lesní,ADJ,AAFS4----1A----,amod,Acc,Fem,Sing,,-0.037088976463312,O
a,CCONJ,J^-------------,cc,,,,,-0.0322279827359963,O
požární,ADJ,AAFS4----1A----,conj,Acc,Fem,Sing,,0.0154840089397387,O
ochranu,NOUN,NNFS4-----A----,nmod,Acc,Fem,Sing,,-0.0284145949439214,O
vytírali,VERB,VpMP----R-AAI--,advcl,,Masc,Plur,Anim,0.0338328396124328,O
a,CCONJ,J^-------------,cc,,,,,-0.0826760084066619,O
posilovali,VERB,VpMP----R-AAI--,conj,,Masc,Plur,Anim,0.1281427169319492,O
ovládací,ADJ,AANS4----1A----,amod,Acc,Neut,Sing,,0.0382739188860843,O
vedení,NOUN,NNNP4-----A----,obj,Acc,Neut,Plur,,-0.0693640503387796,O
.,PUNCT,Z:-------------,punct,,,,,0.3469309624307867,O
Řekl,VERB,VpYS----R-AAP--,root,,Masc,Sing,,0.0022805553755743,O
:,PUNCT,Z:-------------,punct,,,,,-0.068749076076907,O
Není,AUX,VB-S---3P-NAI--,cop,,,Sing,,0.2219393620521597,O
to,DET,PDNS1----------,nsubj,Nom,Neut,Sing,,-0.0599048172274912,O
něco,PRON,PK--1----------,ccomp,Nom,,,Inan,-0.19413420138236,O
",",PUNCT,Z:-------------,punct,,,,,0.0549027713719131,O
co,PRON,PQ--4----------,obj,Acc,,,Inan,0.1082681164590601,O
bych,AUX,Vc----------Ic-,aux,,,Sing,,-0.0958610588284741,O
chtěl,VERB,VpYS----R-AAI--,acl:relcl,,Masc,Sing,,-0.2247254098339794,O
dělat,VERB,Vf--------A-I--,xcomp,,,,,0.006192040846631,O
.,PUNCT,Z:-------------,punct,,,,,0.0128925123191909,O
Mnoho,DET,Ca--1----------,det:numgov,Nom,,,,0.177666408462945,O
sledujících,ADJ,AGMP2-----A----,amod,Gen,Masc,Plur,Anim,0.2825590051575189,O
lidí,NOUN,NNMP2-----A----,nsubj,Gen,Masc,Plur,Anim,-0.2969031182927486,O
si,PRON,P7--3----------,expl:pv,Dat,,,,-0.0571752105390814,O
může,VERB,VB-S---3P-AAI--,root,,,Sing,,-0.0861217127984915,O
myslet,VERB,Vf--------A-I-1,xcomp,,,,,0.1294344974376564,O
",",PUNCT,Z:-------------,punct,,,,,0.1893220854511504,O
že,SCONJ,"J,-------------",mark,,,,,0.1882452131508773,O
je,AUX,VB-S---3P-AAI--,cop,,,Sing,,-0.3753763098910555,O
to,DET,PDNS1----------,nsubj,Nom,Neut,Sing,,-0.0430949302672645,O
přesně,ADV,Dg-------1A----,advmod,,,,,-0.1483570573946983,O
to,DET,PDNS1----------,ccomp,Nom,Neut,Sing,,-0.0571590232731523,O
",",PUNCT,Z:-------------,punct,,,,,0.2777764284915599,O
co,PRON,PQ--4----------,obj,Acc,,,Inan,0.0566134469095366,O
by,AUX,Vc----------I--,aux,,,,,0.016603762495755,O
měl,VERB,VpYS----R-AAI--,acl:relcl,,Masc,Sing,,0.0587562729892314,O
dělat,VERB,Vf--------A-I--,xcomp,,,,,0.1443692722875995,O
",",PUNCT,Z:-------------,punct,,,,,0.0768050714041782,O
a,CCONJ,J^-------------,cc,,,,,0.1026978368769495,O
přestat,VERB,Vf--------A-P--,conj,,,,,0.1605939017247306,O
o,ADP,RR--6----------,case,Loc,,,,-0.1566647816810443,O
věcech,NOUN,NNFP6-----A----,obl:arg,Loc,Fem,Plur,,0.1132088743450971,O
mluvit,VERB,Vf--------A-I--,xcomp,,,,,0.007892565021211,O
",",PUNCT,Z:-------------,punct,,,,,0.0859975931107301,O
ale,CCONJ,J^-------------,cc,,,,,0.0711948585660061,O
záleží,VERB,VB-S---3P-AAI--,conj,,,Sing,,-0.0676911345871349,O
mi,PRON,PH-S3--1-------,obl:arg,Dat,,Sing,,-0.0797595369117818,O
na,ADP,RR--6----------,case,Loc,,,,-0.0141108107920717,O
zemi,NOUN,NNFS6-----A----,obl:arg,Loc,Fem,Sing,,0.0627319773028667,O
.,PUNCT,Z:-------------,punct,,,,,0.012101829056346,O
“,PUNCT,Z:-------------,punct,,,,,0.1235750628279091,O
V,ADP,RR--6----------,case,Loc,,,,0.0299011392943996,O
Lausanne,PROPN,NNNXX-----A----,obl,,Neut,,,0.0356227949233277,B-gu
",",PUNCT,Z:-------------,punct,,,,,0.126357970352223,O
Švýcarsko,PROPN,NNNS1-----A----,dep,Nom,Neut,Sing,,0.0448448363891651,B-gc
",",PUNCT,Z:-------------,punct,,,,,0.0056674875852118,O
kde,ADV,Db-------------,advmod,,,,,-0.0249603778917427,O
se,PRON,P7-X4----------,expl:pv,Acc,,,,-0.0029566966788652,O
shromáždili,VERB,VpMP----R-AAP--,acl:relcl,,Masc,Plur,Anim,0.189729217307533,O
stovky,NOUN,NNFP1-----A----,nsubj,Nom,Fem,Plur,,0.1549284675891706,O
organizátorů,NOUN,NNMP2-----A----,nmod,Gen,Masc,Plur,Anim,0.1749706411534555,O
klima,NOUN,NNNS2-----A----,nmod,Gen,Neut,Sing,,0.469546309362734,O
v,ADP,RR--6----------,case,Loc,,,,0.2118863725061681,O
srpnu,NOUN,NNIS6-----A----,obl,Loc,Masc,Sing,Inan,0.0900949219553164,O
plánováním,NOUN,NNNS7-----A----,obl,Ins,Neut,Sing,,0.0458198087650574,O
akcí,NOUN,NNFP2-----A----,nmod,Gen,Fem,Plur,,0.12760582768866,O
tohoto,DET,PDZS2----------,det,Gen,"Masc,Neut",Sing,,0.3478860198436375,O
týdne,NOUN,NNIS2-----A----,nmod,Gen,Masc,Sing,Inan,0.0814467840943524,O
",",PUNCT,Z:-------------,punct,,,,,-0.0782967906937849,O
tisíce,DET,CzIP1----------,nsubj,Nom,Masc,Plur,Inan,0.1931289822792694,O
lidí,NOUN,NNMP2-----A----,nmod,Gen,Masc,Plur,Anim,0.1301081927831068,O
pochodovaly,VERB,VpTP----R-AAI--,root,,"Fem,Masc",Plur,Inan,-0.0059275464574651,O
městem,NOUN,NNNS7-----A----,obl,Ins,Neut,Sing,,-0.0001797207688792,O
",",PUNCT,Z:-------------,punct,,,,,0.2569324931014829,O
podle,ADP,RR--2----------,case,Gen,,,,-0.0580032874004689,O
místních,ADJ,AAFP2----1A----,amod,Gen,Fem,Plur,,-0.0565548092559282,O
zpráv,NOUN,NNFP2-----A----,obl,Gen,Fem,Plur,,-0.0206223671207474,O
.,PUNCT,Z:-------------,punct,,,,,-0.2195440365534966,O
K,ADP,RR--3----------,case,Dat,,,,-0.1753351740772587,O
nákupu,NOUN,NNIS3-----A----,obl,Dat,Masc,Sing,Inan,0.3069315037726008,O
této,DET,PDFS2----------,det,Gen,Fem,Sing,,-0.5255048940275584,O
pumpy,NOUN,NNFS2-----A----,nmod,Gen,Fem,Sing,,0.124663711219409,O
není,AUX,VB-S---3P-NAI--,cop,,,Sing,,-0.2305634524436389,O
nutný,ADJ,AAIS1----1A----,root,Nom,Masc,Sing,Inan,0.1724624699683765,O
žádný,DET,PWYS1----------,det,Nom,Masc,Sing,,-0.2318874694263076,O
předpis,NOUN,NNIS1-----A----,nsubj,Nom,Masc,Sing,Inan,0.0762233264314054,O
.,PUNCT,Z:-------------,punct,,,,,0.4220908029665113,O
