word,upos,xpos,deprel,case,gender,number,animacy,score,ner
29-летний,ADJ,,amod,Nom,Masc,Sing,,0.4251913492057071,NONE
спортсмен,NOUN,,nsubj,Nom,Masc,Sing,Anim,-0.0650872945278927,NONE
",",PUNCT,,punct,,,,,0.1549329230958822,NONE
родивший,VERB,,acl,Nom,Masc,Sing,,0.0227288697203511,NONE
своего,DET,,det,Acc,Masc,Sing,,-0.0707298555366034,NONE
сына,NOUN,,obj,Acc,Masc,Sing,Anim,-0.0340743588812701,NONE
Эдуарда,PROPN,,appos,Acc,Masc,Sing,Anim,0.1672223157370383,PER
пять,NUM,,nummod:gov,Acc,,,,0.056230097637949,NONE
месяцев,NOUN,,obl,Gen,Masc,Plur,Inan,0.1027890304713175,NONE
назад,ADV,,advmod,,,,,0.1379885809857249,NONE
",",PUNCT,,punct,,,,,0.1896221272223008,NONE
имеет,VERB,,root,,,Sing,,0.1083005580218658,NONE
ухудшающееся,VERB,,amod,Acc,Neut,Sing,,0.230618226453083,NONE
состояние,NOUN,,obj,Acc,Neut,Sing,Inan,-0.0783950187858218,NONE
глаз,NOUN,,nmod,Gen,Masc,Plur,Inan,0.1468250918209633,NONE
",",PUNCT,,punct,,,,,0.0729989608827866,NONE
называемое,VERB,,acl,Acc,Neut,Sing,,-0.0608090393724866,NONE
Макулярной,ADJ,,amod,Ins,Fem,Sing,,0.1085437710421354,PER
Дистрофией,PROPN,,obl,Ins,Fem,Sing,Inan,0.166731973485408,PER
Старгардта,PROPN,,nmod,Gen,Masc,Sing,Anim,0.1257079857514103,PER
",",PUNCT,,punct,,,,,0.0722798351306651,NONE
которая,PRON,,nsubj,Nom,,,,0.1611185358507888,NONE
дает,VERB,,acl:relcl,,,Sing,,0.1138752853949957,NONE
ей,PRON,,iobj,Dat,Fem,Sing,,0.0088295810885373,NONE
лишь,PART,,advmod,,,,,-0.0241023149519715,NONE
небольшое,ADJ,,amod,Acc,Neut,Sing,,0.1282419200903738,NONE
периферическое,ADJ,,amod,Acc,Neut,Sing,,0.1018363700779044,NONE
зрение,NOUN,,obj,Acc,Neut,Sing,Inan,0.1065536215448106,NONE
в,ADP,,case,,,,,0.1926831868989071,NONE
левом,ADJ,,amod,Loc,Masc,Sing,,0.0409019045202689,NONE
глазу,NOUN,,nmod,Loc,Masc,Sing,Inan,0.0937789622583244,NONE
.,PUNCT,,punct,,,,,0.2641208499129728,NONE
О,INTJ,,discourse,,,,,0.4967141673572229,NONE
",",PUNCT,,punct,,,,,-0.1038981302620893,NONE
я,PRON,,nsubj,Nom,,Sing,,-0.0160531564365735,NONE
так,ADV,,advmod,,,,,-0.0655215663197781,NONE
рада,ADJ,,root,,Fem,Sing,,-0.2771002906153977,NONE
",",PUNCT,,punct,,,,,0.0066991461326633,NONE
что,SCONJ,,mark,,,,,-0.2651996894727895,NONE
вы,PRON,,nsubj,Nom,,Plur,,-0.2029466622134089,NONE
спросили,VERB,,advcl,,,Plur,,-0.1222201628183502,NONE
",",PUNCT,,punct,,,,,0.0102436325782362,NONE
мне,PRON,,iobj,Dat,,Sing,,-0.218914591840689,NONE
есть,VERB,,conj,,,Sing,,-0.1556326661084266,NONE
что,PRON,,obj,Acc,Neut,Sing,Inan,-0.0538675066168949,NONE
сказать,VERB,,csubj,,,,,-0.1543292178696215,NONE
по,ADP,,case,,,,,-0.1282534732800732,NONE
этому,DET,,det,Dat,Masc,Sing,,0.0435720257564292,NONE
поводу,NOUN,,obl,Dat,Masc,Sing,Inan,-0.1381970228555271,NONE
.,PUNCT,,punct,,,,,0.3358535216255562,NONE
Протест,NOUN,,nsubj,Nom,Masc,Sing,Inan,-0.3954882849967789,NONE
в,ADP,,case,,,,,-0.0214338320019043,NONE
Окленде,PROPN,,nmod,Loc,Masc,Sing,Inan,0.0407643600840234,LOC
начался,VERB,,root,,Masc,Sing,,-0.0012929005235283,NONE
мирно,ADV,,advmod,,,,,0.1278798881870767,NONE
",",PUNCT,,punct,,,,,0.2726586931656874,NONE
но,CCONJ,,cc,,,,,-0.1519114598025461,NONE
затем,ADV,,advmod,,,,,-0.1754833581036942,NONE
перерос,VERB,,conj,,Masc,Sing,,-0.3412866177409966,NONE
в,ADP,,case,,,,,0.0857459886396478,NONE
ночь,NOUN,,obl,Acc,Fem,Sing,Inan,0.0636033398676532,NONE
.,PUNCT,,punct,,,,,0.4850426710675608,NONE
Пожар,NOUN,,nsubj,Nom,Masc,Sing,Inan,0.2891189469840042,NONE
успокоился,VERB,,root,,Masc,Sing,,0.1687128383520188,NONE
в,ADP,,case,,,,,-0.1008910090718515,NONE
одночасье,NOUN,,obl,Acc,Neut,Sing,Inan,0.1064787189897162,NONE
",",PUNCT,,punct,,,,,-0.0881435104285609,NONE
когда,SCONJ,,mark,,,,,-0.0279936417214474,NONE
пожарные,NOUN,,nsubj,Nom,Masc,Plur,Anim,-0.0554578352855845,NONE
работали,VERB,,advcl,,,Plur,,0.0943753295819025,NONE
над,ADP,,case,,,,,-0.0689739282086366,NONE
зачисткой,NOUN,,obl,Ins,Fem,Sing,Inan,0.0117267181756496,NONE
и,CCONJ,,cc,,,,,-0.2546661214261955,NONE
укреплением,NOUN,,conj,Ins,Neut,Sing,Inan,0.0515028020682002,NONE
линий,NOUN,,nmod,Gen,Fem,Plur,Inan,0.6390431612255019,NONE
управления,NOUN,,nmod,Gen,Neut,Sing,Inan,0.0358830033384081,NONE
",",PUNCT,,punct,,,,,0.2968105663454646,NONE
по,ADP,,case,,,,,-0.160479734759746,NONE
данным,NOUN,,parataxis,Dat,,Plur,Inan,-0.2142563599949821,NONE
Департамента,PROPN,,nmod,Gen,Masc,Sing,Inan,-0.0320448562667342,ORG
лесного,ADJ,,amod,Gen,Neut,Sing,,-0.1045761524795019,ORG
хозяйства,NOUN,,nmod,Gen,Neut,Sing,Inan,-0.2449465991562806,ORG
и,CCONJ,,cc,,,,,-0.0086564634973219,ORG
противопожарной,ADJ,,amod,Gen,Fem,Sing,,0.1902819491010458,ORG
защиты,NOUN,,conj,Gen,Fem,Sing,Inan,-0.0336693016175338,ORG
Калифорнии,PROPN,,nmod,Gen,Fem,Sing,Inan,-0.015703903202255,LOC
.,PUNCT,,punct,,,,,0.0076791853276087,NONE
Следуйте,VERB,,root,,,Plur,,0.2170200187300793,NONE
следующему,ADJ,,amod,Dat,Masc,Sing,,0.8098047101405287,NONE
процессу,NOUN,,iobj,Dat,Masc,Sing,Inan,0.1456967860145742,NONE
Министерство,NOUN,,nsubj,Nom,Neut,Sing,Inan,-0.691036638439637,ORG
иностранных,ADJ,,amod,Gen,,Plur,,0.0017805919524817,ORG
дел,NOUN,,nmod,Gen,Neut,Plur,Inan,0.03271435316307,ORG
",",PUNCT,,punct,,,,,0.1282975212778329,NONE
по,ADP,,case,,,,,-0.0242614093339616,NONE
делам,NOUN,,conj,Dat,Neut,Plur,Inan,0.0466347029052885,NONE
Содружества,PROPN,,nmod,Gen,Neut,Sing,Inan,0.0813325365346785,ORG
и,CCONJ,,cc,,,,,0.0433815427720443,ORG
развития,NOUN,,conj,Gen,Neut,Sing,Inan,-0.0907373576922516,ORG
(,PUNCT,,punct,,,,,-0.108797066821219,ORG
FCDO,PROPN,,flat:foreign,,,,,0.095838778845834,ORG
),PUNCT,,punct,,,,,0.1406361004874186,ORG
заявило,VERB,,root,,Neut,Sing,,0.1267177890292139,NONE
",",PUNCT,,punct,,,,,0.1214843427510956,NONE
что,SCONJ,,mark,,,,,0.0114804038465346,NONE
Организация,PROPN,,nsubj,Nom,Fem,Sing,Inan,0.0176374397384366,ORG
Объединенных,VERB,,amod,Gen,,Plur,,0.1635542256434144,ORG
Наций,PROPN,,nmod,Gen,Fem,Plur,Inan,-0.015233588164656,ORG
и,CCONJ,,cc,,,,,0.0321546269263283,NONE
агентства,NOUN,,conj,Nom,Neut,Plur,Inan,0.0041082474149638,NONE
по,ADP,,case,,,,,-0.0508161604099753,NONE
оказанию,NOUN,,nmod,Dat,Neut,Sing,Inan,-0.0200565049652136,NONE
помощи,NOUN,,nmod,Gen,Fem,Sing,Inan,-0.0302067489147324,NONE
будут,AUX,,aux,,,Plur,,-0.0153723563590588,NONE
уделять,VERB,,ccomp,,,,,0.0313184050339632,NONE
первоочередное,ADJ,,amod,Acc,Neut,Sing,,0.1511423984016127,NONE
внимание,NOUN,,obj,Acc,Neut,Sing,Inan,-0.0394209250180504,NONE
тем,DET,,det,Dat,,Plur,,-0.055967560299432,NONE
",",PUNCT,,punct,,,,,0.066570462547716,NONE
кто,PRON,,nsubj,Nom,,,,-0.0382620551202365,NONE
подвергается,VERB,,acl:relcl,,,Sing,,0.0795471382210573,NONE
наибольшему,ADJ,,amod,Dat,Masc,Sing,,0.1340824069978256,NONE
риску,NOUN,,iobj,Dat,Masc,Sing,Inan,0.0274514336484602,NONE
",",PUNCT,,punct,,,,,0.0592230601158699,NONE
включая,ADV,,advmod,,,,,-0.0298570051121631,NONE
домохозяйства,NOUN,,obj,Acc,Neut,Plur,Inan,0.1175735774218182,NONE
",",PUNCT,,punct,,,,,0.0408358272760346,NONE
возглавляемые,VERB,,acl,Acc,,Plur,Inan,0.0615468366301617,NONE
женщинами,NOUN,,obl,Ins,Fem,Plur,Anim,0.0166687471339118,NONE
",",PUNCT,,punct,,,,,0.0721363214817884,NONE
и,CCONJ,,cc,,,,,0.0621173891289293,NONE
людей,NOUN,,conj,Acc,Masc,Plur,Anim,-0.0858595165992656,NONE
с,ADP,,case,,,,,0.0016276640631865,NONE
ограниченными,ADJ,,amod,Ins,,Plur,,0.0179741782679954,NONE
возможностями,NOUN,,nmod,Ins,Fem,Plur,Inan,0.0169995533662871,NONE
.,PUNCT,,punct,,,,,0.3768780641422557,NONE
ОГАСТА,NOUN,,root,Nom,Fem,Sing,Inan,0.161266201085412,NONE
",",PUNCT,,punct,,,,,-0.0618094169887721,NONE
штат,NOUN,,appos,Nom,Masc,Sing,Inan,-0.028132219448157,NONE
Джорджия,PROPN,,appos,Nom,Fem,Sing,Inan,0.0478336793522473,LOC
.,PUNCT,,punct,,,,,0.3909271766395466,NONE
Власти,NOUN,,nsubj,Nom,Fem,Plur,Inan,0.0385043035464331,NONE
вытащили,VERB,,root,,,Plur,,0.0296443344756465,NONE
затопленный,VERB,,amod,Acc,Masc,Sing,Inan,0.1182114400159171,NONE
автомобиль,NOUN,,obj,Acc,Masc,Sing,Inan,-0.0649793414903072,NONE
из,ADP,,case,,,,,-0.0002426486884871,NONE
пруда,NOUN,,obl,Gen,Masc,Sing,Inan,0.1562589466490809,NONE
в,ADP,,case,,,,,0.2172599136981736,NONE
Джорджии,PROPN,,nmod,Loc,Fem,Sing,Inan,0.0250553172133939,LOC
и,CCONJ,,cc,,,,,0.0008207216918836,NONE
обнаружили,VERB,,conj,,,Plur,,-0.070754331791747,NONE
внутри,ADV,,advmod,,,,,-0.0575876993083867,NONE
тела,NOUN,,obl,Gen,Neut,Sing,Inan,-0.0465001228042293,NONE
женщины,NOUN,,nmod,Gen,Fem,Sing,Anim,0.0350109780717281,NONE
и,CCONJ,,cc,,,,,-0.0857750469202949,NONE
ее,PRON,,nmod,Gen,Fem,Sing,,-0.1941503381283151,NONE
10-месячных,ADJ,,amod,Gen,,Plur,,-0.0424836756980601,NONE
детей-близнецов,NOUN,,conj,Gen,Masc,Plur,Anim,0.1012054631442521,NONE
.,PUNCT,,punct,,,,,0.5463808988687183,NONE
Видите,VERB,,parataxis,,,Plur,,0.0262152957234579,NONE
ли,PART,,advmod,,,,,0.0048675610220761,NONE
",",PUNCT,,punct,,,,,0.0164681741889521,NONE
два,NUM,,nummod:gov,Nom,Masc,,,-0.0317617066456054,NONE
моих,DET,,det,Gen,,Plur,,0.0015468989919693,NONE
близких,ADJ,,amod,Gen,,Plur,,-0.0234978218581768,NONE
друга,NOUN,,nsubj,Gen,Masc,Sing,Anim,-0.0221658878611981,NONE
и,CCONJ,,cc,,,,,-0.002259064584015,NONE
члены,NOUN,,conj,Nom,Masc,Plur,Anim,-0.0199751536068615,NONE
их,DET,,det,,,,,-0.0184211123957594,NONE
семей,NOUN,,nmod,Gen,Fem,Plur,Inan,-0.0173666626443099,NONE
страдают,VERB,,root,,,Plur,,0.0042641870717705,NONE
от,ADP,,case,,,,,0.0565556131251162,NONE
рассеянного,VERB,,amod,Gen,Masc,Sing,,0.2930231020203462,NONE
склероза,NOUN,,obl,Gen,Masc,Sing,Inan,0.001817972139709,NONE
",",PUNCT,,punct,,,,,-0.0568479222517852,NONE
изнурительного,ADJ,,amod,Gen,Neut,Sing,,0.4158237444664621,NONE
заболевания,NOUN,,appos,Gen,Neut,Sing,Inan,-0.0031572927468832,NONE
центральной,ADJ,,amod,Gen,Fem,Sing,,0.0818821465771737,NONE
нервной,ADJ,,amod,Gen,Fem,Sing,,0.0709860264202894,NONE
системы,NOUN,,nmod,Gen,Fem,Sing,Inan,0.0415337616684373,NONE
",",PUNCT,,punct,,,,,-0.0231123709219426,NONE
которое,PRON,,nsubj,Nom,,,,0.0375415843402951,NONE
нарушает,VERB,,acl:relcl,,,Sing,,0.1732607467401214,NONE
связь,NOUN,,obj,Acc,Fem,Sing,Inan,0.1109684655299903,NONE
между,ADP,,case,,,,,0.0607011108598429,NONE
мозгом,NOUN,,nmod,Ins,Masc,Sing,Inan,0.1331291753586435,NONE
и,CCONJ,,cc,,,,,0.1472775406325889,NONE
телом,NOUN,,conj,Ins,Neut,Sing,Inan,0.5729293132600025,NONE
.,PUNCT,,punct,,,,,0.091996529919763,NONE
Чтобы,SCONJ,,mark,,,,,0.1907759913062449,NONE
восстановить,VERB,,advcl,,,,,-0.3174298259547897,NONE
свою,DET,,det,Acc,Fem,Sing,,0.0017154154339601,NONE
учетную,ADJ,,amod,Acc,Fem,Sing,,0.1600931729378323,NONE
запись,NOUN,,obj,Acc,Fem,Sing,Inan,0.2795807311307757,NONE
в,ADP,,case,,,,,0.2484715658095864,NONE
приложении,NOUN,,nmod,Loc,Neut,Sing,Inan,0.0831619779875213,NONE
для,ADP,,case,,,,,0.1189108188502655,NONE
Android,PROPN,,flat:foreign,,,,,-0.0812916333510242,NONE
",",PUNCT,,punct,,,,,0.0688427011025404,NONE
выполните,VERB,,root,,,Plur,,0.2324426220941246,NONE
следующие,ADJ,,amod,Acc,,Plur,Inan,0.6527716325422528,NONE
действия,NOUN,,obj,Acc,Neut,Plur,Inan,0.0520576996422178,NONE
:,PUNCT,,punct,,,,,0.2275440621617563,NONE
Позже,ADV,,advmod,,,,,0.2011912492820176,NONE
в,ADP,,case,,,,,0.0023926634446897,NONE
тот,DET,,det,Acc,Masc,Sing,,0.1008013803855492,NONE
же,PART,,advmod,,,,,0.0314949603784329,NONE
день,NOUN,,obl,Acc,Masc,Sing,Inan,-0.0499483349678821,NONE
Джабир,PROPN,,nsubj,Nom,Masc,Sing,Anim,-0.0529502048162349,PER
финишировал,VERB,,root,,Masc,Sing,,0.0309080481794686,NONE
третьим,ADJ,,obl,Ins,Masc,Sing,,0.0294338778255534,NONE
в,ADP,,case,,,,,0.0708732023312238,NONE
первом,ADJ,,amod,Loc,Masc,Sing,,0.0363477495071709,NONE
заезде,NOUN,,nmod,Loc,Masc,Sing,Inan,0.1531247294707662,NONE
и,CCONJ,,cc,,,,,0.0063007323145727,NONE
занял,VERB,,conj,,Masc,Sing,,0.1483195872533688,NONE
11-е,ADJ,,amod,Acc,Neut,Sing,,0.0741513489478205,NONE
место,NOUN,,obj,Acc,Neut,Sing,Inan,0.1773007203217806,NONE
в,ADP,,case,,,,,0.1278734151397775,NONE
беге,NOUN,,nmod,Loc,Masc,Sing,Inan,0.1410713350405617,NONE
на,ADP,,case,,,,,0.0743910105703428,NONE
400,NUM,,nummod,,,,,0.0381586445635188,NONE
м,NOUN,,nmod,Gen,Masc,Plur,Inan,0.1274484634120702,NONE
с,ADP,,case,,,,,0.1137790687121166,NONE
барьерами,NOUN,,nmod,Ins,Masc,Plur,Inan,0.1334372524952111,NONE
среди,ADP,,case,,,,,0.0008913392383642,NONE
мужчин,NOUN,,nmod,Gen,Masc,Plur,Anim,-0.0097600040868152,NONE
со,ADP,,case,,,,,0.0997400619205154,NONE
временем,NOUN,,nmod,Ins,Neut,Sing,Inan,0.0672960498103395,NONE
49,NUM,,nummod,,,,,0.1581623521991507,NONE
",",PUNCT,,punct,,,,,0.1658851714340134,NONE
62,NUM,,nmod,,,,,0.2477682101760447,NONE
секунды,NOUN,,nmod,Gen,Fem,Sing,Inan,0.2324593871176903,NONE
",",PUNCT,,punct,,,,,0.0706537648844521,NONE
чтобы,SCONJ,,mark,,,,,0.081608998299829,NONE
пройти,VERB,,advcl,,,,,-0.0337518345281077,NONE
в,ADP,,case,,,,,0.1131964094523471,NONE
полуфинал,NOUN,,obl,Acc,Masc,Sing,Inan,-0.2076446572362122,NONE
",",PUNCT,,punct,,,,,-0.0631268260779762,NONE
который,PRON,,nsubj,Nom,,,,-0.0762600917369406,NONE
состоится,VERB,,acl:relcl,,,Sing,,-0.0942061987791029,NONE
в,ADP,,case,,,,,-0.0471217497475167,NONE
субботу,NOUN,,obl,Acc,Fem,Sing,Inan,-0.2158233377699267,NONE
.,PUNCT,,punct,,,,,0.4411357651110608,NONE
Конгресс,NOUN,,nsubj,Nom,Masc,Sing,Inan,0.2523361370046852,ORG
планирует,VERB,,root,,,Sing,,0.0399888672281131,NONE
в,ADP,,case,,,,,-0.0429347557436367,NONE
понедельник,NOUN,,obl,Acc,Masc,Sing,Inan,-0.0736309088181485,NONE
провести,VERB,,xcomp,,,,,-0.0448371098011536,NONE
общенациональную,ADJ,,amod,Acc,Fem,Sing,,0.0692229136013903,NONE
акцию,NOUN,,obj,Acc,Fem,Sing,Inan,0.01522104963928,NONE
протеста,NOUN,,nmod,Gen,Masc,Sing,Inan,0.0222517449656934,NONE
из-за,ADP,,case,,,,,0.0735077921352061,NONE
ситуации,NOUN,,obl,Gen,Fem,Sing,Inan,0.1833607411231106,NONE
в,ADP,,case,,,,,0.0342827761268942,NONE
Раджастане,PROPN,,nmod,Loc,Masc,Sing,Inan,0.0093393612344381,LOC
",",PUNCT,,punct,,,,,0.1277420698401949,NONE
где,ADV,,advmod,,,,,0.3805412331448327,NONE
правительство,NOUN,,nsubj,Nom,Neut,Sing,Inan,0.2402611820782317,NONE
Ашока,PROPN,,nmod,Gen,Masc,Sing,Anim,0.1498662091236444,PER
Гехлота,PROPN,,flat:name,Gen,Masc,Sing,Anim,0.6672011981799328,PER
борется,VERB,,acl:relcl,,,Sing,,0.1735463474150468,NONE
за,ADP,,case,,,,,0.1412591620617304,NONE
выживание,NOUN,,obl,Acc,Neut,Sing,Inan,0.1370337547754922,NONE
.,PUNCT,,punct,,,,,-0.0193892254310066,NONE
Глава,NOUN,,root,Nom,Masc,Sing,Anim,0.5538986243990592,NONE
МИД,PROPN,,nmod,Gen,Masc,Sing,Inan,-0.1739821115434323,ORG
Саудовской,PROPN,,amod,,,,,0.0976214932321921,LOC
Аравии,PROPN,,nmod,Gen,Fem,Sing,Inan,0.3161745113870047,LOC
:,PUNCT,,punct,,,,,-0.0852068722852796,NONE
финансовое,ADJ,,amod,Nom,Neut,Sing,,-0.0367362808451396,NONE
давление-лучший,NOUN,,nsubj,Nom,Neut,Sing,Inan,0.0100151325537962,NONE
способ,NOUN,,parataxis,Nom,Masc,Sing,Inan,-0.0031137448783659,NONE
контролировать,VERB,,obl,,,,,0.2742981115657935,NONE
Иран,PROPN,,obj,Acc,Masc,Sing,Inan,0.1291028531371734,LOC
Однако,ADV,,advmod,,,,,0.434325204918243,NONE
это,PRON,,nsubj,Nom,Neut,Sing,Inan,-0.2521470025928706,NONE
происходит,VERB,,root,,,Sing,,-0.1319409160413635,NONE
очень,ADV,,advmod,,,,,-0.3108112558537021,NONE
быстро,ADV,,advmod,,,,,0.0518263654123154,NONE
",",PUNCT,,punct,,,,,0.0538885615136569,NONE
поэтому,ADV,,advmod,,,,,-0.3432025183026542,NONE
к,ADP,,case,,,,,0.0321070267522079,NONE
полудню,NOUN,,obl,Dat,Masc,Sing,Inan,-0.0373572303300431,NONE
понедельника,NOUN,,nmod,Gen,Masc,Sing,Inan,-0.0621474913189424,NONE
все,PRON,,nsubj,Nom,Neut,Sing,Inan,-0.0392014957381895,NONE
пройдет,VERB,,conj,,,Sing,,-0.0614519021085288,NONE
",",PUNCT,,punct,,,,,0.1447095792881942,NONE
а,CCONJ,,cc,,,,,-0.0647441928007791,NONE
к,ADP,,case,,,,,0.0394050667405971,NONE
обеду,NOUN,,obl,Dat,Masc,Sing,Inan,0.0115822349258772,NONE
все,PRON,,nsubj,Nom,Neut,Sing,Inan,-0.0098072981147113,NONE
начнет,VERB,,conj,,,Sing,,0.0082764817949703,NONE
успокаиваться,VERB,,xcomp,,,,,0.0728566841619705,NONE
.,PUNCT,,punct,,,,,0.0737508480615695,NONE
Мать-два,NOUN,,nsubj,Nom,Fem,Sing,Anim,0.1028576029698311,PER
Наадия,PROPN,,appos,Nom,Fem,Sing,Anim,-0.0080088213560261,PER
Моосаджи,PROPN,,flat:name,Nom,Fem,Sing,Anim,0.0177079127201254,PER
",",PUNCT,,punct,,,,,0.0240914012717326,NONE
южноафриканский,ADJ,,amod,Nom,Masc,Sing,,-0.0118532940077855,NONE
инженер,NOUN,,appos,Nom,Masc,Sing,Anim,-0.0237388120484817,NONE
",",PUNCT,,punct,,,,,0.0417575645027978,NONE
социальный,ADJ,,amod,Nom,Masc,Sing,,-0.0219548935922424,NONE
предприниматель,NOUN,,conj,Nom,Masc,Sing,Anim,0.1542076525897059,NONE
и,CCONJ,,cc,,,,,0.0154672380317216,NONE
соучредитель,NOUN,,conj,Nom,Masc,Sing,Anim,0.0475920719097634,NONE
организации,NOUN,,nmod,Gen,Fem,Sing,Inan,-0.0014746864221852,NONE
«Женщины,NOUN,,nmod,Gen,Fem,Sing,Anim,0.020258751413698,ORG
в,ADP,,case,,,,,-0.0389294469834767,ORG
машиностроении»,NOUN,,nmod,Loc,Neut,Sing,Inan,0.0595026774439843,ORG
",",PUNCT,,punct,,,,,-0.0559782828450774,NONE
показала,VERB,,root,,Fem,Sing,,0.0623479454049905,NONE
:,PUNCT,,punct,,,,,0.0523505098478971,NONE
«Мы,PRON,,nsubj,,,,,0.0040111318284574,NONE
признали,VERB,,parataxis,,,Plur,,0.0535250960433135,NONE
важность,NOUN,,obj,Acc,Fem,Sing,Inan,-0.0260329333692897,NONE
не,PART,,advmod,,,,,0.0562902974736957,NONE
только,PART,,advmod,,,,,0.1955584612513761,NONE
образования,NOUN,,nmod,Gen,Neut,Sing,Inan,0.1629986495048266,NONE
для,ADP,,case,,,,,0.0077385884157488,NONE
девочек,NOUN,,nmod,Gen,Fem,Plur,Anim,0.1495031641924128,NONE
",",PUNCT,,punct,,,,,0.0598047696317657,NONE
но,CCONJ,,cc,,,,,-0.0508344029421134,NONE
и,PART,,fixed,,,,,0.0150148324758797,NONE
того,PRON,,conj,Gen,Neut,Sing,Inan,-0.0371525032175819,NONE
",",PUNCT,,punct,,,,,0.1929021919136202,NONE
чтобы,SCONJ,,mark,,,,,0.0250438324436905,NONE
служить,VERB,,advcl,,,,,-0.0113302818172368,NONE
примером,NOUN,,obl,Ins,Masc,Sing,Inan,0.0906714878122389,NONE
для,ADP,,case,,,,,-0.027532429156739,NONE
подражания,NOUN,,nmod,Gen,Neut,Sing,Inan,0.0568129981293335,NONE
для,ADP,,case,,,,,0.0393545577211079,NONE
мальчиков,NOUN,,nmod,Gen,Masc,Plur,Anim,0.0627113676291166,NONE
:,PUNCT,,punct,,,,,0.063045820924213,NONE
мы,PRON,,nsubj,Nom,,Plur,,0.0424805535775784,NONE
являемся,VERB,,parataxis,,,Plur,,-0.0139859947169699,NONE
влиятельными,ADJ,,amod,Ins,,Plur,,0.0208234726460782,NONE
женщинами,NOUN,,xcomp,Ins,Fem,Plur,Anim,0.0267617548402085,NONE
и,CCONJ,,cc,,,,,0.0183727626559226,NONE
мальчиками,NOUN,,conj,Ins,Masc,Plur,Anim,0.0290454901119418,NONE
",",PUNCT,,punct,,,,,0.1270138759963137,NONE
которых,PRON,,obj,Acc,,Plur,Anim,-0.0740292296911293,NONE
мы,PRON,,nsubj,Nom,,Plur,,0.0557144124612827,NONE
можем,VERB,,acl:relcl,,,Plur,,0.0092269166170374,NONE
видеть»,VERB,,xcomp,,,,,0.0603741593548271,NONE
.,PUNCT,,punct,,,,,-0.2543269301054866,NONE
Биффе,PROPN,,iobj,Dat,Masc,Sing,Anim,0.4872521865638111,PER
было,AUX,,aux:pass,,Neut,Sing,,0.0028775408324476,NONE
также,ADV,,advmod,,,,,-0.0189365142906168,NONE
приказано,VERB,,root,,Neut,Sing,,0.0311566608771162,NONE
выплатить,VERB,,csubj:pass,,,,,-0.0076447885661384,NONE
Агентству,PROPN,,iobj,Dat,Neut,Sing,Inan,-0.0062629252851279,ORG
по,ADP,,case,,,,,0.0095692105042969,ORG
окружающей,VERB,,amod,Dat,Fem,Sing,,-0.0187366439588162,ORG
среде,NOUN,,nmod,Dat,Fem,Sing,Inan,0.03178168683313,ORG
240 ,NUM,,nummod,,,,,0.0824180132439708,NONE
000,NUM,,nummod,,,,,0.1929472515739494,NONE
фунтов,NOUN,,obl,Gen,Masc,Plur,Inan,0.2654961962547426,NONE
стерлингов,NOUN,,nmod,Gen,Masc,Plur,Inan,0.4028065058819265,NONE
и,CCONJ,,cc,,,,,0.1277035746493248,NONE
приказ,NOUN,,conj,Acc,Masc,Sing,Inan,-0.0451432924915407,NONE
о,ADP,,case,,,,,0.1271706130643499,NONE
конфискации,NOUN,,nmod,Loc,Fem,Sing,Inan,0.070460478786834,NONE
в,ADP,,case,,,,,-0.0986090532198165,NONE
размере,NOUN,,nmod,Loc,Masc,Sing,Inan,-0.0364622900166362,NONE
9,NUM,,nummod,,,,,0.0978055786532226,NONE
912,NUM,,nummod,,,,,-0.0138913592244266,NONE
фунтов,NOUN,,nmod,Gen,Masc,Plur,Inan,0.1362738461219198,NONE
стерлингов,NOUN,,nmod,Gen,Masc,Plur,Inan,0.1852309037225366,NONE
",",PUNCT,,punct,,,,,0.0219223246461013,NONE
что,PRON,,nsubj,Nom,,,,-0.0576814594750325,NONE
является,VERB,,parataxis,,,Sing,,0.1050700085493376,NONE
общей,ADJ,,amod,Ins,Fem,Sing,,0.1681045699865383,NONE
суммой,NOUN,,obl,Ins,Fem,Sing,Inan,0.0209045776158498,NONE
",",PUNCT,,punct,,,,,0.0016651733389621,NONE
полученной,VERB,,acl,Ins,Fem,Sing,,0.0794844052641791,NONE
им,PRON,,obl,Ins,Masc,Sing,,0.0237032521996524,NONE
за,ADP,,case,,,,,-0.1272295966116809,NONE
заблокированную,VERB,,amod,Acc,Fem,Sing,,0.0573563503307379,NONE
партию,NOUN,,obl,Acc,Fem,Sing,Inan,0.0301511367864824,NONE
отходов,NOUN,,nmod,Gen,Masc,Plur,Inan,0.0338720959838946,NONE
.,PUNCT,,punct,,,,,0.0404960832370276,NONE
«Вашингтон»,NOUN,,nsubj,Nom,Masc,Sing,Inan,0.1766276018986202,ORG
обыграл,VERB,,root,,Masc,Sing,,0.0302610093509345,NONE
«Ковбоев»,NOUN,,obj,Acc,Masc,Sing,Inan,-0.0131623949842677,ORG
в,ADP,,case,,,,,-0.1412442941076397,NONE
последовательных,ADJ,,amod,Loc,,Plur,,-0.1023039624361857,NONE
матчах,NOUN,,obl,Loc,Masc,Plur,Inan,0.1103702420977876,NONE
.,PUNCT,,punct,,,,,0.1710153709226507,NONE
В,ADP,,case,,,,,0.2818390046645401,NONE
докладе,NOUN,,obl,Loc,Masc,Sing,Inan,0.097512001678931,NONE
говорится,VERB,,root,,,Sing,,0.0123227192664814,NONE
",",PUNCT,,punct,,,,,0.0740002560547343,NONE
что,SCONJ,,mark,,,,,-0.1182079553212592,NONE
ИБ,PROPN,,nsubj,Nom,Masc,Sing,Inan,-0.0201518568595283,ORG
в,ADP,,case,,,,,0.0756112321984104,NONE
Афганистане,PROPN,,nmod,Loc,Masc,Sing,Inan,0.1774054416799826,LOC
",",PUNCT,,punct,,,,,0.0580677885393201,NONE
известное,ADJ,,amod,Nom,Neut,Sing,,0.2902312881587196,NONE
как,SCONJ,,mark,,,,,0.0365429970860228,NONE
ИБ,PROPN,,obl,Nom,Masc,Sing,Inan,0.067363381495262,ORG
в,ADP,,case,,,,,0.2680184079327486,NONE
провинции,NOUN,,nmod,Loc,Fem,Sing,Inan,0.0550862182423534,NONE
Хорасан,PROPN,,appos,Nom,Masc,Sing,Inan,0.0179371611195689,LOC
",",PUNCT,,punct,,,,,0.2836842830280185,NONE
сильно,ADV,,advmod,,,,,0.0810047849200411,NONE
пострадало,VERB,,ccomp,,Neut,Sing,,0.1382436310284685,NONE
от,ADP,,case,,,,,-0.005802690100651,NONE
афганских,ADJ,,amod,Gen,,Plur,,0.1754360242419423,NONE
сил,NOUN,,obl,Gen,Fem,Plur,Inan,-0.0095579263956409,NONE
безопасности,NOUN,,nmod,Gen,Fem,Sing,Inan,0.0339522798844724,NONE
",",PUNCT,,punct,,,,,0.128346305915614,NONE
а,CCONJ,,cc,,,,,0.0139705749930438,NONE
также,PART,,fixed,,,,,-0.0704142971424341,NONE
сил,NOUN,,conj,Gen,Fem,Plur,Inan,-0.0352776438530391,NONE
США,PROPN,,nmod,Gen,,Plur,Inan,0.0704708721464527,LOC
и,CCONJ,,cc,,,,,-0.1087374335951287,NONE
НАТО,PROPN,,conj,Gen,Neut,Sing,Inan,-0.0423680406095456,ORG
",",PUNCT,,punct,,,,,0.2158532106706958,NONE
и,CCONJ,,cc,,,,,-0.0207180410864277,NONE
даже,PART,,advmod,,,,,-0.0074233373816448,NONE
иногда,ADV,,obl,,,,,0.0451540679706782,NONE
от,ADP,,case,,,,,0.0118955177352124,NONE
афганских,ADJ,,amod,Gen,,Plur,,0.1385534109458704,NONE
талибов,NOUN,,conj,Gen,Masc,Plur,Anim,0.1495046092982744,NONE
.,PUNCT,,punct,,,,,0.4426086441492664,NONE
Мы,PRON,,nsubj,Nom,,Plur,,-0.6791848138299929,NONE
принимаем,VERB,,root,,,Plur,,0.1108003777050997,NONE
возврат,NOUN,,obj,Acc,Masc,Sing,Inan,0.2660715189439382,NONE
в,ADP,,case,,,,,0.0625252305067335,NONE
течение,NOUN,,fixed,Acc,Neut,Sing,Inan,0.0270410636626374,NONE
60,NUM,,nummod,,,,,-0.0142409679246376,NONE
дней,NOUN,,obl,Gen,Masc,Plur,Inan,0.3486838371769178,NONE
с,ADP,,case,,,,,-0.0981000673264942,NONE
даты,NOUN,,obl,Gen,Fem,Sing,Inan,-0.2214472163122176,NONE
получения,NOUN,,nmod,Gen,Neut,Sing,Inan,-0.0515763773182267,NONE
вами,PRON,,nmod,Ins,,Plur,,-0.0986672279488305,NONE
покупки,NOUN,,nmod,Gen,Fem,Sing,Inan,0.2295076821601581,NONE
.,PUNCT,,punct,,,,,-0.1077709819686747,NONE
Таким,DET,,det,Ins,Masc,Sing,,-0.4909342498644872,NONE
образом,NOUN,,parataxis,Ins,Masc,Sing,Inan,-0.0864260071936066,NONE
",",PUNCT,,punct,,,,,0.1834512250515448,NONE
вы,PRON,,nsubj,Nom,,Plur,,0.2229634819371116,NONE
сможете,VERB,,root,,,Plur,,0.0765213714936773,NONE
сразу,ADV,,advmod,,,,,-0.1671091008989488,NONE
же,PART,,advmod,,,,,-0.2548937955052665,NONE
купить,VERB,,xcomp,,,,,-0.0829880184123448,NONE
книгу,NOUN,,obj,Acc,Fem,Sing,Inan,0.5588839212689393,NONE
по,ADP,,case,,,,,-0.2150685023139457,NONE
вашему,DET,,det,Dat,Masc,Sing,,0.0706680534073029,NONE
выбору,NOUN,,obl,Dat,Masc,Sing,Inan,0.1778798535763879,NONE
.,PUNCT,,punct,,,,,0.1236842135436502,NONE
Здесь,ADV,,advmod,,,,,-0.1712850689808166,NONE
появляются,VERB,,root,,,Plur,,0.0199431893189901,NONE
некоторые,DET,,det,Nom,,Plur,,-0.023870277688733,NONE
тревожные,ADJ,,amod,Nom,,Plur,,0.0460083917143716,NONE
тенденции,NOUN,,nsubj,Nom,Fem,Plur,Inan,-0.2304906940738575,NONE
",",PUNCT,,punct,,,,,-0.1696608672400825,NONE
требующие,VERB,,acl,Nom,,Plur,,-0.0276551827908501,NONE
немедленного,ADJ,,amod,Gen,Neut,Sing,,0.3444436617825889,NONE
изучения,NOUN,,obl,Gen,Neut,Sing,Inan,0.2725707449092829,NONE
",",PUNCT,,punct,,,,,-0.0206510248390656,NONE
для,ADP,,case,,,,,0.0143357464474546,NONE
понимания,NOUN,,obl,Gen,Neut,Sing,Inan,-0.2060556344393914,NONE
причин,NOUN,,nmod,Gen,Fem,Plur,Inan,-0.0933280299810835,NONE
такого,DET,,det,Gen,Neut,Sing,,-0.2351000992123608,NONE
увеличения,NOUN,,nmod,Gen,Neut,Sing,Inan,0.222114358699709,NONE
и,CCONJ,,cc,,,,,0.1699735950136848,NONE
того,PRON,,conj,Gen,Neut,Sing,Inan,-0.0589680063077098,NONE
",",PUNCT,,punct,,,,,0.0371787727914814,NONE
что,PRON,,obj,Acc,,,,0.1102645186170365,NONE
можно,ADV,,acl,,,,,-0.0415536561647661,NONE
сделать,VERB,,csubj,,,,,0.0970903928598876,NONE
для,ADP,,case,,,,,-0.0581534162875349,NONE
их,PRON,,nmod,Gen,,Plur,,0.1053943249316292,NONE
сокращения,NOUN,,obl,Gen,Neut,Sing,Inan,0.0576218151433918,NONE
.,PUNCT,,punct,,,,,0.3566418620561754,NONE
Гунер,PROPN,,nsubj,Nom,Masc,Sing,Anim,-0.090297611618369,PER
Заки,PROPN,,appos,Nom,Masc,Sing,Anim,0.0123077818483774,PER
писал,VERB,,root,,Masc,Sing,,0.1258623916157796,NONE
:,PUNCT,,punct,,,,,0.014601314968965,NONE
«Объявить,VERB,,xcomp,,,,,0.3779102786221021,NONE
шестимесячный,ADJ,,amod,Acc,Masc,Sing,Inan,0.0573685927273608,NONE
праздник,NOUN,,obj,Acc,Masc,Sing,Inan,0.0560339384303325,NONE
подарком,NOUN,,obl,Ins,Masc,Sing,Inan,-0.0498030078112378,NONE
на,ADP,,case,,,,,0.0212325045797923,NONE
день,NOUN,,nmod,Acc,Masc,Sing,Inan,-0.0023006693805425,NONE
рождения»,NOUN,,nmod,Gen,Neut,Plur,Inan,0.128789547973132,NONE
.,PUNCT,,punct,,,,,0.3196308274164058,NONE
Как,ADV,,advmod,,,,,-0.0080988108715267,NONE
он,PRON,,nsubj,Nom,Masc,Sing,,-0.2184700862531815,NONE
не,PART,,advmod,,,,,0.0319924488949276,NONE
видел,VERB,,root,,Masc,Sing,,0.2074645378027821,NONE
этого,PRON,,obl,Gen,Neut,Sing,Inan,0.0196739153157283,NONE
в,ADP,,case,,,,,0.0944781156512255,NONE
положительном,ADJ,,amod,Loc,Masc,Sing,,0.0292081950480178,NONE
свете,NOUN,,obl,Loc,Masc,Sing,Inan,-0.0979947124522997,NONE
и,CCONJ,,cc,,,,,-0.260626564960387,NONE
неизбежный,ADJ,,amod,Nom,Masc,Sing,,0.1215881716499452,NONE
отказ,NOUN,,conj,Nom,Masc,Sing,Inan,0.1901242106897161,NONE
от,ADP,,case,,,,,-0.1183238998105958,NONE
подписания,NOUN,,nmod,Gen,Neut,Sing,Inan,0.0775440151434265,NONE
соответствующих,ADJ,,amod,Gen,,Plur,,0.185728236365273,NONE
контрактов,NOUN,,nmod,Gen,Masc,Plur,Inan,0.013486588127332,NONE
.,PUNCT,,punct,,,,,0.4558639714109193,NONE
Shiba,PROPN,,nsubj,,,,,0.206050491417615,ORG
Inu,PROPN,,flat:foreign,,,,,0.0212736875144009,ORG
является,VERB,,root,,,Sing,,-0.0906944826221734,NONE
последним,ADJ,,amod,Ins,Masc,Sing,,0.0122264881635254,NONE
мемом-криптовалютой,NOUN,,appos,Ins,Fem,Sing,Inan,0.0944250426772213,NONE
",",PUNCT,,punct,,,,,0.1732825427260985,NONE
которая,PRON,,nsubj,Nom,,,,-0.0154037635448442,NONE
вышла,VERB,,acl:relcl,,Fem,Sing,,-0.0921371643582725,NONE
в,ADP,,case,,,,,0.0343309870784169,NONE
свет,NOUN,,obl,Acc,Masc,Sing,Inan,0.2044511795096676,NONE
",",PUNCT,,punct,,,,,0.2850774858856091,NONE
и,CCONJ,,cc,,,,,0.3110978334088826,NONE
",",PUNCT,,punct,,,,,0.1051707615161446,NONE
несмотря,ADV,,case,,,,,0.0426243400257139,NONE
на,ADP,,fixed,,,,,0.2438245429681177,NONE
то,PRON,,obl,Acc,Neut,Sing,Inan,0.1363085400239523,NONE
",",PUNCT,,punct,,,,,0.0111987836606828,NONE
что,SCONJ,,mark,,,,,0.2408870706594962,NONE
она,PRON,,nsubj,Nom,Fem,Sing,,0.1876342304513815,NONE
опустилась,VERB,,acl,,Fem,Sing,,0.0250011608516289,NONE
почти,ADV,,obl,,,,,-0.0766567596173255,NONE
на,ADP,,case,,,,,0.0280427663917155,NONE
60%,NUM,,nummod,,,,,-0.138642287153476,NONE
от,ADP,,case,,,,,0.0964996777805516,NONE
своего,DET,,det,Gen,Masc,Sing,,0.0213055788802093,NONE
рекордного,ADJ,,amod,Gen,Masc,Sing,,0.087521633170842,NONE
максимума,NOUN,,nmod,Gen,Masc,Sing,Inan,0.2783007856765557,NONE
",",PUNCT,,punct,,,,,0.0325529265673965,NONE
рыночная,ADJ,,amod,Nom,Fem,Sing,,0.0656783233837485,NONE
капитализация,NOUN,,nsubj,Nom,Fem,Sing,Inan,0.1458597728642118,NONE
по-прежнему,ADV,,advmod,,,,,0.0475453910820365,NONE
стоит,VERB,,conj,,,Sing,,-0.0078548353903723,NONE
на,ADP,,case,,,,,0.1176839179638489,NONE
$20,NUM,,nummod,,,,,0.1859722261331038,NONE
млрд,NOUN,,nummod,Gen,Masc,Plur,Inan,-0.1478940463224643,NONE
",",PUNCT,,punct,,,,,0.0291413895730533,NONE
что,PRON,,nsubj,Nom,,,,0.0823266162932437,NONE
делает,VERB,,parataxis,,,Sing,,-0.1876509220814534,NONE
ее,PRON,,obj,Acc,Fem,Sing,,0.0020913285583401,NONE
12-й,ADJ,,amod,Ins,Fem,Sing,,0.2063234425039939,NONE
по,ADP,,case,,,,,0.0690738624701281,NONE
величине,NOUN,,nmod,Dat,Fem,Sing,Inan,0.0291693875356445,NONE
криптовалютой,NOUN,,obl,Ins,Fem,Sing,Inan,-0.0440804965906873,NONE
в,ADP,,case,,,,,0.0826119802505048,NONE
мире,NOUN,,nmod,Loc,Masc,Sing,Inan,-0.0978467691520413,NONE
по,ADP,,case,,,,,0.007697910160954,NONE
оценке,NOUN,,obl,Dat,Fem,Sing,Inan,0.0202083383147424,NONE
.,PUNCT,,punct,,,,,0.1076728245472991,NONE
Что,PRON,,nsubj,Nom,,,,-0.3455728517118569,NONE
касается,VERB,,advcl,,,Sing,,-0.0614683066273502,NONE
маркетинговых,ADJ,,amod,Gen,,Plur,,0.1201782900820965,NONE
образов,NOUN,,obl,Gen,Masc,Plur,Inan,0.8140465501027141,NONE
",",PUNCT,,punct,,,,,0.1042045041492104,NONE
то,SCONJ,,mark,,,,,-0.0346331455159946,NONE
здесь,ADV,,root,,,,,0.0382209912080122,NONE
тоже,PART,,advmod,,,,,0.0134412416685045,NONE
много,ADV,,nsubj,,,,,0.1112370911282736,NONE
хитрых,ADJ,,amod,Gen,,Plur,,0.1845099485229587,NONE
дел,NOUN,,obl,Gen,Neut,Plur,Inan,0.2710427468463809,NONE
.,PUNCT,,punct,,,,,0.0472489038874128,NONE
В,ADP,,case,,,,,0.0260406645565274,NONE
интервью,NOUN,,obl,Loc,Neut,Sing,Inan,0.0916303898503933,NONE
BBC,PROPN,,flat:foreign,,,,,-0.0234385913463156,ORG
South,PROPN,,flat:foreign,,,,,0.0361562130065999,ORG
господин,NOUN,,nsubj,Nom,Masc,Sing,Anim,-0.0059968293738683,NONE
Джонсон,PROPN,,appos,Nom,Masc,Sing,Anim,0.2498460937871437,PER
сказал,VERB,,root,,Masc,Sing,,0.0048672521668212,NONE
:,PUNCT,,punct,,,,,-0.0254226514249065,NONE
"""",PUNCT,,punct,,,,,0.0923507108032235,NONE
"""",PUNCT,,punct,,,,,0.1409713506329377,NONE
Мне,PRON,,iobj,Dat,,Sing,,0.0902319199623372,NONE
нужно,ADJ,,parataxis,,Neut,Sing,,-0.0220726251827579,NONE
обратиться,VERB,,csubj,,,,,-0.0813672931157901,NONE
к,ADP,,case,,,,,0.1212333566307507,NONE
Палате,PROPN,,obl,Dat,Fem,Sing,Inan,0.196738185597728,ORG
общин,NOUN,,nmod,Gen,Fem,Plur,Inan,0.0789726775718349,ORG
"""",PUNCT,,punct,,,,,0.2761389787555124,NONE
"""",PUNCT,,punct,,,,,0.2238819922409119,NONE
"""",PUNCT,,root,,,,,0.7407365770734812,NONE
.,PUNCT,,punct,,,,,0.2650772987634515,NONE
Важно,ADJ,,root,,Neut,Sing,,-0.2107777890252915,NONE
улучшить,VERB,,csubj,,,,,-0.0672885072067129,NONE
реализацию,NOUN,,obj,Acc,Fem,Sing,Inan,-0.1673749556073456,NONE
этих,DET,,det,Gen,,Plur,,-0.1334305693129424,NONE
мер,NOUN,,nmod,Gen,Fem,Plur,Inan,0.0177134080638612,NONE
и,CCONJ,,cc,,,,,0.0599451071484284,NONE
сделать,VERB,,conj,,,,,0.033089028361178,NONE
их,PRON,,obj,Acc,,Plur,,-0.1881419706596419,NONE
постоянной,ADJ,,amod,Ins,Fem,Sing,,0.1806331518378708,NONE
частью,NOUN,,obl,Ins,Fem,Sing,Inan,0.0203984893512581,NONE
нашего,DET,,det,Gen,Masc,Sing,,-0.0592727598077488,NONE
набора,NOUN,,nmod,Gen,Masc,Sing,Inan,-0.0834612216463923,NONE
инструментов,NOUN,,nmod,Gen,Masc,Plur,Inan,0.1155660910183777,NONE
восстановления,NOUN,,nmod,Gen,Neut,Sing,Inan,-0.0259254888024748,NONE
экономики,NOUN,,nmod,Gen,Fem,Sing,Inan,0.1417651096510072,NONE
.,PUNCT,,punct,,,,,0.6868987291924404,NONE
Подчеркивая,VERB,,advcl,,,,,0.2614137606442354,NONE
",",PUNCT,,punct,,,,,0.03813140592826,NONE
что,SCONJ,,mark,,,,,-0.1801813368982037,NONE
Франция,PROPN,,nsubj,Nom,Fem,Sing,Inan,-0.1392137671443501,LOC
имеет,VERB,,ccomp,,,Sing,,-0.0370997072085351,NONE
право,NOUN,,obj,Acc,Neut,Sing,Inan,-0.1458730239040939,NONE
на,ADP,,case,,,,,-0.1383166154424811,NONE
еще,ADV,,obl,,,,,-0.1644102365419593,NONE
около,ADP,,case,,,,,-0.1550809093523524,NONE
80,NUM,,nummod,,,,,-0.1664079125328783,NONE
британских,ADJ,,amod,Gen,,Plur,,0.1931284936622935,NONE
лицензий,NOUN,,nmod,Gen,Fem,Plur,Inan,0.0980146219567068,NONE
",",PUNCT,,punct,,,,,0.1578128370782571,NONE
группа,NOUN,,nsubj,Nom,Fem,Sing,Inan,0.0008786234811243,NONE
",",PUNCT,,punct,,,,,0.4798856266471697,NONE
представляющая,VERB,,acl,Nom,Fem,Sing,,0.0430541078057697,NONE
интересы,NOUN,,obj,Acc,Masc,Plur,Inan,-0.0144057035893877,NONE
рыбаков,NOUN,,nmod,Gen,Masc,Plur,Anim,0.0123048395844747,NONE
в,ADP,,case,,,,,-0.0065627656462019,NONE
ключевом,ADJ,,amod,Loc,Masc,Sing,,0.0942304545293944,NONE
порту,NOUN,,nmod,Loc,Masc,Sing,Inan,0.0591980285394638,NONE
Булонь-сюр-Мер,PROPN,,appos,Nom,Masc,Sing,Inan,0.2038238386013078,LOC
и,CCONJ,,cc,,,,,-0.2569634514234478,NONE
других,ADJ,,conj,Loc,,Plur,,0.0004269620590066,NONE
на,ADP,,case,,,,,0.0192282423680821,NONE
северном,ADJ,,amod,Loc,Neut,Sing,,0.0066942482306146,NONE
побережье,NOUN,,nmod,Loc,Neut,Sing,Inan,0.0300833093964245,NONE
",",PUNCT,,punct,,,,,-0.0741607449963226,NONE
пригрозила,VERB,,root,,Fem,Sing,,0.0103559389044641,NONE
поздно,ADV,,obl,,,,,-0.0405784935125419,NONE
вечером,NOUN,,obl,Ins,Masc,Sing,Inan,-0.0472507193841542,NONE
в,ADP,,case,,,,,-0.0560313057416469,NONE
субботу,NOUN,,nmod,Acc,Fem,Sing,Inan,-0.0001194379481052,NONE
начать,VERB,,xcomp,,,,,-0.0031684589072934,NONE
акции,NOUN,,obj,Acc,Fem,Plur,Inan,0.0376845582038987,NONE
протеста,NOUN,,nmod,Gen,Masc,Sing,Inan,-0.0429501846391206,NONE
.,PUNCT,,punct,,,,,-0.2138247073866659,NONE
Но,CCONJ,,cc,,,,,0.1725996754988993,NONE
в,ADP,,case,,,,,-0.0110013057501648,NONE
этом,DET,,det,Loc,Masc,Sing,,0.1043396539847473,NONE
году,NOUN,,obl,Loc,Masc,Sing,Inan,-0.1471210422990587,NONE
обе,NUM,,nummod:gov,Nom,Fem,,,-0.229449033690971,NONE
цифры,NOUN,,nsubj,Gen,Fem,Sing,Inan,0.2778190353598457,NONE
",",PUNCT,,punct,,,,,0.2278140431625901,NONE
вероятно,ADV,,parataxis,,,,,0.1781553617924707,NONE
",",PUNCT,,punct,,,,,0.1967026826502866,NONE
будут,AUX,,cop,,,Plur,,0.226737022397387,NONE
значительно,ADV,,advmod,,,,,0.7472518323328692,NONE
меньше,ADJ,,root,,,,,0.2520662718871405,NONE
.,PUNCT,,punct,,,,,-0.0222683930281953,NONE
Другой,ADJ,,amod,Nom,Masc,Sing,,0.0855092545159136,NONE
рабочий,NOUN,,nsubj,Nom,Masc,Sing,Anim,0.2556430687469344,NONE
сказал,VERB,,root,,Masc,Sing,,0.1705703173617417,NONE
:,PUNCT,,punct,,,,,-0.0868909743559931,NONE
«Бабуинов,NOUN,,obj,Acc,Masc,Plur,Anim,0.1675615040263616,NONE
нашли,VERB,,parataxis,,,Plur,,-0.0164807283914549,NONE
с,ADP,,case,,,,,0.0596588996763879,NONE
ножами,NOUN,,obl,Ins,Masc,Plur,Inan,0.1673989080241433,NONE
и,CCONJ,,cc,,,,,0.1943154848776917,NONE
отвертками,NOUN,,conj,Ins,Fem,Plur,Inan,0.1281244060584872,NONE
.,PUNCT,,punct,,,,,0.0059369744605598,NONE
Интересно,ADJ,,root,,Neut,Sing,,-0.366242945954069,NONE
",",PUNCT,,punct,,,,,0.3846376987724557,NONE
раздавали,VERB,,csubj,,,Plur,,-0.0585861893655837,NONE
ли,PART,,advmod,,,,,0.0709026517864275,NONE
их,PRON,,obj,Acc,,Plur,,0.0111798920922157,NONE
некоторые,DET,,nsubj,Nom,,Plur,,0.120364445769004,NONE
из,ADP,,case,,,,,-0.0164049593596423,NONE
гостей»,NOUN,,nmod,Gen,Masc,Plur,Anim,0.1392830649537884,NONE
.,PUNCT,,punct,,,,,0.041531208572006,NONE
С,ADP,,case,,,,,-0.0797282241920857,NONE
инвалидами,NOUN,,obl,Ins,Masc,Plur,Anim,-0.0325060587748053,NONE
в,ADP,,case,,,,,0.3707798259227147,NONE
Америке,PROPN,,obl,Loc,Fem,Sing,Inan,-0.1844734978364413,LOC
просто,PART,,advmod,,,,,-0.0212606261606084,NONE
не,PART,,advmod,,,,,0.0980946593762932,NONE
обращаются,VERB,,root,,,Plur,,-0.0258723258794677,NONE
должным,ADJ,,amod,Ins,Masc,Sing,,0.0665006627081413,NONE
образом,NOUN,,obl,Ins,Masc,Sing,Inan,-0.0811355536051705,NONE
",",PUNCT,,punct,,,,,0.3422905538276257,NONE
и,PART,,advmod,,,,,0.2021649177481078,NONE
точка,NOUN,,conj,Nom,Fem,Sing,Inan,0.4971277785070646,NONE
.,PUNCT,,punct,,,,,0.4761753525999328,NONE
Организаторам,NOUN,,iobj,Dat,Masc,Plur,Anim,0.0862989718803924,NONE
культурных,ADJ,,amod,Gen,,Plur,,0.0211056145559601,NONE
",",PUNCT,,punct,,,,,0.1081783850136501,NONE
общественных,ADJ,,conj,Gen,,Plur,,0.0278536956009201,NONE
и,CCONJ,,cc,,,,,-0.0968903320238953,NONE
спортивных,ADJ,,conj,Gen,,Plur,,-0.1186579543258955,NONE
мероприятий,NOUN,,nmod,Gen,Neut,Plur,Inan,-0.0700624175650131,NONE
будет,AUX,,aux:pass,,,Sing,,-0.0582273749962596,NONE
предложена,VERB,,root,,Fem,Sing,,-0.0611882765306179,NONE
финансовая,ADJ,,amod,Nom,Fem,Sing,,0.0736787161639171,NONE
поддержка,NOUN,,nsubj:pass,Nom,Fem,Sing,Inan,0.1132771493659882,NONE
",",PUNCT,,punct,,,,,0.2348282861858119,NONE
пока,SCONJ,,mark,,,,,-0.0208514211715819,NONE
на,ADP,,case,,,,,-0.0338726527353778,NONE
них,PRON,,obl,Acc,,Plur,,-0.0533106241625235,NONE
распространяются,VERB,,advcl,,,Plur,,0.3312806998645577,NONE
ограничения,NOUN,,nsubj,Nom,Neut,Plur,Inan,-0.0805524710467641,NONE
по,ADP,,case,,,,,0.0119103839296197,NONE
карантину,NOUN,,nmod,Dat,Masc,Sing,Inan,0.1481944651698988,NONE
.,PUNCT,,punct,,,,,0.721407082299815,NONE
Пожалуйста,ADV,,parataxis,,,,,0.3690572012359119,NONE
",",PUNCT,,punct,,,,,0.1413167188731593,NONE
посмотрите,VERB,,root,,,Plur,,0.0827005754578257,NONE
фотографии,NOUN,,obj,Acc,Fem,Plur,Inan,0.1585933888221065,NONE
для,ADP,,case,,,,,-0.1843120688439882,NONE
получения,NOUN,,obl,Gen,Neut,Sing,Inan,-0.028682699597448,NONE
более,ADV,,obl,,,,,-0.0161608224045206,NONE
подробной,ADJ,,amod,Gen,Fem,Sing,,-0.0974017116001018,NONE
информации,NOUN,,nmod,Gen,Fem,Sing,Inan,0.0890667492605834,NONE
.,PUNCT,,punct,,,,,0.5313906903311858,NONE
По,ADP,,case,,,,,0.5612999052872962,NONE
данным,NOUN,,parataxis,Dat,,Plur,Inan,0.0509815217576433,NONE
BCScan,PROPN,,flat:foreign,,,,,0.0957812648565711,ORG
",",PUNCT,,punct,,,,,0.1520406237872892,NONE
в,ADP,,advmod,,,,,-0.1085679963117499,NONE
настоящее,ADJ,,fixed,Acc,Neut,Sing,Inan,-0.2818109135575898,NONE
время,NOUN,,fixed,Acc,Neut,Sing,Inan,0.0325053364583778,NONE
у,ADP,,case,,,,,-0.2665734590842391,NONE
проекта,NOUN,,root,Gen,Masc,Sing,Inan,0.1107848343889792,NONE
110,NUM,,nummod,,,,,0.0459431162317416,NONE
тыс,NOUN,,nsubj,Gen,Fem,Plur,Inan,0.2405467778735286,NONE
владельцев,NOUN,,nmod,Gen,Masc,Plur,Anim,0.2583646527366219,NONE
.,PUNCT,,punct,,,,,0.1658710747475585,NONE
Мы,PRON,,nsubj:pass,Nom,,Plur,,-0.1621204218515847,NONE
глубоко,ADV,,advmod,,,,,0.3960670213558149,NONE
встревожены,VERB,,root,,,Plur,,0.1146359296158275,NONE
выдвинутыми,VERB,,amod,Ins,,Plur,,0.0785901883673584,NONE
утверждениями,NOUN,,obl,Ins,Neut,Plur,Inan,0.1056765501246528,NONE
и,CCONJ,,cc,,,,,-0.1094229402701436,NONE
поддерживаем,VERB,,conj,,,Plur,,0.1383651205313881,NONE
связь,NOUN,,obj,Acc,Fem,Sing,Inan,0.0923130449206841,NONE
с,ADP,,case,,,,,-0.1745679358862647,NONE
семьей,NOUN,,nmod,Ins,Fem,Sing,Inan,0.2606433156934199,NONE
предполагаемой,VERB,,amod,Gen,Fem,Sing,,0.3033901912322287,NONE
жертвы,NOUN,,nmod,Gen,Fem,Sing,Anim,0.3367657473653863,NONE
в,ADP,,case,,,,,-0.2027403142236151,NONE
деле,NOUN,,nmod,Loc,Neut,Sing,Inan,-0.1031305749839345,NONE
сбора,NOUN,,nmod,Gen,Masc,Sing,Inan,0.0453384379285972,NONE
информации,NOUN,,nmod,Gen,Fem,Sing,Inan,0.1408992250790978,NONE
и,CCONJ,,cc,,,,,-0.1296947628659631,NONE
оказания,NOUN,,conj,Gen,Neut,Sing,Inan,-0.0888984773264561,NONE
любой,DET,,det,Gen,Fem,Sing,,-0.0469595734991706,NONE
возможной,ADJ,,amod,Gen,Fem,Sing,,0.1100397001024252,NONE
поддержки,NOUN,,nmod,Gen,Fem,Sing,Inan,0.1372499208087355,NONE
.,PUNCT,,punct,,,,,-0.4841402832909248,NONE
теперь,ADV,,advmod,,,,,0.3850286785132358,NONE
попробуйте,VERB,,conj,,,Plur,,0.4158758155931074,NONE
выполнить,VERB,,xcomp,,,,,-0.3898624202078701,NONE
эту,DET,,det,Acc,Fem,Sing,,-0.1339556038803632,NONE
процедуру,NOUN,,obj,Acc,Fem,Sing,Inan,0.2230466113620561,NONE
в,ADP,,case,,,,,0.267810267287438,NONE
приложении,NOUN,,obl,Loc,Neut,Sing,Inan,0.0886857639678612,NONE
:,PUNCT,,punct,,,,,-0.5114041497683699,NONE
Почтовые,ADJ,,amod,Nom,,Plur,,0.4626353611017761,NONE
компании,NOUN,,nsubj,Nom,Fem,Plur,Inan,-0.2564861291730128,NONE
разрешают,VERB,,root,,,Plur,,-0.0730779776625655,NONE
доставку,NOUN,,obj,Acc,Fem,Sing,Inan,0.1416963572510297,NONE
отправлений,NOUN,,nmod,Gen,Neut,Plur,Inan,-0.0168794264846389,NONE
стандартной,ADJ,,amod,Ins,Fem,Sing,,0.286725664152778,NONE
авиапочтой,NOUN,,nmod,Ins,Fem,Sing,Inan,0.0899758178050687,NONE
в,ADP,,case,,,,,0.1278377729885137,NONE
течение,NOUN,,fixed,Acc,Neut,Sing,Inan,-0.1028158706940444,NONE
25,NUM,,nummod,,,,,0.3122928388908144,NONE
рабочих,ADJ,,amod,Gen,,Plur,,0.0498866204589209,NONE
дней,NOUN,,obl,Gen,Masc,Plur,Inan,0.0328235280409897,NONE
.,PUNCT,,punct,,,,,0.1297925775214475,NONE
Стройная,ADJ,,amod,Nom,Fem,Sing,,0.1642285430197529,NONE
и,CCONJ,,cc,,,,,-0.1325814114768063,NONE
с,ADP,,case,,,,,-0.0383988186598751,NONE
подстриженной,VERB,,amod,Ins,Fem,Sing,,0.022941427491691,NONE
бородой,NOUN,,conj,Ins,Fem,Sing,Inan,0.0707737924134609,NONE
",",PUNCT,,punct,,,,,0.1360498861808573,NONE
йеменская,ADJ,,amod,Nom,Fem,Sing,,0.1512080255259569,NONE
чемпионка,NOUN,,nsubj,Nom,Fem,Sing,Anim,0.1249261621532695,NONE
по,ADP,,case,,,,,0.1948200697709058,NONE
кунг-фу,NOUN,,nmod,Dat,Masc,Sing,Inan,0.0614338375744817,NONE
Хилаль,PROPN,,appos,Nom,Fem,Sing,Anim,0.0375503385574865,PER
аль-Хадж,PROPN,,flat:name,Nom,Fem,Sing,Anim,0.2594896837798844,PER
мечтала,VERB,,root,,Fem,Sing,,0.0196924597745638,NONE
обрести,VERB,,xcomp,,,,,0.0718198826581408,NONE
спортивную,ADJ,,amod,Acc,Fem,Sing,,-0.0164590939698328,NONE
славу,NOUN,,obj,Acc,Fem,Sing,Inan,-0.1510793065973774,NONE
в,ADP,,case,,,,,0.0029221028711477,NONE
Европе,PROPN,,obl,Loc,Fem,Sing,Inan,0.0780954384542118,LOC
",",PUNCT,,punct,,,,,0.2538164900455145,NONE
но,CCONJ,,cc,,,,,-0.1342727412759542,NONE
рискованное,ADJ,,amod,Nom,Neut,Sing,,0.2056436718424953,NONE
морское,ADJ,,amod,Nom,Neut,Sing,,0.0159527832626614,NONE
путешествие,NOUN,,nsubj,Nom,Neut,Sing,Inan,0.1283055862277556,NONE
туда,ADV,,advmod,,,,,-0.0146433229292417,NONE
привело,VERB,,conj,,Neut,Sing,,-0.0397868587979634,NONE
к,ADP,,case,,,,,-0.0903900390767376,NONE
трагедии,NOUN,,obl,Dat,Fem,Sing,Inan,0.2067859992472634,NONE
.,PUNCT,,punct,,,,,0.5776428679366669,NONE
Заседание,NOUN,,nsubj,Nom,Neut,Sing,Inan,0.5025593829972795,NONE
Совета,PROPN,,nmod,Gen,Masc,Sing,Inan,-0.0677048807254119,ORG
",",PUNCT,,punct,,,,,-0.0955486343614835,NONE
который,PRON,,nsubj,Nom,,,,0.0088813208854294,NONE
является,VERB,,acl:relcl,,,Sing,,0.0061020759871253,NONE
высшим,ADJ,,amod,Ins,Masc,Sing,,0.2416535719733558,NONE
директивным,ADJ,,amod,Ins,Masc,Sing,,0.0153205030516299,NONE
органом,NOUN,,obl,Ins,Masc,Sing,Inan,-0.0178100526332001,NONE
всех,DET,,det,Gen,,Plur,,-0.0641436938828698,NONE
23,NUM,,nummod,,,,,0.1152043011643981,NONE
индийских,ADJ,,amod,Gen,,Plur,,0.0511483408254667,NONE
технологических,ADJ,,amod,Gen,,Plur,,0.0792337850919806,NONE
институтов,NOUN,,nmod,Gen,Masc,Plur,Inan,0.1320839939490126,NONE
(,PUNCT,,punct,,,,,0.0613899823110562,NONE
ИИТ,PROPN,,parataxis,Nom,Masc,Sing,Inan,0.2754733736247496,NONE
),PUNCT,,punct,,,,,0.0411974588334065,NONE
",",PUNCT,,punct,,,,,0.0451625482421482,NONE
будет,AUX,,aux,,,Sing,,-0.03083292914831,NONE
проходить,VERB,,root,,,,,-0.1031317799960761,NONE
под,ADP,,case,,,,,-0.1122156067018377,NONE
председательством,NOUN,,obl,Ins,Neut,Sing,Inan,-0.0342308108399791,NONE
министра,NOUN,,nmod,Gen,Masc,Sing,Anim,0.000531717342045,NONE
людских,ADJ,,amod,Gen,,Plur,,-0.0071176827567223,NONE
ресурсов,NOUN,,nmod,Gen,Masc,Plur,Inan,0.1004586822398692,NONE
Рамеша,PROPN,,appos,Gen,Masc,Sing,Anim,0.028101164764585,PER
Похриалала,PROPN,,flat:name,Gen,Masc,Sing,Anim,0.3626224728162183,PER
"""",PUNCT,,punct,,,,,-0.0437733765106186,NONE
"""",PUNCT,,punct,,,,,-0.0378307336582503,NONE
Нишанка,PROPN,,appos,,,,,0.1778417828849459,ORG
"""",PUNCT,,punct,,,,,0.0189987486644024,NONE
"""",PUNCT,,punct,,,,,0.0674287043076199,NONE
.,PUNCT,,punct,,,,,0.143736826998822,NONE
"""",PUNCT,,punct,,,,,0.3849324281948935,NONE
Министр,NOUN,,nsubj,Nom,Masc,Sing,Anim,-0.2319278528484709,NONE
иностранных,ADJ,,amod,Gen,,Plur,,0.2245543668402057,NONE
дел,NOUN,,nmod,Gen,Neut,Plur,Inan,-0.0446539257461744,NONE
Германии,PROPN,,nmod,Gen,Fem,Sing,Inan,0.0232190151086769,LOC
предупредила,VERB,,root,,Fem,Sing,,-0.0686124953324327,NONE
в,ADP,,case,,,,,0.2960766751530365,NONE
субботу,NOUN,,obl,Acc,Fem,Sing,Inan,-0.1443745718686448,NONE
",",PUNCT,,punct,,,,,0.0464855031768466,NONE
что,SCONJ,,mark,,,,,-0.1223928512692146,NONE
время,NOUN,,nsubj,Nom,Neut,Sing,Inan,-0.1553800652650127,NONE
",",PUNCT,,punct,,,,,0.1592449846327428,NONE
чтобы,SCONJ,,mark,,,,,-0.0020112578194676,NONE
найти,VERB,,acl,,,,,0.0483465484498254,NONE
способ,NOUN,,obj,Acc,Masc,Sing,Inan,0.0896441676804722,NONE
возродить,VERB,,obl,,,,,0.0563610039552845,NONE
ядерную,ADJ,,amod,Acc,Fem,Sing,,0.0904593418252018,NONE
сделку,NOUN,,obj,Acc,Fem,Sing,Inan,0.1679243917327465,NONE
2015,ADJ,,amod,,,,,0.3172194698068488,NONE
года,NOUN,,nmod,Gen,Masc,Sing,Inan,0.1721160223100471,NONE
между,ADP,,case,,,,,0.0250240346782315,NONE
мировыми,ADJ,,amod,Ins,,Plur,,0.1488007085233942,NONE
державами,NOUN,,nmod,Ins,Fem,Plur,Inan,-0.0134361201280882,NONE
и,CCONJ,,cc,,,,,0.0033084857745661,NONE
Ираном,PROPN,,conj,Ins,Masc,Sing,Inan,0.1235594244288336,LOC
",",PUNCT,,punct,,,,,0.2865923794390489,NONE
истекает,VERB,,ccomp,,,Sing,,0.0522121788768903,NONE
",",PUNCT,,punct,,,,,0.037454721486895,NONE
выступая,VERB,,advcl,,,,,0.0449737298130749,NONE
после,ADP,,case,,,,,0.2003781176791755,NONE
встреч,NOUN,,obl,Gen,Fem,Plur,Inan,0.1454314421395319,NONE
со,ADP,,case,,,,,-0.0094585023158355,NONE
своими,DET,,det,Ins,,Plur,,0.085153384355273,NONE
коллегами,NOUN,,nmod,Ins,Masc,Plur,Anim,0.0442889608351637,NONE
из,ADP,,case,,,,,-0.01467773027873,NONE
стран,NOUN,,nmod,Gen,Fem,Plur,Inan,0.1532573792381195,NONE
G7,PROPN,,flat:foreign,,,,,0.0642362391111009,ORG
.,PUNCT,,punct,,,,,0.2763281148658082,NONE
В,ADP,,case,,,,,-0.0139982889195082,NONE
среду,NOUN,,obl,Acc,Fem,Sing,Inan,-0.1545035321653227,NONE
г-н,NOUN,,nsubj,Nom,Masc,Sing,Anim,0.0286528268399921,NONE
Совор,PROPN,,appos,Nom,Masc,Sing,Anim,0.0411291215760165,PER
выполнил,VERB,,root,,Masc,Sing,,0.1374563535473303,NONE
все,DET,,det,Acc,,Plur,,-0.0063608931695872,NONE
условия,NOUN,,obj,Acc,Neut,Plur,Inan,0.0589888062773348,NONE
освобождения,NOUN,,nmod,Gen,Neut,Sing,Inan,0.0398647604876994,NONE
под,ADP,,case,,,,,0.0898128026101232,NONE
залог,NOUN,,nmod,Acc,Masc,Sing,Inan,0.117251102697629,NONE
",",PUNCT,,punct,,,,,0.1767101603849836,NONE
что,PRON,,nsubj:pass,Nom,,,,0.408563194863304,NONE
было,AUX,,aux:pass,,Neut,Sing,,0.121642598955351,NONE
подтверждено,VERB,,parataxis,,Neut,Sing,,0.0397164901045159,NONE
судом,NOUN,,obl,Ins,Masc,Sing,Inan,0.0180812922714365,NONE
",",PUNCT,,punct,,,,,0.2957990925584181,NONE
и,CCONJ,,cc,,,,,-0.0288419524660118,NONE
SSS,PROPN,,nsubj:pass,,,,,0.2599702256564383,ORG
было,AUX,,aux:pass,,Neut,Sing,,0.0383445792589215,NONE
незамедлительно,ADV,,advmod,,,,,0.1852726331115967,NONE
уведомлено,VERB,,conj,,Neut,Sing,,0.1443095288591282,NONE
.,PUNCT,,punct,,,,,0.4415476016544665,NONE
Это,PRON,,nsubj,Nom,Neut,Sing,Inan,-0.123365780748582,NONE
приведет,VERB,,root,,,Sing,,-0.0421410335154759,NONE
к,ADP,,case,,,,,-0.0022043625302196,NONE
удалению,NOUN,,obl,Dat,Neut,Sing,Inan,-0.0524425804202817,NONE
информации,NOUN,,nmod,Gen,Fem,Sing,Inan,-0.0118425645555067,NONE
на,ADP,,case,,,,,-0.1213823145501744,NONE
вашем,DET,,det,Loc,Masc,Sing,,-0.0805715818969877,NONE
eReader,PROPN,,flat:foreign,,,,,0.197784560183078,NONE
",",PUNCT,,punct,,,,,0.1747541618360881,NONE
но,CCONJ,,cc,,,,,0.2614855205954151,NONE
вы,PRON,,nsubj,Nom,,Plur,,-0.1673269017122809,NONE
можете,VERB,,conj,,,Plur,,0.0210489245876982,NONE
сделать,VERB,,xcomp,,,,,0.1857431671928984,NONE
резервную,ADJ,,amod,Acc,Fem,Sing,,-0.0061505365642076,NONE
копию,NOUN,,obj,Acc,Fem,Sing,Inan,0.1409870872857166,NONE
и,CCONJ,,cc,,,,,-0.0323056428543015,NONE
перенести,VERB,,conj,,,,,0.1669441669229864,NONE
информацию,NOUN,,obj,Acc,Fem,Sing,Inan,-0.1090776481248837,NONE
снова,ADV,,advmod,,,,,0.130029047414474,NONE
после,ADP,,case,,,,,-0.0256465182487374,NONE
этого,PRON,,obl,Gen,Neut,Sing,Inan,0.0221241130413119,NONE
.,PUNCT,,punct,,,,,0.6492246574617699,NONE
Полиция,NOUN,,nsubj,Nom,Fem,Sing,Inan,0.1317433750584115,NONE
Западного,PROPN,,amod,,,,,0.0424969100062156,LOC
Мидленда,PROPN,,nmod,Gen,Masc,Sing,Inan,0.0552813333343526,LOC
сообщила,VERB,,root,,Fem,Sing,,0.0485034107145813,NONE
в,ADP,,case,,,,,-0.0486996828693753,NONE
пятницу,NOUN,,obl,Acc,Fem,Sing,Inan,0.0029421328430686,NONE
",",PUNCT,,punct,,,,,0.1553448214236974,NONE
что,SCONJ,,mark,,,,,0.2081365467016364,NONE
36-летний,ADJ,,amod,Nom,Masc,Sing,,0.0762698375463279,NONE
мужчина,NOUN,,nsubj,Nom,Masc,Sing,Anim,0.0695019603472917,NONE
остается,VERB,,ccomp,,,Sing,,-0.0032493356432318,NONE
под,ADP,,case,,,,,0.0204395196579452,NONE
стражей,NOUN,,obl,Ins,Fem,Sing,Inan,0.2851164711728121,NONE
по,ADP,,case,,,,,0.0594638805314909,NONE
подозрению,NOUN,,obl,Dat,Neut,Sing,Inan,0.0506822676916021,NONE
в,ADP,,case,,,,,0.0092995356009651,NONE
нарушении,NOUN,,nmod,Loc,Neut,Sing,Inan,0.0306252132118161,NONE
общественного,ADJ,,amod,Gen,Masc,Sing,,0.0044274831326286,NONE
порядка,NOUN,,nmod,Gen,Masc,Sing,Inan,0.058455270457811,NONE
и,CCONJ,,cc,,,,,-0.0367249475612303,NONE
хранении,NOUN,,conj,Loc,Neut,Sing,Inan,0.0566551539953577,NONE
конопли,NOUN,,nmod,Gen,Fem,Sing,Inan,0.114180940421355,NONE
.,PUNCT,,punct,,,,,-0.7647296543811356,NONE
Если,SCONJ,,mark,,,,,0.3074495252181694,NONE
вы,PRON,,nsubj,Nom,,Plur,,-0.1483659414773873,NONE
не,PART,,advmod,,,,,0.1078429874673409,NONE
слышите,VERB,,advcl,,,Plur,,0.0850780514633537,NONE
о,ADP,,case,,,,,0.2602409045590276,NONE
людях,NOUN,,obl,Loc,Masc,Plur,Anim,0.0985199521662615,NONE
",",PUNCT,,punct,,,,,0.1723538946446398,NONE
которым,PRON,,iobj,Dat,,,,0.0677604977327975,NONE
наносят,VERB,,acl:relcl,,,Plur,,0.1798932407984151,NONE
ножевые,ADJ,,amod,Acc,,Plur,Inan,0.2817222766013394,NONE
ранения,NOUN,,obj,Acc,Neut,Plur,Inan,0.0849124088369497,NONE
",",PUNCT,,punct,,,,,0.3675902699228393,NONE
то,SCONJ,,mark,,,,,-0.1845206130177196,NONE
что,PRON,,root,Nom,,,,0.2952717145087097,NONE
?,PUNCT,,punct,,,,,0.1871493734991114,NONE
В,ADP,,case,,,,,0.1750587900172734,NONE
рамках,NOUN,,obl,Loc,Fem,Plur,Inan,-0.0684018085873382,NONE
сотрудничества,NOUN,,nmod,Gen,Neut,Sing,Inan,-0.077119941486833,NONE
",",PUNCT,,punct,,,,,0.2552471612783514,NONE
она,PRON,,nsubj:pass,Nom,Fem,Sing,,-0.1497428550169486,NONE
была,AUX,,aux:pass,,Fem,Sing,,0.0694931748137331,NONE
использована,VERB,,root,,Fem,Sing,,0.1900110211513233,NONE
в,ADP,,case,,,,,0.1107658516718455,NONE
качестве,NOUN,,fixed,Loc,Neut,Sing,Inan,-0.1778740599186108,NONE
художественного,ADJ,,amod,Gen,Masc,Sing,,0.1666472906345492,NONE
директора,NOUN,,obl,Gen,Masc,Sing,Anim,0.2695782956696952,NONE
шоу,NOUN,,nmod,Gen,Neut,Sing,Inan,0.2151463896226348,NONE
для,ADP,,case,,,,,0.0226773887186725,NONE
макияжа,NOUN,,nmod,Gen,Masc,Sing,Inan,0.4312297303984084,NONE
.,PUNCT,,punct,,,,,-0.0491985128714336,NONE
10-го,ADJ,,amod,Gen,Neut,Sing,,0.3616780562822644,NONE
числа,NOUN,,obl,Gen,Neut,Sing,Inan,-0.1148354649004624,NONE
POSTECH,PROPN,,nsubj,,,,,0.1425173512394686,ORG
объявил,VERB,,root,,Masc,Sing,,-0.1352585592436422,NONE
",",PUNCT,,punct,,,,,0.0817723865680347,NONE
что,SCONJ,,mark,,,,,0.4687224778366236,NONE
исследовательская,ADJ,,amod,Nom,Fem,Sing,,0.0272996411137325,NONE
группа,NOUN,,nsubj,Nom,Fem,Sing,Inan,-0.0531755110687562,NONE
во,ADP,,case,,,,,-0.1392951989209565,NONE
главе,NOUN,,fixed,Loc,Fem,Sing,Inan,-0.0508453309838757,NONE
с,ADP,,case,,,,,0.1138991093090112,NONE
профессором,NOUN,,obl,Ins,Masc,Sing,Anim,-0.0573160894521313,NONE
Ли,PROPN,,appos,Ins,Masc,Sing,Anim,-0.0400548875719596,PER
Юнг-вуком,PROPN,,flat:name,Ins,Masc,Sing,Anim,0.0435615243716355,PER
из,ADP,,case,,,,,0.0047028865392069,NONE
Департамента,PROPN,,nmod,Gen,Masc,Sing,Inan,0.1592201335146257,ORG
химической,ADJ,,amod,Gen,Fem,Sing,,0.0432960639512213,ORG
инженерии,NOUN,,nmod,Gen,Fem,Sing,Inan,-0.0346364533426194,ORG
разработала,VERB,,ccomp,,Fem,Sing,,0.0337996719284591,NONE
технологию,NOUN,,obj,Acc,Fem,Sing,Inan,0.0253804759481071,NONE
молекулярной,ADJ,,amod,Gen,Fem,Sing,,0.2931752177637716,NONE
диагностики,NOUN,,nmod,Gen,Fem,Sing,Inan,0.0826671247406455,NONE
",",PUNCT,,punct,,,,,0.2014905488502001,NONE
которая,PRON,,nsubj,Nom,,,,-0.0532122107526754,NONE
может,VERB,,acl:relcl,,,Sing,,0.2287825075642532,NONE
обнаружить,VERB,,xcomp,,,,,0.0744615357106856,NONE
вариант,NOUN,,obj,Acc,Masc,Sing,Inan,-0.1232677125821335,NONE
Omicron,PROPN,,flat:foreign,,,,,0.0796836844318217,NONE
всего,PART,,advmod,,,,,-0.0011259197360478,NONE
за,ADP,,case,,,,,-0.155910475935505,NONE
20-30,NUM,,nummod,,,,,-0.0224843953073877,NONE
минут,NOUN,,obl,Gen,Fem,Plur,Inan,0.0707358794759202,NONE
и,CCONJ,,cc,,,,,-0.1302998683006214,NONE
опубликует,VERB,,conj,,,Sing,,0.0702486987964121,NONE
результаты,NOUN,,obj,Acc,Masc,Plur,Inan,-0.0133666424810874,NONE
в,ADP,,case,,,,,0.1192441500149704,NONE
Интернете,PROPN,,obl,Loc,Masc,Sing,Inan,0.1752086438661091,ORG
.,PUNCT,,punct,,,,,-0.0329516874892894,NONE
Запатентованный,VERB,,amod,Nom,Masc,Sing,,0.0366075495804829,NONE
кольцевой,ADJ,,amod,Nom,Masc,Sing,,0.1424254485715705,NONE
выталкиватель,NOUN,,nsubj,Nom,Masc,Sing,Inan,0.206701889246803,NONE
",",PUNCT,,punct,,,,,0.1261301956363345,NONE
загрузочный,ADJ,,amod,Nom,Masc,Sing,,0.0169678539746423,NONE
конус,NOUN,,conj,Nom,Masc,Sing,Inan,0.1445982324472201,NONE
и,CCONJ,,cc,,,,,-0.0844206015980408,NONE
смазка,NOUN,,conj,Nom,Fem,Sing,Inan,0.0068772706839701,NONE
",",PUNCT,,punct,,,,,0.2340987166579618,NONE
включенные,VERB,,acl,Nom,,Plur,,-0.05754675982351,NONE
в,ADP,,case,,,,,0.197359400054288,NONE
комплект,NOUN,,obl,Acc,Masc,Sing,Inan,-0.1601869010381644,NONE
",",PUNCT,,punct,,,,,-0.0936230505087144,NONE
помогают,VERB,,root,,,Plur,,-0.0708070921636357,NONE
накладывать,VERB,,xcomp,,,,,-0.0394223054707194,NONE
натяжные,ADJ,,amod,Acc,,Plur,Inan,0.0107740404289078,NONE
полосы,NOUN,,obj,Acc,Fem,Plur,Inan,-0.0495469245184596,NONE
после,ADP,,case,,,,,-0.4186414581852015,NONE
накачки,NOUN,,obl,Gen,Fem,Sing,Inan,0.4385123673127129,NONE
.,PUNCT,,punct,,,,,-0.0628471951113922,NONE
Достаточно,ADJ,,root,,Neut,Sing,,0.1547150757107231,NONE
ли,PART,,advmod,,,,,0.5632741177129023,NONE
держать,VERB,,csubj,,,,,-0.0481732400808679,NONE
де,PART,,obj,,,,,0.3500580107579665,PER
Груда,PROPN,,flat:name,Acc,Masc,Sing,Anim,0.0350930786606846,PER
взаперти,ADV,,advmod,,,,,0.2041700887297831,NONE
?,PUNCT,,punct,,,,,-0.0948691507166418,NONE
Лисы,NOUN,,nsubj,Nom,Masc,Plur,Anim,0.2133964867055592,NONE
были,AUX,,cop,,,Plur,,-0.0117193206863443,NONE
вторыми,ADJ,,root,Ins,,Plur,,-0.0386366152417021,NONE
в,ADP,,case,,,,,-0.0083451158723677,NONE
декабре,NOUN,,nmod,Loc,Masc,Sing,Inan,-0.1229880021183271,NONE
и,CCONJ,,cc,,,,,-0.0417631436086495,NONE
третьими,ADJ,,conj,Ins,,Plur,,0.0063052073535081,NONE
",",PUNCT,,punct,,,,,-0.0724970296362913,NONE
когда,SCONJ,,mark,,,,,0.07839701968606,NONE
футбол,NOUN,,nsubj,Nom,Masc,Sing,Inan,0.1947253543549162,NONE
возобновился,VERB,,advcl,,Masc,Sing,,0.1624343001464659,NONE
после,ADP,,case,,,,,0.0813964020819353,NONE
блокировки,NOUN,,obl,Gen,Fem,Sing,Inan,0.2450484661268633,NONE
",",PUNCT,,punct,,,,,0.2558407911412524,NONE
но,CCONJ,,cc,,,,,0.2812112762698427,NONE
они,PRON,,nsubj,Nom,,Plur,,0.1561733676372237,NONE
набрали,VERB,,conj,,,Plur,,0.1699883464659216,NONE
всего,PART,,advmod,,,,,0.1828618369621938,NONE
четыре,NUM,,nummod,Acc,,,Inan,0.0095947763896111,NONE
очка,NOUN,,obl,Gen,Neut,Sing,Inan,0.131593921031831,NONE
в,ADP,,case,,,,,0.1447526118521366,NONE
последних,ADJ,,amod,Loc,,Plur,,0.0134611075098735,NONE
пяти,NUM,,nummod,Loc,,,,0.2613493318352076,NONE
играх,NOUN,,obl,Loc,Fem,Plur,Inan,0.2003499133452654,NONE
",",PUNCT,,punct,,,,,0.0546873574312098,NONE
чтобы,SCONJ,,mark,,,,,-0.1660863729789258,NONE
занять,VERB,,advcl,,,,,0.1546691604491302,NONE
пятое,ADJ,,amod,Acc,Neut,Sing,,0.0644259192079169,NONE
место,NOUN,,obj,Acc,Neut,Sing,Inan,0.1068175053588051,NONE
в,ADP,,case,,,,,0.2115593759872989,NONE
Премьер-лиге,NOUN,,nmod,Loc,Fem,Sing,Inan,0.2597130293450867,ORG
.,PUNCT,,punct,,,,,0.1780517007488959,NONE
Страна,NOUN,,nsubj,Nom,Fem,Sing,Inan,0.207555690387293,NONE
находилась,VERB,,root,,Fem,Sing,,-0.04398914579491,NONE
в,ADP,,case,,,,,-0.0144125040660944,NONE
списке,NOUN,,obl,Loc,Masc,Sing,Inan,-0.0165864699960679,NONE
территорий,NOUN,,nmod,Gen,Fem,Plur,Inan,-0.0163100220090288,NONE
",",PUNCT,,punct,,,,,-0.0204608793738929,NONE
посещение,NOUN,,obj,Acc,Neut,Sing,Inan,0.0083515522949638,NONE
которых,PRON,,nmod,Gen,,Plur,,-0.0203955824192281,NONE
британское,ADJ,,amod,Nom,Neut,Sing,,0.0041076147405605,NONE
правительство,NOUN,,nsubj,Nom,Neut,Sing,Inan,0.0238614176813328,NONE
признало,VERB,,acl:relcl,,Neut,Sing,,0.0107375310270175,NONE
безопасным,ADJ,,xcomp,Ins,Neut,Sing,,0.0151782871765079,NONE
",",PUNCT,,punct,,,,,0.0181292667500155,NONE
но,CCONJ,,cc,,,,,0.0193015388024057,NONE
недавний,ADJ,,amod,Nom,Masc,Sing,,0.0009355584940481,NONE
всплеск,NOUN,,nsubj,Nom,Masc,Sing,Inan,0.101290936196898,NONE
коронавирусной,ADJ,,amod,Gen,Fem,Sing,,0.1057569469062826,NONE
инфекции,NOUN,,nmod,Gen,Fem,Sing,Inan,-0.0128317448689156,NONE
породил,VERB,,conj,,Masc,Sing,,0.0014663335037853,NONE
страхи,NOUN,,obj,Acc,Masc,Plur,Inan,0.0415004721889345,NONE
по,ADP,,case,,,,,-0.0251329181928331,NONE
поводу,NOUN,,fixed,Dat,Masc,Sing,Inan,0.0238107883279417,NONE
второй,ADJ,,amod,Gen,Fem,Sing,,-0.0167673648872186,NONE
волны,NOUN,,nmod,Gen,Fem,Sing,Inan,0.0312401211490541,NONE
эпидемии,NOUN,,nmod,Gen,Fem,Sing,Inan,0.0714339063570335,NONE
.,PUNCT,,punct,,,,,-0.2334912700436219,NONE
Когда,SCONJ,,mark,,,,,-0.0681421272639543,NONE
вы,PRON,,nsubj,Nom,,Plur,,0.492226600810498,NONE
закончите,VERB,,advcl,,,Plur,,0.1316218348740402,NONE
",",PUNCT,,punct,,,,,0.0292900354301816,NONE
пожалуйста,ADV,,parataxis,,,,,-0.6568105829548524,NONE
",",PUNCT,,punct,,,,,0.0548851649847557,NONE
продолжайте,VERB,,root,,,Plur,,0.2379393941753476,NONE
эту,DET,,det,Acc,Fem,Sing,,0.2447284959834697,NONE
процедуру,NOUN,,obj,Acc,Fem,Sing,Inan,0.0632703367507829,NONE
:,PUNCT,,punct,,,,,0.3990498182054254,NONE
После,ADP,,case,,,,,0.3722394482207882,NONE
того,PRON,,obl,Gen,Neut,Sing,Inan,0.0420662776029589,NONE
",",PUNCT,,punct,,,,,0.2110974840663367,NONE
как,SCONJ,,mark,,,,,0.2041828368690867,NONE
были,AUX,,aux:pass,,,Plur,,0.0159292515374493,NONE
приняты,VERB,,acl,,,Plur,,0.0937075312824185,NONE
во,ADP,,case,,,,,0.0308758749032654,NONE
внимание,NOUN,,obl,Acc,Neut,Sing,Inan,-0.0729400822566878,NONE
такие,DET,,det,Nom,,Plur,,-0.0155376236087793,NONE
факторы,NOUN,,nsubj:pass,Nom,Masc,Plur,Inan,0.0777907059703854,NONE
",",PUNCT,,punct,,,,,-0.232907309318301,NONE
как,SCONJ,,mark,,,,,0.0464059442540852,NONE
материнский,ADJ,,amod,Nom,Masc,Sing,,0.01789784799063,NONE
возраст,NOUN,,obl,Nom,Masc,Sing,Inan,0.1876038930224062,NONE
",",PUNCT,,punct,,,,,-0.1599787022147929,NONE
уровень,NOUN,,conj,Nom,Masc,Sing,Inan,-0.1219432869179154,NONE
обездоленности,NOUN,,nmod,Gen,Fem,Sing,Inan,0.1347965115593083,NONE
в,ADP,,case,,,,,0.0656691515255369,NONE
этом,DET,,det,Loc,Masc,Sing,,-0.0079215591890072,NONE
районе,NOUN,,nmod,Loc,Masc,Sing,Inan,0.0149098112223565,NONE
и,CCONJ,,cc,,,,,0.1235064261853324,NONE
вес,NOUN,,conj,Nom,Masc,Sing,Inan,0.0181829784318458,NONE
при,ADP,,case,,,,,-0.1175263014928213,NONE
рождении,NOUN,,nmod,Loc,Neut,Sing,Inan,0.0022796535468504,NONE
",",PUNCT,,punct,,,,,0.1834059016383321,NONE
группа,NOUN,,nsubj,Nom,Fem,Sing,Inan,0.0036793057752423,NONE
заявила,VERB,,root,,Fem,Sing,,-0.131182714780402,NONE
",",PUNCT,,punct,,,,,-0.0510895795977875,NONE
что,SCONJ,,mark,,,,,0.0858301010938572,NONE
младенцы,NOUN,,nsubj,Nom,Masc,Plur,Anim,0.1428780509654375,NONE
в,ADP,,case,,,,,0.1353498880946728,NONE
возрасте,NOUN,,nmod,Loc,Masc,Sing,Inan,0.0075348469789771,NONE
до,ADP,,case,,,,,-0.0875328460727157,NONE
одного,NUM,,nummod,Gen,Masc,,,0.0937858074179861,NONE
года,NOUN,,nmod,Gen,Masc,Sing,Inan,0.1034534083814022,NONE
имеют,VERB,,ccomp,,,Plur,,-0.0799937531256002,NONE
больше,ADV,,advmod,,,,,-0.0088398034509223,NONE
шансов,NOUN,,obl,Gen,Masc,Plur,Inan,0.164597035327905,NONE
умереть,VERB,,obl,,,,,0.0638711627888814,NONE
",",PUNCT,,punct,,,,,0.0227089039356004,NONE
живя,VERB,,advcl,,,,,0.1099631391925439,NONE
в,ADP,,case,,,,,0.0452643880374578,NONE
районах,NOUN,,obl,Loc,Masc,Plur,Inan,-0.0149336467750023,NONE
с,ADP,,case,,,,,0.0645172617245612,NONE
наихудшим,ADJ,,amod,Ins,Neut,Sing,,0.1091359398058998,NONE
загрязнением,NOUN,,nmod,Ins,Neut,Sing,Inan,-0.0033460197997668,NONE
воздуха,NOUN,,nmod,Gen,Masc,Sing,Inan,0.0459456051440211,NONE
",",PUNCT,,punct,,,,,0.0245517849184804,NONE
по,ADP,,case,,,,,0.0287849097352773,NONE
сравнению,NOUN,,fixed,Dat,Neut,Sing,Inan,-0.2841255324321754,NONE
с,ADP,,fixed,,,,,-0.0142567412201735,NONE
районами,NOUN,,obl,Ins,Masc,Plur,Inan,0.0209435770227268,NONE
с,ADP,,case,,,,,0.0639757052225101,NONE
самым,ADJ,,amod,Ins,Masc,Sing,,-0.0219743572097013,NONE
чистым,ADJ,,amod,Ins,Masc,Sing,,0.055029842917367,NONE
воздухом,NOUN,,nmod,Ins,Masc,Sing,Inan,0.0878821747491413,NONE
.,PUNCT,,punct,,,,,0.3122734183814975,NONE
Мосту,NOUN,,iobj,Dat,Masc,Sing,Inan,0.2299333049971,NONE
",",PUNCT,,punct,,,,,0.062103300883105,NONE
соединяющему,VERB,,acl,Dat,Masc,Sing,,-0.0277130966039811,NONE
Шотландию,PROPN,,obj,Acc,Fem,Sing,Inan,0.1094734350884896,LOC
и,CCONJ,,cc,,,,,0.1251818150953583,NONE
Англию,PROPN,,conj,Acc,Fem,Sing,Inan,0.1349157135639414,LOC
",",PUNCT,,punct,,,,,0.1874612662255493,NONE
исполнилось,VERB,,root,,Neut,Sing,,0.1466820459460635,NONE
200,NUM,,nummod,,,,,0.1683069674057855,NONE
лет,NOUN,,nsubj,Gen,Masc,Plur,Inan,0.0052534527469776,NONE
накануне,ADP,,case,,,,,0.1510210942409838,NONE
реставрации,NOUN,,nmod,Gen,Fem,Sing,Inan,0.0067530581671824,NONE
стоимостью,NOUN,,nmod,Ins,Fem,Sing,Inan,0.1178933590522727,NONE
10,NUM,,nummod,,,,,-0.010360140570463,NONE
млн,NOUN,,nummod,Gen,Masc,Plur,Inan,-0.0471609251616956,NONE
фунтов,NOUN,,nmod,Gen,Masc,Plur,Inan,0.1239023623020383,NONE
.,PUNCT,,punct,,,,,0.7508554352351353,NONE
Юрген,PROPN,,nsubj,Nom,Masc,Sing,Anim,-0.107900466043608,PER
Клопп,PROPN,,appos,Nom,Masc,Sing,Anim,0.0509522663315451,PER
сообщает,VERB,,root,,,Sing,,0.1329150952517716,NONE
новости,NOUN,,obj,Acc,Fem,Plur,Inan,0.1378636148731388,NONE
о,ADP,,case,,,,,-0.0207700731927638,NONE
травме,NOUN,,nmod,Loc,Fem,Sing,Inan,0.330875682411372,NONE
Радио,PROPN,,nmod,Gen,Neut,Sing,Inan,-0.0697726437217303,PER
Мане,PROPN,,appos,Gen,Masc,Sing,Anim,0.0653751183387755,PER
в,ADP,,case,,,,,0.6461026667111102,NONE
преддверии,NOUN,,nmod,Loc,Neut,Sing,Inan,0.1935650819230661,NONE
поездки,NOUN,,nmod,Gen,Fem,Sing,Inan,0.2048856577234405,NONE
Ливерпуля,PROPN,,nmod,Gen,Masc,Sing,Inan,0.0723955788534273,LOC
к,ADP,,case,,,,,0.1291886207014036,NONE
Шеффилд,PROPN,,nmod,Dat,Masc,Sing,Inan,0.1343100168906275,LOC
Юнайтед,PROPN,,appos,Nom,Masc,Sing,Inan,0.4380681559689504,LOC
Роджерс,PROPN,,nsubj,Nom,Fem,Sing,Anim,0.2819466874869057,PER
ранее,ADV,,advmod,,,,,0.0415738443803401,NONE
публично,ADV,,advmod,,,,,0.0472124840084566,NONE
заявляла,VERB,,root,,Fem,Sing,,0.077475087578419,NONE
о,ADP,,case,,,,,0.1986879243359592,NONE
своей,DET,,det,Loc,Fem,Sing,,-0.1882471276071572,NONE
позиции,NOUN,,obl,Loc,Fem,Sing,Inan,-0.0933406515924794,NONE
против,ADP,,case,,,,,-0.0360634421308581,NONE
коммунизма,NOUN,,nmod,Gen,Masc,Sing,Inan,-0.2062473842648586,NONE
в,ADP,,case,,,,,0.1606018673399563,NONE
социальных,ADJ,,amod,Loc,,Plur,,0.0261217594122505,NONE
сетях,NOUN,,nmod,Loc,Fem,Plur,Inan,-0.0091155831404427,NONE
.,PUNCT,,punct,,,,,0.5191901568537456,NONE
По,ADP,,case,,,,,0.0946724231409447,NONE
состоянию,NOUN,,parataxis,Dat,Neut,Sing,Inan,0.509305836197911,NONE
на,ADP,,case,,,,,-0.1479189559978331,NONE
субботу,NOUN,,nmod,Acc,Fem,Sing,Inan,-0.003693394637486,NONE
",",PUNCT,,punct,,,,,-0.0753677357120181,NONE
в,ADP,,case,,,,,-0.3071860099026047,NONE
Тамилнаде,PROPN,,obl,Loc,Masc,Sing,Inan,0.0209564864644385,LOC
",",PUNCT,,punct,,,,,0.112752671836151,NONE
который,PRON,,nsubj,Nom,,,,-0.0398305130120537,NONE
занимает,VERB,,acl:relcl,,,Sing,,-0.1229220249511099,NONE
второе,ADJ,,amod,Acc,Neut,Sing,,-0.0450897053876715,NONE
место,NOUN,,obj,Acc,Neut,Sing,Inan,-0.0481277350467495,NONE
по,ADP,,case,,,,,-0.0004757724341827,NONE
числу,NOUN,,nmod,Dat,Neut,Sing,Inan,0.0042924788929324,NONE
заболевших,VERB,,nmod,Gen,,Plur,,-0.04636596972848,NONE
после,ADP,,case,,,,,0.294065992975505,NONE
Махараштры,PROPN,,obl,Gen,Fem,Sing,Inan,0.1606826286918376,NONE
",",PUNCT,,punct,,,,,0.1657606538096862,NONE
выявлено,VERB,,root,,Neut,Sing,,0.0433487331538349,NONE
206,NUM,,nummod,,,,,0.1143107088571778,NONE
737,NUM,,nummod,,,,,0.0590814580164088,NONE
случаев,NOUN,,nsubj:pass,Gen,Masc,Plur,Inan,-0.0768416799019232,NONE
коронавируса,NOUN,,nmod,Gen,Masc,Sing,Inan,0.1905191171989228,NONE
.,PUNCT,,punct,,,,,-0.1473376023980731,NONE
Регбилиг,NOUN,,nsubj:pass,Nom,Masc,Sing,Inan,0.1269893922565221,NONE
на,ADP,,case,,,,,0.0895770904184072,NONE
колясках,NOUN,,nmod,Loc,Fem,Plur,Inan,0.1150809161149646,NONE
был,AUX,,aux:pass,,Masc,Sing,,0.093553774308829,NONE
представлен,VERB,,root,,Masc,Sing,,0.0238005418952152,NONE
Австралии,PROPN,,iobj,Dat,Fem,Sing,Inan,0.1388945450834661,LOC
только,PART,,advmod,,,,,0.0655402280357105,NONE
в,ADP,,case,,,,,0.1952334906062875,NONE
2009,ADJ,,amod,,,,,0.127102427053462,NONE
году,NOUN,,obl,Loc,Masc,Sing,Inan,0.2036216476839286,NONE
.,PUNCT,,punct,,,,,0.5867714333429325,NONE
Он,PRON,,nsubj,Nom,Masc,Sing,,0.0183500155701401,NONE
отметил,VERB,,root,,Masc,Sing,,-0.0120843964646853,NONE
:,PUNCT,,punct,,,,,0.0794205966052511,NONE
"""",PUNCT,,punct,,,,,-0.0267725524491021,NONE
"""",PUNCT,,punct,,,,,0.0218790835863472,NONE
Мы,PRON,,nsubj,Nom,,Plur,,0.0052457893362004,NONE
предлагаем,VERB,,parataxis,,,Plur,,-0.0397702544727848,NONE
правительству,NOUN,,iobj,Dat,Neut,Sing,Inan,-0.0247040925197741,NONE
подумать,VERB,,xcomp,,,,,-0.0514509562337412,NONE
о,ADP,,case,,,,,0.0141777725679821,NONE
снятии,NOUN,,obl,Loc,Neut,Sing,Inan,0.0108034104649465,NONE
карантинных,ADJ,,amod,Gen,,Plur,,-0.0021910029500807,NONE
мер,NOUN,,nmod,Gen,Fem,Plur,Inan,0.073407237492689,NONE
для,ADP,,case,,,,,0.0720481670593108,NONE
рейсов,NOUN,,nmod,Gen,Masc,Plur,Inan,0.1000671707455126,NONE
в,ADP,,case,,,,,-0.0245434890871797,NONE
определенные,ADJ,,amod,Acc,,Plur,Inan,0.0824245174501236,NONE
регионы,NOUN,,nmod,Acc,Masc,Plur,Inan,0.0544233089414111,NONE
с,ADP,,case,,,,,0.1610846660275864,NONE
более,ADV,,obl,,,,,0.0112374030170591,NONE
низким,ADJ,,amod,Ins,Masc,Sing,,0.0945375613785871,NONE
уровнем,NOUN,,nmod,Ins,Masc,Sing,Inan,0.0586211941806626,NONE
распространения,NOUN,,nmod,Gen,Neut,Sing,Inan,0.0442437316987954,NONE
инфекции,NOUN,,nmod,Gen,Fem,Sing,Inan,0.043580000135731,NONE
и,CCONJ,,cc,,,,,-0.0068542858452036,NONE
из,ADP,,case,,,,,-0.0373437985076571,NONE
этих,DET,,det,Gen,,Plur,,-0.0145493421783258,NONE
регионов,NOUN,,nmod,Gen,Masc,Plur,Inan,0.1211667508854907,NONE
",",PUNCT,,punct,,,,,0.0937596868423646,NONE
а,CCONJ,,cc,,,,,0.1003659360704975,NONE
также,PART,,fixed,,,,,0.1561152360299033,NONE
для,ADP,,case,,,,,0.0793540494146168,NONE
рейсов,NOUN,,conj,Gen,Masc,Plur,Inan,0.0102623248059373,NONE
по,ADP,,case,,,,,-0.0414262197428279,NONE
таким,DET,,det,Dat,,Plur,,-0.0092107774768256,NONE
направлениям,NOUN,,nmod,Dat,Neut,Plur,Inan,0.050743187686199,NONE
",",PUNCT,,punct,,,,,0.0081905305273694,NONE
как,SCONJ,,mark,,,,,0.0639018508464155,NONE
Балеарские,PROPN,,amod,,,,,0.1159107593087516,LOC
и,CCONJ,,cc,,,,,-0.1135680521127028,NONE
Канарские,ADJ,,conj,Nom,,Plur,,0.0855393002573152,LOC
острова,NOUN,,obl,Nom,Masc,Plur,Inan,-0.0413614763651995,LOC
",",PUNCT,,punct,,,,,0.1090534458814177,NONE
которые,PRON,,nsubj,Nom,,,,0.0304620902941129,NONE
географически,ADV,,advmod,,,,,0.0314080209829813,NONE
удалены,ADJ,,acl:relcl,,,Plur,,0.1035251403738929,NONE
от,ADP,,case,,,,,0.0174707273602982,NONE
континентальной,ADJ,,amod,Gen,Fem,Sing,,0.1164252351120727,NONE
части,NOUN,,obl,Gen,Fem,Sing,Inan,0.0181371059580009,NONE
Испании,PROPN,,nmod,Gen,Fem,Sing,Inan,0.0852013256224272,LOC
",",PUNCT,,punct,,,,,0.1268574640725414,NONE
чтобы,SCONJ,,mark,,,,,-0.0224765427060225,NONE
избежать,VERB,,advcl,,,,,0.0247589624622908,NONE
дальнейшего,ADJ,,amod,Gen,Neut,Sing,,0.0478558304785894,NONE
причинения,NOUN,,obl,Gen,Neut,Sing,Inan,0.0922937362230725,NONE
ущерба,NOUN,,nmod,Gen,Masc,Sing,Inan,0.0676790451900636,NONE
сферам,NOUN,,iobj,Dat,Fem,Plur,Inan,-0.0396528067705094,NONE
въездного,ADJ,,amod,Gen,Masc,Sing,,-0.0196958707070187,NONE
и,CCONJ,,cc,,,,,0.0518700846354218,NONE
выездного,ADJ,,conj,Gen,Masc,Sing,,0.0042816663235929,NONE
туризма,NOUN,,nmod,Gen,Masc,Sing,Inan,0.1101321160715164,NONE
в,ADP,,case,,,,,0.0800785468799075,NONE
Великобритании,PROPN,,nmod,Loc,Fem,Sing,Inan,0.0234043038893676,LOC
"""",PUNCT,,punct,,,,,0.0334355058434213,NONE
"""",PUNCT,,punct,,,,,0.2256269413441435,NONE
.,PUNCT,,punct,,,,,0.2465455334289792,NONE
"""",PUNCT,,root,,,,,-0.1857782916445203,NONE
Пожарные,NOUN,,nsubj,Nom,Masc,Plur,Anim,0.1403626507613481,NONE
продвигаются,VERB,,root,,,Plur,,-0.0610408318232553,NONE
в,ADP,,case,,,,,-0.0521461891945104,NONE
борьбе,NOUN,,obl,Loc,Fem,Sing,Inan,-0.0385661437044383,NONE
с,ADP,,case,,,,,-0.126327372176693,NONE
двумя,NUM,,nummod,Ins,,,,-0.0805726966303373,NONE
лесными,ADJ,,amod,Ins,,Plur,,-0.119874120774392,NONE
пожарами,NOUN,,nmod,Ins,Masc,Plur,Inan,-0.0921891909966922,NONE
",",PUNCT,,punct,,,,,0.0646225442897501,NONE
охватившими,VERB,,acl,Ins,,Plur,,-0.0167718890652564,NONE
территорию,NOUN,,obj,Acc,Fem,Sing,Inan,-0.0101969150085974,NONE
более,ADV,,advmod,,,,,-0.1166019170319966,NONE
30,NUM,,nummod,,,,,-0.0695928571047454,NONE
000,NUM,,nummod,,,,,0.5896333522854127,NONE
акров,NOUN,,obl,Gen,Masc,Plur,Inan,-0.0345213435727714,NONE
в,ADP,,case,,,,,-0.0490979535312526,NONE
округе,NOUN,,nmod,Loc,Masc,Sing,Inan,-0.0036138080434198,NONE
Лассен,PROPN,,appos,Nom,Masc,Sing,Inan,0.0781956752219294,LOC
к,ADP,,case,,,,,-0.0687381651633034,NONE
северо-востоку,NOUN,,nmod,Dat,Masc,Sing,Inan,-0.0014712183673818,NONE
от,ADP,,case,,,,,-0.1003013208455579,NONE
Сакраменто,PROPN,,nmod,Gen,Masc,Sing,Inan,0.0149114491230922,LOC
.,PUNCT,,punct,,,,,-0.2021790614797174,NONE
Главный,ADJ,,amod,Nom,Masc,Sing,,0.4118856406938523,NONE
министр,NOUN,,nsubj,Nom,Masc,Sing,Anim,-0.1130518337223729,NONE
Мадхья-Прадеш,PROPN,,appos,Nom,Masc,Sing,Anim,0.1388078328568245,LOC
Шиврадж,PROPN,,flat:name,Nom,Masc,Sing,Anim,0.4129447321545918,PER
Сингх,PROPN,,flat:name,Nom,Masc,Sing,Anim,0.3113091499183794,PER
Чухан,PROPN,,flat:name,Nom,Masc,Sing,Anim,0.0644647280138704,PER
",",PUNCT,,punct,,,,,0.1988620600171624,NONE
который,PRON,,nsubj,Nom,,,,0.0866178120865872,NONE
в,ADP,,case,,,,,-0.058486285060712,NONE
субботу,NOUN,,obl,Acc,Fem,Sing,Inan,-0.004667228128913,NONE
подтвердил,VERB,,acl:relcl,,Masc,Sing,,0.0061058215827113,NONE
",",PUNCT,,punct,,,,,0.070615473946768,NONE
что,SCONJ,,mark,,,,,0.0859800897238957,NONE
у,ADP,,case,,,,,-0.071418521996831,NONE
него,PRON,,obl,Gen,Masc,Sing,,0.0154397421063132,NONE
был,AUX,,aux:pass,,Masc,Sing,,0.0195733861234913,NONE
выявлен,VERB,,ccomp,,Masc,Sing,,-0.0078384318401691,NONE
COVID-19,PROPN,,nsubj:pass,,,,,0.1163337404866646,NONE
",",PUNCT,,punct,,,,,-0.0055668103956433,NONE
в,ADP,,case,,,,,0.0112782989272032,NONE
воскресенье,NOUN,,obl,Acc,Neut,Sing,Inan,-0.0501383357507604,NONE
утром,NOUN,,nmod,Ins,Neut,Sing,Inan,-0.0041525898330218,NONE
написал,VERB,,root,,Masc,Sing,,-0.0449954687105252,NONE
в,ADP,,case,,,,,-0.0044578306060253,NONE
Twitter,PROPN,,flat:foreign,,,,,-0.0267663265469087,ORG
",",PUNCT,,punct,,,,,-0.0087156698934541,NONE
что,SCONJ,,mark,,,,,-0.0401266880886175,NONE
он,PRON,,nsubj,Nom,Masc,Sing,,0.1533750330708748,NONE
"""",PUNCT,,punct,,,,,0.1747207109988627,NONE
"""",PUNCT,,punct,,,,,0.1316706238868366,NONE
в,ADP,,case,,,,,0.1131616894224531,NONE
порядке,NOUN,,ccomp,Loc,Masc,Sing,Inan,0.0721530210127144,NONE
"""",PUNCT,,punct,,,,,0.0122598431896249,NONE
"""",PUNCT,,punct,,,,,-0.0492122199148894,NONE
и,CCONJ,,cc,,,,,-0.1064125064016307,NONE
высказал,VERB,,conj,,Masc,Sing,,0.0823276745110817,NONE
слова,NOUN,,obj,Acc,Neut,Plur,Inan,-0.0423480481785198,NONE
признательности,NOUN,,nmod,Gen,Fem,Sing,Inan,-0.0353323468235885,NONE
передовым,ADJ,,amod,Dat,,Plur,,0.0008053009079419,NONE
работникам,NOUN,,iobj,Dat,Masc,Plur,Anim,-0.0262188457346174,NONE
в,ADP,,case,,,,,0.0680987964546251,NONE
борьбе,NOUN,,nmod,Loc,Fem,Sing,Inan,0.0069586787284268,NONE
с,ADP,,case,,,,,0.0266426486915995,NONE
коронавирусом,NOUN,,nmod,Ins,Masc,Sing,Inan,0.0322790770252786,NONE
.,PUNCT,,punct,,,,,-0.0988315023099868,NONE
"""",PUNCT,,root,,,,,0.1680023690280504,NONE
Всякий,DET,,det,Acc,Masc,Sing,,0.1295809694801884,NONE
раз,NOUN,,obl,Acc,Masc,Sing,Inan,0.2582953827788095,NONE
",",PUNCT,,punct,,,,,0.1544372990490045,NONE
когда,ADV,,advmod,,,,,-0.4299259450049207,NONE
это,PRON,,nsubj,Nom,Neut,Sing,Inan,-0.1103322461996961,NONE
возможно,ADJ,,acl:relcl,,Neut,Sing,,-0.4892076158461816,NONE
",",PUNCT,,punct,,,,,0.0950850640133956,NONE
мы,PRON,,nsubj,Nom,,Plur,,-0.0257753241113887,NONE
будем,AUX,,aux,,,Plur,,0.1280532258764667,NONE
пытаться,VERB,,root,,,,,-0.0601167275661537,NONE
разместить,VERB,,xcomp,,,,,0.0528931886934332,NONE
руководство,NOUN,,obj,Acc,Neut,Sing,Inan,-0.0034630138616183,NONE
по,ADP,,case,,,,,0.0101900206665057,NONE
размеру,NOUN,,obl,Dat,Masc,Sing,Inan,0.3027116309729276,NONE
.,PUNCT,,punct,,,,,0.2554559795885321,NONE
Их,DET,,det,,,,,-0.0467048138366808,NONE
эпический,ADJ,,amod,Nom,Masc,Sing,,0.3284848072439762,NONE
сбор,NOUN,,nsubj,Nom,Masc,Sing,Inan,0.0731960949690207,NONE
средств,NOUN,,nmod,Gen,Neut,Plur,Inan,0.1760985419732722,NONE
завершится,VERB,,root,,,Sing,,-0.0136340179361673,NONE
после,ADP,,case,,,,,-0.0161596902889996,NONE
кофейного,ADJ,,amod,Gen,Neut,Sing,,0.4907904030354063,NONE
утра,NOUN,,obl,Gen,Neut,Sing,Inan,0.4729025321366392,NONE
.,PUNCT,,punct,,,,,0.2011566238655594,NONE
Она,PRON,,nsubj,Nom,Fem,Sing,,-0.0398653400696111,NONE
также,ADV,,advmod,,,,,0.307609094960709,NONE
уведомила,VERB,,root,,Fem,Sing,,-0.0361387384703227,NONE
суд,NOUN,,obj,Acc,Masc,Sing,Inan,-0.0143610108339007,NONE
о,ADP,,case,,,,,0.0102997696898356,NONE
том,PRON,,obl,Loc,Neut,Sing,Inan,-0.1038487200276457,NONE
",",PUNCT,,punct,,,,,0.0404907487760233,NONE
что,SCONJ,,mark,,,,,-0.0941401196868773,NONE
на,ADP,,case,,,,,-0.0455084449980365,NONE
основе,NOUN,,obl,Loc,Fem,Sing,Inan,-0.0090174845424044,NONE
положений,NOUN,,nmod,Gen,Neut,Plur,Inan,0.0338529938283983,NONE
закона,NOUN,,nmod,Gen,Masc,Sing,Inan,0.05048505373087,NONE
последнее,ADJ,,amod,Nom,Neut,Sing,,0.0219613024116419,NONE
заявление,NOUN,,nsubj:pass,Nom,Neut,Sing,Inan,0.002651920849143,NONE
было,AUX,,aux:pass,,Neut,Sing,,-0.0151477687471937,NONE
отменено,VERB,,acl,,Neut,Sing,,0.0480339922341569,NONE
в,ADP,,case,,,,,0.0306682462301568,NONE
связи,NOUN,,fixed,Loc,Fem,Sing,Inan,-0.0124551851012658,NONE
с,ADP,,fixed,,,,,0.0134528835325138,NONE
обстоятельствами,NOUN,,obl,Ins,Neut,Plur,Inan,0.0572277840008163,NONE
",",PUNCT,,punct,,,,,0.0435789395841796,NONE
поскольку,SCONJ,,mark,,,,,-0.101141939907138,NONE
ССС,PROPN,,nsubj,Nom,Fem,Sing,Inan,0.2474023599467082,ORG
подала,VERB,,advcl,,Fem,Sing,,-0.0074248538477666,NONE
информацию,NOUN,,obj,Acc,Fem,Sing,Inan,-0.0233472972581154,NONE
прежде,ADV,,advmod,,,,,-0.0904123387733825,NONE
",",PUNCT,,punct,,,,,0.0506544902573429,NONE
чем,SCONJ,,mark,,,,,-0.0891119388140688,NONE
суд,NOUN,,nsubj,Nom,Masc,Sing,Inan,-0.0423456567272815,NONE
предположил,VERB,,advcl,,Masc,Sing,,0.0180774967263221,NONE
",",PUNCT,,punct,,,,,-0.0175108771219981,NONE
что,SCONJ,,mark,,,,,0.0566140105149303,NONE
все,DET,,det,Nom,,Plur,,-0.1333040621167814,NONE
расследования,NOUN,,nsubj:pass,Nom,Neut,Plur,Inan,0.042071630124142,NONE
по,ADP,,case,,,,,-0.0044272721169279,NONE
обвинениям,NOUN,,nmod,Dat,Neut,Plur,Inan,0.0917999411224398,NONE
против,ADP,,case,,,,,0.026477880698918,NONE
Соворе,PROPN,,nmod,Gen,Masc,Sing,Anim,0.0015980033143243,PER
завершены,VERB,,ccomp,,,Plur,,0.0873486731520772,NONE
.,PUNCT,,punct,,,,,0.8260807641630951,NONE
Однако,ADV,,advmod,,,,,-0.1014827926239311,NONE
есть,VERB,,root,,,Sing,,-0.0020982078101448,NONE
несколько,NUM,,nummod:gov,Nom,,,,0.0606454240232804,NONE
криптовалют,NOUN,,nsubj,Gen,Fem,Plur,Inan,0.0779091361925174,NONE
",",PUNCT,,punct,,,,,0.0422037527282228,NONE
которые,PRON,,nsubj,Nom,,,,-0.0167020043452672,NONE
работают,VERB,,acl:relcl,,,Plur,,0.0166155989652673,NONE
над,ADP,,case,,,,,-0.0136347564065076,NONE
тем,PRON,,obl,Ins,Neut,Sing,Inan,-0.0276168948597475,NONE
",",PUNCT,,punct,,,,,0.1218428588730357,NONE
чтобы,SCONJ,,mark,,,,,-0.0631626872090603,NONE
подняться,VERB,,advcl,,,,,0.0420659649257558,NONE
выше,ADV,,advmod,,,,,-0.0179720841472958,NONE
остальных,ADJ,,obl,Gen,,Plur,,0.0504285071689364,NONE
и,CCONJ,,cc,,,,,-0.0463744255996913,NONE
поддержать,VERB,,conj,,,,,0.0851616591205474,NONE
свою,DET,,det,Acc,Fem,Sing,,-0.1955273745492184,NONE
популярность,NOUN,,obj,Acc,Fem,Sing,Inan,0.0225270182519637,NONE
реальной,ADJ,,amod,Ins,Fem,Sing,,0.7017734878962322,NONE
полезностью,NOUN,,obl,Ins,Fem,Sing,Inan,0.1077458145431607,NONE
и,CCONJ,,cc,,,,,0.0359163506796263,NONE
фундаментальной,ADJ,,amod,Ins,Fem,Sing,,-0.0259747838625494,NONE
ценностью,NOUN,,conj,Ins,Fem,Sing,Inan,0.0522149823589539,NONE
.,PUNCT,,punct,,,,,-0.3513340796799183,NONE
Канье,PROPN,,nsubj,Nom,Masc,Sing,Anim,0.094149316848529,PER
Уэст,PROPN,,appos,Nom,Masc,Sing,Anim,-0.0331590009041717,PER
извинился,VERB,,root,,Masc,Sing,,0.0375123987233551,NONE
перед,ADP,,case,,,,,0.0237939157027762,NONE
женой,NOUN,,obl,Ins,Fem,Sing,Anim,0.1784526724403424,NONE
Ким,PROPN,,appos,Ins,Fem,Sing,Anim,-0.066420156376439,PER
Кардашьян,PROPN,,flat:name,Ins,Fem,Sing,Anim,0.1897746052534168,PER
за,ADP,,case,,,,,-0.0392310723037235,NONE
то,PRON,,obl,Acc,Neut,Sing,Inan,0.2011283789384001,NONE
",",PUNCT,,punct,,,,,0.1019453588494094,NONE
что,SCONJ,,mark,,,,,0.3107759072367133,NONE
она,PRON,,nsubj,Nom,Fem,Sing,,-0.1779850016291747,NONE
вышла,VERB,,acl,,Fem,Sing,,-0.1278937720505331,NONE
на,ADP,,case,,,,,0.1790200405337752,NONE
публику,NOUN,,obl,Acc,Fem,Sing,Inan,0.1955838327066217,NONE
с,ADP,,case,,,,,0.1761638338091995,NONE
"""",PUNCT,,punct,,,,,0.1464309577154854,NONE
"""",PUNCT,,punct,,,,,0.1102506721331644,NONE
частным,ADJ,,amod,Ins,Neut,Sing,,0.0196217615495104,NONE
делом,NOUN,,obl,Ins,Neut,Sing,Inan,-0.0372955398441628,NONE
"""",PUNCT,,punct,,,,,0.0730846256620273,NONE
"""",PUNCT,,punct,,,,,0.0176428150162979,NONE
.,PUNCT,,punct,,,,,-0.4254197498507521,NONE
"""",PUNCT,,punct,,,,,0.4590535966991975,NONE
Бывает,VERB,,root,,,Sing,,0.0383840195381287,NONE
маскшейминг,NOUN,,nsubj,Nom,Masc,Sing,Inan,0.1196304864443875,NONE
",",PUNCT,,punct,,,,,0.1180845717137688,NONE
а,CCONJ,,cc,,,,,-0.3421218511336987,NONE
бывает,VERB,,conj,,,Sing,,0.1218784264683677,NONE
стопроцентное,ADJ,,amod,Nom,Neut,Sing,,0.63914907385144,NONE
разбойное,ADJ,,amod,Nom,Neut,Sing,,0.1651544042777808,NONE
нападение,NOUN,,nsubj,Nom,Neut,Sing,Inan,0.0710634595321917,NONE
.,PUNCT,,punct,,,,,0.4386715697297818,NONE
Ваш,DET,,det,Nom,Masc,Sing,,0.1296538028544933,NONE
Приобретенный,VERB,,amod,Nom,Masc,Sing,,0.2841227138049635,NONE
Товар,PROPN,,nsubj:pass,Nom,Masc,Sing,Inan,0.1307492697495226,NONE
будет,AUX,,aux:pass,,,Sing,,0.1209860680709718,NONE
отправлен,VERB,,root,,Masc,Sing,,0.0526991009112981,NONE
компанией,NOUN,,obl,Ins,Fem,Sing,Inan,0.0960749766470058,NONE
Royal,PROPN,,flat:foreign,,,,,0.0679681864080114,ORG
Mail,PROPN,,flat:foreign,,,,,0.3262612741777851,ORG
или,CCONJ,,cc,,,,,-0.0254937732497235,NONE
национальной,ADJ,,amod,Ins,Fem,Sing,,0.2300804744098228,NONE
курьерской,ADJ,,amod,Ins,Fem,Sing,,-0.0612752348251623,NONE
компанией,NOUN,,conj,Ins,Fem,Sing,Inan,0.0097190928407024,NONE
.,PUNCT,,punct,,,,,-0.5094824638011136,NONE
Нажмите,VERB,,root,,,Plur,,0.0523884123643712,NONE
на,ADP,,case,,,,,-0.1902953032963406,NONE
«Моя,DET,,det,Acc,Fem,Sing,,0.1649724083696564,NONE
учетная,ADJ,,amod,Acc,Fem,Sing,,0.2661883168632404,NONE
запись»,NOUN,,obl,Acc,Fem,Sing,Inan,-0.0906615810770192,NONE
и,CCONJ,,cc,,,,,0.277195960613125,NONE
в,ADP,,case,,,,,0.1155116033508677,NONE
меню,NOUN,,obl,Loc,Neut,Sing,Inan,0.0810727934756858,NONE
выберите,VERB,,conj,,,Plur,,0.1458565604314431,NONE
«Настройки,NOUN,,obj,Acc,Fem,Plur,Inan,0.0194522216408705,NONE
учетной,ADJ,,amod,Gen,Fem,Sing,,0.0155661376130949,NONE
записи»,NOUN,,nmod,Gen,Fem,Sing,Inan,0.4975092255443325,NONE
Вернитесь,VERB,,root,,,Plur,,0.0594802692824981,NONE
на,ADP,,case,,,,,-0.1801008474813289,NONE
главный,ADJ,,amod,Acc,Masc,Sing,Inan,0.1347296743095584,NONE
экран,NOUN,,obl,Acc,Masc,Sing,Inan,0.4745843052169807,NONE
.,PUNCT,,punct,,,,,0.6318516087590369,NONE
Если,SCONJ,,mark,,,,,0.0431992852072018,NONE
вы,PRON,,nsubj,Nom,,Plur,,-0.1974263884867725,NONE
не,PART,,advmod,,,,,-0.3594423768839596,NONE
получили,VERB,,advcl,,,Plur,,-0.2066269742179374,NONE
ответа,NOUN,,obl,Gen,Masc,Sing,Inan,-0.0624849893426564,NONE
после,ADP,,case,,,,,-0.1422963733606842,NONE
этого,DET,,det,Gen,Neut,Sing,,0.1206430213542915,NONE
времени,NOUN,,obl,Gen,Neut,Sing,Inan,0.1960568845808304,NONE
",",PUNCT,,punct,,,,,0.2013693262702991,NONE
пожалуйста,ADV,,parataxis,,,,,0.0918679253545269,NONE
",",PUNCT,,punct,,,,,0.0991289481459022,NONE
отправьте,VERB,,root,,,Plur,,0.1469900681651531,NONE
сообщение,NOUN,,obj,Acc,Neut,Sing,Inan,0.0660876030324948,NONE
снова,ADV,,advmod,,,,,0.1494506425395995,NONE
в,ADP,,case,,,,,0.2212318295786417,NONE
случае,NOUN,,obl,Loc,Masc,Sing,Inan,-0.0793776774930635,NONE
",",PUNCT,,punct,,,,,0.1619515554235734,NONE
если,SCONJ,,mark,,,,,0.063772310962396,NONE
мы,PRON,,nsubj,Nom,,Plur,,0.1514186205141874,NONE
пропустили,VERB,,acl,,,Plur,,-0.0623341880633692,NONE
его,PRON,,obj,Acc,Masc,Sing,,-0.1522639027406027,NONE
или,CCONJ,,cc,,,,,0.2066110044043817,NONE
в,ADP,,case,,,,,0.3641089868015039,NONE
редких,ADJ,,amod,Loc,,Plur,,0.0543679713073943,NONE
случаях,NOUN,,conj,Loc,Masc,Plur,Inan,-0.1395002300669222,NONE
",",PUNCT,,punct,,,,,0.1657365741205515,NONE
когда,SCONJ,,mark,,,,,-0.1742806383555955,NONE
есть,VERB,,acl,,,Sing,,0.1628199259932017,NONE
проблема,NOUN,,nsubj,Nom,Fem,Sing,Inan,0.1415103932825606,NONE
с,ADP,,case,,,,,0.0192146689207735,NONE
сообщениями,NOUN,,nmod,Ins,Neut,Plur,Inan,0.018990657537237,NONE
eBay,PROPN,,flat:foreign,,,,,-0.048500675229335,ORG
.,PUNCT,,punct,,,,,0.2463106855062137,NONE
«Если,SCONJ,,mark,,,,,0.0906673555993627,NONE
посмотреть,VERB,,advcl,,,,,0.000810764583583,NONE
на,ADP,,case,,,,,0.1232548540782508,NONE
США,PROPN,,obl,Acc,,Plur,Inan,-0.1412672755056997,LOC
",",PUNCT,,punct,,,,,-0.0743370120436773,NONE
то,SCONJ,,mark,,,,,-0.1207477680920328,NONE
огромное,ADJ,,amod,Nom,Neut,Sing,,-0.2017207715337376,NONE
количество,NOUN,,nsubj:pass,Nom,Neut,Sing,Inan,-0.1111335159697454,NONE
этого,DET,,det,Gen,Neut,Sing,,-0.0886692304661428,NONE
лечения,NOUN,,nmod,Gen,Neut,Sing,Inan,-0.0960003363035809,NONE
использовалось,VERB,,root,,Neut,Sing,,-0.0271806625527844,NONE
на,ADP,,case,,,,,0.0761856365666612,NONE
произвольной,ADJ,,amod,Loc,Fem,Sing,,-0.0180542741309588,NONE
основе,NOUN,,obl,Loc,Fem,Sing,Inan,-0.0095447921619244,NONE
.,PUNCT,,punct,,,,,-0.1776732451515504,NONE
Великобритания,PROPN,,nsubj,Nom,Fem,Sing,Inan,0.0773231398214764,LOC
преуспевает,VERB,,root,,,Sing,,0.1901756121876424,NONE
за,ADP,,case,,,,,0.0994361513797206,NONE
пределами,NOUN,,obl,Ins,Masc,Plur,Inan,0.0411852235502289,NONE
меры,NOUN,,nmod,Gen,Fem,Sing,Inan,0.1228482488574606,NONE
по,ADP,,case,,,,,0.0958006688230679,NONE
сравнению,NOUN,,fixed,Dat,Neut,Sing,Inan,-0.0290550325431714,NONE
с,ADP,,fixed,,,,,0.2057321855302968,NONE
тем,PRON,,obl,Ins,Neut,Sing,Inan,0.0031168274271146,NONE
",",PUNCT,,punct,,,,,0.023917140938782,NONE
что,PRON,,nsubj,Nom,Neut,Sing,Inan,0.0240134013352668,NONE
там,ADV,,advmod,,,,,0.0511769629478243,NONE
происходит»,VERB,,acl,,,,,0.1282607854347852,NONE
",",PUNCT,,punct,,,,,0.1334605700726324,NONE
-,PUNCT,,punct,,,,,0.1820432733348334,NONE
добавил,VERB,,parataxis,,Masc,Sing,,-0.0526420052666117,NONE
он,PRON,,nsubj,Nom,Masc,Sing,,0.1985462702827141,NONE
.,PUNCT,,punct,,,,,-0.5995259269273066,NONE
Как,SCONJ,,cc,,,,,-0.3250127408214165,NONE
головка,NOUN,,nsubj:pass,Nom,Fem,Sing,Inan,0.1220142297040143,NONE
насоса,NOUN,,nmod,Gen,Masc,Sing,Inan,-0.0390988466115016,NONE
",",PUNCT,,punct,,,,,-0.0318584084068197,NONE
так,ADV,,cc,,,,,-0.1574146125323189,NONE
и,PART,,fixed,,,,,-0.0051089742869465,NONE
цилиндр,NOUN,,conj,Nom,Masc,Sing,Inan,0.0469413296683344,NONE
защищены,VERB,,root,,,Plur,,0.1891054091177721,NONE
пожизненной,ADJ,,amod,Ins,Fem,Sing,,0.1344615416593197,NONE
гарантией,NOUN,,obl,Ins,Fem,Sing,Inan,0.0361534718298021,NONE
производителя,NOUN,,nmod,Gen,Masc,Sing,Anim,-0.1067872866340454,NONE
",",PUNCT,,punct,,,,,0.2051017157661703,NONE
что,PRON,,nsubj,Nom,,,,0.1635673784451285,NONE
означает,VERB,,parataxis,,,Sing,,-0.0847750486718165,NONE
",",PUNCT,,punct,,,,,0.0588632710535715,NONE
что,SCONJ,,mark,,,,,0.2319688027907035,NONE
Encore,PROPN,,nsubj,,,,,-0.1864608485604392,NONE
заменит,VERB,,ccomp,,,Sing,,0.0005471985963767,NONE
любую,DET,,det,Acc,Fem,Sing,,-0.010560763738076,NONE
из,ADP,,case,,,,,-0.1272018506808822,NONE
деталей,NOUN,,nmod,Gen,Fem,Plur,Inan,-0.0755408185939411,NONE
в,ADP,,case,,,,,-0.0223616895530035,NONE
случае,NOUN,,obl,Loc,Masc,Sing,Inan,0.0525929679691955,NONE
поломки,NOUN,,nmod,Gen,Fem,Sing,Inan,0.1123275646627179,NONE
или,CCONJ,,cc,,,,,0.1178908024826813,NONE
неисправности,NOUN,,conj,Gen,Fem,Sing,Inan,0.0887888353620745,NONE
.,PUNCT,,punct,,,,,-0.6660222848276545,NONE
Я,PRON,,nsubj,Nom,,Sing,,-0.0303981215434651,NONE
также,ADV,,advmod,,,,,0.1294557597740998,NONE
знаю,VERB,,root,,,Sing,,0.024778822715424,NONE
",",PUNCT,,punct,,,,,0.1443956925077057,NONE
что,SCONJ,,mark,,,,,-0.1713871744761703,NONE
Скайлер,PROPN,,nsubj,Nom,Masc,Sing,Anim,-0.0067918639308866,PER
открыто,ADV,,advmod,,,,,0.1096760169771387,NONE
флиртует,VERB,,ccomp,,,Sing,,0.0806032352201181,NONE
с,ADP,,case,,,,,0.0327121391967531,NONE
Тедом,PROPN,,obl,Ins,Masc,Sing,Anim,0.0097022035156644,PER
в,ADP,,case,,,,,0.2115043532396927,NONE
надежде,NOUN,,obl,Loc,Fem,Sing,Inan,0.1727971904426759,NONE
",",PUNCT,,punct,,,,,0.1102926808074877,NONE
что,SCONJ,,mark,,,,,-0.159134454693213,NONE
кто-то,PRON,,nsubj,Nom,,,,0.1197863240449167,NONE
относится,VERB,,acl,,,Sing,,-0.2262992072939469,NONE
к,ADP,,case,,,,,0.0769347511657959,NONE
ней,PRON,,obl,Dat,Fem,Sing,,-0.0127968345408806,NONE
как,SCONJ,,mark,,,,,0.0008568872184923,NONE
к,ADP,,case,,,,,0.0787118514027334,NONE
приоритету,NOUN,,obl,Dat,Masc,Sing,Inan,0.0470314708692312,NONE
для,ADP,,case,,,,,0.0860468608770895,NONE
перемен,NOUN,,nmod,Gen,Fem,Plur,Inan,0.149767094682391,NONE
",",PUNCT,,punct,,,,,0.0747362811448668,NONE
вынашивая,VERB,,advcl,,,,,0.0698361392877036,NONE
ребенка,NOUN,,obj,Acc,Masc,Sing,Anim,-0.0032104395149036,NONE
",",PUNCT,,punct,,,,,0.1393105489075575,NONE
тогда,ADV,,mark,,,,,-0.1048838388514275,NONE
как,SCONJ,,fixed,,,,,-0.0934829443443048,NONE
Уолт,PROPN,,nsubj,Nom,Masc,Sing,Anim,0.0564399433459096,PER
сделал,VERB,,advcl,,Masc,Sing,,-0.0693526577419282,NONE
все,PRON,,obj,Acc,Neut,Sing,Inan,0.1109107775972156,NONE
о,ADP,,case,,,,,0.068093327679952,NONE
нем,PRON,,obl,Loc,Masc,Sing,,0.0882789736314504,NONE
с,ADP,,case,,,,,0.0386859634323639,NONE
момента,NOUN,,obl,Gen,Masc,Sing,Inan,0.07992474825271,NONE
своего,DET,,det,Gen,Neut,Sing,,0.0362502799272189,NONE
50-летия,NOUN,,nmod,Gen,Neut,Sing,Inan,0.0278642106699095,NONE
.,PUNCT,,punct,,,,,-0.3507623026462231,NONE
«Я,PRON,,nsubj,Nom,,Sing,,-0.0163729184426767,NONE
молю,VERB,,root,,,Sing,,0.0828524853118382,NONE
Всемогущего,ADJ,,amod,Acc,Masc,Sing,Anim,0.0086684049300292,NONE
Бога,PROPN,,obj,Acc,Masc,Sing,Anim,-0.0288250956145744,NONE
окружить,VERB,,xcomp,,,,,0.0115141977842069,NONE
покойного,NOUN,,obj,Acc,Masc,Sing,Anim,0.1455483306172611,NONE
Его,DET,,det,,,,,0.0375922934739775,PER
Святым,ADJ,,amod,Ins,Neut,Sing,,0.1211520669590178,PER
Милосердием,PROPN,,obl,Ins,Neut,Sing,Inan,0.6350747271406275,PER
",",PUNCT,,punct,,,,,0.3740922977120907,NONE
чтобы,SCONJ,,mark,,,,,0.1304820842190668,NONE
приветствовать,VERB,,advcl,,,,,0.0157568989818227,NONE
его,PRON,,obj,Acc,Masc,Sing,,0.0713965983852613,NONE
в,ADP,,case,,,,,-0.0558652523223155,NONE
Его,DET,,det,,,,,0.0913042509847855,NONE
обширном,ADJ,,amod,Loc,Masc,Sing,,0.0347212788397384,NONE
раю,NOUN,,obl,Loc,Masc,Sing,Inan,0.093625883598956,NONE
вместе,ADV,,advmod,,,,,-0.0086881283176593,NONE
с,ADP,,case,,,,,0.0321488818722534,NONE
шухадаами,NOUN,,obl,Ins,Masc,Plur,Anim,0.2591835095241622,NONE
и,CCONJ,,cc,,,,,-0.0996556170728307,NONE
добродетелями,NOUN,,conj,Ins,Masc,Plur,Anim,0.0699677427718826,NONE
.,PUNCT,,punct,,,,,0.3473600300967794,NONE
По,ADP,,case,,,,,0.551977896836803,NONE
ее,DET,,det,,,,,-0.0837187539591946,NONE
словам,NOUN,,parataxis,Dat,Neut,Plur,Inan,0.0428980058243022,NONE
",",PUNCT,,punct,,,,,-0.0054727084065339,NONE
она,PRON,,nsubj,Nom,Fem,Sing,,0.3273923292591237,NONE
боялась,VERB,,root,,Fem,Sing,,0.0945705686927088,NONE
",",PUNCT,,punct,,,,,0.0236678455643809,NONE
что,SCONJ,,mark,,,,,0.3146256113625303,NONE
если,SCONJ,,mark,,,,,0.2953992215131323,NONE
расскажет,VERB,,advcl,,,Sing,,0.1990562345383695,NONE
правду,NOUN,,obj,Acc,Fem,Sing,Inan,0.094302690733933,NONE
",",PUNCT,,punct,,,,,0.3764225802678506,NONE
ее,PRON,,obj,Acc,Fem,Sing,,0.2467481550468111,NONE
накажут,VERB,,ccomp,,,Plur,,0.223531359716479,NONE
.,PUNCT,,punct,,,,,-0.0820045120510099,NONE
Thomas,PROPN,,nsubj:pass,,,,,-0.0431094207775939,NONE
Cook,PROPN,,flat:foreign,,,,,-0.1254901097310072,NONE
-,PUNCT,,punct,,,,,-0.0272203316426326,NONE
старейшая,ADJ,,amod,Nom,Fem,Sing,,0.0608946204835485,NONE
в,ADP,,case,,,,,-0.0141135590870327,NONE
мире,NOUN,,nmod,Loc,Masc,Sing,Inan,0.0436467588332544,NONE
туристическая,ADJ,,amod,Nom,Fem,Sing,,0.0585672140493076,NONE
фирма,NOUN,,parataxis,Nom,Fem,Sing,Inan,0.0837235399212918,NONE
-,PUNCT,,punct,,,,,0.1591416363856064,NONE
была,AUX,,aux:pass,,Fem,Sing,,-0.0141332164215985,NONE
свернута,VERB,,root,,Fem,Sing,,0.0625612661353229,NONE
в,ADP,,case,,,,,0.0023587228074251,NONE
начале,NOUN,,obl,Loc,Neut,Sing,Inan,0.0668576068247071,NONE
этой,DET,,det,Gen,Fem,Sing,,0.1077579294592736,NONE
недели,NOUN,,nmod,Gen,Fem,Sing,Inan,0.508986101807775,NONE
",",PUNCT,,punct,,,,,0.2222971937490709,NONE
что,PRON,,nsubj,Nom,,,,-0.0684853052754415,NONE
привело,VERB,,parataxis,,Neut,Sing,,0.0530454776830351,NONE
к,ADP,,case,,,,,0.1830283630866673,NONE
потере,NOUN,,obl,Dat,Fem,Sing,Inan,0.1113784932909578,NONE
21,NUM,,nummod,,,,,0.071996894266753,NONE
000,NUM,,nummod,,,,,0.0940434712603271,NONE
рабочих,ADJ,,amod,Gen,,Plur,,0.0184708020112553,NONE
мест,NOUN,,nmod,Gen,Neut,Plur,Inan,0.0334531736790579,NONE
по,ADP,,case,,,,,-0.0837514695304895,NONE
всему,DET,,det,Dat,Masc,Sing,,0.0891788140853426,NONE
миру,NOUN,,nmod,Dat,Masc,Sing,Inan,0.0201210897866287,NONE
",",PUNCT,,punct,,,,,-0.021316356056252,NONE
около,ADP,,case,,,,,-0.0142323075823455,NONE
9,NUM,,conj,,,,,0.0043429724928395,NONE
000,NUM,,conj,,,,,0.21681809204375,NONE
из,ADP,,case,,,,,0.153045963994068,NONE
них,PRON,,nmod,Gen,,Plur,,0.0736718059138687,NONE
в,ADP,,case,,,,,0.0355273775025779,NONE
Великобритании,PROPN,,nmod,Loc,Fem,Sing,Inan,0.317265678762623,LOC
.,PUNCT,,punct,,,,,-0.5143984464788213,NONE
Я,PRON,,nsubj,Nom,,Sing,,-0.8473722065800372,NONE
проверю,VERB,,root,,,Sing,,0.0203690598356785,NONE
ваш,DET,,det,Acc,Masc,Sing,Inan,0.0011550073401034,NONE
аккаунт,NOUN,,obj,Acc,Masc,Sing,Inan,0.1718628706455487,NONE
",",PUNCT,,punct,,,,,0.1696159050954605,NONE
пожалуйста,ADV,,parataxis,,,,,-0.119030295380066,NONE
",",PUNCT,,punct,,,,,0.1572779118506659,NONE
в,ADP,,case,,,,,0.0284455285862476,NONE
один,NUM,,nummod,Acc,Masc,,Inan,-0.0783219848830569,NONE
момент,NOUN,,obl,Acc,Masc,Sing,Inan,0.0705078838917367,NONE
.,PUNCT,,punct,,,,,0.3929015751483462,NONE
Горстка,NOUN,,nsubj:pass,Nom,Fem,Sing,Inan,0.0841853468181911,NONE
республиканцев,NOUN,,nmod,Gen,Masc,Plur,Anim,-0.0461807204167914,NONE
как,SCONJ,,cc,,,,,0.03327789934721,NONE
в,ADP,,case,,,,,-0.0346569471875361,NONE
палате,NOUN,,nmod,Loc,Fem,Sing,Inan,0.0655622243975632,NONE
",",PUNCT,,punct,,,,,-0.1415781182364476,NONE
так,ADV,,cc,,,,,-0.2325280929709883,NONE
и,PART,,fixed,,,,,-0.0050949306604163,NONE
в,ADP,,case,,,,,-0.0201601095860949,NONE
сенате,NOUN,,conj,Loc,Masc,Sing,Inan,0.0316210808801718,NONE
также,PART,,advmod,,,,,0.0938632780762757,NONE
была,AUX,,aux:pass,,Fem,Sing,,-0.0237766055696664,NONE
обеспокоена,VERB,,root,,Fem,Sing,,0.2335941492157615,NONE
прецедентом,NOUN,,obl:agent,Ins,Masc,Sing,Inan,-0.0152366025637985,NONE
",",PUNCT,,punct,,,,,0.2163758503697382,NONE
который,PRON,,obj,Acc,Masc,Sing,Inan,0.0783693194300307,NONE
декларация,NOUN,,nsubj,Nom,Fem,Sing,Inan,-0.0662114694440961,NONE
Трампа,PROPN,,nmod,Gen,Masc,Sing,Anim,-0.0203393818735212,PER
поставит,VERB,,acl:relcl,,,Sing,,0.0152943250300379,NONE
перед,ADP,,case,,,,,0.0515256620161085,NONE
исполнительной,ADJ,,amod,Ins,Fem,Sing,,-0.0451114163870707,NONE
властью,NOUN,,obl,Ins,Fem,Sing,Inan,0.073376274219573,NONE
в,ADP,,case,,,,,0.057088017719598,NONE
будущем,NOUN,,obl,Loc,Neut,Sing,Inan,0.2413101667721369,NONE
.,PUNCT,,punct,,,,,-0.3662515570624042,NONE
Брент,NOUN,,nsubj,Nom,Masc,Sing,Inan,0.1334256370292899,PER
находится,VERB,,root,,,Sing,,0.4815905139217471,NONE
чуть,ADV,,advmod,,,,,-0.2816577607967589,NONE
выше,ADV,,advmod,,,,,-0.0723046699015635,NONE
своего,DET,,det,Gen,Masc,Sing,,0.1194233724104349,NONE
уровня,NOUN,,obl,Gen,Masc,Sing,Inan,0.0440993874682949,NONE
перед,ADP,,case,,,,,0.1633616104621699,NONE
атаками,NOUN,,obl,Ins,Fem,Plur,Inan,0.1292861210261841,NONE
на,ADP,,case,,,,,0.1756017008683543,NONE
объекты,NOUN,,nmod,Acc,Masc,Plur,Inan,0.0392592717753213,NONE
Саудовской,PROPN,,amod,,,,,0.0654237323177047,LOC
Аравии,PROPN,,nmod,Gen,Fem,Sing,Inan,0.1172441224360734,LOC
14,NUM,,nmod,,,,,-0.047899052625165,NONE
сентября,NOUN,,flat,Gen,Masc,Sing,Inan,-0.0311696306005796,NONE
",",PUNCT,,punct,,,,,0.1298029022052395,NONE
которые,PRON,,nsubj,Nom,,,,0.2933325410416674,NONE
первоначально,ADV,,advmod,,,,,0.3357647203449189,NONE
вдвое,ADV,,advmod,,,,,0.0815740703876762,NONE
сократили,VERB,,acl:relcl,,,Plur,,0.1680461363425881,NONE
производство,NOUN,,obj,Acc,Neut,Sing,Inan,0.2328579919555913,NONE
королевства,NOUN,,nmod,Gen,Neut,Sing,Inan,0.298425693895021,NONE
.,PUNCT,,punct,,,,,0.1839083035763636,NONE
«Юнайтед»,NOUN,,nsubj,Nom,Masc,Sing,Inan,0.16033131087507,ORG
стремятся,VERB,,root,,,Plur,,0.0262133059228786,NONE
продлить,VERB,,xcomp,,,,,-0.1017833230154803,NONE
сделку,NOUN,,obj,Acc,Fem,Sing,Inan,0.0037414869391823,NONE
Погбы,PROPN,,nmod,Gen,Fem,Sing,Inan,0.1426203786563472,PER
и,CCONJ,,cc,,,,,-0.1890859326336977,NONE
хотят,VERB,,conj,,,Plur,,-0.0872372390139093,NONE
прояснить,VERB,,xcomp,,,,,0.0953514752914983,NONE
ситуацию,NOUN,,obj,Acc,Fem,Sing,Inan,-0.087718259116757,NONE
до,ADP,,case,,,,,-0.2144709444674181,NONE
следующего,ADJ,,amod,Gen,Masc,Sing,,-0.1348841939132559,NONE
сезона,NOUN,,obl,Gen,Masc,Sing,Inan,0.0806510964420195,NONE
.,PUNCT,,punct,,,,,0.7357531920371915,NONE
24,NUM,,nummod,,,,,-0.1647083327110071,NONE
часа,NOUN,,obl,Gen,Masc,Sing,Inan,-0.0497910002964796,NONE
спустя,ADP,,case,,,,,0.1211656767533525,NONE
они,PRON,,nsubj,Nom,,Plur,,-0.0702677396941776,NONE
нам,PRON,,iobj,Dat,,Plur,,-0.0676802220338496,NONE
ответили,VERB,,root,,,Plur,,0.0647271926676572,NONE
финальным,ADJ,,amod,Ins,Masc,Sing,,0.0303673177351543,NONE
ответом,NOUN,,obl,Ins,Masc,Sing,Inan,0.0700656890117179,NONE
«No,PUNCT,,punct,,,,,0.4703807489518914,NONE
.,PUNCT,,punct,,,,,0.4749715746170836,NONE
И,CCONJ,,cc,,,,,0.561199879567158,NONE
Моррисон,PROPN,,nsubj,Nom,Masc,Sing,Anim,0.0397341639022732,PER
не,PART,,advmod,,,,,0.1291552574473893,NONE
должен,ADJ,,root,,Masc,Sing,,0.1075976616670758,NONE
время,NOUN,,obl,Acc,Neut,Sing,Inan,-0.1578604817565677,NONE
от,ADP,,case,,,,,-0.001741185745797,NONE
времени,NOUN,,nmod,Gen,Neut,Sing,Inan,0.0093547231690999,NONE
говорить,VERB,,xcomp,,,,,-0.0914863762098184,NONE
президенту,NOUN,,iobj,Dat,Masc,Sing,Anim,0.1275179361451321,NONE
"""",PUNCT,,punct,,,,,0.1401278199169204,NONE
"""",PUNCT,,punct,,,,,-0.0590997418101439,NONE
поддельные,ADJ,,amod,Nom,,Plur,,0.1616938126520478,NONE
новости,NOUN,,obl,Nom,Fem,Plur,Inan,0.2290450693448171,NONE
"""",PUNCT,,punct,,,,,0.126278852114042,NONE
"""",PUNCT,,punct,,,,,-0.0311909520860275,NONE
.,PUNCT,,punct,,,,,0.2749081968385291,NONE
"""",PUNCT,,root,,,,,0.2135676779257629,NONE
Я,PRON,,nsubj,Nom,,Sing,,0.431161733936431,NONE
чувствую,VERB,,root,,,Sing,,0.2789345422951838,NONE
",",PUNCT,,punct,,,,,0.4109098581088408,NONE
что,SCONJ,,mark,,,,,-0.1577453599396217,NONE
он,PRON,,nsubj,Nom,Masc,Sing,,0.1180232985999839,NONE
не,PART,,advmod,,,,,-0.100533305022897,NONE
подведет,VERB,,ccomp,,,Sing,,0.1153236534071247,NONE
Джо,PROPN,,obj,Acc,Masc,Sing,Anim,-0.0445046273690584,PER
.,PUNCT,,punct,,,,,0.1332875362346089,NONE
Республиканцы,NOUN,,nsubj,Nom,Masc,Plur,Anim,0.3670090644886173,NONE
Сената,PROPN,,nmod,Gen,Masc,Sing,Inan,-0.0247585479733426,ORG
и,CCONJ,,cc,,,,,-0.0838727136340509,NONE
Белый,ADJ,,amod,Nom,Masc,Sing,,0.0178873404274258,LOC
дом,NOUN,,conj,Nom,Masc,Sing,Inan,-0.1011833035013336,LOC
на,ADP,,case,,,,,-0.1076384283180361,NONE
прошлой,ADJ,,amod,Loc,Fem,Sing,,0.2095781633957869,NONE
неделе,NOUN,,obl,Loc,Fem,Sing,Inan,-0.0136122816299131,NONE
провели,VERB,,root,,,Plur,,-0.0776157534581253,NONE
переговоры,NOUN,,obj,Acc,Masc,Plur,Inan,-0.0932011234632658,NONE
об,ADP,,case,,,,,0.0374873990833872,NONE
условиях,NOUN,,nmod,Loc,Neut,Plur,Inan,-0.0650517859213302,NONE
четвертого,ADJ,,amod,Gen,Masc,Sing,,0.0481430220113344,NONE
этапа,NOUN,,nmod,Gen,Masc,Sing,Inan,-0.1517885362839592,NONE
реагирования,NOUN,,nmod,Gen,Neut,Sing,Inan,0.0767003070684822,NONE
на,ADP,,case,,,,,0.0005055299098328,NONE
коронавирус,NOUN,,nmod,Acc,Masc,Sing,Inan,0.0632735784067399,NONE
",",PUNCT,,punct,,,,,0.0981272306722826,NONE
который,PRON,,nsubj,Nom,Masc,Sing,,-0.1002089508097019,NONE
",",PUNCT,,punct,,,,,0.0615361932753479,NONE
как,SCONJ,,mark,,,,,0.0859865884625598,NONE
они,PRON,,nsubj,Nom,,Plur,,-0.056922406353798,NONE
ожидают,VERB,,parataxis,,,Plur,,0.0836664595047083,NONE
",",PUNCT,,punct,,,,,-0.1263546835772939,NONE
обойдется,VERB,,acl:relcl,,,Sing,,0.4090473661053204,NONE
в,ADP,,case,,,,,0.0599220761434384,NONE
1,NUM,,nummod,,,,,0.2062896354559762,NONE
триллион,NOUN,,nummod:gov,Acc,Masc,Sing,Inan,0.0814017478748509,NONE
долларов,NOUN,,obl,Gen,Masc,Plur,Inan,0.0730786408165265,NONE
.,PUNCT,,punct,,,,,-0.3863930164023514,NONE
Менье,PROPN,,nsubj,Nom,Masc,Sing,Anim,0.136699220624555,PER
сказал,VERB,,root,,Masc,Sing,,0.0016347148817264,NONE
",",PUNCT,,punct,,,,,0.0302047522405423,NONE
что,SCONJ,,mark,,,,,0.0033786024196571,NONE
он,PRON,,nsubj,Nom,Masc,Sing,,0.0163405495342946,NONE
"""",PUNCT,,punct,,,,,0.0428104974768014,NONE
"""",PUNCT,,punct,,,,,0.0325637270034856,NONE
обнадеживает,VERB,,ccomp,,,Sing,,0.0580771675402971,NONE
"""",PUNCT,,punct,,,,,0.0544789787521352,NONE
"""",PUNCT,,punct,,,,,0.0184068771779986,NONE
",",PUNCT,,punct,,,,,0.1357979945782161,NONE
потому,ADV,,mark,,,,,0.0073708143364453,NONE
что,SCONJ,,fixed,,,,,0.0133817171948845,NONE
"""",PUNCT,,punct,,,,,0.0536741998994294,NONE
"""",PUNCT,,punct,,,,,0.0645576316830669,NONE
если,SCONJ,,mark,,,,,0.0080299681644344,NONE
есть,VERB,,advcl,,,Sing,,0.0300475061006874,NONE
серебряная,ADJ,,amod,Nom,Fem,Sing,,0.0411464868667745,NONE
подкладка,NOUN,,nsubj,Nom,Fem,Sing,Inan,0.0391102330979124,NONE
нашей,DET,,det,Gen,Fem,Sing,,0.0022157604616224,NONE
пандемии,NOUN,,nmod,Gen,Fem,Sing,Inan,0.0140519297712666,NONE
",",PUNCT,,punct,,,,,0.0343601246617716,NONE
я,PRON,,nsubj,Nom,,Sing,,-0.0199064374777455,NONE
думаю,VERB,,ccomp,,,Sing,,-0.0227105924070552,NONE
",",PUNCT,,punct,,,,,0.0158166501858711,NONE
это,PRON,,nsubj,Nom,Neut,Sing,Inan,0.0017323585350528,NONE
показало,VERB,,ccomp,,Neut,Sing,,0.0256624945028103,NONE
",",PUNCT,,punct,,,,,0.0013265649498023,NONE
что,SCONJ,,mark,,,,,0.010718558378874,NONE
природа,NOUN,,nsubj,Nom,Fem,Sing,Inan,0.0078349717058458,NONE
вернется,VERB,,ccomp,,,Sing,,0.0091921778239659,NONE
и,CCONJ,,cc,,,,,-0.001755443856458,NONE
исцелит,VERB,,conj,,,Sing,,0.0103484324349983,NONE
себя,PRON,,obj,Acc,,,,-0.0054962830546602,NONE
",",PUNCT,,punct,,,,,0.0077244597313255,NONE
если,SCONJ,,mark,,,,,0.0027753690528307,NONE
мы,PRON,,nsubj,Nom,,Plur,,-0.0091371452429223,NONE
просто,PART,,advmod,,,,,-0.0150053292554631,NONE
ослабим,VERB,,advcl,,,Plur,,0.0316573266137798,NONE
это,DET,,det,Acc,Neut,Sing,,-0.0081018072865766,NONE
давление,NOUN,,obj,Acc,Neut,Sing,Inan,-0.0096258251302182,NONE
",",PUNCT,,punct,,,,,0.0029652237865977,NONE
это,PRON,,nsubj,Nom,Neut,Sing,Inan,0.006303212951715,NONE
человеческое,ADJ,,amod,Nom,Neut,Sing,,0.0459498428285325,NONE
давление,NOUN,,conj,Nom,Neut,Sing,Inan,0.0022774826735762,NONE
и,CCONJ,,cc,,,,,0.010619434329418,NONE
позволим,VERB,,conj,,,Plur,,-0.002843041877158,NONE
этому,PRON,,iobj,Dat,Neut,Sing,Inan,-0.0006168237949021,NONE
случиться,VERB,,xcomp,,,,,-0.005984399325576,NONE
.,PUNCT,,punct,,,,,0.0095827242493102,NONE
Теперь,ADV,,advmod,,,,,0.0229099621819578,NONE
есть,VERB,,root,,,Plur,,0.0246087521528461,NONE
факты,NOUN,,nsubj,Nom,Masc,Plur,Inan,0.0144437006646023,NONE
"""",PUNCT,,punct,,,,,0.0279457647264819,NONE
"""",PUNCT,,punct,,,,,0.0233343111531904,NONE
.,PUNCT,,punct,,,,,0.0560132704547742,NONE
"""",PUNCT,,root,,,,,0.316397741610247,NONE
Перейдите,VERB,,root,,,Plur,,-0.0087003521357383,NONE
на,ADP,,case,,,,,-0.3101680959134593,NONE
домашний,ADJ,,amod,Acc,Masc,Sing,Inan,0.2686864331653006,NONE
экран,NOUN,,obl,Acc,Masc,Sing,Inan,0.2529982175090809,NONE
.,PUNCT,,punct,,,,,0.6174299750477966,NONE
Так,ADV,,advmod,,,,,0.1397281268381061,NONE
и,PART,,advmod,,,,,-0.0428074659336978,NONE
произошло,VERB,,root,,Neut,Sing,,-0.0305138898504831,NONE
—,PUNCT,,punct,,,,,-0.1874196813515332,NONE
на,ADP,,case,,,,,-0.0281103053727002,NONE
новостных,ADJ,,amod,Loc,,Plur,,-0.0246406747158098,NONE
сайтах,NOUN,,obl,Loc,Masc,Plur,Inan,0.0315238082436371,NONE
и,CCONJ,,cc,,,,,0.0520391384012131,NONE
в,ADP,,case,,,,,0.0093515165593793,NONE
журналах,NOUN,,conj,Loc,Masc,Plur,Inan,0.026497516989681,NONE
светской,ADJ,,amod,Gen,Fem,Sing,,0.0879282173552826,NONE
хроники,NOUN,,nmod,Gen,Fem,Sing,Inan,-0.023166314335561,NONE
митинг,NOUN,,obj,Acc,Masc,Sing,Inan,0.0370359605477718,NONE
Уэста,PROPN,,nmod,Acc,Masc,Sing,Anim,0.0675031294692005,PER
описали,VERB,,parataxis,,,Plur,,0.6185905195923609,NONE
как,SCONJ,,mark,,,,,0.1077856134942514,NONE
рекламный,ADJ,,amod,Acc,Masc,Sing,Inan,-0.008511966533431,NONE
ход,NOUN,,advcl,Acc,Masc,Sing,Inan,0.0433062926159902,NONE
",",PUNCT,,punct,,,,,0.3400470668553622,NONE
свидетельство,NOUN,,conj,Acc,Neut,Sing,Inan,0.0575527879905083,NONE
психического,ADJ,,amod,Gen,Neut,Sing,,-0.0216003060030081,NONE
нездоровья,NOUN,,nmod,Gen,Neut,Sing,Inan,0.0288197616977974,NONE
или,CCONJ,,cc,,,,,0.11363938370571,NONE
то,PRON,,conj,Acc,Neut,Sing,Inan,-0.160116218860502,NONE
и,CCONJ,,cc,,,,,-0.0269091102233013,NONE
другое,ADJ,,conj,Acc,Neut,Sing,,0.0469971797173678,NONE
вместе,ADV,,advmod,,,,,-0.0156138063783866,NONE
.,PUNCT,,punct,,,,,0.1198705110918311,NONE
“Оставь,VERB,,root,,,Sing,,0.1215679977643393,NONE
меня,PRON,,obj,Acc,,Sing,,0.0476112874088469,NONE
в,ADP,,case,,,,,-0.1097655148659166,NONE
покое”,NOUN,,obl,Loc,Masc,Sing,Inan,0.2272559422529183,NONE
",",PUNCT,,punct,,,,,0.1336538916775222,NONE
-,PUNCT,,punct,,,,,0.3772891974337674,NONE
сообщает,VERB,,parataxis,,,Sing,,-0.1347528121163317,NONE
New,PROPN,,nsubj,,,,,0.3406744384715023,ORG
York,PROPN,,flat:foreign,,,,,0.3873742974635025,ORG
Times,PROPN,,flat:foreign,,,,,0.5997227582734297,ORG
.,PUNCT,,punct,,,,,0.2043018250996052,NONE
Насколько,ADV,,obl,,,,,0.0765046058905342,NONE
комфортно,ADJ,,root,,Neut,Sing,,-0.0004218429997361,NONE
было,AUX,,cop,,Neut,Sing,,0.0245709979355742,NONE
бы,AUX,,aux,,,,,0.1791386753142563,NONE
*,PUNCT,,punct,,,,,-0.0724624718037486,NONE
вам,PRON,,iobj,Dat,,Plur,,0.1337651890295791,NONE
*,PUNCT,,punct,,,,,0.1754033257354675,NONE
",",PUNCT,,punct,,,,,-0.0502534955396292,NONE
если,SCONJ,,mark,,,,,-0.0913098864415151,NONE
бы,AUX,,aux,,,,,-0.1066620372150818,NONE
кто-то,PRON,,nsubj,Nom,,,,-0.0294572500913813,NONE
появился,VERB,,advcl,,Masc,Sing,,-0.6885749834305418,NONE
",",PUNCT,,punct,,,,,-0.1531037163101685,NONE
чтобы,SCONJ,,mark,,,,,-0.1889822784728188,NONE
спросить,VERB,,advcl,,,,,0.0276019310529178,NONE
вас,PRON,,obj,Acc,,Plur,,-0.05727871321135,NONE
",",PUNCT,,punct,,,,,0.0483053459212536,NONE
за,ADP,,case,,,,,-0.0268836815039492,NONE
кого,PRON,,obl,Acc,,,,0.0031296983678099,NONE
вы,PRON,,nsubj,Nom,,Plur,,-0.039038299298208,NONE
голосовали,VERB,,ccomp,,,Plur,,0.0346514848398758,NONE
на,ADP,,case,,,,,0.0025155059977989,NONE
прошлых,ADJ,,amod,Loc,,Plur,,0.1235790812494029,NONE
выборах,NOUN,,obl,Loc,Masc,Plur,Inan,0.2579372518082328,NONE
",",PUNCT,,punct,,,,,-0.0200288251172085,NONE
зная,VERB,,advcl,,,,,0.0841564019533968,NONE
",",PUNCT,,punct,,,,,-0.0015792321628014,NONE
что,SCONJ,,mark,,,,,-0.0163481121057833,NONE
если,SCONJ,,mark,,,,,-0.002814505743075,NONE
вы,PRON,,nsubj,Nom,,Plur,,-0.1009911620286693,NONE
им,PRON,,iobj,Dat,,Plur,,-0.0131503391030307,NONE
не,PART,,advmod,,,,,0.1489144821853737,NONE
скажете,VERB,,advcl,,,Plur,,0.1343071298624845,NONE
",",PUNCT,,punct,,,,,0.0841462240093121,NONE
ваш,DET,,det,Nom,Masc,Sing,,-0.0625062000151958,NONE
голос,NOUN,,nsubj:pass,Nom,Masc,Sing,Inan,0.0765279085498256,NONE
может,VERB,,ccomp,,,Sing,,0.0583868673780656,NONE
быть,AUX,,aux:pass,,,,,0.054294507633774,NONE
помечен,VERB,,xcomp,,Masc,Sing,,0.0245540970360656,NONE
и,CCONJ,,cc,,,,,-0.0089220068925332,NONE
отброшен,VERB,,conj,,Masc,Sing,,0.0068407274732139,NONE
?,PUNCT,,punct,,,,,-0.2889555207938419,NONE
Не,PART,,advmod,,,,,0.2059373026409666,NONE
впускайте,VERB,,root,,,Plur,,0.0868493301670065,NONE
никого,PRON,,obj,Gen,Masc,Sing,Anim,-0.1257109370384739,NONE
и,CCONJ,,cc,,,,,-0.0907743840412022,NONE
обращайте,VERB,,conj,,,Plur,,-0.0456443412282046,NONE
внимание,NOUN,,obj,Acc,Neut,Sing,Inan,-0.0196624871562101,NONE
на,ADP,,case,,,,,0.0080459899639419,NONE
людей,NOUN,,obl,Acc,Masc,Plur,Anim,-0.1270478019056126,NONE
",",PUNCT,,punct,,,,,0.2626038494945288,NONE
когда,SCONJ,,mark,,,,,-0.0361723572647702,NONE
они,PRON,,nsubj,Nom,,Plur,,0.5920535659132571,NONE
уходят,VERB,,acl:relcl,,,Plur,,0.0235936872206389,NONE
(,PUNCT,,punct,,,,,-0.1966987103765457,NONE
особенно,ADV,,obl,,,,,-0.1126771769625622,NONE
на,ADP,,case,,,,,-0.2374217424297607,NONE
детские,ADJ,,amod,Acc,,Plur,Inan,0.1440742787324746,NONE
руки,NOUN,,parataxis,Acc,Fem,Plur,Inan,-0.0573877536297892,NONE
),PUNCT,,punct,,,,,-0.1880357276246362,NONE
.,PUNCT,,punct,,,,,0.4443119130662948,NONE
Один,NUM,,nsubj,Nom,Masc,,,0.1909899592728775,NONE
из,ADP,,case,,,,,0.2290036403303685,NONE
старших,ADJ,,amod,Gen,,Plur,,0.0140552932389509,NONE
сотрудников,NOUN,,nmod,Gen,Masc,Plur,Anim,-0.0904364505445306,NONE
компании,NOUN,,nmod,Gen,Fem,Sing,Inan,-0.0452383167160529,NONE
заявил,VERB,,root,,Masc,Sing,,-0.1194818544819818,NONE
в,ADP,,case,,,,,0.026602762658741,NONE
интервью,NOUN,,obl,Loc,Neut,Sing,Inan,-0.1219933093369759,NONE
",",PUNCT,,punct,,,,,0.1433740222465331,NONE
что,SCONJ,,mark,,,,,0.1439736043184918,NONE
обе,NUM,,nummod:gov,Nom,Fem,,,-0.0311146394072293,NONE
эти,DET,,det,Nom,,Plur,,-0.1601270125402572,NONE
меры,NOUN,,nsubj,Gen,Fem,Sing,Inan,-0.0687545901731895,NONE
–,PUNCT,,punct,,,,,-0.2919029668782749,NONE
лишь,PART,,advmod,,,,,-0.1130184936612647,NONE
часть,NOUN,,ccomp,Nom,Fem,Sing,Inan,-0.0919435010363487,NONE
глобальной,ADJ,,amod,Gen,Fem,Sing,,0.0565266897687764,NONE
кампании,NOUN,,nmod,Gen,Fem,Sing,Inan,-0.0071772415310537,NONE
",",PUNCT,,punct,,,,,0.2579263243976988,NONE
направленной,VERB,,acl,Gen,Fem,Sing,,0.0394670028928272,NONE
на,ADP,,case,,,,,0.0914924082636006,NONE
искоренение,NOUN,,obl,Acc,Neut,Sing,Inan,-0.0243946269182208,NONE
злоумышленных,ADJ,,amod,Gen,,Plur,,0.0440167857505233,NONE
политических,ADJ,,amod,Gen,,Plur,,0.0026938212949205,NONE
манипуляций,NOUN,,nmod,Gen,Fem,Plur,Inan,0.0579193312664828,NONE
",",PUNCT,,punct,,,,,0.1269329729202657,NONE
за,ADP,,case,,,,,-0.0871825758466843,NONE
которые,PRON,,obl,Acc,,,,-0.1624366569236047,NONE
Twitter,PROPN,,nsubj,,,,,-0.1597254855660125,ORG
в,ADP,,case,,,,,-0.007509629400294,NONE
прошлом,NOUN,,obl,Loc,Neut,Sing,Inan,0.0122175001323355,NONE
уже,ADV,,advmod,,,,,-0.1940131681993037,NONE
подвергся,VERB,,acl:relcl,,Masc,Sing,,0.0389658923248051,NONE
критике,NOUN,,iobj,Dat,Fem,Sing,Inan,0.0059682185809739,NONE
",",PUNCT,,punct,,,,,0.0979211525378969,NONE
так,ADV,,mark,,,,,0.0149735876807745,NONE
как,SCONJ,,fixed,,,,,0.0853059179277201,NONE
платформа,NOUN,,nsubj:pass,Nom,Fem,Sing,Inan,-0.028537561193075,NONE
использовалась,VERB,,advcl,,Fem,Sing,,-0.0290883671749783,NONE
для,ADP,,case,,,,,-0.1013832347221589,NONE
вмешательства,NOUN,,obl,Gen,Neut,Sing,Inan,0.057779748389302,NONE
в,ADP,,case,,,,,-0.0159794889056609,NONE
выборы,NOUN,,nmod,Acc,Masc,Plur,Inan,-0.0537464125182547,NONE
по,ADP,,case,,,,,-0.0449893805670993,NONE
всему,DET,,det,Dat,Masc,Sing,,0.0871661089589346,NONE
миру,NOUN,,nmod,Dat,Masc,Sing,Inan,0.0145732367027385,NONE
и,CCONJ,,cc,,,,,-0.0699649326923757,NONE
для,ADP,,case,,,,,-0.0989631838358331,NONE
пропаганды,NOUN,,conj,Gen,Fem,Sing,Inan,0.0180858689850189,NONE
",",PUNCT,,punct,,,,,0.0887465729470995,NONE
продвигаемой,VERB,,acl,Gen,Fem,Sing,,0.0230836946002721,NONE
государственными,ADJ,,amod,Ins,,Plur,,0.0239197905213185,NONE
медиакомпаниями,NOUN,,obl,Ins,Fem,Plur,Inan,0.0792661041275746,NONE
под,ADP,,case,,,,,-0.0169928281501368,NONE
видом,NOUN,,obl,Ins,Masc,Sing,Inan,-0.0344899745720261,NONE
рекламы,NOUN,,nmod,Gen,Fem,Sing,Inan,-0.0776587315810165,NONE
.,PUNCT,,punct,,,,,0.3142218916216802,NONE
Такие,DET,,det,Nom,,Plur,,-0.669821055984959,NONE
дети,NOUN,,root,Nom,Masc,Plur,Anim,0.0074072309162636,NONE
",",PUNCT,,punct,,,,,0.0483493321634647,NONE
как,SCONJ,,case,,,,,0.0096458452597422,NONE
Артур,PROPN,,obl,Nom,Masc,Sing,Anim,-0.0404023351134353,PER
Лабинджо-Хьюз,PROPN,,flat:name,Nom,Masc,Sing,Anim,0.1241117041342026,PER
",",PUNCT,,punct,,,,,0.0451293981725688,NONE
который,PRON,,nsubj,Nom,Masc,Sing,,0.080466501313967,NONE
стал,VERB,,acl:relcl,,Masc,Sing,,-9.832084718882964,NONE
«невидимым»,ADJ,,xcomp,Ins,Masc,Sing,,0.0550954940512677,NONE
без,ADP,,case,,,,,0.119827497971053,NONE
школьного,ADJ,,amod,Gen,Masc,Sing,,-0.0232404758887617,NONE
персонала,NOUN,,obl,Gen,Masc,Sing,Inan,-0.0340088903064851,NONE
",",PUNCT,,punct,,,,,0.1462920623869491,NONE
который,PRON,,nsubj,Nom,Masc,Sing,,0.2844318449775979,NONE
мог,VERB,,acl:relcl,,Masc,Sing,,0.099107378252947,NONE
бы,AUX,,aux,,,,,-0.0147915815548909,NONE
удивиться,VERB,,xcomp,,,,,0.073522940863617,NONE
",",PUNCT,,punct,,,,,0.0395452219208738,NONE
почему,ADV,,advmod,,,,,-0.3455182701458106,NONE
он,PRON,,nsubj,Nom,Masc,Sing,,0.0270527876614237,NONE
такой,DET,,det,Nom,Masc,Sing,,-0.1213828119628225,NONE
худой,ADJ,,ccomp,Nom,Masc,Sing,,0.083415493016727,NONE
и,CCONJ,,cc,,,,,0.0510067873283465,NONE
болезненный,ADJ,,conj,Nom,Masc,Sing,,0.0079145142142144,NONE
",",PUNCT,,punct,,,,,-0.0565797650853742,NONE
без,ADP,,case,,,,,0.0720504638678837,NONE
соседей,NOUN,,conj,Gen,Masc,Plur,Anim,0.018080649904336,NONE
",",PUNCT,,punct,,,,,0.0357400412926422,NONE
без,ADP,,case,,,,,0.1838979697754686,NONE
прохожих,NOUN,,conj,Gen,Masc,Plur,Anim,0.1976999588089642,NONE
",",PUNCT,,punct,,,,,0.0379845850296233,NONE
без,ADP,,case,,,,,0.1296677208344643,NONE
ничего,PRON,,conj,Gen,Neut,Sing,Inan,-0.0130759265109488,NONE
.,PUNCT,,punct,,,,,-0.0411235270829518,NONE
Я,PRON,,nsubj,Nom,,Sing,,-0.6642010500552218,NONE
делал,VERB,,root,,Masc,Sing,,0.0360271072561023,NONE
это,PRON,,obj,Acc,Neut,Sing,Inan,0.0654497159150523,NONE
несколько,NUM,,nummod,Acc,,,Inan,-0.1813724164589802,NONE
раз,NOUN,,obl,Gen,Masc,Plur,Inan,-0.0635386896269431,NONE
",",PUNCT,,punct,,,,,0.2370722457868468,NONE
но,CCONJ,,cc,,,,,0.0083221345914752,NONE
это,PRON,,nsubj,Nom,Neut,Sing,Inan,0.0932732240794288,NONE
не,PART,,advmod,,,,,-0.0723319059186114,NONE
сработало,VERB,,conj,,Neut,Sing,,0.388064283687614,NONE
.,PUNCT,,punct,,,,,0.1019397951783924,NONE
В,ADP,,case,,,,,0.2114382757416377,NONE
последующие,ADJ,,amod,Acc,,Plur,Inan,-0.1169745107823733,NONE
миссии,NOUN,,obl,Acc,Fem,Plur,Inan,0.1475364172892764,NONE
эти,DET,,det,Acc,,Plur,,-0.1645818455611958,NONE
камни,NOUN,,obj,Acc,Masc,Plur,Inan,-0.0849570516617828,NONE
заберут,VERB,,root,,,Plur,,0.0293438882048173,NONE
другие,ADJ,,amod,Nom,,Plur,,-0.0765773406033354,NONE
роботы,NOUN,,nsubj,Nom,Masc,Plur,Anim,0.1126194494534677,NONE
и,CCONJ,,cc,,,,,0.0529278206484527,NONE
отправят,VERB,,conj,,,Plur,,0.0381012147345049,NONE
на,ADP,,case,,,,,-0.0242849397947583,NONE
Землю,PROPN,,obl,Acc,Fem,Sing,Inan,0.0258615675648213,LOC
для,ADP,,case,,,,,0.7216709189862697,NONE
анализа,NOUN,,obl,Gen,Masc,Sing,Inan,-0.0205281378263597,NONE
.,PUNCT,,punct,,,,,-0.0546502686561275,NONE
Я,PRON,,nsubj,Nom,,Sing,,0.1252877255154148,NONE
испытываю,VERB,,root,,,Sing,,0.5305960613094995,NONE
недовольство,NOUN,,obj,Acc,Neut,Sing,Inan,0.1201176876074904,NONE
этим,DET,,det,Ins,Neut,Sing,,0.0773262133724362,NONE
решением,NOUN,,nmod,Ins,Neut,Sing,Inan,-0.0554370502056923,NONE
",",PUNCT,,punct,,,,,0.1740789686076204,NONE
что,PRON,,obj,Acc,,,,0.0087685004299693,NONE
мне,PRON,,iobj,Dat,,Sing,,-0.4192894960653249,NONE
следует,VERB,,parataxis,,,Sing,,-0.3202104861300854,NONE
сделать,VERB,,csubj,,,,,-0.1133644621280355,NONE
",",PUNCT,,punct,,,,,0.2046661206792535,NONE
если,SCONJ,,mark,,,,,0.1188386013105074,NONE
проблема,NOUN,,nsubj,Nom,Fem,Sing,Inan,0.1442943266595718,NONE
появится,VERB,,advcl,,,Sing,,0.0831792746495825,NONE
снова,ADV,,advmod,,,,,0.1468012654622599,NONE
со,ADP,,case,,,,,-0.2017485253385026,NONE
следующей,ADJ,,amod,Ins,Fem,Sing,,0.0909015119083543,NONE
книгой,NOUN,,obl,Ins,Fem,Sing,Inan,0.1268449725562435,NONE
?,PUNCT,,punct,,,,,0.2714084129196716,NONE
Это,PRON,,nsubj,Nom,Neut,Sing,Inan,-0.1324898740979162,NONE
может,VERB,,root,,,Sing,,-0.0840644152746797,NONE
быть,AUX,,cop,,,,,-0.0747872159171907,NONE
результатом,NOUN,,obl,Ins,Masc,Sing,Inan,-0.0438767280277896,NONE
их,DET,,det,,,,,-0.0910120767230299,NONE
комплексов,NOUN,,nmod,Gen,Masc,Plur,Inan,-0.3000705041377995,NONE
или,CCONJ,,cc,,,,,-0.06958622241591,NONE
моих,DET,,det,Gen,,Plur,,-0.1592697195711185,NONE
",",PUNCT,,punct,,,,,0.1308721073579199,NONE
потому,ADV,,mark,,,,,-0.2803101259738841,NONE
что,SCONJ,,fixed,,,,,-0.0709321410904699,NONE
я,PRON,,nsubj,Nom,,Sing,,-0.0854399578775756,NONE
думаю,VERB,,advcl,,,Sing,,-0.1886890819499284,NONE
",",PUNCT,,punct,,,,,-0.1109157094398918,NONE
что,SCONJ,,mark,,,,,0.0231786447311649,NONE
они,PRON,,nsubj,Nom,,Plur,,-0.0972430520187058,NONE
привыкли,VERB,,ccomp,,,Plur,,-0.0739304667639129,NONE
иметь,VERB,,xcomp,,,,,0.1072867419419456,NONE
возможность,NOUN,,obj,Acc,Fem,Sing,Inan,-0.1098835868457386,NONE
гадить,VERB,,obl,,,,,0.0845756631535225,NONE
на,ADP,,case,,,,,-0.1008874253632896,NONE
меня,PRON,,obl,Acc,,Sing,,-0.0992494817009512,NONE
",",PUNCT,,punct,,,,,0.1176542395374954,NONE
а,CCONJ,,cc,,,,,-0.330935777230747,NONE
я,PRON,,nsubj,Nom,,Sing,,0.0107803691378168,NONE
",",PUNCT,,punct,,,,,-0.0507591544769485,NONE
в,ADP,,case,,,,,0.1337406309971142,NONE
свою,DET,,det,Acc,Fem,Sing,,-0.3246666472677105,NONE
очередь,NOUN,,parataxis,Acc,Fem,Sing,Inan,-0.1789404151337006,NONE
",",PUNCT,,punct,,,,,0.1005842390707251,NONE
теперь,ADV,,advmod,,,,,-0.1594999342785081,NONE
еще,ADV,,advmod,,,,,-0.0354081575902744,NONE
менее,ADV,,obl,,,,,-0.0514434072321351,NONE
готов,ADJ,,conj,,Masc,Sing,,-0.0427251308403043,NONE
брать,VERB,,xcomp,,,,,0.0819755961514681,NONE
их,PRON,,obj,Acc,,Plur,,-0.0184181038214958,NONE
дерьмо,NOUN,,obl,Acc,Neut,Sing,Inan,0.0400298097233634,NONE
.,PUNCT,,punct,,,,,-0.0073810738132052,NONE
«Были,VERB,,root,,,Plur,,-0.0008911733480145,NONE
сообщения,NOUN,,nsubj,Nom,Neut,Plur,Inan,0.0208637397592032,NONE
о,ADP,,case,,,,,-0.0955364756962344,NONE
том,PRON,,nmod,Loc,Neut,Sing,Inan,-0.1481940818579424,NONE
",",PUNCT,,punct,,,,,0.0576887620395149,NONE
что,SCONJ,,mark,,,,,0.0755914302398279,NONE
20,NUM,,nummod,,,,,0.1498048569430003,NONE
000,NUM,,nummod,,,,,0.0589517880813944,NONE
пациентов,NOUN,,nsubj,Gen,Masc,Plur,Anim,0.0151946647305272,NONE
получали,VERB,,acl,,,Plur,,-0.009052728998634,NONE
выздоравливающая,VERB,,amod,Nom,Fem,Sing,,0.0392890945116737,NONE
плазма,NOUN,,obj,Acc,Fem,Sing,Inan,0.0487161220976209,NONE
в,ADP,,case,,,,,-0.032224602962948,NONE
когорте,NOUN,,nmod,Loc,Fem,Sing,Inan,0.0846577494296494,NONE
",",PUNCT,,punct,,,,,0.0848187764287028,NONE
но,CCONJ,,cc,,,,,-0.0815904500735283,NONE
ни,PART,,advmod,,,,,0.0273438596347309,NONE
один,NUM,,nsubj:pass,Nom,Masc,,,0.0776056074441521,NONE
из,ADP,,case,,,,,0.0052859975726335,NONE
этих,DET,,det,Gen,,Plur,,0.1652974042974502,NONE
пациентов,NOUN,,nmod,Gen,Masc,Plur,Anim,0.0558122150441503,NONE
не,PART,,advmod,,,,,-0.1662840382758414,NONE
был,AUX,,aux:pass,,Masc,Sing,,0.0324324752036396,NONE
рандомизирован,VERB,,conj,,Masc,Sing,,0.0475826207576437,NONE
.,PUNCT,,punct,,,,,-0.0177297052223195,NONE
Если,SCONJ,,mark,,,,,0.0027779245606027,NONE
бы,AUX,,aux,,,,,0.1538332363024987,NONE
они,PRON,,nsubj,Nom,,Plur,,-0.01617067154567,NONE
поместили,VERB,,advcl,,,Plur,,0.0617487764737663,NONE
этих,DET,,det,Acc,,Plur,,-0.0632905631798509,NONE
пациентов,NOUN,,obj,Acc,Masc,Plur,Anim,0.1772475360055024,NONE
в,ADP,,case,,,,,-0.0213285088202768,NONE
рандомизированные,VERB,,amod,Acc,,Plur,Inan,0.0426547511956318,NONE
испытания,NOUN,,obl,Acc,Neut,Plur,Inan,0.0755642442993877,NONE
",",PUNCT,,punct,,,,,0.0814153645855211,NONE
у,ADP,,case,,,,,-0.0446804321399777,NONE
нас,PRON,,obl,Gen,,Plur,,-0.119114972594333,NONE
теперь,ADV,,advmod,,,,,-0.0849859998888569,NONE
был,VERB,,root,,Masc,Sing,,0.1617155619854701,NONE
бы,AUX,,aux,,,,,0.0631396907759925,NONE
четкий,ADJ,,amod,Nom,Masc,Sing,,0.0278074602660397,NONE
ответ,NOUN,,nsubj,Nom,Masc,Sing,Inan,0.0690563203782052,NONE
об,ADP,,case,,,,,-0.0049495900775852,NONE
эффективности,NOUN,,nmod,Loc,Fem,Sing,Inan,0.0212726703747571,NONE
выздоравливающей,VERB,,amod,Gen,Fem,Sing,,0.1095831331702545,NONE
плазмы»,NOUN,,nmod,Gen,Fem,Sing,Inan,0.0763898167548766,NONE
.,PUNCT,,punct,,,,,0.2249226908878297,NONE
На,ADP,,case,,,,,0.1968532596000747,NONE
мероприятии,NOUN,,obl,Loc,Neut,Sing,Inan,0.1261146709116387,NONE
также,ADV,,advmod,,,,,-0.0470296662951488,NONE
присутствовали,VERB,,root,,,Plur,,0.0244339705614781,NONE
министр,NOUN,,nsubj,Nom,Masc,Sing,Anim,0.0088971153525854,NONE
науки,NOUN,,nmod,Gen,Fem,Sing,Inan,-0.0272564878110863,NONE
и,CCONJ,,cc,,,,,-0.0759544885998678,NONE
технологий,NOUN,,conj,Gen,Fem,Plur,Inan,-0.0655679241754212,NONE
Харш,PROPN,,appos,Nom,Masc,Sing,Anim,-0.0051836858365572,PER
Вардхан,PROPN,,flat:name,Nom,Masc,Sing,Anim,0.0051279098508578,PER
",",PUNCT,,punct,,,,,0.1958675571715887,NONE
главный,ADJ,,amod,Nom,Masc,Sing,,-0.0068973618299207,NONE
советник,NOUN,,conj,Nom,Masc,Sing,Anim,-0.0407094994769329,NONE
по,ADP,,case,,,,,-0.0307578294696339,NONE
вопросам,NOUN,,nmod,Dat,Masc,Plur,Inan,-0.2873114960225469,NONE
науки,NOUN,,nmod,Gen,Fem,Sing,Inan,-0.0086870255942999,NONE
К,PROPN,,appos,Nom,Masc,Sing,Anim,-0.1319960104120706,PER
.,PUNCT,Z:-------------,punct,,,,,0.4311594945932592,PER
ВиджайРагхаван,PROPN,,flat:name,Nom,Masc,Sing,Anim,0.1056765740508094,PER
и,CCONJ,,cc,,,,,-0.1171415336065928,NONE
генеральный,ADJ,,amod,Nom,Masc,Sing,,0.0945137869243556,NONE
директор,NOUN,,conj,Nom,Masc,Sing,Anim,-0.0626534296008375,NONE
Совета,PROPN,,nmod,Gen,Masc,Sing,Inan,0.0988959970465315,ORG
Научных,ADJ,,amod,Gen,,Plur,,0.1107282705390501,ORG
и,CCONJ,,cc,,,,,-0.0204363133288026,ORG
Промышленных,ADJ,,conj,Gen,,Plur,,0.0087849933946621,ORG
Исследований,PROPN,,nmod,Gen,Neut,Plur,Inan,0.0872747692662335,ORG
Шекхар,PROPN,,appos,Nom,Masc,Sing,Anim,-0.0375206146544667,ORG
Манде,PROPN,,flat:name,Nom,Masc,Sing,Anim,-0.0233997883568668,ORG
.,PUNCT,,punct,,,,,-0.2360717953970766,NONE
Midway,PROPN,,nsubj,,,,,0.129739555286155,ORG
Broadcasting,PROPN,,flat:foreign,,,,,0.0480961461710222,ORG
Corporation,PROPN,,flat:foreign,,,,,0.0249578283377753,ORG
-,PUNCT,,punct,,,,,0.0731246143938693,NONE
лучший,ADJ,,amod,Nom,Masc,Sing,,-0.0179322269333955,NONE
в,ADP,,case,,,,,-0.1845442375766223,NONE
своем,DET,,det,Loc,Masc,Sing,,-0.0921878029549828,NONE
классе,NOUN,,nmod,Loc,Masc,Sing,Inan,-0.0665269537126786,NONE
медиа-бутик,NOUN,,compound,Nom,Neut,Sing,Inan,0.0684611705676008,NONE
для,ADP,,case,,,,,0.0211635868610634,NONE
женщин,NOUN,,nmod,Gen,Fem,Plur,Anim,0.0524915636757573,NONE
и,CCONJ,,cc,,,,,0.2190516789004482,NONE
семей,NOUN,,conj,Gen,Fem,Plur,Inan,-0.057606207813381,NONE
",",PUNCT,,punct,,,,,0.1356184270888586,NONE
в,ADP,,case,,,,,-0.0179382216551581,NONE
который,PRON,,obl,Acc,,,,-0.0920361880281164,NONE
входят,VERB,,acl:relcl,,,Plur,,-0.1871215178892912,NONE
радио,NOUN,,nsubj,Nom,Neut,Sing,Inan,0.1555804279630969,NONE
и,CCONJ,,cc,,,,,0.0583791466582976,NONE
интерактивные,ADJ,,amod,Nom,,Plur,,0.116188924481666,NONE
платформы,NOUN,,conj,Nom,Fem,Plur,Inan,0.1516489584323105,NONE
.,PUNCT,,punct,,,,,0.6641594123137636,NONE
Они,PRON,,nsubj,Nom,,Plur,,0.0417907948555253,NONE
продолжали,VERB,,root,,,Plur,,0.2527255212557623,NONE
смеяться,VERB,,xcomp,,,,,0.0186585969877118,NONE
и,CCONJ,,cc,,,,,-0.2871011781655819,NONE
называть,VERB,,conj,,,,,-0.000622673838957,NONE
меня,PRON,,obj,Acc,,Sing,,-0.2666851504915792,NONE
именами,NOUN,,obl,Ins,Neut,Plur,Inan,-0.0447252038849382,NONE
",",PUNCT,,punct,,,,,-0.1123364531119228,NONE
-,PUNCT,,punct,,,,,0.3280875178096893,NONE
сказал,VERB,,parataxis,,Masc,Sing,,0.0975330532139518,NONE
Амари,PROPN,,nsubj,Nom,Masc,Sing,Anim,0.2370908398332166,PER
в,ADP,,case,,,,,0.001661728443455,NONE
интервью,NOUN,,obl,Loc,Neut,Sing,Inan,-0.0635114335735044,NONE
каналу,NOUN,,iobj,Dat,Masc,Sing,Inan,0.0743942343352679,NONE
CBS,PROPN,,flat:foreign,,,,,0.1428631923463401,ORG
WUSA-TV,PROPN,,flat:foreign,,,,,0.2587598743240496,ORG
.,PUNCT,,punct,,,,,0.2157923344304582,NONE
Он,PRON,,nsubj,Nom,Masc,Sing,,-0.0980349740802546,NONE
запатентовал,VERB,,root,,Masc,Sing,,0.0917961983426733,NONE
и,CCONJ,,cc,,,,,-0.015814565124481,NONE
произвел,VERB,,conj,,Masc,Sing,,-0.0869978045276179,NONE
цепи,NOUN,,obj,Acc,Fem,Plur,Inan,0.056013135080163,NONE
из,ADP,,case,,,,,0.2826711520091736,NONE
кованого,ADJ,,amod,Gen,Neut,Sing,,0.1149126777829952,NONE
железа,NOUN,,nmod,Gen,Neut,Sing,Inan,0.0933862588547091,NONE
после,ADP,,case,,,,,0.267716394009407,NONE
того,PRON,,obl,Gen,Neut,Sing,Inan,-0.0753353724934765,NONE
",",PUNCT,,punct,,,,,0.3647475132465401,NONE
как,SCONJ,,mark,,,,,0.1296896041666654,NONE
пострадал,VERB,,acl,,Masc,Sing,,0.0799940656343608,NONE
от,ADP,,case,,,,,-0.0394921585233389,NONE
потери,NOUN,,obl,Gen,Fem,Sing,Inan,0.0505954411389655,NONE
кораблей,NOUN,,nmod,Gen,Masc,Plur,Inan,0.0041342393534859,NONE
Королевского,ADJ,,amod,Gen,Masc,Sing,,0.1788479956028945,ORG
флота,NOUN,,nmod,Gen,Masc,Sing,Inan,0.0106024872899092,ORG
",",PUNCT,,punct,,,,,0.2337332512137444,NONE
которые,PRON,,nsubj,Nom,,Plur,,-0.1499932816960366,NONE
вырвались,VERB,,acl:relcl,,,Plur,,-0.1131898334047438,NONE
из,ADP,,case,,,,,0.1107235083232547,NONE
веревок,NOUN,,obl,Gen,Fem,Plur,Inan,0.1258605393620935,NONE
.,PUNCT,,punct,,,,,0.1451517022687613,NONE
Ардрон,PROPN,,nsubj,Nom,Masc,Sing,Anim,0.2681315773387225,NONE
",",PUNCT,,punct,,,,,0.0183878855508696,NONE
один,NUM,,appos,Nom,Masc,,,-0.0001015259412377,NONE
из,ADP,,case,,,,,-0.1437209996433147,NONE
немногих,ADJ,,amod,Gen,,Plur,,-0.1163612723298646,NONE
канадцев,NOUN,,nmod,Gen,Masc,Plur,Anim,-0.0406859539673165,NONE
",",PUNCT,,punct,,,,,0.0244901462057963,NONE
играющих,VERB,,acl,Gen,,Plur,,0.0224529170148098,NONE
в,ADP,,case,,,,,-0.1285349070725634,NONE
клубном,ADJ,,amod,Loc,Masc,Sing,,0.0230681588033756,NONE
турнире,NOUN,,obl,Loc,Masc,Sing,Inan,-0.0491336520903162,NONE
высшего,ADJ,,amod,Gen,Masc,Sing,,-0.0243924675772597,NONE
уровня,NOUN,,nmod,Gen,Masc,Sing,Inan,-0.0127922598657978,NONE
-,PUNCT,,punct,,,,,-0.0127922598657978,NONE
за,ADP,,case,,,,,-0.0943836349159474,NONE
новозеландский,ADJ,,amod,Acc,Masc,Sing,Inan,0.0722429788299823,NONE
клуб,NOUN,,obj,Acc,Masc,Sing,Inan,0.1442424475973578,NONE
Waikato,PROPN,,flat:foreign,,,,,-0.0295093628953562,ORG
Chiefs,PROPN,,flat:foreign,,,,,-0.060129887275395,ORG
в,ADP,,case,,,,,-0.1677379496807381,NONE
международном,ADJ,,amod,Loc,Masc,Sing,,-0.030295505853349,NONE
турнире,NOUN,,obl,Loc,Masc,Sing,Inan,0.0987068155905792,NONE
по,ADP,,case,,,,,-0.0861543750593701,NONE
Супер,PROPN,,compound,Nom,Masc,Sing,Inan,0.160939353360785,NONE
-,PUNCT,,punct,,,,,-0.0337350522266962,NONE
Регби,PROPN,,nmod,Dat,Masc,Sing,Inan,-0.121203209320626,NONE
",",PUNCT,,punct,,,,,0.1387450640420778,NONE
-,PUNCT,,punct,,,,,0.1325234788075466,NONE
признал,VERB,,root,,Masc,Sing,,0.0083176717021761,NONE
",",PUNCT,,punct,,,,,0.0367135668428918,NONE
что,SCONJ,,mark,,,,,-0.0021247435880353,NONE
его,DET,,det,,,,,-0.1725509507112127,NONE
команда,NOUN,,nsubj,Nom,Fem,Sing,Inan,-0.1519506856019905,NONE
вряд,ADV,,advmod,,,,,-0.0943555366498647,NONE
ли,PART,,fixed,,,,,-0.0596504950627485,NONE
расстроит,VERB,,ccomp,,,Sing,,0.0327497511993178,NONE
какую-либо,DET,,det,Acc,Fem,Sing,,-0.0103509628483808,NONE
из,ADP,,case,,,,,-0.0637689273256968,NONE
стран,NOUN,,nmod,Gen,Fem,Plur,Inan,-0.0982145128649083,NONE
Южного,PROPN,,amod,,,,,0.0160651643033001,LOC
полушария,NOUN,,nmod,Gen,Neut,Sing,Inan,0.0455289753828175,LOC
.,PUNCT,,punct,,,,,0.4611287513830581,NONE
Джесс,PROPN,,nsubj,Nom,Fem,Sing,Anim,0.336937941282748,PER
Филлипс,PROPN,,appos,Nom,Fem,Sing,Anim,-0.0095638982175743,PER
говорит,VERB,,root,,,Sing,,0.056670024106199,NONE
",",PUNCT,,punct,,,,,0.337786857813,NONE
что,SCONJ,,mark,,,,,-0.3504412383161415,NONE
получила,VERB,,ccomp,,Fem,Sing,,0.0385304046027765,NONE
электронное,ADJ,,amod,Acc,Neut,Sing,,0.0301436348384496,NONE
письмо,NOUN,,obj,Acc,Neut,Sing,Inan,0.2793995694358169,NONE
с,ADP,,case,,,,,-0.1329388366099781,NONE
угрозой,NOUN,,nmod,Ins,Fem,Sing,Inan,0.0538116149459106,NONE
"""",PUNCT,,punct,,,,,0.3603830881596154,NONE
"""",PUNCT,,punct,,,,,0.2846282807810945,NONE
ты,PRON,,nsubj,Nom,,Sing,,0.2353927552131142,NONE
и,CCONJ,,cc,,,,,-0.0847243542808318,NONE
твои,DET,,det,Nom,,Plur,,0.0833965747938001,NONE
друзья,NOUN,,conj,Nom,Masc,Plur,Anim,0.1188904524294204,NONE
"""",PUNCT,,punct,,,,,0.1841486977951055,NONE
"""",PUNCT,,punct,,,,,-0.0044950445467354,NONE
"""",PUNCT,,punct,,,,,-0.0529692495505884,NONE
Покойный,ADJ,,amod,Nom,Masc,Sing,,0.0571000107699442,NONE
президент,NOUN,,nsubj,Nom,Masc,Sing,Anim,-0.233966907149501,NONE
известен,ADJ,,root,,Masc,Sing,,-0.0962526317217437,NONE
всем,PRON,,iobj,Ins,Neut,Sing,Inan,-0.0080302946107694,NONE
своей,DET,,det,Ins,Fem,Sing,,0.1707051929460756,NONE
признанной,ADJ,,amod,Ins,Fem,Sing,,0.0226147084267235,NONE
воинственностью,NOUN,,obl,Ins,Fem,Sing,Inan,-0.0002981471070899,NONE
и,CCONJ,,cc,,,,,0.1011564403332568,NONE
своей,DET,,det,Ins,Fem,Sing,,0.2394649858586938,NONE
приверженностью,NOUN,,conj,Ins,Fem,Sing,Inan,0.0849668566495918,NONE
укрепить,VERB,,obl,,,,,-0.0175260369610628,NONE
образ,NOUN,,obj,Acc,Masc,Sing,Inan,0.0194775791147026,NONE
процветающего,VERB,,acl,Gen,Masc,Sing,,0.0231364203882882,NONE
и,CCONJ,,cc,,,,,0.1508430997551946,NONE
объединенного,VERB,,conj,Gen,Masc,Sing,,0.3874021694174707,NONE
Алжира,PROPN,,nmod,Gen,Masc,Sing,Inan,0.075503793690632,LOC
",",PUNCT,,punct,,,,,0.2543380106253917,NONE
-,PUNCT,,punct,,,,,0.1215630803359271,NONE
сказал,VERB,,parataxis,,Masc,Sing,,-0.4470435312549947,NONE
президент,NOUN,,nsubj,Nom,Masc,Sing,Anim,-0.1857783723500805,NONE
Теббун,PROPN,,appos,Nom,Masc,Sing,Anim,0.0482135464432584,PER
.,PUNCT,,punct,,,,,0.1688032564161731,NONE
Когда,SCONJ,,mark,,,,,-0.2657055686540046,NONE
они,PRON,,nsubj,Nom,,Plur,,-0.0006127078827175,NONE
уже,PART,,advmod,,,,,-0.4733248955072913,NONE
собираются,VERB,,advcl,,,Plur,,0.075557118437361,NONE
уйти,VERB,,xcomp,,,,,0.098519327026507,NONE
",",PUNCT,,punct,,,,,0.0093815362745758,NONE
она,PRON,,nsubj,Nom,Fem,Sing,,-0.0230724223134217,NONE
поворачивается,VERB,,root,,,Sing,,0.092091441900988,NONE
ко,ADP,,case,,,,,-0.0382924390060783,NONE
мне,PRON,,obl,Dat,,Sing,,-0.0304646771526041,NONE
и,CCONJ,,cc,,,,,-0.0751589409282066,NONE
говорит,VERB,,conj,,,Sing,,-0.0080004517326987,NONE
:,PUNCT,,punct,,,,,-0.0322816368857237,NONE
«Тебе,PRON,,iobj,Dat,,Sing,,0.0438571706316831,NONE
лучше,ADJ,,parataxis,,,,,0.2115494083025518,NONE
знать,VERB,,csubj,,,,,0.1264034101253938,NONE
",",PUNCT,,punct,,,,,0.0704566506879507,NONE
чем,SCONJ,,mark,,,,,0.0905316280646673,NONE
рассказывать,VERB,,advcl,,,,,0.2119668740001568,NONE
кому-то,PRON,,iobj,Dat,,,,0.0686079229985549,NONE
",",PUNCT,,punct,,,,,0.195395387368823,NONE
где,ADV,,advmod,,,,,0.1095044299431503,NONE
что-то,PRON,,nsubj,Nom,,,,0.1901656651616798,NONE
находится,VERB,,acl:relcl,,,Sing,,-0.0430173331248409,NONE
",",PUNCT,,punct,,,,,0.1565340249933684,NONE
если,SCONJ,,mark,,,,,0.0003893813583819,NONE
ты,PRON,,nsubj,Nom,,Sing,,0.0388971104038344,NONE
на,ADP,,case,,,,,0.039705494806577,NONE
самом,DET,,det,Loc,Neut,Sing,,0.0291115009949317,NONE
деле,NOUN,,obl,Loc,Neut,Sing,Inan,0.0098543844124779,NONE
этого,PRON,,obl,Gen,Neut,Sing,Inan,0.0376387869040725,NONE
не,PART,,advmod,,,,,-0.0413940087026432,NONE
знаешь»,VERB,,advcl,,,Sing,,0.0681553220346253,NONE
.,PUNCT,,punct,,,,,0.4496197325894341,NONE
«Все,DET,,det,Nom,,Plur,,0.1437162243700654,NONE
эти,DET,,det,Nom,,Plur,,0.0224083764997569,NONE
устройства,NOUN,,nsubj,Nom,Neut,Plur,Inan,0.0084397878939218,NONE
должны,ADJ,,root,,,Plur,,-0.0270343973053221,NONE
быть,AUX,,cop,,,,,-0.0179072113797981,NONE
под,ADP,,case,,,,,0.0220246433074847,NONE
рукой,NOUN,,obl,Ins,Fem,Sing,Inan,-0.002062484660889,NONE
",",PUNCT,,punct,,,,,0.035786602898416,NONE
чтобы,SCONJ,,mark,,,,,-0.0236866559426868,NONE
полицейские,NOUN,,nsubj,Nom,Masc,Plur,Anim,0.0333091000393096,NONE
применяли,VERB,,advcl,,,Plur,,0.0104805589539774,NONE
не,PART,,advmod,,,,,0.0272656012095222,NONE
только,PART,,advmod,,,,,-0.0018057841283395,NONE
смертоносную,ADJ,,amod,Acc,Fem,Sing,,0.0393929958961828,NONE
физическую,ADJ,,amod,Acc,Fem,Sing,,0.0146408795233925,NONE
силу,NOUN,,obj,Acc,Fem,Sing,Inan,0.0043242496799943,NONE
",",PUNCT,,punct,,,,,0.0781758175194106,NONE
используемую,VERB,,acl,Acc,Fem,Sing,,0.0109957505353894,NONE
огнестрельным,ADJ,,amod,Ins,Neut,Sing,,0.0167237789162956,NONE
оружием,NOUN,,obl,Ins,Neut,Sing,Inan,0.0125538410510357,NONE
",",PUNCT,,punct,,,,,0.0252316070985418,NONE
потому,ADV,,mark,,,,,-0.0320637139486356,NONE
что,SCONJ,,fixed,,,,,-0.0044275516363588,NONE
это,PRON,,nsubj,Nom,Neut,Sing,Inan,-0.0064193497628359,NONE
единственная,ADJ,,amod,Nom,Fem,Sing,,0.006959778947399,NONE
профессия,NOUN,,advcl,Nom,Fem,Sing,Inan,0.0042390510101732,NONE
в,ADP,,case,,,,,0.0039933094288935,NONE
Америке,PROPN,,nmod,Loc,Fem,Sing,Inan,-0.0062825289601232,LOC
",",PUNCT,,punct,,,,,0.0027596816932067,NONE
где,ADV,,advmod,,,,,0.0061928263675176,NONE
граждане,NOUN,,nsubj,Nom,Masc,Plur,Anim,0.0467615998612314,NONE
дают,VERB,,acl:relcl,,,Plur,,-0.0015414024544784,NONE
тебе,PRON,,iobj,Dat,,Sing,,-0.0479306383133924,NONE
право,NOUN,,obj,Acc,Neut,Sing,Inan,-0.013120166054108,NONE
забрать,VERB,,obl,,,,,-0.0125521304256298,NONE
твою,DET,,det,Acc,Fem,Sing,,0.0077224577192923,NONE
жизнь»,NOUN,,obj,Acc,Fem,Sing,Inan,0.0139289617403732,NONE
",",PUNCT,,punct,,,,,0.0537236206396713,NONE
-,PUNCT,,punct,,,,,0.10260280258273,NONE
сказал,VERB,,parataxis,,Masc,Sing,,-0.0939885714115591,NONE
Кори,PROPN,,nsubj,Nom,Masc,Sing,Anim,0.0079186456435088,PER
Пегес,PROPN,,flat:name,Nom,Masc,Sing,Anim,0.0254014621793633,PER
",",PUNCT,,punct,,,,,0.0090148518723423,NONE
бывший,ADJ,,amod,Nom,Masc,Sing,,0.0207849422448349,NONE
помощник,NOUN,,appos,Nom,Masc,Sing,Anim,-0.0032197504817059,NONE
инспектора,NOUN,,nmod,Gen,Masc,Sing,Anim,0.025604616952858,NONE
Департамента,PROPN,,nmod,Gen,Masc,Sing,Inan,0.0127535126497704,ORG
полиции,NOUN,,nmod,Gen,Fem,Sing,Inan,-0.0049173661959762,ORG
Нью-Йорка,PROPN,,nmod,Gen,Masc,Sing,Inan,0.0361500960950194,LOC
.,PUNCT,,punct,,,,,0.1088985134890288,NONE
Ты,PRON,,nsubj,Nom,,Sing,,0.0563798082421449,NONE
там,ADV,,root,,,,,-0.0363329220190599,NONE
?,PUNCT,,punct,,,,,0.9977480824337052,NONE
Если,SCONJ,,mark,,,,,0.0659824358776353,NONE
это,PRON,,nsubj,Nom,Neut,Sing,Inan,0.5072627576203115,NONE
выглядит,VERB,,advcl,,,Sing,,0.0021865415512327,NONE
слишком,ADV,,advmod,,,,,-0.2690263171519043,NONE
хорошо,ADV,,advmod,,,,,0.0823092087003778,NONE
",",PUNCT,,punct,,,,,-0.0053586115195751,NONE
чтобы,SCONJ,,mark,,,,,-0.147362242821279,NONE
быть,AUX,,cop,,,,,-0.1960957157239744,NONE
правдой,NOUN,,advcl,Ins,Fem,Sing,Inan,0.0470853204888158,NONE
",",PUNCT,,punct,,,,,0.0939199585098648,NONE
вероятно,ADV,,parataxis,,,,,0.082891388666439,NONE
",",PUNCT,,punct,,,,,0.3090640438587955,NONE
так,ADV,,root,,,,,0.162028943064685,NONE
оно,PRON,,nsubj,Nom,Neut,Sing,,0.4718948802746914,NONE
и,PART,,advmod,,,,,-0.0525853390657071,NONE
есть,AUX,,cop,,,Sing,,-0.170862024146205,NONE
.,PUNCT,,punct,,,,,0.3915665908441527,NONE
Вчера,ADV,,advmod,,,,,0.0005521083840295,NONE
вечером,NOUN,,obl,Ins,Masc,Sing,Inan,-0.2361615524850062,NONE
бывшие,ADJ,,amod,Nom,,Plur,,0.0211049856619983,NONE
члены,NOUN,,nsubj,Nom,Masc,Plur,Anim,-0.0412752102837518,NONE
партии,NOUN,,nmod,Gen,Fem,Sing,Inan,-0.0998539304772743,NONE
заявили,VERB,,root,,,Plur,,-0.0509282666952435,NONE
",",PUNCT,,punct,,,,,0.2685713022667581,NONE
что,SCONJ,,mark,,,,,0.235774169263422,NONE
откажутся,VERB,,ccomp,,,Plur,,0.2206262412029065,NONE
от,ADP,,case,,,,,0.1288511282262619,NONE
обвинения,NOUN,,obl,Gen,Neut,Sing,Inan,0.138313391821005,NONE
",",PUNCT,,punct,,,,,0.3674636904658158,NONE
если,SCONJ,,mark,,,,,0.2054164612669468,NONE
господина,NOUN,,obj,Acc,Masc,Sing,Anim,0.1475169522973818,NONE
Корбина,PROPN,,appos,Acc,Masc,Sing,Anim,0.0959182921243527,PER
выгонят,VERB,,advcl,,,Plur,,0.1484010958810923,NONE
из,ADP,,case,,,,,-0.0397536263487073,NONE
партии,NOUN,,obl,Gen,Fem,Sing,Inan,0.1157999259167904,NONE
.,PUNCT,,punct,,,,,0.3631708765319388,NONE
Насколько,SCONJ,,mark,,,,,0.0736318646905526,NONE
я,PRON,,nsubj,Nom,,Sing,,-0.1165131049707401,NONE
вижу,VERB,,parataxis,,,Sing,,0.0324510314434515,NONE
",",PUNCT,,punct,,,,,0.2207639941604508,NONE
водитель,NOUN,,nsubj,Nom,Masc,Sing,Anim,0.1557072645131914,NONE
приехал,VERB,,root,,Masc,Sing,,0.0440687580673187,NONE
к,ADP,,case,,,,,0.0751537189967729,NONE
вашему,DET,,det,Dat,Neut,Sing,,0.1074110884602512,NONE
местонахождению,NOUN,,obl,Dat,Neut,Sing,Inan,0.0880106522901936,NONE
в,ADP,,case,,,,,0.2646926623809963,NONE
12:39,NUM,,obl,,,,,0.2354152155250287,NONE
.,PUNCT,,punct,,,,,0.0735971717925696,NONE
Он,PRON,,nsubj,Nom,Masc,Sing,,0.2067418593005518,NONE
пытается,VERB,,root,,,Sing,,0.1726250257742124,NONE
доставить,VERB,,xcomp,,,,,0.0657023978278292,NONE
этот,DET,,det,Acc,Masc,Sing,,0.2798372084111389,NONE
заказ,NOUN,,obj,Acc,Masc,Sing,Inan,0.2355543284902491,NONE
до,ADP,,case,,,,,0.1115211194108202,NONE
12:52,NUM,,obl,,,,,0.2101661433268727,NONE
.,PUNCT,,punct,,,,,0.4266336016945666,NONE
Благодаря,ADP,,case,,,,,-0.2249816659313292,NONE
своему,DET,,det,Dat,Masc,Sing,,0.3000872459284722,NONE
революционному,ADJ,,amod,Dat,Masc,Sing,,0.0277304877417849,NONE
контракту,NOUN,,obl,Dat,Masc,Sing,Inan,0.02175617991026,NONE
",",PUNCT,,punct,,,,,-0.1377210852239669,NONE
EverGrow,PROPN,,nsubj,,,,,0.0964343726553487,NONE
Coin,PROPN,,flat:foreign,,,,,0.0294571378258362,NONE
быстро,ADV,,advmod,,,,,0.0836510179255313,NONE
выросла,VERB,,root,,Fem,Sing,,0.0681084304974184,NONE
до,ADP,,case,,,,,-0.0191177815340062,NONE
рыночной,ADJ,,amod,Gen,Fem,Sing,,0.0106527747420283,NONE
стоимости,NOUN,,obl,Gen,Fem,Sing,Inan,0.0368229441402846,NONE
более,ADV,,advmod,,,,,0.0968584086580002,NONE
1,NUM,,nummod,,,,,-0.077910114434479,NONE
миллиарда,NOUN,,nummod,Gen,Masc,Sing,Inan,0.1054141232910874,NONE
долларов,NOUN,,obl,Gen,Masc,Plur,Inan,0.1061681580004361,NONE
",",PUNCT,,punct,,,,,0.0609398887601368,NONE
но,CCONJ,,cc,,,,,0.0961642273177525,NONE
затем,ADV,,advmod,,,,,-0.0426681303830134,NONE
крупная,ADJ,,amod,Nom,Fem,Sing,,0.0098215501209555,NONE
ошибка,NOUN,,nsubj,Nom,Fem,Sing,Inan,-0.0648267145829642,NONE
в,ADP,,case,,,,,0.0825024868107076,NONE
данных,NOUN,,nmod,Loc,,Plur,Inan,-0.0435418340433666,NONE
на,ADP,,case,,,,,-0.0371698883483063,NONE
CoinMarketCap,PROPN,,flat:foreign,,,,,0.0719297779000958,ORG
",",PUNCT,,punct,,,,,0.0364688874933211,NONE
всего,PART,,advmod,,,,,-0.0722606304010588,NONE
через,ADP,,case,,,,,-0.2047536290712445,NONE
несколько,NUM,,nummod,Acc,,,Inan,-0.0147115219714015,NONE
недель,NOUN,,obl,Gen,Fem,Plur,Inan,-0.0698064910208713,NONE
после,ADP,,case,,,,,0.149102037560639,NONE
запуска,NOUN,,nmod,Gen,Masc,Sing,Inan,0.1958921326747657,NONE
",",PUNCT,,punct,,,,,0.3384307453356892,NONE
вызвала,VERB,,conj,,Fem,Sing,,0.0733780338587258,NONE
массовую,ADJ,,amod,Acc,Fem,Sing,,0.0432854774054118,NONE
панику,NOUN,,obj,Acc,Fem,Sing,Inan,0.2242473041695136,NONE
среди,ADP,,case,,,,,-0.0833839957864002,NONE
инвесторов,NOUN,,nmod,Gen,Masc,Plur,Anim,0.1083861622958781,NONE
.,PUNCT,,punct,,,,,-0.487220740364618,NONE
За,ADP,,case,,,,,0.4809379336453092,NONE
короткое,ADJ,,amod,Acc,Neut,Sing,,0.1143282857344333,NONE
время,NOUN,,obl,Acc,Neut,Sing,Inan,-0.0035597598575575,NONE
после,ADP,,case,,,,,-0.0776700634162123,NONE
запуска,NOUN,,nmod,Gen,Masc,Sing,Inan,0.0155959288300323,NONE
держатели,NOUN,,nsubj,Nom,Masc,Plur,Anim,0.0226923878978888,NONE
EverGrow,PROPN,,flat:foreign,,,,,0.0470620783461779,NONE
Coin,PROPN,,flat:foreign,,,,,0.1756218965610089,NONE
получили,VERB,,root,,,Plur,,-0.1154674351984126,NONE
более,ADV,,advmod,,,,,-0.2925132006672193,NONE
30,NUM,,nummod,,,,,0.0610542943042626,NONE
миллионов,NOUN,,nummod,Gen,Masc,Plur,Inan,0.0105235947887132,NONE
долларов,NOUN,,obl,Gen,Masc,Plur,Inan,-0.0173131307010569,NONE
США,PROPN,,nmod,Gen,,Plur,Inan,0.0774840231589579,LOC
в,ADP,,case,,,,,0.1196179303030283,NONE
виде,NOUN,,fixed,Loc,Masc,Sing,Inan,0.0483369169355404,NONE
вознаграждений,NOUN,,obl,Gen,Neut,Plur,Inan,0.1293606536994773,NONE
в,ADP,,case,,,,,0.075590284949272,NONE
долларах,NOUN,,nmod,Loc,Masc,Plur,Inan,0.0749011348871143,NONE
США,PROPN,,nmod,Gen,,Plur,Inan,0.0273641556946731,LOC
",",PUNCT,,punct,,,,,0.0029687921008572,NONE
привязанных,VERB,,acl,Gen,,Plur,,0.0468154002922121,NONE
к,ADP,,case,,,,,0.0939734939093837,NONE
binance,X,,flat:foreign,,,,,0.0655771276957966,NONE
-,PUNCT,,punct,,,,,0.0875845394022668,NONE
стабильной,ADJ,,acl,Dat,Fem,Sing,,0.0854360459731898,NONE
",",PUNCT,,punct,,,,,0.0860587875025529,NONE
регулируемой,VERB,,conj,Gen,Fem,Sing,,0.0584927836369889,NONE
валюте,NOUN,,parataxis,Dat,Fem,Sing,Inan,0.1845577414262918,NONE
",",PUNCT,,punct,,,,,0.1051395029527134,NONE
привязанной,VERB,,acl,Dat,Fem,Sing,,0.0645436405330297,NONE
1,NUM,,obl,,,,,-0.0522247864531342,NONE
к,ADP,,case,,,,,0.0622084548514314,NONE
1,NUM,,nmod,,,,,-0.0350743306560481,NONE
к,ADP,,case,,,,,0.0851403069255458,NONE
доллару,NOUN,,obl,Dat,Masc,Sing,Inan,0.1660427366377659,NONE
США,PROPN,,nmod,Gen,,Plur,Inan,0.088205966486468,LOC
.,PUNCT,,punct,,,,,-0.4373005563032046,NONE
Некоторые,DET,,det,Nom,,Plur,,-0.1212322560633297,NONE
регионы,NOUN,,nsubj,Nom,Masc,Plur,Inan,0.0139395858708296,NONE
",",PUNCT,,punct,,,,,0.0518898626567161,NONE
например,ADV,,obl,,,,,-0.040685899831189,NONE
Венето,PROPN,,parataxis,Nom,Neut,Sing,Inan,0.028724337274063,LOC
",",PUNCT,,punct,,,,,0.0578289382534224,NONE
уже,PART,,advmod,,,,,0.0597525500305268,NONE
попытались,VERB,,root,,,Plur,,-0.0127852431195659,NONE
взять,VERB,,xcomp,,,,,0.0349562558940581,NONE
ситуацию,NOUN,,obj,Acc,Fem,Sing,Inan,0.0163815904197673,NONE
в,ADP,,case,,,,,0.0661489032111063,NONE
свои,DET,,det,Acc,,Plur,,-0.0076264753256205,NONE
руки,NOUN,,obl,Acc,Fem,Plur,Inan,0.0685507325079152,NONE
и,CCONJ,,cc,,,,,-0.0285767722788917,NONE
начать,VERB,,conj,,,,,0.0948044930615684,NONE
привлекать,VERB,,xcomp,,,,,0.0209640167405986,NONE
и,CCONJ,,cc,,,,,-0.0051106171240574,NONE
брать,VERB,,conj,,,,,0.1050568453882389,NONE
на,ADP,,case,,,,,0.029086740241644,NONE
работу,NOUN,,obl,Acc,Fem,Sing,Inan,-0.0291708982427713,NONE
врачей-пенсионеров,NOUN,,obj,Acc,Masc,Plur,Anim,0.0969534463073076,NONE
.,PUNCT,,punct,,,,,0.944500691477508,NONE
Сейчас,ADV,,advmod,,,,,0.1106596292368103,NONE
это,PRON,,nsubj,Nom,Neut,Sing,Inan,0.1230751688171747,NONE
не,PART,,advmod,,,,,0.2687583338199022,NONE
имеет,VERB,,root,,,Sing,,0.2941797126079907,NONE
значения,NOUN,,obl,Gen,Neut,Sing,Inan,0.0484858224427813,NONE
",",PUNCT,,punct,,,,,0.2009093986324212,NONE
потому,ADV,,mark,,,,,-0.3004731094329474,NONE
что,SCONJ,,fixed,,,,,-0.3270669610441128,NONE
у,ADP,,case,,,,,-0.0350095188327677,NONE
меня,PRON,,advcl,Gen,,Sing,,-0.288754614368711,NONE
гораздо,ADV,,obl,,,,,-0.1551840261440557,NONE
лучшее,ADJ,,amod,Nom,Neut,Sing,,0.1670663993644875,NONE
положение,NOUN,,nsubj,Nom,Neut,Sing,Inan,-0.2502411967915393,NONE
в,ADP,,case,,,,,-0.0766502166199743,NONE
команде,NOUN,,nmod,Loc,Fem,Sing,Inan,-0.0768049913857978,NONE
.,PUNCT,,punct,,,,,-0.0901776292563548,NONE
Ким,PROPN,,nsubj,Nom,Masc,Sing,Anim,-0.206785590948045,NONE
объявил,VERB,,root,,Masc,Sing,,0.040488001247711,NONE
чрезвычайное,ADJ,,amod,Acc,Neut,Sing,,-0.0837930163311871,NONE
положение,NOUN,,obj,Acc,Neut,Sing,Inan,-0.0210281388590528,NONE
и,CCONJ,,cc,,,,,-0.0013766355213676,NONE
ввел,VERB,,conj,,Masc,Sing,,0.0730131630723642,NONE
локдаун,NOUN,,obj,Acc,Masc,Sing,Inan,0.0130687819000892,NONE
в,ADP,,case,,,,,0.043500834417735,NONE
пограничном,ADJ,,amod,Loc,Masc,Sing,,0.0202059978420354,NONE
городе,NOUN,,nmod,Loc,Masc,Sing,Inan,-0.0502246922924369,NONE
Кэсон,PROPN,,appos,Nom,Masc,Sing,Inan,0.1256755612926269,LOC
",",PUNCT,,punct,,,,,0.3105702405043846,NONE
назвав,VERB,,advcl,,,,,0.1325714483674949,NONE
это,PRON,,obj,Acc,Neut,Sing,Inan,0.1441882324138859,NONE
«критической,ADJ,,amod,Ins,Fem,Sing,,0.2254648837995515,NONE
ситуацией,NOUN,,obl,Ins,Fem,Sing,Inan,0.0934468553910354,NONE
",",PUNCT,,punct,,,,,0.3125899315759483,NONE
когда,SCONJ,,mark,,,,,-0.1543329723374658,NONE
можно,ADV,,acl:relcl,,,,,0.0157613154306824,NONE
было,AUX,,cop,,Neut,Sing,,-0.111681466009655,NONE
бы,AUX,,aux,,,,,-0.1081281224154251,NONE
сказать,VERB,,csubj,,,,,-0.1514716955287622,NONE
",",PUNCT,,punct,,,,,0.1489760762789751,NONE
что,SCONJ,,mark,,,,,-0.2492539068233088,NONE
злостный,ADJ,,amod,Nom,Masc,Sing,,-0.0265309162340328,NONE
вирус,NOUN,,nsubj,Nom,Masc,Sing,Inan,0.1572163975581866,NONE
проник,VERB,,ccomp,,Masc,Sing,,0.1022087574755016,NONE
в,ADP,,case,,,,,0.1129224979284374,NONE
страну»,NOUN,,obl,Acc,Fem,Sing,Inan,0.0379212782595671,NONE
",",PUNCT,,punct,,,,,0.2348088661739066,NONE
как,SCONJ,,mark,,,,,0.1473786876842361,NONE
сообщает,VERB,,parataxis,,,Sing,,0.0714797167723072,NONE
государственное,ADJ,,amod,Nom,Neut,Sing,,0.0385418026255182,NONE
информационное,ADJ,,amod,Nom,Neut,Sing,,0.018843820351774,NONE
агентство,NOUN,,nsubj,Nom,Neut,Sing,Inan,0.035226744653876,NONE
ЦТАК,PROPN,,appos,Nom,Masc,Sing,Inan,0.060745757534717,ORG
.,PUNCT,,punct,,,,,-0.3376195830647281,NONE
Мы,PRON,,nsubj,Nom,,Plur,,0.3373877250590502,NONE
считаем,VERB,,root,,,Plur,,-0.0986945529180377,NONE
",",PUNCT,,punct,,,,,0.0881262398651109,NONE
что,SCONJ,,mark,,,,,0.0291602687459527,NONE
должна,ADJ,,ccomp,,Fem,Sing,,0.0206638485132279,NONE
быть,AUX,,xcomp,,,,,-0.0650585001559396,NONE
большая,ADJ,,amod,Nom,Fem,Sing,,-0.1536556486231652,NONE
ясность,NOUN,,nsubj,Nom,Fem,Sing,Inan,-0.0509682601568254,NONE
в,ADP,,case,,,,,0.0303046138188272,NONE
том,PRON,,nmod,Loc,Neut,Sing,Inan,-0.1797305196663694,NONE
",",PUNCT,,punct,,,,,0.1275527311120272,NONE
как,ADV,,advmod,,,,,0.0013674290769294,NONE
возобновляемая,VERB,,amod,Nom,Fem,Sing,,0.1090431508882556,NONE
электроэнергия,NOUN,,nsubj:pass,Nom,Fem,Sing,Inan,0.1251131820234488,NONE
определяется,VERB,,acl,,,Sing,,0.0871734635591189,NONE
и,CCONJ,,cc,,,,,0.0468932736547058,NONE
продается,VERB,,conj,,,Sing,,0.6541569444979493,NONE
.,PUNCT,,punct,,,,,-0.1859786571963613,NONE
Сотрудники,NOUN,,nsubj,Nom,Masc,Plur,Anim,0.0843875905860619,NONE
больницы,NOUN,,nmod,Gen,Fem,Sing,Inan,-0.0307677285071411,NONE
нашли,VERB,,root,,,Plur,,-0.0297795932159453,NONE
на,ADP,,case,,,,,-0.093831997728806,NONE
теле,NOUN,,obl,Loc,Neut,Sing,Inan,-0.1875248120940107,NONE
Ноа,PROPN,,nmod,Gen,Masc,Sing,Anim,0.0114064507597727,PER
признаки,NOUN,,obj,Acc,Masc,Plur,Inan,-0.0755359613431154,NONE
травмы,NOUN,,nmod,Gen,Fem,Sing,Inan,-0.013738281313574,NONE
и,CCONJ,,cc,,,,,-0.1154860910598921,NONE
установили,VERB,,conj,,,Plur,,-0.0066994353863562,NONE
",",PUNCT,,punct,,,,,0.1397620327098379,NONE
что,SCONJ,,mark,,,,,0.7826591759391005,NONE
объяснение,NOUN,,nsubj,Nom,Neut,Sing,Inan,-0.0886976618637179,NONE
родителей,NOUN,,nmod,Gen,Masc,Plur,Anim,0.0068748653881884,NONE
по,ADP,,case,,,,,0.0249667404740818,NONE
поводу,NOUN,,fixed,Dat,Masc,Sing,Inan,0.0883098116117256,NONE
причин,NOUN,,nmod,Gen,Fem,Plur,Inan,-0.0421190560534337,NONE
его,DET,,det,,,,,0.1423557095841329,NONE
смерти,NOUN,,nmod,Gen,Fem,Sing,Inan,-0.1589846253872138,NONE
вызывает,VERB,,ccomp,,,Sing,,-0.0007424095622894,NONE
вопросы,NOUN,,obj,Acc,Masc,Plur,Inan,0.0228821503460317,NONE
.,PUNCT,,punct,,,,,0.1643128732558128,NONE
Разговор,NOUN,,nsubj,Nom,Masc,Sing,Inan,-0.1431044805600518,NONE
продолжался,VERB,,root,,Masc,Sing,,0.2469625082357014,NONE
в,ADP,,case,,,,,-0.078529754553934,NONE
таком,DET,,det,Loc,Masc,Sing,,-0.1696063136595594,NONE
ключе,NOUN,,obl,Loc,Masc,Sing,Inan,0.0047234240332463,NONE
несколько,NUM,,nummod:gov,Acc,,,Inan,0.1854596730090391,NONE
минут,NOUN,,obl,Gen,Fem,Plur,Inan,-0.038302629689082,NONE
",",PUNCT,,punct,,,,,-0.0562518944228948,NONE
при,ADP,,case,,,,,-0.1026227459946131,NONE
этом,PRON,,obl,Loc,Neut,Sing,Inan,-0.2326593016021616,NONE
он,PRON,,nsubj,Nom,Masc,Sing,,0.1335898604058746,NONE
упрекал,VERB,,conj,,Masc,Sing,,0.0577430135605802,NONE
меня,PRON,,obj,Acc,,Sing,,-0.1366608126859844,NONE
за,ADP,,case,,,,,0.0318452776562447,NONE
то,PRON,,obl,Acc,Neut,Sing,Inan,-0.1038794464050734,NONE
",",PUNCT,,punct,,,,,0.450674742148725,NONE
что,SCONJ,,mark,,,,,-0.1888160252177414,NONE
я,PRON,,nsubj,Nom,,Sing,,-0.0075948851622047,NONE
не,PART,,advmod,,,,,-0.0664748051153951,NONE
оставил,VERB,,acl,,Masc,Sing,,0.1066316174882308,NONE
трейлер,NOUN,,obj,Acc,Masc,Sing,Inan,0.0688267160606,NONE
на,ADP,,case,,,,,0.0660304037096938,NONE
дороге,NOUN,,obl,Loc,Fem,Sing,Inan,-0.0158028903425711,NONE
.,PUNCT,,punct,,,,,-0.5803071551667325,NONE
Повышенные,VERB,,amod,Nom,,Plur,,0.2954136163761341,NONE
меры,NOUN,,root,Nom,Fem,Plur,Inan,-0.2580089135115718,NONE
безопасности,NOUN,,nmod,Gen,Fem,Sing,Inan,-0.2243953321213402,NONE
у,ADP,,case,,,,,-0.0372028626122038,NONE
консульства,NOUN,,nmod,Gen,Neut,Sing,Inan,0.1630153056743848,NONE
США,PROPN,,nmod,Gen,,Plur,Inan,-0.082368661899117,LOC
в,ADP,,case,,,,,0.3460039078959057,NONE
китайском,ADJ,,amod,Loc,Masc,Sing,,0.5572461673789633,NONE
Чэнжу,PROPN,,nmod,Loc,Masc,Sing,Inan,0.3344139058452252,LOC
На,ADP,,case,,,,,0.161201426470502,NONE
концерте,NOUN,,obl,Loc,Masc,Sing,Inan,0.0780276052092666,NONE
Майка,PROPN,,nmod,Gen,Masc,Sing,Anim,0.0998184032773275,PER
Грэхама,PROPN,,flat:name,Gen,Masc,Sing,Anim,0.0456093587698769,PER
на,ADP,,case,,,,,-0.0383258569137999,NONE
talkRADIO,X,,flat:foreign,,,,,0.0977735588408616,NONE
Боб,PROPN,,nsubj,Nom,Masc,Sing,Anim,0.1488650303753908,PER
сказал,VERB,,root,,Masc,Sing,,-0.0858548831306224,NONE
:,PUNCT,,punct,,,,,0.2008010769747751,NONE
«Думаю,VERB,,parataxis,,,Sing,,0.2503242997669181,NONE
",",PUNCT,,punct,,,,,0.410861183571154,NONE
это,PRON,,nsubj,Nom,Neut,Sing,Inan,0.2709161313636182,NONE
переломный,ADJ,,amod,Nom,Masc,Sing,,0.1570900127617412,NONE
момент,NOUN,,parataxis,Nom,Masc,Sing,Inan,0.014693675589924,NONE
",",PUNCT,,punct,,,,,0.2558984960959586,NONE
потому,ADV,,mark,,,,,0.1789294659457754,NONE
что,SCONJ,,fixed,,,,,-0.0020143014369665,NONE
блокирующие,VERB,,acl,Nom,,Plur,,0.0923312110395634,NONE
Брексит,PROPN,,nsubj,Nom,Masc,Sing,Anim,0.0611785152842747,NONE
в,ADP,,case,,,,,-0.0222647660332951,NONE
парламенте,NOUN,,obl,Loc,Masc,Sing,Inan,0.1536364041314787,NONE
начинают,VERB,,advcl,,,Plur,,0.0294093961162182,NONE
показывать,VERB,,xcomp,,,,,0.2034520144257851,NONE
свои,DET,,det,Acc,,Plur,,0.1900979745523419,NONE
истинные,ADJ,,amod,Acc,,Plur,Inan,0.1796241303602831,NONE
цвета»,NOUN,,obj,Acc,Masc,Plur,Inan,0.0205531061217539,NONE
.,PUNCT,,punct,,,,,-0.2420798510573786,NONE
Ардрон,PROPN,,nsubj,Nom,Masc,Sing,Anim,0.7319343170233762,PER
",",PUNCT,,punct,,,,,-0.0761673092904112,NONE
один,NUM,,appos,Nom,Masc,,,-0.0730922451913624,NONE
из,ADP,,case,,,,,-0.0271468353477964,NONE
немногих,ADJ,,amod,Gen,,Plur,,-0.0087185277838897,NONE
канадцев,NOUN,,nmod,Gen,Masc,Plur,Anim,-0.0103361634083179,NONE
",",PUNCT,,punct,,,,,-0.0896384270521291,NONE
играющих,VERB,,acl,Gen,,Plur,,-0.0484491760190484,NONE
в,ADP,,case,,,,,0.0024527859504795,NONE
высшем,ADJ,,amod,Loc,Masc,Sing,,-0.0205772426070146,NONE
клубном,ADJ,,amod,Loc,Masc,Sing,,0.0105239611467063,NONE
турнире,NOUN,,obl,Loc,Masc,Sing,Inan,-0.0345296053106098,NONE
-,PUNCT,,punct,,,,,0.0266731574660733,NONE
за,ADP,,case,,,,,0.0122705900029818,NONE
новозеландский,ADJ,,amod,Acc,Masc,Sing,Inan,-0.0130863179695931,NONE
клуб,NOUN,,parataxis,Acc,Masc,Sing,Inan,-0.0511824443530782,NONE
"""",PUNCT,,punct,,,,,0.0332409347010982,NONE
"""",PUNCT,,punct,,,,,0.0050383024893571,NONE
Уаикато,PROPN,,appos,,,,,0.0073595807420743,ORG
Чифс,PROPN,,appos,,,,,-0.0029078509782507,ORG
"""",PUNCT,,punct,,,,,-0.0401316501568546,NONE
"""",PUNCT,,punct,,,,,-0.015074418534534,NONE
в,ADP,,case,,,,,0.0884267739929836,NONE
международном,ADJ,,amod,Loc,Masc,Sing,,0.0141333782939196,NONE
турнире,NOUN,,nmod,Loc,Masc,Sing,Inan,0.0157144100624411,NONE
по,ADP,,case,,,,,0.0170209428888481,NONE
суперрегби,NOUN,,nmod,Dat,Fem,Sing,Inan,-0.0008500913481397,NONE
-,PUNCT,,punct,,,,,-0.1017654081029594,NONE
признал,VERB,,root,,Masc,Sing,,-0.0005942439434605,NONE
",",PUNCT,,punct,,,,,-0.0710821819236954,NONE
что,SCONJ,,mark,,,,,-0.0930495511945268,NONE
его,DET,,det,,,,,-0.0742473308390269,NONE
команда,NOUN,,nsubj,Nom,Fem,Sing,Inan,-0.0608646836363417,NONE
вряд,ADV,,advmod,,,,,-0.0324930350232307,NONE
ли,PART,,fixed,,,,,0.0144609741564298,NONE
расстроит,VERB,,ccomp,,,Sing,,0.0112748505096486,NONE
ни,PART,,advmod,,,,,0.0070638215319031,NONE
одну,NUM,,obl,Acc,Fem,,,-0.0080767766533244,NONE
из,ADP,,case,,,,,-0.011462171490222,NONE
стран,NOUN,,nmod,Gen,Fem,Plur,Inan,-0.1554971087071528,NONE
южного,ADJ,,amod,Gen,Neut,Sing,,0.0494594360361062,NONE
полушария,NOUN,,nmod,Gen,Neut,Sing,Inan,-0.0029513605988255,NONE
.,PUNCT,,punct,,,,,-0.2494052870623111,NONE
"""",PUNCT,,root,,,,,-0.1212752397223862,NONE
Он,PRON,,nsubj,Nom,Masc,Sing,,0.2802442188485837,NONE
отметил,VERB,,root,,Masc,Sing,,-0.2914969106069784,NONE
",",PUNCT,,punct,,,,,0.2916954210561643,NONE
что,SCONJ,,mark,,,,,-0.025021566633681,NONE
до,ADP,,case,,,,,0.0020545252758993,NONE
90%,NUM,,nummod,,,,,-0.2812853805057986,NONE
всех,DET,,det,Gen,,Plur,,-0.037748424357055,NONE
российских,ADJ,,amod,Gen,,Plur,,-0.0905176047570031,NONE
инвестиций,NOUN,,nmod,Gen,Fem,Plur,Inan,0.0185809577567036,NONE
в,ADP,,case,,,,,0.0755096108863956,NONE
арабском,ADJ,,amod,Loc,Masc,Sing,,0.3658359829509163,NONE
мире,NOUN,,nmod,Loc,Masc,Sing,Inan,0.2002246415047152,NONE
осуществляется,VERB,,ccomp,,,Sing,,0.1051208842004542,NONE
в,ADP,,case,,,,,-0.0548880572400767,NONE
ОАЭ,PROPN,,obl,Loc,Masc,Sing,Inan,0.0433369409028238,LOC
.,PUNCT,,punct,,,,,0.3243881327533053,NONE
Общее,ADJ,,amod,Nom,Neut,Sing,,0.1332009425763588,NONE
количество,NOUN,,nsubj,Nom,Neut,Sing,Inan,-0.0531958842050142,NONE
подтвержденных,VERB,,amod,Gen,,Plur,,0.0235902460033413,NONE
случаев,NOUN,,nmod,Gen,Masc,Plur,Inan,0.0550499764334647,NONE
коронавируса,NOUN,,nmod,Gen,Masc,Sing,Inan,0.0442727191332321,NONE
быстро,ADV,,advmod,,,,,0.0185766920816782,NONE
приближается,VERB,,root,,,Sing,,-0.0393530404762438,NONE
к,ADP,,case,,,,,-0.0109513666897438,NONE
14,NUM,,nummod,,,,,0.0329432158867087,NONE
лакхам,NOUN,,obl,Dat,Masc,Plur,Inan,0.0168339403007884,NONE
",",PUNCT,,punct,,,,,0.0616645418265717,NONE
из,ADP,,case,,,,,0.0105960870357461,NONE
которых,PRON,,nmod,Gen,,Plur,,-0.1827089008810153,NONE
более,ADV,,nsubj,,,,,-0.8199527646387805,NONE
4,NUM,,nummod,,,,,-0.1685731966400546,NONE
",",PUNCT,,punct,,,,,0.0683313985003383,NONE
67,NUM,,conj,,,,,-0.0277326620827363,NONE
лакх,NOUN,,nsubj,Gen,Masc,Plur,Inan,-0.0084950465702099,NONE
-,PUNCT,,punct,,,,,0.1508993128683838,NONE
активные,ADJ,,amod,Nom,,Plur,,-0.1223206941315014,NONE
случаи,NOUN,,acl:relcl,Nom,Masc,Plur,Inan,-0.0030231902581007,NONE
и,CCONJ,,cc,,,,,-0.0753245726503957,NONE
более,ADV,,nsubj,,,,,-0.0554285932706727,NONE
32,NUM,,obl,,,,,-0.0530255883106705,NONE
000,NUM,,obl,,,,,-0.0107640260892466,NONE
-,PUNCT,,punct,,,,,0.1160248559722448,NONE
смертельные,ADJ,,amod,Nom,,Plur,,0.0099979527055665,NONE
случаи,NOUN,,conj,Nom,Masc,Plur,Inan,0.0377074980040716,NONE
",",PUNCT,,punct,,,,,-0.0185792614071358,NONE
связанные,VERB,,acl,Nom,,Plur,,-0.0040266394524611,NONE
с,ADP,,case,,,,,-0.0388679660071492,NONE
вирусом,NOUN,,obl,Ins,Masc,Sing,Inan,0.0040007706174607,NONE
.,PUNCT,,punct,,,,,-0.0187882011784253,NONE
Не,PART,,advmod,,,,,0.0273654012024408,NONE
попадайте,VERB,,root,,,Plur,,0.6725339482835224,NONE
в,ADP,,case,,,,,0.1073274288654234,NONE
ловушку,NOUN,,obl,Acc,Fem,Sing,Inan,0.084472018322986,NONE
",",PUNCT,,punct,,,,,0.0495459996760646,NONE
отправляясь,VERB,,advcl,,,,,-0.1663441381666281,NONE
в,ADP,,case,,,,,0.3584615958104403,NONE
дом,NOUN,,obl,Acc,Masc,Sing,Inan,0.1599837337950611,NONE
",",PUNCT,,punct,,,,,-0.2176238247807028,NONE
который,PRON,,obj,Acc,Masc,Sing,Inan,-0.0242257370474836,NONE
вы,PRON,,nsubj,Nom,,Plur,,-0.017615347535445,NONE
не,PART,,advmod,,,,,0.0109174907044052,NONE
очень,ADV,,advmod,,,,,-0.0123941547718432,NONE
хотите,VERB,,acl:relcl,,,Plur,,-0.0221428622897659,NONE
",",PUNCT,,punct,,,,,-0.1146604541952932,NONE
так,ADV,,mark,,,,,-0.2039649526814935,NONE
как,SCONJ,,fixed,,,,,0.0531441452046013,NONE
затраты,NOUN,,nsubj,Nom,Fem,Plur,Inan,0.0158624994737755,NONE
на,ADP,,case,,,,,0.1610935039504979,NONE
замену,NOUN,,nmod,Acc,Fem,Sing,Inan,0.0967445306569766,NONE
высоки,ADJ,,advcl,,,Plur,,0.0927166750054992,NONE
",",PUNCT,,punct,,,,,0.1013279946710337,NONE
-,PUNCT,,punct,,,,,0.0156265413129454,NONE
сказал,VERB,,parataxis,,Masc,Sing,,0.0068419780860309,NONE
он,PRON,,nsubj,Nom,Masc,Sing,,0.3080518478590104,NONE
.,PUNCT,,punct,,,,,-0.0135980744053896,NONE
Могу,VERB,,root,,,Sing,,0.3148666809479261,NONE
ли,PART,,advmod,,,,,-0.3411259123060645,NONE
я,PRON,,nsubj,Nom,,Sing,,-0.1476624188445041,NONE
помочь,VERB,,xcomp,,,,,-0.2629658054670488,NONE
Вам,PRON,,iobj,Dat,,Plur,,0.154514679494431,NONE
чем-то,PRON,,obl,Ins,,,,0.5368347809898263,NONE
еще,ADV,,obl,,,,,0.247302954932522,NONE
?,PUNCT,,punct,,,,,0.420288133426254,NONE
Бориса,PROPN,,obj,Acc,Masc,Sing,Anim,0.1581533266100155,PER
Джонсона,PROPN,,flat:name,Acc,Masc,Sing,Anim,0.0398630503762354,PER
критиковали,VERB,,root,,,Plur,,-0.0845572287082383,NONE
за,ADP,,case,,,,,-0.1845259487444175,NONE
стиль,NOUN,,obl,Acc,Masc,Sing,Inan,-0.0385252411438293,NONE
языка,NOUN,,nmod,Gen,Masc,Sing,Inan,-0.0682103867082287,NONE
",",PUNCT,,punct,,,,,-0.1493485392882013,NONE
который,PRON,,obj,Acc,Masc,Sing,Inan,0.0409545054190033,NONE
он,PRON,,nsubj,Nom,Masc,Sing,,-0.2766394446523427,NONE
использовал,VERB,,acl:relcl,,Masc,Sing,,-0.0439126756022533,NONE
в,ADP,,case,,,,,0.0926072282438469,NONE
Палате,PROPN,,obl,Loc,Fem,Sing,Inan,0.2506286031182413,ORG
общин,NOUN,,nmod,Gen,Fem,Plur,Inan,0.1001002465602323,ORG
.,PUNCT,,punct,,,,,0.7200241388803366,NONE
«,PUNCT,,punct,,,,,0.1345372573905437,NONE
Если,SCONJ,,mark,,,,,-0.0160325544340715,NONE
вы,PRON,,nsubj,Nom,,Plur,,-0.0229248418882866,NONE
не,PART,,advmod,,,,,-0.0656394516746217,NONE
измените,VERB,,advcl,,,Plur,,0.0989019400075865,NONE
свое,DET,,det,Acc,Neut,Sing,,-0.0247901867807895,NONE
отношение,NOUN,,obj,Acc,Neut,Sing,Inan,-0.04483772780451,NONE
",",PUNCT,,punct,,,,,0.194406143811283,NONE
бойтесь,VERB,,conj,,,Plur,,0.1442655886265539,NONE
",",PUNCT,,punct,,,,,0.2782321721424239,NONE
очень,ADV,,advmod,,,,,0.1050787581272319,NONE
бойтесь,VERB,,conj,,,Plur,,0.0541872100641686,NONE
.,PUNCT,,punct,,,,,0.2412134291463998,NONE
.,PUNCT,,punct,,,,,-0.107773928432751,NONE
.,PUNCT,,punct,,,,,0.1671455594004255,NONE
где,ADV,,advmod,,,,,0.1107321325127857,NONE
бы,AUX,,aux,,,,,0.0972284576986314,NONE
вы,PRON,,nsubj,Nom,,Plur,,0.153866827806634,NONE
ни,PART,,advmod,,,,,-0.0717040555875115,NONE
были,VERB,,cop,,,Plur,,0.1475067587628868,NONE
",",PUNCT,,punct,,,,,0.1775725107421392,NONE
продолжайте,VERB,,root,,,Plur,,0.0204327523664912,NONE
смотреть,VERB,,xcomp,,,,,0.1438284230470406,NONE
через,ADP,,case,,,,,0.0131176721250342,NONE
плечо,NOUN,,obl,Acc,Neut,Sing,Inan,0.1706007339734648,NONE
»,PUNCT,,punct,,,,,-0.0098232490133734,NONE
",",PUNCT,,punct,,,,,0.2386871181446555,NONE
говорится,VERB,,parataxis,,,Sing,,0.2578663375355698,NONE
в,ADP,,case,,,,,-0.0176720176301795,NONE
нем,PRON,,obl,Loc,Masc,Sing,,-0.1502130352366782,NONE
.,PUNCT,,punct,,,,,0.4659741394027226,NONE
ПАРИЖ,PROPN,,root,Nom,Masc,Sing,Inan,0.2431939911360563,LOC
(,PUNCT,,punct,,,,,-0.039099961754869,LOC
AP,PROPN,,flat:foreign,,,,,0.0388977816898246,LOC
),PUNCT,,punct,,,,,0.0866574144624165,LOC
–,PUNCT,,punct,,,,,-0.4094912649037404,NONE
Власти,NOUN,,nsubj,Nom,Fem,Plur,Inan,-0.0086222692451076,NONE
Франции,PROPN,,nmod,Gen,Fem,Sing,Inan,0.095765237132563,LOC
и,CCONJ,,cc,,,,,0.0818344958007619,NONE
жители,NOUN,,conj,Nom,Masc,Plur,Anim,0.0850740085099946,NONE
Нормандии,PROPN,,nmod,Gen,Fem,Sing,Inan,0.0484642731890049,LOC
очищают,VERB,,parataxis,,,Plur,,0.0114262398257057,NONE
местность,NOUN,,obj,Acc,Fem,Sing,Inan,0.0214844327476905,NONE
от,ADP,,case,,,,,-0.0917087177178033,NONE
последствий,NOUN,,obl,Gen,Neut,Plur,Inan,0.0392009448105848,NONE
огромного,ADJ,,amod,Gen,Masc,Sing,,0.0687166461421591,NONE
пожара,NOUN,,nmod,Gen,Masc,Sing,Inan,0.0672340200550891,NONE
на,ADP,,case,,,,,-0.0275836039059147,NONE
заводе,NOUN,,nmod,Loc,Masc,Sing,Inan,0.0766685315115582,NONE
с,ADP,,case,,,,,-0.013676012091935,NONE
химикатами,NOUN,,nmod,Ins,Masc,Plur,Anim,0.0977317573217852,NONE
",",PUNCT,,punct,,,,,0.1911675290145469,NONE
в,ADP,,case,,,,,-0.0728083144235677,NONE
результате,NOUN,,obl,Loc,Masc,Sing,Inan,0.15067126389853,NONE
которого,PRON,,nmod,Gen,,,,0.0795863208958504,NONE
на,ADP,,case,,,,,-0.0753741345112529,NONE
большую,ADJ,,amod,Acc,Fem,Sing,,0.0797651700243357,NONE
территорию,NOUN,,obl,Acc,Fem,Sing,Inan,0.1254553282585519,NONE
распространилась,VERB,,acl:relcl,,Fem,Sing,,0.0391422818185575,NONE
ужасная,ADJ,,amod,Nom,Fem,Sing,,0.0959724221743318,NONE
вонь,NOUN,,nsubj,Nom,Fem,Sing,Inan,0.0201816768029615,NONE
.,PUNCT,,punct,,,,,0.6865955528959423,NONE
Михауд,PROPN,,nsubj,Nom,Masc,Sing,Anim,0.3914094336894971,PER
Сэвидж,PROPN,,appos,Nom,Masc,Sing,Anim,0.0478767109560551,PER
из,ADP,,case,,,,,-0.0173624342271478,NONE
Сиэтла,PROPN,,nmod,Gen,Masc,Sing,Inan,0.0052836065234311,LOC
заявил,VERB,,root,,Masc,Sing,,-0.0958571657249096,NONE
",",PUNCT,,punct,,,,,0.1516456700966288,NONE
что,SCONJ,,mark,,,,,-0.001489059923429,NONE
протесты,NOUN,,nsubj:pass,Nom,Masc,Plur,Inan,0.0167073025325528,NONE
были,AUX,,aux:pass,,,Plur,,-0.1137489784477668,NONE
направлены,VERB,,ccomp,,,Plur,,0.0284111146064937,NONE
как,SCONJ,,cc,,,,,0.0514791620245074,NONE
на,ADP,,case,,,,,0.0147850481442418,NONE
местные,ADJ,,amod,Acc,,Plur,Inan,0.0451694934430139,NONE
власти,NOUN,,obl,Acc,Fem,Plur,Inan,0.1043183253151513,NONE
",",PUNCT,,punct,,,,,0.3021316672308639,NONE
так,ADV,,cc,,,,,0.0335358430661852,NONE
и,PART,,fixed,,,,,-0.0118609103041492,NONE
на,ADP,,case,,,,,0.1600043153629801,NONE
развертывание,NOUN,,conj,Acc,Neut,Sing,Inan,0.020243997040353,NONE
федеральных,ADJ,,amod,Gen,,Plur,,-0.0024751120593596,NONE
офицеров,NOUN,,nmod,Gen,Masc,Plur,Anim,-0.003050848732076,NONE
",",PUNCT,,punct,,,,,0.0524429849905869,NONE
которые,PRON,,nsubj,Nom,,,,-0.1071200399259241,NONE
вели,VERB,,acl:relcl,,,Plur,,-0.1791561404659711,NONE
репрессии,NOUN,,obj,Acc,Fem,Plur,Inan,0.1196636130850306,NONE
против,ADP,,case,,,,,0.0720788437428669,NONE
затянувшейся,VERB,,amod,Gen,Fem,Sing,,0.0941207890798046,NONE
акции,NOUN,,nmod,Gen,Fem,Sing,Inan,0.0805230290850404,NONE
протеста,NOUN,,nmod,Gen,Masc,Sing,Inan,0.0394235938158692,NONE
в,ADP,,case,,,,,-0.0307460837074512,NONE
Портленде,PROPN,,nmod,Loc,Masc,Sing,Inan,0.0087494593150409,LOC
.,PUNCT,,punct,,,,,-0.3393503104653603,NONE
Сэвидж,PROPN,,nsubj,Nom,Masc,Sing,Anim,-0.0026054503237669,PER
сказал,VERB,,root,,Masc,Sing,,-0.0762355255346967,NONE
",",PUNCT,,punct,,,,,-0.2088650425296946,NONE
что,SCONJ,,mark,,,,,-0.1861994163798066,NONE
тактика,NOUN,,nsubj,Nom,Fem,Sing,Inan,0.1958782767105895,NONE
правоохранительных,ADJ,,amod,Gen,,Plur,,0.0307693401001872,NONE
органов,NOUN,,nmod,Gen,Masc,Plur,Inan,0.1112146947961114,NONE
в,ADP,,case,,,,,-0.0390093377319839,NONE
Портленде,PROPN,,nmod,Loc,Masc,Sing,Inan,0.022171448991005,LOC
",",PUNCT,,punct,,,,,-0.0253982759443641,NONE
которая,PRON,,nsubj,Nom,Fem,Sing,,-0.105827078615644,NONE
включала,VERB,,acl:relcl,,Fem,Sing,,0.0073460531474262,NONE
применение,NOUN,,obj,Acc,Neut,Sing,Inan,0.0116444714916611,NONE
слезоточивого,ADJ,,amod,Gen,Masc,Sing,,0.068728143325096,NONE
газа,NOUN,,nmod,Gen,Masc,Sing,Inan,0.0195830565251094,NONE
и,CCONJ,,cc,,,,,-0.0112181945590322,NONE
боеприпасов,NOUN,,conj,Gen,Masc,Plur,Inan,0.0186331467637231,NONE
для,ADP,,case,,,,,-0.0493433749812857,NONE
борьбы,NOUN,,nmod,Gen,Fem,Sing,Inan,-0.0779511190708818,NONE
с,ADP,,case,,,,,0.0311957812442858,NONE
толпой,NOUN,,nmod,Ins,Fem,Sing,Inan,0.0521833690776677,NONE
",",PUNCT,,punct,,,,,0.1440837519300587,NONE
была,AUX,,cop,,Fem,Sing,,-0.0214476960108797,NONE
опасной,ADJ,,ccomp,Ins,Fem,Sing,,0.0687509853698783,NONE
и,CCONJ,,cc,,,,,-0.0557738013392168,NONE
неуместной,ADJ,,conj,Ins,Fem,Sing,,0.0617593535704017,NONE
.,PUNCT,,punct,,,,,0.0474515370627218,NONE
После,ADP,,case,,,,,0.0378683695875111,NONE
уведомления,NOUN,,obl,Gen,Neut,Sing,Inan,0.0253940922943459,NONE
Twitter,PROPN,,flat:foreign,,,,,-0.0469324807058506,ORG
и,CCONJ,,cc,,,,,0.0180058734491721,NONE
проведения,NOUN,,conj,Gen,Neut,Sing,Inan,-0.0193617485718692,NONE
собственного,ADJ,,amod,Gen,Neut,Sing,,-0.2598321362394151,NONE
расследования,NOUN,,nmod,Gen,Neut,Sing,Inan,-0.0901367720652695,NONE
Facebook,PROPN,,nsubj,Nom,Masc,Sing,Inan,0.0083979610815795,ORG
заявил,VERB,,root,,Masc,Sing,,-0.1070335155533647,NONE
в,ADP,,case,,,,,0.1436399425141154,NONE
понедельник,NOUN,,obl,Acc,Masc,Sing,Inan,-0.1568841095721477,NONE
",",PUNCT,,punct,,,,,0.0407342544599019,NONE
что,SCONJ,,mark,,,,,0.0406817812455421,NONE
он,PRON,,nsubj,Nom,Masc,Sing,,0.1151443852946534,NONE
также,ADV,,advmod,,,,,-0.1317686376710416,NONE
удалил,VERB,,ccomp,,Masc,Sing,,0.1282752243383336,NONE
семь,NUM,,nummod:gov,Acc,,,,0.0107784286111393,NONE
страниц,NOUN,,obl,Gen,Fem,Plur,Inan,0.1433548471889563,NONE
",",PUNCT,,punct,,,,,-0.0354059177301473,NONE
три,NUM,,nummod,Acc,,,Inan,0.1786945878903779,NONE
группы,NOUN,,conj,Gen,Fem,Sing,Inan,-0.0474523700918873,NONE
и,CCONJ,,cc,,,,,-0.031541214247367,NONE
пять,NUM,,nummod:gov,Acc,,,,-0.168140752612019,NONE
аккаунтов,NOUN,,conj,Gen,Masc,Plur,Inan,0.1214766173253958,NONE
",",PUNCT,,punct,,,,,-0.0536228755051712,NONE
включая,ADV,,advmod,,,,,-0.0657115943766632,NONE
некоторых,DET,,det,Acc,,Plur,,-0.0462860852842783,NONE
участников,NOUN,,obj,Acc,Masc,Plur,Anim,-0.0302882395252661,NONE
протестующих,VERB,,acl,Gen,,Plur,,0.0645254374957018,NONE
как,SCONJ,,mark,,,,,0.0046749394572093,NONE
тараканов,NOUN,,obl,Acc,Masc,Plur,Anim,0.2968429729505731,NONE
и,CCONJ,,cc,,,,,0.0991876771595714,NONE
террористов,NOUN,,conj,Acc,Masc,Plur,Anim,0.070830770432316,NONE
.,PUNCT,,punct,,,,,-0.2537724532545773,NONE
Он,PRON,,nsubj,Nom,Masc,Sing,,0.3194779018593006,NONE
сказал,VERB,,root,,Masc,Sing,,0.1146226795327793,NONE
журналистам,NOUN,,iobj,Dat,Masc,Plur,Anim,0.0455699304982784,NONE
",",PUNCT,,punct,,,,,0.1716025903698199,NONE
что,SCONJ,,mark,,,,,0.3117575583825596,NONE
проявление,NOUN,,nsubj,Nom,Neut,Sing,Inan,0.0330951697088566,NONE
сдержанности,NOUN,,nmod,Gen,Fem,Sing,Inan,0.1339161192732584,NONE
"""",PUNCT,,punct,,,,,0.1535753841219304,NONE
"""",PUNCT,,punct,,,,,0.1175402145944803,NONE
показывает,VERB,,ccomp,,,Sing,,0.0118704262942982,NONE
гораздо,ADV,,advmod,,,,,-0.1697926924459326,NONE
больше,ADV,,advmod,,,,,-0.0937642509091711,NONE
силы,NOUN,,obl,Gen,Fem,Sing,Inan,0.4500735131163796,NONE
"""",PUNCT,,punct,,,,,0.0238185856059313,NONE
"""",PUNCT,,punct,,,,,0.0678403171634174,NONE
",",PUNCT,,punct,,,,,0.2107019646885745,NONE
чем,SCONJ,,mark,,,,,-0.1571889278239274,NONE
запуск,NOUN,,advcl,Nom,Masc,Sing,Inan,0.0651544916487424,NONE
ответных,ADJ,,amod,Gen,,Plur,,-0.0819307756226032,NONE
ударов,NOUN,,nmod,Gen,Masc,Plur,Inan,0.1297265243297075,NONE
сейчас,ADV,,advmod,,,,,-0.1719335019614048,NONE
.,PUNCT,,punct,,,,,0.002046999579868,NONE
"""",PUNCT,,root,,,,,0.2080945182996004,NONE
В,ADP,,case,,,,,0.3128456524899072,NONE
ходе,NOUN,,fixed,Loc,Masc,Sing,Inan,0.3473741941356712,NONE
выражения,NOUN,,obl,Gen,Neut,Sing,Inan,0.0353621386204181,NONE
благодарности,NOUN,,nmod,Gen,Fem,Sing,Inan,0.0452866177627828,NONE
героям,NOUN,,iobj,Dat,Masc,Plur,Anim,0.0031549424074193,NONE
Каргила,PROPN,,nmod,Gen,Masc,Sing,Anim,0.0009685746168442,PER
",",PUNCT,,punct,,,,,0.105367202241574,NONE
премьер-министр,NOUN,,nsubj,Nom,Masc,Sing,Anim,0.0706804229207483,NONE
Нарендра,PROPN,,appos,Nom,Masc,Sing,Anim,0.0097321089869232,PER
Моди,PROPN,,flat:name,Nom,Masc,Sing,Anim,-0.0082714437568328,PER
сказал,VERB,,root,,Masc,Sing,,0.0598377644529671,NONE
",",PUNCT,,punct,,,,,0.1149474366997131,NONE
что,SCONJ,,mark,,,,,0.0122022135009889,NONE
Пакистан,PROPN,,nsubj,Nom,Masc,Sing,Inan,0.0492621468057015,LOC
пытался,VERB,,ccomp,,Masc,Sing,,-0.0075898026916136,NONE
"""",PUNCT,,punct,,,,,0.0205933454473739,NONE
"""",PUNCT,,punct,,,,,0.0219380617085725,NONE
нанести,VERB,,xcomp,,,,,0.0341109367255396,NONE
Индии,PROPN,,iobj,Dat,Fem,Sing,Inan,0.4696185930315621,LOC
удар,NOUN,,obj,Acc,Masc,Sing,Inan,0.0740083539456497,NONE
в,ADP,,case,,,,,0.0281486854514158,NONE
спину,NOUN,,nmod,Acc,Fem,Sing,Inan,0.0212641231980903,NONE
"""",PUNCT,,punct,,,,,0.0578815366988104,NONE
"""",PUNCT,,punct,,,,,-0.1013758526991101,NONE
"""",PUNCT,,punct,,,,,-0.6910554364537301,NONE
Мы,PRON,,nsubj,Nom,,Plur,,-0.0864457650325608,NONE
не,PART,,advmod,,,,,0.0123708693374592,NONE
слышали,VERB,,root,,,Plur,,0.2263667875664932,NONE
от,ADP,,case,,,,,0.0557216008584535,NONE
вас,PRON,,obl,Gen,,Plur,,0.2056235532144855,NONE
.,PUNCT,,punct,,,,,0.810788394671899,NONE
Пожалуйста,ADV,,parataxis,,,,,0.1330916474359871,NONE
",",PUNCT,,punct,,,,,-0.1817739154071244,NONE
заполните,VERB,,root,,,Plur,,-0.0086423322897011,NONE
эту,DET,,det,Acc,Fem,Sing,,0.0422554509199762,NONE
форму,NOUN,,obj,Acc,Fem,Sing,Inan,-0.037993522260733,NONE
",",PUNCT,,punct,,,,,-0.0820463422121798,NONE
если,SCONJ,,mark,,,,,0.0265484123926206,NONE
у,ADP,,case,,,,,-0.0391394546461846,NONE
вас,PRON,,obl,Gen,,Plur,,0.0150643663312901,NONE
есть,VERB,,advcl,,,Sing,,-0.0247202457857941,NONE
возможность,NOUN,,nsubj,Nom,Fem,Sing,Inan,-0.0225307888218121,NONE
",",PUNCT,,punct,,,,,0.0026341802206488,NONE
однако,ADV,,advmod,,,,,-0.1524513755254328,NONE
если,SCONJ,,mark,,,,,0.1273030474273084,NONE
у,ADP,,case,,,,,-0.1459186393368201,NONE
вас,PRON,,obl,Gen,,Plur,,0.0109960648915794,NONE
нет,VERB,,advcl,,,,,-0.3911807527756099,NONE
времени,NOUN,,nsubj,Gen,Neut,Sing,Inan,0.1227600416628815,NONE
",",PUNCT,,punct,,,,,0.1812562017126658,NONE
тогда,ADV,,advmod,,,,,0.2127735916648113,NONE
позвольте,VERB,,conj,,,Plur,,0.0493679699701672,NONE
мне,PRON,,iobj,Dat,,Sing,,-0.0726635941238634,NONE
пожелать,VERB,,xcomp,,,,,-0.191439284082869,NONE
вам,PRON,,iobj,Dat,,Plur,,-0.0169426061770483,NONE
замечательного,ADJ,,amod,Gen,Masc,Sing,,0.0204145922175846,NONE
дня,NOUN,,obl,Gen,Masc,Sing,Inan,-0.0266937349563199,NONE
и,CCONJ,,cc,,,,,-0.1187158317959242,NONE
еще,PART,,advmod,,,,,-0.0892515314194297,NONE
раз,NOUN,,obl,Acc,Masc,Sing,Inan,-0.0102811071673926,NONE
поблагодарить,VERB,,conj,,,,,0.518120120910473,NONE
вас,PRON,,obj,Acc,,Plur,,-0.0244673494941923,NONE
.,PUNCT,,punct,,,,,0.2373644019908725,NONE
Мы,PRON,,nsubj,Nom,,Plur,,0.2725978279200889,NONE
переживаем,VERB,,root,,,Plur,,0.1964835803847429,NONE
огромный,ADJ,,amod,Acc,Masc,Sing,Inan,-0.0967823068878884,NONE
момент,NOUN,,obj,Acc,Masc,Sing,Inan,-0.0841217436952004,NONE
перемен,NOUN,,nmod,Gen,Fem,Plur,Inan,0.0772149590174752,NONE
в,ADP,,case,,,,,-0.0765299304427536,NONE
мире,NOUN,,nmod,Loc,Masc,Sing,Inan,0.0473367889755504,NONE
",",PUNCT,,punct,,,,,0.2838523963359524,NONE
и,CCONJ,,cc,,,,,0.0501737946313981,NONE
институт,NOUN,,nsubj,Nom,Masc,Sing,Inan,0.0283283132318719,NONE
",",PUNCT,,punct,,,,,0.1312750179068073,NONE
который,PRON,,obj,Acc,,,,-0.1317174481138634,NONE
я,PRON,,nsubj,Nom,,Sing,,-0.0360237857186824,NONE
построил,VERB,,acl:relcl,,Masc,Sing,,0.0365770112809982,NONE
",",PUNCT,,punct,,,,,0.0464412538701514,NONE
работает,VERB,,conj,,,Sing,,-0.0120973173642328,NONE
по,ADP,,case,,,,,-0.0564783468807959,NONE
всему,DET,,det,Dat,Masc,Sing,,-0.0037470999959909,NONE
миру,NOUN,,obl,Dat,Masc,Sing,Inan,0.0244136053423169,NONE
.,PUNCT,,punct,,,,,-0.8114644857118525,NONE
Позвонила,VERB,,root,,Fem,Sing,,0.8266652402278156,NONE
женщина,NOUN,,nsubj,Nom,Fem,Sing,Anim,-0.1134815289390844,NONE
из,ADP,,case,,,,,-0.1741074044831975,NONE
Дели,PROPN,,nmod,Gen,Masc,Sing,Inan,-0.0304709835817314,LOC
",",PUNCT,,punct,,,,,0.0146870966362283,NONE
главный,ADJ,,amod,Nom,Masc,Sing,,-0.0834928952361188,NONE
министр,NOUN,,appos,Nom,Masc,Sing,Anim,0.0433271186064497,NONE
Арвинд,PROPN,,appos,Nom,Masc,Sing,Anim,0.0260216859385915,PER
Кеджривал,PROPN,,flat:name,Nom,Masc,Sing,Anim,0.3311786242483646,PER
",",PUNCT,,punct,,,,,0.1088336748192977,NONE
которая,PRON,,nsubj,Nom,Fem,Sing,,-0.0748450575562815,NONE
предложила,VERB,,acl:relcl,,Fem,Sing,,-0.0312309228818448,NONE
помощь,NOUN,,obj,Acc,Fem,Sing,Inan,0.1146451348371419,NONE
.,PUNCT,,punct,,,,,0.1684740848900613,NONE
Поставщики,NOUN,,nsubj:pass,Nom,Masc,Plur,Anim,0.1216474762273389,NONE
энергоносителей,NOUN,,nmod,Gen,Masc,Plur,Inan,0.0495590518041744,NONE
обвиняются,VERB,,root,,,Plur,,0.1371603134286546,NONE
в,ADP,,case,,,,,-0.2259429684498033,NONE
"""",PUNCT,,punct,,,,,0.2326276069347483,NONE
"""",PUNCT,,punct,,,,,-0.0062267693237262,NONE
зеленых,ADJ,,amod,Loc,,Plur,,0.0057410321179967,NONE
"""",PUNCT,,punct,,,,,0.1485089878562631,NONE
"""",PUNCT,,punct,,,,,0.1013813552293224,NONE
тарифах,NOUN,,obl,Loc,Masc,Plur,Inan,0.3046573938233476,NONE
для,ADP,,case,,,,,0.1744103722197715,NONE
привлечения,NOUN,,nmod,Gen,Neut,Sing,Inan,0.0890400919210632,NONE
экологически,ADV,,obl,,,,,0.0741829534840013,NONE
чистых,ADJ,,amod,Gen,,Plur,,-0.0347667949443648,NONE
потребителей,NOUN,,nmod,Gen,Masc,Plur,Anim,0.1918954393356669,NONE
"""",PUNCT,,punct,,,,,-0.1764088102353994,NONE
Но,CCONJ,,cc,,,,,0.0828738050004305,NONE
анекдотично,ADV,,advmod,,,,,0.4333401556469452,NONE
",",PUNCT,,punct,,,,,0.1242861572049592,NONE
каждый,DET,,nsubj,Nom,Masc,Sing,,0.1925810777165888,NONE
сказал,VERB,,root,,Masc,Sing,,0.0271489335124104,NONE
",",PUNCT,,punct,,,,,-0.0259298989152682,NONE
что,SCONJ,,mark,,,,,-0.1197489484580656,NONE
цифры,NOUN,,nsubj,Nom,Fem,Plur,Inan,0.4864974320721271,NONE
",",PUNCT,,punct,,,,,0.1365697166846624,NONE
кажется,VERB,,parataxis,,,Sing,,0.0510634587841517,NONE
",",PUNCT,,punct,,,,,0.1960270311992224,NONE
растут,VERB,,ccomp,,,Plur,,0.5562399200872946,NONE
.,PUNCT,,punct,,,,,0.1311798533586209,NONE
Ранее,ADV,,advmod,,,,,0.4013882450974884,NONE
представители,NOUN,,nsubj,Nom,Masc,Plur,Anim,-0.0419648395796943,NONE
Твиттера,PROPN,,nmod,Gen,Masc,Sing,Inan,0.1348472168965678,ORG
сообщили,VERB,,root,,,Plur,,-0.0830836119636079,NONE
",",PUNCT,,punct,,,,,-0.1043095772188344,NONE
что,SCONJ,,mark,,,,,0.1036776336441545,NONE
на,ADP,,case,,,,,-0.0508975115349518,NONE
время,NOUN,,obl,Acc,Neut,Sing,Inan,-0.1399734663700554,NONE
заблокировали,VERB,,ccomp,,,Plur,,-0.042025774440333,NONE
аккаунт,NOUN,,obj,Acc,Masc,Sing,Inan,-0.0802497520485475,NONE
Вайли,PROPN,,nmod,Gen,Masc,Sing,Anim,-0.0075332702459253,PER
за,ADP,,case,,,,,-0.0203744486643859,NONE
«нарушение,NOUN,,obl,Acc,Neut,Sing,Inan,0.115883726085999,NONE
политики,NOUN,,nmod,Gen,Fem,Sing,Inan,0.1448520852334142,NONE
в,ADP,,case,,,,,0.0027083577444626,NONE
отношении,NOUN,,fixed,Loc,Neut,Sing,Inan,-0.1350226220327464,NONE
контента,NOUN,,nmod,Gen,Masc,Sing,Inan,-0.0121031594035585,NONE
",",PUNCT,,punct,,,,,0.150375899747099,NONE
разжигающего,VERB,,acl,Gen,Masc,Sing,,0.0761780159546632,NONE
ненависть»,NOUN,,obj,Acc,Fem,Sing,Inan,0.1858340652551774,NONE
",",PUNCT,,punct,,,,,0.1304702896222139,NONE
а,CCONJ,,cc,,,,,0.1488687297473033,NONE
представители,NOUN,,nsubj,Nom,Masc,Plur,Anim,-0.0257464969069091,NONE
Фейсбука,PROPN,,nmod,Gen,Masc,Sing,Inan,0.1307790202933977,ORG
написали,VERB,,conj,,,Plur,,0.0512239975104995,NONE
",",PUNCT,,punct,,,,,0.1546844883085948,NONE
что,SCONJ,,mark,,,,,0.1657617802462876,NONE
«в,PUNCT,,punct,,,,,0.1732886858019938,NONE
Инстаграме,PROPN,,obl,Loc,Masc,Sing,Inan,-0.0040684805047832,PER
нет,VERB,,ccomp,,,Sing,,-0.1294943797511561,NONE
места,NOUN,,nsubj,Gen,Neut,Sing,Inan,-0.0283472718091405,NONE
ксенофобским,ADJ,,amod,Dat,,Plur,,0.1516378132884399,NONE
высказываниям»,NOUN,,nmod,Dat,Neut,Plur,Inan,0.2335676197190205,NONE
.,PUNCT,,punct,,,,,-0.3007103888489824,NONE
МЛР,NOUN,,iobj,,,,,0.4407340032110851,NONE
еще,ADV,,advmod,,,,,-0.7664273515331231,NONE
предстоит,VERB,,root,,,Sing,,-0.2746596202551647,NONE
пройти,VERB,,csubj,,,,,-0.1497441246550141,NONE
путь,NOUN,,obj,Acc,Masc,Sing,Inan,0.005176943625655,NONE
.,PUNCT,,punct,,,,,0.0395606820502505,NONE
Уполномоченный,NOUN,,nsubj,Nom,Masc,Sing,Anim,0.8142103922107569,NONE
по,ADP,,case,,,,,-0.0897319999232018,NONE
развитию,NOUN,,nmod,Dat,Neut,Sing,Inan,0.0183468113330342,NONE
валлийского,ADJ,,amod,Gen,Masc,Sing,,0.0171122590455846,NONE
языка,NOUN,,nmod,Gen,Masc,Sing,Inan,-0.0426758815930508,NONE
Алед,PROPN,,appos,Nom,Masc,Sing,Anim,-0.0268655594404355,PER
Робертс,PROPN,,flat:name,Nom,Masc,Sing,Anim,0.0302250904815407,PER
сказал,VERB,,root,,Masc,Sing,,0.112214175050688,NONE
:,PUNCT,,punct,,,,,-0.0783750112016226,NONE
“Я,PRON,,nsubj,Nom,,Sing,,0.0339282136616446,NONE
поздравляю,VERB,,parataxis,,,Sing,,0.0594202678721754,NONE
Кардифф,PROPN,,obj,Acc,Masc,Sing,Inan,0.010643701182178,LOC
с,ADP,,case,,,,,-0.1772893752073604,NONE
новой,ADJ,,amod,Ins,Fem,Sing,,-0.0161851409209655,NONE
политикой,NOUN,,obl,Ins,Fem,Sing,Inan,-0.0145880274712663,NONE
называния,NOUN,,nmod,Gen,Neut,Sing,Inan,0.0582823528020869,NONE
улиц”,NOUN,,nmod,Gen,Fem,Plur,Inan,-0.0322016039546371,NONE
.,PUNCT,,punct,,,,,0.27752452750616,NONE
В,ADP,,case,,,,,0.4112136466102736,NONE
результате,NOUN,,obl,Loc,Masc,Sing,Inan,0.3915262413494574,NONE
",",PUNCT,,punct,,,,,-0.0307797519369429,NONE
когда,SCONJ,,mark,,,,,-0.1839453969676391,NONE
компании,NOUN,,nsubj,Nom,Fem,Plur,Inan,-0.3258950513790647,NONE
вновь,ADV,,advmod,,,,,0.0986692309015173,NONE
открылись,VERB,,advcl,,,Plur,,-0.1583050982823681,NONE
",",PUNCT,,punct,,,,,0.1219280808209677,NONE
у,ADP,,case,,,,,-0.208979690557421,NONE
некоторых,DET,,det,Gen,,Plur,,-0.0271197523038376,NONE
сотрудников,NOUN,,obl,Gen,Masc,Plur,Anim,0.1669033067057644,NONE
не,PART,,advmod,,,,,0.2902071637369622,NONE
было,VERB,,root,,Neut,Sing,,0.0244144665901061,NONE
стимула,NOUN,,nsubj,Gen,Masc,Sing,Inan,0.1444431006145052,NONE
возвращаться,VERB,,obl,,,,,0.2935371996677635,NONE
на,ADP,,case,,,,,-0.0460607757870797,NONE
работу,NOUN,,obl,Acc,Fem,Sing,Inan,-0.1800383488565553,NONE
.,PUNCT,,punct,,,,,0.2901022768773466,NONE
Шамата,NOUN,,nsubj,Nom,Fem,Sing,Inan,0.3232693477499225,PER
относится,VERB,,root,,,Sing,,-0.0267249814685058,NONE
к,ADP,,case,,,,,-0.0134525787824765,NONE
избирательному,ADJ,,amod,Dat,Masc,Sing,,0.103298320032593,NONE
округу,NOUN,,obl,Dat,Masc,Sing,Inan,0.0253636546940896,NONE
Ндарагва,PROPN,,appos,Nom,Fem,Sing,Inan,-0.0123867944331282,LOC
",",PUNCT,,punct,,,,,0.0643482131149822,NONE
член,NOUN,,nsubj,Nom,Masc,Sing,Anim,0.0261969436901079,NONE
парламента,NOUN,,nmod,Gen,Masc,Sing,Inan,-0.0029569983834442,NONE
от,ADP,,case,,,,,0.0582451529966309,NONE
которого,PRON,,obl,Gen,,,,0.1411138514468083,NONE
Джеремайа,PROPN,,nsubj,Nom,Masc,Sing,Anim,0.245903613139833,PER
Киони,PROPN,,flat:name,Nom,Masc,Sing,Anim,0.3080044243470887,PER
как-то,ADV,,advmod,,,,,0.1718594062476426,NONE
пригрозил,VERB,,acl:relcl,,Masc,Sing,,0.1451497010768394,NONE
",",PUNCT,,punct,,,,,0.2273587889915673,NONE
что,SCONJ,,mark,,,,,0.0896530445865082,NONE
выступит,VERB,,ccomp,,,Sing,,0.1830072611532052,NONE
за,ADP,,case,,,,,0.0557855713487593,NONE
присоединение,NOUN,,obl,Acc,Neut,Sing,Inan,0.1139527823746276,NONE
района,NOUN,,nmod,Gen,Masc,Sing,Inan,0.077965764781838,NONE
к,ADP,,case,,,,,0.0826067147084225,NONE
соседнему,ADJ,,amod,Dat,Masc,Sing,,0.1712663989651437,NONE
округу,NOUN,,nmod,Dat,Masc,Sing,Inan,0.2627122503991853,NONE
Лаикипия,PROPN,,appos,Nom,Fem,Sing,Inan,0.1617059553233146,LOC
.,PUNCT,,punct,,,,,0.0862316971331775,NONE
Согласно,ADP,,case,,,,,-0.1347714283469663,NONE
местным,ADJ,,amod,Dat,,Plur,,0.0119266562015295,NONE
новостям,NOUN,,parataxis,Dat,Fem,Plur,Inan,0.0288608034062859,NONE
со,ADP,,case,,,,,0.0268266782329498,NONE
ссылкой,NOUN,,nmod,Ins,Fem,Sing,Inan,0.0772422358276568,NONE
на,ADP,,case,,,,,-0.0320764819030299,NONE
одного,NUM,,nmod,Acc,Masc,,Anim,0.0170517660171677,NONE
из,ADP,,case,,,,,-0.0190953890735021,NONE
адвокатов,NOUN,,nmod,Gen,Masc,Plur,Anim,0.1019162602686218,NONE
защиты,NOUN,,nmod,Gen,Fem,Sing,Inan,0.0330342297643002,NONE
Милуда,PROPN,,appos,Nom,Fem,Sing,Anim,0.1046402834234812,PER
Брахими,PROPN,,flat:name,Gen,Masc,Sing,Anim,0.0600780798200871,PER
",",PUNCT,,punct,,,,,0.191332061914361,NONE
шесть,NUM,,nummod:gov,Nom,,,,-0.0390606414621453,NONE
человек,NOUN,,nsubj:pass,Gen,Masc,Plur,Anim,-0.0309419599560024,NONE
были,AUX,,aux:pass,,,Plur,,-0.0299959649876634,NONE
осуждены,VERB,,root,,,Plur,,0.0587654409383152,NONE
за,ADP,,case,,,,,0.0020222652110901,NONE
ночь,NOUN,,obl,Acc,Fem,Sing,Inan,0.0349612617505767,NONE
в,ADP,,case,,,,,0.0298545579302917,NONE
ходе,NOUN,,fixed,Loc,Masc,Sing,Inan,-0.0094043977219389,NONE
закрытого,ADJ,,amod,Gen,Masc,Sing,,0.0508805149045693,NONE
судебного,ADJ,,amod,Gen,Masc,Sing,,0.0029519446223214,NONE
процесса,NOUN,,obl,Gen,Masc,Sing,Inan,0.0756419678225822,NONE
в,ADP,,case,,,,,0.0719952203214557,NONE
Блиде,PROPN,,nmod,Loc,Masc,Sing,Inan,0.0982379537933488,LOC
.,PUNCT,,punct,,,,,-0.691987836838971,NONE
Но,CCONJ,,cc,,,,,-0.0082615421760244,NONE
если,SCONJ,,mark,,,,,0.1252836974681496,NONE
я,PRON,,nsubj,Nom,,Sing,,-0.0863547868164906,NONE
очень,ADV,,obl,,,,,-0.0612482278497655,NONE
голоден,ADJ,,advcl,,Masc,Sing,,0.0612195539809615,NONE
",",PUNCT,,punct,,,,,0.0998865342168793,NONE
да,PART,,parataxis,,,,,0.0174466233408963,NONE
",",PUNCT,,punct,,,,,0.248201363630663,NONE
я,PRON,,nsubj,Nom,,Sing,,0.0445455080189278,NONE
съем,VERB,,root,,,Plur,,0.3518723193954396,NONE
что-нибудь,PRON,,obj,Acc,,,,0.045796706932873,NONE
еще,ADV,,obl,,,,,-0.0946759328967127,NONE
",",PUNCT,,punct,,,,,0.3324207238371452,NONE
чтобы,SCONJ,,mark,,,,,0.0315885114598435,NONE
подпитывать,VERB,,advcl,,,,,0.1913895284579646,NONE
свой,DET,,det,Acc,Masc,Sing,,0.174690413110117,NONE
организм,NOUN,,obj,Acc,Masc,Sing,Inan,0.0455857759801736,NONE
и,CCONJ,,cc,,,,,-0.1253138247057513,NONE
смириться,VERB,,conj,,,,,0.0980840742592285,NONE
с,ADP,,case,,,,,0.0039726848924625,NONE
тем,PRON,,obl,Ins,Neut,Sing,Inan,-0.0175121959457345,NONE
",",PUNCT,,punct,,,,,0.1799629663555023,NONE
что,SCONJ,,mark,,,,,0.0859881307719898,NONE
потеря,NOUN,,nsubj,Nom,Fem,Sing,Inan,-0.0856801695138824,NONE
веса,NOUN,,nmod,Gen,Masc,Sing,Inan,0.0447228336434986,NONE
может,VERB,,acl,,,Sing,,-0.0020862834086763,NONE
быть,AUX,,cop,,,,,-0.0525152905801798,NONE
на,ADP,,case,,,,,-0.0216202101650309,NONE
день,NOUN,,obl,Acc,Masc,Sing,Inan,0.0209665325897047,NONE
медленнее,ADJ,,obl,,,,,0.0892079897097866,NONE
или,CCONJ,,cc,,,,,-0.0167639817541351,NONE
нет,PART,,conj,,,,,-0.2479817022848115,NONE
.,PUNCT,,punct,,,,,-0.6114283439994002,NONE
Он,PRON,,nsubj,Nom,Masc,Sing,,-0.1074528441532451,NONE
также,ADV,,advmod,,,,,0.1647377516536598,NONE
уведомил,VERB,,root,,Masc,Sing,,-0.03103936226828,NONE
суд,NOUN,,obj,Acc,Masc,Sing,Inan,0.0494447130096506,NONE
о,ADP,,case,,,,,-0.0272653791096576,NONE
том,PRON,,obl,Loc,Neut,Sing,Inan,-0.0141646266119507,NONE
",",PUNCT,,punct,,,,,0.2115089823781095,NONE
что,SCONJ,,mark,,,,,0.0319889307486667,NONE
недавнее,ADJ,,amod,Nom,Neut,Sing,,0.0959957056417337,NONE
ходатайство,NOUN,,nsubj:pass,Nom,Neut,Sing,Inan,0.0996660391828109,NONE
было,AUX,,aux:pass,,Neut,Sing,,0.0174702952821938,NONE
обогнуто,VERB,,acl,,Neut,Sing,,0.0940163198068926,NONE
событиями,NOUN,,obl,Ins,Neut,Plur,Inan,0.0290561427642706,NONE
",",PUNCT,,punct,,,,,0.1997140103928488,NONE
основанными,VERB,,acl,Ins,,Plur,,0.0700592691408964,NONE
на,ADP,,case,,,,,-0.0416110363015643,NONE
положениях,NOUN,,obl,Loc,Neut,Plur,Inan,0.0337286861977714,NONE
закона,NOUN,,nmod,Gen,Masc,Sing,Inan,0.1171024867524171,NONE
",",PUNCT,,punct,,,,,0.1553243068020201,NONE
поскольку,SCONJ,,mark,,,,,0.0496975182862913,NONE
ССС,PROPN,,nsubj,Nom,Fem,Sing,Inan,0.0886458173076732,ORG
направила,VERB,,advcl,,Fem,Sing,,0.0491655518819694,NONE
в,ADP,,case,,,,,0.072713076753292,NONE
суд,NOUN,,obl,Acc,Masc,Sing,Inan,-0.2821689761627863,NONE
информацию,NOUN,,obj,Acc,Fem,Sing,Inan,0.0286176617850675,NONE
о,ADP,,case,,,,,0.1260406443555258,NONE
том,PRON,,nmod,Loc,Neut,Sing,Inan,0.0194747737666471,NONE
",",PUNCT,,punct,,,,,0.122100739158876,NONE
что,SCONJ,,mark,,,,,0.1207507927780561,NONE
были,AUX,,aux:pass,,,Plur,,-0.1769801212789967,NONE
завершены,VERB,,acl,,,Plur,,0.0183224714918779,NONE
расследования,NOUN,,nsubj:pass,Nom,Neut,Plur,Inan,0.0623554371975248,NONE
по,ADP,,case,,,,,-0.0824388430458789,NONE
обвинениям,NOUN,,nmod,Dat,Neut,Plur,Inan,0.0997925923389853,NONE
в,ADP,,case,,,,,-0.0204591962265842,NONE
адрес,NOUN,,nmod,Acc,Masc,Sing,Inan,0.0542495263917029,NONE
г-на,NOUN,,nmod,Gen,Masc,Sing,Anim,0.0521958031597474,NONE
Соуора,PROPN,,appos,Gen,Masc,Sing,Anim,0.0790819193282843,PER
.,PUNCT,,punct,,,,,-0.4375474684630867,NONE
Он,PRON,,nsubj,Nom,Masc,Sing,,-0.2741631243515576,NONE
добавил,VERB,,root,,Masc,Sing,,-0.1439440565309994,NONE
",",PUNCT,,punct,,,,,0.0537959208032131,NONE
что,SCONJ,,mark,,,,,-0.1709131199406366,NONE
дерево,NOUN,,nsubj,Nom,Neut,Sing,Inan,0.0421854930508518,NONE
спальни,NOUN,,nmod,Gen,Fem,Sing,Inan,0.0480552499621086,NONE
также,ADV,,advmod,,,,,0.4153241078796656,NONE
может,VERB,,ccomp,,,Sing,,0.1034230310727002,NONE
перенести,VERB,,xcomp,,,,,0.0141133214450568,NONE
людей,NOUN,,obj,Acc,Masc,Plur,Anim,0.1315164218107336,NONE
обратно,ADV,,advmod,,,,,0.2335432046600519,NONE
в,ADP,,case,,,,,0.1561662499788178,NONE
более,ADV,,obl,,,,,0.2599502539707647,NONE
беззаботную,ADJ,,amod,Acc,Fem,Sing,,0.0021166568227642,NONE
и,CCONJ,,cc,,,,,-0.2406816982503606,NONE
юношескую,ADJ,,conj,Acc,Fem,Sing,,0.1267546846770352,NONE
эпоху,NOUN,,obl,Acc,Fem,Sing,Inan,0.1493206587305693,NONE
.,PUNCT,,punct,,,,,0.2069768971292079,NONE
Организация,NOUN,,nsubj,Nom,Fem,Sing,Inan,-0.1110929922567879,NONE
требует,VERB,,root,,,Sing,,-0.0068927849242687,NONE
",",PUNCT,,punct,,,,,0.0847593582966061,NONE
чтобы,SCONJ,,mark,,,,,0.0511760047726468,NONE
Управление,PROPN,,nsubj,Nom,Neut,Sing,Inan,-0.1252435751549308,ORG
рынками,NOUN,,nmod,Ins,Masc,Plur,Inan,0.0066991525196115,ORG
газа,NOUN,,nmod,Gen,Masc,Sing,Inan,0.0286471448747729,ORG
и,CCONJ,,cc,,,,,0.0190385642466536,ORG
электроэнергии,NOUN,,conj,Gen,Fem,Sing,Inan,0.073400493992178,ORG
(,PUNCT,,punct,,,,,-0.1280231001382664,NONE
государственный,ADJ,,amod,Nom,Masc,Sing,,-0.0083180849910829,NONE
орган,NOUN,,parataxis,Nom,Masc,Sing,Inan,-0.0404936070312752,NONE
в,ADP,,case,,,,,0.0474904291706856,NONE
Британии,PROPN,,nmod,Loc,Fem,Sing,Inan,0.1044796775878334,LOC
),PUNCT,,punct,,,,,-0.0813397837364401,NONE
дало,VERB,,ccomp,,Neut,Sing,,0.0640365648049051,NONE
более,ADV,,obl,,,,,0.1708353215679543,NONE
четкое,ADJ,,amod,Acc,Neut,Sing,,0.0706742837656621,NONE
определение,NOUN,,obj,Acc,Neut,Sing,Inan,-0.0677325064329024,NONE
термину,NOUN,,nmod,Dat,Masc,Sing,Inan,0.03643757769246,NONE
«возобновляемый,VERB,,amod,Acc,Masc,Sing,Inan,0.0890068181260109,NONE
источник,NOUN,,nmod,Acc,Masc,Sing,Inan,0.0762734183948498,NONE
энергии»,NOUN,,nmod,Gen,Fem,Plur,Inan,-0.013407231463876,NONE
",",PUNCT,,punct,,,,,0.089505088024612,NONE
потому,ADV,,mark,,,,,0.1398078321893383,NONE
что,SCONJ,,fixed,,,,,0.1858572429795884,NONE
современная,ADJ,,amod,Nom,Fem,Sing,,0.0301149003935697,NONE
система,NOUN,,nsubj,Nom,Fem,Sing,Inan,-0.0224517532306295,NONE
позволяет,VERB,,advcl,,,Sing,,-0.2351178415718224,NONE
поставщикам,NOUN,,iobj,Dat,Masc,Plur,Anim,0.0383299025363547,NONE
электричества,NOUN,,nmod,Gen,Neut,Sing,Inan,0.073301936970145,NONE
полагаться,VERB,,xcomp,,,,,0.0253537391251508,NONE
исключительно,ADV,,obl,,,,,-0.0052879468057089,NONE
на,ADP,,case,,,,,0.0032334060358003,NONE
сертификаты,NOUN,,obl,Acc,Masc,Plur,Inan,0.0433077560444339,NONE
REGO,PROPN,,flat:foreign,,,,,0.0156170344955221,NONE
–,PUNCT,,punct,,,,,-0.0667714641108939,NONE
призванные,ADJ,,acl,Acc,,Plur,Inan,0.0320223122006415,NONE
информировать,VERB,,xcomp,,,,,-0.0202784892815364,NONE
потребителей,NOUN,,obj,Acc,Masc,Plur,Anim,0.0750884897443638,NONE
",",PUNCT,,punct,,,,,0.160335208817824,NONE
сколько,NUM,,nsubj:pass,,,,,0.0528212949176584,NONE
электричества,NOUN,,obl,Gen,Neut,Sing,Inan,0.0909684967451151,NONE
добывается,VERB,,ccomp,,,Sing,,0.0589977794694529,NONE
из,ADP,,case,,,,,0.0444788829916549,NONE
возобновляемых,VERB,,amod,Gen,,Plur,,0.0525692718843837,NONE
источников,NOUN,,obl,Gen,Masc,Plur,Inan,0.0671420090222034,NONE
",",PUNCT,,punct,,,,,0.0493278477836595,NONE
–,PUNCT,,punct,,,,,-0.1309518960047657,NONE
они,PRON,,nsubj,Nom,,Plur,,0.1076707424083401,NONE
делают,VERB,,conj,,,Plur,,-0.1689592037338823,NONE
вид,NOUN,,obj,Acc,Masc,Sing,Inan,0.0807480827055746,NONE
",",PUNCT,,punct,,,,,0.1823301311659765,NONE
что,SCONJ,,mark,,,,,0.1557752300481978,NONE
их,DET,,det,,,,,0.0543149835538161,NONE
бизнес,NOUN,,nsubj,Nom,Masc,Sing,Inan,0.0010874333656251,NONE
экологичен,ADJ,,ccomp,,Masc,Sing,,0.1601686404484859,NONE
и,CCONJ,,cc,,,,,-0.0535925637094107,NONE
«практически,ADV,,advmod,,,,,0.0445615248583752,NONE
никак»,ADV,,advmod,,,,,-0.0737189655140604,NONE
не,PART,,advmod,,,,,0.0568603935907836,NONE
следуют,VERB,,conj,,,Plur,,0.0300524141086822,NONE
за,ADP,,case,,,,,-0.1024334619605075,NONE
новыми,ADJ,,amod,Ins,,Plur,,-0.006011538379899,NONE
технологиями,NOUN,,obl,Ins,Fem,Plur,Inan,0.0150057827171094,NONE
в,ADP,,case,,,,,0.0635277570844474,NONE
области,NOUN,,nmod,Loc,Fem,Sing,Inan,-0.0335823620960815,NONE
возобновляемой,VERB,,amod,Gen,Fem,Sing,,0.0426005630624228,NONE
энергии,NOUN,,nmod,Gen,Fem,Sing,Inan,-0.03217155109871,NONE
",",PUNCT,,punct,,,,,0.0966379402453831,NONE
вводя,VERB,,advcl,,,,,0.0752341268269834,NONE
потребителей,NOUN,,obj,Acc,Masc,Plur,Anim,-0.0299559975681605,NONE
в,ADP,,case,,,,,-0.0226235855953657,NONE
заблуждение,NOUN,,obl,Acc,Neut,Sing,Inan,0.0298412707179795,NONE
.,PUNCT,,punct,,,,,0.1642969474206232,NONE
Уязвимость,NOUN,,nsubj:pass,Nom,Fem,Sing,Inan,0.150820014178406,NONE
",",PUNCT,,punct,,,,,-0.0115192547593764,NONE
получившая,VERB,,acl,Nom,Fem,Sing,,-0.1203973966824626,NONE
название,NOUN,,obj,Acc,Neut,Sing,Inan,-0.2119074033847907,NONE
«Log4Shell»,PROPN,,flat:foreign,,,,,0.4274953786878708,NONE
",",PUNCT,,punct,,,,,0.1428268462841025,NONE
была,AUX,,aux:pass,,Fem,Sing,,0.025053870802124,NONE
оценена,VERB,,root,,Fem,Sing,,0.0384539787198535,NONE
в,ADP,,case,,,,,0.039590724824328,NONE
10,NUM,,nummod,,,,,0.0553180591502928,NONE
баллов,NOUN,,obl,Gen,Masc,Plur,Inan,0.1019536160973806,NONE
по,ADP,,case,,,,,0.0115282128954076,NONE
шкале,NOUN,,nmod,Dat,Fem,Sing,Inan,0.2379116035962471,NONE
от,ADP,,case,,,,,0.0368496168441109,NONE
1,NUM,,nmod,,,,,-0.1188550079769217,NONE
до,ADP,,case,,,,,-0.0054155259782205,NONE
10,NUM,,nmod,,,,,-0.0930732211703859,NONE
от,ADP,,case,,,,,0.0753296755195195,NONE
Apache,PROPN,,flat:foreign,,,,,-0.0328305832587608,ORG
Software,PROPN,,flat:foreign,,,,,-0.004880772301402,ORG
Foundation,PROPN,,flat:foreign,,,,,0.0508226503068395,ORG
",",PUNCT,,punct,,,,,0.0301614419755599,NONE
который,PRON,,nsubj,Nom,,,,-0.0533716662483722,NONE
контролирует,VERB,,acl:relcl,,,Sing,,0.0230428511371592,NONE
разработку,NOUN,,obj,Acc,Fem,Sing,Inan,0.1058439401152855,NONE
программного,ADJ,,amod,Gen,Neut,Sing,,0.0555108864288792,NONE
обеспечения,NOUN,,nmod,Gen,Neut,Sing,Inan,-0.0321974309006026,NONE
.,PUNCT,,punct,,,,,0.4382974760640833,NONE
Я,PRON,,nsubj,Nom,,Sing,,-0.0543041137801065,NONE
поклялся,VERB,,root,,Masc,Sing,,0.1122040467808747,NONE
никогда,ADV,,advmod,,,,,0.500874152063773,NONE
больше,ADV,,advmod,,,,,0.2772092875579401,NONE
не,PART,,advmod,,,,,0.0761159906272389,NONE
использовать,VERB,,xcomp,,,,,0.1935102928798149,NONE
Avis,PROPN,,flat:foreign,,,,,0.188027246896038,NONE
.,PUNCT,,punct,,,,,0.6687531875363709,NONE
В,ADP,,case,,,,,-0.0184580332890283,NONE
oOh,PROPN,,root,,,,,0.0716270433725153,ORG
!,PUNCT,,punct,,,,,0.2373203653873776,ORG
media,X,,flat:foreign,,,,,0.153533548220018,ORG
отказались,VERB,,flat:foreign,,,Plur,,0.0229844931646266,NONE
от,ADP,,case,,,,,-0.0542258628907847,NONE
комментариев,NOUN,,obl,Gen,Masc,Plur,Inan,-0.0889969697502455,NONE
",",PUNCT,,punct,,,,,-0.1509909640155361,NONE
однако,ADV,,advmod,,,,,-0.2083767337393666,NONE
на,ADP,,case,,,,,0.0266428761596028,NONE
конференции,NOUN,,obl,Loc,Fem,Sing,Inan,-0.0152085254191066,NONE
Macquarie,PROPN,,flat:foreign,,,,,0.1437504311482947,ORG
Australia,PROPN,,flat:foreign,,,,,0.0141951804422579,ORG
Conference,PROPN,,flat:foreign,,,,,0.0790160510496481,ORG
в,ADP,,case,,,,,0.2008531583171125,NONE
мае,NOUN,,nmod,Loc,Masc,Sing,Inan,-0.0116138413666304,NONE
представители,NOUN,,nsubj,Nom,Masc,Plur,Anim,1.9155895319208676,NONE
компании,NOUN,,nmod,Gen,Fem,Sing,Inan,0.0034100905807377,NONE
сообщили,VERB,,conj,,,Plur,,0.1671710266552484,NONE
",",PUNCT,,punct,,,,,0.0143442032788659,NONE
что,SCONJ,,mark,,,,,0.203275893302745,NONE
ей,PRON,,iobj,Dat,Fem,Sing,,0.3071333051435952,NONE
удалось,VERB,,ccomp,,Neut,Sing,,-0.001409403015566,NONE
сократить,VERB,,csubj,,,,,0.1302316058752123,NONE
издержки,NOUN,,obj,Acc,Fem,Plur,Inan,0.091219944154468,NONE
на,ADP,,case,,,,,0.0788489194623704,NONE
фиксированную,VERB,,amod,Acc,Fem,Sing,,0.0513860084764508,NONE
арендную,ADJ,,amod,Acc,Fem,Sing,,0.076804821794125,NONE
плату,NOUN,,nmod,Acc,Fem,Sing,Inan,0.1760717889563297,NONE
более,ADV,,case,,,,,0.2292657292229289,NONE
чем,SCONJ,,fixed,,,,,0.1099917323169134,NONE
20,NUM,,nummod,,,,,0.0136359014107085,NONE
млн,NOUN,,nummod,Gen,Masc,Plur,Inan,0.0459109236122385,NONE
долларов,NOUN,,nmod,Gen,Masc,Plur,Inan,0.0564366969632962,NONE
.,PUNCT,,punct,,,,,0.1790550214766354,NONE
Если,SCONJ,,mark,,,,,0.2774442380367499,NONE
вам,PRON,,iobj,Dat,,Plur,,-0.0534879314089856,NONE
требуется,VERB,,advcl,,,Sing,,0.1136712916687418,NONE
квитанция,NOUN,,nsubj,Nom,Fem,Sing,Inan,-0.0045055781822132,NONE
по,ADP,,case,,,,,-0.0230450790598089,NONE
НДС,PROPN,,nmod,Dat,Masc,Sing,Inan,-0.0433900830616487,NONE
",",PUNCT,,punct,,,,,-0.0719487973245748,NONE
пожалуйста,ADV,,parataxis,,,,,0.0601174420413668,NONE
",",PUNCT,,punct,,,,,-0.0215200605178948,NONE
свяжитесь,VERB,,root,,,Plur,,0.4819984651549123,NONE
с,ADP,,case,,,,,0.100543802020373,NONE
нами,PRON,,obl,Ins,,Plur,,-0.3545989344777138,NONE
",",PUNCT,,punct,,,,,0.075878902913454,NONE
и,CCONJ,,cc,,,,,-0.0245772444946102,NONE
мы,PRON,,nsubj,Nom,,Plur,,0.0255608107695816,NONE
отправим,VERB,,conj,,,Plur,,0.1086548336129634,NONE
ее,PRON,,obj,Acc,Fem,Sing,,-0.0648764684321174,NONE
по,ADP,,case,,,,,0.0994385954709905,NONE
электронной,ADJ,,amod,Dat,Fem,Sing,,0.1671701359141419,NONE
почте,NOUN,,obl,Dat,Fem,Sing,Inan,0.317768936052696,NONE
.,PUNCT,,punct,,,,,0.4704377230562975,NONE
Но,CCONJ,,cc,,,,,0.1130222935177493,NONE
«Интер»,NOUN,,nsubj,Nom,Masc,Sing,Inan,0.0980697524098549,ORG
продолжает,VERB,,root,,,Sing,,-0.0563793630115085,NONE
настаивать,VERB,,xcomp,,,,,0.0565040202256959,NONE
на,ADP,,case,,,,,0.0791426600723544,NONE
выплате,NOUN,,obl,Loc,Fem,Sing,Inan,0.0955552505502302,NONE
101,NUM,,nummod,,,,,-0.1022860429303215,NONE
миллиона,NOUN,,nummod,Gen,Masc,Sing,Inan,0.0477300631666131,NONE
фунтов,NOUN,,nmod,Gen,Masc,Plur,Inan,0.0614129621524389,NONE
отступных,ADJ,,nmod,Gen,,Plur,,0.0264036484232947,NONE
перед,ADP,,case,,,,,0.0183064298568828,NONE
началом,NOUN,,nmod,Ins,Neut,Sing,Inan,0.1037413200536365,NONE
переговоров,NOUN,,nmod,Gen,Masc,Plur,Inan,0.1516521159122196,NONE
с,ADP,,case,,,,,0.0147370178661098,NONE
каталонцами,NOUN,,nmod,Ins,Masc,Plur,Anim,0.1392642129493572,NONE
.,PUNCT,,punct,,,,,-0.534849006209079,NONE
Он,PRON,,nsubj,Nom,Masc,Sing,,-0.2404775753836638,NONE
ездил,VERB,,root,,Masc,Sing,,0.2534991917070073,NONE
на,ADP,,case,,,,,-0.1934105251916349,NONE
южном,ADJ,,amod,Loc,Masc,Sing,,-0.0443956285162682,NONE
велосипеде,NOUN,,obl,Loc,Masc,Sing,Inan,-0.0178606264871894,NONE
вдоль,ADP,,case,,,,,-0.1573982705631288,NONE
A82,PROPN,,obl,,,,,0.2014216304421821,NONE
и,CCONJ,,cc,,,,,0.1157571271726387,NONE
в,ADP,,case,,,,,0.039046927149939,NONE
последний,ADJ,,amod,Acc,Masc,Sing,Inan,-0.0151299721786462,NONE
раз,NOUN,,obl,Acc,Masc,Sing,Inan,-0.0668060895600998,NONE
видели,VERB,,conj,,,Plur,,0.1822464512962388,NONE
в,ADP,,case,,,,,-0.0465171875803025,NONE
11:30,NUM,,obl,,,,,0.1896587895776959,NONE
вечера,NOUN,,flat,Gen,Masc,Sing,Inan,-0.1023428946733454,NONE
в,ADP,,case,,,,,-0.0072313725182212,NONE
ту,DET,,det,Acc,Fem,Sing,,-0.1468358173809827,NONE
ночь,NOUN,,obl,Acc,Fem,Sing,Inan,0.1167333135928653,NONE
за,ADP,,case,,,,,-0.0225202992161383,NONE
мостом,NOUN,,obl,Ins,Masc,Sing,Inan,0.0392789403257665,NONE
Orchy,PROPN,,flat:foreign,,,,,0.1930384616644067,NONE
Hotel,PROPN,,flat:foreign,,,,,0.0145745494059186,NONE
",",PUNCT,,punct,,,,,-0.0434262816468179,NONE
откуда,ADV,,advmod,,,,,-0.0769713246331391,NONE
он,PRON,,nsubj,Nom,Masc,Sing,,0.0483465072141756,NONE
",",PUNCT,,punct,,,,,0.1768665143177717,NONE
по-видимому,ADV,,parataxis,,,,,0.1513953547423724,NONE
",",PUNCT,,punct,,,,,0.01588013984902,NONE
продолжал,VERB,,acl:relcl,,Masc,Sing,,-0.0496952403060195,NONE
на,ADP,,case,,,,,0.0762774658329729,NONE
юг,NOUN,,obl,Acc,Masc,Sing,Inan,-0.0501608804497969,NONE
в,ADP,,case,,,,,-0.0031033183325869,NONE
направлении,NOUN,,obl,Loc,Neut,Sing,Inan,0.0965966958440706,NONE
Tyndrum,PROPN,,flat:foreign,,,,,0.1853024006925158,ORG
.,PUNCT,,punct,,,,,-0.1111267450818343,NONE
Звучит,VERB,,root,,,Sing,,0.2182928561233428,NONE
так,ADV,,advmod,,,,,-0.0793893457941829,NONE
спокойно,ADV,,advmod,,,,,0.2873488181098422,NONE
.,PUNCT,,punct,,,,,0.0928096924920421,NONE
.,PUNCT,,punct,,,,,0.0143120482342119,NONE
.,PUNCT,,punct,,,,,0.6438582709512809,NONE
Далее,ADV,,advmod,,,,,0.0609632528184656,NONE
он,PRON,,nsubj,Nom,Masc,Sing,,0.4205596568736127,NONE
отметил,VERB,,root,,Masc,Sing,,-0.2141401213144823,NONE
",",PUNCT,,punct,,,,,0.4746285392394845,NONE
что,SCONJ,,mark,,,,,0.342771784565203,NONE
игра,NOUN,,nsubj,Nom,Fem,Sing,Inan,0.0728903626309935,NONE
нуждается,VERB,,ccomp,,,Sing,,0.1272229343502183,NONE
в,ADP,,case,,,,,0.4117772033546372,NONE
нем,PRON,,obl,Loc,Masc,Sing,,-0.2028644224002609,NONE
.,PUNCT,,punct,,,,,0.0224751628442873,NONE
Наблюдатели,NOUN,,nsubj,Nom,Masc,Plur,Anim,0.3248235803345448,NONE
отмечают,VERB,,root,,,Plur,,0.0942761578930355,NONE
",",PUNCT,,punct,,,,,-0.2402080826139231,NONE
что,SCONJ,,mark,,,,,-0.1055289465422249,NONE
иностранных,ADJ,,amod,Acc,,Plur,Anim,-0.1367397378359282,NONE
туристов,NOUN,,obj,Acc,Masc,Plur,Anim,0.120440495714703,NONE
могут,VERB,,ccomp,,,Plur,,0.0660010041599181,NONE
отпугнуть,VERB,,xcomp,,,,,0.2985263577039889,NONE
также,ADV,,obl,,,,,0.1078819661350717,NONE
международная,ADJ,,amod,Nom,Fem,Sing,,0.0369276203615583,NONE
критика,NOUN,,nsubj,Nom,Fem,Sing,Inan,0.1286021559714667,NONE
отношений,NOUN,,nmod,Gen,Neut,Plur,Inan,-0.0464934625670455,NONE
к,ADP,,case,,,,,0.0442970637098752,NONE
правам,NOUN,,nmod,Dat,Neut,Plur,Inan,0.3349388201844776,NONE
человека,NOUN,,nmod,Gen,Masc,Sing,Anim,0.0263221983108694,NONE
в,ADP,,case,,,,,0.0356265375544152,NONE
королевстве,NOUN,,nmod,Loc,Neut,Sing,Inan,0.0274249443413077,NONE
",",PUNCT,,punct,,,,,-0.0886634508328609,NONE
в,ADP,,case,,,,,0.1263496741955716,NONE
том,DET,,det,Loc,Neut,Sing,,0.0648580002257122,NONE
числе,NOUN,,nmod,Loc,Neut,Sing,Inan,0.0196703304862333,NONE
прошлогоднее,ADJ,,amod,Nom,Neut,Sing,,0.0600036909831624,NONE
зверское,ADJ,,amod,Nom,Neut,Sing,,0.0618716418342155,NONE
убийство,NOUN,,conj,Nom,Neut,Sing,Inan,-0.0737017821829497,NONE
критика,NOUN,,nmod,Gen,Masc,Sing,Anim,0.055445248381658,NONE
властей,NOUN,,nmod,Gen,Fem,Plur,Inan,0.073319322361068,NONE
Джамаля,PROPN,,nmod,Gen,Masc,Sing,Anim,0.1505323108674892,PER
Хашогги,PROPN,,flat:name,Gen,Masc,Sing,Anim,0.1616247155663876,PER
и,CCONJ,,cc,,,,,-0.0276826484070513,NONE
применение,NOUN,,conj,Nom,Neut,Sing,Inan,0.1116038058447086,NONE
суровых,ADJ,,amod,Gen,,Plur,,0.1034065577981204,NONE
мер,NOUN,,nmod,Gen,Fem,Plur,Inan,0.1176284352330307,NONE
против,ADP,,case,,,,,0.0945968900572382,NONE
женщин-активисток,NOUN,,nmod,Gen,Fem,Plur,Anim,0.2155187125959179,NONE
.,PUNCT,,punct,,,,,0.2416822385896613,NONE
Эш,PROPN,,nsubj,Nom,Masc,Sing,Anim,0.0992506319121088,PER
О,PROPN,,appos,,,,,0.1373044842214672,PER
',PUNCT,,punct,,,,,0.0310362367022706,PER
Брайен,PROPN,,flat:name,Nom,Masc,Sing,Anim,0.0044648265269297,PER
и,CCONJ,,cc,,,,,-0.0805183185491737,NONE
муж,NOUN,,conj,Nom,Masc,Sing,Anim,-0.0301653382790671,NONE
Джаретт,PROPN,,appos,Nom,Fem,Sing,Anim,0.2727038408004986,PER
Келли,PROPN,,flat:name,Nom,Fem,Sing,Anim,0.0162946968887561,PER
говорят,VERB,,root,,,Plur,,0.0495837759193531,NONE
",",PUNCT,,punct,,,,,0.0998565432810698,NONE
что,SCONJ,,mark,,,,,-0.0102227426256182,NONE
в,ADP,,case,,,,,-0.0607301659569672,NONE
четверг,NOUN,,obl,Acc,Masc,Sing,Inan,0.047907682530224,NONE
они,PRON,,nsubj,Nom,,Plur,,0.0608364592923312,NONE
перекусили,VERB,,ccomp,,,Plur,,0.1236691548069887,NONE
в,ADP,,case,,,,,0.0707723532061678,NONE
собачьем,ADJ,,amod,Loc,Masc,Sing,,0.163307497417232,NONE
парке,NOUN,,obl,Loc,Masc,Sing,Inan,0.0652353754366155,NONE
Дасти,PROPN,,appos,Nom,Masc,Sing,Anim,0.0742364881598172,LOC
Родс,PROPN,,flat:name,Nom,Masc,Sing,Anim,0.1694342135861096,LOC
в,ADP,,case,,,,,0.0806959116371221,NONE
Сан-Диего,PROPN,,nmod,Loc,Masc,Sing,Inan,0.1251535826030183,LOC
со,ADP,,case,,,,,-0.042431018435686,NONE
своим,DET,,det,Ins,Masc,Sing,,0.1994227163680206,NONE
трехмесячным,ADJ,,amod,Ins,Masc,Sing,,0.1792268122476124,NONE
мопсом,NOUN,,obl,Ins,Masc,Sing,Inan,0.1499715373943196,NONE
на,ADP,,case,,,,,0.0808092501175642,NONE
буксире,NOUN,,nmod,Loc,Masc,Sing,Inan,-0.025995396500899,NONE
.,PUNCT,,punct,,,,,0.0471483512478386,NONE
Один,NUM,,nsubj,Nom,Masc,,,0.3697353724722564,NONE
из,ADP,,case,,,,,0.0375309670274994,NONE
адвокатов,NOUN,,nmod,Gen,Masc,Plur,Anim,0.143758968378096,NONE
сообщил,VERB,,root,,Masc,Sing,,-0.0295037175950135,NONE
AP,PROPN,,iobj,,,,,0.0689479442917313,ORG
",",PUNCT,,punct,,,,,0.1808720906877073,NONE
что,SCONJ,,mark,,,,,-0.0784639251790422,NONE
процесс,NOUN,,nsubj,Nom,Masc,Sing,Inan,0.0223884383449523,NONE
был,AUX,,cop,,Masc,Sing,,0.0012829570705685,NONE
хаотичным,ADJ,,ccomp,Ins,Masc,Sing,,0.0303620514757465,NONE
",",PUNCT,,punct,,,,,0.2692987842967369,NONE
Бутефлика,PROPN,,nsubj,Nom,Masc,Sing,Anim,0.2722257183845544,PER
отказался,VERB,,conj,,Masc,Sing,,0.0321655249232939,NONE
отвечать,VERB,,xcomp,,,,,-0.099629773167575,NONE
на,ADP,,case,,,,,-0.0440673509972361,NONE
вопросы,NOUN,,obl,Acc,Masc,Plur,Inan,0.112993707015686,NONE
судьи,NOUN,,nmod,Gen,Masc,Sing,Anim,0.1088918131313319,NONE
и,CCONJ,,cc,,,,,-0.04052468550421,NONE
ушел,VERB,,conj,,Masc,Sing,,-0.0006680541718904,NONE
.,PUNCT,,punct,,,,,0.669504965371885,NONE
Если,SCONJ,,mark,,,,,0.9310603683910584,NONE
представитель,NOUN,,nsubj,Nom,Masc,Sing,Anim,-0.0790190957155749,NONE
службы,NOUN,,nmod,Gen,Fem,Sing,Inan,0.0056398351579168,NONE
поддержки,NOUN,,nmod,Gen,Fem,Sing,Inan,0.0073284576837748,NONE
Symantec,X,,appos,,,,,0.0204936513066543,ORG
не,PART,,advmod,,,,,0.019700137616478,NONE
сможет,VERB,,advcl,,,Sing,,0.008290506035835,NONE
удалить,VERB,,xcomp,,,,,0.0347452817158648,NONE
вирус,NOUN,,obj,Acc,Masc,Sing,Inan,0.0133152328143436,NONE
с,ADP,,case,,,,,0.0141467894493746,NONE
вашего,DET,,det,Gen,Neut,Sing,,0.0138482826434498,NONE
устройства,NOUN,,obl,Gen,Neut,Sing,Inan,0.0183297494630772,NONE
",",PUNCT,,punct,,,,,0.0520196812494745,NONE
вы,PRON,,nsubj,Nom,,Plur,,0.0248570051953389,NONE
можете,VERB,,root,,,Plur,,-0.0337485882321367,NONE
получить,VERB,,xcomp,,,,,0.0148227987508212,NONE
полное,ADJ,,amod,Acc,Neut,Sing,,0.0174953894642001,NONE
возмещение,NOUN,,obj,Acc,Neut,Sing,Inan,0.0145365681209467,NONE
фактической,ADJ,,amod,Gen,Fem,Sing,,0.0028662277892636,NONE
стоимости,NOUN,,nmod,Gen,Fem,Sing,Inan,0.0045339595064629,NONE
подписки,NOUN,,nmod,Gen,Fem,Sing,Inan,0.0338884518958435,NONE
Norton,X,,appos,,,,,-0.0060983847153837,NONE
или,CCONJ,,cc,,,,,-0.0175787474399164,NONE
",",PUNCT,,punct,,,,,0.0349887262583817,NONE
если,SCONJ,,mark,,,,,-0.0052858846385118,NONE
пакет,NOUN,,nsubj,Nom,Masc,Sing,Inan,0.0172023365708216,NONE
Norton,X,,appos,,,,,0.0216372369214961,ORG
",",PUNCT,,punct,,,,,0.0095687579979503,NONE
полную,ADJ,,amod,Acc,Fem,Sing,,-0.0120951093336754,NONE
уплаченную,VERB,,amod,Acc,Fem,Sing,,0.0331526341045203,NONE
стоимость,NOUN,,conj,Acc,Fem,Sing,Inan,0.0175725451562939,NONE
пакета,NOUN,,nmod,Gen,Masc,Sing,Inan,0.0774031400130203,NONE
Norton,X,,appos,,,,,0.0818688979960048,NONE
(,PUNCT,,punct,,,,,-0.0438541577627872,NONE
за,ADP,,case,,,,,0.0080108855553167,NONE
вычетом,NOUN,,parataxis,Ins,Masc,Sing,Inan,0.0354864632366571,NONE
любых,DET,,det,Gen,,Plur,,0.012584777834148,NONE
скидок,NOUN,,nmod,Gen,Fem,Plur,Inan,0.0471175852064101,NONE
или,CCONJ,,cc,,,,,0.0189741352157091,NONE
полученных,VERB,,amod,Gen,,Plur,,0.0127115056494422,NONE
возмещений,NOUN,,conj,Gen,Neut,Plur,Inan,0.0360882481242114,NONE
за,ADP,,case,,,,,-0.0288011889826544,NONE
вычетом,NOUN,,nmod,Ins,Masc,Sing,Inan,0.0243054972353307,NONE
любых,DET,,det,Gen,,Plur,,0.0197704501139141,NONE
расходов,NOUN,,nmod,Gen,Masc,Plur,Inan,0.0153584579948827,NONE
на,ADP,,case,,,,,0.0163398070771513,NONE
доставку,NOUN,,nmod,Acc,Fem,Sing,Inan,0.0339821906408439,NONE
",",PUNCT,,punct,,,,,0.0261375646519426,NONE
обработку,NOUN,,conj,Acc,Fem,Sing,Inan,0.0485364325626498,NONE
и,CCONJ,,cc,,,,,-0.0245054735535994,NONE
применимые,ADJ,,amod,Acc,,Plur,Inan,0.032000730567628,NONE
налоги,NOUN,,conj,Acc,Masc,Plur,Inan,0.0338689877858141,NONE
",",PUNCT,,punct,,,,,0.0296494309003039,NONE
за,ADP,,case,,,,,0.0234698811693038,NONE
исключением,NOUN,,fixed,Ins,Neut,Sing,Inan,0.008059468273025,NONE
некоторых,DET,,det,Gen,,Plur,,-0.0072892800026026,NONE
штатов,NOUN,,conj,Gen,Masc,Plur,Inan,0.0207108409827782,NONE
и,CCONJ,,cc,,,,,0.0243001557025886,NONE
стран,NOUN,,conj,Gen,Fem,Plur,Inan,0.0042947281864215,NONE
",",PUNCT,,punct,,,,,0.0458347970865813,NONE
где,ADV,,advmod,,,,,-0.0141466779584824,NONE
доставка,NOUN,,nsubj,Nom,Fem,Sing,Inan,0.0208024740187186,NONE
",",PUNCT,,punct,,,,,0.0543538188150715,NONE
обработка,NOUN,,conj,Nom,Fem,Sing,Inan,0.0027892165925214,NONE
и,CCONJ,,cc,,,,,0.0183958240363267,NONE
налоги,NOUN,,conj,Nom,Masc,Plur,Inan,0.0478214336944468,NONE
подлежат,VERB,,acl:relcl,,,Plur,,-0.0725021830704474,NONE
возмещению,NOUN,,iobj,Dat,Neut,Sing,Inan,0.0244012783316015,NONE
),PUNCT,,punct,,,,,0.0128680656899954,NONE
и,CCONJ,,cc,,,,,0.0103370670375208,NONE
только,PART,,advmod,,,,,-0.0073837572302629,NONE
за,ADP,,case,,,,,-0.0163528531073954,NONE
текущий,ADJ,,amod,Acc,Masc,Sing,Inan,0.0043960413483618,NONE
период,NOUN,,conj,Acc,Masc,Sing,Inan,-0.0441030814446145,NONE
платной,ADJ,,amod,Gen,Fem,Sing,,-0.0126498015740092,NONE
подписки,NOUN,,nmod,Gen,Fem,Sing,Inan,0.0167983035951204,NONE
для,ADP,,case,,,,,-0.0173529662222911,NONE
этой,DET,,det,Gen,Fem,Sing,,-0.0146630581744694,NONE
подписки,NOUN,,nmod,Gen,Fem,Sing,Inan,0.0977080393545234,NONE
или,CCONJ,,cc,,,,,0.0183995528773816,NONE
пакета,NOUN,,conj,Gen,Masc,Sing,Inan,0.0672173558691692,NONE
подписки,NOUN,,nmod,Gen,Fem,Sing,Inan,0.0487575390777921,NONE
.,PUNCT,,punct,,,,,0.101699408671832,NONE
Saudi,PROPN,,nsubj,,,,,-0.1689962215048046,ORG
Aramco,PROPN,,flat:foreign,,,,,0.011842266289827,ORG
пока,ADV,,advmod,,,,,0.0312254300604882,NONE
не,PART,,advmod,,,,,-0.0522734215506128,NONE
подтвердила,VERB,,root,,Fem,Sing,,0.0949179720181579,NONE
",",PUNCT,,punct,,,,,0.0929293351334322,NONE
что,SCONJ,,mark,,,,,-0.7727766680464377,NONE
полностью,ADV,,advmod,,,,,-0.0592157810765097,NONE
вернулась,VERB,,ccomp,,Fem,Sing,,0.1120479454096679,NONE
в,ADP,,case,,,,,0.2809186731466497,NONE
рабочий,ADJ,,amod,Acc,Masc,Sing,Inan,0.1486629851360649,NONE
режим,NOUN,,obl,Acc,Masc,Sing,Inan,0.1929996235640949,NONE
.,PUNCT,,punct,,,,,0.2384517565965064,NONE
Он,PRON,,nsubj,Nom,Masc,Sing,,-0.0841655733024708,NONE
сказал,VERB,,root,,Masc,Sing,,0.0157808367091755,NONE
",",PUNCT,,punct,,,,,0.1426633136468627,NONE
что,SCONJ,,mark,,,,,-0.1583625968452514,NONE
бизнес-модель,NOUN,,compound,Nom,Masc,Sing,Inan,0.0734809664321118,NONE
Биффы,PROPN,,nmod,Gen,Fem,Sing,Inan,0.0659128626224393,ORG
по,ADP,,case,,,,,0.1030935327857398,NONE
экспорту,NOUN,,nmod,Dat,Masc,Sing,Inan,0.0191456302007345,NONE
отходов,NOUN,,nmod,Gen,Masc,Plur,Inan,0.0054754804885503,NONE
была,AUX,,cop,,Fem,Sing,,-0.04717062049055,NONE
жизненно,ADV,,obl,,,,,0.0962550651307741,NONE
важна,ADJ,,ccomp,,Fem,Sing,,-0.0537992333172939,NONE
",",PUNCT,,punct,,,,,0.2693523629881161,NONE
чтобы,SCONJ,,mark,,,,,-0.3708169381533073,NONE
помочь,VERB,,advcl,,,,,0.0472758925200052,NONE
правительству,NOUN,,iobj,Dat,Neut,Sing,Inan,0.2056971226611163,NONE
достичь,VERB,,xcomp,,,,,-0.117556134854496,NONE
своих,DET,,det,Gen,,Plur,,0.0854547288433903,NONE
целей,NOUN,,obl,Gen,Fem,Plur,Inan,-0.0051679150386712,NONE
по,ADP,,case,,,,,0.0883498860506453,NONE
рекуперации,NOUN,,nmod,Dat,Fem,Sing,Inan,0.0448767683716489,NONE
и,CCONJ,,cc,,,,,0.0194529700402261,NONE
переработке,NOUN,,conj,Dat,Fem,Sing,Inan,0.0570983559438164,NONE
.,PUNCT,,punct,,,,,-0.3549892671340309,NONE
Но,CCONJ,,cc,,,,,0.2401822244858552,NONE
как,ADV,,advmod,,,,,-0.0389474152848987,NONE
долго,ADV,,advmod,,,,,-0.0409573988826675,NONE
",",PUNCT,,punct,,,,,0.3080429008663629,NONE
прежде,ADV,,mark,,,,,-0.2818930309621095,NONE
чем,SCONJ,,fixed,,,,,-0.1762732030881956,NONE
мы,PRON,,nsubj:pass,Nom,,Plur,,-0.2553464000778478,NONE
будем,AUX,,aux:pass,,,Plur,,-0.1872239478141493,NONE
заряжены,VERB,,advcl,,,Plur,,-0.0253848008552192,NONE
на,ADP,,case,,,,,-0.1291454885884248,NONE
места,NOUN,,obl,Acc,Neut,Plur,Inan,-0.1012051465300004,NONE
от,ADP,,case,,,,,-0.0890691877615197,NONE
указанных,ADJ,,amod,Gen,,Plur,,-0.3673678332363365,NONE
детей,NOUN,,nmod,Gen,Masc,Plur,Anim,0.0613454751004335,NONE
?,PUNCT,,punct,,,,,0.0976459218755027,NONE
один,DET,,det,Nom,Masc,Sing,,-0.0179073026778285,NONE
пользователь,NOUN,,nsubj,Nom,Masc,Sing,Anim,0.1529175679581866,NONE
спросил,VERB,,root,,Masc,Sing,,0.1792226255205884,NONE
.,PUNCT,,punct,,,,,0.0771833657323695,NONE
Главный,ADJ,,amod,Nom,Masc,Sing,,0.4795024506462195,NONE
инспектор,NOUN,,nsubj,Nom,Masc,Sing,Anim,0.010399068856892,NONE
полиции,NOUN,,nmod,Gen,Fem,Sing,Inan,-0.0028920544066819,NONE
Нортумбрии,PROPN,,nmod,Gen,Fem,Sing,Inan,0.0758804686588583,LOC
Крис,PROPN,,appos,Nom,Masc,Sing,Anim,0.1330597224771638,PER
Грайс,PROPN,,flat:name,Nom,Masc,Sing,Anim,0.0235319089859603,PER
сказал,VERB,,root,,Masc,Sing,,-0.3423667950966494,NONE
:,PUNCT,,punct,,,,,0.1419186346132194,NONE
“Разумеется,ADV,,parataxis,,,,,0.2354772723566142,NONE
",",PUNCT,,punct,,,,,0.3091196648063123,NONE
это,PRON,,nsubj,Nom,Neut,Sing,Inan,-0.0692144533189866,NONE
трудное,ADJ,,amod,Nom,Neut,Sing,,0.3762086858216892,NONE
время,NOUN,,parataxis,Nom,Neut,Sing,Inan,-0.2959888276244675,NONE
для,ADP,,case,,,,,0.2314878559488397,NONE
семьи,NOUN,,nmod,Gen,Fem,Sing,Inan,0.0510754173596398,NONE
",",PUNCT,,punct,,,,,0.1269130487910191,NONE
такое,DET,,nsubj,Nom,Neut,Sing,,0.0369557901108564,NONE
не,PART,,advmod,,,,,-0.0578684181064062,NONE
должно,ADJ,,conj,,Neut,Sing,,-0.000517910043258,NONE
происходить,VERB,,xcomp,,,,,-0.0129648744160216,NONE
ни,PART,,advmod,,,,,0.0780482810963492,NONE
с,ADP,,case,,,,,-0.0406712346682881,NONE
кем”,PRON,,obl,Ins,,,,0.228863187619187,NONE
.,PUNCT,,punct,,,,,-0.0960171217279087,NONE
Мы,PRON,,nsubj,Nom,,Plur,,-0.3837195043102411,NONE
принимаем,VERB,,root,,,Plur,,0.2577324839143708,NONE
оплату,NOUN,,obj,Acc,Fem,Sing,Inan,-0.0237127154128124,NONE
через,ADP,,case,,,,,-0.1944826909275807,NONE
Paypal,PROPN,,obl,,,,,0.2297091140947685,ORG
",",PUNCT,,punct,,,,,0.1168602136383173,NONE
банковский,ADJ,,amod,Acc,Masc,Sing,Inan,-0.0096028168850507,NONE
перевод,NOUN,,conj,Acc,Masc,Sing,Inan,-0.3955996020639601,NONE
или,CCONJ,,cc,,,,,-0.1236165063141449,NONE
оплату,NOUN,,conj,Acc,Fem,Sing,Inan,-0.2003970124538573,NONE
при,ADP,,case,,,,,-0.256909617087756,NONE
получении,NOUN,,nmod,Loc,Neut,Sing,Inan,0.091535950756994,NONE
.,PUNCT,,punct,,,,,0.4448699351529571,NONE
Мухамед,PROPN,,nsubj,Nom,Masc,Sing,Anim,0.2588194417440336,NONE
из,ADP,,case,,,,,-0.2343742883525379,NONE
Ливии,PROPN,,nmod,Gen,Fem,Sing,Inan,-0.1143663413839659,LOC
оставил,VERB,,root,,Masc,Sing,,-0.1991483992502209,NONE
свое,DET,,det,Acc,Neut,Sing,,-0.0888862849167883,NONE
медицинское,ADJ,,amod,Acc,Neut,Sing,,0.0423384640855698,NONE
образование,NOUN,,obj,Acc,Neut,Sing,Inan,-0.1290951893284138,NONE
",",PUNCT,,punct,,,,,0.1879779357842212,NONE
чтобы,SCONJ,,mark,,,,,-0.0243155298347725,NONE
посетить,VERB,,advcl,,,,,0.1265107785115509,NONE
древний,ADJ,,amod,Acc,Masc,Sing,Inan,0.0892298326895891,NONE
город,NOUN,,obj,Acc,Masc,Sing,Inan,0.2032415611663147,NONE
Гадамес,PROPN,,appos,Nom,Masc,Sing,Inan,0.1076351401212704,LOC
на,ADP,,case,,,,,-0.0138500632610653,NONE
своей,DET,,det,Loc,Fem,Sing,,0.205415973354826,NONE
родине,NOUN,,nmod,Loc,Fem,Sing,Inan,0.1346573946510006,NONE
.,PUNCT,,punct,,,,,-0.0704620668015491,NONE
Но,CCONJ,,cc,,,,,0.1051481688708166,NONE
просто,PART,,advmod,,,,,-0.1300892989014246,NONE
обновление,NOUN,,nsubj,Nom,Neut,Sing,Inan,0.102322553846461,NONE
есть,VERB,,root,,,Sing,,-0.3278052638709228,NONE
теперь,ADV,,advmod,,,,,-0.0197879275528273,NONE
райдер,NOUN,,nsubj,Nom,Masc,Sing,Anim,0.0437562444687885,NONE
",",PUNCT,,punct,,,,,0.2216187183338224,NONE
который,PRON,,nsubj,Nom,Masc,Sing,,-0.0972740401234846,NONE
подтвердил,VERB,,acl:relcl,,Masc,Sing,,0.0553716617059607,NONE
свое,DET,,det,Acc,Neut,Sing,,0.3172418916414805,NONE
прибытие,NOUN,,obj,Acc,Neut,Sing,Inan,-0.0230591867821799,NONE
в,ADP,,case,,,,,0.3062777623192376,NONE
ресторан,NOUN,,nmod,Acc,Masc,Sing,Inan,0.4151617603908848,NONE
.,PUNCT,,punct,,,,,-0.1648611358716843,NONE
Просторная,ADJ,,amod,Nom,Fem,Sing,,0.0976295006561238,NONE
кухня,NOUN,,nsubj,Nom,Fem,Sing,Inan,-0.1993555183963891,NONE
",",PUNCT,,punct,,,,,0.225367958144475,NONE
в,ADP,,case,,,,,0.351673074613038,NONE
которой,PRON,,acl:relcl,Loc,,,,-0.0439935051003733,NONE
есть,AUX,,cop,,,Sing,,-0.1646908903046623,NONE
обеденная,ADJ,,amod,Nom,Fem,Sing,,0.2920484859862702,NONE
зона,NOUN,,nsubj,Nom,Fem,Sing,Inan,-0.2410208168038288,NONE
",",PUNCT,,punct,,,,,0.0054856154570545,NONE
наверняка,ADV,,advmod,,,,,-0.2390462680774815,NONE
станет,VERB,,root,,,Sing,,0.1210613460770708,NONE
сердцем,NOUN,,obl,Ins,Neut,Sing,Inan,-0.091531303802024,NONE
дома,NOUN,,nmod,Gen,Masc,Sing,Inan,-0.0419412886032552,NONE
.,PUNCT,,punct,,,,,0.4988805593486406,NONE
Айова,PROPN,,nsubj,Nom,Fem,Sing,Anim,0.230015684023619,NONE
Санта,PROPN,,appos,Nom,Fem,Sing,Anim,0.3162741924511004,NONE
уходит,VERB,,root,,,Sing,,-0.1746290652645,NONE
в,ADP,,case,,,,,0.0032956413458193,NONE
отставку,NOUN,,obl,Acc,Fem,Sing,Inan,-0.1874690075877527,NONE
после,ADP,,case,,,,,-0.1264658489237735,NONE
50,NUM,,nummod,,,,,0.5687724480154823,NONE
лет,NOUN,,obl,Gen,Masc,Plur,Inan,0.1046023851509364,NONE
Я,PRON,,nsubj:pass,Nom,,Sing,,-0.0076399038732027,NONE
особенно,ADV,,advmod,,,,,0.0603644761694374,NONE
обеспокоена,VERB,,root,,Fem,Sing,,0.1656627957717869,NONE
тем,PRON,,obl,Ins,Neut,Sing,Inan,0.1471070427308123,NONE
",",PUNCT,,punct,,,,,-0.0062451957564061,NONE
что,SCONJ,,mark,,,,,0.1855564500790756,NONE
чиновники,NOUN,,nsubj,Nom,Masc,Plur,Anim,-0.0504005261720646,NONE
министерства,NOUN,,nmod,Gen,Neut,Sing,Inan,0.008865188448885,NONE
могли,VERB,,acl,,,Plur,,0.0571778320012008,NONE
знать,VERB,,xcomp,,,,,0.0617237144254127,NONE
или,CCONJ,,cc,,,,,0.2043844942450814,NONE
помогать,VERB,,conj,,,,,0.0418414533552106,NONE
господину,NOUN,,iobj,Dat,Masc,Sing,Anim,0.0872822337649053,NONE
Джулиани,PROPN,,appos,Dat,Masc,Sing,Anim,0.0699608296735994,PER
в,ADP,,case,,,,,-0.1357596046910338,NONE
нарушение,NOUN,,obl,Acc,Neut,Sing,Inan,-0.0076119035985082,NONE
закона,NOUN,,nmod,Gen,Masc,Sing,Inan,0.0594751215299761,NONE
или,CCONJ,,cc,,,,,0.1405396245431276,NONE
правил,NOUN,,conj,Gen,Neut,Plur,Inan,-0.0283561282064415,NONE
против,ADP,,case,,,,,-0.4894047706045744,NONE
участия,NOUN,,nmod,Gen,Neut,Sing,Inan,-0.1561660122107912,NONE
в,ADP,,case,,,,,-0.0783975401685648,NONE
партийной,ADJ,,amod,Loc,Fem,Sing,,0.1109291504572229,NONE
политической,ADJ,,amod,Loc,Fem,Sing,,-0.0215756147878342,NONE
деятельности,NOUN,,nmod,Loc,Fem,Sing,Inan,0.007101919516358,NONE
",",PUNCT,,punct,,,,,0.1004205543537209,NONE
-,PUNCT,,punct,,,,,0.1949244585840054,NONE
продолжила,VERB,,parataxis,,Fem,Sing,,0.0606783675163746,NONE
она,PRON,,nsubj,Nom,Fem,Sing,,0.1268362992453379,NONE
",",PUNCT,,punct,,,,,-0.0831791271030568,NONE
призвав,VERB,,advcl,,,,,0.0785507656457119,NONE
Линика,PROPN,,obj,Acc,Masc,Sing,Anim,-0.0446451835458441,PER
определить,VERB,,xcomp,,,,,-0.1073280493532877,NONE
",",PUNCT,,punct,,,,,-0.0348885166153765,NONE
позволял,VERB,,ccomp,,Masc,Sing,,0.0677765628640684,NONE
ли,PART,,advmod,,,,,0.1453883224253211,NONE
Помпео,PROPN,,nsubj,Nom,Masc,Sing,Anim,0.1146211651750306,PER
или,CCONJ,,cc,,,,,-0.1497495138316207,NONE
какие-либо,DET,,det,Nom,,Plur,,0.0693362959381633,NONE
чиновники,NOUN,,conj,Nom,Masc,Plur,Anim,0.0844143010502726,NONE
под,ADP,,case,,,,,0.0208637171225474,NONE
его,DET,,det,,,,,0.1454178365843074,NONE
началом,NOUN,,nmod,Ins,Neut,Sing,Inan,0.1008003722831855,NONE
Джулиани,PROPN,,nmod,Gen,Masc,Sing,Anim,0.2312521130516574,PER
продвигать,VERB,,xcomp,,,,,0.1769119272591179,NONE
политическую,ADJ,,amod,Acc,Fem,Sing,,-0.0481439934354821,NONE
повестку,NOUN,,obj,Acc,Fem,Sing,Inan,0.0065896520508805,NONE
Трампа,PROPN,,nmod,Gen,Masc,Sing,Anim,-0.0761314469249158,PER
.,PUNCT,,punct,,,,,-0.2503178317812924,NONE
"""",PUNCT,,punct,,,,,0.0868592318026011,NONE
Она,PRON,,nsubj,Nom,Fem,Sing,,0.3943595487313411,NONE
говорила,VERB,,root,,Fem,Sing,,-0.017159612910116,NONE
не,PART,,advmod,,,,,-0.0546191624414248,NONE
о,ADP,,case,,,,,0.0272138771698945,NONE
том,PRON,,obl,Loc,Neut,Sing,Inan,-0.0269295273466968,NONE
",",PUNCT,,punct,,,,,-0.032207770374643,NONE
чтобы,SCONJ,,mark,,,,,0.0287102929259223,NONE
быть,AUX,,cop,,,,,-0.1232920201608086,NONE
королевской,ADJ,,advcl,Ins,Fem,Sing,,0.0723160280016729,NONE
",",PUNCT,,punct,,,,,-0.5103072010781057,NONE
а,CCONJ,,cc,,,,,-0.0373600301097926,NONE
о,ADP,,case,,,,,0.0376705417806347,NONE
жизни,NOUN,,conj,Loc,Fem,Sing,Inan,0.0850820810670163,NONE
в,ADP,,case,,,,,-0.0067376280830382,NONE
целом,NOUN,,nmod,Loc,Neut,Sing,Inan,-0.0631651979578227,NONE
",",PUNCT,,punct,,,,,0.2151754891119617,NONE
когда,SCONJ,,mark,,,,,-0.038110718577872,NONE
у,ADP,,case,,,,,-0.0332503260109554,NONE
тебя,PRON,,obl,Gen,,Sing,,-0.0204830273407095,NONE
есть,VERB,,acl:relcl,,,Plur,,0.0795588117206151,NONE
проблемы,NOUN,,nsubj,Nom,Fem,Plur,Inan,0.0743626767984855,NONE
",",PUNCT,,punct,,,,,0.1715047443869409,NONE
-,PUNCT,,punct,,,,,0.0350797996768833,NONE
добавила,VERB,,parataxis,,Fem,Sing,,0.0197932504844769,NONE
Модизе,PROPN,,nsubj,Nom,Fem,Sing,Anim,0.0553218550513036,PER
",",PUNCT,,punct,,,,,0.0722680842042051,NONE
признавшись,VERB,,advcl,,,,,0.0631921049652765,NONE
",",PUNCT,,punct,,,,,0.018932561839712,NONE
что,SCONJ,,mark,,,,,-0.0823403533543425,NONE
Меган,PROPN,,nsubj,Nom,Fem,Sing,Anim,0.0111644542721634,PER
чувствовала,VERB,,ccomp,,Fem,Sing,,0.0760800240433848,NONE
себя,PRON,,obj,Acc,,,,0.0173064222901357,NONE
немного,ADV,,advmod,,,,,0.0211685159845296,NONE
"""",PUNCT,,punct,,,,,-0.0221888567300064,NONE
"""",PUNCT,,punct,,,,,-0.0193347886213767,NONE
потрясенной,VERB,,xcomp,Ins,Fem,Sing,,0.1315743871869953,NONE
"""",PUNCT,,punct,,,,,0.0276995751567833,NONE
"""",PUNCT,,punct,,,,,0.0103983304098853,NONE
.,PUNCT,,punct,,,,,-0.2824137502780031,NONE
"""",PUNCT,,root,,,,,0.0555405636588937,NONE
Но,CCONJ,,cc,,,,,-0.0828061019067309,NONE
как,ADV,,advmod,,,,,0.3314536143849797,NONE
долго,ADV,,root,,,,,0.0049331344155495,NONE
",",PUNCT,,punct,,,,,-0.2630216122802044,NONE
прежде,ADV,,mark,,,,,0.2306672456824479,NONE
чем,SCONJ,,fixed,,,,,0.184193002229966,NONE
мы,PRON,,nsubj,Nom,,Plur,,0.0976940747559269,NONE
перезаряжаемся,VERB,,advcl,,,Plur,,0.1454737363500066,NONE
на,ADP,,case,,,,,-0.0548495921369748,NONE
места,NOUN,,obl,Acc,Neut,Plur,Inan,-0.028918527691551,NONE
вдали,ADV,,advmod,,,,,0.0441441957110195,NONE
от,ADP,,case,,,,,-0.0434564215699256,NONE
указанных,ADJ,,amod,Gen,,Plur,,-0.5415001077667647,NONE
детей,NOUN,,obl,Gen,Masc,Plur,Anim,0.1665147495641421,NONE
?,PUNCT,,punct,,,,,0.0163198911499162,NONE
Один,DET,,det,Nom,Masc,Sing,,-0.056334410154832,NONE
пользователь,NOUN,,nsubj,Nom,Masc,Sing,Anim,-0.0400554979860509,NONE
спросил,VERB,,root,,Masc,Sing,,-0.0198140914751221,NONE
.,PUNCT,,punct,,,,,0.5258609822978267,NONE
Костюмы,NOUN,,nsubj:pass,Nom,Masc,Plur,Inan,0.1283045879187853,NONE
",",PUNCT,,punct,,,,,0.1323926788425763,NONE
которые,PRON,,nsubj,Nom,,,,-0.0177745179558812,NONE
действительно,ADV,,advmod,,,,,-0.2106575786188599,NONE
выглядяn,VERB,,acl:relcl,,,Plur,,0.0444030232987172,NONE
достаточно,ADV,,advmod,,,,,-0.052758241995746,NONE
дорого,ADV,,advmod,,,,,0.1007499911153282,NONE
",",PUNCT,,punct,,,,,0.1449927681501262,NONE
созданы,VERB,,root,,,Plur,,0.0127729161423324,NONE
Касией,PROPN,,obl,Ins,Fem,Sing,Anim,0.0676808861427596,PER
Валика-Маймоне,PROPN,,flat:name,Ins,Fem,Sing,Anim,-0.0071239920407677,PER
",",PUNCT,,punct,,,,,0.0476645904062565,NONE
предыдущие,ADJ,,amod,Nom,,Plur,,0.1387582023317884,NONE
работы,NOUN,,nsubj,Nom,Fem,Plur,Inan,0.0059998341846478,NONE
которой,PRON,,nmod,Gen,,,,0.0023404137174329,NONE
включают,VERB,,acl:relcl,,,Plur,,0.0644993328790893,NONE
«Щегол»,NOUN,,obj,Acc,Masc,Sing,Inan,0.2203371907431922,NONE
",",PUNCT,,punct,,,,,0.1615495016321314,NONE
«Тихое,ADJ,,amod,Acc,Neut,Sing,,-0.0189771061002458,NONE
место»,NOUN,,conj,Acc,Neut,Sing,Inan,-0.0380011099235272,NONE
и,CCONJ,,cc,,,,,0.02267145433881,NONE
«Королевство,NOUN,,conj,Acc,Neut,Sing,Inan,0.0999041328544911,NONE
полной,ADJ,,amod,Gen,Fem,Sing,,-0.0242646837537528,NONE
луны»,NOUN,,nmod,Gen,Fem,Sing,Inan,0.0423654615004592,NONE
.,PUNCT,,punct,,,,,0.0622923968414211,NONE
Subaru,PROPN,,nsubj,,,,,-0.1900636494808625,ORG
",",PUNCT,,punct,,,,,-0.0287216311414274,NONE
скорее,ADV,,parataxis,,,,,0.0360154172054947,NONE
всего,PRON,,obl,Gen,Neut,Sing,Inan,-0.0067223253195478,NONE
",",PUNCT,,punct,,,,,0.1965470407359865,NONE
ответит,VERB,,root,,,Sing,,0.0796795288031815,NONE
взаимностью,NOUN,,obl,Ins,Fem,Sing,Inan,0.008986235778788,NONE
с,ADP,,case,,,,,-0.1022972810435206,NONE
долей,NOUN,,nmod,Ins,Fem,Sing,Inan,-0.009410766513363,NONE
в,ADP,,case,,,,,0.2774989312090993,NONE
Toyota,PROPN,,flat:foreign,,,,,0.0667716021726135,ORG
",",PUNCT,,punct,,,,,0.3094397305811329,NONE
которая,PRON,,nsubj,Nom,,,,0.0428297856060964,NONE
будет,AUX,,cop,,,Sing,,-0.1476906285227254,NONE
примерно,ADV,,obl,,,,,-0.0428265403583389,NONE
равна,ADJ,,acl:relcl,,Fem,Sing,,0.054448765367944,NONE
стоимости,NOUN,,iobj,Dat,Fem,Sing,Inan,-0.0823633242077707,NONE
дополнительных,ADJ,,amod,Gen,,Plur,,0.0566271617777831,NONE
инвестиций,NOUN,,nmod,Gen,Fem,Plur,Inan,-0.0279589954170395,NONE
Toyota,PROPN,,flat:foreign,,,,,0.1238533299855492,ORG
",",PUNCT,,punct,,,,,0.0933883853261897,NONE
сообщил,VERB,,parataxis,,Masc,Sing,,-0.2604664056267718,NONE
Reuters,PROPN,,nsubj,,,,,0.1307433700787851,ORG
один,NUM,,nsubj,Nom,Masc,,,-0.0336253934251635,NONE
из,ADP,,case,,,,,0.0676916122590506,NONE
собеседников,NOUN,,nmod,Gen,Masc,Plur,Anim,0.3645672092969556,NONE
.,PUNCT,,punct,,,,,0.0435654281809943,NONE
Имам,NOUN,,nsubj:pass,Nom,Masc,Sing,Anim,-0.0072445379646374,NONE
белых,ADJ,,amod,Gen,,Plur,,-0.0067396238936272,NONE
ПХБ,PROPN,,nmod,Gen,Fem,Sing,Inan,0.0516300415909243,ORG
был,AUX,,aux:pass,,Masc,Sing,,-0.1560931126234761,NONE
ранен,VERB,,root,,Masc,Sing,,-0.2998930484851647,NONE
в,ADP,,case,,,,,-0.0039221056120401,NONE
левую,ADJ,,amod,Acc,Fem,Sing,,-0.0655649074156916,NONE
руку,NOUN,,obl,Acc,Fem,Sing,Inan,-0.0388598813744207,NONE
",",PUNCT,,punct,,,,,0.3455074560111917,NONE
когда,SCONJ,,mark,,,,,-0.0552361135678447,NONE
отбивал,VERB,,advcl,,Masc,Sing,,0.0442998212666842,NONE
мяч,NOUN,,obj,Acc,Masc,Sing,Inan,0.0231382219725175,NONE
против,ADP,,case,,,,,-0.1702621475126327,NONE
Насима,PROPN,,nmod,Gen,Masc,Sing,Anim,0.0343044015782592,PER
шаха,NOUN,,appos,Gen,Masc,Sing,Anim,0.1112253152003992,NONE
Зеленых,ADJ,,amod,Gen,,Plur,,-0.0621043601244497,ORG
ПХБ,PROPN,,nmod,Gen,Fem,Sing,Inan,0.0786196688399552,ORG
в,ADP,,case,,,,,0.086188862608691,NONE
первый,ADJ,,amod,Acc,Masc,Sing,Inan,0.0795362373401744,NONE
день,NOUN,,obl,Acc,Masc,Sing,Inan,0.0452499625004931,NONE
матча,NOUN,,nmod,Gen,Masc,Sing,Inan,-0.0284508591686659,NONE
.,PUNCT,,punct,,,,,0.4675350806545518,NONE
«Астон,NOUN,,nsubj,Nom,Masc,Sing,Inan,0.0051925335427402,ORG
Вилла»,PROPN,,appos,Nom,Fem,Sing,Inan,0.0831059277419826,ORG
стала,VERB,,root,,Fem,Sing,,0.0172231244606607,NONE
последней,ADJ,,amod,Ins,Fem,Sing,,0.0219052507925069,NONE
командой,NOUN,,obl,Ins,Fem,Sing,Inan,0.0339018761926545,NONE
Премьер-лиги,NOUN,,nmod,Gen,Fem,Sing,Inan,0.5472239212138429,ORG
",",PUNCT,,punct,,,,,0.0797721357939929,NONE
которая,PRON,,nsubj,Nom,,,,0.3018462936419374,NONE
пострадала,VERB,,acl:relcl,,Fem,Sing,,0.099791321434214,NONE
от,ADP,,case,,,,,0.0864855865369175,NONE
вспышки,NOUN,,obl,Gen,Fem,Sing,Inan,0.4729617535736615,NONE
Covid,PROPN,,flat:foreign,,,,,-0.0604152164175658,NONE
",",PUNCT,,punct,,,,,0.0374860170387663,NONE
с,ADP,,case,,,,,0.0181240523408747,NONE
рядом,NOUN,,conj,Ins,Masc,Sing,Inan,0.1877016814296194,NONE
положительных,ADJ,,amod,Gen,,Plur,,0.0767923900847059,NONE
случаев,NOUN,,nmod,Gen,Masc,Plur,Inan,0.0957514461444754,NONE
",",PUNCT,,punct,,,,,0.1646150314819664,NONE
обнаруженных,VERB,,acl,Gen,,Plur,,0.0805725364014881,NONE
в,ADP,,case,,,,,0.0852437120776539,NONE
клубе,NOUN,,obl,Loc,Masc,Sing,Inan,0.2741607790834728,NONE
.,PUNCT,,punct,,,,,0.032911223043018,NONE
В,ADP,,case,,,,,0.0838371687418655,NONE
случае,NOUN,,parataxis,Loc,Masc,Sing,Inan,0.1037020864959408,NONE
подтверждения,NOUN,,nmod,Gen,Neut,Sing,Inan,0.140331819008721,NONE
",",PUNCT,,punct,,,,,0.1221425067028084,NONE
это,PRON,,nsubj,Nom,Neut,Sing,Inan,0.2261089847656205,NONE
будет,AUX,,cop,,,Sing,,-0.0160788074652431,NONE
первый,ADJ,,amod,Nom,Masc,Sing,,0.060377436713821,NONE
случай,NOUN,,root,Nom,Masc,Sing,Inan,-0.1628571751378721,NONE
заболевания,NOUN,,nmod,Gen,Neut,Sing,Inan,0.0776382428465717,NONE
",",PUNCT,,punct,,,,,0.1781253018543338,NONE
официально,ADV,,advmod,,,,,0.1187514904942702,NONE
признанный,VERB,,acl,Nom,Masc,Sing,,0.2258717108218874,NONE
властями,NOUN,,obl,Ins,Fem,Plur,Inan,0.2166384448662464,NONE
Северной,PROPN,,amod,,,,,0.1555018443833202,LOC
Кореи,PROPN,,nmod,Gen,Fem,Sing,Inan,-0.1209539376821887,LOC
",",PUNCT,,punct,,,,,0.272801144068945,NONE
которые,PRON,,nsubj,Nom,,,,0.357091215829461,NONE
до,ADP,,advmod,,,,,0.1408846210876337,NONE
сих,DET,,fixed,Gen,,Plur,,-0.2765431040389277,NONE
пор,NOUN,,fixed,Gen,Fem,Plur,Inan,0.0591197562319731,NONE
заявляли,VERB,,acl:relcl,,,Plur,,-0.0685588732762425,NONE
",",PUNCT,,punct,,,,,0.183727208499678,NONE
что,SCONJ,,mark,,,,,0.0461875680651022,NONE
в,ADP,,case,,,,,-0.0261053874918824,NONE
стране,NOUN,,obl,Loc,Fem,Sing,Inan,0.0971172593322427,NONE
нет,VERB,,ccomp,,,Sing,,-0.2282048732657029,NONE
подтвержденных,VERB,,amod,Gen,,Plur,,0.1110085948150888,NONE
случаев,NOUN,,nsubj,Gen,Masc,Plur,Inan,-0.0884372770729962,NONE
заболевания,NOUN,,nmod,Gen,Neut,Sing,Inan,0.0421690681673703,NONE
коронавирусом,NOUN,,nmod,Ins,Masc,Sing,Inan,0.1803772773424271,NONE
.,PUNCT,,punct,,,,,-0.1256480487193619,NONE
Один,DET,,det,Nom,Masc,Sing,,0.1099499857206212,NONE
механик,NOUN,,nsubj,Nom,Masc,Sing,Anim,0.0156146879395552,NONE
из,ADP,,case,,,,,-0.0073625085880456,NONE
Сейла,PROPN,,nmod,Gen,Masc,Sing,Inan,-0.0234995704827679,LOC
",",PUNCT,,punct,,,,,-0.1142278207094091,NONE
Большой,PROPN,,amod,,,,,-0.0289715861616796,LOC
Манчестер,PROPN,,appos,Nom,Masc,Sing,Inan,0.1962564222409692,LOC
",",PUNCT,,punct,,,,,0.1229179982756315,NONE
сказал,VERB,,root,,Masc,Sing,,0.0625299255886733,NONE
",",PUNCT,,punct,,,,,0.2126114195590588,NONE
что,SCONJ,,mark,,,,,0.0426605202884924,NONE
люди,NOUN,,nsubj,Nom,Masc,Plur,Anim,0.3378960587808889,NONE
знают,VERB,,ccomp,,,Plur,,0.1190844941518507,NONE
",",PUNCT,,punct,,,,,0.2689859574538495,NONE
чего,PRON,,obj,Gen,Neut,Sing,Inan,0.0471129818325621,NONE
ожидать,VERB,,xcomp,,,,,0.010308686039189,NONE
в,ADP,,case,,,,,0.0464670995911633,NONE
парке,NOUN,,obl,Loc,Masc,Sing,Inan,0.1720629770692477,NONE
",",PUNCT,,punct,,,,,0.0834867813691112,NONE
и,CCONJ,,cc,,,,,-0.0309923327905455,NONE
что,SCONJ,,mark,,,,,0.0357054240026278,NONE
в,ADP,,case,,,,,-0.012049103330152,NONE
этом,DET,,det,Loc,Masc,Sing,,-0.0360521894322299,NONE
году,NOUN,,obl,Loc,Masc,Sing,Inan,0.0051842901125059,NONE
жертвами,NOUN,,xcomp,Ins,Fem,Plur,Anim,0.0977395555231309,NONE
бабуинов,NOUN,,nmod,Gen,Masc,Plur,Anim,0.0100909888661385,NONE
стали,VERB,,conj,,,Plur,,-0.0407395032133669,NONE
два,NUM,,nummod:gov,Nom,Masc,,,-0.0309744977358536,NONE
его,DET,,det,,,,,0.0154895213514498,NONE
клиента,NOUN,,nsubj,Gen,Masc,Sing,Anim,-0.0353915456317453,NONE
.,PUNCT,,punct,,,,,-0.0727189655672134,NONE
Инцидент,NOUN,,nsubj,Nom,Masc,Sing,Inan,0.6633624150179583,NONE
",",PUNCT,,punct,,,,,0.034477447036553,NONE
когда,SCONJ,,mark,,,,,-0.1687634615084185,NONE
Пакистан,PROPN,,nsubj,Nom,Masc,Sing,Inan,-0.0675483635811121,LOC
использовал,VERB,,acl,,Masc,Sing,,-0.0281327871319761,NONE
беспилотники,NOUN,,obj,Acc,Masc,Plur,Inan,0.088859391791032,NONE
для,ADP,,case,,,,,-0.0064935837144701,NONE
отправки,NOUN,,obl,Gen,Fem,Sing,Inan,0.0904980401828696,NONE
оружия,NOUN,,nmod,Gen,Neut,Sing,Inan,0.1570567276108798,NONE
и,CCONJ,,cc,,,,,-0.0021375886973486,NONE
боеприпасов,NOUN,,conj,Gen,Masc,Plur,Inan,0.0555012579066587,NONE
",",PUNCT,,punct,,,,,0.4048213701227245,NONE
является,VERB,,root,,,Sing,,0.0217854089572899,NONE
одним,NUM,,obl,Ins,Masc,,,0.0805385317228863,NONE
из,ADP,,case,,,,,0.0368201721655196,NONE
таких,DET,,det,Gen,,Plur,,-0.0475232400154204,NONE
примеров,NOUN,,nmod,Gen,Masc,Plur,Inan,-0.0663512273720688,NONE
того,PRON,,nmod,Gen,Neut,Sing,Inan,-0.0407209297774602,NONE
",",PUNCT,,punct,,,,,-0.096407919017438,NONE
как,ADV,,advmod,,,,,0.0197069878183228,NONE
меняется,VERB,,acl,,,Sing,,0.0941945087016415,NONE
тактика,NOUN,,nsubj,Nom,Fem,Sing,Inan,0.0013685809563332,NONE
.,PUNCT,,punct,,,,,-0.2780927220505815,NONE
Мы,PRON,,nsubj,Nom,,Plur,,-0.4030337207006992,NONE
специализируемся,VERB,,root,,,Plur,,0.1900827793501121,NONE
на,ADP,,case,,,,,-0.0902449007819209,NONE
изготовлении,NOUN,,obl,Loc,Neut,Sing,Inan,0.1068650787376814,NONE
на,ADP,,case,,,,,-0.1872235998366061,NONE
заказ,NOUN,,nmod,Acc,Masc,Sing,Inan,-0.0230443083873614,NONE
бриллиантовых,ADJ,,amod,Gen,,Plur,,0.0302354492763914,NONE
колец-пасьянсов,NOUN,,nmod,Gen,Neut,Plur,Inan,0.1751909606854576,NONE
",",PUNCT,,punct,,,,,0.3596873908546121,NONE
обручальных,ADJ,,amod,Gen,,Plur,,0.1656825494457855,NONE
колец,NOUN,,conj,Gen,Neut,Plur,Inan,-0.0087577968727668,NONE
",",PUNCT,,punct,,,,,0.0708577517877637,NONE
обручальных,ADJ,,amod,Gen,,Plur,,0.0516852206927195,NONE
колец,NOUN,,conj,Gen,Neut,Plur,Inan,0.0556680547326622,NONE
",",PUNCT,,punct,,,,,0.2203756875943335,NONE
бриллиантовых,ADJ,,amod,Gen,,Plur,,0.0737548325115059,NONE
сережек,NOUN,,conj,Gen,Fem,Plur,Inan,0.152651806267298,NONE
",",PUNCT,,punct,,,,,0.1218757235212353,NONE
свадебного,ADJ,,amod,Gen,Neut,Sing,,-0.0302239709490925,NONE
ожерелья,NOUN,,conj,Gen,Neut,Sing,Inan,0.1336380860020112,NONE
",",PUNCT,,punct,,,,,0.0407430740780788,NONE
подвесок,NOUN,,conj,Gen,Fem,Plur,Inan,0.0337979913339604,NONE
и,CCONJ,,cc,,,,,0.0210589102366667,NONE
бриллиантовых,ADJ,,amod,Gen,,Plur,,0.0631070187149917,NONE
пасьянсов,NOUN,,conj,Gen,Masc,Plur,Inan,0.0721982748108016,NONE
",",PUNCT,,punct,,,,,0.1629567987134871,NONE
а,CCONJ,,cc,,,,,0.041198340624993,NONE
также,PART,,fixed,,,,,0.1846262491304457,NONE
многих,NUM,,amod,,,,,0.0094791925531356,NONE
подарочных,ADJ,,amod,Gen,,Plur,,0.0427903174274843,NONE
изделий,NOUN,,conj,Gen,Neut,Plur,Inan,0.1507095347185318,NONE
.,PUNCT,,punct,,,,,-0.4049645918768735,NONE
Здесь,ADV,,advmod,,,,,-0.8497528441253683,NONE
сказать,VERB,,csubj,,,,,-0.0586083016643928,NONE
не,PART,,advmod,,,,,0.0942628264651905,NONE
много,ADV,,root,,,,,0.2057391003621793,NONE
.,PUNCT,,punct,,,,,0.2340995698205142,NONE
О,INTJ,,discourse,,,,,0.7974870022805604,NONE
.,PUNCT,,punct,,,,,0.0350036774061009,NONE
Если,SCONJ,,mark,,,,,-0.1109339230399187,NONE
не,PART,,advmod,,,,,0.0190244221668366,NONE
указано,VERB,,advcl,,Neut,Sing,,-0.0316687780534426,NONE
иное,ADJ,,nsubj:pass,Nom,Neut,Sing,,-0.1039088729652786,NONE
",",PUNCT,,punct,,,,,0.0506484268903349,NONE
все,DET,,det,Nom,,Plur,,-0.0514497624720192,NONE
предметы,NOUN,,nsubj:pass,Nom,Masc,Plur,Inan,0.0786195994973597,NONE
были,AUX,,aux:pass,,,Plur,,-0.2710107447089628,NONE
разработаны,VERB,,root,,,Plur,,-0.0187348480978066,NONE
для,ADP,,case,,,,,0.1175493633099821,NONE
рынка,NOUN,,obl,Gen,Masc,Sing,Inan,0.0395783664318616,NONE
Великобритании,PROPN,,nmod,Gen,Fem,Sing,Inan,0.0547285765505957,LOC
.,PUNCT,,punct,,,,,0.1520826220276427,NONE
Министр,NOUN,,nsubj:pass,Nom,Masc,Sing,Anim,-0.0094045767035373,NONE
внутренних,ADJ,,amod,Gen,,Plur,,0.3816636266563682,NONE
дел,NOUN,,nmod,Gen,Neut,Plur,Inan,0.1658412996983769,NONE
Туниса,PROPN,,nmod,Gen,Masc,Sing,Inan,0.0282834461008141,LOC
Хичем,PROPN,,appos,Nom,Masc,Sing,Anim,0.060716929004432,PER
Мечичи,PROPN,,flat:name,Nom,Masc,Sing,Anim,0.0638801092608361,PER
был,AUX,,aux:pass,,Masc,Sing,,-0.3529280868683242,NONE
назначен,VERB,,root,,Masc,Sing,,0.070038359618543,NONE
для,ADP,,case,,,,,-0.1311081361356005,NONE
формирования,NOUN,,obl,Gen,Neut,Sing,Inan,0.0110201877024339,NONE
следующего,ADJ,,amod,Gen,Neut,Sing,,-0.0551256491254319,NONE
правительства,NOUN,,nmod,Gen,Neut,Sing,Inan,-0.1456665341874489,NONE
",",PUNCT,,punct,,,,,-0.0999313360196379,NONE
сообщила,VERB,,parataxis,,Fem,Sing,,0.0118035034159672,NONE
канцелярия,NOUN,,nsubj,Nom,Fem,Sing,Inan,0.0033162536546729,NONE
президента,NOUN,,nmod,Gen,Masc,Sing,Anim,0.0039827230237708,NONE
",",PUNCT,,punct,,,,,-0.0534229813722472,NONE
на,ADP,,case,,,,,0.0315166878922755,NONE
фоне,NOUN,,obl,Loc,Masc,Sing,Inan,-0.0696405593579851,NONE
политической,ADJ,,amod,Gen,Fem,Sing,,-0.0916279451635437,NONE
напряженности,NOUN,,nmod,Gen,Fem,Sing,Inan,0.0923123656926994,NONE
между,ADP,,case,,,,,0.100693685623195,NONE
основными,ADJ,,amod,Ins,,Plur,,-0.0491344023806788,NONE
партиями,NOUN,,nmod,Ins,Fem,Plur,Inan,0.0605981435379244,NONE
в,ADP,,case,,,,,0.0246897993677123,NONE
североафриканской,ADJ,,amod,Loc,Fem,Sing,,0.1959593698646009,NONE
стране,NOUN,,nmod,Loc,Fem,Sing,Inan,-0.0376712663783492,NONE
.,PUNCT,,punct,,,,,-0.61182924431981,NONE
Крупнейшая,ADJ,,amod,Nom,Fem,Sing,,0.0317488928710126,NONE
демократия,NOUN,,nsubj,Nom,Fem,Sing,Inan,0.1081638594907254,NONE
в,ADP,,case,,,,,-0.0148884267570508,NONE
мире,NOUN,,nmod,Loc,Masc,Sing,Inan,0.0768446325664863,NONE
по-прежнему,ADV,,advmod,,,,,0.0553422298554562,NONE
имеет,VERB,,root,,,Sing,,-0.2670885218233288,NONE
ту,DET,,det,Acc,Fem,Sing,,-0.0234670299591919,NONE
же,PART,,advmod,,,,,-0.098011882631647,NONE
идею,NOUN,,obj,Acc,Fem,Sing,Inan,0.0740348203241621,NONE
для,ADP,,case,,,,,-0.1130527722609225,NONE
всего,DET,,det,Gen,Masc,Sing,,0.0121942628535181,NONE
мира,NOUN,,nmod,Gen,Masc,Sing,Inan,0.0492826907780816,NONE
-,PUNCT,,punct,,,,,0.0947148463602357,NONE
гармонию,NOUN,,parataxis,Acc,Fem,Sing,Inan,0.1193108200914285,NONE
и,CCONJ,,cc,,,,,0.0290573520227431,NONE
мир,NOUN,,conj,Acc,Masc,Sing,Inan,0.0355170745720676,NONE
>,PUNCT,,punct,,,,,0.133960898667911,NONE
>,PUNCT,,punct,,,,,0.143313613493926,NONE
",",PUNCT,,punct,,,,,0.012098641093062,NONE
--,PUNCT,,punct,,,,,0.1008048289721835,NONE
сказал,VERB,,parataxis,,Masc,Sing,,-0.48038517963915,NONE
он,PRON,,nsubj,Nom,Masc,Sing,,-0.1642311219876152,NONE
.,PUNCT,,punct,,,,,0.6374001980939519,NONE
Он,PRON,,nsubj,Nom,Masc,Sing,,0.0519065663614255,NONE
уже,ADV,,advmod,,,,,-0.0627626987559908,NONE
накладывал,VERB,,root,,Masc,Sing,,-0.2461444621714872,NONE
вето,NOUN,,obj,Acc,Neut,Sing,Inan,0.024634367317415,NONE
на,ADP,,case,,,,,-0.0600982059710986,NONE
законопроект,NOUN,,obl,Acc,Masc,Sing,Inan,-0.1566470457637582,NONE
об,ADP,,case,,,,,0.0979103245832899,NONE
отмене,NOUN,,nmod,Loc,Fem,Sing,Inan,0.1157225157959772,NONE
указа,NOUN,,nmod,Gen,Masc,Sing,Inan,-0.076297530328292,NONE
о,ADP,,case,,,,,0.2260210563903436,NONE
введении,NOUN,,nmod,Loc,Neut,Sing,Inan,-0.025666060307761,NONE
режима,NOUN,,nmod,Gen,Masc,Sing,Inan,-0.007333773667983,NONE
чрезвычайной,ADJ,,amod,Gen,Fem,Sing,,0.1497665623084762,NONE
ситуации,NOUN,,nmod,Gen,Fem,Sing,Inan,0.0991452059468067,NONE
в,ADP,,case,,,,,0.1567277932890485,NONE
марте,NOUN,,nmod,Loc,Masc,Sing,Inan,0.0622096625012074,NONE
.,PUNCT,,punct,,,,,0.2052966111968974,NONE
Основным,ADJ,,amod,Ins,Masc,Sing,,0.095711701367852,NONE
способом,NOUN,,obl,Ins,Masc,Sing,Inan,0.0080209959892455,NONE
доставки,NOUN,,nmod,Gen,Fem,Sing,Inan,0.2324303011275157,NONE
является,VERB,,root,,,Sing,,0.2844922001087387,NONE
Royal,PROPN,,nsubj,,,,,0.0238457745068919,ORG
Mail,PROPN,,flat:foreign,,,,,0.5974316302052811,ORG
International,PROPN,,flat:foreign,,,,,0.1856170013082594,ORG
Signed,PROPN,,flat:foreign,,,,,0.1571948674706414,ORG
for,X,,flat:foreign,,,,,0.1024009571993923,ORG
.,PUNCT,,punct,,,,,0.3030223291939759,ORG
Комбинированный,ADJ,,amod,Nom,Masc,Sing,,0.3396537495796484,NONE
",",PUNCT,,punct,,,,,-0.0141594788953954,NONE
нецелевой,ADJ,,conj,Nom,Masc,Sing,,0.0973771171716534,NONE
бой,NOUN,,nsubj,Nom,Masc,Sing,Inan,-0.1387718314017251,NONE
—,PUNCT,,punct,,,,,0.1345772875754848,NONE
примите,VERB,,root,,,Plur,,-0.0515378931812072,NONE
участие,NOUN,,obj,Acc,Neut,Sing,Inan,-0.1316736112469471,NONE
в,ADP,,case,,,,,-0.0902087100351346,NONE
динамичных,ADJ,,acl,Loc,,Plur,,0.0966771397348809,NONE
",",PUNCT,,punct,,,,,0.4840235484233151,NONE
насыщенных,VERB,,conj,Loc,,Plur,,0.182623593829219,NONE
боевыми,ADJ,,amod,Ins,,Plur,,0.0953087818540695,NONE
действиями,NOUN,,obl,Ins,Neut,Plur,Inan,0.180597153897698,NONE
боях,NOUN,,nmod,Loc,Masc,Plur,Inan,0.004271219778539,NONE
с,ADP,,case,,,,,-0.0430518222258965,NONE
навыками,NOUN,,nmod,Ins,Masc,Plur,Inan,0.1834250053708079,NONE
",",PUNCT,,punct,,,,,0.0629532202509986,NONE
которые,PRON,,obj,Acc,,,,0.0476983764222129,NONE
можно,ADV,,acl:relcl,,,,,0.1013830561261143,NONE
объединить,VERB,,csubj,,,,,0.1062374409232849,NONE
с,ADP,,case,,,,,0.1030989899221068,NONE
помощью,NOUN,,fixed,Ins,Fem,Sing,Inan,0.1541228903702562,NONE
комбо,NOUN,,obl,Gen,Masc,Sing,Inan,0.1133408453797409,NONE
.,PUNCT,,punct,,,,,-0.3684542803914202,NONE
Протесты,NOUN,,nsubj,Nom,Masc,Plur,Inan,0.0872584538355288,NONE
",",PUNCT,,punct,,,,,0.0447819424034752,NONE
поводом,NOUN,,xcomp,Ins,Masc,Sing,Inan,-0.0609001793032977,NONE
для,ADP,,case,,,,,0.0226888597752131,NONE
которых,PRON,,nmod,Gen,,Plur,,-0.0451374042811022,NONE
послужила,VERB,,acl:relcl,,Fem,Sing,,-0.0185470064642745,NONE
гибель,NOUN,,nsubj,Nom,Fem,Sing,Inan,-0.0264434371076718,NONE
25,ADJ,,nmod,,,,,-0.0492538341720114,NONE
мая,NOUN,,flat,Gen,Masc,Sing,Inan,0.0706526574591906,NONE
Джорджа,PROPN,,nmod,Gen,Masc,Sing,Anim,0.0726638534953938,PER
Флойда,PROPN,,flat:name,Gen,Masc,Sing,Anim,0.0704757814452863,PER
",",PUNCT,,punct,,,,,0.6548223234304337,NONE
чернокожего,ADJ,,amod,Gen,Masc,Sing,,0.1526314861816301,NONE
мужчины,NOUN,,appos,Gen,Masc,Sing,Anim,0.0187619347632168,NONE
",",PUNCT,,punct,,,,,0.0501646960554811,NONE
который,PRON,,nsubj,Nom,Masc,Sing,,-0.0407446692435909,NONE
умер,VERB,,acl:relcl,,Masc,Sing,,-0.0186614898825921,NONE
в,ADP,,case,,,,,0.0393389512988129,NONE
Миннесоте,PROPN,,obl,Loc,Fem,Sing,Inan,0.0428042689149619,LOC
после,ADP,,case,,,,,0.0709321165096309,NONE
того,PRON,,obl,Gen,Neut,Sing,Inan,0.0039526437466304,NONE
",",PUNCT,,punct,,,,,5.282693760436512,NONE
как,SCONJ,,mark,,,,,0.0507078353872314,NONE
белый,ADJ,,amod,Nom,Masc,Sing,,0.0112316291417734,NONE
полицейский,NOUN,,nsubj,Nom,Masc,Sing,Anim,-0.0103002767070335,NONE
удерживал,VERB,,acl,,Masc,Sing,,0.0854845375722034,NONE
его,PRON,,obj,Acc,Masc,Sing,,0.0259259523959179,NONE
на,ADP,,case,,,,,0.0520557027187216,NONE
земле,NOUN,,obl,Loc,Fem,Sing,Inan,0.0088303680718197,NONE
",",PUNCT,,punct,,,,,0.0257497849099137,NONE
наступив,VERB,,advcl,,,,,0.0675157118017219,NONE
коленом,NOUN,,iobj,Ins,Neut,Sing,Inan,0.0072382917843353,NONE
на,ADP,,case,,,,,0.0064915699598795,NONE
шею,NOUN,,obl,Acc,Fem,Sing,Inan,-0.0025658487118485,NONE
",",PUNCT,,punct,,,,,0.0567331575575878,NONE
также,PART,,advmod,,,,,-0.0461434525792363,NONE
привлекли,VERB,,root,,,Plur,,-0.0362528004124113,NONE
внимание,NOUN,,obj,Acc,Neut,Sing,Inan,-0.1197251422608876,NONE
общественности,NOUN,,nmod,Gen,Fem,Sing,Inan,-0.0324390254949154,NONE
к,ADP,,case,,,,,-0.0409475976407649,NONE
другим,DET,,det,Dat,,Plur,,-0.0017687052771862,NONE
случаям,NOUN,,obl,Dat,Masc,Plur,Inan,0.0265744789935608,NONE
жестокости,NOUN,,nmod,Gen,Fem,Sing,Inan,0.0484259511376435,NONE
полицейских,NOUN,,nmod,Gen,Masc,Plur,Anim,0.1417081075895056,NONE
",",PUNCT,,punct,,,,,-0.0320467810662162,NONE
приведшей,VERB,,acl,Gen,Fem,Sing,,0.0612057202618279,NONE
к,ADP,,case,,,,,0.0629983852136529,NONE
смертельному,ADJ,,amod,Dat,Masc,Sing,,0.1280978175220182,NONE
исходу,NOUN,,obl,Dat,Masc,Sing,Inan,0.0586370209806973,NONE
.,PUNCT,,punct,,,,,0.1432762659343396,NONE
Певец,NOUN,,nsubj,Nom,Masc,Sing,Anim,0.0068291775666173,NONE
и,CCONJ,,cc,,,,,-0.2434744715458473,NONE
композитор,NOUN,,conj,Nom,Masc,Sing,Anim,0.0332026397879819,NONE
Зубин,PROPN,,appos,Nom,Masc,Sing,Anim,0.1377849598627626,PER
Гарг,PROPN,,flat:name,Nom,Masc,Sing,Anim,0.102572200727736,PER
",",PUNCT,,punct,,,,,-0.0715478858097641,NONE
сыгравший,VERB,,acl,Nom,Masc,Sing,,0.1903119196574511,NONE
ведущую,ADJ,,amod,Acc,Fem,Sing,,-0.0467851107640578,NONE
роль,NOUN,,obj,Acc,Fem,Sing,Inan,-0.0538400362281402,NONE
в,ADP,,case,,,,,0.1501287022097031,NONE
протестах,NOUN,,nmod,Loc,Masc,Plur,Inan,-0.0364759714576599,NONE
2019,ADJ,,amod,,,,,0.51989803363192,NONE
года,NOUN,,nmod,Gen,Masc,Sing,Inan,-0.2008779085992625,NONE
",",PUNCT,,punct,,,,,0.1247405124573839,NONE
также,ADV,,advmod,,,,,-0.1744568855713265,NONE
отдал,VERB,,root,,Masc,Sing,,0.0170281550795256,NONE
дань,NOUN,,obj,Acc,Fem,Sing,Inan,0.0412962587414882,NONE
уважения,NOUN,,nmod,Gen,Neut,Sing,Inan,-0.0675848310254409,NONE
в,ADP,,case,,,,,0.0655084104804994,NONE
программе,NOUN,,obl,Loc,Fem,Sing,Inan,-0.0498293504359215,NONE
",",PUNCT,,punct,,,,,0.0808044212981672,NONE
организованной,VERB,,acl,Loc,Fem,Sing,,-0.0819931346514732,NONE
AASU,PROPN,,flat:foreign,,,,,0.0593350301205069,ORG
.,PUNCT,,punct,,,,,-0.0964150323405126,NONE
Но,CCONJ,,cc,,,,,-0.0957179631011552,NONE
у,ADP,,case,,,,,-0.0688530738543264,NONE
нас,PRON,,obl,Gen,,Plur,,-0.206628045574181,NONE
есть,VERB,,root,,,Sing,,0.0669130345139187,NONE
философия,NOUN,,nsubj,Nom,Fem,Sing,Inan,0.1115806007829431,NONE
",",PUNCT,,punct,,,,,0.1734587072354818,NONE
что,SCONJ,,mark,,,,,-0.0101488327072571,NONE
если,SCONJ,,mark,,,,,0.0433478011166768,NONE
есть,VERB,,advcl,,,Sing,,0.0246484942427298,NONE
лучший,ADJ,,amod,Nom,Masc,Sing,,-0.05389993842109,NONE
продукт,NOUN,,nsubj,Nom,Masc,Sing,Inan,0.0697407301166509,NONE
там,ADV,,advmod,,,,,-0.1004797935431812,NONE
для,ADP,,case,,,,,0.1706400434867467,NONE
пользователя,NOUN,,obl,Gen,Masc,Sing,Anim,0.1025328294963254,NONE
",",PUNCT,,punct,,,,,0.2560559918580132,NONE
и,CCONJ,,cc,,,,,0.1323417469154343,NONE
мы,PRON,,nsubj,Nom,,Plur,,0.1392219492818618,NONE
считаем,VERB,,conj,,,Plur,,0.2546432949392903,NONE
",",PUNCT,,punct,,,,,0.4009646939945086,NONE
что,SCONJ,,mark,,,,,0.0798481630754564,NONE
интегрированное,VERB,,amod,Nom,Neut,Sing,,0.1362343067686011,NONE
решение,NOUN,,nsubj,Nom,Neut,Sing,Inan,-0.0449346910493941,NONE
движения,NOUN,,nmod,Gen,Neut,Sing,Inan,0.032594446215042,NONE
лучше,ADJ,,ccomp,,,,,0.0707359133717432,NONE
для,ADP,,case,,,,,-0.0360530081911305,NONE
пользователя,NOUN,,obl,Gen,Masc,Sing,Anim,0.0349341643339001,NONE
",",PUNCT,,punct,,,,,0.2387574004489582,NONE
мы,PRON,,nsubj,Nom,,Plur,,0.1586169075354101,NONE
должны,ADJ,,acl,,,Plur,,0.0834291197581273,NONE
быть,VERB,,xcomp,,,,,0.0588300044631641,NONE
те,DET,,det,Nom,,Plur,,0.0567891190202516,NONE
",",PUNCT,,punct,,,,,0.0898116329324128,NONE
которые,PRON,,nsubj,Nom,,,,0.176596866004522,NONE
конкурируют,VERB,,acl:relcl,,,Plur,,0.394302239102804,NONE
с,ADP,,case,,,,,0.2209268567140183,NONE
самим,ADJ,,amod,Ins,Masc,Sing,,0.0982562460505528,NONE
собой,PRON,,obl,Ins,,,,0.0323673984578628,NONE
против,ADP,,case,,,,,0.0068310560171257,NONE
других,ADJ,,obl,Gen,,Plur,,0.0813146816823817,NONE
делать,VERB,,xcomp,,,,,0.0170629492957145,NONE
это,PRON,,obj,Acc,Neut,Sing,Inan,0.0662828229596606,NONE
.,PUNCT,,punct,,,,,-0.141287828622641,NONE
Ремесло,NOUN,,nsubj,Nom,Neut,Sing,Inan,0.1519252318562899,NONE
-,PUNCT,,punct,,,,,0.192854900411025,NONE
Наслаждайтесь,VERB,,root,,,Plur,,0.1876168012978303,NONE
всеми,DET,,det,Ins,,Plur,,0.0406737559687689,NONE
аспектами,NOUN,,obl,Ins,Masc,Plur,Inan,0.2171455670103284,NONE
ремесла,NOUN,,nmod,Gen,Neut,Sing,Inan,-0.0188393729892873,NONE
в,ADP,,case,,,,,0.1349654968451012,NONE
Black,PROPN,,flat:foreign,,,,,-0.1830632995914435,NONE
Desert,PROPN,,flat:foreign,,,,,0.0188795387192144,NONE
:,PUNCT,,punct,,,,,0.0544169012002044,NONE
инструменты,NOUN,,parataxis,Nom,Masc,Plur,Inan,0.0919805280030275,NONE
",",PUNCT,,punct,,,,,0.1516989240679095,NONE
оружие,NOUN,,conj,Nom,Neut,Sing,Inan,-0.0207006704815074,NONE
",",PUNCT,,punct,,,,,0.1415856838043992,NONE
броня,NOUN,,conj,Nom,Fem,Sing,Inan,0.0630307678837266,NONE
",",PUNCT,,punct,,,,,0.208508937639488,NONE
украшения,NOUN,,conj,Nom,Neut,Plur,Inan,0.0841430740776979,NONE
",",PUNCT,,punct,,,,,0.0017241585242418,NONE
лодки,NOUN,,conj,Nom,Fem,Plur,Inan,0.223331442444643,NONE
",",PUNCT,,punct,,,,,-0.0083913858302412,NONE
костюмы,NOUN,,conj,Nom,Masc,Plur,Inan,0.1120241266867579,NONE
",",PUNCT,,punct,,,,,0.0154301187657983,NONE
наряды,NOUN,,conj,Nom,Masc,Plur,Inan,0.1611728675817533,NONE
и,CCONJ,,cc,,,,,-0.0618878689846306,NONE
многое,NOUN,,conj,Nom,Neut,Sing,Inan,0.1504751771970064,NONE
другое,ADJ,,amod,Nom,Neut,Sing,,0.1659884631460079,NONE
.,PUNCT,,punct,,,,,-0.4098806366117289,NONE
Эта,DET,,det,Nom,Fem,Sing,,0.4669735379698282,NONE
необычная,ADJ,,amod,Nom,Fem,Sing,,0.0808159827070971,NONE
одиссея,NOUN,,nsubj,Nom,Fem,Sing,Inan,-0.0657359534089593,NONE
",",PUNCT,,punct,,,,,0.0016453621572414,NONE
межпланетный,ADJ,,amod,Nom,Masc,Sing,,0.0808745766516635,NONE
эквивалент,NOUN,,appos,Nom,Masc,Sing,Inan,0.0870572495723065,NONE
отправки,NOUN,,nmod,Gen,Fem,Sing,Inan,0.2063500419620783,NONE
углей,NOUN,,nmod,Gen,Masc,Plur,Inan,-0.0678713228458858,NONE
в,ADP,,case,,,,,0.1034449174803088,NONE
Ньюкасл,PROPN,,nmod,Acc,Masc,Sing,Inan,0.0812412739685615,LOC
",",PUNCT,,punct,,,,,0.0308096636602405,NONE
станет,VERB,,root,,,Sing,,-0.0274166793453039,NONE
ключевой,ADJ,,amod,Ins,Fem,Sing,,0.0180142080872763,NONE
частью,NOUN,,obl,Ins,Fem,Sing,Inan,-0.1076703759748348,NONE
предстоящей,ADJ,,amod,Gen,Fem,Sing,,0.0507720455334877,NONE
экспедиции,NOUN,,nmod,Gen,Fem,Sing,Inan,0.1407714848468585,NONE
НАСА,PROPN,,nmod,Gen,Fem,Sing,Inan,0.1729494663299557,ORG
на,ADP,,case,,,,,0.2723053206894548,NONE
Марс-2020,PROPN,,nmod,Acc,Masc,Sing,Inan,-0.0079758167553304,LOC
.,PUNCT,,punct,,,,,-0.0363029766758858,NONE
Номинально,ADV,,parataxis,,,,,0.0484935795919218,NONE
",",PUNCT,,punct,,,,,0.0375203155791016,NONE
эти,DET,,det,Nom,,Plur,,0.1879643965685526,NONE
виды,NOUN,,nsubj,Nom,Masc,Plur,Inan,-0.0954590024671968,NONE
спорта,NOUN,,nmod,Gen,Masc,Sing,Inan,-0.0360484090078635,NONE
противоположны,ADJ,,root,,,Plur,,0.1790702374791383,NONE
",",PUNCT,,punct,,,,,0.2043274008207861,NONE
но,CCONJ,,cc,,,,,-0.0061655389500026,NONE
они,PRON,,nsubj,Nom,,Plur,,0.0551468796082696,NONE
сравнимы,ADJ,,conj,,,Plur,,0.0094436991110936,NONE
по,ADP,,case,,,,,-0.1424076627654739,NONE
силе,NOUN,,obl,Dat,Fem,Sing,Inan,0.070896524599347,NONE
тренировок,NOUN,,nmod,Gen,Fem,Plur,Inan,0.1239598633135799,NONE
и,CCONJ,,cc,,,,,-0.1371379691177096,NONE
самоотдаче,NOUN,,conj,Dat,Fem,Sing,Inan,0.1672956868851799,NONE
",",PUNCT,,punct,,,,,-0.1332934667782622,NONE
необходимые,ADJ,,amod,Nom,,Plur,,-0.2618240551872984,NONE
для,ADP,,case,,,,,-0.2983185015014779,NONE
успеха,NOUN,,obl,Gen,Masc,Sing,Inan,-0.0056750841651909,NONE
.,PUNCT,,punct,,,,,-0.704919438305152,NONE
Такие,DET,,root,Nom,,Plur,,-0.6338482505267425,NONE
",",PUNCT,,punct,,,,,-0.0177903317074553,NONE
как,SCONJ,,mark,,,,,-0.2352108447939736,NONE
Секстон,PROPN,,obl,Nom,Masc,Sing,Anim,-0.2083300106652618,PER
.,PUNCT,,punct,,,,,0.3044546390616138,NONE
.,PUNCT,,punct,,,,,0.5461315429194004,NONE
.,PUNCT,,punct,,,,,0.0175455360888584,NONE
Это,PRON,,nsubj,Nom,Neut,Sing,Inan,-0.0050621227535187,NONE
смелое,ADJ,,amod,Nom,Neut,Sing,,0.0566452164840842,NONE
утверждение,NOUN,,root,Nom,Neut,Sing,Inan,0.2292628235527176,NONE
",",PUNCT,,punct,,,,,0.0863943812210333,NONE
но,CCONJ,,cc,,,,,-0.0127717558079563,NONE
в,ADP,,case,,,,,0.0128210358702315,NONE
любом,DET,,det,Loc,Masc,Sing,,-0.0745365113165328,NONE
случае,NOUN,,obl,Loc,Masc,Sing,Inan,0.1283127949663828,NONE
оно,PRON,,nsubj,Nom,Neut,Sing,,-0.1047688152396791,NONE
все,PRON,,advmod,Nom,Neut,Sing,Inan,-0.0354627696175387,NONE
равно,ADJ,,fixed,,Neut,Sing,,0.0235028116649305,NONE
не,PART,,advmod,,,,,-0.0372848986074316,NONE
объясняет,VERB,,conj,,,Sing,,-0.0279837092336594,NONE
",",PUNCT,,punct,,,,,0.2452326195476614,NONE
почему,ADV,,advmod,,,,,0.029972572019668,NONE
объединение,NOUN,,nsubj,Nom,Neut,Sing,Inan,0.0505839975697886,NONE
обновлений,NOUN,,nmod,Gen,Neut,Plur,Inan,0.2201394745385153,NONE
приложений,NOUN,,nmod,Gen,Neut,Plur,Inan,0.206165397807216,NONE
с,ADP,,case,,,,,0.1511009748088109,NONE
обновлениями,NOUN,,nmod,Ins,Neut,Plur,Inan,0.2065132629974877,NONE
ОС,PROPN,,nmod,Gen,Fem,Sing,Inan,-0.123462756645127,NONE
«лучше»,ADJ,,ccomp,,,,,0.1886332139615597,NONE
для,ADP,,case,,,,,0.3065881742766376,NONE
разработчиков,NOUN,,obl,Gen,Masc,Plur,Anim,0.2315734629610367,NONE
или,CCONJ,,cc,,,,,0.0836970147964911,NONE
конечного,ADJ,,amod,Gen,Masc,Sing,,0.054463494041617,NONE
пользователя,NOUN,,conj,Gen,Masc,Sing,Anim,0.0797630101493584,NONE
.,PUNCT,,punct,,,,,0.214033632797008,NONE
Рок-звезда,NOUN,,nsubj,Nom,Masc,Sing,Anim,0.0263184748922633,NONE
написал,VERB,,root,,Masc,Sing,,0.0119719461858272,NONE
рядом,ADV,,advmod,,,,,-0.0132920171728831,NONE
со,ADP,,case,,,,,0.1326021746400465,NONE
снимком,NOUN,,obl,Ins,Masc,Sing,Inan,0.0906207055727249,NONE
",",PUNCT,,punct,,,,,0.0524187358643638,NONE
на,ADP,,case,,,,,0.041213929229894,NONE
котором,PRON,,obl,Loc,,,,0.0093380936245098,NONE
он,PRON,,nsubj:pass,Nom,Masc,Sing,,0.0170490904029124,NONE
запечатлен,VERB,,acl:relcl,,Masc,Sing,,0.0215479893883264,NONE
со,ADP,,case,,,,,0.0041458139621325,NONE
своей,DET,,det,Ins,Fem,Sing,,0.0001671807613085,NONE
женой,NOUN,,obl,Ins,Fem,Sing,Anim,0.0254495746725603,NONE
Анитой,PROPN,,appos,Ins,Fem,Sing,Anim,0.0163667558280296,PER
Добсон,PROPN,,flat:name,Ins,Fem,Sing,Anim,-0.0062087091388494,PER
:,PUNCT,,punct,,,,,0.0257244047685529,NONE
"""",PUNCT,,punct,,,,,0.0511046743194943,NONE
"""",PUNCT,,punct,,,,,0.6773327247388724,NONE
Ужин,NOUN,,nsubj,Nom,Masc,Sing,Inan,-0.0074240350515939,NONE
в,ADP,,case,,,,,0.0034602833310318,NONE
честь,NOUN,,nmod,Acc,Fem,Sing,Inan,-0.0088066387293612,NONE
моего,DET,,det,Gen,Masc,Sing,,-0.018165418706921,NONE
дня,NOUN,,nmod,Gen,Masc,Sing,Inan,-0.0344529223617895,NONE
рождения,NOUN,,nmod,Gen,Neut,Sing,Inan,0.0008155851268686,NONE
",",PUNCT,,punct,,,,,0.0062675783945082,NONE
созданный,VERB,,acl,Nom,Masc,Sing,,-0.0015274341273475,NONE
Анитой,PROPN,,obl,Ins,Masc,Sing,Anim,0.1109864105887299,PER
-,PUNCT,,punct,,,,,0.0843330555601155,NONE
мы,PRON,,nsubj,Nom,,Plur,,0.0112202425958956,NONE
нарядились,VERB,,parataxis,,,Plur,,0.0274515460674337,NONE
",",PUNCT,,punct,,,,,0.0218202985790976,NONE
чтобы,SCONJ,,mark,,,,,0.0066645260048837,NONE
остаться,VERB,,advcl,,,,,-0.0194584569366232,NONE
дома,ADV,,advmod,,,,,0.0136100263128916,NONE
!,PUNCT,,punct,,,,,-0.0199394928347032,NONE
"""",PUNCT,,punct,,,,,-0.0512029444360599,NONE
"""",PUNCT,,punct,,,,,-0.0413176503286227,NONE
.,PUNCT,,punct,,,,,0.0539273019339482,NONE
"""",PUNCT,,root,,,,,0.056369198223951,NONE
Также,ADV,,advmod,,,,,-0.1390593092594197,NONE
в,ADP,,case,,,,,-0.411899855472353,NONE
этой,DET,,det,Loc,Fem,Sing,,0.0313427695739484,NONE
статье,NOUN,,obl,Loc,Fem,Sing,Inan,-0.2511558404379896,NONE
говорится,VERB,,root,,,Sing,,-0.1124019815215347,NONE
:,PUNCT,,punct,,,,,-0.1373250241675433,NONE
эта,DET,,det,Nom,Fem,Sing,,0.099777595636458,NONE
компания,NOUN,,nsubj,Nom,Fem,Sing,Inan,-0.0904518992213909,NONE
намерена,ADJ,,parataxis,,Fem,Sing,,0.0328193638626275,NONE
очно,ADV,,advmod,,,,,0.0212505643446257,NONE
опросить,VERB,,xcomp,,,,,-0.0090690183934534,NONE
некоторые,DET,,det,Acc,,Plur,,-0.2443341696350094,NONE
районы,NOUN,,obj,Acc,Masc,Plur,Inan,0.0087566294190541,NONE
округа,NOUN,,nmod,Gen,Masc,Sing,Inan,0.0391271991393679,NONE
Марикопа,PROPN,,nmod,Gen,Masc,Sing,Inan,0.1248511456279131,LOC
",",PUNCT,,punct,,,,,-0.061104567232647,NONE
чтобы,SCONJ,,mark,,,,,0.2040884985576369,NONE
уточнить,VERB,,advcl,,,,,0.1781696808251772,NONE
",",PUNCT,,punct,,,,,0.446713317286065,NONE
подходят,VERB,,ccomp,,,Plur,,0.2864259302836018,NONE
ли,PART,,advmod,,,,,0.2713705263603722,NONE
их,DET,,det,,,,,0.1992867280149948,NONE
бюллетени,NOUN,,nsubj,Nom,Masc,Plur,Inan,0.0355598591855273,NONE
.,PUNCT,,punct,,,,,0.107984923968894,NONE
Коснитесь,VERB,,root,,,Plur,,0.1177776335143248,NONE
значка,NOUN,,obl,Gen,Masc,Sing,Inan,-0.143436309655327,NONE
«Еще»,PUNCT,,appos,,,,,0.3885953762906646,NONE
(,PUNCT,,punct,,,,,0.1479779132550906,NONE
три,NUM,,nummod:gov,Nom,,,,-0.3336684904517593,NONE
горизонтальные,ADJ,,amod,Nom,,Plur,,0.0368721495588335,NONE
линии,NOUN,,parataxis,Gen,Fem,Sing,Inan,0.047669591474022,NONE
),PUNCT,,punct,,,,,0.2527473212448751,NONE
в,ADP,,case,,,,,0.2240327049002775,NONE
нижней,ADJ,,amod,Loc,Fem,Sing,,0.1578769045841255,NONE
части,NOUN,,nmod,Loc,Fem,Sing,Inan,0.1674428125508092,NONE
экрана,NOUN,,nmod,Gen,Masc,Sing,Inan,0.1880983926681927,NONE
.,PUNCT,,punct,,,,,-0.1150563667695624,NONE
Действие,NOUN,,nsubj,Nom,Neut,Sing,Inan,0.4738358974028443,NONE
происходит,VERB,,root,,,Sing,,0.0005305523433532,NONE
в,ADP,,case,,,,,0.086098476647915,NONE
Нью-Йорке,PROPN,,obl,Loc,Masc,Sing,Inan,0.1546139456603017,LOC
1880-х,ADJ,,amod,Gen,,Plur,,0.0837564724103379,NONE
годов,NOUN,,nmod,Gen,Masc,Plur,Inan,0.0495499037153164,NONE
",",PUNCT,,punct,,,,,0.0721902813520921,NONE
и,CCONJ,,cc,,,,,0.050874597016333,NONE
повествует,VERB,,conj,,,Sing,,0.0489505064731669,NONE
о,ADP,,case,,,,,0.1862766077766897,NONE
Мариан,PROPN,,obl,Loc,Fem,Sing,Anim,0.2152874151739864,PER
Брук,PROPN,,flat:name,Loc,Fem,Sing,Anim,0.0774566574604603,PER
(,PUNCT,,punct,,,,,-0.0515529929783838,NONE
Луиза,PROPN,,parataxis,Nom,Fem,Sing,Anim,0.1647481237823893,PER
Джейкобсон,PROPN,,flat:name,Nom,Fem,Sing,Anim,0.1225964319668871,PER
",",PUNCT,,punct,,,,,0.1852980589445234,NONE
вверху,ADV,,conj,,,,,0.0683186224941426,NONE
слева,ADV,,advmod,,,,,0.1719111765185168,NONE
),PUNCT,,punct,,,,,-0.0785932497387174,NONE
и,CCONJ,,cc,,,,,0.0351265532623014,NONE
начинающей,VERB,,amod,Loc,Fem,Sing,,0.0843396389050121,NONE
писательнице,NOUN,,conj,Loc,Fem,Sing,Anim,0.0755858200937346,NONE
Пегги,PROPN,,appos,Loc,Fem,Sing,Anim,0.2026360322779825,PER
Скотт,PROPN,,flat:name,Loc,Fem,Sing,Anim,0.0697726728251232,PER
(,PUNCT,,punct,,,,,0.0387088285234386,PER
Дене,PROPN,,parataxis,Nom,Fem,Sing,Anim,0.0374907584413329,PER
Бентон,PROPN,,flat:name,Nom,Fem,Sing,Anim,0.0860588663337812,PER
",",PUNCT,,punct,,,,,0.1283079885690126,NONE
справа,ADV,,conj,,,,,-0.0559545110973731,NONE
),PUNCT,,punct,,,,,0.0334652737517794,NONE
",",PUNCT,,punct,,,,,0.1447080333695236,NONE
когда,SCONJ,,mark,,,,,-0.0063213235888016,NONE
они,PRON,,nsubj,Nom,,Plur,,0.0085414421592367,NONE
вновь,ADV,,advmod,,,,,0.082549402433755,NONE
сталкиваются,VERB,,acl:relcl,,,Plur,,0.0473335730270837,NONE
с,ADP,,case,,,,,0.0887114014632852,NONE
обществом,NOUN,,obl,Ins,Neut,Sing,Inan,0.0465918932923431,NONE
старых,ADJ,,amod,Gen,,Plur,,-0.0056044604676665,NONE
денег,NOUN,,nmod,Gen,Fem,Plur,Inan,0.1205735526801206,NONE
.,PUNCT,,punct,,,,,-0.4440556390051103,NONE
"""",PUNCT,,punct,,,,,0.1488552802109339,NONE
Будь,VERB,,advcl,,,Sing,,-0.0056742413032462,NONE
то,PRON,,nsubj,Nom,Neut,Sing,Inan,-0.0071317339547504,NONE
одна,NUM,,nummod,Nom,Fem,,,-0.0122824599817919,NONE
дорога,NOUN,,nsubj,Nom,Fem,Sing,Inan,-0.000792805592734,NONE
или,CCONJ,,cc,,,,,-0.0113255368926512,NONE
один,NUM,,nummod,Nom,Masc,,,-0.0102630179458148,NONE
порт,NOUN,,conj,Nom,Masc,Sing,Inan,0.0129612045186869,NONE
",",PUNCT,,punct,,,,,0.0084492788492604,NONE
когда,SCONJ,,mark,,,,,-0.0088945082357231,NONE
ЕС,PROPN,,nsubj,Nom,Masc,Sing,Inan,0.0496075576088693,LOC
и,CCONJ,,cc,,,,,0.0072970538985274,NONE
Япония,PROPN,,conj,Nom,Fem,Sing,Inan,0.011740673670869,LOC
берут,VERB,,advcl,,,Plur,,0.0120353223254693,NONE
что-то,PRON,,obj,Acc,Neut,Sing,Inan,0.0585633377493082,NONE
",",PUNCT,,punct,,,,,0.0159094559383978,NONE
мы,PRON,,nsubj,Nom,,Plur,,-0.0088847206085563,NONE
способны,ADJ,,root,,,Plur,,0.0051310790639175,NONE
построить,VERB,,xcomp,,,,,0.0143536498769316,NONE
устойчивую,ADJ,,acl,Acc,Fem,Sing,,0.0063420095978578,NONE
",",PUNCT,,punct,,,,,0.0088809282476426,NONE
основанную,VERB,,conj,Acc,Fem,Sing,,-0.0307879130722949,NONE
на,ADP,,case,,,,,0.0122230629437068,NONE
правилах,NOUN,,obl,Loc,Neut,Plur,Inan,0.0376517308594307,NONE
связь,NOUN,,obj,Acc,Fem,Sing,Inan,-0.0168572152308232,NONE
от,ADP,,case,,,,,0.0368203622316815,NONE
Индо-Тихого,ADJ,,amod,Gen,Masc,Sing,,0.0629920505278072,LOC
океана,NOUN,,nmod,Gen,Masc,Sing,Inan,0.0260944217361293,LOC
до,ADP,,case,,,,,0.0269563626899974,NONE
Западных,ADJ,,amod,Gen,,Plur,,0.0437506476058984,LOC
Балкан,PROPN,,nmod,Gen,Fem,Plur,Inan,0.0075057669740131,LOC
и,CCONJ,,cc,,,,,0.0314166225000134,NONE
Африки,PROPN,,conj,Gen,Fem,Sing,Inan,0.0508715500401259,LOC
",",PUNCT,,punct,,,,,0.1202969905616137,NONE
"""",PUNCT,,punct,,,,,0.0331288321044209,NONE
"""",PUNCT,,punct,,,,,-0.00079642499487,NONE
сказал,VERB,,parataxis,,Masc,Sing,,0.0506746605173422,NONE
Абэ,PROPN,,nsubj,Nom,Masc,Sing,Anim,0.0200197472992994,PER
журналистам,NOUN,,iobj,Dat,Masc,Plur,Anim,0.0063800203279266,NONE
опередив,VERB,,advcl,,,,,0.0181085118704293,NONE
церемония,NOUN,,obj,Acc,Fem,Sing,Inan,0.0290077297599403,NONE
подписания,NOUN,,nmod,Gen,Neut,Sing,Inan,0.0203415861209295,NONE
.,PUNCT,,punct,,,,,0.013090877732457,NONE
"""",PUNCT,,root,,,,,0.0867869247375424,NONE
В,ADP,,case,,,,,0.1042595925646322,NONE
нем,PRON,,obl,Loc,Masc,Sing,,0.0994341279131114,NONE
говорится,VERB,,root,,,Sing,,-0.0592657962657462,NONE
",",PUNCT,,punct,,,,,0.1301972432424256,NONE
что,SCONJ,,mark,,,,,-0.5841353735401441,NONE
BNP,PROPN,,nsubj,,,,,0.1455489630922889,ORG
фактически,ADV,,advmod,,,,,-0.0981393596377104,NONE
действовала,VERB,,ccomp,,Fem,Sing,,0.0041252376571165,NONE
в,ADP,,case,,,,,0.029797420503403,NONE
качестве,NOUN,,fixed,Loc,Neut,Sing,Inan,0.0171418970224426,NONE
центрального,ADJ,,amod,Gen,Masc,Sing,,0.0091484472477674,NONE
банка,NOUN,,obl,Gen,Masc,Sing,Inan,0.0673532367502585,NONE
режима,NOUN,,nmod,Gen,Masc,Sing,Inan,0.0409478042115356,NONE
бывшего,ADJ,,amod,Gen,Masc,Sing,,0.0248887130351726,NONE
президента,NOUN,,nmod,Gen,Masc,Sing,Anim,0.0434983562663105,NONE
Омара,PROPN,,appos,Gen,Masc,Sing,Anim,0.0957612456018627,PER
аль-Башира,PROPN,,flat:name,Gen,Masc,Sing,Anim,0.1126698066658114,PER
в,ADP,,case,,,,,0.161345188160144,NONE
течение,NOUN,,fixed,Acc,Neut,Sing,Inan,-0.2203258783968634,NONE
этого,DET,,det,Gen,Masc,Sing,,-0.0597362794532726,NONE
периода,NOUN,,obl,Gen,Masc,Sing,Inan,-0.1219423819835322,NONE
",",PUNCT,,punct,,,,,0.2363736543577624,NONE
предоставив,VERB,,advcl,,,,,-0.0419655351469242,NONE
ему,PRON,,iobj,Dat,Masc,Sing,,-0.098112818072026,NONE
доступ,NOUN,,obj,Acc,Masc,Sing,Inan,-0.1626764329107974,NONE
к,ADP,,case,,,,,0.1202383878092649,NONE
финансовым,ADJ,,amod,Dat,,Plur,,0.0830178800196644,NONE
рынкам,NOUN,,nmod,Dat,Masc,Plur,Inan,0.2629985086154515,NONE
.,PUNCT,,punct,,,,,-0.2925564558895252,NONE
Покупатель,NOUN,,nsubj,Nom,Masc,Sing,Anim,0.11440601428375,NONE
должен,ADJ,,root,,Masc,Sing,,0.0326582947530524,NONE
нести,VERB,,xcomp,,,,,-0.2501942025206504,NONE
ответственность,NOUN,,obj,Acc,Fem,Sing,Inan,-0.0176835038536879,NONE
за,ADP,,case,,,,,-0.1825124419442885,NONE
возврат,NOUN,,nmod,Acc,Masc,Sing,Inan,0.3293049749963257,NONE
стоимости,NOUN,,nmod,Gen,Fem,Sing,Inan,-0.0272899556595782,NONE
доставки,NOUN,,nmod,Gen,Fem,Sing,Inan,0.2073792444770353,NONE
.,PUNCT,,punct,,,,,0.6994968351445666,NONE
Это,PRON,,nsubj,Nom,Neut,Sing,Inan,-0.6128208279117116,NONE
хорошо,ADJ,,root,,Neut,Sing,,0.0325968067413021,NONE
только,PART,,advmod,,,,,-0.2889482007611005,NONE
в,ADP,,case,,,,,-0.0030168233791779,NONE
организации,NOUN,,obl,Loc,Fem,Sing,Inan,0.0163828854992329,NONE
взрывов,NOUN,,nmod,Gen,Masc,Plur,Inan,0.0093893555949607,NONE
",",PUNCT,,punct,,,,,-0.0299422666687036,NONE
разрушений,NOUN,,conj,Gen,Neut,Plur,Inan,-0.018064148452884,NONE
и,CCONJ,,cc,,,,,-0.0188045152106638,NONE
убийств,NOUN,,conj,Gen,Neut,Plur,Inan,0.0458640591955576,NONE
не,PART,,advmod,,,,,0.0590733041443197,NONE
только,PART,,advmod,,,,,0.1705295634062608,NONE
в,ADP,,case,,,,,0.0339293069519681,NONE
нашем,DET,,det,Loc,Masc,Sing,,-0.2028619090843343,NONE
регионе,NOUN,,nmod,Loc,Masc,Sing,Inan,0.0404255625708308,NONE
",",PUNCT,,punct,,,,,0.2328317249333995,NONE
но,CCONJ,,cc,,,,,0.046165174951035,NONE
и,PART,,fixed,,,,,0.0346192266604442,NONE
во,ADP,,case,,,,,-0.0135353903678093,NONE
всем,DET,,det,Loc,Masc,Sing,,0.0514186245446618,NONE
мире»,NOUN,,conj,Loc,Masc,Sing,Inan,0.1408031359024145,NONE
",",PUNCT,,punct,,,,,0.1348705820739131,NONE
-,PUNCT,,punct,,,,,0.4940278939820987,NONE
сказал,VERB,,parataxis,,Masc,Sing,,-0.0423472442876585,NONE
аль-Ассаф,NOUN,,nsubj,Nom,Masc,Sing,Anim,0.0905703664441993,PER
.,PUNCT,,punct,,,,,-0.0692439516256898,NONE
Они,PRON,,nsubj,Nom,,Plur,,-0.0331840385190183,NONE
НЕ,PART,,advmod,,,,,0.0006761124019688,NONE
должны,ADJ,,root,,,Plur,,0.0219936133334071,NONE
быть,AUX,,cop,,,,,0.1143174159275523,NONE
несколькими,NUM,,nummod,Ins,,,,0.2296239041128619,NONE
копиями,NOUN,,obl,Ins,Fem,Plur,Inan,0.0268311029852769,NONE
того,DET,,det,Gen,Masc,Sing,,0.1391702542102749,NONE
же,PART,,advmod,,,,,-0.0930022077515751,NONE
товара,NOUN,,nmod,Gen,Masc,Sing,Inan,0.2737564644822359,NONE
.,PUNCT,,punct,,,,,0.795317853681691,NONE
Он,PRON,,nsubj,Nom,Masc,Sing,,0.0861696233317184,NONE
покинул,VERB,,root,,Masc,Sing,,0.1049780768254088,NONE
нас,PRON,,obj,Acc,,Plur,,0.0401754524798755,NONE
сегодня,ADV,,advmod,,,,,-0.0749494378985015,NONE
в,ADP,,case,,,,,-0.1391315266540476,NONE
тот,DET,,det,Acc,Masc,Sing,Inan,-0.1160423502908117,NONE
момент,NOUN,,obl,Acc,Masc,Sing,Inan,0.0633235190324537,NONE
",",PUNCT,,punct,,,,,-0.0726806765013334,NONE
когда,SCONJ,,mark,,,,,-0.0502657306295728,NONE
Алжир,PROPN,,nsubj,Nom,Masc,Sing,Inan,0.0551471537832179,LOC
нуждается,VERB,,acl,,,Sing,,0.0314956185852211,NONE
в,ADP,,case,,,,,0.1580332236487382,NONE
нем,PRON,,obl,Loc,Masc,Sing,,0.3499688144217735,NONE
",",PUNCT,,punct,,,,,-0.0017344036443118,NONE
-,PUNCT,,punct,,,,,0.3562065134717729,NONE
сказал,VERB,,parataxis,,Masc,Sing,,0.0777354804199774,NONE
президент,NOUN,,nsubj,Nom,Masc,Sing,Anim,0.0468448139026634,NONE
.,PUNCT,,punct,,,,,0.1096903272166335,NONE
"""",PUNCT,,root,,,,,0.7581917006200961,NONE
Ранее,ADV,,advmod,,,,,0.0728519885192554,NONE
в,ADP,,case,,,,,0.0730705750840302,NONE
этом,DET,,det,Loc,Masc,Sing,,-0.054234789753442,NONE
месяце,NOUN,,obl,Loc,Masc,Sing,Inan,-0.0329368254854733,NONE
группа,NOUN,,nsubj,Nom,Fem,Sing,Inan,-0.0483314398477229,NONE
эко-активистов,NOUN,,nmod,Gen,Masc,Plur,Anim,0.0272887554514905,NONE
под,ADP,,case,,,,,-0.0586972918324154,NONE
названием,NOUN,,nmod,Ins,Neut,Sing,Inan,-0.0899494145993065,NONE
Heathrow,PROPN,,flat:foreign,,,,,0.0724948002815692,ORG
Pause,PROPN,,flat:foreign,,,,,-0.0527784677412147,ORG
уже,ADV,,advmod,,,,,-0.0427686030334276,NONE
попыталась,VERB,,root,,Fem,Sing,,0.0265679951645408,NONE
остановить,VERB,,xcomp,,,,,-0.0385319296419136,NONE
работу,NOUN,,obj,Acc,Fem,Sing,Inan,-0.1234278613107503,NONE
аэропорта,NOUN,,nmod,Gen,Masc,Sing,Inan,-3.3359509340894204,NONE
Хитроу,PROPN,,appos,Gen,Masc,Sing,Inan,-0.008057183816402,LOC
с,ADP,,case,,,,,-0.0300618280710821,NONE
помощью,NOUN,,fixed,Ins,Fem,Sing,Inan,-0.0076053349014678,NONE
дронов,NOUN,,obl,Gen,Masc,Plur,Inan,-0.0281707849365053,NONE
",",PUNCT,,punct,,,,,0.0155685816029447,NONE
однако,ADV,,advmod,,,,,-0.0365525194598298,NONE
судя,VERB,,advcl,,,,,-0.0266841098134451,NONE
по,ADP,,case,,,,,-0.1130814442360478,NONE
результатам,NOUN,,obl,Dat,Masc,Plur,Inan,-0.0818687558036633,NONE
расследования,NOUN,,nmod,Gen,Neut,Sing,Inan,-0.0153911366355472,NONE
в,ADP,,case,,,,,0.0099026089864765,NONE
инциденте,NOUN,,obl,Loc,Masc,Sing,Inan,0.1414304171527893,NONE
с,ADP,,case,,,,,-0.0232376798040429,NONE
Гатвиком,PROPN,,nmod,Ins,Masc,Sing,Anim,0.0318833497054967,PER
не,PART,,advmod,,,,,0.0266705178022662,NONE
было,AUX,,aux:pass,,Neut,Sing,,0.0139701744930739,NONE
замешано,VERB,,conj,,Neut,Sing,,0.0326809635178338,NONE
никаких,DET,,det,Gen,,Plur,,0.0770929924950857,NONE
движений,NOUN,,nsubj:pass,Gen,Neut,Plur,Inan,0.0638426116110436,NONE
.,PUNCT,,punct,,,,,0.9156319562287876,NONE
Это,PRON,,nsubj,Nom,Neut,Sing,Inan,-0.0477705343092988,NONE
первый,ADJ,,amod,Nom,Masc,Sing,,0.0718013907480076,NONE
прототип,NOUN,,root,Nom,Masc,Sing,Inan,0.000672084475819,NONE
местного,ADJ,,amod,Gen,Neut,Sing,,-0.0963868390061506,NONE
производства,NOUN,,nmod,Gen,Neut,Sing,Inan,0.1627296921375375,NONE
",",PUNCT,,punct,,,,,0.1591699481741135,NONE
и,CCONJ,,cc,,,,,-0.0815844300648486,NONE
топливные,ADJ,,amod,Nom,,Plur,,-0.0500871050059077,NONE
элементы,NOUN,,nsubj,Nom,Masc,Plur,Inan,0.0363794287150442,NONE
используют,VERB,,conj,,,Plur,,0.2929762200670485,NONE
водород,NOUN,,obj,Acc,Masc,Sing,Inan,0.1694040789215516,NONE
для,ADP,,case,,,,,0.0697792708244923,NONE
производства,NOUN,,obl,Gen,Neut,Sing,Inan,0.0512056763004226,NONE
электричества,NOUN,,nmod,Gen,Neut,Sing,Inan,0.2987968319652797,NONE
.,PUNCT,,punct,,,,,-0.6747448190129711,NONE
Теперь,ADV,,advmod,,,,,0.2917693743640832,NONE
сотрудники,NOUN,,nsubj,Nom,Masc,Plur,Anim,-0.0117073535771553,NONE
опасаются,VERB,,root,,,Plur,,0.0861464415166705,NONE
",",PUNCT,,punct,,,,,-0.0222031457363811,NONE
что,SCONJ,,mark,,,,,-0.1206524980670616,NONE
это,PART,,expl,,,,,0.0458799825820583,NONE
посетители,NOUN,,nsubj,Nom,Masc,Plur,Anim,-0.0205735000303256,NONE
вооружили,VERB,,ccomp,,,Plur,,0.1203023793762168,NONE
их,PRON,,obj,Acc,,Plur,,0.0132432195238098,NONE
смертельным,ADJ,,amod,Ins,Neut,Sing,,0.1861136702749639,NONE
оружием,NOUN,,obl,Ins,Neut,Sing,Inan,0.1072290550048933,NONE
"""",PUNCT,,punct,,,,,0.2551829649691586,NONE
"""",PUNCT,,punct,,,,,0.1777485003945458,NONE
ради,ADP,,case,,,,,0.0054799927830106,NONE
смеха,NOUN,,obl,Gen,Masc,Sing,Inan,0.3755953334693506,NONE
"""",PUNCT,,punct,,,,,0.0810309049472788,NONE
"""",PUNCT,,punct,,,,,0.0151674355619555,NONE
",",PUNCT,,punct,,,,,-0.0084266733825683,NONE
чтобы,SCONJ,,mark,,,,,-0.0365244716515811,NONE
подкрепить,VERB,,advcl,,,,,-0.0020169469687752,NONE
их,DET,,det,,,,,0.026073845400298,NONE
нападения,NOUN,,obj,Acc,Neut,Plur,Inan,0.0402216285686928,NONE
",",PUNCT,,punct,,,,,-0.0252815604249124,NONE
и,CCONJ,,cc,,,,,-0.0788663245024911,NONE
",",PUNCT,,punct,,,,,0.0016419420580788,NONE
по,ADP,,case,,,,,-0.0076453852911019,NONE
словам,NOUN,,parataxis,Dat,Neut,Plur,Inan,0.0145925992875705,NONE
очевидцев,NOUN,,nmod,Gen,Masc,Plur,Anim,-0.0246544124966156,NONE
",",PUNCT,,punct,,,,,0.0854985795145912,NONE
обезьяны,NOUN,,nsubj,Nom,Fem,Plur,Anim,0.0221202089455735,NONE
даже,PART,,advmod,,,,,-0.1205115366036614,NONE
шарили,VERB,,conj,,,Plur,,0.1070914936441803,NONE
в,ADP,,case,,,,,-0.0513970476831756,NONE
ящиках,NOUN,,obl,Loc,Masc,Plur,Inan,0.1361760061813618,NONE
с,ADP,,case,,,,,0.0552509782962164,NONE
инструментами,NOUN,,nmod,Ins,Masc,Plur,Inan,0.1107331669916358,NONE
.,PUNCT,,punct,,,,,-0.1498882536809346,NONE
"""",PUNCT,,root,,,,,-0.0846518167533147,NONE
Чтобы,SCONJ,,mark,,,,,-0.3434656147214458,NONE
восстановить,VERB,,advcl,,,,,-0.1344158565823927,NONE
свой,DET,,det,Acc,Masc,Sing,,-0.0600887538847382,NONE
аккаунт,NOUN,,obj,Acc,Masc,Sing,Inan,0.1718363977808356,NONE
в,ADP,,case,,,,,-0.0580075181865813,NONE
приложении,NOUN,,obl,Loc,Neut,Sing,Inan,-0.0937123759573941,NONE
#,SYM,,flat:foreign,,,,,-0.1546908105006528,NONE
PRS,PROPN,,flat:foreign,,,,,-0.0507916069474027,ORG
_,PUNCT,,flat:foreign,,,,,0.1417630003110034,NONE
ORG,PROPN,,flat:foreign,,,,,0.2417195936471578,NONE
#,PUNCT,,punct,,,,,0.0138325017460187,NONE
",",PUNCT,,punct,,,,,0.0609995174328069,NONE
выполните,VERB,,root,,,Plur,,0.1071420964131162,NONE
шаги,NOUN,,obj,Acc,Masc,Plur,Inan,0.4745008029341854,NONE
",",PUNCT,,punct,,,,,0.4519208627448315,NONE
указанные,VERB,,acl,Acc,,Plur,Inan,-0.1192132663621887,NONE
ниже,ADV,,advmod,,,,,0.1876984373084353,NONE
:,PUNCT,,punct,,,,,-0.1800960566428864,NONE
Я,PRON,,nsubj,Nom,,Sing,,0.0375108388811465,NONE
думаю,VERB,,root,,,Sing,,-0.0355242787743909,NONE
",",PUNCT,,punct,,,,,0.0455768939492072,NONE
возможно,ADJ,,parataxis,,Neut,Sing,,-0.0945934064386497,NONE
(,PUNCT,,punct,,,,,-0.1722443382683576,NONE
но,CCONJ,,cc,,,,,0.0454988929533758,NONE
я,PRON,,nsubj,Nom,,Sing,,0.0155749698031347,NONE
не,PART,,advmod,,,,,0.1756449938512882,NONE
уверен,ADJ,,parataxis,,Masc,Sing,,0.1414615873367914,NONE
),PUNCT,,punct,,,,,0.0163470897371487,NONE
",",PUNCT,,punct,,,,,0.1506504041368986,NONE
они,PRON,,nsubj,Nom,,Plur,,-0.2062217478956927,NONE
говорили,VERB,,conj,,,Plur,,0.1846841987138738,NONE
им,PRON,,iobj,Dat,,Plur,,0.0082715705056811,NONE
о,ADP,,case,,,,,-0.027175516942876,NONE
том,PRON,,obl,Loc,Neut,Sing,Inan,0.0574351436691068,NONE
",",PUNCT,,punct,,,,,0.3586327573617396,NONE
что,SCONJ,,mark,,,,,0.0145505414602124,NONE
ехать,VERB,,csubj,,,,,0.0684535643389152,NONE
было,AUX,,cop,,Neut,Sing,,0.3866543297661486,NONE
небезопасно,ADJ,,acl,,Neut,Sing,,0.2340663887789416,NONE
.,PUNCT,,punct,,,,,0.3365573430186908,NONE
Настоящие,ADJ,,amod,Nom,,Plur,,0.0903008351248195,NONE
либеральные,ADJ,,amod,Nom,,Plur,,0.1697391877646277,NONE
демократии,NOUN,,nsubj,Nom,Fem,Plur,Inan,-0.052289067393411,NONE
остерегаются,VERB,,root,,,Plur,,0.1722350547335824,NONE
введения,NOUN,,obl,Gen,Neut,Sing,Inan,-0.1581813641740428,NONE
авторитарных,ADJ,,amod,Gen,,Plur,,-0.0960782317228391,NONE
мер,NOUN,,nmod,Gen,Fem,Plur,Inan,0.0121543411625041,NONE
.,PUNCT,,punct,,,,,0.6224737519124325,NONE
Этим,DET,,det,Ins,Masc,Sing,,-0.1132034262823156,NONE
вечером,NOUN,,obl,Ins,Masc,Sing,Inan,0.0230876115252684,NONE
Балли,PROPN,,nsubj,Nom,Masc,Sing,Anim,0.0691744871017381,PER
Баллерсон,PROPN,,flat:name,Nom,Masc,Sing,Anim,0.0358626237065039,PER
открывает,VERB,,root,,,Sing,,0.019973450618871,NONE
второй,ADJ,,amod,Acc,Masc,Sing,Inan,0.0031630398096543,NONE
сайт,NOUN,,obj,Acc,Masc,Sing,Inan,0.0823171763496341,NONE
в,ADP,,case,,,,,0.1997983011008477,NONE
Сохо,PROPN,,nmod,Loc,Masc,Sing,Inan,0.6270366039113681,LOC
",",PUNCT,,punct,,,,,0.2634573281234126,NONE
и,CCONJ,,cc,,,,,-0.0635599010282547,NONE
у,ADP,,case,,,,,-0.0850634880570459,NONE
Standard,PROPN,,conj,,,,,0.0587460292415421,ORG
есть,VERB,,conj,,,Sing,,-0.1386161743751313,NONE
эксклюзивный,ADJ,,amod,Nom,Masc,Sing,,0.0932332736320581,NONE
первый,ADJ,,amod,Nom,Masc,Sing,,0.2178969428478051,NONE
взгляд,NOUN,,nsubj,Nom,Masc,Sing,Inan,0.2622616671921371,NONE
.,PUNCT,,punct,,,,,0.2499110209971929,NONE
МФС,NOUN,,nsubj,Nom,Fem,Sing,Inan,0.0253484843636819,ORG
подчеркнула,VERB,,root,,Fem,Sing,,0.0160772361677698,NONE
",",PUNCT,,punct,,,,,0.0423232584589782,NONE
что,SCONJ,,mark,,,,,0.9744220846172122,NONE
ежегодный,ADJ,,amod,Nom,Masc,Sing,,-0.035991676941057,NONE
счет,NOUN,,nsubj,Nom,Masc,Sing,Inan,-0.0226469831785845,NONE
для,ADP,,case,,,,,-0.0074795218333475,NONE
снижения,NOUN,,nmod,Gen,Neut,Sing,Inan,-0.0299156289411166,NONE
налогов,NOUN,,nmod,Gen,Masc,Plur,Inan,-0.0160651940986219,NONE
г-на,NOUN,,nmod,Gen,Masc,Sing,Anim,0.0092079346353414,NONE
Джонсона,PROPN,,appos,Gen,Masc,Sing,Anim,0.0126531039621042,PER
может,VERB,,ccomp,,,Sing,,0.0139744795810163,NONE
варьироваться,VERB,,xcomp,,,,,0.0026159616292564,NONE
от,ADP,,case,,,,,0.0183967437962624,NONE
10,NUM,,obl,,,,,-0.0032762730964804,NONE
до,ADP,,case,,,,,0.018740255877161,NONE
20,NUM,,nummod,,,,,-0.002292116920598,NONE
миллиардов,NOUN,,nummod,Gen,Masc,Plur,Inan,0.0236110505082364,NONE
фунтов,NOUN,,nmod,Gen,Masc,Plur,Inan,0.0002853763803247,NONE
стерлингов,NOUN,,nmod,Gen,Masc,Plur,Inan,0.0013353292098173,NONE
",",PUNCT,,punct,,,,,0.003629472694194,NONE
если,SCONJ,,mark,,,,,-0.0092716383673309,NONE
снижение,NOUN,,nsubj,Nom,Neut,Sing,Inan,-0.0182011137895668,NONE
налогов,NOUN,,nmod,Gen,Masc,Plur,Inan,-0.0268461750839669,NONE
будет,AUX,,aux,,,Sing,,-0.0369437487474558,NONE
осуществляться,VERB,,advcl,,,,,0.0113066017232492,NONE
постепенно,ADV,,advmod,,,,,-0.0201799731857573,NONE
.,PUNCT,,punct,,,,,-0.0041802516489801,NONE
Как,ADV,,advmod,,,,,0.9396480916179536,NONE
прошло,VERB,,root,,Neut,Sing,,0.0007863190462826,NONE
прощание,NOUN,,nsubj,Nom,Neut,Sing,Inan,0.1345439039581082,NONE
с,ADP,,case,,,,,0.0369028039398548,NONE
Этхо,PROPN,,nmod,Ins,Masc,Sing,Anim,-0.0006904746712141,PER
?,PUNCT,,punct,,,,,0.2386273321047064,NONE
Как,SCONJ,,mark,,,,,0.2294510676776095,NONE
нам,PRON,,iobj,Dat,,Plur,,-0.0809733471396423,NONE
стало,VERB,,parataxis,,Neut,Sing,,0.1444503313650319,NONE
известно,ADJ,,obl,,Neut,Sing,,0.0075040904833347,NONE
",",PUNCT,,punct,,,,,-0.1317888764943837,NONE
ставшему,VERB,,acl,Dat,Masc,Sing,,-0.0714623928764052,NONE
отцом,NOUN,,obl,Ins,Masc,Sing,Anim,0.0588960602894185,NONE
актеру,NOUN,,iobj,Dat,Masc,Sing,Anim,0.1440779997133766,NONE
за,ADP,,case,,,,,-0.0939558436274393,NONE
участие,NOUN,,obl,Acc,Neut,Sing,Inan,-0.0436511565095862,NONE
в,ADP,,case,,,,,0.2637139819054977,NONE
17,ADJ,,amod,,,,,0.2182687028320322,NONE
сезоне,NOUN,,nmod,Loc,Masc,Sing,Inan,0.0405813578235413,NONE
шоу,NOUN,,nmod,Gen,Neut,Sing,Inan,0.0865391270262906,NONE
платят,VERB,,root,,,Plur,,0.0398082360542497,NONE
что-то,PRON,,obj,Acc,,,,0.0902985878630351,NONE
между,ADP,,case,,,,,-0.0399791457715868,NONE
25,NUM,,nummod,,,,,0.027557163615699,NONE
и,CCONJ,,cc,,,,,-0.1200797378090848,NONE
40,NUM,,conj,,,,,-0.0645129669413937,NONE
тысячами,NOUN,,nummod,Ins,Fem,Plur,Inan,0.0739857639309535,NONE
фунтов,NOUN,,nmod,Gen,Masc,Plur,Inan,-0.0042424871554277,NONE
.,PUNCT,,punct,,,,,0.6351330362978922,NONE
Коснитесь,VERB,,root,,,Plur,,0.0846794089186727,NONE
«Сброс,NOUN,,nsubj,Nom,Masc,Sing,Inan,0.1536943987841101,NONE
настроек»,NOUN,,nmod,Gen,Fem,Plur,Inan,0.084199250776316,NONE
в,ADP,,case,,,,,-0.042489779287524,NONE
разделе,NOUN,,obl,Loc,Masc,Sing,Inan,-0.1885865158841974,NONE
«Дополнительно»,ADJ,,appos,Nom,Masc,Sing,,0.2976235165713487,NONE
.,PUNCT,,punct,,,,,0.6128743110797232,NONE
На,ADP,,case,,,,,0.0969784425619953,NONE
территорию,NOUN,,obl,Acc,Fem,Sing,Inan,-0.0322632990999162,NONE
консульства,NOUN,,nmod,Gen,Neut,Sing,Inan,0.344776076261034,NONE
въехали,VERB,,root,,,Plur,,0.0140022057900657,NONE
три,NUM,,nummod:gov,Nom,,,,-0.0830344634026553,NONE
грузовых,ADJ,,amod,Gen,,Plur,,-0.1290201021150918,NONE
автомобиля,NOUN,,nsubj,Gen,Masc,Sing,Inan,0.0550721113930141,NONE
",",PUNCT,,punct,,,,,-0.0013911567463722,NONE
а,CCONJ,,cc,,,,,0.0420073110283976,NONE
по,ADP,,case,,,,,0.0651803869294945,NONE
обеим,NUM,,nummod,Dat,,Plur,,0.0135259570477583,NONE
сторонам,NOUN,,obl,Dat,Fem,Plur,Inan,0.1003061940433274,NONE
улицы,NOUN,,nmod,Gen,Fem,Sing,Inan,-0.0603906999423892,NONE
",",PUNCT,,punct,,,,,-0.0546717291459037,NONE
оцепленной,VERB,,acl,Gen,Fem,Sing,,0.0795811110200803,NONE
металлическими,ADJ,,amod,Ins,,Plur,,0.0165072770147216,NONE
ограждениями,NOUN,,obl,Ins,Neut,Plur,Inan,0.042913916757247,NONE
",",PUNCT,,punct,,,,,0.0303946567470374,NONE
выстроились,VERB,,conj,,,Plur,,0.2665027004612786,NONE
полицейские,NOUN,,nsubj,Nom,Masc,Plur,Anim,0.144076941009252,NONE
в,ADP,,case,,,,,0.2954834372885195,NONE
форме,NOUN,,nmod,Loc,Fem,Sing,Inan,0.0962567402928547,NONE
и,CCONJ,,cc,,,,,-0.1620031474324278,NONE
в,ADP,,case,,,,,-0.1655897474243848,NONE
штатском,ADJ,,conj,Loc,Neut,Sing,,0.0428069954647721,NONE
.,PUNCT,,punct,,,,,-0.3846365262778857,NONE
Сообщения,NOUN,,nsubj,Nom,Neut,Plur,Inan,0.291439157738383,NONE
случайно,ADV,,advmod,,,,,-0.0191760038806406,NONE
всплыли,VERB,,root,,,Plur,,-0.0350110782283264,NONE
на,ADP,,case,,,,,0.0446423731081873,NONE
27-й,ADJ,,amod,Acc,Masc,Sing,Inan,0.1072786283740637,NONE
день,NOUN,,obl,Acc,Masc,Sing,Inan,-0.0722986264664716,NONE
рождения,NOUN,,nmod,Gen,Neut,Sing,Inan,0.0141915928437458,NONE
Xhaka,PROPN,,flat:foreign,,,,,0.0842194892659021,NONE
",",PUNCT,,punct,,,,,-0.0043695129142143,NONE
и,CCONJ,,cc,,,,,-0.0092784089013599,NONE
критики,NOUN,,nsubj,Nom,Masc,Plur,Anim,-0.0038597821792797,NONE
использовали,VERB,,conj,,,Plur,,0.0610010688308066,NONE
клубный,ADJ,,amod,Acc,Masc,Sing,Inan,0.308407782408429,NONE
пост,NOUN,,obj,Acc,Masc,Sing,Inan,-0.0522242162967152,NONE
с,ADP,,case,,,,,-0.0382236905521583,NONE
добрыми,ADJ,,amod,Ins,,Plur,,-0.0247025403872503,NONE
пожеланиями,NOUN,,obl,Ins,Neut,Plur,Inan,-0.0042101991744822,NONE
",",PUNCT,,punct,,,,,-0.0224680806706122,NONE
чтобы,SCONJ,,mark,,,,,0.0178848719925306,NONE
выразить,VERB,,advcl,,,,,-0.0704606340925491,NONE
свое,DET,,det,Acc,Neut,Sing,,-0.0975148293613787,NONE
разочарование,NOUN,,obj,Acc,Neut,Sing,Inan,-0.0715606759375438,NONE
.,PUNCT,,punct,,,,,0.7621920903821718,NONE
Я,PRON,,nsubj,Nom,,Sing,,-0.8454115568785693,NONE
думаю,VERB,,root,,,Sing,,0.0697277475654522,NONE
",",PUNCT,,punct,,,,,0.1440899211990331,NONE
что,SCONJ,,mark,,,,,0.0289097767448527,NONE
коробки,NOUN,,nsubj,Nom,Fem,Plur,Inan,0.1319692134461496,NONE
с,ADP,,case,,,,,-0.1897487400075473,NONE
едой,NOUN,,nmod,Ins,Fem,Sing,Inan,0.0141450093767315,NONE
-,PUNCT,,punct,,,,,0.2967471170429225,NONE
это,PRON,,expl,,,,,0.1596088130506961,NONE
безумное,ADJ,,amod,Nom,Neut,Sing,,0.0837341319970606,NONE
предложение,NOUN,,ccomp,Nom,Neut,Sing,Inan,-0.0971575495264734,NONE
.,PUNCT,,punct,,,,,0.1698849374756403,NONE
Редактирование,NOUN,,root,Nom,Neut,Sing,Inan,0.1322648139898477,NONE
некоторых,DET,,det,Gen,,Plur,,0.4225824466169773,NONE
грамматических,ADJ,,amod,Gen,,Plur,,0.4834024932266059,NONE
ошибок,NOUN,,nmod,Gen,Fem,Plur,Inan,0.0809104670944245,NONE
Карен,PROPN,,nsubj,Nom,Masc,Sing,Anim,0.3887898489666329,PER
Пенс,PROPN,,appos,Nom,Masc,Sing,Anim,0.0215588083373027,PER
был,AUX,,cop,,Masc,Sing,,-0.0466156095256075,NONE
",",PUNCT,,punct,,,,,0.0134313610497065,NONE
как,SCONJ,,mark,,,,,-0.0814046017891994,NONE
сообщается,VERB,,parataxis,,,Sing,,0.0103251124379575,NONE
",",PUNCT,,punct,,,,,0.0320599325393372,NONE
"""",PUNCT,,punct,,,,,-0.0130259855049384,NONE
"""",PUNCT,,punct,,,,,-0.0053874499648062,NONE
Ярким,ADJ,,root,Ins,Masc,Sing,,0.0152978331011155,NONE
"""",PUNCT,,punct,,,,,-0.0169490724025363,NONE
"""",PUNCT,,punct,,,,,-0.0056166419834208,NONE
с,ADP,,case,,,,,0.0277529904671215,NONE
лентой,NOUN,,conj,Ins,Fem,Sing,Inan,0.0595133165560199,NONE
Трампа,PROPN,,nmod,Gen,Masc,Sing,Anim,0.0453527747526668,PER
"""",PUNCT,,punct,,,,,0.0742191939788936,NONE
"""",PUNCT,,punct,,,,,-0.0050234361408686,NONE
Доступ,NOUN,,conj,Nom,Masc,Sing,Inan,0.0802252332076491,NONE
к,ADP,,case,,,,,-0.3133310263685334,NONE
Голливуду,PROPN,,nmod,Dat,Masc,Sing,Inan,0.071173552853339,NONE
"""",PUNCT,,punct,,,,,-0.0574856337476128,NONE
"""",PUNCT,,punct,,,,,-0.0557065718597947,NONE
"""",PUNCT,,punct,,,,,-0.825728312450541,NONE
Специальный,ADJ,,amod,Nom,Masc,Sing,,0.0418763336069802,ORG
орган,NOUN,,nsubj,Nom,Masc,Sing,Inan,0.03643899462486,ORG
PMLA,PROPN,,flat:foreign,,,,,0.0125713593452576,ORG
подтвердил,VERB,,root,,Masc,Sing,,-0.0114171486703458,NONE
арест,NOUN,,obj,Acc,Masc,Sing,Inan,-0.0950142577448168,NONE
отеля,NOUN,,nmod,Gen,Masc,Sing,Inan,0.006209875890773,NONE
Holiday,PROPN,,flat:foreign,,,,,-0.0478762622773427,ORG
Inn,PROPN,,flat:foreign,,,,,0.0025248970299162,ORG
стоимостью,NOUN,,nmod,Ins,Fem,Sing,Inan,0.0337261402148309,NONE
более,ADV,,advmod,,,,,-0.0237110207957712,NONE
127,NUM,,nummod,,,,,-0.0828601242100103,NONE
рупий,NOUN,,obl,Gen,Fem,Plur,Inan,0.2441332605670247,NONE
",",PUNCT,,punct,,,,,0.164102781567675,NONE
расположенного,ADJ,,amod,Gen,Masc,Sing,,-0.0169861605728088,NONE
в,ADP,,case,,,,,0.0481672821529887,NONE
престижном,ADJ,,amod,Loc,Masc,Sing,,-0.0045289382203815,NONE
районе,NOUN,,obl,Loc,Masc,Sing,Inan,-0.0244417632785506,NONE
Аэросити,PROPN,,appos,Nom,Masc,Sing,Inan,-0.0004884966860075,LOC
в,ADP,,case,,,,,-0.0098965898629598,NONE
столице,NOUN,,nmod,Loc,Fem,Sing,Inan,-0.0379192966964916,NONE
страны,NOUN,,nmod,Gen,Fem,Sing,Inan,0.0307556094856928,NONE
в,ADP,,case,,,,,0.010868389649926,NONE
связи,NOUN,,fixed,Loc,Fem,Sing,Inan,0.0554978290818649,NONE
с,ADP,,fixed,,,,,0.0345310855897657,NONE
делом,NOUN,,obl,Ins,Neut,Sing,Inan,0.012708266355061,NONE
об,ADP,,case,,,,,0.0287786696196844,NONE
отмывании,NOUN,,nmod,Loc,Neut,Sing,Inan,0.0225064453655685,NONE
денег,NOUN,,nmod,Gen,Fem,Plur,Inan,0.1129591170899108,NONE
против,ADP,,case,,,,,-0.0076708272191165,NONE
предполагаемого,VERB,,amod,Gen,Masc,Sing,,0.0754592184342195,NONE
авиационного,ADJ,,amod,Gen,Masc,Sing,,0.0288018582316526,NONE
лоббиста,NOUN,,nmod,Gen,Masc,Sing,Anim,0.1762655005198161,NONE
Дипака,PROPN,,appos,Gen,Masc,Sing,Anim,0.0670430733451205,PER
Талвара,PROPN,,flat:name,Gen,Masc,Sing,Anim,0.0375660260415279,PER
",",PUNCT,,punct,,,,,0.2248272060491481,NONE
сообщило,VERB,,parataxis,,Neut,Sing,,-0.0205377940582942,NONE
в,ADP,,case,,,,,0.0315087444435193,NONE
пятницу,NOUN,,obl,Acc,Fem,Sing,Inan,0.0142295003996874,NONE
Управление,PROPN,,nsubj,Nom,Neut,Sing,Inan,-0.0143519894617331,ORG
по,ADP,,case,,,,,0.0984909569906303,ORG
обеспечению,NOUN,,nmod,Dat,Neut,Sing,Inan,0.0203092804749211,ORG
соблюдения,NOUN,,nmod,Gen,Neut,Sing,Inan,-0.0064095314072255,ORG
законов,NOUN,,nmod,Gen,Masc,Plur,Inan,0.0422264434431509,ORG
.,PUNCT,,punct,,,,,-0.1995333894652425,NONE
Еще,ADV,,advmod,,,,,-0.0917753589530484,NONE
936,NUM,,nummod,,,,,0.0448649200380973,NONE
основных,ADJ,,amod,Gen,,Plur,,0.0974540463922727,NONE
аккаунтов,NOUN,,nsubj,Gen,Masc,Plur,Inan,-0.0052144537050467,NONE
Twitter,PROPN,,flat:foreign,,,,,0.0832072700664135,ORG
",",PUNCT,,punct,,,,,-0.1081772495874881,NONE
как,SCONJ,,mark,,,,,0.0525398936365533,NONE
полагают,VERB,,parataxis,,,Plur,,0.4833298951628739,NONE
в,ADP,,case,,,,,-0.0334246229586583,NONE
Китае,PROPN,,obl,Loc,Masc,Sing,Inan,0.0013340124567431,LOC
",",PUNCT,,punct,,,,,0.0071610627344772,NONE
пытались,VERB,,root,,,Plur,,0.1862514288034014,NONE
посеять,VERB,,xcomp,,,,,-0.0656321211538068,NONE
политическую,ADJ,,amod,Acc,Fem,Sing,,0.1892070701947343,NONE
рознь,NOUN,,obj,Acc,Fem,Sing,Inan,0.0651396732870794,NONE
в,ADP,,case,,,,,0.2373394181815065,NONE
Гонконге,PROPN,,nmod,Loc,Masc,Sing,Inan,0.1801742803468309,LOC
",",PUNCT,,punct,,,,,0.1030956642605667,NONE
подрывая,VERB,,advcl,,,,,-0.0328594824557141,NONE
легитимность,NOUN,,obj,Acc,Fem,Sing,Inan,0.0237710638063881,NONE
и,CCONJ,,cc,,,,,-0.1079260971985417,NONE
политические,ADJ,,amod,Acc,,Plur,Inan,0.0011295488442195,NONE
позиции,NOUN,,conj,Acc,Fem,Plur,Inan,0.0526893190585972,NONE
протестного,ADJ,,amod,Gen,Neut,Sing,,0.1821322322229472,NONE
движения,NOUN,,nmod,Gen,Neut,Sing,Inan,0.0755315969908578,NONE
.,PUNCT,,punct,,,,,-0.4301442970399889,NONE
Председатель,NOUN,,nsubj,Nom,Masc,Sing,Anim,0.010484528091959,NONE
Сара,PROPN,,appos,Nom,Fem,Sing,Anim,-0.1098176546893035,PER
Сквайр,PROPN,,flat:name,Nom,Fem,Sing,Anim,0.0691194462610898,PER
сказала,VERB,,root,,Fem,Sing,,0.0239856681537331,NONE
:,PUNCT,,punct,,,,,0.0221858275941642,NONE
«Они,PRON,,nsubj,Nom,,Plur,,0.0127842250233418,NONE
придают,VERB,,parataxis,,,Plur,,-0.0962278831337635,NONE
спальне,NOUN,,iobj,Dat,Fem,Sing,Inan,-0.0671566659333152,NONE
прекрасный,ADJ,,acl,Acc,Masc,Sing,Inan,-0.057058892987372,NONE
",",PUNCT,,punct,,,,,-0.0172930909728084,NONE
успокаивающий,VERB,,conj,Acc,Masc,Sing,Inan,0.09413261872755,NONE
аромат,NOUN,,obj,Acc,Masc,Sing,Inan,-0.0229924034945385,NONE
",",PUNCT,,punct,,,,,0.0368561939654851,NONE
который,PRON,,nsubj,Nom,,,,0.2406919216154853,NONE
является,VERB,,acl:relcl,,,Sing,,0.1167521617937017,NONE
идеальным,ADJ,,amod,Ins,Masc,Sing,,0.0469750036036358,NONE
помощником,NOUN,,obl,Ins,Masc,Sing,Anim,0.1075522220029756,NONE
для,ADP,,case,,,,,0.0904960622048232,NONE
хорошего,ADJ,,amod,Gen,Masc,Sing,,0.0631525390964084,NONE
ночного,ADJ,,amod,Gen,Masc,Sing,,0.104117201009839,NONE
сна»,NOUN,,nmod,Gen,Masc,Sing,Inan,0.0052054696154299,NONE
.,PUNCT,,punct,,,,,-0.0076876013528497,NONE
Эксперт,NOUN,,nsubj,Nom,Masc,Sing,Anim,0.5273012016726091,NONE
по,ADP,,case,,,,,-0.0011090103319561,NONE
сну,NOUN,,nmod,Dat,Masc,Sing,Inan,-0.0689411376956999,NONE
Карл,PROPN,,appos,Nom,Masc,Sing,Anim,-0.0220440061036484,PER
Уолш,PROPN,,flat:name,Nom,Masc,Sing,Anim,0.0743950247784957,PER
сказал,VERB,,root,,Masc,Sing,,0.0875914251865815,NONE
:,PUNCT,,punct,,,,,-0.0103841343376038,NONE
"""",PUNCT,,punct,,,,,0.2918548653499289,NONE
"""",PUNCT,,punct,,,,,0.1644018177990307,NONE
Наш,DET,,det,Nom,Masc,Sing,,-0.0226670649861614,NONE
мозг,NOUN,,nsubj,Nom,Masc,Sing,Inan,-0.0633653798300351,NONE
собирает,VERB,,parataxis,,,Sing,,-0.0071080068505234,NONE
информацию,NOUN,,obj,Acc,Fem,Sing,Inan,0.027196640265391,NONE
из,ADP,,case,,,,,-0.0620826540865075,NONE
нашего,DET,,det,Gen,Neut,Sing,,-0.0362896487000411,NONE
окружения,NOUN,,obl,Gen,Neut,Sing,Inan,0.0268281571661686,NONE
",",PUNCT,,punct,,,,,-0.1475450660874464,NONE
и,CCONJ,,cc,,,,,0.0466876811529875,NONE
это,PRON,,nsubj,Nom,Neut,Sing,Inan,-0.0252218262595652,NONE
преобразуется,VERB,,conj,,,Sing,,0.0726900794481917,NONE
в,ADP,,case,,,,,0.074479229627163,NONE
сигналы,NOUN,,obl,Acc,Masc,Plur,Inan,0.1396565374925986,NONE
",",PUNCT,,punct,,,,,0.0417247075170308,NONE
высвобождающие,VERB,,acl,Acc,,Plur,Inan,0.0914011874011228,NONE
гормоны,NOUN,,obj,Acc,Masc,Plur,Inan,0.2079523612101957,NONE
в,ADP,,case,,,,,0.1958903132575904,NONE
ответ,NOUN,,obl,Acc,Masc,Sing,Inan,-0.0956744620227975,NONE
.,PUNCT,,punct,,,,,-0.1529348897241186,NONE
"""",PUNCT,,root,,,,,-0.4445960817199144,NONE
Кризис,NOUN,,nsubj,Nom,Masc,Sing,Inan,0.0436628970622873,NONE
",",PUNCT,,punct,,,,,-0.078822011586197,NONE
связанный,VERB,,acl,Nom,Masc,Sing,,-0.1003787246707941,NONE
с,ADP,,case,,,,,0.2417730263576797,NONE
пандемией,NOUN,,obl,Ins,Fem,Sing,Inan,0.2406559128495569,NONE
",",PUNCT,,punct,,,,,-0.1392281969731466,NONE
ускорил,VERB,,root,,Masc,Sing,,0.0169507454462909,NONE
темп,NOUN,,obj,Acc,Masc,Sing,Inan,-0.0486596038484234,NONE
цифровой,ADJ,,amod,Gen,Fem,Sing,,0.1875861940015277,NONE
трансформации,NOUN,,nmod,Gen,Fem,Sing,Inan,0.0819350733938517,NONE
с,ADP,,case,,,,,0.2285921459588522,NONE
дальнейшим,ADJ,,amod,Ins,Neut,Sing,,0.2287620428947003,NONE
расширением,NOUN,,nmod,Ins,Neut,Sing,Inan,0.0120036821272362,NONE
электронной,ADJ,,amod,Gen,Fem,Sing,,0.0850974220242765,NONE
коммерции,NOUN,,nmod,Gen,Fem,Sing,Inan,0.2812028638619783,NONE
и,CCONJ,,cc,,,,,0.0100216665541635,NONE
ростом,NOUN,,conj,Ins,Masc,Sing,Inan,0.0400549064486872,NONE
темпа,NOUN,,nmod,Gen,Masc,Sing,Inan,0.0484949101441828,NONE
внедрения,NOUN,,nmod,Gen,Neut,Sing,Inan,0.1166954581225874,NONE
телемедицины,NOUN,,nmod,Gen,Fem,Sing,Inan,0.2062997708445533,NONE
",",PUNCT,,punct,,,,,0.0610151341925823,NONE
видеоконференций,NOUN,,conj,Gen,Fem,Plur,Inan,0.1728649024276023,NONE
",",PUNCT,,punct,,,,,0.1295742408824051,NONE
онлайн-обучения,NOUN,,conj,Gen,Neut,Sing,Inan,0.2177703345541105,NONE
и,CCONJ,,cc,,,,,-0.0414952615282403,NONE
финансовых,ADJ,,amod,Gen,,Plur,,-0.174398851688275,NONE
технологий,NOUN,,conj,Gen,Fem,Plur,Inan,-0.1662204964133643,NONE
.,PUNCT,,punct,,,,,-0.3449127688858845,NONE
Власти,NOUN,,nsubj,Nom,Fem,Plur,Inan,0.0793548062308484,NONE
заявили,VERB,,root,,,Plur,,0.0912334163400669,NONE
",",PUNCT,,punct,,,,,0.0361791407576473,NONE
что,SCONJ,,mark,,,,,-0.2104642617139571,NONE
автомобиль,NOUN,,nsubj:pass,Nom,Masc,Sing,Inan,0.2526792752346293,NONE
был,AUX,,aux:pass,,Masc,Sing,,0.1624036949875422,NONE
отбуксирован,VERB,,ccomp,,Masc,Sing,,0.3050702235028901,NONE
",",PUNCT,,punct,,,,,0.1245895090223572,NONE
и,CCONJ,,cc,,,,,0.1410218850317585,NONE
они,PRON,,nsubj,Nom,,Plur,,-0.1800430114659564,NONE
проводят,VERB,,conj,,,Plur,,0.187954227356657,NONE
расследование,NOUN,,obj,Acc,Neut,Sing,Inan,0.6843272382602085,NONE
.,PUNCT,,punct,,,,,-0.2492537726178999,NONE
В,ADP,,case,,,,,-0.1767030931516366,NONE
настоящий,ADJ,,amod,Acc,Masc,Sing,Inan,0.4408953525787714,NONE
момент,NOUN,,obl,Acc,Masc,Sing,Inan,-0.1032888869511906,NONE
визы,NOUN,,nsubj:pass,Nom,Fem,Plur,Inan,0.0924934515769975,NONE
в,ADP,,case,,,,,0.0612964564595707,NONE
пустынное,ADJ,,amod,Acc,Neut,Sing,,-0.0013925880559644,NONE
королевство,NOUN,,nmod,Acc,Neut,Sing,Inan,-0.0105817724649604,NONE
",",PUNCT,,punct,,,,,-0.0075359592130489,NONE
отличающееся,VERB,,acl,Acc,Neut,Sing,,0.0983450743126603,NONE
богатым,ADJ,,amod,Ins,Neut,Sing,,0.2260614456189456,NONE
бедуинским,ADJ,,amod,Ins,Neut,Sing,,0.1697279562225779,NONE
наследием,NOUN,,obl,Ins,Neut,Sing,Inan,0.1193110059084382,NONE
и,CCONJ,,cc,,,,,-0.2049058031237365,NONE
археологическими,ADJ,,amod,Ins,,Plur,,0.1512845087314912,NONE
точками,NOUN,,conj,Ins,Fem,Plur,Inan,0.3600836830564394,NONE
",",PUNCT,,punct,,,,,0.1882158436309952,NONE
выдаются,VERB,,root,,,Plur,,0.0343211096707982,NONE
только,PART,,advmod,,,,,0.0521636909628611,NONE
иностранным,ADJ,,amod,Dat,,Plur,,0.1456882551259782,NONE
работникам,NOUN,,iobj,Dat,Masc,Plur,Anim,0.1328361494950286,NONE
",",PUNCT,,punct,,,,,0.0821277763612031,NONE
зависимым,ADJ,,amod,Dat,,Plur,,0.0903151454073456,NONE
членам,NOUN,,conj,Dat,Masc,Plur,Anim,0.0801330630933962,NONE
их,DET,,det,,,,,-0.0358735479697891,NONE
семей,NOUN,,nmod,Gen,Fem,Plur,Inan,-0.0286858167140113,NONE
и,CCONJ,,cc,,,,,-0.07523754173004,NONE
паломникам-мусульманам,NOUN,,appos,Dat,Masc,Plur,Anim,0.1182263779392246,NONE
",",PUNCT,,punct,,,,,-0.0417260207931176,NONE
направляющимся,VERB,,acl,Dat,,Plur,,0.1220000137609715,NONE
в,ADP,,case,,,,,0.069010520216886,NONE
священные,ADJ,,amod,Acc,,Plur,Inan,-0.0129315154323558,NONE
места,NOUN,,obl,Acc,Neut,Plur,Inan,0.0283106677711967,NONE
Мекки,PROPN,,nmod,Gen,Fem,Sing,Inan,0.0767418312391622,LOC
и,CCONJ,,cc,,,,,-0.0208051493852834,NONE
Медины,PROPN,,conj,Gen,Fem,Sing,Inan,0.1477835912736923,LOC
.,PUNCT,,punct,,,,,0.0156926790506313,NONE
Сохрани,VERB,,root,,,Sing,,0.2398649162167389,NONE
Господь,PROPN,,obj,Nom,Masc,Sing,Anim,-0.0967034444627948,NONE
его,DET,,det,,,,,-0.0642408326749759,NONE
семью,NOUN,,obj,Acc,Fem,Sing,Inan,-0.2730480936137528,NONE
",",PUNCT,,punct,,,,,0.3365584676183187,NONE
которую,PRON,,obj,Acc,,,,-0.2012850904125536,NONE
он,PRON,,nsubj,Nom,Masc,Sing,,0.0616697998918969,NONE
оставил,VERB,,acl:relcl,,Masc,Sing,,0.3027104752109291,NONE
",",PUNCT,,punct,,,,,0.3893901723548627,NONE
в,ADP,,discourse,,,,,0.3153050952608811,NONE
особенности,NOUN,,fixed,Loc,Fem,Sing,Inan,-0.2327104041805943,NONE
его,PRON,,nmod,Gen,Masc,Sing,,0.1448112503017172,NONE
родителей»,NOUN,,parataxis,Acc,Masc,Plur,Anim,-0.2043339738092289,NONE
.,PUNCT,,punct,,,,,0.1552086147110532,NONE
Как,ADV,,advmod,,,,,-0.5971020659089281,NONE
вышло,VERB,,root,,Neut,Sing,,0.0423682481053596,NONE
",",PUNCT,,punct,,,,,0.4063912714730652,NONE
что,SCONJ,,mark,,,,,-0.0683720379593098,NONE
мы,PRON,,nsubj,Nom,,Plur,,0.0410082847844229,NONE
никогда,ADV,,advmod,,,,,-0.1163131612299621,NONE
не,PART,,advmod,,,,,-0.044738495460623,NONE
видели,VERB,,ccomp,,,Plur,,-0.0955835964143422,NONE
главный,ADJ,,amod,Acc,Masc,Sing,Inan,-0.1166312967260252,NONE
отсек,NOUN,,obj,Acc,Masc,Sing,Inan,0.0341920135874312,NONE
для,ADP,,case,,,,,-0.0170632586051667,NONE
шаттлов,NOUN,,nmod,Gen,Masc,Plur,Inan,0.0446611604763899,NONE
?,PUNCT,,punct,,,,,0.6269273282677573,NONE
Я,PRON,,nsubj,Nom,,Sing,,0.0986531872730694,NONE
даже,PART,,advmod,,,,,-0.2323778471506528,NONE
видел,VERB,,root,,Masc,Sing,,0.1209766966837255,NONE
фотографии,NOUN,,obj,Acc,Fem,Plur,Inan,0.1232335155636837,NONE
",",PUNCT,,punct,,,,,0.3158353391421235,NONE
«заимствованные»,VERB,,acl,Acc,,Plur,Inan,0.165987713869476,NONE
из,ADP,,case,,,,,-0.1421226520104163,NONE
моего,DET,,det,Gen,Masc,Sing,,0.0279677769452778,NONE
аккаунта,NOUN,,obl,Gen,Masc,Sing,Inan,0.1619676244560485,NONE
в,ADP,,case,,,,,0.3294901761943197,NONE
Instagram,PROPN,,nmod,,,,,-0.022001529040526,ORG
и,CCONJ,,cc,,,,,0.0498978590306517,NONE
используемые,VERB,,conj,Acc,,Plur,Inan,0.0858442298607398,NONE
торговыми,ADJ,,amod,Ins,,Plur,,0.2325036439325968,NONE
сетями,NOUN,,obl,Ins,Fem,Plur,Inan,0.0667009474828612,NONE
в,ADP,,case,,,,,0.2554478656073458,NONE
качестве,NOUN,,fixed,Loc,Neut,Sing,Inan,0.1866336724229684,NONE
изображений,NOUN,,obl,Gen,Neut,Plur,Inan,-0.004088041186353,NONE
их,DET,,det,,,,,0.0517208484345065,NONE
судебных,ADJ,,amod,Gen,,Plur,,0.2042952607448689,NONE
площадок,NOUN,,nmod,Gen,Fem,Plur,Inan,0.1790635148231928,NONE
.,PUNCT,,punct,,,,,-0.4046069391098925,NONE
Поэтому,ADV,,advmod,,,,,0.1826642972369983,NONE
",",PUNCT,,punct,,,,,-0.0195723493954955,NONE
пожалуйста,ADV,,parataxis,,,,,-0.251359027419136,NONE
",",PUNCT,,punct,,,,,-0.0906028113239661,NONE
подождите,VERB,,root,,,Plur,,0.0106849454558754,NONE
около,ADP,,case,,,,,-0.042717348339198,NONE
25,NUM,,nummod,,,,,0.3535311458725892,NONE
рабочих,ADJ,,amod,Gen,,Plur,,-0.0236841921405888,NONE
дней,NOUN,,obl,Gen,Masc,Plur,Inan,-0.0642311222216052,NONE
с,ADP,,case,,,,,0.0005027042173404,NONE
момента,NOUN,,obl,Gen,Masc,Sing,Inan,-0.1189307412220215,NONE
отправки,NOUN,,nmod,Gen,Fem,Sing,Inan,0.1338991684302015,NONE
",",PUNCT,,punct,,,,,0.1871299831516591,NONE
прежде,ADV,,mark,,,,,0.096161956297081,NONE
чем,SCONJ,,fixed,,,,,-0.1713692693172206,NONE
связаться,VERB,,advcl,,,,,0.0287769186132012,NONE
с,ADP,,case,,,,,0.0085911405414611,NONE
нами,PRON,,obl,Ins,,Plur,,0.231606092018712,NONE
по,ADP,,case,,,,,-0.0844557717261647,NONE
поводу,NOUN,,fixed,Dat,Masc,Sing,Inan,0.0665277327477703,NONE
предполагаемой,VERB,,amod,Gen,Fem,Sing,,0.0554020054270491,NONE
проблемы,NOUN,,obl,Gen,Fem,Sing,Inan,-0.0522743936971637,NONE
с,ADP,,case,,,,,-0.1318799718340576,NONE
доставкой,NOUN,,nmod,Ins,Fem,Sing,Inan,0.0961404205000825,NONE
.,PUNCT,,punct,,,,,-0.6666442181571249,NONE
Является,VERB,,root,,,Sing,,0.141157051117839,NONE
ли,PART,,advmod,,,,,-0.1171680771557407,NONE
EverGrow,PROPN,,nsubj,,,,,0.4911856826449982,NONE
Coin,PROPN,,flat:foreign,,,,,0.3374541136776998,NONE
следующей,ADJ,,obl,Ins,Fem,Sing,,-0.2686301610766827,NONE
Shiba,PROPN,,flat:foreign,,,,,0.1511570634256827,NONE
Inu,PROPN,,flat:foreign,,,,,-0.0642678082546493,NONE
?,PUNCT,,punct,,,,,-0.1157537162852141,NONE
Рядом,ADV,,advmod,,,,,-0.0882575137246931,NONE
с,ADP,,case,,,,,-0.1210930191031684,NONE
Восстановить,VERB,,parataxis,,,,,0.0708642928585705,NONE
учетную,ADJ,,amod,Acc,Fem,Sing,,0.011264768564912,NONE
запись,NOUN,,obj,Acc,Fem,Sing,Inan,0.1149274132821528,NONE
'PRS,PROPN,,flat:foreign,,,,,0.0301819042459835,NONE
',PUNCT,,punct,,,,,0.0892083985223276,NONE
ORG,PROPN,,flat:foreign,,,,,-0.1192235181348399,NONE
',PUNCT,,punct,,,,,0.1253058175606184,NONE
",",PUNCT,,punct,,,,,0.4335891940759254,NONE
нажмите,VERB,,root,,,Plur,,0.0115439990376021,NONE
Восстановить,VERB,,xcomp,,,,,0.1025536159830688,NONE
.,PUNCT,,punct,,,,,-0.455817810861268,NONE
Все,PART,,advmod,,,,,0.046201285436056,NONE
больше,ADV,,nsubj,,,,,-0.1039858752913961,NONE
исследований,NOUN,,obl,Gen,Neut,Plur,Inan,-0.1509122058846997,NONE
выявляют,VERB,,root,,,Plur,,-0.0093107791415564,NONE
связь,NOUN,,obj,Acc,Fem,Sing,Inan,0.0814824007225798,NONE
между,ADP,,case,,,,,0.0003616975388859,NONE
компонентами,NOUN,,nmod,Ins,Masc,Plur,Inan,0.0703913755036904,NONE
",",PUNCT,,punct,,,,,0.0714259328599184,NONE
загрязняющими,VERB,,acl,Ins,,Plur,,-0.0059039152652867,NONE
воздух,NOUN,,obj,Acc,Masc,Sing,Inan,0.0498353759582065,NONE
",",PUNCT,,punct,,,,,0.1596000015695499,NONE
и,CCONJ,,cc,,,,,0.0538448147078247,NONE
здоровьем,NOUN,,conj,Ins,Neut,Sing,Inan,0.3545335043469153,NONE
",",PUNCT,,punct,,,,,0.1068131006013654,NONE
включая,ADV,,advmod,,,,,0.0467633877536419,NONE
болезни,NOUN,,obj,Acc,Fem,Plur,Inan,0.0689419820589857,NONE
легких,NOUN,,nmod,Gen,Neut,Plur,Inan,0.0705041696133298,NONE
",",PUNCT,,punct,,,,,0.1477672774195048,NONE
сердца,NOUN,,conj,Gen,Neut,Sing,Inan,0.1136674400060553,NONE
",",PUNCT,,punct,,,,,0.0399880575237571,NONE
психические,ADJ,,amod,Acc,,Plur,Inan,0.0948841914473736,NONE
заболевания,NOUN,,conj,Acc,Neut,Plur,Inan,-0.2042325170551049,NONE
",",PUNCT,,punct,,,,,0.1263631898695529,NONE
деменцию,NOUN,,conj,Acc,Fem,Sing,Inan,0.0255897037947278,NONE
и,CCONJ,,cc,,,,,-0.0148837598276866,NONE
низкий,ADJ,,amod,Acc,Masc,Sing,Inan,0.2424020993052334,NONE
вес,NOUN,,conj,Acc,Masc,Sing,Inan,0.1023382326100917,NONE
при,ADP,,case,,,,,0.1022066173400977,NONE
рождении,NOUN,,nmod,Loc,Neut,Sing,Inan,0.2055711394395845,NONE
.,PUNCT,,punct,,,,,-0.6019788965415601,NONE
Поэтому,ADV,,advmod,,,,,-0.198360590537566,NONE
этот,DET,,det,Nom,Masc,Sing,,-0.1103886226391411,NONE
продукт,NOUN,,nsubj,Nom,Masc,Sing,Inan,-0.0778804723948639,NONE
для,ADP,,case,,,,,-0.1142061011847621,NONE
бритья,NOUN,,obl,Gen,Neut,Sing,Inan,-0.0259468233970492,NONE
настолько,ADV,,obl,,,,,-0.1589910577232149,NONE
хорош,ADJ,,root,,Masc,Sing,,0.4439262330179962,NONE
",",PUNCT,,punct,,,,,0.2985331920173872,NONE
что,SCONJ,,mark,,,,,0.1602112494190933,NONE
часто,ADV,,advmod,,,,,-0.0090352027108411,NONE
используется,VERB,,advcl,,,Sing,,-0.0406497808862155,NONE
в,ADP,,case,,,,,0.1083663545944963,NONE
качестве,NOUN,,fixed,Loc,Neut,Sing,Inan,-0.0717256547649614,NONE
более,ADV,,obl,,,,,0.0973609245155629,NONE
эффективного,ADJ,,amod,Gen,Neut,Sing,,0.1125581005631937,NONE
средства,NOUN,,obl,Gen,Neut,Sing,Inan,-0.0511533691592538,NONE
по,ADP,,case,,,,,-0.0243950413181484,NONE
уходу,NOUN,,nmod,Dat,Masc,Sing,Inan,0.0628224541016343,NONE
за,ADP,,case,,,,,-0.2103956264481206,NONE
кожей,NOUN,,nmod,Ins,Fem,Sing,Inan,0.07205639683182,NONE
",",PUNCT,,punct,,,,,0.2275364914743986,NONE
чем,SCONJ,,mark,,,,,0.1982305644767198,NONE
обычная,ADJ,,amod,Nom,Fem,Sing,,0.1842126251826935,NONE
бритва,NOUN,,advcl,Nom,Fem,Sing,Inan,-0.060722938072608,NONE
.,PUNCT,,punct,,,,,0.1157372490346248,NONE
Если,SCONJ,,mark,,,,,-0.0463449110091425,NONE
у,ADP,,case,,,,,-0.1187255267457659,NONE
вас,PRON,,obl,Gen,,Plur,,-0.0114767300783493,NONE
возникли,VERB,,advcl,,,Plur,,-0.0362530627386963,NONE
какие-либо,DET,,det,Nom,,Plur,,0.0559459912375453,NONE
вопросы,NOUN,,nsubj,Nom,Masc,Plur,Inan,-0.0492892788640885,NONE
или,CCONJ,,cc,,,,,0.0070882945937703,NONE
проблемы,NOUN,,conj,Nom,Fem,Plur,Inan,0.0450958661396241,NONE
",",PUNCT,,punct,,,,,0.0527606448112955,NONE
пожалуйста,ADV,,parataxis,,,,,0.0730731720041399,NONE
",",PUNCT,,punct,,,,,0.0451599925854628,NONE
свяжитесь,VERB,,root,,,Plur,,0.1116819515563334,NONE
с,ADP,,case,,,,,0.1426096828785569,NONE
нами,PRON,,obl,Ins,,Plur,,-0.0936355901037344,NONE
через,ADP,,case,,,,,-0.1251392544465085,NONE
сообщения,NOUN,,obl,Acc,Neut,Plur,Inan,0.0640316148348547,NONE
eBay,PROPN,,flat:foreign,,,,,-0.1160555112591946,ORG
и,CCONJ,,cc,,,,,0.0642882450619359,NONE
мы,PRON,,nsubj,Nom,,Plur,,-0.0647447776302977,NONE
приложим,VERB,,conj,,,Plur,,0.0781107125395741,NONE
все,DET,,det,Acc,,Plur,,-0.2571308042853529,NONE
усилия,NOUN,,obj,Acc,Neut,Plur,Inan,-0.1336866933548765,NONE
",",PUNCT,,punct,,,,,0.0731548405734596,NONE
чтобы,SCONJ,,mark,,,,,-0.2413581116242873,NONE
ответить,VERB,,advcl,,,,,-0.1933746321381056,NONE
на,ADP,,case,,,,,-0.1036483056173929,NONE
все,DET,,det,Acc,,Plur,,0.0441093645727345,NONE
выдвинутые,VERB,,amod,Acc,,Plur,Inan,0.34033120855025,NONE
запросы,NOUN,,obl,Acc,Masc,Plur,Inan,0.198325988977511,NONE
в,ADP,,case,,,,,0.1720535339458949,NONE
течение,NOUN,,fixed,Acc,Neut,Sing,Inan,-0.1263529812446797,NONE
24,NUM,,nummod,,,,,-0.269597916001036,NONE
часов,NOUN,,obl,Gen,Masc,Plur,Inan,0.1448709072214468,NONE
.,PUNCT,,punct,,,,,-0.4983911655992468,NONE
Мы,PRON,,nsubj,Nom,,Plur,,-0.2916640022453595,NONE
предлагаем,VERB,,root,,,Plur,,-0.1441653914958768,NONE
правительству,NOUN,,iobj,Dat,Neut,Sing,Inan,0.1208437788517846,NONE
рассмотреть,VERB,,xcomp,,,,,0.0020014602179988,NONE
вопрос,NOUN,,obj,Acc,Masc,Sing,Inan,-0.0452965863323446,NONE
об,ADP,,case,,,,,-0.0300308274926723,NONE
отмене,NOUN,,nmod,Loc,Fem,Sing,Inan,0.0295626016774738,NONE
правил,NOUN,,nmod,Gen,Neut,Plur,Inan,0.0110546947695141,NONE
карантина,NOUN,,nmod,Gen,Masc,Sing,Inan,0.0043056138710639,NONE
для,ADP,,case,,,,,0.0416422360287648,NONE
полетов,NOUN,,nmod,Gen,Masc,Plur,Inan,0.10475992246961,NONE
в,ADP,,case,,,,,-0.0046244334693742,NONE
и,CCONJ,,cc,,,,,-0.3128354404937126,NONE
из,ADP,,case,,,,,-0.0124188031869472,NONE
некоторых,DET,,det,Gen,,Plur,,0.0736875069026771,NONE
регионов,NOUN,,nmod,Gen,Masc,Plur,Inan,0.0707869952332559,NONE
с,ADP,,case,,,,,0.0794584116255889,NONE
более,ADV,,advmod,,,,,0.1823923334206657,NONE
низким,ADJ,,amod,Ins,Masc,Sing,,0.1422466100539037,NONE
уровнем,NOUN,,nmod,Ins,Masc,Sing,Inan,0.0297289779024949,NONE
заражения,NOUN,,nmod,Gen,Neut,Sing,Inan,0.0207814344342408,NONE
или,CCONJ,,cc,,,,,0.0501002143206774,NONE
в,ADP,,case,,,,,0.0807696024545678,NONE
такие,DET,,det,Acc,,Plur,Inan,0.0721263719625239,NONE
места,NOUN,,conj,Acc,Neut,Plur,Inan,0.1185181205884628,NONE
",",PUNCT,,punct,,,,,0.2089335921729343,NONE
как,SCONJ,,case,,,,,0.0250511578154796,NONE
Балеарские,ADJ,,amod,Nom,,Plur,,0.0958014895158296,LOC
острова,NOUN,,obl,Nom,Masc,Plur,Inan,0.0113016309822024,LOC
или,CCONJ,,cc,,,,,0.0862233018281071,NONE
Канары,PROPN,,conj,Nom,Masc,Plur,Inan,0.0932793346677369,LOC
-,PUNCT,,punct,,,,,-0.109402952233425,NONE
которые,PRON,,nsubj,Nom,,Plur,,-0.0015033834482904,NONE
географически,ADV,,advmod,,,,,0.1414597338337096,NONE
отличаются,VERB,,acl:relcl,,,Plur,,0.079085918504604,NONE
от,ADP,,case,,,,,0.0537193369013131,NONE
материковой,ADJ,,amod,Gen,Fem,Sing,,0.1137924671161008,NONE
Испании,PROPN,,obl,Gen,Fem,Sing,Inan,0.1424912196832705,LOC
-,PUNCT,,punct,,,,,-0.092652271146137,NONE
чтобы,SCONJ,,mark,,,,,0.0875839316009586,NONE
избежать,VERB,,advcl,,,,,0.1864934873335084,NONE
дальнейшего,ADJ,,amod,Gen,Masc,Sing,,0.1079791325357656,NONE
ущерба,NOUN,,obl,Gen,Masc,Sing,Inan,0.1159256600239226,NONE
для,ADP,,case,,,,,0.1026779646170035,NONE
индустрии,NOUN,,nmod,Gen,Fem,Sing,Inan,0.0331186946050799,NONE
въездного,ADJ,,amod,Gen,Masc,Sing,,0.1639790410506035,NONE
и,CCONJ,,cc,,,,,-0.0234759823237059,NONE
выездного,ADJ,,conj,Gen,Masc,Sing,,0.0395472259772778,NONE
туризма,NOUN,,nmod,Gen,Masc,Sing,Inan,-0.0170175734215239,NONE
Великобритании,PROPN,,nmod,Gen,Fem,Sing,Inan,0.1851982824714882,LOC
",",PUNCT,,punct,,,,,0.3561211646381336,NONE
-,PUNCT,,punct,,,,,0.1024405163628713,NONE
сказал,VERB,,parataxis,,Masc,Sing,,0.0424433953076442,NONE
он,PRON,,nsubj,Nom,Masc,Sing,,0.2372439967768427,NONE
.,PUNCT,,punct,,,,,0.1204810454824242,NONE
Каждая,DET,,det,Nom,Fem,Sing,,0.5751837066012017,NONE
винтажная,ADJ,,amod,Nom,Fem,Sing,,0.0157478282886687,NONE
кожаная,ADJ,,amod,Nom,Fem,Sing,,0.0353186725919049,NONE
сумка,NOUN,,nsubj,Nom,Fem,Sing,Inan,-0.0186719324481128,NONE
—,PUNCT,,punct,,,,,-0.070626417298735,NONE
это,PRON,,expl,,,,,0.1636945071591355,NONE
полностью,ADV,,obl,,,,,0.0483551920000921,NONE
натуральный,ADJ,,amod,Nom,Masc,Sing,,-0.0079285529542844,NONE
продукт,NOUN,,root,Nom,Masc,Sing,Inan,0.0288458112286495,NONE
ручной,ADJ,,amod,Gen,Fem,Sing,,0.0354327264586787,NONE
работы,NOUN,,nmod,Gen,Fem,Sing,Inan,0.0603368096608609,NONE
",",PUNCT,,punct,,,,,0.1898138931704109,NONE
поэтому,ADV,,advmod,,,,,-0.1480102484677489,NONE
цвета,NOUN,,nsubj,Nom,Masc,Plur,Inan,0.0614443981179918,NONE
и,CCONJ,,cc,,,,,0.1439715131498617,NONE
отделка,NOUN,,conj,Nom,Fem,Sing,Inan,-0.0143958742664755,NONE
могут,VERB,,conj,,,Plur,,-0.2470396089374002,NONE
варьироваться,VERB,,xcomp,,,,,0.0393515656633144,NONE
от,ADP,,case,,,,,-0.0575308367231151,NONE
одного,DET,,amod,Gen,Neut,Sing,,-0.0563124416115565,NONE
изделия,NOUN,,obl,Gen,Neut,Sing,Inan,0.0509142562234756,NONE
к,ADP,,case,,,,,0.0487107111520319,NONE
другому,ADJ,,obl,Dat,Masc,Sing,,-0.038750530103206,NONE
.,PUNCT,,punct,,,,,0.1491701264126428,NONE
Он,PRON,,nsubj,Nom,Masc,Sing,,-0.1106346864555356,NONE
также,ADV,,advmod,,,,,0.3378385275919153,NONE
сказал,VERB,,root,,Masc,Sing,,0.116440609831357,NONE
",",PUNCT,,punct,,,,,-0.033251132554656,NONE
что,SCONJ,,mark,,,,,-0.3338800534124221,NONE
пытался,VERB,,ccomp,,Masc,Sing,,-0.1461907961003531,NONE
развестись,VERB,,xcomp,,,,,-0.0371450414264568,NONE
с,ADP,,case,,,,,0.1639348981935724,NONE
Кардашьян,PROPN,,obl,Ins,Fem,Sing,Anim,0.1936521929087246,PER
Уэст,PROPN,,flat:name,Ins,Fem,Sing,Anim,-0.0638041559340598,PER
",",PUNCT,,punct,,,,,0.1349214010065006,NONE
на,ADP,,case,,,,,-0.0797641763136542,NONE
которой,PRON,,obl,Loc,Fem,Sing,,-0.2777696192760467,NONE
он,PRON,,nsubj,Nom,Masc,Sing,,0.2448352547912327,NONE
женился,VERB,,acl:relcl,,Masc,Sing,,0.1887007631781248,NONE
в,ADP,,case,,,,,0.1988868084756414,NONE
2014,ADJ,,amod,,,,,-0.2197166622231233,NONE
году,NOUN,,obl,Loc,Masc,Sing,Inan,0.1176460028332264,NONE
.,PUNCT,,punct,,,,,0.168402501211047,NONE
Есть,VERB,,root,,,Plur,,-0.1251652290156329,NONE
идеи,NOUN,,nsubj,Nom,Fem,Plur,Inan,-0.0543701424413156,NONE
насчет,ADP,,case,,,,,0.0007860901400503,NONE
того,PRON,,nmod,Gen,Neut,Sing,Inan,-0.1429237666849062,NONE
",",PUNCT,,punct,,,,,0.1201684539722815,NONE
почему,ADV,,advmod,,,,,-0.2341959295840937,NONE
главный,ADJ,,amod,Acc,Masc,Sing,Inan,0.0984194042317936,NONE
отсек,NOUN,,obj,Acc,Masc,Sing,Inan,-0.2799768710983462,NONE
для,ADP,,case,,,,,-0.0490198259569479,NONE
шаттлов,NOUN,,nmod,Gen,Masc,Plur,Inan,-0.0005894583372979,NONE
никогда,ADV,,advmod,,,,,0.2117982025279441,NONE
не,PART,,advmod,,,,,0.2562155796344786,NONE
показывали,VERB,,acl,,,Plur,,0.1177508294127418,NONE
",",PUNCT,,punct,,,,,0.1028295848208361,NONE
кроме,ADP,,case,,,,,0.0970412801936697,NONE
как,SCONJ,,fixed,,,,,0.0131863826394014,NONE
в,ADP,,case,,,,,0.2534209254252246,NONE
этих,DET,,det,Loc,,Plur,,0.0632291192847677,NONE
двух,NUM,,nummod,Loc,,,,0.0151203207197845,NONE
примерах,NOUN,,obl,Loc,Masc,Plur,Inan,0.4363619393636556,NONE
?,PUNCT,,punct,,,,,0.1630576284714773,NONE
У,ADP,,case,,,,,0.0624681091556854,NONE
Погба,PROPN,,obl,Gen,Masc,Sing,Anim,0.0682235233114484,PER
есть,VERB,,root,,,Sing,,0.1010735274287553,NONE
год,NOUN,,nsubj,Nom,Masc,Sing,Inan,0.1133154450090754,NONE
",",PUNCT,,punct,,,,,0.0894271650048815,NONE
чтобы,SCONJ,,mark,,,,,0.0659436386088511,NONE
работать,VERB,,acl,,,,,0.2112588267872445,NONE
по,ADP,,case,,,,,-0.0039156163025049,NONE
его,DET,,det,,,,,0.075244849518231,NONE
существующему,VERB,,amod,Dat,Masc,Sing,,-0.0375665068485717,NONE
контракту,NOUN,,obl,Dat,Masc,Sing,Inan,0.1795786354478525,NONE
",",PUNCT,,punct,,,,,0.1207062942599058,NONE
хотя,SCONJ,,mark,,,,,0.0106324673444111,NONE
клуб,NOUN,,nsubj,Nom,Masc,Sing,Inan,0.080855827298334,NONE
может,VERB,,advcl,,,Sing,,0.122193711562232,NONE
продлить,VERB,,xcomp,,,,,0.0219098884804208,NONE
его,PRON,,obj,Acc,Masc,Sing,,-0.0035529407403476,NONE
на,ADP,,case,,,,,0.2541086183952999,NONE
12,NUM,,nummod,,,,,0.0290607214036239,NONE
месяцев,NOUN,,obl,Gen,Masc,Plur,Inan,0.2238173651681087,NONE
",",PUNCT,,punct,,,,,0.4951825927842296,NONE
что,PRON,,nsubj,Nom,,,,0.306209465318676,NONE
означает,VERB,,parataxis,,,Sing,,-0.0630646265753868,NONE
",",PUNCT,,punct,,,,,0.0531875867313743,NONE
что,SCONJ,,mark,,,,,0.0041453668259592,NONE
у,ADP,,case,,,,,-0.0113332758047916,NONE
него,PRON,,obl,Gen,Masc,Sing,,-0.0247569701421536,NONE
фактически,ADV,,advmod,,,,,-0.1184834089869252,NONE
есть,VERB,,ccomp,,,Sing,,-0.0636679142803051,NONE
два,NUM,,nummod:gov,Nom,Masc,,,-0.0027132158927297,NONE
года,NOUN,,nsubj,Gen,Masc,Sing,Inan,0.1523466596413525,NONE
",",PUNCT,,punct,,,,,0.1910636052575366,NONE
чтобы,SCONJ,,mark,,,,,0.2028021153366359,NONE
баллотироваться,VERB,,advcl,,,,,0.1619293121926107,NONE
.,PUNCT,,punct,,,,,-0.2769161001497987,NONE
Он,PRON,,nsubj,Nom,Masc,Sing,,-0.0414211633943554,NONE
сказал,VERB,,root,,Masc,Sing,,0.1467190869137288,NONE
LBC,PROPN,,flat:foreign,,,,,0.0391014079406108,ORG
:,PUNCT,,punct,,,,,0.1181537228501549,NONE
«На,ADP,,case,,,,,-0.0015231906150351,NONE
этой,DET,,det,Loc,Fem,Sing,,-0.024693477977354,NONE
первой,ADJ,,amod,Loc,Fem,Sing,,-0.0124881416637731,NONE
странице,NOUN,,obl,Loc,Fem,Sing,Inan,-0.0185070380993876,NONE
",",PUNCT,,punct,,,,,0.0673682149199007,NONE
я,PRON,,nsubj,Nom,,Sing,,-0.0549204613654641,NONE
думаю,VERB,,parataxis,,,Sing,,-0.0770871617993212,NONE
",",PUNCT,,punct,,,,,0.044817437552456,NONE
вы,PRON,,nsubj,Nom,,Plur,,-0.0222899904202488,NONE
",",PUNCT,,punct,,,,,0.0944155883918577,NONE
слушатели,NOUN,,appos,Nom,Masc,Plur,Anim,0.297814018793513,NONE
",",PUNCT,,punct,,,,,0.0841179629056065,NONE
посмотрите,VERB,,parataxis,,,Plur,,-0.0043883731441774,NONE
на,ADP,,case,,,,,-0.0012555928153243,NONE
нее,PRON,,obl,Acc,Fem,Sing,,-0.1393473979210638,NONE
и,CCONJ,,cc,,,,,-0.0694752000459434,NONE
увидите,VERB,,conj,,,Plur,,0.0240462119754096,NONE
премьер-министра,NOUN,,obj,Acc,Masc,Sing,Anim,0.00335401624908,NONE
в,ADP,,case,,,,,-0.0644630554552748,NONE
его,DET,,det,,,,,-0.1781454622613318,NONE
кабинете,NOUN,,obl,Loc,Masc,Sing,Inan,0.135814826714614,NONE
с,ADP,,case,,,,,-0.0188444398426048,NONE
двумя,NUM,,nummod,Ins,,,,-0.1188493488762542,NONE
близкими,ADJ,,amod,Ins,,Plur,,-0.0237005531156392,NONE
людьми,NOUN,,obl,Ins,Masc,Plur,Anim,-0.1124070552385675,NONE
",",PUNCT,,punct,,,,,0.0240373681440479,NONE
которые,PRON,,nsubj,Nom,,,,-0.0596892989372694,NONE
работают,VERB,,acl:relcl,,,Plur,,-0.0452432072203549,NONE
с,ADP,,case,,,,,-0.0100495020640593,NONE
ним,PRON,,obl,Ins,Masc,Sing,,-0.0191841147696484,NONE
",",PUNCT,,punct,,,,,0.0471383952916772,NONE
без,ADP,,case,,,,,0.0173241600920588,NONE
алкоголя,NOUN,,conj,Gen,Masc,Sing,Inan,0.0072483374179782,NONE
",",PUNCT,,punct,,,,,0.0473740923193057,NONE
и,CCONJ,,cc,,,,,0.0270619804654244,NONE
то,PRON,,conj,Acc,Neut,Sing,Inan,-0.024064143885034,NONE
",",PUNCT,,punct,,,,,0.0698184502862798,NONE
как,ADV,,advmod,,,,,0.0419209519921852,NONE
он,PRON,,nsubj,Nom,Masc,Sing,,0.1031143623071531,NONE
в,ADP,,case,,,,,-0.0341004883368485,NONE
течение,NOUN,,fixed,Acc,Neut,Sing,Inan,-0.0024722253797373,NONE
10-15,NUM,,nmod,,,,,-0.0078666421281445,NONE
минут,NOUN,,obl,Gen,Fem,Plur,Inan,0.0085958287851843,NONE
благодарит,VERB,,acl,,,Sing,,0.0144329590920229,NONE
и,CCONJ,,cc,,,,,0.0537261617321574,NONE
мотивирует,VERB,,conj,,,Sing,,0.066040936339789,NONE
сотрудников,NOUN,,obj,Acc,Masc,Plur,Anim,0.0387407617442884,NONE
",",PUNCT,,punct,,,,,0.0425538426915378,NONE
которые,PRON,,nsubj,Nom,,,,-0.009624689738757,NONE
приходили,VERB,,acl:relcl,,,Plur,,-0.0322838822030807,NONE
в,ADP,,case,,,,,0.0304294734104459,NONE
офис,NOUN,,obl,Acc,Masc,Sing,Inan,-0.0051682197914977,NONE
",",PUNCT,,punct,,,,,0.1460364404525129,NONE
так,ADV,,mark,,,,,0.066620931556769,NONE
как,SCONJ,,fixed,,,,,-0.0018022753716615,NONE
не,PART,,advmod,,,,,0.0940871671547992,NONE
могли,VERB,,advcl,,,Plur,,0.0548812682285112,NONE
работать,VERB,,xcomp,,,,,0.1226531233830769,NONE
из,ADP,,case,,,,,0.110211454528904,NONE
дома»,NOUN,,obl,Gen,Masc,Sing,Inan,0.0048190681313545,NONE
.,PUNCT,,punct,,,,,-0.6805085164402781,NONE
Амари,PROPN,,nsubj,Nom,Fem,Sing,Anim,0.1239847142259407,PER
Аллен,PROPN,,flat:name,Nom,Fem,Sing,Anim,-0.0100471662626901,PER
",",PUNCT,,punct,,,,,0.0008887498222322,NONE
12-летняя,ADJ,,amod,Nom,Fem,Sing,,0.0515019526821913,NONE
ученица,NOUN,,appos,Nom,Fem,Sing,Anim,0.0030169825841743,NONE
частной,ADJ,,amod,Gen,Fem,Sing,,0.0042526538174763,NONE
христианской,ADJ,,amod,Gen,Fem,Sing,,0.0381352871098585,NONE
школы,NOUN,,nmod,Gen,Fem,Sing,Inan,0.0334584044082669,NONE
к-12,NOUN,,appos,Nom,Masc,Sing,Inan,0.0028817464891414,NONE
",",PUNCT,,punct,,,,,0.0289432362476265,NONE
сказала,VERB,,root,,Fem,Sing,,-0.0020212869102345,NONE
",",PUNCT,,punct,,,,,0.0974717549427249,NONE
что,SCONJ,,mark,,,,,0.051410023742592,NONE
мальчики,NOUN,,nsubj,Nom,Masc,Plur,Anim,0.0533747113086824,NONE
называли,VERB,,ccomp,,,Plur,,-0.0290679414303634,NONE
ее,PRON,,det,Acc,Fem,Sing,,0.0033796004336439,NONE
дреды,NOUN,,obj,Nom,Masc,Plur,Anim,0.0585330238923364,NONE
"""",PUNCT,,punct,,,,,-0.0044244015913135,NONE
"""",PUNCT,,punct,,,,,-0.0019925302300594,NONE
уродливыми,ADJ,,obl,Ins,,Plur,,0.0233507720292762,NONE
"""",PUNCT,,punct,,,,,-0.0112100479220018,NONE
"""",PUNCT,,punct,,,,,0.0183425274919329,NONE
и,CCONJ,,cc,,,,,0.0938541911454293,NONE
"""",PUNCT,,punct,,,,,0.0616653724428928,NONE
"""",PUNCT,,punct,,,,,0.0228215776609398,NONE
подгузниками,NOUN,,conj,Ins,Masc,Plur,Anim,0.0673671175951383,NONE
"""",PUNCT,,punct,,,,,0.013068780587783,NONE
"""",PUNCT,,punct,,,,,-0.0252198340619195,NONE
",",PUNCT,,punct,,,,,0.0418436856968737,NONE
прежде,ADV,,mark,,,,,-0.0517745315300807,NONE
чем,SCONJ,,fixed,,,,,-0.0203239604820984,NONE
отрезать,VERB,,advcl,,,,,-0.0037732369612608,NONE
их,PRON,,obj,Acc,,Plur,,0.002715603686068,NONE
на,ADP,,case,,,,,0.0123644264229975,NONE
игровой,ADJ,,amod,Loc,Fem,Sing,,0.0259072619489085,NONE
площадке,NOUN,,obl,Loc,Fem,Sing,Inan,0.0540739288081775,NONE
во,ADP,,case,,,,,-0.0042109646823227,NONE
время,NOUN,,fixed,Acc,Neut,Sing,Inan,0.0200557134079594,NONE
перемены,NOUN,,obl,Gen,Fem,Sing,Inan,0.0176285766638054,NONE
.,PUNCT,,punct,,,,,-0.0082528829426067,NONE
"""",PUNCT,,root,,,,,0.3843994784536704,NONE
Если,SCONJ,,mark,,,,,0.3866067014356467,NONE
вы,PRON,,nsubj,Nom,,Plur,,-0.0284086377813236,NONE
заинтересованы,ADJ,,advcl,,,Plur,,0.1189691299185187,NONE
в,ADP,,case,,,,,0.2220550979029832,NONE
других,ADJ,,amod,Loc,,Plur,,0.094021597551156,NONE
продуктах,NOUN,,obl,Loc,Masc,Plur,Inan,0.4262542680169728,NONE
",",PUNCT,,punct,,,,,0.1565071053460013,NONE
пожалуйста,ADV,,parataxis,,,,,0.0128952419909722,NONE
",",PUNCT,,punct,,,,,0.2991220280013246,NONE
загляните,VERB,,root,,,Plur,,0.1174519490120394,NONE
в,ADP,,case,,,,,0.1188304651856214,NONE
наш,DET,,det,Acc,Masc,Sing,,0.0380908523011741,NONE
магазин,NOUN,,obl,Acc,Masc,Sing,Inan,-0.0023929582295391,NONE
eBay,PROPN,,flat:foreign,,,,,0.353939756915316,ORG
.,PUNCT,,punct,,,,,0.0549040214379438,NONE
Прошлой,ADJ,,amod,Ins,Fem,Sing,,-0.0860069844704874,NONE
ночью,NOUN,,obl,Ins,Fem,Sing,Inan,-0.0744810770438543,NONE
мужчина,NOUN,,nsubj:pass,Nom,Masc,Sing,Anim,0.0394439564037211,NONE
был,AUX,,aux:pass,,Masc,Sing,,0.2286156623595323,NONE
срочно,ADV,,advmod,,,,,-0.1507216431852019,NONE
доставлен,VERB,,root,,Masc,Sing,,-0.0887992370320691,NONE
в,ADP,,case,,,,,0.1224193140462842,NONE
больницу,NOUN,,obl,Acc,Fem,Sing,Inan,0.0163431671900731,NONE
после,ADP,,case,,,,,0.0153280688558592,NONE
получения,NOUN,,obl,Gen,Neut,Sing,Inan,0.2102635527813912,NONE
огнестрельного,ADJ,,amod,Gen,Neut,Sing,,0.0179214590672829,NONE
ранения,NOUN,,nmod,Gen,Neut,Sing,Inan,0.0046514848318849,NONE
на,ADP,,case,,,,,-0.0525533489831883,NONE
западе,NOUN,,nmod,Loc,Masc,Sing,Inan,0.0286222504873084,NONE
Мельбурна,PROPN,,nmod,Gen,Masc,Sing,Inan,0.0321758459743907,LOC
.,PUNCT,,punct,,,,,-0.1355310331858414,NONE
Некоторые,DET,,nsubj,Nom,,Plur,,-0.0139955137425608,NONE
из,ADP,,case,,,,,-0.1158707876899486,NONE
членов,NOUN,,nmod,Gen,Masc,Plur,Anim,-0.0048427105693939,NONE
ТТП,PROPN,,nmod,Gen,Fem,Sing,Inan,-0.0361569432672173,ORG
даже,PART,,advmod,,,,,-0.5241354755218929,NONE
присоединились,VERB,,root,,,Plur,,-0.0766368708528184,NONE
к,ADP,,case,,,,,-0.2690431366228472,NONE
филиалу,NOUN,,obl,Dat,Masc,Sing,Inan,-0.0586817636558173,NONE
ИГ,PROPN,,nmod,Gen,Masc,Sing,Inan,-0.0118234702061555,ORG
",",PUNCT,,punct,,,,,0.3554942915006762,NONE
штаб-квартира,NOUN,,nsubj,Nom,Fem,Sing,Inan,0.0274765427099637,NONE
которого,PRON,,nmod,Gen,,,,0.0385916319429602,NONE
находится,VERB,,acl:relcl,,,Sing,,0.2018729155950947,NONE
на,ADP,,case,,,,,0.1879849144186811,NONE
востоке,NOUN,,obl,Loc,Masc,Sing,Inan,0.0269238577494139,NONE
Афганистана,PROPN,,nmod,Gen,Masc,Sing,Inan,0.1441528381162975,LOC
.,PUNCT,,punct,,,,,-0.2192106015899314,NONE
«Я,PRON,,nsubj,Nom,,Sing,,0.2547001360683698,NONE
вижу,VERB,,root,,,Sing,,0.0052455397173637,NONE
",",PUNCT,,punct,,,,,0.0032679334902224,NONE
что,SCONJ,,mark,,,,,0.0010488830442676,NONE
Венди,PROPN,,nsubj,Nom,Masc,Sing,Anim,0.1509233878241729,PER
сегодня,ADV,,advmod,,,,,-0.5365665322143625,NONE
делает,VERB,,ccomp,,,Sing,,0.086574788353491,NONE
все,PRON,,obj,Acc,Neut,Sing,Inan,0.0481385737915792,NONE
возможное,ADJ,,amod,Acc,Neut,Sing,,-0.0312658332750419,NONE
",",PUNCT,,punct,,,,,0.1346455411498164,NONE
пытаясь,VERB,,advcl,,,,,0.2437059420045687,NONE
конкурировать,VERB,,xcomp,,,,,0.0665062575323407,NONE
с,ADP,,case,,,,,0.0744905399832065,NONE
самыми,ADJ,,amod,Ins,,Plur,,0.0908145361436076,NONE
сумасшедшими,ADJ,,obl,Ins,,Plur,,0.1521066329244871,NONE
из,ADP,,case,,,,,0.0521966248826573,NONE
сумасшедших»,NOUN,,nmod,Gen,Fem,Plur,Inan,0.0597426615681797,NONE
",",PUNCT,,punct,,,,,0.1808427281617953,NONE
—,PUNCT,,punct,,,,,-0.0681219678492241,NONE
написал,VERB,,parataxis,,Masc,Sing,,-0.1246500048482153,NONE
другой,ADJ,,amod,Nom,Masc,Sing,,0.4199812305382079,NONE
человек,NOUN,,nsubj,Nom,Masc,Sing,Anim,-0.2005604124636329,NONE
в,ADP,,case,,,,,0.0196505444854005,NONE
Твиттере,PROPN,,nmod,Loc,Masc,Sing,Inan,0.0427787359208774,ORG
.,PUNCT,,punct,,,,,0.0670896188477695,NONE
Пресс-клуб,NOUN,,nsubj,Nom,Masc,Sing,Inan,0.8219989907581579,ORG
"""",PUNCT,,punct,,,,,-0.0944299022144287,NONE
"""",PUNCT,,punct,,,,,0.0837043617287026,NONE
Индор,PROPN,,appos,,,,,-0.0003467420898762,ORG
"""",PUNCT,,punct,,,,,0.0713486644620566,NONE
"""",PUNCT,,punct,,,,,0.1705520854884925,NONE
также,ADV,,advmod,,,,,-0.1794350995772735,NONE
предоставил,VERB,,root,,Masc,Sing,,-0.0479820590317252,NONE
мальчику,NOUN,,iobj,Dat,Masc,Sing,Anim,0.0195513349097281,NONE
паек,NOUN,,obj,Acc,Masc,Sing,Inan,0.0187777670960707,NONE
и,CCONJ,,cc,,,,,0.038314371907859,NONE
деньги,NOUN,,conj,Acc,Fem,Plur,Inan,0.0462310439093461,NONE
.,PUNCT,,punct,,,,,0.2515898802078485,NONE
"""",PUNCT,,root,,,,,0.1426665266619102,NONE
"""",PUNCT,,punct,,,,,0.1868679237963187,NONE
Доказательства,NOUN,,nsubj,Nom,Neut,Plur,Inan,0.0178812507580993,NONE
",",PUNCT,,punct,,,,,0.0017008142009787,NONE
связанные,VERB,,acl,Nom,,Plur,,0.0094535995029343,NONE
с,ADP,,case,,,,,0.0214907843494641,NONE
младенческой,ADJ,,amod,Ins,Fem,Sing,,0.0224289602463347,NONE
смертностью,NOUN,,obl,Ins,Fem,Sing,Inan,0.0076607490775384,NONE
и,CCONJ,,cc,,,,,-1.5118866139738685,NONE
загрязнением,NOUN,,conj,Ins,Neut,Sing,Inan,0.0016723998606482,NONE
воздуха,NOUN,,nmod,Gen,Masc,Sing,Inan,-0.0018696109997134,NONE
",",PUNCT,,punct,,,,,0.1456214606963314,NONE
все,PART,,advmod,,,,,0.0249137508489103,NONE
еще,ADV,,advmod,,,,,0.000371097186567,NONE
появляются,VERB,,root,,,Plur,,-0.0109401596759592,NONE
",",PUNCT,,punct,,,,,0.0259231879601091,NONE
но,CCONJ,,cc,,,,,-0.0026347300923965,NONE
исследование,NOUN,,nsubj,Nom,Neut,Sing,Inan,0.0038678932201738,NONE
доктора,NOUN,,nmod,Gen,Masc,Sing,Anim,0.0320357895002126,NONE
Котеча,PROPN,,appos,Gen,Masc,Sing,Anim,0.0500813125299846,PER
",",PUNCT,,punct,,,,,0.0088018879563448,NONE
согласно,ADP,,case,,,,,-0.0055920635880202,NONE
которому,PRON,,obl,Dat,,,,-0.0079431890615768,NONE
дети,NOUN,,nsubj,Nom,Masc,Plur,Anim,0.0001431367319807,NONE
",",PUNCT,,punct,,,,,-0.0034583089352231,NONE
родившиеся,VERB,,acl,Nom,,Plur,,-0.0060650101301739,NONE
в,ADP,,case,,,,,-0.0166853692274569,NONE
самых,ADJ,,amod,Loc,,Plur,,0.0068417147162698,NONE
загрязненных,VERB,,amod,Loc,,Plur,,-0.0130555050921021,NONE
районах,NOUN,,obl,Loc,Masc,Plur,Inan,-0.0124655014508271,NONE
Великобритании,PROPN,,nmod,Gen,Fem,Sing,Inan,0.0084364347943484,LOC
",",PUNCT,,punct,,,,,0.006152603885801,NONE
видят,VERB,,acl:relcl,,,Plur,,-0.0045368897634755,NONE
значительно,ADV,,obl,,,,,-0.0026315652171577,NONE
повышенный,ADJ,,amod,Acc,Masc,Sing,Inan,-0.0031535817272898,NONE
риск,NOUN,,obj,Acc,Masc,Sing,Inan,0.0340808641583073,NONE
смерти,NOUN,,nmod,Gen,Fem,Sing,Inan,0.010750013443058,NONE
",",PUNCT,,punct,,,,,-0.008299354222808,NONE
должно,ADJ,,conj,,Neut,Sing,,-0.0074312155773527,NONE
стать,VERB,,xcomp,,,,,-0.003370479856529,NONE
пробудительным,ADJ,,amod,Ins,Masc,Sing,,0.0001152787516549,NONE
звонком,NOUN,,obl,Ins,Masc,Sing,Inan,-0.0003180207315741,NONE
в,ADP,,case,,,,,0.0118685251509053,NONE
правительство,NOUN,,nmod,Acc,Neut,Sing,Inan,0.0115567147029913,NONE
",",PUNCT,,punct,,,,,0.0096520553510588,NONE
"""",PUNCT,,punct,,,,,-0.0076217657090994,NONE
"""",PUNCT,,punct,,,,,0.0007797331106369,NONE
она,PRON,,nsubj,Nom,Fem,Sing,,-0.0010800744494561,NONE
Сказал,VERB,,parataxis,,Masc,Sing,,0.0199887287323931,PER
.,PUNCT,,punct,,,,,-0.045372924744404,NONE
"""",PUNCT,,punct,,,,,-0.0668796176036643,NONE
Дело,NOUN,,nsubj,Nom,Neut,Sing,Inan,-0.0123552758124721,NONE
не,PART,,advmod,,,,,0.0108648559687106,NONE
в,ADP,,case,,,,,-0.0823412971318986,NONE
том,PRON,,root,Loc,Neut,Sing,Inan,-0.1792000592203874,NONE
",",PUNCT,,punct,,,,,0.0932450851989606,NONE
что,SCONJ,,mark,,,,,-0.0200835653023061,NONE
они,PRON,,nsubj,Nom,,Plur,,0.0208629271236662,NONE
не,PART,,advmod,,,,,0.0904512048390809,NONE
хотят,VERB,,acl,,,Plur,,0.0906718301333523,NONE
соглашения,NOUN,,obl,Gen,Neut,Sing,Inan,0.1151806014725874,NONE
по,ADP,,case,,,,,-0.0010574595899023,NONE
Брекситу,PROPN,,nmod,Dat,Masc,Sing,Anim,-0.0056126559592924,PER
",",PUNCT,,punct,,,,,0.1812939727165706,NONE
эй,ADV,,parataxis,,,,,0.0439263681243219,NONE
",",PUNCT,,punct,,,,,0.0479529349557458,NONE
они,PRON,,nsubj,Nom,,Plur,,-0.0628949662588165,NONE
просто,PART,,advmod,,,,,-0.1199488007668129,NONE
не,PART,,advmod,,,,,0.0722246647822152,NONE
хотят,VERB,,conj,,,Plur,,0.1052103234649154,NONE
Брексита,PROPN,,obl,Gen,Masc,Sing,Anim,0.0012611225262238,PER
.,PUNCT,,punct,,,,,0.2289332897660095,NONE
Крейг,PROPN,,nsubj,Nom,Masc,Sing,Anim,0.1601265568369762,PER
Доусон,PROPN,,appos,Nom,Masc,Sing,Anim,0.083833594387401,PER
небрежно,ADV,,advmod,,,,,-0.0359828534865776,NONE
сбил,VERB,,root,,Masc,Sing,,0.0100605639386168,NONE
Александра,PROPN,,obj,Acc,Masc,Sing,Anim,-0.042243117839193,PER
Лаказетта,PROPN,,flat:name,Acc,Masc,Sing,Anim,0.0241012047013051,PER
в,ADP,,case,,,,,-0.0001100207436962,NONE
течение,NOUN,,fixed,Acc,Neut,Sing,Inan,-0.0132665249872359,NONE
40,NUM,,nummod,,,,,-0.0127493452475618,NONE
секунд,NOUN,,obl,Gen,Fem,Plur,Inan,-0.0233384704567492,NONE
",",PUNCT,,punct,,,,,0.0291441595132358,NONE
но,CCONJ,,cc,,,,,-0.7092296410472104,NONE
VAR,PROPN,,iobj,,,,,0.0463789678458368,NONE
потребовалось,VERB,,conj,,Neut,Sing,,0.0183425978616344,NONE
почти,ADV,,advmod,,,,,0.0511122226432621,NONE
три,NUM,,nummod:gov,Nom,,,,0.0199602708703172,NONE
минуты,NOUN,,nsubj,Gen,Fem,Sing,Inan,0.0023509596092157,NONE
",",PUNCT,,punct,,,,,0.0004822343943375,NONE
чтобы,SCONJ,,mark,,,,,0.0250679219562224,NONE
с,ADP,,case,,,,,0.0007975647065225,NONE
уверенностью,NOUN,,obl,Ins,Fem,Sing,Inan,0.035651312571723,NONE
назначить,VERB,,advcl,,,,,0.0387754933755861,NONE
штрафной,ADJ,,amod,Acc,Masc,Sing,Inan,0.0398036355143181,NONE
удар,NOUN,,obj,Acc,Masc,Sing,Inan,0.5717678800816789,NONE
",",PUNCT,,punct,,,,,-0.068932063317041,NONE
который,PRON,,obj,Acc,,,,0.04316808953134,NONE
Пьер-Эмерик,PROPN,,nsubj,Nom,Masc,Sing,Anim,0.087243495436763,PER
Аубамеянг,PROPN,,flat:name,Nom,Masc,Sing,Anim,0.0774473372858266,PER
без,ADP,,case,,,,,0.0377994606583269,NONE
проблем,NOUN,,obl,Gen,Fem,Plur,Inan,0.0219528951494612,NONE
реализовал,VERB,,acl:relcl,,Masc,Sing,,0.0218820065893292,NONE
.,PUNCT,,punct,,,,,-0.080667144079124,NONE
Пакистан,PROPN,,nsubj,Nom,Masc,Sing,Inan,0.1645928727694735,LOC
имел,VERB,,root,,Masc,Sing,,-0.4890926967761595,NONE
наглость,NOUN,,obj,Acc,Fem,Sing,Inan,0.09717965209158,NONE
пытаться,VERB,,obl,,,,,-0.0545968369121757,NONE
оккупировать,VERB,,xcomp,,,,,0.0748180630545278,NONE
индийскую,ADJ,,amod,Acc,Fem,Sing,,0.0544695205937497,NONE
землю,NOUN,,obj,Acc,Fem,Sing,Inan,0.1559084460683751,NONE
и,CCONJ,,cc,,,,,0.1387714081496367,NONE
отвлечь,VERB,,conj,,,,,0.0425316677603457,NONE
внимание,NOUN,,obj,Acc,Neut,Sing,Inan,0.011055066675889,NONE
от,ADP,,case,,,,,0.0445985641318601,NONE
собственных,ADJ,,amod,Gen,,Plur,,0.0008079655060161,NONE
внутренних,ADJ,,amod,Gen,,Plur,,-0.0622504661497832,NONE
беспорядков,NOUN,,obl,Gen,Masc,Plur,Inan,0.0307056257177388,NONE
",",PUNCT,,punct,,,,,0.0361108237915163,NONE
-,PUNCT,,punct,,,,,0.5140966680146019,NONE
сказал,VERB,,parataxis,,Masc,Sing,,-0.1899081682068162,NONE
он,PRON,,nsubj,Nom,Masc,Sing,,0.0797200005728047,NONE
.,PUNCT,,punct,,,,,0.2298298857757202,NONE
Беспорядочные,ADJ,,amod,Nom,,Plur,,0.0127791356336861,NONE
твиты,NOUN,,root,Nom,Masc,Plur,Inan,0.0736643991026463,NONE
Уэста,PROPN,,nmod,Gen,Masc,Sing,Anim,0.0120358091626239,PER
",",PUNCT,,punct,,,,,0.1527161953861374,NONE
в,ADP,,case,,,,,0.1452461150249303,NONE
том,DET,,det,Loc,Neut,Sing,,0.0543622752498124,NONE
числе,NOUN,,nmod,Loc,Neut,Sing,Inan,-0.1044989071822123,NONE
утверждения,NOUN,,conj,Gen,Neut,Sing,Inan,0.0923712214889267,NONE
",",PUNCT,,punct,,,,,0.2823784106092123,NONE
что,SCONJ,,mark,,,,,-0.137542813607128,NONE
его,PRON,,nmod,Gen,Masc,Sing,,0.1539060298534739,NONE
жена,NOUN,,nsubj,Nom,Fem,Sing,Anim,0.1470821844837284,NONE
пыталась,VERB,,acl,,Fem,Sing,,0.1108946664163437,NONE
запереть,VERB,,xcomp,,,,,0.1436428894082282,NONE
его,PRON,,obj,Acc,Masc,Sing,,0.1294686172461628,NONE
врачами,NOUN,,obl,Ins,Masc,Plur,Anim,0.1011472428244396,NONE
",",PUNCT,,punct,,,,,0.102243470969666,NONE
и,CCONJ,,cc,,,,,-0.0208612134677447,NONE
он,PRON,,nsubj,Nom,Masc,Sing,,0.192699778779491,NONE
выдвинул,VERB,,conj,,Masc,Sing,,0.203216881145751,NONE
ряд,NOUN,,obj,Acc,Masc,Sing,Inan,0.1190133676492425,NONE
обвинений,NOUN,,nmod,Gen,Neut,Plur,Inan,0.0071196896997653,NONE
против,ADP,,case,,,,,0.1449074007271381,NONE
своей,DET,,det,Gen,Fem,Sing,,0.0569907521349711,NONE
свекрови,NOUN,,nmod,Gen,Fem,Sing,Anim,0.1321011035251911,NONE
Крис,PROPN,,appos,Gen,Fem,Sing,Anim,0.0797601170330705,PER
Дженнер,PROPN,,flat:name,Gen,Fem,Sing,Anim,0.3354342961363487,PER
.,PUNCT,,punct,,,,,-0.3436040532836614,NONE
НЬЮ-ДЕЛИ,NOUN,,nsubj,Nom,Masc,Sing,Inan,0.2099211070798892,LOC
(,PUNCT,,punct,,,,,-0.048869423846901,LOC
AP,PROPN,,flat:foreign,,,,,0.2251999610926071,LOC
),PUNCT,,punct,,,,,-0.0433889169831832,LOC
-,PUNCT,,punct,,,,,0.4050016128685928,NONE
Премьер-министр,NOUN,,appos,Nom,Masc,Sing,Anim,0.0873867747946941,NONE
Индии,PROPN,,nmod,Gen,Fem,Sing,Inan,0.1381994333525365,LOC
Нарендра,PROPN,,appos,Nom,Masc,Sing,Anim,0.1236811390997276,PER
Моди,PROPN,,flat:name,Nom,Masc,Sing,Anim,0.2343096255191011,PER
в,ADP,,case,,,,,0.0612267761300669,NONE
следующем,ADJ,,amod,Loc,Masc,Sing,,0.1487810651428295,NONE
месяце,NOUN,,obl,Loc,Masc,Sing,Inan,0.1390198859704762,NONE
примет,VERB,,root,,,Sing,,0.0313688911888264,NONE
участие,NOUN,,obj,Acc,Neut,Sing,Inan,-0.0251846014934865,NONE
в,ADP,,case,,,,,-0.0269496085943613,NONE
церемонии,NOUN,,nmod,Loc,Fem,Sing,Inan,0.0386094369680327,NONE
закладки,NOUN,,nmod,Gen,Fem,Sing,Inan,-0.0457486430714572,NONE
фундамента,NOUN,,nmod,Gen,Masc,Sing,Inan,0.0719641348339584,NONE
индуистского,ADJ,,amod,Gen,Masc,Sing,,0.1132393572521442,NONE
храма,NOUN,,nmod,Gen,Masc,Sing,Inan,0.0249923119791397,NONE
на,ADP,,case,,,,,-0.1035986311430664,NONE
спорном,ADJ,,amod,Loc,Masc,Sing,,-0.1749667734740668,NONE
участке,NOUN,,nmod,Loc,Masc,Sing,Inan,-0.0210625052124481,NONE
на,ADP,,case,,,,,-0.0642180862838184,NONE
севере,NOUN,,nmod,Loc,Masc,Sing,Inan,0.0925424427235674,NONE
Индии,PROPN,,nmod,Gen,Fem,Sing,Inan,0.2986135518269874,LOC
",",PUNCT,,punct,,,,,0.1091892180546448,NONE
где,ADV,,advmod,,,,,0.0348902494105352,NONE
в,ADP,,case,,,,,-0.0199944354097294,NONE
1992,ADJ,,amod,,,,,0.0378218355471226,NONE
году,NOUN,,obl,Loc,Masc,Sing,Inan,0.1007661310606723,NONE
индуистские,ADJ,,amod,Nom,,Plur,,0.0206350992900704,NONE
приверженцы,NOUN,,nsubj,Nom,Masc,Plur,Anim,-0.0246701895782507,NONE
жесткой,ADJ,,amod,Gen,Fem,Sing,,0.0162577013322638,NONE
линии,NOUN,,nmod,Gen,Fem,Sing,Inan,-0.0091772043316494,NONE
снесли,VERB,,acl:relcl,,,Plur,,0.1285146745008653,NONE
мечеть,NOUN,,obj,Acc,Fem,Sing,Inan,0.0010998405470187,NONE
XVI,ADJ,,amod,,,,,0.0750265780791992,NONE
века,NOUN,,nmod,Gen,Masc,Sing,Inan,-0.0012526028908242,NONE
",",PUNCT,,punct,,,,,0.1929149393415888,NONE
сообщает,VERB,,parataxis,,,Sing,,-0.0143931130438292,NONE
фонд,NOUN,,nsubj,Nom,Masc,Sing,Inan,-0.0190936585822165,NONE
",",PUNCT,,punct,,,,,0.1288581325057731,NONE
контролирующий,VERB,,acl,Nom,Masc,Sing,,0.0524591270694779,NONE
строительство,NOUN,,obj,Acc,Neut,Sing,Inan,-0.0046308405721677,NONE
храма,NOUN,,nmod,Gen,Masc,Sing,Inan,-0.0187467607640778,NONE
.,PUNCT,,punct,,,,,-0.0562337111085833,NONE
Это,PRON,,nsubj,Nom,Neut,Sing,Inan,-0.1545446508549881,NONE
помогло,VERB,,root,,Neut,Sing,,0.033487701930603,NONE
мне,PRON,,iobj,Dat,,Sing,,-0.3145594683882217,NONE
быстрее,ADV,,advmod,,,,,0.0795504297276322,NONE
взрослеть,VERB,,xcomp,,,,,0.2144103505101655,NONE
в,ADP,,case,,,,,-0.1477929414365378,NONE
бизнесе,NOUN,,obl,Loc,Masc,Sing,Inan,0.1104443376071445,NONE
.,PUNCT,,punct,,,,,0.5626360641920619,NONE
Просто,PART,,advmod,,,,,0.3394892804577422,NONE
потому,ADV,,advmod,,,,,0.0833917100136644,NONE
",",PUNCT,,punct,,,,,0.0248096778323338,NONE
что,SCONJ,,mark,,,,,-0.1794619999362765,NONE
пресса,NOUN,,nsubj,Nom,Fem,Sing,Inan,0.1204861944358371,NONE
подробно,ADV,,advmod,,,,,-0.0781941035375823,NONE
не,PART,,advmod,,,,,0.0046574758397112,NONE
освещает,VERB,,advcl,,,Sing,,0.1174241091092358,NONE
что-то,PRON,,obj,Acc,,,,0.1301327244860083,NONE
",",PUNCT,,punct,,,,,0.1773788716120074,NONE
не,PART,,advmod,,,,,0.1621357095169313,NONE
означает,VERB,,root,,,Sing,,-0.0123822566917219,NONE
",",PUNCT,,punct,,,,,0.2222060436724076,NONE
что,SCONJ,,mark,,,,,-0.6677065764032489,NONE
это,PRON,,nsubj,Nom,Neut,Sing,Inan,-0.0650215574529562,NONE
не,PART,,advmod,,,,,0.029366474372669,NONE
происходит,VERB,,ccomp,,,Sing,,0.1193620101426994,NONE
.,PUNCT,,punct,,,,,0.0137255201035272,NONE
Компания,NOUN,,nsubj,Nom,Fem,Sing,Inan,-0.7004086715530757,NONE
",",PUNCT,,punct,,,,,0.0510027503205273,NONE
владеющая,VERB,,acl,Nom,Fem,Sing,,0.0260343337760578,NONE
одноразовыми,ADJ,,amod,Ins,,Plur,,0.044805978770655,NONE
соперниками,NOUN,,obl,Ins,Masc,Plur,Anim,-0.0311569076090647,NONE
Instagram,PROPN,,flat:foreign,,,,,0.2386479095926474,ORG
и,CCONJ,,cc,,,,,-0.1159652684984963,NONE
WhatsApp,PROPN,,flat:foreign,,,,,0.1302559259322279,NONE
и,CCONJ,,cc,,,,,-0.0191607834392336,NONE
имеющая,VERB,,conj,Nom,Fem,Sing,,0.1379521106766244,NONE
2,NUM,,nummod,,,,,0.0584144899094528,NONE
",",PUNCT,,punct,,,,,0.1065302163819475,NONE
4,NUM,,nmod,,,,,0.0155938092350981,NONE
миллиарда,NOUN,,nummod,Gen,Masc,Sing,Inan,0.1173137781832658,NONE
ежемесячных,ADJ,,amod,Gen,,Plur,,0.1156069011920375,NONE
пользователей,NOUN,,obl,Gen,Masc,Plur,Anim,0.026439226190618,NONE
",",PUNCT,,punct,,,,,0.0264215726665743,NONE
недавно,ADV,,advmod,,,,,-0.1303590462120382,NONE
заплатила,VERB,,root,,Fem,Sing,,0.0444362606687939,NONE
5,NUM,,nummod,,,,,-0.0232043827150226,NONE
миллиардов,NOUN,,nummod,Gen,Masc,Plur,Inan,0.106174780226126,NONE
долларов,NOUN,,obl,Gen,Masc,Plur,Inan,0.1163789967180731,NONE
за,ADP,,case,,,,,-0.0524507894313376,NONE
обмен,NOUN,,obl,Acc,Masc,Sing,Inan,0.0363903286286383,NONE
данными,NOUN,,nmod,Ins,,Plur,Inan,0.0221392296783686,NONE
87,NUM,,nummod,,,,,-0.0047182309576017,NONE
миллионов,NOUN,,nummod,Gen,Masc,Plur,Inan,0.0593711117929247,NONE
пользователей,NOUN,,nmod,Gen,Masc,Plur,Anim,-0.0212299083520657,NONE
с,ADP,,case,,,,,0.0272150249982602,NONE
неактивной,ADJ,,amod,Ins,Fem,Sing,,0.0800671799556034,NONE
британской,ADJ,,amod,Ins,Fem,Sing,,0.1571419570493891,NONE
политической,ADJ,,amod,Ins,Fem,Sing,,0.1245043002256691,NONE
консалтинговой,ADJ,,amod,Ins,Fem,Sing,,0.0931838419118883,NONE
компанией,NOUN,,nmod,Ins,Fem,Sing,Inan,0.0946706744495432,NONE
Cambridge,PROPN,,flat:foreign,,,,,0.1917858406459408,ORG
Analytica,PROPN,,flat:foreign,,,,,0.0759561329409973,ORG
.,PUNCT,,punct,,,,,-0.048539234663761,NONE
Приветствуются,VERB,,root,,,Plur,,0.1077191985288666,NONE
основные,ADJ,,amod,Nom,,Plur,,0.0052654975675671,NONE
кредитные,ADJ,,amod,Nom,,Plur,,0.0370218896817828,NONE
карты,NOUN,,nsubj:pass,Nom,Fem,Plur,Inan,0.0396141949572657,NONE
и,CCONJ,,cc,,,,,0.0189390474775327,NONE
банковские,ADJ,,amod,Nom,,Plur,,-0.0112307965147855,NONE
переводы,NOUN,,conj,Nom,Masc,Plur,Inan,0.327282291261543,NONE
онлайн,ADV,,advmod,,,,,-0.2454329686096673,NONE
.,PUNCT,,punct,,,,,0.1371467125570681,NONE
Если,SCONJ,,mark,,,,,0.085907958966948,NONE
вы,PRON,,nsubj,Nom,,Plur,,0.1267663240503115,NONE
сделаете,VERB,,advcl,,,Plur,,-0.0003069534569582,NONE
международный,ADJ,,amod,Acc,Masc,Sing,Inan,-0.0357994028327763,NONE
заказ,NOUN,,obj,Acc,Masc,Sing,Inan,-0.0301910551475604,NONE
",",PUNCT,,punct,,,,,0.0590210101013646,NONE
вам,PRON,,iobj,Dat,,Plur,,0.079841636314449,NONE
вернут,VERB,,root,,,Plur,,0.0797893761886061,NONE
половину,NOUN,,obj,Acc,Fem,Sing,Inan,0.0595582699935325,NONE
от,ADP,,case,,,,,-0.0279113456557797,NONE
первоначальной,ADJ,,amod,Gen,Fem,Sing,,0.172322257593563,NONE
стоимости,NOUN,,nmod,Gen,Fem,Sing,Inan,0.0061697129310019,NONE
доставки,NOUN,,nmod,Gen,Fem,Sing,Inan,0.012315836304193,NONE
.,PUNCT,,punct,,,,,0.094983152305832,NONE
Как,SCONJ,,mark,,,,,-0.2284887085411583,NONE
и,PART,,advmod,,,,,-0.1708248834907516,NONE
Девлин,PROPN,,advcl,Nom,Masc,Sing,Anim,0.0904017083680453,PER
",",PUNCT,,punct,,,,,0.0984443506245365,NONE
Брислан,PROPN,,nsubj,Nom,Masc,Sing,Anim,0.3594777165570194,PER
может,VERB,,root,,,Sing,,0.2742237380525236,NONE
попросить,VERB,,xcomp,,,,,0.1954834014269476,NONE
",",PUNCT,,punct,,,,,0.2095078514274387,NONE
чтобы,SCONJ,,mark,,,,,-0.1087575092159125,NONE
его,DET,,det,,,,,0.0988704121833903,NONE
дело,NOUN,,nsubj,Nom,Neut,Sing,Inan,-0.0750982318890349,NONE
дошло,VERB,,ccomp,,Neut,Sing,,-0.1207052655406634,NONE
до,ADP,,case,,,,,-0.3907633328500346,NONE
CAC,PROPN,,flat:foreign,,,,,-0.0042866406323931,ORG
.,PUNCT,,punct,,,,,0.4101580035353641,NONE
Экспозиция,NOUN,,nsubj:pass,Nom,Fem,Sing,Inan,0.0315520255959973,NONE
и,CCONJ,,cc,,,,,-0.2483289070006055,NONE
фокус,NOUN,,conj,Nom,Masc,Sing,Inan,0.0531463344216881,NONE
должны,ADJ,,root,,,Plur,,-0.3301162220836881,NONE
быть,AUX,,aux:pass,,,,,-0.1648700497301643,NONE
отрегулированы,VERB,,xcomp,,,Plur,,0.0424408169786419,NONE
вручную,ADV,,advmod,,,,,0.2277888997172534,NONE
.,PUNCT,,punct,,,,,0.6639148616266259,NONE
Поэтому,ADV,,advmod,,,,,-0.01259896079831,NONE
это,DET,,det,Nom,Neut,Sing,,-0.2069014153414752,NONE
средство,NOUN,,nsubj,Nom,Neut,Sing,Inan,-0.0391416100852519,NONE
для,ADP,,case,,,,,-0.0736388700876656,NONE
бритья,NOUN,,nmod,Gen,Neut,Sing,Inan,0.0344159251406793,NONE
настолько,ADV,,obl,,,,,-0.03427430652794,NONE
велико,ADJ,,root,,Neut,Sing,,0.0273748337989598,NONE
и,CCONJ,,cc,,,,,-0.0753450188054636,NONE
часто,ADV,,advmod,,,,,0.0056905313767742,NONE
используется,VERB,,conj,,,Sing,,-0.0179623509502046,NONE
для,ADP,,case,,,,,-0.0941347755235472,NONE
лучшего,ADJ,,amod,Gen,Masc,Sing,,0.31003672923352,NONE
ухода,NOUN,,obl,Gen,Masc,Sing,Inan,0.085636899942477,NONE
за,ADP,,case,,,,,-0.0212946074180177,NONE
кожей,NOUN,,nmod,Ins,Fem,Sing,Inan,0.302549107147854,NONE
",",PUNCT,,punct,,,,,0.080173821309626,NONE
чем,SCONJ,,mark,,,,,0.7672785198510143,NONE
среднестатистическая,ADJ,,amod,Nom,Fem,Sing,,0.078101099803506,NONE
бритва,NOUN,,obl,Nom,Fem,Sing,Inan,0.2582357356341119,NONE
.,PUNCT,,punct,,,,,0.1255741548033682,NONE
Другие,ADJ,,amod,Nom,,Plur,,0.476338241282377,NONE
депутаты,NOUN,,nsubj,Nom,Masc,Plur,Anim,0.0241452700680051,NONE
раскритиковали,VERB,,root,,,Plur,,0.2647265495394755,NONE
Твиттер,PROPN,,obj,Acc,Masc,Sing,Inan,0.0854017459225064,ORG
за,ADP,,case,,,,,-0.1841268254723049,NONE
то,PRON,,obl,Acc,Neut,Sing,Inan,-0.4366940736770558,NONE
",",PUNCT,,punct,,,,,0.3723908289158424,NONE
что,SCONJ,,mark,,,,,0.1181816745241345,NONE
он,PRON,,nsubj,Nom,Masc,Sing,,0.3289893598456616,NONE
позволил,VERB,,acl,,Masc,Sing,,-2.725377231876433,NONE
твитам,NOUN,,iobj,Dat,Masc,Plur,Anim,0.1562012260290279,NONE
оставаться,VERB,,xcomp,,,,,-0.1547002579814311,NONE
видимыми,ADJ,,obl,Ins,,Plur,,0.1826836891418438,NONE
.,PUNCT,,punct,,,,,0.0066116582588106,NONE
Companion,PROPN,,root,,,,,0.4018645363009914,NONE
AFV,PROPN,,flat:foreign,,,,,-0.1345899395396609,NONE
(,PUNCT,,punct,,,,,-0.0860786688038365,NONE
Audio-Follow-Video,PROPN,,flat:foreign,,,,,0.0123784076096937,NONE
),PUNCT,,punct,,,,,0.0131249361817525,NONE
—,PUNCT,,punct,,,,,0.0375241311530197,NONE
для,ADP,,case,,,,,-0.0744140285491191,NONE
каждого,DET,,det,Gen,Masc,Sing,,-0.0011222760820944,NONE
аналогового,ADJ,,amod,Gen,Masc,Sing,,0.1414605223289919,NONE
видеовхода,NOUN,,obl,Gen,Masc,Sing,Inan,0.0742578703662346,NONE
поддерживается,VERB,,parataxis,,,Sing,,0.0337426554715732,NONE
эмбедированное,VERB,,amod,Nom,Neut,Sing,,0.1447889000295322,NONE
аудио,NOUN,,nsubj:pass,Nom,Neut,Sing,Inan,0.2001660678818156,NONE
на,ADP,,case,,,,,0.0484060403910801,NONE
2,NUM,,nummod,,,,,0.0646718187897696,NONE
входа,NOUN,,nmod,Gen,Masc,Sing,Inan,0.0632735377218212,NONE
и,CCONJ,,cc,,,,,0.0620024318378317,NONE
выхода,NOUN,,conj,Gen,Masc,Sing,Inan,-0.081213040679589,NONE
HDMI,PROPN,,flat:foreign,,,,,0.0933575527047448,NONE
.,PUNCT,,punct,,,,,-0.4058044727617152,NONE
и,CCONJ,,cc,,,,,0.1042379832909477,NONE
важно,ADJ,,conj,,Neut,Sing,,-0.1345312590912334,NONE
",",PUNCT,,punct,,,,,0.1311717575779747,NONE
чтобы,SCONJ,,mark,,,,,-0.0933484374512609,NONE
вы,PRON,,nsubj,Nom,,Plur,,0.2462446275715606,NONE
использовали,VERB,,ccomp,,,Plur,,0.0718396643797987,NONE
много,ADV,,advmod,,,,,0.1218307016862797,NONE
внешнего,ADJ,,amod,Gen,Masc,Sing,,0.1041771297821627,NONE
света,NOUN,,obl,Gen,Masc,Sing,Inan,0.4197693696688057,NONE
.,PUNCT,,punct,,,,,0.7081852067847807,NONE
Для,ADP,,case,,,,,-0.1316559744899275,NONE
Европы,PROPN,,obl,Gen,Fem,Sing,Inan,0.0423824923015657,LOC
большинство,NOUN,,nsubj,Nom,Neut,Sing,Inan,-0.1176069773820537,NONE
заказов,NOUN,,nmod,Gen,Masc,Plur,Inan,0.0690821370707096,NONE
занимает,VERB,,root,,,Sing,,-0.121671067006576,NONE
от,ADP,,case,,,,,-0.1124377478509553,NONE
3-5,NUM,,nummod,,,,,0.0036791966816571,NONE
дней,NOUN,,obl,Gen,Masc,Plur,Inan,-0.0507789333802586,NONE
",",PUNCT,,punct,,,,,0.0713297199760871,NONE
чтобы,SCONJ,,mark,,,,,-0.3356173041557446,NONE
прибыть,VERB,,advcl,,,,,-0.0043794503564599,NONE
в,ADP,,case,,,,,0.2191378032971697,NONE
страну,NOUN,,obl,Acc,Fem,Sing,Inan,-0.0250566374964364,NONE
",",PUNCT,,punct,,,,,0.238513339857611,NONE
а,CCONJ,,cc,,,,,0.153716007968931,NONE
для,ADP,,case,,,,,0.3119012227163069,NONE
остального,ADJ,,amod,Gen,Masc,Sing,,0.4330739557584595,NONE
мира,NOUN,,orphan,Gen,Masc,Sing,Inan,0.1536208197929304,NONE
5-7,NUM,,nummod,,,,,0.2102795583544553,NONE
дней,NOUN,,conj,Gen,Masc,Plur,Inan,0.3367361854474861,NONE
.,PUNCT,,punct,,,,,0.1926160953037702,NONE
Вы,PRON,,nsubj,Nom,,Plur,,0.1449176620206953,NONE
также,ADV,,advmod,,,,,-0.1767215650451127,NONE
можете,VERB,,root,,,Plur,,-0.0825829796121136,NONE
использовать,VERB,,xcomp,,,,,-0.0091339052082886,NONE
приложение,NOUN,,obj,Acc,Neut,Sing,Inan,0.0311807653759122,NONE
",",PUNCT,,punct,,,,,0.0458987302260225,NONE
чтобы,SCONJ,,mark,,,,,0.0588453343996372,NONE
позвонить,VERB,,advcl,,,,,0.0511845332307329,NONE
или,CCONJ,,cc,,,,,0.0975840990736191,NONE
пообщаться,VERB,,conj,,,,,0.0248735542151591,NONE
с,ADP,,case,,,,,0.0840252871492563,NONE
ними,PRON,,obl,Ins,,Plur,,0.0383538098616569,NONE
",",PUNCT,,punct,,,,,0.0935019199927073,NONE
как,SCONJ,,mark,,,,,0.2146658936298796,NONE
только,PART,,fixed,,,,,0.0314121978247559,NONE
они,PRON,,nsubj,Nom,,Plur,,-0.1066325728646603,NONE
окажутся,VERB,,advcl,,,Plur,,0.8098037099962233,NONE
рядом,ADV,,advmod,,,,,0.0402503338687031,NONE
с,ADP,,case,,,,,0.0700725615930231,NONE
местом,NOUN,,obl,Ins,Neut,Sing,Inan,0.0873833358295097,NONE
",",PUNCT,,punct,,,,,0.0378040604928217,NONE
у,ADP,,case,,,,,0.0364387822926519,NONE
вас,PRON,,obl,Gen,,Plur,,0.0893872819720844,NONE
будет,VERB,,conj,,,Sing,,0.0374205085958004,NONE
возможность,NOUN,,nsubj,Nom,Fem,Sing,Inan,0.0571722130466169,NONE
связаться,VERB,,obl,,,,,0.0565086195166562,NONE
с,ADP,,case,,,,,0.0425017854689217,NONE
гонщиком,NOUN,,obl,Ins,Masc,Sing,Anim,0.3431499110299401,NONE
.,PUNCT,,punct,,,,,0.0500949946772547,NONE
Выиграйте,VERB,,root,,,Plur,,0.3426599262893894,LOC
узел,NOUN,,obj,Acc,Masc,Sing,Inan,0.2205013822259278,LOC
или,CCONJ,,cc,,,,,-0.1254308143966213,NONE
замок,NOUN,,conj,Acc,Masc,Sing,Inan,-0.1143116397825749,NONE
и,CCONJ,,cc,,,,,-0.2789693712224034,NONE
претендуйте,VERB,,conj,,,Plur,,0.1357695532049986,NONE
на,ADP,,case,,,,,0.0029770331533912,NONE
него,PRON,,obl,Acc,Masc,Sing,,-0.1115197035355128,NONE
в,ADP,,case,,,,,0.1672860761679829,NONE
течение,NOUN,,fixed,Acc,Neut,Sing,Inan,0.1599782362577042,NONE
недели,NOUN,,obl,Gen,Fem,Sing,Inan,0.0735958398643429,NONE
",",PUNCT,,punct,,,,,0.0161377658739703,NONE
чтобы,SCONJ,,mark,,,,,-0.0560947227315297,NONE
собирать,VERB,,advcl,,,,,0.1292836295208378,NONE
налоги,NOUN,,obj,Acc,Masc,Plur,Inan,0.0885969334096417,NONE
",",PUNCT,,punct,,,,,0.1704015432614113,NONE
чтобы,SCONJ,,mark,,,,,-0.1621700115942941,NONE
увеличить,VERB,,advcl,,,,,-0.224202210144475,NONE
средства,NOUN,,obj,Acc,Neut,Plur,Inan,-0.080466600926623,NONE
вашей,DET,,det,Gen,Fem,Sing,,0.0813393259142096,NONE
гильдии,NOUN,,nmod,Gen,Fem,Sing,Inan,0.0474334236547455,NONE
.,PUNCT,,punct,,,,,0.5385488292527391,NONE
Спасибо,NOUN,,root,Nom,Neut,Sing,Inan,-0.0497481174748751,NONE
",",PUNCT,,punct,,,,,0.0893530464129611,NONE
что,SCONJ,,mark,,,,,-0.226216390852202,NONE
обратились,VERB,,ccomp,,,Plur,,0.1408620546663696,NONE
в,ADP,,case,,,,,0.0329357880673442,NONE
#PRS,PROPN,,flat:foreign,,,,,-0.1375013512020621,ORG
_,SYM,,punct,,,,,0.526005637352853,NONE
ORG,PROPN,,flat:foreign,,,,,0.0978107340634301,NONE
#,PUNCT,,punct,,,,,-0.0719650530916128,NONE
",",PUNCT,,punct,,,,,0.2586431311520466,NONE
мне,PRON,,iobj,Dat,,Sing,,0.0565980253626465,NONE
было,AUX,,cop,,Neut,Sing,,0.2629286139858988,NONE
приятно,ADJ,,conj,,Neut,Sing,,0.2831958502198664,NONE
помочь,VERB,,csubj,,,,,-0.1414213771617257,NONE
Вам,PRON,,iobj,Dat,,Plur,,-0.2242292634939079,PER
.,PUNCT,,punct,,,,,0.2962207502606461,PER
Ранее,ADV,,advmod,,,,,0.1821897734015378,NONE
он,PRON,,nsubj,Nom,Masc,Sing,,-0.0998956247686029,NONE
был,AUX,,cop,,Masc,Sing,,-0.0063621615612352,NONE
начальником,NOUN,,root,Ins,Masc,Sing,Anim,-0.0077555481153094,NONE
аппарата,NOUN,,nmod,Gen,Masc,Sing,Inan,0.2769230411559408,NONE
в,ADP,,case,,,,,0.0808151837452426,NONE
Министерстве,PROPN,,nmod,Loc,Neut,Sing,Inan,-0.0561844657139569,ORG
транспорта,NOUN,,nmod,Gen,Masc,Sing,Inan,0.0192790111183419,ORG
",",PUNCT,,punct,,,,,0.113143837324693,NONE
а,CCONJ,,cc,,,,,0.3255302786163771,NONE
также,PART,,fixed,,,,,-0.0140526942410154,NONE
служил,VERB,,conj,,Masc,Sing,,0.1980905929436579,NONE
в,ADP,,case,,,,,0.0418951885849123,NONE
Министерстве,PROPN,,obl,Loc,Neut,Sing,Inan,0.0417644426634421,ORG
социальных,ADJ,,amod,Gen,,Plur,,-0.3184181813745343,ORG
дел,NOUN,,nmod,Gen,Neut,Plur,Inan,-0.0347536490773861,ORG
.,PUNCT,,punct,,,,,0.2014378925565675,NONE
Пожалуйста,ADV,,parataxis,,,,,-0.052443753076416,NONE
",",PUNCT,,punct,,,,,0.3843705223654047,NONE
дайте,VERB,,root,,,Plur,,0.0445016976760284,NONE
мне,PRON,,iobj,Dat,,Sing,,-0.2647138934527054,NONE
немного,NUM,,nummod:gov,,,,,0.6959462228558432,NONE
времени,NOUN,,obj,Gen,Neut,Sing,Inan,-0.013176323175018,NONE
.,PUNCT,,punct,,,,,0.3220489992218934,NONE
«Если,SCONJ,,mark,,,,,0.031021166669228,NONE
мы,PRON,,nsubj,Nom,,Plur,,0.0790974192172384,NONE
говорим,VERB,,advcl,,,Plur,,0.0365506391298132,NONE
о,ADP,,case,,,,,0.009448708945653,NONE
числе,NOUN,,obl,Loc,Neut,Sing,Inan,0.0392016750649885,NONE
российских,ADJ,,amod,Gen,,Plur,,0.059551418848294,NONE
компаний,NOUN,,nmod,Gen,Fem,Plur,Inan,0.0240118636583649,NONE
в,ADP,,case,,,,,-0.0092429400062817,NONE
ОАЭ,PROPN,,nmod,Loc,Masc,Sing,Inan,0.0127340807640993,LOC
—,PUNCT,,punct,,,,,-0.1556377447205622,NONE
оно,PRON,,nsubj,Nom,Neut,Sing,,-0.221610277704389,NONE
уже,ADV,,advmod,,,,,-0.0234635764047073,NONE
почти,ADV,,advmod,,,,,0.1267989616031735,NONE
достигло,VERB,,root,,Neut,Sing,,0.279633056814176,NONE
4000»,NUM,,obl,,,,,0.0044394380598879,NONE
",",PUNCT,,punct,,,,,-0.1461119072595747,NONE
—,PUNCT,,punct,,,,,-0.8281232870874587,NONE
заявил,VERB,,parataxis,,Masc,Sing,,0.0737876647637771,NONE
Аль,PROPN,,nsubj,Nom,Masc,Sing,Anim,0.05017308433784,PER
Зайуди,PROPN,,flat:name,Nom,Masc,Sing,Anim,0.0984622199200939,PER
.,PUNCT,,punct,,,,,-0.0380555144574447,NONE
Осажденный,VERB,,amod,Nom,Masc,Sing,,0.1339565268271758,LOC
менталитет,NOUN,,nsubj,Nom,Masc,Sing,Inan,0.0393192915417056,NONE
означает,VERB,,root,,,Sing,,-0.0541493866735383,NONE
",",PUNCT,,punct,,,,,0.1267195437740092,NONE
что,SCONJ,,mark,,,,,0.355663233578077,NONE
каждое,DET,,det,Nom,Neut,Sing,,0.0533992039283753,NONE
действие,NOUN,,nsubj,Nom,Neut,Sing,Inan,-0.0486595515855619,NONE
должно,ADJ,,ccomp,,Neut,Sing,,0.1818313799319392,NONE
иметь,VERB,,xcomp,,,,,-0.032629305320519,NONE
значение,NOUN,,obj,Acc,Neut,Sing,Inan,-0.0043833736502354,NONE
",",PUNCT,,punct,,,,,-0.0664319060079099,NONE
иначе,CCONJ,,cc,,,,,0.1683842404185452,NONE
вы,PRON,,nsubj,Nom,,Plur,,-0.3209480857652245,NONE
тратите,VERB,,conj,,,Plur,,0.0719616170043194,NONE
ограниченную,VERB,,amod,Acc,Fem,Sing,,0.2171064419689575,NONE
энергию,NOUN,,obj,Acc,Fem,Sing,Inan,0.1917888448574995,NONE
на,ADP,,case,,,,,-0.0489759865859207,NONE
легкомысленные,ADJ,,amod,Acc,,Plur,Inan,0.179381698763176,NONE
действия,NOUN,,obl,Acc,Neut,Plur,Inan,-0.0320616210441188,NONE
.,PUNCT,,punct,,,,,0.4717796519902516,NONE
Но,CCONJ,,cc,,,,,-0.1142283274765419,NONE
он,PRON,,nsubj,Nom,Masc,Sing,,0.3268557849742948,NONE
также,ADV,,advmod,,,,,0.0862322540807002,NONE
раскритиковал,VERB,,root,,Masc,Sing,,0.031014764299684,NONE
законопроект,NOUN,,obj,Acc,Masc,Sing,Inan,-0.0385943257574144,NONE
на,ADP,,case,,,,,-0.0810700456124913,NONE
3,NUM,,nummod,,,,,-0.3759824165490121,NONE
триллиона,NOUN,,nummod,Gen,Masc,Sing,Inan,0.0971678997374606,NONE
долларов,NOUN,,nmod,Gen,Masc,Plur,Inan,0.0106658333035376,NONE
",",PUNCT,,punct,,,,,-0.0161618492889473,NONE
принятый,VERB,,acl,Acc,Masc,Sing,Inan,0.0452844285904424,NONE
в,ADP,,case,,,,,-0.0257424610078066,NONE
мае,NOUN,,obl,Loc,Masc,Sing,Inan,0.0644365229652397,NONE
контролируемой,VERB,,acl,Gen,Fem,Sing,,0.05794573139667,NONE
демократами,NOUN,,obl,Ins,Masc,Plur,Anim,0.0245596242253486,NONE
Палатой,PROPN,,obl,Ins,Fem,Sing,Inan,-0.0312649990207554,ORG
представителей,NOUN,,nmod,Gen,Masc,Plur,Anim,-0.1061417846302365,ORG
",",PUNCT,,punct,,,,,0.0410972990082727,NONE
и,CCONJ,,cc,,,,,-0.0802630507491625,NONE
обвинил,VERB,,conj,,Masc,Sing,,0.0698217751900596,NONE
своих,DET,,det,Acc,,Plur,,-0.0917788710523002,NONE
политических,ADJ,,amod,Acc,,Plur,Anim,-0.0091770008027031,NONE
оппонентов,NOUN,,obj,Acc,Masc,Plur,Anim,0.0640377036805682,NONE
в,ADP,,case,,,,,0.0529262356770896,NONE
умышленном,ADJ,,amod,Loc,Neut,Sing,,0.1117835411857574,NONE
принятии,NOUN,,obl,Loc,Neut,Sing,Inan,0.0478924107519585,NONE
мер,NOUN,,nmod,Gen,Fem,Plur,Inan,0.3231644732662833,NONE
",",PUNCT,,punct,,,,,-0.0506890325965138,NONE
которые,PRON,,nsubj,Nom,,,,-0.03785539460104,NONE
вредят,VERB,,acl:relcl,,,Plur,,0.0518018091518574,NONE
президенту,NOUN,,iobj,Dat,Masc,Sing,Anim,0.031860671005809,NONE
в,ADP,,case,,,,,-0.0370149315704854,NONE
преддверии,NOUN,,obl,Loc,Neut,Sing,Inan,0.0785829873100412,NONE
ноябрьских,ADJ,,amod,Gen,,Plur,,0.1418933970577095,NONE
выборов,NOUN,,nmod,Gen,Masc,Plur,Inan,0.2100752246112555,NONE
.,PUNCT,,punct,,,,,0.5150110902017917,NONE
Полагаю,VERB,,root,,,Sing,,0.3212573600515055,NONE
это,PRON,,nsubj,Acc,Neut,Sing,Inan,-0.1502462564112426,NONE
будет,AUX,,cop,,,Sing,,-0.2379080884118803,NONE
самым,ADJ,,amod,Ins,Neut,Sing,,-0.0187629225145797,NONE
сложным,ADJ,,amod,Ins,Neut,Sing,,0.1100337955719028,NONE
испытанием,NOUN,,obl,Ins,Neut,Sing,Inan,0.2765479477582937,NONE
для,ADP,,case,,,,,-0.1375431239083507,NONE
команды,NOUN,,nmod,Gen,Fem,Sing,Inan,-0.1442728814461155,NONE
",",PUNCT,,punct,,,,,0.1817583743890415,NONE
и,CCONJ,,cc,,,,,0.0625576822493162,NONE
к,ADP,,case,,,,,-0.0028460553353394,NONE
нему,PRON,,obl,Dat,Masc,Sing,,0.0298511054344181,NONE
нужно,ADJ,,conj,,Neut,Sing,,-0.0206807087519671,NONE
быть,AUX,,cop,,,,,-0.1208708022895488,NONE
готовым,ADJ,,csubj,Ins,Neut,Sing,,-0.0692747565605025,NONE
.,PUNCT,,punct,,,,,-0.2043521035162276,NONE
Это,PRON,,nsubj,Nom,Neut,Sing,Inan,0.0300156621128772,NONE
действительно,ADV,,obl,,,,,-0.0766138276684841,NONE
первый,ADJ,,amod,Nom,Masc,Sing,,-0.0575666635638132,NONE
приоритет,NOUN,,root,Nom,Masc,Sing,Inan,0.2561498808661014,NONE
",",PUNCT,,punct,,,,,0.0852760544185137,NONE
и,CCONJ,,cc,,,,,-0.003239686057241,NONE
мы,PRON,,nsubj,Nom,,Plur,,-0.1270156563519567,NONE
собираемся,VERB,,conj,,,Plur,,0.2131578077701391,NONE
убедиться,VERB,,xcomp,,,,,0.1313031877807654,NONE
",",PUNCT,,punct,,,,,0.2467028141017488,NONE
что,SCONJ,,mark,,,,,0.359320408268042,NONE
мы,PRON,,nsubj,Nom,,Plur,,0.0229865403182128,NONE
не,PART,,advmod,,,,,0.4523877037789416,NONE
пропустим,VERB,,ccomp,,,Plur,,-0.0119929727363043,NONE
удар,NOUN,,obj,Acc,Masc,Sing,Inan,0.4942882947178817,NONE
по,ADP,,case,,,,,-0.0543519931472215,NONE
этому,PRON,,nmod,Dat,Neut,Sing,Inan,0.1268459625502933,NONE
.,PUNCT,,punct,,,,,-0.0699178001532384,NONE
Почему,ADV,,advmod,,,,,-0.249563038711505,NONE
мы,PRON,,nsubj,Nom,,Plur,,0.5042495633398743,NONE
никогда,ADV,,advmod,,,,,0.1717627536135587,NONE
не,PART,,advmod,,,,,-0.3428342183130988,NONE
видели,VERB,,root,,,Plur,,-0.3327300307567747,NONE
главного,ADJ,,amod,Gen,Masc,Sing,,0.0762245954835151,NONE
шаттла,NOUN,,obl,Gen,Masc,Sing,Inan,0.16736466953584,NONE
?,PUNCT,,punct,,,,,0.5731024614973049,NONE
Международные,ADJ,,amod,Nom,,Plur,,-0.0265998160635253,NONE
грузы,NOUN,,nsubj:pass,Nom,Masc,Plur,Inan,-0.0959825887141623,NONE
обычно,ADV,,advmod,,,,,0.0388670652902837,NONE
доставляются,VERB,,root,,,Plur,,-0.0470534664526567,NONE
в,ADP,,case,,,,,0.1747784899210943,NONE
течение,NOUN,,fixed,Acc,Neut,Sing,Inan,-0.2276206815405208,NONE
11-22,NUM,,nummod,,,,,0.3950244812609083,NONE
рабочих,ADJ,,amod,Gen,,Plur,,-0.0816856389752708,NONE
дней,NOUN,,obl,Gen,Masc,Plur,Inan,0.0778551315056183,NONE
",",PUNCT,,punct,,,,,-0.1116350472229013,NONE
в,ADP,,case,,,,,0.1893473266338337,NONE
зависимости,NOUN,,obl,Loc,Fem,Sing,Inan,0.0392878717401353,NONE
от,ADP,,case,,,,,-0.1449295982945254,NONE
времени,NOUN,,nmod,Gen,Neut,Sing,Inan,0.0885990046425133,NONE
",",PUNCT,,punct,,,,,-0.108193861207391,NONE
необходимого,ADJ,,amod,Gen,Neut,Sing,,0.2542668321606253,NONE
для,ADP,,case,,,,,0.1339082111080681,NONE
таможенной,ADJ,,amod,Gen,Fem,Sing,,0.0756158302762441,NONE
очистки,NOUN,,obl,Gen,Fem,Sing,Inan,0.002082941679292,NONE
.,PUNCT,,punct,,,,,-0.2681648236193578,NONE
Члены,NOUN,,nsubj,Nom,Masc,Plur,Anim,0.2814158511885225,NONE
парламента,NOUN,,nmod,Gen,Masc,Sing,Inan,-0.2006687807625035,NONE
из,ADP,,case,,,,,-0.0885733029160824,NONE
нашей,DET,,det,Gen,Fem,Sing,,0.3220300530479653,NONE
партии,NOUN,,nmod,Gen,Fem,Sing,Inan,-0.1366981178996167,NONE
будут,AUX,,aux,,,Plur,,0.1175596605430606,NONE
требовать,VERB,,root,,,,,-0.0175260746289252,NONE
полной,ADJ,,amod,Gen,Fem,Sing,,-0.1056708498936878,NONE
отчетности,NOUN,,obl,Gen,Fem,Sing,Inan,-0.1263219956080192,NONE
.,PUNCT,,punct,,,,,0.7585739366460997,NONE
Министры,NOUN,,nsubj,Nom,Masc,Plur,Anim,0.4039546710662244,NONE
будут,AUX,,aux,,,Plur,,-0.0046809094390417,NONE
тихо,ADV,,advmod,,,,,-0.0176891585663952,NONE
дышать,VERB,,root,,,,,0.1197256757536214,NONE
вздохом,NOUN,,obl,Ins,Masc,Sing,Inan,0.0242577887013073,NONE
облегчения,NOUN,,nmod,Gen,Neut,Sing,Inan,0.2574920448692436,NONE
",",PUNCT,,punct,,,,,0.1054475620119758,NONE
пока,SCONJ,,mark,,,,,-0.1317070021761576,NONE
не,PART,,advmod,,,,,0.1253222752367778,NONE
появились,VERB,,advcl,,,Plur,,0.0374434485100148,NONE
фотографии,NOUN,,nsubj,Nom,Fem,Plur,Inan,0.0565669626333102,NONE
этих,DET,,det,Gen,,Plur,,-0.0692333267108223,NONE
сцен,NOUN,,nmod,Gen,Fem,Plur,Inan,0.3206740564596326,NONE
.,PUNCT,,punct,,,,,0.6983970316287117,NONE
Появится,VERB,,root,,,Sing,,0.5973975933902863,NONE
экран,NOUN,,nsubj,Nom,Masc,Sing,Inan,-0.1465998455692987,NONE
подтверждения,NOUN,,nmod,Gen,Neut,Sing,Inan,0.1285648773332138,NONE
.,PUNCT,,punct,,,,,0.443151266924784,NONE
Вертолеты,NOUN,,nsubj:pass,Nom,Masc,Plur,Inan,0.1118954416392448,NONE
ВАФ,PROPN,,nmod,Gen,Masc,Sing,Inan,-0.1386143657293727,NONE
и,CCONJ,,cc,,,,,-0.0979674411128259,NONE
армии,NOUN,,conj,Gen,Fem,Sing,Inan,0.0003753006657272,NONE
также,ADV,,advmod,,,,,0.2628865368738162,NONE
были,AUX,,aux:pass,,,Plur,,0.2320582354535977,NONE
запущены,VERB,,root,,,Plur,,0.138341153265862,NONE
с,ADP,,case,,,,,0.1143932193150872,NONE
Мисамари,PROPN,,obl,Gen,Masc,Sing,Inan,-0.0189916524128998,LOC
",",PUNCT,,punct,,,,,0.105809998887311,NONE
Гувахати,PROPN,,conj,Gen,Masc,Sing,Inan,0.4034624360283073,LOC
и,CCONJ,,cc,,,,,0.1306883005161709,NONE
Хашимары,PROPN,,conj,Gen,Fem,Sing,Inan,0.0697748745921196,PER
",",PUNCT,,punct,,,,,0.0766019675214346,NONE
-,PUNCT,,punct,,,,,0.1573140783294004,NONE
добавили,VERB,,parataxis,,,Plur,,0.044014867969641,NONE
в,ADP,,case,,,,,0.1252391712613471,NONE
сообщении,NOUN,,obl,Loc,Neut,Sing,Inan,0.084114778194043,NONE
.,PUNCT,,punct,,,,,-0.0616317101219194,NONE
Не,PART,,advmod,,,,,-0.2624834430409519,NONE
здоровайтесь,VERB,,root,,,Plur,,0.2169074560904965,NONE
и,CCONJ,,cc,,,,,0.173242272847604,NONE
не,PART,,advmod,,,,,0.1039134843079925,NONE
улыбайтесь,VERB,,conj,,,Plur,,0.0984594659526038,NONE
мне,PRON,,iobj,Dat,,Sing,,0.1537075083957661,NONE
",",PUNCT,,punct,,,,,0.0621439196407139,NONE
когда,SCONJ,,mark,,,,,0.3121137448694809,NONE
мы,PRON,,nsubj,Nom,,Plur,,0.19512694671337,NONE
проходим,VERB,,advcl,,,Plur,,0.08284228628257,NONE
по,ADP,,case,,,,,0.1973048292068009,NONE
улице,NOUN,,obl,Dat,Fem,Sing,Inan,0.0763725779983836,NONE
",",PUNCT,,punct,,,,,-0.0281062493876638,NONE
если,SCONJ,,mark,,,,,0.164374049432682,NONE
они,PRON,,nsubj,Nom,,Plur,,0.0433325566375842,NONE
меня,PRON,,obj,Acc,,Sing,,0.0656214653779269,NONE
не,PART,,advmod,,,,,0.0128422979776643,NONE
знают,VERB,,advcl,,,Plur,,0.0656110540850172,NONE
.,PUNCT,,punct,,,,,0.6595274654018399,NONE
«Энтерпрайз»,NOUN,,nsubj,Nom,Masc,Sing,Inan,0.1474538879906143,ORG
был,AUX,,cop,,Masc,Sing,,-0.1281129886044755,NONE
не,PART,,advmod,,,,,-0.0283467635283868,NONE
так,ADV,,obl,,,,,-0.0657231015129324,NONE
плох,ADJ,,root,,Masc,Sing,,0.2341774943421969,NONE
в,ADP,,case,,,,,0.2880190761644701,NONE
любом,DET,,det,Loc,Masc,Sing,,-0.072394092505236,NONE
случае,NOUN,,obl,Loc,Masc,Sing,Inan,-0.0276072795225603,NONE
",",PUNCT,,punct,,,,,0.0854053390270198,NONE
но,CCONJ,,cc,,,,,0.1338840378351967,NONE
они,PRON,,nsubj,Nom,,Plur,,-0.0158588841198968,NONE
никогда,ADV,,advmod,,,,,-0.0010039263323614,NONE
не,PART,,advmod,,,,,0.035328855986862,NONE
были,AUX,,cop,,,Plur,,-0.0605022032441925,NONE
такими,DET,,det,Ins,,Plur,,-0.1611039810491789,NONE
удобными,ADJ,,conj,Ins,,Plur,,0.1684582515820916,NONE
",",PUNCT,,punct,,,,,0.2524521974364438,NONE
как,SCONJ,,mark,,,,,0.1899488685600006,NONE
National,PROPN,,obl,,,,,-0.0641337425574076,ORG
",",PUNCT,,punct,,,,,0.1659257202728659,NONE
где,ADV,,advmod,,,,,-0.0169952084986279,NONE
я,PRON,,nsubj,Nom,,Sing,,0.1904854552130581,NONE
мог,VERB,,acl:relcl,,Masc,Sing,,0.1810133262458755,NONE
подойти,VERB,,xcomp,,,,,0.2832824412559425,NONE
",",PUNCT,,punct,,,,,0.1503803708205368,NONE
взять,VERB,,conj,,,,,0.0181467574318213,NONE
машину,NOUN,,obj,Acc,Fem,Sing,Inan,0.170165353932845,NONE
и,CCONJ,,cc,,,,,-0.2526076991387229,NONE
уехать,VERB,,conj,,,,,-0.0163477478894348,NONE
",",PUNCT,,punct,,,,,-0.085021977197822,NONE
не,PART,,advmod,,,,,0.0139593047924621,NONE
дожидаясь,VERB,,advcl,,,,,0.1019133615426311,NONE
вечно,ADV,,advmod,,,,,-0.0911748446355001,NONE
у,ADP,,case,,,,,-0.1278161393533934,NONE
стойки,NOUN,,obl,Gen,Fem,Sing,Inan,0.15124243368353,NONE
.,PUNCT,,punct,,,,,0.202280966182189,NONE
Если,SCONJ,,mark,,,,,-0.7261879610837783,NONE
у,ADP,,case,,,,,-0.0064405014899395,NONE
вас,PRON,,obl,Gen,,Plur,,0.0909772257343153,NONE
возникли,VERB,,advcl,,,Plur,,-0.0355485667990883,NONE
вопросы,NOUN,,nsubj,Nom,Masc,Plur,Inan,-0.0212538854865042,NONE
или,CCONJ,,cc,,,,,-0.041897253012249,NONE
проблемы,NOUN,,conj,Nom,Fem,Plur,Inan,-0.0306354471319754,NONE
",",PUNCT,,punct,,,,,-0.0170786352972829,NONE
пожалуйста,ADV,,parataxis,,,,,-0.173960934349377,NONE
",",PUNCT,,punct,,,,,-0.0247017650623515,NONE
свяжитесь,VERB,,root,,,Plur,,0.161673896322955,NONE
с,ADP,,case,,,,,0.0064525225294825,NONE
нами,PRON,,obl,Ins,,Plur,,-0.0130065943151953,NONE
через,ADP,,case,,,,,0.0926381566048725,NONE
сообщение,NOUN,,obl,Acc,Neut,Sing,Inan,0.0325112519430053,NONE
на,ADP,,case,,,,,0.0045653960483914,NONE
eBay,PROPN,,flat:foreign,,,,,0.1204186964979107,ORG
',PUNCT,,punct,,,,,0.0564544020424226,NONE
",",PUNCT,,punct,,,,,0.2370428419878514,NONE
и,CCONJ,,cc,,,,,0.014051394870835,NONE
мы,PRON,,nsubj,Nom,,Plur,,0.0169910762997169,NONE
приложим,VERB,,conj,,,Plur,,-0.0079618274170268,NONE
все,DET,,det,Acc,,Plur,,-0.1278242674280039,NONE
усилия,NOUN,,obj,Acc,Neut,Plur,Inan,-0.1248714854196339,NONE
",",PUNCT,,punct,,,,,0.2474760166962268,NONE
чтобы,SCONJ,,mark,,,,,-0.0457965981164871,NONE
ответить,VERB,,advcl,,,,,0.0150386140881023,NONE
на,ADP,,case,,,,,-0.0154481841933108,NONE
все,DET,,det,Acc,,Plur,,-0.0975932381268991,NONE
вопросы,NOUN,,obl,Acc,Masc,Plur,Inan,-0.0049325613275582,NONE
",",PUNCT,,punct,,,,,0.1001380569542294,NONE
заданные,VERB,,acl,Acc,,Plur,Inan,0.1400313177986905,NONE
нам,PRON,,iobj,Dat,,Plur,,0.0219426885137599,NONE
в,ADP,,case,,,,,0.0595627748370247,NONE
течение,NOUN,,fixed,Acc,Neut,Sing,Inan,-0.0340996910343005,NONE
24,NUM,,nummod,,,,,0.0540633796436348,NONE
часов,NOUN,,obl,Gen,Masc,Plur,Inan,0.3676557271962857,NONE
.,PUNCT,,punct,,,,,0.0545393251712323,NONE
Они,PRON,,nsubj,Nom,,Plur,,-0.0060626396878584,NONE
НЕ,PART,,advmod,,,,,0.1886875509625715,NONE
обязательно,ADV,,advmod,,,,,-0.1112987222658655,NONE
должны,ADJ,,root,,,Plur,,0.0009429505562878,NONE
быть,AUX,,cop,,,,,0.0652781714926438,NONE
несколькими,NUM,,nummod,Ins,,,,0.1406534898942938,NONE
копиями,NOUN,,obl,Ins,Fem,Plur,Inan,0.1130892936288949,NONE
одного,DET,,amod,Gen,Masc,Sing,,0.1315663901357294,NONE
и,CCONJ,,cc,,,,,0.1244221450154382,NONE
того,DET,,det,Gen,Masc,Sing,,0.2424559779134172,NONE
же,PART,,advmod,,,,,0.0513683658499568,NONE
элемента,NOUN,,nmod,Gen,Masc,Sing,Inan,0.2803646626179042,NONE
.,PUNCT,,punct,,,,,0.5264045480379376,NONE
Официальные,ADJ,,amod,Nom,,Plur,,0.1031721244817401,NONE
представители,NOUN,,nsubj,Nom,Masc,Plur,Anim,-0.1168700978140911,NONE
не,PART,,advmod,,,,,0.0236018387896613,NONE
раскрыли,VERB,,root,,,Plur,,0.2201288713738971,NONE
подробности,NOUN,,obl,Gen,Fem,Sing,Inan,-0.2601564747495638,NONE
того,PRON,,nmod,Gen,Neut,Sing,Inan,0.0700264386597428,NONE
",",PUNCT,,punct,,,,,0.0609373390472245,NONE
как,ADV,,advmod,,,,,-0.16345178769689,NONE
семья,NOUN,,nsubj,Nom,Fem,Sing,Inan,-0.0023730515729212,NONE
оказалась,VERB,,acl,,Fem,Sing,,-0.1749065496464254,NONE
в,ADP,,case,,,,,-0.0025817158732455,NONE
пруду,NOUN,,obl,Loc,Masc,Sing,Inan,-0.1712561304446726,NONE
.,PUNCT,,punct,,,,,0.1047617898901277,NONE
По,ADP,,case,,,,,-0.2513763027673253,NONE
данным,NOUN,,parataxis,Dat,,Plur,Inan,-0.0098910717327403,NONE
компании,NOUN,,nmod,Gen,Fem,Sing,Inan,-0.1493665100721173,NONE
CoreLogic,PROPN,,flat:foreign,,,,,-0.0069028875040404,ORG
",",PUNCT,,punct,,,,,0.0879446358063139,NONE
в,ADP,,case,,,,,0.0220439034883231,NONE
прошлом,ADJ,,amod,Loc,Masc,Sing,,-0.0916558330522136,NONE
году,NOUN,,obl,Loc,Masc,Sing,Inan,-0.3240260564380249,NONE
в,ADP,,case,,,,,-0.1698764715314133,NONE
это,DET,,det,Acc,Neut,Sing,,0.0613983265796658,NONE
же,PART,,advmod,,,,,-0.0140665242059297,NONE
время,NOUN,,obl,Acc,Neut,Sing,Inan,0.0271247788498754,NONE
на,ADP,,case,,,,,0.0314210802534282,NONE
рынке,NOUN,,obl,Loc,Masc,Sing,Inan,0.0168350258742757,NONE
недвижимости,NOUN,,nmod,Gen,Fem,Sing,Inan,-0.0114649163254225,NONE
было,VERB,,root,,Neut,Sing,,0.2587699980733836,NONE
1805,NUM,,nummod,,,,,0.4242843540392529,NONE
предложений,NOUN,,nsubj,Gen,Neut,Plur,Inan,0.1398266396002324,NONE
",",PUNCT,,punct,,,,,0.3092180948898772,NONE
а,CCONJ,,cc,,,,,0.1052421145520076,NONE
в,ADP,,case,,,,,0.2324720065026032,NONE
этом,PRON,,obl,Loc,Neut,Sing,Inan,-0.087777079308721,NONE
–,PUNCT,,punct,,,,,-0.0957932101119351,NONE
на,ADP,,case,,,,,0.0155970920909786,NONE
400,NUM,,nummod,,,,,-0.2394072825056337,NONE
предложений,NOUN,,obl,Gen,Neut,Plur,Inan,-0.2033735708616071,NONE
меньше,ADV,,conj,,,,,0.0074736965342241,NONE
.,PUNCT,,punct,,,,,0.3229883239307005,NONE
Я,PRON,,nsubj,Nom,,Sing,,0.402997917823599,NONE
буду,AUX,,aux,,,Sing,,0.3011499232987822,NONE
продолжать,VERB,,root,,,,,-0.336735520030608,NONE
предоставлять,VERB,,xcomp,,,,,0.2245281819757385,NONE
изображения,NOUN,,obj,Acc,Neut,Plur,Inan,0.3194930243568539,NONE
Как,ADV,,advmod,,,,,-0.1082333310033895,NONE
он,PRON,,nsubj,Nom,Masc,Sing,,0.1315463971068311,NONE
не,PART,,advmod,,,,,0.0865545247949606,NONE
увидел,VERB,,root,,Masc,Sing,,0.1404598221598846,NONE
это,PRON,,obj,Acc,Neut,Sing,Inan,0.4037734276211724,NONE
в,ADP,,case,,,,,0.0910861581992668,NONE
позитивном,ADJ,,amod,Loc,Masc,Sing,,-0.0806279354539942,NONE
свете,NOUN,,obl,Loc,Masc,Sing,Inan,-0.2938852080222149,NONE
и,CCONJ,,cc,,,,,-0.0394550257663859,NONE
неизбежный,ADJ,,amod,Acc,Masc,Sing,Inan,0.1318972035434011,NONE
отказ,NOUN,,conj,Acc,Masc,Sing,Inan,0.0711619863130967,NONE
подписывать,VERB,,obl,,,,,0.002618233754225,NONE
соответствующие,ADJ,,amod,Acc,,Plur,Inan,0.1436527389245946,NONE
контракты,NOUN,,obj,Acc,Masc,Plur,Inan,0.0632791116046813,NONE
.,PUNCT,,punct,,,,,0.4845977148964033,NONE
Новые,ADJ,,amod,Nom,,Plur,,-0.081762264712915,NONE
детали,NOUN,,nsubj,Nom,Fem,Plur,Inan,-0.2513787836404542,NONE
",",PUNCT,,punct,,,,,0.0087742046122143,NONE
связанные,VERB,,acl,Nom,,Plur,,-0.0852978697314943,NONE
с,ADP,,case,,,,,0.0596779597977818,NONE
расследованием,NOUN,,obl,Ins,Neut,Sing,Inan,0.0717760754289896,NONE
импичмента,NOUN,,nmod,Gen,Masc,Sing,Inan,0.1992380383810871,NONE
в,ADP,,case,,,,,0.4554963983981422,NONE
отношении,NOUN,,fixed,Loc,Neut,Sing,Inan,0.141931710187028,NONE
Трампа,PROPN,,nmod,Gen,Masc,Sing,Anim,0.309716238901481,PER
",",PUNCT,,punct,,,,,0.1763979644427393,NONE
также,ADV,,advmod,,,,,0.0086697980604076,NONE
помогли,VERB,,root,,,Plur,,0.0851031626661961,NONE
ослабить,VERB,,xcomp,,,,,0.0705211629695646,NONE
настроения,NOUN,,obj,Acc,Neut,Plur,Inan,0.04602644882573,NONE
спроса,NOUN,,nmod,Gen,Masc,Sing,Inan,0.2911363797356347,NONE
",",PUNCT,,punct,,,,,0.0463348405033333,NONE
считают,VERB,,parataxis,,,Plur,,-0.170790194888165,NONE
аналитики,NOUN,,nsubj,Nom,Masc,Plur,Anim,0.189333631191837,NONE
.,PUNCT,,punct,,,,,0.5079124722895244,NONE
Доваль,NOUN,,nsubj,Nom,Masc,Sing,Anim,-0.0670442758339387,PER
приказывает,VERB,,root,,,Sing,,0.0768675920692143,NONE
силам,NOUN,,iobj,Dat,Fem,Plur,Inan,-0.0823063448499923,NONE
безопасности,NOUN,,nmod,Gen,Fem,Sing,Inan,0.096214958302878,NONE
привести,VERB,,xcomp,,,,,0.0278023077198682,NONE
систему,NOUN,,obj,Acc,Fem,Sing,Inan,0.1658538448201196,NONE
защиты,NOUN,,nmod,Gen,Fem,Sing,Inan,0.3510957084026507,NONE
от,ADP,,case,,,,,0.2447569238159027,NONE
проникновения,NOUN,,obl,Gen,Neut,Sing,Inan,0.2332871198282206,NONE
в,ADP,,case,,,,,0.0199111366705905,NONE
зону,NOUN,,nmod,Acc,Fem,Sing,Inan,0.1170321048817624,NONE
повышенной,ADJ,,amod,Gen,Fem,Sing,,0.1110299881831461,NONE
готовности,NOUN,,nmod,Gen,Fem,Sing,Inan,0.0307502477241102,NONE
Несколько,NUM,,nummod:gov,Nom,,,,0.2572206236888228,NONE
твитов,NOUN,,nsubj,Gen,Masc,Plur,Inan,0.1403120722326291,NONE
призывали,VERB,,root,,,Plur,,0.1070919082965789,NONE
к,ADP,,case,,,,,-0.0637269059288076,NONE
миру,NOUN,,obl,Dat,Masc,Sing,Inan,-0.0117994415506166,NONE
и,CCONJ,,cc,,,,,-0.0597405260018745,NONE
просили,VERB,,conj,,,Plur,,0.1992137696455011,NONE
организаторов,NOUN,,obj,Acc,Masc,Plur,Anim,0.2186251422966771,NONE
помочь,VERB,,xcomp,,,,,-0.0934861032334172,NONE
нам,PRON,,iobj,Dat,,Plur,,0.0268972764662029,NONE
обеспечить,VERB,,xcomp,,,,,-0.2440464046135924,NONE
безопасное,ADJ,,amod,Acc,Neut,Sing,,0.1018012328358205,NONE
пространство,NOUN,,obj,Acc,Neut,Sing,Inan,0.0194100887019126,NONE
и,CCONJ,,cc,,,,,-0.1300284324680729,NONE
безопасные,ADJ,,amod,Acc,,Plur,Inan,0.1435650632308314,NONE
места,NOUN,,conj,Acc,Neut,Plur,Inan,0.0408390432714056,NONE
для,ADP,,case,,,,,-0.1282783202340908,NONE
демонстрантов,NOUN,,nmod,Gen,Masc,Plur,Anim,0.1198530878164417,NONE
"""",PUNCT,,punct,,,,,0.3077314775067674,NONE
"""",PUNCT,,punct,,,,,0.2097685235620302,NONE
.,PUNCT,,punct,,,,,0.3703996974147565,NONE
"""",PUNCT,,root,,,,,0.5039692581411392,NONE
В,ADP,,case,,,,,0.3164395723000042,NONE
любом,DET,,det,Loc,Masc,Sing,,-0.2182238427275671,NONE
случае,NOUN,,parataxis,Loc,Masc,Sing,Inan,0.285243757490575,NONE
",",PUNCT,,punct,,,,,0.1354023317733571,NONE
реакция,NOUN,,nsubj,Nom,Fem,Sing,Inan,0.0579820073677892,NONE
его,PRON,,nmod,Gen,Masc,Sing,,-0.1681506980044097,NONE
жены,NOUN,,nmod,Gen,Fem,Sing,Anim,0.002413892552567,NONE
и,CCONJ,,cc,,,,,-0.0206702484785818,NONE
сына,NOUN,,conj,Gen,Masc,Sing,Anim,0.0572508165395984,NONE
всегда,ADV,,advmod,,,,,-0.0769595813780153,NONE
раздражала,VERB,,root,,Fem,Sing,,0.1044489538728384,NONE
меня,PRON,,obj,Acc,,Sing,,0.0445867522698324,NONE
",",PUNCT,,punct,,,,,0.2558265879348921,NONE
и,CCONJ,,cc,,,,,0.0332868322249568,NONE
я,PRON,,nsubj,Nom,,Sing,,0.1781729870615989,NONE
чувствовал,VERB,,conj,,Masc,Sing,,0.0187092484933538,NONE
необходимость,NOUN,,obj,Acc,Fem,Sing,Inan,0.0669058573913587,NONE
в,ADP,,case,,,,,-0.0140906034370333,NONE
этой,DET,,det,Loc,Fem,Sing,,0.0849954330652996,NONE
ситуации,NOUN,,nmod,Loc,Fem,Sing,Inan,0.041668151046588,NONE
попытаться,VERB,,obl,,,,,0.2197975188801396,NONE
подчеркнуть,VERB,,xcomp,,,,,0.054628136415554,NONE
отчаянное,ADJ,,amod,Acc,Neut,Sing,,0.0879419706097726,NONE
стремление,NOUN,,obj,Acc,Neut,Sing,Inan,-0.0034588905164302,NONE
Уолта,PROPN,,nmod,Gen,Masc,Sing,Anim,0.0807400322858856,PER
исправить,VERB,,obl,,,,,0.127647306679502,NONE
неприятные,ADJ,,amod,Acc,,Plur,Inan,0.1112333984767936,NONE
ошибки,NOUN,,obj,Acc,Fem,Plur,Inan,0.1616855338216313,NONE
.,PUNCT,,punct,,,,,-0.4191281882900223,NONE
В,ADP,,case,,,,,0.2973872071064026,NONE
понедельник,NOUN,,obl,Acc,Masc,Sing,Inan,0.2191678205798975,NONE
в,ADP,,case,,,,,-0.1149747065682621,NONE
компании,NOUN,,obl,Loc,Fem,Sing,Inan,-0.0333357640869104,NONE
Twitter,PROPN,,flat:foreign,,,,,-6.824326328962813,ORG
заявили,VERB,,root,,,Plur,,-0.0971444733774158,NONE
",",PUNCT,,punct,,,,,0.0171651108159917,NONE
что,SCONJ,,mark,,,,,-0.1353087932726484,NONE
в,ADP,,case,,,,,-0.1711289252111082,NONE
социальной,ADJ,,amod,Loc,Fem,Sing,,-0.0337178946615814,NONE
сети,NOUN,,obl,Loc,Fem,Sing,Inan,-0.01197084949495,NONE
заблокировано,VERB,,ccomp,,Neut,Sing,,0.1034684901378057,NONE
уже,ADV,,advmod,,,,,-0.2086183841140368,NONE
более,ADV,,nsubj:pass,,,,,-0.0091121584422049,NONE
200,NUM,,nummod,,,,,0.1536358015945323,NONE
тысяч,NOUN,,nummod,Gen,Fem,Plur,Inan,0.0065436457333699,NONE
аккаунтов,NOUN,,obl,Gen,Masc,Plur,Inan,0.2218495952505282,NONE
",",PUNCT,,punct,,,,,0.2867419993740251,NONE
которые,PRON,,nsubj:pass,Nom,,,,0.0334016667132371,NONE
",",PUNCT,,punct,,,,,0.2034821421947192,NONE
по,ADP,,case,,,,,0.0034895030357979,NONE
мнению,NOUN,,parataxis,Dat,Neut,Sing,Inan,0.0403169932571807,NONE
компании,NOUN,,nmod,Gen,Fem,Sing,Inan,-0.0052729056787024,NONE
",",PUNCT,,punct,,,,,0.138275390352228,NONE
использовались,VERB,,acl:relcl,,,Plur,,-0.0838790641934935,NONE
правительством,NOUN,,obl,Ins,Neut,Sing,Inan,0.1754702897665122,NONE
Китая,PROPN,,nmod,Gen,Masc,Sing,Inan,-0.1452560008874431,LOC
",",PUNCT,,punct,,,,,-0.1125856108797534,NONE
чтобы,SCONJ,,mark,,,,,-0.1681428733094382,NONE
ослабить,VERB,,advcl,,,,,0.1096939568921553,NONE
протестное,ADJ,,amod,Acc,Neut,Sing,,-0.1055161146098247,NONE
движение,NOUN,,obj,Acc,Neut,Sing,Inan,-0.0237901823520901,NONE
в,ADP,,case,,,,,0.1191572027909294,NONE
Гонконге,PROPN,,nmod,Loc,Masc,Sing,Inan,0.0819491793347346,LOC
.,PUNCT,,punct,,,,,-0.2610829819180109,NONE
Теневой,ADJ,,amod,Nom,Masc,Sing,,0.0698537651296567,NONE
министр,NOUN,,nsubj,Nom,Masc,Sing,Anim,0.0360727244372241,NONE
здравоохранения,NOUN,,nmod,Gen,Neut,Sing,Inan,-0.0333779573184649,NONE
Джонатан,PROPN,,appos,Nom,Masc,Sing,Anim,-0.0453872228500618,PER
Эшворт,PROPN,,flat:name,Nom,Masc,Sing,Anim,-0.0524773586409498,PER
осудил,VERB,,root,,Masc,Sing,,0.0089781467841053,NONE
Правительство,PROPN,,obj,Acc,Neut,Sing,Inan,-0.0453691064057238,NONE
за,ADP,,case,,,,,-0.0714075380057405,NONE
его,DET,,det,,,,,0.0402473024234297,NONE
«откровенно,ADV,,obl,,,,,-0.0154592844294428,NONE
шамблическое»,ADJ,,amod,Acc,Neut,Sing,,0.5696507840511116,NONE
обращение,NOUN,,obl,Acc,Neut,Sing,Inan,-0.0592409077949188,NONE
с,ADP,,case,,,,,-0.1476815421340536,NONE
этой,DET,,det,Ins,Fem,Sing,,0.1362699502094604,NONE
мерой,NOUN,,nmod,Ins,Fem,Sing,Inan,-0.006107091401216,NONE
.,PUNCT,,punct,,,,,-0.5913081647297511,NONE
Эта,DET,,det,Nom,Fem,Sing,,0.196537700874981,NONE
проблема,NOUN,,nsubj,Nom,Fem,Sing,Inan,0.2234596054427969,NONE
наиболее,ADV,,advmod,,,,,-0.0210340482013027,NONE
остро,ADV,,advmod,,,,,0.1054411051742249,NONE
стоит,VERB,,root,,,Sing,,0.0774092500837693,NONE
в,ADP,,case,,,,,0.1913120847865777,NONE
городе,NOUN,,obl,Loc,Masc,Sing,Inan,-0.0198480988993544,NONE
",",PUNCT,,punct,,,,,0.1468235851909737,NONE
где,ADV,,advmod,,,,,-0.1071747449488334,NONE
сложные,ADJ,,amod,Nom,,Plur,,0.1821450536005836,NONE
уровни,NOUN,,nsubj,Nom,Masc,Plur,Inan,0.0594899704772443,NONE
иностранной,ADJ,,amod,Gen,Fem,Sing,,0.1136802288113748,NONE
собственности,NOUN,,nmod,Gen,Fem,Sing,Inan,0.1395535570535549,NONE
затрудняют,VERB,,acl:relcl,,,Plur,,0.1197231645905092,NONE
определение,NOUN,,obj,Acc,Neut,Sing,Inan,0.0158841304786739,NONE
того,DET,,det,Gen,Masc,Sing,,0.1290675693579874,NONE
",",PUNCT,,punct,,,,,0.3670670110611312,NONE
кто,PRON,,nsubj,Nom,,,,0.0668313835698576,NONE
являются,VERB,,acl:relcl,,,Plur,,0.0320560563263446,NONE
держателями,NOUN,,obl,Ins,Masc,Plur,Anim,0.2501885777707652,NONE
фри,NOUN,,nmod,Gen,Fem,Sing,Inan,0.1973285646685313,NONE
",",PUNCT,,punct,,,,,0.0718615962880788,NONE
что,PRON,,nsubj,Nom,,,,0.0045487088864129,NONE
приводит,VERB,,parataxis,,,Sing,,-0.0620158714982085,NONE
к,ADP,,case,,,,,0.0969625807870862,NONE
многолетним,ADJ,,amod,Dat,,Plur,,0.1653451704439774,NONE
дорогостоящим,ADJ,,amod,Dat,,Plur,,0.2522263783167064,NONE
задержкам,NOUN,,obl,Dat,Fem,Plur,Inan,0.210235477682311,NONE
.,PUNCT,,punct,,,,,-0.1413484714625294,NONE
Сделка,NOUN,,nsubj,Nom,Fem,Sing,Inan,0.06664675395514,NONE
сорвалась,VERB,,root,,Fem,Sing,,0.2221342500476649,NONE
после,ADP,,case,,,,,0.2029454309218231,NONE
истечения,NOUN,,obl,Gen,Neut,Sing,Inan,-0.0766271428833854,NONE
двухлетнего,ADJ,,amod,Gen,Masc,Sing,,0.0647827819682758,NONE
льготного,ADJ,,amod,Gen,Masc,Sing,,0.200764902119503,NONE
периода,NOUN,,nmod,Gen,Masc,Sing,Inan,0.1052161098117202,NONE
для,ADP,,case,,,,,0.2601403870996917,NONE
переговоров,NOUN,,nmod,Gen,Masc,Plur,Inan,0.1648149096526768,NONE
.,PUNCT,,punct,,,,,0.367364732503124,NONE
Опасения,NOUN,,nsubj,Nom,Neut,Plur,Inan,-0.0074199161464396,NONE
по,ADP,,case,,,,,-0.0200004318174198,NONE
поводу,NOUN,,fixed,Dat,Masc,Sing,Inan,0.0094069356152977,NONE
возникновения,NOUN,,nmod,Gen,Neut,Sing,Inan,0.0268508175522991,NONE
регионального,ADJ,,amod,Gen,Masc,Sing,,-0.0111177994528685,NONE
конфликта,NOUN,,nmod,Gen,Masc,Sing,Inan,0.0361340643821134,NONE
после,ADP,,case,,,,,0.0303595885101639,NONE
атак,NOUN,,nmod,Gen,Fem,Plur,Inan,0.0036575600290951,NONE
14,NUM,,nmod,,,,,0.0025780672388279,NONE
сентября,NOUN,,flat,Gen,Masc,Sing,Inan,0.0182957756714477,NONE
на,ADP,,case,,,,,0.003463569478354,NONE
национального,ADJ,,amod,Acc,Masc,Sing,Anim,-0.0030992175417417,NONE
гиганта,NOUN,,nmod,Acc,Masc,Sing,Anim,0.0805423477427897,NONE
Aramco,PROPN,,flat:foreign,,,,,0.0012653749574616,ORG
также,ADV,,advmod,,,,,0.0207120434771413,NONE
могут,VERB,,root,,,Plur,,0.0016731175175646,NONE
повлиять,VERB,,xcomp,,,,,0.0299233140594734,NONE
на,ADP,,case,,,,,0.0057346042794767,NONE
популярность,NOUN,,obl,Acc,Fem,Sing,Inan,-0.0143699796509227,NONE
королевства,NOUN,,nmod,Gen,Neut,Sing,Inan,0.0290542829233647,NONE
среди,ADP,,case,,,,,0.0156363118733733,NONE
туристов,NOUN,,nmod,Gen,Masc,Plur,Anim,-0.0190600270092082,NONE
.,PUNCT,,punct,,,,,-0.2699839749240589,NONE
Более,ADV,,nsubj,,,,,-0.0744079169000932,NONE
30,NUM,,nummod,,,,,0.0507114920138661,NONE
сотрудников,NOUN,,obl,Gen,Masc,Plur,Anim,0.0872532051533317,NONE
дали,VERB,,root,,,Plur,,0.0069316946452902,NONE
положительный,ADJ,,amod,Acc,Masc,Sing,Inan,0.3338386306862708,NONE
результат,NOUN,,obj,Acc,Masc,Sing,Inan,0.0956598652852868,NONE
на,ADP,,case,,,,,0.0957570844612284,NONE
коронавирус,NOUN,,obl,Acc,Masc,Sing,Inan,-0.0224591963804578,NONE
в,ADP,,case,,,,,0.1436638444721385,NONE
отделении,NOUN,,nmod,Loc,Neut,Sing,Inan,-0.1382765485376986,NONE
единого,ADJ,,amod,Gen,Masc,Sing,,-0.0867563720796111,NONE
банка,NOUN,,nmod,Gen,Masc,Sing,Inan,0.0453901013409056,NONE
в,ADP,,case,,,,,0.1245346919551744,NONE
Тамилнаде,PROPN,,nmod,Loc,Masc,Sing,Inan,0.3645094334432598,LOC
Результат,NOUN,,nsubj:pass,Nom,Masc,Sing,Inan,-0.3491084579231094,NONE
TNUSRB,PROPN,,flat:foreign,,,,,0.1828423096458422,NONE
Конструктивный,ADJ,,amod,Nom,Masc,Sing,,0.1728365406106681,NONE
объявлен,VERB,,root,,Masc,Sing,,0.2668006775542234,NONE
:,PUNCT,,punct,,,,,0.0221663016249898,NONE
Как,ADV,,advmod,,,,,-0.1892359687908354,NONE
проверить,VERB,,parataxis,,,,,0.6292726093277928,NONE
Два,NUM,,nummod:gov,Nom,Masc,,,-0.0287086214461572,NONE
пожарных,NOUN,,nsubj:pass,Gen,Masc,Plur,Anim,0.0695138120868077,NONE
",",PUNCT,,punct,,,,,0.1641362497439499,NONE
пострадавших,VERB,,acl,Gen,,Plur,,-0.0622098727925973,NONE
во,ADP,,case,,,,,-0.1780563131136513,NONE
время,NOUN,,fixed,Acc,Neut,Sing,Inan,-0.0320803973909401,NONE
пожара,NOUN,,obl,Gen,Masc,Sing,Inan,0.1724005090146334,NONE
в,ADP,,case,,,,,0.0693425337238611,NONE
Голде,PROPN,,nmod,Loc,Masc,Sing,Inan,0.031668319828099,LOC
",",PUNCT,,punct,,,,,0.2622295532844633,NONE
были,AUX,,aux:pass,,,Plur,,0.0295296562413214,NONE
выписаны,VERB,,root,,,Plur,,0.432651512045779,NONE
из,ADP,,case,,,,,0.1745501539925556,NONE
больницы,NOUN,,obl,Gen,Fem,Sing,Inan,0.1585872571471444,NONE
.,PUNCT,,punct,,,,,0.3983868179195879,NONE
Обладает,VERB,,root,,,Sing,,0.0505544434818961,NONE
невероятной,ADJ,,amod,Ins,Fem,Sing,,0.0385889783420687,NONE
характеристикой,NOUN,,obl,Ins,Fem,Sing,Inan,-0.0236740186782563,NONE
растяжения,NOUN,,nmod,Gen,Neut,Sing,Inan,-0.010772017474041,NONE
по,ADP,,case,,,,,0.0642605874218985,NONE
диаметру,NOUN,,nmod,Dat,Masc,Sing,Inan,0.3602410601295138,NONE
",",PUNCT,,punct,,,,,0.2492146241012063,NONE
позволяющей,VERB,,acl,Gen,Fem,Sing,,0.1176525810487102,NONE
шлангу,NOUN,,iobj,Dat,Masc,Sing,Inan,0.1005107730787673,NONE
растягиваться,VERB,,xcomp,,,,,0.1375680432619341,NONE
на,ADP,,case,,,,,-0.038299939141007,NONE
соединение,NOUN,,obl,Acc,Neut,Sing,Inan,0.1261633233892205,NONE
для,ADP,,case,,,,,0.3287816948130931,NONE
идеального,ADJ,,amod,Gen,Neut,Sing,,0.2387190707529046,NONE
уплотнения,NOUN,,obl,Gen,Neut,Sing,Inan,-0.0664376631259394,NONE
(,PUNCT,,punct,,,,,0.0035821372956526,NONE
то,PRON,,cc,Nom,Neut,Sing,Inan,-0.0200076892747029,NONE
есть,VERB,,fixed,,,Sing,,0.1827202695814404,NONE
вы,PRON,,nsubj,Nom,,Plur,,0.2319679185260873,NONE
можете,VERB,,parataxis,,,Plur,,0.0740955890581296,NONE
натянуть,VERB,,xcomp,,,,,-0.0234234065918769,NONE
шланг,NOUN,,obj,Acc,Masc,Sing,Inan,0.0350714513084279,NONE
с,ADP,,case,,,,,-0.1089172314559372,NONE
внутренним,ADJ,,amod,Ins,Masc,Sing,,-0.0971395176582683,NONE
диаметром,NOUN,,nmod,Ins,Masc,Sing,Inan,-0.0490365178173921,NONE
3,NUM,,nummod,,,,,-0.1008182446099052,NONE
мм,NOUN,,nmod,Gen,Masc,Plur,Inan,0.0923747513469843,NONE
на,ADP,,case,,,,,0.0204388713930019,NONE
соединение,NOUN,,obl,Acc,Neut,Sing,Inan,0.0103895052008636,NONE
с,ADP,,case,,,,,-0.0886411288347092,NONE
наружным,ADJ,,amod,Ins,Masc,Sing,,0.0563822024372968,NONE
диаметром,NOUN,,nmod,Ins,Masc,Sing,Inan,0.0056438425052531,NONE
5,NUM,,nummod,,,,,0.0273479825621057,NONE
мм,NOUN,,nmod,Gen,Masc,Plur,Inan,-0.047292279648414,NONE
),PUNCT,,punct,,,,,0.1100282340525076,NONE
.,PUNCT,,punct,,,,,0.0566560236534241,NONE
Правительство,NOUN,,nsubj,Nom,Neut,Sing,Inan,0.1272609715968569,NONE
г-на,NOUN,,nmod,Gen,Masc,Sing,Anim,0.1990667984149018,NONE
Гехлота,PROPN,,appos,Gen,Masc,Sing,Anim,0.6490792789010659,PER
находилось,VERB,,root,,Neut,Sing,,0.0193017139428818,NONE
в,ADP,,case,,,,,0.0513671818762189,NONE
глубоком,ADJ,,amod,Loc,Masc,Sing,,0.0641019157896428,NONE
кризисе,NOUN,,obl,Loc,Masc,Sing,Inan,0.1080887760418183,NONE
после,ADP,,case,,,,,0.1649707685439423,NONE
того,PRON,,obl,Gen,Neut,Sing,Inan,-0.2128105187327795,NONE
",",PUNCT,,punct,,,,,0.1480969889960302,NONE
как,SCONJ,,mark,,,,,0.0043120049710868,NONE
его,PRON,,nmod,Gen,Masc,Sing,,-0.2421249769271382,NONE
заместитель,NOUN,,nsubj,Nom,Masc,Sing,Anim,-0.1636561594560517,NONE
Сачин,PROPN,,appos,Nom,Masc,Sing,Anim,-0.0565265077673763,PER
Пилот,PROPN,,flat:name,Nom,Masc,Sing,Anim,0.2121424372144265,PER
превратился,VERB,,acl,,Masc,Sing,,-0.0186325856100114,NONE
в,ADP,,case,,,,,0.1922150615238436,NONE
мятежника,NOUN,,obl,Acc,Masc,Sing,Anim,0.0210376258578207,NONE
",",PUNCT,,punct,,,,,0.017288918114529,NONE
и,CCONJ,,cc,,,,,-0.0476674200395123,NONE
его,PRON,,obj,Acc,Masc,Sing,,-0.0896630883591873,NONE
поддержало,VERB,,conj,,Neut,Sing,,0.136660799506568,NONE
множество,NOUN,,nsubj,Nom,Neut,Sing,Inan,-0.0795754150443122,NONE
MLA,PROPN,,flat:foreign,,,,,0.0198040842786675,NONE
.,PUNCT,,punct,,,,,0.0723861447805354,NONE
Съемочная,ADJ,,amod,Nom,Fem,Sing,,0.0501294525062968,NONE
группа,NOUN,,nsubj,Nom,Fem,Sing,Inan,0.0413951818462466,NONE
будет,AUX,,aux,,,Sing,,-0.0545652037776065,NONE
использовать,VERB,,root,,,,,-0.0425353463570472,NONE
новые,ADJ,,amod,Acc,,Plur,Inan,-0.066940122956929,NONE
камеры,NOUN,,obj,Acc,Fem,Plur,Inan,0.3180623865920768,NONE
",",PUNCT,,punct,,,,,0.1448881672953891,NONE
созданные,VERB,,acl,Acc,,Plur,Inan,-0.0535015273498717,NONE
специально,ADV,,obl,,,,,-0.0954133694846444,NONE
для,ADP,,case,,,,,-0.0605759484043298,NONE
фильма,NOUN,,obl,Gen,Masc,Sing,Inan,0.1496844183695084,NONE
",",PUNCT,,punct,,,,,0.1196406272004793,NONE
чтобы,SCONJ,,mark,,,,,0.1732655685284541,NONE
раскрыть,VERB,,advcl,,,,,0.1668000696025509,NONE
мир,NOUN,,obj,Acc,Masc,Sing,Inan,-0.041924117184873,NONE
цвета,NOUN,,nmod,Gen,Masc,Sing,Inan,-0.1082398282898344,NONE
",",PUNCT,,punct,,,,,0.1051125973108566,NONE
обычно,ADV,,obl,,,,,0.0185990829842209,NONE
невидимый,ADJ,,amod,Acc,Masc,Sing,Inan,0.2272790918248132,NONE
человеческому,ADJ,,amod,Dat,Masc,Sing,,0.0818523989906923,NONE
глазу,NOUN,,iobj,Dat,Masc,Sing,Inan,0.0160744977988431,NONE
.,PUNCT,,punct,,,,,0.7610784073394417,NONE
Я,PRON,,nsubj,Nom,,Sing,,-0.1635741032346043,NONE
(,PUNCT,,punct,,,,,0.1982603384459544,NONE
стараюсь,VERB,,parataxis,,,Sing,,0.0442037207271859,NONE
),PUNCT,,punct,,,,,0.4135997497453142,NONE
придерживаться,VERB,,root,,,,,-0.1366695854622217,NONE
1200-1300,NUM,,obl,,,,,0.2821745051027611,NONE
.,PUNCT,,punct,,,,,0.5835858173405337,NONE
Белый,ADJ,,amod,Nom,Masc,Sing,,0.124082570447481,LOC
дом,NOUN,,nsubj,Nom,Masc,Sing,Inan,-0.1664165529752368,LOC
тогда,ADV,,advmod,,,,,0.0154380370531842,NONE
попытался,VERB,,root,,Masc,Sing,,-0.0541951752006481,NONE
прикрыть,VERB,,xcomp,,,,,0.0018472079182098,NONE
обмен,NOUN,,obj,Acc,Masc,Sing,Inan,0.0859968021860564,NONE
",",PUNCT,,punct,,,,,0.2494729940367731,NONE
говорится,VERB,,conj,,,Sing,,-0.2377922765643147,NONE
в,ADP,,case,,,,,-0.2619553530326447,NONE
жалобе,NOUN,,obl,Loc,Fem,Sing,Inan,0.3782242421722888,NONE
.,PUNCT,,punct,,,,,0.2089370730747682,NONE
По,ADP,,case,,,,,0.345244593658695,NONE
словам,NOUN,,parataxis,Dat,Neut,Plur,Inan,-0.0154407451578639,NONE
чиновника,NOUN,,nmod,Gen,Masc,Sing,Anim,0.1362777830159788,NONE
",",PUNCT,,punct,,,,,0.2346307365255301,NONE
«отношения,NOUN,,nsubj,Nom,Neut,Plur,Inan,0.0458726682732205,NONE
между,ADP,,case,,,,,0.0713674330056962,NONE
Абу-Даби,PROPN,,nmod,Ins,Fem,Sing,Inan,0.0765777797272355,LOC
и,CCONJ,,cc,,,,,-0.0719166678068266,NONE
Москвой,PROPN,,conj,Ins,Fem,Sing,Inan,0.1019457729949564,LOC
—,PUNCT,,punct,,,,,-0.2576675256244531,NONE
стратегические»,ADJ,,root,Nom,,Plur,,0.2543993886535357,NONE
.,PUNCT,,punct,,,,,-0.0465638725593405,NONE
Возврат,NOUN,,nsubj,Nom,Masc,Sing,Inan,-0.1303086853991389,NONE
НЕ,PART,,advmod,,,,,0.0105136088462857,NONE
распространяется,VERB,,root,,,Sing,,0.1018847613353954,NONE
на,ADP,,case,,,,,0.038422840558245,NONE
любой,DET,,det,Acc,Masc,Sing,,-0.0257878684304251,NONE
ущерб,NOUN,,obl,Acc,Masc,Sing,Inan,0.0076639558020472,NONE
",",PUNCT,,punct,,,,,0.0791864868493208,NONE
понесенный,VERB,,acl,Acc,Masc,Sing,Inan,-0.0478082163318108,NONE
в,ADP,,case,,,,,0.4436449727581608,NONE
результате,NOUN,,obl,Loc,Masc,Sing,Inan,-0.2106514258481352,NONE
вирусов,NOUN,,nmod,Gen,Masc,Plur,Inan,0.2506203441102276,NONE
.,PUNCT,,punct,,,,,0.2743999304061248,NONE
Мы,PRON,,nsubj,Nom,,Plur,,-0.3411354230437007,NONE
оставим,VERB,,root,,,Plur,,-0.0286040384511003,NONE
положительный,ADJ,,amod,Acc,Masc,Sing,Inan,0.3508711622633836,NONE
отзыв,NOUN,,obj,Acc,Masc,Sing,Inan,0.422161927122517,NONE
для,ADP,,case,,,,,0.4659437320357239,NONE
вас,PRON,,nmod,Gen,,Plur,,-0.0610916516026568,NONE
.,PUNCT,,punct,,,,,0.0486811297207912,NONE
Традиционные,ADJ,,amod,Nom,,Plur,,0.1247880681445396,NONE
автопроизводители,NOUN,,nsubj,Nom,Masc,Plur,Anim,-0.0166746864061771,NONE
",",PUNCT,,punct,,,,,0.1134766091529075,NONE
особенно,ADV,,advmod,,,,,-0.1150230749648093,NONE
более,ADV,,obl,,,,,-0.1009013288154841,NONE
мелкие,ADJ,,amod,Nom,,Plur,,0.09326217623496,NONE
",",PUNCT,,punct,,,,,0.0506861988766322,NONE
такие,DET,,det,Nom,,Plur,,-0.1880763821864813,NONE
как,SCONJ,,mark,,,,,-0.0639959086886973,NONE
Subaru,PROPN,,obl,,,,,-0.0231506725213871,ORG
и,CCONJ,,cc,,,,,0.0979953526456281,NONE
Suzuki,PROPN,,conj,,,,,0.0550918902860162,ORG
",",PUNCT,,punct,,,,,0.0933337329682291,NONE
изо,ADP,,case,,,,,0.1091778530577317,NONE
всех,DET,,det,Gen,,Plur,,0.0605861689710908,NONE
сил,NOUN,,obl,Gen,Fem,Plur,Inan,0.0175622241118532,NONE
пытаются,VERB,,root,,,Plur,,0.0397224683469187,NONE
соответствовать,VERB,,xcomp,,,,,0.0475006293799935,NONE
быстрым,ADJ,,amod,Dat,,Plur,,0.0085126330854414,NONE
темпам,NOUN,,iobj,Dat,Masc,Plur,Inan,-0.0207257721943255,NONE
изменений,NOUN,,nmod,Gen,Neut,Plur,Inan,-0.1084734709607072,NONE
в,ADP,,case,,,,,-0.006439639419619,NONE
отрасли,NOUN,,nmod,Loc,Fem,Sing,Inan,-0.2229092126423756,NONE
",",PUNCT,,punct,,,,,0.2167040401705484,NONE
трансформируемой,VERB,,acl,Gen,Fem,Sing,,-0.0325823588478564,NONE
ростом,NOUN,,obl,Ins,Masc,Sing,Inan,-0.037454089794538,NONE
электромобилей,NOUN,,nmod,Gen,Masc,Plur,Inan,0.0948153527832719,NONE
",",PUNCT,,punct,,,,,0.1534915690325697,NONE
езды,NOUN,,conj,Gen,Fem,Sing,Inan,0.1532012289640991,NONE
на,ADP,,case,,,,,0.1463813733422145,NONE
велосипеде,NOUN,,nmod,Loc,Masc,Sing,Inan,0.1293468192459797,NONE
и,CCONJ,,cc,,,,,0.1516457810994258,NONE
автономного,ADJ,,amod,Gen,Neut,Sing,,0.1908157926552303,NONE
вождения,NOUN,,conj,Gen,Neut,Sing,Inan,0.0284382559108332,NONE
.,PUNCT,,punct,,,,,-0.6112923542555695,NONE
Я,PRON,,nsubj,Nom,,Sing,,-0.4317300727561258,NONE
действительно,ADV,,advmod,,,,,0.0968558666046326,NONE
верю,VERB,,root,,,Sing,,0.0214771610136549,NONE
",",PUNCT,,punct,,,,,0.13422178790901,NONE
что,SCONJ,,mark,,,,,0.0850719913293376,NONE
это,PRON,,nsubj,Nom,Neut,Sing,Inan,-0.1122940365596202,NONE
подсознательное,ADJ,,amod,Nom,Neut,Sing,,0.0143189214360612,NONE
предубеждение,NOUN,,ccomp,Nom,Neut,Sing,Inan,-0.0698789218904672,NONE
",",PUNCT,,punct,,,,,-0.00577606022832,NONE
порожденное,VERB,,acl,Nom,Neut,Sing,,0.0694502339340506,NONE
и,CCONJ,,cc,,,,,0.091049087528054,NONE
усугубленное,VERB,,conj,Nom,Neut,Sing,,0.0738302785627703,NONE
изображением,NOUN,,iobj,Ins,Neut,Sing,Inan,0.1153552542288697,NONE
и,CCONJ,,cc,,,,,0.1342818205478021,NONE
обращением,NOUN,,conj,Ins,Neut,Sing,Inan,0.0026696204056651,NONE
с,ADP,,case,,,,,-0.0010572662941515,NONE
людьми,NOUN,,nmod,Ins,Masc,Plur,Anim,-0.0262297416758209,NONE
с,ADP,,case,,,,,0.1036475104530196,NONE
избыточным,ADJ,,amod,Ins,Masc,Sing,,0.1331025628977491,NONE
весом,NOUN,,nmod,Ins,Masc,Sing,Inan,-0.0187580422284199,NONE
в,ADP,,case,,,,,0.2018341663596057,NONE
средствах,NOUN,,nmod,Loc,Neut,Plur,Inan,0.1205870398216251,NONE
массовой,ADJ,,amod,Gen,Fem,Sing,,0.0248704114863552,NONE
информации,NOUN,,nmod,Gen,Fem,Sing,Inan,0.1862660211884207,NONE
",",PUNCT,,punct,,,,,0.2369474937456134,NONE
что,SCONJ,,mark,,,,,-0.1069241883238111,NONE
многие,DET,,det,Nom,,Plur,,-0.0979144504371487,NONE
люди,NOUN,,nsubj,Nom,Masc,Plur,Anim,-0.0187398942060554,NONE
просто,PART,,advmod,,,,,0.0980380273144664,NONE
не,PART,,advmod,,,,,0.1263122487013241,NONE
понимают,VERB,,conj,,,Plur,,-0.1045379900586981,NONE
",",PUNCT,,punct,,,,,0.1647178604225411,NONE
что,PRON,,obj,Acc,Neut,Sing,Inan,0.0953931069460531,NONE
они,PRON,,nsubj,Nom,,Plur,,-0.0349276753383243,NONE
проецируют,VERB,,ccomp,,,Plur,,0.0574237638795214,NONE
.,PUNCT,,punct,,,,,-0.4304956252244383,NONE
Принц,NOUN,,nsubj,Nom,Masc,Sing,Anim,-0.0938234661407344,NONE
Мохаммед,PROPN,,appos,Nom,Masc,Sing,Anim,0.103247372390771,PER
стремится,VERB,,root,,,Sing,,0.0456640778440647,NONE
изменить,VERB,,xcomp,,,,,0.0154215175378734,NONE
это,PRON,,obj,Acc,Neut,Sing,Inan,0.044358786181752,NONE
путем,ADP,,case,,,,,-0.082518358627223,NONE
подметательной,ADJ,,amod,Gen,Fem,Sing,,0.0268409481612362,NONE
либерализации,NOUN,,obl,Gen,Fem,Sing,Inan,0.093121357254588,NONE
",",PUNCT,,punct,,,,,0.2617095476834496,NONE
которая,PRON,,nsubj,Nom,,,,0.1535702261145362,NONE
принесла,VERB,,acl:relcl,,Fem,Sing,,0.0614930970655914,NONE
в,ADP,,case,,,,,0.0221725825272646,NONE
Саудовскую,PROPN,,amod,,,,,0.1304027349966785,LOC
Аравию,PROPN,,obl,Acc,Fem,Sing,Inan,0.0903580621646708,LOC
новые,ADJ,,amod,Acc,,Plur,Inan,0.035968389415193,NONE
кинотеатры,NOUN,,obj,Acc,Masc,Plur,Inan,0.3610680214991115,NONE
",",PUNCT,,punct,,,,,0.2022871521293954,NONE
смешанные,ADJ,,amod,Acc,,Plur,Inan,0.202706752192084,NONE
гендерные,ADJ,,amod,Acc,,Plur,Inan,0.1336602857124458,NONE
концерты,NOUN,,conj,Acc,Masc,Plur,Inan,0.1506187196614297,NONE
и,CCONJ,,cc,,,,,-0.1371664912573012,NONE
спортивные,ADJ,,amod,Acc,,Plur,Inan,0.2444487635998729,NONE
фееерии,NOUN,,conj,Acc,Fem,Plur,Inan,0.1784547514463023,NONE
.,PUNCT,,punct,,,,,-0.5022616656740424,NONE
Как,SCONJ,,mark,,,,,0.4120509206401574,NONE
только,PART,,fixed,,,,,0.0016415189965087,NONE
все,DET,,det,Nom,,Plur,,-0.4999317152269016,NONE
товары,NOUN,,nsubj,Nom,Masc,Plur,Inan,0.0784441332307925,NONE
окажутся,VERB,,advcl,,,Plur,,0.0163472971842095,NONE
в,ADP,,case,,,,,0.1990374354970554,NONE
вашей,DET,,det,Loc,Fem,Sing,,0.0547803474142801,NONE
корзине,NOUN,,obl,Loc,Fem,Sing,Inan,0.0775633894030169,NONE
",",PUNCT,,punct,,,,,-0.0748638184539736,NONE
пожалуйста,ADV,,parataxis,,,,,0.4437578709946545,NONE
",",PUNCT,,punct,,,,,0.0846731172309916,NONE
оформите,VERB,,root,,,Plur,,0.0682089905581787,NONE
заказ,NOUN,,obj,Acc,Masc,Sing,Inan,0.0130217809209311,NONE
и,CCONJ,,cc,,,,,-0.0120856649374009,NONE
оплатите,VERB,,conj,,,Plur,,0.0131955493940176,NONE
как,SCONJ,,mark,,,,,0.0498015772955746,NONE
обычно,ADV,,advmod,,,,,-0.0463812790651939,NONE
",",PUNCT,,punct,,,,,0.0730381120124541,NONE
и,CCONJ,,cc,,,,,-0.0660805872684733,NONE
мы,PRON,,nsubj,Nom,,Plur,,-0.0788892189627167,NONE
вернем,VERB,,conj,,,Plur,,0.1209389405822356,NONE
избыточную,ADJ,,amod,Acc,Fem,Sing,,0.0901659899402186,NONE
доставку,NOUN,,obj,Acc,Fem,Sing,Inan,-0.0213555606192716,NONE
.,PUNCT,,punct,,,,,-0.2195637434738454,NONE
Но,CCONJ,,cc,,,,,0.1179162694454446,NONE
из-за,ADP,,case,,,,,-0.0334736823565981,NONE
новых,ADJ,,amod,Gen,,Plur,,-0.0010597323812221,NONE
правил,NOUN,,obl,Gen,Neut,Plur,Inan,0.0511137844084027,NONE
он,PRON,,nsubj,Nom,Masc,Sing,,0.0275249144656117,NONE
был,AUX,,cop,,Masc,Sing,,0.0224711720501737,NONE
вынужден,ADJ,,root,,Masc,Sing,,-0.0262582727659715,NONE
отменить,VERB,,xcomp,,,,,0.0797341566061878,NONE
поездку,NOUN,,obj,Acc,Fem,Sing,Inan,0.0537331721107666,NONE
",",PUNCT,,punct,,,,,0.0918579509570237,NONE
опасаясь,VERB,,advcl,,,,,0.1998027446338929,NONE
",",PUNCT,,punct,,,,,0.1113624735911665,NONE
что,SCONJ,,mark,,,,,-0.6661124622841305,NONE
по,ADP,,case,,,,,0.1729356813493852,NONE
возвращении,NOUN,,obl,Loc,Neut,Sing,Inan,0.1920816785559238,NONE
работодатель,NOUN,,nsubj,Nom,Masc,Sing,Anim,0.2376342485724924,NONE
его,PRON,,nmod,Gen,Masc,Sing,,0.0395028193314757,NONE
жены,NOUN,,nmod,Gen,Fem,Sing,Anim,0.069171351626723,NONE
не,PART,,advmod,,,,,-0.0810429974137667,NONE
сможет,VERB,,ccomp,,,Sing,,0.013057314243942,NONE
дополнительно,ADV,,advmod,,,,,-0.0463622389641676,NONE
предоставить,VERB,,xcomp,,,,,-0.0344430145773263,NONE
ей,PRON,,iobj,Dat,Fem,Sing,,0.1270801729879027,NONE
две,NUM,,nummod,Acc,Fem,,Inan,-0.097028843997341,NONE
нерабочие,ADJ,,amod,Acc,,Plur,Inan,0.070848600366144,NONE
недели,NOUN,,obl,Gen,Fem,Sing,Inan,0.1528288345704458,NONE
для,ADP,,case,,,,,0.0408476234781868,NONE
карантина,NOUN,,nmod,Gen,Masc,Sing,Inan,0.1098063711201097,NONE
.,PUNCT,,punct,,,,,-0.3160893453499592,NONE
Теперь,ADV,,advmod,,,,,-0.3218330684544899,NONE
ваша,DET,,det,Nom,Fem,Sing,,0.0269922605259113,NONE
доставка,NOUN,,nsubj:pass,Nom,Fem,Sing,Inan,-0.0307234246084212,NONE
готовится,VERB,,root,,,Sing,,-0.0771400808472804,NONE
рестораном,NOUN,,obl,Ins,Masc,Sing,Inan,0.1179011963405374,NONE
.,PUNCT,,punct,,,,,0.6404875067169769,NONE
Выступая,VERB,,advcl,,,,,0.3385548235430149,NONE
перед,ADP,,case,,,,,0.0106827603550455,NONE
матерью,NOUN,,obl,Ins,Fem,Sing,Anim,-0.134739596627389,NONE
двоих,NUM,,nummod,Gen,,,,-0.0600138081226448,NONE
детей,NOUN,,nmod,Gen,Masc,Plur,Anim,-0.0991304102948507,NONE
Ларой,PROPN,,appos,Ins,Fem,Sing,Anim,-0.0334589279454257,PER
Росмарин,PROPN,,flat:name,Ins,Fem,Sing,Anim,0.1445449377524646,PER
",",PUNCT,,punct,,,,,0.2326759205171717,NONE
генеральным,ADJ,,amod,Ins,Masc,Sing,,0.0638258558390781,NONE
директором,NOUN,,appos,Ins,Masc,Sing,Anim,-0.0374396954264391,NONE
Cape,PROPN,,flat:foreign,,,,,0.0097129956864665,ORG
Innovation,PROPN,,flat:foreign,,,,,0.0813895371503975,ORG
and,X,,flat:foreign,,,,,0.2587624795521586,ORG
Technology,PROPN,,flat:foreign,,,,,-0.1709386646375629,ORG
",",PUNCT,,punct,,,,,0.097666270084993,NONE
Меган,PROPN,,nsubj,Nom,Fem,Sing,Anim,0.1816890398743841,PER
сказала,VERB,,root,,Fem,Sing,,-0.0878585441790591,NONE
:,PUNCT,,punct,,,,,0.1523095315531634,NONE
«,PUNCT,,punct,,,,,0.1149419711150561,NONE
Сейчас,ADV,,advmod,,,,,0.1099576989003919,NONE
у,ADP,,case,,,,,0.0615216740627106,NONE
нас,PRON,,parataxis,Gen,,Plur,,0.0051624578893802,NONE
всего,PART,,advmod,,,,,-0.0146142571938514,NONE
пять,NUM,,nummod:gov,Nom,,,,-0.022698546113201,NONE
месяцев,NOUN,,nsubj,Gen,Masc,Plur,Inan,0.0406016788366483,NONE
.,PUNCT,,punct,,,,,0.1289707425926199,NONE
На,ADP,,case,,,,,0.0044338558148245,NONE
пустующем,VERB,,amod,Loc,Masc,Sing,,0.2456235827154653,NONE
постаменте,NOUN,,obl,Loc,Masc,Sing,Inan,0.0342650738895468,NONE
",",PUNCT,,punct,,,,,-0.0578060074328018,NONE
ранее,ADV,,advmod,,,,,-0.0459107494079632,NONE
занятом,VERB,,acl,Loc,Masc,Sing,,0.0287970371132508,NONE
Колстоном,PROPN,,obl,Ins,Masc,Sing,Anim,0.4970843268802042,PER
",",PUNCT,,punct,,,,,0.3817326236864961,NONE
была,AUX,,aux:pass,,Fem,Sing,,0.2251656837303658,NONE
установлена,VERB,,root,,Fem,Sing,,0.1317334111837347,NONE
скульптура,NOUN,,nsubj:pass,Nom,Fem,Sing,Inan,0.150487680748445,NONE
демонстранта,NOUN,,nmod,Gen,Masc,Sing,Anim,-0.0542405902850314,NONE
BLM,PROPN,,flat:foreign,,,,,0.1302848863482028,NONE
.,PUNCT,,punct,,,,,0.2021823609480775,NONE
Это,PRON,,nsubj,Nom,Neut,Sing,Inan,0.0313997982184356,NONE
очень,ADV,,obl,,,,,0.0264794140649928,NONE
трудное,ADJ,,amod,Nom,Neut,Sing,,0.0059827005351427,NONE
скольжение,NOUN,,root,Nom,Neut,Sing,Inan,-0.0216788320593756,NONE
в,ADP,,case,,,,,0.0427827505886746,NONE
чрезвычайно,ADV,,obl,,,,,0.0487228664432873,NONE
жестоком,ADJ,,amod,Loc,Neut,Sing,,0.0084026972667455,NONE
направлении,NOUN,,nmod,Loc,Neut,Sing,Inan,-0.0562548069511029,NONE
",",PUNCT,,punct,,,,,0.2483919461414543,NONE
сказал,VERB,,parataxis,,Masc,Sing,,-0.0041847734959219,NONE
г-н,NOUN,,nsubj,Nom,Masc,Sing,Anim,0.0858443436547941,NONE
Сэвидж,PROPN,,appos,Nom,Masc,Sing,Anim,0.1531735260572377,PER
",",PUNCT,,punct,,,,,0.8278341056273999,NONE
когда,SCONJ,,mark,,,,,0.0267456398014862,NONE
он,PRON,,nsubj,Nom,Masc,Sing,,-0.0225568468027128,NONE
промыл,VERB,,advcl,,Masc,Sing,,0.1158199168289978,NONE
глаза,NOUN,,obj,Acc,Masc,Plur,Inan,0.1238540430845315,NONE
перцовым,ADJ,,amod,Ins,Masc,Sing,,0.0888245878841978,NONE
баллончиком,NOUN,,obl,Ins,Masc,Sing,Inan,0.0620500829970307,NONE
и,CCONJ,,cc,,,,,-0.024003574390501,NONE
лечил,VERB,,conj,,Masc,Sing,,0.0018506564599969,NONE
рану,NOUN,,obj,Acc,Fem,Sing,Inan,-0.0150838538932558,NONE
на,ADP,,case,,,,,0.0186464420533608,NONE
руке,NOUN,,obl,Loc,Fem,Sing,Inan,-0.0160885957193423,NONE
от,ADP,,case,,,,,-0.0643804710151216,NONE
вспышки,NOUN,,obl,Gen,Fem,Sing,Inan,0.0491081396766364,NONE
гранаты,NOUN,,nmod,Gen,Fem,Sing,Inan,0.0878931509690146,NONE
.,PUNCT,,punct,,,,,-0.1555082583553001,NONE
Instanced,PROPN,,root,,,,,0.2942575253331547,NONE
Player,PROPN,,flat:foreign,,,,,0.0855925956319488,NONE
Housing,PROPN,,flat:foreign,,,,,-0.0477741207925828,NONE
-,PUNCT,,punct,,,,,0.3741788081694333,NONE
От,ADP,,case,,,,,0.0093069052275746,NONE
палаток,NOUN,,parataxis,Gen,Fem,Plur,Inan,-0.0770628780363019,NONE
до,ADP,,case,,,,,-0.09712566566786,NONE
дворцов,NOUN,,nmod,Gen,Masc,Plur,Inan,-0.0861040567276428,NONE
и,CCONJ,,cc,,,,,-0.0095668348104934,NONE
всего,PRON,,conj,Gen,Neut,Sing,Inan,-0.0425843723741883,NONE
",",PUNCT,,punct,,,,,0.1881448223333666,NONE
что,PRON,,nsubj,Nom,,,,-0.0200898066557176,NONE
между,ADP,,case,,,,,-0.0176459876579913,NONE
ними,PRON,,acl:relcl,Ins,,Plur,,-0.0106340605848515,NONE
",",PUNCT,,punct,,,,,0.316254066548634,NONE
игроки,NOUN,,nsubj,Nom,Masc,Plur,Anim,0.2317844789626242,NONE
могут,VERB,,conj,,,Plur,,-0.0719243468925646,NONE
обставить,VERB,,xcomp,,,,,-0.0184393458981844,NONE
и,CCONJ,,cc,,,,,0.0190146325152573,NONE
настроить,VERB,,conj,,,,,-0.0225466106678974,NONE
свои,DET,,det,Acc,,Plur,,0.077347754874702,NONE
собственные,ADJ,,amod,Acc,,Plur,Inan,0.0262751720234694,NONE
дома,NOUN,,obj,Acc,Masc,Plur,Inan,0.0528540960307084,NONE
и,CCONJ,,cc,,,,,0.0085295673884403,NONE
могут,VERB,,conj,,,Plur,,0.0115468602777436,NONE
нанять,VERB,,xcomp,,,,,-0.1229281160922872,NONE
NPC,PROPN,,flat:foreign,,,,,0.0594404078833811,ORG
",",PUNCT,,punct,,,,,0.0667451684776307,NONE
чтобы,SCONJ,,mark,,,,,-0.1088966667564612,NONE
держать,VERB,,advcl,,,,,-0.0307103277576849,NONE
ваше,DET,,det,Acc,Neut,Sing,,-0.1543224524895579,NONE
место,NOUN,,obj,Acc,Neut,Sing,Inan,-0.0054292732441569,NONE
чистым,ADJ,,obl,Ins,Neut,Sing,,-0.0961711365344385,NONE
или,CCONJ,,cc,,,,,0.0321792286654858,NONE
купить,VERB,,conj,,,,,-0.018620865214311,NONE
вещи,NOUN,,obj,Acc,Fem,Plur,Inan,0.043493608988699,NONE
на,ADP,,case,,,,,-0.1090536008440874,NONE
рынке,NOUN,,obl,Loc,Masc,Sing,Inan,-0.0153186575732197,NONE
.,PUNCT,,punct,,,,,-0.0359959150395279,NONE
В,ADP,,case,,,,,-0.0981495279828042,NONE
своем,DET,,det,Loc,Neut,Sing,,0.0620251217835988,NONE
ежемесячном,ADJ,,amod,Loc,Neut,Sing,,0.0841950786773056,NONE
радиообращении,NOUN,,obl,Loc,Neut,Sing,Inan,0.2937280291645485,NONE
Манн,PROPN,,nsubj,Nom,Masc,Sing,Anim,0.0383823728966876,PER
ки,PROPN,,flat:name,Nom,Masc,Sing,Anim,0.0267662061310017,PER
Баат,PROPN,,flat:name,Nom,Masc,Sing,Anim,0.0443901287844358,PER
премьер-министр,NOUN,,nsubj,Nom,Masc,Sing,Anim,0.0417769093330404,NONE
Моди,PROPN,,appos,Nom,Masc,Sing,Anim,0.0722339757309698,PER
заявил,VERB,,root,,Masc,Sing,,-0.1080685349522156,NONE
",",PUNCT,,punct,,,,,0.0583608835556599,NONE
что,SCONJ,,mark,,,,,-0.3260620176516756,NONE
«Пакистан,PROPN,,nsubj,Nom,Masc,Sing,Inan,0.0577591846448466,LOC
предпринял,VERB,,ccomp,,Masc,Sing,,-0.0136330981016636,NONE
это,DET,,det,Acc,Neut,Sing,,-0.0530999884837358,NONE
злоключение,NOUN,,obj,Acc,Neut,Sing,Inan,0.0938890426803033,NONE
со,ADP,,case,,,,,-0.0730758886274693,NONE
зловещими,ADJ,,amod,Ins,,Plur,,-0.0067437778716714,NONE
планами,NOUN,,nmod,Ins,Masc,Plur,Inan,-0.0570427052756954,NONE
захватить,VERB,,obl,,,,,0.0535583940604614,NONE
землю,NOUN,,obj,Acc,Fem,Sing,Inan,-0.0405193179507633,NONE
Индии,PROPN,,nmod,Gen,Fem,Sing,Inan,0.0691319188755451,LOC
и,CCONJ,,cc,,,,,-0.1129739134241805,NONE
отвлечь,VERB,,conj,,,,,0.0201895831697859,NONE
ее,DET,,det,,,,,0.0741531677538808,NONE
продолжающиеся,VERB,,amod,Acc,,Plur,Inan,0.0489700139339597,NONE
внутренние,ADJ,,amod,Acc,,Plur,Inan,0.0417227441379779,NONE
конфликты»,NOUN,,obj,Acc,Masc,Sing,Inan,0.0241103411040742,NONE
.,PUNCT,,punct,,,,,0.8181659441858011,NONE
Он,PRON,,nsubj,Nom,Masc,Sing,,0.0003144542001867,NONE
покинул,VERB,,root,,Masc,Sing,,0.1615613604370986,NONE
свое,DET,,det,Acc,Neut,Sing,,-0.1574696746883798,NONE
шоу,NOUN,,obj,Acc,Neut,Sing,Inan,0.0972778257036927,NONE
",",PUNCT,,punct,,,,,-0.1152959909237426,NONE
потому,ADV,,mark,,,,,-0.0156590337847926,NONE
что,SCONJ,,fixed,,,,,-0.1125153143038124,NONE
понял,VERB,,advcl,,Masc,Sing,,0.1185876494013707,NONE
",",PUNCT,,punct,,,,,-0.0267295061234483,NONE
что,SCONJ,,mark,,,,,0.1024280922043232,NONE
белые,ADJ,,amod,Nom,,Plur,,0.0753407780966715,NONE
люди,NOUN,,nsubj,Nom,Masc,Plur,Anim,0.2661896015672528,NONE
смеются,VERB,,ccomp,,,Plur,,-0.0519408624337368,NONE
НАД,ADP,,case,,,,,-0.3132758173118736,ORG
ним,PRON,,obl,Ins,Masc,Sing,,-0.0538296489005817,NONE
",",PUNCT,,punct,,,,,0.3399557530667671,NONE
а,CCONJ,,cc,,,,,-0.0857463256046761,NONE
не,PART,,advmod,,,,,0.2368612235238233,NONE
ВМЕСТЕ,ADV,,conj,,,,,0.0401992224465673,NONE
с,ADP,,case,,,,,-0.0211531379873127,NONE
ним,PRON,,obl,Ins,Masc,Sing,,0.0022873098848425,NONE
.,PUNCT,,punct,,,,,0.6406435239546873,NONE
Подобные,ADJ,,amod,Nom,,Plur,,-0.0744407107660363,NONE
инциденты,NOUN,,nsubj,Nom,Masc,Plur,Inan,0.1353599930597733,NONE
редки,ADJ,,root,,,Plur,,-0.0067233306104304,NONE
",",PUNCT,,punct,,,,,0.1489288809916306,NONE
тем,PRON,,discourse,Ins,Neut,Sing,Inan,-0.0530754845607863,NONE
не,PART,,fixed,,,,,0.0086290813335742,NONE
менее,ADV,,fixed,,,,,-0.1040698422230365,NONE
мы,PRON,,nsubj,Nom,,Plur,,0.0600631965640136,NONE
советуем,VERB,,conj,,,Plur,,0.0570335833482446,NONE
пассажирам,NOUN,,iobj,Dat,Masc,Plur,Anim,0.0250232972689879,NONE
",",PUNCT,,punct,,,,,0.0860052722194731,NONE
которые,PRON,,nsubj,Nom,,,,0.0297667024031934,NONE
столкнулись,VERB,,acl:relcl,,,Plur,,-0.0143456475744405,NONE
с,ADP,,case,,,,,-0.0379933188968686,NONE
таким,DET,,det,Ins,Neut,Sing,,0.0168002285137644,NONE
поведением,NOUN,,obl,Ins,Neut,Sing,Inan,0.178120957507154,NONE
",",PUNCT,,punct,,,,,0.2403349555200082,NONE
немедленно,ADV,,advmod,,,,,0.0280999581157422,NONE
сообщать,VERB,,xcomp,,,,,0.0542727849268101,NONE
о,ADP,,case,,,,,0.6482039003191912,NONE
нем,PRON,,obl,Loc,Masc,Sing,,-0.0171485820052543,NONE
охране,NOUN,,iobj,Dat,Fem,Sing,Inan,-0.1773541786482332,NONE
поезда,NOUN,,nmod,Gen,Masc,Sing,Inan,0.2565502597609386,NONE
или,CCONJ,,cc,,,,,0.1429352506812227,NONE
сотрудникам,NOUN,,conj,Dat,Masc,Plur,Anim,0.0712986584309582,NONE
станции,NOUN,,nmod,Gen,Fem,Sing,Inan,0.1587827843242493,NONE
.,PUNCT,,punct,,,,,-0.0648979629469288,NONE
Тем,PRON,,discourse,Ins,Neut,Sing,Inan,-0.3613307803106866,NONE
не,PART,,fixed,,,,,-0.0752243265453092,NONE
менее,ADV,,fixed,,,,,0.1174884834839885,NONE
",",PUNCT,,punct,,,,,0.1516378015909442,NONE
я,PRON,,nsubj,Nom,,Sing,,-0.0179191008300435,NONE
должен,ADJ,,root,,Masc,Sing,,0.029182078020263,NONE
добавить,VERB,,xcomp,,,,,-0.0454081295398437,NONE
здесь,ADV,,advmod,,,,,-0.0228339254777624,NONE
немного,NUM,,nummod:gov,,,,,0.1541104696651014,NONE
ПСА,PROPN,,obj,,,,,0.0006009554226335,NONE
для,ADP,,case,,,,,0.0680813718786315,NONE
мужчин,NOUN,,nmod,Gen,Masc,Plur,Anim,0.1817565217219918,NONE
",",PUNCT,,punct,,,,,0.1131801536407508,NONE
которые,PRON,,nsubj,Nom,,Plur,,-0.0460958931612047,NONE
недавно,ADV,,advmod,,,,,0.0093344822451117,NONE
разговаривали,VERB,,acl:relcl,,,Plur,,0.0662771578040771,NONE
/,PUNCT,,punct,,,,,0.0358342242823391,NONE
встречались,VERB,,conj,,,Plur,,0.0414828754307245,NONE
с,ADP,,case,,,,,0.0401183723860548,NONE
женщиной,NOUN,,obl,Ins,Fem,Sing,Anim,0.1030973269212166,NONE
",",PUNCT,,punct,,,,,0.1742937148388782,NONE
которая,PRON,,nsubj,Nom,Fem,Sing,,0.0401574756064959,NONE
похудела,VERB,,acl:relcl,,Fem,Sing,,0.079014958395327,NONE
:,PUNCT,,punct,,,,,0.0720318866530495,NONE
комментарии,NOUN,,nsubj,Nom,Masc,Plur,Inan,0.0447434852233411,NONE
типа,NOUN,,nmod,Gen,Masc,Sing,Inan,-0.0116834466885651,NONE
«Я,PUNCT,,punct,,,,,0.0909979399745316,NONE
так,ADV,,advmod,,,,,0.0537761332027648,NONE
счастлив,ADJ,,parataxis,,Masc,Sing,,0.0254216117622981,NONE
",",PUNCT,,punct,,,,,0.1447671435320711,NONE
что,SCONJ,,mark,,,,,0.1765290591530558,NONE
вы,PRON,,nsubj,Nom,,Plur,,0.1441674935897215,NONE
потеряли,VERB,,ccomp,,,Plur,,0.0760477525499546,NONE
вес,NOUN,,obj,Acc,Masc,Sing,Inan,0.000178883035934,NONE
",",PUNCT,,punct,,,,,0.1985480132251154,NONE
вы,PRON,,nsubj,Nom,,Plur,,0.1042675498287479,NONE
явно,ADV,,advmod,,,,,0.0482924906707525,NONE
еще,PART,,advmod,,,,,0.0322798951831893,NONE
не,PART,,advmod,,,,,0.0690066267504189,NONE
поняли,VERB,,conj,,,Plur,,0.0168183843089314,NONE
",",PUNCT,,punct,,,,,0.1726176187623339,NONE
насколько,ADV,,advmod,,,,,-0.0400052529627577,NONE
вы,PRON,,nsubj,Nom,,Plur,,0.030054848285319,NONE
великолепны»,ADJ,,ccomp,Nom,Masc,Sing,,0.0877251715365343,NONE
-,PUNCT,,punct,,,,,0.3504607088264615,NONE
это,PART,,expl,,,,,0.2512718240971621,NONE
НЕ,PART,,advmod,,,,,0.0872347677529969,NONE
тот,DET,,det,Nom,Masc,Sing,,-0.2781847683475044,NONE
путь,NOUN,,conj,Nom,Masc,Sing,Inan,0.0075802271531804,NONE
.,PUNCT,,punct,,,,,0.2489453269392485,NONE
К,ADP,,case,,,,,0.0895555100507865,NONE
сожалению,NOUN,,parataxis,Dat,Neut,Sing,Inan,0.1947622707891122,NONE
",",PUNCT,,punct,,,,,0.0676784096946211,NONE
я,PRON,,nsubj,Nom,,Sing,,0.0223890660843164,NONE
действительно,ADV,,obl,,,,,-0.0136451018012919,NONE
болен,ADJ,,root,,Masc,Sing,,0.0062401461812137,NONE
и,CCONJ,,cc,,,,,-0.0091356893259892,NONE
не,PART,,advmod,,,,,-0.0587685552097739,NONE
могу,VERB,,conj,,,Sing,,0.1129335674696003,NONE
путешествовать,VERB,,xcomp,,,,,0.0644710861481297,NONE
",",PUNCT,,punct,,,,,0.1500058351723487,NONE
-,PUNCT,,punct,,,,,0.1435613888198206,NONE
частично,ADV,,advmod,,,,,0.0954316326114731,NONE
прочитал,VERB,,parataxis,,Masc,Sing,,0.0823086600013074,NONE
пост,NOUN,,nsubj,Nom,Masc,Sing,Inan,0.0812905036998717,NONE
",",PUNCT,,punct,,,,,0.4767374222661369,NONE
-,PUNCT,,punct,,,,,0.5432824650730818,NONE
Я,PRON,,nsubj:pass,Nom,,Sing,,0.1907049536122821,NONE
убит,VERB,,conj,,Masc,Sing,,0.1325201073782083,NONE
горем,NOUN,,obl,Ins,Neut,Sing,Inan,0.1909795864725528,NONE
из-за,ADP,,case,,,,,0.2284016846680646,NONE
того,PRON,,obl,Gen,Neut,Sing,Inan,0.0432828765854238,NONE
",",PUNCT,,punct,,,,,0.0868939227530116,NONE
что,SCONJ,,mark,,,,,0.1000882423299398,NONE
пропустил,VERB,,acl,,Masc,Sing,,0.0922736051263088,NONE
это,DET,,det,Acc,Neut,Sing,,-0.0318843441843544,NONE
шоу,NOUN,,obj,Acc,Neut,Sing,Inan,0.0184959433155324,NONE
",",PUNCT,,punct,,,,,-0.0139499891475872,NONE
но,CCONJ,,cc,,,,,-0.0105607075611928,NONE
я,PRON,,nsubj,Nom,,Sing,,-0.0541930929568528,NONE
знаю,VERB,,conj,,,Sing,,-0.020555832276194,NONE
",",PUNCT,,punct,,,,,0.1314206817093541,NONE
что,SCONJ,,mark,,,,,0.0388987829758321,NONE
моя,DET,,det,Nom,Fem,Sing,,-0.0079736835109002,NONE
потрясающая,ADJ,,amod,Nom,Fem,Sing,,0.0426465250442731,NONE
команда,NOUN,,nsubj,Nom,Fem,Sing,Inan,0.0073891682261741,NONE
и,CCONJ,,cc,,,,,-0.063808755328058,NONE
мои,DET,,det,Nom,,Plur,,0.0143573787262898,NONE
друзья,NOUN,,conj,Nom,Masc,Plur,Anim,-0.0193531447408739,NONE
",",PUNCT,,punct,,,,,0.002346432606208,NONE
которые,PRON,,nsubj,Nom,,,,-0.0067402661619926,NONE
находятся,VERB,,acl:relcl,,,Plur,,0.0101904018846142,NONE
в,ADP,,case,,,,,-0.0345243498141763,NONE
городе,NOUN,,obl,Loc,Masc,Sing,Inan,0.0203218830616815,NONE
на,ADP,,case,,,,,-0.0936632935180794,NONE
этом,DET,,det,Loc,Neut,Sing,,0.0425000090543581,NONE
мероприятии,NOUN,,obl,Loc,Neut,Sing,Inan,0.1728744260991933,NONE
",",PUNCT,,punct,,,,,0.0573723701135928,NONE
помогут,VERB,,ccomp,,,Plur,,0.0709714656812804,NONE
мне,PRON,,iobj,Dat,,Sing,,0.0654006371320165,NONE
быть,AUX,,cop,,,,,-0.044399971778663,NONE
там,ADV,,advmod,,,,,-0.0474249518621959,NONE
в,ADP,,case,,,,,0.0125474021252829,NONE
духе,NOUN,,obl,Loc,Masc,Sing,Inan,0.049447099626865,NONE
.,PUNCT,,punct,,,,,0.0440639283236743,NONE
.,PUNCT,,punct,,,,,0.0588115096355316,NONE
.,PUNCT,,punct,,,,,0.0387124995637836,NONE
.,PUNCT,,punct,,,,,-0.0512505292607209,NONE
Извините,VERB,,root,,,Plur,,0.0789956987283163,NONE
",",PUNCT,,punct,,,,,0.1249657490001242,NONE
но,CCONJ,,cc,,,,,0.0981134680784611,NONE
кажется,VERB,,conj,,,Sing,,-0.0136345468402239,NONE
",",PUNCT,,punct,,,,,-0.0379007825621913,NONE
что,SCONJ,,mark,,,,,-0.1041268879368208,NONE
ваш,DET,,det,Nom,Masc,Sing,,-0.0354657553645858,NONE
первоначальный,ADJ,,amod,Nom,Masc,Sing,,0.0018465378553244,NONE
заказ,NOUN,,nsubj:pass,Nom,Masc,Sing,Inan,0.0884373092464916,NONE
был,AUX,,aux:pass,,Masc,Sing,,-0.0079894645752365,NONE
случайно,ADV,,advmod,,,,,0.2290846336662846,NONE
пролит,VERB,,ccomp,,Masc,Sing,,0.1180735826436339,NONE
",",PUNCT,,punct,,,,,0.2955503944931918,NONE
поэтому,ADV,,advmod,,,,,0.0762104482937204,NONE
моему,DET,,det,Dat,Masc,Sing,,0.0156648691592962,NONE
коллеге,NOUN,,iobj,Dat,Masc,Sing,Anim,0.2632548034595039,NONE
пришлось,VERB,,conj,,Neut,Sing,,0.1476306186368115,NONE
сделать,VERB,,csubj,,,,,0.2651141920496431,NONE
новый,ADJ,,amod,Acc,Masc,Sing,Inan,-0.0305741894601368,NONE
заказ,NOUN,,obj,Acc,Masc,Sing,Inan,0.1762112465580603,NONE
.,PUNCT,,punct,,,,,0.3635588985356221,NONE
"""",PUNCT,,punct,,,,,0.015904983814474,NONE
Они,PRON,,nsubj,Nom,,Plur,,0.1490601560213336,NONE
сбежали,VERB,,root,,,Plur,,0.2442783997625904,NONE
",",PUNCT,,punct,,,,,0.2763132001030914,NONE
смеясь,VERB,,advcl,,,,,0.2630988160275735,NONE
",",PUNCT,,punct,,,,,0.3088459638584491,NONE
а,CCONJ,,cc,,,,,0.1302652916674441,NONE
я,PRON,,nsubj,Nom,,Sing,,0.1669669719905141,NONE
просто,PART,,advmod,,,,,0.2317508758667448,NONE
сидел,VERB,,conj,,Masc,Sing,,0.2998834547613822,NONE
там,ADV,,advmod,,,,,0.142565339089333,NONE
",",PUNCT,,punct,,,,,0.1796182813392814,NONE
"""",PUNCT,,punct,,,,,0.2389407102734708,NONE
"""",PUNCT,,punct,,,,,0.1811561033228725,NONE
сказал,VERB,,parataxis,,Masc,Sing,,0.1667150342392069,NONE
Амари,PROPN,,nsubj,Nom,Masc,Sing,Anim,0.0829785152580377,PER
.,PUNCT,,punct,,,,,0.2526731345590361,NONE
"""",PUNCT,,root,,,,,0.1179570171520578,NONE
Переговоры,NOUN,,nsubj:pass,Nom,Masc,Plur,Inan,0.2800406716737397,NONE
о,ADP,,case,,,,,0.0157228372341801,NONE
переходе,NOUN,,nmod,Loc,Masc,Sing,Inan,0.0722201548335362,NONE
Коутиньо,PROPN,,nmod,Gen,Masc,Sing,Anim,0.0351425727468573,PER
и,CCONJ,,cc,,,,,-0.1149161627568552,NONE
Умтити,PROPN,,conj,Gen,Masc,Sing,Anim,0.0595500471711559,PER
велись,VERB,,root,,,Plur,,0.039917014662038,NONE
с,ADP,,case,,,,,-0.0395996586106186,NONE
Арсеналом,PROPN,,obl,Ins,Masc,Sing,Inan,0.0252582030202956,LOC
",",PUNCT,,punct,,,,,0.0737046495288599,NONE
а,CCONJ,,cc,,,,,-0.161328773936998,NONE
на,ADP,,case,,,,,-0.0944143107400697,NONE
бразильца,NOUN,,obl,Acc,Masc,Sing,Anim,0.0824946984888793,NONE
также,ADV,,advmod,,,,,-0.2681263715127933,NONE
претендовал,VERB,,conj,,Masc,Sing,,0.1447265001312399,NONE
Челси,PROPN,,nsubj,Nom,Masc,Sing,Inan,-0.0281141247701409,PER
.,PUNCT,,punct,,,,,0.7180433305443344,NONE
Бывший,ADJ,,amod,Nom,Masc,Sing,,0.1734820093274205,NONE
член,NOUN,,nsubj,Nom,Masc,Sing,Anim,-0.0004199159490863,NONE
парламента,NOUN,,nmod,Gen,Masc,Sing,Inan,-0.0191703136912623,NONE
от,ADP,,case,,,,,0.0157218223439262,NONE
Консервативной,ADJ,,amod,Gen,Fem,Sing,,0.079076113747488,ORG
партии,NOUN,,nmod,Gen,Fem,Sing,Inan,0.0007195184634223,ORG
поспорил,VERB,,root,,Masc,Sing,,0.0643743350057851,NONE
с,ADP,,case,,,,,0.0049792080616971,NONE
комментариями,NOUN,,obl,Ins,Masc,Plur,Inan,0.0803364913423264,NONE
г-жи,NOUN,,nmod,Gen,Masc,Sing,Anim,0.1352898550112063,NONE
Брюс,PROPN,,appos,Gen,Masc,Sing,Anim,0.0210245897125691,PER
и,CCONJ,,cc,,,,,-0.2497117881756461,NONE
стал,VERB,,conj,,Masc,Sing,,-0.0338566244723309,NONE
подробно,ADV,,advmod,,,,,0.051507059060897,NONE
рассказывать,VERB,,xcomp,,,,,0.0747717081678128,NONE
",",PUNCT,,punct,,,,,-0.0026705143617141,NONE
что,SCONJ,,mark,,,,,0.6088625676460472,NONE
Лорд,PROPN,,nsubj,Nom,Masc,Sing,Anim,-0.001839209453737,PER
Сампшн,PROPN,,flat:name,Nom,Masc,Sing,Anim,0.0368805967605314,PER
был,AUX,,cop,,Masc,Sing,,0.1310423525786118,NONE
одним,NUM,,ccomp,Ins,Masc,,,0.0627441684646948,NONE
из,ADP,,case,,,,,0.1417767965746983,NONE
судей,NOUN,,nmod,Gen,Masc,Plur,Anim,-0.0162584681804232,NONE
по,ADP,,case,,,,,-0.0231598571050733,NONE
предыдущему,ADJ,,amod,Dat,Neut,Sing,,0.0278462037933075,NONE
делу,NOUN,,nmod,Dat,Neut,Sing,Inan,-0.2251024582010563,NONE
Джины,PROPN,,nmod,Gen,Fem,Sing,Anim,0.0706677465903802,PER
Миллер,PROPN,,flat:name,Gen,Fem,Sing,Anim,0.0484827727120181,PER
.,PUNCT,,punct,,,,,0.3328266421571706,NONE
Европейский,ADJ,,amod,Nom,Masc,Sing,,-0.0023598591617876,LOC
союз,NOUN,,nsubj,Nom,Masc,Sing,Inan,-0.0200887817729223,LOC
постановил,VERB,,root,,Masc,Sing,,0.0651552614402452,NONE
",",PUNCT,,punct,,,,,0.0753462831677355,NONE
что,SCONJ,,mark,,,,,0.0032370050304987,NONE
10,ADJ,,nmod,,,,,-0.0991273060438192,NONE
ноября,NOUN,,flat,Gen,Masc,Sing,Inan,-0.1126735370986369,NONE
—,PUNCT,,punct,,,,,-0.145692069793909,NONE
крайний,ADJ,,amod,Nom,Masc,Sing,,0.065413829124433,NONE
срок,NOUN,,ccomp,Nom,Masc,Sing,Inan,-0.0679897124813245,NONE
для,ADP,,case,,,,,-0.1021901091466267,NONE
Лондона,PROPN,,nmod,Gen,Masc,Sing,Inan,0.0815189586158272,LOC
",",PUNCT,,punct,,,,,0.0699014167030913,NONE
чтобы,SCONJ,,mark,,,,,0.1596723186436,NONE
предоставить,VERB,,advcl,,,,,-0.083736404167659,NONE
лицензии,NOUN,,obj,Acc,Fem,Plur,Inan,0.0486404137052446,NONE
для,ADP,,case,,,,,-0.0119756862109832,NONE
французских,ADJ,,amod,Gen,,Plur,,0.0325581434277992,NONE
рыболовных,ADJ,,amod,Gen,,Plur,,-0.0290197054917741,NONE
судов,NOUN,,nmod,Gen,Neut,Plur,Inan,0.0166627401384664,NONE
по,ADP,,case,,,,,-0.0785251761124462,NONE
условиям,NOUN,,obl,Dat,Neut,Plur,Inan,-0.0316262144671199,NONE
брексита,NOUN,,nmod,Gen,Masc,Sing,Inan,-0.0073417130540499,NONE
",",PUNCT,,punct,,,,,-0.0139238940123823,NONE
а,CCONJ,,cc,,,,,-0.0554081469904039,NONE
Франция,PROPN,,nsubj,Nom,Fem,Sing,Inan,-0.0483211794977165,LOC
пригрозила,VERB,,conj,,Fem,Sing,,0.0277509928302899,NONE
европейским,ADJ,,amod,Ins,Masc,Sing,,0.0483501672354338,NONE
судебным,ADJ,,amod,Ins,Masc,Sing,,0.0913121256297912,NONE
иском,NOUN,,iobj,Ins,Masc,Sing,Inan,-0.0013580562907701,NONE
в,ADP,,case,,,,,0.008408334409503,NONE
случае,NOUN,,obl,Loc,Masc,Sing,Inan,-0.0440624293639367,NONE
нарушения,NOUN,,nmod,Gen,Neut,Sing,Inan,-0.034452552629828,NONE
договоренностей,NOUN,,nmod,Gen,Fem,Plur,Inan,0.0546219344887775,NONE
.,PUNCT,,punct,,,,,0.862965921675142,NONE
Посмотрите,VERB,,root,,,Plur,,0.0855976782088857,NONE
фотографии,NOUN,,obj,Acc,Fem,Plur,Inan,0.1181295604332814,NONE
для,ADP,,case,,,,,-0.0678767764992499,NONE
получения,NOUN,,obl,Gen,Neut,Sing,Inan,-0.1309030667252667,NONE
более,ADV,,obl,,,,,-0.0164245041668254,NONE
подробной,ADJ,,amod,Gen,Fem,Sing,,-0.01366966318557,NONE
информации,NOUN,,nmod,Gen,Fem,Sing,Inan,-0.0690688677146572,NONE
.,PUNCT,,punct,,,,,0.6409908617745552,NONE
Депутат,NOUN,,nsubj,Nom,Masc,Sing,Anim,0.9620556799925428,NONE
от,ADP,,case,,,,,-0.0092472703517572,NONE
лейбористов,NOUN,,nmod,Gen,Masc,Plur,Anim,-0.023330304472021,NONE
сказал,VERB,,root,,Masc,Sing,,-0.0231538224999152,NONE
Софи,PROPN,,iobj,Dat,Fem,Sing,Anim,-0.0139050257591165,PER
Ридж,PROPN,,flat:name,Dat,Fem,Sing,Anim,0.0505442781487536,PER
:,PUNCT,,punct,,,,,0.0503482544696398,NONE
"""",PUNCT,,punct,,,,,0.0188421119590353,NONE
"""",PUNCT,,punct,,,,,0.0209131586292872,NONE
Я,PRON,,nsubj,Nom,,Sing,,0.0014016789717656,NONE
понимаю,VERB,,parataxis,,,Sing,,-0.0188770626828655,NONE
",",PUNCT,,punct,,,,,0.0205680074280003,NONE
почему,ADV,,advmod,,,,,-0.0093020837012665,NONE
они,PRON,,nsubj,Nom,,Plur,,0.0633473036422554,NONE
приняли,VERB,,ccomp,,,Plur,,0.0122707053682682,NONE
решение,NOUN,,obj,Acc,Neut,Sing,Inan,0.023308618221476,NONE
",",PUNCT,,punct,,,,,0.0149259437207644,NONE
но,CCONJ,,cc,,,,,-0.0056674807444814,NONE
",",PUNCT,,punct,,,,,0.0033947325938285,NONE
конечно,ADV,,parataxis,,,,,-0.1131479702222756,NONE
",",PUNCT,,punct,,,,,0.1109636929931538,NONE
то,PRON,,nsubj,Nom,Neut,Sing,Inan,0.0058887779192305,NONE
",",PUNCT,,punct,,,,,0.0335349803600173,NONE
как,ADV,,advmod,,,,,-0.0454706430356399,NONE
это,DET,,det,Nom,Neut,Sing,,-0.0360400989840184,NONE
решение,NOUN,,nsubj:pass,Nom,Neut,Sing,Inan,-0.0062653863546308,NONE
было,AUX,,aux:pass,,Neut,Sing,,-0.0424458922933598,NONE
принято,VERB,,acl,,Neut,Sing,,0.0102765655374158,NONE
за,ADP,,case,,,,,0.0237477955444884,NONE
последние,ADJ,,amod,Acc,,Plur,Inan,0.0078567230599667,NONE
24,NUM,,nummod,,,,,0.0278996785618173,NONE
часа,NOUN,,obl,Gen,Masc,Sing,Inan,0.1027400104109852,NONE
",",PUNCT,,punct,,,,,0.0197888874329785,NONE
откровенно,ADV,,advmod,,,,,0.0151412050659132,NONE
шамболически,ADV,,conj,,,,,0.0314055314637548,NONE
.,PUNCT,,punct,,,,,0.0070839690923425,NONE
"""",PUNCT,,root,,,,,0.0799243452938784,NONE
Заказ,NOUN,,nsubj:pass,Nom,Masc,Sing,Inan,-0.1767981588832567,NONE
был,AUX,,aux:pass,,Masc,Sing,,-0.214617364020064,NONE
обработан,VERB,,root,,Masc,Sing,,0.0865632469537928,NONE
как,SCONJ,,mark,,,,,-0.1781251779582432,NONE
заказ,NOUN,,advcl,Nom,Masc,Sing,Inan,-0.0166465945517093,NONE
на,ADP,,case,,,,,-0.3968714549821234,NONE
вывоз,NOUN,,nmod,Acc,Masc,Sing,Inan,0.0140572627973468,NONE
",",PUNCT,,punct,,,,,-0.1661602020952995,NONE
что,PRON,,nsubj,Nom,,,,0.0520531006983848,NONE
означает,VERB,,parataxis,,,Sing,,-0.2434192040477835,NONE
",",PUNCT,,punct,,,,,0.108206324474995,NONE
что,SCONJ,,mark,,,,,0.1791696123016047,NONE
вы,PRON,,nsubj,Nom,,Plur,,0.0462710972979177,NONE
выбрали,VERB,,ccomp,,,Plur,,0.0104699857830271,NONE
его,PRON,,obj,Acc,Masc,Sing,,0.3167528408568031,NONE
для,ADP,,case,,,,,0.2461324728555781,NONE
вывоза,NOUN,,obl,Gen,Masc,Sing,Inan,0.3016098057089411,NONE
.,PUNCT,,punct,,,,,-0.1173167760400268,NONE
Специально,ADV,,advmod,,,,,-0.034732341190501,NONE
разработан,VERB,,root,,Masc,Sing,,0.0783145563942352,NONE
для,ADP,,case,,,,,0.0257865999471852,NONE
всех,DET,,det,Gen,,Plur,,-0.0746266270550096,NONE
вакуумных,ADJ,,amod,Gen,,Plur,,0.0288168514136556,NONE
линий,NOUN,,obl,Gen,Fem,Plur,Inan,0.0323118955553837,NONE
двигателя,NOUN,,nmod,Gen,Masc,Sing,Inan,0.0212185607849562,NONE
",",PUNCT,,punct,,,,,0.725612798849885,NONE
вентиляционных,ADJ,,amod,Gen,,Plur,,0.1383306279000736,NONE
шлангов,NOUN,,conj,Gen,Masc,Plur,Inan,0.0617516797574639,NONE
карбюратора,NOUN,,nmod,Gen,Masc,Sing,Inan,0.0334195285028096,NONE
",",PUNCT,,punct,,,,,0.3165551509797398,NONE
вентиляционных,ADJ,,amod,Gen,,Plur,,0.0184673330744821,NONE
шлангов,NOUN,,conj,Gen,Masc,Plur,Inan,0.0921863831952726,NONE
топливного,ADJ,,amod,Gen,Masc,Sing,,0.1108257078037915,NONE
бака,NOUN,,nmod,Gen,Masc,Sing,Inan,0.2556441187882439,NONE
",",PUNCT,,punct,,,,,0.1288809724922847,NONE
перелива,NOUN,,conj,Gen,Masc,Sing,Inan,0.0295417075068345,NONE
охлаждающей,VERB,,amod,Gen,Fem,Sing,,0.0175962730946687,NONE
жидкости,NOUN,,nmod,Gen,Fem,Sing,Inan,0.056062257824345,NONE
и,CCONJ,,cc,,,,,-0.0792096728021658,NONE
контроля,NOUN,,conj,Gen,Masc,Sing,Inan,-0.0209650184069604,NONE
выбросов,NOUN,,nmod,Gen,Masc,Plur,Inan,0.1196889302246874,NONE
",",PUNCT,,punct,,,,,0.1233005922896656,NONE
а,CCONJ,,cc,,,,,-0.0013405884935126,NONE
также,PART,,fixed,,,,,-0.0362625631267039,NONE
может,VERB,,conj,,,Sing,,-0.0017570261982112,NONE
использоваться,VERB,,xcomp,,,,,-0.0082384010324509,NONE
для,ADP,,case,,,,,0.0556104572118512,NONE
труб,NOUN,,obl,Gen,Fem,Plur,Inan,0.0757871902249782,NONE
омывателя,NOUN,,nmod,Gen,Masc,Sing,Inan,0.1187995870715534,NONE
и,CCONJ,,cc,,,,,0.1821162716894335,NONE
изоляции,NOUN,,conj,Gen,Fem,Sing,Inan,0.0561186807850551,NONE
проводов,NOUN,,nmod,Gen,Masc,Plur,Inan,0.1235669106565347,NONE
.,PUNCT,,punct,,,,,0.1290227427580115,NONE
В,ADP,,case,,,,,-0.1501059306572395,NONE
субботу,NOUN,,obl,Acc,Fem,Sing,Inan,0.0402506714004326,NONE
г-н,NOUN,,nsubj,Nom,Masc,Sing,Anim,0.2049922912545632,NONE
Чоухан,PROPN,,appos,Nom,Masc,Sing,Anim,0.1024137456661,PER
написал,VERB,,root,,Masc,Sing,,-0.0829775361268786,NONE
в,ADP,,case,,,,,0.3709543145277755,NONE
Твиттере,PROPN,,obl,Loc,Masc,Sing,Inan,0.2638058743142172,ORG
",",PUNCT,,punct,,,,,0.1249522923886663,NONE
что,SCONJ,,mark,,,,,-0.0134485352786725,NONE
тест,NOUN,,nsubj,Nom,Masc,Sing,Inan,0.0936354556548454,NONE
на,ADP,,case,,,,,0.0171744161907649,NONE
вирус,NOUN,,nmod,Acc,Masc,Sing,Inan,-0.0223416152026032,NONE
дал,VERB,,ccomp,,Masc,Sing,,-0.0168235793888977,NONE
положительный,ADJ,,amod,Acc,Masc,Sing,Inan,0.017472822767228,NONE
результат,NOUN,,obj,Acc,Masc,Sing,Inan,0.03328230465899,NONE
",",PUNCT,,punct,,,,,0.1825678160304707,NONE
несмотря,ADV,,case,,,,,0.0441784231943537,NONE
на,ADP,,fixed,,,,,-0.0663313680397349,NONE
все,DET,,det,Acc,,Plur,,-0.0937164157369353,NONE
его,DET,,det,,,,,0.0309176520586195,NONE
попытки,NOUN,,obl,Acc,Fem,Plur,Inan,-0.0081410266673235,NONE
избежать,VERB,,obl,,,,,-0.0113793975846487,NONE
заражения,NOUN,,obl,Gen,Neut,Sing,Inan,-0.0420721532032365,NONE
",",PUNCT,,punct,,,,,0.3498404771194432,NONE
и,CCONJ,,cc,,,,,0.1604793739045023,NONE
предупредил,VERB,,conj,,Masc,Sing,,0.0446291217498126,NONE
",",PUNCT,,punct,,,,,0.3579756963070786,NONE
что,SCONJ,,mark,,,,,-0.0025652082045253,NONE
«небольшая,ADJ,,amod,Nom,Fem,Sing,,0.1443755629388172,NONE
небрежность,NOUN,,nsubj,Nom,Fem,Sing,Inan,0.204137462358907,NONE
может,VERB,,ccomp,,,Sing,,-0.0188528973459546,NONE
привести,VERB,,xcomp,,,,,0.0456013328213738,NONE
к,ADP,,case,,,,,0.0201147161657491,NONE
коронавирусу»,NOUN,,obl,Dat,Fem,Sing,Inan,0.2533733796442097,NONE
.,PUNCT,,punct,,,,,0.2462505911757255,NONE
К,ADP,,case,,,,,0.6866622678025326,NONE
сожалению,NOUN,,parataxis,Dat,Neut,Sing,Inan,-0.0841835307621062,NONE
",",PUNCT,,punct,,,,,-0.0516564556826025,NONE
цены,NOUN,,nsubj,Nom,Fem,Plur,Inan,-0.0379937928591659,NONE
товаров,NOUN,,nmod,Gen,Masc,Plur,Inan,-0.00351455409004,NONE
такие,DET,,det,Nom,,Plur,,-0.1872906558621372,NONE
",",PUNCT,,punct,,,,,0.0199945214943235,NONE
какие,DET,,nsubj:pass,Nom,,Plur,,-0.1560747601959736,NONE
указаны,VERB,,acl:relcl,,,Plur,,0.4997052625681437,NONE
онлайн,ADV,,advmod,,,,,0.0962542972636443,NONE
",",PUNCT,,punct,,,,,0.0086085275786331,NONE
мы,PRON,,nsubj,Nom,,Plur,,0.1592353862237192,NONE
не,PART,,advmod,,,,,0.1102019099313837,NONE
можем,VERB,,root,,,Plur,,0.0204924304414119,NONE
изменить,VERB,,xcomp,,,,,0.0324276348144373,NONE
или,CCONJ,,cc,,,,,0.2061872042723708,NONE
снизить,VERB,,conj,,,,,-0.1047528719972258,NONE
их,PRON,,obj,Acc,,Plur,,-0.0542391463854895,NONE
для,ADP,,case,,,,,0.1945472376197621,NONE
Вас,PRON,,obl,Gen,,Plur,,-0.2139653768090238,NONE
Гарантия,NOUN,,nsubj,Nom,Fem,Sing,Inan,0.0716226343516792,NONE
не,PART,,advmod,,,,,-0.1131499936242425,NONE
распространяется,VERB,,root,,,Sing,,-0.1657519002836382,NONE
на,ADP,,case,,,,,-0.2064590443065745,NONE
неправильное,ADJ,,amod,Acc,Neut,Sing,,0.1235887162578644,NONE
использование,NOUN,,obl,Acc,Neut,Sing,Inan,-0.2688467150221459,NONE
и,CCONJ,,cc,,,,,-0.1054542447115,NONE
повреждение,NOUN,,conj,Acc,Neut,Sing,Inan,0.0701531704320907,NONE
часов,NOUN,,nmod,Gen,Masc,Plur,Inan,0.0866691911801891,NONE
",",PUNCT,,punct,,,,,0.3510103151357418,NONE
в,ADP,,advmod,,,,,0.18423526925542,NONE
также,ADV,,fixed,,,,,0.0617179518681376,NONE
рекомендуется,VERB,,conj,,,Sing,,0.2583602497111291,NONE
",",PUNCT,,punct,,,,,0.0025350168772091,NONE
чтобы,SCONJ,,mark,,,,,0.0348106798125685,NONE
все,DET,,det,Nom,,Plur,,0.1528095453460042,NONE
винтажные,ADJ,,amod,Nom,,Plur,,0.2203650248415413,NONE
часы,NOUN,,nsubj,Nom,Masc,Plur,Inan,0.2570328271469069,NONE
проходили,VERB,,ccomp,,,Plur,,-0.0485289167845615,NONE
тестирование,NOUN,,obj,Acc,Neut,Sing,Inan,0.2535741671271534,NONE
на,ADP,,case,,,,,-0.0788101256817373,NONE
водонепроницаемость,NOUN,,nmod,Acc,Fem,Sing,Inan,0.1593062039965584,NONE
перед,ADP,,case,,,,,-0.0641672412346972,NONE
любым,DET,,det,Ins,Neut,Sing,,-0.1434941518345976,NONE
погружением,NOUN,,obl,Ins,Neut,Sing,Inan,0.1055521263373833,NONE
.,PUNCT,,punct,,,,,-0.2870180733992221,NONE
