word,upos,xpos,deprel,case,gender,number,animacy,score,ner
Мне,PRON,,iobj,Dat,,Sing,,0.1419139180743352,NONE
никогда,ADV,,advmod,,,,,-0.1175636200969313,NONE
не,PART,,advmod,,,,,0.0088768493943142,NONE
приходилось,VERB,,root,,Neut,Sing,,-0.0442199284091027,NONE
делать,VERB,,csubj,,,,,0.1214313706204233,NONE
ничего,PRON,,obj,Gen,Neut,Sing,Inan,-0.1182215850175646,NONE
из,ADP,,mark,,,,,-0.0480218590731994,NONE
перечисленного,VERB,,acl,Gen,Neut,Sing,,-0.0214152490511298,NONE
ниже,ADV,,advmod,,,,,-0.0304640596652773,NONE
",",PUNCT,,punct,,,,,0.0301920424359003,NONE
но,CCONJ,,cc,,,,,0.064402205884369,NONE
мне,PRON,,iobj,Dat,,Sing,,0.030484431894926,NONE
приходилось,VERB,,conj,,Neut,Sing,,-0.046714112332071,NONE
не,PART,,advmod,,,,,-0.0269845658319725,NONE
записывать,VERB,,csubj,,,,,-0.0045963125608813,NONE
в,ADP,,case,,,,,0.0232880124717086,NONE
каталоги,NOUN,,obl,Acc,Masc,Plur,Inan,0.0751923467561173,NONE
членов,NOUN,,nmod,Gen,Masc,Plur,Anim,0.0987739016902598,NONE
персонала,NOUN,,nmod,Gen,Masc,Sing,Inan,0.2186498685824609,NONE
и,CCONJ,,cc,,,,,0.0208442754976144,NONE
учить,VERB,,conj,,,,,-0.0486180264798236,NONE
администраторов,NOUN,,obj,Acc,Masc,Plur,Anim,0.1517655169083297,NONE
делать,VERB,,xcomp,,,,,0.0608253759884524,NONE
вид,NOUN,,obj,Acc,Masc,Sing,Inan,0.1608504832234333,NONE
",",PUNCT,,punct,,,,,0.1779546287075233,NONE
что,SCONJ,,mark,,,,,-0.0076100564981474,NONE
они,PRON,,nsubj,Nom,,Plur,,-0.0192931887773811,NONE
не,PART,,advmod,,,,,0.0691577122303393,NONE
знают,VERB,,acl,,,Plur,,0.0341290439457035,NONE
",",PUNCT,,punct,,,,,0.0665984964553462,NONE
кто,PRON,,ccomp,Nom,Masc,Sing,Anim,0.0919947271352158,NONE
это,PRON,,nsubj,Nom,Neut,Sing,Inan,0.0623397424709835,NONE
такой,DET,,det,Nom,Masc,Sing,,0.1883382970349005,NONE
",",PUNCT,,punct,,,,,0.0288353115497537,NONE
и,CCONJ,,cc,,,,,0.0782219558549151,NONE
как,ADV,,advmod,,,,,0.0562782894031444,NONE
выявить,VERB,,conj,,,,,0.0443575013099995,NONE
агрессора,NOUN,,obj,Acc,Masc,Sing,Anim,0.1905718737047287,NONE
",",PUNCT,,punct,,,,,0.0444295344721283,NONE
если,SCONJ,,mark,,,,,0.1883537756193696,NONE
он,PRON,,nsubj,Nom,Masc,Sing,,0.1805981858519498,NONE
придет,VERB,,advcl,,,Sing,,0.0180734588615581,NONE
.,PUNCT,,punct,,,,,-0.6793253055642052,NONE
Теперь,ADV,,advmod,,,,,-0.2220350238456881,NONE
Шарф,PROPN,,nsubj,Nom,Masc,Sing,Anim,0.3883406759855512,PER
стал,VERB,,root,,Masc,Sing,,-0.0140790792459583,NONE
первым,ADJ,,amod,Ins,Masc,Sing,,-0.0091725304168335,NONE
протеже,NOUN,,obl,Ins,Masc,Sing,Anim,-0.0073984908167482,NONE
Даймона,PROPN,,nmod,Gen,Masc,Sing,Anim,0.0475216145231772,PER
",",PUNCT,,punct,,,,,0.1943850451267748,NONE
возглавившим,VERB,,acl,Ins,Masc,Sing,,0.1723223829401453,NONE
прямого,ADJ,,amod,Acc,Masc,Sing,Anim,0.0385329865753612,NONE
конкурента,NOUN,,obj,Acc,Masc,Sing,Anim,0.0752429111543013,NONE
J,PROPN,,appos,,,,,-0.1116616176755109,ORG
.,PUNCT,,punct,,,,,-0.2446662236818058,ORG
P,PROPN,,flat:foreign,,,,,0.039008049485417,ORG
.,PUNCT,,punct,,,,,-0.3099533450033274,ORG
Morgan,PROPN,,flat:foreign,,,,,0.271851454861283,ORG
Chase,PROPN,,flat:foreign,,,,,0.0763622629927744,ORG
—,PUNCT,,punct,,,,,-0.0870962174508569,NONE
американского,ADJ,,amod,Gen,Masc,Sing,,0.0575565130650173,NONE
гиганта,NOUN,,parataxis,Gen,Masc,Sing,Anim,0.0941468822923868,NONE
финансовых,ADJ,,amod,Gen,,Plur,,0.0448180753466833,NONE
услуг,NOUN,,nmod,Gen,Fem,Plur,Inan,-0.0812453902872799,NONE
и,CCONJ,,cc,,,,,0.0071905016102838,NONE
самого,ADJ,,amod,Gen,Masc,Sing,,0.0532815165402926,NONE
дорогостоящего,ADJ,,amod,Gen,Masc,Sing,,0.1031492749267274,NONE
банка,NOUN,,conj,Gen,Masc,Sing,Inan,0.0708410011984722,NONE
в,ADP,,case,,,,,-0.0232954990959097,NONE
мире,NOUN,,nmod,Loc,Masc,Sing,Inan,0.0542718375058791,NONE
по,ADP,,case,,,,,-0.0113559490202449,NONE
рыночной,ADJ,,amod,Dat,Fem,Sing,,0.0157409704393519,NONE
капитализации,NOUN,,nmod,Dat,Fem,Sing,Inan,0.0968090733373058,NONE
.,PUNCT,,punct,,,,,-0.5088353056597261,NONE
Организация,NOUN,,nsubj,Nom,Fem,Sing,Inan,-0.0214110856768382,NONE
по,ADP,,case,,,,,-0.3313269048863593,NONE
защите,NOUN,,nmod,Dat,Fem,Sing,Inan,-0.0868831401673691,NONE
прав,NOUN,,nmod,Gen,Neut,Plur,Inan,0.0521189671027913,NONE
человека,NOUN,,nmod,Gen,Masc,Sing,Anim,0.0702458421521878,NONE
Amnesty,PROPN,,flat:foreign,,,,,0.1936282465470693,ORG
International,PROPN,,flat:foreign,,,,,0.0034716402160612,ORG
проанализировала,VERB,,root,,Fem,Sing,,0.1251002099887018,NONE
500,NUM,,nummod,,,,,-0.0345558490309678,NONE
видео,NOUN,,obl,Gen,Neut,Plur,Inan,-0.0235673548671969,NONE
с,ADP,,case,,,,,-0.1068381881849237,NONE
протестов,NOUN,,nmod,Gen,Masc,Plur,Inan,0.1387505608074727,NONE
с,ADP,,case,,,,,-0.085771613369185,NONE
26,NUM,,obl,,,,,0.3707721402016593,NONE
мая,NOUN,,flat,Gen,Masc,Sing,Inan,0.0972677032377263,NONE
по,ADP,,case,,,,,-0.0420595483934246,NONE
5,NUM,,nmod,,,,,-0.0545907995850564,NONE
июня,NOUN,,flat,Gen,Masc,Sing,Inan,0.0718712425159075,NONE
и,CCONJ,,cc,,,,,0.0647266861169012,NONE
обнаружила,VERB,,conj,,Fem,Sing,,0.1353039676692513,NONE
125,NUM,,nummod,,,,,-0.0284297724074076,NONE
случаев,NOUN,,obl,Gen,Masc,Plur,Inan,-0.0518919758789798,NONE
чрезмерного,ADJ,,amod,Gen,Neut,Sing,,0.3267745205941431,NONE
применения,NOUN,,nmod,Gen,Neut,Sing,Inan,-0.0883183473210904,NONE
силы,NOUN,,nmod,Gen,Fem,Sing,Inan,-0.0901611363351426,NONE
в,ADP,,case,,,,,0.104403081075335,NONE
40,NUM,,nummod,,,,,0.2052591855220198,NONE
штатах,NOUN,,nmod,Loc,Masc,Plur,Inan,0.2063181897876924,NONE
и,CCONJ,,cc,,,,,0.1673041048928893,NONE
округе,NOUN,,conj,Loc,Masc,Sing,Inan,0.0717170591011416,NONE
Колумбия,PROPN,,appos,Nom,Fem,Sing,Inan,0.2092742176859359,LOC
.,PUNCT,,punct,,,,,-0.1308471909423496,NONE
У,ADP,,case,,,,,-0.4238137638495893,NONE
36-летнего,ADJ,,amod,Gen,Masc,Sing,,0.2121042136118661,NONE
музыканта,NOUN,,obl,Gen,Masc,Sing,Anim,0.3584108952621705,NONE
уже,ADV,,advmod,,,,,0.1905030091374386,NONE
был,VERB,,root,,Masc,Sing,,-0.0135169484635496,NONE
ряд,NOUN,,nsubj,Nom,Masc,Sing,Inan,0.0602751463015578,NONE
неприятностей,NOUN,,nmod,Gen,Fem,Plur,Inan,-0.0244172310913432,NONE
с,ADP,,case,,,,,0.271446872807729,NONE
законом,NOUN,,nmod,Ins,Masc,Sing,Inan,-0.0612375052227565,NONE
.,PUNCT,,punct,,,,,0.3203617845281062,NONE
Особенно,ADV,,advmod,,,,,-0.0221053840942648,NONE
2,NUM,,root,,,,,0.0185469419603128,NONE
.,PUNCT,,punct,,,,,-0.0019819744343282,NONE
10,NUM,,nmod,,,,,-0.0699986833233455,NONE
«Конец»,NOUN,,nsubj,,,,,0.0176873983838383,NONE
В,ADP,,case,,,,,0.1431525871935238,NONE
США,PROPN,,obl,Loc,,Plur,Inan,0.0292706555598879,LOC
не,PART,,advmod,,,,,-0.0350429068252033,NONE
проводят,VERB,,root,,,Plur,,0.1434456588255125,NONE
масштабных,ADJ,,amod,Gen,,Plur,,0.2720628280363917,NONE
рандомизированных,VERB,,amod,Gen,,Plur,,0.1186824913444078,NONE
исследований,NOUN,,obl,Gen,Neut,Plur,Inan,-0.0494924462035794,NONE
",",PUNCT,,punct,,,,,0.5253142327291352,NONE
а,CCONJ,,cc,,,,,0.3289715885889985,NONE
в,ADP,,case,,,,,0.2648452010954258,NONE
результате,NOUN,,obl,Loc,Masc,Sing,Inan,0.3605845355300524,NONE
получают,VERB,,conj,,,Plur,,0.0880558296168007,NONE
плохие,ADJ,,amod,Acc,,Plur,Inan,0.1126759549678665,NONE
лекарства,NOUN,,obj,Acc,Neut,Plur,Inan,0.0806678365768096,NONE
Жители,NOUN,,nsubj,Nom,Masc,Plur,Anim,0.3200228517560642,NONE
Ндарагвы,PROPN,,nmod,Gen,Fem,Sing,Inan,0.6024074265082963,LOC
",",PUNCT,,punct,,,,,-0.1342600767780135,NONE
расположенной,ADJ,,amod,Gen,Fem,Sing,,0.0506066983582129,NONE
в,ADP,,case,,,,,-0.0559193200613391,NONE
самой,ADJ,,amod,Loc,Fem,Sing,,0.0428971224726657,NONE
северной,ADJ,,amod,Loc,Fem,Sing,,0.0253019785078184,NONE
части,NOUN,,obl,Loc,Fem,Sing,Inan,0.0228318446192727,NONE
округа,NOUN,,nmod,Gen,Masc,Sing,Inan,-0.100546199058735,NONE
Ньярандаруа,PROPN,,appos,Nom,Fem,Sing,Inan,0.0241659460157037,LOC
",",PUNCT,,punct,,,,,-0.0484190972166275,NONE
добывают,VERB,,root,,,Plur,,-0.0314263782233838,NONE
все,PRON,,obj,Acc,Neut,Sing,Inan,0.0613392506056916,NONE
необходимое,ADJ,,amod,Acc,Neut,Sing,,0.1008600953505271,NONE
либо,CCONJ,,cc,,,,,-0.0235571610091571,NONE
в,ADP,,case,,,,,-0.0247183752411481,NONE
городе,NOUN,,obl,Loc,Masc,Sing,Inan,0.002907080899629,NONE
Ньяхуруру,PROPN,,appos,Nom,Masc,Sing,Inan,0.0832308553879491,LOC
(,PUNCT,,punct,,,,,-0.0276970187723109,NONE
округ,NOUN,,parataxis,Nom,Masc,Sing,Inan,-0.014299770787771,NONE
Лайкипия,PROPN,,appos,Nom,Fem,Sing,Inan,0.0554339027010491,LOC
),PUNCT,,punct,,,,,-0.0034513383244996,NONE
",",PUNCT,,punct,,,,,-0.1614831059290384,NONE
либо,CCONJ,,cc,,,,,0.0942521920926617,NONE
в,ADP,,case,,,,,0.0544669922634059,NONE
городе,NOUN,,conj,Loc,Masc,Sing,Inan,0.0730497178003473,NONE
Ньери,PROPN,,appos,Nom,Masc,Sing,Inan,0.0117474325762789,LOC
в,ADP,,case,,,,,0.0218477617771043,NONE
округе,NOUN,,nmod,Loc,Masc,Sing,Inan,-0.000514375459495,NONE
Ньери,PROPN,,appos,Nom,Masc,Sing,Inan,0.0340858253824185,LOC
",",PUNCT,,punct,,,,,-0.2223722482864487,NONE
поскольку,SCONJ,,mark,,,,,-0.1001913856261439,NONE
добираться,VERB,,csubj,,,,,0.0728960182013025,NONE
до,ADP,,case,,,,,-0.0409120350938727,NONE
центра,NOUN,,obl,Gen,Masc,Sing,Inan,0.0393984026329195,NONE
их,DET,,det,,,,,-0.0039358643434503,NONE
собственного,ADJ,,amod,Gen,Masc,Sing,,0.1138103147744363,NONE
округа,NOUN,,nmod,Gen,Masc,Sing,Inan,0.0252734984093161,NONE
Ол,PROPN,,appos,Nom,Masc,Sing,Inan,0.0801659879401964,LOC
Калу,PROPN,,flat:name,Nom,Masc,Sing,Inan,0.0341998890827011,LOC
слишком,ADV,,obl,,,,,0.0227928196243847,NONE
дорого,ADJ,,advcl,,Neut,Sing,,0.0991330963076948,NONE
.,PUNCT,,punct,,,,,0.0776472214845236,NONE
«Риэлторы,NOUN,,nsubj,Nom,Masc,Plur,Anim,0.2255330638235669,NONE
не,PART,,advmod,,,,,-0.0515787658759128,NONE
сразу,ADV,,advmod,,,,,-0.1074950998177726,NONE
реагируют,VERB,,root,,,Plur,,-0.1139208169954157,NONE
на,ADP,,case,,,,,-0.1046407982512943,NONE
изменения,NOUN,,obl,Acc,Neut,Plur,Inan,-0.0874035290665511,NONE
рынка,NOUN,,nmod,Gen,Masc,Sing,Inan,-0.0584592730256565,NONE
",",PUNCT,,punct,,,,,0.0335747716993068,NONE
поэтому,ADV,,advmod,,,,,0.0249612440914035,NONE
их,DET,,det,,,,,-0.0859923991380333,NONE
оценка,NOUN,,nsubj,Nom,Fem,Sing,Inan,-0.0117346338339479,NONE
стоимости,NOUN,,nmod,Gen,Fem,Sing,Inan,-0.050677683098516,NONE
может,VERB,,conj,,,Sing,,-0.2135617814088258,NONE
не,PART,,advmod,,,,,-0.0568976361929475,NONE
полностью,ADV,,advmod,,,,,0.0915247021784205,NONE
совпадать,VERB,,xcomp,,,,,0.06348390848087,NONE
с,ADP,,case,,,,,0.0378801003029345,NONE
реальными,ADJ,,amod,Ins,,Plur,,0.0896989568100281,NONE
настроениями»,NOUN,,obl,Ins,Neut,Plur,Inan,0.0084881922562755,NONE
",",PUNCT,,punct,,,,,-0.1838555106032266,NONE
–,PUNCT,,punct,,,,,-0.3058005849266753,NONE
сказала,VERB,,parataxis,,Fem,Sing,,-0.0688424180687007,NONE
Косинби,PROPN,,nsubj,Nom,Fem,Sing,Anim,-0.0083268196903599,PER
.,PUNCT,,punct,,,,,-0.0108423185401647,NONE
Ограничения,NOUN,,nsubj,Nom,Neut,Plur,Inan,0.5753207328830512,NONE
",",PUNCT,,punct,,,,,0.0928415313177459,NONE
введенные,VERB,,acl,Nom,,Plur,,-0.0447938978580739,NONE
с,ADP,,case,,,,,-0.025472469402717,NONE
целью,NOUN,,obl,Ins,Fem,Sing,Inan,0.0236257332638273,NONE
предотвратить,VERB,,obl,,,,,0.1153399764938854,NONE
распространение,NOUN,,obj,Acc,Neut,Sing,Inan,-0.0052456043009059,NONE
COVID-19,PROPN,,flat:foreign,,,,,0.1596403830441145,NONE
",",PUNCT,,punct,,,,,0.1241832174760955,NONE
сказались,VERB,,root,,,Plur,,0.110448965500323,NONE
на,ADP,,case,,,,,-0.0080776258147561,NONE
проведении,NOUN,,obl,Loc,Neut,Sing,Inan,-0.0215893797578756,NONE
фестивалей,NOUN,,nmod,Gen,Masc,Plur,Inan,0.2541535669692585,NONE
и,CCONJ,,cc,,,,,0.1644825819737569,NONE
спортивных,ADJ,,amod,Gen,,Plur,,0.207487298347192,NONE
мероприятий,NOUN,,conj,Gen,Neut,Plur,Inan,0.1807950561198677,NONE
в,ADP,,case,,,,,-0.0164592179134387,NONE
Шотландии,PROPN,,nmod,Loc,Fem,Sing,Inan,0.1425033735201704,LOC
",",PUNCT,,punct,,,,,0.0768106572276832,NONE
в,ADP,,discourse,,,,,0.1035814419779238,NONE
частности,NOUN,,fixed,Loc,Fem,Sing,Inan,-0.0654763895333835,NONE
",",PUNCT,,punct,,,,,0.0406813661326687,NONE
Игр,PROPN,,parataxis,Gen,Fem,Plur,Inan,0.1635485581212233,NONE
горцев,NOUN,,nmod,Gen,Masc,Plur,Anim,0.1184063549233014,NONE
.,PUNCT,,punct,,,,,0.1053210405189584,NONE
Но,CCONJ,,cc,,,,,-0.5372904934545601,NONE
есть,VERB,,root,,,Sing,,-0.0951847201326905,NONE
проблема,NOUN,,nsubj,Nom,Fem,Sing,Inan,-0.0107445440807418,NONE
:,PUNCT,,punct,,,,,0.1015121731295762,NONE
структуры,NOUN,,nsubj,Nom,Fem,Plur,Inan,-0.0819669721421974,NONE
вроде,ADP,,case,,,,,-0.0573334524373212,NONE
плодов,NOUN,,nmod,Gen,Masc,Plur,Inan,0.0903168125038639,NONE
и,CCONJ,,cc,,,,,-0.0205671661318953,NONE
корней,NOUN,,conj,Gen,Masc,Plur,Inan,0.013049282715126,NONE
требуют,VERB,,parataxis,,,Plur,,0.0779728908095658,NONE
много,ADV,,advmod,,,,,0.0599688087829996,NONE
ресурсов,NOUN,,obl,Gen,Masc,Plur,Inan,0.0107347739313351,NONE
и,CCONJ,,cc,,,,,0.0052059486679506,NONE
обменной,ADJ,,amod,Gen,Fem,Sing,,0.0969550328422352,NONE
энергии,NOUN,,conj,Gen,Fem,Sing,Inan,0.0429936248225803,NONE
",",PUNCT,,punct,,,,,-0.0331644453847589,NONE
и,CCONJ,,cc,,,,,0.0167191796902936,NONE
если,SCONJ,,mark,,,,,-0.0937058882530885,NONE
растения,NOUN,,nsubj,Nom,Neut,Plur,Inan,0.0730211413781927,NONE
пытаются,VERB,,advcl,,,Plur,,0.0252185156135076,NONE
делать,VERB,,xcomp,,,,,0.0106309612617988,NONE
все,PRON,,obj,Acc,Neut,Sing,Inan,0.053178351773401,NONE
сразу,ADV,,advmod,,,,,0.0091763786829408,NONE
",",PUNCT,,punct,,,,,0.3398662325549181,NONE
то,SCONJ,,mark,,,,,-0.050869160953657,NONE
их,DET,,det,,,,,-0.0378403378891865,NONE
ограниченный,ADJ,,amod,Nom,Masc,Sing,,0.1169265013753791,NONE
запас,NOUN,,nsubj,Nom,Masc,Sing,Inan,-0.0060530388406434,NONE
энергии,NOUN,,nmod,Gen,Fem,Sing,Inan,0.0379518236817587,NONE
в,ADP,,case,,,,,0.1464334400439105,NONE
любом,DET,,det,Loc,Masc,Sing,,0.0593625169571415,NONE
случае,NOUN,,obl,Loc,Masc,Sing,Inan,-0.1134055873575807,NONE
делится,VERB,,conj,,,Sing,,0.0522481983031777,NONE
пополам,ADV,,advmod,,,,,0.1285364611067109,NONE
.,PUNCT,,punct,,,,,0.5229691103708048,NONE
«Она,PRON,,nsubj,Nom,Fem,Sing,,-0.0327276744238933,NONE
говорила,VERB,,root,,Fem,Sing,,0.143803808428725,NONE
о,ADP,,case,,,,,0.0087635290429553,NONE
жизненных,ADJ,,amod,Loc,,Plur,,-0.0089385526061398,NONE
трудностях,NOUN,,obl,Loc,Fem,Plur,Inan,-0.051226381719383,NONE
в,ADP,,case,,,,,-0.0384984761108205,NONE
целом,NOUN,,nmod,Loc,Neut,Sing,Inan,0.052182781123926,NONE
",",PUNCT,,punct,,,,,0.2786266466692796,NONE
а,CCONJ,,cc,,,,,-0.0413676675034654,NONE
не,PART,,advmod,,,,,0.0070711206477869,NONE
тех,DET,,det,Gen,,Plur,,0.0151095595655949,NONE
",",PUNCT,,punct,,,,,0.1765421395176003,NONE
с,ADP,,case,,,,,-0.0450294615393283,NONE
которыми,PRON,,obl,Ins,,Plur,,-0.3851822863691012,NONE
сталкивается,VERB,,acl:relcl,,,Sing,,-0.0018603964402101,NONE
член,NOUN,,nsubj,Nom,Masc,Sing,Anim,0.0281822677551828,NONE
королевской,ADJ,,amod,Gen,Fem,Sing,,0.0497485768860273,NONE
семьи,NOUN,,nmod,Gen,Fem,Sing,Inan,0.1055634209264832,NONE
",",PUNCT,,punct,,,,,0.3065653713753463,NONE
»,PUNCT,,punct,,,,,0.3763240618381774,NONE
—,PUNCT,,punct,,,,,0.0575529290202896,NONE
добавила,VERB,,parataxis,,Fem,Sing,,-0.0420715905807042,NONE
Модисе,PROPN,,iobj,Dat,Fem,Sing,Anim,0.042204008961407,PER
",",PUNCT,,punct,,,,,0.0758678501821235,NONE
признавая,VERB,,advcl,,,,,-0.0546848951223041,NONE
",",PUNCT,,punct,,,,,0.0583117316236477,NONE
что,SCONJ,,mark,,,,,-0.1166307179165134,NONE
Меган,PROPN,,nsubj,Nom,Fem,Sing,Anim,0.0610619463363245,PER
вызвала,VERB,,ccomp,,Fem,Sing,,0.257648712159839,NONE
у,ADP,,case,,,,,-0.0353343470538279,NONE
нее,PRON,,obl,Gen,Fem,Sing,,0.0340379900489593,NONE
благоговение,NOUN,,obj,Acc,Neut,Sing,Inan,0.1286812208722,NONE
.,PUNCT,,punct,,,,,0.0963833654218206,NONE
Похороны,NOUN,,obj,Acc,Fem,Plur,Inan,-0.0482362437138014,NONE
бывшего,ADJ,,amod,Gen,Masc,Sing,,0.1466176686841262,NONE
президента,NOUN,,nmod,Gen,Masc,Sing,Anim,0.0059428803319685,NONE
Зимбабве,PROPN,,nmod,Gen,Neut,Sing,Inan,0.2560751686488062,LOC
Роберта,PROPN,,appos,Gen,Masc,Sing,Anim,-0.1509621143891047,PER
Мугабе,PROPN,,flat:name,Gen,Masc,Sing,Anim,0.1520271555525825,PER
перенесут,VERB,,root,,,Plur,,0.4291855471290958,NONE
в,ADP,,case,,,,,-0.0872648518986653,NONE
Звимбу,PROPN,,obl,Acc,Fem,Sing,Inan,-0.0466140803004287,LOC
по,ADP,,case,,,,,-0.1336445802540707,NONE
требованию,NOUN,,obl,Dat,Neut,Sing,Inan,0.3336577660692966,NONE
его,DET,,det,,,,,0.1997987053715106,NONE
семьи,NOUN,,nmod,Gen,Fem,Sing,Inan,0.4661289100156514,NONE
Базирующийся,VERB,,acl,Nom,Masc,Sing,,0.1560857266375948,NONE
в,ADP,,case,,,,,-0.0381942033044063,NONE
Лондоне,PROPN,,obl,Loc,Masc,Sing,Inan,0.2039745977861172,LOC
международный,ADJ,,amod,Nom,Masc,Sing,,-0.0507377657870808,NONE
банк,NOUN,,nsubj,Nom,Masc,Sing,Inan,0.0052895362694824,NONE
HSBC,PROPN,,flat:foreign,,,,,0.0332277335025862,ORG
использовал,VERB,,root,,Masc,Sing,,0.0028990097366295,NONE
социальные,ADJ,,amod,Acc,,Plur,Inan,0.0971436073536534,NONE
сети,NOUN,,obj,Acc,Fem,Plur,Inan,0.0479950876462938,NONE
",",PUNCT,,punct,,,,,0.1905858305971091,NONE
чтобы,SCONJ,,mark,,,,,-0.028193032550148,NONE
объявить,VERB,,advcl,,,,,0.1489904167332378,NONE
",",PUNCT,,punct,,,,,-0.4708539709326501,NONE
что,SCONJ,,mark,,,,,0.1338114517048514,NONE
",",PUNCT,,punct,,,,,0.1537057085548227,NONE
вопреки,ADP,,case,,,,,0.1450742529118367,NONE
заявлениям,NOUN,,parataxis,Dat,Neut,Plur,Inan,0.1192168169239508,NONE
китайских,ADJ,,amod,Gen,,Plur,,0.1447591991906476,NONE
СМИ,NOUN,,nmod,Gen,Neut,Plur,Inan,0.0174903328753711,ORG
",",PUNCT,,punct,,,,,-0.0134285703242733,NONE
он,PRON,,nsubj,Nom,Masc,Sing,,0.1591317357194228,NONE
не,PART,,advmod,,,,,0.094615346394413,NONE
«фальсифицировал,VERB,,ccomp,,Masc,Sing,,0.1772366414486305,NONE
улики»,NOUN,,obj,Acc,Masc,Sing,Inan,0.3088282799039498,NONE
против,ADP,,case,,,,,0.1127657269919196,NONE
Huawei,PROPN,,flat:foreign,,,,,0.0768769753487495,ORG
",",PUNCT,,punct,,,,,0.0074261117555899,NONE
на,ADP,,case,,,,,0.0466234198757024,NONE
основании,NOUN,,obl,Loc,Neut,Sing,Inan,-0.178664517839784,NONE
которых,PRON,,nmod,Gen,,,,-0.0123473434325838,NONE
в,ADP,,case,,,,,-0.0550462357131267,NONE
Канаде,PROPN,,obl,Loc,Fem,Sing,Inan,0.133470443836262,LOC
была,AUX,,aux:pass,,Fem,Sing,,-0.1107471504203666,NONE
арестована,VERB,,acl:relcl,,Fem,Sing,,-0.0459438188803727,NONE
финансовый,ADJ,,amod,Nom,Masc,Sing,,0.2139022081311417,NONE
директор,NOUN,,nsubj:pass,Nom,Masc,Sing,Anim,-0.0913679900319524,NONE
компании,NOUN,,nmod,Gen,Fem,Sing,Inan,0.0804250709258003,NONE
.,PUNCT,,punct,,,,,0.0799633896993852,NONE
В,ADP,,case,,,,,-0.1050263322539732,NONE
четверг,NOUN,,obl,Acc,Masc,Sing,Inan,-0.02356387713749,NONE
издательство,NOUN,,nsubj,Nom,Neut,Sing,Inan,-0.05919099658721,NONE
Skyhorse,PROPN,,flat:foreign,,,,,0.0664874656334095,ORG
Publishing,PROPN,,flat:foreign,,,,,-0.026668190144601,ORG
объявило,VERB,,root,,Neut,Sing,,0.1071997915615653,NONE
",",PUNCT,,punct,,,,,0.1096364015140146,NONE
что,SCONJ,,mark,,,,,-0.4866356090188996,NONE
книга,NOUN,,nsubj,Nom,Fem,Sing,Inan,-0.173583410847408,NONE
«Путь,NOUN,,nmod,Nom,Fem,Sing,Inan,0.2126509156867427,NONE
Нэнси,PROPN,,nmod,Gen,Masc,Sing,Anim,-0.0335780735256635,NONE
Пелоси»,PROPN,,flat:name,Gen,Fem,Sing,Anim,0.1081338892938402,NONE
поступит,VERB,,ccomp,,,Sing,,-0.0050975705658486,NONE
в,ADP,,case,,,,,0.097524773240749,NONE
продажу,NOUN,,obl,Acc,Fem,Sing,Inan,0.0377614345798304,NONE
26,NUM,,obl,,,,,-0.0920487611443044,NONE
ноября,NOUN,,flat,Gen,Masc,Sing,Inan,-0.2606405550832835,NONE
.,PUNCT,,punct,,,,,0.2482273478383733,NONE
«Чего,PRON,,nsubj,Gen,Neut,Sing,Inan,0.1788766402937297,NONE
нам,PRON,,iobj,Dat,,Plur,,0.0100431736910705,NONE
не,PART,,advmod,,,,,0.0496351242501494,NONE
нужно,ADJ,,advcl,,Neut,Sing,,-0.0618439397958422,NONE
",",PUNCT,,punct,,,,,-0.0357272163477552,NONE
так,ADV,,advmod,,,,,-0.0406473098701679,NONE
это,PART,,expl,,,,,-0.0173350421005157,NONE
чтобы,SCONJ,,mark,,,,,0.1260683794532729,NONE
федеральные,ADJ,,amod,Nom,,Plur,,0.0039513511087657,NONE
агенты,NOUN,,nsubj,Nom,Masc,Plur,Anim,0.1179317292504271,NONE
подливали,VERB,,root,,,Plur,,0.0061804983242831,NONE
масло,NOUN,,obj,Acc,Neut,Sing,Inan,-0.055794044524048,NONE
в,ADP,,case,,,,,0.1688322707804471,NONE
огонь,NOUN,,obl,Acc,Masc,Sing,Inan,0.1212008619220127,NONE
",",PUNCT,,punct,,,,,-0.5842057936319152,NONE
который,PRON,,nsubj,Nom,Masc,Sing,,-0.1891645500871325,NONE
",",PUNCT,,punct,,,,,0.194320757540708,NONE
как,SCONJ,,mark,,,,,0.347326387981747,NONE
я,PRON,,nsubj,Nom,,Sing,,0.0426782187109034,NONE
считаю,VERB,,parataxis,,,Sing,,-0.3143386733972619,NONE
",",PUNCT,,punct,,,,,0.0757907205175478,NONE
превращает,VERB,,acl:relcl,,,Sing,,0.1657188547134367,NONE
это,PRON,,obj,Acc,Neut,Sing,Inan,-0.1444595389608997,NONE
в,ADP,,case,,,,,0.0653515672487199,NONE
актуальный,ADJ,,amod,Acc,Masc,Sing,Inan,-0.0485741364337538,NONE
политический,ADJ,,amod,Acc,Masc,Sing,Inan,-0.0168726999243762,NONE
вопрос»,NOUN,,obl,Acc,Masc,Sing,Inan,-0.053453039548568,NONE
",",PUNCT,,punct,,,,,0.0452925795032818,NONE
–,PUNCT,,punct,,,,,-0.1782046871945712,NONE
сказал,VERB,,parataxis,,Masc,Sing,,0.0398006036923297,NONE
он,PRON,,nsubj,Nom,Masc,Sing,,-0.0155815432759342,NONE
.,PUNCT,,punct,,,,,0.1660781433762826,NONE
«Я,PRON,,nsubj,Nom,,Sing,,0.980641871569834,NONE
играл,VERB,,root,,Masc,Sing,,-0.0083742512941343,NONE
за,ADP,,case,,,,,0.002754194721268,NONE
Пакистан,PROPN,,obl,Acc,Masc,Sing,Inan,-0.0234119631592862,LOC
и,CCONJ,,cc,,,,,-0.0326367645641585,NONE
в,ADP,,case,,,,,-0.0181721579720517,NONE
той,DET,,det,Loc,Fem,Sing,,-0.0249959399288949,NONE
или,CCONJ,,cc,,,,,0.0094167023350194,NONE
иной,ADJ,,conj,Loc,Fem,Sing,,-0.0044010711251502,NONE
роли,NOUN,,obl,Loc,Fem,Sing,Inan,-0.0064011290619464,NONE
служу,VERB,,conj,,,Sing,,-0.0249700925416654,NONE
пакистанскому,ADJ,,amod,Dat,Masc,Sing,,-0.0016258611337024,NONE
крикету,NOUN,,iobj,Dat,Masc,Sing,Inan,-0.0086212216235675,NONE
",",PUNCT,,punct,,,,,0.0423460144131188,NONE
так,ADV,,mark,,,,,0.0028311789859255,NONE
что,SCONJ,,fixed,,,,,0.0830133054672544,NONE
",",PUNCT,,punct,,,,,0.0257010708141642,NONE
когда,SCONJ,,mark,,,,,0.0248694631166693,NONE
меня,PRON,,obj,Acc,,Sing,,-0.0146699838928942,NONE
попросили,VERB,,advcl,,,Plur,,-0.0035064816188396,NONE
присоединиться,VERB,,xcomp,,,,,0.0158229172846479,NONE
к,ADP,,case,,,,,-0.0072792912011843,NONE
комитету,NOUN,,obl,Dat,Masc,Sing,Inan,0.0047696038906672,NONE
для,ADP,,case,,,,,0.0056069719795293,NONE
принятия,NOUN,,obl,Gen,Neut,Sing,Inan,-0.0116620802461268,NONE
решение,NOUN,,nmod,Acc,Neut,Sing,Inan,0.0359015311358523,NONE
по,ADP,,case,,,,,-0.009277562292215,NONE
поводу,NOUN,,fixed,Dat,Masc,Sing,Inan,-0.0071926565444279,NONE
главного,ADJ,,amod,Gen,Masc,Sing,,0.0025336956851878,NONE
тренера,NOUN,,nmod,Gen,Masc,Sing,Anim,-0.0019624158652107,NONE
",",PUNCT,,punct,,,,,0.0254725073638517,NONE
я,PRON,,nsubj,Nom,,Sing,,0.0137198369193617,NONE
выразил,VERB,,advcl,,Masc,Sing,,0.0022769758214095,NONE
свое,DET,,det,Acc,Neut,Sing,,0.0053952307269282,NONE
искреннее,ADJ,,amod,Acc,Neut,Sing,,-0.011483315210801,NONE
мнение,NOUN,,obj,Acc,Neut,Sing,Inan,-0.003457299944804,NONE
",",PUNCT,,punct,,,,,0.0487092337111417,NONE
»,PUNCT,,punct,,,,,0.0941380520290121,NONE
—,PUNCT,,punct,,,,,-0.0336477072643078,NONE
сообщил,VERB,,parataxis,,Masc,Sing,,-0.0225313134576326,NONE
Васим,PROPN,,nsubj,Nom,Masc,Sing,Anim,0.0070078646455551,PER
агентству,NOUN,,iobj,Dat,Neut,Sing,Inan,0.0106227268638507,NONE
«Франс,PROPN,,nmod,Nom,Masc,Sing,Inan,0.0117606416209076,ORG
Пресс»,PROPN,,appos,Nom,Masc,Sing,Inan,0.0291023262495976,ORG
в,ADP,,case,,,,,0.0024003723782618,NONE
Карачи,PROPN,,nmod,Loc,Masc,Sing,Inan,0.0007137828797711,LOC
.,PUNCT,,punct,,,,,-0.0034193972347874,NONE
От,ADP,,case,,,,,0.1656048062891762,NONE
специальных,ADJ,,amod,Gen,,Plur,,0.0317225352566395,NONE
советников,NOUN,,obl,Gen,Masc,Plur,Anim,0.2224110537538843,NONE
",",PUNCT,,punct,,,,,0.111498970631932,NONE
которых,PRON,,obj,Acc,,,,-0.1061915590581096,NONE
назначают,VERB,,acl:relcl,,,Plur,,-0.0323619511271398,NONE
политики,NOUN,,nsubj,Nom,Masc,Plur,Anim,0.0532430450088602,NONE
",",PUNCT,,punct,,,,,0.0653610593876362,NONE
редко,ADV,,advmod,,,,,0.7691144181678111,NONE
требуется,VERB,,root,,,Sing,,0.061291393133206,NONE
предоставлять,VERB,,csubj,,,,,0.0410958181264077,NONE
информацию,NOUN,,obj,Acc,Fem,Sing,Inan,0.0604580088327932,NONE
специальным,ADJ,,amod,Dat,,Plur,,0.2895105139215573,NONE
комитетам,NOUN,,iobj,Dat,Masc,Plur,Inan,0.1348646677469798,NONE
.,PUNCT,,punct,,,,,0.0544914218887892,NONE
Африканские,ADJ,,amod,Nom,,Plur,,0.0555603189873444,LOC
страны,NOUN,,nsubj,Nom,Fem,Plur,Inan,0.0256800830477332,LOC
строят,VERB,,root,,,Plur,,0.7821554596167728,NONE
все,PART,,advmod,,,,,-0.0458005692689238,NONE
более,ADV,,obl,,,,,-0.1020116503593562,NONE
прочные,ADJ,,amod,Acc,,Plur,Inan,-0.0448838960266943,NONE
партнерские,ADJ,,amod,Acc,,Plur,Inan,-0.0418027065355018,NONE
отношения,NOUN,,obj,Acc,Neut,Plur,Inan,-0.0127531032150891,NONE
по,ADP,,case,,,,,-0.0009537083564449,NONE
укреплению,NOUN,,nmod,Dat,Neut,Sing,Inan,-0.0109853902199086,NONE
мира,NOUN,,nmod,Gen,Masc,Sing,Inan,0.0117256195573427,NONE
и,CCONJ,,cc,,,,,0.032090994284875,NONE
безопасности,NOUN,,conj,Gen,Fem,Sing,Inan,0.0613797204785282,NONE
",",PUNCT,,punct,,,,,0.1852029576828025,NONE
а,CCONJ,,cc,,,,,-0.006751001500402,NONE
также,PART,,fixed,,,,,0.0427737431389209,NONE
инклюзивного,ADJ,,amod,Gen,Neut,Sing,,0.0551094414869794,NONE
устойчивого,ADJ,,amod,Gen,Neut,Sing,,-0.0406550331122839,NONE
развития,NOUN,,conj,Gen,Neut,Sing,Inan,-0.1185885146844907,NONE
на,ADP,,case,,,,,0.0023794690734079,NONE
всем,DET,,det,Loc,Masc,Sing,,-0.0299552885590553,NONE
континенте,NOUN,,nmod,Loc,Masc,Sing,Inan,0.0719077865259403,NONE
",",PUNCT,,punct,,,,,0.1636525420301753,NONE
сообщила,VERB,,parataxis,,Fem,Sing,,-0.0303280496906343,NONE
в,ADP,,case,,,,,-0.0092898149599074,NONE
четверг,NOUN,,obl,Acc,Masc,Sing,Inan,0.028514534728808,NONE
во,ADP,,case,,,,,-0.0277074523376729,NONE
время,NOUN,,fixed,Acc,Neut,Sing,Inan,0.0128598010341611,NONE
брифинга,NOUN,,obl,Gen,Masc,Sing,Inan,-0.0099690272895707,NONE
в,ADP,,case,,,,,-0.0307570696075984,NONE
Совете,PROPN,,nmod,Loc,Masc,Sing,Inan,-0.0054672985273406,ORG
Безопасности,PROPN,,nmod,Gen,Fem,Sing,Inan,0.0109826437882073,ORG
руководитель,NOUN,,nsubj,Nom,Masc,Sing,Anim,-0.0704799546028839,NONE
аппарата,NOUN,,nmod,Gen,Masc,Sing,Inan,-0.0191929555157516,NONE
Генерального,ADJ,,amod,Gen,Masc,Sing,,0.0196658634055776,NONE
секретаря,NOUN,,nmod,Gen,Masc,Sing,Anim,-0.034990842692648,NONE
ООН,PROPN,,nmod,Gen,Fem,Sing,Inan,-0.0425195981347031,ORG
Мария,PROPN,,appos,Nom,Fem,Sing,Anim,-0.1033535723196115,PER
Луиза,PROPN,,flat:name,Nom,Fem,Sing,Anim,-0.0029377883882567,PER
Рибейру,PROPN,,flat:name,Nom,Fem,Sing,Anim,0.0581699739473258,PER
Виотти,PROPN,,flat:name,Nom,Fem,Sing,Anim,0.003246294240179,PER
.,PUNCT,,punct,,,,,0.1602391095550524,NONE
За,ADP,,case,,,,,-0.1082808789065358,NONE
закрытой,VERB,,amod,Ins,Fem,Sing,,0.1313097954366331,NONE
мессой,NOUN,,obl,Ins,Fem,Sing,Inan,0.0649787810785094,NONE
и,CCONJ,,cc,,,,,-0.1468469857088361,NONE
национальным,ADJ,,amod,Ins,Masc,Sing,,-0.0093950781485367,NONE
гимном,NOUN,,conj,Ins,Masc,Sing,Inan,-0.0448260376239267,NONE
последовала,VERB,,root,,Fem,Sing,,-0.0203024511829483,NONE
церемония,NOUN,,nsubj,Nom,Fem,Sing,Inan,-0.1136668031517737,NONE
",",PUNCT,,punct,,,,,0.0189681194624144,NONE
на,ADP,,case,,,,,-0.035491723682039,NONE
которой,PRON,,obl,Loc,Fem,Sing,,0.0433564790999725,NONE
портрет,NOUN,,obj,Acc,Masc,Sing,Inan,-0.0666320061549506,NONE
де,PART,,nmod,,,,,0.699609656899515,PER
Клерка,PROPN,,flat:name,Gen,Masc,Sing,Anim,0.0558010438636211,PER
разместили,VERB,,acl:relcl,,,Plur,,0.06262574794605,NONE
между,ADP,,case,,,,,0.0468850020208872,NONE
двумя,NUM,,nummod,Ins,,,,0.0361771463067845,NONE
свечами,NOUN,,obl,Ins,Fem,Plur,Inan,0.0531445071439906,NONE
",",PUNCT,,punct,,,,,0.10688821765473,NONE
а,CCONJ,,cc,,,,,-0.0615878863437089,NONE
алтарь,NOUN,,nsubj:pass,Nom,Masc,Sing,Inan,0.1244305393525832,NONE
был,AUX,,aux:pass,,Masc,Sing,,-0.0682890319902424,NONE
оформлен,VERB,,conj,,Masc,Sing,,0.1561955702084075,NONE
белыми,ADJ,,amod,Ins,,Plur,,0.0410888346271202,NONE
цветами,NOUN,,obl,Ins,Masc,Plur,Inan,0.1013159530853968,NONE
.,PUNCT,,punct,,,,,-0.0454115157171311,NONE
Эта,DET,,det,Nom,Fem,Sing,,0.2518447873760931,NONE
договоренность,NOUN,,nsubj:pass,Nom,Fem,Sing,Inan,0.0169878288280469,NONE
была,AUX,,aux:pass,,Fem,Sing,,-0.0278001466629493,NONE
заключена,VERB,,root,,Fem,Sing,,0.1196294566689459,NONE
",",PUNCT,,punct,,,,,0.3088647797030561,NONE
чтобы,SCONJ,,mark,,,,,-0.1249910290956613,NONE
позволить,VERB,,advcl,,,,,-0.1946826890006179,NONE
США,PROPN,,iobj,Dat,,Plur,Inan,-0.1224334459511109,LOC
завершить,VERB,,xcomp,,,,,0.1159382502853321,NONE
свое,DET,,det,Acc,Neut,Sing,,0.1512734786832189,NONE
19-летнее,ADJ,,amod,Acc,Neut,Sing,,0.2030134388771437,NONE
военное,ADJ,,amod,Acc,Neut,Sing,,0.0201387398654595,NONE
присутствие,NOUN,,obj,Acc,Neut,Sing,Inan,0.0211785425506043,NONE
в,ADP,,case,,,,,0.0788575411634318,NONE
Афганистане,PROPN,,nmod,Loc,Masc,Sing,Inan,0.0616729345709715,LOC
",",PUNCT,,punct,,,,,0.4497906513741127,NONE
и,CCONJ,,cc,,,,,0.0273672038231905,NONE
призывает,VERB,,conj,,,Sing,,0.1635513930642138,NONE
Талибан,PROPN,,obj,Nom,Masc,Sing,Anim,0.0198163672580403,ORG
гарантировать,VERB,,xcomp,,,,,-0.045911895611226,NONE
",",PUNCT,,punct,,,,,0.2058041748234373,NONE
что,SCONJ,,mark,,,,,-0.054374422978038,NONE
его,DET,,det,,,,,-0.1247701071852674,NONE
территория,NOUN,,nsubj:pass,Nom,Fem,Sing,Inan,-0.0026067105293364,NONE
не,PART,,advmod,,,,,0.0753315203146165,NONE
будет,AUX,,aux:pass,,,Sing,,-0.0288943767098918,NONE
использоваться,VERB,,ccomp,,,,,0.0630098595844121,NONE
террористическими,ADJ,,amod,Ins,,Plur,,0.0770298020382409,NONE
группировками,NOUN,,obl,Ins,Fem,Plur,Inan,0.0768786846693807,NONE
.,PUNCT,,punct,,,,,-0.5243483800760183,NONE
Международный,ADJ,,amod,Nom,Masc,Sing,,0.091796082643951,ORG
уголовный,ADJ,,amod,Nom,Masc,Sing,,0.0350058305574696,ORG
суд,NOUN,,nsubj,Nom,Masc,Sing,Inan,0.0061294704496425,ORG
выдал,VERB,,root,,Masc,Sing,,0.0354193800031423,NONE
ордеры,NOUN,,obj,Acc,Masc,Plur,Inan,-0.0250856149818827,NONE
на,ADP,,case,,,,,-0.0383015133218187,NONE
арест,NOUN,,nmod,Acc,Masc,Sing,Inan,-0.05509874718909,NONE
Башира,PROPN,,nmod,Gen,Masc,Sing,Anim,0.0837332578727526,PER
по,ADP,,case,,,,,0.005469846786288,NONE
обвинениям,NOUN,,nmod,Dat,Neut,Plur,Inan,0.067752071136955,NONE
в,ADP,,case,,,,,-0.008104152831862,NONE
военных,ADJ,,amod,Loc,,Plur,,-0.076517087584438,NONE
преступлениях,NOUN,,nmod,Loc,Neut,Plur,Inan,0.0576516113520182,NONE
и,CCONJ,,cc,,,,,-0.0418811539354477,NONE
геноциде,NOUN,,conj,Loc,Masc,Sing,Inan,0.0873725545741704,NONE
в,ADP,,case,,,,,-0.0029573912451841,NONE
суданском,ADJ,,amod,Loc,Masc,Sing,,-0.0574571550610796,NONE
регионе,NOUN,,nmod,Loc,Masc,Sing,Inan,-0.0687637561632846,NONE
Дарфур,PROPN,,appos,Nom,Masc,Sing,Inan,0.074360882184822,LOC
",",PUNCT,,punct,,,,,0.0824240803827565,NONE
но,CCONJ,,cc,,,,,0.0338291558771475,NONE
не,PART,,advmod,,,,,0.0006239703794684,NONE
сумел,VERB,,conj,,Masc,Sing,,0.0045181730465634,NONE
привлечь,VERB,,xcomp,,,,,-0.0844742818596102,NONE
его,PRON,,obj,Acc,Masc,Sing,,-0.0102078061681527,NONE
к,ADP,,case,,,,,-0.04021326771278,NONE
ответственности,NOUN,,obl,Dat,Fem,Sing,Inan,-0.044709067618076,NONE
в,ADP,,case,,,,,0.0866946827027855,NONE
Гааге,PROPN,,nmod,Loc,Fem,Sing,Inan,0.0544042728635464,LOC
.,PUNCT,,punct,,,,,-0.3573318428627727,NONE
Выходной,ADJ,,amod,Nom,Masc,Sing,,0.3044109988222009,NONE
сигнал,NOUN,,nsubj,Nom,Masc,Sing,Inan,0.2571976048405926,NONE
обеспечивает,VERB,,root,,,Sing,,0.0940197470497782,NONE
постоянную,ADJ,,amod,Acc,Fem,Sing,,0.2023163465912055,NONE
синхронизацию,NOUN,,obj,Acc,Fem,Sing,Inan,0.143449352553777,NONE
",",PUNCT,,punct,,,,,0.2189552564439971,NONE
поэтому,ADV,,advmod,,,,,-0.0837792607830111,NONE
экран,NOUN,,nsubj,Nom,Masc,Sing,Inan,0.1704490722688694,NONE
работает,VERB,,conj,,,Sing,,0.2424672117510088,NONE
без,ADP,,case,,,,,0.3789147932722621,NONE
сбоев,NOUN,,obl,Gen,Masc,Plur,Inan,0.0370182011567334,NONE
.,PUNCT,,punct,,,,,-0.2409598685808725,NONE
Число,NOUN,,nsubj,Nom,Neut,Sing,Inan,0.2770917079468334,NONE
стран,NOUN,,nmod,Gen,Fem,Plur,Inan,0.1789824548555165,NONE
",",PUNCT,,punct,,,,,-0.1487637497204385,NONE
вводящих,VERB,,acl,Gen,,Plur,,0.0138820895300302,NONE
ограничение,NOUN,,obj,Acc,Neut,Sing,Inan,-0.0602265034735238,NONE
на,ADP,,case,,,,,-0.1495318649600542,NONE
поездки,NOUN,,nmod,Acc,Fem,Plur,Inan,-0.1360157042282745,NONE
",",PUNCT,,punct,,,,,-0.1991940586044388,NONE
растет,VERB,,root,,,Sing,,0.0505675770563911,NONE
.,PUNCT,,punct,,,,,-0.0369953643661736,NONE
С,ADP,,case,,,,,-0.0472924867259852,NONE
этой,DET,,det,Gen,Fem,Sing,,0.029913526234941,NONE
недели,NOUN,,obl,Gen,Fem,Sing,Inan,0.3857354941929334,NONE
Чехия,PROPN,,nsubj,Nom,Fem,Sing,Inan,0.0429343539414419,LOC
требует,VERB,,root,,,Sing,,-0.0312078660656332,NONE
результаты,NOUN,,obj,Acc,Masc,Plur,Inan,0.0830340546270897,NONE
анализов,NOUN,,nmod,Gen,Masc,Plur,Inan,-0.0504818954390105,NONE
у,ADP,,case,,,,,-0.0090862136328634,NONE
сезонных,ADJ,,amod,Gen,,Plur,,-0.0466302028370373,NONE
работников,NOUN,,nmod,Gen,Masc,Plur,Anim,-0.1309285787359849,NONE
из,ADP,,case,,,,,-0.0158210991081703,NONE
Болгарии,PROPN,,nmod,Gen,Fem,Sing,Inan,0.0614783959562249,LOC
.,PUNCT,,punct,,,,,0.2190647118639499,NONE
Дания,PROPN,,nsubj,Nom,Fem,Sing,Inan,0.058248928973808,LOC
разрешает,VERB,,root,,,Sing,,0.08758134849873,NONE
болгарам,NOUN,,iobj,Dat,Masc,Plur,Anim,0.0698207296081194,NONE
въезжать,VERB,,xcomp,,,,,0.1525878752586468,NONE
на,ADP,,case,,,,,0.0470307820068358,NONE
свою,DET,,det,Acc,Fem,Sing,,-0.2289766882792607,NONE
территорию,NOUN,,obl,Acc,Fem,Sing,Inan,0.2700127265745287,NONE
только,PART,,advmod,,,,,0.0946263177039149,NONE
при,ADP,,case,,,,,-0.0295972940856521,NONE
наличии,NOUN,,obl,Loc,Neut,Sing,Inan,0.0350171758666675,NONE
регистрации,NOUN,,nmod,Gen,Fem,Sing,Inan,0.0627140280252333,NONE
в,ADP,,case,,,,,0.0377405876511969,NONE
этой,DET,,det,Loc,Fem,Sing,,0.0218276001184463,NONE
стране,NOUN,,nmod,Loc,Fem,Sing,Inan,-0.0950467603554926,NONE
",",PUNCT,,punct,,,,,-0.2862701104014841,NONE
договора,NOUN,,conj,Gen,Masc,Sing,Inan,0.0089112867277501,NONE
о,ADP,,case,,,,,0.1174330949495666,NONE
найме,NOUN,,nmod,Loc,Masc,Sing,Inan,0.0113715276239315,NONE
или,CCONJ,,cc,,,,,0.1741736076733244,NONE
документа,NOUN,,conj,Gen,Masc,Sing,Inan,0.0295994534679644,NONE
",",PUNCT,,punct,,,,,0.1230708308273157,NONE
подтверждающего,VERB,,acl,Gen,Masc,Sing,,0.1913927142725343,NONE
деловой,ADJ,,amod,Acc,Masc,Sing,Inan,0.1194363474123564,NONE
характер,NOUN,,obj,Acc,Masc,Sing,Inan,-0.0306790502491657,NONE
поездки,NOUN,,nmod,Gen,Fem,Sing,Inan,-0.1019290090072132,NONE
.,PUNCT,,punct,,,,,0.0755768509972229,NONE
В,ADP,,case,,,,,-0.4387970854333698,NONE
пятницу,NOUN,,obl,Acc,Fem,Sing,Inan,0.1530728904430347,NONE
утром,NOUN,,nmod,Ins,Neut,Sing,Inan,0.010058122910114,NONE
он,PRON,,nsubj,Nom,Masc,Sing,,0.0668081534417319,NONE
сказал,VERB,,root,,Masc,Sing,,-0.0779047749157428,NONE
",",PUNCT,,punct,,,,,0.0086287236185742,NONE
что,SCONJ,,mark,,,,,-0.0100817259168714,NONE
спустя,ADP,,case,,,,,0.0578997648213216,NONE
12,NUM,,nummod,,,,,0.0349482153665037,NONE
часов,NOUN,,obl,Gen,Masc,Plur,Inan,0.0480139786100554,NONE
с,ADP,,advmod,,,,,0.0171800609389296,NONE
тех,DET,,fixed,Gen,,Plur,,0.0315667614417083,NONE
пор,NOUN,,fixed,Gen,Fem,Plur,Inan,-0.010095875063998,NONE
",",PUNCT,,punct,,,,,0.1781106876369568,NONE
как,SCONJ,,fixed,,,,,0.0492836151767355,NONE
была,AUX,,aux:pass,,Fem,Sing,,0.0909449704850066,NONE
обнаружена,VERB,,advcl,,Fem,Sing,,0.1058945964787077,NONE
ошибка,NOUN,,nsubj:pass,Nom,Fem,Sing,Inan,0.0129613277402129,NONE
",",PUNCT,,punct,,,,,0.2408653446266696,NONE
она,PRON,,nsubj:pass,Nom,Fem,Sing,,0.1032562810386623,NONE
была,AUX,,aux:pass,,Fem,Sing,,0.1053510449971545,NONE
«полностью,ADV,,advmod,,,,,0.157454477846362,NONE
оснащена,VERB,,ccomp,,Fem,Sing,,0.0486482602835072,NONE
вооружением»,NOUN,,obl,Ins,Neut,Sing,Inan,-0.0095668943199097,NONE
",",PUNCT,,punct,,,,,0.0960812613704313,NONE
что,PRON,,nsubj,Nom,,,,-0.0158083945862223,NONE
означает,VERB,,parataxis,,,Sing,,-0.1068796056817332,NONE
",",PUNCT,,punct,,,,,0.0760479021060889,NONE
что,SCONJ,,mark,,,,,0.0061172953098362,NONE
злоумышленники,NOUN,,nsubj,Nom,Masc,Plur,Anim,0.0629924712608356,NONE
разработали,VERB,,ccomp,,,Plur,,0.0224383700008544,NONE
и,CCONJ,,cc,,,,,-0.1991695226500693,NONE
распространили,VERB,,conj,,,Plur,,-0.0292446225613517,NONE
инструменты,NOUN,,obj,Acc,Masc,Plur,Inan,0.0532110478255399,NONE
для,ADP,,case,,,,,0.0483487007726662,NONE
ее,PRON,,nmod,Gen,Fem,Sing,,0.1071475676170894,NONE
использования,NOUN,,nmod,Gen,Neut,Sing,Inan,-0.0835880823410564,NONE
.,PUNCT,,punct,,,,,0.5246276820611366,NONE
Кто,PRON,,nsubj,Nom,,,,0.7266921765395212,NONE
передал,VERB,,root,,Masc,Sing,,0.3983729292631727,NONE
информацию,NOUN,,obj,Acc,Fem,Sing,Inan,0.0286361527865156,NONE
осведомителю,NOUN,,iobj,Dat,Masc,Sing,Anim,0.4547191008079709,NONE
?,PUNCT,,punct,,,,,-0.1291604135732142,NONE
Алжир,PROPN,,root,Nom,Masc,Sing,Inan,0.1003458436982944,LOC
:,PUNCT,,punct,,,,,0.2684370095556423,NONE
Брат,PROPN,,nsubj:pass,Nom,Masc,Sing,Anim,-0.3038328293999442,NONE
смещенного,VERB,,amod,Gen,Masc,Sing,,0.0860485420306401,NONE
президента,NOUN,,nmod,Gen,Masc,Sing,Anim,0.3579502609655994,NONE
приговорен,VERB,,parataxis,,Masc,Sing,,0.1830264422567101,NONE
к,ADP,,case,,,,,-0.1547346892494657,NONE
15,NUM,,nummod,,,,,0.1112800137774581,NONE
годам,NOUN,,obl,Dat,Masc,Plur,Inan,0.2744845719042016,NONE
тюрьмы,NOUN,,nmod,Gen,Fem,Sing,Inan,-0.0519295992169641,NONE
Те,DET,,nsubj,Nom,,Plur,,-0.0152143110967096,NONE
",",PUNCT,,punct,,,,,0.0490546499197002,NONE
кто,PRON,,nsubj,Nom,Masc,Sing,Anim,-0.0304784137847377,NONE
наложили,VERB,,acl:relcl,,,Plur,,0.1221462450637069,NONE
эти,DET,,det,Acc,,Plur,Inan,-0.0180522191353858,NONE
незаконные,ADJ,,amod,Acc,,Plur,Inan,0.3713742693878378,NONE
санкции,NOUN,,obj,Acc,Fem,Plur,Inan,-0.221252599160744,NONE
",",PUNCT,,punct,,,,,0.300712361383218,NONE
должны,ADJ,,root,,,Plur,,-0.0781733225492432,NONE
прислушаться,VERB,,xcomp,,,,,0.1624669318552429,NONE
к,ADP,,case,,,,,0.0344133633813777,NONE
этому,DET,,det,Dat,Masc,Sing,,0.0021620742855717,NONE
призыву,NOUN,,obl,Dat,Masc,Sing,Inan,0.0966156480508722,NONE
и,CCONJ,,cc,,,,,0.3146220746125363,NONE
немедленно,ADV,,advmod,,,,,0.1639140230592693,NONE
их,PRON,,obj,Acc,,Plur,,0.2469776780682475,NONE
снять,VERB,,conj,,,,,0.1384761580873117,NONE
.,PUNCT,,punct,,,,,0.1694198180031721,NONE
В,ADP,,case,,,,,0.1491932713732764,NONE
течение,NOUN,,fixed,Acc,Neut,Sing,Inan,0.1226771097241801,NONE
года,NOUN,,obl,Gen,Masc,Sing,Inan,-0.2977045633147599,NONE
акции,NOUN,,nsubj,Nom,Fem,Plur,Inan,0.0114833115279951,NONE
производителя,NOUN,,nmod,Gen,Masc,Sing,Anim,-0.0534836873412042,NONE
элитной,ADJ,,amod,Gen,Fem,Sing,,-0.0276311241801131,NONE
офисной,ADJ,,amod,Gen,Fem,Sing,,-0.05674345251375,NONE
мебели,NOUN,,nmod,Gen,Fem,Sing,Inan,-0.1174107875212224,NONE
Herman,PROPN,,flat:foreign,,,,,-0.0292284879178718,ORG
Miller,PROPN,,flat:foreign,,,,,0.0512424957372844,ORG
со,ADP,,case,,,,,-0.0997882290501592,NONE
штаб-квартирой,NOUN,,nmod,Ins,Fem,Sing,Inan,0.095264745529488,NONE
в,ADP,,case,,,,,0.062864197149567,NONE
г.,NOUN,,nmod,Loc,Masc,Sing,Inan,0.0710405382839592,NONE
Зиланд,PROPN,,appos,Nom,Masc,Sing,Inan,-0.2375136892465904,LOC
",",PUNCT,,punct,,,,,0.0959904614753515,NONE
штат,NOUN,,appos,Nom,Masc,Sing,Inan,0.2187857549441584,NONE
Мичиган,PROPN,,appos,Nom,Masc,Sing,Inan,0.0652439167938067,LOC
",",PUNCT,,punct,,,,,0.2010251569347753,NONE
выросли,VERB,,root,,,Plur,,-0.1082145191723762,NONE
на,ADP,,case,,,,,-0.049063303517279,NONE
52,NUM,,nummod,,,,,-0.0012648396043734,NONE
%,SYM,,obl,,,,,0.0748578316187997,NONE
",",PUNCT,,punct,,,,,-0.3392674827214744,NONE
отметил,VERB,,parataxis,,Masc,Sing,,-0.2834952895424728,NONE
Крамер,PROPN,,nsubj,Nom,Masc,Sing,Anim,0.2710956300687187,PER
.,PUNCT,,punct,,,,,-0.4440969509226617,NONE
Звезда,NOUN,,nsubj,Nom,Fem,Sing,Inan,0.0750199706796709,ORG
"""",PUNCT,,punct,,,,,-0.1677597250975886,NONE
"""",PUNCT,,punct,,,,,-0.0060417629127903,NONE
Манчестер,PROPN,,appos,,,,,0.0934142978550623,ORG
Юнайтед,PROPN,,appos,Nom,Masc,Sing,Inan,0.1764615022265468,ORG
"""",PUNCT,,punct,,,,,0.1822868797201386,NONE
"""",PUNCT,,punct,,,,,0.2158203781447948,NONE
Поль,PROPN,,appos,Nom,Masc,Sing,Anim,0.1344867242241434,PER
Погба,PROPN,,flat:name,Nom,Masc,Sing,Anim,0.2513808076230941,PER
намекнул,VERB,,root,,Masc,Sing,,0.1361534177742517,NONE
",",PUNCT,,punct,,,,,0.1407955979188076,NONE
что,SCONJ,,mark,,,,,-0.0416416501532399,NONE
останется,VERB,,ccomp,,,Sing,,0.0585192239356287,NONE
в,ADP,,case,,,,,-0.0678500307358644,NONE
клубе,NOUN,,obl,Loc,Masc,Sing,Inan,0.0627023087635795,NONE
этим,DET,,det,Ins,Neut,Sing,,-0.0135521759618903,NONE
летом,NOUN,,obl,Ins,Neut,Sing,Inan,0.0228376262316693,NONE
",",PUNCT,,punct,,,,,0.1134702226921101,NONE
после,ADP,,case,,,,,0.0388987418062412,NONE
того,PRON,,obl,Gen,Neut,Sing,Inan,0.0897837531388359,NONE
как,SCONJ,,mark,,,,,0.1212277037706416,NONE
"""",PUNCT,,punct,,,,,0.1410379480365386,NONE
"""",PUNCT,,punct,,,,,-0.0609058952741034,NONE
Красные,ADJ,,amod,Nom,,Plur,,0.1379133711026425,NONE
дьяволы,NOUN,,nsubj,Nom,Masc,Plur,Anim,0.1860536821829639,NONE
"""",PUNCT,,punct,,,,,0.0367533978500126,NONE
"""",PUNCT,,punct,,,,,0.1140182895947918,NONE
застолбили,VERB,,acl,,,Plur,,0.0838703200173675,NONE
за,ADP,,case,,,,,-0.0094783653027512,NONE
собой,PRON,,obl,Ins,,,,0.0130823908583923,NONE
место,NOUN,,obj,Acc,Neut,Sing,Inan,-0.0031418999237025,NONE
в,ADP,,case,,,,,-0.0536199276222174,NONE
верхней,ADJ,,amod,Loc,Fem,Sing,,0.1103083909619458,NONE
четверке,NOUN,,nmod,Loc,Fem,Sing,Inan,0.037049711803328,NONE
"""",PUNCT,,root,,,,,0.1489764442483364,NONE
.,PUNCT,,punct,,,,,0.5925892611263005,NONE
Украина,PROPN,,nsubj,Nom,Fem,Sing,Inan,-0.0409994564354527,LOC
преимущественно,ADV,,advmod,,,,,0.0910951991710581,NONE
исповедует,VERB,,root,,,Sing,,0.0480837744143713,NONE
православное,ADJ,,amod,Acc,Neut,Sing,,0.0164667026531902,NONE
христианство,NOUN,,obj,Acc,Neut,Sing,Inan,0.0225335691070236,NONE
",",PUNCT,,punct,,,,,0.095366057466928,NONE
католичество,NOUN,,nsubj,Nom,Neut,Sing,Inan,-0.1133920590106022,NONE
по,ADP,,case,,,,,-0.0518299616822566,NONE
римскому,ADJ,,amod,Dat,Masc,Sing,,0.053395545946428,NONE
или,CCONJ,,cc,,,,,-0.0306790649393003,NONE
византийскому,ADJ,,conj,Dat,Masc,Sing,,0.0164947112253369,NONE
обряду,NOUN,,nmod,Dat,Masc,Sing,Inan,0.0175765857358201,NONE
исповедует,VERB,,conj,,,Sing,,-0.1188981308676743,NONE
около,ADP,,case,,,,,-0.1553872347348055,NONE
10%,NUM,,nummod,,,,,0.0011103714719415,NONE
населения,NOUN,,nmod,Gen,Neut,Sing,Inan,0.0052591818794238,NONE
бывшей,ADJ,,amod,Gen,Fem,Sing,,0.0531596378753181,NONE
советской,ADJ,,amod,Gen,Fem,Sing,,0.0444044740368385,NONE
республики,NOUN,,nmod,Gen,Fem,Sing,Inan,0.1233565247155922,NONE
.,PUNCT,,punct,,,,,-0.5875105898427045,NONE
Компания,NOUN,,nsubj,Nom,Fem,Sing,Inan,-0.2210533145268728,NONE
Bayer,PROPN,,flat:foreign,,,,,0.0375857381061639,ORG
оспаривает,VERB,,root,,,Sing,,0.1628099712394721,NONE
вердикт,NOUN,,obj,Acc,Masc,Sing,Inan,0.2060674063576859,NONE
.,PUNCT,,punct,,,,,-0.8897694366594103,NONE
«Подобные,ADJ,,amod,Nom,,Plur,,0.1966227143483222,NONE
преступления,NOUN,,nsubj,Nom,Neut,Plur,Inan,0.01004673786836,NONE
происходят,VERB,,root,,,Plur,,-0.0384054714181714,NONE
не,PART,,advmod,,,,,-0.0049473647236011,NONE
в,ADP,,case,,,,,-0.0130244085560025,NONE
вакууме,NOUN,,obl,Loc,Masc,Sing,Inan,0.020280755927741,NONE
при,ADP,,case,,,,,-0.05829131807082,NONE
отсутствии,NOUN,,obl,Loc,Neut,Sing,Inan,-0.2293140443529496,NONE
финансов,NOUN,,nmod,Gen,Masc,Plur,Inan,-0.0447234628372005,NONE
",",PUNCT,,punct,,,,,0.1434423950202773,NONE
»,PUNCT,,punct,,,,,0.5825148888260259,NONE
—,PUNCT,,punct,,,,,-0.1369510322608185,NONE
заявила,VERB,,parataxis,,Fem,Sing,,-0.1131100826184164,NONE
Синтия,PROPN,,nsubj,Nom,Fem,Sing,Anim,0.0006255646407741,PER
Тай,PROPN,,flat:name,Nom,Fem,Sing,Anim,-0.0687710639971334,PER
",",PUNCT,,punct,,,,,0.2156719247849978,NONE
исполнительный,ADJ,,amod,Nom,Masc,Sing,,0.0002870439763778,NONE
директор,NOUN,,appos,Nom,Masc,Sing,Anim,-0.0411955208456338,NONE
американской,ADJ,,amod,Gen,Fem,Sing,,0.0948062712780864,NONE
некоммерческой,ADJ,,amod,Gen,Fem,Sing,,0.0262809657862887,NONE
организации,NOUN,,nmod,Gen,Fem,Sing,Inan,-0.0984113367788225,NONE
Project,PROPN,,flat:foreign,,,,,0.0850002343858114,ORG
Expedite,PROPN,,flat:foreign,,,,,0.0645131746625519,ORG
Justice,PROPN,,flat:foreign,,,,,-0.0776199298779916,ORG
",",PUNCT,,punct,,,,,0.2212249988164855,NONE
—,PUNCT,,punct,,,,,0.0927067012844622,NONE
одной,NUM,,parataxis,Gen,Fem,,,0.0582888994724513,NONE
из,ADP,,case,,,,,-0.0415034704790679,NONE
правозащитных,ADJ,,amod,Gen,,Plur,,0.1077259009958133,NONE
организаций,NOUN,,nmod,Gen,Fem,Plur,Inan,-0.0239580531316549,NONE
",",PUNCT,,punct,,,,,0.036458594615798,NONE
оказывающих,VERB,,acl,Gen,,Plur,,0.1439919108310364,NONE
поддержку,NOUN,,obj,Acc,Fem,Sing,Inan,-0.180149356097318,NONE
суданским,ADJ,,amod,Dat,,Plur,,-0.0041310863820499,NONE
жертвам,NOUN,,iobj,Dat,Fem,Plur,Anim,-0.042303554671193,NONE
в,ADP,,case,,,,,0.0504346212044666,NONE
рамках,NOUN,,obl,Loc,Fem,Plur,Inan,-0.1595120398746043,NONE
этого,DET,,det,Gen,Neut,Sing,,-0.2568729184151386,NONE
уголовного,ADJ,,amod,Gen,Neut,Sing,,0.0821568318137452,NONE
дела,NOUN,,nmod,Gen,Neut,Sing,Inan,0.0843088842926071,NONE
.,PUNCT,,punct,,,,,-0.1061185013948834,NONE
«Все,DET,,det,Nom,,Plur,,0.1178094020632541,NONE
они,PRON,,nsubj,Nom,,Plur,,0.0426516857707507,NONE
выполняли,VERB,,root,,,Plur,,-0.0004791692689666,NONE
свои,DET,,det,Acc,,Plur,,-0.0564141083582672,NONE
обязанности,NOUN,,obj,Acc,Fem,Plur,Inan,-0.1054586291507948,NONE
на,ADP,,case,,,,,-0.2233694226947463,NONE
дневной,ADJ,,amod,Loc,Fem,Sing,,-0.052232893351963,NONE
работе»,NOUN,,obl,Loc,Fem,Sing,Inan,-0.0911934938428236,NONE
",",PUNCT,,punct,,,,,-0.1120939050549901,NONE
–,PUNCT,,punct,,,,,-0.3845432452249238,NONE
сказал,VERB,,parataxis,,Masc,Sing,,-0.2873655617544615,NONE
Джонс,PROPN,,nsubj,Nom,Masc,Sing,Anim,0.5274375668651455,PER
.,PUNCT,,punct,,,,,-0.2945523683015379,NONE
Мысль,NOUN,,obj,Acc,Fem,Sing,Inan,0.1583596945498127,NONE
о,ADP,,case,,,,,-0.053632559095673,NONE
том,PRON,,nmod,Loc,Neut,Sing,Inan,0.0547691476802109,NONE
",",PUNCT,,punct,,,,,0.1631495166426596,NONE
что,SCONJ,,mark,,,,,0.0986881550972332,NONE
Доминик,PROPN,,nsubj,Nom,Masc,Sing,Anim,0.1666626900563127,PER
Каммингс,PROPN,,flat:name,Nom,Masc,Sing,Anim,0.1068684737014411,PER
окажется,VERB,,acl,,,Sing,,-0.0334388455996726,NONE
в,ADP,,case,,,,,0.0287177301766077,NONE
заложниках,NOUN,,obl,Loc,Masc,Plur,Anim,0.1989658087107902,NONE
под,ADP,,case,,,,,0.1785672573724671,NONE
дулом,NOUN,,obl,Ins,Masc,Sing,Inan,0.4371675874322066,NONE
винтовок,NOUN,,nmod,Gen,Fem,Plur,Inan,0.079247382045354,NONE
",",PUNCT,,punct,,,,,0.168053861676046,NONE
могли,VERB,,root,,,Plur,,-0.1056267607712961,NONE
тайно,ADV,,advmod,,,,,0.0242530604098794,NONE
смаковать,VERB,,xcomp,,,,,0.0450099273713322,NONE
некоторые,DET,,det,Nom,,Plur,,7.375158336488531,NONE
измученные,VERB,,amod,Nom,,Plur,,0.0142837652559559,NONE
чиновники,NOUN,,nsubj,Nom,Masc,Plur,Anim,-0.0725209193678143,NONE
.,PUNCT,,punct,,,,,0.1145606483203055,NONE
Из-за,ADP,,case,,,,,-0.0847148047212028,NONE
колонки,NOUN,,obl,Gen,Fem,Sing,Inan,0.0184147658420935,NONE
шатается,VERB,,root,,,Sing,,0.6808060923572378,NONE
стол,NOUN,,nsubj,Nom,Masc,Sing,Inan,0.4301456175291917,NONE
.,PUNCT,,punct,,,,,0.0073154710438916,NONE
Нажмите,VERB,,root,,,Plur,,0.0844481750132593,NONE
значок,NOUN,,obj,Acc,Masc,Sing,Inan,0.0298444414369572,NONE
меню,NOUN,,nmod,Gen,Neut,Sing,Inan,0.3203709438405144,NONE
в,ADP,,case,,,,,-0.0012831832834119,NONE
верхней,ADJ,,amod,Loc,Fem,Sing,,-0.1378204005235122,NONE
части,NOUN,,nmod,Loc,Fem,Sing,Inan,0.0987578910350492,NONE
экрана,NOUN,,nmod,Gen,Masc,Sing,Inan,0.4491362158470447,NONE
.,PUNCT,,punct,,,,,0.479812239118664,NONE
Суданские,ADJ,,amod,Nom,,Plur,,0.1738878330355834,LOC
жертвы,NOUN,,nsubj,Nom,Fem,Plur,Anim,-0.0227107997712553,NONE
военных,ADJ,,amod,Gen,,Plur,,0.032217262893752,NONE
преступлений,NOUN,,nmod,Gen,Neut,Plur,Inan,0.0851980006635896,NONE
в,ADP,,case,,,,,-0.0480403428276455,NONE
четверг,NOUN,,obl,Acc,Masc,Sing,Inan,-0.0581535212313449,NONE
подали,VERB,,root,,,Plur,,-0.0072409722431748,NONE
в,ADP,,case,,,,,-0.0155495626436026,NONE
суд,NOUN,,obl,Acc,Masc,Sing,Inan,0.0270014143395065,NONE
заявление,NOUN,,obj,Acc,Neut,Sing,Inan,-0.0410945879635573,NONE
о,ADP,,case,,,,,0.0344220970917242,NONE
возбуждении,NOUN,,nmod,Loc,Neut,Sing,Inan,0.1462763250942175,NONE
уголовного,ADJ,,amod,Gen,Neut,Sing,,0.0608968853306398,NONE
дела,NOUN,,nmod,Gen,Neut,Sing,Inan,0.0107845908790954,NONE
в,ADP,,case,,,,,-0.0481725102230384,NONE
отношении,NOUN,,fixed,Loc,Neut,Sing,Inan,-0.0090572931076746,NONE
французского,ADJ,,amod,Gen,Masc,Sing,,0.0170209779763353,NONE
банка,NOUN,,nmod,Gen,Masc,Sing,Inan,-0.0406674335018893,NONE
BNP,PROPN,,flat:foreign,,,,,0.0055155823396858,ORG
Paribas,PROPN,,flat:foreign,,,,,0.0787696365016518,ORG
в,ADP,,case,,,,,-0.0147842436350499,NONE
связи,NOUN,,fixed,Loc,Fem,Sing,Inan,-0.0908269625457235,NONE
с,ADP,,fixed,,,,,0.0599178562018804,NONE
предполагаемым,VERB,,amod,Ins,Masc,Sing,,0.0314768286732057,NONE
соучастием,NOUN,,nmod,Ins,Neut,Sing,Inan,0.0448525996532532,NONE
в,ADP,,case,,,,,0.0561739491725865,NONE
ущемлении,NOUN,,nmod,Loc,Neut,Sing,Inan,0.0697239175022649,NONE
суданским,ADJ,,amod,Ins,Masc,Sing,,0.1441966739011243,NONE
режимом,NOUN,,nmod,Ins,Masc,Sing,Inan,0.038742370130411,NONE
прав,NOUN,,nmod,Gen,Neut,Plur,Inan,0.150899094705682,NONE
человека,NOUN,,nmod,Gen,Masc,Sing,Anim,0.2310624651464045,NONE
.,PUNCT,,punct,,,,,0.806455473058356,NONE
Войска,NOUN,,nsubj,Nom,Neut,Plur,Inan,0.135575441603537,NONE
BSF,PROPN,,flat:foreign,,,,,0.0407782400575564,NONE
охраняют,VERB,,root,,,Plur,,-0.0140584127489823,NONE
180,NUM,,nummod,,,,,-0.0754181315606154,NONE
километров,NOUN,,obl,Gen,Masc,Plur,Inan,-0.0088099738023005,NONE
пограничной,ADJ,,amod,Gen,Fem,Sing,,-0.0125561765945731,NONE
территории,NOUN,,nmod,Gen,Fem,Sing,Inan,-0.0947724179010325,NONE
между,ADP,,case,,,,,-0.0392408627641203,NONE
Индией,PROPN,,nmod,Ins,Fem,Sing,Inan,0.0822710621787325,LOC
и,CCONJ,,cc,,,,,0.0600040335937653,NONE
Пакистаном,PROPN,,conj,Ins,Masc,Sing,Inan,0.0765798203473928,LOC
и,CCONJ,,cc,,,,,0.047735593930936,NONE
укрепили,VERB,,conj,,,Plur,,0.0518857249539664,NONE
свои,DET,,det,Acc,,Plur,,0.0047334710117348,NONE
наблюдательные,ADJ,,amod,Acc,,Plur,Inan,0.0835349604911454,NONE
пункты,NOUN,,obj,Acc,Masc,Plur,Inan,0.1123427262596086,NONE
и,CCONJ,,cc,,,,,0.1037941890596812,NONE
«зоны,NOUN,,conj,Acc,Fem,Plur,Inan,0.0677535910810659,NONE
прослушивания»,NOUN,,nmod,Gen,Neut,Plur,Inan,0.0464512582868946,NONE
",",PUNCT,,punct,,,,,0.3036174417370556,NONE
что,PRON,,nsubj,Nom,,,,0.024336770187076,NONE
позволяет,VERB,,parataxis,,,Sing,,0.0186858041036683,NONE
внимательно,ADV,,advmod,,,,,0.0937313882612879,NONE
отслеживать,VERB,,xcomp,,,,,0.0382747745871191,NONE
приближающиеся,VERB,,amod,Acc,,Plur,Inan,0.0611185723903283,NONE
дроны,NOUN,,obj,Acc,Masc,Plur,Inan,0.0949178867797489,NONE
.,PUNCT,,punct,,,,,0.826702428212842,NONE
В,ADP,,case,,,,,-0.5112547071956459,NONE
знак,NOUN,,obl,Acc,Masc,Sing,Inan,0.2200337687138208,NONE
противоречий,NOUN,,nmod,Gen,Neut,Plur,Inan,0.0574678306292888,NONE
из-за,ADP,,case,,,,,0.0526294013099301,NONE
иностранных,ADJ,,amod,Gen,,Plur,,-0.2141868317524361,NONE
сил,NOUN,,nmod,Gen,Fem,Plur,Inan,0.0768956023832958,NONE
",",PUNCT,,punct,,,,,0.1171719882246563,NONE
Франция,PROPN,,nsubj,Nom,Fem,Sing,Inan,0.0457560154023016,LOC
вынуждает,VERB,,root,,,Sing,,0.1565968089908565,NONE
ЕС,PROPN,,iobj,,,,,0.1346909683719227,LOC
согласиться,VERB,,xcomp,,,,,0.1496891635998246,NONE
наложить,VERB,,xcomp,,,,,0.0007661223840753,NONE
в,ADP,,case,,,,,0.1572021610513653,NONE
понедельник,NOUN,,obl,Acc,Masc,Sing,Inan,0.0799641370294787,NONE
санкции,NOUN,,obj,Acc,Fem,Plur,Inan,0.1098152414534202,NONE
на,ADP,,case,,,,,0.0739472353512421,NONE
русскую,ADJ,,amod,Acc,Fem,Sing,,-0.0307635958354574,NONE
частную,ADJ,,amod,Acc,Fem,Sing,,0.0348286912238943,NONE
военную,ADJ,,amod,Acc,Fem,Sing,,-0.1145763219623608,NONE
компанию,NOUN,,nmod,Acc,Fem,Sing,Inan,-0.1096265330141619,NONE
«Вагнер»,NOUN,,appos,Nom,Masc,Sing,Inan,0.2649008918249281,ORG
",",PUNCT,,punct,,,,,-0.0557138457157083,NONE
которая,PRON,,nsubj,Nom,Fem,Sing,,-0.0934689540975297,NONE
",",PUNCT,,punct,,,,,0.0996564358905994,NONE
по,ADP,,case,,,,,0.0455592359659228,NONE
их,DET,,det,,,,,0.0776918886285431,NONE
заявлению,NOUN,,parataxis,Dat,Neut,Sing,Inan,0.1060927040529636,NONE
",",PUNCT,,punct,,,,,-0.0131855414230974,NONE
действует,VERB,,acl:relcl,,,Sing,,-0.0487848830854617,NONE
в,ADP,,case,,,,,0.0147642917449785,NONE
Ливии,PROPN,,obl,Loc,Fem,Sing,Inan,0.1294883063447835,LOC
и,CCONJ,,cc,,,,,0.0368926299362356,NONE
области,NOUN,,conj,Loc,Fem,Sing,Inan,0.0421758935078259,NONE
Сахель,PROPN,,appos,Nom,Fem,Sing,Inan,0.185686862079992,LOC
.,PUNCT,,punct,,,,,0.3028611157607748,NONE
Было,AUX,,cop,,Neut,Sing,,0.0071415641990731,NONE
слышно,ADV,,root,,,,,0.3702148605516875,NONE
",",PUNCT,,punct,,,,,-0.1929787640118533,NONE
как,SCONJ,,mark,,,,,-0.2673747543170358,NONE
команда,NOUN,,nsubj,Nom,Fem,Sing,Inan,-0.0210737799306306,NONE
комментаторов,NOUN,,nmod,Gen,Masc,Plur,Anim,0.0597465681701436,NONE
ESPN,PROPN,,flat:foreign,,,,,0.1447241668931767,ORG
+,SYM,,flat:foreign,,,,,0.2804100366567031,ORG
восклицает,VERB,,ccomp,,,Sing,,0.045865163722604,NONE
:,PUNCT,,punct,,,,,0.2578376000351616,NONE
«Что,PRON,,nsubj,Nom,,,,0.0061264161754175,NONE
там,ADV,,advmod,,,,,-0.3428581520589201,NONE
случилось,VERB,,parataxis,,Neut,Sing,,0.1490119100764149,NONE
?,PUNCT,,punct,,,,,0.0356443762964725,NONE
Ничего,ADV,,root,,,,,-0.0066845341364337,NONE
себе,PRON,,fixed,Dat,,,,0.295265826286045,NONE
!,PUNCT,,punct,,,,,0.3765604392822296,NONE
»,PUNCT,,punct,,,,,-0.3187255032128865,NONE
«Лестер»,NOUN,,nsubj,Nom,Masc,Sing,Inan,0.2036916179125949,ORG
доволен,ADJ,,root,,Masc,Sing,,-0.0073672249186582,NONE
",",PUNCT,,punct,,,,,0.2655369045315975,NONE
что,SCONJ,,mark,,,,,-0.0380189937899534,NONE
достиг,VERB,,ccomp,,Masc,Sing,,0.2462994155053867,NONE
цели,NOUN,,obl,Gen,Fem,Sing,Inan,-0.1174989523854912,NONE
пройти,VERB,,obl,,,,,0.0269443689722648,NONE
в,ADP,,case,,,,,0.269873880431515,NONE
Лигу,PROPN,,obl,Acc,Fem,Sing,Inan,-0.2063722826539439,NONE
Европы,PROPN,,nmod,Gen,Fem,Sing,Inan,0.1406240521665994,NONE
",",PUNCT,,punct,,,,,0.2411997922847778,NONE
говорит,VERB,,parataxis,,,Sing,,0.0076543500335167,NONE
выигравший,VERB,,acl,Nom,Masc,Sing,,0.0958951210229738,NONE
«Золотую,ADJ,,amod,Acc,Fem,Sing,,0.1157121835030613,NONE
бутсу»,NOUN,,obj,Acc,Fem,Sing,Inan,0.0800786439010622,NONE
Джейми,PROPN,,nsubj,Nom,Masc,Sing,Anim,0.1815772220593844,PER
Варди,PROPN,,flat:name,Nom,Masc,Sing,Anim,0.5542647683545241,PER
Правительство,NOUN,,nsubj,Nom,Neut,Sing,Inan,-0.2303259603639177,NONE
пытается,VERB,,root,,,Sing,,0.1813082139070206,NONE
запутать,VERB,,xcomp,,,,,0.111288520768135,NONE
нас,PRON,,obj,Acc,,Plur,,-0.1178527590746531,NONE
",",PUNCT,,punct,,,,,0.1186827424113145,NONE
но,CCONJ,,cc,,,,,-0.175931302014117,NONE
они,PRON,,nsubj,Nom,,Plur,,-0.0757357098683143,NONE
не,PART,,advmod,,,,,-0.3060147390053044,NONE
смогут,VERB,,conj,,,Plur,,-0.2080605796935849,NONE
заставить,VERB,,xcomp,,,,,0.2493828390461023,NONE
нас,PRON,,obj,Acc,,Plur,,-0.0911081785314738,NONE
принять,VERB,,xcomp,,,,,0.1484865730210239,NONE
его»,PRON,,obj,Acc,Masc,Sing,,-0.2029127113894024,NONE
",",PUNCT,,punct,,,,,0.1612571277192352,NONE
—,PUNCT,,punct,,,,,-0.0372435055729395,NONE
сказал,VERB,,parataxis,,Masc,Sing,,-0.0097991563994609,NONE
он,PRON,,nsubj,Nom,Masc,Sing,,0.1518525401940737,NONE
.,PUNCT,,punct,,,,,-0.2090137138165212,NONE
Надеемся,VERB,,parataxis,,,Plur,,0.554276611192451,NONE
",",PUNCT,,punct,,,,,0.2106255965257862,NONE
уровень,NOUN,,nsubj,Nom,Masc,Sing,Inan,-0.5303488102109849,NONE
обслуживания,NOUN,,nmod,Gen,Neut,Sing,Inan,-0.1796253707630521,NONE
вас,PRON,,obj,Acc,,Plur,,-0.1567660769702789,NONE
удовлетворит,VERB,,root,,,Sing,,0.1468535472080563,NONE
.,PUNCT,,punct,,,,,0.3951048910262612,NONE
По,ADP,,case,,,,,-0.0268526261596232,NONE
его,DET,,det,,,,,0.2623615702947662,NONE
мнению,NOUN,,parataxis,Dat,Neut,Sing,Inan,0.2437813512960667,NONE
",",PUNCT,,punct,,,,,-0.0896106389268123,NONE
однажды,ADV,,advmod,,,,,-0.2066012919513595,NONE
увидев,VERB,,advcl,,,,,-0.0633295107950645,NONE
лигу,NOUN,,obj,Acc,Fem,Sing,Inan,0.0049253441143639,NONE
регби,NOUN,,nmod,Gen,Neut,Sing,Inan,0.0572344764931756,NONE
на,ADP,,case,,,,,-0.3630382384867978,NONE
инвалидных,ADJ,,amod,Loc,,Plur,,0.1865064282315984,NONE
колясках,NOUN,,obl,Loc,Fem,Plur,Inan,0.2243065635021515,NONE
",",PUNCT,,punct,,,,,0.133035710674205,NONE
ты,PRON,,nsubj,Nom,,Sing,,0.0228636847330487,NONE
подсядешь,VERB,,root,,,Sing,,0.198848911634705,NONE
навсегда,ADV,,advmod,,,,,-0.131118458567926,NONE
.,PUNCT,,punct,,,,,-0.5133910039605575,NONE
Посмотрите,VERB,,root,,,Plur,,-0.0577415063397773,NONE
видео,NOUN,,obj,Acc,Neut,Sing,Inan,0.080828197148523,NONE
",",PUNCT,,punct,,,,,0.1250680304560794,NONE
чтобы,SCONJ,,mark,,,,,-0.205784345226322,NONE
узнать,VERB,,advcl,,,,,-0.0214595891828379,NONE
о,ADP,,case,,,,,-0.1488846092695452,NONE
новых,ADJ,,amod,Loc,,Plur,,-0.0167865779993041,NONE
высокотехнологичных,ADJ,,amod,Loc,,Plur,,-0.0116356241810083,NONE
устройствах,NOUN,,obl,Loc,Neut,Plur,Inan,0.1416036540208454,NONE
",",PUNCT,,punct,,,,,0.2544049369929217,NONE
которые,PRON,,obj,Acc,,,,0.0617134513451812,NONE
использует,VERB,,acl:relcl,,,Sing,,0.0328137553969031,NONE
полиция,NOUN,,nsubj,Nom,Fem,Sing,Inan,0.0379161134781827,NONE
в,ADP,,case,,,,,0.0365809402464107,NONE
качестве,NOUN,,fixed,Loc,Neut,Sing,Inan,-0.0990969006613354,NONE
менее,ADV,,obl,,,,,0.112450969631028,NONE
летальных,ADJ,,amod,Gen,,Plur,,0.0661803818037859,NONE
силовых,ADJ,,amod,Gen,,Plur,,0.0843298060439602,NONE
средств,NOUN,,obl,Gen,Neut,Plur,Inan,0.1241323629295199,NONE
",",PUNCT,,punct,,,,,0.127883633117658,NONE
о,ADP,,case,,,,,-0.0542510297886184,NONE
том,PRON,,conj,Loc,Neut,Sing,Inan,-0.0245318907343205,NONE
",",PUNCT,,punct,,,,,0.1781046912091764,NONE
как,ADV,,advmod,,,,,-0.1887572087042129,NONE
они,PRON,,nsubj:pass,Nom,,Plur,,0.0220721471390627,NONE
регулируются,VERB,,acl,,,Plur,,0.0145263490885946,NONE
и,CCONJ,,cc,,,,,-0.1529352886810841,NONE
что,PRON,,nsubj:pass,Nom,,,,-0.0841439766246462,NONE
поставлено,VERB,,conj,,Neut,Sing,,-0.0228778044341945,NONE
на,ADP,,case,,,,,0.0015304865057119,NONE
карту,NOUN,,obl,Acc,Fem,Sing,Inan,-0.0937464018928734,NONE
для,ADP,,case,,,,,-0.0117004345163822,NONE
будущего,ADJ,,amod,Gen,Neut,Sing,,-0.0590288310720219,NONE
полиции,NOUN,,nmod,Gen,Fem,Sing,Inan,0.0282829578509181,NONE
и,CCONJ,,cc,,,,,0.0507046453469644,NONE
общества,NOUN,,conj,Gen,Neut,Sing,Inan,0.0641478576339416,NONE
",",PUNCT,,punct,,,,,0.1159508128380683,NONE
которому,PRON,,iobj,Dat,,,,-0.0519906641328984,NONE
она,PRON,,nsubj,Nom,Fem,Sing,,0.0310613187147502,NONE
служит,VERB,,acl:relcl,,,Sing,,0.062836388478987,NONE
.,PUNCT,,punct,,,,,0.4400944249222223,NONE
Мы,PRON,,nsubj,Nom,,Plur,,0.0068158646436035,NONE
преодолеем,VERB,,root,,,Plur,,-0.0006391206716621,NONE
это,PRON,,obj,Acc,Neut,Sing,Inan,0.4019256113507313,NONE
вместе,ADV,,advmod,,,,,-0.1308554419194048,NONE
",",PUNCT,,punct,,,,,-0.0243580772740999,NONE
и,CCONJ,,cc,,,,,0.1000653198933165,NONE
федеральное,ADJ,,amod,Nom,Neut,Sing,,-0.0143337147251801,NONE
правительство,NOUN,,nsubj,Nom,Neut,Sing,Inan,0.1497011377811344,NONE
не,PART,,advmod,,,,,-0.1212208051746004,NONE
останется,VERB,,conj,,,Sing,,0.2721928284823582,NONE
в,ADP,,case,,,,,0.0584393961727362,NONE
стороне»,NOUN,,obl,Loc,Fem,Sing,Inan,-0.2326365334061154,NONE
",",PUNCT,,punct,,,,,0.2076764596789728,NONE
—,PUNCT,,punct,,,,,0.0159337307836812,NONE
заявил,VERB,,parataxis,,Masc,Sing,,0.2233723276184822,NONE
он,PRON,,nsubj,Nom,Masc,Sing,,0.1404445657943708,NONE
.,PUNCT,,punct,,,,,-0.3382617992136125,NONE
“Если,SCONJ,,mark,,,,,0.1301901723445697,NONE
вы,PRON,,nsubj,Nom,,Plur,,-0.1981994125049089,NONE
не,PART,,advmod,,,,,0.0552520479245698,NONE
измените,VERB,,advcl,,,Plur,,0.1249170202141041,NONE
своих,DET,,det,Gen,,Plur,,0.0589654357077494,NONE
взглядов,NOUN,,obl,Gen,Masc,Plur,Inan,0.0051507498407116,NONE
",",PUNCT,,punct,,,,,0.0157801432804402,NONE
вам,PRON,,iobj,Dat,,Plur,,0.1222210897086463,NONE
стоит,VERB,,root,,,Sing,,-0.0968811874654466,NONE
бояться,VERB,,csubj,,,,,0.1635816954534154,NONE
",",PUNCT,,punct,,,,,0.0399695127226308,NONE
сильно,ADV,,advmod,,,,,0.1265295405213994,NONE
бояться...,VERB,,conj,,,,,0.0982386504574461,NONE
где,ADV,,advmod,,,,,-0.1049303792654202,NONE
бы,AUX,,aux,,,,,-0.1942137687103508,NONE
вы,PRON,,nsubj,Nom,,Plur,,0.0574685622862103,NONE
ни,PART,,advmod,,,,,0.1086137496111083,NONE
были,VERB,,cop,,,Plur,,-0.0009126800751356,NONE
",",PUNCT,,punct,,,,,0.0489231120585905,NONE
всегда,ADV,,advmod,,,,,-0.1854827213161384,NONE
оглядывайтесь”,VERB,,conj,,,Plur,,0.1164676646588726,NONE
",",PUNCT,,punct,,,,,-0.1876473990413439,NONE
—,PUNCT,,punct,,,,,0.1927791002229211,NONE
говорится,VERB,,parataxis,,,Sing,,-0.0360008374956792,NONE
в,ADP,,case,,,,,0.3481269715461375,NONE
письме,NOUN,,obl,Loc,Neut,Sing,Inan,-0.2372000581788917,NONE
.,PUNCT,,punct,,,,,0.0186138014654677,NONE
Однако,ADV,,advmod,,,,,0.0443778073012863,NONE
в,ADP,,case,,,,,0.0777054247479031,NONE
видео,NOUN,,obl,Loc,Neut,Sing,Inan,-0.0333586050323121,NONE
",",PUNCT,,punct,,,,,0.0583537573289809,NONE
выложенном,VERB,,acl,Loc,Neut,Sing,,0.1496471707092079,NONE
Вайли,PROPN,,obl,Ins,Masc,Sing,Anim,-0.0079603782777407,PER
в,ADP,,case,,,,,0.0947392840662856,NONE
Инстаграме,PROPN,,obl,Loc,Masc,Sing,Inan,0.1541785155638358,PER
",",PUNCT,,punct,,,,,0.0152576529666629,NONE
тот,DET,,nsubj,Nom,Masc,Sing,,-0.1981704874849014,NONE
утверждает,VERB,,root,,,Sing,,-0.0874688892802333,NONE
",",PUNCT,,punct,,,,,0.0741613287929558,NONE
что,SCONJ,,mark,,,,,0.6047579271107755,NONE
сам,ADJ,,obl,Nom,Masc,Sing,,0.1014357420259693,NONE
разорвал,VERB,,ccomp,,Masc,Sing,,0.6115253584444387,NONE
связи,NOUN,,obj,Acc,Fem,Plur,Inan,0.0614416020159687,NONE
с,ADP,,case,,,,,0.0651968509221717,NONE
менеджерами,NOUN,,nmod,Ins,Masc,Plur,Anim,0.0808120696413267,NONE
.,PUNCT,,punct,,,,,0.0690994234451339,NONE
Было,AUX,,aux:pass,,Neut,Sing,,0.2530883291160629,NONE
опрошено,VERB,,root,,Neut,Sing,,0.2732582257824106,NONE
более,ADV,,nsubj:pass,,,,,0.0063584792863242,NONE
сотни,NOUN,,obl,Gen,Fem,Sing,Inan,-0.084156782974396,NONE
«надежных,ADJ,,amod,Gen,,Plur,,0.226882190173398,NONE
свидетелей,NOUN,,nmod,Gen,Masc,Plur,Anim,0.1862934278050566,NONE
с,ADP,,case,,,,,-0.0452172772133099,NONE
опытом,NOUN,,nmod,Ins,Masc,Sing,Inan,0.0388055443847548,NONE
работы,NOUN,,nmod,Gen,Fem,Sing,Inan,0.0630709965258459,NONE
в,ADP,,case,,,,,0.0339056568542588,NONE
аэропортах,NOUN,,nmod,Loc,Masc,Plur,Inan,0.2481888414986362,NONE
и,CCONJ,,cc,,,,,-0.1043395829897914,NONE
их,DET,,det,,,,,-0.0141750234074279,NONE
сложных,ADJ,,amod,Loc,,Plur,,0.1358381105440119,NONE
условиях»,NOUN,,conj,Loc,Neut,Plur,Inan,-0.0027376527752439,NONE
.,PUNCT,,punct,,,,,-0.0625561903368729,NONE
VVI,PROPN,,nsubj,,,,,0.0293697956661053,ORG
Medical,PROPN,,flat:foreign,,,,,0.0088837699274436,ORG
осознает,VERB,,root,,,Sing,,0.0131181804297583,NONE
",",PUNCT,,punct,,,,,0.1939127319300328,NONE
что,SCONJ,,mark,,,,,-0.4256405693479371,NONE
многие,NUM,,amod,,,,,-0.1047320724491954,NONE
люди,NOUN,,nsubj,Nom,Masc,Plur,Anim,0.1467120947060323,NONE
хотят,VERB,,ccomp,,,Plur,,0.0627133954681415,NONE
сохранить,VERB,,xcomp,,,,,-0.0801709438403325,NONE
конфиденциальность,NOUN,,obj,Acc,Fem,Sing,Inan,0.1653530336436801,NONE
своей,DET,,det,Gen,Fem,Sing,,0.1745517105842422,NONE
сексуальной,ADJ,,amod,Gen,Fem,Sing,,0.1546081745789492,NONE
жизни,NOUN,,nmod,Gen,Fem,Sing,Inan,0.1655220724765934,NONE
",",PUNCT,,punct,,,,,0.3179755288564074,NONE
вот,PART,,advmod,,,,,0.0052126064383027,NONE
почему,ADV,,advmod,,,,,-0.0088055397669509,NONE
мы,PRON,,nsubj,Nom,,Plur,,0.0895987799507852,NONE
проявим,VERB,,conj,,,Plur,,-0.0653287062731413,NONE
максимальную,ADJ,,amod,Acc,Fem,Sing,,0.0453378300462298,NONE
осмотрительность,NOUN,,obj,Acc,Fem,Sing,Inan,0.1445112536098212,NONE
при,ADP,,case,,,,,0.2943224030689794,NONE
отправке,NOUN,,nmod,Loc,Fem,Sing,Inan,0.1818474755394983,NONE
данного,ADJ,,amod,Gen,Masc,Sing,,0.0438630168731401,NONE
продукта,NOUN,,nmod,Gen,Masc,Sing,Inan,0.1183039462004275,NONE
.,PUNCT,,punct,,,,,-0.2264835657632807,NONE
Санта-Клаус,PROPN,,nsubj,Nom,Masc,Sing,Inan,0.1220359161043457,NONE
штата,NOUN,,nmod,Gen,Masc,Sing,Inan,0.250292319662981,NONE
Айова,PROPN,,appos,Nom,Fem,Sing,Inan,-0.0997961628227697,LOC
ушел,VERB,,root,,Masc,Sing,,0.2707337272368857,NONE
в,ADP,,case,,,,,0.1621286488014233,NONE
отставку,NOUN,,obl,Acc,Fem,Sing,Inan,0.2122370881777927,NONE
спустя,ADP,,case,,,,,-0.0378459563043009,NONE
50,NUM,,nummod,,,,,-0.4658946123774274,NONE
лет,NOUN,,obl,Gen,Masc,Plur,Inan,-0.0291257448892733,NONE
Пола,PROPN,,obj,Acc,Masc,Sing,Anim,0.251923203812442,PER
Гейта,PROPN,,flat:name,Acc,Masc,Sing,Anim,0.5156589176828994,PER
и,CCONJ,,cc,,,,,-0.2449361018118214,NONE
Илейн,PROPN,,conj,Acc,Fem,Sing,Anim,0.0420346967875656,PER
Кёрк,PROPN,,flat:name,Acc,Fem,Sing,Anim,-0.0548178620176769,PER
отпустили,VERB,,root,,,Plur,,0.0730935593099457,NONE
без,ADP,,case,,,,,0.0281311883347325,NONE
предъявления,NOUN,,obl,Gen,Neut,Sing,Inan,-0.0433462857327905,NONE
обвинений,NOUN,,nmod,Gen,Neut,Plur,Inan,0.0539883547205518,NONE
.,PUNCT,,punct,,,,,0.1157310090279765,NONE
По,ADP,,case,,,,,-0.5216639878749938,NONE
информации,NOUN,,parataxis,Dat,Fem,Sing,Inan,0.1823699266302705,NONE
полиции,NOUN,,nmod,Gen,Fem,Sing,Inan,0.1209842427332888,NONE
Сассекса,PROPN,,nmod,Gen,Masc,Sing,Inan,0.0576718320775474,LOC
",",PUNCT,,punct,,,,,0.0581558757853854,NONE
лица,NOUN,,nsubj,Nom,Neut,Plur,Anim,-0.0871322162673536,NONE
",",PUNCT,,punct,,,,,0.0990464286292784,NONE
ответственные,ADJ,,amod,Nom,,Plur,,0.011551834179435,NONE
за,ADP,,case,,,,,-0.0161774813226751,NONE
запуск,NOUN,,obl,Acc,Masc,Sing,Inan,0.1518220489853285,NONE
дронов,NOUN,,nmod,Gen,Masc,Plur,Inan,0.1102752084161423,NONE
и,CCONJ,,cc,,,,,0.0433539125744192,NONE
закрытие,NOUN,,conj,Acc,Neut,Sing,Inan,0.0498018683412215,NONE
аэропорта,NOUN,,nmod,Gen,Masc,Sing,Inan,0.0983889194420144,NONE
Гатвика,PROPN,,appos,Gen,Masc,Sing,Inan,0.0626978754118502,LOC
в,ADP,,case,,,,,-0.0304205401490582,NONE
самую,ADJ,,amod,Acc,Fem,Sing,,0.2821398734982932,NONE
загруженную,VERB,,amod,Acc,Fem,Sing,,0.0049976295339735,NONE
зимнюю,ADJ,,amod,Acc,Fem,Sing,,0.0414974154886992,NONE
неделю,NOUN,,nmod,Acc,Fem,Sing,Inan,0.0156088023615928,NONE
",",PUNCT,,punct,,,,,0.0763739957681929,NONE
«в,ADP,,case,,,,,0.1721212906704121,NONE
подробностях,NOUN,,obl,Loc,Fem,Plur,Inan,0.0683335409459802,NONE
знали,VERB,,root,,,Plur,,0.0009052299603881,NONE
",",PUNCT,,punct,,,,,0.2342753527735898,NONE
как,ADV,,advmod,,,,,0.0285752459797409,NONE
аэропорт,NOUN,,nsubj:pass,Nom,Masc,Sing,Inan,-0.0644197444359348,NONE
устроен,VERB,,ccomp,,Masc,Sing,,0.0912528741515561,NONE
изнутри»,ADV,,advmod,,,,,0.0298719248932966,NONE
.,PUNCT,,punct,,,,,-0.0057364167303606,NONE
Если,SCONJ,,mark,,,,,-0.0601017919480909,NONE
говорить,VERB,,advcl,,,,,-0.1530650874648451,NONE
о,ADP,,case,,,,,-0.2329220075966406,NONE
США,PROPN,,obl,Loc,,Plur,Inan,0.1030605947669536,LOC
",",PUNCT,,punct,,,,,0.0726097209850442,NONE
то,SCONJ,,mark,,,,,-0.1222099237008968,NONE
большие,ADJ,,amod,Acc,,Plur,Inan,0.1098215873959683,NONE
объемы,NOUN,,obj,Acc,Masc,Plur,Inan,0.0713320833010812,NONE
этого,DET,,det,Gen,Neut,Sing,,-0.1990960350713319,NONE
вещества,NOUN,,nmod,Gen,Neut,Sing,Inan,-0.3045948494015863,NONE
применяли,VERB,,root,,,Plur,,0.045450868071997,NONE
как,SCONJ,,mark,,,,,-0.025489012110752,NONE
попало,VERB,,advcl,,Neut,Sing,,0.1345634715420927,NONE
.,PUNCT,,punct,,,,,-0.3022848106624132,NONE
Успехи,NOUN,,nsubj,Nom,Masc,Plur,Inan,0.2077526353339376,NONE
Британии,PROPN,,nmod,Gen,Fem,Sing,Inan,0.1313679685629061,LOC
просто,PART,,advmod,,,,,0.029464522985638,NONE
несравнимы,ADJ,,root,,,Plur,,0.1720262400633517,NONE
с,ADP,,case,,,,,0.2681735225850098,NONE
тем,PRON,,obl,Ins,Neut,Sing,Inan,0.0060163707320975,NONE
",",PUNCT,,punct,,,,,0.1560345583393493,NONE
что,PRON,,nsubj,Nom,Neut,Sing,Inan,0.213764234943942,NONE
сейчас,ADV,,advmod,,,,,0.1200151972244586,NONE
происходит,VERB,,acl,,,Sing,,0.1255024115536819,NONE
в,ADP,,case,,,,,0.1570649569727317,NONE
США,PROPN,,obl,,,,,-0.0814971694810365,LOC
",",PUNCT,,punct,,,,,-0.0684737817649765,NONE
—,PUNCT,,punct,,,,,-0.1321384335716746,NONE
добавил,VERB,,parataxis,,Masc,Sing,,0.0331724575793198,NONE
он,PRON,,nsubj,Nom,Masc,Sing,,-0.1218736119775052,NONE
.,PUNCT,,punct,,,,,-0.0135951674945708,NONE
Надо,ADV,,root,,,,,-0.5632642324339922,NONE
отдать,VERB,,csubj,,,,,0.2110888859629615,NONE
должное,NOUN,,obj,Acc,Neut,Sing,Inan,0.1291453736656578,NONE
медикам,NOUN,,iobj,Dat,Masc,Plur,Anim,-0.0145428476106578,NONE
.,PUNCT,,punct,,,,,0.1924812953251955,NONE
Начиная,VERB,,advcl,,,,,0.7096958664369875,NONE
со,ADP,,case,,,,,-0.0032828676123414,NONE
вторника,NOUN,,obl,Gen,Masc,Sing,Inan,0.0886593707892763,NONE
",",PUNCT,,punct,,,,,0.1392082878963836,NONE
путешествующие,VERB,,nsubj,Nom,,Plur,,0.2002582191841342,NONE
на,ADP,,case,,,,,-0.0313583938865695,NONE
самолете,NOUN,,obl,Loc,Masc,Sing,Inan,0.145478937903685,NONE
из,ADP,,case,,,,,0.0108389058986773,NONE
Болгарии,PROPN,,nmod,Gen,Fem,Sing,Inan,0.0310728615559589,LOC
в,ADP,,case,,,,,0.192302640278207,NONE
Грецию,PROPN,,obl,Acc,Fem,Sing,Inan,-0.0018918119930909,LOC
должны,ADJ,,root,,,Plur,,0.0491489592571279,NONE
будут,AUX,,cop,,,Plur,,-0.0110687035941477,NONE
представить,VERB,,xcomp,,,,,-0.0001420040689036,NONE
пограничным,ADJ,,amod,Dat,,Plur,,0.0511476731100254,NONE
властям,NOUN,,iobj,Dat,Fem,Plur,Inan,0.1994151827594558,NONE
Греции,PROPN,,nmod,Gen,Fem,Sing,Inan,0.0129785324622143,LOC
отрицательный,ADJ,,amod,Acc,Masc,Sing,Inan,0.0342070749300236,NONE
результат,NOUN,,obj,Acc,Masc,Sing,Inan,0.0362927829981493,NONE
ПЦР-теста,NOUN,,nmod,Gen,Masc,Sing,Inan,0.1211194435569162,NONE
на,ADP,,case,,,,,0.0890822636576524,NONE
коронавирус,NOUN,,nmod,Acc,Masc,Sing,Inan,0.1669571830208811,NONE
",",PUNCT,,punct,,,,,0.1227954477439741,NONE
проведенного,VERB,,acl,Gen,Masc,Sing,,0.0889620094382393,NONE
не,PART,,advmod,,,,,0.0508549888004077,NONE
ранее,ADV,,advmod,,,,,0.0302803686741268,NONE
чем,SCONJ,,mark,,,,,-0.0450935048528957,NONE
за,ADP,,case,,,,,0.0371484975223551,NONE
72,NUM,,nummod,,,,,0.0144356299544205,NONE
часа,NOUN,,obl,Gen,Masc,Sing,Inan,0.0945111431904202,NONE
до,ADP,,case,,,,,0.0198539852343,NONE
въезда,NOUN,,nmod,Gen,Masc,Sing,Inan,0.0446261503311035,NONE
к,ADP,,case,,,,,0.0187183502428949,NONE
нашим,DET,,det,Dat,,Plur,,0.0327100084838175,NONE
южным,ADJ,,amod,Dat,,Plur,,0.0737765422295288,NONE
соседям,NOUN,,nmod,Dat,Masc,Plur,Anim,0.2477895486841845,NONE
",",PUNCT,,punct,,,,,0.2042389403621511,NONE
объявили,VERB,,parataxis,,,Plur,,0.006300428193034,NONE
в,ADP,,case,,,,,0.1295066721921361,NONE
Министерстве,PROPN,,obl,Loc,Neut,Sing,Inan,0.0057433436141744,ORG
иностранных,ADJ,,amod,Gen,,Plur,,-0.037767003160071,ORG
дел,NOUN,,nmod,Gen,Neut,Plur,Inan,0.0443935123819155,ORG
.,PUNCT,,punct,,,,,-0.1205678105408375,NONE
«Первой,ADJ,,amod,Ins,Fem,Sing,,0.1286524855107873,NONE
задачей,NOUN,,root,Ins,Fem,Sing,Inan,0.0397495944769571,NONE
Шарфа,PROPN,,nmod,Gen,Masc,Sing,Inan,0.0167199154307903,PER
будет,AUX,,cop,,,Sing,,-0.0618023915974928,NONE
успокоить,VERB,,csubj,,,,,0.115956827631156,NONE
регуляторов,NOUN,,obj,Acc,Masc,Plur,Anim,0.0352500163806914,NONE
и,CCONJ,,cc,,,,,-0.1412212010304209,NONE
осуществить,VERB,,conj,,,,,0.0347038494571319,NONE
изменения,NOUN,,obj,Acc,Neut,Plur,Inan,-0.0697481807391755,NONE
",",PUNCT,,punct,,,,,0.1339911955035306,NONE
необходимые,ADJ,,amod,Acc,,Plur,Inan,-0.1603201639064389,NONE
для,ADP,,case,,,,,-0.0616511496559517,NONE
устранения,NOUN,,obl,Gen,Neut,Sing,Inan,0.1245197866394183,NONE
текущего,ADJ,,amod,Gen,Neut,Sing,,-0.049411130053841,NONE
ограничения,NOUN,,nmod,Gen,Neut,Sing,Inan,-0.0127580054593055,NONE
на,ADP,,case,,,,,-0.0026054460542761,NONE
размер,NOUN,,nmod,Acc,Masc,Sing,Inan,-0.0421980012527854,NONE
активов»,NOUN,,nmod,Gen,Fem,Sing,Inan,0.1945050411206036,NONE
",",PUNCT,,punct,,,,,0.1269735789623782,NONE
–,PUNCT,,punct,,,,,-0.3386872659315929,NONE
заявил,VERB,,parataxis,,Masc,Sing,,-0.1067832282042569,NONE
Кляйнханзл,PROPN,,nsubj,Nom,Masc,Sing,Anim,0.4304109031698787,PER
.,PUNCT,,punct,,,,,-0.5864656147456253,NONE
«Кроме,ADP,,case,,,,,0.3209497100098213,NONE
того,PRON,,parataxis,Gen,Neut,Sing,Inan,-0.1342806704861681,NONE
",",PUNCT,,punct,,,,,0.306950551738815,NONE
данные,NOUN,,nsubj,Nom,,Plur,Inan,-0.2658173833115078,NONE
правительства,NOUN,,nmod,Gen,Neut,Sing,Inan,0.0261421642204765,NONE
говорят,VERB,,root,,,Plur,,-0.0443031326583302,NONE
о,ADP,,case,,,,,0.1633893600640519,NONE
росте,NOUN,,obl,Loc,Masc,Sing,Inan,-0.0463658635118588,NONE
количества,NOUN,,nmod,Gen,Neut,Sing,Inan,-0.0600373277708739,NONE
столкновений,NOUN,,nmod,Gen,Neut,Plur,Inan,0.1721626418135078,NONE
на,ADP,,case,,,,,0.044874018687899,NONE
автомагистралях,NOUN,,nmod,Loc,Fem,Plur,Inan,0.0548649820570603,NONE
в,ADP,,case,,,,,0.1960448111062618,NONE
случаях,NOUN,,nmod,Loc,Masc,Plur,Inan,0.0540439358097877,NONE
",",PUNCT,,punct,,,,,0.3670240922916711,NONE
где,ADV,,advmod,,,,,-0.1023612881661152,NONE
по,ADP,,advmod,,,,,-0.0435291188325177,NONE
крайней,ADJ,,fixed,Dat,Fem,Sing,,-0.1153744818235115,NONE
мере,NOUN,,fixed,Dat,Fem,Sing,Inan,0.0364182939319919,NONE
один,NUM,,nsubj,Nom,Masc,,,0.1020422273112667,NONE
из,ADP,,case,,,,,0.0592330282367562,NONE
водителей,NOUN,,nmod,Gen,Masc,Plur,Anim,0.0695904366295657,NONE
находился,VERB,,acl:relcl,,Masc,Sing,,0.0016870994408951,NONE
под,ADP,,case,,,,,0.0594357492787601,NONE
воздействием,NOUN,,obl,Ins,Neut,Sing,Inan,0.0575311438196714,NONE
запрещенных,VERB,,acl,Gen,,Plur,,-0.0131999848220252,NONE
законом,NOUN,,obl,Ins,Masc,Sing,Inan,0.0644233567904649,NONE
веществ»,NOUN,,nmod,Gen,Neut,Plur,Inan,-0.0199863368472232,NONE
.,PUNCT,,punct,,,,,0.5471084946713695,NONE
Угадайте,VERB,,root,,,Plur,,0.1308204929354037,PER
",",PUNCT,,punct,,,,,0.5455108583122372,NONE
в,ADP,,case,,,,,0.2554937988278588,NONE
чем,PRON,,obl,Loc,,,,0.262934964780263,NONE
ошибка,NOUN,,nsubj,Nom,Fem,Sing,Inan,0.2204908031575148,NONE
Никсона,PROPN,,nmod,Gen,Masc,Sing,Anim,0.079068566630036,PER
и,CCONJ,,cc,,,,,0.1015689300290652,NONE
Картера,PROPN,,conj,Gen,Masc,Sing,Anim,0.0364727757747384,PER
и,CCONJ,,cc,,,,,0.0314784388545491,NONE
почему,ADV,,advmod,,,,,0.0335649613697537,NONE
этот,DET,,det,Nom,Masc,Sing,,-0.0736583519279364,NONE
самородок,NOUN,,nsubj,Nom,Masc,Sing,Anim,0.03637433636551,NONE
Рейган,PROPN,,appos,Nom,Masc,Sing,Anim,0.1545773549651583,PER
не,PART,,advmod,,,,,0.2016417566287065,NONE
мог,VERB,,conj,,Masc,Sing,,-0.0168757916755528,NONE
сделать,VERB,,xcomp,,,,,0.0854701014806727,NONE
ничего,PRON,,obl,Gen,,,,0.0959423164473136,NONE
плохого,ADJ,,amod,Gen,Neut,Sing,,0.1965172373589923,NONE
.,PUNCT,,punct,,,,,0.0976364332813285,NONE
Вам,PRON,,iobj,Dat,,Plur,,-0.2498667720143838,NONE
нужно,ADJ,,root,,Neut,Sing,,0.033645703710606,NONE
оплатить,VERB,,csubj,,,,,-0.0633783132472809,NONE
через,ADP,,case,,,,,-0.3824513298749891,NONE
систему,NOUN,,obl,Acc,Fem,Sing,Inan,-0.1189402679640052,NONE
Paypal,PROPN,,flat:foreign,,,,,0.5376902456766262,ORG
.,PUNCT,,punct,,,,,0.5721552598507726,NONE
Вакуумная,ADJ,,amod,Nom,Fem,Sing,,0.0471323313285149,NONE
трубка,NOUN,,nsubj,Nom,Fem,Sing,Inan,-0.0027578148814917,NONE
Samco,PROPN,,flat:foreign,,,,,-0.0167784372818349,NONE
Sport,PROPN,,flat:foreign,,,,,0.0298525050534186,NONE
—,PUNCT,,punct,,,,,0.1069859711764422,NONE
это,PRON,,expl,,,,,-0.2548578891175082,NONE
шланг,NOUN,,root,Nom,Masc,Sing,Inan,0.2426282452566956,NONE
из,ADP,,case,,,,,0.0219836891951565,NONE
чистого,ADJ,,amod,Gen,Masc,Sing,,0.0670473492840196,NONE
силикона,NOUN,,nmod,Gen,Masc,Sing,Inan,0.1984035033880848,NONE
",",PUNCT,,punct,,,,,0.6487862917190143,NONE
доступный,ADJ,,amod,Nom,Masc,Sing,,0.1851988244298059,NONE
с,ADP,,case,,,,,0.0082909265922207,NONE
внутренними,ADJ,,amod,Ins,,Plur,,0.1547989353734186,NONE
диаметрами,NOUN,,obl,Ins,Masc,Plur,Inan,0.0915103572022244,NONE
(,PUNCT,,punct,,,,,-0.1384704719314505,NONE
I,PROPN,,flat:foreign,,,,,0.0458881655113964,NONE
.,PUNCT,,punct,,,,,-0.0632706110635092,NONE
D,PROPN,,flat:foreign,,,,,-0.1093632271264713,NONE
),PUNCT,,punct,,,,,-0.075761591402022,NONE
от,ADP,,case,,,,,-0.0237666889619424,NONE
3,NUM,,nmod,,,,,-0.069881529974033,NONE
до,ADP,,case,,,,,-0.0943409987059672,NONE
9,NUM,,nummod,,,,,-0.1925299342992036,NONE
мм,NOUN,,nmod,Gen,Masc,Plur,Inan,-0.0783772171806937,NONE
.,PUNCT,,punct,,,,,-0.2064716120358229,NONE
Согласно,ADP,,case,,,,,0.1099820333091018,NONE
политике,NOUN,,parataxis,Dat,Fem,Sing,Inan,0.0320144709010994,NONE
государства,NOUN,,nmod,Gen,Neut,Sing,Inan,0.1733785060941552,NONE
",",PUNCT,,punct,,,,,0.1075985575891191,NONE
необходимо,ADJ,,root,,Neut,Sing,,-0.0845235500142957,NONE
уважать,VERB,,csubj,,,,,0.0813322167129725,NONE
волю,NOUN,,obj,Acc,Fem,Sing,Inan,-0.1882375421588364,NONE
семей,NOUN,,nmod,Gen,Fem,Plur,Inan,-0.2038072670452285,NONE
погибших,VERB,,amod,Gen,,Plur,,0.1705564353021782,NONE
героев,NOUN,,nmod,Gen,Masc,Plur,Anim,0.0751436812629634,NONE
",",PUNCT,,punct,,,,,0.3191360279643778,NONE
поэтому,ADV,,advmod,,,,,0.1895156974292079,NONE
семье,NOUN,,iobj,Dat,Fem,Sing,Inan,0.0113246246646631,NONE
Мугабе,PROPN,,nmod,Gen,Masc,Sing,Anim,0.3228677071660029,PER
будет,AUX,,aux:pass,,,Sing,,0.0178289795045847,NONE
оказано,VERB,,conj,,Neut,Sing,,0.0264912581444714,NONE
все,DET,,det,Nom,Neut,Sing,,-0.0164117293555145,NONE
необходимое,ADJ,,amod,Nom,Neut,Sing,,0.0909837110721552,NONE
содействие,NOUN,,nsubj:pass,Nom,Neut,Sing,Inan,0.1310665309310855,NONE
.,PUNCT,,punct,,,,,-0.1200408025673538,NONE
Помимо,ADP,,case,,,,,0.0190010245588511,NONE
этих,DET,,det,Gen,,Plur,,-0.1673959065635293,NONE
аккаунтов,NOUN,,obl,Gen,Masc,Plur,Inan,0.0965121054543178,NONE
было,AUX,,aux:pass,,Neut,Sing,,-0.1173994929314059,NONE
обнаружено,VERB,,root,,Neut,Sing,,-0.0479694762497303,NONE
еще,ADV,,advmod,,,,,-0.0393719971136989,NONE
936,NUM,,nummod,,,,,0.0319297938773937,NONE
самостоятельных,ADJ,,amod,Gen,,Plur,,0.0770557462527101,NONE
аккаунтов,NOUN,,nsubj:pass,Gen,Masc,Plur,Inan,0.0768553228128118,NONE
",",PUNCT,,punct,,,,,0.0799874819247715,NONE
которые,PRON,,nsubj,Nom,,,,0.0468436414252483,NONE
",",PUNCT,,punct,,,,,0.2965295178438346,NONE
по,ADP,,case,,,,,-0.0946553132283577,NONE
мнению,NOUN,,parataxis,Dat,Neut,Sing,Inan,0.0163005895343791,NONE
компании,NOUN,,nmod,Gen,Fem,Sing,Inan,0.1427705669400996,NONE
",",PUNCT,,punct,,,,,0.3448048915708299,NONE
также,ADV,,advmod,,,,,0.0531564542028396,NONE
принадлежат,VERB,,acl:relcl,,,Plur,,-0.1309031758595279,NONE
Китаю,PROPN,,iobj,Dat,Masc,Sing,Inan,0.0656996404046397,LOC
и,CCONJ,,cc,,,,,-0.0563520892092017,NONE
были,AUX,,aux:pass,,,Plur,,0.0115282185408607,NONE
использованы,VERB,,conj,,,Plur,,0.092099950524661,NONE
",",PUNCT,,punct,,,,,0.1233421216404204,NONE
чтобы,SCONJ,,mark,,,,,-0.3011317673841024,NONE
внести,VERB,,advcl,,,,,-0.0229399249834662,NONE
разлад,NOUN,,obj,Acc,Masc,Sing,Inan,0.0574815716988409,NONE
среди,ADP,,case,,,,,-0.0901522463687866,NONE
жителей,NOUN,,nmod,Gen,Masc,Plur,Anim,0.0275084579019794,NONE
Гонконга,PROPN,,nmod,Gen,Masc,Sing,Inan,0.0905887895178032,LOC
",",PUNCT,,punct,,,,,0.2878592267052988,NONE
делегитимизировать,VERB,,conj,,,,,0.0940743594754493,NONE
протестное,ADJ,,amod,Acc,Neut,Sing,,0.0969852096738072,NONE
движение,NOUN,,obj,Acc,Neut,Sing,Inan,0.0885608577585999,NONE
и,CCONJ,,cc,,,,,-0.0770815266635571,NONE
ослабить,VERB,,conj,,,,,0.0235629031040084,NONE
его,DET,,det,,,,,-0.1444194519324993,NONE
политические,ADJ,,amod,Acc,,Plur,Inan,0.1077259231300607,NONE
позиции,NOUN,,obj,Acc,Fem,Plur,Inan,0.1183731922410745,NONE
.,PUNCT,,punct,,,,,0.01953930420024,NONE
Сомали,PROPN,,root,Nom,Neut,Sing,Inan,0.0754340543806747,NONE
:,PUNCT,,punct,,,,,-0.0823666706000465,NONE
Выступая,VERB,,advcl,,,,,0.0538248131888147,NONE
в,ADP,,case,,,,,0.0554544447664708,NONE
ООН,PROPN,,obl,Loc,Fem,Sing,Inan,-0.0318216411220103,ORG
",",PUNCT,,punct,,,,,-0.1015788906117377,NONE
президент,NOUN,,nsubj,Nom,Masc,Sing,Anim,-0.0201422745281275,NONE
Сомали,PROPN,,nmod,Gen,Neut,Sing,Inan,0.1365526695376868,LOC
подчеркнул,VERB,,parataxis,,Masc,Sing,,-0.0064499407840623,NONE
успехи,NOUN,,obj,Acc,Masc,Plur,Inan,0.0510197119227942,NONE
в,ADP,,case,,,,,0.0165461645868314,NONE
развитии,NOUN,,nmod,Loc,Neut,Sing,Inan,-0.0280686081648072,NONE
страны,NOUN,,nmod,Gen,Fem,Sing,Inan,-0.15264688321067,NONE
",",PUNCT,,punct,,,,,0.0672004385653276,NONE
но,CCONJ,,cc,,,,,0.174905789932283,NONE
предупредил,VERB,,conj,,Masc,Sing,,-0.1418129466329707,NONE
",",PUNCT,,punct,,,,,-0.0293598189679259,NONE
что,SCONJ,,mark,,,,,-0.4384093315734183,NONE
искоренить,VERB,,csubj,,,,,-0.0563439667439376,NONE
терроризм,NOUN,,obj,Acc,Masc,Sing,Inan,-0.0386354132522486,NONE
"""",PUNCT,,punct,,,,,0.0317143614859286,NONE
"""",PUNCT,,punct,,,,,0.548177278148693,NONE
будет,AUX,,cop,,,Sing,,0.1084729930531504,NONE
непросто,ADJ,,ccomp,,Neut,Sing,,-0.1295374420243771,NONE
"""",PUNCT,,punct,,,,,0.0844749175207819,NONE
"""",PUNCT,,punct,,,,,0.029739207183297,NONE
"""",PUNCT,,punct,,,,,0.2726329814757922,NONE
Большая,ADJ,,amod,Nom,Fem,Sing,,0.2326513525515746,NONE
часть,NOUN,,nsubj,Nom,Fem,Sing,Inan,-0.0902801055757647,NONE
западной,ADJ,,amod,Gen,Fem,Sing,,0.0355465359361334,NONE
Сербии,PROPN,,nmod,Gen,Fem,Sing,Inan,-0.0687540732856896,LOC
осталась,VERB,,root,,Fem,Sing,,0.0040675530930878,NONE
без,ADP,,case,,,,,-0.0930584662619532,NONE
электричества,NOUN,,obl,Gen,Neut,Sing,Inan,-0.0268120994514252,NONE
",",PUNCT,,punct,,,,,0.2318520403155323,NONE
так,ADV,,mark,,,,,0.0533723061125557,NONE
как,SCONJ,,fixed,,,,,0.1009172109620391,NONE
власти,NOUN,,nsubj,Nom,Fem,Plur,Inan,-0.0203799574781691,NONE
предостерегли,VERB,,advcl,,,Plur,,0.0255335086691723,NONE
жителей,NOUN,,obj,Acc,Masc,Plur,Anim,-0.0235141581289297,NONE
от,ADP,,case,,,,,0.110639617235173,NONE
несрочных,ADJ,,amod,Gen,,Plur,,0.1276293882962009,NONE
поездок,NOUN,,obl,Gen,Fem,Plur,Inan,0.1662858062374772,NONE
и,CCONJ,,cc,,,,,0.0861378715144295,NONE
призвали,VERB,,conj,,,Plur,,0.1624512722601674,NONE
жителей,NOUN,,obj,Acc,Masc,Plur,Anim,-0.0323214507123885,NONE
Сербии,PROPN,,nmod,Gen,Fem,Sing,Inan,-0.0125361666536177,LOC
экономить,VERB,,xcomp,,,,,-0.043593260820944,NONE
электроэнергию,NOUN,,obj,Acc,Fem,Sing,Inan,0.1028105730446213,NONE
.,PUNCT,,punct,,,,,0.6171372756096124,NONE
В,ADP,,case,,,,,-0.3199834204560161,NONE
Управлении,PROPN,,obl,Loc,Neut,Sing,Inan,0.13789492790347,ORG
земельных,ADJ,,amod,Gen,,Plur,,-0.0883608733634269,ORG
ресурсов,NOUN,,nmod,Gen,Masc,Plur,Inan,-0.0560449649302451,ORG
Айдахо,PROPN,,nmod,Gen,Masc,Sing,Inan,0.2347572293196544,LOC
и,CCONJ,,cc,,,,,-0.1017940275082312,NONE
Управлении,PROPN,,conj,Loc,Neut,Sing,Inan,-0.0476961868058131,ORG
охотничьего,ADJ,,amod,Gen,Neut,Sing,,0.0060291769984137,ORG
и,CCONJ,,cc,,,,,0.085886947888629,ORG
рыбного,ADJ,,conj,Gen,Neut,Sing,,0.0519866735744472,ORG
хозяйства,NOUN,,nmod,Gen,Neut,Sing,Inan,-0.0305119566862673,ORG
Айдахо,PROPN,,nmod,Nom,Masc,Sing,Inan,0.3374437265542669,LOC
заявили,VERB,,root,,,Plur,,-0.2861209068326681,NONE
",",PUNCT,,punct,,,,,0.4179127775383026,NONE
что,SCONJ,,mark,,,,,0.0699039073851703,NONE
обе,NUM,,nummod:gov,Nom,Fem,,,-0.0086113853006814,NONE
стороны,NOUN,,nsubj,Gen,Fem,Sing,Inan,0.020643028191503,NONE
выигрывают,VERB,,ccomp,,,Plur,,0.2458572582196315,NONE
от,ADP,,case,,,,,-0.1121465850531821,NONE
соглашения,NOUN,,obl,Gen,Neut,Sing,Inan,-0.0522207232145205,NONE
2018,ADJ,,amod,,,,,-0.0363017416254657,NONE
г,NOUN,,nmod,Gen,Masc,Sing,Inan,0.1720988900904651,NONE
.,PUNCT,,punct,,,,,0.1420473635355641,NONE
Обамеянг,NOUN,,nsubj,Nom,Masc,Sing,Inan,0.1331295601803975,ORG
приносит,VERB,,root,,,Sing,,0.1315524838490078,ORG
"""",PUNCT,,punct,,,,,0.1422306524527587,NONE
"""",PUNCT,,punct,,,,,0.1240241594520574,NONE
Арсеналу,PROPN,,iobj,,,,,0.3081614007988042,ORG
"""",PUNCT,,punct,,,,,0.2103457252660547,NONE
"""",PUNCT,,punct,,,,,0.0988517367498564,NONE
победу,NOUN,,obj,Acc,Fem,Sing,Inan,0.0062509622033397,NONE
",",PUNCT,,punct,,,,,0.4602971185291925,NONE
и,CCONJ,,cc,,,,,0.0598837899183768,NONE
"""",PUNCT,,punct,,,,,0.2595914944215983,NONE
"""",PUNCT,,punct,,,,,0.1832452283950301,NONE
Уотфорд,PROPN,,nsubj,,,,,0.2444920949751151,ORG
"""",PUNCT,,punct,,,,,0.2750287340367848,NONE
"""",PUNCT,,punct,,,,,0.0679227889129075,NONE
выходит,VERB,,conj,,,Sing,,-0.221564293682355,NONE
из,ADP,,case,,,,,0.0193176017288512,NONE
Премьер-лиги,NOUN,,obl,Gen,Fem,Sing,Inan,0.1206876972725014,ORG
"""",PUNCT,,punct,,,,,0.0953840806898178,NONE
Еще,ADV,,obl,,,,,0.0691752519566685,NONE
в,ADP,,case,,,,,-0.2508155802822212,NONE
1977,ADJ,,amod,,,,,-0.1533220257190532,NONE
году,NOUN,,obl,Loc,Masc,Sing,Inan,-0.01159076030323,NONE
Sex,PROPN,,nsubj,,,,,0.1600360691401512,ORG
Pistols,PROPN,,flat:foreign,,,,,0.0225587731012791,ORG
предупреждали,VERB,,root,,,Plur,,0.2962000379736311,NONE
слушателей,NOUN,,obj,Acc,Masc,Plur,Anim,0.3415645244629461,NONE
:,PUNCT,,punct,,,,,0.314545185028903,NONE
«Англия,NOUN,,nsubj,Nom,Fem,Sing,Inan,0.0784943464907238,LOC
мечтает,VERB,,parataxis,,,Sing,,0.0764288304203101,NONE
о,ADP,,case,,,,,0.1711821283551235,NONE
будущем,NOUN,,obl,Loc,Neut,Sing,Inan,-0.0139149524854287,NONE
без,ADP,,case,,,,,-0.0621562264778293,NONE
вас»,NOUN,,obl,Gen,Fem,Sing,Inan,0.0256687886951252,NONE
.,PUNCT,,punct,,,,,0.3175317260109864,NONE
Ранее,ADV,,advmod,,,,,0.148599008379092,NONE
агентство,NOUN,,nsubj,Nom,Neut,Sing,Inan,-0.1029354849055501,NONE
заявило,VERB,,root,,Neut,Sing,,-0.0403758092903264,NONE
",",PUNCT,,punct,,,,,-0.0151199661965983,NONE
что,SCONJ,,mark,,,,,-0.1659798564979591,NONE
Дипак,PROPN,,nsubj,Nom,Masc,Sing,Anim,-0.072529947907096,PER
Талвар,PROPN,,flat:name,Nom,Masc,Sing,Anim,-0.0458414986635815,PER
“сотрудничал,VERB,,ccomp,,Masc,Sing,,0.1768559730625399,NONE
с,ADP,,case,,,,,0.1551527284550253,NONE
политиками,NOUN,,obl,Ins,Masc,Plur,Anim,0.0924506304847236,NONE
",",PUNCT,,punct,,,,,0.1672033833740898,NONE
министрами,NOUN,,conj,Ins,Masc,Plur,Anim,-0.0128884760419204,NONE
и,CCONJ,,cc,,,,,-0.0255422226050433,NONE
другими,ADJ,,amod,Ins,,Plur,,0.0439741094255238,NONE
госслужащими,NOUN,,conj,Ins,Masc,Plur,Anim,0.0583375441176135,NONE
и,CCONJ,,cc,,,,,-0.0663260014175663,NONE
чиновниками,NOUN,,conj,Ins,Masc,Plur,Anim,-0.0506873985992279,NONE
Министерства,PROPN,,nmod,Gen,Neut,Sing,Inan,-0.1301769988402144,ORG
гражданской,ADJ,,amod,Gen,Fem,Sing,,0.0299867129954131,ORG
авиации,NOUN,,nmod,Gen,Fem,Sing,Inan,-0.0093708987771699,ORG
и,CCONJ,,cc,,,,,-0.0576458943023504,NONE
лоббировал,VERB,,conj,,Masc,Sing,,-0.0056385345927531,NONE
интересы,NOUN,,obj,Acc,Masc,Plur,Inan,-0.165436761074975,NONE
таких,DET,,det,Gen,,Plur,,0.0380428777160437,NONE
компаний,NOUN,,nmod,Gen,Fem,Plur,Inan,-0.0425647115550403,NONE
",",PUNCT,,punct,,,,,0.2270346484008945,NONE
как,SCONJ,,mark,,,,,0.1086793697024982,NONE
Emirates,PROPN,,flat:foreign,,,,,0.1392286048368028,ORG
",",PUNCT,,punct,,,,,0.1978005346881972,NONE
Air,PROPN,,flat:foreign,,,,,0.0176619985402195,ORG
Arabia,PROPN,,flat:foreign,,,,,0.1656715537651764,ORG
и,CCONJ,,cc,,,,,0.0850213065084725,NONE
Qatar,PROPN,,flat:foreign,,,,,0.097339776739423,ORG
Airways,PROPN,,flat:foreign,,,,,-0.032439088626868,ORG
",",PUNCT,,punct,,,,,0.0958701809069469,NONE
чтобы,SCONJ,,mark,,,,,-0.088104493824489,NONE
обеспечить,VERB,,advcl,,,,,0.0080226835061201,NONE
им,PRON,,iobj,Dat,,Plur,,-0.0300284158758797,NONE
undue,X,,flat:foreign,,,,,0.1647217850583911,NONE
benefits”,X,,flat:foreign,,,,,0.0189520976270778,NONE
при,ADP,,case,,,,,0.0857728493789375,NONE
правительстве,NOUN,,obl,Loc,Neut,Sing,Inan,0.1963939674881591,NONE
UPA,PROPN,,flat:foreign,,,,,-0.0076440199488339,ORG
.,PUNCT,,punct,,,,,0.2045629220888325,NONE
Это,PRON,,nsubj,Nom,Neut,Sing,Inan,0.1850423685749391,NONE
последовало,VERB,,root,,Neut,Sing,,0.0367506402740913,NONE
за,ADP,,case,,,,,-0.1664548667750233,NONE
обсуждением,NOUN,,obl,Ins,Neut,Sing,Inan,-0.1787342890671093,NONE
в,ADP,,case,,,,,-0.0548028460179065,NONE
субботу,NOUN,,nmod,Acc,Fem,Sing,Inan,-0.0752689989006451,NONE
в,ADP,,case,,,,,-0.0055551565704241,NONE
Ливерпуле,PROPN,,nmod,Loc,Masc,Sing,Inan,-0.0161878107113125,LOC
министрами,NOUN,,nmod,Ins,Masc,Plur,Anim,0.0422775389006737,NONE
иностранных,ADJ,,amod,Gen,,Plur,,-0.0038406728408187,NONE
дел,NOUN,,nmod,Gen,Neut,Plur,Inan,-0.0067742720687884,NONE
G7,PROPN,,appos,,,,,0.104199006446798,ORG
координированных,VERB,,amod,Gen,,Plur,,0.0901854273312415,NONE
действий,NOUN,,nmod,Gen,Neut,Plur,Inan,0.0208390786013892,NONE
",",PUNCT,,punct,,,,,0.0652380313389144,NONE
которые,PRON,,obj,Acc,,,,0.1351167580205767,NONE
можно,ADV,,acl:relcl,,,,,0.0652776256325769,NONE
предпринять,VERB,,csubj,,,,,0.0072792400432702,NONE
в,ADP,,case,,,,,0.0336938197878512,NONE
Афганистане,PROPN,,obl,Loc,Masc,Sing,Inan,0.127681514385562,LOC
",",PUNCT,,punct,,,,,0.071767545987571,NONE
наряду,ADV,,advmod,,,,,0.0241172640527997,NONE
с,ADP,,case,,,,,0.1310275282049006,NONE
вопросом,NOUN,,obl,Ins,Masc,Sing,Inan,0.092390836102569,NONE
о,ADP,,case,,,,,0.0488557845583951,NONE
том,PRON,,nmod,Loc,Neut,Sing,Inan,0.0687702817532767,NONE
",",PUNCT,,punct,,,,,0.1002293034320394,NONE
как,ADV,,advmod,,,,,0.0786171699924721,NONE
взаимодействовать,VERB,,acl,,,,,0.2213954297563876,NONE
с,ADP,,case,,,,,0.0414066246979129,NONE
талибскими,ADJ,,amod,Ins,,Plur,,0.1053526042366487,NONE
правителями,NOUN,,obl,Ins,Masc,Plur,Anim,0.16468066197418,NONE
.,PUNCT,,punct,,,,,0.0071642238971388,NONE
Пакистан,PROPN,,nsubj,Nom,Masc,Sing,Inan,-0.2741359126935511,LOC
хочет,VERB,,root,,,Sing,,0.2234865386331414,NONE
",",PUNCT,,punct,,,,,0.1029520620190851,NONE
чтобы,SCONJ,,mark,,,,,-0.025786127600721,NONE
Организация,PROPN,,nsubj,Nom,Fem,Sing,Inan,0.058158440406207,ORG
Объединенных,VERB,,amod,Gen,,Plur,,0.138696645370468,ORG
Наций,PROPN,,nmod,Gen,Fem,Plur,Inan,-0.0773236046664512,ORG
повлияла,VERB,,ccomp,,Fem,Sing,,-0.045269615141096,NONE
на,ADP,,case,,,,,-0.0440973811660665,NONE
решение,NOUN,,obl,Acc,Neut,Sing,Inan,0.0421585861043522,NONE
кашмирского,ADJ,,amod,Gen,Masc,Sing,,0.0081858451401226,NONE
вопроса,NOUN,,nmod,Gen,Masc,Sing,Inan,0.1472985955094135,NONE
",",PUNCT,,punct,,,,,0.1821371183136652,NONE
приняв,VERB,,advcl,,,,,0.0257085208486177,NONE
резолюции,NOUN,,obj,Acc,Fem,Plur,Inan,-0.0102702745337311,NONE
",",PUNCT,,punct,,,,,0.3601065609226208,NONE
которые,PRON,,nsubj,Nom,,,,-0.0904621243247507,NONE
дали,VERB,,acl:relcl,,,Plur,,-0.1281646274335076,NONE
бы,AUX,,aux,,,,,0.0619980158337887,NONE
жителям,NOUN,,iobj,Dat,Masc,Plur,Anim,-0.0322614188756366,NONE
гималайского,ADJ,,amod,Gen,Masc,Sing,,0.0196076515514467,NONE
региона,NOUN,,nmod,Gen,Masc,Sing,Inan,0.0205572020415327,NONE
возможность,NOUN,,obj,Acc,Fem,Sing,Inan,-0.1346726947272676,NONE
выбрать,VERB,,obl,,,,,0.0315561984904065,NONE
",",PUNCT,,punct,,,,,0.18682169398645,NONE
присоединиться,VERB,,conj,,,,,0.2670626928287292,NONE
к,ADP,,case,,,,,0.0778563284504109,NONE
Индии,PROPN,,obl,Dat,Fem,Sing,Inan,0.000144574094307,LOC
или,CCONJ,,cc,,,,,0.121648950915425,NONE
к,ADP,,case,,,,,0.0432778446856544,NONE
Пакистану,PROPN,,conj,Dat,Masc,Sing,Inan,0.0601977682168263,LOC
либо,CCONJ,,cc,,,,,-0.0141363632135796,NONE
предпочесть,VERB,,conj,,,,,0.0903810767544393,NONE
независимость,NOUN,,obj,Acc,Fem,Sing,Inan,-0.0128215853276954,NONE
.,PUNCT,,punct,,,,,0.4836709246380151,NONE
Ей,PRON,,iobj,Dat,Fem,Sing,,0.1767139834460072,NONE
также,ADV,,advmod,,,,,-0.2542336613231605,NONE
предстояло,VERB,,root,,Neut,Sing,,0.0603957659158255,NONE
быть,AUX,,cop,,,,,-0.0549913569990256,NONE
со-ведущей,NOUN,,csubj,Ins,Fem,Sing,Anim,0.0987513159250592,NONE
на,ADP,,case,,,,,0.0584910716885886,NONE
71-ой,ADJ,,amod,Loc,Fem,Sing,,0.0582770172325513,NONE
церемонии,NOUN,,nmod,Loc,Fem,Sing,Inan,0.0543811201122729,NONE
вручения,NOUN,,nmod,Gen,Neut,Sing,Inan,0.0485364619604505,NONE
Эмми,PROPN,,nmod,Gen,Fem,Sing,Inan,0.0524344032891358,NONE
вместе,ADV,,advmod,,,,,-0.0049798091571147,NONE
с,ADP,,case,,,,,-0.018495537689486,NONE
Ким,PROPN,,obl,Ins,Fem,Sing,Anim,0.0885942038167202,PER
Кардашьян,PROPN,,flat:name,Ins,Fem,Sing,Anim,0.1362463226915639,PER
и,CCONJ,,cc,,,,,-0.0039629826669542,NONE
Кендалл,PROPN,,conj,Ins,Fem,Sing,Anim,0.0378360042442976,PER
Дженнер,PROPN,,flat:name,Ins,Fem,Sing,Anim,0.0111943128916516,PER
.,PUNCT,,punct,,,,,0.8617368017400772,NONE
Стремясь,VERB,,advcl,,,,,0.0593709493276019,NONE
уравнять,VERB,,xcomp,,,,,0.1940634382924048,NONE
валлийские,ADJ,,amod,Acc,,Plur,Inan,0.0837270457079865,NONE
и,CCONJ,,cc,,,,,-0.0797902448598016,NONE
английские,ADJ,,conj,Acc,,Plur,Inan,0.1658613077322374,NONE
названия,NOUN,,obj,Acc,Neut,Plur,Inan,-0.0112319120987292,NONE
в,ADP,,case,,,,,0.0403371269725092,NONE
растущем,VERB,,amod,Loc,Masc,Sing,,0.0679777901019071,NONE
городе,NOUN,,obl,Loc,Masc,Sing,Inan,-0.119570101366803,NONE
",",PUNCT,,punct,,,,,0.3157077028947471,NONE
мы,PRON,,nsubj,Nom,,Plur,,-0.1261681613854468,NONE
гарантируем,VERB,,root,,,Plur,,-0.021041820430104,NONE
",",PUNCT,,punct,,,,,0.1818903207257337,NONE
что,SCONJ,,mark,,,,,0.080371296738857,NONE
история,NOUN,,nsubj,Nom,Fem,Sing,Inan,-0.0004632499777659,NONE
",",PUNCT,,punct,,,,,-0.0052464861976549,NONE
культура,NOUN,,conj,Nom,Fem,Sing,Inan,0.0293733038768544,NONE
и,CCONJ,,cc,,,,,-0.0476070045557571,NONE
язык,NOUN,,conj,Nom,Masc,Sing,Inan,-0.0465972706042609,NONE
Уэльса,PROPN,,nmod,Gen,Masc,Sing,Inan,0.075023788422083,LOC
останутся,VERB,,ccomp,,,Plur,,0.0860667932569988,NONE
важной,ADJ,,amod,Ins,Fem,Sing,,0.0375358582239142,NONE
частью,NOUN,,obl,Ins,Fem,Sing,Inan,0.0802055910195356,NONE
самоидентификации,NOUN,,nmod,Gen,Fem,Sing,Inan,0.1492576150568297,NONE
города,NOUN,,nmod,Gen,Masc,Sing,Inan,-0.1060353282224179,NONE
.,PUNCT,,punct,,,,,-0.656845857534626,NONE
В,ADP,,case,,,,,0.0404757760212238,NONE
пятницу,NOUN,,obl,Acc,Fem,Sing,Inan,0.1308827757442858,NONE
Ахмед,PROPN,,nsubj,Nom,Masc,Sing,Anim,0.4492870739487749,PER
сообщил,VERB,,root,,Masc,Sing,,-0.1255931313324325,NONE
",",PUNCT,,punct,,,,,0.1369282062125928,NONE
что,SCONJ,,mark,,,,,-0.1496840956193676,NONE
прибыл,VERB,,ccomp,,Masc,Sing,,-0.1068384142053762,NONE
в,ADP,,case,,,,,0.0611181308951168,NONE
Нью-Йорк,PROPN,,obl,Acc,Masc,Sing,Inan,0.2050651566238624,LOC
рейсом,NOUN,,obl,Ins,Masc,Sing,Inan,0.3231028917965558,NONE
JAL,PROPN,,flat:foreign,,,,,0.0041547853785188,ORG
.,PUNCT,,punct,,,,,0.1930245986306467,NONE
Компания,NOUN,,nsubj,Nom,Fem,Sing,Inan,0.0105279742577301,NONE
Google,PROPN,,appos,Nom,Masc,Sing,Inan,0.1207810193047787,ORG
заблокировала,VERB,,root,,Fem,Sing,,-0.0038654115526818,NONE
46,NUM,,nummod,,,,,-0.2357524839149576,NONE
Android-приложений,NOUN,,flat:foreign,Gen,Neut,Plur,Inan,0.0739541009583069,NONE
китайской,ADJ,,amod,Gen,Fem,Sing,,0.2402283440829161,NONE
фирмы,NOUN,,nmod,Gen,Fem,Sing,Inan,0.0068344897560265,NONE
с,ADP,,case,,,,,-0.0259716780789401,NONE
50,NUM,,nummod,,,,,0.0331823650386592,NONE
МИЛЛИОНАМИ,NOUN,,nummod,Ins,Masc,Plur,Inan,0.1112691616439827,NONE
скачиваний,NOUN,,obl,Gen,Neut,Plur,Inan,0.0542320871927765,NONE
–,PUNCT,,punct,,,,,-0.625650472387382,NONE
и,CCONJ,,cc,,,,,-0.0442268943489501,NONE
не,PART,,advmod,,,,,0.1384698687508141,NONE
говорит,VERB,,conj,,,Sing,,0.0259452726387917,NONE
",",PUNCT,,punct,,,,,0.3395372573179775,NONE
почему,ADV,,advmod,,,,,0.4406311314008913,NONE
На,ADP,,case,,,,,0.0720136244966514,NONE
данный,ADJ,,amod,Acc,Masc,Sing,Inan,0.2765791751225247,NONE
момент,NOUN,,obl,Acc,Masc,Sing,Inan,0.0677458071586526,NONE
не,PART,,advmod,,,,,0.0276930545072727,NONE
было,AUX,,aux:pass,,Neut,Sing,,-0.0370098632111239,NONE
официально,ADV,,advmod,,,,,0.0238124492399797,NONE
заявлено,VERB,,root,,Neut,Sing,,-0.0695618376220687,NONE
о,ADP,,case,,,,,-0.1459832121281913,NONE
заключении,NOUN,,obl,Loc,Neut,Sing,Inan,-0.0690038026177877,NONE
договора,NOUN,,nmod,Gen,Masc,Sing,Inan,-0.0349519434230194,NONE
",",PUNCT,,punct,,,,,0.1483198918297017,NONE
однако,ADV,,advmod,,,,,0.239514847979556,NONE
министр,NOUN,,nsubj,Nom,Masc,Sing,Anim,0.2523209675487369,NONE
финансов,NOUN,,nmod,Gen,Masc,Plur,Inan,0.1336791108782202,NONE
Стив,PROPN,,appos,Nom,Masc,Sing,Anim,0.1102282320327232,PER
Мнучин,PROPN,,flat:name,Nom,Masc,Sing,Anim,0.0618011583854257,PER
и,CCONJ,,cc,,,,,-0.1662338250198774,NONE
глава,NOUN,,conj,Nom,Masc,Sing,Anim,0.0314058787250034,NONE
аппарата,NOUN,,nmod,Gen,Masc,Sing,Inan,-0.0168757545867971,NONE
Белого,ADJ,,amod,Gen,Masc,Sing,,-0.0182667923659225,LOC
дома,NOUN,,nmod,Gen,Masc,Sing,Inan,-0.0375689042065466,LOC
Марк,PROPN,,appos,Nom,Masc,Sing,Anim,0.0224818270110777,PER
Медоуз,PROPN,,flat:name,Nom,Masc,Sing,Anim,0.0555588381046378,PER
недавно,ADV,,advmod,,,,,-0.1432449978563808,NONE
посетили,VERB,,conj,,,Plur,,-0.0880513407918563,NONE
Конгресс,PROPN,,obj,Acc,Masc,Sing,Inan,-0.0472237437928682,ORG
США,PROPN,,nmod,Gen,,Plur,Inan,-0.0880697682175524,LOC
",",PUNCT,,punct,,,,,0.2469041170871495,NONE
чтобы,SCONJ,,mark,,,,,0.1423828143151167,NONE
обсудить,VERB,,advcl,,,,,0.0509930925159764,NONE
детали,NOUN,,obj,Acc,Fem,Plur,Inan,-0.0558795153780168,NONE
предстоящего,ADJ,,amod,Gen,Masc,Sing,,-0.0097851235846871,NONE
пакета,NOUN,,nmod,Gen,Masc,Sing,Inan,0.0883128185348636,NONE
анти-кризисных,ADJ,,amod,Gen,,Plur,,0.2939159045432168,NONE
мер,NOUN,,nmod,Gen,Fem,Plur,Inan,0.090259037954905,NONE
с,ADP,,case,,,,,-0.0488487047423532,NONE
лидерами,NOUN,,nmod,Ins,Masc,Plur,Anim,-0.0398139084477768,NONE
Конгресса,PROPN,,nmod,Gen,Masc,Sing,Inan,-0.0155614528836679,ORG
.,PUNCT,,punct,,,,,0.1244218211062898,NONE
Как,SCONJ,,mark,,,,,-0.0588405533749216,NONE
отмечает,VERB,,parataxis,,,Sing,,-0.0396278554630724,NONE
корреспондент,NOUN,,nsubj,Nom,Masc,Sing,Anim,0.3704403256793906,NONE
Би-би-си,NOUN,,nmod,Gen,Neut,Sing,Inan,0.2673511063474533,ORG
в,ADP,,case,,,,,0.1230714257957854,NONE
Мадриде,PROPN,,nmod,Loc,Masc,Sing,Inan,0.3237321199435634,LOC
Гай,PROPN,,appos,Nom,Masc,Sing,Anim,0.2168271229476545,PER
Хеджкоу,PROPN,,flat:name,Nom,Masc,Sing,Anim,0.2322034150140198,PER
",",PUNCT,,punct,,,,,0.3081206567388039,NONE
особенную,ADJ,,amod,Acc,Fem,Sing,,0.1357398412676977,NONE
обеспокоенность,NOUN,,obj,Acc,Fem,Sing,Inan,0.1386937910302053,NONE
вызывает,VERB,,root,,,Sing,,-0.0857065380561962,NONE
распространение,NOUN,,nsubj,Nom,Neut,Sing,Inan,-0.0701601747588779,NONE
инфекции,NOUN,,nmod,Gen,Fem,Sing,Inan,0.0179244470265469,NONE
среди,ADP,,case,,,,,-0.0433310937975536,NONE
молодых,ADJ,,amod,Gen,,Plur,,0.0247281360000081,NONE
людей,NOUN,,nmod,Gen,Masc,Plur,Anim,0.0342028517093816,NONE
",",PUNCT,,punct,,,,,0.1157485922317208,NONE
ведь,SCONJ,,mark,,,,,-0.1264133943019516,NONE
по,ADP,,case,,,,,0.0374706925767445,NONE
вечерам,NOUN,,obl,Dat,Masc,Plur,Inan,0.2876707542016131,NONE
в,ADP,,case,,,,,0.1405089513420878,NONE
городах,NOUN,,obl,Loc,Masc,Plur,Inan,-0.0645553981315131,NONE
они,PRON,,nsubj,Nom,,Plur,,-0.0763860856093755,NONE
собираются,VERB,,advcl,,,Plur,,0.0422194694207737,NONE
большими,ADJ,,amod,Ins,,Plur,,0.0281213947180625,NONE
компаниями,NOUN,,obl,Ins,Fem,Plur,Inan,0.0824376083591505,NONE
.,PUNCT,,punct,,,,,0.1733004146366263,NONE
Сотрудники,NOUN,,nsubj,Nom,Masc,Plur,Anim,-0.0077322076350476,NONE
опасаются,VERB,,root,,,Plur,,0.012175157632349,NONE
",",PUNCT,,punct,,,,,0.0299107774937371,NONE
что,SCONJ,,mark,,,,,-0.0855831285861439,NONE
шутники,NOUN,,nsubj,Nom,Masc,Plur,Anim,-0.1346145505386624,NONE
вооружают,VERB,,ccomp,,,Plur,,0.0568949604258559,NONE
надоедливых,ADJ,,amod,Acc,,Plur,Anim,0.2303767212170681,NONE
приматов,NOUN,,obj,Acc,Masc,Plur,Anim,-0.0345845322391181,NONE
",",PUNCT,,punct,,,,,0.3266625091034025,NONE
которые,PRON,,nsubj,Nom,,,,-0.0705505611207763,NONE
",",PUNCT,,punct,,,,,0.526613733599507,NONE
как,SCONJ,,mark,,,,,0.0278017808485123,NONE
известно,ADJ,,parataxis,,Neut,Sing,,0.0807522077524822,NONE
",",PUNCT,,punct,,,,,0.3411352637216029,NONE
нападают,VERB,,acl:relcl,,,Plur,,0.0114318428077263,NONE
на,ADP,,case,,,,,-0.0205903322959621,NONE
всех,PRON,,obl,Acc,,Plur,Anim,-0.0026613988321831,NONE
",",PUNCT,,punct,,,,,0.0367239344094857,NONE
кто,PRON,,nsubj,Nom,,,,-0.0414918478685473,NONE
притормаживает,VERB,,acl:relcl,,,Sing,,-0.0236154316977315,NONE
и,CCONJ,,cc,,,,,0.1178076318840989,NONE
отрывают,VERB,,conj,,,Plur,,0.1246726492636106,NONE
дворники,NOUN,,obj,Acc,Masc,Plur,Inan,0.1303354442973278,NONE
и,CCONJ,,cc,,,,,-0.0672931043680497,NONE
зеркала,NOUN,,conj,Acc,Neut,Plur,Inan,0.2984424887004982,NONE
.,PUNCT,,punct,,,,,0.064619269740368,NONE
Наш,DET,,det,Nom,Masc,Sing,,-0.3464306497287131,NONE
приоритет,NOUN,,nsubj,Nom,Masc,Sing,Inan,0.1329152436659429,NONE
—,PUNCT,,punct,,,,,-0.1507610253825415,NONE
100%,NUM,,nummod,,,,,0.4795218826932167,NONE
удовлетворение,NOUN,,nsubj,Nom,Neut,Sing,Inan,-0.0323843532593227,NONE
клиентов,NOUN,,nmod,Gen,Masc,Plur,Anim,0.2250569681413876,NONE
.,PUNCT,,punct,,,,,0.6621483658373278,NONE
Заместитель,NOUN,,nsubj,Nom,Masc,Sing,Anim,0.3244247672087611,NONE
министра,NOUN,,nmod,Gen,Masc,Sing,Anim,0.0891584680289396,NONE
здравоохранения,NOUN,,nmod,Gen,Neut,Sing,Inan,0.0695287801682544,NONE
Джонатан,PROPN,,appos,Nom,Masc,Sing,Anim,0.0505239056268691,PER
Эшворт,PROPN,,flat:name,Nom,Masc,Sing,Anim,0.1079944208532266,PER
осудил,VERB,,root,,Masc,Sing,,0.0473858316069131,NONE
Правительство,PROPN,,obj,Acc,Neut,Sing,Inan,0.1792356227842594,NONE
за,ADP,,case,,,,,0.1505145978071657,NONE
“откровенно,ADV,,obl,,,,,0.1561852188093942,NONE
непродуманное”,ADJ,,amod,Acc,Neut,Sing,,0.0837941781259008,NONE
решение,NOUN,,obl,Acc,Neut,Sing,Inan,-0.1850340726401047,NONE
проблемы,NOUN,,nmod,Gen,Fem,Sing,Inan,0.0321081984788541,NONE
.,PUNCT,,punct,,,,,0.2466058707477819,NONE
Пожалуйста,ADV,,parataxis,,,,,0.1573674695895465,NONE
",",PUNCT,,punct,,,,,-0.0212166117296009,NONE
дождитесь,VERB,,root,,,Plur,,0.0671865917987837,NONE
заказа,NOUN,,obl,Gen,Masc,Sing,Inan,0.1101600109561164,NONE
",",PUNCT,,punct,,,,,0.0736983045263396,NONE
а,CCONJ,,cc,,,,,0.0044265565105132,NONE
затем,ADV,,advmod,,,,,-0.0358890642313337,NONE
вы,PRON,,nsubj,Nom,,Plur,,0.2008911150828439,NONE
можете,VERB,,conj,,,Plur,,-0.1341380539932644,NONE
обратиться,VERB,,xcomp,,,,,-0.0251228422354703,NONE
к,ADP,,case,,,,,0.1001491991575649,NONE
нам,PRON,,obl,Dat,,Plur,,0.0635656023366085,NONE
",",PUNCT,,punct,,,,,0.0979211060901261,NONE
даже,PART,,advmod,,,,,-0.3411253222809152,NONE
если,SCONJ,,mark,,,,,-0.0892035157485714,NONE
ваша,DET,,det,Nom,Fem,Sing,,-0.0144229575255267,NONE
еда,NOUN,,nsubj,Nom,Fem,Sing,Inan,-0.2447114124046268,NONE
не,PART,,advmod,,,,,0.1466541197381226,NONE
была,AUX,,cop,,Fem,Sing,,-0.1182470849087625,NONE
горячей,ADJ,,advcl,Ins,Fem,Sing,,0.1929214327422842,NONE
",",PUNCT,,punct,,,,,0.001390863727948,NONE
так,ADV,,advmod,,,,,0.0292717380481472,NONE
мы,PRON,,nsubj,Nom,,Plur,,-0.0586766706456814,NONE
сможем,VERB,,conj,,,Plur,,0.1626596478954651,NONE
помочь,VERB,,xcomp,,,,,0.1173881065866835,NONE
вам,PRON,,iobj,Dat,,Plur,,0.1172544550507086,NONE
.,PUNCT,,punct,,,,,-0.5064509642510224,NONE
Занимая,VERB,,advcl,,,,,-0.1258028689739356,NONE
должность,NOUN,,obj,Acc,Fem,Sing,Inan,-0.0156589476440021,NONE
гендиректора,NOUN,,nmod,Gen,Masc,Sing,Anim,0.0193729153217853,NONE
",",PUNCT,,punct,,,,,0.1570343701264384,NONE
Слоан,PROPN,,nsubj,Nom,Masc,Sing,Anim,0.0195116541251696,PER
заменил,VERB,,root,,Masc,Sing,,0.0159209360832649,NONE
руководство,NOUN,,obj,Acc,Neut,Sing,Inan,0.0364864633303018,NONE
банка,NOUN,,nmod,Gen,Masc,Sing,Inan,-0.0264890568537962,NONE
",",PUNCT,,punct,,,,,0.1457831825482895,NONE
изменил,VERB,,conj,,Masc,Sing,,0.0936770297474557,NONE
торговые,ADJ,,amod,Acc,,Plur,Inan,-0.0016583824518698,NONE
практики,NOUN,,obj,Acc,Fem,Plur,Inan,0.0480441255360815,NONE
и,CCONJ,,cc,,,,,0.0042661437312583,NONE
запустил,VERB,,conj,,Masc,Sing,,0.1238358512551816,NONE
рекламную,ADJ,,amod,Acc,Fem,Sing,,0.0139105485308948,NONE
кампанию,NOUN,,obj,Acc,Fem,Sing,Inan,0.0655310919046039,NONE
с,ADP,,case,,,,,0.0397771455356871,NONE
извинениями,NOUN,,nmod,Ins,Neut,Plur,Inan,0.0993150039882573,NONE
",",PUNCT,,punct,,,,,0.0819222855538542,NONE
однако,ADV,,advmod,,,,,-0.1031039759255452,NONE
по,ADP,,mark,,,,,0.0686034703908014,NONE
мере,NOUN,,fixed,Dat,Fem,Sing,Inan,0.1144686096291063,NONE
того,PRON,,fixed,Gen,Neut,Sing,Inan,0.0409321429611813,NONE
как,SCONJ,,fixed,,,,,-0.0678636299824408,NONE
становилось,VERB,,advcl,,Neut,Sing,,0.0062660665800054,NONE
известно,ADJ,,obl,,Neut,Sing,,-0.0658224571860011,NONE
о,ADP,,case,,,,,0.1803668282972652,NONE
новых,ADJ,,amod,Loc,,Plur,,-0.028712848546168,NONE
нарушениях,NOUN,,obl,Loc,Neut,Plur,Inan,0.0739702774949333,NONE
",",PUNCT,,punct,,,,,-0.2484596957906425,NONE
его,PRON,,obj,Acc,Masc,Sing,,0.1268285194844247,NONE
обвиняли,VERB,,conj,,,Plur,,0.0163369895935325,NONE
в,ADP,,case,,,,,0.0526114744640697,NONE
медлительности,NOUN,,obl,Loc,Fem,Sing,Inan,0.008687104210617,NONE
.,PUNCT,,punct,,,,,0.7009970377986646,NONE
Рабочие,ADJ,,amod,Nom,,Plur,,0.0439194036808296,NONE
дни,NOUN,,nsubj,Nom,Masc,Plur,Inan,-0.0806170083862943,NONE
не,PART,,advmod,,,,,-0.2627676761960012,NONE
включают,VERB,,root,,,Plur,,0.0537004168651923,NONE
субботу,NOUN,,obj,Acc,Fem,Sing,Inan,0.0106550192019707,NONE
",",PUNCT,,punct,,,,,0.4668116977398382,NONE
воскресенье,NOUN,,conj,Acc,Neut,Sing,Inan,0.0523351396207716,NONE
и,CCONJ,,cc,,,,,-0.1080629619399954,NONE
государственные,ADJ,,amod,Acc,,Plur,Inan,-0.072421986076781,NONE
праздники,NOUN,,conj,Acc,Masc,Plur,Inan,0.0200188186947498,NONE
.,PUNCT,,punct,,,,,0.615344677572815,NONE
Зарплаты,NOUN,,nsubj,Nom,Fem,Plur,Inan,0.0883062633848556,NONE
",",PUNCT,,punct,,,,,0.1449956198223973,NONE
конечно,ADV,,parataxis,,,,,0.0308496933123149,NONE
",",PUNCT,,punct,,,,,0.1374045068038971,NONE
не,PART,,advmod,,,,,0.0659278358236247,NONE
повышаются,VERB,,root,,,Plur,,-0.0212364106584375,NONE
",",PUNCT,,punct,,,,,0.0414282147233901,NONE
зато,CCONJ,,cc,,,,,0.3443814753845661,NONE
всякий,DET,,det,Nom,Masc,Sing,,-0.209161738955965,NONE
хлам,NOUN,,nsubj,Nom,Masc,Sing,Inan,0.2545687149971746,NONE
становится,VERB,,conj,,,Sing,,0.024299690715199,NONE
дешевле,ADJ,,obl,,,,,0.0889549625013866,NONE
.,PUNCT,,punct,,,,,0.6391202224489538,NONE
Представители,NOUN,,nsubj,Nom,Masc,Plur,Anim,0.4384040897240577,NONE
Индийской,ADJ,,amod,Gen,Fem,Sing,,-0.0047295736947553,ORG
армии,NOUN,,nmod,Gen,Fem,Sing,Inan,0.0297980904086643,ORG
и,CCONJ,,cc,,,,,0.0093846084113666,NONE
BSF,PROPN,,flat:foreign,,,,,-0.0289757169462655,ORG
подтвердили,VERB,,root,,,Plur,,0.0088189900045885,NONE
",",PUNCT,,punct,,,,,0.3572252483987033,NONE
что,SCONJ,,mark,,,,,0.1595574766849818,NONE
пограничным,ADJ,,amod,Dat,,Plur,,0.1203898417573785,NONE
войскам,NOUN,,iobj,Dat,Neut,Plur,Inan,0.0391726843925662,NONE
и,CCONJ,,cc,,,,,0.0483235206188712,NONE
наблюдательным,ADJ,,amod,Dat,,Plur,,0.1121222344872978,NONE
пунктам,NOUN,,conj,Dat,Masc,Plur,Inan,0.0359015094661133,NONE
было,AUX,,aux:pass,,Neut,Sing,,0.2092010504464889,NONE
приказано,VERB,,ccomp,,Neut,Sing,,0.1339791206462115,NONE
сохранять,VERB,,csubj:pass,,,,,0.1202459125634329,NONE
максимальную,ADJ,,amod,Acc,Fem,Sing,,0.3111252985923018,NONE
бдительность,NOUN,,obj,Acc,Fem,Sing,Inan,0.1255305204201703,NONE
на,ADP,,case,,,,,-0.0118883020090664,NONE
границе,NOUN,,nmod,Loc,Fem,Sing,Inan,0.0096110565636797,NONE
и,CCONJ,,cc,,,,,-0.0623128580999772,NONE
линии,NOUN,,conj,Loc,Fem,Sing,Inan,0.026763995428435,NONE
контроля,NOUN,,nmod,Gen,Masc,Sing,Inan,0.0187757948495074,NONE
в,ADP,,case,,,,,0.0216094669275352,NONE
округах,NOUN,,nmod,Loc,Masc,Plur,Inan,0.0650804312843875,NONE
Джамму,PROPN,,appos,Nom,Masc,Sing,Inan,0.0590844368566452,LOC
",",PUNCT,,punct,,,,,0.1113585141797087,NONE
Самба,PROPN,,conj,Nom,Masc,Sing,Inan,0.1796809607665094,LOC
",",PUNCT,,punct,,,,,-0.0572813519500499,NONE
Катхуа,PROPN,,conj,Nom,Masc,Sing,Inan,0.0395397693800422,PER
",",PUNCT,,punct,,,,,0.1544453272957373,NONE
Раджаури,PROPN,,conj,Nom,Masc,Sing,Inan,-0.0182416792301319,LOC
",",PUNCT,,punct,,,,,0.1920656988245037,NONE
Пунч,PROPN,,conj,Nom,Masc,Sing,Inan,0.0726959486564025,LOC
",",PUNCT,,punct,,,,,0.1139506199862975,NONE
Барамула,PROPN,,conj,Nom,Fem,Sing,Inan,0.0621765910518897,LOC
и,CCONJ,,cc,,,,,0.0067604822814927,NONE
Купвара,PROPN,,conj,Nom,Fem,Sing,Inan,0.025784543042764,PER
.,PUNCT,,punct,,,,,-0.1609295880171212,NONE
Администрация,NOUN,,nsubj,Nom,Fem,Sing,Inan,-0.0326920233556219,NONE
шерифа,NOUN,,nmod,Gen,Masc,Sing,Anim,0.200655594963679,NONE
в,ADP,,case,,,,,0.1018601175900368,NONE
графстве,NOUN,,nmod,Loc,Neut,Sing,Inan,0.1404709348575782,NONE
Ричмонд,PROPN,,appos,Nom,Masc,Sing,Inan,0.1306564296891345,LOC
сказала,VERB,,root,,Fem,Sing,,0.1850755816019553,NONE
",",PUNCT,,punct,,,,,-0.0254996330808552,NONE
что,SCONJ,,mark,,,,,-0.094808966874959,NONE
в,ADP,,case,,,,,0.1286593123623965,NONE
пятницу,NOUN,,obl,Acc,Fem,Sing,Inan,0.368129204563337,NONE
вечером,NOUN,,nmod,Ins,Masc,Sing,Inan,0.242247181620517,NONE
бригады,NOUN,,nsubj,Nom,Fem,Plur,Inan,-0.0144897687699109,NONE
нашли,VERB,,ccomp,,,Plur,,0.1307438811277465,NONE
машину,NOUN,,obj,Acc,Fem,Sing,Inan,-0.2527090158218404,NONE
в,ADP,,case,,,,,0.0421498088561979,NONE
пруду,NOUN,,obl,Loc,Masc,Sing,Inan,-0.0319145303514427,NONE
Мэйорс,PROPN,,appos,Nom,Masc,Sing,Inan,0.1417330111401433,LOC
в,ADP,,case,,,,,-0.0743313096134747,NONE
Огаста,PROPN,,nmod,Loc,Masc,Sing,Inan,0.1391763950743656,LOC
",",PUNCT,,punct,,,,,0.1616669935915181,NONE
сообщает,VERB,,parataxis,,,Sing,,0.0750512462029713,NONE
Огаста,PROPN,,nsubj,Nom,Masc,Sing,Anim,0.1185154992106072,PER
Кроникл,PROPN,,flat:name,Nom,Masc,Sing,Anim,0.1949486437495068,PER
.,PUNCT,,punct,,,,,-0.4529087325997115,NONE
Тогда,ADV,,mark,,,,,-0.2949417737805558,NONE
как,SCONJ,,fixed,,,,,-0.0407840993424874,NONE
Карти,PROPN,,nsubj,Nom,Masc,Sing,Anim,0.26708355789402,PER
был,AUX,,cop,,Masc,Sing,,0.0455337350441169,NONE
очень,ADV,,advmod,,,,,0.353544439695205,NONE
",",PUNCT,,punct,,,,,0.3328835685707024,NONE
очень,ADV,,conj,,,,,0.5245297821900912,NONE
стабилен,ADJ,,root,,Masc,Sing,,0.3250283873248842,NONE
.,PUNCT,,punct,,,,,-0.1616505067158584,NONE
Я,PRON,,nsubj,Nom,,Sing,,0.2550423107078777,NONE
не,PART,,advmod,,,,,0.0255843268114098,NONE
хочу,VERB,,root,,,Sing,,-0.0848579800629517,NONE
",",PUNCT,,punct,,,,,0.0352033077772712,NONE
чтобы,SCONJ,,mark,,,,,-0.067712145003488,NONE
люди,NOUN,,nsubj,Nom,Masc,Plur,Anim,0.0597493064027577,NONE
прошли,VERB,,ccomp,,,Plur,,-0.1427630062929482,NONE
через,ADP,,case,,,,,-0.2274774803729964,NONE
то,PRON,,obl,Acc,Neut,Sing,Inan,-0.2641774968919621,NONE
",",PUNCT,,punct,,,,,0.0213928831389712,NONE
через,ADP,,case,,,,,0.0094408477298181,NONE
что,PRON,,obl,Acc,,,,-0.1772731219912851,NONE
прошли,VERB,,acl,,,Plur,,-0.1216468797512658,NONE
члены,NOUN,,nsubj,Nom,Masc,Plur,Anim,0.0215917923033302,NONE
моей,DET,,det,Gen,Fem,Sing,,-0.0263667805533036,NONE
семьи,NOUN,,nmod,Gen,Fem,Sing,Inan,0.0531721293905745,NONE
и,CCONJ,,cc,,,,,-0.7388834179626759,NONE
члены,NOUN,,conj,Nom,Masc,Plur,Anim,-0.0182916146907609,NONE
других,ADJ,,amod,Gen,,Plur,,0.039985443785428,NONE
семей,NOUN,,nmod,Gen,Fem,Plur,Inan,0.0552560100745376,NONE
.,PUNCT,,punct,,,,,0.4098631241698736,NONE
Сумма,NOUN,,nsubj,Nom,Fem,Sing,Inan,-0.0656602772675287,NONE
инвестиций,NOUN,,nmod,Gen,Fem,Plur,Inan,0.0407521693165245,NONE
Toyota,PROPN,,flat:foreign,,,,,0.0541454221650924,ORG
",",PUNCT,,punct,,,,,0.0480357991620379,NONE
вероятно,ADV,,parataxis,,,,,-0.116097686762312,NONE
",",PUNCT,,punct,,,,,0.0460877064063677,NONE
превысит,VERB,,root,,,Sing,,0.062872019795215,NONE
70,NUM,,nummod,,,,,0.1004015973028103,NONE
миллиардов,NOUN,,nummod,Gen,Masc,Plur,Inan,0.0669815318060149,NONE
иен,NOUN,,obl,Gen,Fem,Plur,Inan,0.1033588488672025,NONE
(,PUNCT,,punct,,,,,-0.006341178963936,NONE
650,NUM,,nummod,,,,,0.0880709685795623,NONE
миллионов,NOUN,,nummod,Gen,Masc,Plur,Inan,0.0569164234176911,NONE
долларов,NOUN,,parataxis,Gen,Masc,Plur,Inan,0.1629965163918355,NONE
),PUNCT,,punct,,,,,-0.0186174196906683,NONE
",",PUNCT,,punct,,,,,0.2741744665319987,NONE
исходя,VERB,,advcl,,,,,0.0500398691391969,NONE
из,ADP,,case,,,,,0.0015024982566766,NONE
рыночной,ADJ,,amod,Gen,Fem,Sing,,0.0345533357408939,NONE
стоимости,NOUN,,obl,Gen,Fem,Sing,Inan,0.0377631204962766,NONE
акций,NOUN,,nmod,Gen,Fem,Plur,Inan,0.0478477012458314,NONE
Subaru,PROPN,,flat:foreign,,,,,0.0459241048259823,ORG
",",PUNCT,,punct,,,,,0.1699413041369528,NONE
пишет,VERB,,parataxis,,,Sing,,0.6420159084896743,NONE
деловой,ADJ,,amod,Nom,Masc,Sing,,0.0418006490469174,NONE
еженедельник,NOUN,,nsubj,Nom,Masc,Sing,Inan,0.0529767686733623,NONE
Nikkei,PROPN,,flat:foreign,,,,,0.0468567321379234,ORG
",",PUNCT,,punct,,,,,0.1431863927920663,NONE
который,PRON,,nsubj,Nom,,,,0.0646768780282384,NONE
первым,ADJ,,obl,Ins,Masc,Sing,,0.009700979168893,NONE
сообщил,VERB,,acl:relcl,,Masc,Sing,,-0.241904783092736,NONE
новость,NOUN,,obj,Acc,Fem,Sing,Inan,0.1697935349811766,NONE
.,PUNCT,,punct,,,,,0.3782159858757659,NONE
Во,ADP,,case,,,,,-0.2579329416028116,NONE
время,NOUN,,fixed,Acc,Neut,Sing,Inan,-0.1609418965870298,NONE
чтения,NOUN,,obl,Gen,Neut,Sing,Inan,0.1299430988730889,NONE
нажмите,VERB,,root,,,Plur,,0.0011533570883398,NONE
в,ADP,,case,,,,,0.0934617460951481,NONE
центре,NOUN,,obl,Loc,Masc,Sing,Inan,-0.006851477317801,NONE
страницы,NOUN,,nmod,Gen,Fem,Sing,Inan,0.1073993395590691,NONE
",",PUNCT,,punct,,,,,0.4455949931669778,NONE
чтобы,SCONJ,,mark,,,,,-0.2944252658717236,NONE
вызвать,VERB,,advcl,,,,,-0.0589095800860209,NONE
меню,NOUN,,obj,Acc,Neut,Sing,Inan,0.2222357905099916,NONE
чтения,NOUN,,nmod,Gen,Neut,Sing,Inan,0.3929129235359456,NONE
.,PUNCT,,punct,,,,,0.5363721668987417,NONE
Не,PART,,advmod,,,,,-0.3210396450669585,NONE
нужно,ADJ,,root,,Neut,Sing,,-0.1083095339596574,NONE
говорить,VERB,,csubj,,,,,0.0376208631929703,NONE
",",PUNCT,,punct,,,,,0.2558764548370532,NONE
что,SCONJ,,mark,,,,,0.0917408942034602,NONE
это,PRON,,nsubj,Nom,Neut,Sing,Inan,0.1642026973970306,NONE
был,AUX,,cop,,Masc,Sing,,0.1765492074997904,NONE
полный,ADJ,,amod,Nom,Masc,Sing,,-0.1278324205110484,NONE
беспорядок,NOUN,,ccomp,Nom,Masc,Sing,Inan,0.3357882074977297,NONE
.,PUNCT,,punct,,,,,0.6169163769001651,NONE
Вы,PRON,,nsubj,Nom,,Plur,,0.6419578701307183,NONE
можете,VERB,,root,,,Plur,,-0.2351403538663161,NONE
найти,VERB,,xcomp,,,,,0.0504752917528932,NONE
инструкции,NOUN,,obj,Acc,Fem,Plur,Inan,-0.2554623669177747,NONE
по,ADP,,case,,,,,-0.1814170061272849,NONE
выполнению,NOUN,,nmod,Dat,Neut,Sing,Inan,0.2062591946710437,NONE
этого,DET,,det,Gen,Neut,Sing,,0.3643754966380326,NONE
действия,NOUN,,nmod,Gen,Neut,Sing,Inan,0.1873911069491418,NONE
по,ADP,,case,,,,,0.1692097172908071,NONE
следующей,ADJ,,amod,Dat,Fem,Sing,,0.2455001305601038,NONE
ссылке,NOUN,,obl,Dat,Fem,Sing,Inan,0.0278905067342605,NONE
:,PUNCT,,punct,,,,,-0.0997186144093375,NONE
#URL,PROPN,,flat:foreign,,,,,-0.0727048135817115,NONE
#,PUNCT,,punct,,,,,-0.2473788592372361,NONE
Приматы,NOUN,,nsubj,Nom,Masc,Plur,Anim,0.0616783184101882,NONE
в,ADP,,case,,,,,0.0914050253652352,NONE
сафари-парке,NOUN,,nmod,Loc,Masc,Sing,Inan,0.0511539579179912,NONE
Ноусли,PROPN,,appos,Nom,Masc,Sing,Inan,-0.0527567855170438,LOC
",",PUNCT,,punct,,,,,0.0786062096478037,NONE
Мерсисайд,PROPN,,appos,Nom,Masc,Sing,Inan,0.1646937534759091,PER
",",PUNCT,,punct,,,,,0.4528911564135003,NONE
давно,ADV,,advmod,,,,,0.0078777310166651,NONE
известны,ADJ,,root,,,Plur,,0.0935684399080137,NONE
тем,PRON,,obl,Ins,Neut,Sing,Inan,0.0449008652168692,NONE
",",PUNCT,,punct,,,,,0.2682871073533137,NONE
что,SCONJ,,mark,,,,,-0.1962741323438075,NONE
они,PRON,,nsubj,Nom,,Plur,,0.1611432857902381,NONE
нападают,VERB,,acl,,,Plur,,-0.09126840871233,NONE
на,ADP,,case,,,,,-0.0929565402336404,NONE
тех,DET,,det,Acc,,Plur,,-0.0666590589026656,NONE
",",PUNCT,,punct,,,,,0.0102130993717075,NONE
кто,PRON,,nsubj,Nom,,,,-0.006011549495513,NONE
притормаживает,VERB,,acl:relcl,,,Sing,,0.0433056450617289,NONE
в,ADP,,case,,,,,0.0648367559522783,NONE
заповеднике,NOUN,,obl,Loc,Masc,Sing,Inan,0.105127204550821,NONE
",",PUNCT,,punct,,,,,0.1017941683910274,NONE
и,CCONJ,,cc,,,,,-0.0598363220145058,NONE
отрывают,VERB,,conj,,,Plur,,0.0445980920196998,NONE
дворники,NOUN,,obj,Acc,Masc,Plur,Inan,0.0735229555921306,NONE
или,CCONJ,,cc,,,,,0.2467381899715512,NONE
зеркало,NOUN,,conj,Acc,Neut,Sing,Inan,0.2373064287730168,NONE
.,PUNCT,,punct,,,,,0.3654776407205778,NONE
2,NUM,,nummod,,,,,0.3468015681672128,NONE
минуты,NOUN,,root,Gen,Fem,Sing,Inan,0.4711719863369233,NONE
",",PUNCT,,punct,,,,,0.4909350196658991,NONE
пожалуйста,ADV,,parataxis,,,,,0.3525630928591114,NONE
«То,PRON,,nsubj,Nom,Neut,Sing,Inan,-0.025215118409738,NONE
",",PUNCT,,punct,,,,,-0.0688679451365376,NONE
как,ADV,,advmod,,,,,-0.1070920801827998,NONE
было,AUX,,aux:pass,,Neut,Sing,,-0.1949108778393035,NONE
объявлено,VERB,,acl,,Neut,Sing,,-0.0474764062273207,NONE
об,ADP,,case,,,,,0.0150141131829937,NONE
этом,DET,,det,Loc,Neut,Sing,,-0.0756268900458973,NONE
решении,NOUN,,obl,Loc,Neut,Sing,Inan,-0.0043001144402994,NONE
",",PUNCT,,punct,,,,,-0.0171626346876965,NONE
очевидно,ADV,,advmod,,,,,-0.0717400606234068,NONE
провоцирует,VERB,,root,,,Sing,,0.027971184584716,NONE
тревожность»,NOUN,,obj,Acc,Fem,Sing,Inan,0.0587134646970095,NONE
",",PUNCT,,punct,,,,,0.1564942097632212,NONE
-,PUNCT,,punct,,,,,-0.8743823435155185,NONE
подчеркнул,VERB,,parataxis,,Masc,Sing,,-0.0969705586987221,NONE
он,PRON,,nsubj,Nom,Masc,Sing,,-0.1699577128134685,NONE
.,PUNCT,,punct,,,,,0.1207891155146156,NONE
«О,PUNCT,,punct,,,,,0.0950588892917605,NONE
том,PRON,,obl,Loc,Neut,Sing,Inan,-0.2603259229063704,NONE
",",PUNCT,,punct,,,,,0.3636715661743775,NONE
что,SCONJ,,mark,,,,,0.2320700213506732,NONE
нужно,ADJ,,acl,,Neut,Sing,,-0.3119080458292563,NONE
быть,AUX,,cop,,,,,-0.0789885022031452,NONE
верной,ADJ,,csubj,Ins,Fem,Sing,,-0.1263739471061618,NONE
себе»,NOUN,,iobj,Gen,Fem,Plur,Inan,0.2452106089410152,NONE
.,PUNCT,,punct,,,,,0.373530163843499,NONE
Беда,NOUN,,nsubj,Nom,Fem,Sing,Inan,0.0972303366491856,NONE
в,ADP,,case,,,,,0.012559095982815,NONE
том,PRON,,root,Loc,Neut,Sing,Inan,-0.1639046683806614,NONE
",",PUNCT,,punct,,,,,0.365632439354025,NONE
что,SCONJ,,mark,,,,,0.2189704274564352,NONE
мы,PRON,,nsubj,Nom,,Plur,,-0.058982641514944,NONE
продали,VERB,,acl,,,Plur,,0.1181331291162002,NONE
людей,NOUN,,obj,Acc,Masc,Plur,Anim,0.1865905858118229,NONE
",",PUNCT,,punct,,,,,0.2713416896640224,NONE
которые,PRON,,nsubj,Nom,,Plur,,0.1287042249804205,NONE
ниже,ADJ,,acl:relcl,,,,,0.1439087444842963,NONE
нас,PRON,,obl,Gen,,Plur,,0.2006934149913907,NONE
.,PUNCT,,punct,,,,,0.3835861075601934,NONE
В,ADP,,case,,,,,0.0951012605957402,NONE
апреле,NOUN,,obl,Loc,Masc,Sing,Inan,-0.0452831905711886,NONE
главный,ADJ,,amod,Nom,Masc,Sing,,-0.0008812321237256,NONE
исполнительный,ADJ,,amod,Nom,Masc,Sing,,0.0137994863720894,NONE
директор,NOUN,,nsubj,Nom,Masc,Sing,Anim,-0.0411891241002722,NONE
Гатвика,PROPN,,nmod,Gen,Masc,Sing,Inan,0.0452156495092024,ORG
Крис,PROPN,,appos,Nom,Masc,Sing,Anim,-0.0603762960263823,PER
Вудруф,PROPN,,flat:name,Nom,Masc,Sing,Anim,0.3754658912136608,PER
рассказал,VERB,,root,,Masc,Sing,,0.0405634186293624,NONE
следующее,ADJ,,obj,Acc,Neut,Sing,,-0.0875892039801973,NONE
в,ADP,,case,,,,,0.0020250652067359,NONE
новостной,ADJ,,amod,Loc,Fem,Sing,,-0.0917083405802327,NONE
передаче,NOUN,,obl,Loc,Fem,Sing,Inan,-0.0858810528966709,NONE
Panorama,PROPN,,flat:foreign,,,,,0.077235082502295,ORG
телеканала,NOUN,,nmod,Gen,Masc,Sing,Inan,0.0884808540514706,NONE
BBC,PROPN,,appos,,,,,0.0801079579038458,ORG
:,PUNCT,,punct,,,,,-0.0062691202151909,NONE
«Было,AUX,,cop,,Neut,Sing,,0.021452159952756,NONE
очевидно,ADJ,,parataxis,,Neut,Sing,,-0.2006250714381149,NONE
",",PUNCT,,punct,,,,,-0.0486230370143286,NONE
что,SCONJ,,mark,,,,,-0.2410230329109177,NONE
те,DET,,nsubj,Nom,,Plur,,-0.0094685709565207,NONE
",",PUNCT,,punct,,,,,0.0280241497702119,NONE
кто,PRON,,nsubj,Nom,,,,-0.222362539120567,NONE
управляли,VERB,,acl:relcl,,,Plur,,-0.0469483756554442,NONE
дронами,NOUN,,obl,Ins,Masc,Plur,Inan,0.1172363886691977,NONE
",",PUNCT,,punct,,,,,0.0605573277929535,NONE
хорошо,ADV,,advmod,,,,,0.0315623558999367,NONE
знали,VERB,,ccomp,,,Plur,,0.0123207063518974,NONE
",",PUNCT,,punct,,,,,0.128775749463019,NONE
что,PRON,,nsubj,Nom,,,,-0.2091534504857622,NONE
происходит,VERB,,ccomp,,,Sing,,-0.1673385679227153,NONE
на,ADP,,case,,,,,-0.1408913812119366,NONE
территории,NOUN,,obl,Loc,Fem,Sing,Inan,-0.0634803207745162,NONE
аэропорта»,NOUN,,nmod,Gen,Masc,Sing,Inan,0.0067082386767445,NONE
.,PUNCT,,punct,,,,,-0.3093769825450442,NONE
Ballie,PROPN,,root,,,,,0.4019139820486252,ORG
Ballerson,PROPN,,flat:foreign,,,,,0.1204192729759442,ORG
Сохо,PROPN,,flat:foreign,Nom,Neut,Sing,Inan,0.0711469999685683,ORG
:,PUNCT,,punct,,,,,0.0936163995118227,NONE
эксклюзивные,ADJ,,amod,Nom,,Plur,,0.260340235184224,NONE
первые,ADJ,,amod,Nom,,Plur,,-0.1324704694726201,NONE
кадры,NOUN,,parataxis,Nom,Masc,Plur,Inan,0.1658485237556796,NONE
нового,ADJ,,amod,Gen,Masc,Sing,,0.0448880767373554,NONE
коктейль-бара,NOUN,,nmod,Gen,Masc,Sing,Inan,0.1960954977033685,NONE
с,ADP,,case,,,,,0.10079795132606,NONE
бассейнами,NOUN,,nmod,Ins,Masc,Plur,Inan,0.6153678820835183,NONE
с,ADP,,case,,,,,0.0209806053759745,NONE
шариками,NOUN,,nmod,Ins,Masc,Plur,Inan,0.2979232703754065,NONE
Некоторые,DET,,det,Nom,,Plur,,-0.1412353628789074,NONE
взрослые,NOUN,,nsubj,Nom,Masc,Plur,Anim,0.1553211441470613,NONE
были,AUX,,cop,,,Plur,,0.2890448770959583,NONE
себя,PRON,,obj,Acc,,,,0.0581960191699751,NONE
хуже,ADJ,,root,,,,,0.1046597863221315,NONE
",",PUNCT,,punct,,,,,0.3236814891304176,NONE
»,PUNCT,,punct,,,,,-0.2712685370763255,NONE
—,PUNCT,,punct,,,,,-0.1401753974738419,NONE
написал,VERB,,parataxis,,Masc,Sing,,-0.2147587310750101,NONE
он,PRON,,nsubj,Nom,Masc,Sing,,0.064133422934032,NONE
в,ADP,,case,,,,,0.0730947774565938,NONE
Твиттере,PROPN,,obl,Loc,Masc,Sing,Inan,0.3454458639388545,ORG
.,PUNCT,,punct,,,,,-0.0962502335618115,NONE
Квалификацию,NOUN,,obj,Acc,Fem,Sing,Inan,0.155052443971507,NONE
в,ADP,,case,,,,,0.0286897789598422,NONE
полуфинал,NOUN,,nmod,Acc,Masc,Sing,Inan,-0.0142380223565871,NONE
по,ADP,,case,,,,,-0.0293003721726654,NONE
бегу,NOUN,,nmod,Dat,Masc,Sing,Inan,0.0192504117825122,NONE
с,ADP,,case,,,,,0.0111587847580951,NONE
препятствиями,NOUN,,nmod,Ins,Neut,Plur,Inan,-0.0058855821567651,NONE
на,ADP,,case,,,,,-0.0090282307571559,NONE
400,NUM,,nummod,,,,,0.0210542320148636,NONE
м,NOUN,,nmod,Gen,Masc,Plur,Inan,-0.067962120297045,NONE
проходят,VERB,,root,,,Plur,,-0.0161081756412093,NONE
первые,ADJ,,amod,Nom,,Plur,,-0.0538920726432078,NONE
четверо,NUM,,nsubj,Nom,,,,0.0288042773672099,NONE
в,ADP,,case,,,,,-0.8597374008376335,NONE
каждом,DET,,det,Loc,Masc,Sing,,-0.0891587863677276,NONE
из,ADP,,case,,,,,-0.0436597378763395,NONE
пяти,NUM,,nummod,Gen,,,,-0.0536151774332698,NONE
забегов,NOUN,,nmod,Gen,Masc,Plur,Inan,0.1388758732308473,NONE
и,CCONJ,,cc,,,,,-0.1438442468438465,NONE
следующие,ADJ,,amod,Nom,,Plur,,-0.0542019676797847,NONE
четверо,NUM,,nummod:gov,Nom,,,,-0.0628332274912268,NONE
самых,ADJ,,amod,Gen,,Plur,,-0.1062724758732018,NONE
быстрых,ADJ,,amod,Gen,,Plur,,0.2310749658892903,NONE
бегунов,NOUN,,conj,Gen,Masc,Plur,Anim,0.0843388809769442,NONE
.,PUNCT,,punct,,,,,0.1407496292473015,NONE
Впрочем,ADV,,parataxis,,,,,0.7407645581122925,NONE
",",PUNCT,,punct,,,,,0.0324899139166662,NONE
иностранным,ADJ,,amod,Dat,,Plur,,0.0648611760022271,NONE
женщинам,NOUN,,iobj,Dat,Fem,Plur,Anim,0.0280852703201929,NONE
придется,VERB,,root,,,Sing,,0.1061530729815165,NONE
носить,VERB,,csubj,,,,,-0.0832760961043071,NONE
«скромную,ADJ,,amod,Acc,Fem,Sing,,0.0366332860445888,NONE
одежду»,NOUN,,obj,Acc,Fem,Sing,Inan,0.0326033688566697,NONE
",",PUNCT,,punct,,,,,0.1405315387366055,NONE
добавил,VERB,,parataxis,,Masc,Sing,,-0.029168003254747,NONE
он,PRON,,nsubj,Nom,Masc,Sing,,-0.0928576171076224,NONE
",",PUNCT,,punct,,,,,-0.4220004971623022,NONE
не,PART,,advmod,,,,,0.0961254959189436,NONE
вдаваясь,VERB,,advcl,,,,,0.0151707950320985,NONE
в,ADP,,case,,,,,0.1000677066699873,NONE
подробности,NOUN,,obl,Acc,Fem,Plur,Inan,-0.0902925096224604,NONE
.,PUNCT,,punct,,,,,0.0456526143322447,NONE
«Мы,PRON,,nsubj,,,,,0.136230697178582,NONE
надеемся,VERB,,root,,,Plur,,-0.0354622145323552,NONE
",",PUNCT,,punct,,,,,0.0107656495467018,NONE
что,SCONJ,,mark,,,,,0.1052935739679398,NONE
",",PUNCT,,punct,,,,,0.0686711489128134,NONE
сделав,VERB,,advcl,,,,,0.0565810554068097,NONE
сегодня,ADV,,advmod,,,,,-0.02148142726288,NONE
этот,DET,,det,Acc,Masc,Sing,,0.1948152583082792,NONE
шаг,NOUN,,obj,Acc,Masc,Sing,Inan,0.1657784436464713,NONE
",",PUNCT,,punct,,,,,0.3353760224839274,NONE
мы,PRON,,nsubj,Nom,,Plur,,0.1226294835421004,NONE
предупредили,VERB,,ccomp,,,Plur,,0.0809930595254706,NONE
эти,DET,,det,Acc,,Plur,,0.0277804720213146,NONE
компании,NOUN,,obj,Acc,Fem,Plur,Inan,0.1741764485666248,NONE
о,ADP,,case,,,,,0.1092603201225612,NONE
том,PRON,,obl,Loc,Neut,Sing,Inan,0.1196391031761373,NONE
",",PUNCT,,punct,,,,,0.4650060875665833,NONE
что,SCONJ,,mark,,,,,0.1419549666581295,NONE
они,PRON,,nsubj,Nom,,Plur,,-0.0552175166684877,NONE
должны,ADJ,,acl,,,Plur,,-0.0292800223814909,NONE
понимать,VERB,,xcomp,,,,,0.0093799754495705,NONE
",",PUNCT,,punct,,,,,0.0392396708140663,NONE
что,SCONJ,,mark,,,,,-0.0118467905727583,NONE
подобные,ADJ,,amod,Nom,,Plur,,-0.0280566067943343,NONE
деловые,ADJ,,amod,Nom,,Plur,,0.1113277939305766,NONE
сделки,NOUN,,nsubj,Nom,Fem,Plur,Inan,0.109866235532417,NONE
рискованны,ADJ,,ccomp,,,Plur,,0.1072856180585908,NONE
",",PUNCT,,punct,,,,,0.2681746811760407,NONE
»,PUNCT,,punct,,,,,0.3143030149249658,NONE
—,PUNCT,,punct,,,,,-0.009048358198441,NONE
отметил,VERB,,parataxis,,Masc,Sing,,-0.008978550792605,NONE
Суали,PROPN,,nsubj,Nom,Masc,Sing,Anim,-0.0058671005465683,PER
.,PUNCT,,punct,,,,,-0.2467882658401393,NONE
Вопрос,NOUN,,root,Nom,Masc,Sing,Inan,-0.0039067109567412,PER
.,PUNCT,,punct,,,,,0.1359459888572965,NONE
Я,PRON,,nsubj,Nom,,Sing,,0.2875821522159622,NONE
нахожусь,VERB,,root,,,Sing,,0.2009302815266778,NONE
за,ADP,,case,,,,,0.0566334245918125,NONE
пределами,NOUN,,obl,Ins,Masc,Plur,Inan,-0.0871858441803796,NONE
Европейского,PROPN,,amod,,,,,0.273962708279079,LOC
союза,NOUN,,nmod,Gen,Masc,Sing,Inan,0.1572213630765869,LOC
.,PUNCT,,punct,,,,,0.6559024868064088,NONE
Таким,DET,,det,Ins,Masc,Sing,,-0.114977479119652,NONE
образом,NOUN,,parataxis,Ins,Masc,Sing,Inan,0.1066900825612237,NONE
",",PUNCT,,punct,,,,,0.1106265726519751,NONE
Recovery,PROPN,,iobj,,,,,-0.3656929515763252,ORG
удалось,VERB,,root,,Neut,Sing,,-0.087103955286422,NONE
продемонстрировать,VERB,,csubj,,,,,-0.0600631557733555,NONE
",",PUNCT,,punct,,,,,0.1783512461724968,NONE
что,SCONJ,,mark,,,,,-0.0442718617269053,NONE
стероид,NOUN,,nsubj,Nom,Masc,Sing,Inan,0.0390134922332756,NONE
дексаметазон,NOUN,,appos,Nom,Masc,Sing,Inan,0.0521604423333341,NONE
на,ADP,,case,,,,,-0.0321882228914604,NONE
треть,NOUN,,obl,Acc,Fem,Sing,Inan,0.1917758925715953,NONE
снижает,VERB,,ccomp,,,Sing,,0.0773013326638024,NONE
смертность,NOUN,,obj,Acc,Fem,Sing,Inan,0.3889001484006245,NONE
среди,ADP,,case,,,,,-0.0278058349056657,NONE
больных,NOUN,,nmod,Gen,Masc,Plur,Anim,0.0910417715603452,NONE
COVID-19,PROPN,,flat:foreign,,,,,0.2678746733923504,NONE
",",PUNCT,,punct,,,,,0.1086238503775017,NONE
находящихся,VERB,,acl,Gen,,Plur,,-0.0774543357541671,NONE
на,ADP,,case,,,,,-0.0371365613753386,NONE
искусственной,ADJ,,amod,Loc,Fem,Sing,,0.2252360997409891,NONE
вентиляции,NOUN,,obl,Loc,Fem,Sing,Inan,0.0680339871079964,NONE
легких,NOUN,,nmod,Gen,Neut,Plur,Inan,0.0444662916946397,NONE
.,PUNCT,,punct,,,,,0.4929980508715359,NONE
ЛЮБОЙ,DET,,det,Nom,Masc,Sing,,0.1126039585888091,NONE
КОМИКС,NOUN,,nsubj,Nom,Masc,Sing,Inan,0.0871462181693444,NONE
",",PUNCT,,punct,,,,,0.1486390264080052,NONE
даже,PART,,advmod,,,,,-0.0412439916639856,NONE
если,SCONJ,,mark,,,,,-0.1780768159918936,NONE
он,PRON,,nsubj,Nom,Masc,Sing,,0.1654620051493444,NONE
совершенно,ADV,,obl,,,,,0.0495945135628985,NONE
новый,ADJ,,advcl,Nom,Masc,Sing,,-0.0045660350579847,NONE
",",PUNCT,,punct,,,,,0.2934703125567097,NONE
будет,AUX,,aux,,,Sing,,0.0821213936649818,NONE
иметь,VERB,,root,,,,,0.2299970163828836,NONE
какие-либо,DET,,det,Acc,,Plur,,0.1426627434177546,NONE
следы,NOUN,,obj,Acc,Masc,Plur,Inan,0.0811547853547787,NONE
небольших,ADJ,,amod,Gen,,Plur,,0.0696987341727403,NONE
дефектов,NOUN,,nmod,Gen,Masc,Plur,Inan,0.2414306779606237,NONE
",",PUNCT,,punct,,,,,0.1058726640700759,NONE
если,SCONJ,,mark,,,,,-0.0725251768724255,NONE
вы,PRON,,nsubj,Nom,,Plur,,0.1991322182895153,NONE
достанете,VERB,,advcl,,,Plur,,-0.0131625173008865,NONE
увеличительное,ADJ,,amod,Acc,Neut,Sing,,0.0239948323776324,NONE
стекло,NOUN,,obj,Acc,Neut,Sing,Inan,-0.012375221099291,NONE
и,CCONJ,,cc,,,,,0.0173341088850512,NONE
посмотрите,VERB,,conj,,,Plur,,0.2102776913883245,NONE
чуть,ADV,,advmod,,,,,-0.1119952831473895,NONE
внимательнее,ADV,,advmod,,,,,0.1857507768576293,NONE
.,PUNCT,,punct,,,,,-0.315329303843317,NONE
В,ADP,,case,,,,,0.2184899808565814,NONE
жилом,ADJ,,amod,Loc,Masc,Sing,,0.0218903892088172,NONE
комплексе,NOUN,,obl,Loc,Masc,Sing,Inan,-0.0802880802883037,NONE
также,ADV,,advmod,,,,,-0.1023355325877942,NONE
будет,AUX,,aux:pass,,,Sing,,-0.217202629973635,NONE
построен,VERB,,root,,Masc,Sing,,-0.2204677993970284,NONE
19-этажный,ADJ,,amod,Nom,Masc,Sing,,-0.0091639659374532,NONE
жилой,ADJ,,amod,Nom,Masc,Sing,,0.0803652086012847,NONE
небоскреб,NOUN,,nsubj:pass,Nom,Masc,Sing,Inan,0.1734765279378307,NONE
",",PUNCT,,punct,,,,,0.1302577717802683,NONE
весь,DET,,det,Acc,Masc,Sing,,0.0912265616520074,NONE
проект,NOUN,,obj,Acc,Masc,Sing,Inan,-0.1635206365790785,NONE
обещают,VERB,,conj,,,Plur,,0.1136399448081861,NONE
закончить,VERB,,xcomp,,,,,0.1337731256322743,NONE
ко,ADP,,case,,,,,0.1231887037289452,NONE
второй,ADJ,,amod,Dat,Fem,Sing,,0.0872334311598297,NONE
половине,NOUN,,obl,Dat,Fem,Sing,Inan,-0.0198151834558785,NONE
2020,ADJ,,amod,,,,,-0.0394558964986671,NONE
года,NOUN,,nmod,Gen,Masc,Sing,Inan,-0.2993452934537408,NONE
.,PUNCT,,punct,,,,,0.473748160289573,NONE
Главное,NOUN,,nsubj,Nom,Neut,Sing,Inan,0.2432060600280276,NONE
—,PUNCT,,punct,,,,,0.0979092772326278,NONE
прозрачность,NOUN,,root,Nom,Fem,Sing,Inan,0.5128263540998792,NONE
.,PUNCT,,punct,,,,,0.513786348825437,NONE
Он,PRON,,nsubj,Nom,Masc,Sing,,-0.0611254634593941,NONE
всего,PART,,advmod,,,,,0.5182015584463262,NONE
лишь,PART,,advmod,,,,,-0.5451205954438144,NONE
один,NUM,,root,Nom,Masc,,,-0.1777491104703003,NONE
из,ADP,,case,,,,,-0.0628771326316971,NONE
многочисленных,ADJ,,amod,Gen,,Plur,,0.0691577226863177,NONE
американских,ADJ,,amod,Gen,,Plur,,0.0482994231958259,NONE
граждан,NOUN,,nmod,Gen,Masc,Plur,Anim,-0.0691894663613825,NONE
",",PUNCT,,punct,,,,,-0.2330781749784479,NONE
удерживаемых,VERB,,acl,Gen,,Plur,,0.1494359176995282,NONE
в,ADP,,case,,,,,0.0427954243236519,NONE
Сирии,PROPN,,obl,Loc,Fem,Sing,Inan,0.1132842762780469,LOC
",",PUNCT,,punct,,,,,-0.0195878090677843,NONE
и,CCONJ,,cc,,,,,0.2225595791527571,NONE
мы,PRON,,nsubj,Nom,,Plur,,-0.2178904969171197,NONE
призываем,VERB,,conj,,,Plur,,0.1286375370588576,NONE
сирийский,ADJ,,amod,Acc,Masc,Sing,Inan,0.0074516084327497,NONE
режим,NOUN,,obj,Acc,Masc,Sing,Inan,0.1047805301460791,NONE
освободить,VERB,,xcomp,,,,,0.0498813699321017,NONE
их,PRON,,obj,Acc,,Plur,,0.025243994587593,NONE
всех,DET,,det,Acc,,Plur,Anim,0.0337728861933734,NONE
.,PUNCT,,punct,,,,,0.2141678962441977,NONE
В,ADP,,case,,,,,-0.0443465174961854,NONE
любое,DET,,det,Acc,Neut,Sing,,-0.0441457161022687,NONE
время,NOUN,,obl,Acc,Neut,Sing,Inan,0.0992994935561495,NONE
",",PUNCT,,punct,,,,,0.2562587251410489,NONE
когда,SCONJ,,mark,,,,,-0.0759321394303279,NONE
вам,PRON,,iobj,Dat,,Plur,,0.0209643366576153,NONE
нужна,ADJ,,acl,,Fem,Sing,,-0.0630992616731109,NONE
помощь,NOUN,,nsubj,Nom,Fem,Sing,Inan,0.0251048877297902,NONE
",",PUNCT,,punct,,,,,0.1018177531642139,NONE
наши,DET,,det,Nom,,Plur,,-0.1974389103075914,NONE
агенты,NOUN,,nsubj,Nom,Masc,Plur,Anim,0.3333828884848557,NONE
поддержки,NOUN,,nmod,Gen,Fem,Sing,Inan,0.0811915740390837,NONE
готовы,ADJ,,root,,,Plur,,0.2036015433026791,NONE
помочь,VERB,,xcomp,,,,,-0.0013457352783399,NONE
вам,PRON,,iobj,Dat,,Plur,,0.0753879788724095,NONE
24,NUM,,nummod,,,,,-0.2085553524400969,NONE
часа,NOUN,,obl,Gen,Masc,Sing,Inan,0.4323929857393827,NONE
в,ADP,,case,,,,,0.3372568759574698,NONE
сутки,NOUN,,nmod,Acc,Fem,Plur,Inan,-0.0511848061981268,NONE
семь,NUM,,nummod:gov,Acc,,,,0.4327977926086184,NONE
дней,NOUN,,obl,Gen,Masc,Plur,Inan,0.1578467745151515,NONE
в,ADP,,case,,,,,0.2966230561308718,NONE
неделю,NOUN,,nmod,Acc,Fem,Sing,Inan,0.0621676459779626,NONE
.,PUNCT,,punct,,,,,-0.0656012988194185,NONE
Это,PRON,,nsubj,Nom,Neut,Sing,Inan,-0.0451855943468366,NONE
бы,AUX,,aux,,,,,0.1377096532208579,NONE
означало,VERB,,root,,Neut,Sing,,0.0923039353415311,NONE
запуск,NOUN,,obj,Acc,Masc,Sing,Inan,-0.0588641259141029,NONE
таких,DET,,det,Gen,,Plur,,-0.0809165859679068,NONE
проектов,NOUN,,nmod,Gen,Masc,Plur,Inan,-0.0883842356837382,NONE
",",PUNCT,,punct,,,,,0.2790075146033315,NONE
как,SCONJ,,mark,,,,,0.0879962657423223,NONE
нефтепровод,NOUN,,obl,Nom,Masc,Sing,Inan,0.1125297697060342,NONE
и,CCONJ,,cc,,,,,-0.3814539756489883,NONE
нефтеочистительный,ADJ,,amod,Nom,Masc,Sing,,0.1650498962556404,NONE
завод,NOUN,,conj,Nom,Masc,Sing,Inan,0.2457155736971607,NONE
.,PUNCT,,punct,,,,,-0.5429298873026901,NONE
Египетский,ADJ,,amod,Nom,Masc,Sing,,0.2909891236351913,LOC
суд,NOUN,,nsubj,Nom,Masc,Sing,Inan,-0.135073361204681,LOC
направляет,VERB,,root,,,Sing,,0.0872851935504488,NONE
мужчину,NOUN,,obj,Acc,Masc,Sing,Anim,0.3490819966814732,NONE
",",PUNCT,,punct,,,,,0.3057418073417196,NONE
убившего,VERB,,acl,Acc,Masc,Sing,Anim,0.1037196241828825,NONE
троих,NUM,,nummod:gov,Acc,,,Anim,-0.1074305220271239,NONE
детей,NOUN,,obj,Gen,Masc,Plur,Anim,0.0543255669347157,NONE
",",PUNCT,,punct,,,,,0.2977115087380868,NONE
на,ADP,,case,,,,,0.0340205720595512,NONE
психиатрическую,ADJ,,amod,Acc,Fem,Sing,,0.0447966187780977,NONE
экспертизу,NOUN,,obl,Acc,Fem,Sing,Inan,0.085078413835108,NONE
Чиновники,NOUN,,nsubj,Nom,Masc,Plur,Anim,0.1109347753531793,NONE
",",PUNCT,,punct,,,,,0.0294727110402157,NONE
местные,ADJ,,amod,Nom,,Plur,,0.0887760094631417,NONE
жители,NOUN,,conj,Nom,Masc,Plur,Anim,0.0677853520860064,NONE
и,CCONJ,,cc,,,,,-0.0709590678467546,NONE
туристы,NOUN,,conj,Nom,Masc,Plur,Anim,0.1933247814741529,NONE
смогли,VERB,,root,,,Plur,,0.067647511803324,NONE
оттащить,VERB,,xcomp,,,,,0.2402475423139138,NONE
некоторых,DET,,obj,Acc,,Plur,Anim,-0.0459020514573275,NONE
из,ADP,,case,,,,,-0.0116223265867937,NONE
них,PRON,,nmod,Gen,,Plur,,-0.0613819582694914,NONE
обратно,ADV,,advmod,,,,,0.0531831274975038,NONE
в,ADP,,case,,,,,0.0825876994445424,NONE
море,NOUN,,obl,Acc,Neut,Sing,Inan,0.112448199791982,NONE
",",PUNCT,,punct,,,,,0.259248793708849,NONE
но,CCONJ,,cc,,,,,0.1253389799991194,NONE
многие,NUM,,nsubj,,,,,0.2208494966497727,NONE
вернулись,VERB,,conj,,,Plur,,0.0392225980202471,NONE
назад,ADV,,advmod,,,,,0.089516584782571,NONE
.,PUNCT,,punct,,,,,-0.7244382124434027,NONE
По,ADP,,case,,,,,0.2996052014954782,NONE
словам,NOUN,,parataxis,Dat,Neut,Plur,Inan,0.2319052788204037,NONE
представителя,NOUN,,nmod,Gen,Masc,Sing,Anim,0.0364620515788261,NONE
компании,NOUN,,nmod,Gen,Fem,Sing,Inan,0.0320706330995102,NONE
",",PUNCT,,punct,,,,,0.1723999834818666,NONE
после,ADP,,case,,,,,0.0851556327256854,NONE
выборов,NOUN,,obl,Gen,Masc,Plur,Inan,0.1094935025645653,NONE
Президента,PROPN,,nmod,Gen,Masc,Sing,Anim,-0.0837516772419652,NONE
США,PROPN,,nmod,Gen,,Plur,Inan,-0.0284001202832509,LOC
2016,ADJ,,amod,,,,,0.0113412058534407,NONE
года,NOUN,,nmod,Gen,Masc,Sing,Inan,-0.0697918569034908,NONE
в,ADP,,case,,,,,0.2077117698430949,NONE
Twitter,PROPN,,obl,,,,,-0.035216164842615,ORG
пытаются,VERB,,root,,,Plur,,0.0655772348947366,NONE
более,ADV,,advmod,,,,,0.0761622261129932,NONE
активно,ADV,,advmod,,,,,0.0568544275456659,NONE
следить,VERB,,xcomp,,,,,0.0571251442981047,NONE
за,ADP,,case,,,,,0.0335734706736508,NONE
недобросовестной,ADJ,,amod,Ins,Fem,Sing,,0.2780128055804454,NONE
политической,ADJ,,amod,Ins,Fem,Sing,,0.0002488481225866,NONE
деятельностью,NOUN,,obl,Ins,Fem,Sing,Inan,0.0023087687966286,NONE
",",PUNCT,,punct,,,,,0.4173347149781869,NONE
а,CCONJ,,cc,,,,,-0.0191876757764376,NONE
также,PART,,fixed,,,,,0.0331176246885792,NONE
сохранять,VERB,,conj,,,,,0.0028982236683116,NONE
прозрачность,NOUN,,obj,Acc,Fem,Sing,Inan,0.015338888444291,NONE
во,ADP,,case,,,,,0.0826081253475322,NONE
время,NOUN,,fixed,Acc,Neut,Sing,Inan,0.0658310688715181,NONE
расследований,NOUN,,obl,Gen,Neut,Plur,Inan,0.0606310753687445,NONE
:,PUNCT,,punct,,,,,-0.0382431574709672,NONE
с,ADP,,case,,,,,0.1014161916582201,NONE
октября,NOUN,,obl,Gen,Masc,Sing,Inan,0.0691577746285773,NONE
компания,NOUN,,nsubj,Nom,Fem,Sing,Inan,0.0933622467339432,NONE
публично,ADV,,advmod,,,,,-0.0127836239822338,NONE
делится,VERB,,parataxis,,,Sing,,0.0670372587752586,NONE
данными,NOUN,,obl,Ins,,Plur,Inan,0.0218176954376964,NONE
о,ADP,,case,,,,,0.1397588174023168,NONE
кампаниях,NOUN,,nmod,Loc,Fem,Plur,Inan,0.1764418089769019,NONE
",",PUNCT,,punct,,,,,0.1099920865018404,NONE
проводимых,VERB,,acl,Loc,,Plur,,-0.0577681843897905,NONE
различными,ADJ,,amod,Ins,,Plur,,-0.0188156921181386,NONE
государствами,NOUN,,obl,Ins,Neut,Plur,Inan,0.0059532095961357,NONE
на,ADP,,case,,,,,0.0209096673785206,NONE
их,DET,,det,,,,,0.0268272192689723,NONE
платформе,NOUN,,obl,Loc,Fem,Sing,Inan,0.1252661981238239,NONE
",",PUNCT,,punct,,,,,0.1081682365300919,NONE
что,PRON,,nsubj,Nom,,,,-0.012967997648108,NONE
позволяет,VERB,,parataxis,,,Sing,,-0.0551372473576979,NONE
другим,ADJ,,amod,Dat,,Plur,,-0.0149256036474105,NONE
пользователям,NOUN,,iobj,Dat,Masc,Plur,Anim,0.0663688817484111,NONE
оценить,VERB,,xcomp,,,,,-0.0276839760728881,NONE
прозрачность,NOUN,,obj,Acc,Fem,Sing,Inan,0.0603059138997335,NONE
информации,NOUN,,nmod,Gen,Fem,Sing,Inan,0.0395685685216031,NONE
со,ADP,,case,,,,,0.181453254282412,NONE
стороны,NOUN,,fixed,Gen,Fem,Sing,Inan,0.0551710398755788,NONE
.,PUNCT,,punct,,,,,0.3413600017022885,NONE
Медицинское,ADJ,,amod,Nom,Neut,Sing,,0.3157039540817389,NONE
обслуживание,NOUN,,nsubj,Nom,Neut,Sing,Inan,0.3255976844392275,NONE
и,CCONJ,,cc,,,,,0.095313482482276,NONE
уход,NOUN,,conj,Nom,Masc,Sing,Inan,0.2112354409171609,NONE
за,ADP,,case,,,,,-0.1921374822457776,NONE
детьми,NOUN,,nmod,Ins,Masc,Plur,Anim,0.2109658378881237,NONE
стали,VERB,,root,,,Plur,,-0.0556914118590576,NONE
бы,AUX,,aux,,,,,0.0962149544059973,NONE
бюджетными,ADJ,,obl,Ins,,Plur,,0.2193938467125727,NONE
и,CCONJ,,cc,,,,,0.0529422085633799,NONE
более,ADV,,obl,,,,,0.3779934950154242,NONE
доступными,ADJ,,conj,Ins,,Plur,,0.0103054253290708,NONE
и,CCONJ,,conj,,,,,-0.027490590494641,NONE
так,ADV,,fixed,,,,,0.2365700409960797,NONE
далее,ADV,,fixed,,,,,0.2117034002722727,NONE
.,PUNCT,,punct,,,,,0.1934649424694106,NONE
Они,PRON,,nsubj,Nom,,Plur,,0.1170900372680029,NONE
уже,PART,,advmod,,,,,0.0390606787816991,NONE
собираются,VERB,,root,,,Plur,,-0.0632690114967241,NONE
уходить,VERB,,xcomp,,,,,-0.0428130743775525,NONE
",",PUNCT,,punct,,,,,0.1041568895417524,NONE
а,CCONJ,,cc,,,,,0.0561773151538772,NONE
она,PRON,,nsubj,Nom,Fem,Sing,,0.0245619450990653,NONE
поворачивается,VERB,,conj,,,Sing,,0.0995692264767891,NONE
ко,ADP,,case,,,,,-0.0554817130157724,NONE
мне,PRON,,obl,Dat,,Sing,,-0.0655311800835004,NONE
и,CCONJ,,cc,,,,,-0.0035865333035209,NONE
говорит,VERB,,conj,,,Sing,,0.0185642639648103,NONE
:,PUNCT,,punct,,,,,-0.0207849628957982,NONE
«Вы,PRON,,nsubj,Nom,,Plur,,0.187524384500628,NONE
должны,ADJ,,parataxis,,,Plur,,0.056257192319294,NONE
понимать,VERB,,xcomp,,,,,0.0506449171756914,NONE
",",PUNCT,,punct,,,,,0.2184020095114655,NONE
что,SCONJ,,mark,,,,,0.1223061447615943,NONE
не,PART,,advmod,,,,,0.1410797999807536,NONE
нужно,ADJ,,ccomp,,Neut,Sing,,0.0523874199893702,NONE
говорить,VERB,,csubj,,,,,-0.1186962968330139,NONE
кому-либо,PRON,,iobj,Dat,Masc,Sing,Anim,0.0185999253971085,NONE
",",PUNCT,,punct,,,,,-0.015363695279689,NONE
где,ADV,,advmod,,,,,-0.0487365892906054,NONE
что-то,PRON,,nsubj,Nom,Neut,Sing,Inan,0.0637376088179793,NONE
находится,VERB,,acl:relcl,,,Sing,,0.0602070024888061,NONE
",",PUNCT,,punct,,,,,-0.1487769015593114,NONE
если,SCONJ,,mark,,,,,0.0397621711694954,NONE
вы,PRON,,nsubj,Nom,,Plur,,0.0463548021581638,NONE
сами,DET,,obl,Nom,,Plur,,0.0488365692643655,NONE
не,PART,,advmod,,,,,0.5473009444011195,NONE
знаете»,VERB,,advcl,,,Sing,,0.3051096544282882,NONE
.,PUNCT,,punct,,,,,-0.4690557913338674,NONE
По,ADP,,case,,,,,0.3333329665304186,NONE
его,DET,,det,,,,,-0.1818104154061492,NONE
словам,NOUN,,parataxis,Dat,Neut,Plur,Inan,0.0836654068294789,NONE
",",PUNCT,,punct,,,,,0.0485393814769324,NONE
сотрудники,NOUN,,nsubj,Nom,Masc,Plur,Anim,-0.1367612983969943,NONE
ССС,PROPN,,nmod,Gen,Masc,Sing,Inan,0.0428059573361877,ORG
объяснили,VERB,,root,,,Plur,,-0.1495726707361131,NONE
",",PUNCT,,punct,,,,,0.143559201000863,NONE
что,SCONJ,,mark,,,,,-0.2576382952502709,NONE
ждут,VERB,,ccomp,,,Plur,,-0.0493463849475471,NONE
указания,NOUN,,obj,Gen,Neut,Sing,Inan,0.2388756525295166,NONE
об,ADP,,case,,,,,0.0234945990055146,NONE
освобождении,NOUN,,nmod,Loc,Neut,Sing,Inan,-0.0347581756587942,NONE
Соворе,PROPN,,nmod,Gen,Masc,Sing,Anim,0.1956418180851979,PER
от,ADP,,case,,,,,0.183486706746961,NONE
Бичи,PROPN,,nmod,Gen,Masc,Sing,Anim,0.1540415141689782,PER
.,PUNCT,,punct,,,,,0.3305597526096413,NONE
Конечно,ADV,,parataxis,,,,,-0.4321516581033374,NONE
",",PUNCT,,punct,,,,,0.4933944162688373,NONE
они,PRON,,nsubj,Nom,,Plur,,0.1737266712055806,NONE
этого,PRON,,obl,Gen,Neut,Sing,Inan,-0.2301607117025201,NONE
не,PART,,advmod,,,,,0.2426784298789253,NONE
делают,VERB,,root,,,Plur,,-0.0967302178486253,NONE
.,PUNCT,,punct,,,,,0.5284626436784007,NONE
Семья,NOUN,,nsubj,Nom,Fem,Sing,Inan,0.0547111447273591,NONE
мальчика,NOUN,,nmod,Gen,Masc,Sing,Anim,0.0864476934502488,NONE
также,ADV,,advmod,,,,,0.0329335128029872,NONE
сообщила,VERB,,root,,Fem,Sing,,0.0662385267303321,NONE
",",PUNCT,,punct,,,,,0.0280644229477728,NONE
что,SCONJ,,mark,,,,,0.0088199375687421,NONE
политики,NOUN,,nsubj,Nom,Masc,Plur,Anim,0.1923018659745929,NONE
",",PUNCT,,punct,,,,,0.0558012946563245,NONE
среди,ADP,,case,,,,,-0.0824020788408363,NONE
которых,PRON,,obl,Gen,,,,0.0135201210682022,NONE
лидер,NOUN,,nsubj,Nom,Masc,Sing,Anim,0.0779996005983981,NONE
Конгресса,PROPN,,nmod,Gen,Masc,Sing,Inan,0.0340960729957315,ORG
Рахул,PROPN,,appos,Nom,Masc,Sing,Anim,0.0283068808448509,PER
Ганди,PROPN,,flat:name,Nom,Masc,Sing,Anim,0.0266061799316555,PER
и,CCONJ,,cc,,,,,0.0764227633936683,NONE
главный,ADJ,,amod,Nom,Masc,Sing,,0.0950318402967561,NONE
министр,NOUN,,conj,Nom,Masc,Sing,Anim,0.1933964485535585,NONE
Дели,PROPN,,nmod,Gen,Masc,Sing,Inan,0.0617014273107549,LOC
Арвинд,PROPN,,appos,Nom,Masc,Sing,Anim,0.0064559311247338,PER
Кеджривал,PROPN,,flat:name,Nom,Masc,Sing,Anim,0.0515949369111004,PER
",",PUNCT,,punct,,,,,0.0702071816567,NONE
связалались,VERB,,ccomp,,,Plur,,0.0272279346942368,NONE
с,ADP,,case,,,,,0.0696549273589596,NONE
ними,PRON,,obl,Ins,,Plur,,-0.0124007249423321,NONE
и,CCONJ,,cc,,,,,-0.0110187792851607,NONE
предложили,VERB,,conj,,,Plur,,0.0092662969969657,NONE
поддержку,NOUN,,obj,Acc,Fem,Sing,Inan,0.0116068599174776,NONE
.,PUNCT,,punct,,,,,0.9190454359764536,NONE
Премьер-министр,NOUN,,nsubj,Nom,Masc,Sing,Anim,0.1010446031619458,NONE
раскритиковал,VERB,,root,,Masc,Sing,,0.0726874717299951,NONE
Шотландскую,ADJ,,amod,Acc,Fem,Sing,,-0.0344651791302652,ORG
национальную,ADJ,,amod,Acc,Fem,Sing,,0.1029451512891001,ORG
партию,NOUN,,obj,Acc,Fem,Sing,Inan,-0.0026177964198952,ORG
и,CCONJ,,cc,,,,,-0.0216317758948211,NONE
заявил,VERB,,conj,,Masc,Sing,,-0.5255134232474402,NONE
",",PUNCT,,punct,,,,,0.1149890989447157,NONE
что,SCONJ,,mark,,,,,0.6316017032902399,NONE
собирается,VERB,,ccomp,,,Sing,,-0.1298163183613288,NONE
ввести,VERB,,xcomp,,,,,0.0599787471476142,NONE
меры,NOUN,,obj,Acc,Fem,Plur,Inan,-0.1357932570891786,NONE
",",PUNCT,,punct,,,,,0.1264652731110251,NONE
«которые,PRON,,nsubj,Nom,,,,0.0255733063406439,NONE
исправят,VERB,,acl:relcl,,,Plur,,-0.0515154367590375,NONE
вопиющую,ADJ,,amod,Acc,Fem,Sing,,0.0394805434821996,NONE
некомпетентность»,NOUN,,obj,Acc,Fem,Sing,Inan,0.0988604980616364,NONE
правительства,NOUN,,nmod,Gen,Neut,Sing,Inan,-0.0164880136643974,NONE
Шотландии,PROPN,,nmod,Gen,Fem,Sing,Inan,0.0255521058225616,LOC
.,PUNCT,,punct,,,,,-0.1546717324156947,NONE
В,ADP,,case,,,,,0.4168817149858517,NONE
результате,NOUN,,obl,Loc,Masc,Sing,Inan,-0.2464250408936079,NONE
закрытия,NOUN,,nmod,Gen,Neut,Sing,Inan,0.0633035529776931,NONE
контрольно-пропускных,ADJ,,amod,Gen,,Plur,,0.0715178516648409,NONE
пунктов,NOUN,,nmod,Gen,Masc,Plur,Inan,-0.0805396724645211,NONE
Илинден,PROPN,,nmod,Gen,Fem,Plur,Inan,0.045698362785757,LOC
",",PUNCT,,punct,,,,,0.1277411542972376,NONE
Капитан-Петко-Войвода,PROPN,,flat:name,Gen,Masc,Sing,Anim,0.2577641913059302,LOC
и,CCONJ,,cc,,,,,0.0652378097481168,NONE
Маказа,PROPN,,conj,Gen,Masc,Sing,Inan,0.0202353224956406,LOC
повысилась,VERB,,root,,Fem,Sing,,0.043022788482242,NONE
интенсивность,NOUN,,nsubj,Nom,Fem,Sing,Inan,0.0294802013341883,NONE
движения,NOUN,,nmod,Gen,Neut,Sing,Inan,-0.0016418857272096,NONE
транспорта,NOUN,,nmod,Gen,Masc,Sing,Inan,-0.0026176856693138,NONE
через,ADP,,case,,,,,-0.0088825289031609,NONE
границу,NOUN,,nmod,Acc,Fem,Sing,Inan,-0.022616845902545,NONE
в,ADP,,case,,,,,0.0501474231372694,NONE
районе,NOUN,,nmod,Loc,Masc,Sing,Inan,-0.0221492917953748,NONE
Петрича,PROPN,,nmod,Gen,Masc,Sing,Inan,0.0760528355374273,LOC
.,PUNCT,,punct,,,,,-0.1154778116127581,NONE
Проблем,NOUN,,nsubj:pass,Gen,Fem,Plur,Inan,0.0010366109887415,NONE
с,ADP,,case,,,,,0.106046785028858,NONE
пересечением,NOUN,,nmod,Ins,Neut,Sing,Inan,0.1223912328856977,NONE
границы,NOUN,,nmod,Gen,Fem,Sing,Inan,0.0516011953024081,NONE
не,PART,,advmod,,,,,-0.0078421418252446,NONE
наблюдается,VERB,,root,,,Sing,,0.0636709033881626,NONE
.,PUNCT,,punct,,,,,-0.05739048483095,NONE
Также,ADV,,advmod,,,,,-0.013125697457819,NONE
не,PART,,advmod,,,,,0.0430303782690199,NONE
возникает,VERB,,root,,,Sing,,-0.069770951007891,NONE
очередей,NOUN,,nsubj,Gen,Fem,Plur,Inan,0.0303050460984075,NONE
из,ADP,,case,,,,,0.0105027367867405,NONE
грузовых,ADJ,,amod,Gen,,Plur,,0.0489694491655949,NONE
автомобилей,NOUN,,nmod,Gen,Masc,Plur,Inan,-0.0211589820607726,NONE
.,PUNCT,,punct,,,,,0.2226781307283216,NONE
Все,DET,,det,Nom,,Plur,,-0.0373575423927669,NONE
люди,NOUN,,nsubj,Nom,Masc,Plur,Anim,-0.0343911478850492,NONE
",",PUNCT,,punct,,,,,0.1411312962870581,NONE
ожидающие,VERB,,acl,Nom,,Plur,,0.1034337491590242,NONE
пересечения,NOUN,,obj,Gen,Neut,Sing,Inan,0.0375653777250697,NONE
границы,NOUN,,nmod,Gen,Fem,Sing,Inan,-0.0109017847349668,NONE
",",PUNCT,,punct,,,,,0.1376568287435812,NONE
направляются,VERB,,root,,,Plur,,-0.0323276857076896,NONE
в,ADP,,case,,,,,0.0526410667947083,NONE
Грецию,PROPN,,obl,Acc,Fem,Sing,Inan,0.1328718441351493,LOC
на,ADP,,case,,,,,-0.0126920614537405,NONE
море,NOUN,,obl,Acc,Neut,Sing,Inan,0.0264399900654486,NONE
.,PUNCT,,punct,,,,,0.0339009417971698,NONE
Для,ADP,,case,,,,,-0.0822232541170196,NONE
пересечения,NOUN,,obl,Gen,Neut,Sing,Inan,0.0320738459353241,NONE
башни,NOUN,,nmod,Gen,Fem,Sing,Inan,0.1189084793853893,NONE
туристам,NOUN,,iobj,Dat,Masc,Plur,Anim,0.0079693465389325,NONE
приходится,VERB,,root,,,Sing,,-0.1538558750356633,NONE
ждать,VERB,,csubj,,,,,-0.0097942564300215,NONE
около,ADP,,case,,,,,0.0004655043679462,NONE
полутора,NUM,,nummod,Gen,,,,0.1491997178807268,NONE
часов,NOUN,,obl,Gen,Masc,Plur,Inan,0.0993068155096443,NONE
.,PUNCT,,punct,,,,,0.1610854531557189,NONE
Оно,PRON,,nsubj,Nom,Neut,Sing,,0.0086421275354034,NONE
может,VERB,,root,,,Sing,,0.3288024035492594,NONE
не,PART,,advmod,,,,,-0.263239887795853,NONE
только,PART,,advmod,,,,,-0.0501863489174378,NONE
спасти,VERB,,xcomp,,,,,-0.1063636284482821,NONE
окружающую,VERB,,amod,Acc,Fem,Sing,,-0.1195513600061675,NONE
среду,NOUN,,obj,Acc,Fem,Sing,Inan,-0.1063451239909088,NONE
",",PUNCT,,punct,,,,,-0.0406908514276836,NONE
но,CCONJ,,cc,,,,,0.0554864919983953,NONE
и,PART,,fixed,,,,,-0.0818568495488243,NONE
лишить,VERB,,conj,,,,,-0.0444248893331389,NONE
террористов,NOUN,,obj,Acc,Masc,Plur,Anim,-0.0042489769807936,NONE
источника,NOUN,,obl,Gen,Masc,Sing,Inan,-0.0998983527252573,NONE
финансирования,NOUN,,nmod,Gen,Neut,Sing,Inan,0.1823551423900986,NONE
",",PUNCT,,punct,,,,,0.6219220977067353,NONE
-,PUNCT,,punct,,,,,0.312320836993996,NONE
сказал,VERB,,parataxis,,Masc,Sing,,0.1197926621808537,NONE
он,PRON,,nsubj,Nom,Masc,Sing,,-0.0679818826983023,NONE
.,PUNCT,,punct,,,,,0.0381026905881417,NONE
Если,SCONJ,,mark,,,,,-0.2915253386675808,NONE
у,ADP,,case,,,,,-0.1560371815735216,NONE
вас,PRON,,advcl,Gen,,Plur,,0.0056903795249124,NONE
есть,VERB,,cop,,,Sing,,0.0365769806023247,NONE
вопрос,NOUN,,nsubj,Nom,Masc,Sing,Inan,-0.0798663891495992,NONE
",",PUNCT,,punct,,,,,-0.0098126758238203,NONE
касающийся,VERB,,acl,Nom,Masc,Sing,,-0.0116741559211633,NONE
определенной,ADJ,,amod,Gen,Fem,Sing,,0.0933327314491063,NONE
темы,NOUN,,obl,Gen,Fem,Sing,Inan,0.0134541618810933,NONE
модуля,NOUN,,nmod,Gen,Masc,Sing,Inan,0.1017672936121111,NONE
или,CCONJ,,cc,,,,,0.059652783003104,NONE
курса,NOUN,,conj,Gen,Masc,Sing,Inan,0.063115219536698,NONE
в,ADP,,case,,,,,0.1993470807016178,NONE
целом,NOUN,,nmod,Loc,Neut,Sing,Inan,-0.0418401574529946,NONE
",",PUNCT,,punct,,,,,0.1316129610919136,NONE
по,ADP,,case,,,,,0.0506206088461436,NONE
которым,PRON,,obl,Dat,,Plur,,0.0763410764506391,NONE
вам,PRON,,iobj,Dat,,Plur,,0.0402613430858642,NONE
нужны,ADJ,,acl:relcl,,,Plur,,0.275465455226965,NONE
разъяснения,NOUN,,nsubj,Nom,Neut,Plur,Inan,0.1769388588060161,NONE
",",PUNCT,,punct,,,,,0.2804542622046902,NONE
пожалуйста,ADV,,parataxis,,,,,0.3612980900072008,NONE
",",PUNCT,,punct,,,,,-0.0256887442070158,NONE
спрашивайте,VERB,,root,,,Plur,,0.0663526229440158,NONE
и,CCONJ,,cc,,,,,0.0018766189068419,NONE
я,PRON,,nsubj,Nom,,Sing,,0.1412398652337399,NONE
постараюсь,VERB,,conj,,,Sing,,0.031543517090065,NONE
помочь,VERB,,xcomp,,,,,0.1737894014392964,NONE
вам,PRON,,iobj,Dat,,Plur,,-0.0168181725141312,NONE
",",PUNCT,,punct,,,,,0.1119271599560561,NONE
чем,PRON,,obl,Ins,,,,0.1868574164253754,NONE
могу,VERB,,ccomp,,,Sing,,0.1669688403316306,NONE
",",PUNCT,,punct,,,,,0.2970071457155638,NONE
если,SCONJ,,mark,,,,,0.1603291830482772,NONE
буду,AUX,,cop,,,Sing,,0.2911255676946798,NONE
онлайн,ADV,,advcl,,,,,0.2822290427246438,NONE
.,PUNCT,,punct,,,,,0.1107560829887044,NONE
Акции,NOUN,,nsubj,Nom,Fem,Plur,Inan,-0.0485516262974369,NONE
Axon,PROPN,,flat:foreign,,,,,-0.0736813499063621,ORG
",",PUNCT,,punct,,,,,0.1580388365813693,NONE
компании,NOUN,,appos,Gen,Fem,Sing,Inan,-0.4637973424416248,NONE
",",PUNCT,,punct,,,,,0.2509172587554715,NONE
которая,PRON,,nsubj,Nom,,,,-0.011726820997556,NONE
производит,VERB,,acl:relcl,,,Sing,,0.01667148298229,NONE
тазеры,NOUN,,obj,Acc,Masc,Plur,Inan,0.1397719068043678,NONE
",",PUNCT,,punct,,,,,0.1727907719987462,NONE
выросли,VERB,,root,,,Plur,,0.2104298549135579,NONE
более,ADV,,case,,,,,-0.0029517536489188,NONE
чем,SCONJ,,fixed,,,,,-0.0116433131936517,NONE
на,ADP,,case,,,,,-0.0037153967599432,NONE
18%,NUM,,nummod,,,,,-0.0365973715766955,NONE
",",PUNCT,,punct,,,,,0.126186814547532,NONE
достигнув,VERB,,advcl,,,,,-0.0558433691284354,NONE
рекордного,ADJ,,amod,Gen,Masc,Sing,,-0.0011705472879041,NONE
уровня,NOUN,,obl,Gen,Masc,Sing,Inan,-0.1640873189627207,NONE
",",PUNCT,,punct,,,,,0.1515958269497594,NONE
когда,SCONJ,,mark,,,,,-0.0474237599345913,NONE
протесты,NOUN,,nsubj,Nom,Masc,Plur,Inan,0.157696691674831,NONE
переросли,VERB,,advcl,,,Plur,,-0.0239471806513892,NONE
в,ADP,,case,,,,,-0.0025454591270204,NONE
жесткие,ADJ,,amod,Acc,,Plur,Inan,0.0578200786888256,NONE
столкновения,NOUN,,obl,Acc,Neut,Plur,Inan,0.0729601890532035,NONE
спустя,ADP,,case,,,,,0.1250453802389182,NONE
несколько,NUM,,nummod,Acc,,,Inan,0.1590957392339943,NONE
дней,NOUN,,obl,Gen,Masc,Plur,Inan,-0.0402923163017502,NONE
после,ADP,,case,,,,,0.0404905702093946,NONE
убийства,NOUN,,nmod,Gen,Neut,Sing,Inan,-0.0003463719699075,NONE
полицией,NOUN,,nmod,Ins,Fem,Sing,Inan,0.101012303540739,NONE
Джорджа,PROPN,,nmod,Gen,Masc,Sing,Anim,0.109774248865166,PER
Флойда,PROPN,,flat:name,Gen,Masc,Sing,Anim,0.041886348315565,PER
.,PUNCT,,punct,,,,,0.2745758235292587,NONE
Состоявшаяся,VERB,,amod,Nom,Fem,Sing,,0.1969455515208428,NONE
сделка,NOUN,,nsubj,Nom,Fem,Sing,Inan,0.0723033861418833,NONE
подготовила,VERB,,root,,Fem,Sing,,0.1813605471023436,NONE
бы,AUX,,aux,,,,,0.2173294025608252,NONE
почву,NOUN,,obj,Acc,Fem,Sing,Inan,-0.0341628905460692,NONE
для,ADP,,case,,,,,-0.0025154014249638,NONE
принятия,NOUN,,obl,Gen,Neut,Sing,Inan,-0.0230045183636203,NONE
окончательного,ADJ,,amod,Gen,Neut,Sing,,0.1708815272230048,NONE
решения,NOUN,,nmod,Gen,Neut,Sing,Inan,-0.0041622318136082,NONE
об,ADP,,case,,,,,0.1283654695659407,NONE
инвестициях,NOUN,,nmod,Loc,Fem,Plur,Inan,-0.2411050695875652,NONE
.,PUNCT,,punct,,,,,0.6267209261087898,NONE
Это,DET,,det,Nom,Neut,Sing,,0.800726352421293,NONE
соглашение,NOUN,,nsubj:pass,Nom,Neut,Sing,Inan,-0.0747128590328257,NONE
было,AUX,,aux:pass,,Neut,Sing,,-0.0400372604130544,NONE
заключено,VERB,,root,,Neut,Sing,,-0.0211922299739374,NONE
для,ADP,,case,,,,,-0.0438684448588104,NONE
того,PRON,,obl,Gen,Neut,Sing,Inan,-0.1112840694795118,NONE
",",PUNCT,,punct,,,,,0.0544111130615462,NONE
чтобы,SCONJ,,mark,,,,,-0.2047939940029943,NONE
позволить,VERB,,advcl,,,,,-0.0987317386962563,NONE
Соединенным,VERB,,amod,Dat,,Plur,,-0.0494128668202484,LOC
Штатам,PROPN,,iobj,Dat,Masc,Plur,Inan,0.0531023377263525,LOC
положить,VERB,,xcomp,,,,,0.0379473017494192,NONE
конец,NOUN,,obj,Acc,Masc,Sing,Inan,0.0123761391604789,NONE
их,DET,,det,,,,,0.0824038787544562,NONE
19-летнему,ADJ,,amod,Dat,Neut,Sing,,0.1379221916854363,NONE
вмешательству,NOUN,,iobj,Dat,Neut,Sing,Inan,0.1003869449651476,NONE
в,ADP,,case,,,,,0.0542596592589415,NONE
Афганистане,PROPN,,nmod,Loc,Masc,Sing,Inan,8.620331014023847,LOC
",",PUNCT,,punct,,,,,0.0725953673226181,NONE
и,CCONJ,,cc,,,,,0.0090922380740713,NONE
оно,PRON,,nsubj,Nom,Neut,Sing,,0.0160210794555928,NONE
обязывает,VERB,,conj,,,Sing,,0.1059690031346476,NONE
"""",PUNCT,,punct,,,,,-0.0646833793125391,NONE
"""",PUNCT,,punct,,,,,-0.0353800268293167,NONE
Талибан,PROPN,,obl,,,,,0.0538243418295278,ORG
"""",PUNCT,,punct,,,,,-0.0411692845058754,NONE
"""",PUNCT,,punct,,,,,-0.0583830492735973,NONE
гарантировать,VERB,,xcomp,,,,,-0.0666369316198853,NONE
неиспользование,NOUN,,obj,Acc,Neut,Sing,Inan,0.0613128376075726,NONE
территорий,NOUN,,nmod,Gen,Fem,Plur,Inan,0.0577144822417295,NONE
Афганистана,PROPN,,nmod,Gen,Masc,Sing,Inan,0.0221458698709897,LOC
террористическими,ADJ,,amod,Ins,,Plur,,0.0363811657835688,NONE
группировками,NOUN,,nmod,Ins,Fem,Plur,Inan,-0.0370978583314133,NONE
.,PUNCT,,punct,,,,,-0.0271576515560405,NONE
"""",PUNCT,,root,,,,,0.159096573400529,NONE
Могу,VERB,,root,,,Sing,,0.3148666809479261,NONE
ли,PART,,advmod,,,,,-0.3411259123060645,NONE
я,PRON,,nsubj,Nom,,Sing,,-0.1476624188445041,NONE
помочь,VERB,,xcomp,,,,,-0.2629658054670488,NONE
Вам,PRON,,iobj,Dat,,Plur,,0.154514679494431,NONE
чем-то,PRON,,obl,Ins,,,,0.5368347809898263,NONE
еще,ADV,,obl,,,,,0.247302954932522,NONE
?,PUNCT,,punct,,,,,0.420288133426254,NONE
Огаста,NOUN,,root,Nom,Fem,Sing,Inan,0.2991645562543887,LOC
",",PUNCT,,punct,,,,,0.1641788754725884,NONE
Джорджия,PROPN,,conj,Nom,Fem,Sing,Inan,0.0695844405851353,LOC
-,PUNCT,,punct,,,,,0.1876171781775545,NONE
Власти,NOUN,,nsubj,Nom,Fem,Plur,Inan,0.0248286228715842,NONE
вытащили,VERB,,parataxis,,,Plur,,0.4145299305713599,NONE
утонувший,VERB,,amod,Acc,Masc,Sing,Inan,-0.0087244398469044,NONE
автомобиль,NOUN,,obj,Acc,Masc,Sing,Inan,-0.2229442585015598,NONE
из,ADP,,case,,,,,0.12144847482246,NONE
пруда,NOUN,,obl,Gen,Masc,Sing,Inan,-0.146228731572841,NONE
Джорджия,PROPN,,appos,Nom,Fem,Sing,Inan,0.3846341134195296,LOC
и,CCONJ,,cc,,,,,-0.065832784317532,NONE
обнаружили,VERB,,conj,,,Plur,,0.0930627497343046,NONE
внутри,ADV,,advmod,,,,,-0.0404200247913401,NONE
тела,NOUN,,obl,Gen,Neut,Sing,Inan,0.0291793991700073,NONE
женщины,NOUN,,nmod,Gen,Fem,Sing,Anim,-0.0650061788438982,NONE
и,CCONJ,,cc,,,,,-0.0634071378184866,NONE
ее,PRON,,nmod,Gen,Fem,Sing,,-0.0709817803775892,NONE
детей,NOUN,,conj,Gen,Masc,Plur,Anim,-0.0086913009275456,NONE
",",PUNCT,,punct,,,,,0.1670085526043546,NONE
десятимесячных,ADJ,,amod,Gen,,Plur,,0.1092324252972807,NONE
двойняшек,NOUN,,conj,Acc,Fem,Plur,Anim,0.0891575015682014,NONE
.,PUNCT,,punct,,,,,-0.2435339445903415,NONE
Желаю,VERB,,root,,,Sing,,0.5485756275442192,NONE
Вам,PRON,,iobj,Dat,,Plur,,-0.1922739639852004,NONE
приятного,ADJ,,amod,Gen,Masc,Sing,,-0.1062814270517457,NONE
дня,NOUN,,obl,Gen,Masc,Sing,Inan,0.2634014850452583,NONE
и,CCONJ,,cc,,,,,0.1098291516873316,NONE
поздравляю,VERB,,conj,,,Sing,,-0.096904026763331,NONE
с,ADP,,case,,,,,-0.0736073748009274,NONE
Новым,ADJ,,amod,Ins,Masc,Sing,,-0.1135283680804206,NONE
годом,NOUN,,obl,Ins,Masc,Sing,Inan,0.1052524111227233,NONE
!,PUNCT,,punct,,,,,-0.0050174408747815,NONE
К,ADP,,case,,,,,-0.3898412078694844,NONE
вашему,DET,,det,Dat,Neut,Sing,,-0.0508019127799969,NONE
сведению,NOUN,,parataxis,Dat,Neut,Sing,Inan,-0.0960080095369267,NONE
",",PUNCT,,punct,,,,,0.3046433280558462,NONE
я,PRON,,nsubj,Nom,,Sing,,0.2070395848028007,NONE
отправлю,VERB,,root,,,Sing,,0.1427091024666655,NONE
вам,PRON,,iobj,Dat,,Plur,,-0.1140081239616684,NONE
запись,NOUN,,obj,Acc,Fem,Sing,Inan,0.2515990952045679,NONE
нашего,DET,,det,Gen,Masc,Sing,,-0.002179046410455,NONE
разговора,NOUN,,nmod,Gen,Masc,Sing,Inan,0.214207548889643,NONE
.,PUNCT,,punct,,,,,0.474959821589702,NONE
Ким,PROPN,,nsubj,Nom,Masc,Sing,Anim,-0.0359257536234038,PER
Ке,PROPN,,appos,Nom,Masc,Sing,Anim,0.0787736161284206,PER
Гван,PROPN,,flat:name,Nom,Masc,Sing,Anim,0.1135092912350094,PER
сказал,VERB,,root,,Masc,Sing,,0.0182922211309207,NONE
",",PUNCT,,punct,,,,,0.0538118741286826,NONE
что,SCONJ,,mark,,,,,-0.167575499831962,NONE
“тяжелая,ADJ,,amod,Nom,Fem,Sing,,0.0425097447531747,NONE
реальность”,NOUN,,nsubj,Nom,Fem,Sing,Inan,0.1021780413259533,NONE
заключается,VERB,,ccomp,,,Sing,,0.0483797918095945,NONE
в,ADP,,case,,,,,0.0341306226494277,NONE
том,PRON,,obl,Loc,Neut,Sing,Inan,0.0471623006289049,NONE
",",PUNCT,,punct,,,,,0.4008910648205367,NONE
что,SCONJ,,mark,,,,,0.2326040413664417,NONE
вашингтонских,ADJ,,amod,Acc,,Plur,Anim,0.1514071982550177,NONE
политиков,NOUN,,obj,Acc,Masc,Plur,Anim,0.1850627401601244,NONE
беспокоит,VERB,,acl,,,Sing,,0.0905056584445668,NONE
“в,ADP,,discourse,,,,,0.2061520317881495,NONE
первую,ADJ,,fixed,Acc,Fem,Sing,Inan,-0.0541939720919666,NONE
очередь,NOUN,,fixed,Acc,Fem,Sing,Inan,-0.0364401147487344,NONE
ядерное,ADJ,,amod,Nom,Neut,Sing,,0.1734462954393966,NONE
разоружение”,NOUN,,nsubj,Nom,Neut,Sing,Inan,0.1132890261750717,NONE
Северной,PROPN,,amod,,,,,0.0814459090152262,LOC
Кореи,PROPN,,nmod,Gen,Fem,Sing,Inan,-0.0037770684446217,LOC
",",PUNCT,,punct,,,,,0.1146652467714456,NONE
прежде,ADV,,mark,,,,,-0.0790067876125163,NONE
чем,SCONJ,,fixed,,,,,-0.0040096162504256,NONE
они,PRON,,nsubj,Nom,,Plur,,-0.0336559832207133,NONE
отменят,VERB,,advcl,,,Plur,,0.2089019105101682,NONE
санкции,NOUN,,obj,Acc,Fem,Plur,Inan,0.1817298657169255,NONE
и,CCONJ,,cc,,,,,-0.0818334767180471,NONE
страна,NOUN,,nsubj,Nom,Fem,Sing,Inan,0.0321945518960207,NONE
“получит,VERB,,conj,,,Sing,,-0.0624861588760711,NONE
доступ,NOUN,,obj,Acc,Masc,Sing,Inan,0.0323354392874861,NONE
к,ADP,,case,,,,,-0.1515821162829741,NONE
светлому,ADJ,,amod,Dat,Neut,Sing,,0.0022205623344856,NONE
будущему”,NOUN,,nmod,Dat,Neut,Sing,Inan,0.0342962972851126,NONE
.,PUNCT,,punct,,,,,0.1030206389028195,NONE
Министр,NOUN,,nsubj,Nom,Masc,Sing,Anim,0.0281261151120195,NONE
по,ADP,,case,,,,,0.0482565016923527,NONE
делам,NOUN,,nmod,Dat,Neut,Plur,Inan,0.2792119767240104,NONE
эмиграции,NOUN,,nmod,Gen,Fem,Sing,Inan,0.0151476666068607,NONE
и,CCONJ,,cc,,,,,-0.0662026097283134,NONE
египтян-экспатриантов,NOUN,,nmod,Gen,Masc,Plur,Anim,0.2594214519825124,NONE
Набила,PROPN,,appos,Nom,Fem,Sing,Anim,0.0912177017422063,PER
Макрам,PROPN,,flat:name,Nom,Fem,Sing,Anim,0.1731048760124148,PER
призвала,VERB,,root,,Fem,Sing,,0.0872939550219627,NONE
египетских,ADJ,,amod,Acc,,Plur,Anim,0.1363382771220653,NONE
избирателей,NOUN,,obj,Acc,Masc,Plur,Anim,-0.0009964445399141,NONE
за,ADP,,advmod,,,,,-0.0113478816627294,NONE
рубежом,NOUN,,fixed,Ins,Masc,Sing,Inan,-0.0047710971806282,NONE
принять,VERB,,xcomp,,,,,0.0481940321539434,NONE
участие,NOUN,,obj,Acc,Neut,Sing,Inan,-0.0669839115021663,NONE
в,ADP,,case,,,,,0.0124275619681591,NONE
выборах,NOUN,,nmod,Loc,Masc,Plur,Inan,0.0467388491790577,NONE
в,ADP,,case,,,,,0.0952573438032066,NONE
рамках,NOUN,,nmod,Loc,Fem,Plur,Inan,0.096379536349477,NONE
их,DET,,det,,,,,0.0066462293381331,NONE
конституционного,ADJ,,amod,Gen,Neut,Sing,,0.1352305910840343,NONE
права,NOUN,,nmod,Gen,Neut,Sing,Inan,0.0936157419947479,NONE
.,PUNCT,,punct,,,,,0.7219149908175988,NONE
Последнее,ADJ,,amod,Nom,Neut,Sing,,0.0631054369070818,NONE
исследование,NOUN,,nsubj:pass,Nom,Neut,Sing,Inan,0.0804303797176089,NONE
",",PUNCT,,punct,,,,,0.0927922623793151,NONE
которое,PRON,,nsubj,Nom,,,,-0.091063074678932,NONE
находится,VERB,,acl:relcl,,,Sing,,-0.1067459693960151,NONE
на,ADP,,case,,,,,-0.1375439120055905,NONE
рецензии,NOUN,,obl,Loc,Fem,Sing,Inan,0.1099272548238323,NONE
и,CCONJ,,cc,,,,,0.0001256085995039,NONE
пока,ADV,,advmod,,,,,-0.0337220262277789,NONE
не,PART,,advmod,,,,,0.1030524696195186,NONE
опубликовано,VERB,,conj,,Neut,Sing,,0.0066819163925836,NONE
",",PUNCT,,punct,,,,,0.2319582393485117,NONE
будет,AUX,,aux:pass,,,Sing,,-0.0853147744940994,NONE
представлено,VERB,,root,,Neut,Sing,,0.0299959321379458,NONE
на,ADP,,case,,,,,0.0176441977222783,NONE
международном,ADJ,,amod,Loc,Masc,Sing,,0.092458657454896,NONE
конгрессе,NOUN,,obl,Loc,Masc,Sing,Inan,0.1182954927935077,NONE
Европейского,PROPN,,amod,,,,,0.069143687493918,ORG
респираторного,ADJ,,amod,Gen,Neut,Sing,,0.0338152999609791,ORG
общества,NOUN,,nmod,Gen,Neut,Sing,Inan,-0.0983362326982075,ORG
в,ADP,,case,,,,,0.1336232279550827,NONE
Мадриде,PROPN,,nmod,Loc,Masc,Sing,Inan,0.0907866140671146,LOC
.,PUNCT,,punct,,,,,-0.5566756772869068,NONE
Мальчик,NOUN,,nsubj,Nom,Masc,Sing,Anim,0.4686954927482736,NONE
также,ADV,,advmod,,,,,-0.1522737850367923,NONE
сообщил,VERB,,root,,Masc,Sing,,-0.1852125101936026,NONE
в,ADP,,case,,,,,0.0458965236505836,NONE
видео,NOUN,,obl,Loc,Neut,Sing,Inan,0.2332753411415032,NONE
",",PUNCT,,punct,,,,,0.1621578810376904,NONE
что,SCONJ,,mark,,,,,0.1727804717603596,NONE
из-за,ADP,,case,,,,,0.1955900853162357,NONE
пандемии,NOUN,,obl,Gen,Fem,Sing,Inan,0.0631267930605613,NONE
его,DET,,det,,,,,-0.0304555425258405,NONE
ежедневные,ADJ,,amod,Nom,,Plur,,0.0570918287375055,NONE
продажи,NOUN,,nsubj,Nom,Fem,Plur,Inan,-0.0829873706204296,NONE
упали,VERB,,ccomp,,,Plur,,-0.0113840888720697,NONE
и,CCONJ,,cc,,,,,-0.0616888476585991,NONE
такая,DET,,det,Nom,Fem,Sing,,0.0435421521415929,NONE
потеря,NOUN,,nsubj,Nom,Fem,Sing,Inan,0.0536123201374591,NONE
товара,NOUN,,nmod,Gen,Masc,Sing,Inan,-0.0607689092516219,NONE
повлечет,VERB,,conj,,,Sing,,0.0416732055387201,NONE
за,ADP,,case,,,,,-0.1482963500780066,NONE
собой,PRON,,obl,Ins,,,,-0.1160112301608461,NONE
дополнительные,ADJ,,amod,Acc,,Plur,Inan,-0.2964739725197969,NONE
финансовые,ADJ,,amod,Acc,,Plur,Inan,-0.166528299335892,NONE
расходы,NOUN,,obj,Acc,Masc,Plur,Inan,0.008614530351678,NONE
.,PUNCT,,punct,,,,,0.3504379012452753,NONE
Профессор,NOUN,,nsubj,Nom,Masc,Sing,Anim,-0.0130221170650514,NONE
Ли,PROPN,,appos,Nom,Masc,Sing,Anim,-0.0258827789387318,PER
утверждает,VERB,,root,,,Sing,,-0.0778359824180881,NONE
:,PUNCT,,punct,,,,,-0.0895315713790009,NONE
«Я,PRON,,nsubj,Nom,,Sing,,-0.0446764310378792,NONE
считаю,VERB,,parataxis,,,Sing,,-0.0989056432634588,NONE
",",PUNCT,,punct,,,,,-0.0182235128356056,NONE
что,SCONJ,,mark,,,,,-0.0467654288312315,NONE
эта,DET,,det,Nom,Fem,Sing,,-0.037524737611509,NONE
технология,NOUN,,nsubj,Nom,Fem,Sing,Inan,-0.0314057355361927,NONE
приблизится,VERB,,ccomp,,,Sing,,-0.0487330509481677,NONE
к,ADP,,case,,,,,-0.024506985336019,NONE
выходу,NOUN,,obl,Dat,Masc,Sing,Inan,-0.0022496888604748,NONE
на,ADP,,case,,,,,-0.0275037185393396,NONE
рынок,NOUN,,nmod,Acc,Masc,Sing,Inan,0.1297633972779793,NONE
во,ADP,,case,,,,,0.897699471896016,NONE
второй,ADJ,,amod,Loc,Fem,Sing,,0.0232024789540931,NONE
половине,NOUN,,obl,Loc,Fem,Sing,Inan,-0.0256168691491358,NONE
следующего,ADJ,,amod,Gen,Masc,Sing,,0.0040502633362852,NONE
года,NOUN,,nmod,Gen,Masc,Sing,Inan,-0.0577186000502025,NONE
",",PUNCT,,punct,,,,,0.0341139520320167,NONE
после,ADP,,case,,,,,0.0333891264034244,NONE
клинических,ADJ,,amod,Gen,,Plur,,-0.007905289977155,NONE
исследований,NOUN,,conj,Gen,Neut,Plur,Inan,0.0046945499903984,NONE
.,PUNCT,,punct,,,,,-0.0244416799382345,NONE
После,ADP,,case,,,,,-0.0150286395729484,NONE
закрытия,NOUN,,obl,Gen,Neut,Sing,Inan,0.2759059406378187,NONE
диалога,NOUN,,nmod,Gen,Masc,Sing,Inan,0.2990287108872381,NONE
вам,PRON,,iobj,Dat,,Plur,,0.1247286164598896,NONE
будет,AUX,,aux:pass,,,Sing,,-0.0126960651564378,NONE
отправлено,VERB,,root,,Neut,Sing,,-0.0085627202281379,NONE
электронное,ADJ,,amod,Nom,Neut,Sing,,0.0460287162781359,NONE
письмо,NOUN,,nsubj:pass,Nom,Neut,Sing,Inan,-0.0859517744930097,NONE
с,ADP,,case,,,,,-0.1350420354081316,NONE
формой,NOUN,,nmod,Ins,Fem,Sing,Inan,-0.0419524773297405,NONE
для,ADP,,case,,,,,0.0704057324843033,NONE
обратной,ADJ,,amod,Gen,Fem,Sing,,0.1974294193082485,NONE
связи,NOUN,,nmod,Gen,Fem,Sing,Inan,0.079734369690509,NONE
«Оцените,VERB,,acl,,,Plur,,0.2193341211139506,NONE
диалог,NOUN,,obj,Acc,Masc,Sing,Inan,0.0099108807232221,NONE
со,ADP,,case,,,,,0.2505025334607197,NONE
мной»,NOUN,,nmod,Ins,Fem,Sing,Inan,-0.0815024094592918,NONE
.,PUNCT,,punct,,,,,0.5369207446563726,NONE
Согласно,ADP,,case,,,,,-0.1053200294213722,NONE
проекту,NOUN,,parataxis,Dat,Masc,Sing,Inan,0.0156976004587806,NONE
заявления,NOUN,,nmod,Gen,Neut,Sing,Inan,-0.0529803504789269,NONE
",",PUNCT,,punct,,,,,0.1380267758599717,NONE
Большая,PROPN,,amod,,,,,0.1495302557350861,ORG
семерка,NOUN,,nsubj,Nom,Fem,Sing,Inan,0.1720614099094025,ORG
предупредила,VERB,,root,,Fem,Sing,,-0.0648642624539807,NONE
Россию,PROPN,,obj,Acc,Fem,Sing,Inan,-0.0754138035714498,LOC
о,ADP,,case,,,,,0.0276387615451889,NONE
масштабных,ADJ,,amod,Loc,,Plur,,0.0005884251282481,NONE
последствиях,NOUN,,obl,Loc,Neut,Plur,Inan,0.1046357815543783,NONE
и,CCONJ,,cc,,,,,-0.0005323713557096,NONE
суровой,ADJ,,amod,Loc,Fem,Sing,,0.0695616241163819,NONE
расплате,NOUN,,conj,Loc,Fem,Sing,Inan,0.5458508026387504,NONE
в,ADP,,case,,,,,0.2133666374541081,NONE
том,DET,,det,Loc,Masc,Sing,,-0.1422829588025155,NONE
случае,NOUN,,nmod,Loc,Masc,Sing,Inan,-0.1766173816743954,NONE
",",PUNCT,,punct,,,,,0.2268434567641166,NONE
если,SCONJ,,mark,,,,,-0.2382472326768005,NONE
президент,NOUN,,nsubj,Nom,Masc,Sing,Anim,-0.0253985309745208,NONE
Владимир,PROPN,,appos,Nom,Masc,Sing,Anim,0.0739067559504119,PER
Путин,PROPN,,flat:name,Nom,Masc,Sing,Anim,0.0783383745054432,PER
начнет,VERB,,acl,,,Sing,,-0.2440392217969628,NONE
наступление,NOUN,,obj,Acc,Neut,Sing,Inan,-0.0617817182826682,NONE
на,ADP,,case,,,,,-0.0978399985043238,NONE
Украину,PROPN,,nmod,Acc,Fem,Sing,Inan,0.3063118491191577,LOC
.,PUNCT,,punct,,,,,0.0954089120167781,NONE
Также,ADV,,parataxis,,,,,-0.3738928727793593,NONE
",",PUNCT,,punct,,,,,0.4766962274179743,NONE
оно,PRON,,nsubj,Nom,Neut,Sing,,0.3387947730221016,NONE
не,PART,,advmod,,,,,0.0958614590886125,NONE
учитывает,VERB,,root,,,Sing,,-0.0358994406912593,NONE
уровень,NOUN,,obj,Acc,Masc,Sing,Inan,-0.2089250917647014,NONE
загрязнения,NOUN,,nmod,Gen,Neut,Sing,Inan,0.3126845890183723,NONE
внутри,ADV,,advmod,,,,,-0.0729187949428575,NONE
помещения,NOUN,,nmod,Gen,Neut,Sing,Inan,-0.2411972563552367,NONE
.,PUNCT,,punct,,,,,0.4071628470809799,NONE
Мы,PRON,,nsubj,Nom,,Plur,,-0.2365225797319392,NONE
обратились,VERB,,root,,,Plur,,-0.0023111618237369,NONE
в,ADP,,case,,,,,0.1868869500114787,NONE
Google,PROPN,,obl,Acc,Masc,Sing,Inan,0.4352204860140255,ORG
и,CCONJ,,cc,,,,,-0.251857538302588,NONE
iHandy,PROPN,,flat:foreign,,,,,0.235256700227685,ORG
за,ADP,,case,,,,,-0.3262484350648572,NONE
дальнейшими,ADJ,,amod,Ins,,Plur,,0.1808889360002817,NONE
комментариями,NOUN,,obl,Ins,Masc,Plur,Inan,0.3927610599155365,NONE
.,PUNCT,,punct,,,,,0.4741963106047606,NONE
Партия,NOUN,,nsubj,Nom,Fem,Sing,Inan,0.1076023011033627,ORG
Возрождения,PROPN,,nmod,Gen,Neut,Sing,Inan,-0.0206457879435941,ORG
сначала,ADV,,advmod,,,,,-0.1318632984414627,NONE
выдвинула,VERB,,root,,Fem,Sing,,-0.0529251393025363,NONE
независимого,ADJ,,amod,Acc,Masc,Sing,Anim,0.0024296255086108,NONE
кандидата,NOUN,,obj,Acc,Masc,Sing,Anim,-0.0201472031077728,NONE
на,ADP,,case,,,,,-0.0311217428733233,NONE
пост,NOUN,,nmod,Acc,Masc,Sing,Inan,-0.0570293128375478,NONE
премьер-министра,NOUN,,nmod,Gen,Masc,Sing,Anim,0.0244227599273844,NONE
",",PUNCT,,punct,,,,,0.039683803673202,NONE
но,CCONJ,,cc,,,,,-0.1169166184210647,NONE
он,PRON,,nsubj,Nom,Masc,Sing,,0.611931451178876,NONE
не,PART,,advmod,,,,,0.0602455017311606,NONE
смог,VERB,,conj,,Masc,Sing,,-0.0028370156804459,NONE
получить,VERB,,xcomp,,,,,-0.0243970723946873,NONE
поддержку,NOUN,,obj,Acc,Fem,Sing,Inan,-0.0775460926925628,NONE
парламента,NOUN,,nmod,Gen,Masc,Sing,Inan,-0.0332195333949156,NONE
",",PUNCT,,punct,,,,,-0.0162213151449611,NONE
в,ADP,,case,,,,,0.0059656688285852,NONE
результате,NOUN,,obl,Loc,Masc,Sing,Inan,-0.0544794635701487,NONE
чего,PRON,,nmod,Gen,,,,0.0120884841413939,NONE
президент,NOUN,,nsubj,Nom,Masc,Sing,Anim,0.007469072323765,NONE
назначил,VERB,,parataxis,,Masc,Sing,,0.0759747548721907,NONE
бывшего,ADJ,,amod,Acc,Masc,Sing,Anim,-0.0186634676477202,NONE
министра,NOUN,,obj,Acc,Masc,Sing,Anim,0.0430810271964419,NONE
финансов,NOUN,,nmod,Gen,Masc,Plur,Inan,0.0391306582054762,NONE
Фахфаха,PROPN,,appos,Acc,Masc,Sing,Anim,0.238001021832027,PER
на,ADP,,case,,,,,0.104992571580549,NONE
этот,DET,,det,Acc,Masc,Sing,,-0.0823208715728217,NONE
пост,NOUN,,obl,Acc,Masc,Sing,Inan,0.038578358989706,NONE
.,PUNCT,,punct,,,,,-0.5579597359909702,NONE
Объявленная,VERB,,acl,Nom,Fem,Sing,,0.0251998115503431,NONE
в,ADP,,case,,,,,0.0263823983293012,NONE
среду,NOUN,,obl,Acc,Fem,Sing,Inan,-0.0460288949562949,NONE
«мобилизация»,NOUN,,nsubj,Nom,Fem,Sing,Inan,-0.0266172288402338,NONE
агентов,NOUN,,nmod,Gen,Masc,Plur,Anim,0.0134525622872508,NONE
в,ADP,,case,,,,,-0.0624608248266839,NONE
Чикаго,PROPN,,nmod,Acc,Masc,Sing,Inan,0.1069209111944235,LOC
и,CCONJ,,cc,,,,,-0.0582361368348532,NONE
другие,ADJ,,amod,Acc,,Plur,Inan,-0.049725363675736,NONE
американские,ADJ,,amod,Acc,,Plur,Inan,0.1321479696742233,NONE
города,NOUN,,conj,Acc,Masc,Plur,Inan,-0.1270380826206072,NONE
является,VERB,,root,,,Sing,,-0.040394718262688,NONE
частью,NOUN,,obl,Ins,Fem,Sing,Inan,0.0009086494952371,NONE
Операции,PROPN,,nmod,Gen,Fem,Sing,Inan,0.0068544663670284,NONE
Легенда,PROPN,,appos,Nom,Fem,Sing,Inan,0.0443742005508158,NONE
",",PUNCT,,punct,,,,,0.202140314589701,NONE
названной,VERB,,acl,Gen,Fem,Sing,,-0.0315421008965364,NONE
в,ADP,,case,,,,,0.0144073790041035,NONE
честь,NOUN,,obl,Acc,Fem,Sing,Inan,-0.0959566753122521,NONE
4-летнего,ADJ,,amod,Gen,Masc,Sing,,-0.0695010792566851,NONE
ЛеДженда,PROPN,,nmod,Gen,Masc,Sing,Anim,0.0428846039999506,NONE
Талиферро,PROPN,,flat:name,Gen,Masc,Sing,Anim,-0.0021356028613531,NONE
",",PUNCT,,punct,,,,,0.1217847077482103,NONE
которого,PRON,,obj,Acc,,,,-0.1360919407696659,NONE
застрелили,VERB,,acl:relcl,,,Plur,,0.1856477947938626,NONE
во,ADP,,case,,,,,-0.0799575179595788,NONE
сне,NOUN,,obl,Loc,Masc,Sing,Inan,0.1685629644403634,NONE
в,ADP,,case,,,,,-0.4743715112367655,NONE
одной,NUM,,obl,Loc,Fem,,,-0.008027528146762,NONE
из,ADP,,case,,,,,-0.0917259034587815,NONE
квартир,NOUN,,nmod,Gen,Fem,Plur,Inan,-0.0595456707252079,NONE
в,ADP,,case,,,,,-0.0410840442090234,NONE
Канзас-Сити,PROPN,,nmod,Loc,Masc,Sing,Inan,0.0458903820200463,LOC
в,ADP,,case,,,,,-0.0209054126290158,NONE
конце,NOUN,,obl,Loc,Masc,Sing,Inan,-0.0381947036915954,NONE
прошлого,ADJ,,amod,Gen,Masc,Sing,,-0.0022535696427955,NONE
месяца,NOUN,,nmod,Gen,Masc,Sing,Inan,0.0038235514903179,NONE
.,PUNCT,,punct,,,,,0.5771054229838847,NONE
Согласно,ADP,,case,,,,,0.0382716284632433,NONE
обязательной,ADJ,,amod,Dat,Fem,Sing,,0.6252418954065462,NONE
отчетности,NOUN,,parataxis,Dat,Fem,Sing,Inan,-0.0361202353805408,NONE
",",PUNCT,,punct,,,,,0.0074562803045526,NONE
совокупное,ADJ,,amod,Nom,Neut,Sing,,-0.0232496163310727,NONE
вознаграждение,NOUN,,nsubj,Nom,Neut,Sing,Inan,0.102539133031592,NONE
",",PUNCT,,punct,,,,,0.232894801185965,NONE
выплаченное,VERB,,acl,Nom,Neut,Sing,,-0.0008163889874676,NONE
Шарфу,PROPN,,iobj,Dat,Masc,Sing,Anim,0.0454867635198034,PER
в,ADP,,case,,,,,0.0236847525548828,NONE
BNY,PROPN,,flat:foreign,,,,,0.0992096640045396,ORG
за,ADP,,case,,,,,0.0153043647258914,NONE
2018,ADJ,,amod,,,,,0.0471491943152367,NONE
г.,NOUN,,obl,Acc,Masc,Sing,Inan,0.1197662353647917,NONE
",",PUNCT,,punct,,,,,-0.112432901716305,NONE
равнялось,VERB,,root,,Neut,Sing,,0.0899139148183454,NONE
$,SYM,,obl,,,,,0.1866412164229262,NONE
9,NUM,,nummod,,,,,0.0754447837345732,NONE
",",PUNCT,,punct,,,,,-0.0083747284864155,NONE
4,NUM,,nmod,,,,,-0.0199732056082391,NONE
миллионам,NOUN,,nummod,Dat,Masc,Plur,Inan,-0.1451346879829904,NONE
.,PUNCT,,punct,,,,,-0.0630672845113657,NONE
Профессор,NOUN,,nsubj,Nom,Masc,Sing,Anim,0.5008296487248067,NONE
Калифорнийского,ADJ,,amod,Gen,Masc,Sing,,0.0830496158102321,ORG
университета,NOUN,,nmod,Gen,Masc,Sing,Inan,0.126950973636641,ORG
в,ADP,,case,,,,,-0.1184303917349176,NONE
Дейвисе,PROPN,,nmod,Loc,Masc,Sing,Inan,0.0999813481999871,LOC
Джефф,PROPN,,appos,Nom,Masc,Sing,Anim,0.0610918493407603,PER
Шладов,PROPN,,flat:name,Nom,Masc,Sing,Anim,-0.0059992396280408,PER
сообщил,VERB,,root,,Masc,Sing,,-0.0791419604590659,NONE
",",PUNCT,,punct,,,,,0.4831524701182997,NONE
что,SCONJ,,mark,,,,,-0.2252110431766046,NONE
это,PRON,,nsubj,Nom,Neut,Sing,Inan,0.0772099587705755,NONE
«важный,ADJ,,amod,Nom,Masc,Sing,,0.0904747089407781,NONE
показатель,NOUN,,ccomp,Nom,Masc,Sing,Inan,-0.106029687706611,NONE
того,PRON,,nmod,Gen,Neut,Sing,Inan,-0.1184571884473759,NONE
",",PUNCT,,punct,,,,,0.2930862053925441,NONE
насколько,ADV,,advmod,,,,,-0.1149039327407234,NONE
озеро,NOUN,,nsubj,Nom,Neut,Sing,Inan,0.0325085047455862,NONE
здорово»,ADJ,,acl,,Neut,Sing,,0.1314291404665631,NONE
.,PUNCT,,punct,,,,,-0.1751930353056806,NONE
Некоторые,DET,,det,Nom,,Plur,,-0.1177583461694235,NONE
пользователи,NOUN,,nsubj,Nom,Masc,Plur,Anim,-0.0714254689617317,NONE
отметили,VERB,,root,,,Plur,,0.3054009655795099,NONE
",",PUNCT,,punct,,,,,0.0243513133168932,NONE
что,SCONJ,,mark,,,,,0.537423953016717,NONE
неудобства,NOUN,,obj,Acc,Neut,Plur,Inan,0.3603171362435597,NONE
при,ADP,,case,,,,,-0.1603204940619203,NONE
перелете,NOUN,,nmod,Loc,Masc,Sing,Inan,-0.0926076545521234,NONE
создают,VERB,,ccomp,,,Plur,,0.2124724576662416,NONE
не,PART,,advmod,,,,,0.3616226875514798,NONE
только,PART,,advmod,,,,,0.0672236823385351,NONE
дети,NOUN,,nsubj,Nom,Masc,Plur,Anim,-0.0154350838776422,NONE
.,PUNCT,,punct,,,,,0.0985658988046969,NONE
Кандидаты,NOUN,,nsubj,Nom,Masc,Plur,Anim,0.0126730237839838,NONE
",",PUNCT,,punct,,,,,0.1265673168403208,NONE
приглашенные,VERB,,acl,Nom,,Plur,,-0.0244527355026191,NONE
на,ADP,,case,,,,,-0.1078622423248188,NONE
проверку,NOUN,,obl,Acc,Fem,Sing,Inan,-0.1640716841506647,NONE
сертификатов,NOUN,,nmod,Gen,Masc,Plur,Inan,0.0306375312744735,NONE
",",PUNCT,,punct,,,,,0.0824403751582251,NONE
должны,ADJ,,root,,,Plur,,0.082437537244929,NONE
будут,AUX,,cop,,,Plur,,0.0830140661192843,NONE
предъявить,VERB,,xcomp,,,,,0.0552858636264944,NONE
оригиналы,NOUN,,obj,Acc,Masc,Plur,Inan,0.1359298035134065,NONE
сертификатов,NOUN,,nmod,Gen,Masc,Plur,Inan,0.1000591870867979,NONE
",",PUNCT,,punct,,,,,0.2759602742858166,NONE
которые,PRON,,obj,Acc,,,,0.1512237385733816,NONE
они,PRON,,nsubj,Nom,,Plur,,0.005446721380625,NONE
загрузили,VERB,,acl:relcl,,,Plur,,0.0401551242284539,NONE
при,ADP,,case,,,,,-0.0256762991576872,NONE
отправке,NOUN,,obl,Loc,Fem,Sing,Inan,0.0752197858636851,NONE
онлайн-заявления,NOUN,,nmod,Gen,Neut,Sing,Inan,0.1603593020954054,NONE
.,PUNCT,,punct,,,,,0.6885907341966252,NONE
Ее,DET,,det,,,,,-0.1011404494563704,NONE
твит,NOUN,,obj,Acc,Masc,Sing,Inan,-0.0600479441791868,NONE
скептически,ADV,,advmod,,,,,0.1854665228834675,NONE
встретили,VERB,,root,,,Plur,,-0.0578524142972087,NONE
различные,ADJ,,amod,Nom,,Plur,,-0.0419830292998573,NONE
пользователи,NOUN,,nsubj,Nom,Masc,Plur,Anim,-0.2653468191183519,NONE
соцсети,NOUN,,nmod,Gen,Fem,Sing,Inan,0.1854077494237759,NONE
",",PUNCT,,punct,,,,,0.0462370997219833,NONE
один,NUM,,nsubj,Nom,Masc,,,0.0723383758857309,NONE
из,ADP,,case,,,,,-0.0339089595013545,NONE
них,PRON,,nmod,Gen,,Plur,,-0.235001316170238,NONE
твитнул,VERB,,conj,,Masc,Sing,,0.1841110486000108,NONE
в,ADP,,case,,,,,0.0433223776936133,NONE
ответ,NOUN,,obl,Acc,Masc,Sing,Inan,-0.0016916365410921,NONE
:,PUNCT,,punct,,,,,0.0239275708210581,NONE
«Предложите,VERB,,parataxis,,,Plur,,0.2193149608953606,NONE
свои,DET,,det,Acc,,Plur,,0.1256997555420394,NONE
определения,NOUN,,obj,Acc,Neut,Plur,Inan,-0.0306896823364901,NONE
коммунизма,NOUN,,nmod,Gen,Masc,Sing,Inan,0.0514285880331431,NONE
и,CCONJ,,cc,,,,,-0.2010295218141773,NONE
христианства,NOUN,,conj,Gen,Neut,Sing,Inan,0.0574494977591148,NONE
",",PUNCT,,punct,,,,,-0.062557393384009,NONE
потому,ADV,,mark,,,,,-0.145495817180567,NONE
что,SCONJ,,fixed,,,,,0.1722798930416896,NONE
похоже,ADJ,,advcl,,Neut,Sing,,0.1619373572243129,NONE
",",PUNCT,,punct,,,,,0.0933996549873918,NONE
что,SCONJ,,mark,,,,,0.3074835179087802,NONE
вы,PRON,,nsubj,Nom,,Plur,,-0.083969816477211,NONE
сами,ADJ,,obl,Nom,,Plur,,-0.0301116069256143,NONE
их,PRON,,obj,Gen,,Plur,,0.0644074396216975,NONE
не,PART,,advmod,,,,,0.0690637864163783,NONE
понимаете»,VERB,,ccomp,,,Sing,,0.2321054383890565,NONE
.,PUNCT,,punct,,,,,-0.1230953945577152,NONE
До,ADP,,case,,,,,-0.396281485712993,NONE
назначения,NOUN,,obl,Gen,Neut,Sing,Inan,0.0585115505062553,NONE
Макинани,PROPN,,nmod,Gen,Masc,Sing,Anim,0.2978454726443054,PER
брифингов,NOUN,,nsubj:pass,Gen,Masc,Plur,Inan,0.1385939817781773,NONE
не,PART,,advmod,,,,,-0.1226859124018896,NONE
проводилось,VERB,,root,,Neut,Sing,,0.4015995883284439,NONE
больше,ADV,,nsubj:pass,,,,,-0.0142819105304516,NONE
года,NOUN,,obl,Gen,Masc,Sing,Inan,0.0196622531159109,NONE
.,PUNCT,,punct,,,,,0.6097184379799626,NONE
Г-н,NOUN,,nsubj:pass,Nom,Masc,Sing,Anim,0.0279170376292973,NONE
Блэр,PROPN,,appos,Nom,Masc,Sing,Anim,-0.1055796433260359,PER
был,AUX,,aux:pass,,Masc,Sing,,-0.1012083653068098,NONE
серьезно,ADV,,advmod,,,,,-0.0529152296724748,NONE
обеспокоен,VERB,,root,,Masc,Sing,,-0.1364986133744073,NONE
тем,PRON,,obl,Ins,Neut,Sing,Inan,-0.0758406920483198,NONE
",",PUNCT,,punct,,,,,0.0294744822789765,NONE
что,SCONJ,,mark,,,,,-0.0359030801869748,NONE
в,ADP,,case,,,,,-0.086971765653444,NONE
Лейбористах,PROPN,,obl,Loc,Masc,Plur,Anim,0.0395006982633421,LOC
до,ADP,,advmod,,,,,-0.2776335553882975,NONE
сих,DET,,fixed,Gen,,Plur,,-0.1558824104759908,NONE
пор,NOUN,,fixed,Gen,Fem,Plur,Inan,-0.0879603454749534,NONE
видят,VERB,,acl,,,Plur,,0.1109684749554476,NONE
партию,NOUN,,obj,Acc,Fem,Sing,Inan,0.0918813659385222,NONE
",",PUNCT,,punct,,,,,0.1887460393678954,NONE
которая,PRON,,nsubj,Nom,,,,-0.5936898103427242,NONE
повышает,VERB,,acl:relcl,,,Sing,,-0.0976035572149596,NONE
налоги,NOUN,,obj,Acc,Masc,Plur,Inan,-0.0828420283605637,NONE
.,PUNCT,,punct,,,,,0.1913261758926085,NONE
Ленты,NOUN,,nsubj,Nom,Fem,Plur,Inan,0.2536279501600133,NONE
натяжения,NOUN,,nmod,Gen,Neut,Sing,Inan,0.0410540307317186,NONE
",",PUNCT,,punct,,,,,-0.0314226482590763,NONE
также,ADV,,obl,,,,,-0.0498123239365255,NONE
известные,ADJ,,amod,Nom,,Plur,,0.0588569175310549,NONE
как,SCONJ,,mark,,,,,0.0925925098695489,NONE
эрекционные,ADJ,,amod,Nom,,Plur,,0.3147969112558604,NONE
кольца,NOUN,,obl,Nom,Neut,Plur,Inan,0.196001422455577,NONE
",",PUNCT,,punct,,,,,0.2091077213532973,NONE
помогают,VERB,,root,,,Plur,,0.1513841659133316,NONE
поддерживать,VERB,,xcomp,,,,,0.2315453782063574,NONE
эрекцию,NOUN,,obj,Acc,Fem,Sing,Inan,0.254002000839241,NONE
",",PUNCT,,punct,,,,,0.3122269547326194,NONE
как,SCONJ,,mark,,,,,0.1053689490492136,NONE
только,PART,,fixed,,,,,0.15002863008154,NONE
она,PRON,,nsubj,Nom,Fem,Sing,,0.1921553736124301,NONE
возникла,VERB,,advcl,,Fem,Sing,,0.0623349724284746,NONE
",",PUNCT,,punct,,,,,0.017987934401509,NONE
с,ADP,,case,,,,,0.1422599006550845,NONE
помощью,NOUN,,fixed,Ins,Fem,Sing,Inan,-0.1709241126685988,NONE
насоса,NOUN,,obl,Gen,Masc,Sing,Inan,0.0904253624747185,NONE
.,PUNCT,,punct,,,,,-0.1195164103769583,NONE
Расположение,NOUN,,nsubj,Nom,Neut,Sing,Inan,0.1116440034592781,NONE
рядов,NOUN,,nmod,Gen,Masc,Plur,Inan,0.3881873780404021,NONE
поменялось,VERB,,root,,Neut,Sing,,0.1480683624153128,NONE
и,CCONJ,,cc,,,,,-0.4254709929149537,NONE
все,DET,,det,Nom,,Plur,,-0.2151531785782788,NONE
мы,PRON,,nsubj,Nom,,Plur,,-0.2875136883356415,NONE
запоминали,VERB,,conj,,,Plur,,-0.0096391225093501,NONE
",",PUNCT,,punct,,,,,0.1810409989026405,NONE
где,ADV,,advmod,,,,,-0.1186963418188236,NONE
что,PRON,,nsubj,Nom,,,,-0.0836937095593157,NONE
находится,VERB,,ccomp,,,Sing,,-0.2570162502694591,NONE
.,PUNCT,,punct,,,,,-0.1779559174327007,NONE
25,NUM,,obl,,,,,-0.1098468974170987,NONE
июля,NOUN,,flat,Gen,Masc,Sing,Inan,0.2414991926867243,NONE
(,PUNCT,,punct,,,,,0.0500952505769029,NONE
UPI,PROPN,,flat:foreign,,,,,0.1347736388513244,ORG
),PUNCT,,punct,,,,,-0.0298641113328479,ORG
—,PUNCT,,punct,,,,,0.0866627133038884,NONE
Центры,PROPN,,nsubj,Nom,Masc,Plur,Inan,0.197619973321156,NONE
по,ADP,,case,,,,,-0.0446254024362513,NONE
контролю,NOUN,,nmod,Dat,Masc,Sing,Inan,0.0276466149966515,NONE
и,CCONJ,,cc,,,,,0.1178363985485657,NONE
профилактике,NOUN,,conj,Dat,Fem,Sing,Inan,0.1624726308795605,NONE
заболеваний,NOUN,,nmod,Gen,Neut,Plur,Inan,0.0768408100854565,NONE
расследуют,VERB,,root,,,Plur,,0.1195528672760068,NONE
вспышку,NOUN,,obj,Acc,Fem,Sing,Inan,0.085829792793716,NONE
сальмонеллы,NOUN,,nmod,Gen,Fem,Sing,Inan,0.3220066661417011,NONE
",",PUNCT,,punct,,,,,0.1889108905529633,NONE
которая,PRON,,nsubj,Nom,,,,-0.045398253402526,NONE
заразила,VERB,,acl:relcl,,Fem,Sing,,0.2613806386726165,NONE
212,NUM,,nummod,,,,,-0.2437397491129378,NONE
человек,NOUN,,obl,Gen,Masc,Plur,Anim,0.2163606986569274,NONE
в,ADP,,case,,,,,0.1880237334393503,NONE
23,NUM,,nummod,,,,,-0.0577378457697661,NONE
штатах,NOUN,,obl,Loc,Masc,Plur,Inan,0.1483911942762146,NONE
.,PUNCT,,punct,,,,,-0.4489764293890635,NONE
Кубок,NOUN,,nsubj,Nom,Masc,Sing,Inan,-0.3038900763686977,NONE
мира,NOUN,,nmod,Gen,Masc,Sing,Inan,0.0157838728324028,NONE
является,VERB,,root,,,Sing,,0.0376061085698337,NONE
витриной,NOUN,,obl,Ins,Fem,Sing,Inan,0.2786813772362158,NONE
",",PUNCT,,punct,,,,,0.4279199421240721,NONE
которая,PRON,,nsubj,Nom,,,,0.0554955693979699,NONE
улучшит,VERB,,acl:relcl,,,Sing,,0.2816893828678167,NONE
команду,NOUN,,obj,Acc,Fem,Sing,Inan,-0.0846175994068221,NONE
",",PUNCT,,punct,,,,,0.2084669028053289,NONE
как,SCONJ,,mark,,,,,0.3455784239418621,NONE
считает,VERB,,parataxis,,,Sing,,-0.0713911741689522,NONE
капитан,NOUN,,nsubj,Nom,Masc,Sing,Anim,0.0265841597664175,NONE
канадской,ADJ,,amod,Gen,Fem,Sing,,0.1245923220365372,NONE
сборной,NOUN,,nmod,Gen,Fem,Sing,Inan,0.2717130498543439,NONE
Я,PRON,,nsubj,Nom,,Sing,,-0.0889037732152918,NONE
предполагаю,VERB,,root,,,Sing,,-0.1065375294155032,NONE
",",PUNCT,,punct,,,,,0.0901795934126327,NONE
что,SCONJ,,mark,,,,,0.0951084856935573,NONE
это,PRON,,nsubj,Nom,Neut,Sing,Inan,0.0402417310293728,NONE
",",PUNCT,,punct,,,,,-0.0655890452379386,NONE
в,ADP,,case,,,,,0.0739183845377878,NONE
каком-то,DET,,det,Loc,Masc,Sing,,-0.0105801957870156,NONE
роде,NOUN,,parataxis,Loc,Masc,Sing,Inan,-0.0055266144440254,NONE
",",PUNCT,,punct,,,,,0.1525593672755905,NONE
конец,NOUN,,ccomp,Nom,Masc,Sing,Inan,0.0119133522571036,NONE
чего-то,PRON,,nmod,Gen,,,,0.198799645106452,NONE
незначительного,ADJ,,amod,Gen,Neut,Sing,,0.1709265840091784,NONE
в,ADP,,case,,,,,0.0623874499161925,NONE
моей,DET,,det,Loc,Fem,Sing,,0.1125131770268346,NONE
жизни,NOUN,,nmod,Loc,Fem,Sing,Inan,-0.0217941376542057,NONE
",",PUNCT,,punct,,,,,0.3153770906262664,NONE
чтобы,SCONJ,,mark,,,,,-0.0763892908073724,NONE
немного,ADV,,advmod,,,,,0.1230940141884882,NONE
позитивно,ADV,,advmod,,,,,-0.0243465989149813,NONE
подумать,VERB,,advcl,,,,,-0.0772933174489195,NONE
о,ADP,,case,,,,,0.0189712600263497,NONE
моей,DET,,det,Loc,Fem,Sing,,-0.0296294823012953,NONE
собственной,ADJ,,amod,Loc,Fem,Sing,,-0.0984100068275652,NONE
психически,ADV,,advmod,,,,,0.1845084173108,NONE
неуравновешенной,ADJ,,amod,Loc,Fem,Sing,,0.3970513404958363,NONE
натуре,NOUN,,obl,Loc,Fem,Sing,Inan,0.0032009510961502,NONE
.,PUNCT,,punct,,,,,-0.3346119013723651,NONE
Польша,PROPN,,nsubj,Nom,Fem,Sing,Inan,0.4136820001539008,LOC
является,VERB,,root,,,Sing,,0.0646533443426805,NONE
ярым,ADJ,,amod,Ins,Masc,Sing,,-0.009131332817204,NONE
противником,NOUN,,obl,Ins,Masc,Sing,Anim,-0.0512352768096934,NONE
трубопровода,NOUN,,nmod,Gen,Masc,Sing,Inan,0.042861478246899,NONE
Северный,PROPN,,amod,,,,,0.0313059268143463,NONE
поток,NOUN,,appos,Nom,Masc,Sing,Inan,0.1065144612469568,NONE
2,NUM,,nummod:entity,,,,,0.0157383787676638,NONE
",",PUNCT,,punct,,,,,0.1025321664147199,NONE
по,ADP,,case,,,,,0.1234525286515933,NONE
которому,PRON,,obl,Dat,,,,0.0593374189009647,NONE
российский,ADJ,,amod,Nom,Masc,Sing,,0.0025150885070786,NONE
газ,NOUN,,nsubj:pass,Nom,Masc,Sing,Inan,0.040373568834124,NONE
будет,AUX,,aux:pass,,,Sing,,-0.126429627563095,NONE
напрямую,ADV,,advmod,,,,,-0.091897028714998,NONE
поставляться,VERB,,acl:relcl,,,,,0.0266264242304456,NONE
в,ADP,,case,,,,,-0.0261204710729361,NONE
Германию,PROPN,,obl,Acc,Fem,Sing,Inan,0.0562064012884439,LOC
",",PUNCT,,punct,,,,,0.1427819694737948,NONE
и,CCONJ,,cc,,,,,-0.0329784618618725,NONE
заявляет,VERB,,conj,,,Sing,,0.0516844099208362,NONE
",",PUNCT,,punct,,,,,-0.4906160029489533,NONE
что,SCONJ,,mark,,,,,-0.0283363494357179,NONE
это,PRON,,nsubj,Nom,Neut,Sing,Inan,0.0598160563940812,NONE
делает,VERB,,ccomp,,,Sing,,-0.0108221467577175,NONE
Европу,PROPN,,obj,Acc,Fem,Sing,Inan,0.0785782336455025,LOC
зависимой,ADJ,,obl,Ins,Fem,Sing,,0.0130862838590038,NONE
от,ADP,,case,,,,,-0.0301455257467213,NONE
российских,ADJ,,amod,Gen,,Plur,,0.1026685222445889,NONE
поставок,NOUN,,obl,Gen,Fem,Plur,Inan,0.0868071769491591,NONE
и,CCONJ,,cc,,,,,0.0638979019299341,NONE
открывает,VERB,,conj,,,Sing,,0.0789860455653492,NONE
возможность,NOUN,,obj,Acc,Fem,Sing,Inan,0.0080590284218378,NONE
давления,NOUN,,nmod,Gen,Neut,Sing,Inan,0.012625865890969,NONE
со,ADP,,case,,,,,0.1522863244603262,NONE
стороны,NOUN,,fixed,Gen,Fem,Sing,Inan,0.1757099155652301,NONE
Москвы,PROPN,,nmod,Gen,Fem,Sing,Inan,0.2894562170863788,LOC
.,PUNCT,,punct,,,,,-0.1391712577071407,NONE
Сотрудничество,NOUN,,nsubj,Nom,Neut,Sing,Inan,0.4533509196080839,NONE
—,PUNCT,,punct,,,,,0.3443107702672954,NONE
это,PRON,,expl,,,,,-0.341871802774578,NONE
выигрышная,ADJ,,amod,Nom,Fem,Sing,,0.1939410842577631,NONE
для,ADP,,case,,,,,-0.1564393750195937,NONE
всех,PRON,,obl,Gen,,Plur,Anim,-0.1845377748987981,NONE
ситуация,NOUN,,root,Nom,Fem,Sing,Inan,-0.1316942110356677,NONE
.,PUNCT,,punct,,,,,0.2175213417684031,NONE
Остальные,ADJ,,nsubj:pass,Nom,,Plur,,-0.0096518755028777,NONE
–,PUNCT,,punct,,,,,-0.0471229611875137,NONE
бывший,ADJ,,amod,Nom,Masc,Sing,,-0.0017554131328311,NONE
бизнесмен,NOUN,,parataxis,Nom,Masc,Sing,Anim,-0.1111965962650729,NONE
Фарид,PROPN,,appos,Nom,Masc,Sing,Anim,0.0499760852103684,PER
Бенхамдин,PROPN,,flat:name,Nom,Masc,Sing,Anim,-0.0031767069808631,PER
и,CCONJ,,cc,,,,,-0.1377479248343335,NONE
бывший,ADJ,,amod,Nom,Masc,Sing,,0.0738421544979139,NONE
министр,NOUN,,conj,Nom,Masc,Sing,Anim,0.1197091577320548,NONE
обороны,NOUN,,nmod,Gen,Fem,Sing,Inan,-0.0519336804688177,NONE
Халид,PROPN,,appos,Nom,Masc,Sing,Anim,-0.0043492445972947,PER
Неззар,PROPN,,flat:name,Nom,Masc,Sing,Anim,0.0748329714574357,PER
–,PUNCT,,punct,,,,,-0.1795263196177073,NONE
заочно,ADV,,advmod,,,,,0.0569794938156842,NONE
приговорены,VERB,,root,,,Plur,,-0.2026185427132335,NONE
к,ADP,,case,,,,,0.0780926415553186,NONE
20,NUM,,nummod,,,,,0.5032667988462663,NONE
годам,NOUN,,obl,Dat,Masc,Plur,Inan,-0.0036638526169858,NONE
тюремного,ADJ,,amod,Gen,Neut,Sing,,-0.002127578089944,NONE
заключения,NOUN,,nmod,Gen,Neut,Sing,Inan,0.0882843590320335,NONE
.,PUNCT,,punct,,,,,0.2168887404919555,NONE
Амит,PROPN,,nsubj,Nom,Masc,Sing,Anim,0.4407017884772534,PER
Йоран,PROPN,,appos,Nom,Masc,Sing,Anim,0.0416315967163396,PER
",",PUNCT,,punct,,,,,0.0959104379061956,NONE
исполнительный,ADJ,,amod,Nom,Masc,Sing,,0.045276379860695,NONE
директор,NOUN,,appos,Nom,Masc,Sing,Anim,-0.0416920528623718,NONE
компании,NOUN,,nmod,Gen,Fem,Sing,Inan,0.0117538605014449,NONE
по,ADP,,case,,,,,0.0588828969831159,NONE
кибербезопасности,NOUN,,nmod,Dat,Fem,Sing,Inan,0.0447818601214892,NONE
Tenable,PROPN,,flat:foreign,,,,,-0.0869004903733011,ORG
",",PUNCT,,punct,,,,,0.3439585668196604,NONE
назвал,VERB,,root,,Masc,Sing,,-0.0200849055960747,NONE
это,PRON,,obj,Acc,Neut,Sing,Inan,0.0836931216091946,NONE
«крупнейшей,ADJ,,amod,Ins,Fem,Sing,,0.2303740660074726,NONE
единичной,ADJ,,amod,Ins,Fem,Sing,,0.0554653364026859,NONE
",",PUNCT,,punct,,,,,0.1715838556433685,NONE
самой,ADJ,,amod,Ins,Fem,Sing,,0.0177548806825736,NONE
критичной,ADJ,,conj,Ins,Fem,Sing,,0.2130132077895047,NONE
уязвимостью,NOUN,,obl,Ins,Fem,Sing,Inan,0.0534722615547428,NONE
за,ADP,,case,,,,,-0.0953547343665945,NONE
последние,ADJ,,amod,Acc,,Plur,Inan,-0.0413865372737033,NONE
десять,NUM,,nummod:gov,Acc,,,,-0.0127444331910535,NONE
лет»,NOUN,,nmod,Gen,Neut,Plur,Inan,0.0377179859333545,NONE
",",PUNCT,,punct,,,,,0.2398304568260657,NONE
—,PUNCT,,punct,,,,,-0.2483685759616544,NONE
и,CCONJ,,cc,,,,,0.0167686883872274,NONE
",",PUNCT,,punct,,,,,0.0265960529789704,NONE
возможно,ADV,,parataxis,,,,,0.1171148771925084,NONE
",",PUNCT,,punct,,,,,0.0887695303170242,NONE
самой,ADJ,,amod,Ins,Fem,Sing,,0.0067147468847912,NONE
большой,ADJ,,conj,Ins,Fem,Sing,,-0.0842054511674181,NONE
в,ADP,,case,,,,,0.0387796646499378,NONE
истории,NOUN,,nmod,Loc,Fem,Sing,Inan,0.0435916913723309,NONE
современных,ADJ,,amod,Gen,,Plur,,-0.0493026278413576,NONE
компьютеров,NOUN,,nmod,Gen,Masc,Plur,Inan,0.0982818517457097,NONE
.,PUNCT,,punct,,,,,-0.4247500964194506,NONE
В,ADP,,case,,,,,-0.2770442540053032,NONE
первую,ADJ,,amod,Acc,Fem,Sing,,0.0134513662038128,NONE
смену,NOUN,,obl,Acc,Fem,Sing,Inan,0.0479694552565026,NONE
они,PRON,,nsubj,Nom,,Plur,,-0.2551668429284987,NONE
держали,VERB,,root,,,Plur,,0.184347116883549,NONE
меня,PRON,,obj,Acc,,Sing,,-0.1849735697257729,NONE
рядом,ADV,,advmod,,,,,0.0643015196848368,NONE
.,PUNCT,,punct,,,,,0.6182243550464102,NONE
Британская,ADJ,,amod,Nom,Fem,Sing,,0.0283221390684834,NONE
школа,NOUN,,nsubj,Nom,Fem,Sing,Inan,0.0163022930184318,NONE
",",PUNCT,,punct,,,,,0.0216828211359264,NONE
собравшая,VERB,,acl,Nom,Fem,Sing,,-0.0308098450604236,NONE
больше,ADV,,advmod,,,,,-0.0371059828203988,NONE
всего,DET,,det,Gen,Neut,Sing,Inan,-0.0163488336502298,NONE
средств,NOUN,,obl,Gen,Neut,Plur,Inan,-0.0326956760353391,NONE
для,ADP,,case,,,,,0.1029978777552508,NONE
благотворительной,ADJ,,amod,Gen,Fem,Sing,,0.0857298844131237,NONE
организации,NOUN,,nmod,Gen,Fem,Sing,Inan,0.004264100031436,NONE
Macmillan,PROPN,,flat:foreign,,,,,0.0569176466865905,ORG
Cancer,PROPN,,flat:foreign,,,,,0.047069588474058,ORG
Support,PROPN,,flat:foreign,,,,,0.0275487286213772,ORG
",",PUNCT,,punct,,,,,0.108561971185261,NONE
устроит,VERB,,root,,,Sing,,0.1403791796806268,NONE
World,PROPN,,flat:foreign,,,,,0.0344658799261153,NONE
',PUNCT,,punct,,,,,0.0995904241878268,NONE
s,X,,flat:foreign,,,,,0.0603838341286413,NONE
Biggest,PROPN,,flat:foreign,,,,,0.0183084740188506,NONE
Coffee,PROPN,,flat:foreign,,,,,-0.0059910644795884,NONE
Morning,PROPN,,flat:foreign,,,,,-0.8428950728068414,NONE
",",PUNCT,,punct,,,,,-0.0420074751491404,NONE
«самый,ADJ,,amod,Acc,Masc,Sing,Inan,0.050486296066731,NONE
масштабный,ADJ,,amod,Acc,Masc,Sing,Inan,-0.0544205189719024,NONE
завтрак,NOUN,,obj,Acc,Masc,Sing,Inan,-0.0058164103909128,NONE
с,ADP,,case,,,,,0.0158761172963085,NONE
кофе,NOUN,,nmod,Ins,Masc,Sing,Inan,-0.1042724098021485,NONE
в,ADP,,case,,,,,0.1602028721627564,NONE
мире»,NOUN,,nmod,Loc,Masc,Sing,Inan,0.0466193843994547,NONE
.,PUNCT,,punct,,,,,-0.3339939154840839,NONE
Но,CCONJ,,cc,,,,,-0.3328092014472468,NONE
они,PRON,,nsubj,Nom,,Plur,,0.0438125025211068,NONE
почти,ADV,,advmod,,,,,-0.0738820311505075,NONE
моментально,ADV,,advmod,,,,,0.178523623476469,NONE
заработали,VERB,,root,,,Plur,,0.0204037074375886,NONE
пенальти,NOUN,,obj,Acc,Masc,Plur,Inan,-0.0051572931596776,NONE
в,ADP,,case,,,,,-0.190861668408226,NONE
свои,DET,,det,Acc,,Plur,,-0.2215582219998891,NONE
ворота,NOUN,,obl,Acc,Neut,Plur,Inan,-0.0879239627179688,NONE
.,PUNCT,,punct,,,,,0.5950840995660568,NONE
Говорят,VERB,,root,,,Plur,,0.0272559738085627,NONE
",",PUNCT,,punct,,,,,0.1963224055778076,NONE
что,SCONJ,,mark,,,,,-0.2563834496258606,NONE
Уэст,PROPN,,nsubj,Nom,Masc,Sing,Anim,0.0678198902128247,PER
также,ADV,,advmod,,,,,-0.0231430491893597,NONE
посетил,VERB,,ccomp,,Masc,Sing,,0.1696278483108795,NONE
больницу,NOUN,,obj,Acc,Fem,Sing,Inan,0.0271578607754839,NONE
несколько,NUM,,nummod,Acc,,,Inan,0.1146401763402047,NONE
часов,NOUN,,obl,Gen,Masc,Plur,Inan,0.0548354278939232,NONE
после,ADP,,case,,,,,-0.0137514011214207,NONE
того,PRON,,obl,Gen,Neut,Sing,Inan,-0.0618117830850274,NONE
",",PUNCT,,punct,,,,,0.3615378268561207,NONE
как,SCONJ,,mark,,,,,-0.0775216405316595,NONE
Джастин,PROPN,,nsubj,Nom,Masc,Sing,Anim,0.1957233060900205,PER
Бибер,PROPN,,flat:name,Nom,Masc,Sing,Anim,-0.1027908001535258,PER
навестил,VERB,,acl,,Masc,Sing,,0.0696448022086939,NONE
его,PRON,,obj,Acc,Masc,Sing,,0.0360231176439249,NONE
на,ADP,,case,,,,,-0.005948998520466,NONE
ранчо,NOUN,,obl,Loc,Neut,Sing,Inan,-0.1740983483408515,NONE
в,ADP,,case,,,,,-0.0522054044691154,NONE
Вайоминге,PROPN,,nmod,Loc,Masc,Sing,Inan,0.1156856864769672,LOC
.,PUNCT,,punct,,,,,0.1474231519169729,NONE
Некоторые,DET,,det,Nom,,Plur,,-0.1282038792687244,NONE
имеющиеся,VERB,,acl,Nom,,Plur,,0.0710570275390339,NONE
у,ADP,,case,,,,,-0.0011745094626626,NONE
нас,PRON,,obl,Gen,,Plur,,-0.0174837701518195,NONE
метеориты,NOUN,,nsubj,Nom,Masc,Plur,Inan,0.0339468911349587,NONE
с,ADP,,case,,,,,0.1164406086609099,NONE
Марса,PROPN,,nmod,Gen,Masc,Sing,Inan,0.2539518420568165,LOC
очень,ADV,,obl,,,,,-0.0176437309273577,NONE
хрупки,ADJ,,root,,,Plur,,0.1419911606450917,NONE
",",PUNCT,,punct,,,,,0.1376921526920757,NONE
и,CCONJ,,cc,,,,,0.0077321499675514,NONE
мы,PRON,,nsubj,Nom,,Plur,,-0.0644381813705686,NONE
выбрали,VERB,,conj,,,Plur,,0.0308333730642218,NONE
конкретно,ADV,,advmod,,,,,-0.8604754990234373,NONE
этот,DET,,obj,Acc,Masc,Sing,,-0.0198318092599483,NONE
именно,PART,,advmod,,,,,-0.0956735277244814,NONE
потому,ADV,,advmod,,,,,-0.074244354975031,NONE
",",PUNCT,,punct,,,,,0.0584696062879118,NONE
что,SCONJ,,mark,,,,,0.0836497371121392,NONE
он,PRON,,nsubj,Nom,Masc,Sing,,-0.0553454117389313,NONE
очень,ADV,,obl,,,,,-0.0726825970942275,NONE
твердый,ADJ,,advcl,Nom,Masc,Sing,,0.1614318134239327,NONE
Спор,NOUN,,nsubj,Nom,Masc,Sing,Inan,0.0989618625556604,NONE
из-за,ADP,,case,,,,,-0.0104519984096724,NONE
этого,DET,,det,Gen,Masc,Sing,,-0.042611688051289,NONE
региона,NOUN,,nmod,Gen,Masc,Sing,Inan,-0.0254021414858572,NONE
вызвал,VERB,,root,,Masc,Sing,,-0.0504143385929222,NONE
две,NUM,,obj,Acc,Fem,,Inan,-0.0138875576828321,NONE
из,ADP,,case,,,,,-0.0006608172906364,NONE
трех,NUM,,nummod,Gen,,,,-0.0125718503739661,NONE
войн,NOUN,,nmod,Gen,Fem,Plur,Inan,0.0618453019337096,NONE
между,ADP,,case,,,,,-0.0081561374120465,NONE
Пакистаном,PROPN,,nmod,Ins,Masc,Sing,Inan,-0.0113979843982799,LOC
и,CCONJ,,cc,,,,,-0.0096722651525212,NONE
Индией,PROPN,,conj,Ins,Fem,Sing,Inan,-0.0063066234355373,LOC
",",PUNCT,,punct,,,,,0.009522035704443,NONE
произошедших,VERB,,acl,Gen,,Plur,,0.9465046364039664,NONE
после,ADP,,case,,,,,-0.032213004056788,NONE
обретения,NOUN,,obl,Gen,Neut,Sing,Inan,0.0097466967616911,NONE
независимости,NOUN,,nmod,Gen,Fem,Sing,Inan,-0.0069279007328593,NONE
от,ADP,,case,,,,,-0.0250396697323749,NONE
Британии,PROPN,,nmod,Gen,Fem,Sing,Inan,0.0015057963866968,LOC
в,ADP,,case,,,,,0.0487679608509098,NONE
1947,ADJ,,amod,,,,,0.0043845611606347,NONE
г,NOUN,,nmod,Loc,Masc,Sing,Inan,-0.0006221182396374,NONE
.,PUNCT,,punct,,,,,-0.1848334381979832,NONE
Вы,PRON,,nsubj,Nom,,Plur,,-0.3548704687242029,NONE
тоже,PART,,advmod,,,,,-0.1048861455356631,NONE
с,ADP,,case,,,,,0.146167442224273,NONE
этим,PRON,,obl,Ins,Neut,Sing,Inan,-0.194499333119917,NONE
сталкивались,VERB,,root,,,Plur,,0.7717672311897829,NONE
?,PUNCT,,punct,,,,,-0.4488830142513555,NONE
В,ADP,,case,,,,,0.4858428762532586,NONE
«Восстановить,VERB,,xcomp,,,,,0.0598186438945042,NONE
свою,DET,,det,Acc,Fem,Sing,,-0.0197595004806434,NONE
учетную,ADJ,,amod,Acc,Fem,Sing,,-0.0175960737104338,NONE
запись,NOUN,,obj,Acc,Fem,Sing,Inan,0.4151064428946582,NONE
#PRS,PROPN,,flat:foreign,,,,,0.1512681239679973,ORG
_,SYM,,flat:foreign,,,,,0.1327993637321602,NONE
ORG,PROPN,,flat:foreign,,,,,0.0323819078869831,NONE
#,SYM,,flat:foreign,,,,,0.074344010699643,NONE
»,PUNCT,,punct,,,,,-0.1151405525335389,NONE
нажмите,VERB,,root,,,Plur,,0.0676723405340787,NONE
«Восстановить»,NOUN,,obj,Acc,Neut,Sing,Inan,0.5159505153318197,NONE
.,PUNCT,,punct,,,,,0.0443049204572352,NONE
Компания,NOUN,,nsubj,Nom,Fem,Sing,Inan,0.2517099742129282,NONE
Barrhead,PROPN,,flat:foreign,,,,,0.1447221196887043,ORG
Travel,PROPN,,flat:foreign,,,,,-0.10394635203919,ORG
открыла,VERB,,root,,Fem,Sing,,0.0446395450713165,NONE
100,NUM,,nummod,,,,,-0.0255557804957331,NONE
вакансий,NOUN,,obl,Gen,Fem,Plur,Inan,0.3141223196147857,NONE
для,ADP,,case,,,,,0.0814977314555499,NONE
бывших,ADJ,,amod,Gen,,Plur,,0.2572607549897854,NONE
сотрудников,NOUN,,nmod,Gen,Masc,Plur,Anim,0.0976748123021828,NONE
компании,NOUN,,nmod,Gen,Fem,Sing,Inan,0.0221029597494547,NONE
Thomas,PROPN,,flat:foreign,,,,,0.0515983546455645,ORG
Cook,PROPN,,flat:foreign,,,,,-0.7774817076697722,ORG
Потрясающе,ADJ,,root,,Neut,Sing,,0.3962728859571007,NONE
.,PUNCT,,punct,,,,,0.6346161983189931,NONE
Генри,PROPN,,nsubj,Nom,Masc,Sing,Anim,0.0962381107979197,PER
настолько,ADV,,obl,,,,,0.0829418248385416,NONE
продвинутый,ADJ,,amod,Nom,Masc,Sing,,0.0462591977550554,NONE
тренер,NOUN,,root,Nom,Masc,Sing,Anim,-0.1339980840304697,NONE
",",PUNCT,,punct,,,,,0.1027903859752037,NONE
он,PRON,,nsubj,Nom,Masc,Sing,,-0.0236824952663083,NONE
многое,NOUN,,obj,Acc,Neut,Sing,Inan,-0.0904320922784194,NONE
повидал,VERB,,conj,,Masc,Sing,,0.0716947338810524,NONE
",",PUNCT,,punct,,,,,0.106632016954386,NONE
борцов,NOUN,,obj,Acc,Masc,Plur,Anim,0.0470155411034488,NONE
в,ADP,,case,,,,,0.0946172273221027,NONE
их,DET,,det,,,,,-0.0391886430421761,NONE
лучшие,ADJ,,amod,Acc,,Plur,Inan,-0.0848286890857449,NONE
и,CCONJ,,cc,,,,,0.0343967939175498,NONE
худшие,ADJ,,conj,Acc,,Plur,Inan,-0.084600728887331,NONE
моменты,NOUN,,nmod,Acc,Masc,Plur,Inan,0.3142537507378615,NONE
.,PUNCT,,punct,,,,,0.5590049394842308,NONE
Я,PRON,,nsubj,Nom,,Sing,,0.1400678568544023,NONE
должен,ADJ,,root,,Masc,Sing,,0.1219141549525734,NONE
был,AUX,,cop,,Masc,Sing,,-0.1543523816484623,NONE
встретиться,VERB,,xcomp,,,,,-0.0266044556549087,NONE
с,ADP,,case,,,,,-0.1124609538395513,NONE
ними,PRON,,obl,Ins,,Plur,,-0.1031930721363098,NONE
в,ADP,,case,,,,,-0.0360877768426002,NONE
Нью-Йорке,PROPN,,obl,Loc,Masc,Sing,Inan,0.0783609365802171,LOC
",",PUNCT,,punct,,,,,0.0194677635577799,NONE
но,CCONJ,,cc,,,,,-0.0718121277847206,NONE
здесь,ADV,,advmod,,,,,-0.1104996183516355,NONE
меня,PRON,,obj,Acc,,Sing,,0.1153240256780346,NONE
ждали,VERB,,conj,,,Plur,,0.2113385591159055,NONE
более,ADV,,obl,,,,,-0.254504745619012,NONE
важные,ADJ,,amod,Nom,,Plur,,-0.1725437067832957,NONE
дела,NOUN,,nsubj,Nom,Neut,Plur,Inan,-0.0613219629015136,NONE
.,PUNCT,,punct,,,,,0.2644659026820353,NONE
Это,DET,,det,Nom,Neut,Sing,,-0.1186610816253431,NONE
требование,NOUN,,nsubj,Nom,Neut,Sing,Inan,0.0894978202276101,NONE
не,PART,,advmod,,,,,0.1715630325919857,NONE
распространяется,VERB,,root,,,Sing,,0.0160793480749104,NONE
на,ADP,,case,,,,,0.0608363127072077,NONE
граждан,NOUN,,obl,Acc,Masc,Plur,Anim,0.068661051795557,NONE
и,CCONJ,,cc,,,,,0.0050675377493363,NONE
резидентов,NOUN,,conj,Acc,Masc,Plur,Anim,0.0762227148581138,NONE
Греции,PROPN,,nmod,Gen,Fem,Sing,Inan,0.1876557366139231,LOC
",",PUNCT,,punct,,,,,0.0115999404534351,NONE
а,CCONJ,,cc,,,,,0.0782503197938338,NONE
также,PART,,fixed,,,,,0.0624216328422851,NONE
на,ADP,,case,,,,,0.0550401856932889,NONE
тех,DET,,det,Acc,,Plur,,0.0896022837476619,NONE
",",PUNCT,,punct,,,,,0.0295564635404061,NONE
кто,PRON,,nsubj,Nom,,,,0.0783871064801528,NONE
совершает,VERB,,acl:relcl,,,Sing,,0.0326374047656388,NONE
поездку,NOUN,,obj,Acc,Fem,Sing,Inan,0.0413481590617598,NONE
по,ADP,,case,,,,,0.0945488268097437,NONE
важным,ADJ,,amod,Dat,,Plur,,-0.0577934988803082,NONE
профессиональным,ADJ,,amod,Dat,,Plur,,0.0333339984662269,NONE
причинам,NOUN,,obl,Dat,Fem,Plur,Inan,-0.1575568947609255,NONE
.,PUNCT,,punct,,,,,-0.8568276189197792,NONE
Значок,NOUN,,nsubj,Nom,Masc,Sing,Inan,0.0632064744261799,NONE
«Подробнее»,ADV,,obl,,,,,0.2047158976754873,NONE
находится,VERB,,root,,,Sing,,-0.2120076805898676,NONE
в,ADP,,case,,,,,-0.0312637990802837,NONE
нижней,ADJ,,amod,Loc,Fem,Sing,,-0.0207485770113654,NONE
части,NOUN,,obl,Loc,Fem,Sing,Inan,0.0525056177974486,NONE
экрана,NOUN,,nmod,Gen,Masc,Sing,Inan,0.2453207311823867,NONE
.,PUNCT,,punct,,,,,0.19152021824569,NONE
если,SCONJ,,mark,,,,,-0.0163889187352467,NONE
Вы,PRON,,nsubj,Nom,,Plur,,-0.1084020295444005,NONE
выполнили,VERB,,advcl,,,Plur,,-0.0585587655767843,NONE
обе,NUM,,nummod,Acc,Fem,,Inan,-0.0630970937768499,NONE
процедуры,NOUN,,obl,Gen,Fem,Sing,Inan,0.0926249635304641,NONE
и,CCONJ,,cc,,,,,-0.2841827500727032,NONE
Ваша,DET,,det,Nom,Fem,Sing,,0.0291902138792159,NONE
проблема,NOUN,,nsubj:pass,Nom,Fem,Sing,Inan,-0.1025566860730127,NONE
не,PART,,advmod,,,,,0.0575196780566446,NONE
решена,VERB,,conj,,Fem,Sing,,0.1680326509822893,NONE
",",PUNCT,,punct,,,,,0.3264387736916579,NONE
я,PRON,,nsubj,Nom,,Sing,,0.1327114728922416,NONE
могу,VERB,,conj,,,Sing,,-0.178970734604191,NONE
вернуть,VERB,,xcomp,,,,,0.1259706121275298,NONE
деньги,NOUN,,obj,Acc,Fem,Plur,Inan,-0.0768896113428284,NONE
на,ADP,,case,,,,,0.1375274368241917,NONE
кредитную,ADJ,,amod,Acc,Fem,Sing,,0.1033785718057483,NONE
карту,NOUN,,obl,Acc,Fem,Sing,Inan,0.0913577357094131,NONE
Вашей,DET,,det,Gen,Fem,Sing,,0.2273463459713489,NONE
учетной,ADJ,,amod,Gen,Fem,Sing,,0.0342089409106112,NONE
записи,NOUN,,nmod,Gen,Fem,Sing,Inan,-0.065138481719469,NONE
.,PUNCT,,punct,,,,,0.393868023448123,NONE
Организаторам,NOUN,,iobj,Dat,Masc,Plur,Anim,0.5611970962771408,NONE
культурных,ADJ,,amod,Gen,,Plur,,-0.1814041184464938,NONE
",",PUNCT,,punct,,,,,-0.0999908147399115,NONE
общественных,ADJ,,conj,Gen,,Plur,,-0.1822029011143293,NONE
и,CCONJ,,cc,,,,,-0.002399364965017,NONE
спортивных,ADJ,,conj,Gen,,Plur,,-0.1896502689740133,NONE
мероприятий,NOUN,,nmod,Gen,Neut,Plur,Inan,-0.1594090363714231,NONE
будет,AUX,,aux:pass,,,Sing,,-0.2752334157093897,NONE
предложена,VERB,,root,,Fem,Sing,,-0.0120486576856741,NONE
финансовая,ADJ,,amod,Nom,Fem,Sing,,-0.0209410111195947,NONE
помощь,NOUN,,nsubj:pass,Nom,Fem,Sing,Inan,-0.1898770896355707,NONE
на,ADP,,case,,,,,-0.0507026738783981,NONE
период,NOUN,,nmod,Acc,Masc,Sing,Inan,-0.143366646897961,NONE
трудностей,NOUN,,nmod,Gen,Fem,Plur,Inan,0.0796081993402768,NONE
",",PUNCT,,punct,,,,,0.1111429534763325,NONE
связанных,VERB,,acl,Gen,,Plur,,0.0432642560901063,NONE
с,ADP,,case,,,,,-0.0390413493433702,NONE
ограничениями,NOUN,,obl,Ins,Neut,Plur,Inan,-0.1196440825549676,NONE
во,ADP,,case,,,,,-0.0587013682304899,NONE
время,NOUN,,fixed,Acc,Neut,Sing,Inan,-0.2760543403572235,NONE
локдауна,NOUN,,nmod,Gen,Masc,Sing,Inan,0.1084952812528514,NONE
.,PUNCT,,punct,,,,,0.1041194023199128,NONE
Главный,ADJ,,amod,Nom,Masc,Sing,,0.6075637231743056,NONE
инспектор,NOUN,,nsubj,Nom,Masc,Sing,Anim,-0.0244469271670115,NONE
Дрю,PROPN,,appos,Nom,Masc,Sing,Anim,0.0461015102266202,PER
Синклэр,PROPN,,flat:name,Nom,Masc,Sing,Anim,0.1619906247500107,PER
",",PUNCT,,punct,,,,,0.2158193306344989,NONE
начальник,NOUN,,appos,Nom,Masc,Sing,Anim,-0.0794794604292282,NONE
округа,NOUN,,nmod,Gen,Masc,Sing,Inan,-0.0935421373556222,NONE
Клакманнаншир,PROPN,,appos,Nom,Masc,Sing,Inan,0.0105125687069085,LOC
",",PUNCT,,punct,,,,,0.345487846719152,NONE
заявил,VERB,,root,,Masc,Sing,,0.0081748939557392,NONE
:,PUNCT,,punct,,,,,0.1156236655334146,NONE
«Наши,DET,,det,Nom,,Plur,,-0.0474537094249782,NONE
мысли,NOUN,,nsubj,Nom,Fem,Plur,Inan,-0.0067220243791074,NONE
в,ADP,,case,,,,,0.0613059556736125,NONE
значительной,ADJ,,amod,Loc,Fem,Sing,,-0.027379929992268,NONE
степени,NOUN,,nmod,Loc,Fem,Sing,Inan,-0.0760864973993957,NONE
до,ADP,,case,,,,,0.0707918768155103,NONE
сих,DET,,det,Gen,,Plur,,-0.0603046376453152,NONE
с,ADP,,case,,,,,0.0355591325991537,NONE
семьей,NOUN,,parataxis,Ins,Fem,Sing,Inan,-0.0247509004387804,NONE
Тони,PROPN,,nmod,Gen,Masc,Sing,Anim,0.0301985453196607,PER
",",PUNCT,,punct,,,,,0.068905338745487,NONE
которой,PRON,,iobj,Dat,,,,-0.0335424536836318,NONE
пришлось,VERB,,acl:relcl,,Neut,Sing,,-0.131466962021986,NONE
провести,VERB,,csubj,,,,,-0.0651547021639216,NONE
2,NUM,,nummod,,,,,0.0418128432035324,NONE
года,NOUN,,obl,Gen,Masc,Sing,Inan,-0.0925198735006134,NONE
в,ADP,,case,,,,,0.0012222883472464,NONE
неизвестности,NOUN,,obl,Loc,Fem,Sing,Inan,0.0911156089458934,NONE
о,ADP,,case,,,,,-0.1570850562252532,NONE
его,DET,,det,,,,,-0.0142074587714907,NONE
местонахождении,NOUN,,nmod,Loc,Neut,Sing,Inan,0.087790774648107,NONE
или,CCONJ,,cc,,,,,0.0510277584191628,NONE
о,ADP,,case,,,,,-0.047242841503957,NONE
том,PRON,,conj,Loc,Neut,Sing,Inan,0.0041504725291082,NONE
",",PUNCT,,punct,,,,,0.0660704443314693,NONE
что,PRON,,nsubj,Nom,Neut,Sing,Inan,-0.0333497519285052,NONE
могло,VERB,,acl,,Neut,Sing,,-0.0575361220086411,NONE
с,ADP,,case,,,,,-0.030348360519583,NONE
ним,PRON,,obl,Ins,Masc,Sing,,0.0128305130866051,NONE
случиться,VERB,,xcomp,,,,,0.0594499366274536,NONE
.,PUNCT,,punct,,,,,0.0756247655859552,NONE
Венди,PROPN,,nsubj,Nom,Fem,Sing,Anim,0.097663579371744,PER
Роджерс,PROPN,,appos,Nom,Fem,Sing,Anim,0.2047885890913454,PER
назвала,VERB,,root,,Fem,Sing,,0.2613050573580527,NONE
премьер-министра,NOUN,,obj,Acc,Masc,Sing,Anim,0.2501257930443594,NONE
Новой,ADJ,,amod,Gen,Fem,Sing,,0.133954803187575,LOC
Зеландии,PROPN,,nmod,Gen,Fem,Sing,Inan,0.164140947139511,LOC
«Лениным,ADJ,,obl,Ins,Masc,Sing,Anim,0.1260757777616149,PER
с,ADP,,case,,,,,0.1447262085144738,NONE
волосами»,NOUN,,nmod,Gen,Fem,Plur,Inan,0.1971659185767495,NONE
и,CCONJ,,cc,,,,,0.1064809238841874,NONE
назвала,VERB,,conj,,Fem,Sing,,0.1585575938729254,NONE
США,PROPN,,obj,Acc,,Plur,Inan,0.1438167894039849,LOC
«Сатанистскими,ADJ,,amod,Ins,,Plur,,0.0939993532109691,NONE
коммунистами»,NOUN,,obl,Ins,Masc,Plur,Anim,0.6106156184618338,NONE
Присяжные,NOUN,,nsubj,Nom,Masc,Plur,Anim,0.6995257454400817,NONE
узнали,VERB,,root,,,Plur,,-0.0134500598037532,NONE
",",PUNCT,,punct,,,,,0.0323741785549306,NONE
что,SCONJ,,mark,,,,,-0.0583048960923433,NONE
Biffa,PROPN,,nsubj,,,,,-0.036173595431238,ORG
",",PUNCT,,punct,,,,,0.0723329975042734,NONE
чья,DET,,det,Nom,Fem,Sing,,0.0264033428732386,NONE
прибыль,NOUN,,nsubj,Nom,Fem,Sing,Inan,0.0133463358893551,NONE
в,ADP,,case,,,,,-0.0200334107253059,NONE
прошлом,ADJ,,amod,Loc,Masc,Sing,,-0.0207895958198912,NONE
году,NOUN,,nmod,Loc,Masc,Sing,Inan,0.0096225400024031,NONE
",",PUNCT,,punct,,,,,0.0123569510172252,NONE
по,ADP,,case,,,,,0.0411677950294282,NONE
сообщениям,NOUN,,parataxis,Dat,Neut,Plur,Inan,0.1731709973634173,NONE
",",PUNCT,,punct,,,,,0.207452914846293,NONE
составила,VERB,,ccomp,,Fem,Sing,,0.0556217393763053,NONE
£683,NUM,,nummod,,,,,0.042337201514609,NONE
.,PUNCT,,punct,,,,,-0.0003300521092794,NONE
6,NUM,,nummod,,,,,-0.1535885705403834,NONE
млн,NOUN,,root,Gen,Masc,Plur,Inan,-0.0658114199348971,NONE
",",PUNCT,,punct,,,,,0.1156405773340779,NONE
пользовалась,VERB,,conj,,Fem,Sing,,0.3504621613835332,NONE
услугами,NOUN,,obl,Ins,Fem,Plur,Inan,-0.0188636739091182,NONE
двух,NUM,,nummod,Gen,,,,-0.0328381573576086,NONE
брокеров,NOUN,,nmod,Gen,Masc,Plur,Anim,0.2015909156726496,NONE
",",PUNCT,,punct,,,,,0.0588991085385076,NONE
чтобы,SCONJ,,mark,,,,,-0.0826773226086668,NONE
отправить,VERB,,advcl,,,,,0.0553299844503477,NONE
мусор,NOUN,,obj,Acc,Masc,Sing,Inan,0.0632641892438129,NONE
в,ADP,,case,,,,,0.0041937224911904,NONE
Шэньчжэнь,PROPN,,obl,Acc,Masc,Sing,Inan,0.0557244766941827,LOC
и,CCONJ,,cc,,,,,-0.0082724601498663,NONE
Гуандун,PROPN,,conj,Acc,Masc,Sing,Inan,0.1676177444629235,LOC
на,ADP,,case,,,,,0.0071139282388833,NONE
южном,ADJ,,amod,Loc,Neut,Sing,,0.0415751168152102,NONE
побережье,NOUN,,obl,Loc,Neut,Sing,Inan,0.0647325610513583,NONE
Китая,PROPN,,nmod,Gen,Masc,Sing,Inan,-0.0014494650116237,LOC
.,PUNCT,,punct,,,,,0.2026078785825313,NONE
Альфорд,PROPN,,nsubj,Nom,Masc,Sing,Anim,0.178487906447113,PER
лично,ADV,,advmod,,,,,0.0438016336922697,NONE
предложил,VERB,,root,,Masc,Sing,,-0.1054628588724015,NONE
вознаграждение,NOUN,,obj,Acc,Neut,Sing,Inan,0.1287073921426469,NONE
в,ADP,,case,,,,,0.0879456230368812,NONE
две,NUM,,nummod,Acc,Fem,,Inan,-0.2512582378485084,NONE
тысячи,NOUN,,nummod,Gen,Fem,Sing,Inan,-0.3189969005889091,NONE
долларов,NOUN,,nmod,Gen,Masc,Plur,Inan,0.0128199732336383,NONE
за,ADP,,case,,,,,-0.1055138093931542,NONE
любую,DET,,det,Acc,Fem,Sing,,-0.0518997587079465,NONE
информацию,NOUN,,nmod,Acc,Fem,Sing,Inan,0.0704465965809185,NONE
",",PUNCT,,punct,,,,,0.4826973084334908,NONE
которая,PRON,,nsubj,Nom,Fem,Sing,,-0.0008628739345625,NONE
позволит,VERB,,acl:relcl,,,Sing,,-0.0913069694235234,NONE
арестовать,VERB,,xcomp,,,,,0.2295152868606538,NONE
виновных,ADJ,,obj,Acc,,Plur,Anim,0.3229189828770219,NONE
и,CCONJ,,cc,,,,,0.1725063617128815,NONE
вынести,VERB,,conj,,,,,0.3788282477414164,NONE
им,PRON,,iobj,Dat,,Plur,,-0.0101941648741995,NONE
приговор,NOUN,,obj,Acc,Masc,Sing,Inan,0.0062345821549384,NONE
.,PUNCT,,punct,,,,,-0.1127770165082977,NONE
Квотербек,NOUN,,nsubj,Nom,Masc,Sing,Anim,0.0786994628945031,PER
Герберт,PROPN,,appos,Nom,Masc,Sing,Anim,0.0632664855186423,PER
вошел,VERB,,root,,Masc,Sing,,-0.1615855393057219,NONE
в,ADP,,case,,,,,-0.0288282772402823,NONE
число,NOUN,,obl,Acc,Neut,Sing,Inan,0.0529521533583404,NONE
4,NUM,,nummod,,,,,0.1212741452094658,NONE
выбранных,VERB,,acl,Gen,,Plur,,-0.1216217648545993,NONE
на,ADP,,case,,,,,-0.0583983500798764,NONE
драфте,NOUN,,obl,Loc,Masc,Sing,Inan,0.1001681000983454,NONE
игроков,NOUN,,nmod,Gen,Masc,Plur,Anim,0.0647552542083955,NONE
",",PUNCT,,punct,,,,,0.6319950989162644,NONE
которых,PRON,,obj,Acc,,,,-0.429878961892496,NONE
подписал,VERB,,acl:relcl,,Masc,Sing,,-0.152103344420323,NONE
Чарджерс,PROPN,,nsubj,Nom,Masc,Sing,Anim,0.0990771202925027,PER
Если,SCONJ,,mark,,,,,0.0170264131522944,NONE
представитель,NOUN,,nsubj,Nom,Masc,Sing,Anim,-0.0885416911619794,NONE
службы,NOUN,,nmod,Gen,Fem,Sing,Inan,0.0443364395009352,NONE
Symantec,PROPN,,flat:foreign,,,,,0.0636218816223027,ORG
не,PART,,advmod,,,,,0.0732088909691296,NONE
в,ADP,,case,,,,,0.0642667836176961,NONE
состоянии,NOUN,,advcl,Loc,Neut,Sing,Inan,0.0935808980535585,NONE
удалить,VERB,,obl,,,,,0.0431492819706322,NONE
вирус,NOUN,,obj,Acc,Masc,Sing,Inan,0.0164269116805789,NONE
с,ADP,,case,,,,,-0.0305851587466087,NONE
вашего,DET,,det,Gen,Neut,Sing,,0.0257113818987716,NONE
устройства,NOUN,,obl,Gen,Neut,Sing,Inan,0.0135784963686771,NONE
",",PUNCT,,punct,,,,,0.1331335280023664,NONE
тогда,ADV,,advmod,,,,,0.0208699590263287,NONE
вы,PRON,,nsubj,Nom,,Plur,,0.0061613378699004,NONE
можете,VERB,,root,,,Plur,,0.0223338371071319,NONE
получить,VERB,,xcomp,,,,,0.0708877404978755,NONE
возмещение,NOUN,,obj,Acc,Neut,Sing,Inan,0.0940137312858066,NONE
в,ADP,,case,,,,,0.0069186307262493,NONE
полном,ADJ,,amod,Loc,Masc,Sing,,-0.0963511156351837,NONE
размере,NOUN,,nmod,Loc,Masc,Sing,Inan,-0.0601294233939745,NONE
текущей,ADJ,,amod,Gen,Fem,Sing,,-0.0090137862063386,NONE
стоимости,NOUN,,nmod,Gen,Fem,Sing,Inan,-0.0378629120773817,NONE
подписки,NOUN,,nmod,Gen,Fem,Sing,Inan,0.0810224588480549,NONE
Norton,PROPN,,flat:foreign,,,,,0.1071803585278975,NONE
или,CCONJ,,cc,,,,,0.089293713839937,NONE
",",PUNCT,,punct,,,,,0.035908789092778,NONE
в,ADP,,case,,,,,-0.0263671160267606,NONE
случае,NOUN,,nmod,Loc,Masc,Sing,Inan,0.020115790526274,NONE
приобретения,NOUN,,nmod,Gen,Neut,Sing,Inan,0.0184253744076052,NONE
пакета,NOUN,,nmod,Gen,Masc,Sing,Inan,0.0847349467760834,NONE
Norton,PROPN,,flat:foreign,,,,,0.231226537386208,ORG
",",PUNCT,,punct,,,,,0.4177812572858649,NONE
общую,ADJ,,amod,Acc,Fem,Sing,,0.2084326589784711,NONE
стоимость,NOUN,,obj,Acc,Fem,Sing,Inan,0.0638377986944614,NONE
комплекта,NOUN,,nmod,Gen,Masc,Sing,Inan,-0.0103456619826199,NONE
Norton,PROPN,,flat:foreign,,,,,0.0526325963269588,NONE
(,PUNCT,,punct,,,,,-0.0064880428445622,NONE
без,ADP,,case,,,,,0.2226318193117595,NONE
учета,NOUN,,parataxis,Gen,Masc,Sing,Inan,0.0349210099613711,NONE
любых,DET,,det,Gen,,Plur,,0.0464569325722228,NONE
полученных,VERB,,amod,Gen,,Plur,,0.0192083516331721,NONE
скидок,NOUN,,nmod,Gen,Fem,Plur,Inan,0.0420083401897969,NONE
или,CCONJ,,cc,,,,,0.052042417697325,NONE
возмещений,NOUN,,conj,Gen,Neut,Plur,Inan,0.0208628570686504,NONE
и,CCONJ,,cc,,,,,0.0469019905409113,NONE
без,ADP,,case,,,,,0.0203469952489278,NONE
учета,NOUN,,conj,Gen,Masc,Sing,Inan,-0.0631807369667515,NONE
применимых,ADJ,,amod,Gen,,Plur,,0.0028178668479842,NONE
налогов,NOUN,,nmod,Gen,Masc,Plur,Inan,-0.0225009803749239,NONE
",",PUNCT,,punct,,,,,0.0985141145874431,NONE
за,ADP,,case,,,,,0.0198365943848401,NONE
исключением,NOUN,,fixed,Ins,Neut,Sing,Inan,-0.093721682478167,NONE
некоторых,DET,,det,Gen,,Plur,,-0.022828479043383,NONE
штатов,NOUN,,conj,Gen,Masc,Plur,Inan,0.0217444127780247,NONE
и,CCONJ,,cc,,,,,-0.06640382113215,NONE
стран,NOUN,,conj,Gen,Fem,Plur,Inan,0.0272232114930876,NONE
",",PUNCT,,punct,,,,,0.0839005752901741,NONE
где,ADV,,advmod,,,,,-0.0498137083378117,NONE
доставка,NOUN,,nsubj,Nom,Fem,Sing,Inan,0.0202319726535055,NONE
",",PUNCT,,punct,,,,,0.0805953533405856,NONE
обработка,NOUN,,conj,Nom,Fem,Sing,Inan,0.0052117515507482,NONE
заказа,NOUN,,nmod,Gen,Masc,Sing,Inan,0.0540308197279642,NONE
и,CCONJ,,cc,,,,,0.0256724609543988,NONE
налоги,NOUN,,conj,Nom,Masc,Plur,Inan,0.0151230025877287,NONE
подлежат,VERB,,acl:relcl,,,Plur,,-0.2372965504963368,NONE
возмещению,NOUN,,iobj,Dat,Neut,Sing,Inan,0.0960370281249053,NONE
),PUNCT,,punct,,,,,-0.1556454357339539,NONE
и,CCONJ,,cc,,,,,0.1159946956873545,NONE
только,PART,,advmod,,,,,0.0484874991681346,NONE
за,ADP,,case,,,,,0.0711696836895518,NONE
текущий,ADJ,,amod,Acc,Masc,Sing,Inan,0.0517250574567068,NONE
период,NOUN,,conj,Acc,Masc,Sing,Inan,0.0217336745585671,NONE
платной,ADJ,,amod,Gen,Fem,Sing,,0.053551472022432,NONE
подписки,NOUN,,nmod,Gen,Fem,Sing,Inan,0.0557430928329103,NONE
для,ADP,,case,,,,,-0.0047999393350029,NONE
данной,ADJ,,amod,Gen,Fem,Sing,,-0.0258016244698604,NONE
подписки,NOUN,,nmod,Gen,Fem,Sing,Inan,0.043101562555466,NONE
или,CCONJ,,cc,,,,,-0.0568498625937995,NONE
набора,NOUN,,conj,Gen,Masc,Sing,Inan,0.0389481547877163,NONE
подписок,NOUN,,nmod,Gen,Fem,Plur,Inan,0.0029547023908719,NONE
.,PUNCT,,punct,,,,,-0.5149184747801948,NONE
Вот,PART,,advmod,,,,,-0.0178087291241098,NONE
почему,ADV,,advmod,,,,,0.6753038500927091,NONE
дайверский,ADJ,,amod,Nom,Masc,Sing,,-0.0118257759618565,NONE
бизнес,NOUN,,nsubj,Nom,Masc,Sing,Inan,-0.032416340591497,NONE
Мэтта,PROPN,,nmod,Gen,Masc,Sing,Anim,0.2082664092351373,PER
Мьюниэра,PROPN,,flat:name,Gen,Masc,Sing,Anim,0.1368604640903338,PER
по-прежнему,ADV,,advmod,,,,,0.0933799144351545,NONE
процветает,VERB,,root,,,Sing,,0.0595013110138552,NONE
",",PUNCT,,punct,,,,,0.2859408326493303,NONE
даже,PART,,advmod,,,,,-0.0079918390375999,NONE
во,ADP,,case,,,,,-0.0363437766177767,NONE
время,NOUN,,fixed,Acc,Neut,Sing,Inan,-0.3435160927923781,NONE
пандемии,NOUN,,obl,Gen,Fem,Sing,Inan,0.2945720085246899,NONE
.,PUNCT,,punct,,,,,0.1399914041628771,NONE
Повторяется,VERB,,root,,,Sing,,0.2950901073792171,NONE
по,ADP,,case,,,,,0.0912852850242033,NONE
кругу,NOUN,,obl,Dat,Masc,Sing,Inan,0.1546322737344971,NONE
.,PUNCT,,punct,,,,,0.269723134666603,NONE
.,PUNCT,,punct,,,,,-0.0685793897807005,NONE
.,PUNCT,,punct,,,,,0.344493166022157,NONE
Шотландская,ADJ,,amod,Nom,Fem,Sing,,0.0049362314384382,NONE
турфирма,NOUN,,nsubj,Nom,Fem,Sing,Inan,-0.0822899678411217,NONE
Barrhead,PROPN,,flat:foreign,,,,,0.0183438470513893,ORG
Travel,PROPN,,flat:foreign,,,,,0.0691595092551098,ORG
протянула,VERB,,root,,Fem,Sing,,0.0728897188035848,NONE
руку,NOUN,,obj,Acc,Fem,Sing,Inan,0.0088090007136394,NONE
помощи,NOUN,,nmod,Gen,Fem,Sing,Inan,-0.0301363709571092,NONE
десяткам,NOUN,,iobj,Dat,Masc,Plur,Inan,0.031154965962326,NONE
сотрудников,NOUN,,nmod,Gen,Masc,Plur,Anim,-0.0994081660634415,NONE
Thomas,PROPN,,flat:foreign,,,,,-0.0351963665385924,ORG
Cook,PROPN,,flat:foreign,,,,,0.1127647386495594,ORG
",",PUNCT,,punct,,,,,-0.0513765280590996,NONE
потерявшим,VERB,,acl,Dat,,Plur,,0.6024724608105494,NONE
работу,NOUN,,obj,Acc,Fem,Sing,Inan,0.1247637612289171,NONE
после,ADP,,case,,,,,0.0066372470638061,NONE
недавнего,ADJ,,amod,Gen,Masc,Sing,,0.0349065603195013,NONE
краха,NOUN,,obl,Gen,Masc,Sing,Inan,-0.0278204517715075,NONE
компании,NOUN,,nmod,Gen,Fem,Sing,Inan,-0.2554668530600515,NONE
",",PUNCT,,punct,,,,,-0.0455081283636253,NONE
открыв,VERB,,advcl,,,,,0.1201081613924889,NONE
100,NUM,,nummod,,,,,-0.0792723638776471,NONE
вакансий,NOUN,,obl,Gen,Fem,Plur,Inan,0.0544404080814794,NONE
в,ADP,,case,,,,,0.0270729167106648,NONE
34,NUM,,nummod,,,,,0.0791387761879863,NONE
своих,DET,,det,Loc,,Plur,,0.0589543971835278,NONE
фирменных,ADJ,,amod,Loc,,Plur,,-0.0772370755373411,NONE
магазинах,NOUN,,nmod,Loc,Masc,Plur,Inan,0.1146505514875773,NONE
.,PUNCT,,punct,,,,,0.3699033270126822,NONE
Пожалуйста,ADV,,parataxis,,,,,0.1754465940046145,NONE
",",PUNCT,,punct,,,,,0.2218829636727046,NONE
убедитесь,VERB,,root,,,Plur,,0.0742504291064787,NONE
",",PUNCT,,punct,,,,,0.1508369434987756,NONE
что,SCONJ,,mark,,,,,0.270092427510141,NONE
в,ADP,,case,,,,,-0.1001914523986,NONE
вашем,DET,,det,Loc,Masc,Sing,,-0.0237319114056199,NONE
заказе,NOUN,,obl,Loc,Masc,Sing,Inan,0.1652372815618643,NONE
указан,VERB,,ccomp,,Masc,Sing,,0.0085669304346749,NONE
корректный,ADJ,,amod,Nom,Masc,Sing,,0.2381711072754037,NONE
почтовый,ADJ,,amod,Nom,Masc,Sing,,0.2676700374348413,NONE
адрес,NOUN,,nsubj:pass,Nom,Masc,Sing,Inan,0.1711567560441814,NONE
.,PUNCT,,punct,,,,,0.2041182612197769,NONE
Но,CCONJ,,cc,,,,,-0.2635289638366532,NONE
серия,NOUN,,nsubj,Nom,Fem,Sing,Inan,-0.4298482472023458,NONE
недавно,ADV,,advmod,,,,,0.2377797669461179,NONE
введенных,VERB,,acl,Gen,,Plur,,-0.023124778385337,NONE
и,CCONJ,,cc,,,,,-0.1319762716691633,NONE
ожидающих,VERB,,conj,Gen,,Plur,,0.1927737091908849,NONE
рассмотрения,NOUN,,obj,Gen,Neut,Sing,Inan,0.0485555449144996,NONE
в,ADP,,case,,,,,0.0151650228767326,NONE
парламенте,NOUN,,nmod,Loc,Masc,Sing,Inan,0.0387554397268428,NONE
Австралии,PROPN,,nmod,Gen,Fem,Sing,Inan,0.2897871811930077,LOC
мер,NOUN,,nmod,Gen,Fem,Plur,Inan,0.0221482319845139,NONE
вызывает,VERB,,root,,,Sing,,-0.0478034402145565,NONE
опасения,NOUN,,obj,Acc,Neut,Plur,Inan,0.0444964051996196,NONE
по,ADP,,case,,,,,0.0798519411110409,NONE
поводу,NOUN,,fixed,Dat,Masc,Sing,Inan,-0.0106355375510426,NONE
нашего,DET,,det,Gen,Masc,Sing,,0.0804990519628222,NONE
собственного,ADJ,,amod,Gen,Masc,Sing,,0.028540072875708,NONE
",",PUNCT,,punct,,,,,0.2576529528834178,NONE
доморощенного,ADJ,,conj,Gen,Masc,Sing,,0.3400546570664393,NONE
авторитаризма,NOUN,,nmod,Gen,Masc,Sing,Inan,0.0870028853229312,NONE
.,PUNCT,,punct,,,,,0.1391395757462329,NONE
Александра,PROPN,,nsubj,Nom,Fem,Sing,Anim,-0.1025550934617166,PER
Пелоси,PROPN,,appos,Nom,Fem,Sing,Anim,0.1634522162861199,PER
",",PUNCT,,punct,,,,,0.1197357297411378,NONE
сестра,NOUN,,appos,Nom,Fem,Sing,Anim,0.1051694510287525,NONE
Пелоси,PROPN,,nmod,Gen,Masc,Sing,Anim,0.0230070935711223,PER
",",PUNCT,,punct,,,,,0.2290908629815309,NONE
-,PUNCT,,punct,,,,,0.1302028036077398,NONE
режиссер,NOUN,,root,Nom,Masc,Sing,Anim,0.1086383989972938,NONE
",",PUNCT,,punct,,,,,0.1023902020779097,NONE
журналист,NOUN,,conj,Nom,Masc,Sing,Anim,0.2591018599281328,NONE
и,CCONJ,,cc,,,,,-0.5216061861751998,NONE
автор,NOUN,,conj,Nom,Masc,Sing,Anim,-0.0110398431775525,NONE
нескольких,NUM,,nummod,Gen,,,,-0.1389012989935716,NONE
документальных,ADJ,,amod,Gen,,Plur,,0.1911107522489151,NONE
фильмов,NOUN,,nmod,Gen,Masc,Plur,Inan,0.0891391863744768,NONE
о,ADP,,case,,,,,-0.1819755282330473,NONE
современной,ADJ,,amod,Loc,Fem,Sing,,0.1833635380299251,NONE
политике,NOUN,,nmod,Loc,Fem,Sing,Inan,-0.1510351425923528,NONE
.,PUNCT,,punct,,,,,-0.0535271158340707,NONE
Компания,NOUN,,nsubj,Nom,Fem,Sing,Inan,-0.2263339741013574,NONE
находится,VERB,,root,,,Sing,,0.0417918995697199,NONE
в,ADP,,case,,,,,-0.0095359515411265,NONE
эпицентре,NOUN,,obl,Loc,Masc,Sing,Inan,0.2534402243754914,NONE
дипломатического,ADJ,,amod,Gen,Masc,Sing,,0.0153437626241205,NONE
скандала,NOUN,,nmod,Gen,Masc,Sing,Inan,0.294281016039649,NONE
более,ADV,,advmod,,,,,-0.0645596934792105,NONE
полутора,NUM,,nummod,Gen,,,,-0.0113160418004099,NONE
лет,NOUN,,obl,Gen,Masc,Plur,Inan,0.0491247542695479,NONE
с,ADP,,case,,,,,0.1158620995221961,NONE
момента,NOUN,,nmod,Gen,Masc,Sing,Inan,-0.0269211425520918,NONE
ареста,NOUN,,nmod,Gen,Masc,Sing,Inan,0.2457442714163396,NONE
финансового,ADJ,,amod,Gen,Masc,Sing,,-0.0646743787715798,NONE
директора,NOUN,,nmod,Gen,Masc,Sing,Anim,-0.0059296531455651,NONE
Huawei,PROPN,,flat:foreign,,,,,0.0749009101568355,ORG
Мэн,PROPN,,appos,Gen,Masc,Sing,Anim,0.1892312205027102,PER
Ваньчжоу,PROPN,,flat:name,Gen,Masc,Sing,Anim,0.1575077595354316,PER
в,ADP,,case,,,,,0.0340023766490733,NONE
декабре,NOUN,,nmod,Loc,Masc,Sing,Inan,0.1167079626186616,NONE
2018,ADJ,,amod,,,,,0.2652330777443911,NONE
года,NOUN,,nmod,Gen,Masc,Sing,Inan,-0.0186862387166114,NONE
в,ADP,,case,,,,,-0.0196179715035839,NONE
Канаде,PROPN,,nmod,Loc,Fem,Sing,Inan,0.3194852621651299,LOC
по,ADP,,case,,,,,0.1362269583710462,NONE
ордеру,NOUN,,nmod,Dat,Masc,Sing,Inan,0.0260857788084654,NONE
на,ADP,,case,,,,,0.5115017712806705,NONE
арест,NOUN,,nmod,Acc,Masc,Sing,Inan,-0.2653968117756548,NONE
из,ADP,,case,,,,,-0.0309032281565208,NONE
США,PROPN,,nmod,Gen,,Plur,Inan,0.1208590723591002,LOC
.,PUNCT,,punct,,,,,-0.005122684389256,NONE
В,ADP,,case,,,,,0.0701553523317598,NONE
настоящий,ADJ,,amod,Acc,Masc,Sing,Inan,0.2111525774500542,NONE
момент,NOUN,,obl,Acc,Masc,Sing,Inan,0.0943431547719185,NONE
в,ADP,,case,,,,,-0.0170358402931021,NONE
требованиях,NOUN,,obl,Loc,Neut,Plur,Inan,0.1131757333109913,NONE
для,ADP,,case,,,,,-0.0604994642796089,NONE
пересечения,NOUN,,nmod,Gen,Neut,Sing,Inan,0.0425335683788229,NONE
сухопутной,ADJ,,amod,Gen,Fem,Sing,,0.057982089499695,NONE
границы,NOUN,,nmod,Gen,Fem,Sing,Inan,-0.0227691959698232,NONE
между,ADP,,case,,,,,-0.0364740322480844,NONE
Болгарией,PROPN,,nmod,Ins,Fem,Sing,Inan,0.0256055377366749,LOC
и,CCONJ,,cc,,,,,0.0095321217349382,NONE
Грецией,PROPN,,conj,Ins,Fem,Sing,Inan,-0.0468665469245373,LOC
нет,VERB,,root,,,Sing,,0.0029661095105195,NONE
изменений,NOUN,,nsubj,Gen,Neut,Plur,Inan,0.0315120134063564,NONE
.,PUNCT,,punct,,,,,0.1082492833739033,NONE
«Независимо,ADV,,advmod,,,,,0.0552360130201109,NONE
от,ADP,,case,,,,,0.1242807101231104,NONE
гражданства,NOUN,,obl,Gen,Neut,Sing,Inan,0.0699440438939029,NONE
",",PUNCT,,punct,,,,,0.2051224239373441,NONE
путешествующие,VERB,,nsubj,Nom,,Plur,,0.1807591748193876,NONE
в,ADP,,case,,,,,0.0087982547798567,NONE
Грецию,PROPN,,obl,Acc,Fem,Sing,Inan,0.0863747977736774,LOC
через,ADP,,case,,,,,-0.0648637836634153,NONE
сухопутную,ADJ,,amod,Acc,Fem,Sing,,0.0116253903079281,NONE
границу,NOUN,,obl,Acc,Fem,Sing,Inan,-0.0163367803567444,NONE
должны,ADJ,,root,,,Plur,,0.0009426688683357,NONE
также,ADV,,advmod,,,,,-0.0242549935993124,NONE
заполнить,VERB,,xcomp,,,,,-0.0424377046039937,NONE
электронную,ADJ,,amod,Acc,Fem,Sing,,0.0126454703369917,NONE
форму,NOUN,,obj,Acc,Fem,Sing,Inan,0.0101488731654295,NONE
уведомления,NOUN,,nmod,Gen,Neut,Sing,Inan,0.0218866265774955,NONE
о,ADP,,case,,,,,0.0026635802631593,NONE
местонахождении,NOUN,,nmod,Loc,Neut,Sing,Inan,0.057947899025488,NONE
пассажира,NOUN,,nmod,Gen,Masc,Sing,Anim,0.1591174882747384,NONE
(,PUNCT,,punct,,,,,0.0280348375175812,NONE
ФУМП,PROPN,,parataxis,Nom,Masc,Sing,Inan,0.0246204986040629,NONE
),PUNCT,,punct,,,,,0.0823958993193105,NONE
как,SCONJ,,advmod,,,,,-0.0415290643313055,NONE
минимум,NOUN,,fixed,Acc,Masc,Sing,Inan,0.0179255528068295,NONE
за,ADP,,case,,,,,-0.010939032865068,NONE
24,NUM,,nummod,,,,,0.0499038708583723,NONE
часа,NOUN,,obl,Gen,Masc,Sing,Inan,0.0298914457014921,NONE
до,ADP,,case,,,,,0.0512632194226699,NONE
прибытия»,NOUN,,nmod,Gen,Neut,Plur,Inan,0.0462041136771441,NONE
",",PUNCT,,punct,,,,,0.2448448614425714,NONE
-,PUNCT,,punct,,,,,0.218941352074109,NONE
пояснили,VERB,,parataxis,,,Plur,,-0.0308282817856694,NONE
в,ADP,,case,,,,,0.1176175970343758,NONE
Министерстве,PROPN,,obl,Loc,Neut,Sing,Inan,0.0286754368393359,ORG
иностранных,ADJ,,amod,Gen,,Plur,,-0.0070991703185913,ORG
дел,NOUN,,nmod,Gen,Neut,Plur,Inan,0.0021357064008664,ORG
.,PUNCT,,punct,,,,,0.1760264643071139,NONE
Иностранные,ADJ,,amod,Nom,,Plur,,0.1109697106594027,NONE
силы,NOUN,,nsubj,Nom,Fem,Plur,Inan,0.0930974608675609,NONE
также,ADV,,advmod,,,,,-0.2693755681327162,NONE
выражают,VERB,,root,,,Plur,,0.2617846709197579,NONE
опасения,NOUN,,obj,Acc,Neut,Plur,Inan,0.273314792513436,NONE
",",PUNCT,,punct,,,,,0.3103977091683246,NONE
что,SCONJ,,mark,,,,,0.4272881404594268,NONE
общий,ADJ,,amod,Nom,Masc,Sing,,-0.0122397308911277,NONE
курс,NOUN,,nsubj,Nom,Masc,Sing,Inan,0.0342412396913564,NONE
на,ADP,,case,,,,,0.1112968796077712,NONE
демократию,NOUN,,nmod,Acc,Fem,Sing,Inan,0.2438195419249671,NONE
может,VERB,,acl,,,Sing,,0.2921305129260979,NONE
измениться,VERB,,xcomp,,,,,0.0627824843700613,NONE
.,PUNCT,,punct,,,,,0.3999531927967755,NONE
Мы,PRON,,nsubj,Nom,,Plur,,0.4711267120129846,NONE
плаваем,VERB,,root,,,Plur,,0.1358652212102362,NONE
",",PUNCT,,punct,,,,,0.0361526366017125,NONE
катаемся,VERB,,conj,,,Plur,,0.0697406432497741,NONE
на,ADP,,case,,,,,-0.0652867679274414,NONE
доске,NOUN,,obl,Loc,Fem,Sing,Inan,0.0063044639760331,NONE
или,CCONJ,,cc,,,,,0.1025179663088317,NONE
гуляем,VERB,,conj,,,Plur,,0.1782832420281723,NONE
по,ADP,,case,,,,,0.1189259387870259,NONE
Аббатству,PROPN,,obl,Dat,Neut,Sing,Inan,0.0290995058936928,PER
Кварр,PROPN,,appos,Nom,Masc,Sing,Inan,0.0086735033254395,PER
",",PUNCT,,punct,,,,,0.0920144214991812,NONE
напоминающему,VERB,,acl,Dat,Masc,Sing,,0.1259462394023816,NONE
сцену,NOUN,,obj,Acc,Fem,Sing,Inan,0.1035845470331344,NONE
из,ADP,,case,,,,,-0.0412555441376209,NONE
Игры,PROPN,,nmod,Gen,Fem,Sing,Inan,0.0606293303509984,NONE
Престолов,PROPN,,nmod,Gen,Masc,Plur,Inan,-0.0133754672040184,NONE
.,PUNCT,,punct,,,,,0.74158186748434,NONE
В,ADP,,case,,,,,0.49268127928902,NONE
новом,ADJ,,amod,Loc,Masc,Sing,,0.5665003385039475,NONE
законопроекте,NOUN,,obl,Loc,Masc,Sing,Inan,0.1320188703953493,NONE
право,NOUN,,nsubj:pass,Nom,Neut,Sing,Inan,-0.2802324170367636,NONE
судьи,NOUN,,nmod,Gen,Masc,Sing,Anim,-0.0333553639275527,NONE
принимать,VERB,,obl,,,,,0.1675764921011621,NONE
решение,NOUN,,obj,Acc,Neut,Sing,Inan,0.0073026637774622,NONE
о,ADP,,case,,,,,-0.0192681287817624,NONE
выдаче,NOUN,,nmod,Loc,Fem,Sing,Inan,-0.1851958892892536,NONE
ордера,NOUN,,nmod,Gen,Masc,Sing,Inan,0.1766591457042314,NONE
на,ADP,,case,,,,,0.1733085817155306,NONE
допрос,NOUN,,nmod,Acc,Masc,Sing,Inan,0.2005751773570604,NONE
передано,VERB,,root,,Neut,Sing,,0.0480564497353027,NONE
Генеральному,ADJ,,amod,Dat,Masc,Sing,,0.1886222158063873,NONE
прокурору,NOUN,,iobj,Dat,Masc,Sing,Anim,0.1946794040699311,NONE
.,PUNCT,,punct,,,,,-0.0835777820562612,NONE
Тогда,ADV,,advmod,,,,,0.060532787374475,NONE
банк,NOUN,,nsubj,Nom,Masc,Sing,Inan,-0.0213019766750138,NONE
обязали,VERB,,root,,,Plur,,0.090301047020929,NONE
выплатить,VERB,,xcomp,,,,,-0.0460749692039201,NONE
около,ADP,,case,,,,,-0.1037521509402126,NONE
1,NUM,,nummod,,,,,0.01052181605699,NONE
",",PUNCT,,punct,,,,,0.2719676367819935,NONE
9,NUM,,conj,,,,,-0.0592198912482817,NONE
млрд,NOUN,,nummod,Gen,Masc,Plur,Inan,-0.0042455356120546,NONE
.,PUNCT,,punct,,,,,0.0569572647331585,NONE
долларов,NOUN,,obl,Gen,Masc,Plur,Inan,0.0620904014054307,NONE
штрафа,NOUN,,nmod,Gen,Masc,Sing,Inan,0.164006502966279,NONE
и,CCONJ,,cc,,,,,0.0115637137549819,NONE
не,PART,,advmod,,,,,0.1680942857854141,NONE
допускать,VERB,,conj,,,,,0.1063001125031614,NONE
подобных,ADJ,,amod,Gen,,Plur,,-0.0155461006965171,NONE
нарушений,NOUN,,obl,Gen,Neut,Plur,Inan,0.0300115137062993,NONE
в,ADP,,case,,,,,0.487541325806346,NONE
будущем,NOUN,,obl,Loc,Neut,Sing,Inan,0.5002966512023121,NONE
.,PUNCT,,punct,,,,,0.4492080404291591,NONE
В,ADP,,case,,,,,-0.4556939339618986,NONE
марте,NOUN,,obl,Loc,Masc,Sing,Inan,-0.0346335503771842,NONE
он,PRON,,nsubj,Nom,Masc,Sing,,-0.1771666091763588,NONE
потерял,VERB,,root,,Masc,Sing,,-0.0956258592993026,NONE
правительство,NOUN,,obj,Acc,Neut,Sing,Inan,-0.3048929184842692,PER
Камаля,PROPN,,nmod,Gen,Masc,Sing,Anim,-0.1007882127633813,PER
Нат-леда,PROPN,,flat:name,Gen,Masc,Sing,Anim,-0.0408877873406376,NONE
в,ADP,,case,,,,,-0.070932434924848,LOC
Мадхья-Прадеше,PROPN,,appos,Loc,Fem,Sing,Inan,0.0077611734389605,NONE
после,ADP,,case,,,,,0.0338098172284854,NONE
того,PRON,,obl,Gen,Neut,Sing,Inan,0.0056874423441787,NONE
",",PUNCT,,punct,,,,,0.0891742733655302,NONE
как,SCONJ,,mark,,,,,0.0512375385423533,PER
Джотирадитья,PROPN,,nsubj,Nom,Masc,Sing,Anim,0.0644118612474492,PER
Скиндиа,PROPN,,flat:name,Nom,Masc,Sing,Anim,0.0433309252232456,NONE
вместе,ADV,,advmod,,,,,-0.2763074274264039,NONE
с,ADP,,case,,,,,-0.1506693575141808,NONE
22,NUM,,nummod,,,,,-0.2371006421274341,NONE
ЧЗС,PROPN,,obl,Ins,Masc,Sing,Inan,-0.0421091058570687,NONE
присоединился,VERB,,acl,,Masc,Sing,,-0.0115408618770135,NONE
к,ADP,,case,,,,,-0.0672805926538549,ORG
БДП,PROPN,,obl,Dat,Neut,Sing,Inan,0.0889787088694268,NONE
.,PUNCT,,punct,,,,,0.0151886880359583,NONE
Поэтому,ADV,,advmod,,,,,-0.4507262919891091,NONE
вы,PRON,,nsubj,Nom,,Plur,,0.2952822732830785,NONE
можете,VERB,,root,,,Plur,,-0.0166055343697461,NONE
разместить,VERB,,xcomp,,,,,-0.0051524601113994,NONE
новый,ADJ,,amod,Acc,Masc,Sing,Inan,0.144344859091721,NONE
заказ,NOUN,,obj,Acc,Masc,Sing,Inan,0.3424667845848073,NONE
вместо,ADP,,case,,,,,-0.1048688657619969,NONE
этого,PRON,,obl,Gen,Neut,Sing,Inan,0.0062473764797199,NONE
.,PUNCT,,punct,,,,,0.561237699847256,NONE
Мелоди,PROPN,,nsubj,Nom,Fem,Sing,Anim,0.1473128640189309,NONE
переплетает,VERB,,root,,,Sing,,0.1003016068520361,NONE
истории,NOUN,,obj,Acc,Fem,Plur,Inan,-0.0306945906934273,NONE
из,ADP,,case,,,,,-0.1943034155134999,NONE
жизни,NOUN,,nmod,Gen,Fem,Sing,Inan,-0.2675726464346726,NONE
",",PUNCT,,punct,,,,,0.0691883375488746,NONE
победы,NOUN,,conj,Gen,Fem,Sing,Inan,0.2897277175043208,NONE
и,CCONJ,,cc,,,,,-0.2371054758945993,NONE
неудачи,NOUN,,conj,Gen,Fem,Sing,Inan,0.076161321070549,NONE
с,ADP,,case,,,,,0.0050018014966425,NONE
полезными,ADJ,,amod,Ins,,Plur,,-0.1898310777948666,NONE
уроками,NOUN,,obl,Ins,Masc,Plur,Inan,0.0298933512749752,NONE
",",PUNCT,,punct,,,,,0.0997530974175252,NONE
которые,PRON,,obj,Acc,,,,-0.0948745499972416,NONE
она,PRON,,nsubj,Nom,Fem,Sing,,-0.202184520064108,NONE
извлекла,VERB,,acl:relcl,,Fem,Sing,,0.1561303669077264,NONE
.,PUNCT,,punct,,,,,0.1860840022871592,NONE
Тактика,NOUN,,nsubj,Nom,Fem,Sing,Inan,-0.0714096413921508,NONE
"""",PUNCT,,punct,,,,,-0.0051897166403189,NONE
"""",PUNCT,,punct,,,,,0.0227831908145558,NONE
пан,NOUN,,appos,Nom,Masc,Sing,Anim,0.2007017111386417,NONE
или,CCONJ,,cc,,,,,-0.0894859048110104,NONE
пропал,VERB,,conj,,Masc,Sing,,0.0596593071035272,NONE
"""",PUNCT,,punct,,,,,-0.002732579473349,NONE
"""",PUNCT,,punct,,,,,0.0890829960818892,NONE
далека,ADJ,,root,,Fem,Sing,,0.0617987200784807,NONE
от,ADP,,case,,,,,-0.1438049233284968,NONE
стабильности,NOUN,,obl,Gen,Fem,Sing,Inan,-0.0016099038382266,NONE
",",PUNCT,,punct,,,,,0.0081073661982675,NONE
и,CCONJ,,cc,,,,,-0.0141773823725088,NONE
эту,DET,,det,Acc,Fem,Sing,,-0.0370392785421651,NONE
игру,NOUN,,obj,Acc,Fem,Sing,Inan,0.1095890349915015,NONE
Микель,PROPN,,nsubj,Nom,Masc,Sing,Anim,0.1009406156252724,PER
Артета,PROPN,,flat:name,Nom,Masc,Sing,Anim,0.1055996065692653,PER
назвал,VERB,,conj,,Masc,Sing,,-0.0014093249561053,NONE
"""",PUNCT,,punct,,,,,0.131317771390879,NONE
"""",PUNCT,,punct,,,,,0.235905317712435,NONE
похожей,ADJ,,obl,Ins,Fem,Sing,,0.0852654643909043,NONE
на,ADP,,case,,,,,0.1186944845845056,NONE
баскетбол,NOUN,,obl,Acc,Masc,Sing,Inan,0.0472928570667302,NONE
"""",PUNCT,,punct,,,,,0.0276130744612847,NONE
"""",PUNCT,,punct,,,,,0.02001167067698,NONE
",",PUNCT,,punct,,,,,-0.0068025149837107,NONE
хотя,SCONJ,,mark,,,,,0.0987783680565607,NONE
наблюдать,VERB,,csubj,,,,,0.0841473403428032,NONE
было,AUX,,cop,,Neut,Sing,,0.0923944180741243,NONE
",",PUNCT,,punct,,,,,0.1133053930627597,NONE
конечно,ADV,,parataxis,,,,,-0.0445508607623576,NONE
",",PUNCT,,punct,,,,,0.1818619240814588,NONE
весело,ADJ,,advcl,,Neut,Sing,,0.0314973575388191,NONE
.,PUNCT,,punct,,,,,-0.0105796506381886,NONE
"""",PUNCT,,root,,,,,0.2850065005257874,NONE
Реакция,NOUN,,nsubj,Nom,Fem,Sing,Inan,0.1360311894025476,NONE
Японии,PROPN,,nmod,Gen,Fem,Sing,Inan,0.2498341344985243,LOC
на,ADP,,case,,,,,-0.1855891708439509,NONE
недавние,ADJ,,amod,Acc,,Plur,Inan,0.0437383508874149,NONE
испытания,NOUN,,nmod,Acc,Neut,Plur,Inan,-0.364920429634852,NONE
",",PUNCT,,punct,,,,,-0.1136666871946901,NONE
проведенные,VERB,,acl,Acc,,Plur,Inan,-0.0467883214668128,NONE
Северной,PROPN,,amod,,,,,0.266406759856279,LOC
Кореей,PROPN,,obl,Ins,Fem,Sing,Inan,0.1387567374629353,LOC
",",PUNCT,,punct,,,,,0.2300091007309704,NONE
контрастирует,VERB,,root,,,Sing,,0.3451411897054217,NONE
со,ADP,,case,,,,,0.0200128107571501,NONE
сдержанной,ADJ,,amod,Ins,Fem,Sing,,0.1428874000423773,NONE
реакцией,NOUN,,obl,Ins,Fem,Sing,Inan,0.2332173296092419,NONE
США,PROPN,,nmod,Gen,,Plur,Inan,-0.1166830259723058,LOC
.,PUNCT,,punct,,,,,0.2184162492919545,NONE
Я,PRON,,nsubj,Nom,,Sing,,-0.377704681312722,NONE
рад,ADJ,,root,,Masc,Sing,,0.0196993332226127,NONE
",",PUNCT,,punct,,,,,0.2313215569651207,NONE
что,SCONJ,,mark,,,,,0.1346257787404173,NONE
теперь,ADV,,advmod,,,,,-0.0125867024419346,NONE
вы,PRON,,nsubj,Nom,,Plur,,-0.4476732581810888,NONE
имеете,VERB,,ccomp,,,Plur,,0.7204404630176422,NONE
доступ,NOUN,,obj,Acc,Masc,Sing,Inan,-0.1361247842226218,NONE
к,ADP,,case,,,,,0.0327706741620417,NONE
своей,DET,,det,Dat,Fem,Sing,,-0.1082121271981205,NONE
электронной,ADJ,,amod,Dat,Fem,Sing,,-0.0310976380912774,NONE
книге,NOUN,,nmod,Dat,Fem,Sing,Inan,0.0164033418824528,NONE
!,PUNCT,,punct,,,,,-0.0092857005418482,NONE
!,PUNCT,,punct,,,,,-0.0129801763399552,NONE
Хотя,SCONJ,,mark,,,,,-0.2817656149671463,NONE
был,AUX,,aux:pass,,Masc,Sing,,0.0553707592251721,NONE
достигнут,VERB,,advcl,,Masc,Sing,,-0.2357800091229094,NONE
значительный,ADJ,,amod,Nom,Masc,Sing,,0.0906283625422788,NONE
прогресс,NOUN,,nsubj:pass,Nom,Masc,Sing,Inan,-0.263121834829551,NONE
в,ADP,,case,,,,,0.0237314531539883,NONE
обмене,NOUN,,nmod,Loc,Masc,Sing,Inan,0.4232833664332103,NONE
пленников,NOUN,,nmod,Gen,Masc,Plur,Anim,0.1879662303605988,NONE
",",PUNCT,,punct,,,,,0.4979592927157742,NONE
проблема,NOUN,,nsubj,Nom,Fem,Sing,Inan,0.1415296524537785,NONE
требует,VERB,,root,,,Sing,,0.1076658610125736,NONE
дополнительных,ADJ,,amod,Gen,,Plur,,-0.0221838680918958,NONE
усилий,NOUN,,obl,Gen,Neut,Plur,Inan,0.4011366868328787,NONE
для,ADP,,case,,,,,0.1307218083159428,NONE
полного,ADJ,,amod,Gen,Neut,Sing,,-0.083074198246826,NONE
разрешения,NOUN,,nmod,Gen,Neut,Sing,Inan,0.134660731446319,NONE
Лисы,NOUN,,nsubj,Nom,Masc,Plur,Anim,0.15502598957659,NONE
были,AUX,,cop,,,Plur,,0.0045328564858321,NONE
на,ADP,,case,,,,,-0.0471131243202505,NONE
втором,ADJ,,amod,Loc,Neut,Sing,,-0.0968137881646771,NONE
месте,NOUN,,root,Loc,Neut,Sing,Inan,-0.076410801351432,NONE
в,ADP,,case,,,,,0.0038534650468261,NONE
декабре,NOUN,,nmod,Loc,Masc,Sing,Inan,0.0214587749433316,NONE
и,CCONJ,,cc,,,,,-0.039594301957347,NONE
на,ADP,,case,,,,,0.0271905325420037,NONE
третьем,ADJ,,conj,Loc,Masc,Sing,,0.0684481714406492,NONE
",",PUNCT,,punct,,,,,0.0999068987884423,NONE
когда,SCONJ,,mark,,,,,0.0912150975604546,NONE
матчи,NOUN,,nsubj,Nom,Masc,Plur,Inan,0.0004573168876874,NONE
продолжились,VERB,,advcl,,,Plur,,0.0404697551973881,NONE
после,ADP,,case,,,,,0.0729003314976104,NONE
локдауна,NOUN,,obl,Gen,Masc,Sing,Inan,0.0669191766166901,NONE
",",PUNCT,,punct,,,,,0.2130109904600563,NONE
но,CCONJ,,cc,,,,,0.0918907366909535,NONE
за,ADP,,case,,,,,-0.0157602721860813,NONE
последние,ADJ,,amod,Acc,,Plur,Inan,0.0178346324182967,NONE
пять,NUM,,nummod:gov,Acc,,,,-0.1051836351847122,NONE
игр,NOUN,,obl,Gen,Fem,Plur,Inan,-0.0225284815201825,NONE
они,PRON,,nsubj,Nom,,Plur,,0.0430289433905231,NONE
заработали,VERB,,conj,,,Plur,,0.0094354044175802,NONE
всего,PART,,advmod,,,,,0.0199198748979556,NONE
четыре,NUM,,nummod,Acc,,,Inan,-0.0765451233340443,NONE
очка,NOUN,,obl,Gen,Neut,Sing,Inan,-0.1314653646496876,NONE
и,CCONJ,,cc,,,,,0.0972927995871464,NONE
финишировали,VERB,,conj,,,Plur,,0.0691869132309255,NONE
в,ADP,,case,,,,,0.1449747784569205,NONE
Премьер-лиге,NOUN,,obl,Loc,Fem,Sing,Inan,0.0390567166977741,ORG
на,ADP,,case,,,,,0.1352308130211074,NONE
пятом,ADJ,,amod,Loc,Neut,Sing,,0.1598293107297439,NONE
месте,NOUN,,obl,Loc,Neut,Sing,Inan,0.1108315439596804,NONE
.,PUNCT,,punct,,,,,-0.6057381193399991,NONE
Вы,PRON,,nsubj,Nom,,Plur,,-0.0823402771869579,NONE
выполнили,VERB,,root,,,Plur,,0.6066137671240298,NONE
2,NUM,,nummod,,,,,-0.4179733877326648,NONE
процедуры,NOUN,,obl,Gen,Fem,Sing,Inan,0.0862032062133843,NONE
?,PUNCT,,punct,,,,,0.6191499745443595,NONE
Это,PRON,,nsubj,Nom,Neut,Sing,Inan,-0.0061993463440175,NONE
не,PART,,advmod,,,,,-0.2798681208335033,NONE
первое,ADJ,,amod,Nom,Neut,Sing,,0.1673738761344544,NONE
исследование,NOUN,,root,Nom,Neut,Sing,Inan,0.1138950767716643,NONE
",",PUNCT,,punct,,,,,0.314868326543842,NONE
которое,PRON,,nsubj,Nom,,,,0.132316481322951,NONE
пытается,VERB,,acl:relcl,,,Sing,,0.0311027537558866,NONE
выяснить,VERB,,xcomp,,,,,0.0577613591888045,NONE
связь,NOUN,,obj,Acc,Fem,Sing,Inan,-0.0002509304835748,NONE
между,ADP,,case,,,,,-0.0410088044729871,NONE
загрязнением,NOUN,,nmod,Ins,Neut,Sing,Inan,-0.0091186347390789,NONE
воздуха,NOUN,,nmod,Gen,Masc,Sing,Inan,0.1326708158905157,NONE
и,CCONJ,,cc,,,,,0.0403236826734069,NONE
детской,ADJ,,amod,Ins,Fem,Sing,,-0.0256787167166115,NONE
смертностью,NOUN,,conj,Ins,Fem,Sing,Inan,0.198779103507079,NONE
",",PUNCT,,punct,,,,,-0.0021718158807555,NONE
но,CCONJ,,cc,,,,,0.2743182721543556,NONE
это,DET,,det,Nom,Neut,Sing,,-0.0490039007900985,NONE
исследование,NOUN,,nsubj,Nom,Neut,Sing,Inan,0.0960074345926023,NONE
обращает,VERB,,conj,,,Sing,,0.1105716536966604,NONE
особое,ADJ,,amod,Acc,Neut,Sing,,0.2024257621152259,NONE
внимание,NOUN,,obj,Acc,Neut,Sing,Inan,0.0145313413025399,NONE
на,ADP,,case,,,,,-0.1439668811296908,NONE
определенные,ADJ,,amod,Acc,,Plur,Inan,0.070335317416119,NONE
вредные,ADJ,,amod,Acc,,Plur,Inan,0.0871648110456749,NONE
вещества,NOUN,,obl,Acc,Neut,Plur,Inan,-0.0383472846822434,NONE
и,CCONJ,,cc,,,,,-0.0138510065204317,NONE
анализирует,VERB,,conj,,,Sing,,0.0270529203296505,NONE
их,DET,,det,,,,,-0.0215495120397904,NONE
влияние,NOUN,,obj,Acc,Neut,Sing,Inan,0.0269065412747395,NONE
на,ADP,,case,,,,,-0.0939997367516681,NONE
разных,ADJ,,amod,Loc,,Plur,,0.0700920514236902,NONE
этапах,NOUN,,nmod,Loc,Masc,Plur,Inan,0.1861886662623555,NONE
развития,NOUN,,nmod,Gen,Neut,Sing,Inan,0.1428513203332309,NONE
ребенка,NOUN,,nmod,Gen,Masc,Sing,Anim,-0.0013684817246837,NONE
.,PUNCT,,punct,,,,,-0.0833638932051734,NONE
Пожарные,NOUN,,nsubj,Nom,Masc,Plur,Anim,-0.1533067828086179,NONE
достигли,VERB,,root,,,Plur,,0.1918304080025412,NONE
успехов,NOUN,,obl,Gen,Masc,Plur,Inan,0.2420720039052336,NONE
в,ADP,,case,,,,,0.140829171617673,NONE
борьбе,NOUN,,nmod,Loc,Fem,Sing,Inan,0.3490929798955334,NONE
с,ADP,,case,,,,,0.4738995534424485,NONE
возгораниями,NOUN,,nmod,Ins,Neut,Plur,Inan,0.2450339300981467,NONE
в,ADP,,case,,,,,-0.0643190195470657,NONE
округе,NOUN,,nmod,Loc,Masc,Sing,Inan,0.2175796113024839,NONE
Лассен,PROPN,,appos,Nom,Masc,Sing,Inan,0.1292576717495248,LOC
Правительство,NOUN,,nsubj,Nom,Neut,Sing,Inan,-0.0481417477964869,NONE
Гехлота,PROPN,,nmod,Gen,Masc,Sing,Anim,0.0351522447618725,LOC
находится,VERB,,root,,,Sing,,-0.0831510765685503,NONE
в,ADP,,case,,,,,0.0325270575995389,NONE
глубоком,ADJ,,amod,Loc,Masc,Sing,,-0.0380791898290978,NONE
кризисе,NOUN,,obl,Loc,Masc,Sing,Inan,0.0824770706690136,NONE
после,ADP,,case,,,,,0.0823355538720457,NONE
того,PRON,,obl,Gen,Neut,Sing,Inan,-0.2159142725710975,NONE
",",PUNCT,,punct,,,,,-0.020321900689227,NONE
как,SCONJ,,mark,,,,,-0.0586306783040741,NONE
против,ADP,,case,,,,,0.1317002043303729,NONE
него,PRON,,obl,Gen,Masc,Sing,,0.236241767677076,NONE
выступил,VERB,,acl,,Masc,Sing,,-0.016105605679195,NONE
его,PRON,,nmod,Gen,Masc,Sing,,0.2033999615092528,NONE
заместитель,NOUN,,nsubj,Nom,Masc,Sing,Anim,-0.0698888633168883,NONE
Сачин,PROPN,,appos,Nom,Masc,Sing,Anim,0.0909725607979917,PER
Пилот,PROPN,,flat:name,Nom,Masc,Sing,Anim,0.0207737943726078,PER
при,ADP,,case,,,,,-0.0629555137155308,NONE
поддержке,NOUN,,obl,Loc,Fem,Sing,Inan,-0.1545174348145707,NONE
части,NOUN,,nmod,Gen,Fem,Sing,Inan,-0.1434551606592537,NONE
членов,NOUN,,nmod,Gen,Masc,Plur,Anim,0.0239576351953039,NONE
Законодательного,ADJ,,amod,Gen,Neut,Sing,,0.1788409208283356,ORG
собрания,NOUN,,nmod,Gen,Neut,Sing,Inan,0.0011530278214489,ORG
.,PUNCT,,punct,,,,,0.7234514494673653,NONE
Мы,PRON,,nsubj,Nom,,Plur,,-0.1054766615319975,NONE
знаем,VERB,,root,,,Plur,,0.1356173283991179,NONE
",",PUNCT,,punct,,,,,0.0196601598014936,NONE
что,SCONJ,,mark,,,,,0.3781612811971204,NONE
он,PRON,,nsubj,Nom,Masc,Sing,,0.0838442458074295,NONE
известен,ADJ,,ccomp,,Masc,Sing,,-0.0347892657497078,NONE
во,ADP,,case,,,,,-0.0619582504969191,NONE
всем,DET,,det,Loc,Masc,Sing,,-0.0073585568298592,NONE
мире,NOUN,,obl,Loc,Masc,Sing,Inan,0.0179700143533333,NONE
",",PUNCT,,punct,,,,,0.0585635319527514,NONE
и,CCONJ,,cc,,,,,-0.0984094911502465,NONE
это,PRON,,nsubj,Nom,Neut,Sing,Inan,0.0673706655728403,NONE
чудесно,ADJ,,conj,,Neut,Sing,,0.0884895035986088,NONE
",",PUNCT,,punct,,,,,0.2014904306249062,NONE
что,SCONJ,,mark,,,,,0.5226796013423999,NONE
скоро,ADV,,advmod,,,,,-0.0725160306987064,NONE
начнутся,VERB,,ccomp,,,Plur,,0.0846106665475172,NONE
работы,NOUN,,nsubj,Nom,Fem,Plur,Inan,0.022442398883516,NONE
по,ADP,,case,,,,,-0.0586729534665847,NONE
его,PRON,,nmod,Gen,Masc,Sing,,0.0663788459838436,NONE
реставрации,NOUN,,nmod,Dat,Fem,Sing,Inan,-0.0190446697680147,NONE
",",PUNCT,,punct,,,,,-0.1619840182498783,NONE
—,PUNCT,,punct,,,,,-0.3758076254745354,NONE
отметила,VERB,,parataxis,,Fem,Sing,,-0.1018546727906712,NONE
она,PRON,,nsubj,Nom,Fem,Sing,,-0.0502117364364359,NONE
.,PUNCT,,punct,,,,,-0.3357820008416329,NONE
Среди,ADP,,case,,,,,0.0196839088296383,NONE
похожих,ADJ,,amod,Gen,,Plur,,0.2119055673729998,NONE
мест,NOUN,,root,Gen,Neut,Plur,Inan,-0.0316800592349043,NONE
в,ADP,,case,,,,,-0.1361698154044444,NONE
регионе,NOUN,,nmod,Loc,Masc,Sing,Inan,-0.0399039329817349,NONE
-,PUNCT,,punct,,,,,0.1460997837509935,NONE
восточная,ADJ,,amod,Nom,Fem,Sing,,-0.0127277197941596,NONE
провинция,NOUN,,nsubj,Nom,Fem,Sing,Inan,0.2644634258918766,NONE
Эль-Джубайль,PROPN,,appos,Nom,Masc,Sing,Inan,0.0598611731534404,LOC
в,ADP,,case,,,,,-0.05245145194146,NONE
Саудовской,PROPN,,amod,,,,,0.026138660675599,LOC
Аравии,PROPN,,nmod,Loc,Fem,Sing,Inan,0.2044117517929615,LOC
и,CCONJ,,cc,,,,,0.0044160768360009,NONE
две,NUM,,nummod:gov,Nom,Fem,,,-0.1068628931604812,NONE
церкви,NOUN,,conj,Gen,Fem,Sing,Inan,-0.0565921069896584,NONE
на,ADP,,case,,,,,-0.0668047837990363,NONE
острове,NOUN,,nmod,Loc,Masc,Sing,Inan,0.300352472402266,NONE
Файлака,PROPN,,appos,Nom,Fem,Sing,Inan,0.1413753179445965,LOC
в,ADP,,case,,,,,0.0589988802859778,NONE
Кувейте,PROPN,,nmod,Loc,Masc,Sing,Inan,0.0496228309027116,LOC
.,PUNCT,,punct,,,,,-0.5369169445082473,NONE
Он,PRON,,nsubj,Nom,Masc,Sing,,0.0379764478047433,NONE
призвал,VERB,,root,,Masc,Sing,,0.1152623195970673,NONE
министров,NOUN,,obj,Acc,Masc,Plur,Anim,0.0899788546740841,NONE
внести,VERB,,xcomp,,,,,0.0130717388635054,NONE
“ясность”,NOUN,,obj,Acc,Fem,Sing,Inan,0.0745068606200984,NONE
относительно,ADP,,case,,,,,0.0424080566609187,NONE
того,PRON,,obl,Gen,Neut,Sing,Inan,-0.0540542216156475,NONE
",",PUNCT,,punct,,,,,0.1199200983825103,NONE
получат,VERB,,acl,,,Plur,,-0.1651071377553919,NONE
ли,PART,,advmod,,,,,0.0105473991561639,NONE
люди,NOUN,,nsubj,Nom,Masc,Plur,Anim,0.1549805754040331,NONE
",",PUNCT,,punct,,,,,0.3703719391191185,NONE
которых,PRON,,obj,Acc,,Plur,Anim,-0.0291584284190104,NONE
просят,VERB,,acl:relcl,,,Plur,,0.2435336631579477,NONE
уйти,VERB,,xcomp,,,,,0.1178493030673645,NONE
на,ADP,,case,,,,,-0.0928274040732571,NONE
карантин,NOUN,,obl,Acc,Masc,Sing,Inan,0.0891110209429875,NONE
",",PUNCT,,punct,,,,,-0.0065517640667884,NONE
финансовую,ADJ,,amod,Acc,Fem,Sing,,0.1961657848091863,NONE
поддержку,NOUN,,obj,Acc,Fem,Sing,Inan,0.0721999533522681,NONE
",",PUNCT,,punct,,,,,0.107562242173252,NONE
если,SCONJ,,mark,,,,,0.0313706446880907,NONE
работодатель,NOUN,,nsubj,Nom,Masc,Sing,Anim,0.1656627683300481,NONE
откажется,VERB,,advcl,,,Sing,,-0.0437810001238604,NONE
платить,VERB,,xcomp,,,,,0.1232957720650745,NONE
им,PRON,,iobj,Dat,,Plur,,-0.0247430661107484,NONE
в,ADP,,case,,,,,0.2040507812161791,NONE
течение,NOUN,,fixed,Acc,Neut,Sing,Inan,0.0466680032004073,NONE
карантина,NOUN,,obl,Gen,Masc,Sing,Inan,0.074241739009955,NONE
.,PUNCT,,punct,,,,,-0.3711491359296436,NONE
Член,NOUN,,nsubj,Nom,Masc,Sing,Anim,0.2416143449108498,NONE
парламента,NOUN,,nmod,Gen,Masc,Sing,Inan,-0.0128926653738203,NONE
от,ADP,,case,,,,,0.0375054468544895,NONE
Гариссы,PROPN,,nmod,Gen,Fem,Sing,Inan,-0.0136108184258268,PER
Аден,PROPN,,appos,Nom,Masc,Sing,Anim,0.0304325368731032,PER
Дуале,PROPN,,flat:name,Nom,Masc,Sing,Anim,0.0528166090277469,PER
назвал,VERB,,root,,Masc,Sing,,-0.0757688920607551,NONE
смерти,NOUN,,obj,Acc,Fem,Plur,Inan,-0.1318486387651017,NONE
"""",PUNCT,,punct,,,,,0.0202093008623778,NONE
"""",PUNCT,,punct,,,,,0.0170258765684389,NONE
резонансными,ADJ,,obl,Ins,,Plur,,0.1684582094030954,NONE
"""",PUNCT,,punct,,,,,0.0183193108646544,NONE
"""",PUNCT,,punct,,,,,-0.0147224556853577,NONE
и,CCONJ,,cc,,,,,0.149702848071097,NONE
осудил,VERB,,conj,,Masc,Sing,,0.0826359555484802,NONE
"""",PUNCT,,punct,,,,,0.0772711350657173,NONE
"""",PUNCT,,punct,,,,,0.0183247158926419,NONE
жестокость,NOUN,,obj,Acc,Fem,Sing,Inan,0.1140748786795381,NONE
полицейских,NOUN,,nmod,Gen,Masc,Plur,Anim,0.0660699211506788,NONE
"""",PUNCT,,punct,,,,,0.0302252061416386,NONE
"""",PUNCT,,punct,,,,,0.0376572260735326,NONE
в,ADP,,case,,,,,0.145660176269393,NONE
своем,DET,,det,Loc,Neut,Sing,,-0.0643247747919292,NONE
заявлении,NOUN,,obl,Loc,Neut,Sing,Inan,-0.0317560794021203,NONE
",",PUNCT,,punct,,,,,0.365253174699407,NONE
опубликованном,VERB,,acl,Loc,Neut,Sing,,-0.0051379300318591,NONE
в,ADP,,case,,,,,0.2666741826927534,NONE
Facebook,PROPN,,obl,Loc,Masc,Sing,Inan,0.0244585693686591,ORG
.,PUNCT,,punct,,,,,0.4843122468521634,NONE
"""",PUNCT,,root,,,,,0.1884410275197803,NONE
Всем,DET,,det,Dat,,Plur,,0.2279334661170743,NONE
жителям,NOUN,,iobj,Dat,Masc,Plur,Anim,-0.1674826468561828,NONE
США,PROPN,,nmod,Gen,,Plur,Inan,-0.1791713748183155,LOC
должно,ADJ,,root,,Neut,Sing,,-0.1535378217023135,NONE
быть,AUX,,cop,,,,,-0.0127708218488603,NONE
стыдно,ADV,,xcomp,,,,,0.2250959870225566,NONE
.,PUNCT,,punct,,,,,-0.8341813451424449,NONE
«Ожидается,VERB,,root,,,Sing,,0.4367385628112006,NONE
чек,NOUN,,nsubj:pass,Nom,Masc,Sing,Inan,0.1026477587412635,NONE
на,ADP,,case,,,,,0.0047929959912162,NONE
$1200,NUM,,nummod,,,,,0.0110958852418806,NONE
.,PUNCT,,punct,,,,,-0.1227725301081677,NONE
Он,PRON,,nsubj,Nom,Masc,Sing,,-0.0087182644270436,NONE
будет,AUX,,cop,,,Sing,,-0.0661329175094512,NONE
частью,NOUN,,root,Ins,Fem,Sing,Inan,0.0099125448316993,NONE
нового,ADJ,,amod,Gen,Masc,Sing,,0.1200675560399787,NONE
пакета,NOUN,,nmod,Gen,Masc,Sing,Inan,0.0624435613584621,NONE
.,PUNCT,,punct,,,,,0.0095865925748696,NONE
Я,PRON,,nsubj,Nom,,Sing,,0.1606069175583263,NONE
бы,AUX,,aux,,,,,0.0316084734254993,NONE
предпочел,VERB,,root,,Masc,Sing,,0.119942395986189,NONE
снижение,NOUN,,obj,Acc,Neut,Sing,Inan,-0.0125262516264349,NONE
налога,NOUN,,nmod,Gen,Masc,Sing,Inan,0.0558655811435649,NONE
на,ADP,,case,,,,,0.0170029161813386,NONE
заработную,ADJ,,amod,Acc,Fem,Sing,,0.0325940015439628,NONE
плату,NOUN,,nmod,Acc,Fem,Sing,Inan,0.007882235271783,NONE
в,ADP,,case,,,,,0.0206095669259298,NONE
дополнение,NOUN,,nmod,Acc,Neut,Sing,Inan,0.0676434129012365,NONE
к,ADP,,case,,,,,-0.0307429308044002,NONE
этому,DET,,det,Dat,Masc,Sing,,0.092435085241872,NONE
чеку»,NOUN,,nmod,Dat,Masc,Sing,Inan,0.1032530423084632,NONE
",",PUNCT,,punct,,,,,-0.0483125162785691,NONE
–,PUNCT,,punct,,,,,-0.6089497628365782,NONE
заявил,VERB,,parataxis,,Masc,Sing,,0.2038661780642284,NONE
Кудлоу,PROPN,,nsubj,Nom,Masc,Sing,Anim,0.0358610855461575,PER
в,ADP,,case,,,,,0.0494798511339472,NONE
программе,NOUN,,obl,Loc,Fem,Sing,Inan,0.04847537095139,NONE
"""",PUNCT,,punct,,,,,0.063121372064892,NONE
"""",PUNCT,,punct,,,,,0.1194427644927109,NONE
State,PROPN,,flat:foreign,,,,,0.0476814133796798,NONE
of,X,,flat:foreign,,,,,0.0562630241424535,NONE
the,X,,flat:foreign,,,,,0.0567518527100151,NONE
Union,PROPN,,flat:foreign,,,,,0.0196951307398215,NONE
на,ADP,,case,,,,,0.0327582469744811,NONE
CNN,PROPN,,flat:foreign,,,,,-0.0087168341606926,ORG
.,PUNCT,,punct,,,,,0.0725677816438145,NONE
"""",PUNCT,,root,,,,,0.3417442433929118,NONE
На,ADP,,case,,,,,-0.0270686352669398,NONE
приеме,NOUN,,obl,Loc,Masc,Sing,Inan,0.0998714615877942,NONE
корреспондентов,NOUN,,nmod,Gen,Masc,Plur,Anim,0.0015818635332239,NONE
Белого,ADJ,,amod,Gen,Masc,Sing,,-0.0918758059322804,LOC
дома,NOUN,,nmod,Gen,Masc,Sing,Inan,-0.140015458166176,LOC
в,ADP,,case,,,,,-0.0684435320990818,NONE
апреле,NOUN,,nmod,Loc,Masc,Sing,Inan,-0.0270742594086335,NONE
2018,ADJ,,amod,,,,,0.1467723708591935,NONE
г,NOUN,,nmod,Gen,Masc,Sing,Inan,-0.0665064912549977,NONE
.,PUNCT,,punct,,,,,0.3525141634389211,NONE
комик,NOUN,,nsubj,Nom,Masc,Sing,Anim,-0.0481250792460718,NONE
Мишель,PROPN,,appos,Nom,Fem,Sing,Anim,-0.0099795183926063,PER
Вульф,PROPN,,flat:name,Nom,Fem,Sing,Anim,-0.0304172655641271,PER
так,ADV,,advmod,,,,,0.143089269594864,NONE
жестко,ADV,,advmod,,,,,0.0385412101253954,NONE
высмеяла,VERB,,root,,Fem,Sing,,-0.0555025108069041,NONE
бывшего,ADJ,,amod,Acc,Masc,Sing,Anim,0.0561050914741888,NONE
пресс-секретаря,NOUN,,obj,Acc,Masc,Sing,Anim,0.0726080736754698,NONE
Сару,PROPN,,appos,Acc,Fem,Sing,Anim,-0.0111570328107859,PER
Хакаби,PROPN,,flat:name,Acc,Masc,Sing,Anim,0.0320250461480817,PER
Сандерс,PROPN,,flat:name,Acc,Fem,Sing,Anim,0.0115635775456834,PER
",",PUNCT,,punct,,,,,0.121407621202496,NONE
что,SCONJ,,mark,,,,,0.0502777327193,NONE
даже,PART,,advmod,,,,,-0.0953133656669284,NONE
ведущая,NOUN,,nsubj,Nom,Fem,Sing,Anim,0.0102023210484472,NONE
MSNBC,PROPN,,flat:foreign,,,,,0.0276427365587509,ORG
Мика,PROPN,,appos,Nom,Fem,Sing,Anim,0.011838968968546,PER
Бжезински,PROPN,,flat:name,Nom,Fem,Sing,Anim,0.0055835401500436,PER
назвала,VERB,,advcl,,Fem,Sing,,0.0335976031447307,NONE
это,PRON,,obj,Acc,Neut,Sing,Inan,0.0233213193639944,NONE
«достойным,ADJ,,obl,Ins,Neut,Sing,,0.0475450216449193,NONE
осуждения»,NOUN,,obl,Gen,Neut,Plur,Inan,0.092521583446768,NONE
.,PUNCT,,punct,,,,,0.5786255596780472,NONE
Ангола,PROPN,,root,Nom,Fem,Sing,Inan,0.1908322633165387,LOC
:,PUNCT,,punct,,,,,-0.0869951000992026,NONE
Министр,PROPN,,nsubj,Nom,Masc,Sing,Anim,-0.4969355010915265,NONE
культуры,NOUN,,nmod,Gen,Fem,Sing,Inan,-0.2242782007944989,NONE
настаивает,VERB,,parataxis,,,Sing,,0.322512938151074,NONE
на,ADP,,case,,,,,0.2561624230594381,NONE
модернизации,NOUN,,obl,Loc,Fem,Sing,Inan,0.305498551043127,NONE
Железного,ADJ,,amod,Gen,Masc,Sing,,0.1482426146302663,NONE
дворца,NOUN,,nmod,Gen,Masc,Sing,Inan,0.4433389462420221,NONE
Я,PRON,,nsubj,Nom,,Sing,,-0.0270284077287352,NONE
с,ADP,,case,,,,,-0.0276680111090187,NONE
нетерпением,NOUN,,obl,Ins,Neut,Sing,Inan,0.0688080598922356,NONE
ожидаю,VERB,,root,,,Sing,,0.0344335339930987,NONE
увидеть,VERB,,xcomp,,,,,-0.0713462092186714,NONE
сочетание,NOUN,,obj,Acc,Neut,Sing,Inan,-0.0191900217703228,NONE
инновационной,ADJ,,amod,Gen,Fem,Sing,,0.1879195890799211,NONE
операторской,ADJ,,amod,Gen,Fem,Sing,,0.0566981414240515,NONE
работы,NOUN,,nmod,Gen,Fem,Sing,Inan,-0.0437831931230685,NONE
и,CCONJ,,cc,,,,,0.043978357469358,NONE
глубокого,ADJ,,amod,Gen,Masc,Sing,,0.0725370767715529,NONE
анализа,NOUN,,conj,Gen,Masc,Sing,Inan,0.0130364569639001,NONE
по,ADP,,case,,,,,-0.6310952293876682,NONE
исследованию,NOUN,,nmod,Dat,Neut,Sing,Inan,0.0125888250275443,NONE
роли,NOUN,,nmod,Gen,Fem,Sing,Inan,-0.0207612640390734,NONE
цвета,NOUN,,nmod,Gen,Masc,Sing,Inan,-0.1042502399086478,NONE
в,ADP,,case,,,,,-0.4254017339248357,NONE
жизни,NOUN,,nmod,Loc,Fem,Sing,Inan,-0.0248792767817574,NONE
животных»,NOUN,,nmod,Gen,Neut,Plur,Anim,-0.0549066289555936,NONE
",",PUNCT,,punct,,,,,-0.1694115942675788,NONE
–,PUNCT,,punct,,,,,-0.0653627125120435,NONE
заявил,VERB,,parataxis,,Masc,Sing,,-0.02327568662352,NONE
руководитель,NOUN,,nsubj,Nom,Masc,Sing,Anim,-0.02682279216496,NONE
телеканала,NOUN,,nmod,Gen,Masc,Sing,Inan,-0.0051606204078696,NONE
BBC,PROPN,,flat:foreign,,,,,-0.0387249632378826,ORG
Two,PROPN,,flat:foreign,,,,,-0.0002107733526381,ORG
Патрик,PROPN,,appos,Nom,Masc,Sing,Anim,0.2373860609355308,PER
Холланд,PROPN,,flat:name,Nom,Masc,Sing,Anim,0.0448276432374959,PER
.,PUNCT,,punct,,,,,0.018677856862687,NONE
Кроме,ADP,,case,,,,,-0.2980442180353459,NONE
того,PRON,,parataxis,Gen,Neut,Sing,Inan,-0.1813106007721583,NONE
",",PUNCT,,punct,,,,,0.0438637430752818,NONE
Байден,PROPN,,nsubj,Nom,Masc,Sing,Anim,0.0950985477277121,PER
сказал,VERB,,root,,Masc,Sing,,0.0198556119745509,NONE
",",PUNCT,,punct,,,,,0.1700848397495608,NONE
что,SCONJ,,mark,,,,,0.2373461095166221,NONE
сообщил,VERB,,ccomp,,Masc,Sing,,0.020243607172681,NONE
Путину,PROPN,,iobj,Dat,Masc,Sing,Anim,0.2029683893969878,PER
о,ADP,,case,,,,,0.2521447334624462,NONE
том,PRON,,obl,Loc,Neut,Sing,Inan,0.0129702355993527,NONE
",",PUNCT,,punct,,,,,0.1620270148424377,NONE
что,SCONJ,,mark,,,,,0.299141806619459,NONE
Россия,PROPN,,nsubj,Nom,Fem,Sing,Inan,0.1643521513010014,LOC
заплатит,VERB,,acl,,,Sing,,0.1558317912361075,NONE
«ужасную,ADJ,,amod,Acc,Fem,Sing,,0.0716013746301429,NONE
цену»,NOUN,,obj,Acc,Fem,Sing,Inan,0.1056715550374027,NONE
и,CCONJ,,cc,,,,,0.1353109377263732,NONE
столкнется,VERB,,conj,,,Sing,,0.1725008799084363,NONE
с,ADP,,case,,,,,0.1196434721697685,NONE
разрушительными,ADJ,,amod,Ins,,Plur,,0.2440957837155515,NONE
для,ADP,,case,,,,,-0.1044511652892001,NONE
экономики,NOUN,,obl,Gen,Fem,Sing,Inan,0.0634596631594604,NONE
последствиями,NOUN,,obl,Ins,Neut,Plur,Inan,0.0885425264341897,NONE
",",PUNCT,,punct,,,,,-0.1345621381128676,NONE
если,SCONJ,,mark,,,,,0.0745785064114318,NONE
и,PART,,advmod,,,,,0.0690117453288629,NONE
она,PRON,,nsubj,Nom,Fem,Sing,,0.1315606778915666,NONE
нападет,VERB,,advcl,,,Sing,,0.1839204000490334,NONE
на,ADP,,case,,,,,0.1394220500103336,NONE
Украину,PROPN,,obl,Acc,Fem,Sing,Inan,0.293954587186553,LOC
.,PUNCT,,punct,,,,,-0.0217478030597194,NONE
О,ADP,,case,,,,,0.2368792323116212,NONE
наборе,NOUN,,obl,Loc,Masc,Sing,Inan,0.1150570840259054,NONE
на,ADP,,case,,,,,-0.0163125208202354,NONE
должности,NOUN,,nmod,Acc,Fem,Plur,Inan,-0.1752599625590402,NONE
полицейских,ADJ,,amod,Gen,,Plur,,0.2345619703622756,NONE
констеблей,NOUN,,nmod,Gen,Masc,Plur,Inan,0.3143085024273848,NONE
",",PUNCT,,punct,,,,,0.1080527208787976,NONE
тюремных,ADJ,,amod,Gen,,Plur,,0.1546048939107831,NONE
надзирателей,NOUN,,conj,Gen,Masc,Plur,Anim,0.0909613372767039,NONE
и,CCONJ,,cc,,,,,0.0823615193555012,NONE
пожарных,NOUN,,conj,Gen,Masc,Plur,Anim,0.0476174058462919,NONE
объявили,VERB,,root,,,Plur,,0.2448691051632816,NONE
в,ADP,,case,,,,,-0.0312728594428583,NONE
марте,NOUN,,obl,Loc,Masc,Sing,Inan,0.1064080819176885,NONE
.,PUNCT,,punct,,,,,-0.0089705438074049,NONE
Водитель,NOUN,,nsubj,Nom,Masc,Sing,Anim,-0.0273713912551119,NONE
забирает,VERB,,root,,,Sing,,0.4566122775061978,NONE
его,PRON,,obj,Acc,Masc,Sing,,-0.114495600999239,NONE
и,CCONJ,,cc,,,,,-0.1956710027117388,NONE
доставит,VERB,,conj,,,Sing,,0.1973490428282348,NONE
как,ADV,,advmod,,,,,-0.0126340106875001,NONE
можно,ADV,,fixed,,,,,-0.0211416303001048,NONE
скорее,ADV,,advmod,,,,,-0.0559908241935386,NONE
.,PUNCT,,punct,,,,,0.1887783588603165,NONE
Старшие,ADJ,,amod,Nom,,Plur,,0.0865389022023922,NONE
сотрудники,NOUN,,nsubj,Nom,Masc,Plur,Anim,-0.0133389325877325,NONE
сообщают,VERB,,root,,,Plur,,-0.0537996388345399,NONE
",",PUNCT,,punct,,,,,0.1898119118237095,NONE
что,SCONJ,,mark,,,,,0.0726741783860113,NONE
процесс,NOUN,,nsubj:pass,Nom,Masc,Sing,Inan,-0.0724441199630595,NONE
дезинфекции,NOUN,,nmod,Gen,Fem,Sing,Inan,0.0316585248210428,NONE
завершен,VERB,,ccomp,,Masc,Sing,,-0.1212351108976326,NONE
и,CCONJ,,cc,,,,,-0.12335162838869,NONE
с,ADP,,case,,,,,0.344113525204035,NONE
завтрашнего,ADJ,,amod,Gen,Masc,Sing,,-0.0345778891612439,NONE
дня,NOUN,,obl,Gen,Masc,Sing,Inan,-0.3204826590927831,NONE
банк,NOUN,,nsubj,Nom,Masc,Sing,Inan,-0.1336784874500192,NONE
может,VERB,,conj,,,Sing,,-0.1412878387993454,NONE
возобновить,VERB,,xcomp,,,,,0.2023128617658512,NONE
работу,NOUN,,obj,Acc,Fem,Sing,Inan,-0.0727898416058441,NONE
.,PUNCT,,punct,,,,,0.5289192337200743,NONE
Я,PRON,,nsubj,Nom,,Sing,,0.0183043586558478,NONE
изучил,VERB,,root,,Masc,Sing,,-0.0058106367712298,NONE
это,PRON,,obj,Acc,Neut,Sing,Inan,0.1199828699818575,NONE
",",PUNCT,,punct,,,,,-0.0672467806695664,NONE
и,CCONJ,,cc,,,,,0.0041780624022527,NONE
я,PRON,,nsubj,Nom,,Sing,,-0.1087378675664015,NONE
вижу,VERB,,conj,,,Sing,,-0.0916392435592746,NONE
",",PUNCT,,punct,,,,,0.1181562418595463,NONE
что,SCONJ,,mark,,,,,0.2055017496278881,NONE
ваша,DET,,det,Nom,Fem,Sing,,0.0657129987945506,NONE
область,NOUN,,nsubj,Nom,Fem,Sing,Inan,-0.0688228524322545,NONE
в,ADP,,advmod,,,,,0.2121589200188412,NONE
настоящее,ADJ,,fixed,Acc,Neut,Sing,Inan,0.2290222521243253,NONE
время,NOUN,,fixed,Acc,Neut,Sing,Inan,0.1442313517540144,NONE
имеет,VERB,,ccomp,,,Sing,,-0.005382634511329,NONE
большой,ADJ,,amod,Acc,Masc,Sing,Inan,0.0584435582906174,NONE
объем,NOUN,,obj,Acc,Masc,Sing,Inan,-0.0676560504188452,NONE
заказов,NOUN,,nmod,Gen,Masc,Plur,Inan,0.0259357582175997,NONE
",",PUNCT,,punct,,,,,-0.1489833579266003,NONE
вот,PART,,advmod,,,,,-0.2106261534965033,NONE
почему,ADV,,advmod,,,,,0.0693074660597789,NONE
они,PRON,,nsubj,Nom,,Plur,,0.0534462642976464,NONE
назначили,VERB,,conj,,,Plur,,0.0613455876477048,NONE
водителя,NOUN,,obj,Acc,Masc,Sing,Anim,-0.0447057784300808,NONE
на,ADP,,case,,,,,0.0017070482837281,NONE
ваш,DET,,det,Acc,Masc,Sing,,0.0883184770287723,NONE
заказ,NOUN,,obl,Acc,Masc,Sing,Inan,-0.0229200098691057,NONE
.,PUNCT,,punct,,,,,-0.4134002871420888,NONE
Группа,NOUN,,nsubj,Nom,Fem,Sing,Inan,0.3070656209873281,NONE
Krishak,PROPN,,flat:foreign,,,,,-0.0520744750581039,ORG
Mukti,PROPN,,flat:foreign,,,,,-0.0283300663161105,ORG
Sangram,PROPN,,flat:foreign,,,,,-0.0059110495425226,ORG
Samiti,PROPN,,flat:foreign,,,,,0.0190348128032837,ORG
(,PUNCT,,punct,,,,,0.1032412885409911,ORG
KMSS,PROPN,,flat:foreign,,,,,0.0359888129840214,ORG
),PUNCT,,punct,,,,,-0.0932390032461658,ORG
",",PUNCT,,punct,,,,,0.0439664835959174,NONE
которая,PRON,,nsubj,Nom,,,,0.0084778876461686,NONE
была,AUX,,cop,,Fem,Sing,,-0.0474888637928126,NONE
в,ADP,,case,,,,,0.0209404374982293,NONE
числе,NOUN,,acl:relcl,Loc,Neut,Sing,Inan,-0.181386381963586,NONE
первых,ADJ,,amod,Gen,,Plur,,0.0125889801979455,NONE
организаторов,NOUN,,nmod,Gen,Masc,Plur,Anim,0.0514835881030207,NONE
протестов,NOUN,,nmod,Gen,Masc,Plur,Inan,0.0809308287373729,NONE
против,ADP,,case,,,,,0.0530157133574804,NONE
поправок,NOUN,,nmod,Gen,Fem,Plur,Inan,0.0703934585299236,NONE
к,ADP,,case,,,,,0.0409410929710886,NONE
закону,NOUN,,nmod,Dat,Masc,Sing,Inan,-0.1389034998492543,NONE
о,ADP,,case,,,,,0.0104714044067786,NONE
гражданстве,NOUN,,nmod,Loc,Neut,Sing,Inan,0.0311306995445268,NONE
",",PUNCT,,punct,,,,,0.1086173437080082,NONE
когда,SCONJ,,mark,,,,,0.0031174795690829,NONE
они,PRON,,nsubj:pass,Nom,,Plur,,-0.0322694154007881,NONE
были,AUX,,aux:pass,,,Plur,,-0.0758243867201122,NONE
переданы,VERB,,advcl,,,Plur,,0.0328203705685443,NONE
в,ADP,,case,,,,,0.0346140782348594,NONE
Парламент,PROPN,,obl,Acc,Masc,Sing,Inan,0.1240365773617549,ORG
",",PUNCT,,punct,,,,,-0.0189527706244279,NONE
почтила,VERB,,root,,Fem,Sing,,0.1319590103553843,NONE
память,NOUN,,obj,Acc,Fem,Sing,Inan,-0.014415317178039,NONE
агитаторов,NOUN,,nmod,Gen,Masc,Plur,Anim,0.0663043502609734,NONE
в,ADP,,case,,,,,0.0073990954843292,NONE
резиденции,NOUN,,obl,Loc,Fem,Sing,Inan,0.0252487020027838,NONE
Сэма,PROPN,,nmod,Gen,Masc,Sing,Anim,0.0048447164789602,PER
Стэффорда,PROPN,,flat:name,Gen,Masc,Sing,Anim,0.0570455589306504,PER
в,ADP,,case,,,,,0.0748301325292586,NONE
Хатигаоне,PROPN,,nmod,Loc,Masc,Sing,Inan,0.090664442800443,LOC
.,PUNCT,,punct,,,,,0.6189336379791338,NONE
Список,NOUN,,nsubj:pass,Nom,Masc,Sing,Inan,0.2314597240842684,NONE
кандидатов,NOUN,,nmod,Gen,Masc,Plur,Anim,0.0087027078572716,NONE
",",PUNCT,,punct,,,,,0.1483652590765315,NONE
прошедших,VERB,,acl,Gen,,Plur,,0.1478155189365115,NONE
в,ADP,,case,,,,,-0.2503753203968338,NONE
следующий,ADJ,,amod,Acc,Masc,Sing,Inan,0.1394110500128106,NONE
тур,NOUN,,obl,Acc,Masc,Sing,Inan,-0.0443150658051522,NONE
набора,NOUN,,nmod,Gen,Masc,Sing,Inan,0.1327502092818393,NONE
тоже,PART,,advmod,,,,,-0.3858754963092303,NONE
был,AUX,,aux:pass,,Masc,Sing,,0.3642062777957826,NONE
опубликован,VERB,,root,,Masc,Sing,,-0.0317061936967525,NONE
по,ADP,,case,,,,,0.1177194750860347,NONE
районам,NOUN,,obl,Dat,Masc,Plur,Inan,0.188450164728924,NONE
.,PUNCT,,punct,,,,,-0.4982070823142046,NONE
Глифосат,NOUN,,nsubj,Nom,Masc,Sing,Inan,0.2510403344265719,LOC
является,VERB,,root,,,Sing,,-0.1925033087627433,NONE
основным,ADJ,,amod,Ins,Masc,Sing,,-0.0917662381122816,NONE
компонентом,NOUN,,obl,Ins,Masc,Sing,Inan,-0.2054757062058145,NONE
гербицида,NOUN,,nmod,Gen,Masc,Sing,Inan,-0.1044776239540103,NONE
Roundup,PROPN,,flat:foreign,,,,,0.0984498681330232,NONE
",",PUNCT,,punct,,,,,0.1851255891959035,NONE
выпускаемого,VERB,,acl,Gen,Masc,Sing,,-0.0632506597638436,NONE
компанией,NOUN,,obl,Ins,Fem,Sing,Inan,0.0466561191967869,NONE
Mosanto,PROPN,,flat:foreign,,,,,0.2468998561232751,ORG
.,PUNCT,,punct,,,,,0.1496298745388073,NONE
Что,PRON,,obj,Nom,,,,0.3954824375183834,NONE
означает,VERB,,root,,,Sing,,-0.1301633265319205,NONE
для,ADP,,case,,,,,-0.0357791177085476,NONE
отдыхающих,NOUN,,obl,Gen,Masc,Plur,Anim,0.1971091233323636,NONE
включение,NOUN,,nsubj,Nom,Neut,Sing,Inan,-0.004567053267963,NONE
Испании,PROPN,,nmod,Gen,Fem,Sing,Inan,-0.0237708137826934,LOC
в,ADP,,case,,,,,-0.0966527891491607,NONE
карантинный,ADJ,,amod,Acc,Masc,Sing,Inan,0.2141847421221344,NONE
список,NOUN,,nmod,Acc,Masc,Sing,Inan,0.5828859710950705,NONE
?,PUNCT,,punct,,,,,0.449233966739204,NONE
Рядом,ADV,,advmod,,,,,0.0180722648432328,NONE
с,ADP,,case,,,,,-0.0160933351382757,NONE
«Восстановить,VERB,,obl,,,,,0.1018945633482355,NONE
учетную,ADJ,,amod,Acc,Fem,Sing,,0.0166250323821041,NONE
запись,NOUN,,obj,Acc,Fem,Sing,Inan,0.1020945366265438,NONE
#PRS,PROPN,,flat:foreign,,,,,0.0651937084170983,ORG
_,SYM,,flat:foreign,,,,,0.2466468456423019,NONE
ORG,PROPN,,flat:foreign,,,,,-0.6708524077936644,NONE
#,SYM,,flat:foreign,,,,,0.1887373463357284,NONE
»,PUNCT,,punct,,,,,-0.0224932926803965,NONE
нажмите,VERB,,root,,,Plur,,-0.0490716928992882,NONE
«Восстановить,VERB,,xcomp,,,,,0.0953075882465724,NONE
/,PUNCT,,punct,,,,,-0.0292523245264525,NONE
Вернуть»,VERB,,conj,,,,,0.0782364268243578,NONE
.,PUNCT,,punct,,,,,0.1661780113060862,NONE
Он,PRON,,nsubj,Nom,Masc,Sing,,0.060859517101963,NONE
явно,ADV,,advmod,,,,,0.0700958364296861,NONE
пытается,VERB,,root,,,Sing,,0.0190855796782278,NONE
вернуть,VERB,,xcomp,,,,,0.0187335552565133,NONE
их,DET,,det,,,,,0.0221919421740132,NONE
расположение,NOUN,,obj,Acc,Neut,Sing,Inan,0.0323819664583543,NONE
",",PUNCT,,punct,,,,,0.0394708179280409,NONE
раздувая,VERB,,advcl,,,,,0.0647247861150735,NONE
проблему,NOUN,,obj,Acc,Fem,Sing,Inan,0.1162871834541494,NONE
",",PUNCT,,punct,,,,,0.1474821266455159,NONE
которая,PRON,,nsubj,Nom,,,,-0.0531725372594962,NONE
не,PART,,advmod,,,,,0.0014124921012049,NONE
является,VERB,,acl:relcl,,,Sing,,0.1395793028584569,NONE
срочной,ADJ,,obl,Ins,Fem,Sing,,0.2158173175179888,NONE
и,CCONJ,,cc,,,,,0.1188352799547711,NONE
приоритетной,ADJ,,conj,Ins,Fem,Sing,,0.1511659009894635,NONE
",",PUNCT,,punct,,,,,0.2318159957044921,NONE
чтобы,SCONJ,,mark,,,,,0.0062541067045438,NONE
показать,VERB,,advcl,,,,,0.4176663704273064,NONE
",",PUNCT,,punct,,,,,0.0886499188762841,NONE
что,SCONJ,,mark,,,,,-0.0032602735005172,NONE
он,PRON,,nsubj,Nom,Masc,Sing,,0.0712563420329056,NONE
проделал,VERB,,ccomp,,Masc,Sing,,0.0031192259673357,NONE
потрясающую,ADJ,,amod,Acc,Fem,Sing,,0.2449078759208988,NONE
работу,NOUN,,obj,Acc,Fem,Sing,Inan,-0.0009755554368331,NONE
и,CCONJ,,cc,,,,,0.0366509203257592,NONE
является,VERB,,conj,,,Sing,,0.0986097188871574,NONE
потрясающим,ADJ,,amod,Ins,Masc,Sing,,0.1920627129473427,NONE
человеком,NOUN,,obl,Ins,Masc,Sing,Anim,0.1222632744937461,NONE
!,PUNCT,,punct,,,,,0.3189233750501291,NONE
Также,ADV,,advmod,,,,,0.0747427362008396,NONE
есть,VERB,,root,,,Plur,,0.0073820546771195,NONE
приложения,NOUN,,nsubj,Nom,Neut,Plur,Inan,-0.0279388287538239,NONE
для,ADP,,case,,,,,-0.0731098814289812,NONE
смартфонов,NOUN,,nmod,Gen,Masc,Plur,Inan,0.3266443542305036,NONE
",",PUNCT,,punct,,,,,0.0898129842196042,NONE
которые,PRON,,nsubj,Nom,,,,-0.0975790008616351,NONE
показывают,VERB,,acl:relcl,,,Plur,,0.2232911126918533,NONE
земли,NOUN,,obj,Acc,Fem,Plur,Inan,0.2108180825295332,NONE
штата,NOUN,,nmod,Gen,Masc,Sing,Inan,0.0686239852178225,NONE
",",PUNCT,,punct,,,,,0.360702932541698,NONE
федеральные,ADJ,,amod,Acc,,Plur,Inan,0.2740101379517843,NONE
и,CCONJ,,cc,,,,,0.2260849691531959,NONE
частные,ADJ,,conj,Acc,,Plur,Inan,0.0057839224306815,NONE
земли,NOUN,,conj,Acc,Fem,Plur,Inan,0.1394859598463027,NONE
по,ADP,,case,,,,,0.1732040425818122,NONE
мере,NOUN,,fixed,Dat,Fem,Sing,Inan,0.0474027736578065,NONE
того,PRON,,obl,Gen,Neut,Sing,Inan,0.0951297598060124,NONE
",",PUNCT,,punct,,,,,0.311565740610369,NONE
как,SCONJ,,mark,,,,,0.0824407053750783,NONE
человек,NOUN,,nsubj,Nom,Masc,Sing,Anim,0.1009716962134898,NONE
передвигается,VERB,,acl,,,Sing,,0.3679463516683959,NONE
по,ADP,,case,,,,,-0.1254533141207161,NONE
местности,NOUN,,obl,Dat,Fem,Sing,Inan,0.0557145816000271,NONE
.,PUNCT,,punct,,,,,-0.1789356847646571,NONE
Эта,DET,,det,Nom,Fem,Sing,,0.4111409300720857,NONE
доставка,NOUN,,nsubj,Nom,Fem,Sing,Inan,0.0116720213099313,NONE
занимает,VERB,,root,,,Sing,,0.2535822656129889,NONE
примерно,ADV,,advmod,,,,,0.3375275251669426,NONE
1-3,NUM,,nummod,,,,,0.4661214629287273,NONE
дня,NOUN,,obl,Gen,Masc,Sing,Inan,0.1108901918016288,NONE
.,PUNCT,,punct,,,,,-0.4858138602041941,NONE
И,CCONJ,,cc,,,,,-0.3206922824187875,NONE
последний,ADJ,,amod,Acc,Masc,Sing,Inan,0.1036563944990745,NONE
раз,NOUN,,obl,Acc,Masc,Sing,Inan,-0.1433562566887755,NONE
француз,NOUN,,nsubj,Nom,Masc,Sing,Anim,-0.0597343918167469,NONE
намекнул,VERB,,root,,Masc,Sing,,0.0053055261977549,NONE
",",PUNCT,,punct,,,,,0.2115661266533235,NONE
что,SCONJ,,mark,,,,,0.4220405453217716,NONE
готов,ADJ,,ccomp,,Masc,Sing,,-0.0136506050674683,NONE
остаться,VERB,,xcomp,,,,,0.0262883545338402,NONE
в,ADP,,case,,,,,0.0835164193622673,NONE
клубе,NOUN,,obl,Loc,Masc,Sing,Inan,-0.0088862598400496,NONE
",",PUNCT,,punct,,,,,0.1209850737400415,NONE
разместив,VERB,,advcl,,,,,-0.0416725428074274,NONE
публикацию,NOUN,,obj,Acc,Fem,Sing,Inan,-0.0470114858404018,NONE
в,ADP,,case,,,,,0.0473654246731321,NONE
Instagram,PROPN,,flat:foreign,,,,,0.0947153558627614,ORG
после,ADP,,case,,,,,0.1170016709707053,NONE
того,PRON,,obl,Gen,Neut,Sing,Inan,-0.0030682667909102,NONE
",",PUNCT,,punct,,,,,0.2929705764686841,NONE
как,SCONJ,,mark,,,,,0.2163378875298504,NONE
его,DET,,det,,,,,-0.0816399703362202,NONE
сторона,NOUN,,nsubj,Nom,Fem,Sing,Inan,0.1340592350249311,NONE
выиграла,VERB,,acl,,Fem,Sing,,-0.0489183500333304,NONE
со,ADP,,case,,,,,-0.2062176681797445,NONE
счетом,NOUN,,obl,Ins,Masc,Sing,Inan,0.0265186598333242,NONE
2-0,NUM,,nummod:entity,,,,,0.0407866163976038,NONE
.,PUNCT,,punct,,,,,-0.0441915867377981,NONE
Привлечь,VERB,,root,,,,,0.0516898868157061,NONE
к,ADP,,case,,,,,-0.3700803658713142,NONE
суду,NOUN,,obl,Dat,Masc,Sing,Inan,0.0447860093325999,NONE
не,PART,,advmod,,,,,0.0959279990525575,NONE
только,PART,,advmod,,,,,-0.0687489128321266,NONE
банк,NOUN,,obj,Acc,Masc,Sing,Inan,-0.2133852550987494,NONE
",",PUNCT,,punct,,,,,0.2642532513068702,NONE
но,CCONJ,,cc,,,,,0.0015450598624702,NONE
и,PART,,fixed,,,,,-0.083765731181289,NONE
истинных,ADJ,,amod,Acc,,Plur,Anim,-0.1402015726820317,NONE
преступников,NOUN,,conj,Acc,Masc,Plur,Anim,0.0169359901725932,NONE
",",PUNCT,,punct,,,,,0.1399702877765216,NONE
»,PUNCT,,punct,,,,,0.2929515518795262,NONE
—,PUNCT,,punct,,,,,0.2974057902791706,NONE
говорит,VERB,,parataxis,,,Sing,,-0.3260941463209258,NONE
он,PRON,,nsubj,Nom,Masc,Sing,,-0.238337776138364,NONE
.,PUNCT,,punct,,,,,0.0806159187123592,NONE
Я,PRON,,nsubj,Nom,,Sing,,-0.5834181234996908,NONE
сейчас,ADV,,advmod,,,,,-0.0285059841255282,NONE
закрою,VERB,,root,,,Sing,,-0.0125291518802735,NONE
этот,DET,,det,Acc,Masc,Sing,Inan,0.1276548201756373,NONE
диалог,NOUN,,obj,Acc,Masc,Sing,Inan,0.2229652516113079,NONE
",",PUNCT,,punct,,,,,0.2591608248669814,NONE
если,SCONJ,,mark,,,,,-0.1056155729275258,NONE
больше,ADV,,advmod,,,,,-0.2179506091534455,NONE
не,PART,,advmod,,,,,0.2610444679967594,NONE
поступит,VERB,,advcl,,,Sing,,0.0241251385994438,NONE
ответа,NOUN,,nsubj,Gen,Masc,Sing,Inan,0.1569602220456394,NONE
.,PUNCT,,punct,,,,,0.3798785978480417,NONE
Профессор,NOUN,,nsubj,Nom,Masc,Sing,Anim,0.233023282962921,NONE
Питер,PROPN,,appos,Nom,Masc,Sing,Anim,-0.0950279911183176,PER
Хорби,PROPN,,flat:name,Nom,Masc,Sing,Anim,-0.1252420512647818,PER
",",PUNCT,,punct,,,,,0.1898107994197176,NONE
эксперт,NOUN,,appos,Nom,Masc,Sing,Anim,0.0518812150596889,NONE
по,ADP,,case,,,,,0.1440396621559216,NONE
инфекционным,ADJ,,amod,Dat,,Plur,,0.1556884340921052,NONE
заболеваниям,NOUN,,nmod,Dat,Neut,Plur,Inan,0.1953083181376194,NONE
и,CCONJ,,cc,,,,,0.0109118465934175,NONE
сооснователь,NOUN,,conj,Nom,Masc,Sing,Anim,-0.0462538087236341,NONE
программы,NOUN,,nmod,Gen,Fem,Sing,Inan,0.0593006224142547,NONE
RECOVERY,PROPN,,flat:foreign,,,,,-0.0165917242467677,NONE
",",PUNCT,,punct,,,,,-0.1065645237690493,NONE
сказал,VERB,,root,,Masc,Sing,,-0.0970509648762192,NONE
:,PUNCT,,punct,,,,,0.0740293345945085,NONE
Перейдите,VERB,,root,,,Plur,,0.5217497929841176,NONE
на,ADP,,case,,,,,-0.1986894392919762,NONE
главный,ADJ,,amod,Acc,Masc,Sing,Inan,0.090663801048399,NONE
экран,NOUN,,obl,Acc,Masc,Sing,Inan,0.2647291468283676,NONE
.,PUNCT,,punct,,,,,0.6622777898304134,NONE
Заказ,NOUN,,nsubj:pass,Nom,Masc,Sing,Inan,0.5187786607771909,NONE
был,AUX,,aux:pass,,Masc,Sing,,-0.2204639665221112,NONE
обработан,VERB,,root,,Masc,Sing,,0.1925732656754722,NONE
как,SCONJ,,mark,,,,,-0.0032228990591712,NONE
заказ,NOUN,,advcl,Nom,Masc,Sing,Inan,0.1038714693704051,NONE
на,ADP,,case,,,,,-0.1243488631349251,NONE
самовынос,NOUN,,nmod,Acc,Masc,Sing,Inan,-0.0060964125158728,NONE
",",PUNCT,,punct,,,,,-0.0219175285967903,NONE
это,PRON,,nsubj,Nom,Neut,Sing,Inan,-0.1688001842596341,NONE
значит,VERB,,conj,,,Sing,,0.0089682878511616,NONE
",",PUNCT,,punct,,,,,0.2979018020096743,NONE
что,SCONJ,,mark,,,,,0.1936407436005077,NONE
вы,PRON,,nsubj,Nom,,Plur,,0.2933659112432623,NONE
решили,VERB,,ccomp,,,Plur,,0.0430787754091934,NONE
забрать,VERB,,xcomp,,,,,0.1089985341945972,NONE
его,PRON,,obj,Acc,Masc,Sing,,0.2863864421384799,NONE
сами,ADJ,,obl,Nom,,Plur,,0.1428532619250357,NONE
.,PUNCT,,punct,,,,,0.0013590671665066,NONE
Чемпионат,NOUN,,root,Nom,Masc,Sing,Inan,0.0582508137981399,NONE
мира,NOUN,,nmod,Gen,Masc,Sing,Inan,0.1110617108077594,NONE
по,ADP,,case,,,,,0.1392637677437727,NONE
регби,NOUN,,nmod,Dat,Fem,Sing,Inan,0.1609375135184479,NONE
2019,NUM,,appos,,,,,-0.03384013271922,NONE
:,PUNCT,,punct,,,,,0.0495687663081925,NONE
Воррен,PROPN,,nsubj,Nom,Masc,Sing,Anim,-0.0393479612381216,PER
Гатланд,PROPN,,flat:name,Nom,Masc,Sing,Anim,0.1590334004471459,PER
объявляет,VERB,,parataxis,,,Sing,,0.0039100220560906,NONE
состав,NOUN,,obj,Acc,Masc,Sing,Inan,0.0375412278489946,NONE
команды,NOUN,,nmod,Gen,Fem,Sing,Inan,0.0651448219360044,NONE
Уэльса,PROPN,,nmod,Gen,Masc,Sing,Inan,0.2890301033701256,LOC
в,ADP,,case,,,,,-0.0159215629337303,NONE
решающем,VERB,,amod,Loc,Masc,Sing,,0.0398460090703344,NONE
матче,NOUN,,obl,Loc,Masc,Sing,Inan,0.0778887461936599,NONE
с,ADP,,case,,,,,0.1457132377675989,NONE
Австралией,PROPN,,nmod,Ins,Fem,Sing,Inan,0.1405905755346042,LOC
Загрязнение,NOUN,,nsubj,Nom,Neut,Sing,Inan,0.6117111752201458,NONE
воздуха,NOUN,,nmod,Gen,Masc,Sing,Inan,0.10689024773632,NONE
повышает,VERB,,root,,,Sing,,0.6005266186942111,NONE
риск,NOUN,,obj,Acc,Masc,Sing,Inan,0.0408267864771414,NONE
детской,ADJ,,amod,Gen,Fem,Sing,,0.1792318901793604,NONE
смертности,NOUN,,nmod,Gen,Fem,Sing,Inan,0.002811517008207,NONE
Но,CCONJ,,cc,,,,,0.1679380001810276,NONE
вы,PRON,,nsubj,Nom,,Plur,,0.1400277702233279,NONE
",",PUNCT,,punct,,,,,0.0136936155591468,NONE
черт,NOUN,,obj,Acc,Masc,Sing,Inan,0.2078639871301957,NONE
возьми,VERB,,parataxis,,,Sing,,0.1336561309692395,NONE
",",PUNCT,,punct,,,,,0.1578724772702519,NONE
скажете,VERB,,root,,,Plur,,0.0648537303689935,NONE
мне,PRON,,iobj,Dat,,Sing,,-0.4494313060661594,NONE
",",PUNCT,,punct,,,,,0.1745261117367829,NONE
какую,DET,,det,Acc,Fem,Sing,,-0.1140088769669685,NONE
процедуру,NOUN,,obj,Acc,Fem,Sing,Inan,-0.0078497604116605,NONE
вы,PRON,,nsubj,Nom,,Plur,,-0.0232388305423283,NONE
порекомендуете,VERB,,ccomp,,,Plur,,0.4028808715902541,NONE
",",PUNCT,,punct,,,,,0.1929523167788167,NONE
потому,ADV,,mark,,,,,-0.1684454416163961,NONE
что,SCONJ,,fixed,,,,,-0.2741901631784883,NONE
я,PRON,,nsubj,Nom,,Sing,,0.0807543205144324,NONE
не,PART,,advmod,,,,,0.1050501271914567,NONE
знаю,VERB,,advcl,,,Sing,,0.0168812038894985,NONE
никакой,DET,,det,Gen,Fem,Sing,,0.0446256619470041,NONE
другой,ADJ,,obl,Gen,Fem,Sing,,-0.0203274636677594,NONE
",",PUNCT,,punct,,,,,0.1056855080743207,NONE
которая,PRON,,nsubj,Nom,,,,0.1907801556681872,NONE
поможет,VERB,,acl:relcl,,,Sing,,0.131655800190231,NONE
этому,DET,,det,Dat,Masc,Sing,,-0.0972645963152388,NONE
бедному,ADJ,,amod,Dat,Masc,Sing,,0.0256584360848964,NONE
парнишке»,NOUN,,iobj,Dat,Masc,Sing,Anim,0.0858122350075032,NONE
.,PUNCT,,punct,,,,,0.2496938549333635,NONE
Круз,PROPN,,nsubj,Nom,Masc,Sing,Anim,0.0575140977495742,NONE
",",PUNCT,,punct,,,,,-0.0665884330618148,NONE
который,PRON,,nsubj,Nom,,,,0.0829942288967456,NONE
на,ADP,,case,,,,,-0.0146889094951836,NONE
прошлой,ADJ,,amod,Loc,Fem,Sing,,0.0704131345431786,NONE
неделе,NOUN,,obl,Loc,Fem,Sing,Inan,-0.0161981731966116,NONE
возражал,VERB,,acl:relcl,,Masc,Sing,,0.0938002088726767,NONE
против,ADP,,case,,,,,-0.0469996783064805,NONE
стоимости,NOUN,,obl,Gen,Fem,Sing,Inan,0.0468986956053147,NONE
следующего,ADJ,,amod,Gen,Masc,Sing,,0.0268347557695717,NONE
пакета,NOUN,,nmod,Gen,Masc,Sing,Inan,0.087934065555088,NONE
",",PUNCT,,punct,,,,,0.1435166255570646,NONE
в,ADP,,case,,,,,0.0644187389445529,NONE
воскресенье,NOUN,,obl,Acc,Neut,Sing,Inan,-0.0402252139131138,NONE
заявил,VERB,,root,,Masc,Sing,,0.0428529213750531,NONE
",",PUNCT,,punct,,,,,0.0756011403752837,NONE
что,SCONJ,,mark,,,,,0.0139925632218841,NONE
не,PART,,advmod,,,,,0.0414202173677633,NONE
согласен,ADJ,,ccomp,,Masc,Sing,,0.0954790822176751,NONE
с,ADP,,case,,,,,0.1653921566835112,NONE
мерами,NOUN,,obl,Ins,Fem,Plur,Inan,0.171869892509364,NONE
",",PUNCT,,punct,,,,,0.0552277742140466,NONE
принятыми,VERB,,acl,Ins,,Plur,,0.1658270910233113,NONE
его,PRON,,nmod,Gen,Masc,Sing,,0.2150295380845098,NONE
товарищами-республиканцами,NOUN,,appos,Ins,Masc,Plur,Anim,0.1804353878409743,NONE
в,ADP,,case,,,,,0.1846189640701598,NONE
Сенате,PROPN,,obl,Loc,Masc,Sing,Inan,0.1033949168463993,ORG
.,PUNCT,,punct,,,,,-0.74899417916685,NONE
Де,PART,,nsubj,,,,,-0.0190719322585676,PER
Клерк,PROPN,,flat:name,Nom,Masc,Sing,Anim,0.200086833065214,PER
представлял,VERB,,root,,Masc,Sing,,-0.0653652905049342,NONE
Национальную,ADJ,,amod,Acc,Fem,Sing,,-0.0191572592715514,ORG
партию,NOUN,,obj,Acc,Fem,Sing,Inan,-0.044077936763309,ORG
",",PUNCT,,punct,,,,,0.0771905100005713,NONE
которая,PRON,,nsubj,Nom,,,,0.0880662168817761,NONE
в,ADP,,case,,,,,-0.076121324564648,NONE
1948,ADJ,,amod,,,,,0.0399571706170138,NONE
году,NOUN,,obl,Loc,Masc,Sing,Inan,-0.0091331426614948,NONE
официально,ADV,,advmod,,,,,0.0313988789636006,NONE
установила,VERB,,acl:relcl,,Fem,Sing,,-0.0027366444316964,NONE
расовую,ADJ,,amod,Acc,Fem,Sing,,-0.000585718958234,NONE
сегрегацию,NOUN,,obj,Acc,Fem,Sing,Inan,0.0683968980119934,NONE
режима,NOUN,,nmod,Gen,Masc,Sing,Inan,-0.0151761014846454,NONE
апартеида,NOUN,,nmod,Gen,Masc,Sing,Inan,0.0401173487699986,NONE
и,CCONJ,,cc,,,,,-0.1035810557646841,NONE
лишила,VERB,,conj,,Fem,Sing,,0.0113672756158027,NONE
избирательных,ADJ,,amod,Gen,,Plur,,-0.0584333636071232,NONE
прав,NOUN,,obj,Gen,Neut,Plur,Inan,-0.064653719795236,NONE
небелое,ADJ,,amod,Acc,Neut,Sing,,0.017323096343363,NONE
большинство,NOUN,,obj,Acc,Neut,Sing,Inan,0.0355065203278274,NONE
населения,NOUN,,nmod,Gen,Neut,Sing,Inan,-0.0827040218468522,NONE
Южной,PROPN,,amod,,,,,0.0292202934123396,LOC
Африки,PROPN,,nmod,Gen,Fem,Sing,Inan,0.0951149291957857,LOC
.,PUNCT,,punct,,,,,0.1643382712621371,NONE
Они,PRON,,nsubj:pass,Nom,,Plur,,-0.6039848860231668,NONE
поставляются,VERB,,root,,,Plur,,0.1302634676180747,NONE
без,ADP,,case,,,,,0.1399660251778146,NONE
рамки,NOUN,,obl,Gen,Fem,Sing,Inan,0.0811427047039087,NONE
.,PUNCT,,punct,,,,,-0.7531091378148468,NONE
Я,PRON,,nsubj,Nom,,Sing,,-0.5304408101401448,NONE
боялся,VERB,,root,,Masc,Sing,,0.233324701121535,NONE
",",PUNCT,,punct,,,,,0.5580377051637886,NONE
что,SCONJ,,mark,,,,,-0.0759920431171864,NONE
Covid,PROPN,,nsubj,,,,,-0.114745111019813,NONE
будет,AUX,,cop,,,Sing,,0.2656231000118683,NONE
хуже,ADJ,,ccomp,,,,,0.2419817149253592,NONE
.,PUNCT,,punct,,,,,-0.0191003289169582,NONE
Он,PRON,,nsubj:pass,Nom,Masc,Sing,,-0.1948724595025003,NONE
явно,ADV,,advmod,,,,,0.0377811012817965,NONE
зациклен,VERB,,root,,Masc,Sing,,0.1715026265802119,NONE
на,ADP,,case,,,,,-0.0221986393216445,NONE
устранении,NOUN,,obl,Loc,Neut,Sing,Inan,-0.0751069106351057,NONE
последствий,NOUN,,nmod,Gen,Neut,Plur,Inan,0.3860511048996479,NONE
.,PUNCT,,punct,,,,,0.6998565755492747,NONE
Парламентарий,NOUN,,nsubj,Nom,Masc,Sing,Anim,0.2083952876122388,NONE
от,ADP,,case,,,,,0.0297723690033942,NONE
Юго-восточного,PROPN,,amod,,,,,0.1765708836361211,LOC
Уэлса,PROPN,,nmod,Gen,Masc,Sing,Inan,0.1833553895720182,LOC
высказал,VERB,,root,,Masc,Sing,,0.2954076960297523,NONE
свою,DET,,det,Acc,Fem,Sing,,-0.2414761280739269,NONE
точку,NOUN,,obj,Acc,Fem,Sing,Inan,-0.0181056762219129,NONE
зрения,NOUN,,compound,Gen,Neut,Sing,Inan,0.0733861271224362,NONE
в,ADP,,case,,,,,0.0064406168689204,NONE
трансляции,NOUN,,obl,Loc,Fem,Sing,Inan,0.1153066590431091,NONE
из,ADP,,case,,,,,-0.085068714695939,NONE
Кардиффа,PROPN,,nmod,Gen,Masc,Sing,Inan,0.7473318581565541,LOC
в,ADP,,case,,,,,0.0414515232158225,NONE
четверг,NOUN,,nmod,Acc,Masc,Sing,Inan,0.2040480216087485,NONE
.,PUNCT,,punct,,,,,0.0790417163140273,NONE
Устройству,NOUN,,iobj,Dat,Neut,Sing,Inan,0.1674234344619668,NONE
необходим,ADJ,,root,,Masc,Sing,,0.1032149333577066,NONE
выходной,ADJ,,amod,Nom,Masc,Sing,,-0.0148230987308169,NONE
разъем,NOUN,,nsubj,Nom,Masc,Sing,Inan,0.1053602537865446,NONE
динамиков,NOUN,,nmod,Gen,Masc,Plur,Inan,0.0994637581993344,NONE
.,PUNCT,,punct,,,,,0.2430045606808368,NONE
Нажмите,VERB,,root,,,Plur,,0.0316604042635143,NONE
и,CCONJ,,cc,,,,,0.1212196429037558,NONE
удерживайте,VERB,,conj,,,Plur,,0.1358266151760212,NONE
кнопку,NOUN,,obj,Acc,Fem,Sing,Inan,-0.05596962169051,NONE
питания,NOUN,,nmod,Gen,Neut,Sing,Inan,-0.0890169270590295,NONE
электронной,ADJ,,amod,Gen,Fem,Sing,,0.2284512874077994,NONE
книги,NOUN,,nmod,Gen,Fem,Sing,Inan,0.2853111458056419,NONE
в,ADP,,case,,,,,0.2400624693520499,NONE
течение,NOUN,,fixed,Acc,Neut,Sing,Inan,-0.2229445673809478,NONE
30,NUM,,nummod,,,,,0.0372911318296884,NONE
секунд,NOUN,,obl,Gen,Fem,Plur,Inan,0.2085094827681524,NONE
.,PUNCT,,punct,,,,,0.2802996912731358,NONE
Он,PRON,,nsubj,Nom,Masc,Sing,,-0.0447211632703132,NONE
уволился,VERB,,root,,Masc,Sing,,0.5426118498121579,NONE
.,PUNCT,,punct,,,,,0.6407476692033395,NONE
Чтобы,SCONJ,,mark,,,,,-0.0938594291730086,NONE
восстановить,VERB,,advcl,,,,,-0.3381798772218742,NONE
свою,DET,,det,Acc,Fem,Sing,,-0.0571642295061241,NONE
учетную,ADJ,,amod,Acc,Fem,Sing,,0.1662142267306554,NONE
запись,NOUN,,obj,Acc,Fem,Sing,Inan,0.0580322123088529,NONE
в,ADP,,case,,,,,0.212784976553334,NONE
приложении,NOUN,,obl,Loc,Neut,Sing,Inan,0.0747242793918308,NONE
#PRS,PROPN,,flat:foreign,,,,,0.1496254690276057,ORG
_,SYM,,flat:foreign,,,,,0.0432774431304137,NONE
ORG,PROPN,,flat:foreign,,,,,-0.1946176986915574,NONE
#,PUNCT,,punct,,,,,-0.2631066599373718,NONE
",",PUNCT,,punct,,,,,0.3355789449483369,NONE
пожалуйста,ADV,,parataxis,,,,,0.0247632755728677,NONE
",",PUNCT,,punct,,,,,0.2916238723197894,NONE
следуйте,VERB,,root,,,Plur,,0.0759090127415604,NONE
указанным,VERB,,acl,Dat,,Plur,,0.1636522004163665,NONE
ниже,ADV,,advmod,,,,,0.1172030837890495,NONE
действиям,NOUN,,iobj,Dat,Neut,Plur,Inan,0.0706229738282308,NONE
:,PUNCT,,punct,,,,,-0.0782786941093763,NONE
Прокрутите,VERB,,root,,,Plur,,-0.0429092494526812,LOC
вниз,ADV,,advmod,,,,,0.1178154056426416,NONE
и,CCONJ,,cc,,,,,-0.2013147710694683,NONE
нажмите,VERB,,conj,,,Plur,,-0.2278932548588077,NONE
«Восстановить,VERB,,xcomp,,,,,0.233114709507549,NONE
учетную,ADJ,,amod,Acc,Fem,Sing,,-0.1177800568709924,NONE
запись»,NOUN,,obj,Acc,Fem,Sing,Inan,0.1311460718000165,NONE
.,PUNCT,,punct,,,,,0.0955238473896991,NONE
Тем,PRON,,discourse,Ins,Neut,Sing,Inan,-0.0739854001678258,NONE
не,PART,,fixed,,,,,-0.0617023982666804,NONE
менее,ADV,,fixed,,,,,-0.0379411588517027,NONE
",",PUNCT,,punct,,,,,0.1260412405224853,NONE
FDA,PROPN,,nsubj,,,,,0.0801840846863513,ORG
отметило,VERB,,root,,Neut,Sing,,0.0235637438838955,NONE
",",PUNCT,,punct,,,,,0.1562663305932833,NONE
что,SCONJ,,mark,,,,,0.0430832873597902,NONE
это,PRON,,nsubj,Nom,Neut,Sing,Inan,-0.0631329193526175,NONE
не,PART,,advmod,,,,,0.2852895923947899,NONE
означает,VERB,,ccomp,,,Sing,,0.069861427437712,NONE
",",PUNCT,,punct,,,,,0.087071665638209,NONE
что,SCONJ,,mark,,,,,0.1130487067449071,NONE
рак,NOUN,,nsubj:pass,Nom,Masc,Sing,Inan,-0.2052706735397551,NONE
вызывается,VERB,,ccomp,,,Sing,,-0.0789635439599867,NONE
имплантатом,NOUN,,obl,Ins,Masc,Sing,Inan,0.0542610145551526,NONE
",",PUNCT,,punct,,,,,0.0453777120267687,NONE
и,CCONJ,,cc,,,,,-0.1030518672417301,NONE
требуются,VERB,,conj,,,Plur,,-0.0130055911145596,NONE
новые,ADJ,,amod,Nom,,Plur,,-0.0179644957355257,NONE
исследования,NOUN,,nsubj,Nom,Neut,Plur,Inan,-0.0374851251065019,NONE
",",PUNCT,,punct,,,,,-0.0425436580974455,NONE
чтобы,SCONJ,,mark,,,,,0.1081839433945298,NONE
понять,VERB,,advcl,,,,,-0.0220118374821895,NONE
связь,NOUN,,obj,Acc,Fem,Sing,Inan,0.0282295282626083,NONE
между,ADP,,case,,,,,0.1516048747217642,NONE
заболеванием,NOUN,,nmod,Ins,Neut,Sing,Inan,0.0729689574256484,NONE
и,CCONJ,,cc,,,,,-0.0788287367868044,NONE
имплантатами,NOUN,,conj,Ins,Masc,Plur,Inan,0.0481036031561209,NONE
груди,NOUN,,nmod,Gen,Fem,Sing,Inan,0.0678672093354309,NONE
.,PUNCT,,punct,,,,,-0.5227158969084138,NONE
Мой,DET,,det,Nom,Masc,Sing,,-0.0440438031528106,NONE
доктор,NOUN,,nsubj,Nom,Masc,Sing,Anim,0.0492418608466595,NONE
говорит,VERB,,root,,,Sing,,-0.0494723150818471,NONE
",",PUNCT,,punct,,,,,0.1765202575622943,NONE
что,SCONJ,,mark,,,,,-0.3526776715017393,NONE
мне,PRON,,iobj,Dat,,Sing,,-0.188831030567842,NONE
потребуется,VERB,,ccomp,,,Sing,,-0.0585202445698029,NONE
реабилитация,NOUN,,nsubj,Nom,Fem,Sing,Inan,0.0653221114654293,NONE
в,ADP,,case,,,,,0.1173502725915557,NONE
течение,NOUN,,fixed,Acc,Neut,Sing,Inan,-0.1197818713409905,NONE
недели,NOUN,,obl,Gen,Fem,Sing,Inan,0.2380701467713098,NONE
",",PUNCT,,punct,,,,,0.2683902021096072,NONE
но,CCONJ,,cc,,,,,0.0822953506329502,NONE
я,PRON,,nsubj,Nom,,Sing,,0.3376261903833241,NONE
хочу,VERB,,conj,,,Sing,,-0.0016147615350349,NONE
быть,AUX,,cop,,,,,-0.1397803670753497,NONE
на,ADP,,case,,,,,0.110480465527427,NONE
Strictly,PROPN,,obl,,,,,0.1813858540780508,NONE
в,ADP,,case,,,,,0.1818874297189638,NONE
субботу,NOUN,,obl,Acc,Fem,Sing,Inan,0.0412389675655344,NONE
вечером,NOUN,,nmod,Ins,Masc,Sing,Inan,0.151909508482638,NONE
.,PUNCT,,punct,,,,,-0.1030234545650857,NONE
Было,VERB,,root,,Neut,Sing,,-0.2256102224248672,NONE
бы,AUX,,aux,,,,,0.3515947408355949,NONE
еще,ADV,,obl,,,,,-0.14614511816706,NONE
ничего,PRON,,nsubj,Gen,,,,-0.1023238459984822,NONE
",",PUNCT,,punct,,,,,-0.0034995028374644,NONE
если,SCONJ,,mark,,,,,-0.0632910612556351,NONE
бы,AUX,,aux,,,,,-0.1740119489539055,NONE
продавцы,NOUN,,nsubj,Nom,Masc,Plur,Anim,-0.0538579966383108,NONE
ясно,ADV,,advmod,,,,,-0.0892378835253461,NONE
сообщали,VERB,,advcl,,,Plur,,-0.1788339635726333,NONE
об,ADP,,case,,,,,0.0379473116078843,NONE
этом,PRON,,obl,Loc,Neut,Sing,Inan,-0.0975614917547411,NONE
",",PUNCT,,punct,,,,,0.212669801258537,NONE
но,CCONJ,,cc,,,,,0.116784769563428,NONE
так,ADV,,advmod,,,,,0.0312710416022786,NONE
не,PART,,advmod,,,,,0.0690912511351776,NONE
бывает,VERB,,conj,,,Sing,,0.0476451631538677,NONE
почти,ADV,,advmod,,,,,0.0410033378232846,NONE
никогда,ADV,,advmod,,,,,0.6869191276445515,NONE
.,PUNCT,,punct,,,,,-0.2203379148279029,NONE
В,ADP,,case,,,,,-0.3153875249474552,NONE
Австрии,PROPN,,obl,Loc,Fem,Sing,Inan,0.0635370640218457,LOC
обязателен,ADJ,,root,,Masc,Sing,,0.1973869267889894,NONE
домашний,ADJ,,amod,Nom,Masc,Sing,,0.1168532680035484,NONE
карантин,NOUN,,nsubj,Nom,Masc,Sing,Inan,0.0770032883693296,NONE
",",PUNCT,,punct,,,,,0.1205714705791123,NONE
несмотря,ADV,,case,,,,,0.010357492721935,NONE
на,ADP,,fixed,,,,,0.0779706488413055,NONE
отрицательный,ADJ,,amod,Acc,Masc,Sing,Inan,0.144702591764022,NONE
ПЦР-тест,PROPN,,appos,Acc,Masc,Sing,Inan,0.1989081436989654,NONE
.,PUNCT,,punct,,,,,0.2104394099806028,NONE
Это,DET,,det,Nom,Neut,Sing,,-0.0574467237636645,NONE
требование,NOUN,,nsubj,Nom,Neut,Sing,Inan,0.1187361492591647,NONE
уже,PART,,advmod,,,,,0.219957078537886,NONE
действует,VERB,,root,,,Sing,,-0.079023180793394,NONE
для,ADP,,case,,,,,0.0482432655133423,NONE
тех,DET,,obl,Gen,,Plur,,0.1181486384544999,NONE
",",PUNCT,,punct,,,,,0.1587151493889751,NONE
кто,PRON,,nsubj,Nom,,,,0.0448505477886621,NONE
въезжает,VERB,,acl:relcl,,,Sing,,0.175055372735035,NONE
в,ADP,,case,,,,,0.1638457184997094,NONE
Германию,PROPN,,obl,Acc,Fem,Sing,Inan,0.0647105116346759,LOC
.,PUNCT,,punct,,,,,-0.0589816297760965,NONE
Въезд,NOUN,,nsubj:pass,Nom,Masc,Sing,Inan,0.0553255070041856,NONE
в,ADP,,case,,,,,0.1398861281092316,NONE
южную,ADJ,,amod,Acc,Fem,Sing,,0.0340899350665847,NONE
Румынию,PROPN,,nmod,Acc,Fem,Sing,Inan,0.1771314362086238,LOC
без,ADP,,case,,,,,0.2338227571774795,NONE
серьезной,ADJ,,amod,Gen,Fem,Sing,,0.0503284985573869,NONE
причины,NOUN,,obl,Gen,Fem,Sing,Inan,0.002437889998732,NONE
был,AUX,,aux:pass,,Masc,Sing,,-0.0698546904459235,NONE
запрещен,VERB,,root,,Masc,Sing,,-0.0957286926482357,NONE
на,ADP,,case,,,,,-0.0039484093772548,NONE
следующие,ADJ,,amod,Acc,,Plur,Inan,-0.0356540219608411,NONE
14,NUM,,nummod,,,,,-0.0258643002522686,NONE
дней,NOUN,,obl,Gen,Masc,Plur,Inan,-0.0383557280323083,NONE
.,PUNCT,,punct,,,,,0.1046012437945034,NONE
А,CCONJ,,cc,,,,,0.0397496096812342,NONE
Греция,PROPN,,nsubj,Nom,Fem,Sing,Inan,0.1776044827672241,LOC
еще,PART,,advmod,,,,,0.0018215442918794,NONE
сильнее,ADV,,advmod,,,,,-0.0560854124758465,NONE
ужесточила,VERB,,root,,Fem,Sing,,0.0016779802816277,NONE
меры,NOUN,,obj,Acc,Fem,Plur,Inan,0.0071575990733603,NONE
вдоль,ADP,,case,,,,,0.017071454375112,NONE
сухопутных,ADJ,,amod,Gen,,Plur,,0.1019940473534388,NONE
границ,NOUN,,nmod,Gen,Fem,Plur,Inan,-0.0180815219047148,NONE
.,PUNCT,,punct,,,,,0.2910799358563401,NONE
Плакаты,NOUN,,nsubj:pass,Nom,Masc,Plur,Inan,0.0019762928216875,NONE
формата,NOUN,,nmod,Gen,Masc,Sing,Inan,0.1882971284035667,NONE
А2,PROPN,,appos,,,,,0.0689181698407117,NONE
поставляются,VERB,,root,,,Plur,,0.0244406286253034,NONE
в,ADP,,case,,,,,-0.0227380999913698,NONE
картонной,ADJ,,amod,Loc,Fem,Sing,,-0.0662276475866762,NONE
трубке,NOUN,,obl,Loc,Fem,Sing,Inan,0.1373907414223023,NONE
для,ADP,,case,,,,,0.0424300547183998,NONE
плакатов,NOUN,,nmod,Gen,Masc,Plur,Inan,0.2594797609371971,NONE
.,PUNCT,,punct,,,,,0.550588618859647,NONE
Это,PRON,,nsubj,Nom,Neut,Sing,Inan,-0.1423708911771318,NONE
не,PART,,advmod,,,,,0.1120800602307825,NONE
кино,NOUN,,root,Nom,Neut,Sing,Inan,-0.1150170672862565,NONE
по,ADP,,case,,,,,0.016428225251219,NONE
сюжету,NOUN,,nmod,Dat,Masc,Sing,Inan,0.0769524368804354,NONE
комикса,NOUN,,nmod,Gen,Masc,Sing,Inan,-0.073503871305895,NONE
и,CCONJ,,cc,,,,,-0.1085988011989812,NONE
",",PUNCT,,punct,,,,,-0.0311898166993097,NONE
если,SCONJ,,mark,,,,,-0.0557077800713735,NONE
не,PART,,advmod,,,,,-0.0781440646931081,NONE
считать,VERB,,advcl,,,,,0.015557293647932,NONE
несколько,NUM,,nummod:gov,Acc,,,Inan,-0.070312777467066,NONE
реверансов,NOUN,,obj,Gen,Masc,Plur,Inan,-0.0286030594394147,NONE
в,ADP,,case,,,,,0.1392211345702303,NONE
адрес,NOUN,,nmod,Acc,Masc,Sing,Inan,-0.0960090930225119,NONE
легенды,NOUN,,nmod,Gen,Fem,Sing,Inan,0.0680910624244866,NONE
про,ADP,,case,,,,,0.0146023296016773,NONE
Бэтмена,PROPN,,nmod,Acc,Masc,Sing,Anim,0.0954169423652226,PER
",",PUNCT,,punct,,,,,0.1328941489362251,NONE
это,PRON,,nsubj,Nom,Neut,Sing,Inan,-0.0856998505055715,NONE
абсолютно,ADV,,advmod,,,,,0.0089260846917885,NONE
другая,DET,,det,Nom,Fem,Sing,,0.2617026761446607,NONE
история,NOUN,,conj,Nom,Fem,Sing,Inan,-0.0365825199278441,NONE
",",PUNCT,,punct,,,,,0.0460599333017696,NONE
и,CCONJ,,cc,,,,,-0.0360652034572821,NONE
именно,PART,,advmod,,,,,-0.0142264928501291,NONE
поэтому,ADV,,advmod,,,,,-0.0997249310058332,NONE
она,PRON,,nsubj,Nom,Fem,Sing,,0.0436574293495479,NONE
настолько,ADV,,advmod,,,,,-0.0172339907913651,NONE
удалась,VERB,,conj,,Fem,Sing,,-0.0377248490960484,NONE
;,PUNCT,,punct,,,,,-0.0528959902352526,NONE
здесь,ADV,,advmod,,,,,-0.7397577495357318,NONE
нет,VERB,,conj,,,,,0.0315246004693494,NONE
формата,NOUN,,nsubj,Gen,Masc,Sing,Inan,0.0143015482364422,NONE
",",PUNCT,,punct,,,,,0.0686336956807304,NONE
нет,VERB,,conj,,,,,0.0137660904509765,NONE
условностей,NOUN,,nsubj,Gen,Fem,Plur,Inan,0.0284410450243059,NONE
и,CCONJ,,cc,,,,,-0.0116538001595965,NONE
нет,VERB,,conj,,,Sing,,0.0378874941019702,NONE
правил,NOUN,,nsubj,Gen,Neut,Plur,Inan,0.0298094765755791,NONE
.,PUNCT,,punct,,,,,0.1198970135690173,NONE
Источник,NOUN,,nsubj,Nom,Masc,Sing,Inan,0.0205528443117785,NONE
из,ADP,,case,,,,,-0.1016411423926706,NONE
числа,NOUN,,nmod,Gen,Neut,Sing,Inan,-0.0485821180675875,NONE
бывших,ADJ,,amod,Gen,,Plur,,-0.0136628755492982,NONE
членов,NOUN,,nmod,Gen,Masc,Plur,Anim,-0.0051946059468964,NONE
Лейбористской,ADJ,,amod,Gen,Fem,Sing,,0.0302737744430772,ORG
партии,NOUN,,nmod,Gen,Fem,Sing,Inan,-0.0058002171489573,ORG
заявил,VERB,,root,,Masc,Sing,,-0.04366500460544,NONE
Daily,PROPN,,flat:foreign,,,,,-0.0057071259957147,ORG
Mail,PROPN,,flat:foreign,,,,,0.073796971919425,ORG
",",PUNCT,,punct,,,,,0.0826688785388553,NONE
что,SCONJ,,mark,,,,,0.0691713912077261,NONE
они,PRON,,nsubj,Nom,,Plur,,0.0047355739500553,NONE
бы,AUX,,aux,,,,,0.0090226362771132,NONE
обратились,VERB,,ccomp,,,Plur,,-0.0138388897507288,NONE
в,ADP,,case,,,,,0.798026863326827,NONE
суд,NOUN,,obl,Acc,Masc,Sing,Inan,0.5022795982420207,NONE
",",PUNCT,,punct,,,,,0.1566536399060884,NONE
даже,PART,,advmod,,,,,-0.0898283744636304,NONE
если,SCONJ,,mark,,,,,-0.1016180507915565,NONE
бы,AUX,,aux,,,,,-0.0169763045018701,NONE
г-н,NOUN,,nsubj,Nom,Masc,Sing,Anim,0.0364364246543239,NONE
Стармер,PROPN,,appos,Nom,Masc,Sing,Anim,0.0059896397663072,PER
исключил,VERB,,advcl,,Masc,Sing,,0.0446870639227789,NONE
г-на,NOUN,,obj,Acc,Masc,Sing,Anim,0.024718177517157,NONE
Корбина,PROPN,,appos,Acc,Masc,Sing,Anim,0.0016884652092983,PER
.,PUNCT,,punct,,,,,0.0751683362159754,NONE
Шотландцам,NOUN,,iobj,Dat,Masc,Plur,Anim,0.0307545069357232,NONE
придется,VERB,,root,,,Sing,,-0.1386368397340295,NONE
столкнуться,VERB,,csubj,,,,,-0.0014520638815642,NONE
со,ADP,,case,,,,,-0.1344842027773032,NONE
своим,DET,,det,Ins,Masc,Sing,,-0.039420459781152,NONE
бывшим,ADJ,,amod,Ins,Masc,Sing,,0.0500213172222929,NONE
вратарем,NOUN,,obl,Ins,Masc,Sing,Anim,0.0054336542446758,NONE
Шейном,PROPN,,appos,Ins,Masc,Sing,Anim,0.0311222113557003,PER
Оуэном,PROPN,,flat:name,Ins,Masc,Sing,Anim,0.2853455751137742,PER
",",PUNCT,,punct,,,,,0.1322503773024022,NONE
перешедшим,VERB,,acl,Ins,Masc,Sing,,0.0471528481423794,NONE
на,ADP,,case,,,,,-0.0917492077187485,NONE
сторону,NOUN,,obl,Acc,Fem,Sing,Inan,-0.0563246998705757,NONE
Белфаста,PROPN,,nmod,Gen,Masc,Sing,Inan,-0.0022571696807699,LOC
после,ADP,,case,,,,,0.1808493938122772,NONE
сильной,ADJ,,amod,Gen,Fem,Sing,,0.3175380060115346,NONE
игры,NOUN,,obl,Gen,Fem,Sing,Inan,0.0252323984109898,NONE
в,ADP,,case,,,,,0.0006839234420526,NONE
сезоне,NOUN,,nmod,Loc,Masc,Sing,Inan,0.0855559822440161,NONE
",",PUNCT,,punct,,,,,0.277070430422135,NONE
проведенном,VERB,,acl,Loc,Masc,Sing,,0.0704472466656561,NONE
с,ADP,,case,,,,,0.0819393838332317,NONE
Файф,PROPN,,obl,Ins,Masc,Sing,Inan,0.0896824506659863,PER
Флаерс,PROPN,,appos,Ins,Masc,Sing,Inan,0.0473241630299274,PER
.,PUNCT,,punct,,,,,0.3303789136870463,NONE
После,ADP,,case,,,,,0.1711349135652225,NONE
успешной,ADJ,,amod,Gen,Fem,Sing,,0.2377531618914697,NONE
аукционной,ADJ,,amod,Gen,Fem,Sing,,0.0048397308742448,NONE
ставки,NOUN,,obl,Gen,Fem,Sing,Inan,-0.3122481249155688,NONE
требуется,VERB,,root,,,Sing,,0.4033187395886824,NONE
немедленная,ADJ,,amod,Nom,Fem,Sing,,0.4782211562463647,NONE
оплата,NOUN,,nsubj,Nom,Fem,Sing,Inan,0.1426659995285473,NONE
Шведский,ADJ,,amod,Nom,Masc,Sing,,0.0314298066001995,NONE
боец,NOUN,,nsubj,Nom,Masc,Sing,Anim,-0.0232025559532582,NONE
воспользовалась,VERB,,root,,Fem,Sing,,0.0037750399707641,NONE
моментом,NOUN,,obl,Ins,Masc,Sing,Inan,-0.0367440826601047,NONE
без,ADP,,case,,,,,-0.0574477170954158,NONE
колебаний,NOUN,,nmod,Gen,Neut,Plur,Inan,-0.0319803052225138,NONE
",",PUNCT,,punct,,,,,-0.0030487264222708,NONE
выбив,VERB,,advcl,,,,,0.0067673706705151,NONE
соперницу,NOUN,,obj,Acc,Fem,Sing,Anim,-0.0179259404482152,NONE
правой,ADJ,,amod,Ins,Fem,Sing,,0.0199762931162573,NONE
рукой,NOUN,,obl,Ins,Fem,Sing,Inan,0.0161661387771969,NONE
и,CCONJ,,cc,,,,,0.000463433709649,NONE
затем,ADV,,advmod,,,,,-0.0069198734987682,NONE
нанеся,VERB,,conj,,,,,0.0146760103423306,NONE
дальнейшую,ADJ,,amod,Acc,Fem,Sing,,0.0646670027098079,NONE
серию,NOUN,,obj,Acc,Fem,Sing,Inan,0.9243576042355937,NONE
ударов,NOUN,,nmod,Gen,Masc,Plur,Inan,0.0783130201916163,NONE
",",PUNCT,,punct,,,,,0.1081066236196185,NONE
чтобы,SCONJ,,mark,,,,,0.106041955183464,NONE
прижать,VERB,,advcl,,,,,0.0787299238225238,NONE
Коррейю,PROPN,,obj,Acc,Fem,Sing,Anim,0.0139630264675982,PER
к,ADP,,case,,,,,-0.0217578837477535,NONE
сетке,NOUN,,obl,Dat,Fem,Sing,Inan,0.0360118010502246,NONE
.,PUNCT,,punct,,,,,-0.0902590206375693,NONE
Никаких,DET,,det,Gen,,Plur,,0.2862948656637466,NONE
выражений,NOUN,,nsubj,Gen,Neut,Plur,Inan,-0.0594847053572826,NONE
соболезнования,NOUN,,nmod,Gen,Neut,Sing,Inan,-0.0476825746293592,NONE
не,PART,,advmod,,,,,0.0828902469277667,NONE
будет,AUX,,cop,,,Sing,,-0.0510673975488495,NONE
достаточно,ADV,,root,,,,,-0.2680221069696384,NONE
",",PUNCT,,punct,,,,,0.0243843054557535,NONE
чтобы,SCONJ,,mark,,,,,-0.0354139763455105,NONE
воздать,VERB,,advcl,,,,,0.0200209084375198,NONE
должное,NOUN,,obj,Acc,Neut,Sing,Inan,0.0358470425686362,NONE
моджахеду,NOUN,,iobj,Dat,Masc,Sing,Anim,0.2755918683238262,NONE
Махмуду,PROPN,,appos,Dat,Masc,Sing,Anim,0.3131470929288748,PER
Гуемаму,PROPN,,flat:name,Dat,Masc,Sing,Anim,0.0252172437091957,PER
",",PUNCT,,punct,,,,,0.0644714086370908,NONE
мир,NOUN,,conj,Acc,Masc,Sing,Inan,-0.2267616761015925,NONE
ему,PRON,,iobj,Dat,Masc,Sing,,-0.2172195761122585,NONE
.,PUNCT,,punct,,,,,0.5575264601726995,NONE
История,NOUN,,nsubj,Nom,Fem,Sing,Inan,-0.5283225471846763,NONE
AP,PROPN,,flat:foreign,,,,,0.1172541210372895,ORG
перекликается,VERB,,root,,,Sing,,0.0330293214806932,NONE
со,ADP,,case,,,,,-0.0887531049370574,NONE
статьей,NOUN,,obl,Ins,Fem,Sing,Inan,-0.0322458409394489,NONE
репортера,NOUN,,nmod,Gen,Masc,Sing,Anim,0.0720058610441994,NONE
ABC,PROPN,,flat:foreign,,,,,-0.0452470318374641,ORG
News,PROPN,,flat:foreign,,,,,0.0672752574860072,ORG
Джонатана,PROPN,,appos,Gen,Masc,Sing,Anim,0.1539971075217381,PER
Карла,PROPN,,flat:name,Gen,Masc,Sing,Anim,0.1978660101244885,PER
",",PUNCT,,punct,,,,,0.1456747835720925,NONE
вышедшей,VERB,,acl,Gen,Fem,Sing,,0.0633728809882881,NONE
в,ADP,,case,,,,,0.358686946289021,NONE
его,DET,,det,,,,,0.0536517381198265,NONE
авторской,ADJ,,amod,Loc,Fem,Sing,,0.1214794673513454,NONE
колонке,NOUN,,obl,Loc,Fem,Sing,Inan,0.0156152379288172,NONE
в,ADP,,case,,,,,0.0569544980329604,NONE
Washington,PROPN,,flat:foreign,,,,,0.2268058161257673,ORG
Post,PROPN,,flat:foreign,,,,,-0.0145913748632113,ORG
ранее,ADV,,advmod,,,,,0.0724031333901204,NONE
в,ADP,,case,,,,,0.0584183349972981,NONE
этом,DET,,det,Loc,Masc,Sing,,-0.0179158887123188,NONE
месяце,NOUN,,obl,Loc,Masc,Sing,Inan,0.1201194874708488,NONE
;,PUNCT,,punct,,,,,0.0719352215753667,NONE
он,PRON,,nsubj,Nom,Masc,Sing,,0.1261110092386118,NONE
также,ADV,,advmod,,,,,0.1022747544720152,NONE
занимает,VERB,,conj,,,Sing,,0.0942890365588607,NONE
пост,NOUN,,obj,Acc,Masc,Sing,Inan,0.0494270202317884,NONE
президента,NOUN,,nmod,Gen,Masc,Sing,Anim,0.0827014570084162,NONE
Ассоциации,PROPN,,nmod,Gen,Fem,Sing,Inan,0.0590375134860454,ORG
корреспондентов,NOUN,,nmod,Gen,Masc,Plur,Anim,0.1124015669755702,ORG
Белого,ADJ,,amod,Gen,Masc,Sing,,0.186500877263978,LOC
дома,NOUN,,nmod,Gen,Masc,Sing,Inan,-0.0502358052861512,LOC
.,PUNCT,,punct,,,,,-0.3304379716717821,NONE
Некоторые,DET,,det,Nom,,Plur,,-0.0031991712260419,NONE
компании,NOUN,,nsubj,Nom,Fem,Plur,Inan,0.5087631271783638,NONE
предлагают,VERB,,root,,,Plur,,-0.3134269031006742,NONE
полиции,NOUN,,iobj,Dat,Fem,Sing,Inan,0.0071326410018807,NONE
использовать,VERB,,xcomp,,,,,-0.0745385392581522,NONE
новые,ADJ,,amod,Acc,,Plur,Inan,-0.1803083769800691,NONE
высокотехнологичные,ADJ,,amod,Acc,,Plur,Inan,0.1250505180330562,NONE
средства,NOUN,,obj,Acc,Neut,Plur,Inan,0.0319317100788762,NONE
",",PUNCT,,punct,,,,,0.0251449689619476,NONE
такие,DET,,det,Acc,,Plur,,0.0351499660632899,NONE
как,SCONJ,,mark,,,,,0.0081674512395609,NONE
дистанционные,ADJ,,amod,Acc,,Plur,Inan,0.0147197844901818,NONE
наручники,NOUN,,obl,Acc,Masc,Plur,Inan,-0.0082789759527239,NONE
",",PUNCT,,punct,,,,,0.3671240943644589,NONE
вместо,ADP,,case,,,,,0.0675609869258908,NONE
таких,DET,,det,Gen,,Plur,,-0.0054989186923721,NONE
более,ADV,,obl,,,,,0.0758757617805079,NONE
опасных,ADJ,,amod,Gen,,Plur,,0.0881724946544491,NONE
вариантов,NOUN,,obl,Gen,Masc,Plur,Inan,-0.0384815828045366,NONE
",",PUNCT,,punct,,,,,0.0439649886203528,NONE
как,SCONJ,,mark,,,,,0.0072000429691322,NONE
перцовый,ADJ,,amod,Nom,Masc,Sing,,0.0480116964560955,NONE
аэрозоль,NOUN,,advcl,Nom,Masc,Sing,Inan,0.0576321278889303,NONE
",",PUNCT,,punct,,,,,-0.0118798184883672,NONE
резиновые,ADJ,,amod,Nom,,Plur,,0.0886239612503463,NONE
пули,NOUN,,conj,Nom,Fem,Plur,Inan,0.0638221689472307,NONE
и,CCONJ,,cc,,,,,0.0222398792651822,NONE
светошумовые,ADJ,,amod,Nom,,Plur,,0.062624718540497,NONE
гранаты,NOUN,,conj,Nom,Fem,Plur,Inan,0.1707942588863071,NONE
.,PUNCT,,punct,,,,,-0.2698298263679776,NONE
В,ADP,,case,,,,,0.0503581294070221,NONE
пятницу,NOUN,,obl,Acc,Fem,Sing,Inan,-0.0037667769436324,NONE
в,ADP,,case,,,,,0.1202033360397656,NONE
Шотландии,PROPN,,obl,Loc,Fem,Sing,Inan,0.1918419297524891,LOC
пройдет,VERB,,root,,,Sing,,-0.6399144167925835,NONE
множество,NOUN,,nsubj,Nom,Neut,Sing,Inan,-0.1361497808908327,NONE
таких,DET,,det,Gen,,Plur,,-0.3747930006669889,NONE
благотворительных,ADJ,,amod,Gen,,Plur,,0.166030581631787,NONE
завтраков,NOUN,,nmod,Gen,Masc,Plur,Inan,-0.1244510095854586,NONE
с,ADP,,case,,,,,-0.1007188248796796,NONE
кофе,NOUN,,nmod,Ins,Masc,Sing,Inan,0.3599725933763505,NONE
.,PUNCT,,punct,,,,,0.1172485897337435,NONE
Мы,PRON,,nsubj,Nom,,Plur,,-0.2394133273687696,NONE
обращались,VERB,,root,,,Plur,,-0.0713502821038452,NONE
с,ADP,,case,,,,,-0.0101806725885927,NONE
ними,PRON,,obl,Ins,,Plur,,-0.1787852386749161,NONE
немного,ADV,,advmod,,,,,0.4231580280107989,NONE
не,PART,,advmod,,,,,0.2074145097524073,NONE
так,ADV,,advmod,,,,,-0.1699499749712422,NONE
",",PUNCT,,punct,,,,,0.2736320978407913,NONE
как,SCONJ,,mark,,,,,-0.0195987228196084,NONE
сейчас,ADV,,advcl,,,,,0.2786232022051738,NONE
.,PUNCT,,punct,,,,,0.5840552672048082,NONE
Включите,VERB,,root,,,Plur,,0.0444682194823113,NONE
свою,DET,,det,Acc,Fem,Sing,,0.3453622441759977,NONE
электронную,ADJ,,amod,Acc,Fem,Sing,,0.3427946510093439,NONE
книгу,NOUN,,obj,Acc,Fem,Sing,Inan,0.3890595443533053,NONE
.,PUNCT,,punct,,,,,0.4666459437302145,NONE
Пожалуйста,ADV,,parataxis,,,,,0.2614045374754914,NONE
",",PUNCT,,punct,,,,,-0.0470702248614574,NONE
сделайте,VERB,,root,,,Plur,,0.1592224344209998,NONE
мне,PRON,,iobj,Dat,,Sing,,-0.1014075496853754,NONE
одолжение,NOUN,,obj,Acc,Neut,Sing,Inan,0.0943214360990279,NONE
",",PUNCT,,punct,,,,,0.1050092428194562,NONE
прочитайте,VERB,,conj,,,Plur,,0.2031868780363652,NONE
их,PRON,,obj,Acc,,Plur,,0.028275582282011,NONE
сначала,ADV,,advmod,,,,,0.1167476289879168,NONE
",",PUNCT,,punct,,,,,0.1579160261155549,NONE
а,CCONJ,,cc,,,,,0.1337451728813636,NONE
затем,ADV,,advmod,,,,,-0.0903094356517929,NONE
выполните,VERB,,conj,,,Plur,,0.5478470197911992,NONE
их,PRON,,obj,Acc,,Plur,,0.0077982820826167,NONE
Отображаемый,VERB,,amod,Nom,Masc,Sing,,0.0528356223902163,PER
срок,NOUN,,nsubj,Nom,Masc,Sing,Inan,-0.1372032918331816,NONE
доставки,NOUN,,nmod,Gen,Fem,Sing,Inan,-0.13453458118986,NONE
соответствует,VERB,,root,,,Sing,,-0.093292838445968,NONE
предполагаемому,VERB,,amod,Dat,Masc,Sing,,0.2292992253294024,NONE
времени,NOUN,,iobj,Dat,Neut,Sing,Inan,-0.0980931734324937,NONE
прибытия,NOUN,,nmod,Gen,Neut,Sing,Inan,0.1321249463295076,NONE
следующей,ADJ,,amod,Gen,Fem,Sing,,0.0531132375670022,NONE
партии,NOUN,,nmod,Gen,Fem,Sing,Inan,0.219472420426619,NONE
.,PUNCT,,punct,,,,,0.6685714657362791,NONE
Общий,ADJ,,amod,Nom,Masc,Sing,,-0.0475949441331657,NONE
счет,NOUN,,nsubj,Nom,Masc,Sing,Inan,-0.2206761333228138,NONE
Кианзад,PROPN,,nmod,Gen,Fem,Sing,Anim,0.0175081620451519,PER
теперь,ADV,,advmod,,,,,-0.0310555276493915,NONE
13-5,NUM,,root,,,,,0.1057029895143404,NONE
и,CCONJ,,cc,,,,,-0.0519269008403831,NONE
2-1,NUM,,conj,,,,,-0.0895206581489767,NONE
в,ADP,,case,,,,,0.063593052706385,NONE
UFC,PROPN,,flat:foreign,,,,,-0.0202486116933497,ORG
",",PUNCT,,punct,,,,,0.0236017823279628,NONE
в,ADP,,cc,,,,,0.1201940327545335,NONE
то,DET,,fixed,Acc,Neut,Sing,Inan,0.0166307530914978,NONE
время,NOUN,,fixed,Acc,Neut,Sing,Inan,0.4419296486068506,NONE
как,SCONJ,,fixed,,,,,0.0429974828132785,NONE
женщина,NOUN,,nsubj,Nom,Fem,Sing,Anim,0.0176574192593772,NONE
по,ADP,,case,,,,,-0.0073082614479282,NONE
прозвищу,NOUN,,nmod,Dat,Neut,Sing,Inan,0.3301288754638024,NONE
«Банзай»,NOUN,,nmod,Nom,Masc,Sing,Inan,0.2469440255780139,NONE
стремится,VERB,,advcl,,,Sing,,0.0662032347877404,NONE
поднять,VERB,,xcomp,,,,,-0.0443910076683622,NONE
рейтинги,NOUN,,obj,Acc,Masc,Plur,Inan,0.0858245785569318,NONE
в,ADP,,case,,,,,0.0491814144551118,NONE
135,NUM,,nummod,,,,,0.0893820689781637,NONE
фунтах,NOUN,,nmod,Loc,Masc,Plur,Inan,0.1082470216649182,NONE
.,PUNCT,,punct,,,,,-0.6778603588839912,NONE
Заместитель,NOUN,,nsubj,Nom,Masc,Sing,Anim,0.4335537105220091,NONE
главы,NOUN,,nmod,Gen,Masc,Sing,Anim,-0.067046051769709,NONE
министерства,NOUN,,nmod,Gen,Neut,Sing,Inan,-0.1013097427294992,NONE
здравоохранения,NOUN,,nmod,Gen,Neut,Sing,Inan,-0.1979530246639905,NONE
Испании,PROPN,,nmod,Gen,Fem,Sing,Inan,0.010122088873896,LOC
по,ADP,,case,,,,,0.1289601126113295,NONE
вопросам,NOUN,,nmod,Dat,Masc,Plur,Inan,0.1081222491164623,NONE
неотложной,ADJ,,amod,Gen,Fem,Sing,,0.2616128782676745,NONE
медицинской,ADJ,,amod,Gen,Fem,Sing,,-0.1281246817389628,NONE
помощи,NOUN,,nmod,Gen,Fem,Sing,Inan,0.1087939924674409,NONE
Мария,PROPN,,appos,Nom,Fem,Sing,Anim,0.0521410556758004,PER
Хосе,PROPN,,flat:name,Nom,Fem,Sing,Anim,-0.0607751644172573,PER
Сиерра,PROPN,,flat:name,Nom,Fem,Sing,Anim,-0.0050158372204926,PER
заявила,VERB,,root,,Fem,Sing,,0.4742606721470721,NONE
:,PUNCT,,punct,,,,,-0.0661190656354702,NONE
Полиция,NOUN,,nsubj,Nom,Fem,Sing,Inan,0.2260061546995506,NONE
начала,VERB,,root,,Fem,Sing,,-0.1340244695256823,NONE
расследование,NOUN,,obj,Acc,Neut,Sing,Inan,-0.0532800873646136,NONE
покушения,NOUN,,nmod,Gen,Neut,Sing,Inan,-0.0137609393828618,NONE
на,ADP,,case,,,,,-0.1451850743364908,NONE
убийство,NOUN,,nmod,Acc,Neut,Sing,Inan,0.0392764218261436,NONE
после,ADP,,case,,,,,-0.1350447337498342,NONE
вызова,NOUN,,obl,Gen,Masc,Sing,Inan,0.0822549127382712,NONE
в,ADP,,case,,,,,0.1046194154708645,NONE
дом,NOUN,,nmod,Acc,Masc,Sing,Inan,-0.096169985651854,NONE
мужчины,NOUN,,nmod,Gen,Masc,Sing,Anim,-0.2984795010922146,NONE
примерно,ADV,,obl,,,,,-0.0321997179505577,NONE
в,ADP,,case,,,,,0.0058278587926824,NONE
час,NOUN,,obl,Acc,Masc,Sing,Inan,0.2982121509561243,NONE
ночи,NOUN,,nmod,Gen,Fem,Sing,Inan,0.002308230426999,NONE
в,ADP,,case,,,,,0.2109397383284859,NONE
четверг,NOUN,,nmod,Acc,Masc,Sing,Inan,0.0078815297536715,NONE
.,PUNCT,,punct,,,,,0.6104132601657787,NONE
Нажмите,VERB,,root,,,Plur,,0.0620677940990016,NONE
«Восстановить,VERB,,xcomp,,,,,0.119461505796069,NONE
сейчас»,ADV,,advmod,,,,,0.0353734581458627,NONE
.,PUNCT,,punct,,,,,0.136872609935245,NONE
Толедано,PROPN,,nsubj,Nom,Fem,Sing,Anim,0.2211795244803566,PER
сказала,VERB,,root,,Fem,Sing,,-0.0479216998901796,NONE
",",PUNCT,,punct,,,,,-0.1325278947449527,NONE
что,SCONJ,,mark,,,,,-0.1518057356223995,NONE
также,ADV,,obl,,,,,-0.3167095443598566,NONE
непонятно,ADJ,,ccomp,,Neut,Sing,,0.3075804996278798,NONE
",",PUNCT,,punct,,,,,-0.2409135294187454,NONE
каким,DET,,det,Ins,Masc,Sing,,-0.1234247728755896,NONE
образом,NOUN,,obl,Ins,Masc,Sing,Inan,-0.0482708114792865,NONE
было,AUX,,aux:pass,,Neut,Sing,,-0.0776268341143882,NONE
учтены,VERB,,csubj,,,Plur,,-0.0485478733606362,NONE
такие,DET,,det,Nom,,Plur,,0.0084043564200964,NONE
факторы,NOUN,,nsubj:pass,Nom,Masc,Plur,Inan,0.1854219983576378,NONE
",",PUNCT,,punct,,,,,0.4370744966492166,NONE
как,SCONJ,,mark,,,,,0.0864056664936522,NONE
вес,NOUN,,obl,Nom,Masc,Sing,Inan,-0.1076312135434975,NONE
при,ADP,,case,,,,,-0.0848893871901031,NONE
рождении,NOUN,,nmod,Loc,Neut,Sing,Inan,0.1417149612004493,NONE
.,PUNCT,,punct,,,,,-0.289510972158886,NONE
Сделка,NOUN,,nsubj:pass,Nom,Fem,Sing,Inan,0.0558312264892119,NONE
будет,AUX,,aux:pass,,,Sing,,-0.0062585812441802,NONE
одобрена,VERB,,root,,Fem,Sing,,0.0376889871956291,NONE
на,ADP,,case,,,,,-0.023724308708667,NONE
встрече,NOUN,,obl,Loc,Fem,Sing,Inan,0.0049145610470426,NONE
совета,NOUN,,nmod,Gen,Masc,Sing,Inan,0.055750044362885,NONE
директоров,NOUN,,nmod,Gen,Masc,Plur,Anim,0.2700536418188669,NONE
компании,NOUN,,nmod,Gen,Fem,Sing,Inan,-0.2673794956155168,NONE
Toyota,PROPN,,flat:foreign,,,,,0.167789912085169,ORG
в,ADP,,case,,,,,0.1143864454662897,NONE
пятницу,NOUN,,obl,Acc,Fem,Sing,Inan,0.3055355451570418,NONE
",",PUNCT,,punct,,,,,0.0198194487468511,NONE
сказали,VERB,,parataxis,,,Plur,,-0.2265807835775139,NONE
источники,NOUN,,nsubj,Nom,Masc,Plur,Inan,0.1144511856045703,NONE
",",PUNCT,,punct,,,,,0.2061431903996863,NONE
пожелавшие,VERB,,acl,Nom,,Plur,,-0.0576831679458338,NONE
остаться,VERB,,xcomp,,,,,0.0553000262225531,NONE
неизвестными,ADJ,,obl,Ins,,Plur,,0.1945059963160066,NONE
",",PUNCT,,punct,,,,,0.0369009972620247,NONE
поскольку,SCONJ,,mark,,,,,-0.090825216526504,NONE
информация,NOUN,,nsubj,Nom,Fem,Sing,Inan,0.0581656068629851,NONE
еще,ADV,,advmod,,,,,0.0388363091631592,NONE
не,PART,,advmod,,,,,-0.1603566926832299,NONE
появилась,VERB,,advcl,,Fem,Sing,,-0.0970299772810932,NONE
в,ADP,,case,,,,,-0.1673504384695259,NONE
отрытом,VERB,,amod,Loc,Masc,Sing,,0.1027533154830007,NONE
доступе,NOUN,,obl,Loc,Masc,Sing,Inan,0.3705559788296804,NONE
.,PUNCT,,punct,,,,,-0.3532179246911184,NONE
Если,SCONJ,,mark,,,,,0.1688812661607935,NONE
вам,PRON,,iobj,Dat,,Plur,,0.1917450559383885,NONE
пришел,VERB,,advcl,,Masc,Sing,,-0.2621004588337164,NONE
товар,NOUN,,nsubj,Nom,Masc,Sing,Inan,-0.0034266212505243,NONE
с,ADP,,case,,,,,-0.0090496681220101,NONE
дефектом,NOUN,,nmod,Ins,Masc,Sing,Inan,-0.1491101335129377,NONE
или,CCONJ,,cc,,,,,-0.2309684204095731,NONE
мы,PRON,,nsubj,Nom,,Plur,,0.091753318438111,NONE
отправили,VERB,,conj,,,Plur,,0.1671663302932557,NONE
не,PART,,advmod,,,,,-0.0538184856568354,NONE
тот,DET,,det,Acc,Masc,Sing,,-0.5361966662960818,NONE
товар,NOUN,,obj,Acc,Masc,Sing,Inan,0.1585764671126493,NONE
",",PUNCT,,punct,,,,,0.3314721987001983,NONE
мы,PRON,,nsubj,Nom,,Plur,,0.1592366368088519,NONE
оплатим,VERB,,root,,,Plur,,-0.136685635954302,NONE
возврат,NOUN,,obj,Acc,Masc,Sing,Inan,0.1317876874651939,NONE
.,PUNCT,,punct,,,,,0.0443387121423372,NONE
Защита,NOUN,,nsubj,Nom,Fem,Sing,Inan,0.0168164167338191,NONE
обещала,VERB,,root,,Fem,Sing,,0.2635947594074241,NONE
подать,VERB,,xcomp,,,,,-0.1357144410576411,NONE
апелляцию,NOUN,,obj,Acc,Fem,Sing,Inan,-0.0142393916198344,NONE
и,CCONJ,,cc,,,,,-0.1852487084497982,NONE
выразить,VERB,,conj,,,,,-0.0441714625085307,NONE
возмущение,NOUN,,obj,Acc,Neut,Sing,Inan,0.0214901057741645,NONE
скоростью,NOUN,,nmod,Ins,Fem,Sing,Inan,-0.0215070211246389,NONE
и,CCONJ,,cc,,,,,-0.23437943753129,NONE
непрозрачностью,NOUN,,conj,Ins,Fem,Sing,Inan,0.0892341271899903,NONE
судебного,ADJ,,amod,Gen,Masc,Sing,,-0.116902968578721,NONE
процесса,NOUN,,nmod,Gen,Masc,Sing,Inan,0.0128210816084751,NONE
.,PUNCT,,punct,,,,,0.7613019877613194,NONE
Талибан,PROPN,,nsubj,Nom,Masc,Sing,Anim,0.2291210190680759,ORG
отказался,VERB,,root,,Masc,Sing,,0.5069118339363987,NONE
.,PUNCT,,punct,,,,,-0.1778580413796733,NONE
Камала,PROPN,,nsubj,Nom,Fem,Sing,Anim,0.0845048881110736,PER
Харрис,PROPN,,appos,Nom,Fem,Sing,Anim,0.0394382134867202,PER
хочет,VERB,,root,,,Sing,,-0.0732016353053605,NONE
провести,VERB,,xcomp,,,,,-0.028519664675464,NONE
расследование,NOUN,,obj,Acc,Neut,Sing,Inan,-0.0192095320247225,NONE
в,ADP,,case,,,,,-0.021214187368111,NONE
отношении,NOUN,,fixed,Loc,Neut,Sing,Inan,-0.5156011626599152,NONE
сотрудников,NOUN,,nmod,Gen,Masc,Plur,Anim,-0.1855631070295976,NONE
Госдепа,PROPN,,nmod,Gen,Masc,Sing,Inan,0.8093266489714744,ORG
",",PUNCT,,punct,,,,,-0.0324399497845886,NONE
работавших,VERB,,acl,Gen,,Plur,,-0.0093263825695232,NONE
с,ADP,,case,,,,,0.0337664017384251,NONE
Джулиани,PROPN,,obl,Ins,Masc,Sing,Anim,0.0930452581619695,PER
Такая,DET,,det,Nom,Fem,Sing,,0.2206522855471856,NONE
сцена,NOUN,,nsubj,Nom,Fem,Sing,Inan,-0.0436809238892583,NONE
",",PUNCT,,punct,,,,,0.5745076400785563,NONE
однако,ADV,,parataxis,,,,,0.0548081831119029,NONE
",",PUNCT,,punct,,,,,0.2221790611545094,NONE
сама,ADJ,,obl,Nom,Fem,Sing,,-0.154176554736653,NONE
по,ADP,,case,,,,,-0.0957998440175946,NONE
себе,PRON,,nmod,Dat,,,,-0.0787041803721198,NONE
является,VERB,,root,,,Sing,,0.0066206181588369,NONE
неплохой,ADJ,,amod,Ins,Fem,Sing,,0.0181358066014707,NONE
историей,NOUN,,obl,Ins,Fem,Sing,Inan,0.0608957197755872,NONE
",",PUNCT,,punct,,,,,0.2520887309895263,NONE
и,CCONJ,,cc,,,,,-0.0530931916767267,NONE
возможно,ADV,,advmod,,,,,0.0285926362211635,NONE
у,ADP,,case,,,,,-0.0972656410761347,NONE
неё,PRON,,obl,Gen,Fem,Sing,,0.0073599550231695,NONE
будет,VERB,,conj,,,Sing,,0.1386505035456252,NONE
жизнеутверждающий,ADJ,,amod,Nom,Masc,Sing,,0.0201737017599032,NONE
конец,NOUN,,nsubj,Nom,Masc,Sing,Inan,-0.0395282581532666,NONE
:,PUNCT,,punct,,,,,-0.1072898375329992,NONE
королева,NOUN,,nsubj,Nom,Fem,Sing,Anim,0.1017341111686004,NONE
вновь,ADV,,advmod,,,,,-0.0211114168915529,NONE
предстанет,VERB,,parataxis,,,Sing,,0.0359663197239711,NONE
перед,ADP,,case,,,,,-0.0320595077889725,NONE
публикой,NOUN,,obl,Ins,Fem,Sing,Inan,0.0017014033937529,NONE
невероятно,ADV,,obl,,,,,0.0427757525734824,NONE
мудрой,ADJ,,amod,Ins,Fem,Sing,,0.0831314269300667,NONE
женщиной,NOUN,,obl,Ins,Fem,Sing,Anim,0.2378671383360877,NONE
",",PUNCT,,punct,,,,,0.1353784328290748,NONE
на,ADP,,case,,,,,-0.0393626151898944,NONE
чьём,DET,,det,Loc,Masc,Sing,,0.0442484571840138,NONE
веку,NOUN,,obl,Loc,Masc,Sing,Inan,0.0661341339640569,NONE
сменилось,VERB,,acl:relcl,,Neut,Sing,,-0.0447350370993122,NONE
тринадцать,NUM,,nummod:gov,Nom,,,,0.0854102556381121,NONE
премьер-министров,NOUN,,nsubj,Gen,Masc,Plur,Anim,0.0283128670447704,NONE
и,CCONJ,,cc,,,,,-0.1239313434842153,NONE
наверняка,ADV,,advmod,,,,,-0.1091896778814745,NONE
та,DET,,det,Nom,Fem,Sing,,-0.1436053905587744,NONE
же,PART,,advmod,,,,,-0.0313341952073818,NONE
участь,NOUN,,nsubj,Nom,Fem,Sing,Inan,0.1382958680729203,NONE
постигнет,VERB,,conj,,,Sing,,0.0437649462076614,NONE
четырнадцатого,ADJ,,obj,Acc,Masc,Sing,Anim,0.1555845494130984,NONE
.,PUNCT,,punct,,,,,0.1075765735104745,NONE
Отставка,NOUN,,nsubj,Nom,Fem,Sing,Inan,0.1316689971851566,NONE
Фахфаха,PROPN,,nmod,Gen,Masc,Sing,Anim,0.0678356643130803,PER
15,NUM,,nmod,,,,,-0.0738384245841129,NONE
июля,NOUN,,flat,Gen,Masc,Sing,Inan,-0.0300754369190341,NONE
",",PUNCT,,punct,,,,,-0.1012904323080185,NONE
спустя,ADP,,case,,,,,0.0858076579597792,NONE
его,DET,,det,,,,,0.0654653378657342,NONE
менее,ADV,,advmod,,,,,-0.1555705697769925,NONE
5,NUM,,nummod,,,,,-0.1038064990067944,NONE
месяцев,NOUN,,nmod,Gen,Masc,Plur,Inan,0.0507166597348715,NONE
у,ADP,,case,,,,,-0.0016311894874785,NONE
власти,NOUN,,nmod,Gen,Fem,Sing,Inan,-0.1057680926791537,NONE
",",PUNCT,,punct,,,,,0.0943765675220917,NONE
угрожала,VERB,,root,,Fem,Sing,,0.1784220452591791,NONE
привести,VERB,,xcomp,,,,,0.0133725233640238,NONE
к,ADP,,case,,,,,0.0848832879962699,NONE
новому,ADJ,,amod,Dat,Masc,Sing,,0.082703671910669,NONE
политическому,ADJ,,amod,Dat,Masc,Sing,,-0.0055343930666614,NONE
тупику,NOUN,,obl,Dat,Masc,Sing,Inan,0.0312204560725282,NONE
в,ADP,,case,,,,,0.3126670347330237,NONE
государстве,NOUN,,nmod,Loc,Neut,Sing,Inan,0.1269286890073837,NONE
",",PUNCT,,punct,,,,,0.0479873759311394,NONE
сражающемуся,VERB,,acl,Loc,Masc,Sing,,0.2533038915816895,NONE
с,ADP,,case,,,,,0.2307649408410075,NONE
экономическими,ADJ,,amod,Ins,,Plur,,0.1280705846340879,NONE
последствиями,NOUN,,obl,Ins,Neut,Plur,Inan,0.2056460030178241,NONE
пандемии,NOUN,,nmod,Gen,Fem,Sing,Inan,0.2834976648186028,NONE
.,PUNCT,,punct,,,,,-0.4564183961094398,NONE
В,ADP,,case,,,,,-0.3933398807662291,NONE
этом,DET,,det,Loc,Masc,Sing,,-0.2442909698761357,NONE
случае,NOUN,,obl,Loc,Masc,Sing,Inan,-0.0065207008796699,NONE
Вы,PRON,,nsubj,Nom,,Plur,,0.0341274902117524,NONE
можете,VERB,,root,,,Plur,,-0.0002811310001601,NONE
попробовать,VERB,,xcomp,,,,,0.0399713236385142,NONE
подсоединить,VERB,,xcomp,,,,,0.475273017813366,NONE
устройство,NOUN,,obj,Acc,Neut,Sing,Inan,0.2158350954258291,NONE
через,ADP,,case,,,,,-0.0078057244948186,NONE
другие,ADJ,,amod,Acc,,Plur,Inan,-0.1308203670614721,NONE
USB-кабели,NOUN,,flat:foreign,Acc,Masc,Plur,Inan,0.582062813862864,NONE
.,PUNCT,,punct,,,,,0.0010321122625174,NONE
Прити,PROPN,,nsubj,Nom,Fem,Sing,Anim,0.1158694799131325,PER
Патель,PROPN,,appos,Nom,Fem,Sing,Anim,0.1303716045402926,PER
потребовала,VERB,,root,,Fem,Sing,,0.0392976169185924,NONE
от,ADP,,case,,,,,0.0636465793199984,NONE
Твиттера,PROPN,,obl,Gen,Masc,Sing,Inan,0.2279138434414546,PER
и,CCONJ,,cc,,,,,-0.0669247514132339,NONE
Инстраграм,PROPN,,conj,Gen,Fem,Plur,Inan,0.1192232182950823,PER
объяснить,VERB,,xcomp,,,,,0.0741291586935826,NONE
",",PUNCT,,punct,,,,,0.1468538942971968,NONE
почему,ADV,,advmod,,,,,0.1726815417578303,NONE
им,PRON,,iobj,Dat,,Plur,,0.1485526021921085,NONE
потребовалось,VERB,,ccomp,,Neut,Sing,,0.0241942360913936,NONE
так,ADV,,advmod,,,,,0.0217163277118122,NONE
много,ADV,,nsubj,,,,,0.1259992097856536,NONE
времени,NOUN,,obl,Gen,Neut,Sing,Inan,0.1536455327598968,NONE
",",PUNCT,,punct,,,,,0.179102512291735,NONE
чтобы,SCONJ,,mark,,,,,0.0044635816899053,NONE
удалить,VERB,,advcl,,,,,0.4322344847642673,NONE
"""",PUNCT,,punct,,,,,0.0391999970687859,NONE
"""",PUNCT,,punct,,,,,0.0322899023640412,NONE
отвратительные,ADJ,,amod,Acc,,Plur,Inan,0.161687444520681,NONE
"""",PUNCT,,punct,,,,,0.0987961376644154,NONE
"""",PUNCT,,punct,,,,,0.0509482318498107,NONE
публикации,NOUN,,obj,Acc,Fem,Plur,Inan,0.1603856772682015,NONE
",",PUNCT,,punct,,,,,0.1629872536221782,NONE
сделанные,VERB,,acl,Acc,,Plur,Inan,0.0017425373290613,NONE
Уайли,PROPN,,obl,Ins,Masc,Sing,Anim,0.2004215849248626,PER
.,PUNCT,,punct,,,,,0.0402172654858344,NONE
"""",PUNCT,,root,,,,,-0.4630030917515674,NONE
Новые,ADJ,,amod,Nom,,Plur,,0.8307454930979832,NONE
законы,NOUN,,nsubj:pass,Nom,Masc,Plur,Inan,0.0433693525654583,NONE
",",PUNCT,,punct,,,,,0.0515839570557247,NONE
запрещающие,VERB,,acl,Nom,,Plur,,-0.005366857149853,NONE
использование,NOUN,,obj,Acc,Neut,Sing,Inan,-0.0820404826617299,NONE
мобильного,ADJ,,amod,Gen,Masc,Sing,,-0.0158023620700193,NONE
телефона,NOUN,,nmod,Gen,Masc,Sing,Inan,0.0063884710701046,NONE
за,ADP,,case,,,,,-0.0602863800149964,NONE
рулем,NOUN,,nmod,Ins,Masc,Sing,Inan,0.3307377020764954,NONE
",",PUNCT,,punct,,,,,0.1407449780330416,NONE
были,AUX,,aux:pass,,,Plur,,-0.0974137687971685,NONE
приняты,VERB,,root,,,Plur,,0.0160274743731537,NONE
в,ADP,,case,,,,,0.1044983179048447,NONE
2017,ADJ,,amod,,,,,0.0079247609775681,NONE
г,NOUN,,obl,Loc,Masc,Sing,Inan,0.075221377849816,NONE
.,PUNCT,Z:-------------,punct,,,,,0.0872991075149495,NONE
после,ADP,,case,,,,,0.0514986469013952,NONE
кампании,NOUN,,obl,Gen,Fem,Sing,Inan,-0.0224205200244734,NONE
Daily,PROPN,,flat:foreign,,,,,0.0379813795038692,ORG
Mail,PROPN,,flat:foreign,,,,,0.0666910137511271,ORG
.,PUNCT,,punct,,,,,0.0126159840166724,NONE
На,ADP,,case,,,,,-0.0712906590956104,NONE
первом,ADJ,,amod,Loc,Masc,Sing,,0.0138451240512462,NONE
брифинге,NOUN,,obl,Loc,Masc,Sing,Inan,-0.1398015417177257,NONE
Макинани,PROPN,,nmod,Gen,Masc,Sing,Anim,0.0146357361763187,PER
репортер,NOUN,,nsubj,Nom,Masc,Sing,Anim,-0.0499371676966917,NONE
AP,PROPN,,flat:foreign,,,,,-0.0304888426785719,ORG
в,ADP,,case,,,,,-0.1379434699542129,NONE
Белом,ADJ,,amod,Loc,Masc,Sing,,0.0153721114128046,LOC
доме,NOUN,,nmod,Loc,Masc,Sing,Inan,-0.2023642751452098,LOC
Джилл,PROPN,,appos,Nom,Fem,Sing,Anim,0.022162093066306,PER
Колвин,PROPN,,flat:name,Nom,Fem,Sing,Anim,-0.0099499277327289,PER
встретила,VERB,,root,,Fem,Sing,,0.0971548490662166,NONE
ее,PRON,,obj,Acc,Fem,Sing,,0.0031181170264979,NONE
вопросом,NOUN,,obl,Ins,Masc,Sing,Inan,0.1591207137459163,NONE
:,PUNCT,,punct,,,,,-0.0464961569994977,NONE
«Вы,PRON,,nsubj,Nom,,Plur,,-0.0958487315821061,NONE
поклянетесь,VERB,,parataxis,,,Plur,,-0.0318430695832879,NONE
никогда,ADV,,advmod,,,,,0.1667296755541536,NONE
не,PART,,advmod,,,,,-0.2428941365950535,NONE
лгать,VERB,,xcomp,,,,,-0.1577127769629557,NONE
нам,PRON,,iobj,Dat,,Plur,,-0.2024126138342796,NONE
с,ADP,,case,,,,,-0.274302891057101,NONE
этого,DET,,det,Gen,Masc,Sing,,0.023535096092354,NONE
подиума,NOUN,,obl,Gen,Masc,Sing,Inan,0.0875239183664231,NONE
?,PUNCT,,punct,,,,,-0.08660013475466,NONE
»,PUNCT,,root,,,,,-0.2963698444696557,NONE
Затем,ADV,,advmod,,,,,-0.2987711715411857,NONE
Карлсон,PROPN,,nsubj,Nom,Masc,Sing,Anim,-0.0383249183379049,PER
заявил,VERB,,root,,Masc,Sing,,0.0227948434388024,NONE
",",PUNCT,,punct,,,,,0.1868632484470695,NONE
что,SCONJ,,mark,,,,,0.0323106913791186,NONE
ему,PRON,,iobj,Dat,Masc,Sing,,-0.0777544052205006,NONE
«трудно,ADJ,,ccomp,,Neut,Sing,,0.0839461532889554,NONE
поверить»,VERB,,csubj,,,,,0.0292744002725057,NONE
в,ADP,,case,,,,,0.06799317382163,NONE
то,PRON,,obl,Acc,Neut,Sing,Inan,0.1734985693336773,NONE
",",PUNCT,,punct,,,,,0.4719852799200874,NONE
что,SCONJ,,mark,,,,,0.0710341294276605,NONE
действия,NOUN,,nsubj,Nom,Neut,Plur,Inan,0.096138634090536,NONE
Трампа,PROPN,,nmod,Gen,Masc,Sing,Anim,0.2454593932170128,PER
тянут,VERB,,acl,,,Plur,,0.0997113425900677,NONE
на,ADP,,case,,,,,-0.1388305423553507,NONE
импичмент,NOUN,,obl,Acc,Masc,Sing,Inan,0.1652958766907984,NONE
и,CCONJ,,cc,,,,,-0.0344259112481499,NONE
продолжил,VERB,,conj,,Masc,Sing,,-0.0659122545818383,NONE
дальше,ADV,,advmod,,,,,0.0037461935568707,NONE
разносить,VERB,,xcomp,,,,,0.0054550445332487,NONE
в,ADP,,case,,,,,-0.0635751661045615,NONE
щепки,NOUN,,obl,Acc,Fem,Plur,Inan,0.1167604860429984,NONE
Шиффа,PROPN,,nmod,Gen,Masc,Sing,Anim,0.0874936670393766,PER
.,PUNCT,,punct,,,,,-0.2649422116700602,NONE
Это,PRON,,nsubj,Nom,Neut,Sing,Inan,0.0817611237833278,NONE
самый,ADJ,,amod,Nom,Masc,Sing,,0.0234396547928667,NONE
недавний,ADJ,,amod,Nom,Masc,Sing,,0.2256926617190299,NONE
поворот,NOUN,,root,Nom,Masc,Sing,Inan,0.1076682346612117,NONE
в,ADP,,case,,,,,-0.0157475812097587,NONE
соперничестве,NOUN,,nmod,Loc,Neut,Sing,Inan,0.0566965068207519,NONE
команд,NOUN,,nmod,Gen,Fem,Plur,Inan,0.0921551723763683,NONE
Далласа,PROPN,,nmod,Gen,Masc,Sing,Inan,-0.0067283109820639,LOC
и,CCONJ,,cc,,,,,-0.0046986999987317,NONE
Вашингтона,PROPN,,conj,Gen,Masc,Sing,Inan,0.1112747612232198,LOC
",",PUNCT,,punct,,,,,0.2834713685149104,NONE
которое,PRON,,nsubj,Nom,,,,-0.0431811521612511,NONE
стало,VERB,,acl:relcl,,Neut,Sing,,-0.0784197695984309,NONE
еще,ADV,,obl,,,,,0.1289448081927694,NONE
интереснее,ADJ,,obl,,,,,0.0806232521830056,NONE
на,ADP,,case,,,,,-0.0070879174322692,NONE
этой,DET,,det,Loc,Fem,Sing,,-0.0312199190498434,NONE
неделе,NOUN,,obl,Loc,Fem,Sing,Inan,0.1588674376912529,NONE
",",PUNCT,,punct,,,,,0.3212175663246289,NONE
когда,SCONJ,,mark,,,,,0.2207644166173622,NONE
главный,ADJ,,amod,Nom,Masc,Sing,,0.0493214392378479,NONE
тренер,NOUN,,nsubj,Nom,Masc,Sing,Anim,0.0095204247973348,NONE
Ковбойс,PROPN,,nmod,Gen,Masc,Sing,Inan,0.0723171158495794,PER
Майк,PROPN,,appos,Nom,Masc,Sing,Anim,0.022497163599664,PER
Маккарти,PROPN,,flat:name,Nom,Masc,Sing,Anim,0.3842765002723472,PER
спрогнозировал,VERB,,advcl,,Masc,Sing,,0.0820576179062909,NONE
победу,NOUN,,obj,Acc,Fem,Sing,Inan,-0.0249001274636526,NONE
своей,DET,,det,Gen,Fem,Sing,,0.1047655898394492,NONE
команды,NOUN,,nmod,Gen,Fem,Sing,Inan,0.0601635645973704,NONE
",",PUNCT,,punct,,,,,-0.0258868905112296,NONE
вызвав,VERB,,advcl,,,,,0.0817840628494287,NONE
горячую,ADJ,,amod,Acc,Fem,Sing,,0.1218471164576633,NONE
дискуссию,NOUN,,obj,Acc,Fem,Sing,Inan,0.0205657895516293,NONE
с,ADP,,case,,,,,-0.1135898200533109,NONE
игроками,NOUN,,nmod,Ins,Masc,Plur,Anim,0.0948999080324166,NONE
из,ADP,,case,,,,,-0.1073208642617606,NONE
Вашингтона,PROPN,,nmod,Gen,Masc,Sing,Inan,0.1307840748156754,LOC
и,CCONJ,,cc,,,,,-0.0388560457203332,NONE
их,PRON,,nmod,Gen,,Plur,,0.0131577209314758,NONE
тренером,NOUN,,conj,Ins,Masc,Sing,Anim,0.0002597948657237,NONE
Роном,PROPN,,appos,Ins,Masc,Sing,Anim,0.0704519847260924,PER
Риверой,PROPN,,flat:name,Ins,Masc,Sing,Anim,0.0697479703597489,PER
.,PUNCT,,punct,,,,,0.1099149111611698,NONE
Имеются,VERB,,root,,,Plur,,0.2401545314112153,NONE
сведения,NOUN,,nsubj,Nom,Neut,Plur,Inan,0.0077209158560137,NONE
о,ADP,,case,,,,,-0.0074088097227408,NONE
том,PRON,,nmod,Loc,Neut,Sing,Inan,-0.0135158471587789,NONE
",",PUNCT,,punct,,,,,0.0638386746629339,NONE
что,SCONJ,,mark,,,,,-0.2926674517055738,NONE
банк,NOUN,,nsubj,Nom,Masc,Sing,Inan,-0.0153064575929407,NONE
решил,VERB,,acl,,Masc,Sing,,-0.2221871174212474,NONE
«вступить,VERB,,xcomp,,,,,0.1383994827700234,NONE
в,ADP,,case,,,,,0.1336023432974122,NONE
сговор»,NOUN,,obl,Acc,Masc,Sing,Inan,0.1705985649945647,NONE
с,ADP,,case,,,,,0.2811238817723964,NONE
американским,ADJ,,amod,Ins,Masc,Sing,,0.0875774292132993,NONE
властями,NOUN,,nmod,Ins,Fem,Plur,Inan,0.0445093822777623,NONE
",",PUNCT,,punct,,,,,0.2103936454010845,NONE
чтобы,SCONJ,,mark,,,,,-0.0407052369270354,NONE
избежать,VERB,,advcl,,,,,0.0110189794349781,NONE
для,ADP,,case,,,,,0.0143181030874794,NONE
себя,PRON,,obl,Gen,,,,0.0839548419438913,NONE
более,ADV,,advmod,,,,,-0.1037571428624839,NONE
сурового,ADJ,,amod,Gen,Neut,Sing,,0.0954141585279748,NONE
наказания,NOUN,,obj,Gen,Neut,Sing,Inan,-0.0200070397991882,NONE
в,ADP,,case,,,,,0.0206805036972401,NONE
2012,ADJ,,amod,,,,,0.0543123484911602,NONE
г,NOUN,,obl,Loc,Masc,Sing,Inan,0.1781634917280257,NONE
.,PUNCT,Z:-------------,punct,,,,,-0.0466888462297581,NONE
",",PUNCT,,punct,,,,,0.0780632734938961,NONE
когда,SCONJ,,mark,,,,,0.000219462619216,NONE
он,PRON,,nsubj,Nom,Masc,Sing,,0.0168160372130748,NONE
вынужден,ADJ,,advcl,,Masc,Sing,,0.0103067427665046,NONE
был,AUX,,cop,,Masc,Sing,,0.0633978462692564,NONE
признаться,VERB,,xcomp,,,,,0.0068588098060639,NONE
в,ADP,,case,,,,,0.1381496224823002,NONE
отмывании,NOUN,,obl,Loc,Neut,Sing,Inan,0.063920893017808,NONE
денег,NOUN,,nmod,Gen,Fem,Plur,Inan,0.1174186213806127,NONE
и,CCONJ,,cc,,,,,-0.1278783750165746,NONE
нарушении,NOUN,,conj,Loc,Neut,Sing,Inan,0.0072071614976657,NONE
санкций,NOUN,,nmod,Gen,Fem,Plur,Inan,0.0742722209992002,NONE
",",PUNCT,,punct,,,,,-0.0407174755718684,NONE
включая,ADV,,advmod,,,,,0.0191565386353676,NONE
ограничения,NOUN,,obj,Acc,Neut,Plur,Inan,0.1914559453518531,NONE
против,ADP,,case,,,,,0.2238858053512308,NONE
Ирана,PROPN,,nmod,Gen,Masc,Sing,Inan,0.0872457045297405,LOC
.,PUNCT,,punct,,,,,-0.2303160154115575,NONE
Сомали,PROPN,,nsubj,Nom,Neut,Sing,Inan,0.7600638184173569,LOC
-,PUNCT,,punct,,,,,0.0673049292262564,NONE
хороший,ADJ,,amod,Nom,Masc,Sing,,0.0108485418657912,NONE
пример,NOUN,,root,Nom,Masc,Sing,Inan,0.0417323876128123,NONE
успеха,NOUN,,nmod,Gen,Masc,Sing,Inan,0.0102718155172151,NONE
многостороннего,ADJ,,amod,Gen,Neut,Sing,,0.0222210685353865,NONE
партнерства,NOUN,,nmod,Gen,Neut,Sing,Inan,0.0279442234722523,NONE
",",PUNCT,,punct,,,,,0.0758548738198208,NONE
-,PUNCT,,punct,,,,,0.0485084678181069,NONE
сказал,VERB,,parataxis,,Masc,Sing,,0.0131006394582825,NONE
президент,NOUN,,nsubj,Nom,Masc,Sing,Anim,0.0076363258229858,NONE
Мохаммед,PROPN,,appos,Nom,Masc,Sing,Anim,0.1639558934821925,PER
Абдулла,PROPN,,flat:name,Nom,Masc,Sing,Anim,0.167020557860841,PER
Мохамед,PROPN,,flat:name,Nom,Masc,Sing,Anim,0.083475568143193,PER
генеральной,ADJ,,amod,Dat,Fem,Sing,,0.039134919132522,NONE
ассамблее,NOUN,,iobj,Dat,Fem,Sing,Inan,0.0970962736831395,NONE
ООН,PROPN,,nmod,Gen,Fem,Sing,Inan,0.0293342551981606,ORG
в,ADP,,case,,,,,0.0117517616630533,NONE
четверг,NOUN,,nmod,Acc,Masc,Sing,Inan,0.0112921938707549,NONE
.,PUNCT,,punct,,,,,-0.0966256498659159,NONE
Тем,PRON,,discourse,Ins,Neut,Sing,Inan,0.050681703438367,NONE
не,PART,,fixed,,,,,-0.0417888973244744,NONE
менее,ADV,,fixed,,,,,-0.3300402586593899,NONE
",",PUNCT,,punct,,,,,-0.0396798507470214,NONE
он,PRON,,nsubj,Nom,Masc,Sing,,0.0261265241892192,NONE
признал,VERB,,root,,Masc,Sing,,0.0140873871412508,NONE
",",PUNCT,,punct,,,,,-0.0165191922472744,NONE
что,SCONJ,,mark,,,,,-0.0489060186439899,NONE
Африканский,PROPN,,amod,,,,,0.0615533461143459,ORG
Рог,PROPN,,nsubj,Nom,Masc,Sing,Inan,-0.007560581889855,ORG
все,PART,,advmod,,,,,0.0771387460843286,NONE
еще,ADV,,advmod,,,,,0.0006166036063645,NONE
нуждается,VERB,,ccomp,,,Sing,,0.0514659509194485,NONE
в,ADP,,case,,,,,0.0235627554170664,NONE
международной,ADJ,,amod,Loc,Fem,Sing,,0.0608881998523078,NONE
и,CCONJ,,cc,,,,,-0.0295071577947295,NONE
региональной,ADJ,,conj,Loc,Fem,Sing,,-0.0075717435852571,NONE
поддержке,NOUN,,obl,Loc,Fem,Sing,Inan,-0.0125347057630414,NONE
и,CCONJ,,cc,,,,,0.0275070580417068,NONE
сотрудничестве,NOUN,,conj,Loc,Neut,Sing,Inan,0.1613593070112102,NONE
",",PUNCT,,punct,,,,,0.0691168442000292,NONE
особенно,ADV,,obl,,,,,0.0084715263711002,NONE
для,ADP,,case,,,,,-0.0161575487985829,NONE
того,PRON,,parataxis,Gen,Neut,Sing,Inan,0.0308390024784464,NONE
",",PUNCT,,punct,,,,,0.0914907226666445,NONE
чтобы,SCONJ,,mark,,,,,0.0092866601871687,NONE
противостоять,VERB,,advcl,,,,,0.0073822308906163,NONE
Аш-Шабаб,PROPN,,iobj,Dat,Masc,Sing,Inan,0.0433729081079915,ORG
.,PUNCT,,punct,,,,,-0.1955129223161916,NONE
Игра,NOUN,,nsubj,Nom,Fem,Sing,Inan,0.2705092565471605,NONE
португальского,ADJ,,amod,Gen,Masc,Sing,,0.0683001574348339,NONE
плеймейкера,NOUN,,nmod,Gen,Masc,Sing,Anim,0.0571553134122156,NONE
стала,VERB,,root,,Fem,Sing,,0.0980463323298001,NONE
настоящим,ADJ,,amod,Ins,Neut,Sing,,0.0167629621321901,NONE
откровением,NOUN,,obl,Ins,Neut,Sing,Inan,0.066949930592701,NONE
для,ADP,,case,,,,,0.034954225939895,NONE
"""",PUNCT,,punct,,,,,0.0841603317824748,NONE
"""",PUNCT,,punct,,,,,0.0844230916227822,NONE
Олд,PROPN,,nmod,,,,,0.0755646453151728,ORG
Траффорд,PROPN,,appos,Nom,Masc,Sing,Inan,0.0459842367751041,ORG
"""",PUNCT,,punct,,,,,0.0475945038589252,NONE
"""",PUNCT,,punct,,,,,0.0436297394701352,NONE
",",PUNCT,,punct,,,,,0.1375815692545813,NONE
и,CCONJ,,cc,,,,,-0.0111005510898693,NONE
его,DET,,det,,,,,-0.0261215307255166,NONE
появление,NOUN,,nsubj,Nom,Neut,Sing,Inan,-0.0028641674313347,NONE
в,ADP,,case,,,,,0.0224970409786684,NONE
команде,NOUN,,nmod,Loc,Fem,Sing,Inan,0.0597931013611595,NONE
позволило,VERB,,conj,,Neut,Sing,,0.0097452303040284,NONE
Погба,PROPN,,iobj,Dat,Masc,Sing,Anim,0.0528723322071753,PER
играть,VERB,,xcomp,,,,,-0.0076570275069485,NONE
на,ADP,,case,,,,,-0.0339457520087031,NONE
более,ADV,,obl,,,,,0.0079720570047384,NONE
глубокой,ADJ,,amod,Loc,Fem,Sing,,0.0273001469252966,NONE
позиции,NOUN,,obl,Loc,Fem,Sing,Inan,-0.0136687327555802,NONE
в,ADP,,case,,,,,-0.0434693446833163,NONE
центре,NOUN,,nmod,Loc,Masc,Sing,Inan,-0.0002840784062649,NONE
полузащиты,NOUN,,nmod,Gen,Fem,Sing,Inan,0.0652009107012462,NONE
",",PUNCT,,punct,,,,,0.0457393617479773,NONE
что,PRON,,nsubj,Nom,,,,-0.0718174792934735,NONE
также,ADV,,advmod,,,,,-0.0162430995190115,NONE
улучшило,VERB,,parataxis,,Neut,Sing,,-0.0020503973052659,NONE
настроение,NOUN,,obj,Acc,Neut,Sing,Inan,0.0190373526604147,NONE
Поля,PROPN,,nmod,Gen,Neut,Sing,Inan,0.0082794344443116,PER
.,PUNCT,,punct,,,,,-0.183851374462541,NONE
"""",PUNCT,,root,,,,,0.0937520063151229,NONE
(,PUNCT,,punct,,,,,0.1581914695637234,NONE
Член,NOUN,,parataxis,Nom,Masc,Sing,Anim,0.1704133109286652,NONE
Законодательного,ADJ,,amod,Gen,Neut,Sing,,0.0494836702297916,ORG
собрания,NOUN,,nmod,Gen,Neut,Sing,Inan,0.0687256401960529,ORG
от,ADP,,case,,,,,-0.131496309475487,NONE
БДП,PROPN,,nmod,Gen,Fem,Sing,Inan,-0.0547101313200029,ORG
),PUNCT,,punct,,,,,0.1503537396925191,NONE
Рамеш,PROPN,,appos,Nom,Masc,Sing,Anim,0.0655008630534059,PER
Мендола,PROPN,,flat:name,Nom,Masc,Sing,Anim,0.0776630151227731,PER
пообещал,VERB,,root,,Masc,Sing,,0.0828897661554726,NONE
квартиру,NOUN,,obj,Acc,Fem,Sing,Inan,-0.062265308432417,NONE
в,ADP,,case,,,,,0.0565886966557691,NONE
рамках,NOUN,,obl,Loc,Fem,Plur,Inan,-0.3481444851962813,NONE
программы,NOUN,,nmod,Gen,Fem,Sing,Inan,-0.1716639072859267,NONE
Прадхан,PROPN,,nmod,Nom,Masc,Sing,Anim,0.0367795641997179,PER
Мантри,PROPN,,flat:name,Gen,Masc,Sing,Anim,0.3048375874002398,PER
Аваас,PROPN,,flat:name,Gen,Masc,Sing,Anim,0.0347904311916016,PER
Йоджана,PROPN,,flat:name,Gen,Masc,Sing,Anim,0.0919172267879123,PER
.,PUNCT,,punct,,,,,0.6146948464159097,NONE
Нужно,ADJ,,root,,Neut,Sing,,-0.0942593546411601,NONE
постоянно,ADV,,advmod,,,,,0.3510753895180897,NONE
не,PART,,advmod,,,,,0.0696515740829483,NONE
давать,VERB,,csubj,,,,,0.0368210612386438,NONE
прижать,VERB,,xcomp,,,,,0.0473961859183795,NONE
себя,PRON,,obj,Acc,,,,-0.1789167013375871,NONE
к,ADP,,case,,,,,-0.0860896706887008,NONE
стенке,NOUN,,obl,Dat,Fem,Sing,Inan,-0.0164989829785176,NONE
",",PUNCT,,punct,,,,,-0.013915845060778,NONE
потому,ADV,,mark,,,,,-0.0904025926028488,NONE
что,SCONJ,,fixed,,,,,0.0610596604996684,NONE
когда,SCONJ,,mark,,,,,0.0356452002210418,NONE
тебя,PRON,,obj,Acc,,Sing,,-0.0126616360995279,NONE
загоняют,VERB,,advcl,,,Plur,,-0.0603878494555764,NONE
в,ADP,,case,,,,,0.0526882847604732,NONE
угол,NOUN,,obl,Acc,Masc,Sing,Inan,-0.0354934003475459,NONE
в,ADP,,case,,,,,0.0254179288963396,NONE
начале,NOUN,,obl,Loc,Neut,Sing,Inan,-0.0785232231964273,NONE
матча,NOUN,,nmod,Gen,Masc,Sing,Inan,-0.0674911665906532,NONE
",",PUNCT,,punct,,,,,0.226946048922064,NONE
то,SCONJ,,mark,,,,,-0.1663690998232492,NONE
ты,PRON,,nsubj,Nom,,Sing,,-0.0570203885992658,NONE
начинаешь,VERB,,advcl,,,Sing,,0.0675256773785807,NONE
терять,VERB,,xcomp,,,,,-0.0601117397212641,NONE
хватку,NOUN,,obj,Acc,Fem,Sing,Inan,0.0847592441114145,NONE
",",PUNCT,,punct,,,,,0.0553365194405376,NONE
и,CCONJ,,cc,,,,,0.1102601923361772,NONE
занять,VERB,,csubj,,,,,0.0734497241783326,NONE
выигрышную,ADJ,,amod,Acc,Fem,Sing,,0.026594065904276,NONE
позицию,NOUN,,obj,Acc,Fem,Sing,Inan,0.0142043252154489,NONE
становится,VERB,,conj,,,Sing,,-0.2854485019671306,NONE
сложнее,ADJ,,obl,,,,,-0.0465554148314287,NONE
",",PUNCT,,punct,,,,,0.0526407596460661,NONE
даже,PART,,advmod,,,,,-0.1101329526554746,NONE
если,SCONJ,,mark,,,,,-0.0600109845018312,NONE
команда,NOUN,,nsubj,Nom,Fem,Sing,Inan,-0.1684305736338956,NONE
потом,ADV,,advmod,,,,,-0.1463843669180271,NONE
сравняет,VERB,,advcl,,,Sing,,0.0011182603723433,NONE
счёт,NOUN,,obj,Acc,Masc,Sing,Inan,0.2853226448438934,NONE
.,PUNCT,,punct,,,,,-0.2070777761471213,NONE
Его,DET,,det,,,,,0.309156289195067,NONE
отец,NOUN,,nsubj,Nom,Masc,Sing,Anim,-0.2217037337037748,NONE
Кингстон,PROPN,,appos,Nom,Masc,Sing,Anim,0.1575129988586385,PER
Магомбейи,PROPN,,flat:name,Nom,Masc,Sing,Anim,0.0012281920143565,PER
находился,VERB,,root,,Masc,Sing,,-0.1859019764608256,NONE
с,ADP,,case,,,,,0.0909966820209381,NONE
ним,PRON,,obl,Ins,Masc,Sing,,-0.1206164886804545,NONE
в,ADP,,case,,,,,0.072523616816063,NONE
больнице,NOUN,,obl,Loc,Fem,Sing,Inan,0.0529929661589954,NONE
с,ADP,,case,,,,,0.1577650101550481,NONE
момента,NOUN,,obl,Gen,Masc,Sing,Inan,-0.0090123853646225,NONE
его,DET,,det,,,,,-0.4265645261674929,NONE
освобождения,NOUN,,nmod,Gen,Neut,Sing,Inan,0.0654265416479108,NONE
в,ADP,,case,,,,,0.1058221038030194,NONE
прошлый,ADJ,,amod,Acc,Masc,Sing,Inan,0.1698138561769434,NONE
четверг,NOUN,,obl,Acc,Masc,Sing,Inan,0.0593135538165221,NONE
.,PUNCT,,punct,,,,,0.5588563123169935,NONE
Самая,ADJ,,amod,Nom,Fem,Sing,,0.2849101723825464,NONE
большая,ADJ,,amod,Nom,Fem,Sing,,-0.2959211827147245,NONE
проблема,NOUN,,nsubj,Nom,Fem,Sing,Inan,-0.0302525192356782,NONE
",",PUNCT,,punct,,,,,-0.0715050028126825,NONE
которую,PRON,,obj,Acc,,,,-0.0794673649711421,NONE
приходится,VERB,,acl:relcl,,,Sing,,-0.1052796189215601,NONE
решать,VERB,,csubj,,,,,-0.3207205930383663,NONE
Moula,PROPN,,nsubj,,,,,0.0803246755689035,ORG
и,CCONJ,,cc,,,,,0.0034219554106374,NONE
кредиторам,NOUN,,conj,Dat,Masc,Plur,Anim,0.0934693599983824,NONE
в,ADP,,case,,,,,0.3579124911410402,NONE
отношении,NOUN,,fixed,Loc,Neut,Sing,Inan,0.0014594590833931,NONE
малого,ADJ,,amod,Gen,Masc,Sing,,0.1597541998853427,NONE
бизнеса,NOUN,,obl,Gen,Masc,Sing,Inan,-0.0342814552821237,NONE
",",PUNCT,,punct,,,,,0.1747669759319312,NONE
-,PUNCT,,punct,,,,,0.1411425942132333,NONE
это,PRON,,expl,,,,,0.0681617871141172,NONE
тот,DET,,det,Nom,Masc,Sing,,-0.1493587549683432,NONE
пресловутый,ADJ,,amod,Nom,Masc,Sing,,0.2256329248377664,NONE
обрыв,NOUN,,root,Nom,Masc,Sing,Inan,0.0473073996209897,NONE
и,CCONJ,,cc,,,,,-0.2443835777913638,NONE
способы,NOUN,,conj,Nom,Masc,Plur,Inan,0.1161946203001049,NONE
взаимодействия,NOUN,,nmod,Gen,Neut,Sing,Inan,-0.1457707154463814,NONE
с,ADP,,case,,,,,0.043882995615984,NONE
этим,DET,,det,Ins,Masc,Sing,,-0.2111036534916933,NONE
обрывом,NOUN,,nmod,Ins,Masc,Sing,Inan,0.0774530321202579,NONE
",",PUNCT,,punct,,,,,-0.008480326297913,NONE
-,PUNCT,,punct,,,,,0.0128382255804877,NONE
сказал,VERB,,parataxis,,Masc,Sing,,0.0314054626267799,NONE
он,PRON,,nsubj,Nom,Masc,Sing,,-0.0246686741153323,NONE
.,PUNCT,,punct,,,,,0.1059669546716999,NONE
Главный,ADJ,,amod,Nom,Masc,Sing,,0.0582132454100604,NONE
министр,NOUN,,nsubj,Nom,Masc,Sing,Anim,-0.0313128335077059,NONE
Мадхья-Прадеша,PROPN,,appos,Nom,Masc,Sing,Anim,0.0945838484205527,PER
Шиврадж,PROPN,,appos,Nom,Masc,Sing,Anim,0.0288458754641727,PER
Сингх,PROPN,,flat:name,Nom,Masc,Sing,Anim,0.1263942887436499,PER
Чохан,PROPN,,flat:name,Nom,Masc,Sing,Anim,0.0545355731096267,PER
",",PUNCT,,punct,,,,,0.1740365798563063,NONE
подтвердивший,VERB,,acl,Nom,Masc,Sing,,0.0522787548036197,NONE
в,ADP,,case,,,,,0.0233151522565119,NONE
субботу,NOUN,,obl,Acc,Fem,Sing,Inan,0.0488674669147468,NONE
",",PUNCT,,punct,,,,,0.0018304914777661,NONE
что,SCONJ,,mark,,,,,-0.0758815382469032,NONE
заразился,VERB,,ccomp,,Masc,Sing,,-0.0016287879358017,NONE
COVID-19,PROPN,,nsubj,,,,,0.0478192116870301,ORG
",",PUNCT,,punct,,,,,0.0986828623645256,NONE
утром,NOUN,,obl,Ins,Neut,Sing,Inan,-0.029233122151187,NONE
в,ADP,,case,,,,,-0.0193970235172599,NONE
воскресенье,NOUN,,obl,Acc,Neut,Sing,Inan,-0.0712289903943695,NONE
сообщил,VERB,,root,,Masc,Sing,,-0.0827526714501695,NONE
в,ADP,,case,,,,,0.0703659119296946,NONE
Твиттере,PROPN,,obl,Loc,Masc,Sing,Inan,0.2869914654338362,ORG
",",PUNCT,,punct,,,,,0.0486225924049031,NONE
что,SCONJ,,mark,,,,,0.1059125718009788,NONE
он,PRON,,nsubj,Nom,Masc,Sing,,0.0812857024768578,NONE
«в,ADP,,case,,,,,0.1048442683996223,NONE
порядке»,NOUN,,ccomp,Acc,Masc,Sing,Inan,0.0054001658605037,NONE
и,CCONJ,,cc,,,,,-0.1126103575455451,NONE
выразил,VERB,,conj,,Masc,Sing,,0.1166778972082868,NONE
благодарность,NOUN,,obj,Acc,Fem,Sing,Inan,0.0589816139909719,NONE
работникам,NOUN,,iobj,Dat,Masc,Plur,Anim,-0.0496524284456809,NONE
на,ADP,,case,,,,,-0.0609220313525076,NONE
передовой,ADJ,,amod,Loc,Fem,Sing,,0.0318621161318982,NONE
борьбы,NOUN,,nmod,Acc,Fem,Plur,Inan,-0.0076757771747519,NONE
с,ADP,,case,,,,,0.0004861127224526,NONE
коронавирусом,NOUN,,nmod,Ins,Masc,Sing,Inan,0.107104503810534,NONE
.,PUNCT,,punct,,,,,-0.0792102864461026,NONE
Его,DET,,det,,,,,-0.5326180176807153,NONE
лучший,ADJ,,amod,Nom,Masc,Sing,,-0.017457509631757,NONE
личный,ADJ,,amod,Nom,Masc,Sing,,0.097452330222498,NONE
результат,NOUN,,nsubj,Nom,Masc,Sing,Inan,0.0087203939798342,NONE
и,CCONJ,,cc,,,,,-0.0643102822764156,NONE
лучший,ADJ,,amod,Nom,Masc,Sing,,0.3426575251390641,NONE
результат,NOUN,,conj,Nom,Masc,Sing,Inan,0.041724184403694,NONE
в,ADP,,case,,,,,0.2001294740442685,NONE
сезоне,NOUN,,nmod,Loc,Masc,Sing,Inan,-0.003367754983464,NONE
составляет,VERB,,root,,,Sing,,-0.0718127351840068,NONE
49,NUM,,nummod,,,,,0.0190338273692144,NONE
",",PUNCT,,punct,,,,,0.1919661080256066,NONE
13,NUM,,nmod,,,,,-0.2223660714540313,NONE
с,NOUN,,obl,Gen,Masc,Sing,Inan,0.2179623574397728,NONE
.,PUNCT,,punct,,,,,0.5052184713848896,NONE
В,ADP,,case,,,,,0.0589454477221051,NONE
протоколе,NOUN,,obl,Loc,Masc,Sing,Inan,0.0636052516343866,NONE
с,ADP,,case,,,,,0.017802581997977,NONE
описанием,NOUN,,nmod,Ins,Neut,Sing,Inan,0.0141822508014257,NONE
нарушений,NOUN,,nmod,Gen,Neut,Plur,Inan,-0.0470879369974692,NONE
также,ADV,,advmod,,,,,-0.001277669838381,NONE
говорилось,VERB,,root,,Neut,Sing,,0.0203328497026153,NONE
",",PUNCT,,punct,,,,,0.1279615458894757,NONE
что,SCONJ,,mark,,,,,-0.5353797312368584,NONE
Соворе,PROPN,,nsubj,Nom,Masc,Sing,Anim,0.0713438340033264,PER
и,CCONJ,,cc,,,,,0.0063494560604448,NONE
другой,ADJ,,amod,Nom,Masc,Sing,,0.0837780023728583,NONE
ответчик,NOUN,,conj,Nom,Masc,Sing,Anim,-0.0298269163149042,NONE
",",PUNCT,,punct,,,,,0.1737131260278252,NONE
Олавале,PROPN,,appos,Nom,Masc,Sing,Anim,0.1165171538851302,PER
Бакаре,PROPN,,flat:name,Nom,Masc,Sing,Anim,0.0439561659439665,PER
",",PUNCT,,punct,,,,,0.2150249136097782,NONE
планировали,VERB,,ccomp,,,Plur,,0.0165230098880642,NONE
протест,NOUN,,obj,Acc,Masc,Sing,Inan,0.1151811360789243,NONE
с,ADP,,case,,,,,0.0256497561709667,NONE
целью,NOUN,,nmod,Ins,Fem,Sing,Inan,-0.1265010783269387,NONE
свержения,NOUN,,nmod,Gen,Neut,Sing,Inan,0.0516259182736253,NONE
действующего,VERB,,amod,Gen,Neut,Sing,,0.0110878026380694,NONE
правительства,NOUN,,nmod,Gen,Neut,Sing,Inan,0.1155643539084387,NONE
.,PUNCT,,punct,,,,,-0.6164444810928993,NONE
В,ADP,,case,,,,,0.0240002599673803,NONE
США,PROPN,,obl,Loc,,Plur,Inan,0.1963166717444096,LOC
проводят,VERB,,root,,,Plur,,0.0548139468992813,NONE
много,ADV,,advmod,,,,,-0.0093564249390504,NONE
мелкомасштабных,ADJ,,amod,Gen,,Plur,,-0.0224184346866045,NONE
клинических,ADJ,,amod,Gen,,Plur,,0.0312474920519495,NONE
испытаний,NOUN,,obl,Gen,Neut,Plur,Inan,-0.0440797612310005,NONE
",",PUNCT,,punct,,,,,0.1681050746438857,NONE
в,ADP,,case,,,,,0.105301227885267,NONE
которых,PRON,,obl,Loc,,,,-0.3020208447779561,NONE
принимает,VERB,,acl:relcl,,,Sing,,0.0287684963480121,NONE
участие,NOUN,,obj,Acc,Neut,Sing,Inan,-0.0314396574408514,NONE
от,ADP,,case,,,,,0.0055236757224871,NONE
нескольких,NUM,,nummod,Gen,,,,0.0420587391115959,NONE
десятков,NOUN,,nsubj,Gen,Masc,Plur,Inan,0.0198847361760387,NONE
до,ADP,,case,,,,,0.0448180338502559,NONE
нескольких,NUM,,nummod,Gen,,,,0.0715018050163299,NONE
сотен,NOUN,,nmod,Gen,Fem,Plur,Inan,-0.1335585754952646,NONE
пациентов,NOUN,,nmod,Gen,Masc,Plur,Anim,0.0085117018102289,NONE
",",PUNCT,,punct,,,,,0.2095204904416953,NONE
но,CCONJ,,cc,,,,,-0.0041832293760656,NONE
нет,VERB,,conj,,,Sing,,-0.0303465230337977,NONE
ничего,PRON,,nsubj,Gen,,,,0.0473114793160483,NONE
серьезного,ADJ,,amod,Gen,Neut,Sing,,0.1167768861154432,NONE
",",PUNCT,,punct,,,,,-0.059870503854188,NONE
—,PUNCT,,punct,,,,,0.0715209133294519,NONE
добавил,VERB,,parataxis,,Masc,Sing,,-0.0237119471303522,NONE
Лэндрей,PROPN,,nsubj,Nom,Masc,Sing,Anim,0.1413571160310202,PER
.,PUNCT,,punct,,,,,0.2014955211909947,NONE
Опасаясь,VERB,,advcl,,,,,0.0760212110074369,NONE
за,ADP,,case,,,,,-0.0291151690419329,NONE
душевное,ADJ,,amod,Acc,Neut,Sing,,-0.0273924534273955,NONE
состояние,NOUN,,obl,Acc,Neut,Sing,Inan,-0.0827815920725205,NONE
мужа,NOUN,,nmod,Gen,Masc,Sing,Anim,-0.0364051298632195,NONE
",",PUNCT,,punct,,,,,0.0377702393747669,NONE
Кардашьян-Уэст,PROPN,,flat:name,Nom,Fem,Sing,Anim,0.0202196036636126,PER
",",PUNCT,,punct,,,,,0.5270659492249872,NONE
мать,NOUN,,appos,Nom,Fem,Sing,Anim,-0.0422615169406986,NONE
четырех,NUM,,nummod,Gen,,,,0.0101315565385963,NONE
детей,NOUN,,nmod,Gen,Masc,Plur,Anim,0.0919874820619499,NONE
Уэста,PROPN,,nmod,Gen,Masc,Sing,Anim,0.0106039264161879,PER
",",PUNCT,,punct,,,,,0.1007026240800869,NONE
опубликовала,VERB,,root,,Fem,Sing,,0.1452997840367427,NONE
длинное,ADJ,,amod,Acc,Neut,Sing,,0.0426283400176208,NONE
заявление,NOUN,,obj,Acc,Neut,Sing,Inan,-0.0115497792327143,NONE
о,ADP,,case,,,,,-0.0338730468676137,NONE
том,PRON,,nmod,Loc,Neut,Sing,Inan,0.0206150302376092,NONE
",",PUNCT,,punct,,,,,0.0646266090021518,NONE
что,SCONJ,,mark,,,,,-0.0303285939472698,NONE
она,PRON,,nsubj,Nom,Fem,Sing,,0.0026836259166952,NONE
и,CCONJ,,cc,,,,,0.0354615528179036,NONE
ее,DET,,det,,,,,0.0073411762374749,NONE
семья,NOUN,,conj,Nom,Fem,Sing,Inan,0.046273460059097,NONE
"""",PUNCT,,punct,,,,,-0.0062505162254741,NONE
"""",PUNCT,,punct,,,,,0.0171927235814213,NONE
бессильны,ADJ,,acl,,,Plur,,0.0710414933892746,NONE
"""",PUNCT,,punct,,,,,0.0025423267154305,NONE
"""",PUNCT,,punct,,,,,0.0005340137400008,NONE
и,CCONJ,,cc,,,,,-0.0455247818596845,NONE
не,PART,,advmod,,,,,-0.0441454667711552,NONE
могут,VERB,,conj,,,Plur,,-0.0022603863683663,NONE
вмешаться,VERB,,xcomp,,,,,0.0604131541975206,NONE
",",PUNCT,,punct,,,,,0.0478592099571134,NONE
и,CCONJ,,cc,,,,,-0.0125153778577182,NONE
напомнила,VERB,,conj,,Fem,Sing,,0.0175960295549783,NONE
поклонникам,NOUN,,iobj,Dat,Masc,Plur,Anim,0.2416080070293014,NONE
о,ADP,,case,,,,,0.0139044309143363,NONE
том,PRON,,obl,Loc,Neut,Sing,Inan,0.0084326287464271,NONE
",",PUNCT,,punct,,,,,0.0610901479725253,NONE
что,SCONJ,,mark,,,,,-0.0366112381656801,NONE
у,ADP,,case,,,,,-0.0084599761616035,NONE
него,PRON,,acl,Gen,Masc,Sing,,-0.0011260130947636,NONE
биполярное,ADJ,,amod,Nom,Neut,Sing,,0.0474280450603784,NONE
расстройство,NOUN,,nsubj,Nom,Neut,Sing,Inan,-0.0001353514189086,NONE
.,PUNCT,,punct,,,,,0.0426647599271235,NONE
"""",PUNCT,,root,,,,,0.50046691505266,NONE
Он,PRON,,nsubj,Nom,Masc,Sing,,0.1577308758523297,NONE
также,ADV,,advmod,,,,,0.2653777919883993,NONE
повторно,ADV,,advmod,,,,,-0.0544421705977486,NONE
заявил,VERB,,root,,Masc,Sing,,-0.2031957618232593,NONE
о,ADP,,case,,,,,0.0450894717897955,NONE
своем,DET,,det,Loc,Neut,Sing,,-0.09736540820193,NONE
категорическом,ADJ,,amod,Loc,Neut,Sing,,-0.0480218835590533,NONE
несогласии,NOUN,,obl,Loc,Neut,Sing,Inan,0.1110774132006389,NONE
с,ADP,,case,,,,,-0.1311650025200305,NONE
проведением,NOUN,,nmod,Ins,Neut,Sing,Inan,-0.0786854180434247,NONE
второго,ADJ,,amod,Gen,Masc,Sing,,-0.1224483018813005,NONE
референдума,NOUN,,nmod,Gen,Masc,Sing,Inan,0.0851803620688162,NONE
по,ADP,,case,,,,,0.0109823181135844,NONE
независимости,NOUN,,nmod,Dat,Fem,Sing,Inan,0.3937301982096624,NONE
Шотландии,PROPN,,nmod,Gen,Fem,Sing,Inan,0.1117509080029918,LOC
.,PUNCT,,punct,,,,,0.2850118788735707,NONE
В,ADP,,case,,,,,-0.0066179932568163,NONE
США,PROPN,,obl,Loc,,Plur,Inan,0.1892916934359574,LOC
же,PART,,advmod,,,,,-0.2835258434916624,NONE
система,NOUN,,nsubj:pass,Nom,Fem,Sing,Inan,0.0017920368824298,NONE
здравоохранения,NOUN,,nmod,Gen,Neut,Sing,Inan,0.0029597553173463,NONE
раздроблена,VERB,,root,,Fem,Sing,,0.0964610669031151,NONE
",",PUNCT,,punct,,,,,0.2451819716162532,NONE
и,CCONJ,,cc,,,,,-0.0443094840765301,NONE
единственное,ADJ,,nsubj,Nom,Neut,Sing,,0.0758360889220049,NONE
",",PUNCT,,punct,,,,,0.2018186150392206,NONE
чего,PRON,,obl,Gen,,,,0.0374947859138325,NONE
она,PRON,,nsubj,Nom,Fem,Sing,,0.0414115975092238,NONE
смогла,VERB,,acl:relcl,,Fem,Sing,,0.1870547970566198,NONE
добиться,VERB,,xcomp,,,,,0.1074392685178006,NONE
в,ADP,,case,,,,,-0.043502174149014,NONE
процессе,NOUN,,obl,Loc,Masc,Sing,Inan,0.013925296420684,NONE
поиска,NOUN,,nmod,Gen,Masc,Sing,Inan,0.0344996288695609,NONE
лекарства,NOUN,,nmod,Gen,Neut,Sing,Inan,0.1084086335554604,NONE
-,PUNCT,,punct,,,,,0.3107939114347502,NONE
это,PRON,,expl,,,,,-0.0126482832935389,NONE
продемонстрировать,VERB,,conj,,,,,0.060574370134668,NONE
эффективность,NOUN,,obj,Acc,Fem,Sing,Inan,0.2653630066323539,NONE
крайне,ADV,,obl,,,,,0.2257921901164937,NONE
дорогого,ADJ,,amod,Gen,Masc,Sing,,-0.0268950100448309,NONE
препарата,NOUN,,nmod,Gen,Masc,Sing,Inan,0.0113000708885634,NONE
ремдесивира,NOUN,,nmod,Gen,Masc,Sing,Inan,0.0604798481233804,NONE
",",PUNCT,,punct,,,,,0.1243824213362852,NONE
помогающего,VERB,,acl,Gen,Masc,Sing,,0.0111500979775388,NONE
ускорить,VERB,,xcomp,,,,,0.0530636151074552,NONE
процесс,NOUN,,obj,Acc,Masc,Sing,Inan,-0.0681297379263461,NONE
выздоровления,NOUN,,nmod,Gen,Neut,Sing,Inan,0.1183986386429752,NONE
для,ADP,,case,,,,,0.0670408270104872,NONE
некоторых,DET,,det,Gen,,Plur,,0.1063504435837394,NONE
больных,NOUN,,nmod,Gen,Masc,Plur,Anim,0.0367624108732581,NONE
коронавирусом,NOUN,,nmod,Ins,Masc,Sing,Inan,0.3589306747123968,NONE
.,PUNCT,,punct,,,,,0.159924378550525,NONE
Курс,NOUN,,nsubj,Nom,Masc,Sing,Inan,0.0288857121153849,NONE
состоит,VERB,,root,,,Sing,,-0.2076539751050694,NONE
из,ADP,,case,,,,,0.1098825996245428,NONE
18,NUM,,nummod,,,,,0.0353441942326181,NONE
модулей,NOUN,,obl,Gen,Masc,Plur,Inan,0.2662973069141932,NONE
и,CCONJ,,cc,,,,,0.0252582459737007,NONE
к,ADP,,case,,,,,-0.2252689403512306,NONE
каждому,DET,,det,Dat,Masc,Sing,,0.084766511355411,NONE
модулю,NOUN,,obl,Dat,Masc,Sing,Inan,0.197247417592199,NONE
я,PRON,,nsubj,Nom,,Sing,,0.416784482050709,NONE
сделаю,VERB,,conj,,,Sing,,0.1064068949625422,NONE
соответствующее,ADJ,,amod,Acc,Neut,Sing,,0.2388868289187139,NONE
видео,NOUN,,obj,Acc,Neut,Sing,Inan,0.4198097529522972,NONE
.,PUNCT,,punct,,,,,-0.1345695987600752,NONE
Роскошный,ADJ,,amod,Nom,Masc,Sing,,-0.0636491324652596,NONE
отель,NOUN,,nsubj:pass,Nom,Masc,Sing,Inan,0.1536098211639202,NONE
Holiday,PROPN,,flat:foreign,,,,,-0.1232834058254258,ORG
Inn,PROPN,,flat:foreign,,,,,-0.2626248113633745,ORG
Delhi,PROPN,,flat:foreign,,,,,-0.1617929115198803,ORG
Aerocity,PROPN,,flat:foreign,,,,,-0.0288209821354077,ORG
в,ADP,,case,,,,,0.1161117436846612,NONE
Дели,PROPN,,nmod,Loc,Masc,Sing,Inan,0.0336365245349839,LOC
изъят,VERB,,root,,Masc,Sing,,0.1404584258146502,NONE
по,ADP,,case,,,,,0.1393769255324705,NONE
делу,NOUN,,obl,Dat,Neut,Sing,Inan,0.0936741067455975,NONE
против,ADP,,case,,,,,0.0168958882549605,NONE
Дипака,PROPN,,nmod,Gen,Masc,Sing,Anim,-0.0419285507623785,PER
Талвара,PROPN,,flat:name,Gen,Masc,Sing,Anim,0.8286233166092666,PER
Книга,NOUN,,nsubj,Nom,Fem,Sing,Inan,0.5208491482065067,NONE
«Как,ADV,,advmod,,,,,-0.0444174599849451,NONE
заключить,VERB,,obl,,,,,0.0087136545448848,NONE
сделку,NOUN,,obj,Acc,Fem,Sing,Inan,-0.0295387932474334,NONE
:,PUNCT,,punct,,,,,0.0057143916499204,NONE
советы,NOUN,,nsubj,Nom,Masc,Plur,Inan,-0.1368174202275505,NONE
подруги»,NOUN,,nmod,Gen,Fem,Sing,Anim,0.0298133299775217,NONE
рассказывает,VERB,,root,,,Sing,,0.00355038671957,NONE
",",PUNCT,,punct,,,,,0.1430933232257793,NONE
как,ADV,,advmod,,,,,-0.0919141646450125,NONE
женщины,NOUN,,nsubj,Nom,Fem,Plur,Anim,0.0607204693117299,NONE
могут,VERB,,ccomp,,,Plur,,0.0336277883430977,NONE
использовать,VERB,,xcomp,,,,,-0.02035201487323,NONE
свой,DET,,det,Acc,Masc,Sing,,0.0551925905348369,NONE
голос,NOUN,,obj,Acc,Masc,Sing,Inan,-0.2338224087359749,NONE
",",PUNCT,,punct,,,,,0.0659534356642181,NONE
чтобы,SCONJ,,mark,,,,,-0.1272613925181993,NONE
достичь,VERB,,advcl,,,,,-0.0354396463144101,NONE
равенства,NOUN,,obl,Gen,Neut,Sing,Inan,0.0828611825243308,NONE
за,ADP,,case,,,,,-0.0706109720210314,NONE
столом,NOUN,,nmod,Ins,Masc,Sing,Inan,-0.0776856602049375,NONE
переговоров,NOUN,,nmod,Gen,Masc,Plur,Inan,-0.0348261254229238,NONE
",",PUNCT,,punct,,,,,0.0720393492160607,NONE
и,CCONJ,,cc,,,,,-0.0292899353556618,NONE
продвигаться,VERB,,conj,,,,,0.0042028971892288,NONE
по,ADP,,case,,,,,-0.0709125062976085,NONE
карьерной,ADJ,,amod,Dat,Fem,Sing,,0.0951198987444711,NONE
лестнице,NOUN,,obl,Dat,Fem,Sing,Inan,0.180262461933227,NONE
с,ADP,,case,,,,,0.1362446877482376,NONE
помощью,NOUN,,fixed,Ins,Fem,Sing,Inan,0.1663135253438793,NONE
женской,ADJ,,amod,Gen,Fem,Sing,,0.0366121414142225,NONE
версии,NOUN,,obl,Gen,Fem,Sing,Inan,0.0036947361837771,NONE
«круга,NOUN,,nmod,Gen,Masc,Sing,Inan,0.0966870342732467,NONE
школьных,ADJ,,amod,Gen,,Plur,,0.0509504477376653,NONE
друзей»,NOUN,,nmod,Gen,Masc,Plur,Anim,-0.0049251606517231,NONE
.,PUNCT,,punct,,,,,-0.0204778703410376,NONE
В,ADP,,case,,,,,-0.2548169509037568,NONE
довершение,NOUN,,obl,Acc,Neut,Sing,Inan,0.0298802891563788,NONE
ко,ADP,,case,,,,,0.0824058918527284,NONE
всему,PRON,,nmod,Dat,Neut,Sing,Inan,0.0375416521517126,NONE
",",PUNCT,,punct,,,,,0.2621362535642138,NONE
весь,DET,,det,Nom,Masc,Sing,,-0.0564000073427911,NONE
набор,NOUN,,nsubj:pass,Nom,Masc,Sing,Inan,0.1451688936534448,NONE
помещается,VERB,,root,,,Sing,,0.0871394818954037,NONE
в,ADP,,case,,,,,-0.0522268398964831,NONE
стильную,ADJ,,amod,Acc,Fem,Sing,,0.0589272146727031,NONE
и,CCONJ,,cc,,,,,0.0962314660354745,NONE
сдержанную,ADJ,,conj,Acc,Fem,Sing,,0.1732078891123051,NONE
сумку,NOUN,,obl,Acc,Fem,Sing,Inan,0.2056882308282112,NONE
для,ADP,,case,,,,,-0.0678169138168947,NONE
переноски,NOUN,,nmod,Gen,Fem,Sing,Inan,0.1773673836363547,NONE
",",PUNCT,,punct,,,,,0.4887143922433089,NONE
которая,PRON,,nsubj,Nom,,,,-0.0827893182752123,NONE
может,VERB,,acl:relcl,,,Sing,,0.2701321114431266,NONE
храниться,VERB,,xcomp,,,,,0.3313226113251745,NONE
почти,ADV,,advmod,,,,,0.145737172789743,NONE
всюду,ADV,,advmod,,,,,0.1521986720519415,NONE
.,PUNCT,,punct,,,,,-0.1658062503234364,NONE
В,ADP,,case,,,,,-0.3214222320666735,NONE
четверг,NOUN,,obl,Acc,Masc,Sing,Inan,-0.1450980700335222,NONE
кусочек,NOUN,,obj,Acc,Masc,Sing,Inan,-0.0656431735869055,NONE
марсианского,ADJ,,amod,Gen,Masc,Sing,,-0.1037960869761555,NONE
базальта,NOUN,,nmod,Gen,Masc,Sing,Inan,0.0257799698750253,NONE
размером,NOUN,,nmod,Ins,Masc,Sing,Inan,0.0299895129878347,NONE
с,ADP,,case,,,,,0.0745142305859419,NONE
десятипенсовую,ADJ,,amod,Acc,Fem,Sing,,0.1116482711071002,NONE
монету,NOUN,,nmod,Acc,Fem,Sing,Inan,0.1192401080590571,NONE
поместят,VERB,,root,,,Plur,,0.2758166164821516,NONE
на,ADP,,case,,,,,0.0590949065387184,NONE
борт,NOUN,,obl,Acc,Masc,Sing,Inan,0.0312834792569453,NONE
американского,ADJ,,amod,Gen,Masc,Sing,,0.2247784528500486,NONE
зонда,NOUN,,nmod,Gen,Masc,Sing,Inan,0.1111702940538527,NONE
и,CCONJ,,cc,,,,,0.0210082807545309,NONE
отправят,VERB,,conj,,,Plur,,0.1452284761419939,NONE
в,ADP,,case,,,,,0.0115062380381133,NONE
семимесячное,ADJ,,amod,Acc,Neut,Sing,,0.1045736061539534,NONE
путешествие,NOUN,,obl,Acc,Neut,Sing,Inan,0.1241231443925648,NONE
домой,ADV,,advmod,,,,,0.0977940560037097,NONE
",",PUNCT,,punct,,,,,0.198753799912577,NONE
на,ADP,,case,,,,,-0.0454072200753456,NONE
Красную,ADJ,,amod,Acc,Fem,Sing,,0.155835542883656,LOC
планету,NOUN,,conj,Acc,Fem,Sing,Inan,0.2674130810460381,LOC
.,PUNCT,,punct,,,,,0.0912713079336137,NONE
В,ADP,,case,,,,,-0.2732359763859878,NONE
завуалированном,VERB,,amod,Loc,Neut,Sing,,0.1803852590338058,NONE
предупреждении,NOUN,,obl,Loc,Neut,Sing,Inan,-0.0260476709970716,NONE
контролируемая,VERB,,acl,Nom,Fem,Sing,,0.0538683128780405,NONE
Пекином,PROPN,,obl,Ins,Masc,Sing,Inan,0.0551115343453292,LOC
газета,NOUN,,nsubj,Nom,Fem,Sing,Inan,0.0680482422199535,NONE
добавила,VERB,,root,,Fem,Sing,,0.1469837540233922,NONE
",",PUNCT,,punct,,,,,0.2835946931308415,NONE
что,SCONJ,,mark,,,,,-0.0508852744929535,NONE
",",PUNCT,,punct,,,,,0.2083696238306895,NONE
если,SCONJ,,mark,,,,,0.0027957780584423,NONE
вина,NOUN,,nsubj:pass,Nom,Fem,Sing,Inan,0.1525672347944017,NONE
в,ADP,,case,,,,,0.1961160721000473,NONE
данном,ADJ,,amod,Loc,Masc,Sing,,0.0188888113162317,NONE
«сговоре»,NOUN,,obl,Loc,Masc,Sing,Inan,0.221485603562356,NONE
будет,AUX,,aux:pass,,,Sing,,-0.0033953417658074,NONE
доказана,VERB,,advcl,,Fem,Sing,,0.0452891231648537,NONE
",",PUNCT,,punct,,,,,0.1003611994718003,NONE
кредитному,ADJ,,amod,Dat,Neut,Sing,,0.146089345778181,NONE
учреждению,NOUN,,iobj,Dat,Neut,Sing,Inan,0.0355624482696826,NONE
может,VERB,,ccomp,,,Sing,,0.0049201743343281,NONE
грозить,VERB,,xcomp,,,,,-0.0388520983838305,NONE
«суровое,ADJ,,amod,Nom,Neut,Sing,,0.1613378775932225,NONE
наказание»,NOUN,,nsubj,Nom,Neut,Sing,Inan,-0.0897645230773318,NONE
в,ADP,,case,,,,,0.1211110375989181,NONE
Китае,PROPN,,nmod,Loc,Masc,Sing,Inan,0.1854405440287168,LOC
",",PUNCT,,punct,,,,,-0.0496749477043236,NONE
который,PRON,,nsubj,Nom,,,,0.0379833907283587,NONE
является,VERB,,acl:relcl,,,Sing,,0.0215753275459861,NONE
одним,NUM,,obl,Ins,Masc,,,0.3118425174421733,NONE
из,ADP,,case,,,,,0.0109147745455172,NONE
основных,ADJ,,amod,Gen,,Plur,,-0.0275097450661113,NONE
рынков,NOUN,,nmod,Gen,Masc,Plur,Inan,0.1143566322281692,NONE
для,ADP,,case,,,,,0.060545606486859,NONE
HSBC,PROPN,,flat:foreign,,,,,0.0205061540885479,ORG
.,PUNCT,,punct,,,,,-0.289550924822445,NONE
Европейский,ADJ,,amod,Nom,Masc,Sing,,-0.0798429083190618,ORG
банк,NOUN,,nsubj,Nom,Masc,Sing,Inan,-0.0094059910967653,ORG
реконструкции,NOUN,,nmod,Gen,Fem,Sing,Inan,-0.0102480499688417,ORG
и,CCONJ,,cc,,,,,-0.0664032028582944,ORG
развития,NOUN,,conj,Gen,Neut,Sing,Inan,-0.1429929579222128,ORG
собирается,VERB,,root,,,Sing,,-0.1867463691575467,NONE
выделить,VERB,,xcomp,,,,,0.047468588514418,NONE
300,NUM,,nummod,,,,,0.0115741300098496,NONE
миллионов,NOUN,,nummod,Gen,Masc,Plur,Inan,0.0504445693716681,NONE
евро,NOUN,,obl,Gen,Masc,Plur,Inan,0.2021893868125131,NONE
на,ADP,,case,,,,,-0.0574671346619212,NONE
поддержку,NOUN,,obl,Acc,Fem,Sing,Inan,-0.0829941605141088,NONE
Казахстана,PROPN,,nmod,Gen,Masc,Sing,Inan,0.3232636414424077,LOC
как,SCONJ,,mark,,,,,-0.1584004470498968,NONE
регионального,ADJ,,amod,Gen,Masc,Sing,,-0.0387503478531803,NONE
лидера,NOUN,,acl,Gen,Masc,Sing,Anim,0.0613090922330186,NONE
в,ADP,,case,,,,,-0.03773756775513,NONE
разработке,NOUN,,nmod,Loc,Fem,Sing,Inan,-0.0043856745980104,NONE
альтернативных,ADJ,,amod,Gen,,Plur,,0.1251728764212696,NONE
источников,NOUN,,nmod,Gen,Masc,Plur,Inan,0.0530679699718505,NONE
энергии,NOUN,,nmod,Gen,Fem,Sing,Inan,0.0747889493099245,NONE
.,PUNCT,,punct,,,,,0.7429465079962563,NONE
Передняя,ADJ,,amod,Nom,Fem,Sing,,-0.0085580438487639,NONE
часть,NOUN,,root,Nom,Fem,Sing,Inan,-0.0981460349732175,NONE
:,PUNCT,,punct,,,,,0.4761708809643119,NONE
1,NUM,,nummod,,,,,0.3988519396813002,NONE
большой,ADJ,,amod,Nom,Masc,Sing,,-0.1792958448352139,NONE
карман,NOUN,,parataxis,Nom,Masc,Sing,Inan,-0.1450696264609375,NONE
и,CCONJ,,cc,,,,,-0.1669504521728481,NONE
1,NUM,,nummod,,,,,0.3530975938206608,NONE
карман,NOUN,,conj,Nom,Masc,Sing,Inan,-0.1021928590287668,NONE
на,ADP,,case,,,,,-0.2621890581674928,NONE
молнии,NOUN,,nmod,Loc,Fem,Sing,Inan,0.0563793259727914,NONE
Мы,PRON,,nsubj,Nom,,Plur,,-0.1246993563429648,NONE
отправляем,VERB,,root,,,Plur,,0.1623634266210379,NONE
посылки,NOUN,,obj,Acc,Fem,Plur,Inan,-0.0381638209686424,NONE
",",PUNCT,,punct,,,,,0.2318431785370956,NONE
полагаясь,VERB,,advcl,,,,,0.1770266213867876,NONE
на,ADP,,case,,,,,0.0584588328460784,NONE
услуги,NOUN,,obl,Acc,Fem,Plur,Inan,-0.0916127561439573,NONE
курьеров,NOUN,,nmod,Gen,Masc,Plur,Anim,0.264788985980987,NONE
",",PUNCT,,punct,,,,,0.1885746893389073,NONE
однако,ADV,,advmod,,,,,-0.1589349080693036,NONE
иногда,ADV,,advmod,,,,,-0.1744423958893517,NONE
они,PRON,,nsubj,Nom,,Plur,,-0.1387817694807812,NONE
не,PART,,advmod,,,,,0.1074199229319003,NONE
оправдывают,VERB,,conj,,,Plur,,0.1732168157784086,NONE
ожиданий,NOUN,,obj,Gen,Neut,Plur,Inan,0.1296839635927642,NONE
",",PUNCT,,punct,,,,,0.1135107422540034,NONE
это,PRON,,nsubj,Nom,Neut,Sing,Inan,0.0356635887789692,NONE
не,PART,,advmod,,,,,0.0845207359717283,NONE
наша,DET,,det,Nom,Fem,Sing,,-0.1680996386043005,NONE
вина,NOUN,,conj,Nom,Fem,Sing,Inan,-0.0211129798656695,NONE
.,PUNCT,,punct,,,,,0.576951608770832,NONE
Лидер,NOUN,,nsubj,Nom,Masc,Sing,Anim,0.138547486091167,NONE
Северной,PROPN,,amod,,,,,0.1672905228967593,LOC
Кореи,PROPN,,nmod,Gen,Fem,Sing,Inan,0.0062216433851119,LOC
Ким,PROPN,,appos,Nom,Masc,Sing,Anim,-0.0445324420113914,PER
Чен,PROPN,,flat:name,Nom,Masc,Sing,Anim,-0.0325728305808073,PER
Ын,PROPN,,flat:name,Nom,Masc,Sing,Anim,-0.0270060916610934,PER
созвал,VERB,,root,,Masc,Sing,,-0.1041405051347101,NONE
экстренное,ADJ,,amod,Acc,Neut,Sing,,-0.0543373259778891,NONE
совещание,NOUN,,obj,Acc,Neut,Sing,Inan,-0.0268360853931541,NONE
политбюро,NOUN,,nmod,Gen,Neut,Sing,Inan,-0.0661360220582661,NONE
после,ADP,,case,,,,,0.0231370219066648,NONE
того,PRON,,obl,Gen,Neut,Sing,Inan,0.0355478695668571,NONE
",",PUNCT,,punct,,,,,0.2890065965817478,NONE
как,SCONJ,,mark,,,,,0.034192571969013,NONE
в,ADP,,case,,,,,0.0140788075637479,NONE
этом,DET,,det,Loc,Masc,Sing,,-0.0355318428196599,NONE
месяце,NOUN,,obl,Loc,Masc,Sing,Inan,0.0098165291081377,NONE
в,ADP,,case,,,,,0.0326562283149001,NONE
страну,NOUN,,obl,Acc,Fem,Sing,Inan,0.0516323612846696,NONE
из,ADP,,case,,,,,0.0201180965637365,NONE
Южной,PROPN,,amod,,,,,0.0371678495502308,LOC
Кореи,PROPN,,obl,Gen,Fem,Sing,Inan,0.0258798830579402,LOC
вернулся,VERB,,acl,,Masc,Sing,,-0.0078258367563696,NONE
предполагаемо,ADV,,advmod,,,,,0.0230973880633877,NONE
зараженный,VERB,,acl,Nom,Masc,Sing,,0.0457234578698681,NONE
коронавирусом,NOUN,,obl,Ins,Masc,Sing,Inan,0.0146083855779497,NONE
житель,NOUN,,nsubj,Nom,Masc,Sing,Anim,-0.2226446718708472,NONE
",",PUNCT,,punct,,,,,0.4924587120149383,NONE
нелегально,ADV,,advmod,,,,,0.0236606114368808,NONE
пересекший,VERB,,acl,Nom,Masc,Sing,,-0.0058695752596397,NONE
границу,NOUN,,obj,Acc,Fem,Sing,Inan,-0.0782479698513748,NONE
;,PUNCT,,punct,,,,,0.0196804680586921,NONE
этой,DET,,det,Ins,Fem,Sing,,-0.0757619954528466,NONE
информацией,NOUN,,obl,Ins,Fem,Sing,Inan,-0.023817114930553,NONE
в,ADP,,case,,,,,-0.0398781406765966,NONE
воскресенье,NOUN,,obl,Acc,Neut,Sing,Inan,0.030439220572382,NONE
поделились,VERB,,conj,,,Plur,,-0.0079101638663166,NONE
государственные,ADJ,,amod,Nom,,Plur,,-0.0077865536964986,NONE
СМИ,NOUN,,nsubj,Nom,Neut,Plur,Inan,-0.0526596348487591,ORG
.,PUNCT,,punct,,,,,0.031585620112974,NONE
Если,SCONJ,,mark,,,,,-0.6338908870818684,NONE
у,ADP,,case,,,,,-0.0187930464922681,NONE
вас,PRON,,advcl,Gen,,Plur,,-0.0735714096070538,NONE
много,ADV,,nsubj,,,,,0.2210939939499186,NONE
элементов,NOUN,,obl,Gen,Masc,Plur,Inan,0.1499818880032764,NONE
",",PUNCT,,punct,,,,,0.4409995894001553,NONE
восстановление,NOUN,,nsubj,Nom,Neut,Sing,Inan,0.1019661217232985,NONE
вашей,DET,,det,Gen,Fem,Sing,,0.0510374874562545,NONE
учетной,ADJ,,amod,Gen,Fem,Sing,,0.2240727493625225,NONE
записи,NOUN,,nmod,Gen,Fem,Sing,Inan,0.3399972724568072,NONE
может,VERB,,root,,,Sing,,0.1345586718176692,NONE
занять,VERB,,xcomp,,,,,0.1147011678855438,NONE
некоторое,DET,,det,Acc,Neut,Sing,,0.0763771804584664,NONE
время,NOUN,,obj,Acc,Neut,Sing,Inan,-0.0068681512679859,NONE
.,PUNCT,,punct,,,,,-0.2600041534140723,NONE
Из-за,ADP,,case,,,,,0.1208551118343324,NONE
этого,PRON,,obl,Gen,Neut,Sing,Inan,-0.5042884388426062,NONE
некоторые,DET,,det,Nom,,Plur,,-0.2986027788771888,NONE
эксперты,NOUN,,nsubj,Nom,Masc,Plur,Anim,0.1204000182514674,NONE
полагают,VERB,,root,,,Plur,,0.1675888817888318,NONE
",",PUNCT,,punct,,,,,-0.1156328662914401,NONE
что,SCONJ,,mark,,,,,-0.131327098015897,NONE
эти,DET,,det,Nom,,Plur,,-0.0443382087938934,NONE
два,NUM,,nummod:gov,Nom,Neut,,,0.1356932796515388,NONE
федеральных,ADJ,,amod,Gen,,Plur,,0.0304611750254402,NONE
расследования,NOUN,,nsubj,Gen,Neut,Sing,Inan,-0.0161096048379718,NONE
будут,AUX,,aux,,,Plur,,-0.2951439773247261,NONE
пересекаться,VERB,,ccomp,,,,,0.0356033410659742,NONE
друг,NOUN,,obl,Nom,Masc,Sing,Anim,-0.0607322314001279,NONE
с,ADP,,fixed,,,,,0.1422704717104631,NONE
другом,NOUN,,fixed,Ins,Masc,Sing,Anim,-0.0292284128492134,NONE
.,PUNCT,,punct,,,,,0.4309675968633687,NONE
Мы,PRON,,nsubj,Nom,,Plur,,-0.0052843260340561,NONE
не,PART,,advmod,,,,,-0.1559951161135908,NONE
хотим,VERB,,root,,,Plur,,0.0478142249123598,NONE
никаких,DET,,det,Gen,,Plur,,-0.0637048194244543,NONE
отрицательных,ADJ,,amod,Gen,,Plur,,0.0273514350288131,NONE
отзывов,NOUN,,obl,Gen,Masc,Plur,Inan,0.1825414901566515,NONE
и,CCONJ,,cc,,,,,0.018436996159238,NONE
их,PRON,,obj,Acc,,Plur,,0.0888439259933759,NONE
нельзя,ADV,,conj,,,,,0.0553654527414455,NONE
изменить,VERB,,csubj,,,,,0.1361353725139838,NONE
",",PUNCT,,punct,,,,,0.0698920841361265,NONE
после,ADP,,case,,,,,0.0522888303322869,NONE
того,PRON,,obl,Gen,Neut,Sing,Inan,0.0407917337407292,NONE
как,SCONJ,,mark,,,,,0.0097049386206141,NONE
они,PRON,,nsubj:pass,Nom,,Plur,,-0.0030374576755144,NONE
выданы,VERB,,acl,,,Plur,,0.1151702672939425,NONE
",",PUNCT,,punct,,,,,-0.5034477143495806,NONE
так,ADV,,mark,,,,,0.4936724621113427,NONE
что,SCONJ,,fixed,,,,,0.0728788595922818,NONE
дайте,VERB,,advcl,,,Plur,,-0.0942644990805477,NONE
нам,PRON,,iobj,Dat,,Plur,,-0.0502074095493009,NONE
возможность,NOUN,,obj,Acc,Fem,Sing,Inan,-0.0488870409936112,NONE
предложить,VERB,,obl,,,,,0.0918436709969776,NONE
вам,PRON,,iobj,Dat,,Plur,,0.2991586049668571,NONE
быстрое,ADJ,,amod,Acc,Neut,Sing,,0.0484518460213752,NONE
решение,NOUN,,obj,Acc,Neut,Sing,Inan,-0.2512832546449978,NONE
любой,DET,,det,Gen,Fem,Sing,,-0.1468588297792498,NONE
проблемы,NOUN,,nmod,Gen,Fem,Sing,Inan,-0.1639313082922046,NONE
",",PUNCT,,punct,,,,,-0.0070167371241133,NONE
с,ADP,,case,,,,,0.1429963480365904,NONE
которой,PRON,,obl,Ins,,,,0.0365035907714306,NONE
вы,PRON,,nsubj,Nom,,Plur,,-0.0059623000129287,NONE
могли,VERB,,acl:relcl,,,Plur,,-0.0286635350150578,NONE
столкнуться,VERB,,xcomp,,,,,-0.0004390673498201,NONE
.,PUNCT,,punct,,,,,0.1021328386631417,NONE
»,PUNCT,,root,,,,,0.1247507049926831,NONE
Как,SCONJ,,mark,,,,,-0.2295406280144093,NONE
рассказали,VERB,,parataxis,,,Plur,,0.5481658997102817,NONE
Эш,PROPN,,nsubj,Dat,Fem,Sing,Anim,-0.0105818996422855,PER
О’Брайен,PROPN,,flat:name,Nom,Fem,Sing,Anim,0.0005804978384878,PER
и,CCONJ,,cc,,,,,-0.0243455343690311,NONE
ее,PRON,,nmod,Gen,Fem,Sing,,0.0183573482763897,NONE
муж,NOUN,,conj,Nom,Masc,Sing,Anim,-0.0858593009321114,NONE
Джарет,PROPN,,appos,Nom,Masc,Sing,Anim,0.0183060291896922,PER
Келли,PROPN,,flat:name,Nom,Masc,Sing,Anim,0.021712388660051,PER
",",PUNCT,,punct,,,,,-0.0832572158962961,NONE
в,ADP,,case,,,,,0.0192186485935404,NONE
четверг,NOUN,,obl,Acc,Masc,Sing,Inan,0.0635127893113638,NONE
они,PRON,,nsubj,Nom,,Plur,,0.0730227639772979,NONE
решили,VERB,,root,,,Plur,,0.0236659969463765,NONE
перекусить,VERB,,xcomp,,,,,-0.0181845682531896,NONE
в,ADP,,case,,,,,-0.0108067480955836,NONE
парке,NOUN,,obl,Loc,Masc,Sing,Inan,0.0498367710366647,NONE
для,ADP,,case,,,,,0.0420147931178171,NONE
собак,NOUN,,nmod,Gen,Fem,Plur,Anim,0.0091561102965019,NONE
Дасти,PROPN,,appos,Gen,Fem,Sing,Anim,0.1658314203899818,PER
Роудс,PROPN,,flat:name,Nom,Fem,Sing,Anim,-0.0027823161314303,PER
в,ADP,,case,,,,,0.0113917545495436,NONE
Сан-Диего,PROPN,,nmod,Loc,Masc,Sing,Inan,0.0787306674325939,LOC
",",PUNCT,,punct,,,,,-0.1007629489526454,NONE
захватив,VERB,,advcl,,,,,0.0201663598582829,NONE
своего,DET,,det,Acc,Masc,Sing,,0.0056159013246046,NONE
трехмесячного,ADJ,,amod,Acc,Masc,Sing,Anim,0.0299718607542761,NONE
мопса,NOUN,,obj,Acc,Masc,Sing,Anim,0.0218731690028133,NONE
.,PUNCT,,punct,,,,,0.0137803629924825,NONE
Оно,PRON,,nsubj,Nom,Neut,Sing,,0.542097607792587,NONE
подкрепляет,VERB,,root,,,Sing,,0.3661863486549123,NONE
идею,NOUN,,obj,Acc,Fem,Sing,Inan,0.0802130701659632,NONE
о,ADP,,case,,,,,0.0778796824546627,NONE
том,PRON,,nmod,Loc,Neut,Sing,Inan,0.0406251748662581,NONE
",",PUNCT,,punct,,,,,0.1051328547319685,NONE
что,SCONJ,,mark,,,,,-0.1055996412700857,NONE
психически,ADV,,obl,,,,,0.1142026754305391,NONE
больные,ADJ,,amod,Nom,,Plur,,0.2294970331014014,NONE
люди,NOUN,,nsubj,Nom,Masc,Plur,Anim,0.0565921580675751,NONE
",",PUNCT,,punct,,,,,0.0671213761657873,NONE
особенно,ADV,,advmod,,,,,-0.0729195716827455,NONE
страдающие,VERB,,acl,Nom,,Plur,,0.0011861020701607,NONE
шизофренией,NOUN,,obl,Ins,Fem,Sing,Inan,0.1070819595629931,NONE
",",PUNCT,,punct,,,,,0.2801304779370303,NONE
не,PART,,advmod,,,,,0.0242394540838195,NONE
могут,VERB,,acl,,,Plur,,-0.1175352933035932,NONE
быть,AUX,,cop,,,,,-0.0110379484823157,NONE
частью,NOUN,,obl,Ins,Fem,Sing,Inan,0.0857790720637449,NONE
общества,NOUN,,nmod,Gen,Neut,Sing,Inan,0.0384309220540769,NONE
",",PUNCT,,punct,,,,,0.098575351548765,NONE
таким,DET,,det,Ins,Masc,Sing,,-0.0415596765033141,NONE
образом,NOUN,,obl,Ins,Masc,Sing,Inan,-0.0311668546518823,NONE
поддерживая,VERB,,advcl,,,,,-0.0310145819243261,NONE
стигматизацию,NOUN,,obj,Acc,Fem,Sing,Inan,0.0911853728235103,NONE
и,CCONJ,,cc,,,,,-0.0742276483393847,NONE
подкрепляя,VERB,,conj,,,,,0.0059125727547629,NONE
идею,NOUN,,obj,Acc,Fem,Sing,Inan,0.0918987234158149,NONE
о,ADP,,case,,,,,0.0617749492466257,NONE
том,PRON,,nmod,Loc,Neut,Sing,Inan,0.0282279304804504,NONE
",",PUNCT,,punct,,,,,0.0350857448873878,NONE
что,SCONJ,,mark,,,,,-0.0452127790665228,NONE
они,PRON,,nsubj,Nom,,Plur,,-0.082373294407476,NONE
являются,VERB,,acl,,,Plur,,-0.1847888857785586,NONE
опасными,ADJ,,amod,Ins,,Plur,,0.0439087408644465,NONE
преступниками,NOUN,,obl,Ins,Masc,Plur,Anim,-0.0046141436402725,NONE
.,PUNCT,,punct,,,,,0.3910050101416191,NONE
Oriflame,PROPN,,root,,,,,0.0080476618860037,ORG
Optimals,PROPN,,flat:foreign,,,,,-0.0285688165867003,ORG
Hydra,PROPN,,flat:foreign,,,,,-0.0407525715201726,ORG
Radiance,PROPN,,flat:foreign,,,,,0.0026012352047578,ORG
увлажняющий,VERB,,amod,Nom,Masc,Sing,,-0.0222130309343561,NONE
дневной,ADJ,,amod,Acc,Masc,Sing,Inan,-0.0388493660358131,NONE
крем,NOUN,,flat:foreign,Acc,Masc,Sing,Inan,0.7957433885270244,NONE
+,SYM,,flat:foreign,,,,,0.13711195346931,NONE
Hydra,PROPN,,flat:foreign,,,,,-0.1158428199182817,NONE
Radiance,PROPN,,flat:foreign,,,,,0.0182529896907765,NONE
увлажняющий,VERB,,amod,Acc,Masc,Sing,Inan,-0.0144304726993588,NONE
ночной,ADJ,,amod,Acc,Masc,Sing,Inan,0.0019705818812045,NONE
крем,NOUN,,obj,Acc,Masc,Sing,Inan,-0.0842360896669252,NONE
для,ADP,,case,,,,,0.0225228860185505,NONE
нормальной,ADJ,,amod,Gen,Fem,Sing,,0.0579073859096001,NONE
/,PUNCT,,punct,,,,,-0.0863103803045668,NONE
комбинированной,ADJ,,conj,Gen,Fem,Sing,,0.0411472438487155,NONE
кожи,NOUN,,nmod,Gen,Fem,Sing,Inan,-0.3060122723445803,NONE
Количество,NOUN,,nsubj,Nom,Neut,Sing,Inan,-0.151558995667557,NONE
стран,NOUN,,nmod,Gen,Fem,Plur,Inan,0.1185441134727374,NONE
",",PUNCT,,punct,,,,,0.0693474759202683,NONE
вводящих,VERB,,acl,Gen,,Plur,,0.1606947326895617,NONE
ограничения,NOUN,,obj,Acc,Neut,Plur,Inan,-0.0189452836943498,NONE
на,ADP,,case,,,,,0.0154733376898728,NONE
путешествия,NOUN,,nmod,Acc,Neut,Plur,Inan,0.1589072245392865,NONE
",",PUNCT,,punct,,,,,0.1375655522955389,NONE
увеличивается,VERB,,root,,,Sing,,0.03311689770519,NONE
.,PUNCT,,punct,,,,,0.0941745919691592,NONE
С,ADP,,case,,,,,0.0069697672003989,NONE
этой,DET,,det,Gen,Fem,Sing,,0.0277358509353262,NONE
недели,NOUN,,obl,Gen,Fem,Sing,Inan,-0.0851731787508299,NONE
Чешская,ADJ,,amod,Nom,Fem,Sing,,0.2329703011521747,LOC
республика,NOUN,,nsubj,Nom,Fem,Sing,Inan,0.0552737527687011,LOC
требует,VERB,,root,,,Sing,,0.1403456159096437,NONE
тесты,NOUN,,obj,Acc,Masc,Plur,Inan,0.2455769073404268,NONE
на,ADP,,case,,,,,0.0817138536274956,NONE
коронавирус,NOUN,,nmod,Acc,Masc,Sing,Inan,0.4257182026701334,NONE
от,ADP,,case,,,,,-0.0232144717662051,NONE
сезонных,ADJ,,amod,Gen,,Plur,,0.0326907998160744,NONE
рабочих,NOUN,,nmod,Gen,Masc,Plur,Anim,0.0748810073867823,NONE
из,ADP,,case,,,,,0.05750222027642,NONE
Болгарии,PROPN,,nmod,Gen,Fem,Sing,Inan,0.157778493696562,LOC
.,PUNCT,,punct,,,,,0.0591562532448775,NONE
Дания,PROPN,,nsubj,Nom,Fem,Sing,Inan,0.1441168832246916,LOC
впускает,VERB,,root,,,Sing,,0.3086332371962276,NONE
болгар,NOUN,,obj,Acc,Masc,Plur,Anim,0.0236420842291849,NONE
на,ADP,,case,,,,,0.0493951881707273,NONE
свою,DET,,det,Acc,Fem,Sing,,0.009779241118317,NONE
территорию,NOUN,,obl,Acc,Fem,Sing,Inan,0.1135404601649162,NONE
только,PART,,advmod,,,,,0.0572812063520768,NONE
при,ADP,,case,,,,,0.06956553425125,NONE
наличии,NOUN,,obl,Loc,Neut,Sing,Inan,0.0239022183293162,NONE
у,ADP,,case,,,,,-0.0569668061545947,NONE
них,PRON,,nmod,Gen,,Plur,,0.0011587140872897,NONE
регистрации,NOUN,,nmod,Gen,Fem,Sing,Inan,0.010918984515889,NONE
",",PUNCT,,punct,,,,,0.1379054106379747,NONE
трудового,ADJ,,amod,Gen,Masc,Sing,,-0.0568306943152762,NONE
договора,NOUN,,conj,Gen,Masc,Sing,Inan,0.0591726084660492,NONE
или,CCONJ,,cc,,,,,0.0591246344792103,NONE
документа,NOUN,,conj,Gen,Masc,Sing,Inan,-0.0158532130106598,NONE
",",PUNCT,,punct,,,,,0.1414456979565789,NONE
подтверждающего,VERB,,acl,Gen,Masc,Sing,,0.038781304918435,NONE
деловую,ADJ,,amod,Acc,Fem,Sing,,0.0478599095504327,NONE
командировку,NOUN,,obj,Acc,Fem,Sing,Inan,0.1259940139841468,NONE
.,PUNCT,,punct,,,,,0.1119780033181609,NONE
Однако,ADV,,obl,,,,,-0.4245824845742806,NONE
в,ADP,,case,,,,,0.1309831901905065,NONE
рейтинге,NOUN,,obl,Loc,Masc,Sing,Inan,0.1237879006601461,NONE
лучших,ADJ,,amod,Gen,,Plur,,-0.0576089319692583,NONE
результатов,NOUN,,nmod,Gen,Masc,Plur,Inan,0.1239631761642033,NONE
в,ADP,,case,,,,,0.121964368779991,NONE
сезоне,NOUN,,nmod,Loc,Masc,Sing,Inan,-0.0943986407637994,NONE
из,ADP,,case,,,,,0.0171998175287778,NONE
27,NUM,,nummod,,,,,-0.058358820426422,NONE
спортсменов,NOUN,,nmod,Gen,Masc,Plur,Anim,0.1289321062438151,NONE
",",PUNCT,,punct,,,,,0.231619798282629,NONE
принимавших,VERB,,acl,Gen,,Plur,,0.0805424812116514,NONE
участие,NOUN,,obj,Acc,Neut,Sing,Inan,0.0086149869813795,NONE
в,ADP,,case,,,,,0.1345397800619865,NONE
квалификационном,ADJ,,amod,Loc,Masc,Sing,,0.2716228819815331,NONE
раунде,NOUN,,nmod,Loc,Masc,Sing,Inan,0.2122069580193105,NONE
",",PUNCT,,punct,,,,,0.2927359199477258,NONE
Сришанкар,PROPN,,nsubj,Nom,Masc,Sing,Anim,0.3153306852231445,PER
был,AUX,,cop,,Masc,Sing,,-0.30644250524522,NONE
предпоследним,ADJ,,root,Ins,Masc,Sing,,0.1401658008120988,NONE
.,PUNCT,,punct,,,,,0.1208851304499662,NONE
НЬЮ-ЙОРК,NOUN,,root,Nom,Masc,Sing,Inan,0.130110317432479,LOC
(,PUNCT,,punct,,,,,-0.0449692576670364,NONE
Рейтер,PROPN,,parataxis,Nom,Masc,Sing,Inan,0.0619317599582386,LOC
),PUNCT,,punct,,,,,0.1482994826406023,NONE
–,PUNCT,,punct,,,,,-0.2753777965066058,NONE
Цены,NOUN,,nsubj,Nom,Fem,Plur,Inan,0.1432466226479634,NONE
на,ADP,,case,,,,,0.0011543574975646,NONE
нефть,NOUN,,nmod,Acc,Fem,Sing,Inan,0.1060701890142347,NONE
стабилизировались,VERB,,parataxis,,,Plur,,0.0572309397735603,NONE
в,ADP,,case,,,,,0.0440787922636208,NONE
пятницу,NOUN,,obl,Acc,Fem,Sing,Inan,0.0607374914997919,NONE
",",PUNCT,,punct,,,,,0.1876576496923554,NONE
но,CCONJ,,cc,,,,,0.1451674109773049,NONE
взяли,VERB,,conj,,,Plur,,0.0258099412947447,NONE
курс,NOUN,,obj,Acc,Masc,Sing,Inan,0.0709796734919305,NONE
на,ADP,,case,,,,,0.0531690707120244,NONE
недельные,ADJ,,amod,Acc,,Plur,Inan,0.0590905265021491,NONE
потери,NOUN,,nmod,Acc,Fem,Plur,Inan,0.1948616521622093,NONE
с,ADP,,case,,,,,0.1271202799393056,NONE
учетом,NOUN,,obl,Ins,Masc,Sing,Inan,-0.2446567363490669,NONE
более,ADV,,obl,,,,,-0.0145555362902563,NONE
быстрого,ADJ,,amod,Gen,Neut,Sing,,0.0057953883175009,NONE
",",PUNCT,,punct,,,,,-0.025456749703031,NONE
чем,SCONJ,,mark,,,,,-0.1118861559226383,NONE
ожидалось,VERB,,advcl,,Neut,Sing,,0.0191112404159494,NONE
",",PUNCT,,punct,,,,,-0.0571253970551712,NONE
восстановления,NOUN,,nmod,Gen,Neut,Sing,Inan,0.1000944217812468,NONE
добычи,NOUN,,nmod,Gen,Fem,Sing,Inan,0.0688819778206236,NONE
в,ADP,,case,,,,,-0.0056078183064531,NONE
Саудовской,PROPN,,amod,,,,,-0.0109993335303242,LOC
Аравии,PROPN,,nmod,Loc,Fem,Sing,Inan,0.2135110107230837,LOC
",",PUNCT,,punct,,,,,0.1966408700445362,NONE
в,ADP,,cc,,,,,-0.0107559131099099,NONE
то,DET,,fixed,Acc,Neut,Sing,Inan,0.0798007344435545,NONE
время,NOUN,,fixed,Acc,Neut,Sing,Inan,-0.0204682865497414,NONE
как,SCONJ,,fixed,,,,,0.0825739265731494,NONE
инвесторы,NOUN,,nsubj,Nom,Masc,Plur,Anim,0.1816085085847849,NONE
также,ADV,,advmod,,,,,0.0039687145319038,NONE
беспокоились,VERB,,advcl,,,Plur,,0.0446431470357006,NONE
о,ADP,,case,,,,,0.0585987938453485,NONE
мировом,ADJ,,amod,Loc,Masc,Sing,,-0.0174818124920993,NONE
спросе,NOUN,,obl,Loc,Masc,Sing,Inan,0.1255654795211421,NONE
на,ADP,,case,,,,,0.0510274177371872,NONE
сырую,ADJ,,amod,Acc,Fem,Sing,,0.0790696245150454,NONE
нефть,NOUN,,nmod,Acc,Fem,Sing,Inan,0.010063349849037,NONE
на,ADP,,case,,,,,0.091253423537152,NONE
фоне,NOUN,,obl,Loc,Masc,Sing,Inan,0.102950568637521,NONE
замедления,NOUN,,nmod,Gen,Neut,Sing,Inan,0.1072790160629219,NONE
экономического,ADJ,,amod,Gen,Masc,Sing,,-0.1927055780916819,NONE
роста,NOUN,,nmod,Gen,Masc,Sing,Inan,0.0936819984532212,NONE
в,ADP,,case,,,,,0.1546257982287934,NONE
Китае,PROPN,,nmod,Loc,Masc,Sing,Inan,0.0958451664260255,LOC
.,PUNCT,,punct,,,,,-0.1726867697543085,NONE
Если,SCONJ,,mark,,,,,-0.3178361614607939,NONE
вы,PRON,,nsubj:pass,Nom,,Plur,,0.1352096202557763,NONE
заражены,VERB,,advcl,,,Plur,,-0.0453584904148036,NONE
",",PUNCT,,punct,,,,,-0.084359465846479,NONE
не,PART,,advmod,,,,,0.0431679394681727,NONE
нужно,ADJ,,root,,Neut,Sing,,-0.044732225867779,NONE
бояться,VERB,,csubj,,,,,0.0475184726532188,NONE
.,PUNCT,,punct,,,,,0.0603605180039564,NONE
Не,PART,,advmod,,,,,0.0950452887055323,NONE
скрывайте,VERB,,root,,,Plur,,0.0714442846306656,NONE
симптомы,NOUN,,obj,Acc,Masc,Plur,Inan,-0.1598654584675919,NONE
и,CCONJ,,cc,,,,,-0.0172894480229705,NONE
незамедлительно,ADV,,advmod,,,,,0.1638070550781123,NONE
обратитесь,VERB,,conj,,,Plur,,-0.0836260816044996,NONE
к,ADP,,case,,,,,0.0762698333553707,NONE
врачу,NOUN,,obl,Dat,Masc,Sing,Anim,-0.0027971575040996,NONE
",",PUNCT,,punct,,,,,0.0083216419858088,NONE
чтобы,SCONJ,,mark,,,,,-0.2347598064484333,NONE
начать,VERB,,advcl,,,,,-0.0430041118027827,NONE
лечение,NOUN,,obj,Acc,Neut,Sing,Inan,-0.0465832736309049,NONE
.,PUNCT,,punct,,,,,-0.0809231859897566,NONE
Своевременное,ADJ,,amod,Nom,Neut,Sing,,0.3617980783595123,NONE
лечение,NOUN,,nsubj,Nom,Neut,Sing,Inan,-0.166582287233429,NONE
поможет,VERB,,root,,,Sing,,-0.236568426940947,NONE
вам,PRON,,iobj,Dat,,Plur,,0.0439772020136578,NONE
выздороветь,VERB,,xcomp,,,,,0.1854940680623347,NONE
",",PUNCT,,punct,,,,,0.1351895016409299,NONE
-,PUNCT,,punct,,,,,0.0321029739126399,NONE
сказал,VERB,,parataxis,,Masc,Sing,,-0.0913705271942763,NONE
он,PRON,,nsubj,Nom,Masc,Sing,,-0.2649285634088114,NONE
.,PUNCT,,punct,,,,,-0.4193264859532267,NONE
«У,ADP,,case,,,,,0.0454277559969199,NONE
нас,PRON,,obl,Gen,,Plur,,-0.5460015849089163,NONE
был,VERB,,root,,Masc,Sing,,0.2284457535063884,NONE
шанс,NOUN,,nsubj,Nom,Masc,Sing,Inan,0.0496194208251054,NONE
пройти,VERB,,obl,,,,,-0.1712564784038157,NONE
в,ADP,,case,,,,,0.0106234913355809,NONE
Лигу,PROPN,,obl,Acc,Fem,Sing,Inan,-0.0300579717296263,NONE
Чемпионов,PROPN,,nmod,Gen,Masc,Plur,Anim,0.0152176656108022,NONE
",",PUNCT,,punct,,,,,0.2578674989921146,NONE
что,PRON,,nsubj,Nom,,,,0.1610158663826542,NONE
было,AUX,,cop,,Neut,Sing,,0.1401562639014816,NONE
бы,AUX,,aux,,,,,0.0803082578319643,NONE
еще,ADV,,obl,,,,,-0.0068622644337203,NONE
лучше,ADJ,,parataxis,,,,,0.1221616538040927,NONE
",",PUNCT,,punct,,,,,0.0632244438081108,NONE
но,CCONJ,,cc,,,,,0.066352021644012,NONE
мы,PRON,,nsubj,Nom,,Plur,,0.2281151824314856,NONE
обдумаем,VERB,,conj,,,Plur,,0.1251982478895971,NONE
свои,DET,,det,Acc,,Plur,,0.1337043666517705,NONE
действия,NOUN,,obj,Acc,Neut,Plur,Inan,0.0998664213179375,NONE
и,CCONJ,,cc,,,,,-0.0794150489914071,NONE
в,ADP,,case,,,,,0.0445271316824885,NONE
следующем,ADJ,,amod,Loc,Masc,Sing,,-0.1965441362390109,NONE
году,NOUN,,obl,Loc,Masc,Sing,Inan,0.1497698895042238,NONE
станем,VERB,,conj,,,Plur,,0.0138742094638072,NONE
сильнее,ADJ,,obl,,,,,-0.1106162491777497,NONE
.,PUNCT,,punct,,,,,-0.2811482238816702,NONE
Как,SCONJ,,mark,,,,,0.0386896946700418,NONE
следствие,NOUN,,parataxis,Nom,Neut,Sing,Inan,-0.1044332140790508,NONE
",",PUNCT,,punct,,,,,0.0792937335432713,NONE
основным,ADJ,,amod,Ins,Masc,Sing,,-0.0044936689548199,NONE
источником,NOUN,,obl,Ins,Masc,Sing,Inan,0.1167998702697834,NONE
электричества,NOUN,,nmod,Gen,Neut,Sing,Inan,0.1464173457816122,NONE
для,ADP,,case,,,,,0.1180974777157911,NONE
телевещательных,ADJ,,amod,Gen,,Plur,,0.1379401623612248,NONE
компаний,NOUN,,obl,Gen,Fem,Plur,Inan,0.0374011885548942,NONE
стал,VERB,,root,,Masc,Sing,,-0.1163839839284759,NONE
огромный,ADJ,,amod,Nom,Masc,Sing,,-0.0471897892875946,NONE
дизельный,ADJ,,amod,Nom,Masc,Sing,,-0.0932774987294549,NONE
генератор,NOUN,,nsubj,Nom,Masc,Sing,Inan,0.0460079871317396,NONE
",",PUNCT,,punct,,,,,-0.4505357573121134,NONE
арендованный,VERB,,acl,Nom,Masc,Sing,,0.2988963743007288,NONE
для,ADP,,case,,,,,-0.1576723645151029,NONE
тестового,ADJ,,amod,Gen,Masc,Sing,,0.2379840746835394,NONE
матча,NOUN,,obl,Gen,Masc,Sing,Inan,0.2029172530007353,NONE
",",PUNCT,,punct,,,,,0.1109256834602413,NONE
а,CCONJ,,cc,,,,,0.1755605233977935,NONE
дополнительная,ADJ,,amod,Nom,Fem,Sing,,-0.0060863451518351,NONE
энергия,NOUN,,nsubj,Nom,Fem,Sing,Inan,-0.0053280822419746,NONE
получалась,VERB,,conj,,Fem,Sing,,-0.0270715535140783,NONE
от,ADP,,case,,,,,0.0904656310702329,NONE
резервного,ADJ,,amod,Gen,Masc,Sing,,0.0380228975933562,NONE
генератора,NOUN,,obl,Gen,Masc,Sing,Inan,0.2339105603265422,NONE
.,PUNCT,,punct,,,,,0.1773070460999614,NONE
Они,PRON,,nsubj,Nom,,Plur,,-0.2262458316999926,NONE
едят,VERB,,root,,,Plur,,0.0901670615147093,NONE
яичницу,NOUN,,obj,Acc,Fem,Sing,Anim,0.0770441515261221,NONE
с,ADP,,case,,,,,0.0375346437193971,NONE
беконом,NOUN,,nmod,Ins,Masc,Sing,Inan,0.001405773583958,NONE
",",PUNCT,,punct,,,,,0.2788515879847937,NONE
а,CCONJ,,cc,,,,,-0.010166532542828,NONE
мы,PRON,,conj,Nom,,Plur,,-0.0846743238755329,NONE
грибы,NOUN,,orphan,Acc,Masc,Plur,Inan,0.0550287202882855,NONE
со,ADP,,case,,,,,-0.1242646007522097,NONE
шпинатом,NOUN,,nmod,Ins,Masc,Sing,Inan,0.0359990436798521,NONE
;,PUNCT,,punct,,,,,-0.1572463187312799,NONE
а,CCONJ,,cc,,,,,0.0501787269174397,NONE
если,SCONJ,,mark,,,,,0.172918386152796,NONE
погода,NOUN,,nsubj,Nom,Fem,Sing,Inan,0.047714974362768,NONE
хорошая,ADJ,,advcl,Nom,Fem,Sing,,0.1179412214576313,NONE
",",PUNCT,,punct,,,,,0.4357503751463276,NONE
то,SCONJ,,mark,,,,,-0.1513879213414088,NONE
мы,PRON,,nsubj,Nom,,Plur,,0.1083273049378275,NONE
ребят,NOUN,,obj,Acc,Neut,Plur,Anim,-0.1553590080035958,NONE
прогоняем,VERB,,conj,,,Plur,,-0.0474896146253964,NONE
.,PUNCT,,punct,,,,,0.0265958048574962,NONE
Одно,NUM,,nsubj,Nom,Neut,,,-0.648149710505252,NONE
из,ADP,,case,,,,,-0.036306726946593,NONE
самых,ADJ,,amod,Gen,,Plur,,-0.1763821259629683,NONE
популярных,ADJ,,amod,Gen,,Plur,,0.0139828214642404,NONE
приложений,NOUN,,nmod,Gen,Neut,Plur,Inan,0.0599922680440673,NONE
называется,VERB,,root,,,Sing,,-0.1513256729161841,NONE
Sweet,PROPN,,flat:foreign,,,,,0.0660307905297647,NONE
Camera,PROPN,,flat:foreign,,,,,0.0732984354821776,NONE
–,PUNCT,,punct,,,,,-0.2498024541091709,NONE
бьюти-камера,PROPN,,appos,Nom,Fem,Sing,Inan,0.0585833252930554,NONE
для,ADP,,case,,,,,0.0056251295426095,NONE
селфи,NOUN,,nmod,Gen,Neut,Sing,Inan,0.0981224963033265,NONE
",",PUNCT,,punct,,,,,0.184367869708636,NONE
фильтры,NOUN,,conj,Nom,Masc,Plur,Inan,0.0656329966115875,NONE
",",PUNCT,,punct,,,,,0.247069583630578,NONE
и,CCONJ,,cc,,,,,0.0668816190336238,NONE
оно,PRON,,nsubj:pass,Nom,Neut,Sing,,0.1133899568506369,NONE
было,AUX,,aux:pass,,Neut,Sing,,0.0744644416330355,NONE
скачано,VERB,,conj,,Neut,Sing,,0.013971121572747,NONE
более,ADV,,advmod,,,,,0.0881275120241688,NONE
50,NUM,,nummod,,,,,-0.1002877488785141,NONE
миллионов,NOUN,,nummod,Gen,Masc,Plur,Inan,-0.0553614334810048,NONE
раз,NOUN,,obl,Gen,Masc,Plur,Inan,-0.0098505895760614,NONE
.,PUNCT,,punct,,,,,-0.4562628161597746,NONE
ХУРУПА-ВАЛЛИ,NOUN,,root,Nom,Masc,Sing,Inan,-0.0208663425204024,NONE
(,PUNCT,,punct,,,,,0.0497044314243247,NONE
CBSLA,PROPN,,flat:foreign,,,,,0.075176267738248,NONE
),PUNCT,,punct,,,,,0.1503674129886101,NONE
.,PUNCT,,punct,,,,,0.1423477548920861,NONE
В,ADP,,case,,,,,0.1215485618439933,NONE
субботу,NOUN,,obl,Acc,Fem,Sing,Inan,0.0116689196856614,NONE
вечером,NOUN,,nmod,Ins,Masc,Sing,Inan,0.042112393905536,NONE
в,ADP,,case,,,,,0.1581158621042557,NONE
Хурупа-Валли,PROPN,,appos,Loc,Masc,Sing,Inan,0.3705983074824911,LOC
вспыхнул,VERB,,root,,Masc,Sing,,0.0854018918220559,NONE
лесной,ADJ,,amod,Nom,Masc,Sing,,0.0651297058715653,NONE
пожар,NOUN,,nsubj,Nom,Masc,Sing,Inan,0.0627827748805697,NONE
",",PUNCT,,punct,,,,,-0.0224503566456093,NONE
на,ADP,,case,,,,,0.1594456244920168,NONE
тушение,NOUN,,obl,Acc,Neut,Sing,Inan,0.0008216665205792,NONE
которого,PRON,,nmod,Gen,,,,-0.0701058839207658,NONE
было,AUX,,aux:pass,,Neut,Sing,,0.051630665137156,NONE
направлено,VERB,,acl:relcl,,Neut,Sing,,-0.0043536511626192,NONE
более,ADV,,nsubj:pass,,,,,-0.1920125073186854,NONE
200,NUM,,nummod,,,,,0.0753910782149815,NONE
пожарных,NOUN,,obl,Gen,Masc,Plur,Anim,0.2576293847959455,NONE
.,PUNCT,,punct,,,,,-0.046464455420618,NONE
Еще,PART,,advmod,,,,,0.1252982287335841,NONE
раз,NOUN,,obl,Acc,Masc,Sing,Inan,-0.0325159502461272,NONE
",",PUNCT,,punct,,,,,-0.0925738639091836,NONE
ни,CCONJ,,cc,,,,,0.0333188801056481,NONE
становление,NOUN,,nsubj,Nom,Neut,Sing,Inan,0.2657152116119651,NONE
«профи»,NOUN,,nmod,Gen,Fem,Plur,Inan,0.0975343220455794,NONE
",",PUNCT,,punct,,,,,-0.1120242720653213,NONE
ни,CCONJ,,cc,,,,,0.0086863298827002,NONE
стремление,NOUN,,conj,Nom,Neut,Sing,Inan,0.0757419272249561,NONE
сохранить,VERB,,obl,,,,,0.1162954887789698,NONE
обычную,ADJ,,amod,Acc,Fem,Sing,,0.1052158543220069,NONE
форму,NOUN,,obj,Acc,Fem,Sing,Inan,-0.0339305597132968,NONE
не,PART,,advmod,,,,,-0.092098800567479,NONE
является,VERB,,root,,,Sing,,-0.0761339266455913,NONE
ошибочным,ADJ,,amod,Ins,Neut,Sing,,0.3598008058799704,NONE
решением,NOUN,,xcomp,Ins,Neut,Sing,Inan,0.0828221689169871,NONE
",",PUNCT,,punct,,,,,0.0293359502550167,NONE
и,CCONJ,,cc,,,,,0.0817513787855167,NONE
я,PRON,,nsubj,Nom,,Sing,,0.1169456835759608,NONE
знаю,VERB,,conj,,,Sing,,0.0319142326082627,NONE
",",PUNCT,,punct,,,,,0.0641060232056702,NONE
что,SCONJ,,mark,,,,,-0.0190672062539842,NONE
люди,NOUN,,nsubj,Nom,Masc,Plur,Anim,0.0990516366598909,NONE
идут,VERB,,ccomp,,,Plur,,0.0296674375968137,NONE
разными,ADJ,,amod,Ins,,Plur,,0.0509020144000514,NONE
путями,NOUN,,obl,Ins,Masc,Plur,Inan,0.2244371700794443,NONE
и,CCONJ,,cc,,,,,0.0175943922171863,NONE
тому,PRON,,conj,Dat,Neut,Sing,Inan,0.0787714177654257,NONE
подобное,ADJ,,amod,Acc,Neut,Sing,,0.1085053664908662,NONE
.,PUNCT,,punct,,,,,-0.3447633914470054,NONE
Семья,NOUN,,nsubj,Nom,Fem,Sing,Inan,0.1437115826237772,NONE
Мугабе,PROPN,,nmod,Gen,Masc,Sing,Anim,0.5038762460494906,PER
выразила,VERB,,root,,Fem,Sing,,0.2186862798819994,NONE
желание,NOUN,,obj,Acc,Neut,Sing,Inan,0.0238194299713875,NONE
провести,VERB,,obl,,,,,-0.3552061321858372,NONE
похороны,NOUN,,obj,Acc,Fem,Plur,Inan,-0.0159024574392801,NONE
в,ADP,,case,,,,,-0.1841153548899439,NONE
Звимбе,PROPN,,obl,Loc,Masc,Sing,Inan,0.2123249768162181,LOC
.,PUNCT,,punct,,,,,0.2593319962434158,NONE
Мосту,NOUN,,iobj,Dat,Masc,Sing,Inan,0.0875911255900893,LOC
Юнион-бридж,NOUN,,appos,Nom,Masc,Sing,Inan,0.3336461348318906,LOC
между,ADP,,case,,,,,-0.1605704610414167,NONE
Шотландией,PROPN,,nmod,Ins,Fem,Sing,Inan,0.6988221095139993,LOC
и,CCONJ,,cc,,,,,-0.370628062095937,NONE
Англией,PROPN,,conj,Ins,Fem,Sing,Inan,0.1138207980818604,LOC
исполнилось,VERB,,root,,Neut,Sing,,0.1045872527926985,NONE
200,NUM,,nummod,,,,,-0.0030673564213645,NONE
лет,NOUN,,nsubj,Gen,Masc,Plur,Inan,-0.1558434589657842,NONE
Все,PRON,,nsubj,Nom,,Plur,Anim,0.0160943705070941,NONE
",",PUNCT,,punct,,,,,0.0257169984231296,NONE
кому,PRON,,iobj,Dat,,,,0.4268540611857899,NONE
известен,ADJ,,acl:relcl,,Masc,Sing,,-0.158804778832173,NONE
Softie,PROPN,,nsubj,,,,,-0.0948244500483251,NONE
12,NUM,,nummod:entity,,,,,-0.5971903546675227,NONE
Osprey,PROPN,,flat:foreign,,,,,0.3632617255130577,NONE
",",PUNCT,,punct,,,,,0.1420828053535476,NONE
либо,CCONJ,,cc,,,,,-0.0891452961717293,NONE
уже,ADV,,advmod,,,,,0.0660137436713762,NONE
им,PRON,,obl,Ins,Masc,Sing,,0.0410561280022306,NONE
пользовались,VERB,,root,,,Plur,,0.1693596136902176,NONE
",",PUNCT,,punct,,,,,0.0653046069277497,NONE
либо,CCONJ,,cc,,,,,-0.0143161947381351,NONE
желают,VERB,,conj,,,Plur,,0.103638067712792,NONE
им,PRON,,iobj,Dat,,Plur,,0.083378159808034,NONE
обзавестись,VERB,,xcomp,,,,,0.1892520954250318,NONE
.,PUNCT,,punct,,,,,-0.0701335757869933,NONE
Прити,PROPN,,nsubj,Nom,Fem,Sing,Anim,0.0987180945240035,PER
Пател,PROPN,,appos,Nom,Fem,Sing,Anim,0.100270140948391,PER
потребовала,VERB,,root,,Fem,Sing,,-0.032785247217716,NONE
от,ADP,,case,,,,,0.0430707308154654,NONE
Твиттера,PROPN,,obl,Gen,Masc,Sing,Anim,0.1282229255886645,PER
и,CCONJ,,cc,,,,,0.097707333486747,NONE
Инстаграма,PROPN,,conj,Gen,Masc,Sing,Inan,0.0281232276162104,PER
объяснить,VERB,,xcomp,,,,,-0.206398245345801,NONE
",",PUNCT,,punct,,,,,0.2239971933463007,NONE
почему,ADV,,advmod,,,,,0.0928021146289047,NONE
им,PRON,,iobj,Dat,,Plur,,0.0523472290427835,NONE
потребовалось,VERB,,ccomp,,Neut,Sing,,-0.021641836199977,NONE
столько,NUM,,nsubj,,,,,-0.1533025790593898,NONE
времени,NOUN,,obl,Gen,Neut,Sing,Inan,0.129006113191501,NONE
",",PUNCT,,punct,,,,,0.4229116691001862,NONE
чтобы,SCONJ,,mark,,,,,0.052870483863292,NONE
удалить,VERB,,advcl,,,,,0.1265248998823058,NONE
«отвратительные»,ADJ,,amod,Acc,,Plur,Inan,0.1295003165078591,NONE
посты,NOUN,,obj,Acc,Masc,Plur,Inan,0.075695817144983,NONE
Вайли,PROPN,,nmod,Gen,Masc,Sing,Anim,0.1404191381775152,PER
.,PUNCT,,punct,,,,,0.6833407829165685,NONE
Пакистан,PROPN,,nsubj,Nom,Masc,Sing,Inan,-0.247674972861101,LOC
хочет,VERB,,root,,,Sing,,0.1150312496091045,NONE
",",PUNCT,,punct,,,,,0.0032478326951466,NONE
чтобы,SCONJ,,mark,,,,,-0.1348035968133687,NONE
ООН,PROPN,,nsubj,Nom,Fem,Sing,Inan,-0.1475723355224829,ORG
сыграла,VERB,,ccomp,,Fem,Sing,,0.0875150290540888,NONE
роль,NOUN,,obj,Acc,Fem,Sing,Inan,-0.1638505589354535,NONE
в,ADP,,case,,,,,-0.1522922276738113,NONE
разрешении,NOUN,,nmod,Loc,Neut,Sing,Inan,-0.1223739719359751,NONE
проблемы,NOUN,,nmod,Gen,Fem,Sing,Inan,-0.1549223938021942,NONE
Кашмира,PROPN,,nmod,Gen,Masc,Sing,Inan,0.2342227550684199,LOC
в,ADP,,case,,,,,0.05607957081966,NONE
рамках,NOUN,,nmod,Loc,Fem,Plur,Inan,-0.0383174024841565,NONE
своих,DET,,det,Gen,,Plur,,-0.1473965465921218,NONE
резолюций,NOUN,,nmod,Gen,Fem,Plur,Inan,-0.0427485453777931,NONE
",",PUNCT,,punct,,,,,0.0990515648132602,NONE
разрешив,VERB,,advcl,,,,,0.1361747417814883,NONE
людям,NOUN,,iobj,Dat,Masc,Plur,Anim,-0.1161430433407639,NONE
",",PUNCT,,punct,,,,,0.2165217873845611,NONE
проживающим,VERB,,acl,Dat,,Plur,,-0.0741695721612478,NONE
в,ADP,,case,,,,,0.0670704780478773,NONE
районе,NOUN,,obl,Loc,Masc,Sing,Inan,-0.1514903515432679,NONE
Гималаев,PROPN,,nmod,Gen,Masc,Plur,Inan,0.2997563968503653,LOC
",",PUNCT,,punct,,,,,0.0729245705948776,NONE
решить,VERB,,xcomp,,,,,0.0151550815984962,NONE
",",PUNCT,,punct,,,,,0.0062257155646945,NONE
хотят,VERB,,ccomp,,,Plur,,-0.0885283190191312,NONE
ли,PART,,advmod,,,,,-0.0122051797496716,NONE
они,PRON,,nsubj,Nom,,Plur,,-0.0025234237914569,NONE
объединиться,VERB,,xcomp,,,,,0.1680941275692839,NONE
с,ADP,,case,,,,,0.0921164544131018,NONE
Индией,PROPN,,obl,Ins,Fem,Sing,Inan,0.1857481713128632,LOC
",",PUNCT,,punct,,,,,0.1088928367577539,NONE
с,ADP,,case,,,,,0.232650139232903,NONE
Пакистаном,PROPN,,conj,Ins,Masc,Sing,Inan,0.1058665678233467,LOC
или,CCONJ,,cc,,,,,0.1526648953168258,NONE
же,PART,,advmod,,,,,0.0957582363660772,NONE
они,PRON,,nsubj,Nom,,Plur,,0.0449853908500727,NONE
предпочитают,VERB,,conj,,,Plur,,0.0253196732419089,NONE
независимость,NOUN,,obj,Acc,Fem,Sing,Inan,0.2194992936918647,NONE
.,PUNCT,,punct,,,,,0.0082301869477182,NONE
Размышление,NOUN,,nsubj,Nom,Neut,Sing,Inan,-0.0356196149435645,NONE
родилось,VERB,,root,,Neut,Sing,,0.041463994466048,NONE
в,ADP,,case,,,,,0.0650289117755218,NONE
ходе,NOUN,,fixed,Loc,Masc,Sing,Inan,-0.024487864656047,NONE
тяжелой,ADJ,,amod,Gen,Fem,Sing,,0.038756773060364,NONE
тренировки,NOUN,,obl,Gen,Fem,Sing,Inan,-0.129559346270347,NONE
с,ADP,,case,,,,,0.1145475570682091,NONE
бывшим,ADJ,,amod,Ins,Masc,Sing,,-0.0596028268758451,NONE
чемпионом,NOUN,,nmod,Ins,Masc,Sing,Anim,0.0756097864141865,NONE
UFC,PROPN,,flat:foreign,,,,,0.0426799822723619,ORG
в,ADP,,case,,,,,0.2435385439946337,NONE
полусреднем,ADJ,,amod,Loc,Masc,Sing,,0.1109186064290567,NONE
весе,NOUN,,nmod,Loc,Masc,Sing,Inan,-0.036023998974779,NONE
Робби,PROPN,,appos,Ins,Masc,Sing,Anim,0.0365242613700663,PER
Лоулером,PROPN,,flat:name,Ins,Masc,Sing,Anim,0.1773617815298988,PER
в,ADP,,case,,,,,0.1040867823097892,NONE
зале,NOUN,,nmod,Loc,Masc,Sing,Inan,-0.0454868676319502,NONE
для,ADP,,case,,,,,0.3254320618033452,NONE
смешанной,ADJ,,amod,Gen,Fem,Sing,,0.0332825026578042,NONE
борьбы,NOUN,,nmod,Gen,Fem,Sing,Inan,-0.093837357113299,NONE
Hard,PROPN,,flat:foreign,,,,,0.1798969976313308,NONE
Knocks,PROPN,,flat:foreign,,,,,-0.0251342432214298,NONE
-,PUNCT,,punct,,,,,0.3477460524524586,NONE
дом,NOUN,,parataxis,Nom,Masc,Sing,Inan,0.0427756947227436,NONE
Карузо,PROPN,,nmod,Gen,Masc,Sing,Anim,0.0354510654161473,PER
вдали,ADV,,advmod,,,,,0.3753153079563053,NONE
от,ADP,,case,,,,,0.2144941492317948,NONE
дома,NOUN,,obl,Gen,Masc,Sing,Inan,-0.3354613374006847,NONE
.,PUNCT,,punct,,,,,0.3317232398614743,NONE
Назначение,NOUN,,nsubj,Nom,Neut,Sing,Inan,0.0287574071670313,NONE
Джаки,PROPN,,nmod,Gen,Masc,Sing,Anim,0.1357787637547037,PER
разделило,VERB,,root,,Neut,Sing,,0.1021584428771566,NONE
болельщиков,NOUN,,obj,Acc,Masc,Plur,Anim,0.5225001423866679,NONE
Если,SCONJ,,mark,,,,,0.0273643526358614,NONE
бы,AUX,,aux,,,,,-0.0040864836622189,NONE
Эмилиано,PROPN,,nsubj,Nom,Masc,Sing,Anim,0.0051911601597972,PER
Мартинес,PROPN,,flat:name,Nom,Masc,Sing,Anim,0.0027755646449591,PER
не,PART,,advmod,,,,,0.0001794143226714,NONE
смог,VERB,,advcl,,Masc,Sing,,-0.0019071597547163,NONE
блестяще,ADV,,advmod,,,,,0.0044215535443066,NONE
принять,VERB,,xcomp,,,,,0.0002016349419524,NONE
передачу,NOUN,,obj,Acc,Fem,Sing,Inan,0.0052147199546372,NONE
пяткой,NOUN,,nmod,Ins,Fem,Sing,Inan,0.0068037914794015,NONE
от,ADP,,case,,,,,-0.0054103259240794,NONE
Дэнни,PROPN,,nmod,Gen,Masc,Sing,Anim,0.0025829042619274,PER
Уэлбека,PROPN,,flat:name,Gen,Masc,Sing,Anim,0.0040640616145651,PER
за,ADP,,case,,,,,0.0027956737318366,NONE
16,NUM,,nummod,,,,,-0.0090229697108468,NONE
минут,NOUN,,obl,Gen,Fem,Plur,Inan,0.0029180994444061,NONE
до,ADP,,case,,,,,0.0094236775058481,NONE
конца,NOUN,,nmod,Gen,Masc,Sing,Inan,-0.0022879290377622,NONE
матча,NOUN,,nmod,Gen,Masc,Sing,Inan,0.0063159333792489,NONE
",",PUNCT,,punct,,,,,-0.0011875557060626,NONE
вскоре,ADV,,advmod,,,,,0.0007822826157998,NONE
после,ADP,,case,,,,,-0.0005299675571751,NONE
того,PRON,,obl,Gen,Neut,Sing,Inan,0.0059674023155615,NONE
",",PUNCT,,punct,,,,,0.0031800687527826,NONE
как,SCONJ,,mark,,,,,-0.0044505767592985,NONE
его,PRON,,nmod,Gen,Masc,Sing,,0.002994901127044,NONE
бывший,ADJ,,amod,Nom,Masc,Sing,,0.0074478901256859,NONE
партнер,NOUN,,nsubj,Nom,Masc,Sing,Anim,-0.0036328214903526,NONE
по,ADP,,case,,,,,-0.0033133037480496,NONE
команде,NOUN,,nmod,Dat,Fem,Sing,Inan,0.0174535212882435,NONE
забил,VERB,,acl,,Masc,Sing,,0.0006062856082558,NONE
гол,NOUN,,obj,Acc,Masc,Sing,Inan,0.0105979130748153,NONE
в,ADP,,case,,,,,0.010757263031422,NONE
одно,NUM,,nummod,Acc,Neut,,,0.0036792363507641,NONE
касание,NOUN,,obl,Acc,Neut,Sing,Inan,0.0050078862408741,NONE
и,CCONJ,,cc,,,,,0.0147944998909112,NONE
"""",PUNCT,,punct,,,,,0.0052902622041414,NONE
"""",PUNCT,,punct,,,,,-0.001599185036455,NONE
Уотфорду,PROPN,,iobj,,,,,0.018012358594604,ORG
"""",PUNCT,,punct,,,,,-0.0021643884097344,NONE
"""",PUNCT,,punct,,,,,0.0030519374079835,NONE
оставалось,VERB,,conj,,Neut,Sing,,0.0021089495608908,NONE
два,NUM,,nummod:gov,Nom,Masc,,,-0.0048084984679424,NONE
гола,NOUN,,nsubj,Gen,Masc,Sing,Inan,0.0031585798704763,NONE
до,ADP,,case,,,,,-0.0079187239156039,NONE
победы,NOUN,,nmod,Gen,Fem,Sing,Inan,0.0170033529812702,NONE
",",PUNCT,,punct,,,,,0.007655319051785,NONE
велика,ADJ,,root,,Fem,Sing,,-0.0033281489184997,NONE
вероятность,NOUN,,nsubj,Nom,Fem,Sing,Inan,-0.007415911189091,NONE
",",PUNCT,,punct,,,,,0.0051559073696972,NONE
что,SCONJ,,mark,,,,,-0.0012748290804826,NONE
они,PRON,,nsubj,Nom,,Plur,,-0.0011733792368606,NONE
бы,AUX,,aux,,,,,0.0008357440809219,NONE
зрелищно,ADV,,advmod,,,,,0.0069489015550732,NONE
отыгрались,VERB,,acl,,,Plur,,0.0168516374558209,NONE
.,PUNCT,,punct,,,,,0.0093284619875539,NONE
"""",PUNCT,,root,,,,,0.0027196657847183,NONE
Компания,NOUN,,nsubj,Nom,Fem,Sing,Inan,-0.6694114948627934,NONE
Subaru,PROPN,,flat:foreign,,,,,0.1041745126585318,ORG
особенно,ADV,,obl,,,,,-0.0178717009400535,NONE
сильна,ADJ,,root,,Fem,Sing,,0.0814840770027825,NONE
в,ADP,,case,,,,,0.1116414884954025,NONE
производстве,NOUN,,obl,Loc,Neut,Sing,Inan,-0.1077463629121178,NONE
внедорожников,NOUN,,nmod,Gen,Masc,Plur,Inan,0.0936230825080649,NONE
и,CCONJ,,cc,,,,,0.0262783805321964,NONE
разработке,NOUN,,conj,Loc,Fem,Sing,Inan,-0.1316865204347523,NONE
полноприводных,ADJ,,amod,Gen,,Plur,,-0.0144700475048282,NONE
технологий,NOUN,,nmod,Gen,Fem,Plur,Inan,0.1125562585623346,NONE
.,PUNCT,,punct,,,,,0.347657814946075,NONE
В,ADP,,case,,,,,0.1233321749934784,NONE
четверг,NOUN,,obl,Acc,Masc,Sing,Inan,-0.0329152992808014,NONE
в,ADP,,case,,,,,-0.0327768694108337,NONE
своем,DET,,det,Loc,Neut,Sing,,-0.1644436640977902,NONE
обращении,NOUN,,obl,Loc,Neut,Sing,Inan,-0.148664664643889,NONE
на,ADP,,case,,,,,-0.0795578791233456,NONE
полях,NOUN,,nmod,Loc,Neut,Plur,Inan,-0.1093479397028203,NONE
Генеральной,ADJ,,amod,Gen,Fem,Sing,,-0.0898798888024707,ORG
Ассамблеи,PROPN,,nmod,Gen,Fem,Sing,Inan,0.1435346259779094,ORG
ООН,PROPN,,nmod,Gen,Fem,Sing,Inan,-0.0417003120201773,ORG
государственный,ADJ,,amod,Nom,Masc,Sing,,-0.0377235829433639,NONE
секретарь,NOUN,,nsubj,Nom,Masc,Sing,Anim,0.0478750164440168,NONE
Майк,PROPN,,appos,Nom,Masc,Sing,Anim,0.1056890187730443,PER
Помпео,PROPN,,flat:name,Nom,Masc,Sing,Anim,0.1028930034227298,PER
заявил,VERB,,root,,Masc,Sing,,-0.1256701142734058,NONE
",",PUNCT,,punct,,,,,0.1354330216996215,NONE
что,SCONJ,,mark,,,,,-0.6209132682653995,NONE
США,PROPN,,nsubj,Nom,,Plur,Inan,-0.1024009179389778,LOC
пришли,VERB,,ccomp,,,Plur,,-0.1095496621864481,NONE
к,ADP,,case,,,,,-0.1007547120624862,NONE
выводу,NOUN,,obl,Dat,Masc,Sing,Inan,-0.1461838616327108,NONE
",",PUNCT,,punct,,,,,0.0074930760014725,NONE
что,SCONJ,,mark,,,,,0.0172381684320571,NONE
Сирия,PROPN,,nsubj,Nom,Fem,Sing,Inan,0.0019239673825399,LOC
прибегла,VERB,,acl,,Fem,Sing,,0.0274029713888297,NONE
к,ADP,,case,,,,,-0.0001765308101899,NONE
химическому,ADJ,,amod,Dat,Neut,Sing,,-0.002825613341481,NONE
оружию,NOUN,,obl,Dat,Neut,Sing,Inan,0.1085930110523363,NONE
во,ADP,,case,,,,,-0.0591139165458074,NONE
время,NOUN,,fixed,Acc,Neut,Sing,Inan,-0.0222695696975872,NONE
атаки,NOUN,,obl,Gen,Fem,Sing,Inan,-0.1446791373783974,NONE
ранее,ADV,,advmod,,,,,-0.0947068889708779,NONE
в,ADP,,case,,,,,0.0130957873663929,NONE
этом,DET,,det,Loc,Masc,Sing,,-0.0456053335691734,NONE
году,NOUN,,obl,Loc,Masc,Sing,Inan,-0.0824257539564134,NONE
.,PUNCT,,punct,,,,,0.1523507371153327,NONE
Я,PRON,,nsubj,Nom,,Sing,,-0.156446932978816,NONE
проверил,VERB,,root,,Masc,Sing,,-0.0095953932860644,NONE
",",PUNCT,,punct,,,,,0.147480398631842,NONE
и,CCONJ,,cc,,,,,-0.0208169983671501,NONE
это,PRON,,nsubj,Nom,Neut,Sing,Inan,0.0316638629464942,NONE
было,AUX,,cop,,Neut,Sing,,-0.0618909749348597,NONE
бы,AUX,,aux,,,,,-0.0714319572132739,NONE
бесконтактным,ADJ,,amod,Ins,Masc,Sing,,0.0072003262074997,NONE
способом,NOUN,,conj,Ins,Masc,Sing,Inan,-0.1716762332425875,NONE
",",PUNCT,,punct,,,,,0.0878787656258899,NONE
поэтому,ADV,,advmod,,,,,-0.0032192313208391,NONE
",",PUNCT,,punct,,,,,0.2679676908369499,NONE
боюсь,VERB,,parataxis,,,Sing,,0.0405648577352312,NONE
",",PUNCT,,punct,,,,,0.1535838626493192,NONE
они,PRON,,nsubj,Nom,,Plur,,0.0237478002630625,NONE
не,PART,,advmod,,,,,0.1392345094992492,NONE
смогли,VERB,,conj,,,Plur,,-0.0435406795444218,NONE
бы,AUX,,aux,,,,,-0.0153287936452953,NONE
доставить,VERB,,xcomp,,,,,0.0429625575602647,NONE
товар,NOUN,,obj,Acc,Masc,Sing,Inan,0.1235770669825331,NONE
на,ADP,,case,,,,,-0.0777410013484187,NONE
Вашу,DET,,det,Acc,Fem,Sing,,0.1912282567319613,LOC
территорию,NOUN,,obl,Acc,Fem,Sing,Inan,-0.0817246958811976,NONE
",",PUNCT,,punct,,,,,0.3762758140484912,NONE
я,PRON,,nsubj,Nom,,Sing,,0.1918005365363933,NONE
сожалею,VERB,,conj,,,Sing,,0.4844146765379303,NONE
об,ADP,,case,,,,,0.100501426645171,NONE
этом,PRON,,obl,Loc,Neut,Sing,Inan,-0.0989399161277096,NONE
Меня,PRON,,obj,Acc,,Sing,,0.0226602297252977,NONE
это,PRON,,nsubj,Nom,Neut,Sing,Inan,0.2860252406916295,NONE
сбило,VERB,,root,,Neut,Sing,,-0.0058595219727816,NONE
с,ADP,,case,,,,,-0.1319451367240783,NONE
толку,NOUN,,obl,Par,Masc,Sing,Inan,0.0951688596687271,NONE
",",PUNCT,,punct,,,,,-0.0129572515845497,NONE
я,PRON,,nsubj,Nom,,Sing,,-0.020695478683482,NONE
чувствовала,VERB,,conj,,Fem,Sing,,0.1528422986343515,NONE
себя,PRON,,obj,Acc,,,,0.0925123522753459,NONE
бессильной,ADJ,,obl,Ins,Fem,Sing,,0.1298872312673131,NONE
",",PUNCT,,punct,,,,,0.3722475707259376,NONE
и,CCONJ,,cc,,,,,-0.0655603979733208,NONE
было,AUX,,cop,,Neut,Sing,,0.4234447879235887,NONE
очень,ADV,,obl,,,,,0.3656224740339371,NONE
неприятно»,ADJ,,conj,Nom,Neut,Sing,,0.2041700015531304,NONE
.,PUNCT,,punct,,,,,-0.2640509334034792,NONE
Удовлетворенность,NOUN,,nsubj,Nom,Fem,Sing,Inan,0.1744166118314345,NONE
клиентов,NOUN,,nmod,Gen,Masc,Plur,Anim,-0.1427749058768728,NONE
очень,ADV,,obl,,,,,0.1407841530959895,NONE
важна,ADJ,,root,,Fem,Sing,,-0.0402216995606287,NONE
для,ADP,,case,,,,,0.0714426500198327,NONE
нас,PRON,,obl,Gen,,Plur,,0.3113239804474891,NONE
.,PUNCT,,punct,,,,,0.5124958143765749,NONE
Двух,NUM,,nummod,Acc,Masc,,Anim,0.1739173947957542,NONE
пожарных,NOUN,,obl,Gen,Masc,Plur,Anim,0.005109965335086,NONE
",",PUNCT,,punct,,,,,0.0466122892319395,NONE
получивших,VERB,,acl,Gen,,Plur,,0.0257363405957014,NONE
повреждения,NOUN,,obj,Acc,Neut,Plur,Inan,0.0901194375730798,NONE
при,ADP,,case,,,,,-0.1953016191752487,NONE
тушении,NOUN,,obl,Loc,Neut,Sing,Inan,0.0230509730515131,NONE
пожара,NOUN,,nmod,Gen,Masc,Sing,Inan,0.0172539187778206,NONE
"""",PUNCT,,punct,,,,,0.0914748126544869,NONE
"""",PUNCT,,punct,,,,,0.0883454938874408,NONE
Голд,PROPN,,appos,,,,,-0.2405855354535363,ORG
"""",PUNCT,,punct,,,,,0.0572556111990755,NONE
"""",PUNCT,,punct,,,,,0.0463716674636991,NONE
",",PUNCT,,punct,,,,,0.657756959871575,NONE
выписали,VERB,,root,,,Plur,,0.2350094385638347,NONE
из,ADP,,case,,,,,-0.0583877868643563,NONE
больницы,NOUN,,obl,Gen,Fem,Sing,Inan,0.0150588813529921,NONE
.,PUNCT,,punct,,,,,-0.1357408607010973,NONE
"""",PUNCT,,root,,,,,0.2810826162960319,NONE
К,ADP,,case,,,,,-0.0820919350178674,NONE
сожалению,NOUN,,parataxis,Dat,Neut,Sing,Inan,-0.2332505464668077,NONE
",",PUNCT,,punct,,,,,0.0680842488144227,NONE
в,ADP,,case,,,,,0.2320432587770855,NONE
целях,NOUN,,obl,Loc,Fem,Plur,Inan,0.0407179788139908,NONE
обеспечения,NOUN,,nmod,Gen,Neut,Sing,Inan,-0.0565061908058575,NONE
качества,NOUN,,nmod,Gen,Neut,Sing,Inan,-0.1476759707810491,NONE
мне,PRON,,iobj,Dat,,Sing,,-0.1683935089986585,NONE
придется,VERB,,root,,,Sing,,-0.0049791593822821,NONE
закрыть,VERB,,csubj,,,,,0.0273567219695546,NONE
этот,DET,,det,Acc,Masc,Sing,,-0.1537865945749284,NONE
диалог,NOUN,,obj,Acc,Masc,Sing,Inan,0.1159845681662653,NONE
при,ADP,,case,,,,,0.0492766635272004,NONE
отсутствии,NOUN,,obl,Loc,Neut,Sing,Inan,0.1423721448910835,NONE
ответа,NOUN,,nmod,Gen,Masc,Sing,Inan,-0.0062806630125038,NONE
в,ADP,,case,,,,,0.3877544896504449,NONE
течение,NOUN,,fixed,Acc,Neut,Sing,Inan,0.2208783890353818,NONE
2,NUM,,nummod,,,,,0.0840137293946054,NONE
минут,NOUN,,nmod,Gen,Fem,Plur,Inan,0.0817342061508431,NONE
.,PUNCT,,punct,,,,,0.1288879929339193,NONE
Кристи,PROPN,,nsubj,Nom,Fem,Sing,Anim,-0.0144520710510114,PER
Хефнер,PROPN,,appos,Nom,Fem,Sing,Anim,0.0784231506183181,PER
",",PUNCT,,punct,,,,,0.0997640292690655,NONE
предпринимательница,NOUN,,appos,Nom,Fem,Sing,Anim,0.1192499981871202,NONE
и,CCONJ,,cc,,,,,-0.108301373214948,NONE
дочь,NOUN,,conj,Nom,Fem,Sing,Anim,0.0330696467673382,NONE
основателя,NOUN,,nmod,Gen,Masc,Sing,Anim,-0.0099891457359038,NONE
журнала,NOUN,,nmod,Gen,Masc,Sing,Inan,0.0421308482403529,NONE
«Playboy»,PROPN,,flat:foreign,,,,,0.1646736210138177,ORG
Хью,PROPN,,appos,Gen,Masc,Sing,Anim,0.196875390363937,PER
Хефнера,PROPN,,flat:name,Gen,Masc,Sing,Anim,0.1801493508955471,PER
",",PUNCT,,punct,,,,,0.1225801327726488,NONE
называет,VERB,,root,,,Sing,,0.0303495948768252,NONE
книгу,NOUN,,obj,Acc,Fem,Sing,Inan,0.01542516114062,NONE
«Как,ADV,,advmod,,,,,0.1055560923592675,NONE
заключить,VERB,,xcomp,,,,,0.1683180583055157,NONE
сделку,NOUN,,obj,Acc,Fem,Sing,Inan,0.1407219282813883,NONE
:,PUNCT,,punct,,,,,-0.0062438977066172,NONE
советы,NOUN,,nsubj,Nom,Masc,Plur,Inan,0.1100295428164067,NONE
подруги»,NOUN,,nmod,Gen,Fem,Sing,Anim,0.0481478107451863,NONE
одновременно,ADV,,obl,,,,,0.1407523312294317,NONE
развлекательной,ADJ,,parataxis,Ins,Fem,Sing,,0.1768822215544459,NONE
и,CCONJ,,cc,,,,,0.1898279804727272,NONE
полезной,ADJ,,conj,Ins,Fem,Sing,,0.2647195251005029,NONE
.,PUNCT,,punct,,,,,0.506852309365977,NONE
—,PUNCT,,punct,,,,,-0.4073377129738499,NONE
Способствует,VERB,,root,,,Sing,,0.0413334574201049,NONE
повышению,NOUN,,iobj,Dat,Neut,Sing,Inan,-0.0187502147868462,NONE
естественного,ADJ,,amod,Gen,Neut,Sing,,0.0327799008762948,NONE
противовоспалительного,ADJ,,amod,Gen,Neut,Sing,,0.1156180268339115,NONE
действия,NOUN,,nmod,Gen,Neut,Sing,Inan,-0.092866918395603,NONE
метаболизма,NOUN,,nmod,Gen,Masc,Sing,Inan,0.0071672535897923,NONE
собак,NOUN,,nmod,Gen,Fem,Plur,Anim,0.1726628122389549,NONE
.,PUNCT,,punct,,,,,0.7241580006478574,NONE
К,ADP,,case,,,,,0.2641085712468933,NONE
счастью,NOUN,,parataxis,Dat,Neut,Sing,Inan,-0.1659353749722784,NONE
",",PUNCT,,punct,,,,,0.025272074334333,NONE
я,PRON,,nsubj,Nom,,Sing,,-0.0261121779210127,NONE
не,PART,,advmod,,,,,0.0749911549688907,NONE
чувствую,VERB,,root,,,Sing,,-0.0773629519917141,NONE
возраста,NOUN,,obj,Gen,Masc,Sing,Inan,0.1186199836162864,NONE
",",PUNCT,,punct,,,,,0.156073513737032,NONE
ноги,NOUN,,nsubj,Nom,Fem,Plur,Inan,0.1326628703990448,NONE
у,ADP,,case,,,,,-0.176418760655239,NONE
меня,PRON,,obl,Gen,,Sing,,-0.1701143792551813,NONE
все,PART,,advmod,,,,,-0.0252889199559146,NONE
еще,PART,,advmod,,,,,0.1972383185560091,NONE
в,ADP,,case,,,,,0.2757052126079241,NONE
порядке,NOUN,,conj,Loc,Masc,Sing,Inan,-0.2329272539632612,NONE
",",PUNCT,,punct,,,,,0.1081949919222354,NONE
и,CCONJ,,cc,,,,,0.1502501545096496,NONE
травм,NOUN,,nsubj,Gen,Fem,Plur,Inan,0.052327115103019,NONE
не,PART,,advmod,,,,,0.1534127092204638,NONE
так,ADV,,advmod,,,,,0.0737111281826795,NONE
много,NUM,,conj,,,,,-0.0885870068768703,NONE
",",PUNCT,,punct,,,,,0.2541442596338381,NONE
тьфу-тьфу-тьфу,ADV,,conj,,,,,0.1670637602680418,NONE
",",PUNCT,,punct,,,,,0.2017893904529888,NONE
поэтому,ADV,,advmod,,,,,0.0372835525596346,NONE
нужно,ADJ,,conj,,Neut,Sing,,-0.004326718347696,NONE
держать,VERB,,csubj,,,,,0.0697334270179076,NONE
все,PRON,,obj,Acc,Neut,Sing,Inan,-0.1234900439342757,NONE
под,ADP,,case,,,,,0.0278535924862542,NONE
контролем,NOUN,,obl,Ins,Masc,Sing,Inan,0.2337359010754374,NONE
и,CCONJ,,cc,,,,,-0.1985345483174966,NONE
в,ADP,,case,,,,,-0.0061711741503538,NONE
следующем,ADJ,,amod,Loc,Masc,Sing,,-0.0184812121004584,NONE
году,NOUN,,obl,Loc,Masc,Sing,Inan,0.0446726786726848,NONE
вернуться,VERB,,conj,,,,,0.0654104483554978,NONE
максимально,ADV,,obl,,,,,-0.0687728143124707,NONE
готовым»,ADJ,,obl,Ins,Masc,Sing,,0.1332656337144142,NONE
.,PUNCT,,punct,,,,,-0.3978307610228466,NONE
Кожаный,ADJ,,amod,Nom,Masc,Sing,,0.5344818677637232,LOC
регулируемый,VERB,,amod,Nom,Masc,Sing,,0.0046117634536539,LOC
ремень-лямка,NOUN,,nsubj,Nom,Masc,Sing,Inan,-0.0031654424019688,NONE
1,NUM,,nummod,,,,,-0.1824181986260314,NONE
",",PUNCT,,punct,,,,,0.0234644638024068,NONE
5,NUM,,conj,,,,,0.4168407978526785,NONE
дюйма,NOUN,,nmod,Gen,Masc,Sing,Inan,0.0006115423893303,NONE
в,ADP,,case,,,,,-0.1167101644598639,NONE
ширину,NOUN,,nmod,Acc,Fem,Sing,Inan,-0.1230332108098105,NONE
и,CCONJ,,cc,,,,,0.1082864633250363,NONE
58,NUM,,nummod,,,,,-0.0202171301970173,NONE
дюймов,NOUN,,conj,Gen,Masc,Plur,Inan,0.0961022078792299,NONE
в,ADP,,case,,,,,0.0404176575262631,NONE
длину,NOUN,,nmod,Acc,Fem,Sing,Inan,0.1304976990025185,NONE
Наш,DET,,det,Nom,Masc,Sing,,-0.1904784456158589,NONE
ассортимент,NOUN,,nsubj,Nom,Masc,Sing,Inan,0.0562863539807478,NONE
включает,VERB,,root,,,Sing,,0.1276059343474325,NONE
кольца,NOUN,,obj,Acc,Neut,Plur,Inan,0.2729970578701184,NONE
",",PUNCT,,punct,,,,,0.239657313322368,NONE
серьги,NOUN,,conj,Acc,Fem,Plur,Inan,0.2437161084398712,NONE
",",PUNCT,,punct,,,,,0.1765122804034777,NONE
подвески,NOUN,,conj,Acc,Fem,Plur,Inan,0.0328245036294378,NONE
и,CCONJ,,cc,,,,,0.032418863870784,NONE
мангалустра,NOUN,,conj,Acc,Masc,Plur,Inan,0.1661310802505278,NONE
.,PUNCT,,punct,,,,,-0.5638330582174488,NONE
По,ADP,,case,,,,,0.1398234240772443,NONE
данным,NOUN,,parataxis,Dat,,Plur,Inan,0.1660158798249247,NONE
Standard,PROPN,,flat:foreign,,,,,-0.1694320394847854,ORG
Media,PROPN,,flat:foreign,,,,,-0.0924180040648923,ORG
Index,PROPN,,flat:foreign,,,,,-0.0960656889361303,ORG
",",PUNCT,,punct,,,,,-0.0283277876707857,NONE
которые,PRON,,nsubj,Nom,,,,-0.2120693580556837,NONE
отражают,VERB,,acl:relcl,,,Plur,,0.140127913539745,NONE
расходы,NOUN,,obj,Acc,Masc,Plur,Inan,-0.0207273470809842,NONE
четырех,NUM,,nmod,Gen,,,,-0.0237012706535829,NONE
из,ADP,,case,,,,,-0.1000515516420196,NONE
пяти,NUM,,nummod,Gen,,,,0.0201375783820693,NONE
крупнейших,ADJ,,amod,Gen,,Plur,,0.0723525927739315,NONE
групп,NOUN,,nmod,Gen,Fem,Plur,Inan,-0.0691374698196147,NONE
рекламных,ADJ,,amod,Gen,,Plur,,0.0485788414911793,NONE
агентств,NOUN,,nmod,Gen,Neut,Plur,Inan,0.1230586638748302,NONE
",",PUNCT,,punct,,,,,0.2196857336100359,NONE
рынок,NOUN,,nsubj,Nom,Masc,Sing,Inan,0.0184557878950538,NONE
наружной,ADJ,,amod,Gen,Fem,Sing,,0.037723748081259,NONE
рекламы,NOUN,,nmod,Gen,Fem,Sing,Inan,-0.0679779439612729,NONE
в,ADP,,case,,,,,0.2408985103525092,NONE
июне,NOUN,,obl,Loc,Masc,Sing,Inan,-0.0274096979480043,NONE
обвалился,VERB,,root,,Masc,Sing,,0.4900959394307699,NONE
на,ADP,,case,,,,,-0.0494202000235035,NONE
68,NUM,,nummod,,,,,0.1128682785331854,NONE
процентов,NOUN,,obl,Gen,Masc,Plur,Inan,0.0218293514379134,NONE
.,PUNCT,,punct,,,,,-0.2838404593835581,NONE
Он,PRON,,nsubj,Nom,Masc,Sing,,0.2743645503729974,NONE
просто,PART,,advmod,,,,,-0.4369360820020618,NONE
дал,VERB,,root,,Masc,Sing,,-0.2263899625219781,NONE
трансфобам,NOUN,,iobj,Dat,Masc,Plur,Inan,0.1061087012286031,NONE
нового,ADJ,,amod,Acc,Masc,Sing,Anim,-0.1460380058405942,NONE
героя,NOUN,,obj,Acc,Masc,Sing,Anim,-0.0258824750020573,NONE
и,CCONJ,,cc,,,,,-0.2906841917882987,NONE
больше,ADV,,advmod,,,,,-0.0515889737510984,NONE
антитрансгендерной,ADJ,,amod,Gen,Fem,Sing,,0.3797193224017753,NONE
риторики,NOUN,,obl,Gen,Fem,Sing,Inan,0.1997170195091395,NONE
.,PUNCT,,punct,,,,,0.4972966449112474,NONE
Мы,PRON,,nsubj,Nom,,Plur,,-0.073245219193204,NONE
поддерживаем,VERB,,root,,,Plur,,-0.0309662550175502,NONE
любые,DET,,det,Acc,,Plur,,-0.0207385605880299,NONE
улучшения,NOUN,,obj,Acc,Neut,Plur,Inan,-0.0463010479483256,NONE
в,ADP,,case,,,,,-0.1455537370552516,NONE
этой,DET,,det,Loc,Fem,Sing,,-0.0974571064497485,NONE
схеме,NOUN,,nmod,Loc,Fem,Sing,Inan,-0.0194390003720257,NONE
",",PUNCT,,punct,,,,,-0.0489156382106529,NONE
которые,PRON,,nsubj,Nom,,,,-0.0696947433271951,NONE
позволят,VERB,,acl:relcl,,,Plur,,0.0549926724534343,NONE
малому,ADJ,,amod,Dat,Masc,Sing,,0.0477381495344252,NONE
бизнесу,NOUN,,iobj,Dat,Masc,Sing,Inan,0.0294303705553046,NONE
получить,VERB,,xcomp,,,,,0.0366009893255878,NONE
доступ,NOUN,,obj,Acc,Masc,Sing,Inan,0.001787260734073,NONE
к,ADP,,case,,,,,-0.0151041852879862,NONE
широкому,ADJ,,amod,Dat,Masc,Sing,,0.0747772454871847,NONE
спектру,NOUN,,nmod,Dat,Masc,Sing,Inan,0.0538970411543946,NONE
продуктов,NOUN,,nmod,Gen,Masc,Plur,Inan,-0.003366859087693,NONE
финансирования,NOUN,,nmod,Gen,Neut,Sing,Inan,-0.0128683268038384,NONE
",",PUNCT,,punct,,,,,0.0589526022668419,NONE
отвечающих,VERB,,acl,Gen,,Plur,,-0.0912020763916073,NONE
его,DET,,det,,,,,-0.0079094496797337,NONE
требованиям,NOUN,,iobj,Dat,Neut,Plur,Inan,-0.0584460322889879,NONE
",",PUNCT,,punct,,,,,0.1187161799773259,NONE
включая,ADV,,advmod,,,,,-0.0630760822173061,NONE
продукты,NOUN,,obj,Acc,Masc,Plur,Inan,-0.0584498354257429,NONE
с,ADP,,case,,,,,-0.0271096650166614,NONE
гибкими,ADJ,,amod,Ins,,Plur,,0.0927092284600797,NONE
платежами,NOUN,,nmod,Ins,Masc,Plur,Inan,0.1120048909963409,NONE
в,ADP,,case,,,,,0.1023972721318201,NONE
более,ADV,,obl,,,,,0.3730311931113311,NONE
короткие,ADJ,,amod,Acc,,Plur,Inan,0.1280822353518269,NONE
сроки,NOUN,,nmod,Acc,Masc,Plur,Inan,0.1580967777451327,NONE
",",PUNCT,,punct,,,,,0.2094837392055204,NONE
-,PUNCT,,punct,,,,,0.1364297255013108,NONE
сказал,VERB,,parataxis,,Masc,Sing,,0.0752095574810672,NONE
он,PRON,,nsubj,Nom,Masc,Sing,,0.1637639126837614,NONE
.,PUNCT,,punct,,,,,0.6069902231580399,NONE
С,ADP,,case,,,,,-0.0148806942787216,NONE
начала,NOUN,,obl,Gen,Neut,Sing,Inan,-0.3437135575290541,NONE
вспышки,NOUN,,nmod,Gen,Fem,Sing,Inan,0.2123471510212791,NONE
31,NUM,,nummod,,,,,-0.0229924871028717,NONE
человек,NOUN,,nsubj:pass,Nom,Masc,Sing,Anim,0.1265755839725252,NONE
был,AUX,,aux:pass,,Masc,Sing,,0.067375024410201,NONE
госпитализирован,VERB,,root,,Masc,Sing,,0.185062344768193,NONE
.,PUNCT,,punct,,,,,0.10262284697811,NONE
О,ADP,,case,,,,,0.0303787876665223,NONE
смертельных,ADJ,,amod,Loc,,Plur,,-0.0561768836551707,NONE
случаях,NOUN,,obl,Loc,Masc,Plur,Inan,-0.148409442996112,NONE
сообщений,NOUN,,nsubj,Gen,Neut,Plur,Inan,0.0581632784924335,NONE
не,PART,,advmod,,,,,0.1633468909412569,NONE
было,VERB,,root,,Neut,Sing,,0.1105591202325948,NONE
.,PUNCT,,punct,,,,,-0.3775131094128554,NONE
Выступающая,VERB,,acl,Nom,Fem,Sing,,0.1511144254356742,NONE
в,ADP,,case,,,,,0.0262321285323801,NONE
легчайшем,ADJ,,amod,Loc,Masc,Sing,,0.0316145441600801,NONE
весе,NOUN,,obl,Loc,Masc,Sing,Inan,-0.0107758732899599,NONE
бразильянка,NOUN,,nsubj,Nom,Fem,Sing,Anim,0.0395695092214652,NONE
Бет,PROPN,,appos,Nom,Fem,Sing,Anim,-0.0233015713141671,PER
Коррейа,PROPN,,flat:name,Nom,Fem,Sing,Anim,0.0684828377307916,PER
—,PUNCT,,punct,,,,,-0.0982805888090589,NONE
ветеран,NOUN,,root,Nom,Masc,Sing,Anim,0.0244074958309631,NONE
UFC,PROPN,,flat:foreign,,,,,-0.2682774028151902,ORG
",",PUNCT,,punct,,,,,0.1398934086441877,NONE
но,CCONJ,,cc,,,,,0.055795481665812,NONE
допустила,VERB,,conj,,Fem,Sing,,-0.0318804479075488,NONE
обидную,ADJ,,amod,Acc,Fem,Sing,,0.0256933846999945,NONE
ошибку,NOUN,,obj,Acc,Fem,Sing,Inan,0.0907637239509296,NONE
во,ADP,,case,,,,,-0.0326816066536996,NONE
время,NOUN,,fixed,Acc,Neut,Sing,Inan,-0.1178684732165695,NONE
поединка,NOUN,,obl,Gen,Masc,Sing,Inan,0.008997289497385,NONE
в,ADP,,case,,,,,0.0166338163253512,NONE
Файт,PROPN,,nmod,Acc,Masc,Sing,Inan,0.0327127941484301,LOC
Айленд,PROPN,,appos,Nom,Masc,Sing,Inan,-0.0003805998693724,LOC
",",PUNCT,,punct,,,,,0.0396792312070071,NONE
подумав,VERB,,advcl,,,,,0.0083492818510937,NONE
",",PUNCT,,punct,,,,,0.1790745110137976,NONE
что,SCONJ,,mark,,,,,0.1576214464234558,NONE
раунд,NOUN,,nsubj:pass,Nom,Masc,Sing,Inan,-0.1312339779654238,NONE
окончен,VERB,,ccomp,,Masc,Sing,,0.0598405670648262,NONE
",",PUNCT,,punct,,,,,0.0471238891642238,NONE
и,CCONJ,,cc,,,,,0.0473416080927786,NONE
повернувшись,VERB,,advcl,,,,,0.0021548321840763,NONE
спиной,NOUN,,obl,Ins,Fem,Sing,Inan,0.0045811966871868,NONE
к,ADP,,case,,,,,-0.094593281656648,NONE
сопернице,NOUN,,obl,Dat,Fem,Sing,Anim,-0.039548128629045,NONE
Пэнни,PROPN,,appos,Dat,Fem,Sing,Anim,0.0006518350587279,PER
Кианзад,PROPN,,flat:name,Dat,Fem,Sing,Anim,0.0360235432659606,PER
",",PUNCT,,punct,,,,,0.1910242507984115,NONE
в,ADP,,case,,,,,0.0926499573586279,NONE
итоге,NOUN,,obl,Loc,Masc,Sing,Inan,0.0523470929327434,NONE
была,AUX,,aux:pass,,Fem,Sing,,0.1035841187932627,NONE
побита,VERB,,conj,,Fem,Sing,,-0.0640919170923264,NONE
.,PUNCT,,punct,,,,,-0.3109607567482322,NONE
Действительно,ADV,,advmod,,,,,-0.4658556593598946,NONE
темно,ADJ,,root,,Neut,Sing,,0.3770105492945362,NONE
",",PUNCT,,punct,,,,,0.1569430986815656,NONE
даже,PART,,advmod,,,,,-0.1324462330700367,NONE
впереди,ADV,,conj,,,,,0.3770216698019201,NONE
.,PUNCT,,punct,,,,,0.2447248762349307,NONE
Как,ADV,,advmod,,,,,-0.1955533616454574,NONE
начинается,VERB,,root,,,Sing,,-0.002510202369872,NONE
ваше,DET,,det,Nom,Neut,Sing,,0.7499977469415512,NONE
воскресенье,NOUN,,nsubj,Nom,Neut,Sing,Inan,0.4816089693359181,NONE
?,PUNCT,,punct,,,,,0.4090339373096259,NONE
Есть,VERB,,root,,,Plur,,0.0895958384750915,NONE
сведения,NOUN,,nsubj,Nom,Neut,Plur,Inan,0.2537307206902018,NONE
",",PUNCT,,punct,,,,,-0.0111750900341159,NONE
что,SCONJ,,mark,,,,,-0.6791094552202763,NONE
старшие,ADJ,,amod,Nom,,Plur,,0.1202161069805116,NONE
офицеры,NOUN,,nsubj,Nom,Masc,Plur,Anim,0.0645021347876138,NONE
Особой,ADJ,,amod,Gen,Fem,Sing,,0.0146243721265344,ORG
воздушной,ADJ,,amod,Gen,Fem,Sing,,0.0171032106155489,ORG
службы,NOUN,,nmod,Gen,Fem,Sing,Inan,0.0944658663842173,ORG
использовали,VERB,,acl,,,Plur,,0.0761949001975886,NONE
событие,NOUN,,obj,Acc,Neut,Sing,Inan,0.0945593017575886,NONE
",",PUNCT,,punct,,,,,0.1948456850997406,NONE
произошедшее,VERB,,acl,Acc,Neut,Sing,,0.1050354562248972,NONE
в,ADP,,case,,,,,-0.0760965864554565,NONE
среду,NOUN,,obl,Acc,Fem,Sing,Inan,0.0813542404374919,NONE
",",PUNCT,,punct,,,,,0.2901745712959452,NONE
чтобы,SCONJ,,mark,,,,,0.0184716426261632,NONE
подчеркнуть,VERB,,advcl,,,,,0.0189986480970848,NONE
важность,NOUN,,obj,Acc,Fem,Sing,Inan,0.0599920730101407,NONE
сохранения,NOUN,,nmod,Gen,Neut,Sing,Inan,0.0643343774421234,NONE
количества,NOUN,,nmod,Gen,Neut,Sing,Inan,-0.0776507411244749,NONE
персонала,NOUN,,nmod,Gen,Masc,Sing,Inan,0.0289370016446406,NONE
в,ADP,,case,,,,,-0.022399108354597,NONE
Королевской,ADJ,,amod,Loc,Fem,Sing,,0.0581733821500809,ORG
морской,ADJ,,amod,Loc,Fem,Sing,,0.0773249782170291,ORG
пехоте,NOUN,,nmod,Loc,Fem,Sing,Inan,0.0491676962740807,ORG
и,CCONJ,,cc,,,,,-0.0731940649273479,NONE
Парашютном,ADJ,,amod,Loc,Masc,Sing,,0.0230611979547284,NONE
полке,NOUN,,conj,Loc,Masc,Sing,Inan,0.0015763704948875,NONE
.,PUNCT,,punct,,,,,-0.367130376635922,NONE
Сытая,VERB,,advcl,,,,,0.2400343317291939,PER
этим,PRON,,obl,Ins,Neut,Sing,Inan,-0.0107934013367944,NONE
по,ADP,,case,,,,,0.0588441943186073,NONE
горло,NOUN,,obl,Acc,Neut,Sing,Inan,-0.1666363140800532,NONE
",",PUNCT,,punct,,,,,0.3091068174565137,NONE
она,PRON,,nsubj,Nom,Fem,Sing,,-0.0060291563433507,NONE
спрашивает,VERB,,root,,,Sing,,-0.455449736519871,NONE
:,PUNCT,,punct,,,,,0.0185427553327885,NONE
«Ты,SCONJ,,mark,,,,,0.1035994043921672,NONE
сегодня,ADV,,advmod,,,,,0.0441396545048605,NONE
вообще,ADV,,advmod,,,,,0.123031572216735,NONE
собираешься,VERB,,parataxis,,,Sing,,0.2325891337683595,NONE
работать,VERB,,xcomp,,,,,0.188594317676239,NONE
?,PUNCT,,punct,,,,,0.0490658597087872,NONE
»,PUNCT,,root,,,,,-0.364674677176637,NONE
После,ADP,,case,,,,,-0.1632438537922143,NONE
длинного,ADJ,,amod,Gen,Masc,Sing,,0.0604881204196939,NONE
субботнего,ADJ,,amod,Gen,Masc,Sing,,0.0940256873871002,NONE
вечера,NOUN,,obl,Gen,Masc,Sing,Inan,-0.1067309778740294,NONE
",",PUNCT,,punct,,,,,0.0494509509353699,NONE
проведенного,VERB,,acl,Gen,Masc,Sing,,-0.0091188803358938,NONE
на,ADP,,case,,,,,-0.1034346941457193,NONE
сорокалетии,NOUN,,obl,Loc,Neut,Sing,Inan,0.0998113999581026,NONE
моей,DET,,det,Gen,Fem,Sing,,-0.0891597692847595,NONE
невестки,NOUN,,nmod,Gen,Fem,Sing,Anim,0.1400141461838978,NONE
в,ADP,,case,,,,,0.0806614787846862,NONE
Нью-Йорке,PROPN,,nmod,Loc,Masc,Sing,Inan,0.2097322918854277,LOC
",",PUNCT,,punct,,,,,-0.018694645909242,NONE
около,ADP,,case,,,,,0.0651581703210504,NONE
полуночи,NOUN,,obl,Gen,Fem,Sing,Inan,0.0926007116381292,NONE
моя,DET,,det,Nom,Fem,Sing,,-0.0505615994931114,NONE
уже,PART,,advmod,,,,,0.0244610491857266,NONE
близкая,ADJ,,amod,Nom,Fem,Sing,,0.0617106753134415,NONE
к,ADP,,case,,,,,0.0095188235704701,NONE
родам,NOUN,,obl,Dat,Masc,Plur,Inan,0.0956644802452622,NONE
жена,NOUN,,nsubj,Nom,Fem,Sing,Anim,0.2643349519939514,NONE
решила,VERB,,root,,Fem,Sing,,0.007723334251117,NONE
",",PUNCT,,punct,,,,,0.1093383120326564,NONE
что,SCONJ,,mark,,,,,0.3158827513695176,NONE
пора,NOUN,,ccomp,Nom,Fem,Sing,Inan,-0.0284195969252843,NONE
идти,VERB,,csubj,,,,,0.2049026056896176,NONE
домой,ADV,,advmod,,,,,0.3368983718054517,NONE
.,PUNCT,,punct,,,,,-0.515165473499699,NONE
Однажды,ADV,,advmod,,,,,-0.0839503711158073,NONE
электричество,NOUN,,obj,Acc,Neut,Sing,Inan,0.1574411060206923,NONE
снова,ADV,,advmod,,,,,0.1952858521896585,NONE
включили,VERB,,root,,,Plur,,0.0330433257379969,NONE
уже,ADV,,obl,,,,,0.0193200485913487,NONE
примерно,ADV,,obl,,,,,0.1244433702776162,NONE
через,ADP,,case,,,,,-0.1508316745830744,NONE
три,NUM,,nummod,Acc,,,Inan,-0.1003783963677364,NONE
часа,NOUN,,obl,Gen,Masc,Sing,Inan,-0.314175865546385,NONE
.,PUNCT,,punct,,,,,0.6644251480108135,NONE
Я,PRON,,nsubj,Nom,,Sing,,-0.0708216947133934,NONE
искренне,ADV,,advmod,,,,,0.109777302240992,NONE
считаю,VERB,,root,,,Sing,,-0.0005800961646576,NONE
",",PUNCT,,punct,,,,,0.2028624640402,NONE
что,SCONJ,,mark,,,,,0.0721368887098696,NONE
это,PRON,,nsubj,Nom,Neut,Sing,Inan,-0.0295092119470053,NONE
подсознательное,ADJ,,amod,Nom,Neut,Sing,,-0.0376940403272447,NONE
предубеждение,NOUN,,ccomp,Nom,Neut,Sing,Inan,0.0557841289619557,NONE
",",PUNCT,,punct,,,,,0.3825650569832201,NONE
порожденное,VERB,,acl,Nom,Neut,Sing,,0.0457430553851938,NONE
и,CCONJ,,cc,,,,,0.0717939223365019,NONE
усугубленное,VERB,,conj,Nom,Neut,Sing,,0.1397768993632179,NONE
образом,NOUN,,obl:agent,Ins,Masc,Sing,Inan,0.0680970104868682,NONE
людей,NOUN,,nmod,Gen,Masc,Plur,Anim,0.0267368616420419,NONE
с,ADP,,case,,,,,-0.0856066000152193,NONE
избыточным,ADJ,,amod,Ins,Masc,Sing,,0.002127104663765,NONE
весом,NOUN,,nmod,Ins,Masc,Sing,Inan,-0.0924003360553292,NONE
и,CCONJ,,cc,,,,,-0.0787148781443852,NONE
отношением,NOUN,,conj,Ins,Neut,Sing,Inan,-0.0992454740679725,NONE
к,ADP,,case,,,,,-0.1637472461606853,NONE
ним,PRON,,nmod,Dat,,Plur,,-0.0033086332698412,NONE
в,ADP,,case,,,,,-0.0294117957997147,NONE
средствах,NOUN,,nmod,Loc,Neut,Plur,Inan,0.0653327527867173,NONE
массовой,ADJ,,amod,Gen,Fem,Sing,,0.0422693635957356,NONE
информации,NOUN,,nmod,Gen,Fem,Sing,Inan,0.0280303672856325,NONE
",",PUNCT,,punct,,,,,0.242192014242734,NONE
так,ADV,,mark,,,,,-0.1671306181127194,NONE
что,SCONJ,,fixed,,,,,0.0613885489717751,NONE
многие,PRON,,nsubj,Nom,,Plur,,-0.0439742953730098,NONE
просто,PART,,advmod,,,,,0.0213686169772536,NONE
не,PART,,advmod,,,,,-0.0924229896217362,NONE
понимают,VERB,,advcl,,,Plur,,-0.0482969001754233,NONE
",",PUNCT,,punct,,,,,0.1745892484606815,NONE
что,SCONJ,,mark,,,,,-0.1457611484835527,NONE
они,PRON,,nsubj,Nom,,Plur,,-0.3174243123717846,NONE
проецируют,VERB,,ccomp,,,Plur,,-0.0483879703037966,NONE
его,PRON,,obj,Acc,Masc,Sing,,0.0150802842985562,NONE
.,PUNCT,,punct,,,,,0.2297458070808839,NONE
Во,ADP,,case,,,,,-0.3618254074892272,NONE
время,NOUN,,fixed,Acc,Neut,Sing,Inan,-0.0608088715644738,NONE
пандемии,NOUN,,obl,Gen,Fem,Sing,Inan,0.0334128903407204,NONE
проводились,VERB,,root,,,Plur,,-0.0583169353106474,NONE
тендеры,NOUN,,nsubj:pass,Nom,Masc,Plur,Inan,0.0663727507913865,NONE
для,ADP,,case,,,,,-0.3094525334517621,NONE
аэропорта,NOUN,,nmod,Gen,Masc,Sing,Inan,0.1140843086292235,NONE
Мельбурна,PROPN,,nmod,Gen,Masc,Sing,Inan,0.0798002580777028,LOC
и,CCONJ,,cc,,,,,-0.1654037979670398,NONE
Sydney,PROPN,,flat:foreign,,,,,0.1770640801468444,LOC
Trains,PROPN,,flat:foreign,,,,,0.1050760515933416,LOC
",",PUNCT,,punct,,,,,0.3847004055113152,NONE
и,CCONJ,,cc,,,,,0.0869889993613052,NONE
официальное,ADJ,,amod,Nom,Neut,Sing,,0.2033968084693161,NONE
решение,NOUN,,nsubj:pass,Nom,Neut,Sing,Inan,0.0151467351871045,NONE
еще,ADV,,advmod,,,,,0.0515331391211186,NONE
не,PART,,advmod,,,,,0.0119598363718951,NONE
было,AUX,,aux:pass,,Neut,Sing,,0.4065956583166864,NONE
принято,VERB,,conj,,Neut,Sing,,-0.1847582526506572,NONE
.,PUNCT,,punct,,,,,0.1147583920740459,NONE
По,ADP,,case,,,,,-0.8227484097348791,NONE
словам,NOUN,,parataxis,Dat,Neut,Plur,Inan,0.2209717781529972,NONE
команды,NOUN,,nmod,Gen,Fem,Sing,Inan,0.0553964101447133,NONE
",",PUNCT,,punct,,,,,-0.0445139560970984,NONE
при,ADP,,case,,,,,-0.1355234470135341,NONE
прочих,ADJ,,amod,Loc,,Plur,,-0.0352235270571559,NONE
равных,ADJ,,amod,Loc,,Plur,,0.0161391073299617,NONE
факторах,NOUN,,obl,Loc,Masc,Plur,Inan,0.0751973762106568,NONE
",",PUNCT,,punct,,,,,0.0063507032294593,NONE
таких,DET,,det,Loc,,Plur,,-0.0342950147940418,NONE
как,SCONJ,,mark,,,,,-0.0056514551343792,NONE
возраст,NOUN,,obl,Nom,Masc,Sing,Inan,0.1078615578354955,NONE
матери,NOUN,,nmod,Gen,Fem,Sing,Anim,0.0850724000953624,NONE
",",PUNCT,,punct,,,,,0.0251983142317796,NONE
уровень,NOUN,,conj,Nom,Masc,Sing,Inan,-0.1063983344515368,NONE
достатка,NOUN,,nmod,Gen,Masc,Sing,Inan,0.0373911855494687,NONE
в,ADP,,case,,,,,0.0794020857419578,NONE
регионе,NOUN,,nmod,Loc,Masc,Sing,Inan,-0.0180819075355233,NONE
и,CCONJ,,cc,,,,,-0.0354910541912962,NONE
вес,NOUN,,conj,Nom,Masc,Sing,Inan,-0.0463370378193872,NONE
при,ADP,,case,,,,,-0.0214113435410815,NONE
рождении,NOUN,,nmod,Loc,Neut,Sing,Inan,-0.0300329452223074,NONE
",",PUNCT,,punct,,,,,0.0858743154431151,NONE
вероятность,NOUN,,nsubj,Nom,Fem,Sing,Inan,0.0553807551028006,NONE
смерти,NOUN,,nmod,Gen,Fem,Sing,Inan,-0.0248839328170094,NONE
у,ADP,,case,,,,,-0.0213070736574646,NONE
детей,NOUN,,nmod,Gen,Masc,Plur,Anim,0.0298156183289739,NONE
до,ADP,,case,,,,,0.0204118412626328,NONE
года,NOUN,,nmod,Gen,Masc,Sing,Inan,0.0020212957479551,NONE
",",PUNCT,,punct,,,,,-0.02425991951082,NONE
которые,PRON,,nsubj,Nom,,,,0.0747970307787607,NONE
живут,VERB,,acl:relcl,,,Plur,,-0.0538982999704638,NONE
в,ADP,,case,,,,,0.0069452655829158,NONE
местах,NOUN,,obl,Loc,Neut,Plur,Inan,-0.1170642862637363,NONE
с,ADP,,case,,,,,0.0224427377596058,NONE
наиболее,ADV,,obl,,,,,-0.0163276162733069,NONE
сильным,ADJ,,amod,Ins,Neut,Sing,,0.0464889956646088,NONE
загрязнением,NOUN,,nmod,Ins,Neut,Sing,Inan,-0.0055364770582659,NONE
воздуха,NOUN,,nmod,Gen,Masc,Sing,Inan,-0.0166770642322581,NONE
",",PUNCT,,punct,,,,,0.0198790158558962,NONE
больше,ADJ,,root,,,,,-0.0196802820534182,NONE
",",PUNCT,,punct,,,,,-0.0716988687211323,NONE
чем,SCONJ,,mark,,,,,0.0622690761123349,NONE
у,ADP,,case,,,,,-0.0520098966582528,NONE
детей,NOUN,,obl,Gen,Masc,Plur,Anim,0.0174440014756558,NONE
",",PUNCT,,punct,,,,,-0.0436930791920815,NONE
которые,PRON,,nsubj,Nom,,,,-3.982428166599458,NONE
живут,VERB,,acl:relcl,,,Plur,,-0.0319293421101793,NONE
в,ADP,,case,,,,,-0.0135154295840416,NONE
местах,NOUN,,obl,Loc,Neut,Plur,Inan,0.0135399468687036,NONE
с,ADP,,case,,,,,0.1457788119373912,NONE
чистейшим,ADJ,,amod,Ins,Masc,Sing,,0.0140751338225835,NONE
воздухом,NOUN,,nmod,Ins,Masc,Sing,Inan,0.0446656768744159,NONE
.,PUNCT,,punct,,,,,-0.1506659234490648,NONE
Сейчас,ADV,,advmod,,,,,-0.0014859503335617,NONE
кибер-преступники,NOUN,,nsubj,Nom,Masc,Plur,Anim,0.1117082026669215,NONE
еще,ADV,,advmod,,,,,-0.118744724806789,NONE
грамотнее,ADJ,,root,,,,,-0.0684722076846165,NONE
",",PUNCT,,punct,,,,,0.0566873595400108,NONE
чем,SCONJ,,mark,,,,,0.1646707417934331,NONE
раньше,ADV,,obl,,,,,-0.0188250696226149,NONE
и,CCONJ,,cc,,,,,-0.0108462992113723,NONE
они,PRON,,nsubj,Nom,,Plur,,-0.0774410365713125,NONE
используют,VERB,,conj,,,Plur,,-0.0382717413400132,NONE
широкий,ADJ,,amod,Acc,Masc,Sing,Inan,-0.1151464644183651,NONE
спектр,NOUN,,obj,Acc,Masc,Sing,Inan,0.0855818806301524,NONE
инструментов,NOUN,,nmod,Gen,Masc,Plur,Inan,0.2426350445273362,NONE
",",PUNCT,,punct,,,,,0.1287247068442382,NONE
чтобы,SCONJ,,mark,,,,,-0.1504079627790301,NONE
получить,VERB,,advcl,,,,,0.0852188734955278,NONE
доступ,NOUN,,obj,Acc,Masc,Sing,Inan,-0.0020596613493607,NONE
к,ADP,,case,,,,,0.0588784593706287,NONE
вашей,DET,,det,Dat,Fem,Sing,,0.139745406304508,NONE
информации,NOUN,,nmod,Dat,Fem,Sing,Inan,-0.0983390991157168,NONE
.,PUNCT,,punct,,,,,0.0400821873587628,NONE
Во,ADP,,case,,,,,-0.6054271293618847,NONE
время,NOUN,,fixed,Acc,Neut,Sing,Inan,-0.1600717104291736,NONE
расследования,NOUN,,obl,Gen,Neut,Sing,Inan,0.1168437544757805,NONE
выяснилось,VERB,,root,,Neut,Sing,,-0.0362840906348188,NONE
",",PUNCT,,punct,,,,,0.0448964549101842,NONE
что,SCONJ,,mark,,,,,0.0510054367610931,NONE
Али,PROPN,,nsubj,Nom,Masc,Sing,Anim,-0.1762786178638932,PER
бессвязно,ADV,,advmod,,,,,0.18708969870949,NONE
бормотал,VERB,,ccomp,,Masc,Sing,,0.2102147310659761,NONE
",",PUNCT,,punct,,,,,0.0524365982164299,NONE
что,PRON,,nsubj,Nom,,,,0.1694785943009432,NONE
навело,VERB,,parataxis,,Neut,Sing,,-0.0356818386303826,NONE
на,ADP,,case,,,,,0.1687695234885798,NONE
подозрения,NOUN,,obl,Acc,Neut,Plur,Inan,0.0232364969910929,NONE
о,ADP,,case,,,,,0.2747799878663907,NONE
наличии,NOUN,,nmod,Loc,Neut,Sing,Inan,-0.0375296127627335,NONE
у,ADP,,case,,,,,-0.0579077285581866,NONE
его,DET,,det,,,,,-0.2769763000640584,NONE
нервного,ADJ,,amod,Gen,Neut,Sing,,0.0071718800305537,NONE
расстройства,NOUN,,nmod,Gen,Neut,Sing,Inan,0.1039304007699844,NONE
.,PUNCT,,punct,,,,,0.1484646718419411,NONE
Для,ADP,,case,,,,,-0.2776180725859768,NONE
28-летней,ADJ,,amod,Gen,Fem,Sing,,0.104234928198519,NONE
уроженки,NOUN,,obl,Gen,Fem,Sing,Anim,-0.0352845320661522,NONE
Ирана,PROPN,,nmod,Gen,Masc,Sing,Inan,0.1667967884560758,LOC
Кианзад,PROPN,,appos,Nom,Fem,Sing,Anim,0.0908309740155224,PER
это,PRON,,nsubj,Nom,Neut,Sing,Inan,0.0701211872340992,NONE
стало,VERB,,root,,Neut,Sing,,-0.0532932271944386,NONE
второй,ADJ,,amod,Ins,Fem,Sing,,-0.0067582754861859,NONE
подряд,ADV,,advmod,,,,,-0.0247392310947717,NONE
победой,NOUN,,obl,Ins,Fem,Sing,Inan,0.1040576557965114,NONE
после,ADP,,case,,,,,-0.0295269102238801,NONE
того,PRON,,nmod,Gen,Neut,Sing,Inan,0.0295625115071065,NONE
",",PUNCT,,punct,,,,,0.2104968768447404,NONE
как,SCONJ,,mark,,,,,0.4078047661177674,NONE
на,ADP,,case,,,,,-0.015566658352769,NONE
Вечере,PROPN,,obl,Loc,Masc,Sing,Inan,0.058368229227885,NONE
боев,NOUN,,nmod,Gen,Masc,Plur,Inan,0.0506213095296527,NONE
UFC,PROPN,,flat:foreign,,,,,-0.2289471038639363,ORG
в,ADP,,case,,,,,-0.0778495721940507,NONE
ноябре,NOUN,,nmod,Loc,Masc,Sing,Inan,0.1240624875680378,NONE
в,ADP,,case,,,,,-0.0373533747573243,NONE
Москве,PROPN,,nmod,Loc,Fem,Sing,Inan,-0.187459807320541,LOC
она,PRON,,nsubj,Nom,Fem,Sing,,0.047367373673814,NONE
одержала,VERB,,acl,,Fem,Sing,,0.1235168041411413,NONE
верх,NOUN,,obj,Acc,Masc,Sing,Inan,-0.0181436022178951,NONE
над,ADP,,case,,,,,-0.0467898732328007,NONE
Джессикой-Роуз,PROPN,,nmod,Ins,Fem,Sing,Anim,0.1574875095379693,PER
Кларк,PROPN,,flat:name,Ins,Fem,Sing,Anim,-0.050499596408289,PER
.,PUNCT,,punct,,,,,-0.3578955133824649,NONE
Мы,PRON,,nsubj,Nom,,Plur,,0.6122358615331501,NONE
рекомендуем,VERB,,root,,,Plur,,0.1873791046241662,NONE
",",PUNCT,,punct,,,,,-0.0613337097307232,NONE
чтобы,SCONJ,,mark,,,,,-0.1129070168193046,NONE
вы,PRON,,nsubj,Nom,,Plur,,-0.0756473071491053,NONE
не,PART,,advmod,,,,,-0.0631820314165072,NONE
полагались,VERB,,ccomp,,,Plur,,0.1201083493082363,NONE
исключительно,ADV,,advmod,,,,,0.0127541606885184,NONE
на,ADP,,case,,,,,-0.1223908199782208,NONE
ту,DET,,det,Acc,Fem,Sing,,-0.280090191456474,NONE
информацию,NOUN,,obl,Acc,Fem,Sing,Inan,-0.2451342469866959,NONE
",",PUNCT,,punct,,,,,-0.0837381040346551,NONE
что,PRON,,nsubj:pass,Nom,Neut,Sing,Inan,0.3477797078325883,NONE
представлена,VERB,,acl:relcl,,Fem,Sing,,0.1113856503810449,NONE
на,ADP,,case,,,,,-0.097902683772348,NONE
нашем,DET,,det,Loc,Masc,Sing,,-0.3479930436497685,NONE
веб-сайте,NOUN,,obl,Loc,Masc,Sing,Inan,0.1817634655138773,NONE
.,PUNCT,,punct,,,,,0.2357614872763867,NONE
Министр,NOUN,,nsubj:pass,Nom,Masc,Sing,Anim,-0.1087439425466675,NONE
внутренних,ADJ,,amod,Gen,,Plur,,-0.0734501570134501,NONE
дел,NOUN,,nmod,Gen,Neut,Plur,Inan,-0.2846990158472025,NONE
Туниса,PROPN,,nmod,Gen,Masc,Sing,Inan,0.3564010049104315,LOC
Хишам,PROPN,,appos,Nom,Masc,Sing,Anim,0.0525645896852124,PER
Машиши,PROPN,,flat:name,Nom,Masc,Sing,Anim,0.228875010756434,PER
был,AUX,,aux:pass,,Masc,Sing,,-0.090841940718861,NONE
назначен,VERB,,root,,Masc,Sing,,-0.1231192259999475,NONE
для,ADP,,case,,,,,6.714931513844845,NONE
формирования,NOUN,,obl,Gen,Neut,Sing,Inan,-0.2330817205316237,NONE
нового,ADJ,,amod,Gen,Neut,Sing,,-0.01808338554469,NONE
правительства,NOUN,,nmod,Gen,Neut,Sing,Inan,-0.0530706610904226,NONE
",",PUNCT,,punct,,,,,-0.2280672603723511,NONE
сообщила,VERB,,parataxis,,Fem,Sing,,0.170557044674899,NONE
администрация,NOUN,,nsubj,Nom,Fem,Sing,Inan,0.0438041653553263,NONE
президента,NOUN,,nmod,Gen,Masc,Sing,Anim,0.0152018802046799,NONE
",",PUNCT,,punct,,,,,0.2961901442602954,NONE
на,ADP,,case,,,,,0.2423471507443233,NONE
фоне,NOUN,,obl,Loc,Masc,Sing,Inan,0.0388603426934473,NONE
политической,ADJ,,amod,Gen,Fem,Sing,,-0.1163047525160258,NONE
напряженности,NOUN,,nmod,Gen,Fem,Sing,Inan,0.0661646252171645,NONE
между,ADP,,case,,,,,-0.0970653074702112,NONE
основными,ADJ,,amod,Ins,,Plur,,-0.0088483067952495,NONE
партиями,NOUN,,nmod,Ins,Fem,Plur,Inan,0.3115895564422347,NONE
североафриканского,ADJ,,amod,Gen,Neut,Sing,,0.2824176566617246,NONE
государства,NOUN,,nmod,Gen,Neut,Sing,Inan,-0.0884616568442927,NONE
.,PUNCT,,punct,,,,,0.1385685220643249,NONE
Я,PRON,,nsubj,Nom,,Sing,,0.3017794105863266,NONE
поделюсь,VERB,,root,,,Sing,,-0.1393134661327627,NONE
парой,NOUN,,obl,Ins,Fem,Sing,Inan,0.0517665065290102,NONE
действий,NOUN,,nmod,Gen,Neut,Plur,Inan,0.0737859636310623,NONE
",",PUNCT,,punct,,,,,0.1545860364775253,NONE
которые,PRON,,obj,Acc,,,,0.4521711847043085,NONE
следует,VERB,,acl:relcl,,,Sing,,-0.1477126610005869,NONE
выполнить,VERB,,csubj,,,,,-0.1122364532664223,NONE
на,ADP,,case,,,,,-0.0198011348548596,NONE
своем,DET,,det,Loc,Neut,Sing,,0.2511121252485956,NONE
устройстве,NOUN,,obl,Loc,Neut,Sing,Inan,0.0967193176130491,NONE
",",PUNCT,,punct,,,,,0.2551224574383317,NONE
хорошо,ADJ,,conj,,Neut,Sing,,0.4875009221828081,NONE
?,PUNCT,,punct,,,,,-0.0368015124003579,NONE
По,ADP,,case,,,,,-0.1391828019981319,NONE
словам,NOUN,,parataxis,Dat,Neut,Plur,Inan,-0.0254490394454657,NONE
Боуэна,PROPN,,nmod,Gen,Masc,Sing,Anim,0.6113560544340244,PER
",",PUNCT,,punct,,,,,0.0389865748891601,NONE
машину,NOUN,,obj,Acc,Fem,Sing,Inan,0.1010335822275274,NONE
нашел,VERB,,root,,Masc,Sing,,-0.1503225364461884,NONE
свидетель,NOUN,,nsubj,Nom,Masc,Sing,Anim,0.0578640324734202,NONE
",",PUNCT,,punct,,,,,0.096709817914605,NONE
который,PRON,,nsubj,Nom,,,,0.1226192445229372,NONE
ловил,VERB,,acl:relcl,,Masc,Sing,,-0.1112888447434028,NONE
рыбу,NOUN,,obj,Acc,Fem,Sing,Anim,0.273894651338586,NONE
в,ADP,,case,,,,,0.1345691194808576,NONE
этом,DET,,det,Loc,Masc,Sing,,0.0569371579952716,NONE
районе,NOUN,,obl,Loc,Masc,Sing,Inan,0.0829772022548674,NONE
.,PUNCT,,punct,,,,,0.2325493817617387,NONE
Даже,PART,,advmod,,,,,0.6029033943880219,NONE
если,SCONJ,,mark,,,,,0.0770083544931206,NONE
бы,AUX,,aux,,,,,0.0066201092030463,NONE
наши,DET,,det,Nom,,Plur,,-0.0381691731516926,NONE
спецслужбы,NOUN,,nsubj,Nom,Fem,Plur,Inan,0.0049114011965958,NONE
были,AUX,,cop,,,Plur,,-0.0501617185249974,NONE
лучшими,ADJ,,advcl,Ins,,Plur,,-0.0467786746669046,NONE
в,ADP,,case,,,,,-0.190883360422801,NONE
мире,NOUN,,nmod,Loc,Masc,Sing,Inan,-0.0507220094742217,NONE
",",PUNCT,,punct,,,,,-0.1757269745959248,NONE
недопустимо,ADJ,,root,,Neut,Sing,,0.0866836800390266,NONE
наделять,VERB,,csubj,,,,,-0.011265111273812,NONE
их,DET,,det,,,,,0.0650937086923522,NONE
правом,NOUN,,obl,Ins,Neut,Sing,Inan,0.0671603786191401,NONE
в,ADP,,case,,,,,0.2675725264342238,NONE
обязательном,ADJ,,amod,Loc,Masc,Sing,,0.0702046396424369,NONE
порядке,NOUN,,obl,Loc,Masc,Sing,Inan,-0.0061295163572527,NONE
допрашивать,VERB,,obl,,,,,0.0718138420384635,NONE
любого,DET,,obj,Acc,Masc,Sing,,-0.036303528840977,NONE
по,ADP,,case,,,,,-0.0753196419565556,NONE
поводу,NOUN,,fixed,Dat,Masc,Sing,Inan,0.0104877887702095,NONE
информации,NOUN,,obl,Gen,Fem,Sing,Inan,0.0397186801740138,NONE
",",PUNCT,,punct,,,,,-0.0505594351952526,NONE
которая,PRON,,nsubj,Nom,,,,-0.0327268262909358,NONE
"""",PUNCT,,punct,,,,,0.0301909378773977,NONE
"""",PUNCT,,punct,,,,,0.0520199283480061,NONE
наносит,VERB,,acl:relcl,,,Sing,,0.0498852710965595,NONE
ущерб,NOUN,,obj,Acc,Masc,Sing,Inan,-0.0073276683334167,NONE
экономическим,ADJ,,amod,Dat,,Plur,,0.109806818896627,NONE
отношениям,NOUN,,iobj,Dat,Neut,Plur,Inan,0.0952040166222269,NONE
Австралии,PROPN,,nmod,Gen,Fem,Sing,Inan,-0.0283283376269539,LOC
с,ADP,,case,,,,,0.033082699425437,NONE
другим,ADJ,,amod,Ins,Neut,Sing,,-0.0107995742759033,NONE
государством,NOUN,,nmod,Ins,Neut,Sing,Inan,0.1007454307169493,NONE
"""",PUNCT,,punct,,,,,-0.0097697640431091,NONE
"""",PUNCT,,punct,,,,,-0.0302056243164636,NONE
",",PUNCT,,punct,,,,,-0.2150900193381567,NONE
или,CCONJ,,cc,,,,,-0.0300412122719472,NONE
по,ADP,,case,,,,,-0.098774501645717,NONE
поводу,NOUN,,fixed,Dat,Masc,Sing,Inan,-0.0258700169987701,NONE
деятельности,NOUN,,conj,Gen,Fem,Sing,Inan,-0.0748113389483114,NONE
",",PUNCT,,punct,,,,,-0.0868693472997168,NONE
которая,PRON,,nsubj,Nom,,,,0.0143238594320942,NONE
"""",PUNCT,,punct,,,,,-0.0091726658908577,NONE
"""",PUNCT,,punct,,,,,0.0148820392967223,NONE
наносит,VERB,,acl:relcl,,,Sing,,0.0904031342938182,NONE
ущерб,NOUN,,obj,Acc,Masc,Sing,Inan,-0.0064609910259458,NONE
интересам,NOUN,,iobj,Dat,Masc,Plur,Inan,0.1295444340724181,NONE
Австралии,PROPN,,nmod,Gen,Fem,Sing,Inan,0.0280212771955991,LOC
"""",PUNCT,,punct,,,,,0.0157187783724648,NONE
"""",PUNCT,,punct,,,,,-0.0072236268084268,NONE
.,PUNCT,,punct,,,,,-0.0118822449855657,NONE
"""",PUNCT,,root,,,,,0.2261352151885389,NONE
Они,PRON,,nsubj,Nom,,Plur,,0.662823989598363,NONE
отклонили,VERB,,root,,,Plur,,0.037888291960182,NONE
опровержение,NOUN,,obj,Acc,Neut,Sing,Inan,-0.0388639038995029,NONE
и,CCONJ,,cc,,,,,-0.1159071893835758,NONE
потребовали,VERB,,conj,,,Plur,,0.3435504092401147,NONE
немедленно,ADV,,advmod,,,,,0.1217350833086592,NONE
заплатить,VERB,,xcomp,,,,,0.1136990385053256,NONE
за,ADP,,case,,,,,0.0570957573164175,NONE
ущерб,NOUN,,obl,Acc,Masc,Sing,Inan,0.1768184465641709,NONE
.,PUNCT,,punct,,,,,0.3496018916532569,NONE
Вы,PRON,,nsubj,Nom,,Plur,,0.6751080009688796,NONE
все,PART,,advmod,,,,,0.1087391438336573,NONE
еще,ADV,,advmod,,,,,-0.3403955097135737,NONE
работаете,VERB,,root,,,Plur,,0.2567788559581045,NONE
вместе,ADV,,advmod,,,,,-0.1503733333642047,NONE
?,PUNCT,,punct,,,,,-0.5230428423680931,NONE
В,ADP,,advmod,,,,,0.0343516102816506,NONE
конце,NOUN,,fixed,Loc,Masc,Sing,Inan,0.1290509097061914,NONE
концов,NOUN,,fixed,Gen,Masc,Plur,Inan,-0.0539085953619908,NONE
им,PRON,,iobj,Dat,,Plur,,-0.0255601952864089,NONE
это,PRON,,nsubj,Nom,Neut,Sing,Inan,-0.0170336602097845,NONE
не,PART,,advmod,,,,,-0.0729297725553096,NONE
удалось,VERB,,root,,Neut,Sing,,-0.0046365405740995,NONE
",",PUNCT,,punct,,,,,0.2153334154571324,NONE
и,CCONJ,,cc,,,,,0.0079945209339603,NONE
исполняющий,VERB,,nsubj,Nom,Masc,Sing,,0.1477611991045181,NONE
обязанности,NOUN,,obj,Acc,Fem,Plur,Inan,-0.0549777418087877,NONE
главного,ADJ,,amod,Gen,Masc,Sing,,0.0181164938045833,NONE
тренера,NOUN,,nmod,Gen,Masc,Sing,Anim,0.1416851499176957,NONE
Хэйден,PROPN,,nsubj,Nom,Masc,Sing,Anim,0.2854114147651542,PER
Маллинс,PROPN,,flat:name,Nom,Masc,Sing,Anim,0.3010101930319366,PER
",",PUNCT,,punct,,,,,0.4115392227263955,NONE
вероятно,ADV,,parataxis,,,,,0.0780438376893506,NONE
",",PUNCT,,punct,,,,,0.2942710755817847,NONE
подумал,VERB,,conj,,Masc,Sing,,-0.0070739752921448,NONE
",",PUNCT,,punct,,,,,0.2298422897842661,NONE
что,SCONJ,,mark,,,,,0.0882353508304726,NONE
он,PRON,,nsubj,Nom,Masc,Sing,,0.0139290544981525,NONE
никогда,ADV,,advmod,,,,,-0.0542956883228612,NONE
не,PART,,advmod,,,,,-0.0286959199620087,NONE
получил,VERB,,ccomp,,Masc,Sing,,0.015214509078618,NONE
бы,AUX,,aux,,,,,0.0097968654550229,NONE
этой,DET,,det,Gen,Fem,Sing,,-0.0235778964013998,NONE
неблагодарнейшей,ADJ,,obl,Gen,Fem,Sing,,0.1326977298674192,NONE
из,ADP,,case,,,,,-0.0286744177288584,NONE
задач,NOUN,,nmod,Gen,Fem,Plur,Inan,0.092719742327888,NONE
",",PUNCT,,punct,,,,,0.1685834570301607,NONE
если,SCONJ,,mark,,,,,0.0658957826347282,NONE
бы,AUX,,aux,,,,,0.0664431890014008,NONE
команда,NOUN,,nsubj,Nom,Fem,Sing,Inan,-0.0094242285425816,NONE
приложила,VERB,,advcl,,Fem,Sing,,0.0070779055411982,NONE
столько,ADV,,advmod,,,,,-0.0242304435541294,NONE
же,PART,,advmod,,,,,-0.0777937540201349,NONE
усилий,NOUN,,obl,Gen,Neut,Plur,Inan,0.0054422069438532,NONE
пораньше,ADV,,advmod,,,,,0.3675401772262081,NONE
.,PUNCT,,punct,,,,,0.0209468737698353,NONE
Если,SCONJ,,mark,,,,,0.1670600964049497,NONE
у,ADP,,case,,,,,-0.0343613827309127,NONE
вас,PRON,,obl,Gen,,Plur,,-0.0391266088593477,NONE
есть,VERB,,advcl,,,Sing,,-0.0617869793173251,NONE
вопрос,NOUN,,nsubj,Nom,Masc,Sing,Inan,0.0777545102784254,NONE
или,CCONJ,,cc,,,,,-0.0513173336288209,NONE
проблема,NOUN,,conj,Nom,Fem,Sing,Inan,-0.1203577243654521,NONE
",",PUNCT,,punct,,,,,0.2378317197573817,NONE
не,PART,,advmod,,,,,0.1324515398936467,NONE
стесняйтесь,VERB,,root,,,Plur,,0.0167440338179067,NONE
обращаться,VERB,,xcomp,,,,,0.0309836188523475,NONE
к,ADP,,case,,,,,0.0328017387172576,NONE
нам,PRON,,obl,Dat,,Plur,,-0.0673148208800697,NONE
через,ADP,,case,,,,,-0.0535696410001767,NONE
систему,NOUN,,obl,Acc,Fem,Sing,Inan,0.0427884694141654,NONE
сообщений,NOUN,,nmod,Gen,Neut,Plur,Inan,0.0012107463372165,NONE
eBay,PROPN,,flat:foreign,,,,,0.0441631764794409,ORG
или,CCONJ,,cc,,,,,-0.1665880506689805,NONE
нажмите,VERB,,conj,,,Plur,,-0.0476156620202563,NONE
вкладку,NOUN,,obj,Acc,Fem,Sing,Inan,-0.0997929853703212,NONE
«Спросить,VERB,,obl,,,,,-0.019664686824959,NONE
продавца»,NOUN,,obj,Acc,Masc,Plur,Anim,0.0138253156451008,NONE
под,ADP,,case,,,,,0.04487952741271,NONE
каждым,DET,,det,Ins,Masc,Sing,,0.071568544795898,NONE
списком,NOUN,,obl,Ins,Masc,Sing,Inan,0.0275235690086244,NONE
.,PUNCT,,punct,,,,,0.7039943837874377,NONE
Если,SCONJ,,mark,,,,,-0.0355545866081538,NONE
вы,PRON,,nsubj,Nom,,Plur,,0.2482891788017445,NONE
по,ADP,,case,,,,,-0.1739735232047931,NONE
какой-либо,DET,,det,Dat,Fem,Sing,,0.0876379722038966,NONE
причине,NOUN,,obl,Dat,Fem,Sing,Inan,-0.2193967069604928,NONE
недовольны,ADJ,,advcl,,,Plur,,0.3222738725060299,NONE
",",PUNCT,,punct,,,,,0.0895950230600008,NONE
пожалуйста,ADV,,parataxis,,,,,-0.0224760936544902,NONE
",",PUNCT,,punct,,,,,0.0074464409707483,NONE
не,PART,,advmod,,,,,0.1237407510775214,NONE
оставляйте,VERB,,root,,,Plur,,-0.0985339213677848,NONE
средний,ADJ,,amod,Acc,Masc,Sing,Inan,-0.1235079326270363,NONE
или,CCONJ,,cc,,,,,-0.0206801852458059,NONE
отрицательный,ADJ,,conj,Acc,Masc,Sing,Inan,-0.069664728207084,NONE
отзыв,NOUN,,obj,Acc,Masc,Sing,Inan,-0.0490467847202112,NONE
.,PUNCT,,punct,,,,,-0.0261405077566925,NONE
Определенно,ADV,,advmod,,,,,0.1760235345177098,NONE
никакого,DET,,det,Gen,Neut,Sing,,0.1799855853456036,NONE
стремления,NOUN,,root,Gen,Neut,Sing,Inan,0.1011815969980152,NONE
помочь,VERB,,obl,,,,,0.0618889719814232,NONE
или,CCONJ,,cc,,,,,0.0847588772720653,NONE
сделать,VERB,,conj,,,,,-0.0172963715118428,NONE
мне,PRON,,iobj,Dat,,Sing,,-0.0833062883839388,NONE
комплимент,NOUN,,obj,Acc,Masc,Sing,Inan,0.1821971426164385,NONE
.,PUNCT,,punct,,,,,0.5719361689332049,NONE
Желаю,VERB,,root,,,Sing,,0.0130938516972958,NONE
Вам,PRON,,iobj,Dat,,Plur,,-0.0514869321353027,NONE
прекрасного,ADJ,,amod,Gen,Masc,Sing,,0.0208111072050987,NONE
дня,NOUN,,obl,Gen,Masc,Sing,Inan,-0.1998309615779855,NONE
.,PUNCT,,punct,,,,,0.760461901344392,NONE
