word,upos,xpos,deprel,case,gender,number,animacy,score,ner
Я,PRON,,nsubj,Nom,,Sing,,-0.0176151215414693,NONE
собираюсь,VERB,,root,,,Sing,,0.4185084313223985,NONE
удалить,VERB,,xcomp,,,,,0.1349419148956079,NONE
и,CCONJ,,cc,,,,,-0.2433000389102439,NONE
повторно,ADV,,advmod,,,,,-0.0449175687474737,NONE
добавить,VERB,,conj,,,,,-0.03865993434789,NONE
книгу,NOUN,,obj,Acc,Fem,Sing,Inan,-0.0816640890660356,NONE
",",PUNCT,,punct,,,,,0.0638104499709764,NONE
после,ADP,,case,,,,,0.0412840498373333,NONE
чего,PRON,,obl,Gen,,,,-0.0584288809771005,NONE
Вам,PRON,,iobj,Dat,,Plur,,-0.0541513855575993,NONE
нужно,ADJ,,parataxis,,Neut,Sing,,-0.1849320636805083,NONE
будет,AUX,,cop,,,Sing,,-0.0908235083464306,NONE
выполнить,VERB,,csubj,,,,,-0.0115176473537957,NONE
2,NUM,,nummod,,,,,-0.1140223051893843,NONE
процедуры,NOUN,,obl,Gen,Fem,Sing,Inan,-0.1339977666355183,NONE
для,ADP,,case,,,,,0.0765482493598344,NONE
устранения,NOUN,,nmod,Gen,Neut,Sing,Inan,0.0864566117113189,NONE
неполадок,NOUN,,nmod,Gen,Fem,Plur,Inan,-0.0418971017765308,NONE
в,ADP,,case,,,,,0.2428160203768401,NONE
приложении,NOUN,,nmod,Loc,Neut,Sing,Inan,0.0747424158045888,NONE
ORG,PROPN,,flat:foreign,,,,,0.1132071250302562,NONE
#,PUNCT,,punct,,,,,0.2409846449432519,NONE
",",PUNCT,,punct,,,,,-0.0624615542205674,NONE
чтобы,SCONJ,,mark,,,,,-0.1479578764487852,NONE
проверить,VERB,,advcl,,,,,-0.0057005654336136,NONE
",",PUNCT,,punct,,,,,-0.0546247884039638,NONE
решит,VERB,,ccomp,,,Sing,,-0.0221414392432989,NONE
ли,PART,,advmod,,,,,0.1689173596916887,NONE
это,PRON,,nsubj,Nom,Neut,Sing,Inan,-0.0112134825257792,NONE
проблему,NOUN,,obj,Acc,Fem,Sing,Inan,0.0530425367746508,NONE
.,PUNCT,,punct,,,,,-0.311824562018254,NONE
У,ADP,,case,,,,,-0.360260749942459,NONE
меня,PRON,,obl,Gen,,Sing,,-0.1568658907652822,NONE
был,VERB,,root,,Masc,Sing,,0.0286757860778624,NONE
общий,ADJ,,amod,Nom,Masc,Sing,,-0.0319707791316608,NONE
забор,NOUN,,nsubj,Nom,Masc,Sing,Inan,0.1539685782224902,NONE
с,ADP,,case,,,,,-0.0753581419922946,NONE
этими,DET,,det,Ins,,Plur,,-0.1169009930530977,NONE
соседями,NOUN,,nmod,Ins,Masc,Plur,Anim,0.1873177520186299,NONE
.,PUNCT,,punct,,,,,0.5991978231598546,NONE
Его,PRON,,obj,Acc,Masc,Sing,,-0.1118286039666393,NONE
могли,VERB,,root,,,Plur,,-0.0549495218710225,NONE
потерять,VERB,,xcomp,,,,,0.6216389166361579,NONE
?,PUNCT,,punct,,,,,0.7726649588929025,NONE
Они,PRON,,nsubj,Nom,,Plur,,-0.469907102025705,NONE
это,PRON,,obj,Acc,Neut,Sing,Inan,0.0517919434536269,NONE
твердили,VERB,,root,,,Plur,,0.1371171186329839,NONE
с,ADP,,case,,,,,-0.0759928246629954,NONE
момента,NOUN,,obl,Gen,Masc,Sing,Inan,-0.0027244532747939,NONE
его,DET,,det,,,,,0.1782678751511204,NONE
смерти,NOUN,,nmod,Gen,Fem,Sing,Inan,0.0675716283735707,NONE
.,PUNCT,,punct,,,,,0.6016480337936063,NONE
Саут-Лейк-Тахо,PROPN,,root,Nom,Masc,Sing,Inan,0.0189994478427005,LOC
",",PUNCT,,punct,,,,,0.4010992148922229,NONE
Калифорния,PROPN,,conj,Nom,Fem,Sing,Inan,0.0350158344289759,LOC
-,PUNCT,,punct,,,,,0.3641126764026379,NONE
Несмотря,ADV,,case,,,,,-0.0414662217121747,NONE
на,ADP,,fixed,,,,,-0.0138319343397545,NONE
пандемию,NOUN,,obl,Acc,Fem,Sing,Inan,-0.002639018874961,NONE
даже,PART,,advmod,,,,,-0.4497634898926673,NONE
в,ADP,,case,,,,,0.1347702156650914,NONE
будний,ADJ,,amod,Acc,Masc,Sing,Inan,0.0157000004539567,NONE
день,NOUN,,obl,Acc,Masc,Sing,Inan,0.1486818655030556,NONE
люди,NOUN,,nsubj,Nom,Masc,Plur,Anim,-0.0430624745282044,NONE
все,PRON,,advmod,Nom,Neut,Sing,Inan,-0.0147851458069819,NONE
равно,ADJ,,fixed,,Neut,Sing,,-0.0702318319866941,NONE
наполняют,VERB,,parataxis,,,Plur,,0.0386001193400192,NONE
Поуп-Бич,PROPN,,obj,Acc,Masc,Sing,Inan,0.3040783658762198,LOC
на,ADP,,case,,,,,0.0609948092559658,NONE
озере,NOUN,,obl,Loc,Neut,Sing,Inan,0.085766425624338,NONE
Тахо,PROPN,,appos,Nom,Masc,Sing,Inan,0.0413731407240105,LOC
.,PUNCT,,punct,,,,,0.153903704232986,NONE
Это,DET,,det,Nom,Neut,Sing,,0.1201154203395956,NONE
изменение,NOUN,,nsubj,Nom,Neut,Sing,Inan,-0.0619010953872752,NONE
пришло,VERB,,root,,Neut,Sing,,0.1948452071722828,NONE
с,ADP,,case,,,,,-0.1105662409900267,NONE
обеих,NUM,,nummod,Gen,Fem,,,0.0345945240963597,NONE
сторон,NOUN,,obl,Gen,Fem,Plur,Inan,0.3435248883332811,NONE
и,CCONJ,,cc,,,,,0.0611617662061741,NONE
произошло,VERB,,conj,,Neut,Sing,,0.0124706723326984,NONE
до,ADP,,case,,,,,-0.561966556038984,NONE
прихода,NOUN,,obl,Gen,Masc,Sing,Inan,0.0151879478822342,NONE
Макинани,PROPN,,nmod,Gen,Masc,Sing,Anim,-0.0143650228369344,PER
.,PUNCT,,punct,,,,,0.6673195019762559,NONE
Отслеживайте,VERB,,root,,,Plur,,0.1262427757377058,PER
число,NOUN,,obj,Acc,Neut,Sing,Inan,0.1195541099062735,NONE
просмотров,NOUN,,nmod,Gen,Masc,Plur,Inan,0.0237607385339099,NONE
страницы,NOUN,,nmod,Gen,Fem,Sing,Inan,0.018085038724422,NONE
с,ADP,,case,,,,,0.0069094739594417,NONE
помощью,NOUN,,fixed,Ins,Fem,Sing,Inan,0.0022852122426386,NONE
БЕСПЛАТНОГО,ADJ,,amod,Gen,Masc,Sing,,0.1520452142362959,NONE
счетчика,NOUN,,obl,Gen,Masc,Sing,Inan,0.0873324970265559,NONE
для,ADP,,case,,,,,0.0921156044622186,NONE
веб-сайтов,NOUN,,nmod,Gen,Masc,Plur,Inan,0.014366552952313,NONE
Auctiva,PROPN,,flat:foreign,,,,,0.013273162846615,ORG
Могу,VERB,,root,,,Sing,,-0.3538741954964668,NONE
я,PRON,,nsubj,Nom,,Sing,,-0.0062707110938048,NONE
узнать,VERB,,xcomp,,,,,0.4807305777629961,NONE
",",PUNCT,,punct,,,,,0.202127952407299,NONE
вы,PRON,,nsubj,Nom,,Plur,,-0.2456385950222342,NONE
все,PART,,advmod,,,,,-0.1209082387944348,NONE
еще,ADV,,advmod,,,,,0.1514755504555464,NONE
будете,AUX,,aux,,,Plur,,-0.2861812375233636,NONE
ждать,VERB,,ccomp,,,,,-0.3718905838493197,NONE
заказ,NOUN,,obj,Acc,Masc,Sing,Inan,0.2121174487188967,NONE
?,PUNCT,,punct,,,,,0.4288541023660856,NONE
Если,SCONJ,,mark,,,,,0.0195572871144544,NONE
соответствие,NOUN,,nsubj,Nom,Neut,Sing,Inan,-0.0738639702953586,NONE
между,ADP,,case,,,,,0.0341110895471332,NONE
фирмами,NOUN,,nmod,Ins,Fem,Plur,Inan,0.0437201053279641,NONE
и,CCONJ,,cc,,,,,0.0406700239862948,NONE
сотрудниками,NOUN,,conj,Ins,Masc,Plur,Anim,0.0392708497614781,NONE
остается,VERB,,advcl,,,Sing,,-0.0045616735058585,NONE
нетронутым,ADJ,,obl,Ins,Neut,Sing,,0.1234529385564644,NONE
",",PUNCT,,punct,,,,,0.0069379282316686,NONE
экономика,NOUN,,nsubj:pass,Nom,Fem,Sing,Inan,0.1252267985630881,NONE
лучше,ADV,,advmod,,,,,0.0782572849253354,NONE
подготовлена,VERB,,root,,Fem,Sing,,0.9026589037239816,NONE
к,ADP,,case,,,,,-0.034852727337224,NONE
быстрому,ADJ,,amod,Dat,Neut,Sing,,0.0711493674584448,NONE
восстановлению,NOUN,,obl,Dat,Neut,Sing,Inan,0.1470729601906229,NONE
.,PUNCT,,punct,,,,,0.0826613723993138,NONE
Да,PART,,parataxis,,,,,-0.0800374083257273,NONE
",",PUNCT,,punct,,,,,0.0596548436731849,NONE
до,ADP,,case,,,,,0.0025163404001697,NONE
восьми,NUM,,root,Gen,,,,0.0420858291466477,NONE
утра,NOUN,,nmod,Gen,Neut,Sing,Inan,0.0223901382057292,NONE
",",PUNCT,,punct,,,,,0.1497211880703647,NONE
пока,SCONJ,,mark,,,,,-0.0198129201519244,NONE
двое,NUM,,nummod:gov,Nom,,,,0.0874604859896559,NONE
или,CCONJ,,cc,,,,,0.0037130603903753,NONE
трое,NUM,,conj,Nom,,,,0.0423784066235736,NONE
сыновей,NOUN,,nsubj,Gen,Masc,Plur,Anim,0.1166952999081868,NONE
не,PART,,advmod,,,,,0.0125856376755474,NONE
забарабанят,VERB,,advcl,,,Plur,,0.2314743358909852,NONE
в,ADP,,case,,,,,0.1100932513960222,NONE
дверь,NOUN,,obl,Acc,Fem,Sing,Inan,0.1557434040740721,NONE
",",PUNCT,,punct,,,,,0.2592460502277726,NONE
требуя,VERB,,advcl,,,,,0.1044053225869668,NONE
завтрака,NOUN,,obl,Gen,Masc,Sing,Inan,-0.0180806113064141,NONE
.,PUNCT,,punct,,,,,-0.1958166692712038,NONE
Теперь,ADV,,advmod,,,,,-0.5734186925705971,NONE
служители,NOUN,,nsubj,Nom,Masc,Plur,Anim,-0.110985306450418,NONE
опасаются,VERB,,root,,,Plur,,0.0638637899709658,NONE
",",PUNCT,,punct,,,,,0.0207214558028052,NONE
что,SCONJ,,mark,,,,,-0.2683267849719704,NONE
посетили,VERB,,ccomp,,,Plur,,0.0417051990820697,NONE
«ради,ADP,,case,,,,,-0.0599878841870257,NONE
смеха»,NOUN,,obl,Gen,Fem,Plur,Inan,0.0397495383995083,NONE
дают,VERB,,ccomp,,,Plur,,0.0430293039656001,NONE
им,PRON,,iobj,Dat,,Plur,,-0.0475079467832136,NONE
смертельно,ADV,,obl,,,,,0.1364395435435567,NONE
опасные,ADJ,,amod,Acc,,Plur,Inan,0.1083248929545704,NONE
предметы,NOUN,,obj,Acc,Masc,Plur,Inan,0.0331148981762607,NONE
",",PUNCT,,punct,,,,,-0.0734292920776837,NONE
подстрекая,VERB,,advcl,,,,,0.1674939361062131,NONE
к,ADP,,case,,,,,-0.0007024135467179,NONE
нападениям,NOUN,,obl,Dat,Neut,Plur,Inan,0.1222716932969973,NONE
.,PUNCT,,punct,,,,,0.0065275923561636,NONE
Они,PRON,,nsubj,Nom,,Plur,,-0.0735428580400317,NONE
также,ADV,,advmod,,,,,-0.2063698978494364,NONE
видели,VERB,,root,,,Plur,,0.0474998305134332,NONE
",",PUNCT,,punct,,,,,-0.0245759610525339,NONE
как,SCONJ,,mark,,,,,-0.0408785711973596,NONE
обезьяны,NOUN,,nsubj,Nom,Fem,Plur,Anim,0.1313137709653009,NONE
сами,ADJ,,obl,Nom,,Plur,,-0.0202269132256045,NONE
роются,VERB,,ccomp,,,Plur,,0.1036193407334629,NONE
в,ADP,,case,,,,,0.0473814473771917,NONE
ящиках,NOUN,,obl,Loc,Masc,Plur,Inan,0.1408743498504481,NONE
с,ADP,,case,,,,,0.0671260154145542,NONE
инструментами,NOUN,,nmod,Ins,Masc,Plur,Inan,0.0377438921931478,NONE
.,PUNCT,,punct,,,,,-0.4901159764149459,NONE
Вместо,ADP,,case,,,,,0.0100470850573838,NONE
того,PRON,,obl,Gen,Neut,Sing,Inan,-0.1055516218150814,NONE
",",PUNCT,,punct,,,,,0.0935669087803018,NONE
чтобы,SCONJ,,mark,,,,,-0.0979713624472432,NONE
пойти,VERB,,advcl,,,,,-0.0763606552126135,NONE
туда,ADV,,advmod,,,,,-0.0462846170213773,NONE
",",PUNCT,,punct,,,,,-0.0014435540246659,NONE
экипаж,NOUN,,nsubj,Nom,Masc,Sing,Inan,0.0018277502961975,NONE
мостика,NOUN,,nmod,Gen,Masc,Sing,Inan,0.513200295478054,NONE
спускался,VERB,,root,,Masc,Sing,,0.108671460724154,NONE
на,ADP,,case,,,,,0.1366341193845509,NONE
турболифте,NOUN,,obl,Loc,Masc,Sing,Inan,0.3739870320007009,NONE
прямо,ADV,,obl,,,,,0.0193955855959524,NONE
на,ADP,,case,,,,,0.0389195905682432,NONE
палубу,NOUN,,obl,Acc,Fem,Sing,Inan,0.4108260775640667,NONE
13,NUM,,nummod:entity,,,,,0.1762254573418852,NONE
.,PUNCT,,punct,,,,,0.0575764785472196,NONE
Помимо,ADP,,case,,,,,0.358633209820747,NONE
министра,NOUN,,obl,Gen,Masc,Sing,Anim,0.1989809244864118,NONE
внутренних,ADJ,,amod,Gen,,Plur,,0.1737369115391081,NONE
дел,NOUN,,nmod,Gen,Neut,Plur,Inan,0.1478756276582662,NONE
в,ADP,,case,,,,,-0.1136119233586321,NONE
уходящем,VERB,,amod,Loc,Neut,Sing,,0.0290041774769738,NONE
правительстве,NOUN,,nmod,Loc,Neut,Sing,Inan,0.2655332524340076,NONE
",",PUNCT,,punct,,,,,-0.2603826251716412,NONE
Машиш,PROPN,,nsubj,Nom,Masc,Sing,Anim,0.0982810395572662,PER
является,VERB,,root,,,Sing,,-0.3116778916745918,NONE
советников,NOUN,,obl,Ins,Masc,Plur,Anim,0.2864874068816183,NONE
президента,NOUN,,nmod,Gen,Masc,Sing,Anim,0.0337209061503421,NONE
Саида,PROPN,,nmod,Gen,Masc,Sing,Inan,0.1322923152349503,PER
по,ADP,,case,,,,,0.1784122176399351,NONE
юридическим,ADJ,,amod,Dat,,Plur,,0.056652457857727,NONE
вопросам,NOUN,,nmod,Dat,Masc,Plur,Inan,0.2408247755907029,NONE
.,PUNCT,,punct,,,,,0.462966495583426,NONE
Бывший,ADJ,,amod,Nom,Masc,Sing,,0.2144279995650977,NONE
премьер-министр,NOUN,,nsubj,Nom,Masc,Sing,Anim,0.0108610604529816,NONE
Дигвиджайа,PROPN,,appos,Nom,Masc,Sing,Anim,0.0517299192250974,PER
Сингх,PROPN,,flat:name,Nom,Masc,Sing,Anim,0.0205957964591302,PER
предложил,VERB,,root,,Masc,Sing,,-0.22551956930677,NONE
финансовую,ADJ,,amod,Acc,Fem,Sing,,0.0445753510605683,NONE
поддержку,NOUN,,obj,Acc,Fem,Sing,Inan,-0.1710012225725182,NONE
и,CCONJ,,cc,,,,,-0.1385815844320967,NONE
помощь,NOUN,,conj,Acc,Fem,Sing,Inan,-0.0118837211991065,NONE
в,ADP,,case,,,,,-0.1679002996130193,NONE
поступлении,NOUN,,nmod,Loc,Neut,Sing,Inan,-0.076332617852766,NONE
детей,NOUN,,nmod,Gen,Masc,Plur,Anim,0.0525839643311202,NONE
в,ADP,,case,,,,,0.0332809896474426,NONE
колледж,NOUN,,nmod,Acc,Masc,Sing,Inan,-0.0406074265176945,NONE
.,PUNCT,,punct,,,,,0.1058417539012414,NONE
Рамеш,PROPN,,nsubj,Nom,Masc,Sing,Anim,-0.0007817463681539,PER
Мендола,PROPN,,appos,Nom,Masc,Sing,Anim,0.0279993971512058,PER
",",PUNCT,,punct,,,,,0.1109809877454381,NONE
член,NOUN,,appos,Nom,Masc,Sing,Anim,-0.1392892014137064,NONE
Законодательного,ADJ,,amod,Gen,Neut,Sing,,0.1916210116095019,ORG
собрания,NOUN,,nmod,Gen,Neut,Sing,Inan,-0.1508190667683949,ORG
от,ADP,,case,,,,,-0.0506924237461173,NONE
Индаура,PROPN,,nmod,Gen,Masc,Sing,Inan,0.0076898524667586,PER
из,ADP,,case,,,,,-0.0199092418439862,NONE
партии,NOUN,,nmod,Gen,Fem,Sing,Inan,0.0798316802455423,NONE
БДП,PROPN,,appos,Nom,Fem,Sing,Inan,0.0233315591368341,ORG
",",PUNCT,,punct,,,,,0.0515474890440724,NONE
пообещал,VERB,,root,,Masc,Sing,,0.0722192299353514,NONE
предоставить,VERB,,xcomp,,,,,-0.1635406619746681,NONE
мальчику,NOUN,,iobj,Dat,Masc,Sing,Anim,0.0648234423122389,NONE
дом,NOUN,,obj,Acc,Masc,Sing,Inan,0.167001866282308,NONE
в,ADP,,case,,,,,-0.152976218950144,NONE
рамках,NOUN,,obl,Loc,Fem,Plur,Inan,-0.2336997541052923,NONE
программы,NOUN,,nmod,Gen,Fem,Sing,Inan,-0.0559665931446828,NONE
Прадхан,PROPN,,nmod,Gen,Masc,Sing,Anim,0.1646693194732515,PER
Мантри,PROPN,,flat:name,Gen,Masc,Sing,Anim,0.01074334660317,PER
Аваас,PROPN,,flat:name,Gen,Masc,Sing,Anim,0.0493944330596657,PER
Йоджана,PROPN,,flat:name,Gen,Masc,Sing,Anim,0.3341168330473433,PER
.,PUNCT,,punct,,,,,-0.1815720048761338,NONE
В,ADP,,advmod,,,,,0.1275309222984812,NONE
настоящее,ADJ,,fixed,Acc,Neut,Sing,Inan,0.4589375490116827,NONE
время,NOUN,,fixed,Acc,Neut,Sing,Inan,0.2018063550282507,NONE
у,ADP,,case,,,,,-0.0771756693756584,NONE
нас,PRON,,obl,Gen,,Plur,,-0.0205161101207457,NONE
нет,VERB,,root,,,Sing,,-0.0223866591616881,NONE
точной,ADJ,,amod,Gen,Fem,Sing,,0.1012404019451256,NONE
информации,NOUN,,nsubj,Gen,Fem,Sing,Inan,-0.2362772139421729,NONE
о,ADP,,case,,,,,0.1106011697708855,NONE
том,PRON,,nmod,Loc,Neut,Sing,Inan,0.0527149185802865,NONE
",",PUNCT,,punct,,,,,0.3680557548944558,NONE
что,PRON,,nsubj,Nom,,,,-0.1511519528680763,NONE
случилось,VERB,,acl,,Neut,Sing,,-0.1583224201291652,NONE
с,ADP,,case,,,,,0.2527363679037568,NONE
водителем,NOUN,,obl,Ins,Masc,Sing,Anim,0.109051566826758,NONE
и,CCONJ,,cc,,,,,-0.1665931251502172,NONE
с,ADP,,case,,,,,0.1891475375426168,NONE
вашим,DET,,det,Ins,Masc,Sing,,0.1511013298871469,NONE
заказом,NOUN,,conj,Ins,Masc,Sing,Inan,0.126616521727471,NONE
.,PUNCT,,punct,,,,,0.4073527919495615,NONE
Урок,NOUN,,nsubj,Nom,Masc,Sing,Inan,0.0035079430847999,NONE
здесь,ADV,,advmod,,,,,-0.1106757193886398,NONE
в,ADP,,case,,,,,-0.0320991915278698,NONE
том,PRON,,root,Loc,Neut,Sing,Inan,0.0643216178899738,NONE
",",PUNCT,,punct,,,,,0.0750080644295154,NONE
что,SCONJ,,mark,,,,,-0.0527968784775647,NONE
если,SCONJ,,mark,,,,,-0.0256074546984583,NONE
нельзя,ADV,,advcl,,,,,-0.261230264761836,NONE
сделать,VERB,,csubj,,,,,-0.2638764355557602,NONE
это,PRON,,obj,Acc,Neut,Sing,Inan,-0.0523954766884569,NONE
на,ADP,,case,,,,,-0.1258877580480765,NONE
Тахо,PROPN,,obl,Acc,Neut,Sing,Inan,0.0752050548903214,LOC
",",PUNCT,,punct,,,,,0.3077414576567346,NONE
то,SCONJ,,mark,,,,,0.0171517025787303,NONE
какая,DET,,det,Nom,Fem,Sing,,0.0005366795238382,NONE
надежда,NOUN,,nsubj,Nom,Fem,Sing,Inan,0.1314407491466924,NONE
остается,VERB,,acl,,,Sing,,0.0601883343630868,NONE
для,ADP,,case,,,,,-0.1460493513748213,NONE
всех,DET,,det,Gen,,Plur,,0.0584745481579618,NONE
тех,DET,,det,Gen,,Plur,,0.0901313369212467,NONE
рек,NOUN,,obl,Gen,Fem,Plur,Inan,0.0804374368382849,NONE
и,CCONJ,,cc,,,,,0.03915827559117,NONE
эстуариев,NOUN,,conj,Gen,Masc,Plur,Inan,0.1004204816975209,NONE
",",PUNCT,,punct,,,,,-0.0813476464334947,NONE
ручьев,NOUN,,conj,Gen,Masc,Plur,Inan,0.1466316479770011,NONE
и,CCONJ,,cc,,,,,0.0090295091548322,NONE
озер,NOUN,,conj,Gen,Neut,Plur,Inan,0.0767566595102298,NONE
по,ADP,,case,,,,,-0.0314146955566232,NONE
всей,DET,,det,Dat,Fem,Sing,,-0.1490497383395213,NONE
стране,NOUN,,nmod,Dat,Fem,Sing,Inan,-0.041363121098771,NONE
",",PUNCT,,punct,,,,,0.1829855363401145,NONE
которые,PRON,,nsubj,Nom,,,,-0.0278971698155443,NONE
никогда,ADV,,advmod,,,,,-0.0093010737852686,NONE
не,PART,,advmod,,,,,-0.3642848482543476,NONE
получат,VERB,,acl:relcl,,,Plur,,0.0375093925253952,NONE
того,DET,,det,Gen,Neut,Sing,,0.1753588759436261,NONE
же,PART,,advmod,,,,,-0.0373121258472627,NONE
внимания,NOUN,,obl,Gen,Neut,Sing,Inan,0.1241286283657483,NONE
и,CCONJ,,cc,,,,,0.0232095027695413,NONE
тех,DET,,det,Gen,,Plur,,0.1870202179559661,NONE
же,PART,,advmod,,,,,0.1047655268333675,NONE
ресурсов,NOUN,,conj,Gen,Masc,Plur,Inan,0.0652919050288057,NONE
?,PUNCT,,punct,,,,,-0.1524044957326142,NONE
-,PUNCT,,punct,,,,,0.216314558890557,NONE
сказал,VERB,,parataxis,,Masc,Sing,,0.1374716906937225,NONE
Шладов,PROPN,,nsubj,Nom,Masc,Sing,Anim,0.183909859160745,PER
.,PUNCT,,punct,,,,,0.0628475265590753,NONE
Но,CCONJ,,cc,,,,,-0.4495528144662871,NONE
некоторые,DET,,det,Nom,,Plur,,0.0373716553158246,NONE
места,NOUN,,nsubj:pass,Nom,Neut,Plur,Inan,0.0499183239988152,NONE
",",PUNCT,,punct,,,,,0.1450169728762444,NONE
в,ADP,,discourse,,,,,0.1031965372713169,NONE
частности,NOUN,,fixed,Loc,Fem,Sing,Inan,-0.0394616837061549,NONE
",",PUNCT,,punct,,,,,0.1980210133820636,NONE
рекламный,ADJ,,amod,Nom,Masc,Sing,,0.1687918739992516,NONE
щит,NOUN,,parataxis,Nom,Masc,Sing,Inan,0.0360572861759523,NONE
oOh!media,X,,flat:foreign,,,,,0.1858647590930642,NONE
размером,NOUN,,nmod,Ins,Masc,Sing,Inan,0.0346229911054249,NONE
40,NUM,,nummod,,,,,-0.0088538753303997,NONE
на,ADP,,case,,,,,0.0249826977477817,NONE
10,NUM,,nummod,,,,,-0.0513142972140985,NONE
метров,NOUN,,nmod,Gen,Masc,Plur,Inan,0.0797597327751634,NONE
в,ADP,,case,,,,,0.1571717678943125,NONE
аэропорту,NOUN,,nmod,Loc,Masc,Sing,Inan,0.0316669465243695,NONE
Сиднея,PROPN,,nmod,Gen,Masc,Sing,Inan,0.4778534005860748,LOC
",",PUNCT,,punct,,,,,0.1771731595989647,NONE
были,AUX,,aux:pass,,,Plur,,0.0573578396341512,NONE
модернизированы,VERB,,root,,,Plur,,0.052424560690678,NONE
.,PUNCT,,punct,,,,,-0.0744795675468014,NONE
Должен,ADJ,,root,,Masc,Sing,,0.169260479476358,NONE
работать,VERB,,xcomp,,,,,-0.1079498733960358,NONE
любой,DET,,det,Nom,Masc,Sing,,-0.5808476047738083,NONE
универсальный,ADJ,,amod,Nom,Masc,Sing,,0.1178372378777435,NONE
кабель,NOUN,,nsubj,Nom,Masc,Sing,Inan,0.4241232359864919,NONE
micro-USB,X,,flat:foreign,,,,,0.1080633851237184,NONE
.,PUNCT,,punct,,,,,0.3776334993352696,NONE
Он,PRON,,nsubj,Nom,Masc,Sing,,-0.0368207249532969,NONE
говорит,VERB,,root,,,Sing,,0.0180624890032298,NONE
",",PUNCT,,punct,,,,,-0.0402011007841324,NONE
что,SCONJ,,mark,,,,,-0.3259145842409908,NONE
референдум,NOUN,,nsubj,Nom,Masc,Sing,Inan,-0.1221045609526449,NONE
был,AUX,,cop,,Masc,Sing,,-0.2663793243691789,NONE
некорректен,ADJ,,ccomp,,Masc,Sing,,0.0820285775543825,NONE
и,CCONJ,,cc,,,,,0.0510041741587626,NONE
поэтому,ADV,,advmod,,,,,-0.1234659859201842,NONE
он,PRON,,nsubj,Nom,Masc,Sing,,0.0964879184551765,NONE
доволен,ADJ,,conj,,Masc,Sing,,-0.0595465448786536,NONE
тем,PRON,,obl,Ins,Neut,Sing,Inan,0.1088677040033893,NONE
",",PUNCT,,punct,,,,,0.0621471922391222,NONE
что,SCONJ,,mark,,,,,-0.2010185977145567,NONE
власть,NOUN,,nsubj,Nom,Fem,Sing,Inan,0.0328065565030887,NONE
снова,ADV,,advmod,,,,,-0.0824678628845936,NONE
в,ADP,,case,,,,,0.1046394354020129,NONE
руках,NOUN,,acl,Loc,Fem,Plur,Inan,-0.0432466368935521,NONE
парламента,NOUN,,nmod,Gen,Masc,Sing,Inan,0.0864765898679417,NONE
",",PUNCT,,punct,,,,,-0.046569918660619,NONE
потому,ADV,,mark,,,,,-0.2461372154159917,NONE
что,SCONJ,,fixed,,,,,-0.0915763542049516,NONE
52,NUM,,nummod,,,,,0.0049835367755688,NONE
процента,NOUN,,nsubj,Gen,Masc,Sing,Inan,0.0340465320890092,NONE
не,PART,,advmod,,,,,0.0222909909121874,NONE
должны,ADJ,,advcl,,,Plur,,-0.0183385203894894,NONE
получить,VERB,,xcomp,,,,,-0.4831262561737454,NONE
100,NUM,,nummod,,,,,-0.2756234527611935,NONE
процентов,NOUN,,obl,Gen,Masc,Plur,Inan,-0.0576957427836711,NONE
своей,DET,,det,Gen,Fem,Sing,,-0.0036575846267086,NONE
победы,NOUN,,nmod,Gen,Fem,Sing,Inan,0.1842059170868916,NONE
.,PUNCT,,punct,,,,,-0.4614742732056216,NONE
Queen,PROPN,,nsubj,,,,,0.0201355128318634,NONE
и,CCONJ,,cc,,,,,-0.0934598183164799,NONE
Адам,PROPN,,conj,Nom,Masc,Sing,Anim,0.1723159249916438,PER
Ламберт,PROPN,,flat:name,Nom,Masc,Sing,Anim,0.054368018239325,PER
:,PUNCT,,punct,,,,,-0.0845337716781264,NONE
Брайан,PROPN,,nsubj,Nom,Masc,Sing,Anim,0.1183529297086648,PER
Мэй,PROPN,,flat:name,Nom,Masc,Sing,Anim,0.2136499771977164,PER
справляет,VERB,,parataxis,,,Sing,,0.0850547462967563,NONE
день,NOUN,,obj,Acc,Masc,Sing,Inan,0.2187786258181885,NONE
рождения,NOUN,,nmod,Gen,Neut,Sing,Inan,-0.0258748679963322,NONE
Роджера,PROPN,,nmod,Gen,Masc,Sing,Anim,0.2786517165624028,PER
Тейлора,PROPN,,flat:name,Gen,Masc,Sing,Anim,0.8355966865261518,PER
В,ADP,,case,,,,,0.0533043675044389,NONE
нескольких,NUM,,nummod,Loc,,,,0.0528983238650038,NONE
случаях,NOUN,,obl,Loc,Masc,Plur,Inan,0.0185733195650272,NONE
(,PUNCT,,punct,,,,,-0.3189750236359797,NONE
на,ADP,,case,,,,,0.1857682146891789,NONE
протяжении,NOUN,,parataxis,Loc,Neut,Sing,Inan,-0.413242396894212,NONE
множества,NOUN,,nmod,Gen,Neut,Sing,Inan,-0.1790695360125958,NONE
локдаунов,NOUN,,nmod,Gen,Masc,Plur,Inan,0.2224866961331184,NONE
),PUNCT,,punct,,,,,-0.0023781832958284,NONE
когда,SCONJ,,mark,,,,,0.0584067275948322,NONE
я,PRON,,nsubj,Nom,,Sing,,0.0651883191065473,NONE
видел,VERB,,advcl,,Masc,Sing,,-0.0757032643067103,NONE
ее,PRON,,obj,Acc,Fem,Sing,,0.0882338627274966,NONE
",",PUNCT,,punct,,,,,-0.1277234306133868,NONE
я,PRON,,nsubj,Nom,,Sing,,0.2823172085693275,NONE
не,PART,,advmod,,,,,0.134324702344336,NONE
знал,VERB,,root,,Masc,Sing,,0.1087413451886434,NONE
",",PUNCT,,punct,,,,,0.0637073589583988,NONE
стоит,VERB,,ccomp,,,Sing,,-0.3818065879836932,NONE
ли,PART,,advmod,,,,,0.0281504650158267,NONE
мне,PRON,,iobj,Dat,,Sing,,-0.1236465662853877,NONE
целовать,VERB,,csubj,,,,,-0.207637339879684,NONE
ее,PRON,,obj,Acc,Fem,Sing,,-0.1257466045716903,NONE
.,PUNCT,,punct,,,,,0.2613778219404015,NONE
Если,SCONJ,,mark,,,,,0.0119868275510862,NONE
клиенты,NOUN,,nsubj:pass,Nom,Masc,Plur,Anim,0.2623250671891222,NONE
не,PART,,advmod,,,,,-0.1955952001368677,NONE
полностью,ADV,,advmod,,,,,-0.0083565111670158,NONE
удовлетворены,VERB,,advcl,,,Plur,,0.0738033545774085,NONE
нашим,DET,,det,Ins,Masc,Sing,,-0.0127746749420142,NONE
продуктом,NOUN,,obl,Ins,Masc,Sing,Inan,0.1697874668354445,NONE
",",PUNCT,,punct,,,,,0.3294269446875498,NONE
просто,PART,,advmod,,,,,-1.7655444016118227,NONE
верните,VERB,,root,,,Plur,,8.086041900699323,NONE
нам,PRON,,iobj,Dat,,Plur,,0.1176711666761392,NONE
товар,NOUN,,obj,Acc,Masc,Sing,Inan,0.185231708914225,NONE
в,ADP,,case,,,,,0.1660679445643471,NONE
неиспользованном,ADJ,,amod,Loc,Neut,Sing,,0.292892148707224,NONE
состоянии,NOUN,,obl,Loc,Neut,Sing,Inan,-0.0475760186595379,NONE
и,CCONJ,,cc,,,,,0.0265414422889746,NONE
мы,PRON,,nsubj,Nom,,Plur,,0.1189467642230858,NONE
оформим,VERB,,conj,,,Plur,,-0.0510266975070488,NONE
возврат,NOUN,,obj,Acc,Masc,Sing,Inan,0.0791447557121619,NONE
денег,NOUN,,nmod,Gen,Fem,Plur,Inan,0.1254337291217849,NONE
после,ADP,,case,,,,,0.1365892585491931,NONE
получения,NOUN,,nmod,Gen,Neut,Sing,Inan,0.0673849819941809,NONE
товара,NOUN,,nmod,Gen,Masc,Sing,Inan,0.1556329539383997,NONE
.,PUNCT,,punct,,,,,0.2444161554467294,NONE
Ваше,DET,,det,Nom,Neut,Sing,,0.1902521911751797,NONE
имя,NOUN,,nsubj,Nom,Neut,Sing,Inan,-0.036102156993588,NONE
пользователя,NOUN,,nmod,Gen,Masc,Sing,Anim,-0.0906053511034708,NONE
anjahoehne,X,,flat:foreign,,,,,0.328952933577894,NONE
адрес,NOUN,,root,Nom,Masc,Sing,Inan,-0.0453473563551928,NONE
электронной,ADJ,,amod,Gen,Fem,Sing,,-0.0127238464765901,NONE
почты,NOUN,,nmod,Gen,Fem,Sing,Inan,0.1887546356642706,NONE
/,PUNCT,,punct,,,,,0.0782338757827887,NONE
я,PRON,,nsubj,Nom,,Sing,,0.1402248465810132,NONE
отправил,VERB,,parataxis,,Masc,Sing,,0.1737575125939624,NONE
Вам,PRON,,iobj,Dat,,Plur,,-0.118940840347522,PER
ссылку,NOUN,,obj,Acc,Fem,Sing,Inan,0.2090260768044261,NONE
для,ADP,,case,,,,,-0.0553631059423391,NONE
восстановления,NOUN,,nmod,Gen,Neut,Sing,Inan,-0.1331826887736648,NONE
Вашего,DET,,det,Gen,Masc,Sing,,-0.0044805743130504,NONE
пароля,NOUN,,nmod,Gen,Masc,Sing,Inan,0.2709821379409085,NONE
.,PUNCT,,punct,,,,,0.3633138067931304,NONE
Нет,PART,,root,,,,,-0.0028907198128304,NONE
",",PUNCT,,punct,,,,,0.0927299529198948,NONE
возможно,ADV,,parataxis,,,,,-0.1489131751596018,NONE
",",PUNCT,,punct,,,,,0.1671345594893899,NONE
потому,ADV,,advmod,,,,,-0.2359148587902186,NONE
",",PUNCT,,punct,,,,,0.1969341731073302,NONE
что,SCONJ,,mark,,,,,0.6461772733196591,NONE
я,PRON,,nsubj,Nom,,Sing,,0.0077218029035241,NONE
получил,VERB,,advcl,,Masc,Sing,,-0.0324592977056074,NONE
небольшую,ADJ,,amod,Acc,Fem,Sing,,0.1342780203314384,NONE
дозу,NOUN,,obj,Acc,Fem,Sing,Inan,0.0163168356141567,NONE
вируса,NOUN,,nmod,Gen,Masc,Sing,Inan,0.3828015770318296,NONE
",",PUNCT,,punct,,,,,0.1749731289456611,NONE
но,CCONJ,,cc,,,,,0.0622032324349519,NONE
это,PRON,,nsubj,Nom,Neut,Sing,Inan,0.0945727363886277,NONE
все,PRON,,advmod,Nom,Neut,Sing,Inan,0.1496231070990347,NONE
равно,ADJ,,fixed,,Neut,Sing,,-0.0019276244358758,NONE
было,AUX,,cop,,Neut,Sing,,0.0208978986584203,NONE
достаточно,ADV,,obl,,,,,-0.1341494342134696,NONE
неприятно,ADJ,,conj,,Neut,Sing,,0.0012838107098405,NONE
.,PUNCT,,punct,,,,,0.0817652758200889,NONE
Штаны,NOUN,,nsubj,Nom,Masc,Plur,Inan,0.3240299037944404,NONE
вора,NOUN,,nmod,Gen,Masc,Sing,Anim,-0.3258718971078204,NONE
падают,VERB,,root,,,Plur,,-0.1542946532417115,NONE
",",PUNCT,,punct,,,,,0.3811988507778615,NONE
когда,SCONJ,,mark,,,,,-0.2180176745360608,NONE
он,PRON,,nsubj,Nom,Masc,Sing,,0.2008699833461683,NONE
пытается,VERB,,advcl,,,Sing,,0.04025529286024,NONE
скрыться,VERB,,xcomp,,,,,0.2709518508307083,NONE
.,PUNCT,,punct,,,,,0.0476746328126392,NONE
Некоторые,DET,,nsubj,Nom,,Plur,,-0.177775734574743,NONE
из,ADP,,case,,,,,0.1704695497823468,NONE
этих,DET,,det,Gen,,Plur,,-0.0283445595973936,NONE
видео,NOUN,,nmod,Gen,Neut,Plur,Inan,-0.0878917496356227,NONE
могут,VERB,,root,,,Plur,,-0.0848979202251616,NONE
быть,AUX,,cop,,,,,0.0081637247707859,NONE
немного,ADV,,obl,,,,,-0.0262468105172762,NONE
длинными,ADJ,,obl,Ins,,Plur,,-0.1312661631611479,NONE
",",PUNCT,,punct,,,,,-0.0255566488147188,NONE
так,ADV,,mark,,,,,0.0725411428981059,NONE
как,SCONJ,,fixed,,,,,0.0160038149877829,NONE
каждое,DET,,det,Nom,Neut,Sing,,0.0523013826346036,NONE
видео,NOUN,,nsubj,Nom,Neut,Sing,Inan,-0.0666212662521033,NONE
будет,AUX,,aux,,,Sing,,-0.0611464694313789,NONE
охватывать,VERB,,advcl,,,,,-0.0289543307103453,NONE
целый,ADJ,,amod,Acc,Masc,Sing,Inan,-0.0854866004455709,NONE
модуль,NOUN,,obj,Acc,Masc,Sing,Inan,-0.1136759113788848,NONE
",",PUNCT,,punct,,,,,0.0729410884172794,NONE
поэтому,ADV,,advmod,,,,,-0.2205169790711055,NONE
",",PUNCT,,punct,,,,,0.0362497431918837,NONE
пожалуйста,ADV,,parataxis,,,,,-0.1397478556607116,NONE
",",PUNCT,,punct,,,,,0.0008043494415169,NONE
воспользуйтесь,VERB,,conj,,,Plur,,-0.0330245569358698,NONE
метками,NOUN,,obl,Ins,Fem,Plur,Inan,0.0062050342890882,NONE
времени,NOUN,,nmod,Gen,Neut,Sing,Inan,-0.0256255994018376,NONE
в,ADP,,case,,,,,0.048148701444956,NONE
описании,NOUN,,obl,Loc,Neut,Sing,Inan,-0.0519904115339976,NONE
",",PUNCT,,punct,,,,,-0.0767238534785428,NONE
если,SCONJ,,mark,,,,,-0.2138545025519909,NONE
вы,PRON,,nsubj,Nom,,Plur,,-0.0022250807977251,NONE
ищете,VERB,,advcl,,,Plur,,0.2013415492467524,NONE
только,PART,,advmod,,,,,-0.1908488459030628,NONE
конкретные,ADJ,,amod,Acc,,Plur,Inan,-0.2064526657427457,NONE
темы,NOUN,,obj,Acc,Fem,Plur,Inan,-0.0255895710708266,NONE
или,CCONJ,,cc,,,,,-0.1127969045414942,NONE
просто,PART,,advmod,,,,,-0.1690524353962778,NONE
хотите,VERB,,conj,,,Plur,,-0.1668543313681149,NONE
освежить,VERB,,xcomp,,,,,-0.1286815424170145,NONE
в,ADP,,case,,,,,-0.0734360688963678,NONE
памяти,NOUN,,obl,Loc,Fem,Sing,Inan,0.0053366281112256,NONE
определенные,ADJ,,amod,Acc,,Plur,Inan,-0.1076449664742249,NONE
темы,NOUN,,obj,Acc,Fem,Plur,Inan,-0.0564481104539582,NONE
.,PUNCT,,punct,,,,,-0.1552483043690183,NONE
Аэропорт,NOUN,,nsubj:pass,Nom,Masc,Sing,Inan,0.0782688649238184,NONE
Саны,PROPN,,nmod,Gen,Fem,Sing,Inan,0.0917223427178475,LOC
с,ADP,,case,,,,,-0.0059475135457659,NONE
2017,ADJ,,amod,,,,,0.0650831348867929,NONE
года,NOUN,,obl,Gen,Masc,Sing,Inan,-0.1351217150783804,NONE
блокирован,VERB,,root,,Masc,Sing,,0.0149758508583522,NONE
саудовской,ADJ,,amod,Ins,Fem,Sing,,0.0346503257023357,NONE
военной,ADJ,,amod,Ins,Fem,Sing,,0.1250716879696379,NONE
коалицией,NOUN,,obl,Ins,Fem,Sing,Inan,0.1291168727936336,NONE
",",PUNCT,,punct,,,,,0.3967629024951327,NONE
поддерживающей,VERB,,acl,Ins,Fem,Sing,,0.0473045684804308,NONE
правительство,NOUN,,obj,Acc,Neut,Sing,Inan,0.0061119075689459,NONE
в,ADP,,case,,,,,0.1357762828519083,NONE
борьбе,NOUN,,obl,Loc,Fem,Sing,Inan,-0.0385709771218322,NONE
с,ADP,,case,,,,,0.0938405949634384,NONE
хуситами,NOUN,,nmod,Ins,Masc,Plur,Anim,0.1532107022449716,NONE
",",PUNCT,,punct,,,,,0.1813203947210504,NONE
союзниками,NOUN,,appos,Ins,Masc,Plur,Anim,0.048545377025449,NONE
Ирана,PROPN,,nmod,Gen,Masc,Sing,Inan,0.1065468929986044,LOC
.,PUNCT,,punct,,,,,-0.6889230924993429,NONE
Уже,ADV,,advmod,,,,,-0.4092560023418904,NONE
слишком,ADV,,advmod,,,,,-0.1150171668184063,NONE
поздно,ADV,,root,,,,,0.0242281812452623,NONE
для,ADP,,case,,,,,0.0105011372883047,NONE
того,PRON,,obl,Gen,Neut,Sing,Inan,0.0333773581063618,NONE
",",PUNCT,,punct,,,,,0.1655788033446382,NONE
чтобы,SCONJ,,mark,,,,,-0.0778777373019286,NONE
рассматривать,VERB,,advcl,,,,,-0.0641184709082724,NONE
его,PRON,,obj,Acc,Masc,Sing,,-0.0782355959767335,NONE
для,ADP,,case,,,,,-0.0884528750730492,NONE
участия,NOUN,,obl,Gen,Neut,Sing,Inan,-0.040040910905847,NONE
в,ADP,,case,,,,,0.0245205415586436,NONE
начальной,ADJ,,amod,Loc,Fem,Sing,,-0.0028840050408066,NONE
встрече,NOUN,,nmod,Loc,Fem,Sing,Inan,0.13842213733801,NONE
с,ADP,,case,,,,,0.1989928654251789,NONE
Шеффилд,PROPN,,nmod,Ins,Masc,Sing,Inan,0.0432712926240824,LOC
Юнайтед,PROPN,,appos,Nom,Masc,Sing,Inan,0.2379164524425255,LOC
",",PUNCT,,punct,,,,,0.2152078348785177,NONE
которая,PRON,,nsubj,Nom,,,,0.0228064531079561,NONE
пройдет,VERB,,acl:relcl,,,Sing,,-0.2475538023628136,NONE
в,ADP,,case,,,,,0.1078209096204252,NONE
обеденное,ADJ,,amod,Acc,Neut,Sing,,0.1450480918753794,NONE
время,NOUN,,obl,Acc,Neut,Sing,Inan,-0.0301490157559032,NONE
в,ADP,,case,,,,,0.1628659365777915,NONE
субботу,NOUN,,obl,Acc,Fem,Sing,Inan,-0.0683528544607857,NONE
",",PUNCT,,punct,,,,,0.1386493802723317,NONE
но,CCONJ,,cc,,,,,0.1466709294001098,NONE
планируется,VERB,,conj,,,Sing,,-0.0278665433154124,NONE
",",PUNCT,,punct,,,,,0.1097494361210701,NONE
что,SCONJ,,mark,,,,,-0.0774289676696698,NONE
он,PRON,,nsubj,Nom,Masc,Sing,,0.0760363210596193,NONE
вновь,ADV,,advmod,,,,,-0.0051977100487952,NONE
присоединится,VERB,,ccomp,,,Sing,,0.0107724673172071,NONE
к,ADP,,case,,,,,-0.0015621253824943,NONE
группе,NOUN,,obl,Dat,Fem,Sing,Inan,0.0355021395621424,NONE
сутки,NOUN,,obl,Acc,Fem,Plur,Inan,0.0585518762745071,NONE
спустя,ADP,,case,,,,,0.0344542812762585,NONE
",",PUNCT,,punct,,,,,0.180054509184519,NONE
когда,SCONJ,,mark,,,,,-0.0062755416339771,NONE
начнется,VERB,,advcl,,,Sing,,0.069326146457018,NONE
подготовка,NOUN,,nsubj,Nom,Fem,Sing,Inan,0.0108507083778624,NONE
к,ADP,,case,,,,,0.032079059231295,NONE
матчу,NOUN,,nmod,Dat,Masc,Sing,Inan,0.0893133891791057,NONE
Лиги,PROPN,,nmod,Gen,Fem,Sing,Inan,0.0792554375814122,NONE
чемпионов,NOUN,,nmod,Gen,Masc,Plur,Anim,0.1025421256658338,NONE
на,ADP,,case,,,,,0.190252844105916,NONE
домашнем,ADJ,,amod,Loc,Masc,Sing,,0.1101627653159558,NONE
стадионе,NOUN,,nmod,Loc,Masc,Sing,Inan,0.2290524360050868,NONE
с,ADP,,case,,,,,0.1057315224668385,NONE
командой,NOUN,,nmod,Ins,Fem,Sing,Inan,0.0873413448604901,NONE
Ред,PROPN,,appos,Nom,Masc,Sing,Inan,0.1140668357689154,LOC
Булл,PROPN,,appos,Nom,Masc,Sing,Inan,0.1006891283574092,LOC
Зальцбург,PROPN,,appos,Nom,Masc,Sing,Inan,0.0913935036662344,LOC
.,PUNCT,,punct,,,,,-0.297591366026083,NONE
Павианы,NOUN,,nsubj:pass,Nom,Masc,Plur,Anim,0.2297098046612399,PER
были,AUX,,aux:pass,,,Plur,,-0.016061818175519,NONE
вооружены,VERB,,root,,,Plur,,0.0050416503785525,NONE
ножами,NOUN,,obl,Ins,Masc,Plur,Inan,0.0213494591561238,NONE
",",PUNCT,,punct,,,,,-0.0207007053768067,NONE
отвертками,NOUN,,conj,Ins,Fem,Plur,Inan,0.0574386571529656,NONE
и,CCONJ,,cc,,,,,2.96737473714307,NONE
даже,PART,,advmod,,,,,0.1192889896584226,NONE
цепными,ADJ,,amod,Ins,,Plur,,0.0100078893573895,NONE
пилами,NOUN,,conj,Ins,Fem,Plur,Inan,0.0237939903776008,NONE
в,ADP,,case,,,,,-0.1096947788413803,NONE
сафари-парке,NOUN,,compound,Loc,Masc,Sing,Inan,0.0689077864804336,NONE
Ноусли,PROPN,,appos,Nom,Masc,Sing,Inan,0.0092066731830742,LOC
",",PUNCT,,punct,,,,,0.4699208121941908,NONE
Мерсисайд,PROPN,,appos,Nom,Masc,Sing,Inan,0.1382816687776161,PER
.,PUNCT,,punct,,,,,-0.0959008602404069,NONE
Все,PRON,,nsubj,Nom,,Plur,Anim,-0.2365211540713134,NONE
имели,VERB,,root,,,Plur,,0.0340368752472258,NONE
при,ADP,,case,,,,,-0.0652235720717359,NONE
себе,PRON,,obl,Loc,,,,-0.2748362523725115,NONE
лавинные,ADJ,,amod,Acc,,Plur,Inan,-0.0909130193771928,NONE
датчики,NOUN,,obj,Acc,Masc,Plur,Inan,-0.0023581745095854,NONE
.,PUNCT,,punct,,,,,0.5093598468858868,NONE
Я,PRON,,nsubj,Nom,,Sing,,0.2683499352681263,NONE
могу,VERB,,root,,,Sing,,0.0201063905705743,NONE
с,ADP,,case,,,,,-0.092835946869435,NONE
уверенностью,NOUN,,obl,Ins,Fem,Sing,Inan,-0.0785375707430902,NONE
сказать,VERB,,xcomp,,,,,-0.1648854511130004,NONE
",",PUNCT,,punct,,,,,0.0022987117555892,NONE
что,SCONJ,,mark,,,,,-0.1194340004666015,NONE
если,SCONJ,,mark,,,,,-0.0847931065221397,NONE
бы,AUX,,aux,,,,,0.004383412996817,NONE
версии,NOUN,,nsubj,Nom,Fem,Plur,Inan,0.0575669832757825,NONE
Android,PROPN,,flat:foreign,,,,,-0.002464635617068,NONE
на,ADP,,case,,,,,0.0716771745470604,NONE
телефонах,NOUN,,nmod,Loc,Masc,Plur,Inan,0.0807634062664559,NONE
были,AUX,,cop,,,Plur,,0.0544998156775298,NONE
бы,AUX,,aux,,,,,-0.046841290390231,NONE
так,ADV,,obl,,,,,-0.0117063359403847,NONE
же,PART,,advmod,,,,,-0.0411270121614837,NONE
единообразны,ADJ,,advcl,,,Plur,,0.2092221752471628,NONE
",",PUNCT,,punct,,,,,0.4119926479044007,NONE
как,SCONJ,,mark,,,,,0.0778368023635727,NONE
iOS,PROPN,,advcl,,,,,-0.0584358995926506,NONE
",",PUNCT,,punct,,,,,0.4836632168320098,NONE
Google,PROPN,,nsubj,Nom,Masc,Sing,Inan,0.1437519338485024,ORG
никогда,ADV,,advmod,,,,,-0.133001693930042,NONE
бы,AUX,,aux,,,,,-0.0400908160339906,NONE
не,PART,,advmod,,,,,-0.0833032157503276,NONE
делал,VERB,,ccomp,,Masc,Sing,,-0.0076757676200254,NONE
новые,ADJ,,amod,Acc,,Plur,Inan,-0.0701334991071558,NONE
выпуски,NOUN,,obj,Acc,Masc,Plur,Inan,0.0022570148384675,NONE
вместе,ADV,,advmod,,,,,0.0837165057449733,NONE
с,ADP,,case,,,,,-0.0124833153211374,NONE
релизами,NOUN,,obl,Ins,Masc,Plur,Inan,0.1441423234387869,NONE
ОС,PROPN,,nmod,Gen,Fem,Sing,Inan,-0.0017426205403888,NONE
для,ADP,,case,,,,,0.2635636115064356,NONE
этих,DET,,det,Gen,,Plur,,0.1195822101260672,NONE
приложений,NOUN,,nmod,Gen,Neut,Plur,Inan,0.0712095900862573,NONE
.,PUNCT,,punct,,,,,-0.3857765464633519,NONE
Насколько,SCONJ,,mark,,,,,0.087746222756251,NONE
мне,PRON,,iobj,Dat,,Sing,,0.0438699142230163,NONE
известно,ADJ,,parataxis,,Neut,Sing,,0.0304971018207303,NONE
",",PUNCT,,punct,,,,,0.0948815327213528,NONE
это,PRON,,nsubj,Nom,Neut,Sing,Inan,0.0332465544001999,NONE
просто,PART,,advmod,,,,,-0.0343072078879895,NONE
была,AUX,,cop,,Fem,Sing,,-0.022710460467301,NONE
смена,NOUN,,root,Nom,Fem,Sing,Inan,-0.0673963052390732,NONE
курса,NOUN,,nmod,Gen,Masc,Sing,Inan,0.0082649954072449,NONE
",",PUNCT,,punct,,,,,0.051080371882521,NONE
который,PRON,,nsubj,Nom,,,,0.0441227989440409,NONE
не,PART,,advmod,,,,,0.9537037652544454,NONE
подходил,VERB,,acl:relcl,,Masc,Sing,,0.1014385519354907,NONE
никому,PRON,,iobj,Dat,,,,0.1386780883762242,NONE
.,PUNCT,,punct,,,,,-0.1173034757624056,NONE
Он,PRON,,nsubj,Nom,Masc,Sing,,0.0404099258237661,NONE
сказал,VERB,,root,,Masc,Sing,,0.1183614427908006,NONE
",",PUNCT,,punct,,,,,0.126409278410451,NONE
что,SCONJ,,mark,,,,,-0.4454411151827963,NONE
вероятность,NOUN,,nsubj,Nom,Fem,Sing,Inan,0.0093386690372985,NONE
получить,VERB,,obl,,,,,-0.0863764204203097,NONE
компенсацию,NOUN,,obj,Acc,Fem,Sing,Inan,0.1616675782748126,NONE
за,ADP,,case,,,,,-0.1175171070599764,NONE
рейс,NOUN,,nmod,Acc,Masc,Sing,Inan,-0.0381055990606548,NONE
мала,ADJ,,ccomp,,Fem,Sing,,-0.247387622087287,NONE
",",PUNCT,,punct,,,,,0.1337101673466232,NONE
поскольку,SCONJ,,mark,,,,,-0.1194479087044037,NONE
он,PRON,,nsubj:pass,Nom,Masc,Sing,,0.1645127018136362,NONE
не,PART,,advmod,,,,,0.1884287241343634,NONE
был,AUX,,aux:pass,,Masc,Sing,,0.0735203429562455,NONE
отменен,VERB,,advcl,,Masc,Sing,,0.1373099428459986,NONE
.,PUNCT,,punct,,,,,-0.2514246908847807,NONE
В,ADP,,case,,,,,-0.6290577349223275,NONE
целях,NOUN,,obl,Loc,Fem,Plur,Inan,-0.279025592200754,NONE
обеспечения,NOUN,,nmod,Gen,Neut,Sing,Inan,-0.1423281274371442,NONE
качества,NOUN,,nmod,Gen,Neut,Sing,Inan,-0.2232450495676343,NONE
этот,DET,,det,Nom,Masc,Sing,,-0.1024966186306532,NONE
диалог,NOUN,,nsubj:pass,Nom,Masc,Sing,Inan,-0.0009484767287089,NONE
будет,AUX,,aux:pass,,,Sing,,-0.2032455622976465,NONE
закрыт,VERB,,root,,Masc,Sing,,0.1053071029578111,NONE
",",PUNCT,,punct,,,,,0.1071632102872786,NONE
пожалуйста,ADV,,parataxis,,,,,0.0816589188417032,NONE
",",PUNCT,,punct,,,,,-0.0184149865950667,NONE
не,PART,,advmod,,,,,0.1667523646971298,NONE
забывайте,VERB,,conj,,,Plur,,-0.0162427286993879,NONE
",",PUNCT,,punct,,,,,0.1758944676860695,NONE
что,SCONJ,,mark,,,,,0.1343194983687896,NONE
вы,PRON,,nsubj,Nom,,Plur,,-0.0936731972576515,NONE
всегда,ADV,,advmod,,,,,-0.0972697735834537,NONE
можете,VERB,,ccomp,,,Plur,,-0.0570351941190266,NONE
вернуться,VERB,,xcomp,,,,,-0.1383755609630753,NONE
",",PUNCT,,punct,,,,,0.3807020043867055,NONE
мы,PRON,,nsubj,Nom,,Plur,,-0.0432833923320966,NONE
будем,AUX,,cop,,,Plur,,0.0727300813250326,NONE
рады,ADJ,,conj,,,Plur,,0.1491675758790124,NONE
продолжить,VERB,,xcomp,,,,,-0.0258969005454288,NONE
помогать,VERB,,xcomp,,,,,-0.0776124662520902,NONE
вам,PRON,,iobj,Dat,,Plur,,0.0791239866183882,NONE
.,PUNCT,,punct,,,,,0.0216136181445156,NONE
Я,PRON,,nsubj,Nom,,Sing,,0.0780197548428289,NONE
пробовал,VERB,,root,,Masc,Sing,,0.4734310270394429,NONE
исправить,VERB,,xcomp,,,,,-0.0264360210416551,NONE
это,PRON,,obj,Acc,Neut,Sing,Inan,-0.0183204360705323,NONE
",",PUNCT,,punct,,,,,0.0499162836669547,NONE
удалив,VERB,,advcl,,,,,0.0768632814167744,NONE
приложение,NOUN,,obj,Acc,Neut,Sing,Inan,-0.0930024309029076,NONE
",",PUNCT,,punct,,,,,-0.1304886158714852,NONE
но,CCONJ,,cc,,,,,0.0217581794815143,NONE
так,ADV,,mark,,,,,0.2419464202531449,NONE
как,SCONJ,,fixed,,,,,0.0592357921664473,NONE
это,PRON,,nsubj,Nom,Neut,Sing,Inan,0.1135369882548363,NONE
стандартное,ADJ,,amod,Nom,Neut,Sing,,-0.1643548816395404,NONE
приложение,NOUN,,advcl,Nom,Neut,Sing,Inan,-0.0368130745375282,NONE
",",PUNCT,,punct,,,,,0.1745264927698759,NONE
документы,NOUN,,obj,Acc,Masc,Plur,Inan,0.0770235629396803,NONE
и,CCONJ,,cc,,,,,-0.2184485368881943,NONE
данные,NOUN,,conj,Acc,,Plur,Inan,-0.1776375700898463,NONE
нельзя,ADV,,conj,,,,,-0.1066213701412482,NONE
окончательно,ADV,,advmod,,,,,-0.1348324966336241,NONE
удалить,VERB,,csubj,,,,,0.0217156348198459,NONE
с,ADP,,case,,,,,-0.2239204957388756,NONE
iPhone,PROPN,,flat:foreign,,,,,-0.4773804836768731,NONE
.,PUNCT,,punct,,,,,-0.2142473192828405,NONE
Во,ADP,,case,,,,,0.1305522712930782,NONE
время,NOUN,,fixed,Acc,Neut,Sing,Inan,0.0988867387149307,NONE
открытия,NOUN,,nmod,Gen,Neut,Sing,Inan,-0.1399657338162321,NONE
в,ADP,,case,,,,,0.0198452804567621,NONE
1820,ADJ,,amod,,,,,-0.0962754828476197,NONE
году,NOUN,,nmod,Loc,Masc,Sing,Inan,0.0458581317933834,NONE
это,PRON,,nsubj,Nom,Neut,Sing,Inan,-0.1595046845464628,NONE
был,AUX,,cop,,Masc,Sing,,-0.1621743545920455,NONE
самый,ADJ,,amod,Nom,Masc,Sing,,-0.0211906212846532,NONE
длинный,ADJ,,amod,Nom,Masc,Sing,,0.0004202006108822,NONE
подвесной,ADJ,,amod,Nom,Masc,Sing,,-0.0021486730174116,NONE
мост,NOUN,,root,Nom,Masc,Sing,Inan,0.0868778695328475,NONE
из,ADP,,case,,,,,0.0152950340011611,NONE
сварочного,ADJ,,amod,Gen,Neut,Sing,,0.0400702531822303,NONE
железа,NOUN,,nmod,Gen,Neut,Sing,Inan,0.0852661631400572,NONE
с,ADP,,case,,,,,0.0272690417421294,NONE
пролетом,NOUN,,nmod,Ins,Masc,Sing,Inan,0.1218286748865215,NONE
длиной,NOUN,,nmod,Ins,Fem,Sing,Inan,0.1900079349429517,NONE
449,NUM,,nummod,,,,,0.04389599539761,NONE
футов,NOUN,,nmod,Gen,Masc,Plur,Inan,0.0484552694198154,NONE
(,PUNCT,,punct,,,,,0.3689133082638525,NONE
137,NUM,,nummod,,,,,0.0036314282045075,NONE
м,NOUN,,parataxis,Gen,Masc,Plur,Inan,0.0216018236921577,NONE
),PUNCT,,punct,,,,,0.0254169307244727,NONE
.,PUNCT,,punct,,,,,0.6284900724635931,NONE
Чувак,NOUN,,parataxis,Nom,Masc,Sing,Anim,-0.0052599252398054,LOC
",",PUNCT,,punct,,,,,0.1260522991900206,NONE
отлей,VERB,,root,,,Sing,,0.0091556983497172,NONE
перед,ADP,,case,,,,,0.0770612596056112,NONE
тем,PRON,,obl,Ins,Neut,Sing,Inan,-0.0357449051497631,NONE
как,SCONJ,,mark,,,,,-0.0560491367485629,NONE
выходишь,VERB,,acl,,,Sing,,0.0669354429125281,NONE
из,ADP,,case,,,,,-0.0790327451721821,NONE
дома”,NOUN,,obl,Gen,Fem,Plur,Inan,0.0276326994143636,NONE
",",PUNCT,,punct,,,,,0.1157747408284533,NONE
-,PUNCT,,punct,,,,,0.3202204373822775,NONE
написал,VERB,,parataxis,,Masc,Sing,,-0.0154996371366542,NONE
другой,DET,,nsubj,Nom,Masc,Sing,,0.2085438324394919,NONE
.,PUNCT,,punct,,,,,0.3414329722237163,NONE
В,ADP,,cc,,,,,0.0455081511930145,NONE
то,DET,,fixed,Acc,Neut,Sing,Inan,0.0154699576317777,NONE
время,NOUN,,fixed,Acc,Neut,Sing,Inan,0.0017224102156816,NONE
как,SCONJ,,fixed,,,,,-0.0075531943076418,NONE
демократы,NOUN,,nsubj,Nom,Masc,Plur,Anim,0.0125511296419783,NONE
хотят,VERB,,advcl,,,Plur,,-0.0045590024764618,NONE
",",PUNCT,,punct,,,,,0.0186171917816462,NONE
чтобы,SCONJ,,mark,,,,,-0.0103255351604786,NONE
коронавирусный,ADJ,,amod,Nom,Masc,Sing,,0.0517033844342069,NONE
пакет,NOUN,,nsubj,Nom,Masc,Sing,Inan,0.0357586937717927,NONE
"""",PUNCT,,punct,,,,,0.0282418207524206,NONE
"""",PUNCT,,punct,,,,,0.025817423392687,NONE
четвертого,ADJ,,amod,Gen,Masc,Sing,,0.086002448679227,NONE
этапа,NOUN,,obl,Gen,Masc,Sing,Inan,0.0328692489185022,NONE
"""",PUNCT,,punct,,,,,0.1461592597909428,NONE
"""",PUNCT,,punct,,,,,0.0623552239586799,NONE
по-прежнему,ADV,,advmod,,,,,0.0277413299550559,NONE
включал,VERB,,ccomp,,Masc,Sing,,-0.0046336710960931,NONE
увеличение,NOUN,,obj,Acc,Neut,Sing,Inan,-0.0115142079859751,NONE
пособий,NOUN,,nmod,Gen,Neut,Plur,Inan,0.0058572439135144,NONE
на,ADP,,case,,,,,0.0028001309168017,NONE
600,NUM,,nummod,,,,,0.014586688816277,NONE
долларов,NOUN,,nmod,Gen,Masc,Plur,Inan,0.0105260512886138,NONE
",",PUNCT,,punct,,,,,0.0083317785715525,NONE
республиканцы,NOUN,,nsubj,Nom,Masc,Plur,Anim,0.0018294445849704,NONE
призывают,VERB,,root,,,Plur,,0.002112147319989,NONE
к,ADP,,case,,,,,0.0077901024732289,NONE
их,PRON,,nmod,Gen,,Plur,,0.0021013127079923,NONE
сокращению,NOUN,,obl,Dat,Neut,Sing,Inan,0.0092515811338634,NONE
и,CCONJ,,cc,,,,,0.0582214251591867,NONE
утверждают,VERB,,conj,,,Plur,,-0.0037294133813921,NONE
",",PUNCT,,punct,,,,,0.0061520857925414,NONE
что,SCONJ,,mark,,,,,-0.0060621467068647,NONE
некоторые,DET,,det,Nom,,Plur,,-0.0005757066615007,NONE
американцы,NOUN,,nsubj,Nom,Masc,Plur,Anim,0.0099289032756321,NONE
получают,VERB,,ccomp,,,Plur,,0.0011885111887391,NONE
от,ADP,,case,,,,,-0.0037464591788742,NONE
пособий,NOUN,,obl,Gen,Neut,Plur,Inan,0.0048627470993417,NONE
больше,ADV,,advmod,,,,,0.0140696394935742,NONE
",",PUNCT,,punct,,,,,0.0165905293723804,NONE
чем,SCONJ,,mark,,,,,0.004625126778306,NONE
они,PRON,,nsubj,Nom,,Plur,,0.0179895747729391,NONE
зарабатывали,VERB,,advcl,,,Plur,,0.0307673558676705,NONE
.,PUNCT,,punct,,,,,0.0025604958490644,NONE
"""",PUNCT,,root,,,,,0.0915436573912599,NONE
Алфорд,PROPN,,nsubj,Nom,Masc,Sing,Anim,0.0111072034623717,PER
лично,ADV,,advmod,,,,,-0.0305812566750962,NONE
предлагает,VERB,,root,,,Sing,,-0.0021365553445846,NONE
вознаграждение,NOUN,,obj,Acc,Neut,Sing,Inan,0.0439581385497393,NONE
в,ADP,,case,,,,,-0.0043986303321118,NONE
размере,NOUN,,nmod,Loc,Masc,Sing,Inan,-0.0621365962866631,NONE
2000,NUM,,nummod,,,,,0.0514427592284155,NONE
долларов,NOUN,,nmod,Gen,Masc,Plur,Inan,0.0542684958115814,NONE
за,ADP,,case,,,,,-0.0491491254718393,NONE
информацию,NOUN,,nmod,Acc,Fem,Sing,Inan,0.005636132704043,NONE
",",PUNCT,,punct,,,,,0.1218876029466243,NONE
которая,PRON,,nsubj,Nom,,,,0.0120384738527781,NONE
приводит,VERB,,acl:relcl,,,Sing,,0.0476343130697774,NONE
к,ADP,,case,,,,,0.0093396726522381,NONE
аресту,NOUN,,obl,Dat,Masc,Sing,Inan,0.0368368490673037,NONE
и,CCONJ,,cc,,,,,0.1096208460471787,NONE
осуждению,NOUN,,conj,Dat,Neut,Sing,Inan,0.0096639985755316,NONE
.,PUNCT,,punct,,,,,0.3303772252192782,NONE
Источники,NOUN,,nsubj,Nom,Masc,Plur,Inan,0.5465211801236827,NONE
рассказали,VERB,,root,,,Plur,,0.0754210646133674,NONE
The,PROPN,,flat:foreign,,,,,0.0158084041609863,ORG
Age,PROPN,,flat:foreign,,,,,0.0838511053205515,ORG
и,CCONJ,,cc,,,,,-0.0131620743075087,NONE
The,PROPN,,flat:foreign,,,,,-0.0241657870841934,ORG
Sydney,PROPN,,flat:foreign,,,,,0.2743209492176906,ORG
Morning,PROPN,,flat:foreign,,,,,0.1192026954773895,ORG
Herald,PROPN,,flat:foreign,,,,,-0.1192033347741348,ORG
",",PUNCT,,punct,,,,,0.0665563944336237,NONE
что,SCONJ,,mark,,,,,0.0553427384684599,NONE
Габба,PROPN,,nsubj,Nom,Fem,Sing,Inan,-0.0331290394240795,PER
-,PUNCT,,punct,,,,,0.2752136184456074,NONE
это,PRON,,expl,,,,,0.0149095632603826,NONE
единственный,ADJ,,amod,Nom,Masc,Sing,,-0.0511648605460317,NONE
крупный,ADJ,,amod,Nom,Masc,Sing,,0.0184074308872307,NONE
стадион,NOUN,,ccomp,Nom,Masc,Sing,Inan,-0.0766386788871277,NONE
в,ADP,,case,,,,,0.0842412370571056,NONE
австралийском,ADJ,,amod,Loc,Masc,Sing,,0.0634507384958818,NONE
крикете,NOUN,,nmod,Loc,Masc,Sing,Inan,-0.0039619171841312,NONE
",",PUNCT,,punct,,,,,0.088011544069339,NONE
где,ADV,,advmod,,,,,-0.1129486073492291,NONE
электроснабжения,NOUN,,nsubj,Gen,Neut,Sing,Inan,-0.0269066683053549,NONE
на,ADP,,case,,,,,-0.0129118466825954,NONE
земле,NOUN,,nmod,Loc,Fem,Sing,Inan,-0.0242406331433004,NONE
недостаточно,ADV,,acl:relcl,,,,,-0.0884820262594001,NONE
",",PUNCT,,punct,,,,,0.1486423447244052,NONE
чтобы,SCONJ,,mark,,,,,-0.0333442727669314,NONE
зажечь,VERB,,advcl,,,,,0.0043535145372057,NONE
огромный,ADJ,,amod,Acc,Masc,Sing,Inan,-0.1127220816631694,NONE
спектр,NOUN,,obj,Acc,Masc,Sing,Inan,-0.02910777471042,NONE
трансляционных,ADJ,,amod,Gen,,Plur,,0.0331848636678112,NONE
грузовиков,NOUN,,nmod,Gen,Masc,Plur,Inan,0.0584974278032441,NONE
и,CCONJ,,cc,,,,,-0.0781006159445281,NONE
устройств,NOUN,,conj,Gen,Neut,Plur,Inan,0.0603099926489967,NONE
",",PUNCT,,punct,,,,,0.2024261130161352,NONE
необходимых,ADJ,,amod,Gen,,Plur,,-0.0347312856599467,NONE
для,ADP,,case,,,,,-0.0972071399403826,NONE
передачи,NOUN,,obl,Gen,Fem,Sing,Inan,-0.0578090963221969,NONE
изображений,NOUN,,nmod,Gen,Neut,Plur,Inan,-0.0026729475380376,NONE
по,ADP,,case,,,,,-0.0302832083441146,NONE
всему,DET,,det,Dat,Masc,Sing,,0.0319859806187812,NONE
миру,NOUN,,nmod,Dat,Masc,Sing,Inan,0.0360661426587891,NONE
.,PUNCT,,punct,,,,,-0.2083449454665652,NONE
Неделя,NOUN,,obl,Nom,Fem,Sing,Inan,0.0850197613361837,NONE
через,ADP,,case,,,,,0.0905308963065993,NONE
неделю,NOUN,,nmod,Acc,Fem,Sing,Inan,0.0176597956562608,NONE
",",PUNCT,,punct,,,,,0.2802505453740157,NONE
он,PRON,,nsubj,Nom,Masc,Sing,,0.5081742902994868,NONE
никогда,ADV,,advmod,,,,,0.005097437843207,NONE
не,PART,,advmod,,,,,0.1120548139534846,NONE
подводил,VERB,,root,,Masc,Sing,,-0.1644957832359072,NONE
свою,DET,,det,Acc,Fem,Sing,,-0.0875641393717227,NONE
сторону,NOUN,,obj,Acc,Fem,Sing,Inan,-0.0923947188567733,NONE
.,PUNCT,,punct,,,,,0.1127993353697877,NONE
Бэрбок,PROPN,,nsubj,Nom,Masc,Sing,Anim,0.1324818440583746,PER
отметил,VERB,,root,,Masc,Sing,,-0.2383634518116265,NONE
",",PUNCT,,punct,,,,,0.2951478283643174,NONE
что,SCONJ,,mark,,,,,-0.5065703866852472,NONE
Иран,PROPN,,nsubj,Nom,Masc,Sing,Inan,-0.305831715277497,LOC
возобновил,VERB,,ccomp,,Masc,Sing,,0.1245327036991131,NONE
переговоры,NOUN,,obj,Acc,Masc,Plur,Inan,-0.094556226282017,NONE
с,ADP,,case,,,,,0.1402821519068576,NONE
позиции,NOUN,,nmod,Gen,Fem,Sing,Inan,-0.1773030662918643,NONE
",",PUNCT,,punct,,,,,0.0904780935025023,NONE
которая,PRON,,nsubj,Nom,,,,0.0989753491186876,NONE
отодвинула,VERB,,acl:relcl,,Fem,Sing,,0.047342437933207,NONE
их,PRON,,obj,Acc,,Plur,,0.0752188919700457,NONE
на,ADP,,case,,,,,0.0631286076686697,NONE
шесть,NUM,,nummod:gov,Acc,,,,-0.0834348682913866,NONE
месяцев,NOUN,,obl,Gen,Masc,Plur,Inan,-0.0287441779835348,NONE
назад,ADV,,advmod,,,,,0.1657337034863271,NONE
.,PUNCT,,punct,,,,,0.281249817696603,NONE
Несколько,NUM,,nummod:gov,Nom,,,,0.0684681002505804,NONE
организаций,NOUN,,nsubj,Gen,Fem,Plur,Inan,0.6158130379807828,NONE
в,ADP,,case,,,,,0.1312459707607113,NONE
Ассаме,PROPN,,nmod,Loc,Fem,Sing,Inan,-0.070881089215312,ORG
в,ADP,,case,,,,,-0.0150777165108417,NONE
воскресенье,NOUN,,obl,Acc,Neut,Sing,Inan,-0.0786902015114099,NONE
отдали,VERB,,root,,,Plur,,0.1265605144332341,NONE
дань,NOUN,,obj,Acc,Fem,Sing,Inan,0.0316387844172267,NONE
памяти,NOUN,,nmod,Dat,Fem,Sing,Inan,-0.0505848826024278,NONE
пяти,NUM,,nummod,Dat,,,,-0.0051382858197037,NONE
агитаторам,NOUN,,iobj,Dat,Masc,Plur,Anim,0.1471065161007302,NONE
",",PUNCT,,punct,,,,,0.1584853414395702,NONE
убитым,VERB,,acl,Dat,,Plur,,-0.0008044277444152,NONE
два,NUM,,nummod,Acc,Masc,,Inan,0.0115244064903301,NONE
года,NOUN,,obl,Gen,Masc,Sing,Inan,-0.1951479032997424,NONE
назад,ADV,,advmod,,,,,0.1532321189423152,NONE
во,ADP,,case,,,,,0.1680757051121801,NONE
время,NOUN,,fixed,Acc,Neut,Sing,Inan,0.108000752165622,NONE
выступления,NOUN,,obl,Gen,Neut,Sing,Inan,-0.0315456413271782,NONE
против,ADP,,case,,,,,0.0577387484698274,NONE
CAA,PROPN,,flat:foreign,,,,,0.1552436374708229,ORG
",",PUNCT,,punct,,,,,0.1752983333700785,NONE
и,CCONJ,,cc,,,,,0.0163345852767882,NONE
решили,VERB,,conj,,,Plur,,-0.1420179647075913,NONE
возобновить,VERB,,xcomp,,,,,0.1127251914927757,NONE
движение,NOUN,,obj,Acc,Neut,Sing,Inan,0.0267378086640691,NONE
против,ADP,,case,,,,,0.1896983209495944,NONE
Закона,PROPN,,nmod,Gen,Masc,Sing,Inan,-0.0529697428569479,NONE
.,PUNCT,,punct,,,,,0.0734240451558999,NONE
Группа,NOUN,,nsubj,Nom,Fem,Sing,Inan,0.2854793131274421,NONE
реагирования,NOUN,,nmod,Gen,Neut,Sing,Inan,0.0268728028663047,NONE
на,ADP,,case,,,,,-0.0383200888448397,NONE
компьютерные,ADJ,,amod,Acc,,Plur,Inan,0.0173414306177984,NONE
чрезвычайные,ADJ,,amod,Acc,,Plur,Inan,9.43480805979041,NONE
ситуации,NOUN,,nmod,Acc,Fem,Plur,Inan,-0.0304647644054333,NONE
Новой,ADJ,,amod,Gen,Fem,Sing,,0.0357848725102137,LOC
Зеландии,PROPN,,nmod,Gen,Fem,Sing,Inan,0.0311183365781842,LOC
была,AUX,,cop,,Fem,Sing,,-0.0020042329071353,NONE
одной,NUM,,root,Ins,Fem,,,0.0421367593662615,NONE
из,ADP,,case,,,,,0.0265917719815023,NONE
первых,ADJ,,nmod,Gen,,Plur,,-0.0368701274610612,NONE
",",PUNCT,,punct,,,,,0.084022169813065,NONE
кто,PRON,,nsubj,Nom,,,,0.1858098571987911,NONE
сообщил,VERB,,acl:relcl,,Masc,Sing,,0.1192218319438357,NONE
",",PUNCT,,punct,,,,,0.1478875742858592,NONE
что,SCONJ,,mark,,,,,0.1570391405060042,NONE
уязвимость,NOUN,,nsubj:pass,Nom,Fem,Sing,Inan,0.1168246888683076,NONE
«активно,ADV,,advmod,,,,,0.0982922329262036,NONE
эксплуатировалась,VERB,,ccomp,,Fem,Sing,,0.1281259806076572,NONE
в,ADP,,case,,,,,-0.0314025326694044,NONE
дикой,ADJ,,amod,Loc,Fem,Sing,,-0.002101870110266,NONE
природе»,NOUN,,obl,Loc,Fem,Sing,Inan,0.0460544278370551,NONE
всего,PART,,advmod,,,,,-0.0341349220774396,NONE
через,ADP,,case,,,,,0.0775837672717536,NONE
несколько,NUM,,nummod,Acc,,,Inan,0.078731731058001,NONE
часов,NOUN,,obl,Gen,Masc,Plur,Inan,0.010004014254199,NONE
после,ADP,,case,,,,,0.0479013098011476,NONE
того,PRON,,nmod,Gen,Neut,Sing,Inan,0.093890373358056,NONE
",",PUNCT,,punct,,,,,0.145155185408031,NONE
как,SCONJ,,mark,,,,,0.0260698039200911,NONE
об,ADP,,case,,,,,-0.0008471541258109,NONE
этом,PRON,,obl,Loc,Neut,Sing,Inan,0.0987530417753555,NONE
стало,VERB,,acl,,Neut,Sing,,0.0348491887537631,NONE
известно,ADJ,,obl,,Neut,Sing,,0.0487760652747992,NONE
в,ADP,,case,,,,,-0.0840864703411518,NONE
четверг,NOUN,,obl,Acc,Masc,Sing,Inan,0.0726022485739163,NONE
",",PUNCT,,punct,,,,,0.0988507972333661,NONE
и,CCONJ,,cc,,,,,-0.0154677472235726,NONE
было,AUX,,aux:pass,,Neut,Sing,,0.2088177635917016,NONE
выпущено,VERB,,conj,,Neut,Sing,,0.0993634861046436,NONE
исправление,NOUN,,nsubj:pass,Nom,Neut,Sing,Inan,0.1291635420440962,NONE
.,PUNCT,,punct,,,,,-0.7148520984054121,NONE
Даже,PART,,advmod,,,,,0.4020631335572791,NONE
дети,NOUN,,root,Nom,Masc,Plur,Anim,-0.3043991301654976,NONE
.,PUNCT,,punct,,,,,0.3603412563499298,NONE
«Доказательства,NOUN,,nsubj,Nom,Neut,Plur,Inan,0.3411721905065896,NONE
указывали,VERB,,root,,,Plur,,-0.0275259965961451,NONE
на,ADP,,case,,,,,0.0217475699151979,NONE
то,PRON,,obl,Acc,Neut,Sing,Inan,-0.038406025689207,NONE
",",PUNCT,,punct,,,,,0.1418971218773881,NONE
что,SCONJ,,mark,,,,,0.171806101167673,NONE
HSBC,PROPN,,nsubj,,,,,0.0190110522457549,ORG
понимал,VERB,,acl,,Masc,Sing,,0.0065697457217135,NONE
данную,ADJ,,amod,Acc,Fem,Sing,,-0.0365200985211434,NONE
взаимосвязь,NOUN,,obj,Acc,Fem,Sing,Inan,0.0762541679444193,NONE
",",PUNCT,,punct,,,,,0.1864157327226362,NONE
но,CCONJ,,cc,,,,,-0.0521445118820912,NONE
намеренно,ADV,,advmod,,,,,-0.0314694669597052,NONE
продал,VERB,,conj,,Masc,Sing,,-0.0582374289913796,NONE
конфиденциальные,ADJ,,amod,Acc,,Plur,Inan,0.0820340213319353,NONE
деловые,ADJ,,amod,Acc,,Plur,Inan,-0.0243223693704423,NONE
документы,NOUN,,obj,Acc,Masc,Plur,Inan,-0.0388925253655607,NONE
своего,DET,,det,Gen,Masc,Sing,,0.01143806447698,NONE
клиента,NOUN,,nmod,Gen,Masc,Sing,Anim,0.0285571064062646,NONE
американской,ADJ,,amod,Dat,Fem,Sing,,0.0731106464574811,NONE
стороне,NOUN,,iobj,Dat,Fem,Sing,Inan,0.0489622234536955,NONE
",",PUNCT,,punct,,,,,0.0378469240850991,NONE
чтобы,SCONJ,,mark,,,,,0.0587753992120608,NONE
правительство,NOUN,,nsubj,Nom,Neut,Sing,Inan,0.0204403272319275,NONE
США,PROPN,,nmod,Gen,,Plur,Inan,0.1150753615340974,LOC
закрыло,VERB,,advcl,,Neut,Sing,,0.0327401348378657,NONE
глаза,NOUN,,obj,Acc,Masc,Plur,Inan,-0.0710271472701801,NONE
на,ADP,,case,,,,,-0.0286044675992832,NONE
неправомерное,ADJ,,amod,Acc,Neut,Sing,,0.052359277814034,NONE
поведение,NOUN,,obl,Acc,Neut,Sing,Inan,-0.0816448869803755,NONE
самого,DET,,det,Gen,Masc,Sing,,-0.0552004163014394,NONE
британского,ADJ,,amod,Gen,Masc,Sing,,0.0350783588352378,NONE
банка,NOUN,,nmod,Gen,Masc,Sing,Inan,-0.0372718896374925,NONE
и,CCONJ,,cc,,,,,-0.0809149437441431,NONE
не,PART,,advmod,,,,,-0.0921658719816471,NONE
наказывало,VERB,,conj,,Neut,Sing,,-0.0136911359371601,NONE
его,PRON,,obj,Acc,Masc,Sing,,0.0893031432709655,NONE
в,ADP,,case,,,,,0.1319532320538368,NONE
соответствии,NOUN,,fixed,Loc,Neut,Sing,Inan,6.636909515313746,NONE
с,ADP,,fixed,,,,,0.0128989368341204,NONE
Соглашением,PROPN,,obl,Ins,Neut,Sing,Inan,0.0224438792709602,NONE
2012,ADJ,,amod,,,,,0.0070583070588697,NONE
года,NOUN,,nmod,Gen,Masc,Sing,Inan,0.0275841723514647,NONE
об,ADP,,case,,,,,0.0656233199934704,NONE
отсрочке,NOUN,,nmod,Loc,Fem,Sing,Inan,0.0460775939681213,NONE
судебного,ADJ,,amod,Gen,Neut,Sing,,0.0626332923311582,NONE
преследования»,NOUN,,nmod,Gen,Neut,Sing,Inan,0.0411084620359293,NONE
",",PUNCT,,punct,,,,,0.201581409735664,NONE
как,SCONJ,,mark,,,,,0.0205518866961555,NONE
утверждалось,VERB,,parataxis,,Neut,Sing,,0.0073063095135428,NONE
в,ADP,,case,,,,,0.039785857819969,NONE
одной,NUM,,obl,Loc,Fem,,,0.0056621353059908,NONE
из,ADP,,case,,,,,0.0476957764502247,NONE
статей,NOUN,,nmod,Gen,Fem,Plur,Inan,0.0252076515863745,NONE
газеты,NOUN,,nmod,Gen,Fem,Sing,Inan,0.0016480332972792,NONE
по,ADP,,case,,,,,0.0296832056858908,NONE
данному,ADJ,,amod,Dat,Neut,Sing,,0.0401823150284106,NONE
делу,NOUN,,nmod,Dat,Neut,Sing,Inan,-0.0372236861935115,NONE
.,PUNCT,,punct,,,,,0.6638311907337743,NONE
"""",PUNCT,,punct,,,,,0.2839651174788724,NONE
Выходи,VERB,,root,,,Sing,,0.0576460263059585,NONE
за,ADP,,case,,,,,0.1629722366216677,NONE
меня,PRON,,obl,Acc,,Sing,,-0.0903007215408139,NONE
снова,ADV,,advmod,,,,,-0.2646727974150714,NONE
",",PUNCT,,punct,,,,,0.0505121791220804,NONE
пожалуйста,ADV,,parataxis,,,,,-0.3202972781702991,NONE
",",PUNCT,,punct,,,,,-0.021560473502635,NONE
"""",PUNCT,,punct,,,,,0.4073406944969305,NONE
"""",PUNCT,,punct,,,,,0.4801755716691147,NONE
сказал,VERB,,parataxis,,Masc,Sing,,0.3887532667213466,NONE
Алекс,PROPN,,nsubj,Nom,Masc,Sing,Anim,0.2108953855368394,PER
.,PUNCT,,punct,,,,,-0.0392137763806863,NONE
"""",PUNCT,,root,,,,,0.0877189111545323,NONE
В,ADP,,cc,,,,,0.0169093114477809,NONE
то,DET,,fixed,Acc,Neut,Sing,,0.3433472063923657,NONE
время,NOUN,,fixed,Acc,Neut,Sing,Inan,-0.2370885267781581,NONE
как,SCONJ,,fixed,,,,,0.0987329589371198,NONE
лагерь,NOUN,,nsubj:pass,Nom,Masc,Sing,Inan,0.0108548547093656,NONE
Балакот,PROPN,,appos,Nom,Masc,Sing,Inan,-0.0482614620970478,PER
был,AUX,,aux:pass,,Masc,Sing,,0.0120175215189509,NONE
реанимирован,VERB,,advcl,,Masc,Sing,,0.0498652314376669,NONE
Джаиш-и-Мухаммедом,PROPN,,flat:name,Ins,Masc,Sing,Anim,0.1877355289448037,NONE
",",PUNCT,,punct,,,,,0.1744559043789077,NONE
Лашкар-и-Тайба,NOUN,,nsubj,Nom,Masc,Sing,Anim,0.0950166540841128,ORG
активировал,VERB,,root,,Masc,Sing,,0.0585511910091594,NONE
два,NUM,,nummod:gov,Acc,Masc,,Inan,0.0319402238193618,NONE
своих,DET,,det,Gen,,Plur,,0.0839365058536683,NONE
морских,ADJ,,amod,Gen,,Plur,,0.1483212230761525,NONE
лагеря,NOUN,,obj,Gen,Masc,Sing,Inan,0.0016541128724749,NONE
в,ADP,,case,,,,,-0.0007270546980731,NONE
Мирпуре,PROPN,,obl,Loc,Masc,Sing,Inan,0.0545356460092816,LOC
и,CCONJ,,cc,,,,,-0.0419654601226198,NONE
Сиалькоте,PROPN,,conj,Loc,Masc,Sing,Inan,0.1396066987600337,LOC
.,PUNCT,,punct,,,,,0.3767786070841373,NONE
Но,CCONJ,,cc,,,,,-0.2027429018355551,NONE
неспособность,NOUN,,nsubj,Nom,Fem,Sing,Inan,0.1418766933628655,NONE
медицинской,ADJ,,amod,Gen,Fem,Sing,,-0.0863175975646142,NONE
системы,NOUN,,nmod,Gen,Fem,Sing,Inan,-0.1202062415205823,NONE
США,PROPN,,nmod,Gen,,Plur,Inan,-0.0293498940379449,LOC
соответствовать,VERB,,obl,,,,,-0.0894005108713504,NONE
этому,DET,,det,Dat,Masc,Sing,,-0.1271736447861383,NONE
результату,NOUN,,iobj,Dat,Masc,Sing,Inan,-0.1122630049721311,NONE
означала,VERB,,root,,Fem,Sing,,0.0358998930349938,NONE
",",PUNCT,,punct,,,,,0.0695208330558291,NONE
что,SCONJ,,mark,,,,,0.0263794529162501,NONE
другие,ADJ,,amod,Nom,,Plur,,-0.0140412704014369,NONE
многообещающие,ADJ,,amod,Nom,,Plur,,0.1153938130926134,NONE
методы,NOUN,,nsubj,Nom,Masc,Plur,Inan,-0.0980595227817156,NONE
лечения,NOUN,,nmod,Gen,Neut,Sing,Inan,-0.1015552954731215,NONE
",",PUNCT,,punct,,,,,-0.0072804841132919,NONE
которые,PRON,,nsubj:pass,Nom,,,,-0.0460770795720609,NONE
могли,VERB,,acl:relcl,,,Plur,,-0.1684552280676341,NONE
быть,AUX,,aux:pass,,,,,-0.0999704143030774,NONE
разрешены,VERB,,xcomp,,,Plur,,-0.005608290419956,NONE
для,ADP,,case,,,,,-0.2427112973337981,NONE
широкого,ADJ,,amod,Gen,Neut,Sing,,-0.1282029104642172,NONE
использования,NOUN,,obl,Gen,Neut,Sing,Inan,-0.1860110899255347,NONE
",",PUNCT,,punct,,,,,0.0150965813010445,NONE
все,PART,,advmod,,,,,-0.7069148015814967,NONE
еще,ADV,,advmod,,,,,-0.1747960883910058,NONE
нуждаются,VERB,,ccomp,,,Plur,,-0.0561606904483739,NONE
в,ADP,,case,,,,,0.0715799432534469,NONE
оценке,NOUN,,obl,Loc,Fem,Sing,Inan,-0.0475428777056115,NONE
.,PUNCT,,punct,,,,,0.195880779091232,NONE
«Такая,ADJ,,det,Nom,Fem,Sing,,0.3576071179181757,NONE
возможность,NOUN,,nsubj,Nom,Fem,Sing,Inan,0.0466341105118365,NONE
выпадает,VERB,,root,,,Sing,,0.0707852645935056,NONE
крайне,ADV,,obl,,,,,0.0648257607349763,NONE
редко»,ADJ,,obl,Ins,Fem,Sing,,0.1741149939151493,NONE
",",PUNCT,,punct,,,,,0.2422710803498665,NONE
-,PUNCT,,punct,,,,,0.2544111730059861,NONE
подметил,VERB,,parataxis,,Masc,Sing,,0.3405531950222319,NONE
господин,NOUN,,nsubj,Nom,Masc,Sing,Anim,-0.007421764035536,NONE
Хилл,PROPN,,appos,Nom,Masc,Sing,Anim,0.1326385263394131,PER
.,PUNCT,,punct,,,,,-0.0539839439803114,NONE
-,PUNCT,,punct,,,,,0.2234537867108225,NONE
У,ADP,,case,,,,,0.0146844453913611,NONE
ДЧС,PROPN,,obl,Gen,Fem,Sing,Inan,0.100729079557235,ORG
есть,VERB,,root,,,Sing,,-0.0054383237600368,NONE
кровь,NOUN,,nsubj,Nom,Fem,Sing,Inan,0.1902845974237117,NONE
на,ADP,,case,,,,,-0.0333215126940136,NONE
руках,NOUN,,nmod,Loc,Fem,Plur,Inan,0.1332427145219195,NONE
",",PUNCT,,punct,,,,,0.1185118865456135,NONE
-,PUNCT,,punct,,,,,-0.1223478734901662,NONE
сказал,VERB,,parataxis,,Masc,Sing,,0.1825557178978234,NONE
адвокат,NOUN,,nsubj,Nom,Masc,Sing,Anim,-0.0551290978093523,NONE
Хернандеса,PROPN,,nmod,Gen,Masc,Sing,Anim,0.0713943098525206,PER
Брайан,PROPN,,appos,Nom,Masc,Sing,Anim,0.206756077425393,PER
Клейпул,PROPN,,flat:name,Nom,Masc,Sing,Anim,0.025895446823441,PER
.,PUNCT,,punct,,,,,0.1683205155700319,NONE
Лейбористский,ADJ,,amod,Nom,Masc,Sing,,0.7867831368472098,NONE
депутат,NOUN,,nsubj,Nom,Masc,Sing,Anim,0.0372258472946195,NONE
Джесс,PROPN,,appos,Nom,Masc,Sing,Anim,0.0442493891793871,PER
Филлипс,PROPN,,flat:name,Nom,Masc,Sing,Anim,0.0636705764816389,PER
сказал,VERB,,root,,Masc,Sing,,0.0240241813250502,NONE
в,ADP,,case,,,,,0.039302788121592,NONE
субботу,NOUN,,obl,Acc,Fem,Sing,Inan,0.0188299401955765,NONE
:,PUNCT,,punct,,,,,0.0940391586115757,NONE
«Только,PART,,advmod,,,,,0.0740026804635777,NONE
что,SCONJ,,fixed,,,,,-0.0038435931711831,NONE
видел,VERB,,parataxis,,Masc,Sing,,0.0544798883367189,NONE
все,DET,,det,Acc,,Plur,,0.0305453704240106,NONE
вещи,NOUN,,obj,Acc,Fem,Plur,Inan,0.1690358750269618,NONE
Уайли,PROPN,,nmod,Gen,Masc,Sing,Anim,0.017051039826873,PER
.,PUNCT,,punct,,,,,-0.026958312883528,NONE
С,ADP,,case,,,,,0.0665822090326277,NONE
какой,DET,,det,Gen,Fem,Sing,,-0.0128341788185702,NONE
стати,NOUN,,obl,Gen,Fem,Sing,Inan,-0.0007914008546645,NONE
@Twitter,PROPN,,nmod,,,,,0.0695886677770218,ORG
оставили,VERB,,root,,,Plur,,0.0288269209622407,NONE
такой,DET,,det,Acc,Masc,Sing,,-0.0207176401727354,NONE
вопиющий,ADJ,,amod,Acc,Masc,Sing,Inan,0.0306696145535819,NONE
антисемитизм,NOUN,,obj,Acc,Masc,Sing,Inan,0.0369803968822123,NONE
и,CCONJ,,cc,,,,,-0.04775424890437,NONE
ненависть,NOUN,,conj,Acc,Fem,Sing,Inan,0.1017581074197091,NONE
?,PUNCT,,punct,,,,,0.0087700697034771,NONE
Это,PRON,,nsubj,Nom,Neut,Sing,Inan,0.0958037702909114,NONE
бьет,VERB,,root,,,Sing,,0.0806094187294642,NONE
по,ADP,,case,,,,,-0.0120905643733713,NONE
всем,DET,,det,Dat,,Plur,,0.0104084644943781,NONE
опасным,ADJ,,amod,Dat,,Plur,,0.0735770059698058,NONE
ударам,NOUN,,obl,Dat,Masc,Plur,Inan,0.0374617951301307,NONE
",",PUNCT,,punct,,,,,0.0302520610815296,NONE
евреи,NOUN,,nsubj,Nom,Masc,Plur,Anim,-0.0555968118838256,NONE
получают,VERB,,conj,,,Plur,,-0.0649774841302073,NONE
то,PRON,,obj,Acc,Neut,Sing,Inan,0.0354648212087045,NONE
",",PUNCT,,punct,,,,,0.0874138586857085,NONE
что,SCONJ,,mark,,,,,0.0080424201030092,NONE
вы,PRON,,nsubj,Nom,,Plur,,0.1122163578077563,NONE
не,PART,,advmod,,,,,-0.0064091223724199,NONE
получаете,VERB,,acl,,,Plur,,-0.020668575321776,NONE
",",PUNCT,,punct,,,,,0.0449767649015857,NONE
они,PRON,,nsubj,Nom,,Plur,,0.0714040134406687,NONE
контролируют,VERB,,conj,,,Plur,,0.0720220093107948,NONE
",",PUNCT,,punct,,,,,0.0552757781849285,NONE
они,PRON,,nsubj,Nom,,Plur,,0.0521881622399452,NONE
думают,VERB,,conj,,,Plur,,0.0288730754859664,NONE
",",PUNCT,,punct,,,,,0.1647135654965367,NONE
что,SCONJ,,mark,,,,,0.0187435482249183,NONE
их,PRON,,nsubj,Gen,,Plur,,-0.0122948776364111,NONE
лучше,ADJ,,ccomp,,,,,0.079181443837841,NONE
.,PUNCT,,punct,,,,,0.0140738181354444,NONE
.,PUNCT,,punct,,,,,0.0230691417534158,NONE
.,PUNCT,,punct,,,,,-0.0308707531513645,NONE
Это,PRON,,nsubj,Nom,Neut,Sing,Inan,0.0170765261339197,NONE
опасная,ADJ,,amod,Nom,Fem,Sing,,0.062176193351567,NONE
вещь,NOUN,,root,Nom,Fem,Sing,Inan,0.0739999408260227,NONE
.,PUNCT,,punct,,,,,-0.0156086346474626,NONE
Конечно,ADV,,parataxis,,,,,-0.0272744629385941,NONE
",",PUNCT,,punct,,,,,0.0900681604319646,NONE
он,PRON,,nsubj,Nom,Masc,Sing,,0.0239997227024955,NONE
должен,ADJ,,root,,Masc,Sing,,0.1008800212431118,NONE
сойти»,NOUN,,obl,Gen,Neut,Plur,Inan,0.0845651743059684,NONE
.,PUNCT,,punct,,,,,-0.1604548604244788,NONE
Когда,SCONJ,,mark,,,,,0.2336055881571986,NONE
трубки,NOUN,,nsubj:pass,Nom,Fem,Plur,Inan,0.3386041914625016,NONE
прикреплены,VERB,,advcl,,,Plur,,0.4181396171931402,NONE
",",PUNCT,,punct,,,,,0.1743454120997472,NONE
нужно,ADJ,,root,,Neut,Sing,,0.3678115922865937,NONE
все,PRON,,obj,Acc,Neut,Sing,Inan,0.4149138169109118,NONE
делать,VERB,,csubj,,,,,0.3366802896790637,NONE
вручную,ADV,,advmod,,,,,0.1878539711152929,NONE
Между,ADP,,case,,,,,0.0413604524441813,NONE
тем,PRON,,parataxis,Ins,Neut,Sing,Inan,-0.3337036103297885,NONE
",",PUNCT,,punct,,,,,0.0631812401448508,NONE
новые,ADJ,,amod,Nom,,Plur,,-0.0260678421200918,NONE
нормативные,ADJ,,amod,Nom,,Plur,,0.1665098617421218,NONE
препятствия,NOUN,,nsubj,Nom,Neut,Plur,Inan,0.100850920196639,NONE
угрожают,VERB,,root,,,Plur,,0.283609323643911,NONE
повысить,VERB,,xcomp,,,,,-0.0599061338077495,NONE
операционные,ADJ,,amod,Acc,,Plur,Inan,0.088143412899242,NONE
расходы,NOUN,,obj,Acc,Masc,Plur,Inan,0.0746532062013196,NONE
компании,NOUN,,nmod,Gen,Fem,Sing,Inan,0.0641553155575418,NONE
",",PUNCT,,punct,,,,,0.3365576108529841,NONE
изменяя,VERB,,advcl,,,,,0.2916474694783823,NONE
способ,NOUN,,obj,Acc,Masc,Sing,Inan,0.0699047296303119,NONE
оплаты,NOUN,,nmod,Gen,Fem,Sing,Inan,0.1120514338473927,NONE
водителей,NOUN,,nmod,Gen,Masc,Plur,Anim,0.0349712329100079,NONE
.,PUNCT,,punct,,,,,-0.0331002285575678,NONE
«Золотой,ADJ,,amod,Nom,Masc,Sing,,0.3865746530029903,NONE
век»,NOUN,,nsubj,Nom,Masc,Sing,Inan,0.1323114714803727,NONE
",",PUNCT,,punct,,,,,0.1675795561955819,NONE
созданный,VERB,,acl,Nom,Masc,Sing,,-0.1723166583093524,NONE
Джулианом,PROPN,,obl,Ins,Masc,Sing,Anim,-0.0240053787677091,PER
Феллоусом,PROPN,,flat:name,Ins,Masc,Sing,Anim,0.1706322712887798,PER
(,PUNCT,,punct,,,,,-0.1039544832228877,PER
Downton,PROPN,,flat:foreign,,,,,0.4161172030556969,PER
Abbey,PROPN,,flat:foreign,,,,,0.0733306707691763,PER
),PUNCT,,punct,,,,,0.1107061200993557,PER
и,CCONJ,,cc,,,,,0.0801037930285577,NONE
написанный,VERB,,conj,Nom,Masc,Sing,,-0.0278446831048125,NONE
Феллоусом,PROPN,,obl,Ins,Masc,Sing,Anim,0.1364303443465079,PER
и,CCONJ,,cc,,,,,-0.0543320995791905,NONE
Соней,PROPN,,conj,Ins,Fem,Sing,Anim,0.091396108707148,PER
Уорфилд,PROPN,,flat:name,Ins,Fem,Sing,Anim,0.0344824286663972,PER
",",PUNCT,,punct,,,,,0.1597350870328697,NONE
выйдет,VERB,,root,,,Sing,,-0.3563613492852451,NONE
в,ADP,,case,,,,,0.0643997933816975,NONE
следующем,ADJ,,amod,Loc,Masc,Sing,,-0.0471166041162735,NONE
месяце,NOUN,,obl,Loc,Masc,Sing,Inan,0.0620214773154833,NONE
на,ADP,,case,,,,,0.1122158337299253,NONE
HBO,PROPN,,flat:foreign,,,,,-0.0938047026358047,ORG
.,PUNCT,,punct,,,,,0.0498662572172476,NONE
Садио,NOUN,,nsubj,Nom,Masc,Sing,Anim,0.2140033230318204,PER
Мане,PROPN,,appos,Nom,Masc,Sing,Anim,-0.0019938621873221,PER
будет,AUX,,aux,,,Sing,,0.0764273640905816,NONE
участвовать,VERB,,root,,,,,-0.2417617576460466,NONE
в,ADP,,case,,,,,0.0905551280360052,NONE
борьбе,NOUN,,obl,Loc,Fem,Sing,Inan,-0.2026026708250233,NONE
Ливерпуля,PROPN,,nmod,Gen,Masc,Sing,Inan,0.0043659893567094,LOC
с,ADP,,case,,,,,-0.0549961809000663,NONE
Шеффилд,PROPN,,nmod,Ins,Masc,Sing,Inan,0.1065230712329101,LOC
Юнайтед,PROPN,,appos,Nom,Masc,Sing,Inan,0.1252576630743299,LOC
в,ADP,,case,,,,,0.0835117938043683,NONE
субботу,NOUN,,obl,Acc,Fem,Sing,Inan,0.0529179835074312,NONE
.,PUNCT,,punct,,,,,-0.1641834514293756,NONE
Над,ADP,,case,,,,,-0.3869528908581567,NONE
ее,DET,,det,,,,,0.1516565416723499,NONE
твитами,NOUN,,obl,Ins,Masc,Plur,Inan,0.1988114464909396,NONE
подшучивают,VERB,,root,,,Plur,,0.128150174812176,NONE
пользователи,NOUN,,nsubj,Nom,Masc,Plur,Anim,-0.1412019956986472,NONE
соцсетей,NOUN,,nmod,Gen,Fem,Plur,Inan,0.1055071424190092,NONE
",",PUNCT,,punct,,,,,0.1647945916976025,NONE
включая,ADV,,advmod,,,,,0.0687378829907906,NONE
демократов,NOUN,,obj,Acc,Masc,Plur,Anim,0.2426235520894036,NONE
Палаты,PROPN,,nmod,Gen,Fem,Sing,Inan,0.1174842125942281,ORG
представителей,NOUN,,nmod,Gen,Masc,Plur,Anim,-0.0736649192764254,ORG
штата,NOUN,,nmod,Gen,Masc,Sing,Inan,0.1162159570426934,NONE
Аризона,PROPN,,appos,Nom,Fem,Sing,Inan,0.1405456122403441,LOC
",",PUNCT,,punct,,,,,0.0789219767231278,NONE
которые,PRON,,nsubj,Nom,,Plur,,-0.0264445558995724,NONE
ответили,VERB,,acl:relcl,,,Plur,,0.1113981946871597,NONE
:,PUNCT,,punct,,,,,0.0242688077895188,NONE
«Как,ADV,,advmod,,,,,0.0371315470667748,NONE
говорит,VERB,,parataxis,,,Sing,,-0.051050460264849,NONE
душа,NOUN,,nsubj,Nom,Fem,Sing,Inan,0.1154718477866509,NONE
и,CCONJ,,cc,,,,,0.0198119281029836,NONE
сердце,NOUN,,conj,Nom,Neut,Sing,Inan,-0.1055271791649235,NONE
Республиканской,ADJ,,amod,Gen,Fem,Sing,,0.056939975395125,ORG
партии,NOUN,,nmod,Gen,Fem,Sing,Inan,0.0453708251124865,ORG
штата,NOUN,,nmod,Gen,Masc,Sing,Inan,0.1225368964366676,NONE
Аризона,PROPN,,appos,Nom,Fem,Sing,Inan,0.1454990889043564,LOC
(,PUNCT,,punct,,,,,-0.071847731327046,NONE
попробуйте,VERB,,parataxis,,,Plur,,0.0970874015295326,NONE
доказать,VERB,,xcomp,,,,,0.0653724193345224,NONE
",",PUNCT,,punct,,,,,0.2297474137405368,NONE
что,SCONJ,,mark,,,,,-0.0588576942311224,NONE
мы,PRON,,nsubj,Nom,,Plur,,0.0462146611573299,NONE
не,PART,,advmod,,,,,0.0969987374435766,NONE
правы,ADJ,,ccomp,,,Plur,,0.1768182968637233,NONE
),PUNCT,,punct,,,,,-0.026105226027062,NONE
»,PUNCT,,punct,,,,,0.0378063933955676,NONE
.,PUNCT,,punct,,,,,0.3170285876549067,NONE
Ни,PART,,advmod,,,,,-0.2823907892571448,NONE
одна,NUM,,nsubj,Nom,Fem,,,-0.0345720912440235,NONE
из,ADP,,case,,,,,-0.3545086595986592,NONE
палат,NOUN,,nmod,Gen,Fem,Plur,Inan,0.0545929065374842,NONE
Конгресса,PROPN,,nmod,Gen,Masc,Sing,Inan,-0.0839741495767977,ORG
",",PUNCT,,punct,,,,,-0.0021116277086116,NONE
по-видимому,ADV,,parataxis,,,,,-0.0483558195404223,NONE
",",PUNCT,,punct,,,,,-0.0972426779253822,NONE
не,PART,,advmod,,,,,0.029948263909261,NONE
наберет,VERB,,root,,,Sing,,0.0906752580328661,NONE
по,ADP,,case,,,,,0.0977228334192691,NONE
две,NUM,,nummod,Acc,Fem,,Inan,-0.1358323819063781,NONE
трети,NOUN,,obl,Gen,Fem,Sing,Inan,-0.1020803413730593,NONE
голосов,NOUN,,nmod,Gen,Masc,Plur,Inan,-0.0307034346059152,NONE
",",PUNCT,,punct,,,,,0.081874949744086,NONE
необходимых,ADJ,,amod,Gen,,Plur,,-0.230864168340067,NONE
для,ADP,,case,,,,,0.0379780172668136,NONE
преодоления,NOUN,,obl,Gen,Neut,Sing,Inan,-0.0064365122551264,NONE
сопротивления,NOUN,,nmod,Gen,Neut,Sing,Inan,-0.0488260660054161,NONE
президента,NOUN,,nmod,Gen,Masc,Sing,Anim,0.0154823107830599,NONE
.,PUNCT,,punct,,,,,0.6308088094085952,NONE
Министерство,NOUN,,nsubj,Nom,Neut,Sing,Inan,0.1024303395533675,ORG
иностранных,ADJ,,amod,Gen,,Plur,,-0.1674091954964288,ORG
дел,NOUN,,nmod,Gen,Neut,Plur,Inan,-0.0071962924571128,ORG
Греции,PROPN,,nmod,Gen,Fem,Sing,Inan,0.0322541262578674,LOC
также,ADV,,advmod,,,,,-0.0812272491730743,NONE
объявило,VERB,,root,,Neut,Sing,,0.0674371944813675,NONE
",",PUNCT,,punct,,,,,0.0338626600273799,NONE
что,SCONJ,,mark,,,,,0.0383738953492129,NONE
во,ADP,,case,,,,,0.0272010398743621,NONE
вторник,NOUN,,obl,Acc,Masc,Sing,Inan,0.0293951737997384,NONE
28,NUM,,nmod,,,,,0.0238806577330769,NONE
июля,NOUN,,flat,Gen,Masc,Sing,Inan,0.0734083767983683,NONE
и,CCONJ,,cc,,,,,-0.0146447718961892,NONE
среду,NOUN,,conj,Acc,Fem,Sing,Inan,0.0472666073275475,NONE
29,NUM,,nmod,,,,,0.1353013515411712,NONE
июля,NOUN,,flat,Gen,Masc,Sing,Inan,0.0461237097180833,NONE
для,ADP,,case,,,,,-0.1975766670708802,NONE
пассажиров,NOUN,,obl,Gen,Masc,Plur,Anim,0.0822583829782227,NONE
",",PUNCT,,punct,,,,,0.4169327358763624,NONE
у,ADP,,case,,,,,0.0548934733767693,NONE
которых,PRON,,obl,Gen,,,,-0.0833212557266487,NONE
не,PART,,advmod,,,,,-0.0990599177282863,NONE
было,VERB,,acl:relcl,,Neut,Sing,,-0.0249695317256961,NONE
времени,NOUN,,nsubj,Gen,Neut,Sing,Inan,-0.056363516440715,NONE
на,ADP,,case,,,,,-0.2066540216049011,NONE
сдачу,NOUN,,nmod,Acc,Fem,Sing,Inan,0.0059190505698792,NONE
анализов,NOUN,,nmod,Gen,Masc,Plur,Inan,0.0724970011403315,NONE
перед,ADP,,case,,,,,0.0574747178885015,NONE
поездкой,NOUN,,nmod,Ins,Fem,Sing,Inan,0.0579244128997177,NONE
",",PUNCT,,punct,,,,,0.094165212888257,NONE
компетентными,ADJ,,amod,Ins,,Plur,,0.0218154047989288,NONE
местными,ADJ,,amod,Ins,,Plur,,0.12628115302911,NONE
учреждениями,NOUN,,obl,Ins,Neut,Plur,Inan,0.0996263080640976,NONE
будет,AUX,,aux:pass,,,Sing,,0.0422233365520759,NONE
огранизовано,VERB,,ccomp,,Neut,Sing,,0.1947242920182566,NONE
тестирование,NOUN,,nsubj:pass,Nom,Neut,Sing,Inan,0.1749967171434914,NONE
по,ADP,,case,,,,,-0.0334814868034017,NONE
прибытии,NOUN,,nmod,Dat,Neut,Sing,Inan,0.1076195987713988,NONE
в,ADP,,case,,,,,-0.0707245241744107,NONE
Грецию,PROPN,,nmod,Acc,Fem,Sing,Inan,0.0316022190574271,LOC
.,PUNCT,,punct,,,,,-0.0777062970960965,NONE
Глянцевые,ADJ,,amod,Nom,,Plur,,0.3481456419165909,NONE
обработанные,VERB,,amod,Nom,,Plur,,0.3155039578788502,NONE
фотографии,NOUN,,root,Nom,Fem,Plur,Inan,0.2315010167141415,NONE
высокого,ADJ,,amod,Gen,Neut,Sing,,0.3131168450425162,NONE
качества,NOUN,,nmod,Gen,Neut,Sing,Inan,0.236851427481938,NONE
.,PUNCT,,punct,,,,,0.630073424829666,NONE
Ожидается,VERB,,root,,,Sing,,0.0905268546176107,NONE
",",PUNCT,,punct,,,,,0.0871803195139189,NONE
что,SCONJ,,mark,,,,,-0.2690387200561008,NONE
отец,NOUN,,nsubj,Nom,Masc,Sing,Anim,-0.028665707982234,NONE
и,CCONJ,,cc,,,,,-0.3170626965332722,NONE
младший,ADJ,,amod,Nom,Masc,Sing,,-0.0595105652627628,NONE
брат,NOUN,,conj,Nom,Masc,Sing,Anim,-0.0982056280074392,NONE
Хаджа,PROPN,,nmod,Gen,Masc,Sing,Anim,0.0102192743497795,PER
прибудут,VERB,,ccomp,,,Plur,,-0.0508811538461945,NONE
из,ADP,,case,,,,,-0.1731221823204767,NONE
Саудовской,PROPN,,amod,,,,,-0.0031759330331489,LOC
Аравии,PROPN,,obl,Gen,Fem,Sing,Inan,0.1110695719502964,LOC
для,ADP,,case,,,,,0.0501557630140788,NONE
участия,NOUN,,obl,Gen,Neut,Sing,Inan,-0.0987369135500709,NONE
в,ADP,,case,,,,,0.0185772064751009,NONE
похоронах,NOUN,,nmod,Loc,Fem,Plur,Inan,0.1586715094374872,NONE
.,PUNCT,,punct,,,,,0.2364710925339709,NONE
Брат,NOUN,,nsubj:pass,Nom,Masc,Sing,Anim,-0.0495650461995943,NONE
свергнутого,VERB,,amod,Gen,Masc,Sing,,0.1739250176884565,NONE
президента,NOUN,,nmod,Gen,Masc,Sing,Anim,0.0719100464276268,NONE
Алжира,PROPN,,nmod,Gen,Masc,Sing,Inan,0.0460120570902756,LOC
Абдельазиза,PROPN,,appos,Gen,Masc,Sing,Anim,0.164715509782094,PER
Бутефлики,PROPN,,flat:name,Gen,Masc,Sing,Anim,0.1670480535346268,PER
и,CCONJ,,cc,,,,,0.0036912959738374,NONE
трое,NUM,,nummod:gov,Nom,,,,0.2875876236545374,NONE
его,PRON,,nmod,Gen,Masc,Sing,,0.0273960757872238,NONE
соратников,NOUN,,conj,Gen,Masc,Plur,Anim,0.0286411240097397,NONE
были,AUX,,aux:pass,,,Plur,,-0.1774301424132235,NONE
заключены,VERB,,root,,,Plur,,-0.085084199042519,NONE
в,ADP,,case,,,,,0.0461471151243827,NONE
тюрьму,NOUN,,obl,Acc,Fem,Sing,Inan,0.2298168283752019,NONE
на,ADP,,case,,,,,-0.1189692930692886,NONE
15,NUM,,nummod,,,,,-0.1151986081235863,NONE
лет,NOUN,,obl,Gen,Masc,Plur,Inan,-0.1395821750022999,NONE
за,ADP,,case,,,,,-0.1503863585809292,NONE
заговор,NOUN,,obl,Acc,Masc,Sing,Inan,0.0484668283021435,NONE
против,ADP,,case,,,,,-0.006441850880734,NONE
государства,NOUN,,nmod,Gen,Neut,Sing,Inan,-0.1314716544838467,NONE
после,ADP,,case,,,,,-0.521910073976584,NONE
ускоренного,VERB,,amod,Gen,Neut,Sing,,0.1061831460055041,NONE
судебного,ADJ,,amod,Gen,Neut,Sing,,-0.0684738323281602,NONE
разбирательства,NOUN,,nmod,Gen,Neut,Sing,Inan,0.0480059942597996,NONE
.,PUNCT,,punct,,,,,0.1746111180810971,NONE
Мы,PRON,,nsubj,Nom,,Plur,,-0.3330991648596838,NONE
также,ADV,,advmod,,,,,0.0237882933814301,NONE
занимаемся,VERB,,root,,,Plur,,-0.1078635085601252,NONE
оптовой,ADJ,,amod,Ins,Fem,Sing,,-0.0724210630180339,NONE
продажей,NOUN,,obl,Ins,Fem,Sing,Inan,-0.0147667732386289,NONE
и,CCONJ,,cc,,,,,-0.0535260696924129,NONE
экспортом,NOUN,,conj,Ins,Masc,Sing,Inan,-0.0641239705842442,NONE
Ювелирных,ADJ,,amod,Gen,,Plur,,0.0356262148633136,NONE
изделий,NOUN,,nmod,Gen,Neut,Plur,Inan,0.053197674990669,NONE
из,ADP,,case,,,,,-0.0655195910876687,NONE
золота,NOUN,,nmod,Gen,Neut,Sing,Inan,0.0125779253755546,NONE
с,ADP,,case,,,,,0.0675563961429189,NONE
бриллиантами,NOUN,,nmod,Ins,Masc,Plur,Inan,0.0846775293214886,NONE
Ручной,ADJ,,amod,Gen,Fem,Sing,,0.0902708822062738,NONE
работы,NOUN,,nmod,Gen,Fem,Sing,Inan,0.0528838643847139,NONE
14,NUM,,nummod,,,,,-0.1830181888977054,NONE
К,PROPN,,nmod,Gen,Masc,Plur,Inan,0.0373769480692355,NONE
",",PUNCT,,punct,,,,,0.1020799090086103,NONE
18,NUM,,nummod,,,,,-0.0497170212720122,NONE
К,PROPN,,conj,Gen,Masc,Plur,Inan,-0.7239954985631158,NONE
и,CCONJ,,cc,,,,,-0.0585666701193705,NONE
Машинного,ADJ,,amod,Gen,Neut,Sing,,-0.146978492863159,NONE
изготовления,NOUN,,conj,Gen,Neut,Sing,Inan,-0.0255447704711403,NONE
.,PUNCT,,punct,,,,,-0.1695534207676853,NONE
Настройте,VERB,,root,,,Plur,,0.6695233357958328,PER
стиль,NOUN,,obj,Acc,Masc,Sing,Inan,0.023432575550166,NONE
шрифта,NOUN,,nmod,Gen,Masc,Sing,Inan,0.008297478147883,NONE
:,PUNCT,,punct,,,,,0.1576398994591494,NONE
откройте,VERB,,parataxis,,,Plur,,0.0301465816419055,NONE
раскрывающееся,VERB,,amod,Acc,Neut,Sing,,0.1755551282183575,NONE
меню,NOUN,,obj,Acc,Neut,Sing,Inan,0.1307977565199694,NONE
в,ADP,,case,,,,,0.0777504283222451,NONE
пункте,NOUN,,obl,Loc,Masc,Sing,Inan,0.0635994516568667,NONE
«Начертание,NOUN,,nmod,Nom,Neut,Sing,Inan,0.0228327731790411,NONE
шрифтов»,NOUN,,nmod,Gen,Masc,Plur,Inan,0.1716189691940597,NONE
и,CCONJ,,cc,,,,,-0.2854231826187596,NONE
выберите,VERB,,conj,,,Plur,,0.1203459741392941,NONE
один,NUM,,obj,Acc,Masc,,Inan,0.1422082315265459,NONE
из,ADP,,case,,,,,-0.0225292451321478,NONE
списка,NOUN,,nmod,Gen,Masc,Sing,Inan,0.0743624898284774,NONE
доступных,ADJ,,amod,Gen,,Plur,,0.1203104264571247,NONE
шрифтов,NOUN,,nmod,Gen,Masc,Plur,Inan,0.0706590646116533,NONE
.,PUNCT,,punct,,,,,0.3593101178693697,NONE
Япония,PROPN,,nsubj,Nom,Fem,Sing,Inan,0.0903299361196695,LOC
схема,NOUN,,nsubj,Nom,Fem,Sing,Inan,0.0728981046730619,NONE
салона,NOUN,,nmod,Gen,Masc,Sing,Inan,0.1043034237649815,NONE
авиакомпания,NOUN,,nmod,Gen,Masc,Sing,Inan,0.1667501265764439,NONE
",",PUNCT,,punct,,,,,0.2435549226368492,NONE
чтобы,SCONJ,,mark,,,,,-0.2391457594347063,NONE
избежать,VERB,,advcl,,,,,-0.5532354538402543,NONE
плачущих,VERB,,amod,Gen,,Plur,,-0.1346870875504427,NONE
младенцев,NOUN,,obl,Gen,Masc,Plur,Anim,0.0778392028248291,NONE
вызывает,VERB,,root,,,Sing,,-0.1096570848452367,NONE
медиа-шторм,NOUN,,compound,Nom,Neut,Sing,Inan,0.4923891229341016,NONE
Моника,PROPN,,nsubj,Nom,Fem,Sing,Anim,0.0117069573330737,PER
Мутсвангва,PROPN,,appos,Nom,Fem,Sing,Anim,0.160834869190681,PER
",",PUNCT,,punct,,,,,0.0317717820437067,NONE
министр,NOUN,,appos,Nom,Masc,Sing,Anim,-0.0135191547520463,NONE
информации,NOUN,,nmod,Gen,Fem,Sing,Inan,-0.0907296089925211,NONE
Зимбабве,PROPN,,nmod,Gen,Neut,Sing,Inan,0.0757283755047153,LOC
",",PUNCT,,punct,,,,,0.2108321582863675,NONE
утверждает,VERB,,root,,,Sing,,-0.1404762637528057,NONE
",",PUNCT,,punct,,,,,0.174142994419624,NONE
что,SCONJ,,mark,,,,,0.1813947780590769,NONE
полиция,NOUN,,nsubj,Nom,Fem,Sing,Inan,0.1321321038746776,NONE
вмешалась,VERB,,ccomp,,Fem,Sing,,0.6550838849219551,NONE
в,ADP,,case,,,,,0.1518479474296637,NONE
отъезд,NOUN,,obl,Acc,Masc,Sing,Inan,0.0267087630901457,NONE
Магомбейи,PROPN,,nmod,Gen,Masc,Sing,Anim,0.1378069881959597,PER
по,ADP,,case,,,,,-0.0744321018155586,NONE
соображениям,NOUN,,obl,Dat,Neut,Plur,Inan,0.2316164385368234,NONE
безопасности,NOUN,,nmod,Gen,Fem,Sing,Inan,0.0618906202215989,NONE
и,CCONJ,,cc,,,,,0.0018040158257478,NONE
здоровья,NOUN,,conj,Gen,Neut,Sing,Inan,-0.1853151639642029,NONE
.,PUNCT,,punct,,,,,-0.1341907875617852,NONE
Но,CCONJ,,cc,,,,,-0.089019586805203,NONE
теперь,ADV,,advmod,,,,,0.2941984637117571,NONE
мы,PRON,,nsubj,Nom,,Plur,,-0.1354894197645942,NONE
продвинулись,VERB,,root,,,Plur,,0.0693036915943763,NONE
дальше,ADV,,advmod,,,,,0.0160853194660034,NONE
",",PUNCT,,punct,,,,,0.0305090180545484,NONE
и,CCONJ,,cc,,,,,-0.4147462554534565,NONE
я,PRON,,nsubj,Nom,,Sing,,-0.048013824981395,NONE
желаю,VERB,,conj,,,Sing,,-0.0205264563768854,NONE
сборной,NOUN,,iobj,Dat,Fem,Sing,Inan,-0.1583527526715938,NONE
Пакистана,PROPN,,nmod,Gen,Masc,Sing,Inan,0.054379054326396,LOC
удачи,NOUN,,nmod,Gen,Fem,Sing,Inan,0.1647683977546421,NONE
под,ADP,,case,,,,,0.0125040673294196,NONE
руководством,NOUN,,nmod,Ins,Neut,Sing,Inan,0.0385282269761062,NONE
Мисбы,PROPN,,nmod,Gen,Masc,Sing,Anim,0.1179400711454698,PER
.,PUNCT,,punct,,,,,-0.6659944054862135,NONE
«Трудно,ADJ,,root,,Neut,Sing,,0.245372983935407,NONE
смириться,VERB,,csubj,,,,,0.143503449643075,NONE
с,ADP,,case,,,,,-0.187795024397377,NONE
этим,PRON,,obl,Ins,Neut,Sing,Inan,0.0343207023306778,NONE
",",PUNCT,,punct,,,,,0.2241384651054025,NONE
но,CCONJ,,cc,,,,,0.0766407070290896,NONE
главной,ADJ,,amod,Ins,Fem,Sing,,0.1587819865203968,NONE
нашей,DET,,det,Ins,Fem,Sing,,-0.0974623320363897,NONE
целью,NOUN,,conj,Ins,Fem,Sing,Inan,0.0537594725351701,NONE
была,AUX,,cop,,Fem,Sing,,0.1560236042156796,NONE
Европа,PROPN,,nsubj,Nom,Fem,Sing,Inan,0.2673683923110582,LOC
",",PUNCT,,punct,,,,,0.5734559684730494,NONE
и,CCONJ,,cc,,,,,0.0686793443951267,NONE
мы,PRON,,nsubj,Nom,,Plur,,0.0167061905612313,NONE
ее,PRON,,obj,Acc,Fem,Sing,,0.0492367210624579,NONE
достигли»,VERB,,conj,,Masc,Sing,,0.1591466881651773,NONE
.,PUNCT,,punct,,,,,0.3809800477901605,NONE
Вы,PRON,,nsubj,Nom,,Plur,,-0.4866223563862621,NONE
честно,ADV,,advmod,,,,,0.1533422250590907,NONE
думаете,VERB,,root,,,Plur,,-0.2342641135905275,NONE
",",PUNCT,,punct,,,,,0.1001533001427004,NONE
что,SCONJ,,mark,,,,,0.110417121966748,NONE
крэкхед,NOUN,,nsubj,Nom,Masc,Sing,Inan,0.1066973501331304,NONE
будет,AUX,,aux,,,Sing,,0.1555188950913296,NONE
владеть,VERB,,ccomp,,,,,-0.0426361564518081,NONE
дорогим,ADJ,,amod,Ins,Masc,Sing,,0.034138628243774,NONE
пистолетом,NOUN,,obl,Ins,Masc,Sing,Inan,0.0296683507874064,NONE
",",PUNCT,,punct,,,,,0.2701496693532442,NONE
а,CCONJ,,cc,,,,,0.1402084381264698,NONE
потом,ADV,,advmod,,,,,0.0810782146835892,NONE
накопить,VERB,,conj,,,,,0.0272407079141053,NONE
достаточно,ADV,,advmod,,,,,-0.2777796333366025,NONE
денег,NOUN,,obl,Gen,Fem,Plur,Inan,0.0868260191571404,NONE
на,ADP,,case,,,,,0.0230361946962675,NONE
патроны,NOUN,,obl,Acc,Masc,Plur,Inan,0.1855590771427487,NONE
?,PUNCT,,punct,,,,,0.3412287483533499,NONE
На,ADP,,case,,,,,-0.4387702837299882,NONE
самом,ADJ,,amod,Loc,Neut,Sing,,0.0962015941699813,NONE
деле,NOUN,,parataxis,Loc,Neut,Sing,Inan,-0.423770443340157,NONE
",",PUNCT,,punct,,,,,-0.0040275990545443,NONE
большинство,NOUN,,nsubj,Nom,Neut,Sing,Inan,0.0113308160341908,NONE
шизофреников,NOUN,,nmod,Gen,Masc,Plur,Anim,0.4353967436313095,NONE
не,PART,,advmod,,,,,-0.0490704045630791,NONE
агрессивны,ADJ,,root,,,Plur,,0.2571037865805524,NONE
и,CCONJ,,cc,,,,,0.0219698604050542,NONE
чаще,ADV,,advmod,,,,,-0.0839763060026255,NONE
становятся,VERB,,conj,,,Plur,,0.0397722664873951,NONE
жертвами,NOUN,,obl,Ins,Fem,Plur,Anim,0.1521416693341732,NONE
",",PUNCT,,punct,,,,,0.3389007845976488,NONE
чем,SCONJ,,mark,,,,,0.0168906466771194,NONE
преступниками,NOUN,,advcl,Ins,Masc,Plur,Anim,0.0503038143955965,NONE
и,CCONJ,,cc,,,,,0.0133455272157934,NONE
насильниками,NOUN,,conj,Ins,Masc,Plur,Anim,0.1710332464218044,NONE
.,PUNCT,,punct,,,,,-0.0379018511300578,NONE
Ваша,DET,,det,Nom,Fem,Sing,,-0.0430031523285396,NONE
жизнь,NOUN,,nsubj,Nom,Fem,Sing,Inan,0.1622392292024952,NONE
в,ADP,,case,,,,,0.0611805913275014,NONE
Интернете,PROPN,,nmod,Loc,Masc,Sing,Inan,0.05189186971924,NONE
и,CCONJ,,cc,,,,,0.0085663044620757,NONE
реальная,ADJ,,amod,Nom,Fem,Sing,,0.0465089239466579,NONE
жизнь,NOUN,,conj,Nom,Fem,Sing,Inan,-0.052735133558381,NONE
сливаются,VERB,,root,,,Plur,,0.0287045649523037,NONE
в,ADP,,case,,,,,0.0120489910494426,NONE
одно,NUM,,nummod,Acc,Neut,,,0.0456093352702266,NONE
целое,NOUN,,obl,Acc,Neut,Sing,Inan,0.0676035915810352,NONE
",",PUNCT,,punct,,,,,0.1005541980447552,NONE
и,CCONJ,,cc,,,,,0.1506670335484922,NONE
вам,PRON,,iobj,Dat,,Plur,,0.0632735838404791,NONE
нужна,ADJ,,conj,,Fem,Sing,,-0.1379212160593211,NONE
защита,NOUN,,nsubj,Nom,Fem,Sing,Inan,0.030249853834455,NONE
",",PUNCT,,punct,,,,,0.2461086579070938,NONE
которая,PRON,,nsubj,Nom,,,,-0.109029893817299,NONE
не,PART,,advmod,,,,,0.0278164125096426,NONE
позволит,VERB,,acl:relcl,,,Sing,,-0.0364151822942954,NONE
вирусам,NOUN,,iobj,Dat,Masc,Plur,Inan,0.058643689934456,NONE
",",PUNCT,,punct,,,,,0.1148399646636818,NONE
краже,NOUN,,conj,Dat,Fem,Sing,Inan,0.0279471190907747,NONE
личных,ADJ,,amod,Gen,,Plur,,0.0698308715758554,NONE
данных,NOUN,,nmod,Gen,,Plur,Inan,0.0055362796025735,NONE
и,CCONJ,,cc,,,,,-0.0235762158498049,NONE
другим,ADJ,,amod,Dat,,Plur,,0.0208664702859442,NONE
цифровым,ADJ,,amod,Dat,,Plur,,0.0584187689520571,NONE
угрозам,NOUN,,conj,Dat,Fem,Plur,Inan,0.0279934615932386,NONE
стать,VERB,,xcomp,,,,,-0.0245733100296965,NONE
головной,ADJ,,amod,Ins,Fem,Sing,,0.1003561989628614,NONE
болью,NOUN,,obl,Ins,Fem,Sing,Inan,0.1108803727955241,NONE
в,ADP,,case,,,,,0.1625108941162401,NONE
реальной,ADJ,,amod,Loc,Fem,Sing,,0.0907859574421749,NONE
жизни,NOUN,,nmod,Loc,Fem,Sing,Inan,-0.0320030807648343,NONE
.,PUNCT,,punct,,,,,-0.788036853282835,NONE
Показатели,NOUN,,nsubj,Nom,Masc,Plur,Inan,0.0627861726045625,NONE
коронавируса,NOUN,,nmod,Gen,Masc,Sing,Inan,0.1287532783513109,NONE
имеют,VERB,,root,,,Plur,,-0.096746335591069,NONE
тенденцию,NOUN,,obj,Acc,Fem,Sing,Inan,0.0434238973681008,NONE
к,ADP,,case,,,,,-0.0328779880228126,NONE
снижению,NOUN,,nmod,Dat,Neut,Sing,Inan,0.0971181867713032,NONE
с,ADP,,mark,,,,,0.0985928625059042,NONE
тех,DET,,fixed,Gen,,Plur,,-0.0110935828121591,NONE
пор,NOUN,,fixed,Gen,Fem,Plur,Inan,0.0313450591097069,NONE
",",PUNCT,,punct,,,,,-0.1512079246790208,NONE
как,SCONJ,,fixed,,,,,0.2582901565713934,NONE
правительство,NOUN,,nsubj,Nom,Neut,Sing,Inan,0.1662573766359996,NONE
начало,VERB,,acl,,Neut,Sing,,0.1238433708360815,NONE
массовую,ADJ,,amod,Acc,Fem,Sing,,0.2955861682912037,NONE
кампанию,NOUN,,obj,Acc,Fem,Sing,Inan,0.0160019080206382,NONE
по,ADP,,case,,,,,-0.0299815148196116,NONE
вакцинации,NOUN,,nmod,Dat,Fem,Sing,Inan,0.0814725541897254,NONE
.,PUNCT,,punct,,,,,0.6260920057157274,NONE
Но,CCONJ,,cc,,,,,0.5019247575352489,NONE
Круз,PROPN,,nsubj,Nom,Masc,Sing,Anim,-0.0268107252307373,PER
сказал,VERB,,root,,Masc,Sing,,-0.0631833151336617,NONE
",",PUNCT,,punct,,,,,0.1462277435928665,NONE
что,SCONJ,,mark,,,,,-0.1882578889533564,NONE
Пелоси,PROPN,,nsubj:pass,Nom,Fem,Sing,Anim,0.050207130529845,PER
",",PUNCT,,punct,,,,,0.0934401333649981,NONE
которая,PRON,,nsubj,Nom,,,,0.430965323402727,NONE
выступила,VERB,,acl:relcl,,Fem,Sing,,0.0901428846428035,NONE
на,ADP,,case,,,,,-0.0967164274579369,NONE
Face,PROPN,,flat:foreign,,,,,0.1880718260136606,ORG
the,X,,flat:foreign,,,,,0.0237355118671276,ORG
Nation,PROPN,,flat:foreign,,,,,0.1113282892708788,ORG
раньше,ADV,,advmod,,,,,0.0252738492184775,NONE
сенатора,NOUN,,obl,Gen,Masc,Sing,Anim,0.1566847699625257,NONE
",",PUNCT,,punct,,,,,0.1834430136668561,NONE
"""",PUNCT,,punct,,,,,0.0852863122243905,NONE
"""",PUNCT,,punct,,,,,0.0901963652767384,NONE
не,PART,,advmod,,,,,0.0448192359712722,NONE
сосредоточена,VERB,,ccomp,,Fem,Sing,,0.0393704096724924,NONE
ни,PART,,advmod,,,,,0.025911431776915,NONE
на,ADP,,case,,,,,-0.204036958053703,NONE
одном,NUM,,obl,Loc,Masc,,,-0.395538859666542,NONE
из,ADP,,case,,,,,-0.1364710369890592,NONE
них,PRON,,nmod,Gen,,Plur,,0.0498600638950556,NONE
"""",PUNCT,,punct,,,,,0.0539824470441792,NONE
"""",PUNCT,,punct,,,,,0.0929737274985351,NONE
.,PUNCT,,punct,,,,,-0.1193677692614038,NONE
"""",PUNCT,,root,,,,,-0.2327741631556339,NONE
В,ADP,,case,,,,,0.0724541491020822,NONE
1977,ADJ,,amod,,,,,-0.0764461733604797,NONE
году,NOUN,,obl,Loc,Masc,Sing,Inan,-0.0404122517374838,NONE
Лайдон,PROPN,,nsubj,Nom,Masc,Sing,Anim,-0.0438774535264628,PER
и,CCONJ,,cc,,,,,-0.0221759715427447,NONE
The,PROPN,,flat:foreign,,,,,-0.0416206093912856,ORG
Sex,PROPN,,flat:foreign,,,,,0.0248770240345285,ORG
Pistols,PROPN,,flat:foreign,,,,,-0.0087972496343949,ORG
лихо,ADV,,advmod,,,,,0.0021957275352029,NONE
предупредили,VERB,,root,,,Plur,,0.0281984808476863,NONE
",",PUNCT,,punct,,,,,-0.0818985846292472,NONE
что,SCONJ,,mark,,,,,-0.2993821029943052,NONE
"""",PUNCT,,punct,,,,,0.0960975677095864,NONE
"""",PUNCT,,punct,,,,,0.0958218727392827,NONE
в,ADP,,case,,,,,0.0240514418305505,NONE
мечтах,NOUN,,obl,Loc,Fem,Plur,Inan,0.0872343526040476,NONE
Англии,PROPN,,nmod,Gen,Fem,Sing,Inan,0.033462650448933,LOC
у,ADP,,case,,,,,-0.0467182620794936,NONE
вас,PRON,,obl,Gen,,Plur,,0.1539015009676675,NONE
нет,VERB,,ccomp,,,Sing,,-0.0041633034825287,NONE
будущего,NOUN,,nsubj,Gen,Neut,Sing,Inan,0.0163847543911742,NONE
.,PUNCT,,punct,,,,,-0.0637659433727271,NONE
"""",PUNCT,,punct,,,,,0.046289654294941,NONE
"""",PUNCT,,root,,,,,0.0408164964456455,NONE
"""",PUNCT,,punct,,,,,0.8621256158516001,NONE
В,ADP,,case,,,,,-0.1608386053237017,NONE
июне,NOUN,,obl,Loc,Masc,Sing,Inan,0.0299810411597709,NONE
новостное,ADJ,,amod,Nom,Neut,Sing,,-0.0193122145841336,NONE
агентство,NOUN,,nsubj,Nom,Neut,Sing,Inan,-0.159859482511983,NONE
Reuters,PROPN,,flat:foreign,,,,,-0.0059627929026632,ORG
вместе,ADV,,advmod,,,,,-0.1008458148273374,NONE
с,ADP,,case,,,,,-0.0440034711984881,NONE
другими,ADJ,,amod,Ins,,Plur,,0.0288707068220531,NONE
источниками,NOUN,,obl,Ins,Masc,Plur,Inan,-0.010207748388656,NONE
сообщило,VERB,,root,,Neut,Sing,,-0.2082431287827609,NONE
",",PUNCT,,punct,,,,,0.1518770577891044,NONE
что,SCONJ,,mark,,,,,0.0263730059254428,NONE
вести,VERB,,csubj,,,,,-0.0083673632862873,NONE
расследование,NOUN,,obj,Acc,Neut,Sing,Inan,-0.0067450917168344,NONE
по,ADP,,case,,,,,-0.0700943284494998,NONE
четырем,NUM,,nummod,Dat,,,,0.0674756291791769,NONE
крупнейшим,ADJ,,amod,Gen,,Plur,,0.0918462775701044,NONE
компаниям,NOUN,,nmod,Dat,Fem,Plur,Inan,0.0352844464087362,NONE
будет,VERB,,ccomp,,,Sing,,-0.1032763037972033,NONE
два,NUM,,nummod:gov,Nom,Neut,,,-0.1303089557538218,NONE
федеральных,ADJ,,amod,Gen,,Plur,,0.042574807264389,NONE
ведомства,NOUN,,nsubj,Gen,Neut,Sing,Inan,0.0509118630805655,NONE
:,PUNCT,,punct,,,,,-0.0570790324089251,NONE
Министерство,PROPN,,nsubj,Nom,Neut,Sing,Inan,0.0931504381379752,ORG
юстиции,NOUN,,nmod,Gen,Fem,Sing,Inan,0.0454900745634604,ORG
США,PROPN,,nmod,Gen,,Plur,Inan,0.0651467827610976,LOC
будет,AUX,,aux,,,Sing,,0.133874511883861,NONE
вести,VERB,,parataxis,,,,,0.0580850101117688,NONE
расследование,NOUN,,obj,Acc,Neut,Sing,Inan,0.1010396967150534,NONE
Google,PROPN,,nmod,Gen,Masc,Sing,Inan,-0.0416492982025124,ORG
и,CCONJ,,cc,,,,,0.1006507187366295,NONE
Apple,PROPN,,conj,,,,,-0.1273597677851977,ORG
",",PUNCT,,punct,,,,,0.1758257475337963,NONE
а,CCONJ,,cc,,,,,-0.0022953396128118,NONE
Федеральная,ADJ,,amod,Nom,Fem,Sing,,0.1035700534711335,ORG
торговая,ADJ,,amod,Nom,Fem,Sing,,-0.0095102053300736,ORG
комиссия,NOUN,,nsubj,Nom,Fem,Sing,Inan,-0.0352907103321174,ORG
возьмется,VERB,,conj,,,Sing,,0.0509943548228125,NONE
за,ADP,,case,,,,,-0.1096541095838821,NONE
Facebook,PROPN,,obl,Acc,Masc,Sing,Inan,-0.1620342056057416,ORG
и,CCONJ,,cc,,,,,-0.1450452290244271,NONE
Amazon,PROPN,,flat:foreign,,,,,0.0252259211182936,ORG
.,PUNCT,,punct,,,,,0.036508383021475,NONE
Получив,VERB,,advcl,,,,,0.918192157946809,NONE
известие,NOUN,,obj,Acc,Neut,Sing,Inan,-0.0367197886212516,NONE
от,ADP,,case,,,,,-0.0895671501559668,NONE
других,ADJ,,amod,Gen,,Plur,,-0.1014589740792841,NONE
команд,NOUN,,nmod,Gen,Fem,Plur,Inan,-0.0663961302367378,NONE
",",PUNCT,,punct,,,,,0.0448316011428436,NONE
что,SCONJ,,mark,,,,,-0.0634599703961638,NONE
боковые,ADJ,,amod,Nom,,Plur,,0.0507740386685126,NONE
скамейки,NOUN,,nsubj,Nom,Fem,Plur,Inan,0.0042327548802305,NONE
на,ADP,,case,,,,,0.0088126570939519,NONE
"""",PUNCT,,punct,,,,,0.0422582474351045,NONE
"""",PUNCT,,punct,,,,,0.0229938437086559,NONE
ФедЭкс,PROPN,,nmod,,,,,0.0668163997184418,ORG
Филд,PROPN,,appos,,,,,0.0155642696726494,ORG
"""",PUNCT,,punct,,,,,0.0601830514797701,NONE
"""",PUNCT,,punct,,,,,0.0411696231049104,NONE
очень,ADV,,advmod,,,,,-0.015506115475439,NONE
нуждаются,VERB,,acl,,,Plur,,-0.0185619880505987,NONE
в,ADP,,case,,,,,0.0214841896282603,NONE
обновлении,NOUN,,obl,Loc,Neut,Sing,Inan,0.0197777459725248,NONE
",",PUNCT,,punct,,,,,0.0837538799548823,NONE
"""",PUNCT,,punct,,,,,0.0663449467595044,NONE
"""",PUNCT,,punct,,,,,0.0226801329825975,NONE
Ковбойз,PROPN,,nsubj,,,,,0.0163668076219844,ORG
"""",PUNCT,,punct,,,,,-0.0408402830343544,NONE
"""",PUNCT,,punct,,,,,-0.0381148564140362,NONE
привезли,VERB,,root,,,Plur,,0.0321937336875954,NONE
свои,DET,,det,Acc,,Plur,,0.004836322683384,NONE
собственные,ADJ,,obj,Acc,,Plur,Inan,0.0250496084253406,NONE
для,ADP,,case,,,,,0.0005407559515138,NONE
этой,DET,,det,Gen,Fem,Sing,,-0.0006160616393766,NONE
игры,NOUN,,nmod,Gen,Fem,Sing,Inan,0.0159200962471514,NONE
.,PUNCT,,punct,,,,,-0.0454064916713855,NONE
"""",PUNCT,,root,,,,,0.1971482276849242,NONE
В,ADP,,case,,,,,0.4318215383360101,NONE
своем,DET,,det,Loc,Neut,Sing,,-0.1174179272013799,NONE
ежемесячном,ADJ,,amod,Loc,Neut,Sing,,0.4574750180762533,NONE
радиообращения,NOUN,,obl,Loc,Neut,Sing,Inan,-0.0468685167440863,NONE
Манн,PROPN,,nsubj,Nom,Masc,Sing,Anim,0.0376898134495083,PER
Ки,PROPN,,flat:name,Nom,Masc,Sing,Anim,-0.1008826917452972,PER
Баат,PROPN,,flat:name,Nom,Masc,Sing,Anim,-0.0234584275764407,PER
премьер-министр,NOUN,,nsubj,Nom,Masc,Sing,Anim,0.1713382778317669,NONE
Моди,PROPN,,appos,Nom,Masc,Sing,Anim,0.0213918312025396,PER
сказал,VERB,,root,,Masc,Sing,,0.246359039127799,NONE
:,PUNCT,,punct,,,,,0.1284568015487011,NONE
«Пакистан,PROPN,,nsubj,Nom,Masc,Sing,Inan,0.1258869850925155,LOC
предпринял,VERB,,parataxis,,Masc,Sing,,-0.0741926720217063,NONE
эту,DET,,det,Acc,Fem,Sing,,0.1450100689398264,NONE
авантюру,NOUN,,obj,Acc,Fem,Sing,Inan,0.0148377846066347,NONE
со,ADP,,case,,,,,-0.0625606266985675,NONE
зловещими,ADJ,,amod,Ins,,Plur,,0.0473163228400153,NONE
планами,NOUN,,nmod,Ins,Masc,Plur,Inan,-0.0220290955490543,NONE
захватить,VERB,,obl,,,,,0.1338039707174956,NONE
землю,NOUN,,obj,Acc,Fem,Sing,Inan,-0.1056237268658008,NONE
Индии,PROPN,,nmod,Gen,Fem,Sing,Inan,0.1354037867962416,LOC
и,CCONJ,,cc,,,,,-0.1964451057327131,NONE
отвлечь,VERB,,conj,,,,,0.0511924791555585,NONE
ее,DET,,det,,,,,0.1690969964709742,NONE
текущие,ADJ,,amod,Acc,,Plur,Inan,0.084602626474689,NONE
внутренние,ADJ,,amod,Acc,,Plur,Inan,0.0589800335325243,NONE
конфликты»,NOUN,,obj,Acc,Masc,Sing,Inan,-0.0541420220804326,NONE
.,PUNCT,,punct,,,,,0.3183199935184826,NONE
Это,PRON,,nsubj,Nom,Neut,Sing,Inan,0.054710231784523,NONE
было,AUX,,cop,,Neut,Sing,,-0.2077542774618833,NONE
применением,NOUN,,root,Ins,Neut,Sing,Inan,0.0164585972212324,NONE
силы,NOUN,,nmod,Gen,Fem,Sing,Inan,0.1069398200677715,NONE
по,ADP,,case,,,,,-0.0666031289584822,NONE
отношению,NOUN,,fixed,Dat,Neut,Sing,Inan,0.0510993195448503,NONE
ко,ADP,,fixed,,,,,-0.1663489779157206,NONE
мне,PRON,,nmod,Dat,,Sing,,-0.1645626801338655,NONE
",",PUNCT,,punct,,,,,0.0539008802928808,NONE
к,ADP,,case,,,,,0.2231829848287455,NONE
женщине,NOUN,,conj,Dat,Fem,Sing,Anim,0.5672759832564591,NONE
",",PUNCT,,punct,,,,,0.0175539070209057,NONE
которая,PRON,,nsubj,Nom,,,,0.4045629167456262,NONE
не,PART,,advmod,,,,,0.2209611296457669,NONE
даст,VERB,,acl:relcl,,,Sing,,-0.0167373019460443,NONE
отпор,NOUN,,obj,Acc,Masc,Sing,Inan,-0.1989139115489254,NONE
и,CCONJ,,cc,,,,,0.0408467658022401,NONE
просто,PART,,advmod,,,,,0.1643943914593185,NONE
пытается,VERB,,conj,,,Sing,,0.1781569041465446,NONE
делать,VERB,,xcomp,,,,,0.1118812147048729,NONE
свою,DET,,det,Acc,Fem,Sing,,-0.0861473774521951,NONE
работу,NOUN,,obj,Acc,Fem,Sing,Inan,-0.0126780199119577,NONE
.,PUNCT,,punct,,,,,-0.1564729382654517,NONE
Мы,PRON,,nsubj,Nom,,Plur,,-0.0735234459222574,NONE
",",PUNCT,,punct,,,,,0.004163288616867,NONE
наверное,ADV,,parataxis,,,,,0.0735659573110522,NONE
",",PUNCT,,punct,,,,,0.1387550522318113,NONE
никогда,ADV,,advmod,,,,,0.0975700404983588,NONE
не,PART,,advmod,,,,,-0.0861417594628252,NONE
узнаем,VERB,,root,,,Plur,,0.0596219469315179,NONE
",",PUNCT,,punct,,,,,0.4694255222543667,NONE
или,CCONJ,,cc,,,,,0.3317946993859405,NONE
нет,PART,,conj,,,,,0.3416457303547003,NONE
десятилетиями,NOUN,,obl,Ins,Neut,Plur,Inan,0.2823876954278266,NONE
.,PUNCT,,punct,,,,,-0.3346268035403714,NONE
План,NOUN,,nsubj,Nom,Masc,Sing,Inan,-0.0219839687503952,NONE
реструктуризации,NOUN,,nmod,Gen,Fem,Sing,Inan,0.246149981374809,NONE
негативен,ADJ,,root,,Masc,Sing,,0.01759366909355,NONE
для,ADP,,case,,,,,-0.0569278987035897,NONE
кредитного,ADJ,,amod,Gen,Masc,Sing,,0.013754561234832,NONE
рейтинга,NOUN,,obl,Gen,Masc,Sing,Inan,0.0110429919322279,NONE
немецкого,ADJ,,amod,Gen,Masc,Sing,,-0.0371709714698072,NONE
кредитора,NOUN,,nmod,Gen,Masc,Sing,Anim,-0.0241777474228708,NONE
",",PUNCT,,punct,,,,,-0.0137617127696942,NONE
как,SCONJ,,mark,,,,,-0.0167083815834899,NONE
заявили,VERB,,parataxis,,,Plur,,-0.0893569217036133,NONE
в,ADP,,case,,,,,0.1200730182573071,NONE
рейтинговом,ADJ,,amod,Loc,Neut,Sing,,-0.0015735413887124,NONE
агентстве,NOUN,,obl,Loc,Neut,Sing,Inan,-0.0025633354995626,NONE
Moody,PROPN,,flat:foreign,,,,,0.0415235671254022,ORG
',PUNCT,,punct,,,,,0.0648126414104257,ORG
s,X,,flat:foreign,,,,,-0.1079112356294449,ORG
.,PUNCT,,punct,,,,,0.5361351666398371,NONE
Если,SCONJ,,mark,,,,,-0.1297235599404566,NONE
у,ADP,,case,,,,,0.0015242098017753,NONE
вас,PRON,,obl,Gen,,Plur,,-0.4682292833423343,NONE
есть,VERB,,advcl,,,Plur,,-0.0048202375048812,NONE
какие-либо,DET,,det,Nom,,Plur,,0.0686698499982317,NONE
вопросы,NOUN,,nsubj,Nom,Masc,Plur,Inan,0.0656201260496947,NONE
или,CCONJ,,cc,,,,,-0.1049429094872432,NONE
проблемы,NOUN,,conj,Nom,Fem,Plur,Inan,0.076603247113498,NONE
",",PUNCT,,punct,,,,,0.2940390764875044,NONE
не,PART,,advmod,,,,,0.1147656430177889,NONE
стесняйтесь,VERB,,root,,,Plur,,0.027719335646262,NONE
обращаться,VERB,,xcomp,,,,,-0.0147378800996382,NONE
к,ADP,,case,,,,,-0.0353792101707418,NONE
нам,PRON,,obl,Dat,,Plur,,0.0284198012498799,NONE
через,ADP,,case,,,,,-0.0880675114953513,NONE
систему,NOUN,,obl,Acc,Fem,Sing,Inan,0.2886220286309022,NONE
сообщений,NOUN,,nmod,Gen,Neut,Plur,Inan,0.0069431351161703,NONE
eBay,PROPN,,flat:foreign,,,,,-0.0261367007374628,ORG
или,CCONJ,,cc,,,,,-0.0837421633833915,NONE
нажмите,VERB,,conj,,,Plur,,0.0185536958705042,NONE
на,ADP,,case,,,,,0.0455995374908274,NONE
вкладку,NOUN,,obl,Acc,Fem,Sing,Inan,-0.0677542022917374,NONE
«Спросить,VERB,,xcomp,,,,,0.0669540102534772,NONE
продавца»,NOUN,,obj,Acc,Masc,Sing,Inan,-0.0499895516236001,NONE
под,ADP,,case,,,,,-0.0697292188550158,NONE
каждым,DET,,det,Ins,Masc,Sing,,-0.0802132380031513,NONE
списком,NOUN,,obl,Ins,Masc,Sing,Inan,0.0350954751434887,NONE
.,PUNCT,,punct,,,,,0.1847263584503426,NONE
После,ADP,,case,,,,,-0.0311278105460701,NONE
этого,PRON,,obl,Gen,Neut,Sing,Inan,0.1217281640261305,NONE
",",PUNCT,,punct,,,,,-0.1690294422357798,NONE
чтобы,SCONJ,,mark,,,,,-0.5136555689291379,NONE
обновить,VERB,,advcl,,,,,0.1353421089635286,NONE
учетную,ADJ,,amod,Acc,Fem,Sing,,0.1241115491848027,NONE
запись,NOUN,,obj,Acc,Fem,Sing,Inan,0.191464894055276,NONE
",",PUNCT,,punct,,,,,-0.0189873808194688,NONE
войдите,VERB,,root,,,Plur,,0.464067924719469,NONE
в,ADP,,case,,,,,0.1946009774074388,NONE
нее,PRON,,obl,Acc,Fem,Sing,,0.2536395142002662,NONE
снова,ADV,,advmod,,,,,0.2759178064471813,NONE
.,PUNCT,,punct,,,,,-0.0375370106784374,NONE
Как,SCONJ,,cc,,,,,-0.0318405823128615,NONE
мужчины,NOUN,,nsubj,Nom,Masc,Plur,Anim,0.124572631509349,NONE
",",PUNCT,,punct,,,,,0.1405077082858665,NONE
так,ADV,,cc,,,,,0.0695382010247025,NONE
и,PART,,fixed,,,,,-0.0033921113789364,NONE
женщины,NOUN,,conj,Nom,Fem,Plur,Anim,0.0220708753563878,NONE
по-разному,ADV,,advmod,,,,,0.0306807351413185,NONE
взаимодействуют,VERB,,root,,,Plur,,-0.0181054764853004,NONE
со,ADP,,case,,,,,0.0237498279201922,NONE
мной,PRON,,obl,Ins,,Sing,,-0.0372989056813128,NONE
",",PUNCT,,punct,,,,,0.0898205153671218,NONE
больше,ADV,,advmod,,,,,-0.0322047531785091,NONE
стремятся,VERB,,conj,,,Plur,,0.0019043442003498,NONE
заговорить,VERB,,xcomp,,,,,0.0735199437958002,NONE
или,CCONJ,,cc,,,,,0.0539190323630781,NONE
познакомиться,VERB,,conj,,,,,0.1040612923297916,NONE
со,ADP,,case,,,,,0.2092872027382424,NONE
мной,PRON,,obl,Ins,,Sing,,0.0428916413192837,NONE
—,PUNCT,,punct,,,,,-0.387265059002591,NONE
и,CCONJ,,cc,,,,,0.0733083570487115,NONE
это,PRON,,nsubj,Nom,Neut,Sing,Inan,0.0480728416883564,NONE
чисто,ADV,,advmod,,,,,0.0737918992706786,NONE
платонически,ADV,,conj,,,,,0.1418478492151111,NONE
.,PUNCT,,punct,,,,,-0.7357837522253474,NONE
Но,CCONJ,,cc,,,,,-0.2487782800323399,NONE
в,ADP,,advmod,,,,,0.1700139823843275,NONE
настоящее,ADJ,,fixed,Acc,Neut,Sing,Inan,0.0508896507566006,NONE
время,NOUN,,fixed,Acc,Neut,Sing,Inan,0.1355561166273771,NONE
королевству,NOUN,,iobj,Dat,Neut,Sing,Inan,0.0022109090267629,NONE
не,PART,,advmod,,,,,-0.1638460749898971,NONE
хватает,VERB,,root,,,Sing,,-0.1213806081076909,NONE
инфраструктуры,NOUN,,nsubj,Gen,Fem,Sing,Inan,-0.0092031666107789,NONE
для,ADP,,case,,,,,-0.1589695456626882,NONE
размещения,NOUN,,nmod,Gen,Neut,Sing,Inan,-0.191915684895767,NONE
посетителей,NOUN,,nmod,Gen,Masc,Plur,Anim,0.0517511949734171,NONE
в,ADP,,case,,,,,0.1953539627884031,NONE
таком,DET,,det,Loc,Neut,Sing,,-0.0728968841300827,NONE
большом,ADJ,,amod,Loc,Neut,Sing,,0.1678345093710654,NONE
количестве,NOUN,,nmod,Loc,Neut,Sing,Inan,-0.0421171763994084,NONE
",",PUNCT,,punct,,,,,0.0401227154953462,NONE
так,ADV,,mark,,,,,0.0771363335440687,NONE
как,SCONJ,,fixed,,,,,0.1600609309661053,NONE
чиновники,NOUN,,nsubj,Nom,Masc,Plur,Anim,0.1560035474235837,NONE
",",PUNCT,,punct,,,,,0.1291806491097134,NONE
оценивающие,VERB,,acl,Nom,,Plur,,0.1165157088800272,NONE
500 000,NUM,,nummod,,,,,0.0677965974757126,NONE
новых,ADJ,,amod,Gen,,Plur,,0.0827160784720229,NONE
гостиничных,ADJ,,amod,Gen,,Plur,,0.0840164936290953,NONE
номеров,NOUN,,obl,Gen,Masc,Plur,Inan,0.0699941282575124,NONE
",",PUNCT,,punct,,,,,-0.046688872940708,NONE
потребуются,VERB,,advcl,,,Plur,,0.2056887651119568,NONE
в,ADP,,case,,,,,0.2752192007788996,NONE
течение,NOUN,,fixed,Acc,Neut,Sing,Inan,0.0120038594244447,NONE
ближайшего,ADJ,,amod,Gen,Neut,Sing,,0.0719505136229324,NONE
десятилетия,NOUN,,obl,Gen,Neut,Sing,Inan,0.4045885368026756,NONE
по,ADP,,case,,,,,-0.0119648304616041,NONE
всей,DET,,det,Dat,Fem,Sing,,0.0287830232299247,NONE
стране,NOUN,,obl,Dat,Fem,Sing,Inan,0.4085143526542477,NONE
.,PUNCT,,punct,,,,,-0.0035519103292342,NONE
Мы,PRON,,nsubj,Nom,,Plur,,-0.271086593205491,NONE
никоим,DET,,advmod,Ins,Masc,Sing,,0.0551539912806132,NONE
образом,NOUN,,fixed,Ins,Masc,Sing,Inan,0.1154665763291303,NONE
не,PART,,advmod,,,,,-0.2169532759087682,NONE
можем,VERB,,root,,,Plur,,-0.126595975689203,NONE
позволить,VERB,,xcomp,,,,,0.0336869632342906,NONE
клиентам,NOUN,,iobj,Dat,Masc,Plur,Anim,0.0255322637510696,NONE
просто,PART,,advmod,,,,,0.177325495952023,NONE
болтаться,VERB,,xcomp,,,,,0.5921552935525419,NONE
.,PUNCT,,punct,,,,,0.2316642603769165,NONE
Джонс,PROPN,,nsubj,Nom,Masc,Sing,Anim,0.3124793880808509,PER
сказал,VERB,,root,,Masc,Sing,,0.2672174479783714,NONE
",",PUNCT,,punct,,,,,0.2966129438874967,NONE
что,SCONJ,,mark,,,,,0.0741479677408736,NONE
было,VERB,,ccomp,,Neut,Sing,,0.2027217191600478,NONE
51,NUM,,nummod,,,,,0.1802011999831706,NONE
канадцев,NOUN,,nsubj,Gen,Masc,Plur,Anim,0.1826581243897167,NONE
контракт,NOUN,,nsubj,Nom,Masc,Sing,Inan,0.151414604252637,NONE
с,ADP,,case,,,,,-0.067657429134554,NONE
клубами,NOUN,,nmod,Ins,Masc,Plur,Inan,0.2413910703023878,NONE
MLR,PROPN,,flat:foreign,,,,,0.1413929395109775,ORG
в,ADP,,case,,,,,0.1513508848861897,NONE
прошлом,ADJ,,amod,Loc,Masc,Sing,,-0.0293284180633982,NONE
сезоне,NOUN,,nmod,Loc,Masc,Sing,Inan,0.1435341084603955,NONE
.,PUNCT,,punct,,,,,-0.6145854777498957,NONE
УЕФА,NOUN,,nsubj,Nom,Fem,Sing,Inan,0.0673088433917307,ORG
открыла,VERB,,root,,Fem,Sing,,0.3108198917411857,NONE
регистрацию,NOUN,,obj,Acc,Fem,Sing,Inan,-0.1228321877064945,NONE
для,ADP,,case,,,,,0.0621567049872072,NONE
киберспортивных,ADJ,,amod,Gen,,Plur,,-0.0034157034980979,NONE
участников,NOUN,,nmod,Gen,Masc,Plur,Anim,-0.013114582754343,NONE
",",PUNCT,,punct,,,,,0.2303845112296516,NONE
которые,PRON,,nsubj,Nom,,,,-0.6817018961094111,NONE
будут,AUX,,aux,,,Plur,,-0.2605839141372571,NONE
представлять,VERB,,acl:relcl,,,,,-0.061543036101287,NONE
свои,DET,,det,Acc,,Plur,,-0.0750261307506494,NONE
национальные,ADJ,,amod,Acc,,Plur,Inan,0.0154914208438551,NONE
команды,NOUN,,obj,Acc,Fem,Plur,Inan,-0.0113706455971957,NONE
на,ADP,,case,,,,,-0.0158093142960303,NONE
первом,ADJ,,amod,Loc,Masc,Sing,,-0.010834169702113,NONE
eEURO,PROPN,,flat:foreign,,,,,0.0220311740178861,NONE
2020,NUM,,nummod:entity,,,,,-0.0109242701645987,NONE
",",PUNCT,,punct,,,,,-0.0232286558075538,NONE
а,CCONJ,,cc,,,,,0.008078810645392,NONE
отборочный,ADJ,,amod,Nom,Masc,Sing,,-0.0062800072559932,NONE
этап,NOUN,,nsubj,Nom,Masc,Sing,Inan,-0.0814179402946176,NONE
начнется,VERB,,conj,,,Sing,,-0.0071872266950423,NONE
в,ADP,,case,,,,,0.1458916513286744,NONE
ноябре,NOUN,,obl,Loc,Masc,Sing,Inan,0.048434460356305,NONE
2019,ADJ,,amod,,,,,0.0498003573244046,NONE
года,NOUN,,nmod,Gen,Masc,Sing,Inan,-0.3741092623412815,NONE
.,PUNCT,,punct,,,,,0.0288264380578478,NONE
Только,PART,,advmod,,,,,-0.3485631318033907,NONE
для,ADP,,case,,,,,-0.0145282938894354,NONE
того,PRON,,root,Gen,Neut,Sing,Inan,-0.0837918344116864,NONE
",",PUNCT,,punct,,,,,0.2319584726190016,NONE
чтобы,SCONJ,,mark,,,,,0.0004324630825613,NONE
вернуться,VERB,,advcl,,,,,0.4142124687978321,NONE
через,ADP,,case,,,,,-0.2524332373141428,NONE
пару,NOUN,,obl,Acc,Fem,Sing,Inan,-0.2529158688114971,NONE
минут,NOUN,,nmod,Gen,Fem,Plur,Inan,0.0407154419912611,NONE
и,CCONJ,,cc,,,,,-0.105105242405551,NONE
сказать,VERB,,conj,,,,,-0.1658884887499131,NONE
мне,PRON,,iobj,Dat,,Sing,,-0.1702822863944211,NONE
",",PUNCT,,punct,,,,,0.4148501310079417,NONE
что,SCONJ,,mark,,,,,0.4109104150603514,NONE
их,PRON,,nsubj,Gen,,Plur,,-0.0111569624801215,NONE
там,ADV,,advmod,,,,,-0.1250972011604964,NONE
нет,VERB,,ccomp,,,,,-0.0283228710579914,NONE
.,PUNCT,,punct,,,,,-0.0340808020465718,NONE
Сделка,NOUN,,nsubj:pass,Nom,Fem,Sing,Inan,0.0558312264892119,NONE
будет,AUX,,aux:pass,,,Sing,,-0.0062585812441802,NONE
одобрена,VERB,,root,,Fem,Sing,,0.0376889871956291,NONE
на,ADP,,case,,,,,-0.023724308708667,NONE
встрече,NOUN,,obl,Loc,Fem,Sing,Inan,0.0049145610470426,NONE
совета,NOUN,,nmod,Gen,Masc,Sing,Inan,0.055750044362885,NONE
директоров,NOUN,,nmod,Gen,Masc,Plur,Anim,0.2700536418188669,NONE
компании,NOUN,,nmod,Gen,Fem,Sing,Inan,-0.2673794956155168,NONE
Toyota,PROPN,,flat:foreign,,,,,0.167789912085169,ORG
в,ADP,,case,,,,,0.1143864454662897,NONE
пятницу,NOUN,,obl,Acc,Fem,Sing,Inan,0.3055355451570418,NONE
",",PUNCT,,punct,,,,,0.0198194487468511,NONE
сказали,VERB,,parataxis,,,Plur,,-0.2265807835775139,NONE
источники,NOUN,,nsubj,Nom,Masc,Plur,Inan,0.1144511856045703,NONE
",",PUNCT,,punct,,,,,0.2061431903996863,NONE
пожелавшие,VERB,,acl,Nom,,Plur,,-0.0576831679458338,NONE
остаться,VERB,,xcomp,,,,,0.0553000262225531,NONE
неизвестными,ADJ,,obl,Ins,,Plur,,0.1945059963160066,NONE
",",PUNCT,,punct,,,,,0.0369009972620247,NONE
поскольку,SCONJ,,mark,,,,,-0.090825216526504,NONE
информация,NOUN,,nsubj,Nom,Fem,Sing,Inan,0.0581656068629851,NONE
еще,ADV,,advmod,,,,,0.0388363091631592,NONE
не,PART,,advmod,,,,,-0.1603566926832299,NONE
появилась,VERB,,advcl,,Fem,Sing,,-0.0970299772810932,NONE
в,ADP,,case,,,,,-0.1673504384695259,NONE
отрытом,VERB,,amod,Loc,Masc,Sing,,0.1027533154830007,NONE
доступе,NOUN,,obl,Loc,Masc,Sing,Inan,0.3705559788296804,NONE
.,PUNCT,,punct,,,,,-0.3532179246911184,NONE
"""",PUNCT,,punct,,,,,0.1887019551883814,NONE
Так,ADV,,root,,,,,-0.0451054572922336,NONE
",",PUNCT,,punct,,,,,0.0775891505104225,NONE
будь,AUX,,cop,,,Sing,,0.0223455040870016,NONE
то,PRON,,nsubj,Nom,Neut,Sing,Inan,-0.005866489483019,NONE
Хафиз,PROPN,,nsubj,Nom,Masc,Sing,Anim,0.0332846214667849,PER
Саид,PROPN,,flat:name,Nom,Masc,Sing,Anim,0.1092901274344348,PER
",",PUNCT,,punct,,,,,0.0849620442980591,NONE
который,PRON,,nsubj,Nom,Masc,Sing,,-0.0252843308048619,NONE
сейчас,ADV,,advmod,,,,,-0.0126497050598003,NONE
находится,VERB,,acl:relcl,,,Sing,,0.0226811009121339,NONE
под,ADP,,case,,,,,0.0698660947411723,NONE
арестом,NOUN,,obl,Ins,Masc,Sing,Inan,-0.0144236000970978,NONE
и,CCONJ,,cc,,,,,-0.2887376072475265,NONE
под,ADP,,case,,,,,0.0941811629117885,NONE
уголовным,ADJ,,amod,Ins,Neut,Sing,,0.1057062426680312,NONE
преследованием,NOUN,,conj,Ins,Neut,Sing,Inan,0.1285520829943684,NONE
",",PUNCT,,punct,,,,,0.1945633756824502,NONE
но,CCONJ,,cc,,,,,0.1215324829658522,NONE
также,PART,,advmod,,,,,0.0484963771206566,NONE
лидеры,NOUN,,conj,Nom,Masc,Plur,Anim,0.2071727758855978,NONE
Джаиш-е-Мухаммеда,PROPN,,nmod,Gen,Masc,Sing,Inan,0.1117339997291846,NONE
",",PUNCT,,punct,,,,,0.0349476745104017,NONE
как,SCONJ,,case,,,,,0.1155805293617885,NONE
Масуд,PROPN,,nmod,Nom,Masc,Sing,Anim,0.1288609281518609,PER
Ажар,PROPN,,flat:name,Nom,Masc,Sing,Anim,0.0769558233406365,PER
",",PUNCT,,punct,,,,,0.1163660155032317,NONE
которые,PRON,,nsubj,Nom,,Plur,,0.0565337281660522,NONE
долгое,ADJ,,amod,Acc,Neut,Sing,,0.0464170474617517,NONE
время,NOUN,,obl,Acc,Neut,Sing,Inan,-0.0320124164066684,NONE
могли,VERB,,acl:relcl,,,Plur,,-0.1838975485628596,NONE
эксплуатировать,VERB,,xcomp,,,,,0.0190836508515619,NONE
свое,DET,,det,Acc,Neut,Sing,,-0.0624344544907872,NONE
присутствие,NOUN,,obj,Acc,Neut,Sing,Inan,-0.0601496063108431,NONE
на,ADP,,case,,,,,0.1543038614910245,NONE
пакистанской,ADJ,,amod,Loc,Fem,Sing,,-0.0269894065505353,NONE
земле,NOUN,,nmod,Loc,Fem,Sing,Inan,-0.0047405251590684,NONE
",",PUNCT,,punct,,,,,0.2276608609524933,NONE
"""",PUNCT,,punct,,,,,-0.0252722645964636,NONE
"""",PUNCT,,punct,,,,,0.0162170307140542,NONE
сказала,VERB,,parataxis,,Fem,Sing,,0.1409823535238522,NONE
она,PRON,,nsubj,Nom,Fem,Sing,,0.0760197749533172,NONE
.,PUNCT,,punct,,,,,0.1664500469706712,NONE
"""",PUNCT,,root,,,,,-0.4261880404766849,NONE
Набор,NOUN,,nsubj,Nom,Masc,Sing,Inan,0.0432236435422745,NONE
выдвижных,ADJ,,amod,Gen,,Plur,,0.1800969010024653,NONE
трубок,NOUN,,nmod,Gen,Fem,Plur,Inan,0.2334648589525506,NONE
не,PART,,advmod,,,,,0.1160424435932658,NONE
влияет,VERB,,root,,,Sing,,-0.469423853755783,NONE
на,ADP,,case,,,,,0.0649745339727822,NONE
качество,NOUN,,obl,Acc,Neut,Sing,Inan,0.1385317844708089,NONE
изображения,NOUN,,nmod,Gen,Neut,Sing,Inan,0.1105946189416796,NONE
",",PUNCT,,punct,,,,,0.2130643184044067,NONE
так,ADV,,mark,,,,,-0.061970336805227,NONE
как,SCONJ,,fixed,,,,,0.0774557204689027,NONE
внутри,ADV,,advmod,,,,,-0.0424483784301632,NONE
нет,VERB,,advcl,,,Sing,,-0.2572614667692076,NONE
оптики,NOUN,,nsubj,Gen,Fem,Sing,Inan,0.4498927145532801,NONE
.,PUNCT,,punct,,,,,0.3467897462012002,NONE
В,ADP,,advmod,,,,,-0.071328880795455,NONE
настоящее,ADJ,,fixed,Acc,Neut,Sing,Inan,-0.1439457475025864,NONE
время,NOUN,,fixed,Acc,Neut,Sing,Inan,-0.021674745281573,NONE
на,ADP,,case,,,,,-0.1402520876963069,NONE
рынке,NOUN,,obl,Loc,Masc,Sing,Inan,0.0750648604886419,NONE
на,ADP,,case,,,,,-0.0940154688645058,NONE
400,NUM,,nummod,,,,,0.0406391008181063,NONE
новых,ADJ,,amod,Gen,,Plur,,0.0321615022343708,NONE
объявлений,NOUN,,obl,Gen,Neut,Plur,Inan,0.0260188028728007,NONE
в,ADP,,case,,,,,-0.0644893323301937,NONE
этом,DET,,det,Loc,Masc,Sing,,-0.0381926938892785,NONE
году,NOUN,,obl,Loc,Masc,Sing,Inan,-0.0195955889186963,NONE
меньше,ADJ,,root,,,,,0.019477815828649,NONE
по,ADP,,case,,,,,0.0750554264782132,NONE
сравнению,NOUN,,fixed,Dat,Neut,Sing,Inan,0.0401108662011226,NONE
с,ADP,,fixed,,,,,0.0483112802930585,NONE
1805,NUM,,obl,,,,,0.1974536807571787,NONE
в,ADP,,case,,,,,0.0445811168417626,NONE
то,DET,,det,Acc,Neut,Sing,,0.0024288569482356,NONE
же,PART,,advmod,,,,,0.1037553876920708,NONE
время,NOUN,,nmod,Acc,Neut,Sing,Inan,0.1288686543338892,NONE
в,ADP,,case,,,,,0.1503458573368758,NONE
прошлом,ADJ,,amod,Loc,Masc,Sing,,0.0146547887105402,NONE
году,NOUN,,nmod,Loc,Masc,Sing,Inan,0.108354006856825,NONE
",",PUNCT,,punct,,,,,0.5778280190081742,NONE
по,ADP,,case,,,,,-0.0774232848217411,NONE
данным,NOUN,,parataxis,Dat,,Plur,Inan,-0.0998580888018823,NONE
CoreLogic,PROPN,,flat:foreign,,,,,0.1318827927800779,ORG
.,PUNCT,,punct,,,,,0.5917489771143217,NONE
Комментируя,VERB,,advcl,,,,,0.0782883378390957,NONE
артистическое,ADJ,,amod,Acc,Neut,Sing,,0.1215487738443677,NONE
братство,NOUN,,obj,Acc,Neut,Sing,Inan,0.1253513132305178,NONE
",",PUNCT,,punct,,,,,-0.1672661340619936,NONE
которое,PRON,,nsubj,Nom,Neut,Sing,,0.0368462769628298,NONE
заняло,VERB,,acl:relcl,,Neut,Sing,,0.2112164481006834,NONE
центральное,ADJ,,amod,Acc,Neut,Sing,,0.1089599871654698,NONE
место,NOUN,,obj,Acc,Neut,Sing,Inan,0.1622413757418946,NONE
в,ADP,,case,,,,,0.0455153929873437,NONE
волнении,NOUN,,nmod,Loc,Neut,Sing,Inan,0.1284836262541072,NONE
2019,ADJ,,amod,,,,,0.3404857324821291,NONE
года,NOUN,,nmod,Gen,Masc,Sing,Inan,0.0257209371816141,NONE
",",PUNCT,,punct,,,,,0.3777018657160464,NONE
он,PRON,,nsubj,Nom,Masc,Sing,,-0.1408929474010134,NONE
сказал,VERB,,root,,Masc,Sing,,0.0495892775727311,NONE
:,PUNCT,,punct,,,,,-0.0408434529619857,NONE
«Мы,PRON,,nsubj,Nom,,Plur,,0.0676960597932878,NONE
не,PART,,advmod,,,,,-0.0518912832184522,NONE
можем,VERB,,parataxis,,,Plur,,-0.0152100253003064,NONE
ожидать,VERB,,xcomp,,,,,0.0070261690836847,NONE
",",PUNCT,,punct,,,,,0.0218566146374349,NONE
что,SCONJ,,mark,,,,,0.4366051641179743,NONE
они,PRON,,nsubj,Nom,,Plur,,0.086897862478272,NONE
организуют,VERB,,ccomp,,,Plur,,0.1314765013445572,NONE
агитацию,NOUN,,obj,Acc,Fem,Sing,Inan,0.0413357030483542,NONE
.,PUNCT,,punct,,,,,-0.3195659686202858,NONE
Государственный,ADJ,,amod,Nom,Masc,Sing,,0.1616225523852216,NONE
долг,NOUN,,nsubj,Nom,Masc,Sing,Inan,-0.1156621248851273,NONE
будет,AUX,,aux,,,Sing,,-0.1603896131015869,NONE
расти,VERB,,root,,,,,0.1117008500546975,NONE
",",PUNCT,,punct,,,,,0.2589042996530419,NONE
создавая,VERB,,advcl,,,,,0.1491182319944184,NONE
финансовые,ADJ,,amod,Acc,,Plur,Inan,-0.2231870682469267,NONE
проблемы,NOUN,,obj,Acc,Fem,Plur,Inan,-0.1700708665905393,NONE
по,ADP,,case,,,,,-0.0480387017065197,NONE
всему,DET,,det,Dat,Masc,Sing,,-0.0039191866532179,NONE
миру,NOUN,,obl,Dat,Masc,Sing,Inan,0.3743232416442409,NONE
.,PUNCT,,punct,,,,,-0.112316035992832,NONE
Часть,NOUN,,nsubj:pass,Nom,Fem,Sing,Inan,0.0258467374842335,NONE
этих,DET,,det,Gen,,Plur,,0.0421807669066045,NONE
платежей,NOUN,,nmod,Gen,Masc,Plur,Inan,0.0205665603668023,NONE
была,AUX,,aux:pass,,Fem,Sing,,0.0276838607430948,NONE
произведена,VERB,,root,,Fem,Sing,,-0.0697841968674566,NONE
на,ADP,,case,,,,,-0.1245519992344515,NONE
счет,NOUN,,obl,Acc,Masc,Sing,Inan,-0.0901003117903122,NONE
в,ADP,,case,,,,,0.0184002259356624,NONE
Bank,PROPN,,flat:foreign,,,,,-0.1138461438877759,ORG
of,X,,flat:foreign,,,,,-0.1796185032123819,ORG
Singapore,PROPN,,flat:foreign,,,,,-0.1185393889325568,ORG
",",PUNCT,,punct,,,,,0.100792496719192,NONE
принадлежащий,VERB,,acl,Acc,Masc,Sing,Inan,-0.0293509228292814,NONE
компании,NOUN,,iobj,Dat,Fem,Sing,Inan,-0.0995380693032251,NONE
Asiafield,PROPN,,flat:foreign,,,,,-0.0409843234923633,ORG
Limited,PROPN,,flat:foreign,,,,,0.021788855534109,ORG
",",PUNCT,,punct,,,,,0.3115874085150461,NONE
зарегистрированной,VERB,,acl,Gen,Fem,Sing,,0.1537020164021055,NONE
на,ADP,,case,,,,,-0.0555172559484768,NONE
Британских,ADJ,,amod,Loc,,Plur,,0.075634756479171,LOC
Виргинских,PROPN,,amod,,,,,0.0266683779031751,LOC
островах,NOUN,,obl,Loc,Masc,Plur,Inan,0.0337511973742422,LOC
и,CCONJ,,cc,,,,,-0.1142585369949709,NONE
бенефициарно,ADV,,advmod,,,,,0.0321945307311021,NONE
принадлежащей,VERB,,conj,Loc,Fem,Sing,,-0.0175632654988551,NONE
Deepak,PROPN,,flat:foreign,,,,,0.0307088912049243,ORG
Talwar,PROPN,,flat:foreign,,,,,0.0046899549256154,ORG
",",PUNCT,,punct,,,,,0.2158687998706456,NONE
-,PUNCT,,punct,,,,,0.2888195844637771,NONE
добавили,VERB,,parataxis,,,Plur,,-0.0043944408199577,NONE
в,ADP,,case,,,,,0.0781840917568552,NONE
нем,PRON,,obl,Loc,Masc,Sing,,-0.0117764941140567,NONE
.,PUNCT,,punct,,,,,0.0911044843768365,NONE
Причина,NOUN,,nsubj,Nom,Fem,Sing,Inan,0.275520489638392,NONE
",",PUNCT,,punct,,,,,-0.016070498790801,NONE
по,ADP,,case,,,,,0.0263979351574839,NONE
которой,PRON,,obl,Dat,,,,-0.0705973485919048,NONE
я,PRON,,nsubj,Nom,,Sing,,0.1604082687719539,NONE
раскрываю,VERB,,acl:relcl,,,Sing,,0.0559801843504448,NONE
эту,DET,,det,Acc,Fem,Sing,,-0.0145138271191001,NONE
технологию,NOUN,,obj,Acc,Fem,Sing,Inan,0.119777642267867,NONE
",",PUNCT,,punct,,,,,0.1672223268826325,NONE
заключается,VERB,,root,,,Sing,,0.0070183545711578,NONE
в,ADP,,case,,,,,0.0799921242809959,NONE
том,PRON,,obl,Loc,Neut,Sing,Inan,0.0260963765558975,NONE
",",PUNCT,,punct,,,,,0.2453156460314883,NONE
чтобы,SCONJ,,mark,,,,,-0.088749152747339,NONE
поделиться,VERB,,advcl,,,,,0.0093853418262155,NONE
ею,PRON,,obl,Ins,Fem,Sing,,0.0843630237001254,NONE
с,ADP,,case,,,,,-0.0563816794981187,NONE
другими,ADJ,,obl,Ins,,Plur,,0.0637464950661119,NONE
",",PUNCT,,punct,,,,,0.2610576183987307,NONE
чтобы,SCONJ,,mark,,,,,-0.1769495521814829,NONE
разработать,VERB,,advcl,,,,,0.0783604585117044,NONE
более,ADV,,obl,,,,,-0.0859877401838397,NONE
совершенные,ADJ,,amod,Acc,,Plur,Inan,0.0854863604300484,NONE
технологии,NOUN,,obj,Acc,Fem,Plur,Inan,0.0685177057231798,NONE
для,ADP,,case,,,,,-0.0774776990821893,NONE
преодоления,NOUN,,nmod,Gen,Neut,Sing,Inan,0.0359815794414587,NONE
COVID-19,PROPN,,flat:foreign,,,,,0.1143196061100171,NONE
и,CCONJ,,cc,,,,,-0.0204456729507882,NONE
позволить,VERB,,conj,,,,,0.028259073563053,NONE
слаборазвитым,ADJ,,amod,Dat,,Plur,,0.1166467674431938,NONE
странам,NOUN,,iobj,Dat,Fem,Plur,Inan,0.0709191222174009,NONE
также,ADV,,advmod,,,,,0.0123597089678852,NONE
анализировать,VERB,,xcomp,,,,,0.1003228978047249,NONE
варианты,NOUN,,obj,Acc,Masc,Plur,Inan,0.0788959712545874,NONE
COVID-19,PROPN,,flat:foreign,,,,,0.1859163862711345,NONE
.,PUNCT,,punct,,,,,-0.4988442975025781,NONE
Повестка,NOUN,,nsubj,Nom,Fem,Sing,Inan,0.5428865811189506,NONE
дня,NOUN,,nmod,Gen,Masc,Sing,Inan,-0.094583741606032,NONE
собрания,NOUN,,nmod,Gen,Neut,Sing,Inan,-0.0413197058647433,NONE
также,ADV,,advmod,,,,,0.0585307462500142,NONE
включает,VERB,,root,,,Sing,,0.0418006651195163,NONE
предложение,NOUN,,obj,Acc,Neut,Sing,Inan,-0.0421026486275698,NONE
для,ADP,,case,,,,,-0.0531382093973402,NONE
ИИТ,PROPN,,nmod,Gen,Fem,Sing,Inan,-0.0858428540522004,ORG
рассмотреть,VERB,,obl,,,,,0.0111712451982354,NONE
возможность,NOUN,,obj,Acc,Fem,Sing,Inan,0.1346611019383396,NONE
предоставления,NOUN,,nmod,Gen,Neut,Sing,Inan,-0.0588543759609698,NONE
студентам,NOUN,,iobj,Dat,Masc,Plur,Anim,0.0109241899620555,NONE
возможности,NOUN,,nmod,Gen,Fem,Sing,Inan,0.1067425260872549,NONE
закончить,VERB,,obl,,,,,-0.0118818118464316,NONE
курс,NOUN,,obj,Acc,Masc,Sing,Inan,-0.1299743636290403,NONE
после,ADP,,case,,,,,-0.0605566350660637,NONE
шести,NUM,,nummod,Gen,,,,-0.0685981445631057,NONE
семестров,NOUN,,obl,Gen,Masc,Plur,Inan,-0.0785848085796591,NONE
",",PUNCT,,punct,,,,,0.4526884448534912,NONE
а,CCONJ,,cc,,,,,0.047609474952198,NONE
не,PART,,advmod,,,,,0.1694423284201235,NONE
бросать,VERB,,conj,,,,,0.0994171564372046,NONE
учебу,NOUN,,obj,Acc,Fem,Sing,Inan,0.0014658731720774,NONE
.,PUNCT,,punct,,,,,-0.0172035444458657,NONE
В,ADP,,case,,,,,0.3535752744960996,NONE
рамках,NOUN,,obl,Loc,Fem,Plur,Inan,-0.0670428257279523,NONE
учебной,ADJ,,amod,Gen,Fem,Sing,,-0.0120392711578825,NONE
программы,NOUN,,nmod,Gen,Fem,Sing,Inan,0.1607443330530643,NONE
первое,ADJ,,amod,Nom,Neut,Sing,,0.0631782402698605,NONE
занятие,NOUN,,nsubj:pass,Nom,Neut,Sing,Inan,0.3689000269435846,NONE
проводится,VERB,,root,,,Sing,,0.0074985417706958,NONE
в,ADP,,case,,,,,-0.3382631269132901,NONE
Такоте,PROPN,,obl,Loc,Masc,Sing,Inan,0.0479975402543335,LOC
",",PUNCT,,punct,,,,,0.0110012127645188,NONE
а,CCONJ,,cc,,,,,-0.0802084064674498,NONE
затем,ADV,,orphan,,,,,0.1676969116300482,NONE
в,ADP,,case,,,,,-0.2306235478467236,NONE
Мердике,PROPN,,conj,Loc,Masc,Sing,Inan,-0.0626748236462035,LOC
.,PUNCT,,punct,,,,,0.4946825327520665,NONE
Именно,PART,,advmod,,,,,-0.214861277868428,NONE
из-за,ADP,,case,,,,,0.2680738258926698,NONE
их,DET,,det,,,,,0.1391474388288735,NONE
анти-козырной,ADJ,,amod,Gen,Fem,Sing,,0.1107049776429031,NONE
направленности,NOUN,,obl,Gen,Fem,Sing,Inan,-0.0246509400381983,NONE
",",PUNCT,,punct,,,,,0.0120286275818823,NONE
сказал,VERB,,parataxis,,Masc,Sing,,0.0611612879366718,NONE
он,PRON,,nsubj,Nom,Masc,Sing,,0.1121101280894642,NONE
на,ADP,,case,,,,,0.0694411133977147,NONE
этой,DET,,det,Loc,Fem,Sing,,0.1363048203466906,NONE
неделе,NOUN,,obl,Loc,Fem,Sing,Inan,0.1420168398303483,NONE
в,ADP,,case,,,,,0.094887943922474,NONE
программе,NOUN,,obl,Loc,Fem,Sing,Inan,-0.0253915317532049,NONE
Fox,PROPN,,flat:foreign,,,,,-0.1932541106747713,ORG
Tucker,PROPN,,flat:foreign,,,,,-0.0306225049291895,ORG
Carlson,PROPN,,flat:foreign,,,,,-0.0681973288121438,ORG
Tonight,PROPN,,flat:foreign,,,,,-0.0478214176829879,ORG
",",PUNCT,,punct,,,,,0.2409861377054646,NONE
журналисты,NOUN,,nsubj,Nom,Masc,Plur,Anim,0.053875046248401,NONE
пренебрегают,VERB,,root,,,Plur,,-0.1376831970491139,NONE
сбором,NOUN,,obl,Ins,Masc,Sing,Inan,0.0916502074171349,NONE
политических,ADJ,,amod,Gen,,Plur,,0.030620577194801,NONE
новостей,NOUN,,nmod,Gen,Fem,Plur,Inan,0.3875290508802789,NONE
.,PUNCT,,punct,,,,,-0.0140684800130372,NONE
Кадлоу,PROPN,,nsubj,Nom,Masc,Sing,Anim,0.1089520500672708,NONE
говорит,VERB,,root,,,Sing,,-0.0008937066879879,NONE
",",PUNCT,,punct,,,,,0.0704502788274901,NONE
что,SCONJ,,mark,,,,,0.4134801551510594,NONE
следующий,ADJ,,amod,Nom,Masc,Sing,,0.1686576264789648,NONE
законопроект,NOUN,,nsubj,Nom,Masc,Sing,Inan,0.0565114210870923,NONE
о,ADP,,case,,,,,0.085010472106615,NONE
стимулировании,NOUN,,nmod,Loc,Neut,Sing,Inan,0.0281709880631666,NONE
коронавируса,NOUN,,nmod,Gen,Masc,Sing,Inan,0.0803929575527959,NONE
будет,AUX,,aux,,,Sing,,-0.2537743516343667,NONE
включать,VERB,,ccomp,,,,,0.0662530620721655,NONE
больше,ADV,,advmod,,,,,0.0361835121756884,NONE
проверок,NOUN,,obl,Gen,Fem,Plur,Inan,0.0232985625082301,NONE
",",PUNCT,,punct,,,,,-0.6826421487249538,NONE
продлит,VERB,,conj,,,Sing,,0.0359257283432202,NONE
мораторий,NOUN,,obj,Acc,Masc,Sing,Inan,0.051448577624484,NONE
на,ADP,,case,,,,,0.0160835473880453,NONE
выселения,NOUN,,nmod,Acc,Neut,Plur,Inan,0.178223165562115,NONE
Настройте,VERB,,root,,,Plur,,0.2055467866812645,PER
выравнивание,NOUN,,obj,Acc,Neut,Sing,Inan,0.0019884397292625,NONE
текста,NOUN,,nmod,Gen,Masc,Sing,Inan,-0.0949774387168955,NONE
:,PUNCT,,punct,,,,,0.1653417669513865,NONE
в,ADP,,case,,,,,0.1329118921910188,NONE
пункте,NOUN,,obl,Loc,Masc,Sing,Inan,-0.1199178616407473,NONE
«Выравнивание»,NOUN,,nmod,Nom,Neut,Sing,Inan,0.1268140952453757,NONE
выберите,VERB,,parataxis,,,Plur,,0.0549868210407491,NONE
тип,NOUN,,obj,Acc,Masc,Sing,Inan,-0.2744560508513796,NONE
выравнивания,NOUN,,nmod,Gen,Neut,Sing,Inan,0.1536452507195513,NONE
.,PUNCT,,punct,,,,,0.3067386826381545,NONE
Риски,NOUN,,nsubj:pass,Nom,Masc,Plur,Inan,0.4997323990774309,NONE
",",PUNCT,,punct,,,,,-0.0610342188937626,NONE
связанные,VERB,,acl,Nom,,Plur,,-0.0180076801982746,NONE
с,ADP,,case,,,,,0.0295963786982434,NONE
отключением,NOUN,,obl,Ins,Neut,Sing,Inan,0.0299840718420407,NONE
электричества,NOUN,,nmod,Gen,Neut,Sing,Inan,0.0027178643911645,NONE
",",PUNCT,,punct,,,,,-0.0901624225043802,NONE
присущие,ADJ,,amod,Nom,,Plur,,0.0487596582354957,NONE
системе,NOUN,,iobj,Dat,Fem,Sing,Inan,-0.0441343896713871,NONE
трансляционного,ADJ,,amod,Gen,Masc,Sing,,0.0944825798700652,NONE
комплекса,NOUN,,nmod,Gen,Masc,Sing,Inan,0.0060055844258982,NONE
стадиона,NOUN,,nmod,Gen,Masc,Sing,Inan,0.0450447842224899,NONE
"""",PUNCT,,punct,,,,,-0.0589960440497022,NONE
"""",PUNCT,,punct,,,,,0.0995421917546284,NONE
Габба,PROPN,,appos,,,,,0.0175033712941791,ORG
"""",PUNCT,,punct,,,,,0.1003892153681459,NONE
"""",PUNCT,,punct,,,,,0.2494829841318136,NONE
",",PUNCT,,punct,,,,,-0.0243913543629571,NONE
вряд,ADV,,advmod,,,,,-0.0198238021681151,NONE
ли,PART,,fixed,,,,,0.007359838139299,NONE
будут,AUX,,aux:pass,,,Plur,,-0.0159230331503382,NONE
устранены,VERB,,root,,,Plur,,0.0947310158723041,NONE
до,ADP,,case,,,,,0.0685097405253606,NONE
начала,NOUN,,obl,Gen,Neut,Sing,Inan,-0.0707607633057468,NONE
следующей,ADJ,,amod,Gen,Fem,Sing,,-0.0399811901973916,NONE
серии,NOUN,,nmod,Gen,Fem,Sing,Inan,-0.05906360245917,NONE
игр,NOUN,,nmod,Gen,Fem,Plur,Inan,-0.0456482758991631,NONE
"""",PUNCT,,punct,,,,,-0.3645170031054891,NONE
"""",PUNCT,,punct,,,,,-0.0425752313770976,NONE
Эшс,PROPN,,appos,,,,,0.0461827521509402,ORG
"""",PUNCT,,punct,,,,,-0.0307213266761705,NONE
"""",PUNCT,,punct,,,,,0.0123990344466701,NONE
",",PUNCT,,punct,,,,,-0.0462103851038611,NONE
поскольку,SCONJ,,mark,,,,,-0.0243229085342235,NONE
руководство,NOUN,,nsubj,Nom,Neut,Sing,Inan,-0.072158827424852,NONE
крикета,NOUN,,nmod,Gen,Masc,Sing,Inan,0.0162579363408053,NONE
ожидает,VERB,,advcl,,,Sing,,-0.1051339586876851,NONE
более,ADV,,obl,,,,,-0.0923426245279055,NONE
подробной,ADJ,,amod,Gen,Fem,Sing,,0.0453329556274171,NONE
информации,NOUN,,obl,Gen,Fem,Sing,Inan,-0.0575958449197168,NONE
о,ADP,,case,,,,,-0.022881128113148,NONE
планах,NOUN,,nmod,Loc,Masc,Plur,Inan,0.0160614249421542,NONE
масштабной,ADJ,,amod,Gen,Fem,Sing,,-0.0291022090123085,NONE
модернизации,NOUN,,nmod,Gen,Fem,Sing,Inan,0.0166324559238823,NONE
стадиона,NOUN,,nmod,Gen,Masc,Sing,Inan,0.0136095047180258,NONE
для,ADP,,case,,,,,0.0218346228570117,NONE
проведения,NOUN,,nmod,Gen,Neut,Sing,Inan,-0.0496152842970301,NONE
Олимпийских,ADJ,,amod,Gen,,Plur,,-0.0239196685188774,NONE
игр,NOUN,,nmod,Gen,Fem,Plur,Inan,-0.0969856640914773,NONE
2032,ADJ,,amod,,,,,-0.0644466860435791,NONE
года,NOUN,,nmod,Gen,Masc,Sing,Inan,-0.0361376642164545,NONE
.,PUNCT,,punct,,,,,-0.0851597569234195,NONE
"""",PUNCT,,root,,,,,0.1785605557626927,NONE
Об,ADP,,case,,,,,-0.0965972260083436,NONE
этом,PRON,,obl,Loc,Neut,Sing,Inan,-0.12378028880595,NONE
ранее,ADV,,advmod,,,,,-0.0774733037097193,NONE
на,ADP,,case,,,,,0.0300619218392701,NONE
этой,DET,,det,Loc,Fem,Sing,,-0.0541068662221462,NONE
неделе,NOUN,,obl,Loc,Fem,Sing,Inan,-0.0204152395644691,NONE
заявил,VERB,,root,,Masc,Sing,,0.1262379088056115,NONE
Оуэн,PROPN,,nsubj,Nom,Masc,Sing,Anim,0.0518287048675722,PER
Джерри,PROPN,,flat:name,Nom,Masc,Sing,Anim,0.0796045793099287,PER
Джонс,PROPN,,flat:name,Nom,Masc,Sing,Anim,0.1736251869891208,PER
в,ADP,,case,,,,,0.0237703512516862,NONE
эфире,NOUN,,obl,Loc,Masc,Sing,Inan,0.187579058515659,NONE
105,NUM,,nummod:entity,,,,,0.0294633028536633,ORG
.,PUNCT,,punct,,,,,0.0259744226600285,ORG
3,NUM,,root,,,,,0.0360775574751114,ORG
FM,PROPN,,flat:foreign,,,,,0.1921280134245413,ORG
в,ADP,,case,,,,,0.0085835293073509,NONE
Далласе,PROPN,,nmod,Loc,Masc,Sing,Inan,0.1516415094426624,LOC
:,PUNCT,,punct,,,,,0.0610604039460918,NONE
"""",PUNCT,,punct,,,,,-0.0328811064082173,NONE
"""",PUNCT,,punct,,,,,0.0151501050556409,NONE
Мы,PRON,,nsubj,Nom,,Plur,,-0.0785571686818506,NONE
всегда,ADV,,advmod,,,,,0.000682472107644,NONE
продавали,VERB,,parataxis,,,Plur,,0.0761954741021127,NONE
больше,ADV,,advmod,,,,,-0.0157489178479469,NONE
ковбойских,ADJ,,amod,Gen,,Plur,,0.0691178448660332,NONE
шляпок,NOUN,,obl,Gen,Fem,Plur,Inan,0.0771808331055739,NONE
",",PUNCT,,punct,,,,,0.0560017758054546,NONE
кепок,NOUN,,conj,Gen,Fem,Plur,Inan,0.0798300001703136,NONE
",",PUNCT,,punct,,,,,0.0724658606646501,NONE
футболок,NOUN,,conj,Gen,Fem,Plur,Inan,0.1891413151597143,NONE
.,PUNCT,,punct,,,,,-0.3010268915581024,NONE
"""",PUNCT,,root,,,,,0.5900158401827136,NONE
Пожалуйста,ADV,,parataxis,,,,,0.0483081725145087,NONE
",",PUNCT,,punct,,,,,0.1162867720932301,NONE
используйте,VERB,,root,,,Plur,,0.1196504465425183,NONE
функцию,NOUN,,obj,Acc,Fem,Sing,Inan,-0.1211668953380863,NONE
“добавить,VERB,,xcomp,,,,,0.0922329119046211,NONE
в,ADP,,case,,,,,0.1234359446158593,NONE
корзину”,NOUN,,obl,Acc,Fem,Sing,Inan,0.201308551576369,NONE
",",PUNCT,,punct,,,,,0.2844895299032338,NONE
чтобы,SCONJ,,mark,,,,,0.1975034651188612,NONE
ваш,DET,,det,Nom,Masc,Sing,,0.1987042825649276,NONE
заказ,NOUN,,nsubj,Nom,Masc,Sing,Inan,0.2339700129639615,NONE
остался,VERB,,advcl,,Masc,Sing,,0.3843661641771474,NONE
вместе,ADV,,advmod,,,,,0.1363031374962004,NONE
.,PUNCT,,punct,,,,,0.0118205427226761,NONE
Но,CCONJ,,cc,,,,,0.484719219235284,NONE
Интер,PROPN,,nsubj,Nom,Masc,Sing,Inan,-0.276588622955535,ORG
Милан,PROPN,,appos,Nom,Masc,Sing,Inan,0.1321040435706592,LOC
продолжает,VERB,,root,,,Sing,,0.0481427162153114,NONE
просить,VERB,,xcomp,,,,,0.017853805201288,NONE
",",PUNCT,,punct,,,,,0.1640194372829027,NONE
чтобы,SCONJ,,mark,,,,,-0.0024647257660591,NONE
его,DET,,det,,,,,-0.0545506229009827,NONE
пункт,NOUN,,nsubj:pass,Nom,Masc,Sing,Inan,-0.0961960957502462,NONE
об,ADP,,case,,,,,-0.0007498882038414,NONE
освобождении,NOUN,,nmod,Loc,Neut,Sing,Inan,-0.0989474180305942,NONE
101,NUM,,nummod,,,,,-0.0547476444285068,NONE
миллиона,NOUN,,nummod,Gen,Masc,Sing,Inan,0.0775438515622731,NONE
фунтов,NOUN,,nmod,Gen,Masc,Plur,Inan,0.1053689110496634,NONE
стерлингов,NOUN,,nmod,Gen,Masc,Plur,Inan,0.0966613222093184,NONE
был,AUX,,aux:pass,,Masc,Sing,,-0.3154423753285712,NONE
соблюдено,VERB,,ccomp,,Neut,Sing,,0.0895796475055053,NONE
перед,ADP,,case,,,,,-0.02256896190741,NONE
переговорами,NOUN,,obl,Ins,Masc,Plur,Inan,0.026308655995122,NONE
с,ADP,,case,,,,,-0.0462769109950358,NONE
каталонцами,NOUN,,nmod,Ins,Masc,Plur,Anim,0.0827443095453266,NONE
.,PUNCT,,punct,,,,,-0.2539237868329647,NONE
Пожалуйста,ADV,,parataxis,,,,,0.1072297293162841,NONE
",",PUNCT,,punct,,,,,-0.0481455792793317,NONE
выполните,VERB,,root,,,Plur,,0.0624645587381988,NONE
действия,NOUN,,obj,Acc,Neut,Plur,Inan,0.0501085878414258,NONE
",",PUNCT,,punct,,,,,0.0083217091327609,NONE
указанные,VERB,,acl,Acc,,Plur,Inan,-0.1410900954339388,NONE
ниже,ADV,,advmod,,,,,0.0551857157336162,NONE
",",PUNCT,,punct,,,,,-0.0136207630092413,NONE
чтобы,SCONJ,,mark,,,,,0.0270136316886974,NONE
выполнить,VERB,,advcl,,,,,0.065839454496471,NONE
ремонт,NOUN,,obj,Acc,Masc,Sing,Inan,0.156071872223101,NONE
синхронизации,NOUN,,nmod,Gen,Fem,Sing,Inan,0.1430449585734689,NONE
на,ADP,,case,,,,,-0.2100510657839741,NONE
вашем,DET,,det,Loc,Masc,Sing,,0.2395977208559694,NONE
#PRS,PROPN,,flat:foreign,,,,,0.259628113429824,ORG
_,SYM,,flat:foreign,,,,,0.1652854606629671,NONE
ORG,PROPN,,flat:foreign,,,,,0.5086636909887635,NONE
#,PUNCT,,punct,,,,,0.3054506230366025,NONE
(,PUNCT,,punct,,,,,0.1803737805638282,NONE
вам,PRON,,iobj,Dat,,Plur,,0.1311715003919831,NONE
понадобится,VERB,,parataxis,,,Sing,,0.2649387205022793,NONE
Wi-Fi,PROPN,,nsubj,,,,,0.1204794269936293,NONE
соединение,NOUN,,nsubj,Nom,Neut,Sing,Inan,0.1734696847236005,NONE
перед,ADP,,case,,,,,-0.1046404876206549,NONE
запуском,NOUN,,nmod,Ins,Masc,Sing,Inan,-0.0093913206782609,NONE
),PUNCT,,punct,,,,,0.0542310632649341,NONE
:,PUNCT,,punct,,,,,-0.1420976506022174,NONE
С,ADP,,case,,,,,0.0582365969023494,NONE
обеих,NUM,,nummod,Gen,Fem,,,0.3247441690245059,NONE
сторон,NOUN,,obl,Gen,Fem,Plur,Inan,0.1483989076798957,NONE
произносились,VERB,,root,,,Plur,,0.0340969300305899,NONE
яростные,ADJ,,amod,Nom,,Plur,,-0.0582817745650304,NONE
речи,NOUN,,nsubj:pass,Nom,Fem,Plur,Inan,-0.2419515115768801,NONE
",",PUNCT,,punct,,,,,0.2088635159069804,NONE
эмоции,NOUN,,nsubj:pass,Nom,Fem,Plur,Inan,0.2175075501697688,NONE
были,AUX,,aux:pass,,,Plur,,0.1560709519865434,NONE
раскалены,VERB,,conj,,,Plur,,-0.0772301462382811,NONE
до,ADP,,case,,,,,-0.0098612852896977,NONE
предела,NOUN,,obl,Gen,Masc,Sing,Inan,-0.0614492758159879,NONE
",",PUNCT,,punct,,,,,0.2523729187496311,NONE
обстановка,NOUN,,nsubj,Nom,Fem,Sing,Inan,-0.0094622135060093,NONE
была,AUX,,cop,,Fem,Sing,,-0.0805778956596161,NONE
токсичной»,ADJ,,conj,Ins,Fem,Sing,,0.1679177494263164,NONE
.,PUNCT,,punct,,,,,0.1240563966941607,NONE
Мария,PROPN,,nsubj,Nom,Fem,Sing,Anim,0.1134199797623054,PER
де,PART,,appos,,,,,0.1056124279923131,PER
Хесус,PROPN,,flat:name,Nom,Fem,Sing,Anim,0.0790236224822418,PER
сказала,VERB,,root,,Fem,Sing,,-0.0136203289214716,NONE
",",PUNCT,,punct,,,,,0.2251506855128009,NONE
что,SCONJ,,mark,,,,,0.0637971645273236,NONE
цель,NOUN,,nsubj,Nom,Fem,Sing,Inan,0.041114016910845,NONE
состоит,VERB,,ccomp,,,Sing,,-0.2164786812879903,NONE
в,ADP,,case,,,,,-0.0191456917289978,NONE
том,PRON,,obl,Loc,Neut,Sing,Inan,-0.1099439538384155,NONE
",",PUNCT,,punct,,,,,0.0377600127642831,NONE
чтобы,SCONJ,,mark,,,,,-0.0730324747689258,NONE
лучше,ADV,,advmod,,,,,0.2124398121867796,NONE
использовать,VERB,,advcl,,,,,0.0944252314978582,NONE
инфраструктуру,NOUN,,obj,Acc,Fem,Sing,Inan,0.1507055105591843,NONE
и,CCONJ,,cc,,,,,-0.0951387870962067,NONE
сделать,VERB,,conj,,,,,0.254971758542002,NONE
ее,PRON,,obj,Acc,Fem,Sing,,0.0430661635605264,NONE
доступной,ADJ,,obl,Ins,Fem,Sing,,0.2351355662865875,NONE
для,ADP,,case,,,,,0.1336067081824533,NONE
общественности,NOUN,,obl,Gen,Fem,Sing,Inan,0.3898493317056185,NONE
.,PUNCT,,punct,,,,,0.0430666092998023,NONE
В,ADP,,case,,,,,-0.227954752696736,NONE
то,DET,,det,Acc,Neut,Sing,,-0.0668395869508057,NONE
же,PART,,advmod,,,,,0.4582404018509514,NONE
время,NOUN,,obl,Acc,Neut,Sing,Inan,0.2532676944787881,NONE
эти,DET,,det,Nom,,Plur,,-0.1239841139460047,NONE
компании,NOUN,,nsubj,Nom,Fem,Plur,Inan,-0.0931929660604696,NONE
предлагают,VERB,,root,,,Plur,,-0.0643930011235016,NONE
большие,ADJ,,amod,Acc,,Plur,Inan,0.0573569862582602,NONE
скидки,NOUN,,obj,Acc,Fem,Plur,Inan,0.0645679988326771,NONE
рекламодателям,NOUN,,iobj,Dat,Masc,Plur,Anim,0.0414237912530646,NONE
",",PUNCT,,punct,,,,,0.2468605874765006,NONE
стремясь,VERB,,advcl,,,,,0.0759158719112608,NONE
заполнить,VERB,,xcomp,,,,,-0.0085026588044535,NONE
свободные,ADJ,,amod,Acc,,Plur,Inan,0.0723886611217472,NONE
рекламные,ADJ,,amod,Acc,,Plur,Inan,0.0423993489553319,NONE
места,NOUN,,obj,Acc,Neut,Plur,Inan,-0.0459237127725084,NONE
на,ADP,,case,,,,,-0.0257988139590364,NONE
билбордах,NOUN,,obl,Loc,Masc,Plur,Inan,0.0433753616231276,NONE
и,CCONJ,,cc,,,,,0.0019939600702525,NONE
предоставляя,VERB,,conj,,,,,-0.0142023915042289,NONE
максимально,ADV,,obl,,,,,0.044364208577275,NONE
выгодные,ADJ,,amod,Acc,,Plur,Inan,0.0436195670780858,NONE
условия,NOUN,,obj,Acc,Neut,Plur,Inan,-0.0929521179438692,NONE
.,PUNCT,,punct,,,,,0.672319105580854,NONE
Вы,PRON,,nsubj,Nom,,Plur,,-0.2309406880606481,NONE
живете,VERB,,root,,,Plur,,-0.0189260047788386,NONE
там,ADV,,advmod,,,,,0.0406264666532926,NONE
",",PUNCT,,punct,,,,,0.0322520135503918,NONE
где,ADV,,advmod,,,,,-0.0509547040690858,NONE
вы,PRON,,nsubj,Nom,,Plur,,-0.051473026494993,NONE
живете,VERB,,acl:relcl,,,Plur,,-0.0095022351317608,NONE
",",PUNCT,,punct,,,,,0.0102271051237751,NONE
и,CCONJ,,cc,,,,,-0.0164802435623349,NONE
вы,PRON,,nsubj,Nom,,Plur,,-0.0150966917597187,NONE
не,PART,,advmod,,,,,0.0141849628201433,NONE
можете,VERB,,conj,,,Plur,,-0.0775459563338934,NONE
избежать,VERB,,xcomp,,,,,-0.0762212092695173,NONE
загрязнения,NOUN,,obl,Gen,Neut,Sing,Inan,0.0409519041142102,NONE
изо,ADP,,case,,,,,0.0310002895599299,NONE
дня,NOUN,,nmod,Gen,Masc,Sing,Inan,-0.0576742673812331,NONE
в,ADP,,case,,,,,-0.0968173019681457,NONE
день,NOUN,,nmod,Acc,Masc,Sing,Inan,0.0307052027677681,NONE
",",PUNCT,,punct,,,,,0.1415732719743053,NONE
сказала,VERB,,parataxis,,Fem,Sing,,0.0009773613883759,NONE
она,PRON,,nsubj,Nom,Fem,Sing,,-0.0165969774862876,NONE
",",PUNCT,,punct,,,,,0.1168481152330795,NONE
добавив,VERB,,advcl,,,,,-0.0221052284195605,NONE
",",PUNCT,,punct,,,,,0.0225825964092324,NONE
что,SCONJ,,mark,,,,,0.0815061067495561,NONE
это,PRON,,nsubj,Nom,Neut,Sing,Inan,-0.0340859356874606,NONE
было,AUX,,cop,,Neut,Sing,,0.020878271886389,NONE
до,ADP,,case,,,,,-0.0336712885801528,NONE
политиков,NOUN,,ccomp,Gen,Masc,Plur,Anim,0.090705152545806,NONE
",",PUNCT,,punct,,,,,0.0436112186849742,NONE
чтобы,SCONJ,,mark,,,,,-0.0123958477808973,NONE
снизить,VERB,,advcl,,,,,0.0209789596037962,NONE
уровень,NOUN,,obj,Acc,Masc,Sing,Inan,-0.0063115384368372,NONE
загрязнения,NOUN,,nmod,Gen,Neut,Sing,Inan,-0.0158749132318193,NONE
и,CCONJ,,cc,,,,,-0.0099729200091621,NONE
для,ADP,,case,,,,,0.0483635801055123,NONE
исследователей,NOUN,,conj,Gen,Masc,Plur,Anim,0.1023409912248268,NONE
",",PUNCT,,punct,,,,,0.0538820916108948,NONE
чтобы,SCONJ,,mark,,,,,0.0797706261913447,NONE
определить,VERB,,advcl,,,,,-0.014695870766528,NONE
",",PUNCT,,punct,,,,,0.0342867867162159,NONE
как,ADV,,advmod,,,,,0.1624055988539063,NONE
загрязняющие,VERB,,amod,Nom,,Plur,,0.0500031160267932,NONE
вещества,NOUN,,nsubj,Nom,Neut,Plur,Inan,-0.10221701743609,NONE
влияют,VERB,,ccomp,,,Plur,,0.0889777044287501,NONE
на,ADP,,case,,,,,0.002230302467198,NONE
здоровье,NOUN,,obl,Acc,Neut,Sing,Inan,0.0225908580290052,NONE
.,PUNCT,,punct,,,,,0.8268312683653267,NONE
Companion,PROPN,,root,,,,,0.002069325090033,NONE
AFV,PROPN,,flat:foreign,,,,,0.0779202654806454,NONE
(,PUNCT,,punct,,,,,0.0408339888357504,NONE
O-Follow-Video,PROPN,,flat:foreign,,,,,0.0256322096942857,NONE
),PUNCT,,punct,,,,,0.0686850052292986,NONE
-,PUNCT,,punct,,,,,0.1172523262548826,NONE
для,ADP,,case,,,,,-0.1226163949585414,NONE
каждого,DET,,det,Gen,Masc,Sing,,-0.3250044753338286,NONE
видеовхода,NOUN,,obl,Gen,Masc,Sing,Inan,0.0300202025021085,NONE
встроена,VERB,,parataxis,,Fem,Sing,,0.0143143740078059,NONE
поддержка,NOUN,,nsubj:pass,Nom,Fem,Sing,Inan,-0.2531325441186635,NONE
аудиозаписи,NOUN,,nmod,Gen,Fem,Sing,Inan,0.0570843586811917,NONE
на,ADP,,case,,,,,-0.1083337936984603,NONE
2-х,NUM,,nummod,,,,,0.0849425759229364,NONE
входах,NOUN,,nmod,Loc,Masc,Plur,Inan,-0.0525123276918208,NONE
и,CCONJ,,cc,,,,,-0.1696717024676266,NONE
выходах,NOUN,,conj,Loc,Masc,Plur,Inan,-0.0915428699923879,NONE
.,PUNCT,,punct,,,,,0.2069872252116242,NONE
Мы,PRON,,nsubj,Nom,,Plur,,0.4530059967401199,NONE
должны,ADJ,,root,,,Plur,,-0.2537696166369896,NONE
бороться,VERB,,xcomp,,,,,0.0673182829983591,NONE
с,ADP,,case,,,,,0.0434287760655743,NONE
нечестными,ADJ,,amod,Ins,,Plur,,0.0294779401973234,NONE
практиками,NOUN,,obl,Ins,Fem,Plur,Inan,0.0456707766909379,NONE
;,PUNCT,,punct,,,,,-0.0396528902531233,NONE
препятствовать,VERB,,conj,,,,,0.1674042938420888,NONE
и,CCONJ,,cc,,,,,0.0196665091937962,NONE
отвергать,VERB,,conj,,,,,0.2101786741409671,NONE
проявления,NOUN,,obj,Acc,Neut,Plur,Inan,-0.0659727897942099,NONE
несправедливости,NOUN,,nmod,Gen,Fem,Sing,Inan,0.2762064425093982,NONE
",",PUNCT,,punct,,,,,0.0891173071084159,NONE
расизма,NOUN,,conj,Gen,Masc,Sing,Inan,0.0249302725894283,NONE
и,CCONJ,,cc,,,,,0.0461581929165686,NONE
все,DET,,det,Acc,,Plur,Inan,-0.0033879527518923,NONE
формы,NOUN,,conj,Acc,Fem,Plur,Inan,-0.0501008098589444,NONE
притеснения,NOUN,,nmod,Gen,Neut,Sing,Inan,0.1953344903808814,NONE
одного,DET,,det,Gen,Masc,Sing,,0.1904532078623231,NONE
человека,NOUN,,nmod,Gen,Masc,Sing,Anim,0.1222651002868575,NONE
другим,DET,,iobj,Dat,,Plur,,0.1518369603083328,NONE
.,PUNCT,,punct,,,,,0.5703685911219991,NONE
Невозможно,ADJ,,root,,Neut,Sing,,0.1357922493504407,NONE
отследить,VERB,,csubj,,,,,0.0531920260483561,NONE
все,PRON,,obj,Acc,Neut,Sing,Inan,0.1065360764929347,NONE
",",PUNCT,,punct,,,,,0.1823933176288869,NONE
что,PRON,,nsubj,Nom,,,,0.6229063809084154,NONE
происходит,VERB,,acl:relcl,,,Sing,,-0.2291238096266981,NONE
в,ADP,,case,,,,,-0.0102518442519158,NONE
море,NOUN,,obl,Loc,Neut,Sing,Inan,-0.1584320267107077,NONE
",",PUNCT,,punct,,,,,0.1535556287576934,NONE
поэтому,ADV,,advmod,,,,,-0.3241904758485498,NONE
ключевое,ADJ,,amod,Acc,Neut,Sing,,0.070177770965025,NONE
значение,NOUN,,obj,Acc,Neut,Sing,Inan,-0.0586246709688191,NONE
приобретают,VERB,,conj,,,Plur,,-0.0762289635629844,NONE
разведка,NOUN,,nsubj,Nom,Fem,Sing,Inan,-0.0386521124877503,NONE
и,CCONJ,,cc,,,,,-0.0678796553919407,NONE
слаженная,VERB,,amod,Nom,Fem,Sing,,0.0723868278510456,NONE
работа,NOUN,,conj,Nom,Fem,Sing,Inan,0.099574039909898,NONE
.,PUNCT,,punct,,,,,-0.3260328593093733,NONE
Я,PRON,,nsubj,Nom,,Sing,,0.1019462392869606,NONE
понимаю,VERB,,root,,,Sing,,0.1291513113213891,NONE
их,DET,,det,,,,,-0.0074412590380107,NONE
озабоченность,NOUN,,obj,Acc,Fem,Sing,Inan,0.0460139065175733,NONE
",",PUNCT,,punct,,,,,-0.1009965166782215,NONE
я,PRON,,nsubj,Nom,,Sing,,0.0519589530371408,NONE
считаю,VERB,,conj,,,Sing,,-0.0481056255604898,NONE
",",PUNCT,,punct,,,,,0.0070906800373991,NONE
что,SCONJ,,mark,,,,,-0.1437150596851179,NONE
они,PRON,,nsubj,Nom,,Plur,,-0.0897971987060437,NONE
слышны,ADJ,,ccomp,,,Plur,,0.0652970919731159,NONE
",",PUNCT,,punct,,,,,0.3444498018167645,NONE
сказал,VERB,,parataxis,,Masc,Sing,,-0.0298429939610042,NONE
голландский,ADJ,,amod,Nom,Masc,Sing,,0.096706737245173,NONE
премьер-министр,NOUN,,nsubj,Nom,Masc,Sing,Anim,0.0517741050967126,NONE
Марк,PROPN,,appos,Nom,Masc,Sing,Anim,0.0063180718874745,PER
Рутте,PROPN,,flat:name,Nom,Masc,Sing,Anim,0.4342135367992423,PER
журналистам,NOUN,,iobj,Dat,Masc,Plur,Anim,-0.0536063405440598,NONE
на,ADP,,case,,,,,-0.1075958275888285,NONE
еженедельном,ADJ,,amod,Loc,Masc,Sing,,0.0744971775526197,NONE
пресс-брифинге,NOUN,,obl,Loc,Masc,Sing,Inan,0.1167836891737717,NONE
",",PUNCT,,punct,,,,,0.1239849582753791,NONE
посвященном,VERB,,acl,Loc,Masc,Sing,,0.0538804370017173,NONE
акциям,NOUN,,iobj,Dat,Fem,Plur,Inan,0.0655166568869044,NONE
протеста,NOUN,,nmod,Gen,Masc,Sing,Inan,0.1474767273483908,NONE
.,PUNCT,,punct,,,,,0.4536124968076404,NONE
Большие,ADJ,,amod,Nom,,Plur,,0.1598063580439579,NONE
изменения,NOUN,,nsubj,Nom,Neut,Plur,Inan,0.0539837295591936,NONE
Uber,PROPN,,flat:foreign,,,,,0.0773694033244203,ORG
наступают,VERB,,root,,,Plur,,0.0043689579772087,NONE
по,ADP,,mark,,,,,0.1441460532132761,NONE
мере,NOUN,,fixed,Dat,Fem,Sing,Inan,0.1285251327144494,NONE
того,PRON,,fixed,Gen,Neut,Sing,Inan,0.0713048870177774,NONE
",",PUNCT,,punct,,,,,0.121259897993397,NONE
как,SCONJ,,mark,,,,,0.1389999962719378,NONE
компания,NOUN,,nsubj,Nom,Fem,Sing,Inan,-0.0239161592615161,NONE
пытается,VERB,,advcl,,,Sing,,0.0601273274084488,NONE
получить,VERB,,xcomp,,,,,0.0399002046840484,NONE
прибыль,NOUN,,obj,Acc,Fem,Sing,Inan,0.092734270594445,NONE
через,ADP,,case,,,,,0.1246961906618548,NONE
несколько,NUM,,nummod,Acc,,,Inan,-0.002089468275657,NONE
месяцев,NOUN,,obl,Gen,Masc,Plur,Inan,0.062584375987303,NONE
после,ADP,,case,,,,,0.2499557313814487,NONE
того,PRON,,nmod,Gen,Neut,Sing,Inan,-0.1310635646036379,NONE
",",PUNCT,,punct,,,,,0.112720994325271,NONE
как,SCONJ,,mark,,,,,0.3288812106319883,NONE
она,PRON,,nsubj,Nom,Fem,Sing,,0.205544500358552,NONE
стала,VERB,,acl,,Fem,Sing,,0.2651276056831554,NONE
публичной,ADJ,,obl,Ins,Fem,Sing,,0.3094027410061031,NONE
в,ADP,,case,,,,,0.4026842490404524,NONE
мае,NOUN,,obl,Loc,Masc,Sing,Inan,0.1799251126303559,NONE
.,PUNCT,,punct,,,,,0.1306581046361881,NONE
Ландрей,PROPN,,nsubj,Nom,Masc,Sing,Anim,0.2109291801291439,PER
сказал,VERB,,root,,Masc,Sing,,-0.0294806506982264,NONE
",",PUNCT,,punct,,,,,0.1782277413506199,NONE
что,SCONJ,,mark,,,,,-0.0295212139193414,NONE
эта,DET,,det,Nom,Fem,Sing,,-0.0196284486661153,NONE
неудача,NOUN,,nsubj,Nom,Fem,Sing,Inan,0.0379979074409993,NONE
была,AUX,,cop,,Fem,Sing,,-0.1209320318293141,NONE
особенно,ADV,,advmod,,,,,-0.1329175760449041,NONE
раздражающей,VERB,,ccomp,Ins,Fem,Sing,,0.1445952216146497,NONE
",",PUNCT,,punct,,,,,0.2614367233046932,NONE
когда,SCONJ,,mark,,,,,0.0829226882007903,NONE
дело,NOUN,,nsubj,Nom,Neut,Sing,Inan,0.0441596445600406,NONE
дошло,VERB,,advcl,,Neut,Sing,,-0.1072852457662584,NONE
до,ADP,,case,,,,,0.0750039841850779,NONE
использования,NOUN,,obl,Gen,Neut,Sing,Inan,-0.0408296046091471,NONE
реконвалесцентной,ADJ,,amod,Gen,Fem,Sing,,0.0749535797578449,NONE
плазмы,NOUN,,nmod,Gen,Fem,Sing,Inan,0.0546012164541238,NONE
",",PUNCT,,punct,,,,,-0.0046889183375674,NONE
которая,PRON,,nsubj,Nom,,,,0.0158456911516412,NONE
",",PUNCT,,punct,,,,,0.1735817051972342,NONE
по,ADP,,case,,,,,0.0346059861187564,NONE
мнению,NOUN,,parataxis,Dat,Neut,Sing,Inan,-0.0114557468380394,NONE
многих,NUM,,amod,,,,,0.049147515771622,NONE
врачей,NOUN,,nmod,Gen,Masc,Plur,Anim,0.0092686264351909,NONE
",",PUNCT,,punct,,,,,0.1251956567271183,NONE
может,VERB,,acl:relcl,,,Sing,,0.0904791734001258,NONE
сыграть,VERB,,xcomp,,,,,-0.0226565050592479,NONE
ключевую,ADJ,,amod,Acc,Fem,Sing,,0.0934346225030621,NONE
роль,NOUN,,obj,Acc,Fem,Sing,Inan,0.0500458812971687,NONE
в,ADP,,case,,,,,0.1079395026272751,NONE
лечении,NOUN,,nmod,Loc,Neut,Sing,Inan,0.0674081132492496,NONE
тяжелобольных,ADJ,,amod,Gen,,Plur,,0.0948731446869482,NONE
пациентов,NOUN,,nmod,Gen,Masc,Plur,Anim,0.1660395963435305,NONE
с,ADP,,case,,,,,0.2389706491404334,NONE
Covid-19,PROPN,,flat:foreign,,,,,0.0612841263165465,NONE
.,PUNCT,,punct,,,,,0.630864856315567,NONE
Это,PRON,,nsubj,Nom,Neut,Sing,Inan,-0.2799493785929207,NONE
имеет,VERB,,root,,,Sing,,-0.0148448045943204,NONE
оценку,NOUN,,obj,Acc,Fem,Sing,Inan,-0.1018507137584424,NONE
доставки,NOUN,,nmod,Gen,Fem,Sing,Inan,-0.1045610752487022,NONE
1-3,NUM,,nummod,,,,,0.6819332250568869,NONE
дня,NOUN,,nmod,Gen,Masc,Sing,Inan,-0.2745831816400508,NONE
.,PUNCT,,punct,,,,,0.4008754809763172,NONE
Я,PRON,,nsubj,Nom,,Sing,,0.0955287759532613,NONE
даже,PART,,advmod,,,,,0.3927160994603921,NONE
видел,VERB,,root,,Masc,Sing,,0.0586517997080232,NONE
фотографии,NOUN,,obj,Acc,Fem,Plur,Inan,-0.0349602086148311,NONE
",",PUNCT,,punct,,,,,0.1440421889301847,NONE
"""",PUNCT,,punct,,,,,0.1910952485204238,NONE
"""",PUNCT,,punct,,,,,0.1726484211474009,NONE
позаимствованные,VERB,,acl,Acc,,Plur,Inan,0.1178117163101839,NONE
"""",PUNCT,,punct,,,,,0.300273660073226,NONE
"""",PUNCT,,punct,,,,,0.208081369767909,NONE
из,ADP,,case,,,,,-0.0934371156619799,NONE
моего,DET,,det,Gen,Masc,Sing,,-0.2235665440028517,NONE
аккаунта,NOUN,,obl,Gen,Masc,Sing,Inan,0.0055337256002126,NONE
в,ADP,,case,,,,,-0.0541354984742145,NONE
Инстаграме,PROPN,,nmod,Loc,Masc,Sing,Inan,-0.0866766957008974,PER
",",PUNCT,,punct,,,,,0.3019856511672655,NONE
которые,PRON,,obj,Acc,,Plur,Inan,-0.0994798186806946,NONE
магазины,NOUN,,nsubj,Nom,Masc,Plur,Inan,0.0120202054832598,NONE
на,ADP,,case,,,,,-0.0285435658360443,NONE
диване,NOUN,,nmod,Loc,Masc,Sing,Inan,-0.0172846818119675,NONE
использовали,VERB,,acl:relcl,,,Plur,,-0.1418075174870433,NONE
под,ADP,,case,,,,,-0.0288774626144302,NONE
видом,NOUN,,obl,Ins,Masc,Sing,Inan,-0.0083228955564393,NONE
своего,DET,,det,Gen,Masc,Sing,,0.1400366468872899,NONE
сада,NOUN,,nmod,Gen,Masc,Sing,Inan,0.1610104405572753,NONE
.,PUNCT,,punct,,,,,0.3985530266430845,NONE
"""",PUNCT,,root,,,,,-0.0810180319699389,NONE
Больше,ADV,,advmod,,,,,-0.4729936326210052,NONE
они,PRON,,nsubj,Nom,,Plur,,0.234686859007673,NONE
не,PART,,advmod,,,,,-0.2682209737261079,NONE
говорят,VERB,,root,,,Plur,,0.2176660262485079,NONE
.,PUNCT,,punct,,,,,-0.0807648091856054,NONE
То,PRON,,nsubj,Nom,Neut,Sing,Inan,0.1012542150142312,NONE
",",PUNCT,,punct,,,,,0.4372231687095638,NONE
что,SCONJ,,mark,,,,,0.2799445423002969,NONE
большинство,NOUN,,nsubj,Nom,Neut,Sing,Inan,0.1636028013721669,NONE
участников,NOUN,,nmod,Gen,Masc,Plur,Anim,-0.1146433826187166,NONE
консультации,NOUN,,nmod,Gen,Fem,Sing,Inan,-0.0764830843227362,NONE
поддержали,VERB,,acl,,,Plur,,0.1606996943551179,NONE
эти,DET,,det,Acc,,Plur,,-0.0239583004727633,NONE
предложения,NOUN,,obj,Acc,Neut,Plur,Inan,0.1213505665428735,NONE
",",PUNCT,,punct,,,,,0.225912823443711,NONE
очень,ADV,,advmod,,,,,0.0705541091704557,NONE
воодушевляет,VERB,,root,,,Sing,,0.1340712575894871,NONE
.,PUNCT,,punct,,,,,-0.4249226904668911,NONE
"""",PUNCT,,punct,,,,,0.2485123857097385,NONE
"""",PUNCT,,punct,,,,,0.2525462968877653,NONE
"""",PUNCT,,punct,,,,,0.1997731416704975,NONE
«Моя,DET,,det,Nom,Fem,Sing,,0.2326818847394304,NONE
страна,NOUN,,nsubj,Nom,Fem,Sing,Inan,-0.0098477779941573,NONE
приветствует,VERB,,parataxis,,,Sing,,-0.0569657135462466,NONE
Сообщество,PROPN,,obj,Acc,Neut,Sing,Inan,-0.0430187118323144,ORG
развития,NOUN,,nmod,Gen,Neut,Sing,Inan,-0.1109972113026712,ORG
Юга,PROPN,,nmod,Gen,Masc,Sing,Inan,-0.0675606682470618,LOC
Африки,PROPN,,nmod,Gen,Fem,Sing,Inan,0.0362750471697952,LOC
",",PUNCT,,punct,,,,,0.1066469513728269,NONE
Африканский,ADJ,,amod,Acc,Masc,Sing,Inan,0.128525792797961,ORG
союз,NOUN,,conj,Acc,Masc,Sing,Inan,-0.0053354083287803,ORG
и,CCONJ,,cc,,,,,-0.1271830560646897,NONE
всех,DET,,det,Acc,,Plur,,-0.1677742094193906,NONE
тех,DET,,det,Acc,,Plur,,-0.0285686858254076,NONE
",",PUNCT,,punct,,,,,0.0962080783737208,NONE
кто,PRON,,nsubj,Nom,,,,-0.2001112791978982,NONE
вместе,ADV,,advmod,,,,,0.0299477180878969,NONE
с,ADP,,case,,,,,-0.0298971244130112,NONE
нами,PRON,,obl,Ins,,Plur,,-0.081258490724645,NONE
поддерживает,VERB,,acl:relcl,,,Sing,,-0.1016018172097399,NONE
немедленное,ADJ,,amod,Acc,Neut,Sing,,-0.0210578434128912,NONE
и,CCONJ,,cc,,,,,-0.0624093968522219,NONE
безусловное,ADJ,,conj,Acc,Neut,Sing,,-0.0012827927674143,NONE
снятие,NOUN,,obj,Acc,Neut,Sing,Inan,0.0544909993357987,NONE
этих,DET,,det,Gen,,Plur,,-0.0289296978027944,NONE
незаконных,ADJ,,amod,Gen,,Plur,,-0.0705260425247377,NONE
санкций»,NOUN,,nmod,Gen,Fem,Plur,Inan,0.0207557805348982,NONE
",",PUNCT,,punct,,,,,0.1848867443670236,NONE
—,PUNCT,,punct,,,,,-0.0827938967415294,NONE
заявил,VERB,,parataxis,,Masc,Sing,,-0.0512743172899765,NONE
президент,NOUN,,nsubj,Nom,Masc,Sing,Anim,-0.0423124943780104,NONE
Мнангагва,PROPN,,nmod,Gen,Masc,Sing,Inan,0.0248877941317792,PER
.,PUNCT,,punct,,,,,0.702753716382124,NONE
BNP,PROPN,,nsubj:pass,,,,,0.1543079569957095,NONE
не,PART,,advmod,,,,,-0.0736869434276792,NONE
может,VERB,,root,,,Sing,,0.1242431524127097,NONE
быть,AUX,,aux:pass,,,,,0.1640243176117233,NONE
достигнуто,VERB,,xcomp,,Neut,Sing,,0.0613437319990372,NONE
для,ADP,,case,,,,,0.0975830637516513,NONE
комментариев,NOUN,,obl,Gen,Masc,Plur,Inan,0.3082435906089149,NONE
в,ADP,,case,,,,,0.0240719776977712,NONE
четверг,NOUN,,obl,Acc,Masc,Sing,Inan,0.3094501915847044,NONE
днем,NOUN,,nmod,Ins,Masc,Sing,Inan,0.0490692243583943,NONE
.,PUNCT,,punct,,,,,0.4954264422039804,NONE
По,ADP,,case,,,,,0.1964879965927667,NONE
итогам,NOUN,,nmod,Dat,Masc,Plur,Inan,0.135857960540522,NONE
всего,DET,,det,Gen,Masc,Sing,,-0.0533548909498452,NONE
года,NOUN,,nmod,Gen,Masc,Sing,Inan,-0.0085515858326321,NONE
в,ADP,,case,,,,,0.0799964243661297,NONE
феврале,NOUN,,root,Loc,Masc,Sing,Inan,-0.0322790414129546,NONE
oOh!Media,PROPN,,nsubj,,,,,0.1427198546148379,ORG
заявила,VERB,,root,,Fem,Sing,,0.0517596231287511,NONE
",",PUNCT,,punct,,,,,0.1126226473743269,NONE
что,SCONJ,,mark,,,,,-0.7801855945456999,NONE
заработала,VERB,,ccomp,,Fem,Sing,,0.0436717758401427,NONE
65,NUM,,nummod,,,,,-0.0450198512931542,NONE
",",PUNCT,,punct,,,,,0.1953308847317982,NONE
9,NUM,,nmod,,,,,0.1751788195136063,NONE
миллиона,NOUN,,nummod,Gen,Masc,Sing,Inan,-0.0308704299486748,NONE
долларов,NOUN,,obl,Gen,Masc,Plur,Inan,0.0476373257836207,NONE
от,ADP,,case,,,,,0.0196204841748084,NONE
своей,DET,,det,Gen,Fem,Sing,,-0.0256352143564638,NONE
категории,NOUN,,nmod,Gen,Fem,Sing,Inan,0.0028663291299403,NONE
«летать»,NOUN,,appos,Gen,Neut,Sing,Inan,0.0739387085904893,NONE
",",PUNCT,,punct,,,,,0.1814575687837751,NONE
которая,PRON,,nsubj,Nom,,,,-0.0989509932427627,NONE
в,ADP,,case,,,,,0.0186972874528429,NONE
основном,ADJ,,obl,Loc,Neut,Sing,,0.1110772720209937,NONE
состоит,VERB,,acl:relcl,,,Sing,,-0.1433788450857729,NONE
из,ADP,,case,,,,,-0.0478859763807941,NONE
доходов,NOUN,,obl,Gen,Masc,Plur,Inan,0.0565210661814057,NONE
от,ADP,,case,,,,,0.008067248263727,NONE
аэропорта,NOUN,,nmod,Gen,Masc,Sing,Inan,0.0439870670359623,NONE
Сиднея,PROPN,,nmod,Gen,Masc,Sing,Inan,0.2588660767056102,LOC
.,PUNCT,,punct,,,,,-0.0882507447296539,NONE
Лучшее,ADJ,,root,Nom,Neut,Sing,,-0.0424062783211261,NONE
в,ADP,,case,,,,,0.1000170234125555,NONE
воскресенье,NOUN,,nmod,Acc,Neut,Sing,Inan,0.1725679664513165,NONE
:,PUNCT,,punct,,,,,0.0889393839278108,NONE
отправьтесь,VERB,,parataxis,,,Plur,,0.067086556705166,NONE
в,ADP,,case,,,,,0.1297931992591991,NONE
Нью-Йорк,PROPN,,obl,Acc,Masc,Sing,Inan,0.4782092726902608,LOC
1880-х,ADJ,,nmod,Gen,,Plur,,0.1703821562106582,NONE
с,ADP,,case,,,,,0.0329646786270028,NONE
телесериалом,NOUN,,obl,Ins,Masc,Sing,Inan,0.2008710707193161,NONE
HBO,PROPN,,flat:foreign,,,,,-0.0394681182701229,ORG
«Позолоченный,VERB,,amod,Nom,Masc,Sing,,0.0462331678445411,NONE
век»,NOUN,,appos,Nom,Masc,Sing,Inan,0.0499153695253996,NONE
Совет,NOUN,,nsubj,Nom,Masc,Sing,Inan,-0.47953658095983,NONE
директоров,NOUN,,nmod,Gen,Masc,Plur,Anim,0.3246924530006903,NONE
заявил,VERB,,root,,Masc,Sing,,0.0419065358627299,NONE
",",PUNCT,,punct,,,,,-0.029604942473558,NONE
что,SCONJ,,mark,,,,,-0.0017308655241853,NONE
в,ADP,,case,,,,,0.0779564283790974,NONE
июне,NOUN,,obl,Loc,Masc,Sing,Inan,0.0537222470142362,NONE
агентство,NOUN,,nsubj,Nom,Neut,Sing,Inan,0.0584837318771922,NONE
по,ADP,,case,,,,,0.0420151612045812,NONE
кредитам,NOUN,,nmod,Dat,Masc,Plur,Inan,0.0880269960344874,NONE
рассматривало,VERB,,ccomp,,Neut,Sing,,0.1246285169148624,NONE
вопрос,NOUN,,obj,Acc,Masc,Sing,Inan,0.0546691255937267,NONE
о,ADP,,case,,,,,0.0633892042017077,NONE
том,PRON,,nmod,Loc,Neut,Sing,Inan,-0.0730686579965188,NONE
",",PUNCT,,punct,,,,,0.1412320344446545,NONE
чтобы,SCONJ,,mark,,,,,0.0157415196929147,NONE
оставить,VERB,,advcl,,,,,0.0169766194225298,NONE
Паркера,PROPN,,obj,Acc,Masc,Sing,Anim,-0.037820846294516,PER
на,ADP,,case,,,,,0.0717553949859568,NONE
посту,NOUN,,obl,Loc,Masc,Sing,Inan,-0.0428178577079484,NONE
генерального,ADJ,,amod,Gen,Masc,Sing,,0.0214112061420492,NONE
директора,NOUN,,nmod,Gen,Masc,Sing,Anim,0.0593277285782,NONE
на,ADP,,case,,,,,0.0167107698657323,NONE
постоянной,ADJ,,amod,Loc,Fem,Sing,,-0.0069160809519263,NONE
основе,NOUN,,obl,Loc,Fem,Sing,Inan,-0.021303873175367,NONE
",",PUNCT,,punct,,,,,0.1449985274588822,NONE
даже,PART,,advmod,,,,,-0.0707556070282225,NONE
после,ADP,,case,,,,,-0.0104620599735555,NONE
того,PRON,,obl,Gen,Neut,Sing,Inan,0.056755984413142,NONE
",",PUNCT,,punct,,,,,0.0723983621502438,NONE
как,SCONJ,,mark,,,,,-0.0454692627072966,NONE
заявили,VERB,,acl,,,Plur,,0.0777602038234856,NONE
",",PUNCT,,punct,,,,,0.0117646374436957,NONE
что,SCONJ,,mark,,,,,-0.098980994946707,NONE
будут,AUX,,aux,,,Plur,,-0.0162863791338267,NONE
искать,VERB,,ccomp,,,,,0.0946652740235402,NONE
постороннего,ADJ,,obj,Acc,Masc,Sing,Anim,0.0796256583959771,NONE
",",PUNCT,,punct,,,,,-0.0737048318845749,NONE
чтобы,SCONJ,,mark,,,,,-0.00786131723097,NONE
исполнить,VERB,,advcl,,,,,0.094589838822099,NONE
эту,DET,,det,Acc,Fem,Sing,,-0.0150393263627796,NONE
роль,NOUN,,obj,Acc,Fem,Sing,Inan,0.1264361437850336,NONE
.,PUNCT,,punct,,,,,-0.4990249911493798,NONE
К,ADP,,case,,,,,-0.0843137554004235,NONE
7,ADJ,,obl,,,,,-0.0281026647291348,NONE
вечера,NOUN,,flat,Gen,Masc,Sing,Inan,-0.3759102041009043,NONE
мы,PRON,,nsubj,Nom,,Plur,,0.0266101208245478,NONE
погрузили,VERB,,root,,,Plur,,0.2419724062034088,NONE
багаж,NOUN,,obj,Acc,Masc,Sing,Inan,0.1657561603965992,NONE
в,ADP,,case,,,,,0.0978423193688555,NONE
машину,NOUN,,obl,Acc,Fem,Sing,Inan,-0.2558962519128768,NONE
и,CCONJ,,cc,,,,,0.0715733060947481,NONE
сели,VERB,,conj,,,Plur,,0.2211229259456105,NONE
на,ADP,,case,,,,,0.2018310144714896,NONE
паром,NOUN,,obl,Acc,Masc,Sing,Inan,0.3203443086777944,NONE
в,ADP,,case,,,,,0.1516098358297229,NONE
Портсмут,PROPN,,obl,Acc,Masc,Sing,Inan,0.1376932841737809,LOC
.,PUNCT,,punct,,,,,-0.218864735200928,NONE
Настоящие,ADJ,,amod,Nom,,Plur,,0.0260413914716077,NONE
либеральные,ADJ,,amod,Nom,,Plur,,-0.079201375140269,NONE
демократии,NOUN,,nsubj,Nom,Fem,Plur,Inan,-0.111017995582038,NONE
не,PART,,advmod,,,,,-0.1206595736415508,NONE
допускают,VERB,,root,,,Plur,,-0.0681384126019228,NONE
введения,NOUN,,obl,Gen,Neut,Sing,Inan,0.4338719516576327,NONE
авторитарных,ADJ,,amod,Gen,,Plur,,0.761481583323644,NONE
мер,NOUN,,nmod,Gen,Fem,Plur,Inan,0.0125768087715533,NONE
.,PUNCT,,punct,,,,,-0.1768431456994695,NONE
Когда,SCONJ,,mark,,,,,0.1185869763244712,NONE
до,ADP,,case,,,,,-0.0203066387607623,NONE
выборов,NOUN,,obl,Gen,Masc,Plur,Inan,-0.0033276164264377,NONE
осталось,VERB,,advcl,,Neut,Sing,,0.167408425257373,NONE
меньше,ADV,,nsubj,,,,,0.0351801801913193,NONE
двух,NUM,,nummod,Gen,,,,-0.0332756882930927,NONE
недель,NOUN,,obl,Gen,Fem,Plur,Inan,0.0787413416089142,NONE
и,CCONJ,,cc,,,,,0.1652014696037504,NONE
на,ADP,,case,,,,,-0.0249620310895817,NONE
избирательные,ADJ,,amod,Acc,,Plur,Inan,0.0466317139515346,NONE
кампании,NOUN,,obl,Acc,Fem,Plur,Inan,0.0649336491126065,NONE
уже,ADV,,advmod,,,,,0.0651367523358336,NONE
буквально,ADV,,advmod,,,,,0.0580226499665883,NONE
нет,VERB,,conj,,,Sing,,0.0547890159654205,NONE
времени,NOUN,,nsubj,Gen,Neut,Sing,Inan,0.0368554822092679,NONE
",",PUNCT,,punct,,,,,0.5939854604236046,NONE
откладывание,NOUN,,nsubj,Nom,Neut,Sing,Inan,0.1766818516093886,NONE
станет,VERB,,root,,,Sing,,0.1564195528431071,NONE
горькой,ADJ,,amod,Ins,Fem,Sing,,0.0679565590677346,NONE
насмешкой,NOUN,,obl,Ins,Fem,Sing,Inan,0.0306126584869212,NONE
над,ADP,,case,,,,,0.0151362098060157,NONE
мечтами,NOUN,,nmod,Ins,Fem,Plur,Inan,0.0768450040705066,NONE
международного,ADJ,,amod,Gen,Neut,Sing,,0.0724426016471819,NONE
сообщества,NOUN,,nmod,Gen,Neut,Sing,Inan,0.0199926507817251,NONE
об,ADP,,case,,,,,0.0118108982203568,NONE
объединении,NOUN,,nmod,Loc,Neut,Sing,Inan,0.194253442267305,NONE
глубоко,ADV,,advmod,,,,,0.0076049815773192,NONE
разрозненной,VERB,,acl,Gen,Fem,Sing,,0.1076596763949588,NONE
страны,NOUN,,nmod,Gen,Fem,Sing,Inan,0.1410422559990908,NONE
.,PUNCT,,punct,,,,,-0.4487125818062423,NONE
Многонациональный,ADJ,,amod,Nom,Masc,Sing,,0.381864366346182,NONE
банк,NOUN,,nsubj,Nom,Masc,Sing,Inan,-0.0299926164603135,NONE
со,ADP,,case,,,,,-0.0825295144683703,NONE
штаб-квартирой,NOUN,,nmod,Ins,Fem,Sing,Inan,0.0372740179016976,NONE
в,ADP,,case,,,,,-0.0294603542220291,NONE
Лондоне,PROPN,,nmod,Loc,Masc,Sing,Inan,0.0174999956609568,LOC
HSBC,PROPN,,flat:foreign,,,,,0.0316680387304698,ORG
обратился,VERB,,root,,Masc,Sing,,-0.0439956756080785,NONE
к,ADP,,case,,,,,-0.0204967576362149,NONE
социальным,ADJ,,amod,Dat,,Plur,,0.038244610341979,NONE
сетям,NOUN,,obl,Dat,Fem,Plur,Inan,0.03378137609426,NONE
",",PUNCT,,punct,,,,,0.1918378847421483,NONE
чтобы,SCONJ,,mark,,,,,-0.0602133251819376,NONE
заявить,VERB,,advcl,,,,,0.0047401021942134,NONE
",",PUNCT,,punct,,,,,0.3057373089347295,NONE
что,SCONJ,,mark,,,,,-0.0687373001787068,NONE
",",PUNCT,,punct,,,,,0.1033404419923016,NONE
как,SCONJ,,mark,,,,,-0.01094836365197,NONE
утверждают,VERB,,parataxis,,,Plur,,-0.0902211888797908,NONE
китайские,ADJ,,amod,Nom,,Plur,,0.0415452692235604,NONE
СМИ,NOUN,,nsubj,Nom,Neut,Plur,Inan,0.070525007909089,ORG
",",PUNCT,,punct,,,,,0.0679353574114014,NONE
это,PRON,,nsubj,Nom,Neut,Sing,Inan,0.0558976355378607,NONE
не,PART,,advmod,,,,,-0.0088011337431856,NONE
«фабрикация,NOUN,,ccomp,Nom,Fem,Sing,Inan,0.1116872533464549,NONE
улик»,NOUN,,nmod,Gen,Masc,Sing,Inan,0.0691185366065579,NONE
против,ADP,,case,,,,,-0.0641817159273733,NONE
Huawei,PROPN,,flat:foreign,,,,,-0.4168994219783307,ORG
",",PUNCT,,punct,,,,,0.0721868397976924,NONE
что,PRON,,nsubj,Nom,,,,0.0472249833909439,NONE
привело,VERB,,parataxis,,Neut,Sing,,0.1376935091114318,NONE
к,ADP,,case,,,,,-0.0132364742775499,NONE
аресту,NOUN,,obl,Dat,Masc,Sing,Inan,-0.0108989552063319,NONE
финансового,ADJ,,amod,Gen,Masc,Sing,,-0.0926809073185164,NONE
директора,NOUN,,nmod,Gen,Masc,Sing,Anim,-0.0285956534310074,NONE
компании,NOUN,,nmod,Gen,Fem,Sing,Inan,0.0821615029450674,NONE
в,ADP,,case,,,,,-0.038402311291911,NONE
Канаде,PROPN,,nmod,Loc,Fem,Sing,Inan,-0.0185763933219946,LOC
.,PUNCT,,punct,,,,,-0.5523161387476007,NONE
Что,PRON,,nsubj,Nom,,,,0.3952796289408024,NONE
касается,VERB,,advcl,,,Sing,,-0.150459540591312,NONE
поддерживаемых,VERB,,acl,Gen,,Plur,,0.019391075385188,NONE
государством,NOUN,,obl,Ins,Neut,Sing,Inan,-0.0273075565524573,NONE
медиа-организаций,NOUN,,obl,Gen,Fem,Plur,Inan,0.0337335808197047,NONE
",",PUNCT,,punct,,,,,0.0211613865335965,NONE
им,PRON,,iobj,Dat,,Plur,,-0.032995775109181,NONE
по-прежнему,ADV,,advmod,,,,,0.0730292786668271,NONE
разрешено,VERB,,root,,Neut,Sing,,0.2505937731753353,NONE
пользоваться,VERB,,csubj:pass,,,,,0.33553395206245,NONE
Твиттером,PROPN,,obl,Ins,Masc,Sing,Inan,0.1307174883319367,PER
",",PUNCT,,punct,,,,,0.1430130601945409,NONE
но,CCONJ,,cc,,,,,0.0447844190564533,NONE
они,PRON,,nsubj,Nom,,Plur,,-0.2111532163610173,NONE
больше,ADV,,advmod,,,,,0.0825061026580018,NONE
не,PART,,advmod,,,,,-0.1354461265145203,NONE
имеют,VERB,,conj,,,Plur,,0.0583276574355452,NONE
права,NOUN,,obl,Gen,Neut,Sing,Inan,0.019684446600523,NONE
платить,VERB,,obl,,,,,0.0136349938081777,NONE
за,ADP,,case,,,,,-0.0668250827264456,NONE
рекламу,NOUN,,obl,Acc,Fem,Sing,Inan,0.0834284027323481,NONE
",",PUNCT,,punct,,,,,-0.0648189334012016,NONE
которая,PRON,,nsubj,Nom,,,,-0.1328359804924463,NONE
появляется,VERB,,acl:relcl,,,Sing,,-0.0359092633909413,NONE
независимо,ADV,,advmod,,,,,0.0698630974056651,NONE
от,ADP,,case,,,,,0.0328398271598839,NONE
того,PRON,,obl,Gen,Neut,Sing,Inan,0.0874286267371445,NONE
",",PUNCT,,punct,,,,,-0.0025275869219958,NONE
решили,VERB,,acl,,,Plur,,0.0263762871113525,NONE
ли,PART,,advmod,,,,,0.0172557074121149,NONE
вы,PRON,,nsubj,Nom,,Plur,,-0.042621315802183,NONE
следить,VERB,,xcomp,,,,,0.2306686473799841,NONE
за,ADP,,case,,,,,-0.0147041111319071,NONE
твитом,NOUN,,obl,Ins,Masc,Sing,Inan,0.0072063441435778,NONE
группы,NOUN,,nmod,Gen,Fem,Sing,Inan,0.1349371630233549,NONE
.,PUNCT,,punct,,,,,0.3226601212973519,NONE
Gitau,PROPN,,nsubj,,,,,0.158306898273676,ORG
не,PART,,advmod,,,,,-0.0630211598531558,NONE
смогло,VERB,,root,,Neut,Sing,,-0.1483025870219253,NONE
немедленно,ADV,,advmod,,,,,-0.0048085822606386,NONE
дать,VERB,,xcomp,,,,,0.0421489570647999,NONE
точно,ADV,,advmod,,,,,0.0207746137980481,NONE
acreage,X,,flat:foreign,,,,,0.0433216977130852,NONE
огороженной,VERB,,amod,Gen,Fem,Sing,,0.0307579847895343,NONE
земли,NOUN,,nmod,Gen,Fem,Sing,Inan,0.1296439391492265,NONE
стадиона,NOUN,,nmod,Gen,Masc,Sing,Inan,0.0638378173164941,NONE
но,CCONJ,,cc,,,,,-0.1565040798075926,NONE
настояло,VERB,,conj,,Neut,Sing,,0.2135186339191995,NONE
оно,PRON,,nsubj,Nom,Neut,Sing,,-0.030254662735055,NONE
вместить,VERB,,xcomp,,,,,0.1992530620254929,NONE
беговую,ADJ,,amod,Acc,Fem,Sing,,0.2551440264304494,NONE
дорожку,NOUN,,obj,Acc,Fem,Sing,Inan,0.3522809158616857,NONE
",",PUNCT,,punct,,,,,0.0652560498152096,NONE
2,NUM,,nummod,,,,,-0.1483684773719553,NONE
поля,NOUN,,conj,Gen,Neut,Sing,Inan,0.0262151298940547,NONE
и,CCONJ,,cc,,,,,-0.0999295922473555,NONE
корты,NOUN,,conj,Acc,Masc,Plur,Inan,-0.0419870536376049,NONE
шарика,NOUN,,nmod,Gen,Masc,Sing,Inan,0.2101506857764434,NONE
и,CCONJ,,cc,,,,,-0.0122805347616913,NONE
крытые,ADJ,,amod,Acc,,Plur,Inan,0.1651133200883818,NONE
средства,NOUN,,conj,Acc,Neut,Plur,Inan,-0.0424629634005553,NONE
игры,NOUN,,nmod,Gen,Fem,Sing,Inan,0.0162426997308365,NONE
.,PUNCT,,punct,,,,,0.3888109349726067,NONE
Одна,DET,,amod,Nom,Fem,Sing,,-0.7637876847999236,NONE
только,PART,,advmod,,,,,-0.0696735441318489,NONE
доставка,NOUN,,nsubj,Nom,Fem,Sing,Inan,-0.244635764591068,NONE
стоила,VERB,,root,,Fem,Sing,,-0.0783275989831093,NONE
около,ADP,,case,,,,,0.057793851626605,NONE
100,NUM,,nummod,,,,,0.2147606938421704,NONE
долларов,NOUN,,obl,Gen,Masc,Plur,Inan,0.0069233856446147,NONE
США,PROPN,,nmod,Gen,,Plur,Inan,-0.2897582089533015,LOC
.,PUNCT,,punct,,,,,0.3918925734288725,NONE
Я,PRON,,nsubj,Nom,,Sing,,-0.0046886909894577,NONE
думаю,VERB,,root,,,Sing,,0.0777441947129425,NONE
",",PUNCT,,punct,,,,,0.1056511680232765,NONE
что,SCONJ,,mark,,,,,0.0949499503512888,NONE
это,PRON,,nsubj,Nom,Neut,Sing,Inan,0.0008911980400104,NONE
",",PUNCT,,punct,,,,,0.0672836135167088,NONE
в,ADP,,case,,,,,0.0874317948537064,NONE
каком-то,DET,,det,Loc,Masc,Sing,,0.1829517071188498,NONE
смысле,NOUN,,parataxis,Loc,Masc,Sing,Inan,0.0305500134251984,NONE
",",PUNCT,,punct,,,,,0.1472318381412169,NONE
замалчивание,NOUN,,ccomp,Nom,Neut,Sing,Inan,0.1576839446407517,NONE
какой-то,DET,,det,Gen,Fem,Sing,,0.0241137631410915,NONE
незначительной,ADJ,,amod,Gen,Fem,Sing,,0.1215338699572218,NONE
вещи,NOUN,,nmod,Gen,Fem,Sing,Inan,0.0816616899787461,NONE
в,ADP,,case,,,,,0.2279540461225304,NONE
моей,DET,,det,Loc,Fem,Sing,,0.0748340469063338,NONE
жизни,NOUN,,nmod,Loc,Fem,Sing,Inan,0.063532855726643,NONE
",",PUNCT,,punct,,,,,0.0650336235200915,NONE
чтобы,SCONJ,,mark,,,,,-0.0964400195433769,NONE
отразить,VERB,,advcl,,,,,0.1735381607266886,NONE
некоторое,DET,,det,Acc,Neut,Sing,,0.0789144593323553,NONE
позитивное,ADJ,,amod,Acc,Neut,Sing,,0.0243928983464049,NONE
отношение,NOUN,,obj,Acc,Neut,Sing,Inan,-0.1685942588171695,NONE
к,ADP,,case,,,,,-0.0664782319099121,NONE
моей,DET,,det,Dat,Fem,Sing,,0.0961623404723988,NONE
собственной,ADJ,,amod,Dat,Fem,Sing,,0.0347505279438331,NONE
психической,ADJ,,amod,Dat,Fem,Sing,,0.1855925324173387,NONE
проблеме,NOUN,,nmod,Dat,Fem,Sing,Inan,0.1227878798267215,NONE
.,PUNCT,,punct,,,,,-0.4424461313789502,NONE
Поэтому,ADV,,advmod,,,,,-0.1290118391509713,NONE
я,PRON,,nsubj,Nom,,Sing,,-0.1981221578825316,NONE
пошел,VERB,,root,,Masc,Sing,,0.0495754223849819,NONE
и,CCONJ,,cc,,,,,-0.0191906450948889,NONE
сделал,VERB,,conj,,Masc,Sing,,0.2169738437055995,NONE
соседскую,ADJ,,amod,Acc,Fem,Sing,,0.0240291195141336,NONE
вещь,NOUN,,obj,Acc,Fem,Sing,Inan,-0.0372151412140506,NONE
и,CCONJ,,cc,,,,,-0.0019305400049809,NONE
попросил,VERB,,conj,,Masc,Sing,,-0.0136498645577723,NONE
их,PRON,,obj,Acc,,Plur,,0.0480204883157385,NONE
помочь,VERB,,xcomp,,,,,0.2053843792620977,NONE
мне,PRON,,iobj,Dat,,Sing,,0.1353555665828964,NONE
понять,VERB,,xcomp,,,,,0.1065416646594203,NONE
",",PUNCT,,punct,,,,,0.0088668918380666,NONE
как,ADV,,advmod,,,,,0.0338810106310246,NONE
заставить,VERB,,xcomp,,,,,-0.1323974158231758,NONE
эту,DET,,det,Acc,Fem,Sing,,0.0964623849224929,NONE
собаку,NOUN,,obj,Acc,Fem,Sing,Anim,0.1117317849709089,NONE
расслабиться,VERB,,xcomp,,,,,0.0920347605450496,NONE
.,PUNCT,,punct,,,,,-0.7558669347771031,NONE
Этот,DET,,det,Acc,Masc,Sing,,-0.4097509423385148,NONE
шаг,NOUN,,obj,Acc,Masc,Sing,Inan,0.0703654207296863,NONE
составляет,VERB,,root,,,Sing,,0.0733906761419578,NONE
индивидуальный,ADJ,,amod,Nom,Masc,Sing,,0.0323949180802592,NONE
GM,PROPN,,nsubj,,,,,-0.0186250678033084,ORG
из,ADP,,case,,,,,0.1005919179364974,NONE
Детройта,PROPN,,nmod,Gen,Masc,Sing,Inan,0.1492844892493,LOC
",",PUNCT,,punct,,,,,0.1201437096696039,NONE
который,PRON,,nsubj,Nom,,,,0.0384250732885079,NONE
заявил,VERB,,acl:relcl,,Masc,Sing,,0.1154280393411135,NONE
на,ADP,,case,,,,,0.3116674567848571,NONE
прошлой,ADJ,,amod,Loc,Fem,Sing,,0.1936237911078588,NONE
неделе,NOUN,,obl,Loc,Fem,Sing,Inan,0.1790571797853751,NONE
",",PUNCT,,punct,,,,,0.2916576656773086,NONE
что,SCONJ,,mark,,,,,0.1034378197426084,NONE
профсоюз,NOUN,,nsubj,Nom,Masc,Sing,Inan,0.0070336580343828,NONE
профсоюзов,NOUN,,nmod,Gen,Masc,Plur,Inan,0.0589458281288469,NONE
работников,NOUN,,nmod,Gen,Masc,Plur,Anim,0.013953425726292,NONE
автомобильной,ADJ,,amod,Gen,Fem,Sing,,0.042004092469661,NONE
промышленности,NOUN,,nmod,Gen,Fem,Sing,Inan,-0.0233062419630599,NONE
должен,ADJ,,ccomp,,Masc,Sing,,-0.100245131171485,NONE
будет,AUX,,cop,,,Sing,,0.0948101298460688,NONE
финансировать,VERB,,xcomp,,,,,0.0697292576102515,NONE
льготы,NOUN,,obj,Acc,Fem,Plur,Inan,0.179943574816921,NONE
COBRA,PROPN,,flat:foreign,,,,,0.2148812404239651,NONE
до,ADP,,case,,,,,0.2601415042249872,NONE
тех,DET,,det,Gen,,Plur,,0.2987308259503809,NONE
пор,NOUN,,obl,Gen,Fem,Plur,Inan,0.227037541526936,NONE
",",PUNCT,,punct,,,,,0.1103244412674701,NONE
пока,SCONJ,,mark,,,,,0.0294975376557675,NONE
остановка,NOUN,,nsubj,Nom,Fem,Sing,Inan,0.1561120943350716,NONE
работы,NOUN,,nmod,Gen,Fem,Sing,Inan,0.0165112661201703,NONE
не,PART,,advmod,,,,,0.0992442461043734,NONE
закончилась,VERB,,acl,,Fem,Sing,,0.0793637249628604,NONE
.,PUNCT,,punct,,,,,0.1019403014584199,NONE
Извините,VERB,,root,,,Plur,,0.0332739819387911,NONE
",",PUNCT,,punct,,,,,0.2006544835829432,NONE
из,ADP,,case,,,,,-0.0528457986753219,NONE
соображений,NOUN,,obl,Gen,Neut,Plur,Inan,-0.1441668870844306,NONE
качества,NOUN,,nmod,Gen,Neut,Sing,Inan,-0.0138026889705193,NONE
мне,PRON,,iobj,Dat,,Sing,,-0.1472245982289819,NONE
придется,VERB,,conj,,,Sing,,-0.1101832944565297,NONE
закрыть,VERB,,csubj,,,,,0.0400295342959072,NONE
этот,DET,,det,Acc,Masc,Sing,Inan,0.0229149216071448,NONE
чат,NOUN,,obj,Acc,Masc,Sing,Inan,0.3305868629172172,NONE
",",PUNCT,,punct,,,,,0.0265893064065298,NONE
если,SCONJ,,mark,,,,,0.0641231262281084,NONE
я,PRON,,nsubj,Nom,,Sing,,-0.1178103547518722,NONE
не,PART,,advmod,,,,,0.1535185824414716,NONE
получу,VERB,,advcl,,,Sing,,0.0695160465484866,NONE
ответ,NOUN,,obj,Acc,Masc,Sing,Inan,0.0584039849249354,NONE
в,ADP,,case,,,,,0.2692644911742808,NONE
течение,NOUN,,fixed,Acc,Neut,Sing,Inan,-0.0573207471055944,NONE
2,NUM,,nummod,,,,,0.0254229717036339,NONE
минут,NOUN,,obl,Gen,Fem,Plur,Inan,0.2793212185904188,NONE
.,PUNCT,,punct,,,,,-0.0803625415969135,NONE
Косметическое,ADJ,,amod,Nom,Neut,Sing,,0.4966926611132435,NONE
сотрудничество,NOUN,,nsubj,Nom,Neut,Sing,Inan,-0.1031710899372184,NONE
Kylie,PROPN,,flat:foreign,,,,,0.1020270033349706,ORG
X,PROPN,,flat:foreign,,,,,-0.0340713924867443,ORG
Balmain,PROPN,,flat:foreign,,,,,-0.0088872108667256,ORG
",",PUNCT,,punct,,,,,0.0785201952923541,NONE
которое,PRON,,nsubj:pass,Nom,,,,-0.1353186375831872,NONE
будет,AUX,,aux:pass,,,Sing,,-0.0527392881777468,NONE
официально,ADV,,advmod,,,,,-0.0004134267949225,NONE
представлено,VERB,,acl:relcl,,Neut,Sing,,0.0501288687231545,NONE
на,ADP,,case,,,,,0.0003651555259447,NONE
выставке,NOUN,,obl,Loc,Fem,Sing,Inan,0.0039186163505725,NONE
",",PUNCT,,punct,,,,,0.2261385193102192,NONE
включает,VERB,,root,,,Sing,,-0.0388308667308908,NONE
в,ADP,,case,,,,,0.0098471730851952,NONE
себя,PRON,,obl,Acc,,,,0.0320637268167309,NONE
ресницы,NOUN,,obj,Acc,Fem,Plur,Inan,0.0696096557235755,NONE
",",PUNCT,,punct,,,,,0.3731375071578447,NONE
лайнер,NOUN,,conj,Acc,Masc,Sing,Inan,0.0606535893716856,NONE
для,ADP,,case,,,,,-0.1133553057178787,NONE
губ,NOUN,,nmod,Gen,Fem,Plur,Inan,0.0991896480623165,NONE
и,CCONJ,,cc,,,,,-0.0026280978222596,NONE
блеск,NOUN,,conj,Acc,Masc,Sing,Inan,0.004644595870379,NONE
для,ADP,,case,,,,,-0.024731855649765,NONE
губ,NOUN,,nmod,Gen,Fem,Plur,Inan,0.0789028669529599,NONE
и,CCONJ,,cc,,,,,-0.0616509462832194,NONE
будет,AUX,,aux:pass,,,Sing,,-0.0237305509650407,NONE
продаваться,VERB,,conj,,,,,0.1037212789439832,NONE
в,ADP,,case,,,,,-0.0357833058863659,NONE
8,NUM,,obl,,,,,0.1036301973550863,NONE
утра,NOUN,,flat,Gen,Neut,Sing,Inan,0.0122906750952098,NONE
в,ADP,,case,,,,,-0.0276494086019456,NONE
пятницу,NOUN,,nmod,Acc,Fem,Sing,Inan,0.0063446287347324,NONE
на,ADP,,case,,,,,-0.0753220339777484,NONE
веб-сайте,NOUN,,obl,Loc,Masc,Sing,Inan,0.1120888023018756,NONE
компании,NOUN,,nmod,Gen,Fem,Sing,Inan,-0.0114171128471846,NONE
Jenner,PROPN,,flat:foreign,,,,,0.1263401098422775,ORG
',PUNCT,,punct,,,,,0.1377159009386035,ORG
s,X,,flat:foreign,,,,,0.0128681343365092,ORG
Kylie,PROPN,,flat:foreign,,,,,0.0364740070716999,ORG
Cosmetics,PROPN,,flat:foreign,,,,,0.0135757420599874,ORG
.,PUNCT,,punct,,,,,-0.0874450499077508,NONE
Начало,NOUN,,nsubj,Nom,Neut,Sing,Inan,-0.1528842032514979,NONE
дня,NOUN,,nmod,Gen,Masc,Sing,Inan,0.0665699643664781,NONE
для,ADP,,case,,,,,0.107230481341826,NONE
Wasps,PROPN,,flat:foreign,,,,,0.0277105180797238,ORG
",",PUNCT,,punct,,,,,0.0409038913771837,NONE
пострадавших,VERB,,acl,Gen,,Plur,,-0.0526114569707003,NONE
от,ADP,,case,,,,,0.1540356232835266,NONE
Ковида,PROPN,,obl,Gen,Masc,Sing,Inan,0.0970556398711075,PER
",",PUNCT,,punct,,,,,0.26696976848722,NONE
усугубилось,VERB,,root,,Neut,Sing,,0.136849635139982,NONE
с,ADP,,case,,,,,0.3452619188277935,NONE
началом,NOUN,,obl,Ins,Neut,Sing,Inan,0.2689459474642448,NONE
игры,NOUN,,nmod,Gen,Fem,Sing,Inan,0.0282203150367741,NONE
",",PUNCT,,punct,,,,,0.1568702068015277,NONE
когда,SCONJ,,mark,,,,,0.0950202400467138,NONE
Томас,PROPN,,nsubj,Nom,Masc,Sing,Anim,0.0904813618761555,PER
Янг,PROPN,,flat:name,Nom,Masc,Sing,Anim,0.1397088138004904,PER
лишился,VERB,,advcl,,Masc,Sing,,0.0937601922115151,NONE
возможности,NOUN,,obl,Gen,Fem,Sing,Inan,-0.1284895539243185,NONE
совершить,VERB,,obl,,,,,0.0434091994707238,NONE
попытку,NOUN,,obj,Acc,Fem,Sing,Inan,0.1787753639422108,NONE
благодаря,ADP,,case,,,,,-0.1453247618491113,NONE
отличной,ADJ,,amod,Dat,Fem,Sing,,0.0461190401491407,NONE
защитной,ADJ,,amod,Dat,Fem,Sing,,0.3174024764973798,NONE
атаке,NOUN,,nmod,Dat,Fem,Sing,Inan,0.0887973063943668,NONE
О,PROPN,,nmod,,,,,0.1756673876549998,PER
',PUNCT,,punct,,,,,0.143936597456034,PER
Мэхони,PROPN,,flat:name,Gen,Masc,Sing,Anim,0.0517479817464673,PER
.,PUNCT,,punct,,,,,0.3285126347345873,NONE
Визит,NOUN,,nsubj,Nom,Masc,Sing,Inan,-0.1463829519293793,NONE
был,AUX,,cop,,Masc,Sing,,-0.1027351797076583,NONE
частью,NOUN,,root,Ins,Fem,Sing,Inan,-0.0382833726138317,NONE
его,DET,,det,,,,,0.0326256918115072,NONE
тура,NOUN,,nmod,Gen,Masc,Sing,Inan,-0.1002120522653147,NONE
по,ADP,,case,,,,,-0.0016041850589846,NONE
британским,ADJ,,amod,Dat,,Plur,,0.2851004726294883,NONE
засекреченным,VERB,,amod,Dat,,Plur,,0.0333995281864286,NONE
объектам,NOUN,,nmod,Dat,Masc,Plur,Inan,-0.0336578996338331,NONE
сил,NOUN,,nmod,Gen,Fem,Plur,Inan,0.1529545605401415,NONE
безопасности,NOUN,,nmod,Gen,Fem,Sing,Inan,0.1109590678222038,NONE
Соединенного,VERB,,amod,Gen,Neut,Sing,,0.0780468298660492,LOC
Королевства,PROPN,,nmod,Gen,Neut,Sing,Inan,0.0662231345650663,LOC
",",PUNCT,,punct,,,,,0.406628986860745,NONE
вызвавшего,VERB,,acl,Gen,Masc,Sing,,0.1445569915606146,NONE
недоумение,NOUN,,obj,Acc,Neut,Sing,Inan,-0.0061616735350947,NONE
среди,ADP,,case,,,,,-0.0420045911729302,NONE
политиков,NOUN,,nmod,Gen,Masc,Plur,Anim,0.1277853701123479,NONE
и,CCONJ,,cc,,,,,-0.111703103284725,NONE
военачальников,NOUN,,conj,Gen,Masc,Plur,Anim,0.305030580418853,NONE
.,PUNCT,,punct,,,,,0.3569745457967478,NONE
Церемония,NOUN,,nsubj:pass,Nom,Fem,Sing,Inan,0.0886982843940002,NONE
назначена,VERB,,root,,Fem,Sing,,0.0394542160569591,NONE
на,ADP,,case,,,,,-0.0438149139737851,NONE
5,NUM,,obl,,,,,-0.0098754506974034,NONE
авг,NOUN,,flat,Gen,Masc,Sing,Inan,0.0076068472479235,NONE
.,PUNCT,,punct,,,,,0.1054574610075995,NONE
",",PUNCT,,punct,,,,,0.1712438216345058,NONE
дату,NOUN,,appos,Acc,Fem,Sing,Inan,-0.0353433372770793,NONE
",",PUNCT,,punct,,,,,0.16540512216484,NONE
которую,PRON,,obj,Acc,,,,-0.0305412549844586,NONE
организаторы,NOUN,,nsubj,Nom,Masc,Plur,Anim,0.0293206007903234,NONE
назвали,VERB,,acl:relcl,,,Plur,,-0.043329554994837,NONE
благоприятной,ADJ,,obl,Ins,Fem,Sing,,0.031022407270822,NONE
для,ADP,,case,,,,,-0.0059317919698407,NONE
индуистов,NOUN,,obl,Gen,Masc,Plur,Anim,0.0561889752114191,NONE
с,ADP,,case,,,,,-0.1282428267915845,NONE
астрологической,ADJ,,amod,Gen,Fem,Sing,,-0.0085044649548969,NONE
точки,NOUN,,obl,Gen,Fem,Sing,Inan,0.0077828805780701,NONE
зрения,NOUN,,compound,Gen,Neut,Sing,Inan,-0.0335900607602567,NONE
",",PUNCT,,punct,,,,,0.1621799829411544,NONE
но,CCONJ,,cc,,,,,-0.022540007650852,NONE
которая,PRON,,nsubj,Nom,,,,-0.1011938983198681,NONE
в,ADP,,case,,,,,-0.0986046804798125,NONE
то,DET,,det,Acc,Neut,Sing,,-0.0581075475505875,NONE
же,PART,,advmod,,,,,0.0250034569530466,NONE
время,NOUN,,obl,Acc,Neut,Sing,Inan,0.1295819301552328,NONE
знаменует,VERB,,conj,,,Sing,,0.0146179821567947,NONE
год,NOUN,,obj,Acc,Masc,Sing,Inan,0.0842568040184871,NONE
после,ADP,,case,,,,,-0.0623031342911688,NONE
того,PRON,,obl,Gen,Neut,Sing,Inan,0.0405093113720666,NONE
",",PUNCT,,punct,,,,,0.1200920265899965,NONE
как,SCONJ,,mark,,,,,-0.0162251872212229,NONE
Парламент,PROPN,,nsubj,Nom,Masc,Sing,Inan,-0.0553895422507046,ORG
Индии,PROPN,,nmod,Gen,Fem,Sing,Inan,-0.0519879887396262,LOC
отозвал,VERB,,acl,,Masc,Sing,,0.0203533604460568,NONE
статус,NOUN,,obj,Acc,Masc,Sing,Inan,0.0879695711789736,NONE
полуавтономии,NOUN,,nmod,Gen,Fem,Sing,Inan,0.0082601228632179,NONE
у,ADP,,case,,,,,-0.1256663521708781,NONE
штата,NOUN,,obl,Gen,Masc,Sing,Inan,0.036584373858121,NONE
Джамму,PROPN,,appos,Nom,Masc,Sing,Inan,0.0212584860266702,LOC
и,CCONJ,,cc,,,,,0.0323587592333814,NONE
Кашмир,PROPN,,conj,Nom,Masc,Sing,Inan,0.0529861853347137,LOC
",",PUNCT,,punct,,,,,0.1284553125136735,NONE
своего,DET,,det,Gen,Masc,Sing,,-0.0906824571285884,NONE
единственного,ADJ,,amod,Gen,Masc,Sing,,0.1193587430678563,NONE
штата,NOUN,,appos,Gen,Masc,Sing,Inan,0.0853958370732135,NONE
",",PUNCT,,punct,,,,,0.1970625636521019,NONE
большинство,NOUN,,nsubj,Nom,Neut,Sing,Inan,0.1386487043425775,NONE
жителей,NOUN,,nmod,Gen,Masc,Plur,Anim,-0.0398480604947636,NONE
которого,PRON,,nmod,Gen,,,,0.0392309873757392,NONE
являются,VERB,,acl:relcl,,,Plur,,-0.0828220613012894,NONE
мусульманами,NOUN,,xcomp,Ins,Masc,Plur,Anim,0.008100850481172,NONE
.,PUNCT,,punct,,,,,0.448136219900919,NONE
“Мы,PRON,,nsubj,Nom,,Plur,,0.0523845316370667,NONE
успешно,ADV,,advmod,,,,,-0.0597027769936502,NONE
снизили,VERB,,root,,,Plur,,0.3163357726318725,NONE
заболеваемость,NOUN,,obj,Acc,Fem,Sing,Inan,-0.053390242700102,NONE
и,CCONJ,,cc,,,,,-0.1241088475216564,NONE
предотвращаем,VERB,,conj,,,Plur,,0.0160198870943948,NONE
повторного,ADJ,,amod,Gen,Masc,Sing,,-0.0256077638969135,NONE
роста,NOUN,,obj,Gen,Masc,Sing,Inan,-0.0242211209431736,NONE
вируса,NOUN,,nmod,Gen,Masc,Sing,Inan,0.2093443309344096,NONE
в,ADP,,case,,,,,-0.0771010445199258,NONE
Соединенном,VERB,,amod,Loc,Neut,Sing,,0.0625108863307953,LOC
Королевстве”,PROPN,,nmod,Loc,Neut,Sing,Inan,0.0139476997549707,LOC
.,PUNCT,,punct,,,,,0.2786926539941952,NONE
С,ADP,,case,,,,,0.2792449699389112,NONE
1987,ADJ,,amod,,,,,0.1530317762713172,NONE
года,NOUN,,obl,Gen,Masc,Sing,Inan,0.1095579411856979,NONE
он,PRON,,nsubj,Nom,Masc,Sing,,0.0105952196993241,NONE
устанавливает,VERB,,root,,,Sing,,-0.4141354384870696,NONE
стандарты,NOUN,,obj,Acc,Masc,Plur,Inan,0.4240264462281987,NONE
размеров,NOUN,,nmod,Gen,Masc,Plur,Inan,0.0818892076983557,NONE
зимних,ADJ,,amod,Gen,,Plur,,0.2055788605597067,NONE
упаковок,NOUN,,nmod,Gen,Fem,Plur,Inan,0.4316620133413172,NONE
",",PUNCT,,punct,,,,,-0.245788875835897,NONE
которым,PRON,,iobj,Dat,,,,0.0728589890225277,NONE
могут,VERB,,acl:relcl,,,Plur,,-0.1825518157309465,NONE
следовать,VERB,,xcomp,,,,,0.0249993615243674,NONE
другие,ADJ,,nsubj,Nom,,Plur,,0.098049887438131,NONE
.,PUNCT,,punct,,,,,-0.255483721171756,NONE
Как,SCONJ,,cc,,,,,-0.3137959352724896,NONE
успокаивающий,VERB,,amod,Nom,Masc,Sing,,0.1093871886197588,NONE
зеленый,ADJ,,amod,Nom,Masc,Sing,,-0.004902121187153,NONE
цвет,NOUN,,nsubj,Nom,Masc,Sing,Inan,-0.0398844013505412,NONE
",",PUNCT,,punct,,,,,0.0956382781100261,NONE
так,ADV,,cc,,,,,-0.0712745505293613,NONE
и,PART,,fixed,,,,,-0.0336217176455661,NONE
аромат,NOUN,,conj,Nom,Masc,Sing,Inan,-0.0129988158768028,NONE
сосны,NOUN,,nmod,Gen,Fem,Sing,Inan,-0.0315947404641299,NONE
",",PUNCT,,punct,,,,,0.2098638336942017,NONE
как,SCONJ,,mark,,,,,0.0267379837697439,NONE
говорят,VERB,,parataxis,,,Plur,,-0.1084301210238359,NONE
",",PUNCT,,punct,,,,,0.1920577590527325,NONE
хороши,ADJ,,root,,,Plur,,0.147826747925691,NONE
для,ADP,,case,,,,,0.2655401719168922,NONE
психического,ADJ,,amod,Gen,Neut,Sing,,0.1251687762036619,NONE
здоровья,NOUN,,obl,Gen,Neut,Sing,Inan,-0.0724564363673303,NONE
и,CCONJ,,cc,,,,,0.0160835099525741,NONE
циклов,NOUN,,conj,Gen,Masc,Plur,Inan,0.0675279301070349,NONE
сна,NOUN,,nmod,Gen,Masc,Sing,Inan,0.002418242197856,NONE
",",PUNCT,,punct,,,,,0.2876797414718182,NONE
в,ADP,,cc,,,,,-0.0886871903701717,NONE
то,DET,,fixed,Acc,Neut,Sing,Inan,-0.0237277824116581,NONE
время,NOUN,,fixed,Acc,Neut,Sing,Inan,0.0777238169554378,NONE
как,SCONJ,,fixed,,,,,0.0231578242402097,NONE
даже,PART,,advmod,,,,,0.0190690700056131,NONE
поддельные,ADJ,,amod,Nom,,Plur,,0.0351925429261383,NONE
деревья,NOUN,,nsubj,Nom,Neut,Plur,Inan,0.0600239794855698,NONE
могут,VERB,,advcl,,,Plur,,0.1033019863938647,NONE
помочь,VERB,,xcomp,,,,,0.0587616883431769,NONE
вызвать,VERB,,xcomp,,,,,0.2115955954845735,NONE
чувство,NOUN,,obj,Acc,Neut,Sing,Inan,0.019641113758641,NONE
ностальгии,NOUN,,nmod,Gen,Fem,Sing,Inan,0.1103066544811029,NONE
.,PUNCT,,punct,,,,,-0.0399457525204431,NONE
У,ADP,,case,,,,,-0.2533522907588489,NONE
БДП,PROPN,,root,Gen,Fem,Sing,Inan,0.0094396543163421,ORG
72,NUM,,nsubj,,,,,0.0315844519325797,NONE
",",PUNCT,,punct,,,,,0.2328923627729149,NONE
включая,ADV,,advmod,,,,,0.0139795107676263,NONE
союзников,NOUN,,obj,Acc,Masc,Plur,Anim,0.1932148797265667,NONE
и,CCONJ,,cc,,,,,-0.0788535773339217,NONE
независимых,ADJ,,conj,Acc,,Plur,Anim,0.2537545261057755,NONE
",",PUNCT,,punct,,,,,0.5828501517810798,NONE
их,PRON,,nsubj,Gen,,Plur,,0.4057118475529511,NONE
97,NUM,,conj,,,,,0.1222593848484182,NONE
.,PUNCT,,punct,,,,,0.3158564418663501,NONE
Премьер-министр,NOUN,,nsubj,Nom,Masc,Sing,Anim,0.104096139822358,NONE
назвал,VERB,,root,,Masc,Sing,,0.2634358610759227,NONE
заявления,NOUN,,obj,Acc,Neut,Plur,Inan,-0.0451046918093798,NONE
«полной,ADJ,,amod,Ins,Fem,Sing,,0.15349065870421,NONE
чушью»,NOUN,,obl,Ins,Fem,Sing,Inan,-0.1118573552148536,NONE
.,PUNCT,,punct,,,,,0.6926781080545045,NONE
Я,PRON,,nsubj,Nom,,Sing,,-0.3048780550026015,NONE
вижу,VERB,,root,,,Sing,,0.1425521692225135,NONE
ваш,DET,,det,Acc,Masc,Sing,Inan,-0.4933012534691582,NONE
комментарий,NOUN,,obj,Acc,Masc,Sing,Inan,-0.000979309362152,NONE
о,ADP,,case,,,,,-0.2572609279741232,NONE
том,PRON,,nmod,Loc,Neut,Sing,Inan,-0.1250547055720716,NONE
",",PUNCT,,punct,,,,,0.3579376218582242,NONE
что,SCONJ,,mark,,,,,-0.1903063000295037,NONE
вы,PRON,,nsubj:pass,Nom,,Plur,,-0.0816111042017709,NONE
отключены,VERB,,acl,,,Plur,,0.0516591473843044,NONE
и,CCONJ,,cc,,,,,0.040034134171651,NONE
не,PART,,advmod,,,,,0.1014666007580636,NONE
получаете,VERB,,conj,,,Plur,,0.2064440105731621,NONE
поддержку,NOUN,,obj,Acc,Fem,Sing,Inan,0.0984993014110588,NONE
",",PUNCT,,punct,,,,,0.0156845237670634,NONE
как,SCONJ,,case,,,,,0.0067640612993239,NONE
еще,PART,,advmod,,,,,-0.0726828130214505,NONE
один,NUM,,nummod,Nom,Masc,,,0.1573998077239043,NONE
пример,NOUN,,obl,Nom,Masc,Sing,Inan,-0.10310829369476,NONE
того,PRON,,nmod,Gen,Neut,Sing,Inan,0.0378457046150068,NONE
",",PUNCT,,punct,,,,,0.2236485901187934,NONE
как,ADV,,mark,,,,,0.0093310070024127,NONE
Америка,PROPN,,nsubj,Nom,Fem,Sing,Inan,-0.0827754700328851,LOC
просто,PART,,advmod,,,,,-0.0471732785620639,NONE
не,PART,,advmod,,,,,-0.100966429079254,NONE
поддерживает,VERB,,acl,,,Sing,,-0.0999387663734261,NONE
людей,NOUN,,obj,Acc,Masc,Plur,Anim,-0.0899925680268949,NONE
.,PUNCT,,punct,,,,,-0.1766173210234882,NONE
Из-за,ADP,,case,,,,,0.3486574080924827,NONE
потерянной,VERB,,amod,Gen,Fem,Sing,,0.005874698479971,NONE
прибыли,NOUN,,obl,Gen,Fem,Sing,Inan,0.1363339134667887,NONE
и,CCONJ,,cc,,,,,-0.2142195439692354,NONE
затрат,NOUN,,conj,Gen,Fem,Plur,Inan,-0.186172869845424,NONE
на,ADP,,case,,,,,-0.1762908179350484,NONE
обслуживание,NOUN,,nmod,Acc,Neut,Sing,Inan,-0.0952447830667056,NONE
пассажиров,NOUN,,nmod,Gen,Masc,Plur,Anim,0.0350281589510476,NONE
закрытие,NOUN,,nsubj,Nom,Neut,Sing,Inan,-0.1913024950308526,NONE
Гатвика,PROPN,,nmod,Gen,Masc,Sing,Inan,0.2359387338517278,LOC
обошлось,VERB,,root,,Neut,Sing,,-0.0890135434773008,NONE
авиакомпаниям,NOUN,,iobj,Dat,Fem,Plur,Inan,0.1982748165745849,NONE
в,ADP,,case,,,,,0.1059180261518473,NONE
50,NUM,,nummod,,,,,-0.0683580757803838,NONE
миллионов,NOUN,,nummod,Gen,Masc,Plur,Inan,0.0501518824888953,NONE
фунтов,NOUN,,obl,Gen,Masc,Plur,Inan,0.023309520068094,NONE
.,PUNCT,,punct,,,,,0.2013851164505724,NONE
Во,ADP,,case,,,,,-0.61274874977367,NONE
Франции,PROPN,,obl,Loc,Fem,Sing,Inan,0.0503947871661072,LOC
потушен,VERB,,root,,Masc,Sing,,0.1502590597251635,NONE
пожар,NOUN,,nsubj:pass,Nom,Masc,Sing,Inan,-0.0313520655263148,NONE
на,ADP,,case,,,,,-0.2948947529925971,NONE
химическом,ADJ,,amod,Loc,Masc,Sing,,0.2043734775725267,NONE
заводе,NOUN,,nmod,Loc,Masc,Sing,Inan,0.003457102279702,NONE
",",PUNCT,,punct,,,,,0.4070789123034866,NONE
вопросов,NOUN,,nsubj,Gen,Masc,Plur,Inan,-0.029976808341127,NONE
все,PART,,advmod,,,,,-0.0929712428626703,NONE
больше,ADV,,conj,,,,,0.1632526204167165,NONE
С,ADP,,advmod,,,,,0.0223587891600647,NONE
тех,DET,,fixed,Gen,,Plur,,0.1784662330860957,NONE
пор,NOUN,,fixed,Gen,Fem,Plur,Inan,0.0271520953145059,NONE
он,PRON,,nsubj,Nom,Masc,Sing,,0.1164826889979359,NONE
провел,VERB,,root,,Masc,Sing,,0.0933056621493758,NONE
один,NUM,,nummod,Acc,Masc,,Inan,0.049712459928156,NONE
предвыборный,ADJ,,amod,Acc,Masc,Sing,Inan,0.1055758524350419,NONE
митинг,NOUN,,obj,Acc,Masc,Sing,Inan,0.1010524343648016,NONE
",",PUNCT,,punct,,,,,0.2889662540076804,NONE
во,ADP,,case,,,,,0.3278133092993571,NONE
время,NOUN,,fixed,Acc,Neut,Sing,Inan,0.0067877603533782,NONE
которого,PRON,,obl,Gen,,,,0.0136884172427116,NONE
обратился,VERB,,acl:relcl,,Masc,Sing,,-0.0268938448353243,NONE
к,ADP,,case,,,,,0.0395090765690846,NONE
толпе,NOUN,,obl,Dat,Fem,Sing,Anim,-0.0273789776524328,NONE
",",PUNCT,,punct,,,,,0.0913475933598772,NONE
одетой,VERB,,acl,Dat,Fem,Sing,,-0.1443271295121944,NONE
в,ADP,,case,,,,,0.4155559357505642,NONE
бронежилет,NOUN,,obl,Acc,Masc,Sing,Inan,0.1888199114496228,NONE
",",PUNCT,,punct,,,,,0.1129759132288762,NONE
произнеся,VERB,,advcl,,,,,0.2026369573902184,NONE
свою,DET,,det,Acc,Fem,Sing,,-0.25371193737632,NONE
речь,NOUN,,obj,Acc,Fem,Sing,Inan,-0.1196812458260226,NONE
без,ADP,,case,,,,,0.0860520771512689,NONE
микрофона,NOUN,,obl,Gen,Masc,Sing,Inan,-0.0509377634245108,NONE
и,CCONJ,,cc,,,,,0.0909931894854351,NONE
трибуны,NOUN,,conj,Gen,Fem,Sing,Inan,0.0852235271806466,NONE
.,PUNCT,,punct,,,,,0.262560151357597,NONE
Я,PRON,,nsubj,Nom,,Sing,,0.1303288551434142,NONE
знаю,VERB,,root,,,Sing,,0.2958254510168716,NONE
",",PUNCT,,punct,,,,,0.118178579751709,NONE
что,SCONJ,,mark,,,,,-0.3515491027142055,NONE
наличие,NOUN,,nsubj,Nom,Neut,Sing,Inan,-0.1582128955530076,NONE
кредита,NOUN,,nmod,Gen,Masc,Sing,Inan,-0.1096394269941009,NONE
не,PART,,advmod,,,,,0.0316699359905873,NONE
сделает,VERB,,ccomp,,,Sing,,0.0326399389705431,NONE
ваше,DET,,det,Acc,Neut,Sing,,-0.0335458746482415,NONE
питание,NOUN,,obj,Acc,Neut,Sing,Inan,0.1169945753038408,NONE
лучше,ADV,,advmod,,,,,0.2082808150774539,NONE
",",PUNCT,,punct,,,,,0.1195119991060174,NONE
но,CCONJ,,cc,,,,,0.3874427035450448,NONE
позвольте,VERB,,conj,,,Plur,,0.2392517967955625,NONE
мне,PRON,,iobj,Dat,,Sing,,-0.0487925705236745,NONE
компенсировать,VERB,,xcomp,,,,,0.1661114198596867,NONE
задержку,NOUN,,obj,Acc,Fem,Sing,Inan,-0.0920429868747272,NONE
.,PUNCT,,punct,,,,,-0.0841868071204899,NONE
Поножовщине,NOUN,,iobj,Dat,Fem,Sing,Inan,0.4355507639007377,NONE
не,PART,,advmod,,,,,0.0574444089101569,NONE
уделяется,VERB,,root,,,Sing,,-0.0811710771269129,NONE
столько,SCONJ,,cc,,,,,-0.4019373384389232,NONE
внимания,NOUN,,nsubj:pass,Gen,Neut,Sing,Inan,-0.0921132401362229,NONE
в,ADP,,case,,,,,0.2042066793180184,NONE
прессе,NOUN,,nmod,Loc,Fem,Sing,Inan,0.2997658071128277,NONE
",",PUNCT,,punct,,,,,-0.0875254738712623,NONE
сколько,SCONJ,,cc,,,,,-0.2705167585051901,NONE
стрельбе,NOUN,,conj,Dat,Fem,Sing,Inan,0.1914990657727153,NONE
.,PUNCT,,punct,,,,,0.3644064673371561,NONE
Не,PART,,advmod,,,,,0.0449511300228178,NONE
имея,VERB,,advcl,,,,,-0.0276958382359173,NONE
выбора,NOUN,,obj,Gen,Masc,Sing,Inan,-0.0612978940248659,NONE
",",PUNCT,,punct,,,,,0.0154512970498983,NONE
а,CCONJ,,cc,,,,,0.1766994513616649,NONE
также,PART,,fixed,,,,,0.079478235109544,NONE
подвергая,VERB,,conj,,,,,0.2053437679479216,NONE
опасности,NOUN,,iobj,Dat,Fem,Sing,Inan,0.0082115721647636,NONE
клиентов,NOUN,,nmod,Gen,Masc,Plur,Anim,0.1544701021655923,NONE
",",PUNCT,,punct,,,,,0.2648621427429437,NONE
я,PRON,,nsubj,Nom,,Sing,,-0.0497931856786846,NONE
провожу,VERB,,root,,,Sing,,-0.0241497411569168,NONE
черту,NOUN,,obj,Acc,Fem,Sing,Inan,0.3066424775526693,NONE
.,PUNCT,,punct,,,,,0.207745006299018,NONE
Несколько,NUM,,nummod:gov,Nom,,,,0.1292313961782341,NONE
грузовиков,NOUN,,nsubj,Gen,Masc,Plur,Inan,-0.0081454084644468,NONE
оказались,VERB,,root,,,Plur,,-0.0414316898366565,NONE
застрявшими,VERB,,xcomp,Ins,,Plur,,0.1835124351500277,NONE
в,ADP,,case,,,,,0.4373926048289491,NONE
оползне,NOUN,,obl,Loc,Masc,Sing,Inan,-0.0977216965752021,NONE
на,ADP,,case,,,,,0.0498041871419984,NONE
междугородней,ADJ,,amod,Loc,Fem,Sing,,0.0255585995820181,NONE
дороге,NOUN,,obl,Loc,Fem,Sing,Inan,-0.0210711014699921,NONE
.,PUNCT,,punct,,,,,0.7968511633073033,NONE
Если,SCONJ,,mark,,,,,-0.7300938925005247,NONE
у,ADP,,case,,,,,-0.0919510114520694,NONE
вас,PRON,,advcl,Gen,,Plur,,-0.1758082615678269,NONE
много,ADV,,nsubj,,,,,-0.0173169976822116,NONE
предметов,NOUN,,obl,Gen,Masc,Plur,Inan,0.1114700008975288,NONE
",",PUNCT,,punct,,,,,0.026994290484652,NONE
восстановление,NOUN,,nsubj,Nom,Neut,Sing,Inan,0.1706113185360644,NONE
аккаунта,NOUN,,nmod,Gen,Masc,Sing,Inan,-0.1035323666858529,NONE
может,VERB,,root,,,Sing,,0.0619296297695131,NONE
занять,VERB,,xcomp,,,,,0.193316100609583,NONE
некоторое,DET,,det,Acc,Neut,Sing,,0.3410361175318768,NONE
время,NOUN,,obj,Acc,Neut,Sing,Inan,-0.1912708549590908,NONE
.,PUNCT,,punct,,,,,0.2308613668279956,NONE
Мечта,NOUN,,root,Nom,Fem,Sing,Inan,0.2526625467764288,NONE
сохранить,VERB,,csubj,,,,,0.0561310844890205,NONE
всех,DET,,det,Acc,,Plur,Anim,0.3058734331323589,NONE
детей,NOUN,,obj,Acc,Masc,Plur,Anim,0.0003104286255725,NONE
в,ADP,,case,,,,,-0.0646364166480061,NONE
безопасности,NOUN,,obl,Loc,Fem,Sing,Inan,-0.0875632647360241,NONE
на,ADP,,case,,,,,0.0541346989864275,NONE
это,DET,,det,Acc,Neut,Sing,,-0.0721985136728385,NONE
Рождество,PROPN,,obl,Acc,Neut,Sing,Inan,0.359340616301939,NONE
Крейг,PROPN,,nsubj,Nom,Masc,Sing,Anim,0.0563633390154648,PER
Доусон,PROPN,,appos,Nom,Masc,Sing,Anim,0.0121057391634185,PER
небрежно,ADV,,advmod,,,,,-0.0992802146371729,NONE
столкнулся,VERB,,root,,Masc,Sing,,0.0178247604997031,NONE
с,ADP,,case,,,,,-0.0838999977680505,NONE
Александром,PROPN,,obl,Ins,Masc,Sing,Anim,0.12745165683337,PER
Ляказеттом,PROPN,,flat:name,Ins,Masc,Sing,Anim,-0.0112144237379759,PER
в,ADP,,case,,,,,-0.0096142915118663,NONE
течение,NOUN,,fixed,Acc,Neut,Sing,Inan,0.0263643007435882,NONE
40,NUM,,nummod,,,,,0.1428005314642295,NONE
секунд,NOUN,,obl,Gen,Fem,Plur,Inan,0.5934228781657378,NONE
",",PUNCT,,punct,,,,,0.0299911575062878,NONE
но,CCONJ,,cc,,,,,-0.0768715338229979,NONE
у,ADP,,case,,,,,-0.1267375472837771,NONE
системы,NOUN,,obl,Gen,Fem,Sing,Inan,-0.0573095005591256,NONE
видеопомощи,NOUN,,nmod,Gen,Fem,Sing,Inan,-0.0131311095512166,NONE
ушло,VERB,,conj,,Neut,Sing,,0.0319036414777609,NONE
почти,ADV,,advmod,,,,,0.0986534840299232,NONE
три,NUM,,nummod:gov,Nom,,,,0.0672919554191984,NONE
минуты,NOUN,,nsubj,Gen,Fem,Sing,Inan,0.002162818241852,NONE
на,ADP,,case,,,,,-0.069479766799444,NONE
то,PRON,,nmod,Acc,Neut,Sing,Inan,-0.0158760600313576,NONE
",",PUNCT,,punct,,,,,0.0295763916876293,NONE
чтобы,SCONJ,,mark,,,,,0.1954559012660083,NONE
подтвердить,VERB,,advcl,,,,,0.0303176530663252,NONE
пенальти,NOUN,,obj,Acc,Masc,Plur,Inan,0.1082233105204712,NONE
",",PUNCT,,punct,,,,,-0.0230156993958228,NONE
с,ADP,,case,,,,,-0.0675893159059323,NONE
которым,PRON,,obl,Ins,,,,0.0165446276116752,NONE
Пьер-Эмерик,PROPN,,nsubj,Nom,Masc,Sing,Anim,0.1201188506949575,PER
Обамеянг,PROPN,,flat:name,Nom,Masc,Sing,Anim,0.0222043699788974,PER
справился,VERB,,acl:relcl,,Masc,Sing,,0.0876880999862289,NONE
без,ADP,,case,,,,,-0.004744991024914,NONE
проблем,NOUN,,obl,Gen,Fem,Plur,Inan,0.0237650005992744,NONE
.,PUNCT,,punct,,,,,0.4603977968979419,NONE
Вопрос,NOUN,,root,Nom,Masc,Sing,Inan,-0.5149707895653567,NONE
.,PUNCT,,punct,,,,,0.5551483306844203,NONE
Вы,PRON,,nsubj,Nom,,Plur,,0.0695113122153011,NONE
можете,VERB,,root,,,Plur,,-0.0557761997461325,NONE
отправить,VERB,,xcomp,,,,,-0.0095613443643912,NONE
мой,DET,,det,Acc,Masc,Sing,Inan,-0.1024685109228201,NONE
заказ,NOUN,,obj,Acc,Masc,Sing,Inan,0.1758228221721994,NONE
по,ADP,,case,,,,,0.0205546047065786,NONE
другому,ADJ,,amod,Dat,Masc,Sing,,-0.221468948581938,NONE
адресу,NOUN,,obl,Dat,Masc,Sing,Inan,0.0991611079636459,NONE
?,PUNCT,,punct,,,,,-0.2456809691734912,NONE
Лоис,PROPN,,nsubj,Nom,Fem,Sing,Anim,0.3006211439938045,PER
Стотард,PROPN,,appos,Nom,Fem,Sing,Anim,0.1187578468555087,PER
из,ADP,,case,,,,,-0.0498310817656163,NONE
Южного,PROPN,,amod,,,,,0.0076782678560104,LOC
Йоркшира,PROPN,,nmod,Gen,Masc,Sing,Inan,0.1078428101131027,LOC
рассказала,VERB,,root,,Fem,Sing,,0.0760365395786608,NONE
BBC,PROPN,,iobj,Dat,Neut,Sing,Inan,0.0477879186087087,ORG
",",PUNCT,,punct,,,,,0.3978850817723422,NONE
что,SCONJ,,mark,,,,,0.0959427794960331,NONE
она,PRON,,nsubj,Nom,Fem,Sing,,0.0854627223538554,NONE
забронировала,VERB,,ccomp,,Fem,Sing,,0.087866911814658,NONE
отпуск,NOUN,,obj,Acc,Masc,Sing,Inan,0.1448972750113163,NONE
в,ADP,,case,,,,,0.0158859158274143,NONE
Севилье,PROPN,,nmod,Acc,Neut,Sing,Inan,0.2087998836194478,LOC
в,ADP,,case,,,,,0.0928654838355441,NONE
качестве,NOUN,,fixed,Loc,Neut,Sing,Inan,-0.0591891722004301,NONE
сюрприза,NOUN,,obl,Gen,Masc,Sing,Inan,0.0019966776361448,NONE
на,ADP,,case,,,,,0.0047304783227104,NONE
30-летний,ADJ,,amod,Acc,Masc,Sing,Inan,0.2093157920685572,NONE
юбилей,NOUN,,nmod,Acc,Masc,Sing,Inan,0.0343547536023524,NONE
своего,DET,,det,Gen,Masc,Sing,,-0.1067247618839231,NONE
парня,NOUN,,nmod,Gen,Masc,Sing,Anim,0.039156158994716,NONE
-,PUNCT,,punct,,,,,-0.0209048805622153,NONE
из-за,ADP,,case,,,,,0.2093451326633551,NONE
вылета,NOUN,,obl,Gen,Masc,Sing,Inan,0.155800922389974,NONE
в,ADP,,case,,,,,0.0056265753667082,NONE
воскресенье,NOUN,,nmod,Acc,Neut,Sing,Inan,0.0005045472377216,NONE
утром,NOUN,,nmod,Ins,Neut,Sing,Inan,0.009605203533146,NONE
-,PUNCT,,punct,,,,,0.1243566158301627,NONE
но,CCONJ,,cc,,,,,-0.0459432051068085,NONE
теперь,ADV,,advmod,,,,,-0.0649221089759997,NONE
чувствует,VERB,,conj,,,Sing,,-0.0699573687722988,NONE
",",PUNCT,,punct,,,,,0.2097059622556379,NONE
что,SCONJ,,mark,,,,,-0.1797670714866339,NONE
не,PART,,advmod,,,,,-0.239055862574563,NONE
может,VERB,,ccomp,,,Sing,,-0.1200107311184222,NONE
путешествовать,VERB,,xcomp,,,,,0.0654827689453123,NONE
.,PUNCT,,punct,,,,,0.1286037072709559,NONE
У,ADP,,case,,,,,0.0482295961939188,NONE
Пэлтроу,PROPN,,root,Gen,Masc,Sing,Anim,0.0957573233543496,PER
двое,NUM,,nummod:gov,Nom,,,,0.1280352172514395,NONE
детей,NOUN,,nsubj,Gen,Masc,Plur,Anim,-0.0618889009824745,NONE
",",PUNCT,,punct,,,,,0.0378809029742694,NONE
Эппл,PROPN,,appos,Nom,Masc,Sing,Anim,0.0350684553858651,PER
(,PUNCT,,punct,,,,,-0.0854540133643594,NONE
16,NUM,,parataxis,,,,,0.0388056480032762,NONE
),PUNCT,,punct,,,,,0.028366312236246,NONE
и,CCONJ,,cc,,,,,0.0882901756462763,NONE
Мозес,PROPN,,conj,Nom,Fem,Sing,Anim,0.078898471581087,PER
(,PUNCT,,punct,,,,,0.0011531386456432,NONE
14,NUM,,parataxis,,,,,-0.0437928019661459,NONE
),PUNCT,,punct,,,,,0.015662358090388,NONE
",",PUNCT,,punct,,,,,0.0807636994594612,NONE
от,ADP,,case,,,,,-0.0293406463826375,NONE
бывшего,ADJ,,amod,Gen,Masc,Sing,,0.0470726189993382,NONE
мужа,NOUN,,nmod,Gen,Masc,Sing,Anim,0.0283414379796363,NONE
Криса,PROPN,,appos,Gen,Masc,Sing,Anim,0.0125506719903021,PER
Мартина,PROPN,,flat:name,Gen,Masc,Sing,Anim,-0.0028743839563038,PER
",",PUNCT,,punct,,,,,0.0891781999698821,NONE
и,CCONJ,,cc,,,,,-0.0751785327372171,NONE
она,PRON,,nsubj,Nom,Fem,Sing,,-0.0228643320942582,NONE
хочет,VERB,,conj,,,Sing,,-0.0601215857975188,NONE
",",PUNCT,,punct,,,,,0.0847019531729032,NONE
чтобы,SCONJ,,mark,,,,,0.0346388484456437,NONE
они,PRON,,nsubj,Nom,,Plur,,0.0544403649877983,NONE
имели,VERB,,ccomp,,,Plur,,0.0781706971357351,NONE
хорошие,ADJ,,amod,Acc,,Plur,Inan,0.1166032696506197,NONE
ценности,NOUN,,obj,Acc,Fem,Plur,Inan,0.1072666451004354,NONE
и,CCONJ,,cc,,,,,-0.03425785545928,NONE
не,PART,,advmod,,,,,-0.074477687819238,NONE
почивали,VERB,,conj,,,Plur,,-0.0025288777546153,NONE
на,ADP,,case,,,,,0.0072409623970546,NONE
лаврах,NOUN,,obl,Loc,Masc,Plur,Inan,0.1027212174159767,NONE
славы,NOUN,,nmod,Gen,Fem,Sing,Inan,-0.0150499363085721,NONE
своих,DET,,det,Gen,,Plur,,0.014758336335241,NONE
родителей,NOUN,,nmod,Gen,Masc,Plur,Anim,-0.0463127178409524,NONE
.,PUNCT,,punct,,,,,0.8823080864818871,NONE
Спасибо,NOUN,,root,Nom,Neut,Sing,Inan,-0.390648314888939,NONE
",",PUNCT,,punct,,,,,0.1095113636599312,NONE
что,SCONJ,,mark,,,,,-0.0251934197401535,NONE
уделили,VERB,,ccomp,,,Plur,,0.0179050792763802,NONE
время,NOUN,,obj,Acc,Neut,Sing,Inan,0.1059140489191604,NONE
",",PUNCT,,punct,,,,,0.0232351205438228,NONE
чтобы,SCONJ,,mark,,,,,0.0808857283667456,NONE
поговорить,VERB,,advcl,,,,,0.0304214851452099,NONE
со,ADP,,case,,,,,0.0004689841939528,NONE
мной,PRON,,obl,Ins,,Sing,,0.0377433947739856,NONE
сегодня,ADV,,advmod,,,,,0.029825712950764,NONE
",",PUNCT,,punct,,,,,0.1681319051789665,NONE
надеюсь,VERB,,conj,,,Sing,,-0.0053350194323835,NONE
",",PUNCT,,punct,,,,,0.1071957148017804,NONE
что,SCONJ,,mark,,,,,0.0680193654887178,NONE
мне,PRON,,iobj,Dat,,Sing,,-0.0182881357717855,NONE
удалось,VERB,,ccomp,,Neut,Sing,,0.0276785784283962,NONE
помочь,VERB,,csubj,,,,,-0.0107775838535687,NONE
Вам,PRON,,iobj,Dat,,Plur,,0.0356898794195649,NONE
разобраться,VERB,,xcomp,,,,,-0.0566188445023589,NONE
с,ADP,,case,,,,,0.0079552429155967,NONE
Вашим,DET,,det,Ins,Masc,Sing,,0.057664799625794,NONE
запросом,NOUN,,obl,Ins,Masc,Sing,Inan,0.1934012462952558,NONE
",",PUNCT,,punct,,,,,0.0599718323939355,NONE
если,SCONJ,,mark,,,,,0.0468249204579084,NONE
Вы,PRON,,nsubj,Nom,,Plur,,-0.0141495473704906,NONE
не,PART,,advmod,,,,,-0.0202790393138667,NONE
против,ADV,,advcl,,,,,0.0361695476260639,NONE
",",PUNCT,,punct,,,,,0.0949409188983158,NONE
оцените,VERB,,conj,,,Plur,,0.0380552529918286,NONE
наш,DET,,det,Acc,Masc,Sing,,-0.0137393683258258,NONE
разговор,NOUN,,obj,Acc,Masc,Sing,Inan,0.0266576522838829,NONE
на,ADP,,case,,,,,-0.047365535336485,NONE
основании,NOUN,,obl,Loc,Neut,Sing,Inan,0.005257520041947,NONE
моих,DET,,det,Gen,,Plur,,0.305808771662838,NONE
навыков,NOUN,,nmod,Gen,Masc,Plur,Inan,0.1467929374112314,NONE
обслуживания,NOUN,,nmod,Gen,Neut,Sing,Inan,-0.0048116338089135,NONE
клиентов,NOUN,,nmod,Gen,Masc,Plur,Anim,0.0617398645072548,NONE
",",PUNCT,,punct,,,,,0.0446911162671522,NONE
примите,VERB,,conj,,,Plur,,0.0778532380168066,NONE
мою,DET,,det,Acc,Fem,Sing,,0.0133722990818005,NONE
признательность,NOUN,,obj,Acc,Fem,Sing,Inan,0.0920473196850543,NONE
за,ADP,,case,,,,,0.0148978187546817,NONE
это,PRON,,nmod,Acc,Neut,Sing,Inan,0.0081917333042363,NONE
",",PUNCT,,punct,,,,,0.0332967287903576,NONE
кнопка,NOUN,,nsubj,Nom,Fem,Sing,Inan,0.0536883008520316,NONE
оценки,NOUN,,nmod,Gen,Fem,Sing,Inan,0.0626406775988582,NONE
находится,VERB,,conj,,,Sing,,0.0275148988007822,NONE
в,ADP,,case,,,,,0.0182947776819484,NONE
этом,DET,,det,Loc,Masc,Sing,,-0.0812022617591916,NONE
диалоге,NOUN,,obl,Loc,Masc,Sing,Inan,0.1656761748266074,NONE
.,PUNCT,,punct,,,,,0.4151945034748864,NONE
Я,PRON,,nsubj,Nom,,Sing,,-0.2139944488649872,NONE
сожалею,VERB,,root,,,Sing,,0.4209850371075926,NONE
",",PUNCT,,punct,,,,,0.2496778130010022,NONE
что,SCONJ,,mark,,,,,-0.0547493337280316,NONE
ваш,DET,,det,Nom,Masc,Sing,,-0.0745000698929257,NONE
заказ,NOUN,,nsubj,Nom,Masc,Sing,Inan,-0.0347423094204365,NONE
опаздывает,VERB,,ccomp,,,Sing,,0.2063464627704025,NONE
.,PUNCT,,punct,,,,,0.28835587556426,NONE
вы,PRON,,nsubj,Nom,,Plur,,0.3574153526260125,NONE
находитесь,VERB,,conj,,,Plur,,0.021316113568884,NONE
на,ADP,,case,,,,,-0.0582049100405352,NONE
странице,NOUN,,obl,Loc,Fem,Sing,Inan,0.2113727159786883,NONE
книги,NOUN,,nmod,Gen,Fem,Sing,Inan,0.57815838877639,NONE
?,PUNCT,,punct,,,,,-0.5026558422482074,NONE
В,ADP,,case,,,,,0.1308446472919009,NONE
рамках,NOUN,,obl,Loc,Fem,Plur,Inan,-0.0877536119245477,NONE
совместной,ADJ,,amod,Gen,Fem,Sing,,0.0394096929683103,NONE
работы,NOUN,,nmod,Gen,Fem,Sing,Inan,0.2456737189607845,NONE
она,PRON,,nsubj,Nom,Fem,Sing,,-0.1894407139405086,NONE
была,AUX,,cop,,Fem,Sing,,-0.1362368191720382,NONE
призвана,ADJ,,root,,Fem,Sing,,0.102946575854895,NONE
служить,VERB,,xcomp,,,,,-0.0251757606957179,NONE
художественным,ADJ,,amod,Ins,Masc,Sing,,0.4279913143903495,NONE
руководителем,NOUN,,obl,Ins,Masc,Sing,Anim,-0.0963304198941537,NONE
шоу,NOUN,,nmod,Gen,Neut,Sing,Inan,0.4141196977191406,NONE
по,ADP,,case,,,,,-0.2018389732538911,NONE
макияжу,NOUN,,nmod,Dat,Masc,Sing,Inan,0.0665630345129276,NONE
.,PUNCT,,punct,,,,,-0.308377336191599,NONE
Если,SCONJ,,mark,,,,,-0.0099710135932543,NONE
мы,PRON,,nsubj,Nom,,Plur,,0.0309805275936219,NONE
говорим,VERB,,advcl,,,Plur,,0.0382292899731533,NONE
о,ADP,,case,,,,,-0.084423872092881,NONE
количестве,NOUN,,obl,Loc,Neut,Sing,Inan,-0.0907117021920696,NONE
российских,ADJ,,amod,Gen,,Plur,,-0.0979025149161832,NONE
компаний,NOUN,,nmod,Gen,Fem,Plur,Inan,-0.0306478244541508,NONE
в,ADP,,case,,,,,0.0328229286164601,NONE
ОАЕ,PROPN,,nmod,Loc,Masc,Sing,Inan,0.0689770111384303,ORG
",",PUNCT,,punct,,,,,0.1955853906493141,NONE
оно,PRON,,nsubj,Nom,Neut,Sing,,-0.1780676968074288,NONE
достигло,VERB,,root,,Neut,Sing,,0.2762876818776525,NONE
почти,ADV,,advmod,,,,,-0.0220611137705573,NONE
4,NUM,,nummod,,,,,-0.1534764642836625,NONE
тысяч,NOUN,,obl,Gen,Fem,Plur,Inan,-0.128674159074841,NONE
",",PUNCT,,punct,,,,,0.3889166931584968,NONE
-,PUNCT,,punct,,,,,0.2818355700264952,NONE
заявил,VERB,,parataxis,,Masc,Sing,,-0.056871422282082,NONE
аль-Зейуди,ADV,,advmod,,,,,0.2833223388276071,PER
.,PUNCT,,punct,,,,,0.2521092198190146,NONE
Эксперт,NOUN,,nsubj,Nom,Masc,Sing,Anim,-0.0099408060218746,NONE
по,ADP,,case,,,,,0.1011292990766654,NONE
сну,NOUN,,nmod,Dat,Masc,Sing,Inan,-0.0171000625506452,NONE
Карл,PROPN,,appos,Nom,Masc,Sing,Anim,0.0645203185983423,PER
Уолш,PROPN,,flat:name,Nom,Masc,Sing,Anim,0.3457788572741044,PER
сказал,VERB,,root,,Masc,Sing,,0.0384754389047137,NONE
:,PUNCT,,punct,,,,,-0.0661430070445526,NONE
«Наш,DET,,det,Nom,Masc,Sing,,-0.0041517714584668,NONE
мозг,NOUN,,nsubj,Nom,Masc,Sing,Inan,0.0027603587721138,NONE
собирает,VERB,,parataxis,,,Sing,,0.0741319845937581,NONE
информацию,NOUN,,obj,Acc,Fem,Sing,Inan,0.0045659331004338,NONE
из,ADP,,case,,,,,0.0962613897766039,NONE
окружающей,VERB,,amod,Gen,Fem,Sing,,-0.0312039422361373,NONE
среды,NOUN,,obl,Gen,Fem,Sing,Inan,0.0222948605295217,NONE
",",PUNCT,,punct,,,,,-0.0729098002417647,NONE
и,CCONJ,,cc,,,,,-0.8309699112429664,NONE
это,PRON,,nsubj,Nom,Neut,Sing,Inan,-0.0118442443690385,NONE
преобразуется,VERB,,conj,,,Sing,,0.0662229487661898,NONE
в,ADP,,case,,,,,0.2157270124136698,NONE
сигналы,NOUN,,obl,Acc,Masc,Plur,Inan,0.1361526079105445,NONE
",",PUNCT,,punct,,,,,-0.0872139785270154,NONE
выделяющие,VERB,,acl,Acc,,Plur,Inan,0.094658916479979,NONE
гормоны,NOUN,,obj,Acc,Masc,Plur,Inan,0.0052459213478383,NONE
в,ADP,,case,,,,,-0.0290584647793858,NONE
ответ,NOUN,,obl,Acc,Masc,Sing,Inan,0.0437497192016782,NONE
.,PUNCT,,punct,,,,,-0.1516079364545915,NONE
Сообщите,VERB,,root,,,Plur,,0.1788477448811699,NONE
мне,PRON,,iobj,Dat,,Sing,,-0.1570031255116766,NONE
",",PUNCT,,punct,,,,,0.2030001839509946,NONE
пожалуйста,ADV,,parataxis,,,,,0.4371956140613987,NONE
",",PUNCT,,punct,,,,,0.1718884132389482,NONE
какая,DET,,det,Nom,Fem,Sing,,-0.2324941584705562,NONE
у,ADP,,case,,,,,-0.5747108260164303,NONE
вас,PRON,,obl,Gen,,Plur,,0.0037508960498079,NONE
#PRS,PROPN,,flat:foreign,,,,,0.1383816492536692,ORG
_,SYM,,flat:foreign,,,,,0.1770288995489648,NONE
ORG,X,,flat:foreign,,,,,0.2904616283464477,NONE
#,PUNCT,,punct,,,,,-0.0220053276030992,NONE
модель,NOUN,,nsubj,Nom,Fem,Sing,Inan,0.0539997364927549,NONE
В,ADP,,case,,,,,-0.213116090806139,NONE
ноябре,NOUN,,obl,Loc,Masc,Sing,Inan,0.1617493534466487,NONE
2018,ADJ,,nmod,,,,,0.2143724604963441,NONE
его,PRON,,obj,Acc,Masc,Sing,,0.0389469997754165,NONE
вернули,VERB,,root,,,Plur,,-0.0470599049876165,NONE
под,ADP,,case,,,,,-0.300731634757651,NONE
опеку,NOUN,,obl,Acc,Fem,Sing,Inan,-0.2575537293881424,NONE
родителей,NOUN,,nmod,Gen,Masc,Plur,Anim,-0.0857251858183472,NONE
.,PUNCT,,punct,,,,,0.2903367490275115,NONE
Он,PRON,,nsubj,Nom,Masc,Sing,,-0.0869835627668204,NONE
также,PART,,advmod,,,,,0.3291288041963335,NONE
сказал,VERB,,root,,Masc,Sing,,0.2092964955803024,NONE
",",PUNCT,,punct,,,,,-0.0371455689704686,NONE
что,SCONJ,,mark,,,,,-0.3745290831011515,NONE
пытался,VERB,,ccomp,,Masc,Sing,,-0.0180121035455439,NONE
развестись,VERB,,xcomp,,,,,-0.0315986048137316,NONE
с,ADP,,case,,,,,0.1677241105693584,NONE
Кардашьян-Уэст,PROPN,,obl,Ins,Fem,Sing,Anim,0.1236331924627369,PER
",",PUNCT,,punct,,,,,0.1410941930942424,NONE
на,ADP,,case,,,,,-0.1352810111547687,NONE
которой,PRON,,obl,Loc,Fem,Sing,,0.0118820102930432,NONE
женился,VERB,,acl:relcl,,Masc,Sing,,0.1076034762104276,NONE
в,ADP,,case,,,,,0.1594627546524107,NONE
2014,ADJ,,amod,,,,,-0.2207550591924107,NONE
году,NOUN,,obl,Loc,Masc,Sing,Inan,0.1054777617075757,NONE
.,PUNCT,,punct,,,,,0.3848552663340501,NONE
Бывает,VERB,,root,,,Sing,,0.0223289001779584,NONE
.,PUNCT,,punct,,,,,0.6159906613258292,NONE
Вы,PRON,,nsubj,Nom,,Plur,,0.7725305018285396,NONE
получите,VERB,,root,,,Plur,,-0.2002071927254513,NONE
ваш,DET,,det,Acc,Masc,Sing,,0.0134415651815727,NONE
груз,NOUN,,obj,Acc,Masc,Sing,Inan,-0.0134062049602974,NONE
Encore,PROPN,,flat:foreign,,,,,-0.0137088952252005,NONE
Deluxe,PROPN,,flat:foreign,,,,,0.023510706129056,NONE
Ручной,ADJ,,amod,Acc,Masc,Sing,Inan,0.0374828089211776,NONE
/,PUNCT,,punct,,,,,0.0613283326582629,NONE
Аккумулятор,PROPN,,conj,Acc,Masc,Sing,Inan,0.1336673576034298,NONE
питания,NOUN,,nmod,Gen,Neut,Sing,Inan,0.0442491260529481,NONE
вакуумной,ADJ,,amod,Gen,Fem,Sing,,0.2671841914130926,NONE
эрекции,NOUN,,nmod,Gen,Fem,Sing,Inan,-0.0080719895612016,NONE
пенис,NOUN,,appos,Nom,Masc,Sing,Inan,0.0936174694186871,NONE
насос,NOUN,,appos,Acc,Masc,Sing,Inan,0.2441441815342636,NONE
в,ADP,,case,,,,,0.0931451529820034,NONE
простой,ADJ,,amod,Loc,Fem,Sing,,0.2335921688502169,NONE
коробке,NOUN,,nmod,Loc,Fem,Sing,Inan,0.0321721744999972,NONE
.,PUNCT,,punct,,,,,0.1762347138620223,NONE
Было,VERB,,root,,Neut,Sing,,-0.6023136147195919,NONE
конкретное,ADJ,,amod,Nom,Neut,Sing,,0.0777988974041164,NONE
время,NOUN,,nsubj,Nom,Neut,Sing,Inan,0.0153817159862102,NONE
в,ADP,,case,,,,,0.0659394607642564,NONE
конце,NOUN,,nmod,Loc,Masc,Sing,Inan,-0.0740479164876371,NONE
дня,NOUN,,nmod,Gen,Masc,Sing,Inan,-0.0268839778372082,NONE
",",PUNCT,,punct,,,,,0.0692454438426833,NONE
когда,ADV,,advmod,,,,,-0.1160345944495567,NONE
наступал,VERB,,acl:relcl,,Masc,Sing,,0.1892906589846415,NONE
выход,NOUN,,nsubj,Nom,Masc,Sing,Inan,-0.0115035382573326,NONE
из,ADP,,case,,,,,0.0128662357604717,NONE
строя,NOUN,,nmod,Gen,Masc,Sing,Inan,-0.0030284666769099,NONE
дневного,ADJ,,amod,Gen,Masc,Sing,,0.0557556503118898,NONE
света,NOUN,,nmod,Gen,Masc,Sing,Inan,-0.0245564791711063,NONE
и,CCONJ,,cc,,,,,-0.0532079862589084,NONE
включались,VERB,,conj,,,Plur,,-0.0063214432251477,NONE
уличные,ADJ,,amod,Nom,,Plur,,0.0034200343647076,NONE
фонари,NOUN,,nsubj:pass,Nom,Masc,Plur,Inan,0.1853151022802534,NONE
",",PUNCT,,punct,,,,,0.1678465595088739,NONE
когда,SCONJ,,mark,,,,,-0.0072364724820741,NONE
все,PRON,,nsubj,Nom,Neut,Sing,Inan,0.0111940846682906,NONE
словно,PART,,advmod,,,,,-0.0199101273940087,NONE
светилось,VERB,,advcl,,Neut,Sing,,-0.0345347234209997,NONE
",",PUNCT,,punct,,,,,0.2489366796777214,NONE
-,PUNCT,,punct,,,,,0.4212599215225972,NONE
говорит,VERB,,parataxis,,,Sing,,0.0517779749270078,NONE
Левене,PROPN,,nsubj,Dat,Fem,Sing,Anim,0.188019856982045,PER
.,PUNCT,,punct,,,,,-0.2801608125558449,NONE
Полиция,NOUN,,nsubj,Nom,Fem,Sing,Inan,0.198145536502367,NONE
заявила,VERB,,root,,Fem,Sing,,-0.3577355006111239,NONE
",",PUNCT,,punct,,,,,0.29132484286201,NONE
что,SCONJ,,mark,,,,,0.1073030581554965,NONE
протестующие,VERB,,nsubj,Nom,,Plur,,0.033606259864487,NONE
в,ADP,,case,,,,,0.0990464096471057,NONE
какой-то,DET,,det,Acc,Masc,Sing,,0.0591340922634691,NONE
момент,NOUN,,obl,Acc,Masc,Sing,Inan,-0.1695995450470296,NONE
«разбивали,VERB,,ccomp,,,Plur,,0.2243064210669585,NONE
окна,NOUN,,obj,Acc,Neut,Plur,Inan,-0.037098085885229,NONE
и,CCONJ,,cc,,,,,-0.0405752909462989,NONE
скандировали,VERB,,conj,,,Plur,,0.0939495851614649,NONE
расовые,ADJ,,amod,Acc,,Plur,Inan,0.1656218815640524,NONE
оскорбления,NOUN,,obj,Acc,Neut,Plur,Inan,0.4151722039541258,NONE
в,ADP,,case,,,,,0.2251703739179144,NONE
их,DET,,det,,,,,-0.0532430754159449,NONE
жизнь»,NOUN,,obl,Acc,Fem,Sing,Inan,0.0310721774330549,NONE
.,PUNCT,,punct,,,,,0.3098245995911263,NONE
