word,upos,xpos,deprel,case,gender,number,animacy,score,ner
Doprava,NOUN,NNFS1-----A----,nsubj,Nom,Fem,Sing,,-0.2201256351412484,O
je,AUX,VB-S---3P-AAI--,cop,,,Sing,,0.1518938253027333,O
vždy,ADV,Db-------------,advmod,,,,,0.079520560550643,O
problém,NOUN,NNIS1-----A----,root,Nom,Masc,Sing,Inan,0.0851283749668923,O
a,CCONJ,J^-------------,cc,,,,,0.1540352232907707,O
je,AUX,VB-S---3P-AAI--,cop,,,Sing,,-0.2341222311329473,O
vždy,ADV,Db-------------,advmod,,,,,-0.2309643646504716,O
drahá,ADJ,AAFS1----1A----,conj,Nom,Fem,Sing,,0.2631643710860726,O
.,PUNCT,Z:-------------,punct,,,,,-0.7817142731704632,O
V,ADP,RR--6----------,case,Loc,,,,-0.0050527320225346,O
případě,NOUN,NNIS6-----A----,obl,Loc,Masc,Sing,Inan,-0.0198848567802231,O
skrytého,ADJ,AAIS2----1A----,amod,Gen,Masc,Sing,Inan,0.0259368782870102,O
omikronu“,NOUN,F%-------------,obl,,,,,0.225514190777509,O
se,PRON,P7-X4----------,expl:pass,Acc,,,,-0.082181540728295,O
potvrdila,VERB,VpQW----R-AAP--,root,,"Fem,Neut","Plur,Sing",,0.1234095630646551,O
pozitivita,NOUN,NNFS1-----A----,nsubj:pass,Nom,Fem,Sing,,0.0906868691294619,O
genů,NOUN,NNIP2-----A----,nmod,Gen,Masc,Plur,Inan,0.10062441548097,O
N,NOUN,Q3-------------,nmod,,,,,-0.0002421153602287,B-o_
i,CCONJ,J^-------------,cc,,,,,0.0483364596911891,O
S,NOUN,Q3-------------,conj,,,,,0.0153866803667032,B-o_
",",PUNCT,Z:-------------,punct,,,,,0.9276289919746028,O
což,PRON,PQ--1----------,nsubj,Nom,,,,0.0685646693608158,O
ztěžuje,VERB,VB-S---3P-AAI--,conj,,,Sing,,0.1022353600149987,O
odlišení,NOUN,NNNS4-----A----,obj,Acc,Neut,Sing,,0.059584445288385,O
od,ADP,RR--2----------,case,Gen,,,,0.0194871113595707,O
ostatních,ADJ,AAFP2----1A----,amod,Gen,Fem,Plur,,0.0402472137931061,O
variant,NOUN,NNFP2-----A----,nmod,Gen,Fem,Plur,,0.0218133191665294,O
.,PUNCT,Z:-------------,punct,,,,,-0.0459296042764834,O
Pokud,SCONJ,"J,-------------",mark,,,,,0.0094325265380119,O
máte,VERB,VB-P---2P-AAI--,advcl,,,Plur,,-0.263881289001532,O
i,CCONJ,J^-------------,advmod:emph,,,,,-0.07571389940381,O
po,ADP,RR--6----------,case,Loc,,,,0.0585120683486075,O
provedení,NOUN,NNNS6-----A----,obl,Loc,Neut,Sing,,0.0358776218520841,O
synchronizace,NOUN,NNFS2-----A----,nmod,Gen,Fem,Sing,,0.1166110953187951,O
problémy,NOUN,NNIP4-----A----,obj,Acc,Masc,Plur,Inan,0.1391485544999018,O
s,ADP,RR--7----------,case,Ins,,,,0.1153412279609917,O
otevřením,NOUN,NNNS7-----A----,nmod,Ins,Neut,Sing,,0.1089769947661837,O
knihy,NOUN,NNFS2-----A----,nmod,Gen,Fem,Sing,,-0.0316102528211126,O
ve,ADP,RV--6----------,case,Loc,,,,0.0515355357720096,O
vaší,DET,PSFS6-P2-------,det,Loc,Fem,Sing,,-0.0073793316281351,O
čtečce,NOUN,NNFS6-----A----,nmod,Loc,Fem,Sing,,0.2334522012015414,O
",",PUNCT,Z:-------------,punct,,,,,0.8115435312337068,O
zkusíme,VERB,VB-P---1P-AAP--,root,,,Plur,,0.0813537607115333,O
potíže,NOUN,NNFP4-----A----,obj,Acc,Fem,Plur,,0.0629731212030682,O
odstranit,VERB,Vf--------A-P--,xcomp,,,,,0.0589597246412242,O
.,PUNCT,Z:-------------,punct,,,,,0.1537243034065199,O
Zákon,NOUN,NNIS1-----A----,nsubj:pass,Nom,Masc,Sing,Inan,0.1340684807176568,O
byl,AUX,VpYS----R-AAI--,aux:pass,,Masc,Sing,,0.0763880556461211,O
přijat,ADJ,VsYS----X-APP--,root,,Masc,Sing,,-0.0431418723149138,O
dvoutřetinovou,ADJ,AAFS7----1A----,amod,Ins,Fem,Sing,,0.0571303647209077,O
většinou,NOUN,NNFS7-----A----,obl,Ins,Fem,Sing,,-0.417559446062611,O
hlasů,NOUN,NNIP2-----A----,nmod,Gen,Masc,Plur,Inan,0.2841825845356952,O
s,ADP,RR--7----------,case,Ins,,,,0.1339204023705132,O
námitkami,NOUN,NNFP7-----A----,obl,Ins,Fem,Plur,,0.0164649252731899,O
čtyř,NUM,Cl-P2----------,nummod,Gen,,Plur,,0.0638191714791536,O
poslanců,NOUN,NNMP2-----A----,nmod,Gen,Masc,Plur,Anim,0.2135465834479969,O
.,PUNCT,Z:-------------,punct,,,,,-0.4739254364459457,O
Školení,NOUN,NNNS1-----A----,nsubj,Nom,Neut,Sing,,-0.0630999596114765,O
zdarma,ADV,Db-------------,advmod,,,,,-0.0639066482793436,O
na,ADP,RR--6----------,case,Loc,,,,0.6463577809755466,O
CompTIA,PROPN,NNXXX-----A----,nmod,Nom,Fem,Sing,,0.0104546359428985,B-ic
A,NOUN,Q3-------------,nmod,,,,,-0.1698664604054462,I-ic
+,SYM,Z:-------------,nmod,,,,,0.1039048603936632,I-ic
/,PUNCT,Z:-------------,punct,,,,,-0.2315625671903605,I-ic
pokryje,VERB,VB-S---3P-AAP--,root,,,Sing,,0.2790666955358598,O
celý,ADJ,AAIS4----1A----,amod,Acc,Masc,Sing,Inan,0.3353731358946839,O
kurz,NOUN,NNIS4-----A----,obj,Acc,Masc,Sing,Inan,-0.3392701434747794,O
Omlouváme,VERB,VB-P---1P-AAI--,ccomp,,,Plur,,0.1471288966458781,O
se,PRON,P7-X4----------,expl:pv,Acc,,,,0.0667896505781317,O
za,ADP,RR--4----------,case,Acc,,,,0.0592297315140371,O
způsobenou,ADJ,AAFS4----1A----,amod,Acc,Fem,Sing,,0.028966766163513,O
bolest,NOUN,NNFS4-----A----,obl:arg,Acc,Fem,Sing,,-0.0777159951589512,O
či,CCONJ,J^-------------,cc,,,,,-0.0747926709608006,O
nejasnosti,NOUN,NNFP4-----A----,conj,Acc,Fem,Plur,,0.0508260037136763,O
",",PUNCT,Z:-------------,punct,,,,,0.0527379504135118,O
které,DET,P4FP4----------,obj,Acc,Fem,Plur,,-0.0968867022285973,O
to,DET,PDNS1----------,nsubj,Nom,Neut,Sing,,0.0236799102095297,O
přineslo,VERB,VpNS----R-AAP--,acl:relcl,,Neut,Sing,,0.0076394137647606,O
našim,DET,PSXP3-P1-------,det,Dat,,Plur,,-0.0479269112633368,O
pacientům,NOUN,NNMP3-----A----,obl:arg,Dat,Masc,Plur,Anim,0.0437902832547669,O
a,CCONJ,J^-------------,cc,,,,,0.0437793217742005,O
jejich,DET,P9XXXXP3-------,det,,,,,-0.1380058441316902,O
rodinám,NOUN,NNFP3-----A----,conj,Dat,Fem,Plur,,-0.0148911445673737,O
",",PUNCT,Z:-------------,punct,,,,,0.2698718042555783,O
“,PUNCT,Z:-------------,punct,,,,,0.0886462802453484,O
napsala,VERB,VpQW----R-AAP--,root,,"Fem,Neut","Plur,Sing",,-0.003189837574145,O
v,ADP,RR--6----------,case,Loc,,,,3.728726773204407,O
prohlášení,NOUN,NNNS6-----A----,obl,Loc,Neut,Sing,,0.1203251227502244,O
nemocnice,NOUN,NNFS1-----A----,nsubj,Nom,Fem,Sing,,0.0395904916432444,O
.,PUNCT,Z:-------------,punct,,,,,0.2566011254313164,O
Pokud,SCONJ,"J,-------------",mark,,,,,0.0124553022157345,O
jste,AUX,VB-P---2P-AAI--,aux,,,Plur,,0.1233913569675831,O
od,ADP,RR--2----------,case,Gen,,,,0.0154554892919934,O
našeho,DET,PSZS2-P1-------,det,Gen,"Masc,Neut",Sing,,0.058109998433275,O
týmu,NOUN,NNIS2-----A----,obl:arg,Gen,Masc,Sing,Inan,0.0806716543955214,O
neobdrželi,VERB,VpMP----R-NAP--,advcl,,Masc,Plur,Anim,0.048945879919943,O
dopis,NOUN,NNIS4-----A----,obj,Acc,Masc,Sing,Inan,-0.0326505737877009,O
nebo,CCONJ,J^-------------,cc,,,,,0.0770609690276288,O
telefonický,ADJ,AAIS4----1A----,amod,Acc,Masc,Sing,Inan,-0.0914737943456939,O
hovor,NOUN,NNIS4-----A----,conj,Acc,Masc,Sing,Inan,-0.024757479437386,O
",",PUNCT,Z:-------------,punct,,,,,-0.0254901330755018,O
vašeho,DET,PSZS2-P2-------,det,Gen,"Masc,Neut",Sing,,-0.038402112355502,O
dítě,NOUN,NNNS2-----A----,obl:arg,Gen,Neut,Sing,,0.1783292632252339,O
se,PRON,P7-X4----------,expl:pv,Acc,,,,-0.0005562491322833,O
věc,NOUN,NNFS1-----A----,nsubj,Nom,Fem,Sing,,0.0504540476733122,O
nijak,ADV,Db-------------,advmod,,,,,-0.0498830911124655,O
netýká,VERB,VB-S---3P-NAI--,root,,,Sing,,0.0436136615638792,O
.,PUNCT,Z:-------------,punct,,,,,0.5566817929001965,O
“,PUNCT,Z:-------------,punct,,,,,-0.317313653348542,O
Mluvčí,NOUN,NNMS1-----A----,nsubj,Nom,Masc,Sing,Anim,0.4309291092669094,O
čínského,ADJ,AANS2----1A----,amod,Gen,Neut,Sing,,0.0858563518930515,O
ministerstva,NOUN,NNNS2-----A----,nmod,Gen,Neut,Sing,,-0.0487305777491998,O
zahraničí,NOUN,NNNS2-----A----,nmod,Gen,Neut,Sing,,-0.0438123276279504,O
Wang,PROPN,NNMS1-----A----,flat,Nom,Masc,Sing,Anim,-0.0850623232175403,B-P|B-pf
Wenbin,PROPN,NNMS1-----A----,flat,Nom,Masc,Sing,Anim,0.0944604126210527,I-P|B-ps
bez,ADP,RR--2----------,case,Gen,,,,0.3626543363537732,O
jakýchkoliv,DET,PZXP2----------,det,Gen,,Plur,,0.0907077764665272,O
dalších,ADJ,AAIP2----1A----,amod,Gen,Masc,Plur,Inan,0.0313741298856747,O
detailů,NOUN,NNIP2-----A----,obl,Gen,Masc,Plur,Inan,0.163810962491415,O
uvedl,VERB,VpYS----R-AAP--,root,,Masc,Sing,,-0.3567208075966818,O
",",PUNCT,Z:-------------,punct,,,,,0.043044574507118,O
že,SCONJ,"J,-------------",mark,,,,,-0.1862131372350522,O
tyto,DET,PDFP1----------,det,Nom,Fem,Plur,,-0.0032356020832428,O
činnosti,NOUN,NNFP1-----A----,nsubj,Nom,Fem,Plur,,-0.0434594038163746,O
zasahovaly,VERB,VpTP----R-AAI--,ccomp,,"Fem,Masc",Plur,Inan,0.0856607623569233,O
do,ADP,RR--2----------,case,Gen,,,,0.0366770693692669,O
zájmů,NOUN,NNIP2-----A----,obl,Gen,Masc,Plur,Inan,0.0712310850451988,O
Číny,PROPN,NNFS2-----A----,nmod,Gen,Fem,Sing,,-0.110780228349766,B-gc
a,CCONJ,J^-------------,cc,,,,,-0.0713453244850549,O
poškozovaly,VERB,VpTP----R-AAI--,conj,,"Fem,Masc",Plur,Inan,-0.0035639167987928,O
její,DET,P9XP4FS3-------,det,Acc,,Plur,,-0.016329332186716,O
bezpečnostní,ADJ,AAIP4----1A----,amod,Acc,Masc,Plur,Inan,0.0169266965781975,O
zájmy,NOUN,NNIP4-----A----,obj,Acc,Masc,Plur,Inan,0.0264848697514188,O
.,PUNCT,Z:-------------,punct,,,,,0.2220246746649784,O
Čína,PROPN,NNFS1-----A----,nsubj,Nom,Fem,Sing,,0.0227079907243379,B-gc
se,PRON,P7-X4----------,expl:pv,Acc,,,,0.0806305422449556,O
vždy,ADV,Db-------------,advmod,,,,,0.6670953945120088,O
snažila,VERB,VpQW----R-AAI--,ccomp,,"Fem,Neut","Plur,Sing",,0.085138359549372,O
řešit,VERB,Vf--------A-I--,xcomp,,,,,-0.0264021062935644,O
spory,NOUN,NNIP4-----A----,obj,Acc,Masc,Plur,Inan,-0.0269715271170602,O
o,ADP,RR--4----------,case,Acc,,,,-0.0120714858578343,O
územní,ADJ,AAIP4----1A----,amod,Acc,Masc,Plur,Inan,-0.0563581701599405,O
i,CCONJ,J^-------------,cc,,,,,-0.1255246368597158,O
námořní,ADJ,AAIP4----1A----,conj,Acc,Masc,Plur,Inan,-0.0166609236700141,O
nároky,NOUN,NNIP4-----A----,nmod,Acc,Masc,Plur,Inan,0.0149274895887578,O
prostřednictvím,NOUN,NNNS7-----A----,case,Ins,Neut,Sing,,-0.0720406077436866,O
vyjednávání,NOUN,NNNS2-----A----,obl,Gen,Neut,Sing,,-0.1010850534070721,O
a,CCONJ,J^-------------,cc,,,,,0.0574973471876944,O
konzultací,NOUN,NNFP2-----A----,conj,Gen,Fem,Plur,,0.0258469701112578,O
",",PUNCT,Z:-------------,punct,,,,,0.191899929368784,O
“,PUNCT,Z:-------------,punct,,,,,-0.1750718279946893,O
uvedlo,VERB,VpNS----R-AAP--,root,,Neut,Sing,,-0.018072568101102,O
oficiální,ADJ,AANS1----1A----,amod,Nom,Neut,Sing,,0.0732389443966338,O
prohlášení,NOUN,NNNS1-----A----,nsubj,Nom,Neut,Sing,,-0.0498557643801684,O
",",PUNCT,Z:-------------,punct,,,,,0.1277990947474585,O
které,DET,P4NS1----------,nsubj:pass,Nom,Neut,Sing,,-0.022961640245026,O
bylo,AUX,VpNS----R-AAI--,aux:pass,,Neut,Sing,,0.0799465782542765,O
zveřejněno,ADJ,VsNS----X-APP--,amod,,Neut,Sing,,-0.0144156368629795,O
čtyři,NUM,Cl-P4----------,nummod,Acc,,Plur,,-0.0726443980775061,O
dny,NOUN,NNIP4-----A----,obl,Acc,Masc,Plur,Inan,-0.0543631156319286,O
před,ADP,RR--7----------,case,Ins,,,,-0.0906311276224555,O
oslavou,NOUN,NNFS7-----A----,nmod,Ins,Fem,Sing,,-0.0533108400141801,O
70,NUM,C=-------------,nummod,,,,,-0.035504255247572,B-no
.,PUNCT,Z:-------------,punct,,,,,0.1320890367383525,I-no
výročí,NOUN,NNNS2-----A----,nmod,Gen,Neut,Sing,,-0.1044980967006747,O
vlády,NOUN,NNFS2-----A----,nmod,Gen,Fem,Sing,,-7.633743220325983,O
Komunistické,ADJ,AAFS2----1A----,amod,Gen,Fem,Sing,,0.0077212074378435,B-io
strany,NOUN,NNFS2-----A----,nmod,Gen,Fem,Sing,,0.0558063015396196,I-io
Číny,PROPN,NNFS2-----A----,nmod,Gen,Fem,Sing,,0.0005855990921962,I-io|B-gc
(,PUNCT,Z:-------------,punct,,,,,0.0605515396144718,O
CPC,NOUN,BNXXX-----A----,appos,,,,,-0.0201258548963656,B-io
),PUNCT,Z:-------------,punct,,,,,0.0013957738433979,O
v,ADP,RR--6----------,case,Loc,,,,-0.0800358241602957,O
zemi,NOUN,NNFS6-----A----,nmod,Loc,Fem,Sing,,0.0489993556802614,O
",",PUNCT,Z:-------------,punct,,,,,0.1033318219439788,O
které,DET,P4NS1----------,nsubj,Nom,Neut,Sing,,-0.0373378873614932,O
připadá,VERB,VB-S---3P-AAI--,acl:relcl,,,Sing,,0.1055989877159602,O
na,ADP,RR--4----------,case,Acc,,,,0.0145132991315005,O
1,NUM,C=-------------,nummod,,,,,0.0711836229022437,B-T|B-td
.,PUNCT,Z:-------------,punct,,,,,0.1445036659482572,I-T|I-td
října,NOUN,NNIS2-----A----,obl,Gen,Masc,Sing,Inan,-0.0709291881677888,I-T|B-tm
.,PUNCT,Z:-------------,punct,,,,,0.254426624774,O
Dle,ADP,RR--2----------,case,Gen,,,,0.0824429994814106,O
informací,NOUN,NNFP2-----A----,obl,Gen,Fem,Plur,,-0.1334696371610578,O
z,ADP,RR--2----------,case,Gen,,,,-0.0298789919662853,O
oficiálních,ADJ,AAFP2----1A----,amod,Gen,Fem,Plur,,-0.0084362070832968,O
webových,ADJ,AAFP2----1A----,amod,Gen,Fem,Plur,,-0.2042649976942031,O
stránek,NOUN,NNFP2-----A----,nmod,Gen,Fem,Plur,,0.0464970225407712,O
zahájila,VERB,VpQW----R-AAP--,root,,"Fem,Neut","Plur,Sing",,0.1092912151894865,O
státní,ADJ,AAFS1----1A----,amod,Nom,Fem,Sing,,-0.0469148280490432,O
volební,ADJ,AAFS1----1A----,amod,Nom,Fem,Sing,,-0.0501738373897984,O
komise,NOUN,NNFS1-----A----,nsubj,Nom,Fem,Sing,,-0.0744769804317945,O
(,PUNCT,Z:-------------,punct,,,,,0.0102485613759541,O
NEA,NOUN,BNXXX-----A----,appos,,,,,0.3650851433757707,B-io
),PUNCT,Z:-------------,punct,,,,,0.0927588023386258,O
v,ADP,RR--4----------,case,Acc,,,,-0.2436944232193897,O
sobotu,NOUN,NNFS4-----A----,obl,Acc,Fem,Sing,,0.2245705512575696,O
registraci,NOUN,NNFS4-----A----,obj,Acc,Fem,Sing,,-0.1330597463613757,O
údajů,NOUN,NNIP2-----A----,nmod,Gen,Masc,Plur,Inan,0.016541895171795,O
voličů,NOUN,NNMP2-----A----,nmod,Gen,Masc,Plur,Anim,0.0959823969940341,O
v,ADP,RR--6----------,case,Loc,,,,-0.1209509082198552,O
zahraničí,NOUN,NNNS6-----A----,nmod,Loc,Neut,Sing,,-0.1250919401783975,O
",",PUNCT,Z:-------------,punct,,,,,0.1495784338729379,O
aby,AUX,Vc-------------,aux,,,,,0.0378766596567848,O
mohli,VERB,VpMP----R-AAI--,advcl,,Masc,Plur,Anim,-0.0303859452237148,O
zaslat,VERB,Vf--------A-P--,xcomp,,,,,0.036363684585695,O
svůj,DET,P8IS4----------,det,Acc,Masc,Sing,Inan,-0.0314198058511141,O
hlas,NOUN,NNIS4-----A----,obj,Acc,Masc,Sing,Inan,-0.1499464001561896,O
do,ADP,RR--2----------,case,Gen,,,,-0.0369185742852182,O
senátních,ADJ,AAFP2----1A----,amod,Gen,Fem,Plur,,0.0911997879012456,O
voleb,NOUN,NNFP2-----A----,obl,Gen,Fem,Plur,,-0.1304672121073867,O
naplánovaných,ADJ,AAFP2----1A----,amod,Gen,Fem,Plur,,-0.0259828680757372,O
na,ADP,RR--4----------,case,Acc,,,,-0.5449177117252937,O
9,NUM,C=-------------,nummod,,,,,-0.0807410708534104,B-T|B-td
.,PUNCT,Z:-------------,punct,,,,,0.2074670146397397,I-T|I-td
a,CCONJ,J^-------------,cc,,,,,-0.0612189988734212,I-T
10,NUM,C=-------------,conj,,,,,-0.1841419381835038,I-T|B-td
.,PUNCT,Z:-------------,punct,,,,,0.1592189466879422,I-T|I-td
srpna,NOUN,NNIS2-----A----,obl,Gen,Masc,Sing,Inan,-0.0849101123832215,I-T|B-tm
.,PUNCT,Z:-------------,punct,,,,,0.0813999577343081,O
Dolní,ADJ,AAFS1----1A----,amod,Nom,Fem,Sing,,-0.0021172035521426,O
sněmovna,NOUN,NNFS1-----A----,nsubj,Nom,Fem,Sing,,-0.0072246786853814,O
egyptského,ADJ,AAIS2----1A----,amod,Gen,Masc,Sing,Inan,0.0140160262568206,O
parlamentu,NOUN,NNIS2-----A----,nmod,Gen,Masc,Sing,Inan,-0.0132878034871124,O
schválila,VERB,VpQW----R-AAP--,root,,"Fem,Neut","Plur,Sing",,-0.0417446481893538,O
17,NUM,C=-------------,nummod,,,,,8.819593500733575,B-T|B-td
.,PUNCT,Z:-------------,punct,,,,,0.0164895083472257,I-T|I-td
června,NOUN,NNIS2-----A----,obl,Gen,Masc,Sing,Inan,0.0336825933241449,I-T|B-tm
zákon,NOUN,NNIS4-----A----,obj,Acc,Masc,Sing,Inan,0.0218780202575272,O
zřizující,ADJ,AGIS4-----A----,amod,Acc,Masc,Sing,Inan,0.0251850879719882,O
senát,NOUN,NNIS4-----A----,obj,Acc,Masc,Sing,Inan,-0.0051878640419527,O
",",PUNCT,Z:-------------,punct,,,,,0.1091214862572852,O
který,DET,P4YS1----------,nsubj,Nom,Masc,Sing,,-0.0177381144711852,O
má,VERB,VB-S---3P-AAI--,acl:relcl,,,Sing,,0.0233350844704185,O
fungovat,VERB,Vf--------A-I--,xcomp,,,,,0.0016817473639445,O
jako,SCONJ,"J,-------------",mark,,,,,0.0339578188358096,O
horní,ADJ,AAFS1----1A----,amod,Nom,Fem,Sing,,0.0497891800568852,O
komora,NOUN,NNFS1-----A----,xcomp,Nom,Fem,Sing,,0.0451276107397653,O
parlamentu,NOUN,NNIS2-----A----,nmod,Gen,Masc,Sing,Inan,-0.0107950128914551,O
.,PUNCT,Z:-------------,punct,,,,,0.0080779182123621,O
Bohužel,PART,TT-------------,advmod,,,,,-0.1824170552332046,O
jsem,AUX,VB-S---1P-AAI--,aux,,,Sing,,0.2733148333388112,O
od,ADP,RR--2----------,case,Gen,,,,-0.0609691900321919,O
vás,PRON,PP-P2--2-------,obl:arg,Gen,,Plur,,-0.0908651589851669,O
déle,ADV,Dg-------2A----,advmod,,,,,0.0377497216506662,O
než,SCONJ,"J,-------------",mark,,,,,0.0467014163270659,O
2,NUM,C=-------------,nummod,,,,,-0.0788140867662619,B-nc
minuty,NOUN,NNFP4-----A----,obl,Acc,Fem,Plur,,-0.0365508657458627,O
neobdržel,VERB,VpYS----R-NAP--,root,,Masc,Sing,,0.1847293588842937,O
žádnou,DET,PWFS4----------,det,Acc,Fem,Sing,,-0.468682125701742,O
odpověď,NOUN,NNFS4-----A----,obj,Acc,Fem,Sing,,-0.1951195121082284,O
.,PUNCT,Z:-------------,punct,,,,,0.2753243454360248,O
Contact,X,F%-------------,nsubj,,,,,-0.0048284692761473,B-if
Left,X,F%-------------,flat:foreign,,,,,0.240057832642634,I-if
Limited,X,F%-------------,flat:foreign,,,,,-0.0248155070460897,I-if
je,AUX,VB-S---3P-AAI--,cop,,,Sing,,-0.0294195741698048,O
oficiálním,ADJ,AAMS7----1A----,amod,Ins,Masc,Sing,Anim,0.0241163363894057,O
dodavatelem,NOUN,NNMS7-----A----,root,Ins,Masc,Sing,Anim,0.0569491750475933,O
spacáků,NOUN,NNIP2-----A----,nmod,Gen,Masc,Plur,Inan,0.0324046852308827,O
Snugpak,PROPN,NNIS1-----A----,nmod,,,,,0.078731686535564,B-op
a,CCONJ,J^-------------,cc,,,,,0.1081554198886192,O
nabízí,VERB,VB-S---3P-AAI--,conj,,,Sing,,-0.664615124380512,O
široký,ADJ,AAIS4----1A----,amod,Acc,Masc,Sing,Inan,-0.2075117651774026,O
sortiment,NOUN,NNIS4-----A----,obj,Acc,Masc,Sing,Inan,0.0326772867934227,O
jejich,DET,P9XXXXP3-------,det,,,,,-0.4883025327461913,O
výrobků,NOUN,NNIP2-----A----,nmod,Gen,Masc,Plur,Inan,0.0429887202251578,O
na,ADP,RR--6----------,case,Loc,,,,-0.0190768916413298,O
EBAY,NOUN,BNXXX-----A----,nmod,,,,,0.0216154538409219,O
.,PUNCT,Z:-------------,punct,,,,,0.2935389795820569,O
S,ADP,RR--7----------,case,Ins,,,,-0.2401813442443573,O
National,X,F%-------------,nmod,,,,,0.063578482979465,B-if
&,PUNCT,Z:-------------,punct,,,,,0.4303399817195598,I-if
Hertz,PROPN,F%-------------,conj,,,,,0.2589279902900183,I-if
jsem,AUX,VB-S---1P-AAI--,aux,,,Sing,,-0.214045983518946,O
měl,VERB,VpYS----R-AAI--,root,,Masc,Sing,,-0.0221439366280833,O
vždy,ADV,Db-------------,advmod,,,,,-0.5488820128054185,O
nejlepší,ADJ,AAFS4----3A----,amod,Acc,Fem,Sing,,-0.1282259529550387,O
zkušenost,NOUN,NNFS4-----A----,obj,Acc,Fem,Sing,,-0.3033281729682731,O
.,PUNCT,Z:-------------,punct,,,,,0.346562266205852,O
Bratr,NOUN,NNMS1-----A----,nsubj:pass,Nom,Masc,Sing,Anim,0.0150343803946095,O
pákistánské,ADJ,AAFS2----1A----,amod,Gen,Fem,Sing,,0.3873260325141046,O
hvězdy,NOUN,NNFS2-----A----,nmod,Gen,Fem,Sing,,0.0522574640509462,O
sociálních,ADJ,AAFP2----1A----,amod,Gen,Fem,Plur,,0.3375617048726919,O
sítí,NOUN,NNFP2-----A----,nmod,Gen,Fem,Plur,,0.4261032184382525,O
Qandeel,PROPN,NNMS1-----A----,flat,Nom,Masc,Sing,Anim,-0.0328059675961296,B-P|B-pf
Balochové,PROPN,NNMS1-----A----,flat,Nom,Masc,Sing,Anim,0.4100388555069624,I-P|B-ps
odsouzen,ADJ,VsYS----X-APP--,root,,Masc,Sing,,0.2983202750494585,O
na,ADP,RR--4----------,case,Acc,,,,0.0480184315675352,O
doživotí,NOUN,NNNS4-----A----,obl,Acc,Neut,Sing,,0.252467010953124,O
pro,ADP,RR--4----------,case,Acc,,,,-0.055817057733485,O
vraždu,NOUN,NNFS4-----A----,obl,Acc,Fem,Sing,,0.0448378998489165,O
ze,ADP,RV--2----------,case,Gen,,,,0.0121909055585856,O
cti,NOUN,NNFS2-----A----,nmod,Gen,Fem,Sing,,0.172288994055271,O
Walt,PROPN,NNMS1-----A----,nsubj,Nom,Masc,Sing,Anim,0.0454594715637509,B-p_
vyměňuje,VERB,VB-S---3P-AAI--,root,,,Sing,,0.1148000827380087,O
ohřívač,NOUN,NNIS4-----A----,obj,Acc,Masc,Sing,Inan,-0.0708315112506358,O
horké,ADJ,AAFS2----1A----,amod,Gen,Fem,Sing,,0.0092197421836208,O
vody,NOUN,NNFS2-----A----,nmod,Gen,Fem,Sing,,-0.1871624403271905,O
",",PUNCT,Z:-------------,punct,,,,,0.204644044407467,O
pak,ADV,Db-------------,advmod,,,,,-0.09736219969426,O
vyměňuje,VERB,VB-S---3P-AAI--,conj,,,Sing,,-0.049346805995283,O
desky,NOUN,NNFP4-----A----,obj,Acc,Fem,Plur,,-0.0453985217900038,O
",",PUNCT,Z:-------------,punct,,,,,0.2086880589280731,O
které,DET,P4FP1----------,nsubj,Nom,Fem,Plur,,-0.0258056117608005,O
zřejmě,ADV,Dg-------1A----,advmod,,,,,0.0459387950123385,O
ne,PART,TT-------------,advmod:emph,,,,,0.1057518395839315,O
nutně,ADV,Dg-------1A----,advmod,,,,,0.623116383299199,O
kazily,VERB,VpTP----R-AAI--,acl:relcl,,"Fem,Masc",Plur,Inan,0.0487417410246813,O
.,PUNCT,Z:-------------,punct,,,,,-0.0466351157918895,O
Kyberútoky,NOUN,NNIP1-----A----,nsubj:pass,Nom,Masc,Plur,Inan,0.1671618233549652,O
jsou,AUX,VB-P---3P-AAI--,aux:pass,,,Plur,,0.1934866202352684,O
v,ADP,RR--6----------,case,Loc,,,,-0.1609277335019902,O
současné,ADJ,AAFS6----1A----,amod,Loc,Fem,Sing,,0.1443201190358525,O
době,NOUN,NNFS6-----A----,obl,Loc,Fem,Sing,,0.0331474787899335,O
vnímány,ADJ,VsTP----X-API--,root,,"Fem,Masc",Plur,Inan,0.1622972567110684,O
jako,SCONJ,"J,-------------",mark,,,,,0.1396361075135916,O
největší,ADJ,AAFS1----3A----,amod,Nom,Fem,Sing,,0.122852770096788,O
hrozba,NOUN,NNFS1-----A----,xcomp,Nom,Fem,Sing,,0.0323720713587796,O
pro,ADP,RR--4----------,case,Acc,,,,0.2347567842727622,O
finanční,ADJ,AAFS4----1A----,amod,Acc,Fem,Sing,,0.0912371281399143,O
stabilitu,NOUN,NNFS4-----A----,nmod,Acc,Fem,Sing,,0.2622059708167021,O
.,PUNCT,Z:-------------,punct,,,,,0.6182707702067523,O
Abyste,AUX,Vc-P---2-------,aux,,,Plur,,0.1462627474408986,O
získali,VERB,VpMP----R-AAP--,advcl,,Masc,Plur,Anim,0.0436231968640166,O
nárok,NOUN,NNIS4-----A----,obj,Acc,Masc,Sing,Inan,0.0508822751854968,O
na,ADP,RR--4----------,case,Acc,,,,-0.1263457833739831,O
Virus,X,F%-------------,nmod,,,,,-0.1211675443522916,B-o_
Protection,X,F%-------------,flat:foreign,,,,,0.0178807782008119,I-o_
Promise,X,F%-------------,flat:foreign,,,,,-0.1391496557991825,I-o_
",",PUNCT,Z:-------------,punct,,,,,0.0905751605483594,O
musíte,VERB,VB-P---2P-AAI--,root,,,Plur,,-0.0464181317351309,O
si,PRON,P7--3----------,obl,Dat,,,,0.0213441284346508,O
objednat,VERB,Vf--------A-P--,xcomp,,,,,-0.0318134534900496,O
",",PUNCT,Z:-------------,punct,,,,,0.1991387453132865,O
obnovit,VERB,Vf--------A-P--,conj,,,,,-0.1456393423370333,O
nebo,CCONJ,J^-------------,cc,,,,,0.0902575028177792,O
aktualizovat,VERB,Vf--------A-B--,conj,,,,,0.0657561616743648,O
vaše,DET,PSXP4-P2-------,det,Acc,,Plur,,0.2884515528671523,O
předplatné,NOUN,NNNS4-----A----,obj,Acc,Neut,Sing,,0.1677269341423191,O
u,ADP,RR--2----------,case,Gen,,,,-0.0911562902334112,O
společnosti,NOUN,NNFS2-----A----,obl,Gen,Fem,Sing,,-0.0556183601683632,O
Norton,PROPN,NNIS1-----A----,nmod,Nom,Masc,Sing,Inan,-0.0743647102708118,B-if
prostřednictvím,NOUN,NNNS7-----A----,case,Ins,Neut,Sing,,0.0602858547406954,O
služby,NOUN,NNFS2-----A----,obl,Gen,Fem,Sing,,0.0518121819767272,O
Symantec,PROPN,NNIS1-----A----,nmod,Nom,Masc,Sing,Inan,0.0881755860628619,B-if
nebo,CCONJ,J^-------------,cc,,,,,-0.0472245979654401,O
si,PRON,P7--3----------,obl,Dat,,,,-0.0067782626203321,O
předplatit,VERB,Vf--------A-P--,conj,,,,,0.0710678740578584,O
přímo,ADV,Dg-------1A----,advmod:emph,,,,,-0.1177202919197311,O
u,ADP,RR--2----------,case,Gen,,,,-0.5507630130735138,O
společnosti,NOUN,NNFS2-----A----,obl,Gen,Fem,Sing,,-0.2606329799113169,O
Norton,PROPN,NNIS1-----A----,nmod,Nom,Masc,Sing,Inan,0.0160495518528711,B-if
službu,NOUN,NNFS4-----A----,obj,Acc,Fem,Sing,,-0.0042935393890071,O
Automatické,ADJ,AANS1----1A----,amod,Nom,Neut,Sing,,0.1040257647782762,O
obnovení,NOUN,NNNS1-----A----,nmod,Nom,Neut,Sing,,0.0083998033576108,O
.,PUNCT,Z:-------------,punct,,,,,0.029944872325625,O
Chcete,VERB,VB-P---2P-AAI--,root,,,Plur,,0.0167668657616438,O
prosím,VERB,VB-S---1P-AAI--,xcomp,,,Sing,,0.1207243270086744,O
dál,ADV,Db-------------,advmod,,,,,-0.1189841895267995,O
čekat,VERB,Vf--------A-I--,xcomp,,,,,0.3562637341879829,O
",",PUNCT,Z:-------------,punct,,,,,-0.670730834778843,O
dokud,SCONJ,"J,-------------",mark,,,,,-0.1604824390318504,O
vám,PRON,PP-P3--2-------,obl:arg,Dat,,Plur,,-0.1578029417775573,O
nebude,AUX,VB-S---3F-NAI--,aux:pass,,,Sing,,0.1360847215039686,O
zásilka,NOUN,NNFS1-----A----,nsubj:pass,Nom,Fem,Sing,,0.0724626375784339,O
doručena,ADJ,VsQW----X-APP--,advcl,,"Fem,Neut","Plur,Sing",,0.3476968861819938,O
?,PUNCT,Z:-------------,punct,,,,,0.1205467340604029,O
Před,ADP,RR--7----------,case,Ins,,,,-0.2099542963943558,O
použitím,NOUN,NNNS7-----A----,obl,Ins,Neut,Sing,,0.157801530989691,O
nebo,CCONJ,J^-------------,cc,,,,,0.1449817885176868,O
konzumací,NOUN,NNFS7-----A----,conj,Ins,Fem,Sing,,0.1155762310069301,O
výrobku,NOUN,NNIS2-----A----,nmod,Gen,Masc,Sing,Inan,0.0099551730712108,O
si,PRON,P7--3----------,obl,Dat,,,,-0.0408325712128428,O
vždy,ADV,Db-------------,advmod,,,,,-0.0035845523426514,O
přečtěte,VERB,Vi-P---2--A-P--,root,,,Plur,,0.0076155211733247,O
etikety,NOUN,NNFP4-----A----,obj,Acc,Fem,Plur,,0.5002802507173633,O
",",PUNCT,Z:-------------,punct,,,,,0.1617470587747834,O
varování,NOUN,NNNS4-----A----,conj,Acc,Neut,Sing,,-0.059579245794587,O
a,CCONJ,J^-------------,cc,,,,,-0.2389152488758724,O
pokyny,NOUN,NNIP4-----A----,conj,Acc,Masc,Plur,Inan,-0.0402080597990493,O
přiložené,ADJ,AAIP4----1A----,amod,Acc,Masc,Plur,Inan,0.3555572207199114,O
k,ADP,RR--3----------,case,Dat,,,,0.1065984348530284,O
výrobku,NOUN,NNIS3-----A----,obl,Dat,Masc,Sing,Inan,0.012381484615089,O
.,PUNCT,Z:-------------,punct,,,,,0.2658369841552301,O
Když,SCONJ,"J,-------------",mark,,,,,-0.0948146218921835,O
se,PRON,P7-X4----------,expl:pv,Acc,,,,-0.0170004267588667,O
manažer,NOUN,NNMS1-----A----,nsubj,Nom,Masc,Sing,Anim,-0.0725874795779175,O
vrátil,VERB,VpYS----R-AAP--,advcl,,Masc,Sing,,-0.0082699373544575,O
",",PUNCT,Z:-------------,punct,,,,,0.2178193565647629,O
naklonil,VERB,VpYS----R-AAP--,root,,Masc,Sing,,0.0826583178596019,O
se,PRON,P7-X4----------,expl:pv,Acc,,,,-0.0117070625852935,O
ke,ADP,RV--3----------,case,Dat,,,,-0.0123857166383245,O
mně,PRON,PP-S3--1-------,obl,Dat,,Sing,,-0.0211641875709058,O
a,CCONJ,J^-------------,cc,,,,,0.065022101618368,O
pošeptal,VERB,VpYS----R-AAP--,conj,,Masc,Sing,,0.018069870255389,O
mi,PRON,PH-S3--1-------,obl:arg,Dat,,Sing,,-0.2059740413628544,O
Byly,AUX,VpTP----R-AAI--,ccomp,,"Fem,Masc",Plur,Inan,-0.0658228613248841,O
v,ADP,RR--6----------,case,Loc,,,,-0.144429885948971,O
uličce,NOUN,NNFS6-----A----,obl,Loc,Fem,Sing,,-0.0861295044154547,O
7,NUM,C=-------------,nummod,,,,,-0.1441466796576078,B-ah
",",PUNCT,Z:-------------,punct,,,,,0.2604774962293664,O
přesně,ADV,Dg-------1A----,advmod,,,,,-0.1434459759095724,O
jak,ADV,Db-------------,advmod,,,,,-0.0570397075311116,O
jsi,AUX,VB-S---2P-AAI--,aux,,,Sing,,-0.008797835791179,O
to,DET,PDNS4----------,obj,Acc,Neut,Sing,,-0.0567194158760408,O
řekl,VERB,VpYS----R-AAP--,conj,,Masc,Sing,,-0.0006107079763904,O
“,PUNCT,Z:-------------,punct,,,,,-0.2237566483517079,O
.,PUNCT,Z:-------------,punct,,,,,-0.0064374294694197,O
Objednal,VERB,VpYS----R-AAP--,root,,Masc,Sing,,0.0675056002462036,O
jsem,AUX,VB-S---1P-AAI--,aux,,,Sing,,-0.7943380202017601,O
vám,PRON,PP-P3--2-------,obl:arg,Dat,,Plur,,0.278862399400303,O
náhradu,NOUN,NNFS4-----A----,obj,Acc,Fem,Sing,,0.0493216392042692,O
",",PUNCT,Z:-------------,punct,,,,,0.0553848877916931,O
měla,VERB,VpQW----R-AAI--,conj,,"Fem,Neut","Plur,Sing",,-0.3780762683430024,O
by,AUX,Vc----------I--,aux,,,,,0.0559760032001085,O
být,AUX,Vf--------A-I--,aux:pass,,,,,-0.0126437934710868,O
odeslána,ADJ,VsQW----X-APP--,ccomp,,"Fem,Neut","Plur,Sing",,0.1918092888179892,O
19,NUM,C=-------------,nummod,,,,,0.0745758272268311,B-T|B-td
.,PUNCT,Z:-------------,punct,,,,,0.0682022394549922,I-T|I-td
února,NOUN,NNIS2-----A---1,obl,Gen,Masc,Sing,Inan,-0.0093326631059188,I-T|B-tm
.,PUNCT,Z:-------------,punct,,,,,0.0470953928988417,O
Vždy,ADV,Db-------------,advmod,,,,,-0.0592440966552779,O
jsme,AUX,VB-P---1P-AAI--,cop,,,Plur,,-0.0937507663338546,O
rádi,ADJ,ACMP------A----,root,,Masc,Plur,Anim,-0.224871068068292,O
za,ADP,RR--4----------,case,Acc,,,,0.1134076910000386,O
kladnou,ADJ,AAFS4----1A----,amod,Acc,Fem,Sing,,0.0683448151114298,O
zpětnou,ADJ,AAFS4----1A----,amod,Acc,Fem,Sing,,0.1180945522310748,O
vazbu,NOUN,NNFS4-----A----,obl:arg,Acc,Fem,Sing,,-0.0345396525317836,O
",",PUNCT,Z:-------------,punct,,,,,0.2059202614937072,O
nicméně,CCONJ,J^-------------,cc,,,,,-0.1922239120419106,O
pokud,SCONJ,"J,-------------",mark,,,,,0.2598274186699305,O
budete,AUX,VB-P---2F-AAI--,aux,,,Plur,,0.0221013839668411,O
mít,VERB,Vf--------A-I--,advcl,,,,,-0.1361630122722167,O
s,ADP,RR--7----------,case,Ins,,,,-0.0425995124020551,O
nákupem,NOUN,NNIS7-----A----,obl,Ins,Masc,Sing,Inan,0.0289476762547956,O
jakýkoli,DET,PZIS4----------,det,Acc,Masc,Sing,Inan,0.0016914641772734,O
problém,NOUN,NNIS4-----A----,obj,Acc,Masc,Sing,Inan,0.1465765575199171,O
",",PUNCT,Z:-------------,punct,,,,,0.5630961556801217,O
dejte,VERB,Vi-P---2--A-P--,conj,,,Plur,,0.044934038169884,O
nám,PRON,PP-P3--1-------,obl:arg,Dat,,Plur,,-0.1882856503869543,O
prosím,VERB,VB-S---1P-AAI--,conj,,,Sing,,0.0688888147729333,O
šanci,NOUN,NNFS4-----A----,obj,Acc,Fem,Sing,,-0.1739627165650322,O
jej,PRON,PEZS4--3------2,obj,Acc,"Masc,Neut",Sing,,-0.0605637590345673,O
vyřešit,VERB,Vf--------A-P--,acl,,,,,0.2488880726764813,O
.,PUNCT,Z:-------------,punct,,,,,0.2274878945760153,O
Problém,NOUN,NNIS1-----A----,root,Nom,Masc,Sing,Inan,-0.2304605963612396,O
s,ADP,RR--7----------,case,Ins,,,,0.0075686709850777,O
teplotou,NOUN,NNFS7-----A----,nmod,Ins,Fem,Sing,,0.7090099788294799,O
vody,NOUN,NNFS2-----A----,nmod,Gen,Fem,Sing,,0.2418415196414307,O
v,ADP,RR--6----------,case,Loc,,,,0.2584708385463876,O
bojleru,NOUN,NNIS6-----A----,nmod,Loc,Masc,Sing,Inan,0.0005957702361026,O
a,CCONJ,J^-------------,cc,,,,,-0.2494562636873175,O
vanou,NOUN,NNFS7-----A----,conj,Ins,Fem,Sing,,0.3471400932226552,O
.,PUNCT,Z:-------------,punct,,,,,0.2997079519455931,O
Podepsali,VERB,VpMP----R-AAP--,root,,Masc,Plur,Anim,0.1439462311784233,O
jsme,AUX,VB-P---1P-AAI--,aux,,,Plur,,-0.3484814703278184,O
také,ADV,Db-------------,advmod,,,,,-0.5525995839653102,O
smlouvu,NOUN,NNFS4-----A----,obj,Acc,Fem,Sing,,0.1195119375321917,O
s,ADP,RR--7----------,case,Ins,,,,-0.0441107375225469,O
Řeky,PROPN,NNMP7-----A----,nmod,Ins,Masc,Plur,Anim,0.1522589284123743,B-pc
.,PUNCT,Z:-------------,punct,,,,,0.5690114404287134,O
Na,ADP,RR--6----------,case,Loc,,,,-0.4384919622677701,O
potvrzovací,ADJ,AAFS6----1A----,amod,Loc,Fem,Sing,,0.1409075709869529,O
obrazovce,NOUN,NNFS6-----A----,obl,Loc,Fem,Sing,,-0.3530135207745957,O
klikněte,VERB,Vi-P---2--A-P--,root,,,Plur,,0.2935625017990517,O
na,ADP,RR--4----------,case,Acc,,,,-0.2960434630567373,O
OK,NOUN,BNXXX-----A----,obl,,,,,0.1375842771910135,O
.,PUNCT,Z:-------------,punct,,,,,0.3151796546856589,O
Řidič,NOUN,NNMS1-----A----,nsubj,Nom,Masc,Sing,Anim,0.0899451873963246,O
chtěl,VERB,VpYS----R-AAI--,root,,Masc,Sing,,0.1475073702418207,O
nechat,VERB,Vf--------A-P--,xcomp,,,,,0.0706370589607656,O
zásilku,NOUN,NNFS4-----A----,obj,Acc,Fem,Sing,,0.1068530867413948,O
u,ADP,RR--2----------,case,Gen,,,,-0.0045546949042635,O
pracovníka,NOUN,NNMS2-----A----,obl,Gen,Masc,Sing,Anim,0.1098292254423135,O
ostrahy,NOUN,NNFS2-----A----,nmod,Gen,Fem,Sing,,0.0231053988969724,O
",",PUNCT,Z:-------------,punct,,,,,0.3123846075431326,O
ale,CCONJ,J^-------------,cc,,,,,-0.0877230075007166,O
ten,DET,PDYS1----------,nsubj,Nom,Masc,Sing,,-0.0946709416242894,O
ji,PRON,PEFS4--3-------,obj,Acc,Fem,Sing,,-0.2184803368547956,O
nepřijal,VERB,VpYS----R-NAP--,conj,,Masc,Sing,,0.0915329522598044,O
.,PUNCT,Z:-------------,punct,,,,,-0.6869517905593295,O
Od,ADP,RR--2----------,case,Gen,,,,0.1119251016937971,O
říjnových,ADJ,AAFP2----1A----,amod,Gen,Fem,Plur,,-0.0329796924151071,O
parlamentních,ADJ,AAFP2----1A----,amod,Gen,Fem,Plur,,-0.0247815701508415,O
voleb,NOUN,NNFP2-----A----,obl,Gen,Fem,Plur,,0.1314915970820909,O
jsou,AUX,VB-P---3P-AAI--,cop,,,Plur,,0.0112051194223739,O
vztahy,NOUN,NNIP1-----A----,nsubj,Nom,Masc,Plur,Inan,0.2425661890532467,O
mezi,ADP,RR--7----------,case,Ins,,,,0.0117692165390023,O
stranou,NOUN,NNFS7-----A----,nmod,Ins,Fem,Sing,,-0.0139584017782801,O
a,CCONJ,J^-------------,cc,,,,,0.18289510691564,O
47letým,ADJ,AAMS7----1A----,amod,Ins,Masc,Sing,Anim,0.0850343327332061,B-na
rezignujícím,ADJ,AGMS7-----A----,amod,Ins,Masc,Sing,Anim,0.0477082237134026,O
premiérem,NOUN,NNMS7-----A----,conj,Ins,Masc,Sing,Anim,-0.0789086575146293,O
napjaté,ADJ,AAIP1----1A----,root,Nom,Masc,Plur,Inan,0.0851828392373239,O
.,PUNCT,Z:-------------,punct,,,,,0.0395670995549766,O
Připraveno,ADJ,VsNS----X-APP--,root,,Neut,Sing,,0.1329261290877354,O
k,ADP,RR--3----------,case,Dat,,,,0.2464466825342013,O
použití,NOUN,NNNS3-----A----,obl,Dat,Neut,Sing,,-0.2047849524360574,O
",",PUNCT,Z:-------------,punct,,,,,0.4914424809896924,O
s,ADP,RR--7----------,case,Ins,,,,0.5026673417925157,O
jedním,NUM,CnZS7----------,nummod,Ins,"Masc,Neut",Sing,,-0.0331505199444884,O
balením,NOUN,NNNS7-----A----,obl,Ins,Neut,Sing,,0.2321542825877147,O
žiletek,NOUN,NNFP2-----A----,nmod,Gen,Fem,Plur,,0.054252281130589,O
Ne,PART,TT-------------,root,,,,,-0.1670259962261625,O
",",PUNCT,Z:-------------,punct,,,,,0.2801634788813948,O
není,AUX,VB-S---3P-NAI--,conj,,,Sing,,-0.5026713749321765,O
to,DET,PDNS1----------,nsubj,Nom,Neut,Sing,,0.1408282637445161,O
tak,ADV,Db-------------,advmod,,,,,0.0376611215827434,O
.,PUNCT,Z:-------------,punct,,,,,0.7660485109393886,O
Planeta,NOUN,NNFS1-----A----,nsubj,Nom,Fem,Sing,,0.1766766810213003,O
Jupiter,PROPN,NNIS1-----A----,nmod,Nom,Masc,Sing,Inan,-0.7031014186463541,B-g_
konečně,ADV,Dg-------1A----,advmod,,,,,0.258325274984018,O
opustila,VERB,VpQW----R-AAP--,root,,"Fem,Neut","Plur,Sing",,0.1275175831671612,O
sluneční,ADJ,AAFS4----1A----,amod,Acc,Fem,Sing,,-0.1311607547001081,O
soustavu,NOUN,NNFS4-----A----,obj,Acc,Fem,Sing,,0.4117429891803444,O
mé,DET,PSFS2-S1------1,det,Gen,Fem,Sing,,-0.0418994915547971,O
kanceláře,NOUN,NNFS2-----A----,nmod,Gen,Fem,Sing,,0.2075510309078951,O
Rozhodli,VERB,VpMP----R-AAP-1,root,,Masc,Plur,Anim,0.4712154090705385,O
jsme,AUX,VB-P---1P-AAI--,aux,,,Plur,,0.0490917263066673,O
se,PRON,P7-X4----------,expl:pv,Acc,,,,-0.1583449331714503,O
",",PUNCT,Z:-------------,punct,,,,,-0.0092635567279487,O
že,SCONJ,"J,-------------",mark,,,,,-0.0286284866810795,O
ji,PRON,PEFS4--3-------,obj,Acc,Fem,Sing,,0.4044726706771726,O
do,ADP,RR--2----------,case,Gen,,,,-0.242084388538831,O
takové,DET,PDFS2----------,det,Gen,Fem,Sing,,-0.0675232782261123,O
situace,NOUN,NNFS2-----A----,obl,Gen,Fem,Sing,,0.2680771637746533,O
nepřivedeme,VERB,VB-P---1P-NAP--,ccomp,,,Plur,,0.083071846995937,O
",",PUNCT,Z:-------------,punct,,,,,-0.2061417544394411,O
takže,SCONJ,"J,-------------",mark,,,,,-0.2180122403474546,O
jsem,AUX,VB-S---1P-AAI--,aux,,,Sing,,-0.0235130029494479,O
se,PRON,P7-X4----------,expl:pv,Acc,,,,0.1669113449614708,O
jí,PRON,PEFS2--3------1,obl:arg,Gen,Fem,Sing,,-0.1586065349266033,O
nikdy,ADV,Db-------------,advmod,,,,,0.2268668396825033,O
nezeptal,VERB,VpYS----R-NAP--,advcl,,Masc,Sing,,0.3753085963147463,O
“,PUNCT,Z:-------------,root,,,,,0.1830775719007238,O
.,PUNCT,Z:-------------,punct,,,,,0.0144613790972973,O
Tato,DET,PDFS1----------,det,Nom,Fem,Sing,,-0.1319757709443395,O
chyba,NOUN,NNFS1-----A----,nsubj,Nom,Fem,Sing,,-0.2762961925622417,O
může,VERB,VB-S---3P-AAI--,root,,,Sing,,-0.036148597994138,O
být,AUX,Vf--------A-I--,cop,,,,,0.1328976354589952,O
nejhorší,ADJ,AAFS7----3A----,amod,Ins,Fem,Sing,,0.2664202266809259,O
zranitelností,NOUN,NNFS7-----A----,xcomp,Ins,Fem,Sing,,0.2000551485748358,O
počítače,NOUN,NNIS2-----A----,nmod,Gen,Masc,Sing,Inan,0.3232266728757508,O
odhalenou,ADJ,AAFS7----1A----,amod,Ins,Fem,Sing,,0.6490245156264373,O
za,ADP,RR--4----------,case,Acc,,,,0.0729452770346544,O
roky,NOUN,NNIP4-----A----,obl,Acc,Masc,Plur,Inan,0.1631226451896848,O
.,PUNCT,Z:-------------,punct,,,,,0.1878147151877131,O
Při,ADP,RR--6----------,case,Loc,,,,-0.0701192792660107,O
několika,DET,Ca--6----------,det:nummod,Loc,,,,-0.3299352350046719,O
příležitostech,NOUN,NNFP6-----A----,obl,Loc,Fem,Plur,,0.360186353211412,O
(,PUNCT,Z:-------------,punct,,,,,-0.06941480743997,O
během,ADP,RR--2----------,case,Gen,,,,0.2874667707204175,O
několika,DET,Ca--2----------,det:nummod,Gen,,,,-0.0232070338189227,O
lockdownů,NOUN,NNIP2-----A----,appos,Gen,Masc,Plur,Inan,-0.0402434440491875,O
),PUNCT,Z:-------------,punct,,,,,-0.0142323562988503,O
",",PUNCT,Z:-------------,punct,,,,,0.1719683407142709,O
kdy,ADV,Db-------------,advmod,,,,,0.0234898799978286,O
jsem,AUX,VB-S---1P-AAI--,aux,,,Sing,,-0.0066791421900961,O
ji,PRON,PEFS4--3-------,obj,Acc,Fem,Sing,,-0.0669202446861412,O
viděla,VERB,VpQW----R-AAI--,acl:relcl,,"Fem,Neut","Plur,Sing",,0.0311053738029718,O
",",PUNCT,Z:-------------,punct,,,,,0.0722854358878451,O
jsem,AUX,VB-S---1P-AAI--,aux,,,Sing,,-0.054539168235199,O
nevěděla,VERB,VpQW----R-NAI--,root,,"Fem,Neut","Plur,Sing",,0.325006744807839,O
",",PUNCT,Z:-------------,punct,,,,,0.1075316900141554,O
jestli,SCONJ,"J,-------------",mark,,,,,0.0706663620567769,O
jí,PRON,PEFS3--3------1,obl:arg,Dat,Fem,Sing,,0.2591090810987311,O
můžu,VERB,VB-S---1P-AAI--,ccomp,,,Sing,,0.0071209175341291,O
vůbec,PART,TT-------------,advmod:emph,,,,,0.0902954144290683,O
dát,VERB,Vf--------A-P--,xcomp,,,,,0.0236330443249929,O
pusu,NOUN,NNFS4-----A----,obj,Acc,Fem,Sing,,0.0839817643599947,O
.,PUNCT,Z:-------------,punct,,,,,0.171753910688907,O
protože,SCONJ,"J,-------------",mark,,,,,-0.1610110970402452,O
nevíte,VERB,VB-P---2P-NAI--,root,,,Plur,,0.2729302022345656,O
",",PUNCT,Z:-------------,punct,,,,,0.3391747349964144,O
jestli,SCONJ,"J,-------------",mark,,,,,-0.3999455266481968,O
u,ADP,RR--2----------,case,Gen,,,,-0.3546550282491419,O
vás,PRON,PP-P2--2-------,obl,Gen,,Plur,,0.0301543331669097,O
bude,AUX,VB-S---3F-AAI--,ccomp,,,Sing,,-0.3171232381801254,O
za,ADP,RR--4----------,case,Acc,,,,-0.2214432380208017,O
dvě,NUM,CnHP4----------,nummod:gov,Acc,"Fem,Neut",Plur,,0.0411637351868776,O
nebo,CCONJ,J^-------------,cc,,,,,0.0558549479916545,O
deset,NUM,Cl-S4----------,conj,Acc,,Sing,,-0.1829138866368616,O
minut,NOUN,NNFP2-----A----,obl,Gen,Fem,Plur,,-0.4981013567880877,O
.,PUNCT,Z:-------------,punct,,,,,0.084964320141834,O
Před,ADP,RR--7----------,case,Ins,,,,-0.3094475436695548,O
sedmdesáti,NUM,Cl-P7----------,nummod,Ins,,Plur,,0.1130029657710105,O
čtyřmi,NUM,Cl-P7----------,nummod,Ins,,Plur,,0.065298998868303,O
lety,NOUN,NNNP7-----A----,obl,Ins,Neut,Plur,,0.0057016330374323,O
byly,AUX,VpTP----R-AAI--,aux:pass,,"Fem,Masc",Plur,Inan,-0.041155888833194,O
na,ADP,RR--4----------,case,Acc,,,,-0.0410788551676701,O
Hirošimu,PROPN,NNFS4-----A----,obl,Acc,Fem,Sing,,0.0756534716212529,B-gu
a,CCONJ,J^-------------,cc,,,,,0.0983037013385733,O
Nagasaki,PROPN,NNNXX-----A----,conj,,Neut,,,0.124240676097798,B-gu
shozeny,ADJ,VsTP----X-APP--,root,,"Fem,Masc",Plur,Inan,-0.0035273246841726,O
dvě,NUM,CnHP1----------,nummod,Nom,"Fem,Neut",Plur,,0.1989320022046728,O
jaderné,ADJ,AAFP1----1A----,amod,Nom,Fem,Plur,,0.1505219818455977,O
bomby,NOUN,NNFP1-----A----,nsubj:pass,Nom,Fem,Plur,,0.0579755633011976,O
",",PUNCT,Z:-------------,punct,,,,,0.5477027575931113,O
které,DET,P4FP1----------,nsubj,Nom,Fem,Plur,,0.1620245103525656,O
zabily,VERB,VpTP----R-AAP--,acl:relcl,,"Fem,Masc",Plur,Inan,0.2820727702095589,O
desetitisíce,DET,CzIP4----------,obj,Acc,Masc,Plur,Inan,0.000860370976735,O
lidí,NOUN,NNMP2-----A----,nmod,Gen,Masc,Plur,Anim,0.0926642993025316,O
.,PUNCT,Z:-------------,punct,,,,,0.207705855105308,O
Pro,ADP,RR--4----------,case,Acc,,,,-0.075057856549492,O
všechny,DET,PLYP4----------,det,Acc,Masc,Plur,,0.033697797533991,O
nepřítomné,ADJ,AAMP4----1N----,obl,Acc,Masc,Plur,Anim,0.0044899216799021,O
to,DET,PDNS1----------,nsubj,Nom,Neut,Sing,,-0.066425987996031,O
byla,AUX,VpQW----R-AAI--,cop,,"Fem,Neut","Plur,Sing",,-0.1634624309396693,O
příjemná,ADJ,AAFS1----1A----,amod,Nom,Fem,Sing,,-0.0873749190062137,O
podívaná,NOUN,NNFS1-----A----,root,Nom,Fem,Sing,,-0.0461920164901094,O
",",PUNCT,Z:-------------,punct,,,,,0.0044806253474365,O
občas,ADV,Db-------------,advmod,,,,,-0.2550303900509942,O
to,DET,PDNS1----------,nsubj,Nom,Neut,Sing,,-0.0616713630511937,O
vypadalo,VERB,VpNS----R-AAI--,conj,,Neut,Sing,,-0.002935913548398,O
",",PUNCT,Z:-------------,punct,,,,,0.1559838710412624,O
že,SCONJ,"J,-------------",mark,,,,,0.1028368382663915,O
se,PRON,P7-X4----------,expl:pv,Acc,,,,-0.1405360754390525,O
může,VERB,VB-S---3P-AAI--,ccomp,,,Sing,,-0.0999057616121147,O
stát,VERB,Vf--------A-P--,xcomp,,,,,0.0861629717870744,O
cokoli,PRON,PK--1----------,nsubj,Nom,,,Inan,0.0382192168767133,O
",",PUNCT,Z:-------------,punct,,,,,0.1058800983372627,O
přinejmenším,ADV,Db-------------,advmod:emph,,,,,-0.1003494388631728,O
do,ADP,RR--2----------,case,Gen,,,,-0.0461496284511406,O
okamžiku,NOUN,NNIS2-----A----,obl,Gen,Masc,Sing,Inan,0.0139714449212636,O
",",PUNCT,Z:-------------,punct,,,,,0.0415313366038257,O
kdy,ADV,Db-------------,advmod,,,,,-0.1411380022782559,O
tým,NOUN,NNIS1-----A----,nsubj,Nom,Masc,Sing,Inan,-0.1220364057421331,O
Munster,PROPN,NNIS1-----A----,nmod,Nom,Masc,Sing,Inan,-0.0960819552590664,B-ic
předvedl,VERB,VpYS----R-AAP--,acl:relcl,,Masc,Sing,,0.0685881745922831,O
mimořádné,ADJ,AAFP4----1A----,amod,Acc,Fem,Plur,,0.0268005537419486,O
hráčské,ADJ,AAFP4----1A----,amod,Acc,Fem,Plur,,-0.0665460120933391,O
schopnosti,NOUN,NNFP4-----A----,obj,Acc,Fem,Plur,,-0.0136954883149597,O
a,CCONJ,J^-------------,cc,,,,,0.0170494271333383,O
vyrovnal,VERB,VpYS----R-AAP--,conj,,Masc,Sing,,0.0495801466755126,O
.,PUNCT,Z:-------------,punct,,,,,0.36508106109577,O
Krok,NOUN,NNIS1-----A----,root,Nom,Masc,Sing,Inan,0.3640327580325986,O
4:,NUM,C=-------------,nummod,,,,,0.171134787984232,B-n_
Projděte,VERB,Vi-P---2--A-P--,appos,,,Plur,,0.3329799420915348,O
obchod,NOUN,NNIS4-----A----,obj,Acc,Masc,Sing,Inan,0.1673876578199498,O
a,CCONJ,J^-------------,cc,,,,,-0.0260208488372885,O
každého,DET,AAMS4----1A----,obj,Acc,Masc,Sing,Anim,-0.0096495654136372,O
",",PUNCT,Z:-------------,punct,,,,,0.0429352149639382,O
kdo,PRON,PQ--1----------,nsubj,Nom,,,Anim,0.1698149436878405,O
není,AUX,VB-S---3P-NAI--,cop,,,Sing,,-0.3200543087731816,O
zaměstnance,NOUN,NNMS2-----A----,acl:relcl,Gen,Masc,Sing,Anim,-0.0123411696087865,O
",",PUNCT,Z:-------------,punct,,,,,-0.0725132939926476,O
nechte,VERB,Vi-P---2--A-P--,conj,,,Plur,,0.1603108523698742,O
odejít,VERB,Vf--------A-P--,xcomp,,,,,-0.0042677057386147,O
.,PUNCT,Z:-------------,punct,,,,,0.4519477680057343,O
Ahoj,PART,TT-------------,root,,,,,0.5574065637489214,O
vojáci,NOUN,NNMP5-----A----,dep,Voc,Masc,Plur,Anim,0.5492667671622178,O
!,PUNCT,Z:-------------,punct,,,,,-0.2206941121438783,O
Může,VERB,VB-S---3P-AAI--,root,,,Sing,,0.0006868563114202,O
to,DET,PDNS1----------,nsubj,Nom,Neut,Sing,,0.1382630576684169,O
být,AUX,Vf--------A-I--,cop,,,,,-0.0458702499091993,O
spojeno,ADJ,VsNS----X-APP--,xcomp,,Neut,Sing,,0.0426049572151156,O
s,ADP,RR--7----------,case,Ins,,,,-0.1648333609735394,O
tím,DET,PDZS7----------,obl:arg,Ins,"Masc,Neut",Sing,,-0.2154799140990126,O
",",PUNCT,Z:-------------,punct,,,,,0.2566973559234389,O
jak,ADV,Db-------------,advmod,,,,,0.0368525063607471,O
mají,VERB,VB-P---3P-AAI--,acl,,,Plur,,-0.1099665886675845,O
náklady,NOUN,NNIP4-----A----,obj,Acc,Masc,Plur,Inan,0.0675617756482191,O
rozvržené,ADJ,AAIP4----1A----,xcomp,Acc,Masc,Plur,Inan,0.0640704936824581,O
",",PUNCT,Z:-------------,punct,,,,,0.3030653916944528,O
ale,CCONJ,J^-------------,cc,,,,,0.2725388894272475,O
i,CCONJ,J^-------------,advmod:emph,,,,,-0.1899990098304458,O
tím,DET,PDZS7----------,conj,Ins,"Masc,Neut",Sing,,0.0129991236510896,O
",",PUNCT,Z:-------------,punct,,,,,0.1709768182281598,O
jakým,DET,P4XP3----------,det,Dat,,Plur,,0.0657700673797661,O
kategoriím,NOUN,NNFP3-----A----,obl:arg,Dat,Fem,Plur,,0.1218557303956631,O
půjčky,NOUN,NNFP4-----A----,obj,Acc,Fem,Plur,,-0.1286569724531289,O
poskytují,VERB,VB-P---3P-AAI--,acl,,,Plur,,0.2364694924759937,O
a,CCONJ,J^-------------,cc,,,,,0.0552732737455495,O
jak,ADV,Db-------------,advmod,,,,,-0.0612327135673127,O
vyhodnocují,VERB,VB-P---3P-AAI--,conj,,,Plur,,0.1624453614647491,O
rizika,NOUN,NNNP4-----A----,obj,Acc,Neut,Plur,,0.0326396625007512,O
v,ADP,RR--6----------,case,Loc,,,,0.0043667932004284,O
rámci,NOUN,NNIS6-----A----,fixed,Loc,Masc,Sing,Inan,-0.0211904354040356,O
těchto,DET,PDXP2----------,det,Gen,,Plur,,-0.0545247303899048,O
kategorií,NOUN,NNFP2-----A----,nmod,Gen,Fem,Plur,,0.0465486604217659,O
“,PUNCT,Z:-------------,punct,,,,,-0.1680087269081794,O
.,PUNCT,Z:-------------,punct,,,,,0.519323342849186,O
Vláda,NOUN,NNFS1-----A----,nsubj,Nom,Fem,Sing,,0.2585526505120404,O
poslala,VERB,VpQW----R-AAP--,root,,"Fem,Neut","Plur,Sing",,0.2486877182013689,O
do,ADP,RR--2----------,case,Gen,,,,0.1435685707642444,O
důchodu,NOUN,NNIS2-----A----,obl,Gen,Masc,Sing,Inan,-0.189240865543935,O
dalších,ADJ,AAMP2----1A----,amod,Gen,Masc,Plur,Anim,0.2040459305194865,O
15,NUM,C=-------------,nummod:gov,,,,,0.0544160117125689,B-nc
vysokých,ADJ,AAMP2----1A----,amod,Gen,Masc,Plur,Anim,0.0691129780399084,O
daňových,ADJ,AAMP2----1A----,amod,Gen,Masc,Plur,Anim,0.2508205037391461,O
úředníků,NOUN,NNMP2-----A----,obj,Gen,Masc,Plur,Anim,0.311011113275678,O
podezřelých,ADJ,AAMP2----1A----,amod,Gen,Masc,Plur,Anim,0.3546417384892905,O
z,ADP,RR--2----------,case,Gen,,,,0.0180366206556108,O
korupce,NOUN,NNFS2-----A----,obl:arg,Gen,Fem,Sing,,0.1304864420562908,O
Bude,AUX,VB-S---3F-AAI--,root,,,Sing,,-0.8683397171230715,O
tam,ADV,Db-------------,advmod,,,,,0.1290374852259712,O
za,ADP,RR--4----------,case,Acc,,,,-0.243514191750316,O
10-15,NUM,C=-------------,nummod:gov,,,,,0.1549105837792142,B-nc
minut,NOUN,NNFP2-----A----,obl,Gen,Fem,Plur,,0.2226608788895314,O
.,PUNCT,Z:-------------,punct,,,,,0.2444283873343753,O
Írán,PROPN,NNIS1-----A----,nsubj,Nom,Masc,Sing,Inan,0.2903988561290032,B-gc
propustil,VERB,VpYS----R-AAP--,root,,Masc,Sing,,-0.192189700418114,O
britský,ADJ,AAIS4----1A----,amod,Acc,Masc,Sing,Inan,-0.3489875375240019,O
ropný,ADJ,AAIS4----1A----,amod,Acc,Masc,Sing,Inan,-0.0524559291531867,O
tanker,NOUN,NNIS4-----A----,obj,Acc,Masc,Sing,Inan,0.0598260494924208,O
Stena,X,NNFS1-----A----,nmod,,,,,-0.0978965064351087,B-op
Impero,X,F%-------------,flat:foreign,,,,,-0.0904045792711866,I-op
Stále,ADV,Dg-------1A----,advmod,,,,,0.0197122429983588,O
to,DET,PDNS4----------,obj,Acc,Neut,Sing,,-0.0487689569031227,O
vždycky,ADV,Db-------------,advmod,,,,,-0.0901311056261679,O
shledávám,VERB,VB-S---1P-AAI--,root,,,Sing,,0.1857724048937598,O
zvláštní,ADJ,AANS4----1A----,obj,Acc,Neut,Sing,,-0.7525913652657594,O
",",PUNCT,Z:-------------,punct,,,,,0.0856735513945091,O
když,SCONJ,"J,-------------",mark,,,,,-0.0471637770513007,O
znovu,ADV,Db-------------,advmod,,,,,-0.0191312961389804,O
sleduji,VERB,VB-S---1P-AAI-1,advcl,,,Sing,,-0.0428663485607181,O
",",PUNCT,Z:-------------,punct,,,,,0.0711097255900389,O
že,SCONJ,"J,-------------",mark,,,,,-0.0343381564282476,O
Sky,PROPN,NNMS1-----A----,nsubj,Nom,Masc,Sing,Anim,0.0013430403484541,B-p_
a,CCONJ,J^-------------,cc,,,,,-0.0643504261193961,O
Jr,NOUN,BNXXX-----A----,conj,,,,,-0.0329329839145783,B-p_
.,PUNCT,Z:-------------,punct,,,,,0.161227820386388,I-p_
se,PRON,P7-X4----------,expl:pv,Acc,,,,0.0185577670527034,O
zdají,VERB,VB-P---3P-AAI--,ccomp,,,Plur,,-0.0591672698946507,O
tak,ADV,Db-------------,advmod,,,,,-0.0001083293955443,O
neuvěřitelně,ADV,Dg-------1N----,advmod,,,,,0.0126025782787801,O
naštvaní,ADJ,AAMP1----1A----,obj,Nom,Masc,Plur,Anim,-0.0246703333414446,O
",",PUNCT,Z:-------------,punct,,,,,0.1275366939902993,O
když,SCONJ,"J,-------------",mark,,,,,-0.0321362217639921,O
Walt,PROPN,NNMS1-----A----,nsubj,Nom,Masc,Sing,Anim,-0.0202988728686474,B-pf
dělá,VERB,VB-S---3P-AAI--,advcl,,,Sing,,0.0022621580858357,O
něco,PRON,PK--4----------,obj,Acc,,,Inan,-0.0002064021535061,O
produktivního,ADJ,AANS2----1A----,amod,Gen,Neut,Sing,,-0.0686666846956764,O
doma,ADV,Dg-------1A----,advmod,,,,,-0.0662436838851566,O
",",PUNCT,Z:-------------,punct,,,,,0.0850262545875734,O
nelže,VERB,VB-S---3P-NAI--,conj,,,Sing,,0.1140721785199034,O
ani,CCONJ,J^-------------,cc,,,,,-0.046207633275062,O
nezabíjí,VERB,VB-S---3P-NAI--,conj,,,Sing,,-0.0033358587096404,O
lidi,NOUN,NNMP4-----A----,obj,Acc,Masc,Plur,Anim,0.0207508358297723,O
ani,CCONJ,J^-------------,cc,,,,,0.0249404699485872,O
nevyrábí,VERB,VB-S---3P-NAI--,conj,,,Sing,,-0.0430972422059247,O
drogy,NOUN,NNFP4-----A----,obj,Acc,Fem,Plur,,-0.0401029424090532,O
.,PUNCT,Z:-------------,punct,,,,,-0.0183019168696426,O
Kupte,VERB,Vi-P---2--A-P--,root,,,Plur,,0.3408620232206807,O
si,PRON,P7--3----------,obl,Dat,,,,0.0358066733174378,O
levé,ADJ,AANS4----1A----,amod,Acc,Neut,Sing,,0.183495247915098,O
a,CCONJ,J^-------------,cc,,,,,0.1418171605038259,O
pravé,ADJ,AANS4----1A----,conj,Acc,Neut,Sing,,0.2709456428521576,O
provedení,NOUN,NNNS4-----A----,obj,Acc,Neut,Sing,,-0.0260242005579167,O
a,CCONJ,J^-------------,cc,,,,,0.4220105758968703,O
máte,VERB,VB-P---2P-AAI--,conj,,,Plur,,-0.0934902059885709,O
dvojitý,ADJ,AAIS4----1A----,dep,Acc,Masc,Sing,Inan,0.3479049440826701,O
(,PUNCT,Z:-------------,punct,,,,,-0.1620864772886689,O
zkontrolujte,VERB,Vi-P---2--A-P--,parataxis,,,Plur,,0.2163048961520333,O
prosím,VERB,VB-S---1P-AAI--,xcomp,,,Sing,,0.0910936967589058,O
při,ADP,RR--6----------,case,Loc,,,,-0.0073098553514415,O
objednávání,NOUN,NNNS6-----A----,obl,Loc,Neut,Sing,,0.3649124509507471,O
),PUNCT,Z:-------------,punct,,,,,0.0870904687861691,O
Alamo,PROPN,NNNS1-----A----,nsubj,Nom,Neut,Sing,,0.4719079948773966,O
v,ADP,RR--6----------,case,Loc,,,,-0.4997700073559862,O
Kalifornii,PROPN,NNFS6-----A----,nmod,Loc,Fem,Sing,,0.1009630955547369,B-gc
na,ADP,RR--4----------,case,Acc,,,,-0.3539604417193226,O
mě,PRON,PH-S4--1-------,obl:arg,Acc,,Sing,,0.1014598648824628,O
taky,ADV,Db-------------,advmod,,,,,-0.016661573113315,O
zkusilo,VERB,VpNS----R-AAP--,root,,Neut,Sing,,0.0512027428649175,O
pěkný,ADJ,AAIS4----1A----,amod,Acc,Masc,Sing,Inan,-0.3381880824346704,O
podvod,NOUN,NNIS4-----A----,obj,Acc,Masc,Sing,Inan,-0.1691732552137043,O
.,PUNCT,Z:-------------,punct,,,,,0.3823293138386999,O
Stál,VERB,VpYS----R-AAI--,root,,Masc,Sing,,-0.0363748697376175,O
méně,ADV,Dg-------2A----,obj,,,,,-0.0210344297971542,O
než,SCONJ,"J,-------------",mark,,,,,-0.1194665978538565,O
200,NUM,C=-------------,obl,,,,,-0.1138870633885723,B-nc
USD,NOUN,BNXXX-----A----,nmod,,,,,-0.0301189942753502,B-om
",",PUNCT,Z:-------------,punct,,,,,0.1297707375677788,O
ale,CCONJ,J^-------------,cc,,,,,0.4810048788597042,O
jsem,AUX,VB-S---1P-AAI--,cop,,,Sing,,-0.0112024339628911,O
chudý,ADJ,AAMS1----1A----,conj,Nom,Masc,Sing,Anim,0.4353784225794591,O
",",PUNCT,Z:-------------,punct,,,,,0.0448532948146722,O
tak,CCONJ,Db-------------,cc,,,,,-0.1976448028699638,O
jsem,AUX,VB-S---1P-AAI--,aux,,,Sing,,-0.0445002373822783,O
si,PRON,P7--3----------,obl,Dat,,,,0.1311176511166404,O
na,ADP,RR--4----------,case,Acc,,,,0.1141671121682898,O
něj,PRON,PEZS4--3-------,obl:arg,Acc,"Masc,Neut",Sing,,0.0040318892785451,O
musel,VERB,VpYS----R-AAI--,conj,,Masc,Sing,,-0.3076744335524863,O
trochu,ADV,Db-------------,advmod,,,,,0.0003932228702002,O
ušetřit,VERB,Vf--------A-P--,xcomp,,,,,0.3583262149843192,O
.,PUNCT,Z:-------------,punct,,,,,-0.2186687816739977,O
Z,ADP,RR--2----------,case,Gen,,,,0.131956015838849,O
irského,ADJ,AAIS2----1A----,amod,Gen,Masc,Sing,Inan,0.0463926046120465,O
pohledu,NOUN,NNIS2-----A----,obl,Gen,Masc,Sing,Inan,0.0190483330802308,O
si,PRON,P7--3----------,expl:pv,Dat,,,,-0.279077190700421,O
samozřejmě,ADV,Dg-------1A----,advmod,,,,,-0.1080377797069439,O
myslíme,VERB,VB-P---1P-AAI--,ccomp,,,Plur,,-0.0100250445577217,O
",",PUNCT,Z:-------------,punct,,,,,0.1314247117874414,O
že,SCONJ,"J,-------------",mark,,,,,0.0384899929718102,O
odložení,NOUN,NNNS1-----A----,nsubj,Nom,Neut,Sing,,0.0245685242286386,O
Brexitu,PROPN,NNIS2-----A----,nmod,Gen,Masc,Sing,Inan,0.0952574503460776,O
je,AUX,VB-S---3P-AAI--,cop,,,Sing,,-0.0630517304373283,O
výhodnější,ADJ,AANS1----2A----,ccomp,Nom,Neut,Sing,,0.0710222484288274,O
než,SCONJ,"J,-------------",mark,,,,,0.0242891836135503,O
Brexit,PROPN,NNIS1-----A----,advcl,Nom,Masc,Sing,Inan,0.0882690994675684,O
bez,ADP,RR--2----------,case,Gen,,,,0.1669533128620944,O
dohody,NOUN,NNFS2-----A----,nmod,Gen,Fem,Sing,,0.0769077458415515,O
",",PUNCT,Z:-------------,punct,,,,,0.2089478561682751,O
“,PUNCT,Z:-------------,punct,,,,,-0.0569711295550464,O
řekl,VERB,VpYS----R-AAP--,root,,Masc,Sing,,-0.1804304187673895,O
Coveney,PROPN,NNMS1-----A----,nsubj,Nom,Masc,Sing,Anim,0.0741223947416773,B-ps
.,PUNCT,Z:-------------,punct,,,,,-0.3044036652948302,O
Ale,CCONJ,J^-------------,cc,,,,,0.4031973059703049,O
myslím,VERB,VB-S---1P-AAI--,root,,,Sing,,-0.0882017466473261,O
",",PUNCT,Z:-------------,punct,,,,,0.0683773820357157,O
že,SCONJ,"J,-------------",mark,,,,,-0.0363167804125231,O
pro,ADP,RR--4----------,case,Acc,,,,0.1837548223749456,O
požadavek,NOUN,NNIS4-----A----,obl,Acc,Masc,Sing,Inan,0.103500795382211,O
o,ADP,RR--4----------,case,Acc,,,,-0.0619575492754584,O
odklad,NOUN,NNIS4-----A----,nmod,Acc,Masc,Sing,Inan,0.071821430124004,O
by,AUX,Vc----------I--,aux,,,,,-0.0450788200588839,O
musel,VERB,VpYS----R-AAI--,ccomp,,Masc,Sing,,-0.1387919964527182,O
být,AUX,Vf--------A-I--,xcomp,,,,,-0.1386596592809014,O
dobrý,ADJ,AAIS1----1A----,amod,Nom,Masc,Sing,Inan,0.1176278587259661,O
důvod,NOUN,NNIS1-----A----,nsubj,Nom,Masc,Sing,Inan,-0.186204925902278,O
.,PUNCT,Z:-------------,punct,,,,,-0.0782874816156717,O
“,PUNCT,Z:-------------,root,,,,,0.3307798981188865,O
V,ADP,RR--6----------,case,Loc,,,,-0.0408174710552965,O
roce,NOUN,NNIS6-----A---1,obl,Loc,Masc,Sing,Inan,-0.0467392547706942,O
2017,NUM,C=-------------,nummod,,,,,0.1770128399534123,B-ty
království,NOUN,NNNS1-----A----,nsubj,Nom,Neut,Sing,,0.0782214080100363,O
oznámilo,VERB,VpNS----R-AAP--,root,,Neut,Sing,,-0.040882229167504,O
projekt,NOUN,NNIS4-----A----,obj,Acc,Masc,Sing,Inan,-0.0958400683808856,O
v,ADP,RR--6----------,case,Loc,,,,-0.0368701536563837,O
hodnotě,NOUN,NNFS6-----A----,nmod,Loc,Fem,Sing,,-0.0271962241063217,O
několika,DET,Ca--2----------,det:nummod,Gen,,,,0.1165169354006611,O
miliard,DET,CzFP2----------,amod,Gen,Fem,Plur,,0.2129491044014591,O
dolarů,NOUN,NNIP2-----A----,nmod,Gen,Masc,Plur,Inan,0.2885213896316693,O
",",PUNCT,Z:-------------,punct,,,,,0.2744495598834149,O
jehož,PRON,P4ZS2----------,nmod,Gen,"Masc,Neut",Sing,,0.0362478073218653,O
cílem,NOUN,NNIS7-----A----,acl:relcl,Ins,Masc,Sing,Inan,-0.0393311990647429,O
je,AUX,VB-S---3P-AAI--,cop,,,Sing,,-0.3955098718111889,O
přeměnit,VERB,Vf--------A-P--,csubj,,,,,0.0113301747345834,O
50,NUM,C=-------------,nummod:gov,,,,,0.1087798197837725,B-nc
ostrovů,NOUN,NNIP2-----A----,obj,Gen,Masc,Plur,Inan,0.0245292368728648,O
a,CCONJ,J^-------------,cc,,,,,0.1309757265183515,O
dalších,ADJ,AANP2----1A----,amod,Gen,Neut,Plur,,-0.2040358779552543,O
neobydlených,ADJ,AANP2----1N----,amod,Gen,Fem,Plur,,-0.0207065641665437,O
míst,NOUN,NNNP2-----A----,conj,Gen,Neut,Plur,,0.1082296306223834,O
u,ADP,RR--2----------,case,Gen,,,,-0.1412031876569972,O
Rudého,ADJ,AANS2----1A----,amod,Gen,Neut,Sing,,-0.1417755988975343,B-gh
moře,NOUN,NNNS2-----A----,nmod,Gen,Neut,Sing,,0.1533754762467654,I-gh
v,ADP,RR--4----------,case,Acc,,,,0.0010591764318,O
luxusní,ADJ,AANP4----1A----,amod,Acc,Neut,Plur,,-0.019702541768721,O
letoviska,NOUN,NNNP4-----A----,obl:arg,Acc,Neut,Plur,,0.0492995528565663,O
.,PUNCT,Z:-------------,punct,,,,,-0.3532683548600116,O
Oprava,NOUN,NNFS1-----A----,root,Nom,Fem,Sing,,0.3735569960228654,O
vašeho,DET,PSZS2-P2-------,det,Gen,"Masc,Neut",Sing,,0.1544216655119175,O
účtu,NOUN,NNIS2-----A----,nmod,Gen,Masc,Sing,Inan,0.3765463229048543,O
#PRS,NOUN,BNXXX-----A----,root,,,,,0.3571882801449089,O
_,PUNCT,Z:-------------,punct,,,,,0.0651699154968033,O
ORG,NOUN,BNXXX-----A----,conj,,,,,-0.10816607718604,O
#,NUM,C=-------------,nummod,,,,,-0.0313327290089549,O
na,ADP,RR--6----------,case,Loc,,,,0.6503206660680628,O
e-čtečce,NOUN,NNFS6-----A----,dep,Loc,Fem,Sing,,0.216184020083495,O
Jestliže,SCONJ,"J,-------------",mark,,,,,0.1100102035869415,O
nejste,AUX,VB-P---2P-NAI--,cop,,,Plur,,0.0936498231930385,O
z,ADP,RR--2----------,case,Gen,,,,-0.018800318843054,O
jakéhokoli,DET,PZZS2----------,det,Gen,"Masc,Neut",Sing,,0.0438579578129833,O
důvodu,NOUN,NNIS2-----A----,obl,Gen,Masc,Sing,Inan,-0.1642365985383783,O
spokojeni,ADJ,ACMP------A----,advcl,,Masc,Plur,Anim,0.0378149665212744,O
s,ADP,RR--7----------,case,Ins,,,,-0.1006264018002058,O
vaší,DET,PSFS6-P2-------,det,Loc,Fem,Sing,,0.0290045791450942,O
objednávkou,NOUN,NNFS7-----A----,obl:arg,Ins,Fem,Sing,,-0.0855029213179819,O
",",PUNCT,Z:-------------,punct,,,,,-0.0816185439354952,O
nejprve,ADV,Db-------------,advmod,,,,,-0.0908375753736019,O
nás,PRON,PP-P4--1-------,obj,Acc,,Plur,,-0.2788407173821602,O
kontaktuje,VERB,VB-S---3P-AAI--,root,,,Sing,,-0.1339363690918399,O
",",PUNCT,Z:-------------,punct,,,,,-0.1767789729057428,O
než,SCONJ,"J,-------------",mark,,,,,0.0224955565718981,O
zašlete,VERB,VB-P---2P-AAP--,advcl,,,Plur,,-0.1070542412634667,O
negativní,ADJ,AANS4----1A----,amod,Acc,Neut,Sing,,-0.0200059098047909,O
hodnocení,NOUN,NNNS4-----A----,obj,Acc,Neut,Sing,,-0.0558256066530212,O
",",PUNCT,Z:-------------,punct,,,,,0.0427311697419113,O
a,CCONJ,J^-------------,cc,,,,,-0.0184621095608487,O
my,PRON,PP-P1--1-------,nsubj,Nom,,Plur,,-0.1507108252037975,O
se,PRON,P7-X4----------,expl:pv,Acc,,,,-0.0942235540134615,O
pokusíme,VERB,VB-P---1P-AAP--,conj,,,Plur,,-0.029297108167452,O
váš,DET,PSIS4-P2-------,det,Acc,Masc,Sing,Inan,0.0310995697802166,O
problém,NOUN,NNIS4-----A----,obj,Acc,Masc,Sing,Inan,-0.0084889254906892,O
vyřešit,VERB,Vf--------A-P--,xcomp,,,,,0.1159122039815113,O
.,PUNCT,Z:-------------,punct,,,,,0.1919379099645932,O
V,ADP,RR--6----------,case,Loc,,,,-0.0300496923824144,O
dubnu,NOUN,NNIS6-----A----,obl,Loc,Masc,Sing,Inan,0.0251622871894199,B-T|B-tm
2018,NUM,C=-------------,nummod,,,,,0.0065021456260002,I-T|B-ty
zahájily,VERB,VpTP----R-AAP--,root,,"Fem,Masc",Plur,Inan,-0.0293938020674724,O
USA,PROPN,BNXXX-----A----,nsubj,,,,,-0.0632514532291053,B-gc
",",PUNCT,Z:-------------,punct,,,,,0.0136132999257635,O
Británie,PROPN,NNFS1-----A----,conj,Nom,Fem,Sing,,-0.045159379441082,B-gc
a,CCONJ,J^-------------,cc,,,,,-0.0806836934280202,O
Francie,PROPN,NNFS1-----A----,conj,Nom,Fem,Sing,,0.0430006402578842,B-gc
letecké,ADJ,AAIP4----1A----,amod,Acc,Masc,Plur,Inan,-0.0291761591203555,O
útoky,NOUN,NNIP4-----A----,obj,Acc,Masc,Plur,Inan,0.0050441039829033,O
na,ADP,RR--4----------,case,Acc,,,,-0.0182407669993991,O
Sýrii,PROPN,NNFS4-----A----,nmod,Acc,Fem,Sing,,-0.0015547669509483,B-gc
jako,SCONJ,"J,-------------",mark,,,,,-0.0500983528063432,O
odvetu,NOUN,NNFS4-----A----,xcomp,Acc,Fem,Sing,,-0.0103721685125692,O
kvůli,ADP,RR--3----------,case,Dat,,,,-0.0692313746009702,O
podezření,NOUN,NNNS3-----A----,nmod,Dat,Neut,Sing,,0.0006655024636828,O
z,ADP,RR--2----------,case,Gen,,,,-0.0174153278482709,O
chemického,ADJ,AAIS2----1A----,amod,Gen,Masc,Sing,Inan,0.0657804748184289,O
útoku,NOUN,NNIS2-----A----,nmod,Gen,Masc,Sing,Inan,0.0488928419937918,O
",",PUNCT,Z:-------------,punct,,,,,-0.028298844125487,O
při,ADP,RR--6----------,case,Loc,,,,-0.083041451370672,O
kterém,DET,P4ZS6----------,obl,Loc,"Masc,Neut",Sing,,0.0477969920299728,O
o,ADP,RR--4----------,case,Acc,,,,0.0061101012165217,O
měsíc,NOUN,NNIS4-----A----,obl,Acc,Masc,Sing,Inan,-0.0821720195250088,O
dříve,ADV,Dg-------2A----,advmod,,,,,-0.1149025851688221,O
zemřelo,VERB,VpNS----R-AAP--,acl:relcl,,Neut,Sing,,0.0185258003751556,O
více,ADV,Dg-------2A----,nsubj,,,,,-0.0446474541398747,O
než,SCONJ,"J,-------------",mark,,,,,0.0098486785792162,O
40,NUM,C=-------------,obl,,,,,0.0521998770600485,B-nc
lidí,NOUN,NNMP2-----A----,nmod,Gen,Masc,Plur,Anim,-0.0237568908451106,O
.,PUNCT,Z:-------------,punct,,,,,0.1250098693158345,O
Komik,NOUN,NNMS1-----A----,nsubj,Nom,Masc,Sing,Anim,0.067066770265218,O
poukazoval,VERB,VpYS----R-AAI--,root,,Masc,Sing,,0.3242611633104262,O
na,ADP,RR--4----------,case,Acc,,,,0.2368250445713126,O
Trumpovu,ADJ,AUFS4M---------,amod,Acc,Fem,Sing,,0.0827473315159325,B-ps
návštěvu,NOUN,NNFS4-----A----,obl:arg,Acc,Fem,Sing,,0.1218806050648853,O
nemocnice,NOUN,NNFS2-----A----,nmod,Gen,Fem,Sing,,-0.0648237416909372,O
El,X,F%-------------,nmod,,,,,0.1056826339531189,B-ic
Paso,X,F%-------------,flat:foreign,,,,,0.3290891019643472,I-ic
v,ADP,RR--6----------,case,Loc,,,,0.1748260435149073,O
Texasu,PROPN,NNIS6-----A----,nmod,Loc,Masc,Sing,Inan,0.3752055979109077,B-gr
",",PUNCT,Z:-------------,punct,,,,,0.3007328639386442,O
kde,ADV,Db-------------,advmod,,,,,0.0053351071416057,O
jsou,AUX,VB-P---3P-AAI--,cop,,,Plur,,-0.0507459183739015,O
hospitalizované,ADJ,AAFP1----1A----,acl:relcl,Nom,Fem,Plur,,0.0301849105843803,O
oběti,NOUN,NNFP1-----A----,nsubj,Nom,Fem,Plur,,0.0015908811203118,O
víkendové,ADJ,AAFS2----1A----,amod,Gen,Fem,Sing,,0.0309385587861477,O
masové,ADJ,AAFS2----1A----,amod,Gen,Fem,Sing,,0.0779613255414043,O
střelby,NOUN,NNFS2-----A----,nmod,Gen,Fem,Sing,,0.0592156113055566,O
",",PUNCT,Z:-------------,punct,,,,,0.1743711370701829,O
zatímco,SCONJ,"J,-------------",mark,,,,,0.0464340830967879,O
jeho,DET,P9XXXZS3-------,det,,,,,-0.0361427823468442,O
kampaň,NOUN,NNFS1-----A----,nsubj,Nom,Fem,Sing,,0.0476384725362227,O
stále,ADV,Dg-------1A----,advmod,,,,,-0.2309286391506658,O
dluží,VERB,VB-S---3P-AAI--,advcl,,,Sing,,0.1699965028436632,O
městu,NOUN,NNNS3-----A----,obl:arg,Dat,Neut,Sing,,0.0154456438018932,O
více,ADV,Dg-------2A----,obj,,,,,-0.089345490168577,O
než,SCONJ,"J,-------------",mark,,,,,0.0336881494641632,O
půl,NUM,Cl-XX----------,obl,,,,,-0.0428550705549148,O
milionu,DET,CzIS2----------,det,Gen,Masc,Sing,Inan,0.0201304085343501,O
dolarů,NOUN,NNIP2-----A----,nmod,Gen,Masc,Plur,Inan,0.0764458989439037,O
za,ADP,RR--4----------,case,Acc,,,,0.0440575905003545,O
únorovou,ADJ,AAFS4----1A----,amod,Acc,Fem,Sing,,0.0298985114957429,O
politickou,ADJ,AAFS4----1A----,amod,Acc,Fem,Sing,,0.3775039941423309,O
manifestaci,NOUN,NNFS4-----A----,obl,Acc,Fem,Sing,,-0.052006451068418,O
.,PUNCT,Z:-------------,punct,,,,,-0.033536558857819,O
To,DET,PDNS1----------,nsubj,Nom,Neut,Sing,,-0.4328414285606325,O
je,AUX,VB-S---3P-AAI--,cop,,,Sing,,0.223349935018794,O
vždy,ADV,Db-------------,advmod,,,,,-0.4974352573198798,O
dobré,ADJ,AANS1----1A----,root,Nom,Neut,Sing,,0.0706326135141389,O
pro,ADP,RR--4----------,case,Acc,,,,0.1660525506664847,O
spánek,NOUN,NNIS4-----A----,obl,Acc,Masc,Sing,Inan,0.3468876167291272,O
“,PUNCT,Z:-------------,punct,,,,,0.4112080231934841,O
.,PUNCT,Z:-------------,punct,,,,,-0.3891919401713274,O
Sám,DET,PLYS1----------,xcomp,Nom,Masc,Sing,,-0.0289878756638004,O
se,PRON,P7-X4----------,expl:pv,Acc,,,,-0.2007670140785192,O
podle,ADP,RR--2----------,case,Gen,,,,-0.0060531708785578,O
PTI,NOUN,BNXXX-----A----,obl,,,,,0.0167517072153582,B-mn
vyjádřil,VERB,VpYS----R-AAP--,root,,Masc,Sing,,-0.0224723988162698,O
",",PUNCT,Z:-------------,punct,,,,,-0.1256150402522566,O
že,SCONJ,"J,-------------",mark,,,,,0.2212180177437192,O
tato,DET,PDFS1----------,det,Nom,Fem,Sing,,-0.0744868707838806,O
událost,NOUN,NNFS1-----A----,nsubj,Nom,Fem,Sing,,-0.0953954709565506,O
znamená,VERB,VB-S---3P-AAI--,ccomp,,,Sing,,0.0427316549556183,O
konec,NOUN,NNIS4-----A----,obj,Acc,Masc,Sing,Inan,-0.1407738616767013,O
500letého,ADJ,AAIS2----1A----,amod,Gen,Masc,Sing,Inan,0.2080278523688955,B-nc
boje“,NOUN,NNIS4-----A----,nmod,Nom,Masc,Sing,Inan,0.2076661459669808,O
.,PUNCT,Z:-------------,punct,,,,,0.658534672759512,O
Specializujeme,VERB,VB-P---1P-AAI--,root,,,Plur,,0.3325991664120856,O
se,PRON,P7-X4----------,expl:pv,Acc,,,,0.072735546393207,O
na,ADP,RR--4----------,case,Acc,,,,0.0341856930136857,O
zakázkovou,ADJ,AAFS4----1A----,amod,Acc,Fem,Sing,,0.0774561015042376,O
výrobu,NOUN,NNFS4-----A----,obl:arg,Acc,Fem,Sing,,-0.2069301773942902,O
jedinečných,ADJ,AAIP2----1A----,amod,Gen,Masc,Plur,Inan,0.0386224829688863,O
diamantových,ADJ,AAIP2----1A----,amod,Gen,Masc,Plur,Inan,0.0381268417167478,O
prstenů,NOUN,NNIP2-----A----,nmod,Gen,Masc,Plur,Inan,0.0114293199285188,O
",",PUNCT,Z:-------------,punct,,,,,0.0628884386136705,O
zásnubních,ADJ,AAIP2----1A----,amod,Gen,Masc,Plur,Inan,-0.0089814686059968,O
prstenů,NOUN,NNIP2-----A----,conj,Gen,Masc,Plur,Inan,0.0578643787151667,O
",",PUNCT,Z:-------------,punct,,,,,-0.0189687100835526,O
snubních,ADJ,AAIP2----1A----,amod,Gen,Masc,Plur,Inan,-0.0152334031047416,O
prstenů,NOUN,NNIP2-----A----,conj,Gen,Masc,Plur,Inan,-0.0388957304342448,O
",",PUNCT,Z:-------------,punct,,,,,0.0415582424978458,O
diamantových,ADJ,AAFP2----1A----,amod,Gen,Fem,Plur,,0.1658133251147243,O
náušnic,NOUN,NNFP2-----A----,conj,Gen,Fem,Plur,,0.0724708034087599,O
",",PUNCT,Z:-------------,punct,,,,,0.0061101269731576,O
svatebních,ADJ,AAIP2----1A----,amod,Gen,Masc,Plur,Inan,0.142322220788109,O
náhrdelníků,NOUN,NNIP2-----A----,conj,Gen,Masc,Plur,Inan,0.4013210367288953,O
",",PUNCT,Z:-------------,punct,,,,,-0.0333043811042291,O
přívěsků,NOUN,NNIP2-----A----,conj,Gen,Masc,Plur,Inan,-0.0327872782572704,O
a,CCONJ,J^-------------,cc,,,,,-0.1802670833276515,O
volných,ADJ,AAIP2----1A----,amod,Gen,Masc,Plur,Inan,0.00165295437684,O
diamantových,ADJ,AAIP2----1A----,amod,Gen,Masc,Plur,Inan,0.0764772013752921,O
solitérů,NOUN,NNIP2-----A----,conj,Gen,Masc,Plur,Inan,0.2459979822600023,O
a,CCONJ,J^-------------,cc,,,,,0.0735813244392415,O
mnoha,DET,Ca--2----------,det:nummod,Gen,,,,-0.0194675147609324,O
dárkových,ADJ,AAIP2----1A----,amod,Gen,Masc,Plur,Inan,-0.0101228706628879,O
předmětů,NOUN,NNIP2-----A----,conj,Gen,Masc,Plur,Inan,0.0096975767647384,O
.,PUNCT,Z:-------------,punct,,,,,-0.2599570576968641,O
Inšaláh,PROPN,NNMS1-----A----,nsubj:pass,Nom,Masc,Sing,Anim,0.1638355002788419,B-p_
(,PUNCT,Z:-------------,punct,,,,,-0.013027055762788,O
dá-li,VERB,VB-S---3P-AAP--,advcl,,,Sing,,0.1379524573930799,O
Bůh,NOUN,NNMS1-----A----,nsubj,Nom,Masc,Sing,Anim,0.006971959874221,B-pp
),PUNCT,Z:-------------,punct,,,,,0.2003620288189353,O
",",PUNCT,Z:-------------,punct,,,,,0.0859797540848348,O
bude,AUX,VB-S---3F-AAI--,aux:pass,,,Sing,,0.2034912066470753,O
osvobozen,ADJ,VsYS----X-APP--,ccomp,,Masc,Sing,,0.0993627251603281,O
vrchním,ADJ,AAIS7----1A----,amod,Ins,Masc,Sing,Inan,0.0282430507985445,O
soudem,NOUN,NNIS7-----A----,obl:arg,Ins,Masc,Sing,Inan,0.0183455803304511,O
",",PUNCT,Z:-------------,punct,,,,,-0.1039031573228478,O
“,PUNCT,Z:-------------,punct,,,,,-0.1606395025402024,O
řekl,VERB,VpYS----R-AAP--,root,,Masc,Sing,,-0.2679769420931667,O
právník,NOUN,NNMS1-----A----,nsubj,Nom,Masc,Sing,Anim,0.0486563319754428,O
.,PUNCT,Z:-------------,punct,,,,,0.0804151650723348,O
První,ADJ,CrFS1----------,amod,Nom,Fem,Sing,,-0.2986833553248321,O
sračka,NOUN,NNFS1-----A----,root,Nom,Fem,Sing,,0.1969667187369255,O
",",PUNCT,Z:-------------,punct,,,,,0.3431393292094856,O
kterou,DET,P4FS4----------,obj,Acc,Fem,Sing,,-0.1190378866354857,O
jsem,AUX,VB-S---1P-AAI--,aux,,,Sing,,0.2228311853101985,O
musel,VERB,VpYS----R-AAI--,acl:relcl,,Masc,Sing,,-0.4417667835435594,O
dělat,VERB,Vf--------A-I--,xcomp,,,,,-0.3332520821528915,O
.,PUNCT,Z:-------------,punct,,,,,0.1324362488082309,O
Klikněte,VERB,Vi-P---2--A-P--,root,,,Plur,,0.0464171221789327,O
na,ADP,RR--4----------,case,Acc,,,,0.5519321213029343,O
Nastavení,NOUN,NNNS4-----A----,obl:arg,Acc,Neut,Sing,,0.7285801672488035,O
Pomocí,ADP,RR--2----------,case,Gen,,,,0.3363033814269286,O
této,DET,PDFS2----------,det,Gen,Fem,Sing,,0.0981593652299594,O
sady,NOUN,NNFS2-----A----,obl,Gen,Fem,Sing,,-0.0626096842625975,O
makro,ADJ,Dg-------1A----,amod,,,,,-0.3330317826798162,O
prodlužovacích,ADJ,AAFP2----1A----,amod,Gen,Fem,Plur,,0.609381315676412,O
trubic,NOUN,NNFP2-----A----,nmod,Gen,Fem,Plur,,0.0013743821932274,O
můžete,VERB,VB-P---2P-AAI--,root,,,Plur,,-0.1443205730971792,O
přeměnit,VERB,Vf--------A-P--,xcomp,,,,,-0.1223239439048506,O
objektiv,NOUN,NNIS4-----A----,obj,Acc,Masc,Sing,Inan,0.0348386446922097,O
vašeho,DET,PSZS2-P2-------,det,Gen,"Masc,Neut",Sing,,0.0161317150234503,O
fotoaparátu,NOUN,NNIS2-----A----,nmod,Gen,Masc,Sing,Inan,-0.0317471246895373,O
do,ADP,RR--2----------,case,Gen,,,,-0.0168726447245896,O
makro,ADJ,Dg-------1A----,amod,,,,,-0.128220811541781,O
nastavení,NOUN,NNNS2-----A----,obl,Gen,Neut,Sing,,-0.0169964858752035,O
.,PUNCT,Z:-------------,punct,,,,,-0.2041100496343856,O
Vypadal,VERB,VpYS----R-AAI--,root,,Masc,Sing,,0.1254699937686049,O
zmateně,ADV,Dg-------1A----,advmod,,,,,0.2192981783398749,O
a,CCONJ,J^-------------,cc,,,,,0.185090354843227,O
řekl,VERB,VpYS----R-AAP--,conj,,Masc,Sing,,-0.0932343767359487,O
OK,NOUN,BNXXX-----A----,dep,,,,,0.1090191939661311,O
",",PUNCT,Z:-------------,punct,,,,,0.3532258968971172,O
možná,ADV,Db-------------,advmod,,,,,0.0138853621246113,O
jsou,AUX,VB-P---3P-AAI--,conj,,,Plur,,-0.1493533655749341,O
v,ADP,RR--6----------,case,Loc,,,,0.0560401510487243,O
uličce,NOUN,NNFS6-----A----,obl,Loc,Fem,Sing,,-0.0679620500977958,O
8,NUM,C=-------------,nummod,,,,,0.0783476215905558,B-n_
.,PUNCT,Z:-------------,punct,,,,,-0.0181876138295712,O
Neomezený,ADJ,AAIS1----1N----,amod,Nom,Masc,Sing,Inan,0.0459027409884766,O
pohyb,NOUN,NNIS1-----A----,root,Nom,Masc,Sing,Inan,0.3111316656420785,O
po,ADP,RR--6----------,case,Loc,,,,0.1535843169216208,O
celém,ADJ,AAIS6----1A----,amod,Loc,Masc,Sing,Inan,0.1041582806783725,O
světě,NOUN,NNIS6-----A----,nmod,Loc,Masc,Sing,Inan,0.0516767410121521,O
–,PUNCT,Z:-------------,punct,,,,,-0.378506894010225,O
není,AUX,VB-S---3P-NAI--,cop,,,Sing,,0.0914201727817508,O
potřeba,NOUN,NNFS1-----A----,conj,Nom,Fem,Sing,,-0.0805046742287146,O
žádná,DET,PWFS1----------,det,Nom,Fem,Sing,,0.0225703021649521,O
doba,NOUN,NNFS1-----A----,nsubj,Nom,Fem,Sing,,0.0921416176457455,O
stahování,NOUN,NNNS2-----A----,nmod,Gen,Neut,Sing,,0.0821495140626165,O
",",PUNCT,Z:-------------,punct,,,,,-0.1837291432422334,O
abyste,AUX,Vc-P---2-------,aux,,,Plur,,0.1449643126683537,O
jej,PRON,PEZS4--3------2,obj,Acc,"Masc,Neut",Sing,,-0.2543110503630388,O
prozkoumali,VERB,VpMP----R-AAP--,advcl,,Masc,Plur,Anim,0.0538743088700074,O
.,PUNCT,Z:-------------,punct,,,,,0.1841827400673097,O
Mezi,ADP,RR--7----------,case,Ins,,,,0.0451235434479751,O
těmi,DET,PDXP7----------,obl,Ins,,Plur,,0.3377483087434517,O
",",PUNCT,Z:-------------,punct,,,,,-0.4678897379521475,O
kdo,PRON,PQ--1----------,nsubj,Nom,,,Anim,0.0129622851953397,O
se,PRON,P7-X4----------,expl:pv,Acc,,,,0.0854790651652837,O
do,ADP,RR--2----------,case,Gen,,,,0.028447499781307,O
tohoto,DET,PDZS2----------,det,Gen,"Masc,Neut",Sing,,-0.0526802767072259,O
trendu,NOUN,NNIS2-----A----,obl,Gen,Masc,Sing,Inan,0.095234147142627,O
",",PUNCT,Z:-------------,punct,,,,,0.0092958520089668,O
který,DET,P4YS1----------,nsubj,Nom,Masc,Sing,,-0.3072229295109751,O
začal,VERB,VpYS----R-AAP--,acl:relcl,,Masc,Sing,,0.0027522047066844,O
v,ADP,RR--6----------,case,Loc,,,,0.0443367698400491,O
USA,PROPN,BNXXX-----A----,obl,,,,,-0.0121703284155173,B-gc
",",PUNCT,Z:-------------,punct,,,,,0.0243417567003408,O
zapojili,VERB,VpMP----R-AAP--,acl:relcl,,Masc,Plur,Anim,-0.0427164319399608,O
",",PUNCT,Z:-------------,punct,,,,,0.1026923294175553,O
je,AUX,VB-S---3P-AAI--,root,,,Sing,,-0.0610327511246,O
i,CCONJ,J^-------------,advmod:emph,,,,,0.0921415863920306,O
Carole,PROPN,NNFXX-----A----,nsubj,,Fem,,,0.2266139317238113,B-P|B-pf
Middletonová,PROPN,NNFS1-----A----,flat,Nom,Fem,Sing,,0.0865887983389124,I-P|B-ps
",",PUNCT,Z:-------------,punct,,,,,0.1258815745243705,O
matka,NOUN,NNFS1-----A----,appos,Nom,Fem,Sing,,0.0084841676290541,O
vévodkyně,NOUN,NNFS2-----A----,nmod,Gen,Fem,Sing,,0.1853455481540798,O
z,ADP,RR--2----------,case,Gen,,,,0.0595579482135461,O
Cambridge,PROPN,NNNXX-----A----,nmod,Gen,Fem,Sing,,0.1134076039967461,B-gu
",",PUNCT,Z:-------------,punct,,,,,0.0358143708002158,O
která,DET,P4FS1----------,nsubj,Nom,Fem,Sing,,-0.4041805561227432,O
ve,ADP,RV--6----------,case,Loc,,,,-0.0388821093393735,O
svém,DET,P8ZS6----------,det,Loc,"Masc,Neut",Sing,,-0.0425329095493502,O
domě,NOUN,NNIS6-----A----,obl,Loc,Masc,Sing,Inan,0.0062510475147543,O
v,ADP,RR--6----------,case,Loc,,,,0.0643805639656786,O
Bucklebury,PROPN,NNNXX-----A----,nmod,,Neut,,,0.0221375795307231,B-gu
v,ADP,RR--6----------,case,Loc,,,,0.150424170320417,O
hrabství,NOUN,NNNS6-----A----,nmod,Loc,Neut,Sing,,-0.02038919829099,O
West,X,F%-------------,nmod,,,,,-0.0012455563842695,B-gr
Berkshire,X,F%-------------,flat:foreign,,,,,0.05986555004714,I-gr
pořídila,VERB,VpQW----R-AAP--,acl:relcl,,"Fem,Neut","Plur,Sing",,0.0975277301154069,O
druhý,ADJ,CrIS4----------,amod,Acc,Masc,Sing,Inan,-0.0774396464505536,O
stromek,NOUN,NNIS4-----A----,obj,Acc,Masc,Sing,Inan,0.039256991482667,O
pro,ADP,RR--4----------,case,Acc,,,,0.1297583103948243,O
vnoučata,NOUN,NNNP4-----A----,nmod,Acc,Neut,Plur,,0.1049843759926743,O
George,PROPN,NNMS1-----A----,nmod,Nom,Masc,Sing,Anim,-0.0098971046064116,B-pf
",",PUNCT,Z:-------------,punct,,,,,0.0650476879328825,O
Louise,PROPN,NNFXX-----A----,conj,,Fem,,,0.0491422529428533,B-pf
a,CCONJ,J^-------------,cc,,,,,0.0319317956593573,O
Charlotte,PROPN,NNFXX-----A----,conj,,Fem,,,-0.0031398537105438,B-pf
.,PUNCT,Z:-------------,punct,,,,,0.189935502597663,O
Obecně,ADV,Dg-------1A----,advmod,,,,,0.6469978003949807,O
je,AUX,VB-S---3P-AAI--,cop,,,Sing,,-0.0382125100945477,O
doručení,NOUN,NNNS1-----A----,nsubj,Nom,Neut,Sing,,0.0981418144232404,O
prostřednictvím,NOUN,NNNS7-----A----,case,Ins,Neut,Sing,,-0.1450987204421402,O
těchto,DET,PDXP2----------,det,Gen,,Plur,,-0.0009241039728542,O
služeb,NOUN,NNFP2-----A----,nmod,Gen,Fem,Plur,,0.0650766416535342,O
rychlejší,ADJ,AANS1----2A----,root,Nom,Neut,Sing,,-0.0298244176228562,O
",",PUNCT,Z:-------------,punct,,,,,0.2096903169878368,O
ale,CCONJ,J^-------------,cc,,,,,-0.0629444356848024,O
mějte,VERB,Vi-P---2--A-I--,conj,,,Plur,,0.0360231076858856,O
na,ADP,RR--6----------,case,Loc,,,,0.0779495142049939,O
paměti,NOUN,NNFS6-----A----,obl,Loc,Fem,Sing,,-0.1626368305088453,O
",",PUNCT,Z:-------------,punct,,,,,0.0592453814202435,O
že,SCONJ,"J,-------------",mark,,,,,0.0132290549765413,O
se,PRON,P7-X4----------,expl:pv,Acc,,,,-0.0537627565154242,O
nejedná,VERB,VB-S---3P-NAI--,ccomp,,,Sing,,-0.0332174316472557,O
o,ADP,RR--4----------,case,Acc,,,,0.009729229540486,O
časově,ADV,Dg-------1A----,advmod,,,,,0.0917986897169099,O
omezené,ADJ,AAFP4----1A----,amod,Acc,Fem,Plur,,0.0532359231360746,O
nebo,CCONJ,J^-------------,cc,,,,,-0.0875272831510258,O
zaručené,ADJ,AAFP4----1A----,conj,Acc,Fem,Plur,,0.0041811128138714,O
služby,NOUN,NNFP4-----A----,obl:arg,Acc,Fem,Plur,,0.0284173345774129,O
a,CCONJ,J^-------------,cc,,,,,-0.0740208446403723,O
že,SCONJ,"J,-------------",mark,,,,,-0.0489136650156975,O
poštovní,ADJ,AAFP1----1A----,amod,Nom,Fem,Plur,,0.1352423863620787,O
společnosti,NOUN,NNFP1-----A----,nsubj,Nom,Fem,Plur,,-0.0105460658590271,O
uplatňují,VERB,VB-P---3P-AAI--,conj,,,Plur,,0.146451316944155,O
stejnou,ADJ,AAFS4----1A----,amod,Acc,Fem,Sing,,0.1785710953020294,O
úroveň,NOUN,NNFS4-----A----,obj,Acc,Fem,Sing,,0.0060451892290332,O
služeb,NOUN,NNFP2-----A----,nmod,Gen,Fem,Plur,,0.046460425579455,O
",",PUNCT,Z:-------------,punct,,,,,0.1029568463855912,O
tj,CCONJ,B^-------------,cc,,,,,0.045594324084817,O
.,PUNCT,Z:-------------,punct,,,,,0.0317417478420788,O
lhůtu,NOUN,NNFS4-----A----,appos,Acc,Fem,Sing,,-0.0398009332101998,O
pro,ADP,RR--4----------,case,Acc,,,,0.1587171525058829,O
doručení,NOUN,NNNS4-----A----,nmod,Acc,Neut,Sing,,0.1649400393214362,O
do,ADP,RR--2----------,case,Gen,,,,0.1504738354084446,O
25,NUM,C=-------------,nummod,,,,,-0.0106301160244026,B-nc
pracovních,ADJ,AAIP2----1A----,amod,Gen,Masc,Plur,Inan,0.0719649737243155,O
dnů,NOUN,NNIP2-----A----,nmod,Gen,Masc,Plur,Inan,0.0009618369222986,O
.,PUNCT,Z:-------------,punct,,,,,0.1557909457512064,O
Husté,ADJ,AANS1----1A----,amod,Nom,Neut,Sing,,0.1694755236414751,O
sněžení,NOUN,NNNS1-----A----,nsubj,Nom,Neut,Sing,,-0.0998237635725783,O
způsobilo,VERB,VpNS----R-AAP--,root,,Neut,Sing,,0.3133501297069962,O
v,ADP,RR--4----------,case,Acc,,,,-0.1152643675637336,O
neděli,NOUN,NNFS4-----A----,obl,Acc,Fem,Sing,,-0.0759671146608228,O
na,ADP,RR--6----------,case,Loc,,,,-0.0718237972487703,O
většině,NOUN,NNFS6-----A----,obl,Loc,Fem,Sing,,-0.0257052619631204,O
území,NOUN,NNNS2-----A----,nmod,Gen,Neut,Sing,,-0.0065757768760958,O
Balkánu,PROPN,NNIS2-----A----,nmod,Gen,Masc,Sing,Inan,0.0363911468700076,B-gl
chaos,NOUN,NNIS4-----A----,obj,Acc,Masc,Sing,Inan,-0.2528148608686822,O
a,CCONJ,J^-------------,cc,,,,,-0.2204521488712187,O
narušilo,VERB,VpNS----R-AAP--,conj,,Neut,Sing,,0.0946806055012629,O
veřejnou,ADJ,AAFS4----1A----,amod,Acc,Fem,Sing,,0.0510652004967754,O
dopravu,NOUN,NNFS4-----A----,obj,Acc,Fem,Sing,,-0.1476286760386808,O
.,PUNCT,Z:-------------,punct,,,,,0.2804442809321383,O
Chondroitin,NOUN,NNIS1-----A----,nsubj,Nom,Masc,Sing,Inan,0.3334829174674597,O
je,AUX,VB-S---3P-AAI--,cop,,,Sing,,-0.0776159658266934,O
důležitý,ADJ,AAIS1----1A----,root,Nom,Masc,Sing,Inan,0.3770741636525208,O
pro,ADP,RR--4----------,case,Acc,,,,-0.351556935234406,O
pevné,ADJ,AAFP4----1A----,amod,Acc,Fem,Plur,,0.1340504346206553,O
chrupavky,NOUN,NNFP4-----A----,obl,Acc,Fem,Plur,,0.2517194281847856,O
.,PUNCT,Z:-------------,punct,,,,,0.4438009413694948,O
Ženy,NOUN,NNFP1-----A----,nsubj,Nom,Fem,Plur,,-0.0065247019737978,O
jsou,AUX,VB-P---3P-AAI--,aux,,,Plur,,-0.2309119793464958,O
upalovány,ADJ,VsTP----X-API--,root,,"Fem,Masc",Plur,Inan,0.0434306200789358,O
",",PUNCT,Z:-------------,punct,,,,,0.1733929669701419,O
zastřeleny,ADJ,VsTP----X-APP--,conj,,"Fem,Masc",Plur,Inan,0.26620642507431,O
",",PUNCT,Z:-------------,punct,,,,,0.1536650722421697,O
pobodány,ADJ,VsTP----X-APP--,conj,,"Fem,Masc",Plur,Inan,-0.0192058158003373,O
nebo,CCONJ,J^-------------,cc,,,,,-0.0259801658529887,O
uškrceny,ADJ,VsTP----X-APP--,conj,,"Fem,Masc",Plur,Inan,0.0684766674539027,O
kvůli,ADP,RR--3----------,case,Dat,,,,0.0749896615237408,O
prohřeškům,NOUN,NNIP3-----A----,obl,Dat,Masc,Plur,Inan,0.1742055997611018,O
",",PUNCT,Z:-------------,punct,,,,,0.2036059355549699,O
jako,SCONJ,"J,-------------",mark,,,,,0.1698298979491435,O
je,AUX,VB-S---3P-AAI--,acl,,,Sing,,0.1630269458998001,O
volba,NOUN,NNFS1-----A----,nsubj,Nom,Fem,Sing,,0.0264259614771701,O
manžela,NOUN,NNMS2-----A----,nmod,Gen,Masc,Sing,Anim,0.1438289963093828,O
podle,ADP,RR--2----------,case,Gen,,,,-0.0469587022645536,O
vlastního,ADJ,AANS2----1A----,amod,Gen,Neut,Sing,,0.1778954946356092,O
rozhodnutí,NOUN,NNNS2-----A----,obl,Gen,Neut,Sing,,-0.0783269667584585,O
nebo,CCONJ,J^-------------,cc,,,,,0.0510132865521203,O
–,PUNCT,Z:-------------,punct,,,,,-0.2401382928917929,O
v,ADP,RR--6----------,case,Loc,,,,0.1126529620948107,O
případě,NOUN,NNIS6-----A----,conj,Loc,Masc,Sing,Inan,0.0028574680781232,O
Balochové,PROPN,NNFS2-----A----,nmod,Gen,Fem,Sing,,0.1087304577811934,B-ps
–,PUNCT,Z:-------------,punct,,,,,-0.1935507147134166,O
uvalení,NOUN,NNNS1-----A----,nsubj,Nom,Neut,Sing,,-0.0150748357390174,O
hanby“,NOUN,F%-------------,nmod,,,,,0.0521596106358445,O
na,ADP,RR--4----------,case,Acc,,,,0.1804836556166508,O
rodinu,NOUN,NNFS4-----A----,nmod,Acc,Fem,Sing,,0.0441862177116418,O
oslavou,NOUN,NNFS7-----A----,nmod,Ins,Fem,Sing,,0.1576974723255693,O
vlastní,ADJ,AAFS2----1A----,amod,Gen,Fem,Sing,,0.0414360170696792,O
sexuality,NOUN,NNFS2-----A----,nmod,Gen,Fem,Sing,,-0.0348521600406675,O
.,PUNCT,Z:-------------,punct,,,,,0.187654623306611,O
Součástí,NOUN,NNFS7-----A----,root,Ins,Fem,Sing,,-0.4015174480267459,O
balení,NOUN,NNNS2-----A----,nmod,Gen,Neut,Sing,,-0.3363845346064657,O
je,AUX,VB-S---3P-AAI--,cop,,,Sing,,0.1699206183006925,O
mírka,NOUN,NNFS1-----A----,nsubj,Nom,Fem,Sing,,0.1317272608884926,O
.,PUNCT,Z:-------------,punct,,,,,0.5897464073234713,O
Tento,DET,PDYS1----------,det,Nom,Masc,Sing,,-0.1424182399262081,O
holicí,ADJ,AAIS1----1A----,amod,Nom,Masc,Sing,Inan,0.0566432585050369,O
strojek,NOUN,NNIS1-----A----,root,Nom,Masc,Sing,Inan,0.0894513540193594,O
",",PUNCT,Z:-------------,punct,,,,,0.2548151768195503,O
který,DET,P4YS1----------,nsubj,Nom,Masc,Sing,,-0.066129900596265,O
se,PRON,P7-X4----------,expl:pv,Acc,,,,-0.0759550444726609,O
podobá,VERB,VB-S---3P-AAI--,acl:relcl,,,Sing,,0.1800259421712299,O
modelu,NOUN,NNIS3-----A----,obl:arg,Dat,Masc,Sing,Inan,-0.1612306349523299,O
Straight,PROPN,NNIS1-----A----,nmod,Nom,Masc,Sing,Inan,0.0063875037206488,B-op
/,PUNCT,Z:-------------,punct,,,,,0.0252107845830905,O
Cut,X,F%-------------,nsubj,,,,,-0.0937829656877571,B-op
Throat,X,F%-------------,flat:foreign,,,,,0.1292348560135905,I-op
",",PUNCT,Z:-------------,punct,,,,,0.2139165252938654,O
vám,PRON,PP-P3--2-------,obl:arg,Dat,,Plur,,-0.1163816594871577,O
prokáže,VERB,VB-S---3P-AAP--,root,,,Sing,,0.2944247266497863,O
stejnou,ADJ,AAFS4----1A----,amod,Acc,Fem,Sing,,0.0018696853187124,O
službu,NOUN,NNFS4-----A----,obj,Acc,Fem,Sing,,0.060548972332262,O
jako,SCONJ,"J,-------------",mark,,,,,0.1146124224051131,O
Barber,X,F%-------------,advcl,,,,,-0.3314320331732317,B-op
Vintage,X,F%-------------,flat:foreign,,,,,0.0795166218120028,I-op
Vibe,X,F%-------------,flat:foreign,,,,,-0.0015762507433409,I-op
za,ADP,RR--4----------,case,Acc,,,,0.1304669012029584,O
zlomek,NOUN,NNIS4-----A----,nmod,Acc,Masc,Sing,Inan,0.0977582516524075,O
ceny,NOUN,NNFS2-----A----,nmod,Gen,Fem,Sing,,-0.0502253495143955,O
a,CCONJ,J^-------------,cc,,,,,-0.1146291016608233,O
s,ADP,RR--7----------,case,Ins,,,,0.013249911838038,O
prakticky,ADV,Dg-------1A----,advmod,,,,,-0.0503571193823817,O
žádnou,DET,PWFS7----------,det,Ins,Fem,Sing,,0.0768040297966865,O
údržbou,NOUN,NNFS7-----A----,conj,Ins,Fem,Sing,,0.0659560271657664,O
!,PUNCT,Z:-------------,punct,,,,,0.6437970505084448,O
Viola,PROPN,NNFS1-----A----,nsubj,Nom,Fem,Sing,,0.1615473014950748,B-P|B-pf
Davisová,PROPN,NNFS1-----A----,flat,Nom,Fem,Sing,,0.2436233884915685,I-P|B-ps
cítí,VERB,VB-S---3P-AAI--,root,,,Sing,,-0.2344557843031122,O
tlak,NOUN,NNIS4-----A----,obj,Acc,Masc,Sing,Inan,0.0146459081930246,O
při,ADP,RR--6----------,case,Loc,,,,-0.5282114073218589,O
ztvárnění,NOUN,NNNS6-----A----,obl,Loc,Neut,Sing,,0.2008705506625635,O
postavy,NOUN,NNFS2-----A----,nmod,Gen,Fem,Sing,,0.1073381492802812,O
Michelle,PROPN,NNFXX-----A----,nmod,Gen,Fem,Sing,,0.2093137744248624,B-P|B-pf
Obamové,PROPN,NNFS2-----A----,flat,Gen,Fem,Sing,,0.2358832485147638,I-P|B-ps
.,PUNCT,Z:-------------,punct,,,,,0.282580928443726,O
Apeluji,VERB,VB-S---1P-AAI-1,root,,,Sing,,0.0779316767703355,O
na,ADP,RR--6----------,case,Loc,,,,-0.0901864519967969,O
Bidenovi,PROPN,NNMS6-----A----,obl:arg,Loc,Masc,Sing,Anim,0.1090807127948718,B-ps
voliče,NOUN,NNMP4-----A----,iobj,Acc,Masc,Plur,Anim,-0.1624159248517325,O
",",PUNCT,Z:-------------,punct,,,,,0.18565900751223,O
aby,AUX,Vc-------------,aux,,,,,0.1571048387580977,O
jeli,VERB,VpMP----R-AAI--,ccomp,,Masc,Plur,Anim,-0.1306706424172081,O
do,ADP,RR--2----------,case,Gen,,,,-0.1214842251933747,O
Arizony,PROPN,NNFS2-----A----,obl,Gen,Fem,Sing,,-0.0808757377911508,B-gc
",",PUNCT,Z:-------------,punct,,,,,0.2110167244155998,O
kde,ADV,Db-------------,advmod,,,,,0.1661957294314279,O
proběhnou,VERB,VB-P---3P-AAP--,acl:relcl,,,Plur,,0.3066226183029236,O
nové,ADJ,AAFP1----1A----,amod,Nom,Fem,Plur,,0.190068718192551,O
volby,NOUN,NNFP1-----A----,nsubj,Nom,Fem,Plur,,0.0939905334081864,O
.,PUNCT,Z:-------------,punct,,,,,0.6336099359683526,O
Prezident,NOUN,NNMS1-----A----,nsubj,Nom,Masc,Sing,Anim,-0.0175763087763996,O
pochválil,VERB,VpYS----R-AAP--,root,,Masc,Sing,,0.3151656663074873,O
novináře,NOUN,NNMS4-----A----,obj,Acc,Masc,Sing,Anim,-0.0382851082336183,O
",",PUNCT,Z:-------------,punct,,,,,0.1388897062464653,O
který,DET,P4YS1----------,nsubj,Nom,Masc,Sing,,-0.1033169419222573,O
se,PRON,P7-X4----------,expl:pv,Acc,,,,-0.0750365267425759,O
ho,PRON,P5ZS2--3-------,obl:arg,Gen,"Masc,Neut",Sing,,0.1003324478867979,O
zeptal,VERB,VpYS----R-AAP--,acl:relcl,,Masc,Sing,,0.1266002155433605,O
na,ADP,RR--4----------,case,Acc,,,,0.2079352301083075,O
změnu,NOUN,NNFS4-----A----,obl:arg,Acc,Fem,Sing,,0.1316554022882903,O
klimatu,NOUN,NNNS2-----A----,nmod,Gen,Neut,Sing,,0.2459271405444046,O
.,PUNCT,Z:-------------,punct,,,,,0.759903907770786,O
Podle,ADP,RR--2----------,case,Gen,,,,-0.0138984099857654,O
profesora,NOUN,NNMS2-----A----,obl,Gen,Masc,Sing,Anim,0.3837796929477808,O
Kalifornské,ADJ,AAFS2----1A----,amod,Gen,Fem,Sing,,0.0257228169974875,B-ic
univerzity,NOUN,NNFS2-----A----,nmod,Gen,Fem,Sing,,-0.0569426404861506,I-ic
v,ADP,RR--6----------,case,Loc,,,,-0.1830180091387149,O
Davisu,PROPN,NNIS6-----A---1,nmod,Loc,Masc,Sing,Inan,0.0757029918934218,B-gu
Geoffa,PROPN,NNMS2-----A----,flat,Gen,Masc,Sing,Anim,-0.0240022911747471,B-P|B-pf
Schladowa,PROPN,NNMS2-----A----,flat,Gen,Masc,Sing,Anim,0.1332427943477143,I-P|B-ps
jde,VERB,VB-S---3P-AAI--,root,,,Sing,,-0.139813999077756,O
o,ADP,RR--4----------,case,Acc,,,,-0.2354528395376349,O
významný,ADJ,AAIS4----1A----,amod,Acc,Masc,Sing,Inan,0.0570664347816243,O
ukazatel,NOUN,NNIS4-----A----,obl:arg,Acc,Masc,Sing,Inan,0.0757014796494009,O
toho,DET,PDZS2----------,amod,Gen,"Masc,Neut",Sing,,0.111716313281945,O
",",PUNCT,Z:-------------,punct,,,,,0.1781877565487001,O
jak,ADV,Db-------------,advmod,,,,,-0.0715365646155619,O
zdravé,ADJ,AANS1----1A----,amod,Nom,Neut,Sing,,0.0415207065790031,O
jezero,NOUN,NNNS1-----A----,nsubj,Nom,Neut,Sing,,-0.0413953965704229,O
je,AUX,VB-S---3P-AAI--,cop,,,Sing,,-0.1788127302366182,O
.,PUNCT,Z:-------------,punct,,,,,-0.5535578086527106,O
Klikněte,VERB,Vi-P---2--A-P--,root,,,Plur,,0.0474518194302385,O
na,ADP,RR--4----------,case,Acc,,,,0.0286317207621476,O
Smazat,VERB,Vf--------A-P--,xcomp,,,,,-0.0498521897752109,O
autorizaci,NOUN,NNFS4-----A----,obj,Acc,Fem,Sing,,0.3023449421451344,O
v,ADP,RR--6----------,case,Loc,,,,0.5611035824573561,O
zařízení,NOUN,NNNS6-----A----,nmod,Loc,Neut,Sing,,-0.0863077923972914,O
.,PUNCT,Z:-------------,punct,,,,,0.5473032535155141,O
(,PUNCT,Z:-------------,punct,,,,,0.0985276196423182,O
V,ADP,RR--6----------,case,Loc,,,,0.3914443469039869,O
případě,NOUN,NNIS6-----A----,fixed,Loc,Masc,Sing,Inan,-0.3237119511127074,O
více,ADV,Dg-------2A----,advmod,,,,,-0.0754740135425183,O
objednávek,NOUN,NNFP2-----A----,obl,Gen,Fem,Plur,,0.0466737448578323,O
si,PRON,P7--3----------,obl,Dat,,,,0.0300255593360126,O
PŘED,ADP,RR--7----------,case,Ins,,,,0.0434752549927405,O
zaplacením,NOUN,NNNS7-----A----,obl,Ins,Neut,Sing,,0.0047771266421693,O
vyžádejte,VERB,Vi-P---2--A-P--,root,,,Plur,,-0.0223588950722478,O
fakturu,NOUN,NNFS4-----A----,obj,Acc,Fem,Sing,,0.08843093489738,O
na,ADP,RR--4----------,case,Acc,,,,0.0767861363585133,O
správnou,ADJ,AAFS4----1A----,amod,Acc,Fem,Sing,,-0.0410008398382991,O
částku,NOUN,NNFS4-----A----,nmod,Acc,Fem,Sing,,0.2047627795070564,O
),PUNCT,Z:-------------,root,,,,,0.4619056472562198,O
.,PUNCT,Z:-------------,punct,,,,,0.2749752562219164,O
Amerika,PROPN,NNFS1-----A----,nsubj,Nom,Fem,Sing,,-0.5039983609523413,B-gt
selhává,VERB,VB-S---3P-AAI--,root,,,Sing,,-0.0193904188136153,O
v,ADP,RR--6----------,case,Loc,,,,0.033956480522506,O
provádění,NOUN,NNNS6-----A----,obl:arg,Loc,Neut,Sing,,0.0177478162149206,O
rozsáhlých,ADJ,AAFP2----1A----,amod,Gen,Fem,Plur,,-0.003585022811114,O
randomizovaných,ADJ,AAFP2----1A----,amod,Gen,Fem,Plur,,0.0028323824851374,O
klinických,ADJ,AAFP2----1A----,amod,Gen,Fem,Plur,,-0.0362858862139642,O
studií,NOUN,NNFP2-----A----,nmod,Gen,Fem,Plur,,-0.0804550797299358,O
",",PUNCT,Z:-------------,punct,,,,,0.2324596454836074,O
což,PRON,PQ--1----------,nsubj,Nom,,,,-0.1868210086930297,O
bude,AUX,VB-S---3F-AAI--,aux,,,Sing,,-0.0161263101544525,O
mít,VERB,Vf--------A-I--,conj,,,,,-0.140720452949955,O
za,ADP,RR--4----------,case,Acc,,,,-0.0492093272322637,O
následek,NOUN,NNIS4-----A----,obl:arg,Acc,Masc,Sing,Inan,0.084207353935457,O
schválení,NOUN,NNNS4-----A----,obj,Acc,Neut,Sing,,-0.0829303582026763,O
špatného,ADJ,AAIS2----1A----,amod,Gen,Masc,Sing,Inan,0.0963446000151538,O
léku,NOUN,NNIS2-----A----,nmod,Gen,Masc,Sing,Inan,0.0488706103325606,O
.,PUNCT,Z:-------------,punct,,,,,-0.1381427543537304,O
Paviáni,NOUN,NNMP1-----A----,nsubj,Nom,Masc,Plur,Anim,0.124785324703755,O
v,ADP,RR--6----------,case,Loc,,,,0.2441685823639381,O
safari,X,F%-------------,nmod,,,,,-0.0721113403164095,O
parku,NOUN,NNIS6-----A----,nmod,Loc,Masc,Sing,Inan,-0.0564071789529813,O
jsou,AUX,VB-P---3P-AAI--,cop,,,Plur,,0.0675134741727942,O
ozbrojeni,ADJ,VsMP----X-APP--,root,,Masc,Plur,Anim,0.0073689739727789,O
noži,NOUN,NNIP7-----A----,obl:arg,Ins,Masc,Plur,Inan,0.1367265861407552,O
",",PUNCT,Z:-------------,punct,,,,,0.4228994570805804,O
šroubováky,NOUN,NNIP7-----A----,conj,Ins,Masc,Plur,Inan,0.0419151333252302,O
a,CCONJ,J^-------------,cc,,,,,-0.0599158269299068,O
dokonce,ADV,Db-------------,advmod:emph,,,,,-0.0296716054489472,O
ŘETĚZOVOU,ADJ,AAFS7----1A----,amod,Ins,Fem,Sing,,0.3088300590568091,B-oa
PILOU,NOUN,NNFS7-----A----,conj,Ins,Fem,Sing,,-0.1730885279902142,I-oa
.,PUNCT,Z:-------------,punct,,,,,0.3516330197242034,O
Zbraně,NOUN,NNFP4-----A----,obj,Acc,Fem,Plur,,0.1104329566360277,O
jim,PRON,PEXP3--3-------,obl:arg,Dat,,Plur,,0.0663896794424333,O
k,ADP,RR--3----------,case,Dat,,,,0.0282464897758939,O
ničení,NOUN,NNNS3-----A----,obl,Dat,Neut,Sing,,-0.0537886060036018,O
aut,NOUN,NNNP2-----A----,nmod,Gen,Neut,Plur,,-0.0510671464033502,O
poskytli,VERB,VpMP----R-AAP-1,root,,Masc,Plur,Anim,0.1601284227272382,O
neznámí,ADJ,AAMP1----1N----,amod,Nom,Masc,Plur,Anim,0.083201278162084,O
vychytralci“,NOUN,NNMS1-----A----,nsubj,Nom,Masc,Sing,Anim,0.0972174424928542,O
Proveďte,VERB,Vi-P---2--A-P--,root,,,Plur,,0.1877630493513621,O
následující,ADJ,AGIP4-----A----,amod,Acc,Masc,Plur,Inan,0.3600126727924448,O
kroky,NOUN,NNIP4-----A----,obj,Acc,Masc,Plur,Inan,0.3215209704480922,O
>,PUNCT,Z:-------------,punct,,,,,0.6329114995291599,O
ve,ADP,RV--6----------,case,Loc,,,,0.0174954156790653,O
vaší,DET,PSFS6-P2-------,det,Loc,Fem,Sing,,0.0467278195722157,O
čtečce,NOUN,NNFS6-----A----,obl,Loc,Fem,Sing,,-0.0946609861028925,O
eKnih,NOUN,NNFP2-----A----,nmod,Gen,Fem,Plur,,0.0258336960079601,B-op
.,PUNCT,Z:-------------,punct,,,,,0.2622596988244248,O
.,PUNCT,Z:-------------,punct,,,,,0.1909511381471857,O
.,PUNCT,Z:-------------,punct,,,,,0.1161389244028137,O
Prosím,VERB,VB-S---1P-AAI--,root,,,Sing,,0.0519948406098902,O
o,ADP,RR--4----------,case,Acc,,,,-0.0402669233529893,O
trpělivost,NOUN,NNFS4-----A----,obl:arg,Acc,Fem,Sing,,0.2190123769059262,O
a,CCONJ,J^-------------,cc,,,,,0.2803165759447781,O
vyčkejte,VERB,Vi-P---2--A-P--,conj,,,Plur,,0.0656222732461417,O
na,ADP,RR--4----------,case,Acc,,,,-0.1512073399502368,O
doručení,NOUN,NNNS4-----A----,obl:arg,Acc,Neut,Sing,,-0.1184009929736477,O
vaší,DET,PSFS2-P2-------,det,Gen,Fem,Sing,,-0.2149228591085478,O
objednávky,NOUN,NNFS2-----A----,nmod,Gen,Fem,Sing,,0.0160322460056507,O
během,ADP,RR--2----------,case,Gen,,,,0.0950640051910179,O
#NUMBER,PROPN,NNIS1-----A----,root,Nom,Masc,Sing,Inan,0.1100411670127234,O
#,NUM,C=-------------,nummod:gov,,,,,0.4087905032591278,O
minut,NOUN,NNFP2-----A----,dep,Gen,Fem,Plur,,0.0205599265227448,O
.,PUNCT,Z:-------------,punct,,,,,0.2994850181760323,O
Stále,ADV,Dg-------1A----,advmod,,,,,-0.4443848360460817,O
nevíme,VERB,VB-P---1P-NAI--,root,,,Plur,,-0.0020056978485554,O
důvod,NOUN,NNIS4-----A----,obj,Acc,Masc,Sing,Inan,-0.1899462740385808,O
",",PUNCT,Z:-------------,punct,,,,,0.4325287887730135,O
proč,ADV,Db-------------,advmod,,,,,-0.3159252809058273,O
byl,AUX,VpYS----R-AAI--,aux:pass,,Masc,Sing,,0.2690827480146806,O
zabit,ADJ,VsYS----X-APP--,amod,,Masc,Sing,,-0.0324920254262991,O
.,PUNCT,Z:-------------,punct,,,,,0.3487490948638689,O
Výborně,ADV,Dg-------1A----,root,,,,,0.9576590565513452,O
!,PUNCT,Z:-------------,punct,,,,,-0.1878430541355699,O
!,PUNCT,Z:-------------,punct,,,,,-0.1819239710821599,O
Je,AUX,VB-S---3P-AAI--,root,,,Sing,,-0.07853064805155,O
tomu,DET,PDZS3----------,nsubj,Dat,"Masc,Neut",Sing,,-0.1256317079741731,O
již,ADV,Db-------------,advmod:emph,,,,,-0.1231029495608316,O
více,ADV,Dg-------2A----,advmod,,,,,-0.4113230979401274,O
než,SCONJ,"J,-------------",mark,,,,,-0.0042337396930928,O
30,NUM,C=-------------,obl,,,,,0.0703822779068254,B-nc
let,NOUN,NNNP2-----A----,obl,Gen,Neut,Plur,,-0.0620008184023312,O
",",PUNCT,Z:-------------,punct,,,,,-0.0461479406405926,O
co,SCONJ,"J,-------------",mark,,,,,0.2391141916930694,O
Washington,PROPN,NNIS1-----A----,nsubj,Nom,Masc,Sing,Inan,0.0247918171965334,B-ic|B-gu
porazil,VERB,VpYS----R-AAP--,advcl,,Masc,Sing,,0.2474778134749291,O
Dallas,PROPN,NNIS4-----A----,obj,Acc,Masc,Sing,Inan,0.278005664125346,B-ic|B-gu
ve,ADP,RV--6----------,case,Loc,,,,-0.0126028004712794,O
třech,NUM,Cl-P6----------,nummod,Loc,,Plur,,0.1800005562629362,O
zápasech,NOUN,NNIP6-----A----,obl,Loc,Masc,Plur,Inan,0.1412081747496472,O
v,ADP,RR--6----------,case,Loc,,,,0.0941287354183896,O
řadě,NOUN,NNFS6-----A----,nmod,Loc,Fem,Sing,,-0.1243835143990285,O
za,ADP,RR--7----------,case,Ins,,,,0.078754383254925,O
sebou,PRON,P6--7----------,nmod,Ins,,,,-0.2884291858607266,O
(,PUNCT,Z:-------------,punct,,,,,0.0445431229342352,O
1986-88,NUM,C=-------------,dep,,,,,0.3347624121876427,B-ty
),PUNCT,Z:-------------,punct,,,,,0.0468502369153814,O
.,PUNCT,Z:-------------,punct,,,,,0.5270238479412221,O
Pět,NUM,Cl-S1----------,nummod:gov,Nom,,Sing,,0.0039077845628839,O
protestujících,ADJ,AGMP2-----A----,nsubj:pass,Gen,Masc,Plur,Anim,0.0386330415138165,O
bylo,AUX,VpNS----R-AAI--,aux:pass,,Neut,Sing,,0.1743273476215474,O
zabito,ADJ,VsNS----X-APP--,root,,Neut,Sing,,0.2199657108176607,O
během,ADP,RR--2----------,case,Gen,,,,-0.5356350904371775,O
hnutí,NOUN,NNNS2-----A----,obl,Gen,Neut,Sing,,0.1264023927802095,O
proti,ADP,RR--3----------,case,Dat,,,,-0.2797517051305163,O
CAA,NOUN,BNXXX-----A----,nmod,,,,,0.1721226248284049,B-io
v,ADP,RR--6----------,case,Loc,,,,-0.1005523581882007,O
Assamu,PROPN,NNIS6-----A----,nmod,Loc,Masc,Sing,Inan,-0.0154076959818364,B-gu
před,ADP,RR--7----------,case,Ins,,,,-0.1446276563660065,O
dvěma,NUM,CnXP7----------,nummod,Ins,,Plur,,0.0876098185200673,O
lety,NOUN,NNNP7-----A----,obl,Ins,Neut,Plur,,0.0069321669387414,O
.,PUNCT,Z:-------------,punct,,,,,0.3682513145029787,O
McEnanyová,PROPN,NNFS1-----A----,nsubj,Nom,Fem,Sing,,0.470593187526324,B-ps
ale,CCONJ,J^-------------,cc,,,,,-0.0027901505601372,O
novinářům,NOUN,NNMP3-----A----,obl:arg,Dat,Masc,Plur,Anim,0.0009801769060746,O
nedala,VERB,VpQW----R-NAP--,root,,"Fem,Neut","Plur,Sing",,0.0695066879679897,O
odpovědi,NOUN,NNFP4-----A----,obj,Acc,Fem,Plur,,0.0440671493802534,O
",",PUNCT,Z:-------------,punct,,,,,0.0289084321431703,O
jaké,DET,P4FP4----------,obj,Acc,Fem,Plur,,-0.1203687355211765,O
chtěli,VERB,VpMP----R-AAI--,acl:relcl,,Masc,Plur,Anim,0.037102979520672,O
",",PUNCT,Z:-------------,punct,,,,,0.0827898829987245,O
tj,CCONJ,B^-------------,cc,,,,,0.0968078482741558,O
.,PUNCT,Z:-------------,punct,,,,,-0.0200456205573729,O
hutné,ADJ,AANS4----1A----,amod,Acc,Neut,Sing,,0.2361460895804096,O
sousto,NOUN,NNNS4-----A----,appos,Acc,Neut,Sing,,-0.003022920199036,O
",",PUNCT,Z:-------------,punct,,,,,0.1282737279916773,O
kterým,DET,P4ZS7----------,obl,Ins,"Masc,Neut",Sing,,-0.224569184900307,O
by,AUX,Vc----------I--,aux,,,,,-0.0327218547253253,O
Trumpa,PROPN,NNMS4-----A----,obj,Acc,Masc,Sing,Anim,0.1113843175096496,B-ps
ranili,VERB,VpMP----R-AAI--,acl:relcl,,Masc,Plur,Anim,0.141664314781735,O
",",PUNCT,Z:-------------,punct,,,,,0.0854121300206393,O
ale,CCONJ,J^-------------,cc,,,,,0.0355987678275068,O
neustále,ADV,Dg-------1A----,advmod,,,,,-0.1297067384231562,O
opakovala,VERB,VpQW----R-AAI--,conj,,"Fem,Neut","Plur,Sing",,0.1307914552684748,O
",",PUNCT,Z:-------------,punct,,,,,0.0243983194393264,O
že,SCONJ,"J,-------------",mark,,,,,-0.0933723553305189,O
prezident,NOUN,NNMS1-----A----,nsubj,Nom,Masc,Sing,Anim,0.0495248077202377,O
nezaujal,VERB,VpYS----R-NAP--,ccomp,,Masc,Sing,,0.1206428074365797,O
v,ADP,RR--6----------,case,Loc,,,,0.0237163933766655,O
otázce,NOUN,NNFS6-----A----,fixed,Loc,Fem,Sing,,-0.0412266566572055,O
konfederační,ADJ,AAFS2----1A----,amod,Gen,Fem,Sing,,-0.0141408043563314,O
vlajky,NOUN,NNFS2-----A----,obl,Gen,Fem,Sing,,0.0596143117473077,O
žádné,DET,PWNS4----------,det,Acc,Neut,Sing,,-0.0617058279024758,O
stanovisko,NOUN,NNNS4-----A----,obj,Acc,Neut,Sing,,0.0129822840330222,O
a,CCONJ,J^-------------,cc,,,,,0.0191069843659823,O
že,SCONJ,"J,-------------",mark,,,,,-0.0516695666841068,O
podstatou,NOUN,NNFS7-----A----,conj,Ins,Fem,Sing,,0.0296114463709097,O
jeho,DET,P9XXXZS3-------,det,,,,,-0.1182305116162225,O
sdělení,NOUN,NNNS2-----A----,nmod,Gen,Neut,Sing,,-0.0006084367351385,O
bylo,AUX,VpNS----R-AAI--,cop,,Neut,Sing,,-0.1660380638952918,O
",",PUNCT,Z:-------------,punct,,,,,-0.0175003521254188,O
že,SCONJ,"J,-------------",mark,,,,,-0.0759961089961165,O
fanoušci,NOUN,NNMP1-----A----,nsubj:pass,Nom,Masc,Plur,Anim,-0.0170874819256851,O
NASCAR,NOUN,BNXXX-----A----,nmod,,,,,0.0879689019366463,B-ic
jsou,AUX,VB-P---3P-AAI--,aux:pass,,,Plur,,-0.1366191764974831,O
chybně,ADV,Dg-------1A----,advmod,,,,,0.0585802113383566,O
označováni,ADJ,VsMP----X-API--,csubj,,Masc,Plur,Anim,0.096194218635051,O
za,ADP,RR--4----------,case,Acc,,,,0.0098203937139458,O
rasisty,NOUN,NNMP4-----A----,obl:arg,Acc,Masc,Plur,Anim,-0.0469870058093013,O
.,PUNCT,Z:-------------,punct,,,,,0.3081879981894744,O
Glyfosát,NOUN,NNIS1-----A----,nsubj,Nom,Masc,Sing,Inan,0.454633348731105,O
je,AUX,VB-S---3P-AAI--,cop,,,Sing,,-0.0709442385986735,O
hlavní,ADJ,AAFS7----1A----,amod,Ins,Fem,Sing,,-0.0274835323373808,O
ingrediencí,NOUN,NNFS7-----A----,root,Ins,Fem,Sing,,0.1232680212116587,O
v,ADP,RR--6----------,case,Loc,,,,0.2040863588918408,O
herbicidech,NOUN,NNIP6-----A----,nmod,Loc,Masc,Plur,Inan,0.0285858872192678,O
Roundup,PROPN,NNIS1-----A----,nmod,Nom,Masc,Sing,Inan,0.0117211848300953,B-op
vyráběných,ADJ,AAIP6----1A----,amod,Loc,Masc,Plur,Inan,0.300830412510316,O
společností,NOUN,NNFS7-----A----,obl:arg,Ins,Fem,Sing,,0.3077792109093047,O
Monsanto,PROPN,NNNS1-----A----,nmod,Nom,Neut,Sing,,0.2436766123070921,B-if
.,PUNCT,Z:-------------,punct,,,,,0.0474954631925612,O
Ve,ADP,RV--6----------,case,Loc,,,,0.0481013841315961,O
Spojených,ADJ,AAIP6----1A----,amod,Loc,Masc,Plur,Inan,0.0293434812548487,B-gc
státech,NOUN,NNIP6-----A----,obl,Loc,Masc,Plur,Inan,0.0813514012149538,I-gc
přiznaly,VERB,VpTP----R-AAP--,root,,"Fem,Masc",Plur,Inan,0.0425440088337655,O
soudy,NOUN,NNIP1-----A----,nsubj,Nom,Masc,Plur,Inan,0.179873898590245,O
obrovské,ADJ,AAFP4----1A----,amod,Acc,Fem,Plur,,-0.0390219523123097,O
sumy,NOUN,NNFP4-----A----,obj,Acc,Fem,Plur,,0.0225751355560627,O
peněz,NOUN,NNIP2-----A----,nmod,Gen,Masc,Plur,Inan,-0.0209170410945778,O
jako,SCONJ,"J,-------------",mark,,,,,0.0448229593578984,O
odškodnění,NOUN,NNNS4-----A----,xcomp,Acc,Neut,Sing,,0.0224308618051825,O
lidem,NOUN,NNMP3-----A----,nmod,Dat,Masc,Plur,Anim,-0.0030493662509234,O
",",PUNCT,Z:-------------,punct,,,,,0.0657843478888505,O
kteří,DET,P4MP1----------,nsubj,Nom,Masc,Plur,Anim,0.007471546749436,O
tvrdí,VERB,VB-P---3P-AAI--,acl:relcl,,,Plur,,0.0090499234937693,O
",",PUNCT,Z:-------------,punct,,,,,0.0493887030359499,O
že,SCONJ,"J,-------------",mark,,,,,-0.0484992390459757,O
jejich,DET,P9XXXXP3-------,det,,,,,-0.0439057272608255,O
rakovina,NOUN,NNFS1-----A----,nsubj:pass,Nom,Fem,Sing,,0.0883108371973637,O
byla,AUX,VpQW----R-AAI--,aux:pass,,"Fem,Neut","Plur,Sing",,-0.0337234062009118,O
způsobena,ADJ,VsQW----X-APP--,ccomp,,"Fem,Neut","Plur,Sing",,0.0635255167043874,O
vlivem,NOUN,NNIS7-----A----,obl,Ins,Masc,Sing,Inan,0.0288140926029306,O
glyfosátu,NOUN,NNIS2-----A----,nmod,Gen,Masc,Sing,Inan,0.0252444876355801,O
.,PUNCT,Z:-------------,punct,,,,,0.0960821176078937,O
Společnost,NOUN,NNFS1-----A----,nsubj,Nom,Fem,Sing,,-0.1996337494624586,O
Bayer,PROPN,NNIS1-----A----,nmod,Nom,Masc,Sing,Inan,0.0285360556288415,B-if
",",PUNCT,Z:-------------,punct,,,,,0.0929624254994885,O
která,DET,P4FS1----------,nsubj,Nom,Fem,Sing,,-0.1157285912953995,O
vlastní,VERB,VB-S---3P-AAI--,acl:relcl,,,Sing,,0.0363235865829955,O
firmu,NOUN,NNFS4-----A----,obj,Acc,Fem,Sing,,0.0085982873403609,O
Monsanto,PROPN,NNNS1-----A----,nmod,Nom,Neut,Sing,,0.1035054300420796,B-if
",",PUNCT,Z:-------------,punct,,,,,0.0163133466837197,O
říká,VERB,VB-S---3P-AAI--,root,,,Sing,,-0.1048318866697873,O
",",PUNCT,Z:-------------,punct,,,,,0.0157077498569848,O
že,SCONJ,"J,-------------",mark,,,,,-0.0460349146924893,O
herbicid,NOUN,NNIS1-----A----,nsubj,Nom,Masc,Sing,Inan,0.0577851474650857,O
je,AUX,VB-S---3P-AAI--,cop,,,Sing,,-0.0260664111202554,O
při,ADP,RR--6----------,case,Loc,,,,-0.0613117195117125,O
správném,ADJ,AANS6----1A----,amod,Loc,Neut,Sing,,0.0271907625252187,O
používání,NOUN,NNNS6-----A----,obl,Loc,Neut,Sing,,-0.1349196610434958,O
bezpečný,ADJ,AAIS1----1A----,ccomp,Nom,Masc,Sing,Inan,0.1955028692156851,O
",",PUNCT,Z:-------------,punct,,,,,0.0751547771211294,O
stejný,ADJ,AAIS4----1A----,amod,Acc,Masc,Sing,Inan,-0.0379184445307512,O
názor,NOUN,NNIS4-----A----,obj,Acc,Masc,Sing,Inan,-0.0004983786836976,O
má,VERB,VB-S---3P-AAI--,conj,,,Sing,,0.0092837209645762,O
i,CCONJ,J^-------------,advmod:emph,,,,,-0.0188107571302499,O
americká,ADJ,AAFS1----1A----,amod,Nom,Fem,Sing,,0.0400923897921201,O
Agentura,NOUN,NNFS1-----A----,nsubj,Nom,Fem,Sing,,-0.0093062538414966,B-io
pro,ADP,RR--4----------,case,Acc,,,,0.2417931288172257,I-io
ochranu,NOUN,NNFS4-----A----,nmod,Acc,Fem,Sing,,0.0175370242373417,I-io
životního,ADJ,AANS2----1A----,amod,Gen,Neut,Sing,,0.1840525107253325,I-io
prostředí,NOUN,NNNS2-----A----,nmod,Gen,Neut,Sing,,0.0207712014073928,I-io
.,PUNCT,Z:-------------,punct,,,,,-0.2357013919437928,O
Všechny,DET,PLFP4----------,det,Acc,Fem,Plur,,-0.0298558255591587,O
naše,DET,PSXP4-P1-------,det,Acc,,Plur,,0.1501875315785573,O
komiksy,NOUN,NNFP4-----A----,obj,Acc,Fem,Plur,,0.1352381139518585,O
dodáváme,VERB,VB-P---1P-AAI--,root,,,Plur,,0.4577667773548719,O
ze,ADP,RV--2----------,case,Gen,,,,0.0243855505197212,O
skutečně,ADV,Dg-------1A----,advmod,,,,,-0.1553227375691777,O
světového,ADJ,AAIS2----1A----,amod,Gen,Masc,Sing,Inan,0.0391298395747331,O
obchodu,NOUN,NNIS2-----A----,obl,Gen,Masc,Sing,Inan,-0.1691494394871469,O
",",PUNCT,Z:-------------,punct,,,,,-0.0693618721293782,O
což,PRON,PQ--1----------,nsubj,Nom,,,,0.0570498395344669,O
nám,PRON,PP-P3--1-------,obl:arg,Dat,,Plur,,0.0482192847920521,O
umožňuje,VERB,VB-S---3P-AAI--,conj,,,Sing,,-0.0865326539024448,O
nabízet,VERB,Vf--------A-I--,xcomp,,,,,0.0384247844986522,O
širokou,ADJ,AAFS4----1A----,amod,Acc,Fem,Sing,,0.1194525763117395,O
nabídku,NOUN,NNFS4-----A----,obj,Acc,Fem,Sing,,0.1289648123351953,O
komiksů,NOUN,NNIP2-----A----,nmod,Gen,Masc,Plur,Inan,0.1242446715448803,O
prostřednictvím,NOUN,NNNS7-----A----,case,Ins,Neut,Sing,,-0.0979712788371963,O
aukcí,NOUN,NNFP2-----A----,obl,Gen,Fem,Plur,,-0.0581846098324254,O
.,PUNCT,Z:-------------,punct,,,,,0.6400565072312149,O
Kromě,ADP,RR--2----------,case,Gen,,,,0.0229799419722211,O
toho,DET,PDZS2----------,obl,Gen,"Masc,Neut",Sing,,-0.3038845876550128,O
se,PRON,P7-X4----------,expl:pv,Acc,,,,-0.0858465783400558,O
celá,ADJ,AAFS1----1A----,amod,Nom,Fem,Sing,,-0.1080983490755698,O
sada,NOUN,NNFS1-----A----,nsubj,Nom,Fem,Sing,,0.1614762374027058,O
vejde,VERB,VB-S---3P-AAP--,root,,,Sing,,0.1596630618141298,O
do,ADP,RR--2----------,case,Gen,,,,-0.0166948541395869,O
elegantní,ADJ,AAFS2----1A----,amod,Gen,Fem,Sing,,0.0002315475940556,O
taštičky,NOUN,NNFS2-----A----,obl,Gen,Fem,Sing,,0.0585189633124937,O
",",PUNCT,Z:-------------,punct,,,,,0.3010059353872724,O
kterou,DET,P4FS4----------,obj,Acc,Fem,Sing,,0.1367539705024545,O
si,PRON,P7--3----------,obl,Dat,,,,-0.0360592989538523,O
můžete,VERB,VB-P---2P-AAI--,acl:relcl,,,Plur,,0.3093398896384893,O
vzít,VERB,Vf--------A-P--,xcomp,,,,,0.2225227325144104,O
kdykoli,ADV,Db-------------,advmod,,,,,0.325968848502938,O
a,CCONJ,J^-------------,cc,,,,,0.159873347058596,O
kamkoli,ADV,Db-------------,conj,,,,,0.0963427243870778,O
sebou,PRON,P6--7----------,obl,Ins,,,,-0.3767620114662415,O
.,PUNCT,Z:-------------,punct,,,,,0.3409496524007294,O
Rusko,PROPN,NNNS1-----A----,nsubj,Nom,Neut,Sing,,0.0878644538494009,B-gc
by,AUX,Vc----------I--,aux,,,,,0.0485691694604993,O
nemělo,VERB,VpNS----R-NAI--,csubj:pass,,Neut,Sing,,-0.0094595018121463,O
mít,VERB,Vf--------A-I--,xcomp,,,,,-0.14175669439131,O
žádné,DET,PWFP4----------,det,Acc,Fem,Plur,,-0.0528664432296525,O
pochybnosti,NOUN,NNFP4-----A----,obj,Acc,Fem,Plur,,-0.0004244336697564,O
o,ADP,RR--6----------,case,Loc,,,,0.0726685677726489,O
tom,DET,PDZS6----------,det,Loc,"Masc,Neut",Sing,,-0.0075152455934062,O
",",PUNCT,Z:-------------,punct,,,,,-0.0769101299946238,O
že,SCONJ,"J,-------------",mark,,,,,-0.2126801702159634,O
další,ADJ,AAFS1----1A----,amod,Nom,Fem,Sing,,0.0442412260823313,O
vojenská,ADJ,AAFS1----1A----,amod,Nom,Fem,Sing,,0.0563182154331715,O
agrese,NOUN,NNFS1-----A----,nsubj,Nom,Fem,Sing,,-0.0101926485534035,O
vůči,ADP,RR--3----------,case,Dat,,,,-0.0849815640564062,O
Ukrajině,PROPN,NNFS3-----A----,nmod,Dat,Fem,Sing,,0.2125743634008563,B-gc
by,AUX,Vc----------I--,aux,,,,,-0.0360678080469759,O
měla,VERB,VpQW----R-AAI--,acl,,"Fem,Neut","Plur,Sing",,-0.1662967592314446,O
masivní,ADJ,AAIP4----1A----,amod,Acc,Masc,Plur,Inan,0.1613656384178963,O
následky,NOUN,NNIP4-----A----,obj,Acc,Masc,Plur,Inan,0.1685699000200261,O
a,CCONJ,J^-------------,cc,,,,,0.0552482547279907,O
závažné,ADJ,AAIP4----1A----,amod,Acc,Masc,Plur,Inan,0.0996691248805244,O
náklady“,NOUN,NNIS4-----A----,conj,Acc,Masc,Sing,Inan,0.0705336552922913,O
",",PUNCT,Z:-------------,punct,,,,,0.0846670503043544,O
říká,VERB,VB-S---3P-AAI--,root,,,Sing,,-0.2058007366689145,O
se,PRON,P7-X4----------,expl:pass,Acc,,,,0.1855917619317897,O
v,ADP,RR--6----------,case,Loc,,,,0.004574607109424,O
návrhu,NOUN,NNIS6-----A----,obl,Loc,Masc,Sing,Inan,-0.0360255105917231,O
pro,ADP,RR--4----------,case,Acc,,,,-0.1425397339735498,O
hlášení,NOUN,NNNS4-----A----,nmod,Acc,Neut,Sing,,0.0087431979089411,O
",",PUNCT,Z:-------------,punct,,,,,0.2446050227573069,O
potvrzeném,ADJ,AAIS6----1A----,amod,Loc,Masc,Sing,Inan,0.1982361401054952,O
zdroji,NOUN,NNIP7-----A----,obl:arg,Ins,Masc,Plur,Inan,0.0448839059883711,O
G7,NOUN,Q3-------------,nmod,,,,,0.0623471603314681,B-io
.,PUNCT,Z:-------------,punct,,,,,0.3758577395023537,O
Voliči,NOUN,NNMP1-----A----,nsubj,Nom,Masc,Plur,Anim,-0.0609625203452987,O
musí,VERB,VB-P---3P-AAI-1,root,,,Plur,,0.0374323848391754,O
na,ADP,RR--6----------,case,Loc,,,,-0.0496668932839607,O
webových,ADJ,AAFP6----1A----,amod,Loc,Fem,Plur,,-0.1804333955356338,O
stránkách,NOUN,NNFP6-----A----,obl,Loc,Fem,Plur,,-0.0037171177990264,O
komise,NOUN,NNFS2-----A----,nmod,Gen,Fem,Sing,,0.1580056603479542,O
v,ADP,RR--6----------,case,Loc,,,,0.0948236810617787,O
termínu,NOUN,NNIS6-----A----,obl,Loc,Masc,Sing,Inan,-0.0726004672194551,O
od,ADP,RR--2----------,case,Gen,,,,-0.3110980291937438,O
25,NUM,C=-------------,dep,,,,,0.1433815860753466,B-T|B-td
.,PUNCT,Z:-------------,punct,,,,,0.1674500071911968,I-T|I-td
do,ADP,RR--2----------,case,Gen,,,,-0.1815464753850127,I-T
31,NUM,C=-------------,nummod,,,,,-0.0143070378133068,I-T|B-td
.,PUNCT,Z:-------------,punct,,,,,-0.016047220517099,I-T|I-td
července,NOUN,NNIS2-----A----,nmod,Gen,Masc,Sing,Inan,0.0865851346680844,I-T|B-tm
nejprve,ADV,Db-------------,advmod,,,,,0.129775393042051,O
zadat,VERB,Vf--------A-P--,xcomp,,,,,0.0493513264077222,O
své,DET,P8YP4---------1,det,Acc,Masc,Plur,,0.058330762365643,O
údaje,NOUN,NNIP4-----A----,obj,Acc,Masc,Plur,Inan,0.0285789685605095,O
a,CCONJ,J^-------------,cc,,,,,0.0170478519309943,O
diplomatické,ADJ,AAFP4----1A----,amod,Acc,Fem,Plur,,0.0995915410879232,O
záležitosti,NOUN,NNFP4-----A----,conj,Acc,Fem,Plur,,0.1785388599604814,O
spojené,ADJ,AAFP4----1A----,amod,Acc,Fem,Plur,,-0.1917335125620131,O
s,ADP,RR--7----------,case,Ins,,,,0.1016803245976535,O
jejich,DET,P9XXXXP3-------,det,,,,,-0.3294709210993735,O
pobytem,NOUN,NNIS7-----A----,obl:arg,Ins,Masc,Sing,Inan,0.1537302969942466,O
v,ADP,RR--6----------,case,Loc,,,,0.1414911760483238,O
zahraničí,NOUN,NNNS6-----A----,nmod,Loc,Neut,Sing,,-0.1511940788065681,O
.,PUNCT,Z:-------------,punct,,,,,0.0191068222085901,O
Ministryně,NOUN,NNFS1-----A----,nsubj,Nom,Fem,Sing,,0.1892639914993195,O
Ash,PROPN,NNFXX-----A----,flat,,Fem,,,0.1831184707500695,B-P|B-pf
Denhamová,PROPN,NNFS1-----A----,flat,Nom,Fem,Sing,,0.2834943595196866,I-P|B-ps
řekla,VERB,VpQW----R-AAP--,root,,"Fem,Neut","Plur,Sing",,-0.0015247550864519,O
:,PUNCT,Z:-------------,punct,,,,,-0.0087127930167703,O
Provádíme,VERB,VB-P---1P-AAI--,ccomp,,,Plur,,0.1485037122424164,O
dvoje,ADJ,P8NS4----------,amod,Acc,Neut,Sing,,0.0201315387963586,O
přezkoumání,NOUN,NNNS4-----A----,obj,Acc,Neut,Sing,,0.0125891810767872,O
právních,ADJ,AAIP2----1A----,amod,Gen,Masc,Plur,Inan,0.0742679324333461,O
předpisů,NOUN,NNIP2-----A----,nmod,Gen,Masc,Plur,Inan,0.2165138345268272,O
týkajících,ADJ,AGIP2-----A----,amod,Gen,Masc,Plur,Inan,0.0555702614703594,O
se,PRON,P7-X4----------,expl:pv,Acc,,,,0.0341574521130874,O
kontrolování,NOUN,NNNS2-----A----,obl:arg,Gen,Neut,Sing,,-0.0109441692462012,O
psů,NOUN,NNMP2-----A----,nmod,Gen,Masc,Plur,Anim,0.1082721734681781,O
",",PUNCT,Z:-------------,punct,,,,,0.3818202343076232,O
protože,SCONJ,"J,-------------",mark,,,,,-0.0067447297068925,O
jsme,AUX,VB-P---1P-AAI--,cop,,,Plur,,0.080164968457479,O
odhodláni,ADJ,VsMP----X-APP--,advcl,,Masc,Plur,Anim,0.3034667535648584,O
pomáhat,VERB,Vf--------A-I--,xcomp,,,,,0.0263784923057412,O
chránit,VERB,Vf--------A-I--,xcomp,,,,,0.1017682054506956,O
veřejnost,NOUN,NNFS4-----A----,obj,Acc,Fem,Sing,,-0.1192385481893372,O
před,ADP,RR--7----------,case,Ins,,,,0.0420301911524919,O
nezodpovědnými,ADJ,AAMP7----1N----,amod,Ins,Masc,Plur,Anim,0.1617027641184574,O
majiteli,NOUN,NNMP7-----A----,obl:arg,Ins,Masc,Plur,Anim,-0.0696389530940857,O
a,CCONJ,J^-------------,cc,,,,,-0.0538746904752509,O
jejich,DET,P9XXXXP3-------,det,,,,,-0.2537274357083975,O
psy,NOUN,NNMP7-----A----,conj,Ins,Masc,Plur,Anim,-0.029990755028059,O
",",PUNCT,Z:-------------,punct,,,,,0.3003802650991112,O
kteří,DET,P4MP1----------,nsubj:pass,Nom,Masc,Plur,Anim,-0.0722453561616682,O
nejsou,AUX,VB-P---3P-NAI--,aux:pass,,,Plur,,-0.2700802013902935,O
kontrolováni,ADJ,VsMP----X-API--,amod,,Masc,Plur,Anim,0.0745276651579613,O
.,PUNCT,Z:-------------,punct,,,,,0.0696327502328554,O
Zpětná,ADJ,AAFS1----1A----,amod,Nom,Fem,Sing,,0.3568533305083597,O
vazba,NOUN,NNFS1-----A----,root,Nom,Fem,Sing,,0.1675161224828866,O
a,CCONJ,J^-------------,cc,,,,,-0.033112077670771,O
DSR,NOUN,BNXXX-----A----,conj,,,,,-0.0274876501720227,O
(,PUNCT,Z:-------------,punct,,,,,0.0381283906746102,O
podrobné,ADJ,AANS1----1A----,amod,Nom,Neut,Sing,,-0.1206770124298798,O
hodnocení,NOUN,NNNS1-----A----,orphan,Nom,Neut,Sing,,-0.1741644420484412,O
prodávajícího,ADJ,AGMS2-----A----,amod,Gen,Masc,Sing,Anim,0.014697954495179,O
),PUNCT,Z:-------------,punct,,,,,0.1335591229777258,O
.,PUNCT,Z:-------------,punct,,,,,0.694963701747011,O
Společnost,NOUN,NNFS1-----A----,nsubj,Nom,Fem,Sing,,-0.4734373280471793,O
Fox,PROPN,NNIS1-----A----,nmod,Nom,Masc,Sing,Inan,0.1340045830655461,B-if
několik,DET,Ca--4----------,det:numgov,Acc,,,,-0.1050546672663597,O
měsíců,NOUN,NNIP2-----A----,obl,Gen,Masc,Plur,Inan,-0.0494125272906978,O
varovala,VERB,VpQW----R-AAI--,root,,"Fem,Neut","Plur,Sing",,0.0591013715142939,O
Cricket,X,F%-------------,obj,,,,,-0.0643514517505886,B-ic
Australia,X,F%-------------,flat:foreign,,,,,0.0654548567677757,I-ic
",",PUNCT,Z:-------------,punct,,,,,0.169711503092362,O
že,SCONJ,"J,-------------",mark,,,,,0.0940638888425942,O
z,ADP,RR--2----------,case,Gen,,,,-0.0328901579320276,O
technického,ADJ,AANS2----1A----,amod,Gen,Neut,Sing,,0.1977739865749302,O
hlediska,NOUN,NNNS2-----A----,obl,Gen,Neut,Sing,,-0.038222227767093,O
by,AUX,Vc----------I--,aux,,,,,-0.0840474661369993,O
bylo,AUX,VpNS----R-AAI--,cop,,Neut,Sing,,-0.0165292025759438,O
bezpečnější,ADJ,AANS1----2A----,ccomp,Nom,Neut,Sing,,0.0820348326394815,O
odehrát,VERB,Vf--------A-P--,csubj,,,,,-0.0137042578031036,O
zápas,NOUN,NNIS4-----A----,obj,Acc,Masc,Sing,Inan,0.0477885808356916,O
jinde,ADV,Db-------------,advmod,,,,,-0.0331835079028784,O
",",PUNCT,Z:-------------,punct,,,,,0.1775840004885845,O
ale,CCONJ,J^-------------,cc,,,,,0.0666266222259749,O
pokud,SCONJ,"J,-------------",mark,,,,,0.0357174008042382,O
by,AUX,Vc----------I--,aux,,,,,-0.038861422023263,O
zůstal,VERB,VpYS----R-AAP--,advcl,,Masc,Sing,,-0.0007865507589876,O
v,ADP,RR--6----------,case,Loc,,,,0.0435809140632805,O
Gabbě,PROPN,NNFS6-----A----,obl,Loc,Fem,Sing,,0.0554595698525738,B-gu
",",PUNCT,Z:-------------,punct,,,,,0.1599564964817223,O
vznikla,VERB,VpQW----R-AAP-1,conj,,"Fem,Neut","Plur,Sing",,0.0165535001580657,O
by,AUX,Vc----------I--,aux,,,,,-0.0812888413662363,O
obrovská,ADJ,AANP1----1A----,amod,Nom,Neut,Plur,,0.0546026470433978,O
rizika“,NOUN,NNNP1-----A----,nsubj,Nom,Neut,Plur,,0.0876405500311719,O
spojená,ADJ,AANP1----1A----,amod,Nom,Neut,Plur,,0.0652237819661287,O
s,ADP,RR--7----------,case,Ins,,,,0.0272140719824073,O
tím,DET,PDZS7----------,obl:arg,Ins,"Masc,Neut",Sing,,0.2928839324080276,O
",",PUNCT,Z:-------------,punct,,,,,0.1632764685820149,O
že,SCONJ,"J,-------------",mark,,,,,0.0416064489757579,O
by,AUX,Vc----------I--,aux,,,,,-0.022008305982238,O
do,ADP,RR--2----------,case,Gen,,,,-0.0755576137540727,O
Queenslandu,PROPN,NNIS2-----A----,obl,Gen,Masc,Sing,Inan,0.0345354461904872,B-gu
mohla,VERB,VpQW----R-AAI--,acl,,"Fem,Neut","Plur,Sing",,0.0912846757922751,O
přijet,VERB,Vf--------A-P--,xcomp,,,,,0.0423526255650354,O
pouze,ADV,Db-------------,advmod:emph,,,,,-0.0056831132183019,O
kostra,NOUN,NNFS1-----A----,nsubj,Nom,Fem,Sing,,0.0382365904299063,O
týmu,NOUN,NNIS2-----A----,nmod,Gen,Masc,Sing,Inan,0.0897283849287844,O
.,PUNCT,Z:-------------,punct,,,,,0.2099502781007503,O
Byl,AUX,VpYS----R-AAI--,aux:pass,,Masc,Sing,,-0.1303423373306039,O
vytvořen,ADJ,VsYS----X-APP--,root,,Masc,Sing,,0.5141646295755378,O
nový,ADJ,AAIS1----1A----,amod,Nom,Masc,Sing,Inan,-0.1815928543240424,O
systém,NOUN,NNIS1-----A----,nsubj:pass,Nom,Masc,Sing,Inan,-0.0002558018586192,O
udílení,NOUN,NNNS2-----A----,nmod,Gen,Neut,Sing,,0.0891970265082617,O
cen,NOUN,NNFP2-----A----,nmod,Gen,Fem,Plur,,0.1417703879271686,O
oceňující,ADJ,AGIS1-----A----,amod,Nom,Masc,Sing,Inan,0.1406490108556532,O
politiky,NOUN,NNMP4-----A----,obj,Acc,Masc,Plur,Anim,0.1013739258240511,O
",",PUNCT,Z:-------------,punct,,,,,-0.1285710579899696,O
kteří,DET,P4MP1----------,nsubj,Nom,Masc,Plur,Anim,-0.1719133274418051,O
při,ADP,RR--6----------,case,Loc,,,,-0.49944701142876,O
své,DET,P8FS6---------1,det,Loc,Fem,Sing,,-0.1466524893730827,O
práci,NOUN,NNFS6-----A----,obl,Loc,Fem,Sing,,-0.1192105971309461,O
projevují,VERB,VB-P---3P-AAI--,acl:relcl,,,Plur,,-0.042607440295519,O
zdvořilost,NOUN,NNFS4-----A----,obj,Acc,Fem,Sing,,0.0908449707313866,O
.,PUNCT,Z:-------------,punct,,,,,0.0694089503914105,O
Ve,ADP,RV--4----------,case,Acc,,,,0.0146852189635568,O
čtvrtek,NOUN,NNIS4-----A----,obl,Acc,Masc,Sing,Inan,-0.0693924403028209,O
také,ADV,Db-------------,advmod,,,,,-0.1204760971681828,O
proběhlo,VERB,VpNS----R-AAP-1,root,,Neut,Sing,,0.0200419111747768,O
svědectví,NOUN,NNNS1-----A----,nsubj,Nom,Neut,Sing,,0.0760623658325071,O
porodníka,NOUN,NNMS2-----A----,nmod,Gen,Masc,Sing,Anim,-0.0002492911239782,O
a,CCONJ,J^-------------,cc,,,,,0.0456200982925892,O
gynekologa,NOUN,NNMS2-----A----,conj,Gen,Masc,Sing,Anim,0.0997149741042502,O
z,ADP,RR--2----------,case,Gen,,,,0.206570465589902,O
Memphisu,PROPN,NNIS2-----A----,nmod,Gen,Masc,Sing,Inan,0.117001674390426,B-gu
",",PUNCT,Z:-------------,punct,,,,,0.2041356606137318,O
který,DET,P4YS1----------,nsubj,Nom,Masc,Sing,,-0.1164602749119352,O
patří,VERB,VB-S---3P-AAI--,acl:relcl,,,Sing,,-0.0470382892750744,O
ke,ADP,RV--3----------,case,Dat,,,,-0.0019532839805891,O
kontroverzní,ADJ,AAFS3----1A----,amod,Dat,Fem,Sing,,0.1515243496935665,O
straně,NOUN,NNFS3-----A----,obl,Dat,Fem,Sing,,-0.1823295638431318,O
",",PUNCT,Z:-------------,punct,,,,,0.1462154344225069,O
která,DET,P4FS1----------,nsubj,Nom,Fem,Sing,,-0.0793074097745595,O
se,PRON,P7-X4----------,expl:pv,Acc,,,,0.1234434587878686,O
pokouší,VERB,VB-S---3P-AAI--,acl:relcl,,,Sing,,0.0397714001849311,O
pozastavit,VERB,Vf--------A-P--,xcomp,,,,,0.2099527086424514,O
účinky,NOUN,NNIP4-----A----,obj,Acc,Masc,Plur,Inan,-0.001248411207957,O
léků,NOUN,NNIP2-----A----,nmod,Gen,Masc,Plur,Inan,-0.0132399626782854,O
vyvolávajících,ADJ,AGIP2-----A----,amod,Gen,Masc,Plur,Inan,0.1638702306030579,O
potrat,NOUN,NNIS4-----A----,obj,Acc,Masc,Sing,Inan,0.1180060983975612,O
.,PUNCT,Z:-------------,punct,,,,,0.2708379208668897,O
Dr,NOUN,BNXXX-----A----,nmod,,,,,0.0394058402358258,B-P|B-pd
.,PUNCT,Z:-------------,punct,,,,,0.1180107139971443,I-P|I-pd
Michael,PROPN,NNMS1-----A----,nsubj,Nom,Masc,Sing,Anim,0.1086699362051933,I-P|B-pf
Podraza,PROPN,NNMS1-----A----,flat,Nom,Masc,Sing,Anim,0.152570345755064,I-P|B-ps
řekl,VERB,VpYS----R-AAP--,root,,Masc,Sing,,-0.0449980038458282,O
",",PUNCT,Z:-------------,punct,,,,,0.0602081750540854,O
že,SCONJ,"J,-------------",mark,,,,,0.0304781346448542,O
díky,ADP,RR--3----------,case,Dat,,,,-0.0309791253203396,O
své,DET,P8FS3---------1,det,Dat,Fem,Sing,,0.0257682896726528,O
práci,NOUN,NNFS3-----A----,obl,Dat,Fem,Sing,,0.0166523417341974,O
má,VERB,VB-S---3P-AAI--,ccomp,,,Sing,,0.0591039441772804,O
osobní,ADJ,AAFS4----1A----,amod,Acc,Fem,Sing,,0.1408438217119902,O
zkušenost,NOUN,NNFS4-----A----,obj,Acc,Fem,Sing,,-0.08391799629355,O
se,ADP,RV--7----------,case,Ins,,,,0.062205340293629,O
ženami,NOUN,NNFP7-----A----,nmod,Ins,Fem,Plur,,0.0556035991497617,O
",",PUNCT,Z:-------------,punct,,,,,0.082586778843218,O
které,DET,P4FP1----------,nsubj,Nom,Fem,Plur,,-0.0764524730961619,O
změnily,VERB,VpTP----R-AAP--,acl:relcl,,"Fem,Masc",Plur,Inan,-0.0194106907434376,O
na,ADP,RR--4----------,case,Acc,,,,0.1527883149575136,O
potrat,NOUN,NNIS4-----A----,nmod,Acc,Masc,Sing,Inan,0.105271788997636,O
názor“,NOUN,NNIS4-----A----,obj,Acc,Masc,Sing,Inan,-0.0540530286350425,O
.,PUNCT,Z:-------------,punct,,,,,-0.0841317777508005,O
Řekla,VERB,VpQW----R-AAP--,root,,"Fem,Neut","Plur,Sing",,0.0003142027531462,O
:,PUNCT,Z:-------------,punct,,,,,0.0422889436250693,O
V,ADP,RR--6----------,case,Loc,,,,-0.0610500259330639,O
této,DET,PDFS6----------,det,Loc,Fem,Sing,,-0.1044498911136464,O
chvíli,NOUN,NNFS6-----A----,obl,Loc,Fem,Sing,,-0.0872807196619154,O
je,AUX,VB-S---3P-AAI--,cop,,,Sing,,-0.1980222148416128,O
možné,ADJ,AANS1----1A----,ccomp,Nom,Neut,Sing,,-0.1568193198915238,O
–,PUNCT,Z:-------------,punct,,,,,-0.273317196502763,O
pokud,SCONJ,"J,-------------",mark,,,,,-0.0573549663818901,O
existuje,VERB,VB-S---3P-AAI--,advcl,,,Sing,,-0.0875691707238931,O
politická,ADJ,AAFS1----1A----,amod,Nom,Fem,Sing,,0.0627931910406979,O
vůle,NOUN,NNFS1-----A----,nsubj,Nom,Fem,Sing,,-0.0551775428916829,O
–,PUNCT,Z:-------------,punct,,,,,-0.1553458869483587,O
aby,AUX,Vc-------------,aux,,,,,-0.0240918346856752,O
se,PRON,P7-X4----------,expl:pv,Acc,,,,0.1109874666338471,O
strany,NOUN,NNFP1-----A----,nsubj,Nom,Fem,Plur,,-0.0660211953233064,O
sešly,VERB,VpTP----R-AAP--,csubj,,"Fem,Masc",Plur,Inan,0.0686002902482505,O
a,CCONJ,J^-------------,cc,,,,,0.0522620717500217,O
zajistily,VERB,VpTP----R-AAP--,conj,,"Fem,Masc",Plur,Inan,0.0004703182245461,O
",",PUNCT,Z:-------------,punct,,,,,0.071171976028976,O
že,SCONJ,"J,-------------",mark,,,,,-0.0080541991331842,O
žádost,NOUN,NNFS1-----A----,nsubj:pass,Nom,Fem,Sing,,-0.0670038937393423,O
o,ADP,RR--4----------,case,Acc,,,,-0.1063696883901734,O
odklad,NOUN,NNIS4-----A----,nmod,Acc,Masc,Sing,Inan,-0.0246782518687205,O
nebude,AUX,VB-S---3F-NAI--,aux:pass,,,Sing,,-0.0334609077590519,O
ponechána,ADJ,VsQW----X-APP--,ccomp,,"Fem,Neut","Plur,Sing",,0.0968728089250043,O
v,ADP,RR--6----------,case,Loc,,,,0.0051387288123154,O
rukou,NOUN,NNFP6-----A----,obl,Loc,Fem,Plur,,0.0380366561156051,O
Borise,PROPN,NNMS2-----A----,nmod,Gen,Masc,Sing,Anim,0.0783421308168324,B-P|B-pf
Johnsona,PROPN,NNMS2-----A----,flat,Gen,Masc,Sing,Anim,-0.0011301294592239,I-P|B-ps
a,CCONJ,J^-------------,cc,,,,,-0.001810288737648,O
jeho,DET,P9XXXZS3-------,det,,,,,0.0211566890074194,O
přátel,NOUN,NNMP2-----A----,conj,Gen,Masc,Plur,Anim,-0.1261334344554504,O
",",PUNCT,Z:-------------,punct,,,,,-0.0077996469441669,O
kteří,DET,P4MP1----------,nsubj,Nom,Masc,Plur,Anim,-0.1182411357013177,O
všemožně,ADV,Dg-------1A----,advmod,,,,,0.0292171020760446,O
hledají,VERB,VB-P---3P-AAI--,acl:relcl,,,Plur,,0.1291348607481309,O
způsob,NOUN,NNIS4-----A----,obj,Acc,Masc,Sing,Inan,-0.0808692714796882,O
",",PUNCT,Z:-------------,punct,,,,,0.100542963797875,O
jak,ADV,Db-------------,advmod,,,,,0.0228562707303126,O
obejít,VERB,Vf--------A-P--,acl,,,,,0.1223548341141609,O
zákon,NOUN,NNIS4-----A----,obj,Acc,Masc,Sing,Inan,0.0352552230429706,O
o,ADP,RR--6----------,case,Loc,,,,-0.0710871244574465,O
Brexitu,PROPN,NNIS6-----A----,nmod,Loc,Masc,Sing,Inan,0.1070652081237104,O
",",PUNCT,Z:-------------,punct,,,,,0.0203098075851561,O
ale,CCONJ,J^-------------,cc,,,,,0.1789252907572288,O
místo,ADP,RR--2----------,case,Gen,,,,-0.0211264574947614,O
toho,DET,PDZS2----------,obl,Gen,"Masc,Neut",Sing,,-0.0248659364658632,O
bude,AUX,VB-S---3F-AAI--,aux:pass,,,Sing,,0.0909095199137235,O
zaslána,ADJ,VsQW----X-APP--,conj,,"Fem,Neut","Plur,Sing",,0.0848605629995323,O
prozatímním,ADJ,AAMS7----1A----,amod,Ins,Masc,Sing,Anim,0.0560656600060469,O
předsedou,NOUN,NNMS7-----A----,obl:arg,Ins,Masc,Sing,Anim,0.0376796743371856,O
vlády,NOUN,NNFS2-----A----,nmod,Gen,Fem,Sing,,-0.0709299937682745,O
",",PUNCT,Z:-------------,punct,,,,,0.1308527268999374,O
který,DET,P4YS1----------,nsubj,Nom,Masc,Sing,,-0.0296268963842617,O
by,AUX,Vc----------I--,aux,,,,,0.0303405774606056,O
byl,AUX,VpYS----R-AAI--,acl:relcl,,Masc,Sing,,-0.0462984139297567,O
ve,ADP,RV--6----------,case,Loc,,,,-0.1131386736817862,O
funkci,NOUN,NNFS6-----A----,obl,Loc,Fem,Sing,,-0.0559502152218835,O
pouze,ADV,Db-------------,advmod:emph,,,,,-0.0693301273341624,O
tak,ADV,Db-------------,advmod,,,,,-0.0940434278733459,O
dlouho,ADV,Dg-------1A----,advmod,,,,,-0.0214394878047509,O
",",PUNCT,Z:-------------,punct,,,,,0.0937419404960402,O
jak,ADV,Db-------------,advmod,,,,,0.0201291695038475,O
bude,AUX,VB-S---3F-AAI--,cop,,,Sing,,0.0845551361627759,O
nezbytně,ADV,Dg-------1N----,advmod,,,,,0.0337219687035115,O
nutné,ADJ,AANS1----1A----,advcl,Nom,Neut,Sing,,-0.0596267182827851,O
k,ADP,RR--3----------,case,Dat,,,,-0.0622730413352138,O
odeslání,NOUN,NNNS3-----A----,obl,Dat,Neut,Sing,,-0.0215134650427306,O
žádosti,NOUN,NNFS2-----A----,nmod,Gen,Fem,Sing,,0.0195320302315757,O
",",PUNCT,Z:-------------,punct,,,,,-0.0139017602360194,O
a,CCONJ,J^-------------,cc,,,,,-0.0037207592448781,O
ihned,ADV,Db-------------,advmod,,,,,-0.0958158915540583,O
poté,ADV,Db-------------,advmod,,,,,-0.1258178842969723,O
by,AUX,Vc----------I--,aux,,,,,-0.0069328099026538,O
se,PRON,P7-X4----------,expl:pass,Acc,,,,0.0735496525838444,O
konaly,VERB,VpTP----R-AAI--,conj,,"Fem,Masc",Plur,Inan,0.0535528904492242,O
volby,NOUN,NNFP1-----A----,nsubj:pass,Nom,Fem,Plur,,0.3436108884598766,O
“,PUNCT,Z:-------------,root,,,,,0.0376298514880755,O
.,PUNCT,Z:-------------,punct,,,,,-0.1046411752496654,O
Pokud,SCONJ,"J,-------------",mark,,,,,0.0265943639329565,O
je,AUX,VB-S---3P-AAI--,aux:pass,,,Sing,,-0.0960401663292686,O
závada,NOUN,NNFS1-----A----,nsubj:pass,Nom,Fem,Sing,,0.0647940355702246,O
považována,ADJ,VsQW----X-API--,advcl,,"Fem,Neut","Plur,Sing",,0.1070269063727307,O
skutečně,ADV,Dg-------1A----,advmod,,,,,0.0808094463762944,O
za,ADP,RR--4----------,case,Acc,,,,0.1120064234027065,O
výrobní,ADJ,AAFS4----1A----,amod,Acc,Fem,Sing,,0.2510107233091427,O
vadu,NOUN,NNFS4-----A----,obl:arg,Acc,Fem,Sing,,0.0212934395750582,O
",",PUNCT,Z:-------------,punct,,,,,0.1060225210271662,O
budou,AUX,VB-P---3F-AAI--,aux:pass,,,Plur,,-0.1246409137466082,O
vám,PRON,PP-P3--2-------,obl:arg,Dat,,Plur,,-0.0110959662352675,O
vráceny,ADJ,VsTP----X-APP--,root,,"Fem,Masc",Plur,Inan,0.046485081176093,O
peníze,NOUN,NNIP1-----A----,nsubj:pass,Nom,Masc,Plur,Inan,0.1287871040445016,O
.,PUNCT,Z:-------------,punct,,,,,-0.8693724168850082,O
Chlapec,NOUN,NNMS1-----A----,nsubj,Nom,Masc,Sing,Anim,0.2408879896542179,O
ve,ADP,RV--6----------,case,Loc,,,,0.134870823698559,O
videu,NOUN,NNNS6-----A----,obl,Loc,Neut,Sing,,-0.0373552326477474,O
rovněž,ADV,Db-------------,advmod,,,,,0.0369369795728585,O
tvrdil,VERB,VpYS----R-AAI--,root,,Masc,Sing,,0.0179721261075967,O
",",PUNCT,Z:-------------,punct,,,,,0.0231273722455616,O
že,SCONJ,"J,-------------",mark,,,,,-0.1072868351686087,O
už,ADV,Db-------------,advmod:emph,,,,,-0.0817983744237873,O
takhle,ADV,Db-------------,advmod,,,,,-0.0651891614580531,O
jeho,DET,P9XXXZS3-------,det,,,,,-0.0789378999096924,O
denní,ADJ,AAIS1----1A----,amod,Nom,Masc,Sing,Inan,0.0283949232103052,O
prodej,NOUN,NNIS1-----A----,nsubj,Nom,Masc,Sing,Inan,0.0227442011034042,O
kvůli,ADP,RR--3----------,case,Dat,,,,-0.1664154792020371,O
pandemii,NOUN,NNFS3-----A----,obl,Dat,Fem,Sing,,0.0273942903536521,O
výrazně,ADV,Dg-------1A----,advmod,,,,,-0.2345789501772102,O
klesl,VERB,VpYS----R-AAP-1,ccomp,,Masc,Sing,,0.0104034252534541,O
a,CCONJ,J^-------------,cc,,,,,0.0401531381834383,O
ztráta,NOUN,NNFS1-----A----,nsubj,Nom,Fem,Sing,,0.0313347846971709,O
zásob,NOUN,NNFP2-----A----,nmod,Gen,Fem,Plur,,-0.034247333717029,O
pro,ADP,RR--4----------,case,Acc,,,,0.107398572490174,O
něj,PRON,PEZS4--3-------,obl,Acc,"Masc,Neut",Sing,,-0.1284825896808663,O
představuje,VERB,VB-S---3P-AAI--,conj,,,Sing,,-0.0921313667247444,O
další,ADJ,AAFS4----1A----,amod,Acc,Fem,Sing,,0.0417289796479883,O
finanční,ADJ,AAFS4----1A----,amod,Acc,Fem,Sing,,-0.0936746576692072,O
zátěž,NOUN,NNFS4-----A----,obj,Acc,Fem,Sing,,-0.0187714018475214,O
.,PUNCT,Z:-------------,punct,,,,,0.4814221210616565,O
Měli,VERB,VpMP----R-AAI--,root,,Masc,Plur,Anim,-0.0436077315892716,O
jsme,AUX,VB-P---1P-AAI--,aux,,,Plur,,-0.2261187629964279,O
v,ADP,RR--6----------,case,Loc,,,,0.0023198372175077,O
plánu,NOUN,NNIS6-----A----,obl,Loc,Masc,Sing,Inan,0.0708839353632318,O
několik,DET,Ca--4----------,det:numgov,Acc,,,,-0.0902811132937344,O
oslav,NOUN,NNFP2-----A----,obj,Gen,Fem,Plur,,-0.0936782093897712,O
k,ADP,RR--3----------,case,Dat,,,,-0.0697139910596408,O
uctění,NOUN,NNNS3-----A----,nmod,Dat,Neut,Sing,,0.2249227241182693,O
tohoto,DET,PDZS2----------,det,Gen,"Masc,Neut",Sing,,-0.0795765524629558,O
výročí,NOUN,NNNS2-----A----,nmod,Gen,Neut,Sing,,0.5568226906407872,O
",",PUNCT,Z:-------------,punct,,,,,0.1244883907183441,O
ale,CCONJ,J^-------------,cc,,,,,0.2120413558765223,O
bohužel,PART,TT-------------,advmod,,,,,-0.2910828742897549,O
je,PRON,PEXP4--3-------,obj,Acc,,Plur,,-0.1235757497361606,O
musíme,VERB,VB-P---1P-AAI--,conj,,,Plur,,-0.2702992239774177,O
všechny,DET,PLYP4----------,obj,Acc,Masc,Plur,,-0.018205488313465,O
odložit,VERB,Vf--------A-P--,xcomp,,,,,0.0784886298996475,O
.,PUNCT,Z:-------------,punct,,,,,0.4732994684821023,O
Podšívka,NOUN,NNFS1-----A----,nsubj,Nom,Fem,Sing,,0.2263143789014524,O
může,VERB,VB-S---3P-AAI--,root,,,Sing,,-0.68382545147258,O
mít,VERB,Vf--------A-I--,xcomp,,,,,0.0339269878686806,O
světlejší,ADJ,AAFS4----2A----,amod,Acc,Fem,Sing,,-0.0710931972640927,O
nebo,CCONJ,J^-------------,cc,,,,,-0.0667315890194729,O
tmavší,ADJ,AAFS4----2A----,conj,Acc,Fem,Sing,,0.0763955575147645,O
barvu,NOUN,NNFS4-----A----,obj,Acc,Fem,Sing,,0.0480857034792179,O
než,SCONJ,"J,-------------",mark,,,,,0.0539128201280732,O
je,AUX,VB-S---3P-AAI--,cop,,,Sing,,-0.0003636293018192,O
vyobrazeno,ADJ,VsNS----X-APP--,advcl,,Neut,Sing,,0.0285484084645699,O
.,PUNCT,Z:-------------,punct,,,,,0.5853720033804607,O
Ve,ADP,RV--4----------,case,Acc,,,,0.0094844090904424,O
čtvrtek,NOUN,NNIS4-----A----,obl,Acc,Masc,Sing,Inan,0.0937579374159352,O
byla,AUX,VpQW----R-AAI--,aux:pass,,"Fem,Neut","Plur,Sing",,0.009348999675922,O
na,ADP,RR--6----------,case,Loc,,,,-0.0471017909692862,O
Vidyasagar,X,F%-------------,obl,,,,,-0.0207641427691667,B-ic
College,X,F%-------------,flat:foreign,,,,,-0.0458790822994497,I-ic
vztyčena,ADJ,VsQW----X-APP--,root,,"Fem,Neut","Plur,Sing",,0.0813512599932213,O
Vidyasagarova,ADJ,AUFS1M---------,amod,Nom,Fem,Sing,,-0.0338874744191553,B-p_
bronzová,ADJ,AAFS1----1A----,amod,Nom,Fem,Sing,,0.0733951911532165,O
socha,NOUN,NNFS1-----A----,nsubj:pass,Nom,Fem,Sing,,-0.1108823505392916,O
.,PUNCT,Z:-------------,punct,,,,,0.822908050603647,O
Pravděpodobně,ADV,Dg-------1A----,advmod,,,,,0.2785181062217123,O
budu,AUX,VB-S---1F-AAI--,aux,,,Sing,,0.1940931483638978,O
muset,VERB,Vf--------A-I--,root,,,,,0.3071962415082909,O
mít,VERB,Vf--------A-I--,xcomp,,,,,-0.0222780695708251,O
podepsaný,ADJ,AAIS4----1A----,xcomp,Acc,Masc,Sing,Inan,-0.0183868450349325,O
nějaký,DET,PZIS4----------,det,Acc,Masc,Sing,Inan,-0.2304394439706325,O
souhlas,NOUN,NNIS4-----A----,obj,Acc,Masc,Sing,Inan,-0.2434047621346328,O
.,PUNCT,Z:-------------,punct,,,,,0.3428788092498063,O
Samozřejmě,ADV,Dg-------1A----,root,,,,,-0.2872789355756984,O
",",PUNCT,Z:-------------,punct,,,,,-0.1153508621169141,O
že,SCONJ,"J,-------------",mark,,,,,0.2196692379337312,O
to,DET,PDNS4----------,obj,Acc,Neut,Sing,,0.1046413278435399,O
neudělají,VERB,VB-P---3P-NAP--,dep,,,Plur,,0.1383498853620036,O
.,PUNCT,Z:-------------,punct,,,,,0.0025073782428546,O
Pak,ADV,Db-------------,advmod,,,,,-0.1619223208706232,O
jsem,AUX,VB-S---1P-AAI--,aux,,,Sing,,-0.2497901897376779,O
měl,VERB,VpYS----R-AAI--,root,,Masc,Sing,,0.4910213088814085,O
zjevení,NOUN,NNNS4-----A----,obj,Acc,Neut,Sing,,0.0356145417208591,O
a,CCONJ,J^-------------,cc,,,,,0.0976567165877562,O
zkusil,VERB,VpYS----R-AAP--,conj,,Masc,Sing,,0.0304274058993264,O
jsem,AUX,VB-S---1P-AAI--,aux,,,Sing,,0.5793732878233199,O
mezizubní,ADJ,AAIP4----1A----,amod,Acc,Masc,Plur,Inan,0.0321927017891156,O
kartáčky,NOUN,NNIP4-----A----,obj,Acc,Masc,Plur,Inan,0.0178119736330461,O
",",PUNCT,Z:-------------,punct,,,,,0.3303276305533711,O
a,CCONJ,J^-------------,cc,,,,,0.1979260933010957,O
ty,DET,PDIP1----------,nsubj,Nom,Masc,Plur,Inan,-0.1274128983902484,O
fungují,VERB,VB-P---3P-AAI--,conj,,,Plur,,0.1334298832922384,O
.,PUNCT,Z:-------------,punct,,,,,0.123857246578926,O
.,PUNCT,Z:-------------,punct,,,,,0.0671719923506213,O
.,PUNCT,Z:-------------,punct,,,,,0.120603808394108,O
Cena,NOUN,NNFS1-----A----,nsubj:pass,Nom,Fem,Sing,,-0.1103889783584519,O
se,PRON,P7-X4----------,expl:pass,Acc,,,,-0.0550670540890773,O
může,VERB,VB-S---3P-AAI--,root,,,Sing,,-0.1718068510939123,O
změnit,VERB,Vf--------A-P--,xcomp,,,,,-0.2069734328171781,O
",",PUNCT,Z:-------------,punct,,,,,0.0788384089799727,O
ale,CCONJ,J^-------------,cc,,,,,0.2721306712031305,O
vždy,ADV,Db-------------,advmod,,,,,0.1072357296079634,O
vám,PRON,PP-P3--2-------,obl:arg,Dat,,Plur,,-0.0356181084087948,O
bude,AUX,VB-S---3F-AAI--,aux:pass,,,Sing,,0.196573020921733,O
nejprve,ADV,Db-------------,advmod,,,,,0.3679814559184406,O
zaslán,ADJ,VsYS----X-APP--,conj,,Masc,Sing,,0.0861139171258959,O
informativní,ADJ,AAIS1----1A----,amod,Nom,Masc,Sing,Inan,0.1180264388875561,O
email,NOUN,NNIS1-----A----,nsubj:pass,Nom,Masc,Sing,Inan,0.1460402883507771,O
.,PUNCT,Z:-------------,punct,,,,,0.4818578600238103,O
Nezasílejte,VERB,Vi-P---2--N-I--,root,,,Plur,,0.32046508308717,O
nám,PRON,PP-P3--1-------,obl:arg,Dat,,Plur,,-0.085004424386369,O
prosím,VERB,VB-S---1P-AAI--,conj,,,Sing,,0.0565651926301213,O
negativní,ADJ,AAFS4----1A----,amod,Acc,Fem,Sing,,-0.089532804759725,O
zpětnou,ADJ,AAFS4----1A----,amod,Acc,Fem,Sing,,0.161844735670299,O
vazbu,NOUN,NNFS4-----A----,obj,Acc,Fem,Sing,,0.0671399373045416,O
.,PUNCT,Z:-------------,punct,,,,,0.6178157268812351,O
Majitel,NOUN,NNMS1-----A----,nsubj,Nom,Masc,Sing,Anim,0.1050816438432085,O
Jerry,PROPN,NNMS1-----A----,flat,Nom,Masc,Sing,Anim,0.1661926615941257,B-P|B-pf
Jones,PROPN,NNMS1-----A----,flat,Nom,Masc,Sing,Anim,-0.0233495146518856,I-P|B-ps
to,DET,PDNS4----------,obj,Acc,Neut,Sing,,0.1623789994314568,O
naznačil,VERB,VpYS----R-AAP--,root,,Masc,Sing,,0.1398273320344249,O
již,ADV,Db-------------,advmod:emph,,,,,-0.2761950656724837,O
začátkem,NOUN,NNIS7-----A----,case,Ins,Masc,Sing,Inan,0.15625313622092,O
týdne,NOUN,NNIS2-----A----,obl,Gen,Masc,Sing,Inan,-0.1149992453095902,O
",",PUNCT,Z:-------------,punct,,,,,-0.0632949770820746,O
kdy,ADV,Db-------------,advmod,,,,,-0.0671669334808306,O
uvedl,VERB,VpYS----R-AAP--,acl:relcl,,Masc,Sing,,-0.0810188299641987,O
na,ADP,RR--6----------,case,Loc,,,,0.1718282450223205,O
rádiu,NOUN,NNNS6-----A----,obl,Loc,Neut,Sing,,-0.0161987798952268,O
105,NUM,C=-------------,nummod,,,,,-0.0551173278665057,B-ms
.,PUNCT,Z:-------------,punct,,,,,0.2315839802583959,I-ms
3,NUM,C=-------------,root,,,,,0.0224080924071375,I-ms
FM,NOUN,BNXXX-----A----,dep,,,,,0.0881671907571157,I-ms
v,ADP,RR--6----------,case,Loc,,,,0.1253403600764061,O
Dallasu,PROPN,NNIS6-----A---1,nmod,Loc,Masc,Sing,Inan,0.2269567910361222,B-gu
",",PUNCT,Z:-------------,punct,,,,,0.0545337875126119,O
že,SCONJ,"J,-------------",mark,,,,,0.0799190083073999,O
se,PRON,P7-X4----------,expl:pass,Acc,,,,0.0073924323609139,O
Vždy,ADV,Db-------------,advmod,,,,,0.1328760911255552,O
prodávalo,VERB,VpNS----R-AAI--,dep,,Neut,Sing,,0.083915537077869,O
víc,ADV,Dg-------2A---1,nsubj:pass,,,,,-0.0064237487482021,O
věcí,NOUN,NNFP2-----A----,nmod,Gen,Fem,Plur,,-0.206328378754945,O
s,ADP,RR--7----------,case,Ins,,,,0.0673255490268752,O
Cowboys‘,X,F%-------------,nmod,,,,,0.2237339117407236,B-op
čepice,NOUN,NNFP1-----A----,nmod,Nom,Fem,Plur,,0.2206257293235737,O
",",PUNCT,Z:-------------,punct,,,,,0.1840003445530379,O
kšiltovky,NOUN,NNFP1-----A----,conj,Nom,Fem,Plur,,0.128375843074997,O
",",PUNCT,Z:-------------,punct,,,,,0.1472799638551567,O
trička,NOUN,NNNP1-----A----,conj,Nom,Neut,Plur,,-0.0362185636005598,O
.,PUNCT,Z:-------------,punct,,,,,0.0396082007372091,O
Zákon,NOUN,NNIS1-----A----,nsubj,Nom,Masc,Sing,Inan,-0.1500617983534549,O
o,ADP,RR--6----------,case,Loc,,,,-0.2360856958002002,O
rovnosti,NOUN,NNFS6-----A----,nmod,Loc,Fem,Sing,,0.0950235325094918,O
by,AUX,Vc----------I--,aux,,,,,-0.0345988864804364,O
rozšířil,VERB,VpYS----R-AAP--,root,,Masc,Sing,,0.1146700997906899,O
ochranu,NOUN,NNFS4-----A----,obj,Acc,Fem,Sing,,0.025765883045816,O
proti,ADP,RR--3----------,case,Dat,,,,0.1429974935103666,O
diskriminaci,NOUN,NNFS3-----A----,nmod,Dat,Fem,Sing,,-0.1293364081450632,O
pro,ADP,RR--4----------,case,Acc,,,,0.2572837365050994,O
osoby,NOUN,NNFP4-----A----,nmod,Acc,Fem,Plur,,-0.0092459616720679,O
s,ADP,RR--7----------,case,Ins,,,,-0.0559007527937285,O
menšinovým,ADJ,AANS7----1A----,amod,Ins,Neut,Sing,,0.0353996434260184,O
sexuálním,ADJ,AANS7----1A----,amod,Ins,Neut,Sing,,0.3474713211574269,O
zaměřením,NOUN,NNNS7-----A----,nmod,Ins,Neut,Sing,,0.3578054885704222,O
v,ADP,RR--6----------,case,Loc,,,,-0.000112350321236,O
oblasti,NOUN,NNFS6-----A----,fixed,Loc,Fem,Sing,,0.0808892927790013,O
úvěrů,NOUN,NNIP2-----A----,obl,Gen,Masc,Plur,Inan,0.0296695638887379,O
",",PUNCT,Z:-------------,punct,,,,,0.0757293660137662,O
vzdělávání,NOUN,NNNS2-----A----,conj,Gen,Neut,Sing,,0.0303571780388749,O
",",PUNCT,Z:-------------,punct,,,,,0.1413519173334725,O
zaměstnání,NOUN,NNNS2-----A----,conj,Gen,Neut,Sing,,0.0906455680078611,O
",",PUNCT,Z:-------------,punct,,,,,-0.0250895195603658,O
bydlení,NOUN,NNNS2-----A----,conj,Gen,Neut,Sing,,-0.0649606428555584,O
",",PUNCT,Z:-------------,punct,,,,,0.0311881680821172,O
federální,ADJ,AAFS2----1A----,amod,Gen,Fem,Sing,,0.0024754432039181,O
finanční,ADJ,AAFS2----1A----,amod,Gen,Fem,Sing,,-0.0050403184697307,O
pomoci,NOUN,NNFS2-----A----,conj,Gen,Fem,Sing,,0.0309503125181908,O
",",PUNCT,Z:-------------,punct,,,,,-0.0010992959677894,O
soudnictví,NOUN,NNNS2-----A----,conj,Gen,Neut,Sing,,0.1371920665832832,O
a,CCONJ,J^-------------,cc,,,,,0.0908563646421222,O
veřejného,ADJ,AANS2----1A----,amod,Gen,Neut,Sing,,0.4440057377690307,O
ubytování,NOUN,NNNS2-----A----,conj,Gen,Neut,Sing,,-0.0180596585699716,O
.,PUNCT,Z:-------------,punct,,,,,0.2569520105795685,O
Karl,PROPN,NNMS1-----A----,nsubj,Nom,Masc,Sing,Anim,-0.0375847418366785,B-ps
v,ADP,RR--6----------,case,Loc,,,,-0.0748436440842036,O
něm,PRON,PEZS6--3-------,obl,Loc,"Masc,Neut",Sing,,0.0108654121726822,O
argumentuje,VERB,VB-S---3P-AAI--,root,,,Sing,,0.0014962471830758,O
",",PUNCT,Z:-------------,punct,,,,,0.0433779637573514,O
že,SCONJ,"J,-------------",mark,,,,,-0.0328977921682353,O
popírání,NOUN,NNNS1-----A----,nsubj,Nom,Neut,Sing,,0.0119643342721929,O
reality,NOUN,NNFS2-----A----,nmod,Gen,Fem,Sing,,0.0101999397838708,O
a,CCONJ,J^-------------,cc,,,,,-0.0110200416092453,O
zneužívání,NOUN,NNNS1-----A----,conj,Nom,Neut,Sing,,0.0457185880566009,O
pódia,NOUN,NNNS2-----A----,nmod,Gen,Neut,Sing,,0.0148310246958306,O
Bílého,ADJ,AAIS2----1A----,amod,Gen,Masc,Sing,Inan,0.0038990299147519,B-ic
domu,NOUN,NNIS2-----A----,nmod,Gen,Masc,Sing,Inan,0.0106369945620724,I-ic
pro,ADP,RR--4----------,case,Acc,,,,0.0363041504830783,O
čistě,ADV,Dg-------1A----,advmod,,,,,0.0533935451127863,O
politické,ADJ,AAIP4----1A----,amod,Acc,Masc,Plur,Inan,0.0061872882176099,O
účely,NOUN,NNIP4-----A----,nmod,Acc,Masc,Plur,Inan,0.0025578355059552,O
je,AUX,VB-S---3P-AAI--,cop,,,Sing,,0.0274037385770485,O
porušením,NOUN,NNNS7-----A----,ccomp,Ins,Neut,Sing,,0.0248913340219159,O
důvěry,NOUN,NNFS2-----A----,nmod,Gen,Fem,Sing,,0.0255689841947151,O
veřejnosti“,NOUN,NNFS2-----A----,nmod,Gen,Fem,Sing,,0.0134674068988084,O
.,PUNCT,Z:-------------,punct,,,,,0.9412375235296844,O
Součástí,NOUN,NNFS7-----A----,root,Ins,Fem,Sing,,-0.0505809176918872,O
balení,NOUN,NNNS2-----A----,nmod,Gen,Neut,Sing,,0.0430589826634165,O
je,AUX,VB-S---3P-AAI--,cop,,,Sing,,0.0107868453307869,O
odměrka,NOUN,NNFS1-----A----,nsubj,Nom,Fem,Sing,,0.2713320611778009,O
.,PUNCT,Z:-------------,punct,,,,,0.4238821003470074,O
V,ADP,RR--6----------,case,Loc,,,,0.0958258225318764,O
rámci,NOUN,NNIS6-----A----,fixed,Loc,Masc,Sing,Inan,-0.0930906149948731,O
napětí,NOUN,NNNS2-----A----,obl,Gen,Neut,Sing,,0.0471939167925329,O
a,CCONJ,J^-------------,cc,,,,,0.0706146747517809,O
přítomnosti,NOUN,NNFS2-----A----,conj,Gen,Fem,Sing,,0.0491999851622683,O
zahraničních,ADJ,AAFP2----1A----,amod,Gen,Fem,Plur,,-0.1658221064218972,O
sil,NOUN,NNFP2-----A----,nmod,Gen,Fem,Plur,,-0.014568014798702,O
naléhá,VERB,VB-S---3P-AAI--,root,,,Sing,,0.1084712077335355,O
Francie,PROPN,NNFS1-----A----,nsubj,Nom,Fem,Sing,,0.0119082722378708,B-gc
na,ADP,RR--4----------,case,Acc,,,,-0.1719549480722551,O
Evropskou,ADJ,AAFS4----1A----,amod,Acc,Fem,Sing,,-0.0425603837389907,B-io
unii,NOUN,NNFS4-----A----,obl:arg,Acc,Fem,Sing,,-0.279492098167418,I-io
",",PUNCT,Z:-------------,punct,,,,,0.1059654931548814,O
aby,AUX,Vc-------------,aux,,,,,-0.0073717438026704,O
v,ADP,RR--4----------,case,Acc,,,,0.0959958634206485,O
pondělí,NOUN,NNNS4-----A----,obl,Acc,Neut,Sing,,0.1914328238668842,O
odsouhlasila,VERB,VpQW----R-AAP--,ccomp,,"Fem,Neut","Plur,Sing",,0.0822339344431763,O
uvalení,NOUN,NNNS4-----A----,obj,Acc,Neut,Sing,,-0.0859966540949613,O
sankcí,NOUN,NNFP2-----A----,nmod,Gen,Fem,Plur,,0.1395629670436368,O
na,ADP,RR--4----------,case,Acc,,,,-0.0297561494570458,O
soukromého,ADJ,AAMS4----1A----,amod,Acc,Masc,Sing,Anim,0.1838759032270654,O
ruského,ADJ,AAMS4----1A----,amod,Acc,Masc,Sing,Anim,0.1892302232630788,O
dodavatele,NOUN,NNMS4-----A----,nmod,Acc,Masc,Sing,Anim,0.071684954617051,O
Wagner,X,F%-------------,nmod,,,,,0.0145484417400388,B-if
Group,X,F%-------------,flat:foreign,,,,,-0.0226312768296421,I-if
",",PUNCT,Z:-------------,punct,,,,,0.3252035622590431,O
který,DET,P4YS1----------,nsubj,Nom,Masc,Sing,,0.0647689241410657,O
údajně,ADV,Dg-------1A----,advmod,,,,,0.1525086585659046,O
působí,VERB,VB-S---3P-AAI--,acl:relcl,,,Sing,,-0.0699286041156872,O
v,ADP,RR--6----------,case,Loc,,,,0.0822007929222216,O
oblasti,NOUN,NNFS6-----A----,obl,Loc,Fem,Sing,,0.0651508112377742,O
Libye,PROPN,NNFS2-----A----,nmod,Gen,Fem,Sing,,0.0037531035981852,B-gc
a,CCONJ,J^-------------,cc,,,,,-0.0260482660447252,O
Sahelu,PROPN,NNIS2-----A----,conj,Gen,Masc,Sing,Inan,-0.0360636408278236,B-gu
.,PUNCT,Z:-------------,punct,,,,,0.1399624010003241,O
Matematika,NOUN,NNFS1-----A----,nsubj,Nom,Fem,Sing,,-0.1892151755181071,O
",",PUNCT,Z:-------------,punct,,,,,0.3521409715460628,O
kterou,DET,P4FS4----------,obj,Acc,Fem,Sing,,-0.3053750434950709,O
dělají,VERB,VB-P---3P-AAI--,acl:relcl,,,Plur,,-0.0206226357567723,O
",",PUNCT,Z:-------------,punct,,,,,0.3202403843325096,O
je,AUX,VB-S---3P-AAI--,cop,,,Sing,,-0.2289260261071142,O
prostě,ADV,Dg-------1A----,advmod,,,,,-0.2457922599366421,O
bláznivá,ADJ,AAFS1----1A----,root,Nom,Fem,Sing,,0.2712382303762904,O
.,PUNCT,Z:-------------,punct,,,,,0.0046995198765194,O
Kniha,NOUN,NNFS1-----A----,nsubj,Nom,Fem,Sing,,-0.0491619876454112,O
byla,AUX,VpQW----R-AAI--,cop,,"Fem,Neut","Plur,Sing",,-0.2063443845610442,O
napsaná,ADJ,AAFS1----1A----,root,Nom,Fem,Sing,,0.0498902608878561,O
společně,ADV,Dg-------1A----,case,,,,,-0.0299524572219352,O
s,ADP,RR--7----------,fixed,Ins,,,,-0.0253278093061339,O
T,NOUN,Q3-------------,nmod,,,,,-0.0379245000987997,B-P|B-pf
.,PUNCT,Z:-------------,punct,,,,,0.0861369930513078,I-P|I-pf
Shawn,PROPN,NNFXX-----A----,obl,,Fem,,,0.163291782174583,I-P|B-pf
Taylorovou,PROPN,NNFS7-----A----,flat,Ins,Fem,Sing,,0.0624761669369655,I-P|B-ps
",",PUNCT,Z:-------------,punct,,,,,0.089600323633553,O
novinářkou,NOUN,NNFS7-----A----,appos,Ins,Fem,Sing,,0.088117626573205,O
",",PUNCT,Z:-------------,punct,,,,,0.4738296015798092,O
spisovatelkou,NOUN,NNFS7-----A----,conj,Ins,Fem,Sing,,0.0267051730955202,O
a,CCONJ,J^-------------,cc,,,,,0.0323393620956632,O
zakladatelkou,NOUN,NNFS7-----A----,conj,Ins,Fem,Sing,,0.0496043855861979,O
Tree,X,F%-------------,nmod,,,,,0.1268498777955399,B-if
Top,X,F%-------------,flat:foreign,,,,,0.0014907487600005,I-if
Consulting,X,F%-------------,flat:foreign,,,,,-0.0088732254624086,I-if
",",PUNCT,Z:-------------,punct,,,,,0.1820863957951849,O
mediální,ADJ,AAFS2----1A----,amod,Gen,Fem,Sing,,0.1367148921971782,O
firmy,NOUN,NNFS2-----A----,appos,Gen,Fem,Sing,,-0.081505572287631,O
",",PUNCT,Z:-------------,punct,,,,,0.1253768647374067,O
která,DET,P4FS1----------,nsubj,Nom,Fem,Sing,,0.5311569521117463,O
poskytuje,VERB,VB-S---3P-AAI--,acl:relcl,,,Sing,,-0.0809761028252652,O
kompletní,ADJ,AAFP4----1A----,amod,Acc,Fem,Plur,,0.0633096474046998,O
poradenské,ADJ,AAFP4----1A----,amod,Acc,Fem,Plur,,0.1761305461083817,O
služby,NOUN,NNFP4-----A----,obj,Acc,Fem,Plur,,-0.0609522973086493,O
.,PUNCT,Z:-------------,punct,,,,,0.2706041304937668,O
Williamsová,PROPN,NNFS1-----A----,nsubj,Nom,Fem,Sing,,0.1084673462855411,B-ps
řekla,VERB,VpQW----R-AAP--,root,,"Fem,Neut","Plur,Sing",,0.0819590205077871,O
",",PUNCT,Z:-------------,punct,,,,,0.037942863324497,O
že,SCONJ,"J,-------------",mark,,,,,-0.0676020267973956,O
nevěděla,VERB,VpQW----R-NAI--,ccomp,,"Fem,Neut","Plur,Sing",,0.0728727647118959,O
",",PUNCT,Z:-------------,punct,,,,,0.1547232388906623,O
jakou,DET,P4FS4----------,det,Acc,Fem,Sing,,0.5797981922136513,O
by,AUX,Vc----------I--,aux,,,,,-0.2955696021686183,O
to,DET,PDNS1----------,nsubj,Nom,Neut,Sing,,0.098725496626579,O
mohlo,VERB,VpNS----R-AAI--,ccomp,,Neut,Sing,,-0.2540628452224724,O
způsobit,VERB,Vf--------A-P--,xcomp,,,,,0.1214192617636269,O
škodu,NOUN,NNFS4-----A----,obj,Acc,Fem,Sing,,0.2130921560335035,O
.,PUNCT,Z:-------------,punct,,,,,0.2684446742873646,O
V,ADP,RR--6----------,case,Loc,,,,0.1013031789844669,O
Afghánistánu,PROPN,NNIS6-----A----,obl,Loc,Masc,Sing,Inan,0.10623652497416,B-gc
probíhají,VERB,VB-P---3P-AAI--,root,,,Plur,,-0.0360851004052525,O
masivní,ADJ,AANP1----1A----,amod,Nom,Neut,Plur,,-0.0803471158396791,O
bezpečnostní,ADJ,AANP1----1A----,amod,Nom,Neut,Plur,,0.1791528024696859,O
opatření,NOUN,NNNP1-----A----,nsubj,Nom,Neut,Plur,,-0.0487345100212741,O
pro,ADP,RR--4----------,case,Acc,,,,0.1454003052521198,O
zajištění,NOUN,NNNS4-----A----,nmod,Acc,Neut,Sing,,-0.1083273127048636,O
bezpečnosti,NOUN,NNFS2-----A----,nmod,Gen,Fem,Sing,,0.0399352861011917,O
při,ADP,RR--6----------,case,Loc,,,,0.6436990462345002,O
sobotních,ADJ,AAFP6----1A----,amod,Loc,Fem,Plur,,0.1397872296947359,O
prezidentských,ADJ,AAFP6----1A----,amod,Loc,Fem,Plur,,0.0977284724169659,O
volbách,NOUN,NNFP6-----A----,nmod,Loc,Fem,Plur,,-0.0156347414533695,O
.,PUNCT,Z:-------------,punct,,,,,-0.2155313209524409,O
Q,NOUN,Q3-------------,nmod,,,,,0.0369374632151872,O
.,PUNCT,Z:-------------,punct,,,,,0.0147957458547867,O
Nějakou,DET,PZFS4----------,det,Acc,Fem,Sing,,0.4618358931652462,O
dobu,NOUN,NNFS4-----A----,obl,Acc,Fem,Sing,,-0.051926615025558,O
už,ADV,Db-------------,advmod,,,,,-0.0989733634217308,O
čekám,VERB,VB-S---1P-AAI--,root,,,Sing,,0.0602305665229749,O
na,ADP,RR--4----------,case,Acc,,,,-0.0757086884788982,O
svou,DET,P8FS4---------1,det,Acc,Fem,Sing,,-0.0393344873497703,O
objednávku,NOUN,NNFS4-----A----,obl:arg,Acc,Fem,Sing,,-0.1658227270845085,O
a,CCONJ,J^-------------,cc,,,,,0.0035550348116255,O
stále,ADV,Dg-------1A----,advmod,,,,,0.1938595930708158,O
nedorazila,VERB,VpQW----R-NAP--,conj,,"Fem,Neut","Plur,Sing",,0.0017353958919491,O
.,PUNCT,Z:-------------,punct,,,,,-0.4773203310132172,O
Občanská,ADJ,AAFS1----1A----,amod,Nom,Fem,Sing,,0.3883794289140106,B-io
fronta,NOUN,NNFS1-----A----,nsubj,Nom,Fem,Sing,,-0.0217937555185167,I-io
za,ADP,RR--4----------,case,Acc,,,,0.1663441687818603,I-io
lidská,ADJ,AANP4----1A----,amod,Acc,Neut,Plur,,0.0609370917910556,I-io
práva,NOUN,NNNP4-----A----,nmod,Acc,Neut,Plur,,-0.0326395399044902,I-io
plánuje,VERB,VB-S---3P-AAI--,root,,,Sing,,-0.0436402406776022,O
na,ADP,RR--4----------,case,Acc,,,,0.2229341568577633,O
1,NUM,C=-------------,nummod,,,,,-0.0182187062140693,B-T|B-td
.,PUNCT,Z:-------------,punct,,,,,-0.0163407533122204,I-T|I-td
října,NOUN,NNIS2-----A----,obl,Gen,Masc,Sing,Inan,-0.0426635194528111,I-T|B-tm
další,ADJ,AAIS4----1A----,amod,Acc,Masc,Sing,Inan,-0.0376712087362634,O
velký,ADJ,AAIS4----1A----,amod,Acc,Masc,Sing,Inan,-0.111985814951915,O
pochod,NOUN,NNIS4-----A----,obj,Acc,Masc,Sing,Inan,0.1302274072077701,O
",",PUNCT,Z:-------------,punct,,,,,0.1058928675217018,O
který,DET,P4YS1----------,nsubj,Nom,Masc,Sing,,-0.0104938720762187,O
vyvolává,VERB,VB-S---3P-AAI--,acl:relcl,,,Sing,,0.2912535376602276,O
obavy,NOUN,NNFP4-----A----,obj,Acc,Fem,Plur,,0.0209588910433407,O
z,ADP,RR--2----------,case,Gen,,,,0.0711010062710757,O
krvavé,ADJ,AAFS2----1A----,amod,Gen,Fem,Sing,,0.1014727077875439,O
odvety,NOUN,NNFS2-----A----,nmod,Gen,Fem,Sing,,0.1837067510579803,O
",",PUNCT,Z:-------------,punct,,,,,0.0612458013869632,O
což,PRON,PQ--1----------,nsubj,Nom,,,,0.0086028639373223,O
by,AUX,Vc----------I--,aux,,,,,0.0059949332887856,O
mohlo,VERB,VpNS----R-AAI--,conj,,Neut,Sing,,0.0115805280385918,O
zostudit,VERB,Vf--------A-P--,xcomp,,,,,0.2261734309816599,O
vládnoucí,ADJ,AGFS4-----A----,amod,Acc,Fem,Sing,,0.0024406984504625,O
čínskou,ADJ,AAFS4----1A----,amod,Acc,Fem,Sing,,-0.0006042159082949,O
komunistickou,ADJ,AAFS4----1A----,amod,Acc,Fem,Sing,,-0.0074274188113805,O
stranu,NOUN,NNFS4-----A----,obj,Acc,Fem,Sing,,-0.0004352817052528,O
",",PUNCT,Z:-------------,punct,,,,,-0.0057793010479121,O
která,DET,P4FS1----------,nsubj,Nom,Fem,Sing,,-0.0315738126592565,O
si,PRON,P7--3----------,obl,Dat,,,,-0.0449584227637608,O
připomíná,VERB,VB-S---3P-AAI--,acl:relcl,,,Sing,,0.1459180682776338,O
70,NUM,C=-------------,nummod,,,,,-0.038366823826436,B-no
.,PUNCT,Z:-------------,punct,,,,,-0.1269285039746753,I-no
výročí,NOUN,NNNS4-----A----,obj,Acc,Neut,Sing,,-0.0485584235341322,O
převzetí,NOUN,NNNS2-----A----,nmod,Gen,Neut,Sing,,-0.0598858911743911,O
moci,NOUN,NNFS2-----A----,nmod,Gen,Fem,Sing,,0.0133294196122395,O
velkolepými,ADJ,AAFP7----1A----,amod,Ins,Fem,Plur,,0.1060176056586691,O
oslavami,NOUN,NNFP7-----A----,obl,Ins,Fem,Plur,,0.0462568370859655,O
v,ADP,RR--6----------,case,Loc,,,,0.1012090984751506,O
Pekingu,PROPN,NNIS6-----A----,nmod,Loc,Masc,Sing,Inan,0.0148859371123101,B-gu
.,PUNCT,Z:-------------,punct,,,,,0.0146082047745107,O
Hongkongská,ADJ,AAFS1----1A----,amod,Nom,Fem,Sing,,0.076554947702821,O
vláda,NOUN,NNFS1-----A----,nsubj,Nom,Fem,Sing,,-0.0422171733532133,O
omezila,VERB,VpQW----R-AAP--,root,,"Fem,Neut","Plur,Sing",,0.0280006465822277,O
oslavy,NOUN,NNFP4-----A----,obj,Acc,Fem,Plur,,0.0300742501214065,O
konané,ADJ,AAFP4----1A----,amod,Acc,Fem,Plur,,0.1530960378190998,O
během,ADP,RR--2----------,case,Gen,,,,-0.0062294597458264,O
státního,ADJ,AAIS2----1A----,amod,Gen,Masc,Sing,Inan,0.1711867442375179,O
svátku,NOUN,NNIS2-----A----,obl,Gen,Masc,Sing,Inan,0.1570332133241799,O
",",PUNCT,Z:-------------,punct,,,,,0.0125680032534339,O
zrušila,VERB,VpQW----R-AAP--,conj,,"Fem,Neut","Plur,Sing",,0.1249885166159911,O
každoročně,ADV,Dg-------1A----,advmod,,,,,0.0240793976765325,O
pořádaný,ADJ,AAIS4----1A----,amod,Acc,Masc,Sing,Inan,0.0603367897505575,O
ohňostroj,NOUN,NNIS4-----A----,obj,Acc,Masc,Sing,Inan,0.0759149589862006,O
a,CCONJ,J^-------------,cc,,,,,0.079042927844652,O
přesunula,VERB,VpQW----R-AAP--,conj,,"Fem,Neut","Plur,Sing",,0.1276257443306651,O
recepci,NOUN,NNFS4-----A----,obj,Acc,Fem,Sing,,0.0076148178338548,O
do,ADP,RR--2----------,case,Gen,,,,0.1377415008122319,O
vnitřních,ADJ,AAFP2----1A----,amod,Gen,Fem,Plur,,0.0447077772175424,O
prostor,NOUN,NNFP2-----A----,obl,Gen,Fem,Plur,,0.0480239377651564,O
.,PUNCT,Z:-------------,punct,,,,,0.0371159650256516,O
Zákonodárci,NOUN,NNMP1-----A----,nsubj,Nom,Masc,Plur,Anim,0.1458683966723858,O
minulý,ADJ,AAIS4----1A----,amod,Acc,Masc,Sing,Inan,0.0321202874275452,O
měsíc,NOUN,NNIS4-----A----,obl,Acc,Masc,Sing,Inan,0.0524026040856077,O
novelizovali,VERB,VpMP----R-AAB--,root,,Masc,Plur,Anim,0.0143214847892769,O
nejstarší,ADJ,AAIS4----3A----,amod,Acc,Masc,Sing,Inan,-0.0067353147566321,O
zákon,NOUN,NNIS4-----A----,obj,Acc,Masc,Sing,Inan,-0.0110664713683262,O
",",PUNCT,Z:-------------,punct,,,,,0.0460271325998334,O
kterým,DET,P4ZS7----------,obl,Ins,"Masc,Neut",Sing,,0.0110537834116716,O
se,PRON,P7-X4----------,expl:pass,Acc,,,,0.0393980676449388,O
řídí,VERB,VB-S---3P-AAI--,acl:relcl,,,Sing,,0.0232165435418575,O
použití,NOUN,NNNS1-----A----,nsubj:pass,Nom,Neut,Sing,,-0.0093554771003965,O
smrtící,ADJ,AAFS2----1A----,amod,Gen,Fem,Sing,,0.0310366391702865,O
síly,NOUN,NNFS2-----A----,nmod,Gen,Fem,Sing,,-0.0138159306675357,O
příslušníky,NOUN,NNMP7-----A----,obl:arg,Ins,Masc,Plur,Anim,0.0132775987493799,O
policie,NOUN,NNFS2-----A----,nmod,Gen,Fem,Sing,,-0.0463604060529154,O
a,CCONJ,J^-------------,cc,,,,,0.0159895542639205,O
který,DET,P4YS1----------,nsubj,Nom,Masc,Sing,,0.0305723935999062,O
je,AUX,VB-S---3P-AAI--,cop,,,Sing,,0.0031168870820475,O
nyní,ADV,Db-------------,advmod,,,,,-0.0026816103315892,O
v,ADP,RR--6----------,case,Loc,,,,-0.0145108158621155,O
kombinaci,NOUN,NNFS6-----A----,fixed,Loc,Fem,Sing,,-0.0155252671342183,O
s,ADP,RR--7----------,fixed,Ins,,,,0.0072903947370811,O
další,ADJ,AAFS7----1A----,amod,Ins,Fem,Sing,,0.0099466292717242,O
průpravou,NOUN,NNFS7-----A----,obl,Ins,Fem,Sing,,0.0404576488816477,O
nejobsáhlejší,ADJ,AAIS1----3A----,conj,Nom,Masc,Sing,Inan,0.0109156842069126,O
v,ADP,RR--6----------,case,Loc,,,,-0.0029360963702316,O
zemi,NOUN,NNFS6-----A----,obl,Loc,Fem,Sing,,0.0194230490594581,O
.,PUNCT,Z:-------------,punct,,,,,0.2047232713099241,O
Kanye,PROPN,NNMS1-----A----,nsubj,Nom,Masc,Sing,Anim,0.4524550910730534,B-P|B-pf
West,PROPN,NNMS1-----A----,flat,Nom,Masc,Sing,Anim,-0.0992455100075236,I-P|B-ps
se,PRON,P7-X4----------,expl:pv,Acc,,,,-0.1514839240231524,O
omluvil,VERB,VpYS----R-AAP--,root,,Masc,Sing,,-0.0548454917748828,O
své,DET,P8FS3---------1,det,Dat,Fem,Sing,,0.0274634836674596,O
manželce,NOUN,NNFS3-----A----,obl:arg,Dat,Fem,Sing,,0.1412635006048345,O
Kim,PROPN,NNFXX-----A----,flat,,Fem,,,0.0129467984135839,B-P|B-pf
Kardashianové,PROPN,NNFS3-----A----,flat,Dat,Fem,Sing,,0.1871442453590278,I-P|B-ps
za,ADP,RR--4----------,case,Acc,,,,0.1487230539559513,O
zveřejnění,NOUN,NNNS4-----A----,obl:arg,Acc,Neut,Sing,,-0.1295226570245661,O
soukromých,ADJ,AAFP2----1A----,amod,Gen,Fem,Plur,,0.0560004371708765,O
záležitostí“,NOUN,NNFP2-----A----,nmod,Gen,Fem,Plur,,-0.1297880080967057,O
.,PUNCT,Z:-------------,punct,,,,,0.5084609928151911,O
Rapper,PROPN,NNMS1-----A----,nsubj,Nom,Masc,Sing,Anim,0.1771870639592488,B-ps
oznámil,VERB,VpYS----R-AAP--,root,,Masc,Sing,,-0.0937409996897831,O
svou,DET,P8FS4---------1,det,Acc,Fem,Sing,,0.0555606979134052,O
kandidaturu,NOUN,NNFS4-----A----,obj,Acc,Fem,Sing,,0.1365257961936953,O
4,NUM,C=-------------,nummod,,,,,-0.1656781249989991,B-T|B-td
.,PUNCT,Z:-------------,punct,,,,,0.3613635813560409,I-T|I-td
července,NOUN,NNIS2-----A----,obl,Gen,Masc,Sing,Inan,-0.1033616504156645,I-T|B-tm
",",PUNCT,Z:-------------,punct,,,,,0.4062812910106056,O
což,PRON,PQ--1----------,nsubj,Nom,,,,0.1687166077789718,O
už,ADV,Db-------------,advmod,,,,,-0.0515155957279936,O
ale,CCONJ,J^-------------,cc,,,,,0.0861863323518544,O
bylo,AUX,VpNS----R-AAI--,conj,,Neut,Sing,,0.1586421723881362,O
v,ADP,RR--6----------,case,Loc,,,,0.0089454978013586,O
minimálně,ADV,Dg-------1A----,advmod:emph,,,,,-0.3607103554083671,O
šesti,NUM,Cl-P6----------,nummod,Loc,,Plur,,-0.0409618645698727,O
státech,NOUN,NNIP6-----A----,obl,Loc,Masc,Plur,Inan,0.019872834616766,O
po,ADP,RR--6----------,case,Loc,,,,0.1097944434703146,O
termínu,NOUN,NNIS6-----A----,obl,Loc,Masc,Sing,Inan,0.1758953086654519,O
přihlášky,NOUN,NNFS2-----A----,nmod,Gen,Fem,Sing,,0.0735277351095383,O
kandidatury,NOUN,NNFS2-----A----,nmod,Gen,Fem,Sing,,0.0843029129670504,O
.,PUNCT,Z:-------------,punct,,,,,0.3281538579886497,O
Vyjádřila,VERB,VpQW----R-AAP--,root,,"Fem,Neut","Plur,Sing",,0.1378872481761473,O
podporu,NOUN,NNFS4-----A----,obj,Acc,Fem,Sing,,0.0112283051978668,O
Německa,PROPN,NNNS2-----A----,nmod,Gen,Neut,Sing,,-0.0296632762093934,B-gc
Polsku,PROPN,NNNS3-----A----,obl:arg,Dat,Neut,Sing,,0.0870757064095728,B-gc
",",PUNCT,Z:-------------,punct,,,,,-0.0051302070461391,O
které,DET,P4NS1----------,nsubj,Nom,Neut,Sing,,-0.0674297169558262,O
uzavřelo,VERB,VpNS----R-AAP--,acl:relcl,,Neut,Sing,,0.1017206247016203,O
svou,DET,P8FS4---------1,det,Acc,Fem,Sing,,-0.0111767921368323,O
východní,ADJ,AAFS4----1A----,amod,Acc,Fem,Sing,,0.0325361135793175,O
hranici,NOUN,NNFS4-----A----,obj,Acc,Fem,Sing,,0.1087063630743465,O
migrantům,NOUN,NNMP3-----A----,obl:arg,Dat,Masc,Plur,Anim,-0.0028688775163818,O
",",PUNCT,Z:-------------,punct,,,,,0.2521896256345292,O
jež,PRON,P4XP4----------,obj,Acc,,Plur,,0.0263654494464898,O
běloruská,ADJ,AAFS1----1A----,amod,Nom,Fem,Sing,,0.0851196657000232,O
vláda,NOUN,NNFS1-----A----,nsubj,Nom,Fem,Sing,,0.0178248833409493,O
zjevně,ADV,Dg-------1A----,advmod,,,,,-0.0010559570350155,O
vybízí,VERB,VB-S---3P-AAI--,acl:relcl,,,Sing,,0.1009186180610291,O
k,ADP,RR--3----------,case,Dat,,,,0.1127363601976826,O
nelegálnímu,ADJ,AAIS3----1N----,amod,Dat,Masc,Sing,Inan,0.1222093565555257,O
přechodu,NOUN,NNIS3-----A----,obl:arg,Dat,Masc,Sing,Inan,0.0165762666560973,O
.,PUNCT,Z:-------------,punct,,,,,-0.6207263707038447,O
Nicméně,CCONJ,J^-------------,cc,,,,,-0.1689271039789149,O
kvůli,ADP,RR--3----------,case,Dat,,,,0.2547515382255441,O
pandemii,NOUN,NNFS3-----A----,obl,Dat,Fem,Sing,,0.0845151362906629,O
nehodlají,VERB,VB-P---3P-NAI--,root,,,Plur,,0.0095637654976841,O
kluby,NOUN,NNIP1-----A----,nsubj,Nom,Masc,Plur,Inan,0.1240546449552333,O
v,ADP,RR--6----------,case,Loc,,,,0.1515108116566176,O
létě,NOUN,NNNS6-----A----,obl,Loc,Neut,Sing,,-0.1566449750512041,O
příliš,ADV,Db-------------,advmod,,,,,-0.0415754692854083,O
utrácet,VERB,Vf--------A-I--,xcomp,,,,,0.0827507689236002,O
za,ADP,RR--4----------,case,Acc,,,,0.1799989601313333,O
nové,ADJ,AAMP4----1A----,amod,Acc,Masc,Plur,Anim,-0.0373694715062699,O
hráče,NOUN,NNMP4-----A----,obl:arg,Acc,Masc,Plur,Anim,0.1207541874804901,O
a,CCONJ,J^-------------,cc,,,,,0.1139911867584437,O
jednoduše,ADV,Dg-------1A----,advmod,,,,,-0.0088811248724149,O
není,AUX,VB-S---3P-NAI--,conj,,,Sing,,-0.0136784719612344,O
kupec,NOUN,NNMS1-----A----,nsubj,Nom,Masc,Sing,Anim,0.061597400156651,O
",",PUNCT,Z:-------------,punct,,,,,0.2995303191009253,O
který,DET,P4YS1----------,nsubj,Nom,Masc,Sing,,-0.1218148983890413,O
by,AUX,Vc----------I--,aux,,,,,-0.0866314700204603,O
si,PRON,P7--3----------,expl:pv,Dat,,,,-0.0490150961109289,O
mohl,VERB,VpYS----R-AAI--,acl:relcl,,Masc,Sing,,-0.0330638520573286,O
dovolit,VERB,Vf--------A-P--,xcomp,,,,,0.1415359792665838,O
zaplatit,VERB,Vf--------A-P--,xcomp,,,,,0.1831094257140565,O
Pogbův,ADJ,AUIS4M---------,amod,Acc,Masc,Sing,Inan,-0.01659558113396,B-ps
přestup,NOUN,NNIS4-----A----,obj,Acc,Masc,Sing,Inan,0.0135445892611657,O
a,CCONJ,J^-------------,cc,,,,,0.1286112656428927,O
nabídnout,VERB,Vf--------A-P--,conj,,,,,0.3617504079329591,O
mu,PRON,P5ZS3--3-------,obl:arg,Dat,"Masc,Neut",Sing,,0.080614428608772,O
plat,NOUN,NNIS4-----A----,obj,Acc,Masc,Sing,Inan,0.1924084950681395,O
",",PUNCT,Z:-------------,punct,,,,,0.0990030770961046,O
který,DET,P4YS1----------,nsubj,Nom,Masc,Sing,,-0.2260985199656799,O
by,AUX,Vc----------I--,aux,,,,,0.0669721334962933,O
jej,PRON,PEZS4--3------2,obj,Acc,"Masc,Neut",Sing,,0.0035031334960487,O
odlákal,VERB,VpYS----R-AAP--,acl:relcl,,Masc,Sing,,0.1054151782059975,O
z,ADP,RR--2----------,case,Gen,,,,0.3017240405414083,O
Old,X,F%-------------,obl,,,,,0.0930004117789905,B-ic
Trafford,X,F%-------------,flat:foreign,,,,,-0.0541299523803393,I-ic
.,PUNCT,Z:-------------,punct,,,,,0.0696838636433727,O
Podle,ADP,RR--2----------,case,Gen,,,,0.057875962844301,O
zpráv,NOUN,NNFP2-----A----,obl,Gen,Fem,Plur,,0.0954319824232999,O
Outdoor,X,F%-------------,nmod,,,,,-0.0148863058829516,B-if
Media,X,F%-------------,flat:foreign,,,,,-0.0100398803884593,I-if
Association,X,F%-------------,flat:foreign,,,,,-0.0369658730917744,I-if
za,ADP,RR--4----------,case,Acc,,,,-0.1209948894408366,O
rok,NOUN,NNIS4-----A----,nmod,Acc,Masc,Sing,Inan,-0.037908308585244,O
2019,NUM,C=-------------,nummod,,,,,0.0497116647414011,B-ty
tržby,NOUN,NNFP1-----A----,nsubj,Nom,Fem,Plur,,0.0519959418795968,O
ze,ADP,RV--2----------,case,Gen,,,,0.1683455845207424,O
zprostředkování,NOUN,NNNS2-----A----,nmod,Gen,Neut,Sing,,0.0092491817556787,O
reklamy,NOUN,NNFS2-----A----,nmod,Gen,Fem,Sing,,-0.0260823078647946,O
v,ADP,RR--6----------,case,Loc,,,,0.0958286917783222,O
dopravě,NOUN,NNFS6-----A----,nmod,Loc,Fem,Sing,,0.1469011705236028,O
včetně,ADP,RR--2----------,case,Gen,,,,-0.0829502563782299,O
letišť,NOUN,NNNP2-----A----,nmod,Gen,Neut,Plur,,0.0036157118635959,O
činily,VERB,VpTP----R-AAI--,root,,"Fem,Masc",Plur,Inan,0.0533465021187706,O
169,NUM,C=-------------,obj,,,,,0.0317230886150526,B-nc
",",PUNCT,Z:-------------,punct,,,,,0.1527232699372745,I-nc
4,NUM,C=-------------,compound,,,,,-0.0958419657000372,I-nc
milionů,DET,CzIP2----------,det,Gen,Masc,Plur,Inan,-0.0045913849346815,I-nc
dolarů,NOUN,NNIP2-----A----,nmod,Gen,Masc,Plur,Inan,0.0301151519713921,O
",",PUNCT,Z:-------------,punct,,,,,0.0747475938382086,O
zatímco,SCONJ,"J,-------------",mark,,,,,0.1158576170129472,O
tržby,NOUN,NNFP1-----A----,dep,Nom,Fem,Plur,,0.0762244390089946,O
z,ADP,RR--2----------,case,Gen,,,,0.0326726163314815,O
pouličních,ADJ,AAIP2----1A----,amod,Gen,Masc,Plur,Inan,0.1106242151208981,O
poutačů,NOUN,NNIP2-----A----,nmod,Gen,Masc,Plur,Inan,0.6999227363783286,O
a,CCONJ,J^-------------,cc,,,,,-0.2011439196265707,O
vnějších,ADJ,AAFP2----1A----,amod,Gen,Fem,Plur,,0.0129019969626385,O
stěn,NOUN,NNFP2-----A----,conj,Gen,Fem,Plur,,0.0162144251790882,O
autobusů,NOUN,NNIP2-----A----,nmod,Gen,Masc,Plur,Inan,0.0246284893974889,O
či,CCONJ,J^-------------,cc,,,,,-0.0482730027202746,O
tramvají,NOUN,NNFP2-----A----,conj,Gen,Fem,Plur,,-0.0185750151483782,O
266,NUM,C=-------------,dep,,,,,-0.0422294580945847,B-nc
",",PUNCT,Z:-------------,punct,,,,,-0.0111868611648912,I-nc
5,NUM,C=-------------,conj,,,,,0.0336369991544612,I-nc
milionů,DET,CzIP2----------,det,Gen,Masc,Plur,Inan,-0.0213167844724948,I-nc
dolarů,NOUN,NNIP2-----A----,nmod,Gen,Masc,Plur,Inan,0.0630096223474388,O
.,PUNCT,Z:-------------,punct,,,,,-0.0956464159793634,O
Vedle,ADP,RR--2----------,case,Gen,,,,0.2566475020933231,O
Opravit,VERB,Vf--------A-P--,root,,,,,-0.0846850735404679,O
/,PUNCT,Z:-------------,punct,,,,,0.0018231362901975,O
obnovit,VERB,Vf--------A-P--,conj,,,,,0.1093376365720334,O
váš,DET,PSIS4-P2-------,det,Acc,Masc,Sing,Inan,-0.1747100306824958,O
účet,NOUN,NNIS4-----A----,obj,Acc,Masc,Sing,Inan,0.1080406834622809,O
#PRS,NOUN,BNXXX-----A----,root,,,,,0.1218259981573012,O
_,PUNCT,Z:-------------,punct,,,,,0.2768529058963254,O
ORG,NOUN,BNXXX-----A----,conj,,,,,0.0197130833888981,O
#,NUM,C=-------------,nummod,,,,,0.0220862649647228,O
",",PUNCT,Z:-------------,punct,,,,,-0.5305454114237724,O
klepněte,VERB,Vi-P---2--A-P--,conj,,,Plur,,0.3050767699142272,O
na,ADP,RR--4----------,case,Acc,,,,-0.067056373445434,O
Opravit,VERB,Vf--------A-P--,xcomp,,,,,-0.1970735210489438,O
/,PUNCT,Z:-------------,punct,,,,,0.0254084592478996,O
Obnovit,VERB,Vf--------A-P--,conj,,,,,0.1145640932000855,O
.,PUNCT,Z:-------------,punct,,,,,-0.0590248123752639,O
První,ADJ,CrIP4----------,amod,Acc,Masc,Plur,Inan,-0.0316815102281756,O
dva,NUM,CnYP4----------,nummod,Acc,Masc,Plur,,0.1587779099937251,O
týdny,NOUN,NNIP4-----A----,obl,Acc,Masc,Plur,Inan,-0.020909705819338,O
jsem,AUX,VB-S---1P-AAI--,aux,,,Sing,,-0.0148399484609958,O
si,PRON,P7--3----------,expl:pv,Dat,,,,-0.0061055222107223,O
to,DET,PDNS4----------,obj,Acc,Neut,Sing,,0.0057882467124919,O
zcela,ADV,Db-------------,advmod,,,,,0.0334744276549102,O
odmítal,VERB,VpYS----R-AAI--,root,,Masc,Sing,,0.0074059002245004,O
připustit,VERB,Vf--------A-P--,xcomp,,,,,0.0092109731703162,O
.,PUNCT,Z:-------------,punct,,,,,0.0222083705465581,O
Nemohl,VERB,VpYS----R-NAI--,root,,Masc,Sing,,0.9421398905423042,O
jsem,AUX,VB-S---1P-AAI--,aux,,,Sing,,-0.0820905594103477,O
uvěřit,VERB,Vf--------A-P--,xcomp,,,,,-0.0173652088983776,O
",",PUNCT,Z:-------------,punct,,,,,0.0020023199610454,O
že,SCONJ,"J,-------------",mark,,,,,0.0026684100164814,O
máme,VERB,VB-P---1P-AAI--,ccomp,,,Plur,,0.0109803055987857,O
zavřenou,ADJ,AAFS4----1A----,amod,Acc,Fem,Sing,,0.0261485990840507,O
firmu,NOUN,NNFS4-----A----,obj,Acc,Fem,Sing,,0.0255692697987739,O
.,PUNCT,Z:-------------,punct,,,,,0.1496687156318768,O
Hlavní,ADJ,AAMS1----1A----,amod,Nom,Masc,Sing,Anim,0.0911265975523699,O
poradce,NOUN,NNMS1-----A----,nsubj,Nom,Masc,Sing,Anim,0.0496079195452041,O
premiéra,NOUN,NNMS2-----A----,nmod,Gen,Masc,Sing,Anim,0.1459698761789623,O
si,PRON,P7--3----------,obl,Dat,,,,0.2197292484331719,O
tuto,DET,PDFS4----------,det,Acc,Fem,Sing,,0.0930208882477378,O
situaci,NOUN,NNFS4-----A----,obj,Acc,Fem,Sing,,0.0742754434717909,O
vyzkoušel,VERB,VpYS----R-AAP--,root,,Masc,Sing,,0.1833496479838244,O
na,ADP,RR--4----------,case,Acc,,,,-0.0535462266117154,O
vlastní,ADJ,AAFS4----1A----,amod,Acc,Fem,Sing,,-0.2546497077235103,O
kůži,NOUN,NNFS4-----A----,obl,Acc,Fem,Sing,,0.5637658506886734,O
minulý,ADJ,AAIS4----1A----,amod,Acc,Masc,Sing,Inan,-0.026104413277395,O
týden,NOUN,NNIS4-----A----,obl,Acc,Masc,Sing,Inan,-0.1352128120325041,O
během,ADP,RR--2----------,case,Gen,,,,-0.091521214435264,O
prohlídky,NOUN,NNFS2-----A----,obl,Gen,Fem,Sing,,0.0421634854934987,O
základny,NOUN,NNFS2-----A----,nmod,Gen,Fem,Sing,,-0.005989325668861,O
SAS,NOUN,BNXXX-----A----,nmod,,,,,-0.244167128006914,B-io
.,PUNCT,Z:-------------,punct,,,,,0.568157582501603,O
Různé,ADJ,AAFP1----1A----,amod,Nom,Fem,Plur,,0.2049735282953657,O
obrazovky,NOUN,NNFP1-----A----,nsubj,Nom,Fem,Plur,,0.0229042135988235,O
počítačů,NOUN,NNIP2-----A----,nmod,Gen,Masc,Plur,Inan,0.0140879707988222,O
",",PUNCT,Z:-------------,punct,,,,,0.0395088500186349,O
operační,ADJ,AAIP1----1A----,amod,Nom,Masc,Plur,Inan,0.2883132698248369,O
systémy,NOUN,NNIP1-----A----,conj,Nom,Masc,Plur,Inan,-0.0099252384854712,O
a,CCONJ,J^-------------,cc,,,,,0.2373508738669896,O
dokonce,ADV,Db-------------,advmod:emph,,,,,-0.0824759100582099,O
i,CCONJ,J^-------------,advmod:emph,,,,,-0.0928119973037881,O
různé,ADJ,AAIP1----1A----,amod,Nom,Masc,Plur,Inan,0.0061289275323919,O
internetové,ADJ,AAIP1----1A----,amod,Nom,Masc,Plur,Inan,0.1243364066097677,O
prohlížeče,NOUN,NNIP1-----A----,conj,Nom,Masc,Plur,Inan,-0.0410621616142881,O
mají,VERB,VB-P---3P-AAI--,root,,,Plur,,-0.1254783553964883,O
různé,ADJ,AAFP4----1A----,amod,Acc,Fem,Plur,,-0.0458536334871364,O
vlastnosti,NOUN,NNFP4-----A----,obj,Acc,Fem,Plur,,0.0856650757506353,O
barev,NOUN,NNFP2-----A----,nmod,Gen,Fem,Plur,,0.0133343429560075,O
",",PUNCT,Z:-------------,punct,,,,,0.2533273254267619,O
takže,SCONJ,"J,-------------",mark,,,,,1.780826589279727,O
je,AUX,VB-S---3P-AAI--,cop,,,Sing,,-0.0001797569697331,O
téměř,ADV,Db-------------,advmod:emph,,,,,-0.0607065934568978,O
nemožné,ADJ,AANS1----1N----,advcl,Nom,Neut,Sing,,0.2126429931786021,O
",",PUNCT,Z:-------------,punct,,,,,0.2443420115819592,O
aby,AUX,Vc-------------,aux,,,,,0.4787282467938081,O
daná,ADJ,AAFS1----1A----,amod,Nom,Fem,Sing,,0.2223769864581683,O
barva,NOUN,NNFS1-----A----,nsubj,Nom,Fem,Sing,,-0.1682316117953331,O
vypadala,VERB,VpQW----R-AAI--,csubj,,"Fem,Neut","Plur,Sing",,-0.0159348202916434,O
na,ADP,RR--6----------,case,Loc,,,,0.3643639061405798,O
všech,DET,PLXP6----------,det,Loc,,Plur,,-0.0187198333507146,O
obrazovkách,NOUN,NNFP6-----A----,obl,Loc,Fem,Plur,,0.1465326861913172,O
stejně,ADV,Dg-------1A----,advmod,,,,,-0.0851477818226354,O
.,PUNCT,Z:-------------,punct,,,,,0.1635255127451717,O
Podle,ADP,RR--2----------,case,Gen,,,,-0.3663733148416521,O
nejmenovaného,ADJ,AAIS2----1N----,amod,Gen,Masc,Sing,Inan,0.166844620877146,O
zdroje,NOUN,NNIS2-----A----,root,Gen,Masc,Sing,Inan,0.0713484591355789,O
:,PUNCT,Z:-------------,punct,,,,,-0.1757160780208117,O
Tristan,PROPN,NNMS1-----A----,nsubj,Nom,Masc,Sing,Anim,0.1028770069643458,B-p_
je,AUX,VB-S---3P-AAI--,cop,,,Sing,,-0.3080831415406,O
Drakeův,ADJ,AUMS1M---------,amod,Nom,Masc,Sing,Anim,-0.0171940811997052,B-p_
dobrý,ADJ,AAMS1----1A----,amod,Nom,Masc,Sing,Anim,0.1000102803067151,O
kamarád,NOUN,NNMS1-----A----,appos,Nom,Masc,Sing,Anim,-0.1655729812018498,O
a,CCONJ,J^-------------,cc,,,,,-0.2667277226758601,O
používá,VERB,VB-S---3P-AAI--,conj,,,Sing,,-0.1859411565190885,O
ho,PRON,P5ZS4--3-------,obj,Acc,"Masc,Neut",Sing,,-0.0272652128800614,O
jako,SCONJ,"J,-------------",mark,,,,,0.0572810211757534,O
diskuzního,ADJ,AAMS4----1A----,amod,Acc,Masc,Sing,Anim,0.1486435534521131,O
partnera,NOUN,NNMS4-----A----,xcomp,Acc,Masc,Sing,Anim,0.0940453110932678,O
při,ADP,RR--6----------,case,Loc,,,,-0.1575937849150993,O
svém,DET,P8ZS6----------,det,Loc,"Masc,Neut",Sing,,-0.0947010695129695,O
záměru,NOUN,NNIS6-----A----,obl,Loc,Masc,Sing,Inan,0.0727090124089509,O
vrátit,VERB,Vf--------A-P--,acl,,,,,0.1038998480006475,O
se,PRON,P7-X4----------,expl:pv,Acc,,,,-0.003106462088894,O
zpět,ADV,Db-------------,advmod,,,,,0.1305387034335247,O
ke,ADP,RV--3----------,case,Dat,,,,0.1802991482250435,O
Kardashianové,PROPN,NNFS3-----A----,obl,Dat,Fem,Sing,,0.2982638778478052,B-p_
“,PUNCT,Z:-------------,punct,,,,,-0.1908744057368172,O
.,PUNCT,Z:-------------,punct,,,,,-0.2225908505878856,O
Vyčkejte,VERB,Vi-P---2--A-P--,root,,,Plur,,-0.1049071824025986,O
",",PUNCT,Z:-------------,punct,,,,,0.1342732410311531,O
dokud,SCONJ,"J,-------------",mark,,,,,0.3433124942626898,O
se,PRON,P7-X4----------,expl:pv,Acc,,,,-0.1325181615486264,O
na,ADP,RR--6----------,case,Loc,,,,0.0557891409680794,O
obrazovce,NOUN,NNFS6-----A----,obl,Loc,Fem,Sing,,0.2885859998011366,O
nezobrazí,VERB,VB-S---3P-NAP--,advcl,,,Sing,,0.1176260408557743,O
Restartování‘,NOUN,NNNS1-----A----,nsubj,Nom,Neut,Sing,,0.4389008983594843,O
.,PUNCT,Z:-------------,punct,,,,,-0.1024915705891059,O
Ztrátová,ADJ,AAFS1----1A----,amod,Nom,Fem,Sing,,0.101323268158468,O
společnost,NOUN,NNFS1-----A----,root,Nom,Fem,Sing,,-0.0277528577839888,O
SmileDirectClub,PROPN,NNIS1-----A----,nmod,Nom,Masc,Sing,Inan,0.0025449701741774,B-if
SDC,NOUN,BNXXX-----A----,nmod,,,,,-0.21034830304037,I-if
.,PUNCT,Z:-------------,punct,,,,,0.0249907013530565,O
O,NOUN,Q3-------------,nsubj,,,,,-0.0716305939844868,B-if
",",PUNCT,Z:-------------,punct,,,,,0.1116938946690655,O
která,DET,P4FS1----------,nsubj,Nom,Fem,Sing,,-0.005667809052935,O
poskytuje,VERB,VB-S---3P-AAI--,acl:relcl,,,Sing,,-0.0666804273027474,O
medicínské,ADJ,AAFP4----1A----,amod,Acc,Fem,Plur,,-0.1175724335572368,O
služby,NOUN,NNFP4-----A----,obj,Acc,Fem,Plur,,-0.0188778934942771,O
v,ADP,RR--6----------,case,Loc,,,,0.1611542823941789,O
oblasti,NOUN,NNFS6-----A----,fixed,Loc,Fem,Sing,,-0.0898740894816669,O
rovnání,NOUN,NNNS2-----A----,nmod,Gen,Neut,Sing,,0.159847640193756,O
zubů,NOUN,NNIP2-----A----,nmod,Gen,Masc,Plur,Inan,0.0156219276347067,O
",",PUNCT,Z:-------------,punct,,,,,0.1976386312657655,O
se,PRON,P7-X4----------,expl:pv,Acc,,,,0.2907187825063258,O
podle,ADP,RR--2----------,case,Gen,,,,-0.0284543561293121,O
výzkumné,ADJ,AAFS2----1A----,amod,Gen,Fem,Sing,,-0.0147383234081713,O
agentury,NOUN,NNFS2-----A----,obl,Gen,Fem,Sing,,-0.0241330883287603,O
Renaissance,X,F%-------------,nmod,,,,,0.1089710392576832,B-if
Capital,X,F%-------------,flat:foreign,,,,,-0.2293863518122265,I-if
na,ADP,RR--6----------,case,Loc,,,,-0.1068190407465802,O
začátku,NOUN,NNIS6-----A----,obl,Loc,Masc,Sing,Inan,-0.0087762509468291,O
tohoto,DET,PDZS2----------,det,Gen,"Masc,Neut",Sing,,-0.0073512528496713,O
měsíce,NOUN,NNIS2-----A----,nmod,Gen,Masc,Sing,Inan,0.0880482385104147,O
stala,VERB,VpQW----R-AAP--,root,,"Fem,Neut","Plur,Sing",,0.0379079959259,O
během,ADP,RR--2----------,case,Gen,,,,-0.0718118698299293,O
tří,NUM,Cl-P2----------,nummod,Gen,,Plur,,0.0293493889821246,O
let,NOUN,NNNP2-----A----,obl,Gen,Neut,Plur,,0.0868793418561523,O
prvním,ADJ,CrNS7----------,amod,Ins,Neut,Sing,,0.039757151405429,O
IPO,NOUN,BNXXX-----A----,obj,,,,,0.2439425694758302,O
v,ADP,RR--6----------,case,Loc,,,,0.0991826730376817,O
USA,PROPN,BNXXX-----A----,nmod,,,,,0.1016610684384151,B-gc
",",PUNCT,Z:-------------,punct,,,,,0.0762409440458485,O
které,DET,P4NS1----------,nsubj,Nom,Neut,Sing,,-0.091805743062131,O
stanovilo,VERB,VpNS----R-AAP--,acl:relcl,,Neut,Sing,,0.0155935633933803,O
cenu,NOUN,NNFS4-----A----,obj,Acc,Fem,Sing,,0.134375424724156,O
nad,ADP,RR--4----------,case,Acc,,,,-0.0385544222057329,O
své,DET,P8NS4---------1,det,Acc,Neut,Sing,,0.0049880409558942,O
cílové,ADJ,AANS4----1A----,amod,Acc,Neut,Sing,,-0.0140135514082431,O
rozmezí,NOUN,NNNS4-----A----,obl,Acc,Neut,Sing,,-0.1574214981936925,O
a,CCONJ,J^-------------,cc,,,,,0.0217779294190156,O
skončilo,VERB,VpNS----R-AAP--,conj,,Neut,Sing,,-0.0032570103626942,O
hned,ADV,Db-------------,advmod:emph,,,,,0.1802885131249762,O
první,ADJ,CrIS4----------,amod,Acc,Masc,Sing,Inan,0.0226188204900578,O
obchodní,ADJ,AAIS4----1A----,amod,Acc,Masc,Sing,Inan,0.129529931304864,O
den,NOUN,NNIS4-----A----,obl,Acc,Masc,Sing,Inan,0.1294780095592678,O
.,PUNCT,Z:-------------,punct,,,,,-0.0205004998394322,O
Zaměřujeme,VERB,VB-P---1P-AAI--,root,,,Plur,,0.1889715708867791,O
se,PRON,P7-X4----------,expl:pv,Acc,,,,-0.285063289950454,O
výhradně,ADV,Dg-------1A----,advmod,,,,,0.3873076194323694,O
na,ADP,RR--4----------,case,Acc,,,,0.0593682552748404,O
bezpečnost,NOUN,NNFS4-----A----,obl:arg,Acc,Fem,Sing,,0.1552671030268077,O
a,CCONJ,J^-------------,cc,,,,,-0.1996794726746335,O
jsme,AUX,VB-P---1P-AAI--,cop,,,Plur,,-0.0897959241813538,O
v,ADP,RR--6----------,case,Loc,,,,0.2458831354631704,O
tom,DET,PDZS6----------,obl,Loc,"Masc,Neut",Sing,,0.0766048631639764,O
nejlepší,ADJ,AAMP1----3A----,conj,Nom,Masc,Plur,Anim,0.2629392324617148,O
.,PUNCT,Z:-------------,punct,,,,,0.3501632278014268,O
Těžko,ADV,Dg-------1A----,advmod,,,,,-0.013667212888195,O
bych,AUX,Vc----------Ic-,aux,,,Sing,,-0.2153902741100338,O
našel,VERB,VpYS----R-AAP--,ccomp,,Masc,Sing,,0.2736168578213729,O
firmu,NOUN,NNFS4-----A----,obj,Acc,Fem,Sing,,0.0552922487204016,O
",",PUNCT,Z:-------------,punct,,,,,0.1510781687195479,O
která,DET,P4FS1----------,nsubj:pass,Nom,Fem,Sing,,-0.0948274612806868,O
by,AUX,Vc----------I--,aux,,,,,0.0959062817867277,O
nebyla,AUX,VpQW----R-NAI--,aux:pass,,"Fem,Neut","Plur,Sing",,0.0943039346292825,O
ohrožena,ADJ,VsQW----X-APP--,amod,,"Fem,Neut","Plur,Sing",,0.0786410553760499,O
",",PUNCT,Z:-------------,punct,,,,,0.0658168516636253,O
“,PUNCT,Z:-------------,punct,,,,,-0.0851695686695917,O
řekl,VERB,VpYS----R-AAP--,root,,Masc,Sing,,0.1705998033226167,O
Joe,PROPN,NNMS1-----A----,nsubj,Nom,Masc,Sing,Anim,0.0473807375905983,B-P|B-pf
Sullivan,PROPN,NNMS1-----A----,flat,Nom,Masc,Sing,Anim,0.0623538516795387,I-P|B-ps
",",PUNCT,Z:-------------,punct,,,,,-0.0035735858115127,O
šéf,NOUN,NNMS1-----A----,appos,Nom,Masc,Sing,Anim,0.2813699598230807,O
bezpečnosti,NOUN,NNFS2-----A----,nmod,Gen,Fem,Sing,,-0.0501103100857502,O
v,ADP,RR--6----------,case,Loc,,,,0.2903969622122566,O
Cloudflare,PROPN,NNXXX-----A----,nmod,,Neut,,,0.1303291164223008,B-if
",",PUNCT,Z:-------------,punct,,,,,0.0024703728544333,O
jehož,DET,P1XXXZS3-------,det,,,,,0.0403792575914821,O
online,ADJ,AAFS1----1A----,amod,Nom,Fem,Sing,,0.0023665696183281,O
infrastruktura,NOUN,NNFS1-----A----,nsubj,Nom,Fem,Sing,,0.0901174505000845,O
zajišťuje,VERB,VB-S---3P-AAI--,acl:relcl,,,Sing,,-0.1562196028847272,O
ochranu,NOUN,NNFS4-----A----,obj,Acc,Fem,Sing,,0.1514629868859372,O
webových,ADJ,AAFP2----1A----,amod,Gen,Fem,Plur,,0.0847072115131527,O
stránek,NOUN,NNFP2-----A----,nmod,Gen,Fem,Plur,,0.0115874182792799,O
před,ADP,RR--7----------,case,Ins,,,,-0.208612972992664,O
hackery,NOUN,NNMP7-----A----,nmod,Ins,Masc,Plur,Anim,0.011865392328022,O
.,PUNCT,Z:-------------,punct,,,,,-0.2025647582637742,O
Ty,DET,PDIP1----------,nsubj,Nom,Masc,Plur,Inan,0.0036964864176191,O
mohou,VERB,VB-P---3P-AAI-1,root,,,Plur,,-0.0583497000870042,O
být,AUX,Vf--------A-I--,xcomp,,,,,-0.0153961609970054,O
v,ADP,RR--6----------,case,Loc,,,,0.0787723329807049,O
rozmezí,NOUN,NNNS6-----A----,obl,Loc,Neut,Sing,,0.4340268084646406,O
od,ADP,RR--2----------,case,Gen,,,,0.2034304069325452,O
poradenské,ADJ,AAFS2----1A----,amod,Gen,Fem,Sing,,0.4076769706371692,O
pomoci,NOUN,NNFS2-----A----,nmod,Gen,Fem,Sing,,-0.0525345038269842,O
",",PUNCT,Z:-------------,punct,,,,,0.093471523819534,O
zákonného,ADJ,AANS2----1A----,amod,Gen,Neut,Sing,,0.0038732650476728,O
pojištění,NOUN,NNNS2-----A----,conj,Gen,Neut,Sing,,-0.1381225588967302,O
",",PUNCT,Z:-------------,punct,,,,,0.1416341606479907,O
ke,ADP,RV--3----------,case,Dat,,,,-0.1316419084023664,O
slevám,NOUN,NNFP3-----A----,nmod,Dat,Fem,Plur,,0.3285801681307522,O
a,CCONJ,J^-------------,cc,,,,,0.3389906195537062,O
kuponům,NOUN,NNIP3-----A----,conj,Dat,Masc,Plur,Inan,0.3217573717051481,O
.,PUNCT,Z:-------------,punct,,,,,0.0066415851552507,O
Více,ADV,Dg-------2A----,nsubj,,,,,0.0896682081288994,O
než,SCONJ,"J,-------------",mark,,,,,-0.0903877684594405,O
polovina,NOUN,NNFS1-----A----,obl,Nom,Fem,Sing,,0.0930825757879901,O
z,ADP,RR--2----------,case,Gen,,,,0.0169283631067888,O
250,NUM,C=-------------,nummod,,,,,-0.0036641264677654,B-nc
vojáků,NOUN,NNMP2-----A----,nmod,Gen,Masc,Plur,Anim,-0.0602437943236645,O
SAS,NOUN,BNXXX-----A----,nmod,,,,,-0.012384211995403,B-io
byli,AUX,VpMP----R-AAI--,cop,,Masc,Plur,Anim,-0.0157078852268001,O
původně,ADV,Dg-------1A----,advmod,,,,,0.097428459926365,O
výsadkáři,NOUN,NNMP1-----A----,ccomp,Nom,Masc,Plur,Anim,-6.968423568523028,O
a,CCONJ,J^-------------,cc,,,,,-0.1456194842825857,O
ještě,ADV,Db-------------,advmod:emph,,,,,-0.1534625620497079,O
menší,ADJ,AAFS1----2A----,amod,Nom,Fem,Sing,,-0.0844975852689187,O
námořní,ADJ,AAFS1----1A----,amod,Nom,Fem,Sing,,0.1125359352110368,O
jednotka,NOUN,NNFS1-----A----,nsubj,Nom,Fem,Sing,,-0.0030316454494252,O
se,ADP,RV--7----------,case,Ins,,,,0.0460540305350013,O
specializací,NOUN,NNFS7-----A----,nmod,Ins,Fem,Sing,,0.0276291104499465,O
na,ADP,RR--4----------,case,Acc,,,,0.0120973658125107,O
vodní,ADJ,AAFP4----1A----,amod,Acc,Fem,Plur,,0.0156393233476593,O
operace,NOUN,NNFP4-----A----,nmod,Acc,Fem,Plur,,0.077874268632862,O
SBS,NOUN,BNXXX-----A----,nmod,,,,,-0.1394597397621013,B-io
by,AUX,Vc----------I--,aux,,,,,-0.0422434879878944,O
bez,ADP,RR--2----------,case,Gen,,,,0.1201856975532361,O
podpory,NOUN,NNFS2-----A----,obl,Gen,Fem,Sing,,0.0512735709875598,O
námořnictva,NOUN,NNNS2-----A----,nmod,Gen,Neut,Sing,,0.0329065500829191,O
nemohla,VERB,VpQW----R-NAI--,conj,,"Fem,Neut","Plur,Sing",,0.0471623887554232,O
vůbec,PART,TT-------------,advmod:emph,,,,,-0.3409985001802099,O
pokračovat,VERB,Vf--------A-I--,xcomp,,,,,0.0749536936904271,O
",",PUNCT,Z:-------------,punct,,,,,0.228635407836271,O
“,PUNCT,Z:-------------,punct,,,,,-0.0255279881704983,O
tvrdí,VERB,VB-S---3P-AAI--,root,,,Sing,,-0.4513276667822775,O
zdroj,NOUN,NNIS1-----A----,nsubj,Nom,Masc,Sing,Inan,0.0075701240490978,O
ze,ADP,RV--2----------,case,Gen,,,,0.0712775647708073,O
sektoru,NOUN,NNIS2-----A----,nmod,Gen,Masc,Sing,Inan,0.1637590524817824,O
obrany,NOUN,NNFS2-----A----,nmod,Gen,Fem,Sing,,0.0649064548313754,O
.,PUNCT,Z:-------------,punct,,,,,0.4744919157716288,O
Mezitím,ADV,Db-------------,advmod,,,,,0.0874999702611308,O
obchodní,ADJ,AAFS1----1A----,amod,Nom,Fem,Sing,,0.0435076343671866,O
komise,NOUN,NNFS1-----A----,nsubj,Nom,Fem,Sing,,0.0211238014540517,O
britského,ADJ,AAIS2----1A----,amod,Gen,Masc,Sing,Inan,0.0260095307839645,O
parlamentu,NOUN,NNIS2-----A----,nmod,Gen,Masc,Sing,Inan,0.0517201116738058,O
zahájila,VERB,VpQW----R-AAP--,root,,"Fem,Neut","Plur,Sing",,0.185829500728846,O
vyšetřování,NOUN,NNNS4-----A----,obj,Acc,Neut,Sing,,0.2180860967607279,O
příčin,NOUN,NNFP2-----A----,nmod,Gen,Fem,Plur,,-0.1324672155470383,O
krachu,NOUN,NNIS2-----A----,nmod,Gen,Masc,Sing,Inan,0.1591881077086503,O
cestovní,ADJ,AAFS2----1A----,amod,Gen,Fem,Sing,,0.0664764228996152,O
kanceláře,NOUN,NNFS2-----A----,nmod,Gen,Fem,Sing,,0.0301503122580656,O
Thomas,PROPN,NNMS1-----A----,nmod,Nom,Masc,Sing,Anim,0.0778140701738815,B-if
Cook,PROPN,NNMS1-----A----,flat,Nom,Masc,Sing,Anim,0.0308433387144697,I-if
",",PUNCT,Z:-------------,punct,,,,,0.1493493723132637,O
bude,AUX,VB-S---3F-AAI--,aux,,,Sing,,0.2182119710244754,O
se,PRON,P7-X4----------,expl:pv,Acc,,,,-0.205506106093557,O
ptát,VERB,Vf--------A-I--,conj,,,,,0.0389396499169811,O
managementu,NOUN,NNIS2-----A----,obl:arg,Gen,Masc,Sing,Inan,0.1643083285335607,O
společnosti,NOUN,NNFS2-----A----,nmod,Gen,Fem,Sing,,-0.0843670815752762,O
na,ADP,RR--4----------,case,Acc,,,,0.1277833594659683,O
témata,NOUN,NNNP4-----A----,obl:arg,Acc,Neut,Plur,,0.0721254632218872,O
",",PUNCT,Z:-------------,punct,,,,,-0.0205960285581681,O
jako,SCONJ,"J,-------------",mark,,,,,0.2271511883694368,O
jsou,AUX,VB-P---3P-AAI--,acl,,,Plur,,-0.4839737006418428,O
mzdy,NOUN,NNFP1-----A----,nsubj,Nom,Fem,Plur,,-0.0407619836764676,O
výkonných,ADJ,AAMP2----1A----,amod,Gen,Masc,Plur,Anim,0.0044408583508175,O
pracovníků,NOUN,NNMP2-----A----,nmod,Gen,Masc,Plur,Anim,0.0294082761606527,O
a,CCONJ,J^-------------,cc,,,,,-0.0357139800185816,O
účetní,ADJ,AAFP1----1A----,amod,Nom,Fem,Plur,,0.1934058409038976,O
praktiky,NOUN,NNFP1-----A----,conj,Nom,Fem,Plur,,0.1160911718104519,O
.,PUNCT,Z:-------------,punct,,,,,0.3847708516704395,O
Jestliže,SCONJ,"J,-------------",mark,,,,,0.7276234342312088,O
během,ADP,RR--2----------,case,Gen,,,,0.2180845063412554,O
opravy,NOUN,NNFS2-----A----,obl,Gen,Fem,Sing,,-0.061329333930487,O
vašeho,DET,PSZS2-P2-------,det,Gen,"Masc,Neut",Sing,,0.1517190853267012,O
účtu,NOUN,NNIS2-----A----,nmod,Gen,Masc,Sing,Inan,0.1575781332607171,O
nedojde,VERB,VB-S---3P-NAP--,root,,,Sing,,0.0720579818686831,O
k,ADP,RR--3----------,case,Dat,,,,0.3357617976707808,O
vyřešení,NOUN,NNNS3-----A----,obl:arg,Dat,Neut,Sing,,0.3401889685349335,O
tohoto,DET,PDZS2----------,det,Gen,"Masc,Neut",Sing,,0.1442461653696945,O
problému,NOUN,NNIS2-----A----,nmod,Gen,Masc,Sing,Inan,0.1054912745712989,O
:,PUNCT,Z:-------------,punct,,,,,0.0217232391926418,O
V,ADP,RR--6----------,case,Loc,,,,0.0872317593189553,O
dnešním,ADJ,AAIS6----1A----,amod,Loc,Masc,Sing,Inan,0.2217691108552457,O
ranním,ADJ,AAIS6----1A----,amod,Loc,Masc,Sing,Inan,0.0302302821778435,O
tweetu,NOUN,NNIS6-----A----,obl,Loc,Masc,Sing,Inan,-0.0843603712531362,O
potvrdil,VERB,VpYS----R-AAP--,root,,Masc,Sing,,-0.2938583280484306,O
",",PUNCT,Z:-------------,punct,,,,,0.0233317265473945,O
že,SCONJ,"J,-------------",mark,,,,,0.1353988460061522,O
navzdory,ADV,Db-------------,case,,,,,0.077162466951452,O
hrozbě,NOUN,NNFS3-----A----,obl,Dat,Fem,Sing,,0.0382358807628569,O
infekce,NOUN,NNFS2-----A----,nmod,Gen,Fem,Sing,,0.0934810983606395,O
není,AUX,VB-S---3P-NAI--,cop,,,Sing,,0.145411429220096,O
potřeba,NOUN,NNFS1-----A----,ccomp,Nom,Fem,Sing,,-0.3133867470400329,O
se,PRON,P7-X4----------,expl:pv,Acc,,,,-0.0160941974916727,O
strachovat“,VERB,Vf--------A-I--,csubj,,,,,0.006023236431224,O
",",PUNCT,Z:-------------,punct,,,,,0.0796535700131906,O
a,CCONJ,J^-------------,cc,,,,,-0.0659800374327565,O
apeloval,VERB,VpYS----R-AAI--,conj,,Masc,Sing,,0.0320989386196909,O
",",PUNCT,Z:-------------,punct,,,,,-0.0049879329956748,O
aby,AUX,Vc-------------,aux,,,,,0.0932582779014798,O
se,PRON,P7-X4----------,expl:pv,Acc,,,,0.0677659271079419,O
všichni,DET,PLMP1----------,nsubj,Nom,Masc,Plur,Anim,-0.0605399170266511,O
",",PUNCT,Z:-------------,punct,,,,,0.0469522976289405,O
kdo,PRON,PQ--1----------,nsubj,Nom,,,Anim,0.0999657044827536,O
vykazují,VERB,VB-P---3P-AAI--,acl:relcl,,,Plur,,0.11759558971007,O
symptomy,NOUN,NNIP4-----A----,obj,Acc,Masc,Plur,Inan,0.0042425747509808,O
onemocnění,NOUN,NNNS2-----A----,nmod,Gen,Neut,Sing,,-0.22264074047913,O
",",PUNCT,Z:-------------,punct,,,,,0.0588777322188659,O
nechali,VERB,VpMP----R-AAP--,ccomp,,Masc,Plur,Anim,-0.2161963130983285,O
otestovat,VERB,Vf--------A-P--,xcomp,,,,,0.0699951112637329,O
.,PUNCT,Z:-------------,punct,,,,,-0.3497825137778764,O
Všechny,DET,PLIP1----------,det,Nom,Masc,Plur,Inan,0.0431005521753259,O
národy,NOUN,NNIP1-----A----,nsubj,Nom,Masc,Plur,Inan,0.0861990666888106,O
mají,VERB,VB-P---3P-AAI--,ccomp,,,Plur,,-0.1567363381494632,O
povinnost,NOUN,NNFS4-----A----,obj,Acc,Fem,Sing,,0.021872968859115,O
jednat,VERB,Vf--------A-I--,acl,,,,,0.0221292864968155,O
",",PUNCT,Z:-------------,punct,,,,,0.2364224427244595,O
“,PUNCT,Z:-------------,punct,,,,,-0.1682915120342965,O
řekl,VERB,VpYS----R-AAP--,root,,Masc,Sing,,-0.083378334595097,O
Trump,PROPN,NNMS1-----A----,nsubj,Nom,Masc,Sing,Anim,0.1046667365584506,B-ps
ohledně,ADP,RR--2----------,case,Gen,,,,-0.1689235556622223,O
své,DET,P8FS2---------1,det,Gen,Fem,Sing,,-0.0025777966652124,O
výzvy,NOUN,NNFS2-----A----,obl,Gen,Fem,Sing,,0.0783348857996204,O
k,ADP,RR--3----------,case,Dat,,,,0.0602039602619293,O
boji,NOUN,NNIS3-----A----,nmod,Dat,Masc,Sing,Inan,-0.0241153676632193,O
proti,ADP,RR--3----------,case,Dat,,,,0.1053658381179555,O
chování,NOUN,NNNS3-----A----,nmod,Dat,Neut,Sing,,0.014388925194277,O
Íránu,PROPN,NNIS2-----A----,nmod,Gen,Masc,Sing,Inan,0.0493482408268992,B-gc
.,PUNCT,Z:-------------,punct,,,,,0.1880026789184225,O
Žádná,DET,PWFS1----------,det,Nom,Fem,Sing,,0.0099166149708074,O
odpovědná,ADJ,AAFS1----1A----,amod,Nom,Fem,Sing,,0.0060672017825578,O
vláda,NOUN,NNFS1-----A----,nsubj,Nom,Fem,Sing,,-0.0953985257795867,O
by,AUX,Vc----------I--,aux,,,,,-0.1199447995195633,O
neměla,VERB,VpQW----R-NAI--,root,,"Fem,Neut","Plur,Sing",,0.0369653031147261,O
podporovat,VERB,Vf--------A-I--,xcomp,,,,,0.0718171759560717,O
íránskou,ADJ,AAFS4----1A----,amod,Acc,Fem,Sing,,0.1221420083561275,O
krvežíznivost,NOUN,NNFS4-----A----,obj,Acc,Fem,Sing,,0.0666411816227236,O
.,PUNCT,Z:-------------,punct,,,,,0.2125170749590033,O
Dokud,SCONJ,"J,-------------",mark,,,,,0.062291683950777,O
budou,AUX,VB-P---3F-AAI--,aux,,,Plur,,-0.0996858888823516,O
íránské,ADJ,AAIP1----1A----,amod,Nom,Masc,Plur,Inan,0.0453947729252719,O
útoky,NOUN,NNIP1-----A----,nsubj,Nom,Masc,Plur,Inan,-0.0245205127039966,O
pokračovat,VERB,Vf--------A-I--,advcl,,,,,-0.0329951777050476,O
",",PUNCT,Z:-------------,punct,,,,,0.2930666360532395,O
sankce,NOUN,NNFP1-----A----,nsubj:pass,Nom,Fem,Plur,,0.1477853481348408,O
nebudou,AUX,VB-P---3F-NAI--,aux:pass,,,Plur,,-0.2380236554164984,O
zrušeny,ADJ,VsTP----X-APP--,root,,"Fem,Masc",Plur,Inan,0.115004765206146,O
",",PUNCT,Z:-------------,punct,,,,,0.2909543736591752,O
ale,CCONJ,J^-------------,cc,,,,,0.0597829871949392,O
budou,AUX,VB-P---3F-AAI--,aux:pass,,,Plur,,-0.0559104090075902,O
ještě,ADV,Db-------------,advmod,,,,,-0.0942618157057576,O
přísněny,ADJ,VsTP----X-APP--,conj,,"Fem,Masc",Plur,Inan,0.0170506646967525,O
“,PUNCT,Z:-------------,punct,,,,,0.3592293764881537,O
.,PUNCT,Z:-------------,punct,,,,,0.1978411746434719,O
Poté,ADV,Db-------------,advmod,,,,,-0.0139952623861897,O
",",PUNCT,Z:-------------,punct,,,,,0.010619460247702,O
co,SCONJ,"J,-------------",mark,,,,,-0.0854414265541598,O
od,ADP,RR--2----------,case,Gen,,,,-0.3078682595606738,O
ostatních,ADJ,AAIP2----1A----,amod,Gen,Masc,Plur,Inan,0.1677189112366088,O
týmů,NOUN,NNIP2-----A----,obl:arg,Gen,Masc,Plur,Inan,0.05176313973425,O
slyšeli,VERB,VpMP----R-AAI--,advcl,,Masc,Plur,Anim,-0.0457915753383137,O
",",PUNCT,Z:-------------,punct,,,,,0.053461143215875,O
že,SCONJ,"J,-------------",mark,,,,,-0.1244123553259304,O
lavice,NOUN,NNFP1-----A----,nsubj,Nom,Fem,Plur,,0.0653466449742611,O
u,ADP,RR--2----------,case,Gen,,,,-0.1493993313519657,O
postranní,ADJ,AAFS2----1A----,amod,Gen,Fem,Sing,,0.1163852105797639,O
čáry,NOUN,NNFS2-----A----,nmod,Gen,Fem,Sing,,-0.0714692175302126,O
ve,ADP,RV--6----------,case,Loc,,,,-0.1592068319849212,O
FedEx,X,F%-------------,nmod,,,,,0.3106821624994282,B-ia
Field,X,F%-------------,flat:foreign,,,,,0.0029232128083383,I-ia
potřebují,VERB,VB-P---3P-AAI--,ccomp,,,Plur,,0.0704248451969519,O
zásadním,ADJ,AAIS7----1A----,amod,Ins,Masc,Sing,Inan,-0.0382829438977101,O
způsobem,NOUN,NNIS7-----A----,obl,Ins,Masc,Sing,Inan,0.0367135356491011,O
vylepšit,VERB,Vf--------A-P--,xcomp,,,,,0.0860255771523275,O
",",PUNCT,Z:-------------,punct,,,,,0.1341217217808406,O
si,PRON,P7--3----------,obl,Dat,,,,0.1014932151048656,O
Cowboys,X,F%-------------,nsubj,,,,,0.128447897415621,B-ic
na,ADP,RR--4----------,case,Acc,,,,-0.0077215512479773,O
zápas,NOUN,NNIS4-----A----,obl,Acc,Masc,Sing,Inan,0.1968186839100524,O
přinesli,VERB,VpMP----R-AAP--,root,,Masc,Plur,Anim,0.01005487455367,O
své,DET,P8FP4---------1,dep,Acc,Fem,Plur,,-0.076309512395708,O
vlastní,ADJ,AAFP4----1A----,dep,Acc,Fem,Plur,,0.4030048527744559,O
.,PUNCT,Z:-------------,punct,,,,,0.1409956112433354,O
S,ADP,RR--7----------,case,Ins,,,,0.8146964105907669,O
tím,DET,PDZS7----------,root,Ins,"Masc,Neut",Sing,,-0.012970945767082,O
",",PUNCT,Z:-------------,punct,,,,,-0.0287243397664043,O
že,SCONJ,"J,-------------",mark,,,,,-0.0270930624654601,O
je,AUX,VB-S---3P-AAI--,cop,,,Sing,,-0.0308313323038071,O
to,DET,PDNS1----------,nsubj,Nom,Neut,Sing,,0.0533109704577378,O
bizarní,ADJ,AANS1----1A----,acl,Nom,Neut,Sing,,0.3356472338718839,O
>,PUNCT,Z:-------------,punct,,,,,0.0781693510627226,O
.,PUNCT,Z:-------------,punct,,,,,0.1018372673146337,O
<,NUM,Q3-------------,dep,,,,,0.1187580934128482,O
.,PUNCT,Z:-------------,punct,,,,,0.1456749924640084,O
.,PUNCT,Z:-------------,punct,,,,,0.1280523914539349,O
.,PUNCT,Z:-------------,punct,,,,,0.0869118978689065,O
Pokud,SCONJ,"J,-------------",mark,,,,,-0.2357809684829235,O
budete,AUX,VB-P---2F-AAI--,aux,,,Plur,,-0.2547925464822494,O
měnit,VERB,Vf--------A-I--,advcl,,,,,-0.0773213186784627,O
způsob,NOUN,NNIS4-----A----,obj,Acc,Masc,Sing,Inan,-0.3111805887697088,O
zobrazení,NOUN,NNNS2-----A----,nmod,Gen,Neut,Sing,,-0.1937144678666465,O
textu,NOUN,NNIS2-----A----,nmod,Gen,Masc,Sing,Inan,-0.1682474700468255,O
",",PUNCT,Z:-------------,punct,,,,,-0.0439744677364663,O
vaše,DET,PSHS1-P2-------,det,Nom,"Fem,Neut",Sing,,-0.1672789269943742,O
čtečka,NOUN,NNFS1-----A----,nsubj,Nom,Fem,Sing,,0.1605178584270859,O
si,PRON,P7--3----------,obl,Dat,,,,-0.1099864769040676,O
zapamatuje,VERB,VB-S---3P-AAP--,root,,,Sing,,0.0864413703521112,O
zvolený,ADJ,AAIS4----1A----,amod,Acc,Masc,Sing,Inan,0.0634528711780563,O
styl,NOUN,NNIS4-----A----,obj,Acc,Masc,Sing,Inan,0.0296401494676633,O
a,CCONJ,J^-------------,cc,,,,,-0.0491852620139162,O
velikost,NOUN,NNFS4-----A----,conj,Acc,Fem,Sing,,-0.2863771754033019,O
písma,NOUN,NNNS2-----A----,nmod,Gen,Neut,Sing,,-0.0093350511287214,O
a,CCONJ,J^-------------,cc,,,,,-0.1176109485738235,O
použije,VERB,VB-S---3P-AAP--,conj,,,Sing,,-0.2067842560773457,O
ho,PRON,P5ZS4--3-------,obj,Acc,"Masc,Neut",Sing,,-0.0980656628156124,O
v,ADP,RR--6----------,case,Loc,,,,-0.0318862954387387,O
dalších,ADJ,AAFP6----1A----,amod,Loc,Fem,Plur,,-0.1205288225346278,O
knihách,NOUN,NNFP6-----A----,obl,Loc,Fem,Plur,,-0.0989897419530273,O
",",PUNCT,Z:-------------,punct,,,,,0.0281758890873377,O
které,DET,P4FP4----------,obj,Acc,Fem,Plur,,-0.0968741137106548,O
budete,AUX,VB-P---2F-AAI--,aux,,,Plur,,0.0636184671379948,O
číst,VERB,Vf--------A-I--,acl:relcl,,,,,-0.0625875068827471,O
.,PUNCT,Z:-------------,punct,,,,,0.0692335697403424,O
Ropa,NOUN,NNFS1-----A----,nsubj,Nom,Fem,Sing,,-0.1551011690595268,O
oslabila,VERB,VpQW----R-AAP--,root,,"Fem,Neut","Plur,Sing",,0.0060316681961312,O
po,ADP,RR--6----------,case,Loc,,,,-0.137323591543244,O
pátečním,ADJ,AANS6----1A----,amod,Loc,Neut,Sing,,0.0052518142422902,O
prohlášení,NOUN,NNNS6-----A----,obl,Loc,Neut,Sing,,-0.0808609488296728,O
íránského,ADJ,AAMS2----1A----,amod,Gen,Masc,Sing,Anim,0.0331243740322821,O
prezidenta,NOUN,NNMS2-----A----,nmod,Gen,Masc,Sing,Anim,-0.0034619459843657,O
Hassana,PROPN,NNMS2-----A----,flat,Gen,Masc,Sing,Anim,0.0507710141917198,B-P|B-pf
Rúháního,PROPN,NNMS2-----A----,flat,Gen,Masc,Sing,Anim,0.1305120182423733,I-P|B-ps
",",PUNCT,Z:-------------,punct,,,,,0.0743745964142814,O
že,SCONJ,"J,-------------",mark,,,,,0.0387129227772696,O
USA,PROPN,BNXXX-----A----,nsubj,,,,,-0.0618833983752665,B-gc
nabídly,VERB,VpTP----R-AAP-1,acl,,"Fem,Masc",Plur,Inan,0.2434741509865464,O
zrušení,NOUN,NNNS4-----A----,obj,Acc,Neut,Sing,,-0.1519430451167859,O
všech,DET,PLXP2----------,det,Gen,,Plur,,0.0148719249900196,O
sankcí,NOUN,NNFP2-----A----,nmod,Gen,Fem,Plur,,0.0241081191549074,O
vůči,ADP,RR--3----------,case,Dat,,,,-0.0061974039050499,O
Íránu,PROPN,NNIS3-----A----,nmod,Dat,Masc,Sing,Inan,0.1098935348348815,B-gc
výměnou,NOUN,NNFS7-----A----,obl,Ins,Fem,Sing,,0.1153942268840926,O
za,ADP,RR--4----------,case,Acc,,,,0.1513381356481803,O
jednání,NOUN,NNNS4-----A----,nmod,Acc,Neut,Sing,,-0.0127598323001319,O
.,PUNCT,Z:-------------,punct,,,,,-0.0308830430594448,O
Prezident,NOUN,NNMS1-----A----,nsubj,Nom,Masc,Sing,Anim,0.1460786611540603,O
Donald,PROPN,NNMS1-----A----,flat,Nom,Masc,Sing,Anim,0.0766500302695656,B-P|B-pf
Trump,PROPN,NNMS1-----A----,flat,Nom,Masc,Sing,Anim,-0.0014481380037509,I-P|B-ps
a,CCONJ,J^-------------,cc,,,,,-0.1738540764571135,O
americké,ADJ,AANS1----1A----,amod,Nom,Neut,Sing,,0.1739135777050323,O
ministerstvo,NOUN,NNNS1-----A----,conj,Nom,Neut,Sing,,0.0682964387203924,O
zahraničí,NOUN,NNNS2-----A----,nmod,Gen,Neut,Sing,,-0.0298637080623685,O
později,ADV,Dg-------2A----,advmod,,,,,-0.0667619527298001,O
toto,DET,PDNS4----------,det,Acc,Neut,Sing,,0.1338304585311778,O
tvrzení,NOUN,NNNS4-----A----,obj,Acc,Neut,Sing,,0.0742225994360282,O
popřeli,VERB,VpMP----R-AAP--,root,,Masc,Plur,Anim,-0.0143440972136723,O
",",PUNCT,Z:-------------,punct,,,,,0.1466830258730138,O
což,PRON,PQ--1----------,nsubj,Nom,,,,0.1180096577144276,O
způsobilo,VERB,VpNS----R-AAP--,conj,,Neut,Sing,,0.2770810119564953,O
",",PUNCT,Z:-------------,punct,,,,,0.0840307948514757,O
že,SCONJ,"J,-------------",mark,,,,,0.0873588892856561,O
se,PRON,P7-X4----------,expl:pv,Acc,,,,0.119052961604072,O
ceny,NOUN,NNFP1-----A----,nsubj,Nom,Fem,Plur,,0.1297251044079777,O
ropy,NOUN,NNFS2-----A----,nmod,Gen,Fem,Sing,,0.007379236898207,O
opět,ADV,Db-------------,advmod,,,,,-0.2581728957730073,O
odrazily,VERB,VpTP----R-AAP--,ccomp,,"Fem,Masc",Plur,Inan,-0.0295018244599843,O
ode,ADP,RV--2----------,case,Gen,,,,0.087205818105941,O
dna,NOUN,NNNS2-----A----,obl,Gen,Neut,Sing,,0.0157050142807046,O
.,PUNCT,Z:-------------,punct,,,,,0.3288713053753002,O
Může,VERB,VB-S---3P-AAI--,root,,,Sing,,0.1933751400463589,O
zapříčinit,VERB,Vf--------A-P--,xcomp,,,,,0.1443188304032213,O
nízkou,ADJ,AAFS4----1A----,amod,Acc,Fem,Sing,,0.0311267690650194,O
hladinu,NOUN,NNFS4-----A----,obj,Acc,Fem,Sing,,-0.0103747073879396,O
cukru,NOUN,NNIS2-----A----,nmod,Gen,Masc,Sing,Inan,0.0415706219920354,O
v,ADP,RR--6----------,case,Loc,,,,-0.0257709869945478,O
krvi,NOUN,NNFS6-----A----,nmod,Loc,Fem,Sing,,0.0223235125366629,O
–,PUNCT,Z:-------------,punct,,,,,-0.1587381468648545,O
Pro,ADP,RR--4----------,case,Acc,,,,0.0365752057031489,O
mnoho,DET,Ca--4----------,det:numgov,Acc,,,,-0.0885734420139389,O
lidí,NOUN,NNMP2-----A----,obl,Gen,Masc,Plur,Anim,-0.1083503517489574,O
je,AUX,VB-S---3P-AAI--,cop,,,Sing,,0.0878709991962433,O
skořice,NOUN,NNFS1-----A----,nsubj,Nom,Fem,Sing,,-0.0036791921670097,O
prospěšná,ADJ,AAFS1----1A----,root,Nom,Fem,Sing,,0.041457735492347,O
",",PUNCT,Z:-------------,punct,,,,,0.2251242922526916,O
protože,SCONJ,"J,-------------",mark,,,,,0.0470572853693258,O
je,AUX,VB-S---3P-AAI--,cop,,,Sing,,0.0693678900799719,O
dobře,ADV,Dg-------1A----,advmod,,,,,-0.0217169499462982,O
známo,ADJ,ACNS------A----,advcl,,Neut,Sing,,0.0734091050268309,O
",",PUNCT,Z:-------------,punct,,,,,0.3185945414126566,O
že,SCONJ,"J,-------------",mark,,,,,0.0461734344670012,O
má,VERB,VB-S---3P-AAI--,csubj,,,Sing,,0.0539634076742158,O
schopnost,NOUN,NNFS4-----A----,obj,Acc,Fem,Sing,,-0.1323821461317756,O
snižovat,VERB,Vf--------A-I--,acl,,,,,0.013818216319234,O
hladinu,NOUN,NNFS4-----A----,obj,Acc,Fem,Sing,,0.0292802037140279,O
cukru,NOUN,NNIS2-----A----,nmod,Gen,Masc,Sing,Inan,-0.0915764926938043,O
v,ADP,RR--6----------,case,Loc,,,,0.0117195647433425,O
krvi,NOUN,NNFS6-----A----,nmod,Loc,Fem,Sing,,-0.0050689548137765,O
.,PUNCT,Z:-------------,punct,,,,,-0.0511502392593873,O
To,DET,PDNS1----------,nsubj,Nom,Neut,Sing,,0.0323156602782914,O
je,AUX,VB-S---3P-AAI--,cop,,,Sing,,0.2168001732940664,O
prospěšné,ADJ,AANS1----1A----,root,Nom,Neut,Sing,,0.1004169141685536,O
zejména,PART,TT-------------,advmod:emph,,,,,-0.1222621417855056,O
pro,ADP,RR--4----------,case,Acc,,,,-0.0057960471205758,O
osoby,NOUN,NNFP4-----A----,obl,Acc,Fem,Plur,,-0.1598657821417663,O
trpící,ADJ,AGFP4-----A----,amod,Acc,Fem,Plur,,0.0020712596987781,O
vysokou,ADJ,AAFS7----1A----,amod,Ins,Fem,Sing,,-0.0015369819276014,O
hladinou,NOUN,NNFS7-----A----,obl:arg,Ins,Fem,Sing,,-0.0392384331564041,O
cukru,NOUN,NNIS2-----A----,nmod,Gen,Masc,Sing,Inan,-0.0554668001648291,O
.,PUNCT,Z:-------------,punct,,,,,0.1208451920343113,O
Nicméně,CCONJ,J^-------------,cc,,,,,-0.1417409546699502,O
příliš,ADV,Db-------------,advmod,,,,,-0.1387316864208347,O
mnoho,DET,Ca--1----------,det:numgov,Nom,,,,0.0343412512095284,O
skořice,NOUN,NNFS2-----A----,nsubj,Gen,Fem,Sing,,0.091526169252799,O
může,VERB,VB-S---3P-AAI--,root,,,Sing,,-0.1257897828886024,O
naopak,ADV,Db-------------,advmod,,,,,-0.0209453325574665,O
způsobit,VERB,Vf--------A-P--,xcomp,,,,,0.0941089680856051,O
",",PUNCT,Z:-------------,punct,,,,,0.2119258083198778,O
že,SCONJ,"J,-------------",mark,,,,,-0.0056136943685127,O
hladina,NOUN,NNFS1-----A----,nsubj,Nom,Fem,Sing,,-0.0572691595975362,O
cukru,NOUN,NNIS2-----A----,nmod,Gen,Masc,Sing,Inan,0.0251456824643981,O
v,ADP,RR--6----------,case,Loc,,,,0.0938162473425444,O
krvi,NOUN,NNFS6-----A----,nmod,Loc,Fem,Sing,,0.0023576079199414,O
klesne,VERB,VB-S---3P-AAP--,ccomp,,,Sing,,0.0092608775590979,O
příliš,ADV,Db-------------,advmod,,,,,0.0200978083046243,O
nízko,ADV,Dg-------1A----,advmod,,,,,-0.0584287510253541,O
",",PUNCT,Z:-------------,punct,,,,,0.2888500141626658,O
což,PRON,PQ--1----------,nsubj,Nom,,,,0.0364029532836416,O
představuje,VERB,VB-S---3P-AAI--,conj,,,Sing,,-0.109024265770466,O
další,ADJ,AANP4----1A----,amod,Acc,Neut,Plur,,-0.1132477991507911,O
zdravotní,ADJ,AANP4----1A----,amod,Acc,Neut,Plur,,-0.0470062275279124,O
rizika,NOUN,NNNP4-----A----,obj,Acc,Neut,Plur,,0.0146612294833005,O
.,PUNCT,Z:-------------,punct,,,,,-0.219538777928423,O
Spojené,ADJ,AAIP1----1A----,amod,Nom,Masc,Plur,Inan,-0.1705994149796508,B-gc
arabské,ADJ,AAIP1----1A----,amod,Nom,Masc,Plur,Inan,0.1023173951652166,I-gc
emiráty,NOUN,NNIP1-----A----,nsubj,Nom,Masc,Plur,Inan,0.0232993070557616,I-gc
mají,VERB,VB-P---3P-AAI--,root,,,Plur,,-0.1108653653664616,O
v,ADP,RR--6----------,case,Loc,,,,-0.0910218232283331,O
plánu,NOUN,NNIS6-----A----,obl,Loc,Masc,Sing,Inan,-0.0275441337833198,O
během,ADP,RR--2----------,case,Gen,,,,0.0058550573123644,O
příštích,ADJ,AANP2----1A----,amod,Gen,Neut,Plur,,-0.0288752248087984,O
pěti,NUM,Cl-P2----------,nummod,Gen,,Plur,,-0.1176040131013816,O
let,NOUN,NNNP2-----A----,obl,Gen,Neut,Plur,,-0.0005129298689388,O
posílit,VERB,Vf--------A-P--,xcomp,,,,,0.1540744305655348,O
obchodní,ADJ,AAIP4----1A----,amod,Acc,Masc,Plur,Inan,0.0688843755563378,O
styky,NOUN,NNIP4-----A----,obj,Acc,Masc,Plur,Inan,0.0646504476854449,O
s,ADP,RR--7----------,case,Ins,,,,0.0813001815436554,O
Ruskem,PROPN,NNNS7-----A----,nmod,Ins,Neut,Sing,,0.0107947238931378,B-gc
na,ADP,RR--4----------,case,Acc,,,,0.0160970172448308,O
obrat,NOUN,NNIS4-----A----,obl,Acc,Masc,Sing,Inan,-0.0801176784547395,O
20,NUM,C=-------------,nummod,,,,,-0.1208782020467162,B-nc
miliard,DET,CzFP2----------,det,Gen,Fem,Plur,,-0.0870215130050101,I-nc
dolarů,NOUN,NNIP2-----A----,nmod,Gen,Masc,Plur,Inan,0.2763538074124412,O
",",PUNCT,Z:-------------,punct,,,,,0.0193298549701181,O
jak,ADV,Db-------------,advmod,,,,,-0.0429966539806348,O
oznámil,VERB,VpYS----R-AAP--,parataxis,,Masc,Sing,,-0.1710423498845051,O
ministr,NOUN,NNMS1-----A----,nsubj,Nom,Masc,Sing,Anim,-0.0380671141938444,O
pro,ADP,RR--4----------,case,Acc,,,,0.1875006371516638,O
zahraniční,ADJ,AAIS4----1A----,amod,Acc,Masc,Sing,Inan,0.0209322800355704,O
obchod,NOUN,NNIS4-----A----,nmod,Acc,Masc,Sing,Inan,-0.0669693711078118,O
Thani,PROPN,NNMS1-----A----,flat,Nom,Masc,Sing,Anim,0.1168237008858192,B-P|B-pf
bin,NOUN,NNMS1-----A----,flat,Nom,Masc,Sing,Anim,0.089791832700181,I-P|B-pm
Ahmed,PROPN,NNMS1-----A----,flat,Nom,Masc,Sing,Anim,0.2300695933965614,I-P|B-p_
Al,X,F%-------------,flat,,,,,0.0541019853416284,I-P|B-ps
Zeyoudi,PROPN,NNMS1-----A----,flat,Nom,Masc,Sing,Anim,-0.0687511298613565,I-P|I-ps
.,PUNCT,Z:-------------,punct,,,,,0.2572506662079015,O
Covid-19,PROPN,NNIS1-----A----,nsubj,Nom,Masc,Sing,Inan,0.1258041654071063,O
trvale,ADV,Dg-------1A----,advmod,,,,,0.1343598648875812,O
změní,VERB,VB-S---3P-AAP--,root,,,Sing,,-0.2452667732097304,O
světovou,ADJ,AAFS4----1A----,amod,Acc,Fem,Sing,,0.1178884753299309,O
ekonomiku,NOUN,NNFS4-----A----,obj,Acc,Fem,Sing,,0.1137174589814325,O
(,PUNCT,Z:-------------,punct,,,,,-0.0260784015377612,O
názor,NOUN,NNIS1-----A----,dep,Nom,Masc,Sing,Inan,-0.0270038869185599,O
),PUNCT,Z:-------------,punct,,,,,0.4322236063240902,O
V,ADP,RR--4----------,case,Acc,,,,-0.1641116952283607,O
pátek,NOUN,NNIS4-----A----,obl,Acc,Masc,Sing,Inan,0.1416919506446669,O
ráno,ADV,Db-------------,advmod,,,,,-0.0505755616804261,O
řekl,VERB,VpYS----R-AAP--,root,,Masc,Sing,,-0.1584315328168993,O
",",PUNCT,Z:-------------,punct,,,,,0.0587689885364418,O
že,SCONJ,"J,-------------",mark,,,,,-0.0225924275906116,O
za,ADP,RR--4----------,case,Acc,,,,-0.0682689830621028,O
12,NUM,C=-------------,nummod:gov,,,,,-0.3067224031571062,B-nc
hodin,NOUN,NNFP2-----A----,obl,Gen,Fem,Plur,,-0.0032044068235146,O
od,ADP,RR--2----------,case,Gen,,,,0.1037213565025478,O
té,DET,PDFS2----------,det,Gen,Fem,Sing,,-0.0069903746159037,O
doby,NOUN,NNFS2-----A----,nmod,Gen,Fem,Sing,,0.0276464533981367,O
",",PUNCT,Z:-------------,punct,,,,,0.1401536690950958,O
co,SCONJ,"J,-------------",mark,,,,,-0.1408965605359911,O
byla,AUX,VpQW----R-AAI--,aux:pass,,"Fem,Neut","Plur,Sing",,-0.0279421812617262,O
vyzrazena,ADJ,VsQW----X-APP--,amod,,"Fem,Neut","Plur,Sing",,-0.1694839066605467,O
existence,NOUN,NNFS1-----A----,nsubj:pass,Nom,Fem,Sing,,-0.0530400450522664,O
této,DET,PDFS2----------,det,Gen,Fem,Sing,,-0.0816398330869281,O
programové,ADJ,AAFS2----1A----,amod,Gen,Fem,Sing,,0.1316384776219818,O
chyby,NOUN,NNFS2-----A----,nmod,Gen,Fem,Sing,,-0.2751321222993351,O
",",PUNCT,Z:-------------,punct,,,,,-0.080663826214406,O
byla,AUX,VpQW----R-AAI--,aux:pass,,"Fem,Neut","Plur,Sing",,0.115524908712262,O
zcela,ADV,Db-------------,advmod,,,,,0.1640418848218191,O
ozbrojena“,ADJ,VsYS----X-APP--,ccomp,,Masc,Sing,,0.0828101574346869,O
",",PUNCT,Z:-------------,punct,,,,,-0.0009227688131893,O
což,PRON,PQ--1----------,nsubj,Nom,,,,-0.2412429593185469,O
znamená,VERB,VB-S---3P-AAI--,conj,,,Sing,,-0.1625852697849316,O
",",PUNCT,Z:-------------,punct,,,,,0.11456015259221,O
že,SCONJ,"J,-------------",mark,,,,,0.0751083707244165,O
zločinci,NOUN,NNMP1-----A----,nsubj,Nom,Masc,Plur,Anim,0.253831479540382,O
vyvinuli,VERB,VpMP----R-AAP--,ccomp,,Masc,Plur,Anim,0.2657392742658019,O
a,CCONJ,J^-------------,cc,,,,,-0.0026793066184301,O
rozšiřovali,VERB,VpMP----R-AAI--,conj,,Masc,Plur,Anim,0.0568703180567807,O
nástroje,NOUN,NNIP4-----A----,obj,Acc,Masc,Plur,Inan,0.0146485041811142,O
k,ADP,RR--3----------,case,Dat,,,,0.0206313160590977,O
jejímu,DET,P9ZS3FS3-------,det,Dat,"Masc,Neut",Sing,,-0.1278235239120296,O
využití,NOUN,NNNS3-----A----,nmod,Dat,Neut,Sing,,-0.0980523952217108,O
.,PUNCT,Z:-------------,punct,,,,,-0.1651637583883331,O
Čtvrtý,ADJ,CrIS4----------,amod,Acc,Masc,Sing,Inan,0.2092935978372761,O
den,NOUN,NNIS4-----A----,obl,Acc,Masc,Sing,Inan,-0.0238152961959884,O
testovacího,ADJ,AAIS2----1A----,amod,Gen,Masc,Sing,Inan,0.0139391963601097,O
zápasu,NOUN,NNIS2-----A----,nmod,Gen,Masc,Sing,Inan,-0.1082998498013335,O
však,CCONJ,J^-------------,cc,,,,,-0.1390115969982565,O
došlo,VERB,VpNS----R-AAP--,root,,Neut,Sing,,-0.1967826509473235,O
k,ADP,RR--3----------,case,Dat,,,,0.0195208671563195,O
současné,ADJ,AAFS3----1A----,amod,Dat,Fem,Sing,,-0.0573822566737689,O
poruše,NOUN,NNFS3-----A----,obl:arg,Dat,Fem,Sing,,0.1056579158703223,O
primárního,ADJ,AAIS2----1A----,amod,Gen,Masc,Sing,Inan,0.1999352687419061,O
generátoru,NOUN,NNIS2-----A----,nmod,Gen,Masc,Sing,Inan,0.029997535977505,O
se,ADP,RV--7----------,case,Ins,,,,0.0233694950598185,O
záložním,ADJ,AAIS7----1A----,amod,Ins,Masc,Sing,Inan,0.0637718296507684,O
generátorem,NOUN,NNIS7-----A----,nmod,Ins,Masc,Sing,Inan,0.0326438537097623,O
",",PUNCT,Z:-------------,punct,,,,,0.2877227735918741,O
což,PRON,PQ--1----------,nsubj,Nom,,,,-0.169163701186441,O
vedlo,VERB,VpNS----R-AAI--,conj,,Neut,Sing,,0.1553975565758139,O
k,ADP,RR--3----------,case,Dat,,,,0.080581864443625,O
výpadku,NOUN,NNIS3-----A----,obl:arg,Dat,Masc,Sing,Inan,0.1361881540724649,O
obou,NUM,CnXP2----------,nummod,Gen,,Plur,,0.0159967596030217,O
zároveň,ADV,Db-------------,advmod,,,,,-0.0821182010835148,O
a,CCONJ,J^-------------,cc,,,,,-0.0743835272585505,O
k,ADP,RR--3----------,case,Dat,,,,0.0460563200952441,O
úplné,ADJ,AAFS3----1A----,amod,Dat,Fem,Sing,,0.1182820268139512,O
nebo,CCONJ,J^-------------,cc,,,,,-0.0307013972034277,O
částečné,ADJ,AAFS3----1A----,conj,Dat,Fem,Sing,,0.1192624988358466,O
ztrátě,NOUN,NNFS3-----A----,conj,Dat,Fem,Sing,,0.0881375329251825,O
vysílaného,ADJ,AAIS2----1A----,amod,Gen,Masc,Sing,Inan,0.056462708788701,O
obrazu,NOUN,NNIS2-----A----,nmod,Gen,Masc,Sing,Inan,0.0584673907104829,O
a,CCONJ,J^-------------,cc,,,,,-0.1956057835853722,O
DRS,NOUN,BNXXX-----A----,conj,,,,,-0.0642780216275177,O
na,ADP,RR--4----------,case,Acc,,,,0.0857124565354268,O
téměř,ADV,Db-------------,advmod:emph,,,,,-0.0544294975000027,O
30,NUM,C=-------------,nummod:gov,,,,,-0.1777109117838214,B-nc
minut,NOUN,NNFP2-----A----,nmod,Gen,Fem,Plur,,-0.0285682495796765,O
.,PUNCT,Z:-------------,punct,,,,,0.5629981368276593,O
ikonu,NOUN,NNIS2-----A----,root,Gen,Masc,Sing,Inan,0.1526800466840843,O
Další,ADJ,AAFP1----1A----,amod,Nom,Fem,Plur,,-0.1349812487069084,O
možnosti,NOUN,NNFP1-----A----,dep,Nom,Fem,Plur,,-0.0854159986381898,O
v,ADP,RR--6----------,case,Loc,,,,0.024494968565405,O
dolní,ADJ,AAFS6----1A----,amod,Loc,Fem,Sing,,0.1933385399176012,O
části,NOUN,NNFS6-----A----,nmod,Loc,Fem,Sing,,-0.3828306762021443,O
obrazovky,NOUN,NNFS2-----A----,nmod,Gen,Fem,Sing,,0.2142667547907627,O
.,PUNCT,Z:-------------,punct,,,,,0.2124731712115483,O
Zašleme,VERB,VB-P---1P-AAP--,root,,,Plur,,0.1383857436180863,O
Vám,PRON,PP-P3--2-------,obl:arg,Dat,,Plur,,-0.1613218204188258,O
pouze,ADV,Db-------------,advmod:emph,,,,,-0.0687860572292501,O
novou,ADJ,AAFS4----1A----,amod,Acc,Fem,Sing,,-0.3286244136051651,O
objednávku,NOUN,NNFS4-----A----,obj,Acc,Fem,Sing,,-0.3049588336372027,O
.,PUNCT,Z:-------------,punct,,,,,0.6011727235925086,O
Stínový,ADJ,AAMS1----1A----,amod,Nom,Masc,Sing,Anim,0.4875902217511659,O
labouristický,ADJ,AAMS1----1A----,amod,Nom,Masc,Sing,Anim,0.0658752582236781,O
ministr,NOUN,NNMS1-----A----,nsubj,Nom,Masc,Sing,Anim,-0.0249372404819406,O
vnitra,NOUN,NNNS2-----A----,nmod,Gen,Neut,Sing,,0.0121339167857689,O
Nick,PROPN,NNMS1-----A----,flat,Nom,Masc,Sing,Anim,-0.0400158610274647,B-P|B-pf
Thomas-Symonds,PROPN,NNMS1-----A----,flat,Nom,Masc,Sing,Anim,-0.030817584428455,I-P|B-ps
žádá,VERB,VB-S---3P-AAI--,root,,,Sing,,0.0684972219278954,O
vládu,NOUN,NNFS4-----A----,iobj,Acc,Fem,Sing,,-0.0436100203660139,O
",",PUNCT,Z:-------------,punct,,,,,0.0999082311560708,O
aby,AUX,Vc-------------,aux,,,,,-0.0167069709287504,O
detailně,ADV,Dg-------1A----,advmod,,,,,-0.0095608239023175,O
vysvětlila,VERB,VpQW----R-AAP--,ccomp,,"Fem,Neut","Plur,Sing",,0.2133946260819022,O
",",PUNCT,Z:-------------,punct,,,,,0.0204126980624464,O
jakým,DET,P4ZS7----------,det,Ins,"Masc,Neut",Sing,,-0.0612695766225608,O
způsobem,NOUN,NNIS7-----A----,obl,Ins,Masc,Sing,Inan,0.0315965137585836,O
hodlá,VERB,VB-S---3P-AAI--,ccomp,,,Sing,,-0.0532415933682549,O
podpořit,VERB,Vf--------A-P--,xcomp,,,,,0.175344801790832,O
ty,DET,PDMP4----------,obj,Acc,Masc,Plur,Anim,-0.1362327160103556,O
",",PUNCT,Z:-------------,punct,,,,,-0.0160878886778282,O
jichž,PRON,P4XP2---------1,obl:arg,Gen,,Plur,,-0.0002291165466152,O
se,PRON,P7-X4----------,expl:pv,Acc,,,,0.0145964468865684,O
opatření,NOUN,NNNS1-----A----,nsubj,Nom,Neut,Sing,,-0.0811873854622697,O
dotkne,VERB,VB-S---3P-AAP--,acl:relcl,,,Sing,,0.1068860825122021,O
",",PUNCT,Z:-------------,punct,,,,,0.0553244965453832,O
a,CCONJ,J^-------------,cc,,,,,0.1056155644442992,O
dodává,VERB,VB-S---3P-AAI--,conj,,,Sing,,0.0748630394653078,O
",",PUNCT,Z:-------------,punct,,,,,-0.0158661383378293,O
že,SCONJ,"J,-------------",mark,,,,,-0.1432072416722358,O
informace,NOUN,NNFP1-----A----,nsubj,Nom,Fem,Plur,,0.0247038208978764,O
budou,AUX,VB-P---3F-AAI--,cop,,,Plur,,-0.1296353631359223,O
zvláště,ADV,Db-------------,advmod,,,,,0.2004233111011928,O
znepokojivé,ADJ,AAFP1----1A----,ccomp,Nom,Fem,Plur,,0.1400609503196381,O
pro,ADP,RR--4----------,case,Acc,,,,0.1215449986986976,O
rodiny,NOUN,NNFP4-----A----,obl,Acc,Fem,Plur,,-0.1018697200203552,O
",",PUNCT,Z:-------------,punct,,,,,-0.0324935639439823,O
jež,PRON,P4XP4----------,obj,Acc,,Plur,,-0.0059809818504372,O
tato,DET,PDNP1----------,det,Nom,Neut,Plur,,0.1139810644395945,O
nová,ADJ,AANP1----1A----,amod,Nom,Neut,Plur,,0.0659360371387245,O
pravidla,NOUN,NNNP1-----A----,nsubj,Nom,Neut,Plur,,0.1779401789389018,O
zastihla,VERB,VpQW----R-AAP-1,acl:relcl,,"Fem,Neut","Plur,Sing",,0.1403684057226433,O
během,ADP,RR--2----------,case,Gen,,,,0.2349991193975786,O
dovolené,NOUN,NNFS2-----A----,obl,Gen,Fem,Sing,,-0.0294680065907253,O
ve,ADP,RV--6----------,case,Loc,,,,-0.0532747920291799,O
Španělsku,PROPN,NNNS6-----A----,nmod,Loc,Neut,Sing,,0.1320443289985526,B-gc
",",PUNCT,Z:-------------,punct,,,,,0.0173984698969826,O
nebo,CCONJ,J^-------------,cc,,,,,-0.0855872034806144,O
které,DET,P4FP1----------,nsubj,Nom,Fem,Plur,,0.0853388422360889,O
takovou,DET,PDFS4----------,det,Acc,Fem,Sing,,-0.058560470773524,O
dovolenou,NOUN,NNFS4-----A----,obj,Acc,Fem,Sing,,0.1750589817617433,O
zrovna,ADV,Db-------------,advmod,,,,,0.1076991066955967,O
plánují“,VERB,VB-P---3P-AAI--,conj,,,,,-0.0471040395907596,O
.,PUNCT,Z:-------------,punct,,,,,0.0817357522019529,O
Chlápek,NOUN,NNMS1-----A----,nsubj,Nom,Masc,Sing,Anim,0.0925579160111096,O
v,ADP,RR--6----------,case,Loc,,,,-0.0163149330366952,O
obchodě,NOUN,NNIS6-----A----,nmod,Loc,Masc,Sing,Inan,0.0621148004681199,O
věci,NOUN,NNFP4-----A----,obj,Acc,Fem,Plur,,-0.1052308009923187,O
zkontroloval,VERB,VpYS----R-AAP--,root,,Masc,Sing,,0.0749532063088169,O
a,CCONJ,J^-------------,cc,,,,,0.011936448359639,O
ukázalo,VERB,VpNS----R-AAP--,conj,,Neut,Sing,,-0.0487262704691692,O
se,PRON,P7-X4----------,expl:pv,Acc,,,,-0.078170825494049,O
",",PUNCT,Z:-------------,punct,,,,,0.167094106023635,O
že,SCONJ,"J,-------------",mark,,,,,0.0173505941128542,O
aktuální,ADJ,AAFS1----1A----,amod,Nom,Fem,Sing,,0.204921204303168,O
cena,NOUN,NNFS1-----A----,nsubj,Nom,Fem,Sing,,-0.0013111038371492,O
za,ADP,RR--4----------,case,Acc,,,,0.2227144991076464,O
pneumatiky,NOUN,NNFP4-----A----,nmod,Acc,Fem,Plur,,0.0165645512562596,O
byla,AUX,VpQW----R-AAI--,csubj,,"Fem,Neut","Plur,Sing",,0.1850041618557663,O
víc,ADV,Dg-------2A---1,advmod,,,,,0.0637577688210506,O
",",PUNCT,Z:-------------,punct,,,,,0.1254343106408253,O
než,SCONJ,"J,-------------",mark,,,,,0.1292084808201086,O
na,ADP,RR--6----------,case,Loc,,,,-0.0073235143470835,O
mém,DET,PSZS6-S1-------,det,Loc,"Masc,Neut",Sing,,0.1526081579758708,O
výtisku,NOUN,NNIS6-----A----,dep,Loc,Masc,Sing,Inan,0.1109845308804916,O
.,PUNCT,Z:-------------,punct,,,,,-0.7196707801345086,O
Během,ADP,RR--2----------,case,Gen,,,,-0.1543596072578024,O
posledních,ADJ,AAFP2----1A----,amod,Gen,Fem,Plur,,-0.0357581845306717,O
24,NUM,C=-------------,nummod,,,,,0.0917211587818877,O
hodin,NOUN,NNFP2-----A----,obl,Gen,Fem,Plur,,0.4124490861985939,O
oznámilo,VERB,VpNS----R-AAP--,root,,Neut,Sing,,0.6379959637993486,O
19,NUM,C=-------------,nummod:gov,,,,,0.0995012278234645,B-nc
provincií,NOUN,NNFP2-----A----,nsubj,Gen,Fem,Plur,,0.2096110202273364,O
žádné,DET,PWNS4----------,det,Acc,Neut,Sing,,-0.0652884363439773,O
nebo,CCONJ,J^-------------,cc,,,,,0.0050749484646973,O
pouze,ADV,Db-------------,advmod:emph,,,,,0.0027352979429151,O
jedno,NUM,CnNS4----------,conj,Acc,Neut,Sing,,0.1598937340703601,O
úmrtí,NOUN,NNNS4-----A----,obj,Acc,Neut,Sing,,0.1222236619604716,O
.,PUNCT,Z:-------------,punct,,,,,0.1530005133736135,O
V,ADP,RR--6----------,case,Loc,,,,0.0588862092866976,O
případě,NOUN,NNIS6-----A----,fixed,Loc,Masc,Sing,Inan,-0.005607165987945,O
jakýchkoli,DET,PZXP2----------,det,Gen,,Plur,,0.133757109438165,O
obav,NOUN,NNFP2-----A----,obl,Gen,Fem,Plur,,0.3772386242728515,O
o,ADP,RR--4----------,case,Acc,,,,-0.12431732907636,O
bezpečnost,NOUN,NNFS4-----A----,nmod,Acc,Fem,Sing,,0.1079201394645355,O
nebo,CCONJ,J^-------------,cc,,,,,0.239649700734271,O
pro,ADP,RR--4----------,case,Acc,,,,0.171739725349035,O
další,ADJ,AAFP4----1A----,amod,Acc,Fem,Plur,,0.2278598713611686,O
informace,NOUN,NNFP4-----A----,conj,Acc,Fem,Plur,,0.1759406720941543,O
o,ADP,RR--6----------,case,Loc,,,,0.0660173376008846,O
výrobku,NOUN,NNIS6-----A----,nmod,Loc,Masc,Sing,Inan,0.1930159606915877,O
si,PRON,P7--3----------,obl,Dat,,,,0.1240708191343782,O
pečlivě,ADV,Dg-------1A----,advmod,,,,,0.0713650336619523,O
přečtěte,VERB,Vi-P---2--A-P--,root,,,Plur,,0.0971455704644386,O
pokyny,NOUN,NNIP4-----A----,obj,Acc,Masc,Plur,Inan,0.0684272885928559,O
uvedené,ADJ,AAIP4----1A----,amod,Acc,Masc,Plur,Inan,0.1650112128044482,O
na,ADP,RR--6----------,case,Loc,,,,-0.0561232679148249,O
etiketě,NOUN,NNFS6-----A----,obl,Loc,Fem,Sing,,0.2168184195217856,O
nebo,CCONJ,J^-------------,cc,,,,,0.0316370888781584,O
obalu,NOUN,NNIS6-----A---1,conj,Loc,Masc,Sing,Inan,0.1395893691185766,O
a,CCONJ,J^-------------,cc,,,,,-0.1615828173046742,O
kontaktujte,VERB,Vi-P---2--A-I--,conj,,,Plur,,0.3089696778455197,O
výrobce,NOUN,NNMS4-----A----,obj,Acc,Masc,Sing,Anim,0.341986275036014,O
.,PUNCT,Z:-------------,punct,,,,,-0.0189963426410682,O
Ministři,NOUN,NNMP1-----A----,nsubj,Nom,Masc,Plur,Anim,0.23846485388991,O
obrany,NOUN,NNFS2-----A----,nmod,Gen,Fem,Sing,,-0.0546615204353403,O
Francie,PROPN,NNFS2-----A----,nmod,Gen,Fem,Sing,,0.4486887757257441,B-gc
a,CCONJ,J^-------------,cc,,,,,0.0096464562497267,O
Řecka,PROPN,NNNS2-----A----,conj,Gen,Neut,Sing,,0.2330614535908206,B-gc
oba,NUM,CnYP1----------,nsubj,Nom,Masc,Plur,,0.0007342180812037,O
potvrdili,VERB,VpMP----R-AAP--,root,,Masc,Plur,Anim,0.3754028169090291,O
",",PUNCT,Z:-------------,punct,,,,,0.0922345022284202,O
že,SCONJ,"J,-------------",mark,,,,,-0.0009824117369708,O
konkurenční,ADJ,AAFS1----1A----,amod,Nom,Fem,Sing,,-0.0369233965066281,O
nabídka,NOUN,NNFS1-----A----,nsubj,Nom,Fem,Sing,,0.0020659520771426,O
z,ADP,RR--2----------,case,Gen,,,,-0.0718954543637676,O
USA,PROPN,BNXXX-----A----,nmod,,,,,0.0340179763256256,B-gc
nebude,AUX,VB-S---3F-NAI--,aux,,,Sing,,-0.0238433793442354,O
mít,VERB,Vf--------A-I--,ccomp,,,,,0.0954413813807366,O
žádný,DET,PWIS4----------,det,Acc,Masc,Sing,Inan,0.0050024601202126,O
vliv,NOUN,NNIS4-----A----,obj,Acc,Masc,Sing,Inan,-0.077346434890708,O
na,ADP,RR--4----------,case,Acc,,,,-0.0014836687828294,O
již,ADV,Db-------------,advmod,,,,,-0.1359951339636528,O
podepsaný“,ADJ,AAIS4----1A----,amod,Acc,Masc,Sing,Inan,0.2741940709970759,O
a,CCONJ,J^-------------,cc,,,,,0.0793215217570731,O
konečný,ADJ,AAIS4----1A----,conj,Acc,Masc,Sing,Inan,-0.0429739621450049,O
multimiliardový,ADJ,AAIS4----1A----,amod,Acc,Masc,Sing,Inan,0.0812712408373309,O
obchod,NOUN,NNIS4-----A----,nmod,Acc,Masc,Sing,Inan,0.0352374173161319,O
zakoupení,NOUN,NNNS2-----A----,nmod,Gen,Neut,Sing,,0.0915492949631132,O
francouzských,ADJ,AAFP2----1A----,amod,Gen,Fem,Plur,,0.1330344733316253,O
fregat,NOUN,NNFP2-----A----,nmod,Gen,Fem,Plur,,-0.0015179585374246,O
Belharra,PROPN,NNFS1-----A----,nmod,Nom,Fem,Sing,,0.2126067951229049,B-op
.,PUNCT,Z:-------------,punct,,,,,0.2323807839233838,O
Kromě,ADP,RR--2----------,case,Gen,,,,0.0004484103185081,O
toho,DET,PDZS2----------,obl,Gen,"Masc,Neut",Sing,,0.1622538632379227,O
VVI,NOUN,BNXXX-----A----,nsubj,,,,,-0.058500242943711,B-op
v,ADP,RR--6----------,case,Loc,,,,-0.0446470601479307,O
této,DET,PDFS6----------,det,Loc,Fem,Sing,,-0.0270585129850708,O
sadě,NOUN,NNFS6-----A----,nmod,Loc,Fem,Sing,,-0.0309342340848348,O
obsahuje,VERB,VB-S---3P-AAI--,root,,,Sing,,-0.2983630521855056,O
několik,DET,Ca--4----------,det:numgov,Acc,,,,-0.0550386093669303,O
dalších,ADJ,AAFP2----1A----,amod,Gen,Fem,Plur,,-0.0808516962617515,O
položek,NOUN,NNFP2-----A----,obj,Gen,Fem,Plur,,0.1672799214791766,O
",",PUNCT,Z:-------------,punct,,,,,0.2794162607154083,O
díky,ADP,RR--3----------,case,Dat,,,,0.1227920954453921,O
nimž,PRON,P4XP3---------1,obl,Dat,,Plur,,0.0175422406072971,O
je,AUX,VB-S---3P-AAI--,cop,,,Sing,,0.0377542317997608,O
proces,NOUN,NNIS1-----A----,nsubj,Nom,Masc,Sing,Inan,-0.1959413523574107,O
rychlý,ADJ,AAIS1----1A----,acl:relcl,Nom,Masc,Sing,Inan,-0.0632567797599676,O
a,CCONJ,J^-------------,cc,,,,,-0.0855884272641202,O
uživatelsky,ADV,Dg-------1A----,advmod,,,,,0.5860563698619964,O
přívětivý,ADJ,AAIS1----1A----,conj,Nom,Masc,Sing,Inan,0.0539994115172422,O
.,PUNCT,Z:-------------,punct,,,,,0.3237740201060958,O
Téměř,ADV,Db-------------,advmod:emph,,,,,0.2226136930120835,O
vždy,ADV,Db-------------,advmod,,,,,-0.0691131527228629,O
se,PRON,P7-X4----------,expl:pass,Acc,,,,0.0262235825343309,O
začne,VERB,VB-S---3P-AAP--,root,,,Sing,,-0.0955994460146474,O
u,ADP,RR--2----------,case,Gen,,,,0.0455114137470805,O
vzrostlého,ADJ,AAIS2----1A----,amod,Gen,Masc,Sing,Inan,-0.0240570470718394,O
keře,NOUN,NNIS2-----A----,obl,Gen,Masc,Sing,Inan,-0.0549285220336011,O
",",PUNCT,Z:-------------,punct,,,,,-0.2209167427503018,O
který,DET,P4YS1----------,nsubj:pass,Nom,Masc,Sing,,-0.2330572563929464,O
se,PRON,P7-X4----------,expl:pass,Acc,,,,-0.0611442810167008,O
redukuje,VERB,VB-S---3P-AAB--,acl:relcl,,,Sing,,0.1018138005111183,O
a,CCONJ,J^-------------,cc,,,,,-0.2095328734980535,O
nové,ADJ,AAIP1----1A----,amod,Nom,Masc,Plur,Inan,-0.0165761929986794,O
výhonky,NOUN,NNIP1-----A----,nsubj:pass,Nom,Masc,Plur,Inan,0.0708368910913715,O
se,PRON,P7-X4----------,expl:pass,Acc,,,,-0.0011551344399924,O
přidrátují,VERB,VB-P---3P-AAI--,conj,,,Plur,,0.0022980077052067,O
na,ADP,RR--6----------,case,Loc,,,,-0.0021538265565234,O
místě,NOUN,NNNS6-----A----,obl,Loc,Neut,Sing,,0.0769403495406636,O
.,PUNCT,Z:-------------,punct,,,,,0.7250592223655128,O
Měníme,VERB,VB-P---1P-AAI--,root,,,Plur,,0.0771851060880844,O
pravidla,NOUN,NNNP4-----A----,obj,Acc,Neut,Plur,,-0.125295516045506,O
.,PUNCT,Z:-------------,punct,,,,,0.0533318457186684,O
Zákony,NOUN,NNIP1-----A----,nsubj:pass,Nom,Masc,Plur,Inan,-0.0596808829279204,O
se,PRON,P7-X4----------,expl:pass,Acc,,,,-0.3164467988115165,O
v,ADP,RR--6----------,case,Loc,,,,-0.1241257217596508,O
souvislosti,NOUN,NNFS6-----A----,fixed,Loc,Fem,Sing,,-0.0139860316322746,O
s,ADP,RR--7----------,fixed,Ins,,,,-0.0243835020773493,O
dovolenkáři,NOUN,NNMP7-----A----,obl,Ins,Masc,Plur,Anim,0.0042191546766782,O
a,CCONJ,J^-------------,cc,,,,,0.0701438452438124,O
turisty,NOUN,NNMP7-----A----,conj,Ins,Masc,Plur,Anim,0.0903161055495867,O
mění,VERB,VB-P---3P-AAI--,root,,,Plur,,0.031026122035962,O
.,PUNCT,Z:-------------,punct,,,,,-0.2729759288806704,O
A,CCONJ,J^-------------,cc,,,,,0.1840875062759727,O
samozřejmě,ADV,Dg-------1A----,advmod,,,,,-0.0499297593525592,O
očekáváme,VERB,VB-P---1P-AAI--,root,,,Plur,,0.0938504605023268,O
od,ADP,RR--2----------,case,Gen,,,,-0.1417814436595764,O
zaměstnavatelů,NOUN,NNMP2-----A----,obl:arg,Gen,Masc,Plur,Anim,0.0457990363893784,O
",",PUNCT,Z:-------------,punct,,,,,0.0113959818270856,O
že,SCONJ,"J,-------------",mark,,,,,-0.0711699581488482,O
budou,AUX,VB-P---3F-AAI--,cop,,,Plur,,0.1436478685108448,O
vůči,ADP,RR--3----------,case,Dat,,,,0.0590652669023846,O
svým,DET,P8XP3----------,det,Dat,,Plur,,-0.0650626780942948,O
zaměstnancům,NOUN,NNMP3-----A----,obl,Dat,Masc,Plur,Anim,-0.0277490625058339,O
",",PUNCT,Z:-------------,punct,,,,,0.1495087741702093,O
kteří,DET,P4MP1----------,nsubj:pass,Nom,Masc,Plur,Anim,-0.0912691936682921,O
budou,AUX,VB-P---3F-AAI--,aux:pass,,,Plur,,0.1466787585226498,O
nuceni,ADJ,VsMP----X-API--,amod,,Masc,Plur,Anim,0.1395699966056518,O
karanténu,NOUN,NNFS4-----A----,obj,Acc,Fem,Sing,,0.1276975143889546,O
podstoupit,VERB,Vf--------A-P--,xcomp,,,,,-0.0729390696279293,O
",",PUNCT,Z:-------------,punct,,,,,0.1811151356089656,O
dostatečně,ADV,Dg-------1A----,advmod,,,,,-0.3532457196980103,O
flexibilní,ADJ,AAMP1----1A----,ccomp,Nom,Masc,Plur,Anim,0.1142122438444661,O
.,PUNCT,Z:-------------,punct,,,,,0.2637030842114185,O
Dle,ADP,RR--2----------,case,Gen,,,,0.0279154205756434,O
mluvčího,NOUN,NNMS2-----A----,obl,Gen,Masc,Sing,Anim,0.2357274302634033,O
policie,NOUN,NNFS2-----A----,nmod,Gen,Fem,Sing,,-0.0016312346615483,O
tělo,NOUN,NNNS1-----A----,nsubj,Nom,Neut,Sing,,-0.0102463133755709,O
vykazovalo,VERB,VpNS----R-AAI--,root,,Neut,Sing,,0.3548058064933279,O
známky,NOUN,NNFP4-----A----,obj,Acc,Fem,Plur,,0.2309645178362811,O
po,ADP,RR--6----------,case,Loc,,,,0.359054920639254,O
bodnutí,NOUN,NNNS6-----A----,nmod,Loc,Neut,Sing,,0.2277153776847568,O
.,PUNCT,Z:-------------,punct,,,,,0.0783938521989341,O
Proto,CCONJ,J^-------------,cc,,,,,0.242185364128297,O
byl,AUX,VpYS----R-AAI--,aux:pass,,Masc,Sing,,0.1030097245920134,O
u,ADP,RR--2----------,case,Gen,,,,0.0431636847829248,O
policie,NOUN,NNFS2-----A----,obl,Gen,Fem,Sing,,0.0355057755399372,O
v,ADP,RR--6----------,case,Loc,,,,0.1325955697444777,O
Brisraku,PROPN,NNIS6-----A----,nmod,Loc,Masc,Sing,Inan,0.2780635387481752,B-gu
podán,ADJ,VsYS----X-APP--,root,,Masc,Sing,,0.2642471565424232,O
podnět,NOUN,NNIS1-----A----,nsubj:pass,Nom,Masc,Sing,Inan,0.1470065666422422,O
k,ADP,RR--3----------,case,Dat,,,,-0.03240635476594,O
zahájení,NOUN,NNNS3-----A----,nmod,Dat,Neut,Sing,,-0.0824553421208591,O
vyšetřování,NOUN,NNNS2-----A----,nmod,Gen,Neut,Sing,,0.0932343097321621,O
.,PUNCT,Z:-------------,punct,,,,,0.2108643719070969,O
Poznámka,NOUN,NNFS1-----A----,root,Nom,Fem,Sing,,0.174385494049466,O
1:,NUM,C=-------------,nummod,,,,,0.3505440816053685,B-ni
V,ADP,RR--6----------,case,Loc,,,,-0.2389605136337447,O
některých,DET,PZXP6----------,det,Loc,,Plur,,-0.0083171307528641,O
zemích,NOUN,NNFP6-----A----,obl,Loc,Fem,Plur,,0.1697854485690608,O
mohou,VERB,VB-P---3P-AAI-1,appos,,,Plur,,0.0971905246643495,O
být,AUX,Vf--------A-I--,aux:pass,,,,,0.2780526512063728,O
účtovány,ADJ,VsTP----X-API--,ccomp,,"Fem,Masc",Plur,Inan,-0.0379183380868211,O
další,ADJ,AAIP1----1A----,amod,Nom,Masc,Plur,Inan,0.0747182610825666,O
celní,ADJ,AAIP1----1A----,amod,Nom,Masc,Plur,Inan,0.3712970030371956,O
poplatky,NOUN,NNIP1-----A----,nsubj,Nom,Masc,Plur,Inan,-0.0347059331805181,O
.,PUNCT,Z:-------------,punct,,,,,0.4645926652194407,O
Žena,NOUN,NNFS1-----A----,nsubj,Nom,Fem,Sing,,-0.1107193400264359,O
SE,PRON,P7--4----------,expl:pv,Acc,,,,0.1184864266621059,O
SVLÉKLA,VERB,VpQW----R-AAP-1,root,,"Fem,Neut","Plur,Sing",,0.2573003256916254,O
DO,ADP,RR--2----------,case,Gen,,,,0.4008022600275016,O
NAHA,NOUN,NNNS2-----A----,obl,Gen,Neut,Sing,,0.3792014627693646,O
ve,ADP,RV--6----------,case,Loc,,,,-0.0046641867224744,O
Walmartu,PROPN,NNIS6-----A----,obl,Loc,Masc,Sing,Inan,0.2718412680982581,B-gu
",",PUNCT,Z:-------------,punct,,,,,0.2506815121301672,O
aby,AUX,Vc-------------,aux,,,,,0.160649225712544,O
dokázala,VERB,VpQW----R-AAP--,advcl,,"Fem,Neut","Plur,Sing",,0.1810637341207903,O
",",PUNCT,Z:-------------,punct,,,,,0.2029537108085897,O
že,SCONJ,"J,-------------",mark,,,,,0.0668785597671554,O
nic,PRON,PY--4----------,obj,Acc,,,,0.4181899492515614,O
neukradla,VERB,VpQW----R-NAP-1,ccomp,,"Fem,Neut","Plur,Sing",,0.1060369739444941,O
Řekl,VERB,VpYS----R-AAP--,root,,Masc,Sing,,0.020684401100555,O
",",PUNCT,Z:-------------,punct,,,,,0.0226392463682823,O
že,SCONJ,"J,-------------",mark,,,,,-0.0276572187947133,O
od,ADP,RR--2----------,case,Gen,,,,-0.0058694978692288,O
současného,ADJ,AAMS2----1A----,amod,Gen,Masc,Sing,Anim,-0.1272371528256483,O
policejního,ADJ,AAMS2----1A----,amod,Gen,Masc,Sing,Anim,0.0774575662308679,O
prezidenta,NOUN,NNMS2-----A----,obl:arg,Gen,Masc,Sing,Anim,-0.1907083549652531,O
Richarda,PROPN,NNMS2-----A----,flat,Gen,Masc,Sing,Anim,-0.0447474954402021,B-P|B-pf
Lewise,PROPN,NNMS2-----A----,flat,Gen,Masc,Sing,Anim,-0.0282141438718749,I-P|B-ps
dostal,VERB,VpYS----R-AAP--,ccomp,,Masc,Sing,,-0.0408407059079514,O
ujištění,NOUN,NNNS4-----A----,obj,Acc,Neut,Sing,,-0.0620797641495468,O
",",PUNCT,Z:-------------,punct,,,,,0.359101043883745,O
že,SCONJ,"J,-------------",mark,,,,,-0.1308310321010275,O
bylo,AUX,VpNS----R-AAI--,aux:pass,,Neut,Sing,,-0.0821940305082479,O
přijato,ADJ,VsNS----X-APP--,amod,,Neut,Sing,,0.0249558918368733,O
rychlé,ADJ,AANS1----1A----,amod,Nom,Neut,Sing,,-0.0408236798492475,O
opatření“,NOUN,NNNS1-----A----,nsubj:pass,Nom,Neut,Sing,,-0.081026502178808,O
hned,ADV,Db-------------,advmod:emph,,,,,-0.2100044327095016,O
potom,ADV,Db-------------,advmod,,,,,-0.3258433875301237,O
",",PUNCT,Z:-------------,punct,,,,,0.136734367705671,O
co,SCONJ,"J,-------------",mark,,,,,0.2155342170081487,O
se,PRON,P7-X4----------,expl:pv,Acc,,,,0.1572517486581212,O
dozvěděl,VERB,VpYS----R-AAP--,advcl,,Masc,Sing,,0.0789685891474996,O
o,ADP,RR--6----------,case,Loc,,,,0.025135031564561,O
zjištěných,ADJ,AAIP6----1A----,amod,Loc,Masc,Plur,Inan,0.0248947123519907,O
faktech,NOUN,NNIP6-----A----,obl:arg,Loc,Masc,Plur,Inan,-0.0746537306249637,O
.,PUNCT,Z:-------------,punct,,,,,0.138661548731531,O
Další,ADJ,AAMS1----1A----,nsubj,Nom,Masc,Sing,Anim,-0.3539604872704678,O
mu,PRON,P5ZS3--3-------,obl:arg,Dat,"Masc,Neut",Sing,,0.1458064325867694,O
doporučil,VERB,VpYS----R-AAP--,root,,Masc,Sing,,0.376086621835407,O
:,PUNCT,Z:-------------,punct,,,,,0.2592567616964569,O
Vypadni,VERB,Vi-S---2--A-P--,ccomp,,,Sing,,0.4746297353096537,O
z,ADP,RR--2----------,case,Gen,,,,-0.0696402411302807,O
Instagramu,PROPN,NNIS2-----A----,obl,Gen,Masc,Sing,Inan,0.3020365786773943,O
.,PUNCT,Z:-------------,punct,,,,,0.0788572175929992,O
“,PUNCT,Z:-------------,punct,,,,,-0.2233144489345682,O
Qandeel,PROPN,NNFXX-----A----,nsubj:pass,,Fem,,,0.1887980383462519,B-P|B-pf
Balochová,PROPN,NNFS1-----A----,flat,Nom,Fem,Sing,,0.0445314526399804,I-P|B-ps
",",PUNCT,Z:-------------,punct,,,,,-0.0579113302484884,O
která,DET,P4FS1----------,nsubj,Nom,Fem,Sing,,-0.003151939474385,O
se,PRON,P7--4----------,expl:pv,Acc,,,,-0.2112912093572463,O
proslavila,VERB,VpQW----R-AAP--,acl:relcl,,"Fem,Neut","Plur,Sing",,0.0457751962921446,O
svými,DET,P8XP7----------,det,Ins,,Plur,,0.0160052611234186,O
fotkami,NOUN,NNFP7-----A----,obl,Ins,Fem,Plur,,0.0863468935621455,O
na,ADP,RR--6----------,case,Loc,,,,-0.0652034105862089,O
sociálních,ADJ,AAFP6----1A----,amod,Loc,Fem,Plur,,-0.0142230070467402,O
sítích,NOUN,NNFP6-----A----,nmod,Loc,Fem,Plur,,0.0867009021911151,O
",",PUNCT,Z:-------------,punct,,,,,0.4493898778266054,O
byla,AUX,VpQW----R-AAI--,aux:pass,,"Fem,Neut","Plur,Sing",,0.0333673736383747,O
v,ADP,RR--6----------,case,Loc,,,,0.1450713384436504,O
červenci,NOUN,NNIS6-----A----,obl,Loc,Masc,Sing,Inan,0.060908049545476,B-T|B-tm
roku,NOUN,NNIS2-----A---1,nmod,Gen,Masc,Sing,Inan,0.0683505082611542,I-T
2016,NUM,C=-------------,nummod,,,,,0.102894050479497,I-T|B-ty
uškrcena,ADJ,VsQW----X-APP--,root,,"Fem,Neut","Plur,Sing",,-0.0330615528805865,O
.,PUNCT,Z:-------------,punct,,,,,0.5575216694596618,O
Předložíme,VERB,VB-P---1P-AAP--,root,,,Plur,,0.1630711712417846,O
všechny,DET,PLYP4----------,det,Acc,Masc,Plur,,-0.0406720115072897,O
relevantní,ADJ,AAIP4----1A----,amod,Acc,Masc,Plur,Inan,-0.0068378475009789,O
lékařské,ADJ,AAIP4----1A----,amod,Acc,Masc,Plur,Inan,0.0251903473599587,O
výzkumy,NOUN,NNIP4-----A----,obj,Acc,Masc,Plur,Inan,0.0013757991134568,O
podporující,ADJ,AGIP4-----A----,amod,Acc,Masc,Plur,Inan,-0.1255686234761705,O
potřebu,NOUN,NNFS4-----A----,obj,Acc,Fem,Sing,,0.0880439887986543,O
tohoto,DET,PDZS2----------,det,Gen,"Masc,Neut",Sing,,-0.1522358535775992,O
postupu,NOUN,NNIS2-----A----,nmod,Gen,Masc,Sing,Inan,0.3848551386981627,O
.,PUNCT,Z:-------------,punct,,,,,0.711448853711403,O
Jsme,AUX,VB-P---1P-AAI--,ccomp,,,Plur,,0.1591064670830549,O
také,ADV,Db-------------,advmod,,,,,-0.0558947822876928,O
z,ADP,RR--2----------,case,Gen,,,,0.0560888257255657,O
oblasti,NOUN,NNFS2-----A----,obl,Gen,Fem,Sing,,-0.1193018863123243,O
s,ADP,RR--7----------,case,Ins,,,,0.1112152714857592,O
horkým,ADJ,AANS7----1A----,amod,Ins,Neut,Sing,,0.2801972985910871,O
klimatem,NOUN,NNNS7-----A----,nmod,Ins,Neut,Sing,,0.1174295577201542,O
",",PUNCT,Z:-------------,punct,,,,,0.2333285071913066,O
ale,CCONJ,J^-------------,cc,,,,,0.0298221016105739,O
s,ADP,RR--7----------,case,Ins,,,,0.0882123295773265,O
tímhle,DET,PDZS7----------,obl:arg,Ins,"Masc,Neut",Sing,,0.0735568975906162,O
se,PRON,P7-X4----------,expl:pass,Acc,,,,0.0346400976140501,O
nic,PRON,PY--1----------,nsubj:pass,Nom,,,,-0.0664096831743451,O
nedá,VERB,VB-S---3P-NAP--,conj,,,Sing,,-0.06254464052411,O
srovnávat,VERB,Vf--------A-I--,xcomp,,,,,0.0592105822995392,O
",",PUNCT,Z:-------------,punct,,,,,-0.0724626805185361,O
“,PUNCT,Z:-------------,punct,,,,,0.0854541223067723,O
řekl,VERB,VpYS----R-AAP--,root,,Masc,Sing,,-0.4946435492718619,O
agentuře,NOUN,NNFS3-----A----,obl:arg,Dat,Fem,Sing,,0.183140434527387,O
Reuters,PROPN,NNIS1-----A----,nmod,Nom,Masc,Sing,Inan,0.2323870946231292,B-mn
bahamský,ADJ,AAMS1----1A----,amod,Nom,Masc,Sing,Anim,0.3369344526117482,O
trenér,NOUN,NNMS1-----A----,nsubj,Nom,Masc,Sing,Anim,-0.0299675334103502,O
Ronald,PROPN,NNMS1-----A----,flat,Nom,Masc,Sing,Anim,0.0769643096871287,B-P|B-pf
Cartwright,PROPN,NNMS1-----A----,flat,Nom,Masc,Sing,Anim,0.106155296466983,I-P|B-ps
.,PUNCT,Z:-------------,punct,,,,,0.3357869345856751,O
Jeho,DET,P9XXXZS3-------,det,,,,,-0.1891242190080691,O
opoziční,ADJ,AAFS1----1A----,amod,Nom,Fem,Sing,,0.0181385924209583,O
strana,NOUN,NNFS1-----A----,nsubj:pass,Nom,Fem,Sing,,-0.0358923444018447,O
byla,AUX,VpQW----R-AAI--,aux:pass,,"Fem,Neut","Plur,Sing",,0.0997582898717936,O
soudy,NOUN,NNIP7-----A----,obl:arg,Ins,Masc,Plur,Inan,0.0738149195498964,O
rozpuštěna,ADJ,VsQW----X-APP--,root,,"Fem,Neut","Plur,Sing",,0.0409119026436275,O
před,ADP,RR--7----------,case,Ins,,,,-0.0419419721826815,O
všeobecnými,ADJ,AAFP7----1A----,amod,Ins,Fem,Plur,,0.0647533025203487,O
volbami,NOUN,NNFP7-----A----,obl,Ins,Fem,Plur,,0.207629656432116,O
v,ADP,RR--6----------,case,Loc,,,,0.1526657774262247,O
loňském,ADJ,AAIS6----1A----,amod,Loc,Masc,Sing,Inan,0.1992746317685603,O
roce,NOUN,NNIS6-----A---1,nmod,Loc,Masc,Sing,Inan,0.052797297434889,O
",",PUNCT,Z:-------------,punct,,,,,0.2105535902572294,O
čímž,PRON,PQ--7----------,obl,Ins,,,,0.1148159951387369,O
zajistila,VERB,VpQW----R-AAP--,conj,,"Fem,Neut","Plur,Sing",,0.1573767437741136,O
",",PUNCT,Z:-------------,punct,,,,,0.1338416360791796,O
že,SCONJ,"J,-------------",mark,,,,,0.0563890546693463,O
autoritářský,ADJ,AAMS1----1A----,amod,Nom,Masc,Sing,Anim,0.0952620204235314,O
předseda,NOUN,NNMS1-----A----,nsubj,Nom,Masc,Sing,Anim,-0.0045476415607469,O
vlády,NOUN,NNFS2-----A----,nmod,Gen,Fem,Sing,,0.0688296908886315,O
Hun,PROPN,NNMS1-----A----,flat,Nom,Masc,Sing,Anim,0.0531438281767716,B-p_
Sen,PROPN,NNMS1-----A----,flat,Nom,Masc,Sing,Anim,-0.0571612913968718,I-p_
mohl,VERB,VpYS----R-AAI--,ccomp,,Masc,Sing,,0.0521537312956331,O
zůstat,VERB,Vf--------A-P--,xcomp,,,,,0.1645962704881369,O
po,ADP,RR--6----------,case,Loc,,,,0.3783384761462166,O
40,NUM,C=-------------,nummod,,,,,0.1002103945910484,B-nc
letech,NOUN,NNNP6-----A----,obl,Loc,Neut,Plur,,0.1325549076381815,O
dále,ADV,Db-------------,advmod,,,,,0.1258509851668249,O
u,ADP,RR--2----------,case,Gen,,,,0.1124987565251307,O
moci,NOUN,NNFS2-----A----,obl,Gen,Fem,Sing,,0.2025594693273871,O
.,PUNCT,Z:-------------,punct,,,,,-0.3462876686954218,O
Tottenham,PROPN,NNIS1-----A----,nsubj,Nom,Masc,Sing,Inan,-0.0310207737193145,B-ic
Hotspur,PROPN,NNIS1-----A----,nmod,Nom,Masc,Sing,Inan,0.2663865454418049,I-ic
se,PRON,P7-X4----------,expl:pv,Acc,,,,0.0402828536679178,O
již,ADV,Db-------------,advmod,,,,,-0.0685587331906286,O
s,ADP,RR--7----------,case,Ins,,,,-0.0635685373645113,O
virem,NOUN,NNIS7-----A----,obl:arg,Ins,Masc,Sing,Inan,0.021478227245794,O
potýká,VERB,VB-S---3P-AAI--,root,,,Sing,,-0.012206310049706,O
a,CCONJ,J^-------------,cc,,,,,-0.156859339812403,O
jeho,DET,P9XXXZS3-------,det,,,,,0.1242903377326305,O
nedělní,ADJ,AAIS1----1A----,amod,Nom,Masc,Sing,Inan,0.0167894782726299,O
zápas,NOUN,NNIS1-----A----,nsubj:pass,Nom,Masc,Sing,Inan,-0.1930540725814101,O
s,ADP,RR--7----------,case,Ins,,,,-0.0560254527734332,O
Brightonem,PROPN,NNIS7-----A----,nmod,Ins,Masc,Sing,Inan,0.211917000100758,B-ic|B-gu
byl,AUX,VpYS----R-AAI--,aux:pass,,Masc,Sing,,-0.1068675655763655,O
odložen,ADJ,VsYS----X-APP--,conj,,Masc,Sing,,0.0204537006288077,O
poté,ADV,Db-------------,advmod,,,,,-0.1307150668921549,O
",",PUNCT,Z:-------------,punct,,,,,0.1282084071652417,O
co,SCONJ,"J,-------------",mark,,,,,0.1569922699207029,O
se,PRON,P7-X4----------,expl:pv,Acc,,,,0.1501213225401716,O
u,ADP,RR--2----------,case,Gen,,,,-0.031046498633348,O
osmi,NUM,Cl-P2----------,nummod,Gen,,Plur,,0.0408436976917526,O
hráčů,NOUN,NNMP2-----A----,obl,Gen,Masc,Plur,Anim,-0.0164989666829063,O
a,CCONJ,J^-------------,cc,,,,,0.0400408030683884,O
pěti,NUM,Cl-P2----------,nummod,Gen,,Plur,,-0.0670301323980749,O
členů,NOUN,NNMP2-----A----,conj,Gen,Masc,Plur,Anim,0.0234342272643535,O
realizačního,ADJ,AAIS2----1A----,amod,Gen,Masc,Sing,Inan,0.08855161774983,O
týmu,NOUN,NNIS2-----A----,nmod,Gen,Masc,Sing,Inan,0.0503920058854597,O
objevily,VERB,VpTP----R-AAP--,advcl,,"Fem,Masc",Plur,Inan,-0.0856678190305018,O
pozitivní,ADJ,AAIP1----1A----,amod,Nom,Masc,Plur,Inan,0.421941191001059,O
výsledky,NOUN,NNIP1-----A----,nsubj,Nom,Masc,Plur,Inan,0.1316293794454666,O
.,PUNCT,Z:-------------,punct,,,,,0.5732180399434696,O
Kde,ADV,Db-------------,advmod,,,,,0.3353792641397703,O
je,AUX,VB-S---3P-AAI--,cop,,,Sing,,0.0603158156156463,O
to,DET,PDNS1----------,nsubj,Nom,Neut,Sing,,0.0156065852421081,O
uvedeno,ADJ,VsNS----X-APP--,advcl,,Neut,Sing,,0.439246938876646,O
",",PUNCT,Z:-------------,punct,,,,,0.5236047444288716,O
vztahuje,VERB,VB-S---3P-AAI--,root,,,Sing,,0.1512706365912457,O
se,PRON,P7-X4----------,expl:pv,Acc,,,,-0.0073631432418971,O
na,ADP,RR--4----------,case,Acc,,,,0.0109566821927116,O
hodinky,NOUN,NNFP4-----A----,obl:arg,Acc,Fem,Plur,,0.1923264021741221,O
mechanická,ADJ,AAFS1----1A----,amod,Nom,Fem,Sing,,0.1180038138133841,O
záruka,NOUN,NNFS1-----A----,nsubj,Nom,Fem,Sing,,-0.0219917779484332,O
.,PUNCT,Z:-------------,punct,,,,,0.386713086379766,O
Jestliže,SCONJ,"J,-------------",mark,,,,,0.1478020103231229,O
hledáte,VERB,VB-P---2P-AAI--,advcl,,,Plur,,-0.1410443222215933,O
komiks,NOUN,NNIS4-----A----,obj,Acc,Masc,Sing,Inan,0.035150809092825,O
v,ADP,RR--6----------,case,Loc,,,,-0.1949071906906702,O
dokonale,ADV,Dg-------1A----,advmod,,,,,-0.1111945781896132,O
neporušeném,ADJ,AAIS6----1N----,amod,Loc,Masc,Sing,Inan,0.0777032417247843,O
stavu,NOUN,NNIS6-----A----,obl,Loc,Masc,Sing,Inan,-0.0307099911014524,O
nebo,CCONJ,J^-------------,cc,,,,,0.0026592855182466,O
garantovanou,ADJ,AAFS7----1A----,amod,Ins,Fem,Sing,,0.0153171252667565,O
certifikací,NOUN,NNFS7-----A----,conj,Ins,Fem,Sing,,-0.0166155379484976,O
",",PUNCT,Z:-------------,punct,,,,,-0.5840382449964395,O
bude,AUX,VB-S---3F-AAI--,root,,,Sing,,-0.0705695767143234,O
lépe,ADV,Dg-------2A----,advmod,,,,,-0.3351749553065383,O
",",PUNCT,Z:-------------,punct,,,,,0.2039148513350141,O
když,SCONJ,"J,-------------",mark,,,,,0.0920464271928869,O
si,PRON,P7--3----------,obl,Dat,,,,-0.0696916297176476,O
komiks,NOUN,NNIS4-----A----,obj,Acc,Masc,Sing,Inan,0.0079671515669712,O
nejprve,ADV,Db-------------,advmod,,,,,0.0508045621358038,O
sami,DET,PLMP1----------,xcomp,Nom,Masc,Plur,Anim,-0.0133104841054687,O
prohlédnete,VERB,VB-P---2P-AAP--,csubj,,,Plur,,-0.0136787380425466,O
v,ADP,RR--6----------,case,Loc,,,,-0.1592334476258161,O
našem,DET,PSZS6-P1-------,det,Loc,"Masc,Neut",Sing,,0.0727901648150146,O
obchodě,NOUN,NNIS6-----A----,obl,Loc,Masc,Sing,Inan,-0.031734996944611,O
před,ADP,RR--7----------,case,Ins,,,,-0.0026843053970595,O
jeho,DET,P9XXXZS3-------,det,,,,,0.0611915971463838,O
objednáním,NOUN,NNNS7-----A----,obl,Ins,Neut,Sing,,-0.0431616880934309,O
!,PUNCT,Z:-------------,punct,,,,,0.3389950204693091,O
Pocházím,VERB,VB-S---1P-AAI--,root,,,Sing,,-0.1221872234021095,O
ze,ADP,RV--2----------,case,Gen,,,,-0.0529163953722717,O
země,NOUN,NNFS2-----A----,obl,Gen,Fem,Sing,,0.415407604511147,O
",",PUNCT,Z:-------------,punct,,,,,0.1067023967491228,O
ve,ADP,RV--6----------,case,Loc,,,,-0.0607735080928633,O
které,DET,P4FS6----------,obl,Loc,Fem,Sing,,0.0542391336228955,O
je,AUX,VB-S---3P-AAI--,acl:relcl,,,Sing,,-0.1927892442088602,O
povinná,ADJ,AAFS1----1A----,amod,Nom,Fem,Sing,,-0.0220783755530256,O
vojenská,ADJ,AAFS1----1A----,amod,Nom,Fem,Sing,,-0.0770426557272057,O
služba,NOUN,NNFS1-----A----,nsubj,Nom,Fem,Sing,,-0.03846561572144,O
a,CCONJ,J^-------------,cc,,,,,0.0318266546247297,O
zajímalo,VERB,VpNS----R-AAI--,conj,,Neut,Sing,,0.0386838746193164,O
by,AUX,Vc----------I--,aux,,,,,-0.1075588527907488,O
mě,PRON,PH-S4--1-------,obj,Acc,,Sing,,-0.1432833859369995,O
",",PUNCT,Z:-------------,punct,,,,,0.1135887931247288,O
jak,ADV,Db-------------,advmod,,,,,0.0078785309799916,O
to,DET,PDNS1----------,nsubj,Nom,Neut,Sing,,-0.1119523028691272,O
chodí,VERB,VB-S---3P-AAI--,csubj,,,Sing,,0.111266098315713,O
v,ADP,RR--6----------,case,Loc,,,,-0.2196792270056887,O
jiných,ADJ,AAFP6----1A----,amod,Loc,Fem,Plur,,0.1721667788124384,O
zemích,NOUN,NNFP6-----A----,obl,Loc,Fem,Plur,,0.1698195094235517,O
.,PUNCT,Z:-------------,punct,,,,,-0.1998006977957116,O
Pokud,SCONJ,"J,-------------",mark,,,,,0.148665352264037,O
chcete,VERB,VB-P---2P-AAI--,advcl,,,Plur,,-0.0023753557311806,O
koupit,VERB,Vf--------A-P--,xcomp,,,,,0.0255410731725518,O
kvalitní,ADJ,AANS4----1A----,amod,Acc,Neut,Sing,,0.2086143971713253,O
vybavení,NOUN,NNNS4-----A----,obj,Acc,Neut,Sing,,0.0508988122977278,O
",",PUNCT,Z:-------------,punct,,,,,-0.1221026918651703,O
na,ADP,RR--6----------,case,Loc,,,,0.1327685467484139,O
prvním,ADJ,CrNS6----------,amod,Loc,Neut,Sing,,0.3563152794745204,O
místě,NOUN,NNNS6-----A----,obl,Loc,Neut,Sing,,0.1767035858315293,O
je,AUX,VB-S---3P-AAI--,root,,,Sing,,-0.355873734276817,O
spacák,NOUN,NNIS1-----A----,nsubj,Nom,Masc,Sing,Inan,0.185277288451923,O
.,PUNCT,Z:-------------,punct,,,,,-0.5816068660133109,O
Twarock,PROPN,NNMS1-----A----,nsubj,Nom,Masc,Sing,Anim,0.0735587610151224,B-ps
řekl,VERB,VpYS----R-AAP--,root,,Masc,Sing,,-0.0212729116925698,O
",",PUNCT,Z:-------------,punct,,,,,0.150991701214103,O
že,SCONJ,"J,-------------",mark,,,,,0.0216083687327998,O
nová,ADJ,AANP1----1A----,amod,Nom,Neut,Plur,,0.0760612181849472,O
zdokumentování,NOUN,NNNP1-----A----,nsubj,Nom,Neut,Plur,,-0.0079058188539252,O
poskytují,VERB,VB-P---3P-AAI--,ccomp,,,Plur,,0.2075621367716256,O
také,ADV,Db-------------,advmod,,,,,-0.1313672655622365,O
nový,ADJ,AAIS4----1A----,amod,Acc,Masc,Sing,Inan,0.1100252533942781,O
pohled,NOUN,NNIS4-----A----,obj,Acc,Masc,Sing,Inan,-0.02299361877363,O
na,ADP,RR--4----------,case,Acc,,,,-0.1712312978983751,O
evoluci,NOUN,NNFS4-----A----,nmod,Acc,Fem,Sing,,-0.0856700357485374,O
virů,NOUN,NNIP2-----A----,nmod,Gen,Masc,Plur,Inan,0.0511090049703817,O
",",PUNCT,Z:-------------,punct,,,,,0.1619741248661325,O
naznačují,VERB,VB-P---3P-AAI--,conj,,,Plur,,-0.0036440477917148,O
nové,ADJ,AAIP4----1A----,amod,Acc,Masc,Plur,Inan,0.0885119436412451,O
způsoby,NOUN,NNIP4-----A----,obj,Acc,Masc,Plur,Inan,0.0194482348169873,O
",",PUNCT,Z:-------------,punct,,,,,0.2512891108043777,O
kterými,DET,P4XP7----------,obl,Ins,,Plur,,-0.0894100527086218,O
se,PRON,P7-X4----------,expl:pv,Acc,,,,-0.0590526126722849,O
větší,ADJ,AAIP1----2A----,amod,Nom,Masc,Plur,Inan,0.0129799453057417,O
a,CCONJ,J^-------------,cc,,,,,0.0205572324721251,O
složitější,ADJ,AAIP1----2A----,conj,Nom,Masc,Plur,Inan,0.0778340314418815,O
viry,NOUN,NNIP1-----A----,nsubj,Nom,Masc,Plur,Inan,0.0076210268249557,O
mohou,VERB,VB-P---3P-AAI-1,acl:relcl,,,Plur,,0.0624340454056309,O
vyvíjet,VERB,Vf--------A-I--,xcomp,,,,,-0.0436918441304902,O
z,ADP,RR--2----------,case,Gen,,,,-0.1795026049811644,O
těch,DET,PDXP2----------,obl:arg,Gen,,Plur,,0.0417431206247965,O
jednoduchých,ADJ,AAIP2----1A----,amod,Gen,Masc,Plur,Inan,0.0577062522650426,O
v,ADP,RR--6----------,case,Loc,,,,-0.3110069010283388,O
evolučním,ADJ,AANS6----1A----,amod,Loc,Neut,Sing,,-0.0245790255748248,O
časovém,ADJ,AANS6----1A----,amod,Loc,Neut,Sing,,0.0550549442744167,O
měřítku“,NOUN,NNNS6-----A----,obl,Loc,Neut,Sing,,0.0009612599459959,O
.,PUNCT,Z:-------------,punct,,,,,0.1365040843503956,O
Stále,ADV,Dg-------1A----,advmod,,,,,-0.397880291072668,O
neznáme,VERB,VB-P---1P-NAI--,root,,,Plur,,0.0854982358367169,O
důvod,NOUN,NNIS4-----A----,obj,Acc,Masc,Sing,Inan,-0.2482717928111647,O
",",PUNCT,Z:-------------,punct,,,,,0.4297307338363374,O
proč,ADV,Db-------------,advmod,,,,,-0.4228847652447287,O
byl,AUX,VpYS----R-AAI--,aux:pass,,Masc,Sing,,0.0638157675134493,O
zabit,ADJ,VsYS----X-APP--,amod,,Masc,Sing,,0.3454529903101576,O
.,PUNCT,Z:-------------,punct,,,,,0.2306980285807573,O
Sama,DET,PLFS1----------,xcomp,Nom,Fem,Sing,,-0.0887262348873168,B-P|B-pf
Cullis-Suzukiová,PROPN,NNFS1-----A----,flat,Nom,Fem,Sing,,0.074527338911714,I-P|B-ps
ve,ADP,RV--6----------,case,Loc,,,,-0.1516000085099113,O
svém,DET,P8ZS6----------,det,Loc,"Masc,Neut",Sing,,-0.1872336333196121,O
úsilí,NOUN,NNNS6-----A----,obl:arg,Loc,Neut,Sing,,0.044149303862832,O
pokračovala,VERB,VpQW----R-AAI--,root,,"Fem,Neut","Plur,Sing",,0.0539595791321518,O
na,ADP,RR--6----------,case,Loc,,,,0.0603191574776285,O
začátku,NOUN,NNIS6-----A----,obl,Loc,Masc,Sing,Inan,-0.0198180670672533,O
20,NUM,C=-------------,nummod,,,,,-0.047121402019152,B-no
.,PUNCT,Z:-------------,punct,,,,,-0.0624148614018452,I-no
století,NOUN,NNNS2-----A----,nmod,Gen,Neut,Sing,,-0.0955568180611416,O
založením,NOUN,NNNS7-----A----,obl,Ins,Neut,Sing,,-0.0268959876739699,O
ekologické,ADJ,AAFS2----1A----,amod,Gen,Fem,Sing,,-0.0453060408409074,O
instituce,NOUN,NNFS2-----A----,nmod,Gen,Fem,Sing,,0.0166184333431986,O
a,CCONJ,J^-------------,cc,,,,,-0.3212386081750376,O
prací,NOUN,NNFS7-----A----,conj,Ins,Fem,Sing,,0.133531859017511,O
pro,ADP,RR--4----------,case,Acc,,,,0.0720134637604851,O
zvláštní,ADJ,AAIS4----1A----,amod,Acc,Masc,Sing,Inan,0.0768733005221399,O
poradní,ADJ,AAIS4----1A----,amod,Acc,Masc,Sing,Inan,9.342782231337024,O
sbor,NOUN,NNIS4-----A----,nmod,Acc,Masc,Sing,Inan,0.0083615614478629,O
generálního,ADJ,AAMS2----1A----,amod,Gen,Masc,Sing,Anim,0.1429479679619222,O
tajemníka,NOUN,NNMS2-----A----,nmod,Gen,Masc,Sing,Anim,0.0505506176869504,O
OSN,PROPN,BNXXX-----A----,nmod,,,,,0.0321152300572461,B-io
Kofi,PROPN,NNMXX-----A----,flat,,Masc,,Anim,-0.10541391561641,B-P|B-pf
Annana,PROPN,NNMS2-----A----,flat,Gen,Masc,Sing,Anim,0.0029393628928588,I-P|B-ps
.,PUNCT,Z:-------------,punct,,,,,-0.0726259392167732,O
Nabízíme,VERB,VB-P---1P-AAI--,root,,,Plur,,0.7655647770082972,O
devět,NUM,Cl-S4----------,nummod:gov,Acc,,Sing,,0.1276127050587447,O
druhů,NOUN,NNIP2-----A----,obj,Gen,Masc,Plur,Inan,0.4301342939789428,O
plakátů,NOUN,NNIP2-----A----,nmod,Gen,Masc,Plur,Inan,0.0794942394175807,O
:,PUNCT,Z:-------------,punct,,,,,-0.278196224956366,O
Plechovky,NOUN,NNFP1-----A----,root,Nom,Fem,Plur,,-0.0500351960802747,O
od,ADP,RR--2----------,case,Gen,,,,-0.0678187875431568,O
piva,NOUN,NNNS2-----A----,nmod,Gen,Neut,Sing,,0.2955626459766621,O
či,CCONJ,J^-------------,cc,,,,,-0.1542916998546656,O
limonád,NOUN,NNFP2-----A----,conj,Gen,Fem,Plur,,-0.028891199462109,O
",",PUNCT,Z:-------------,punct,,,,,0.4623494150886251,O
staré,ADJ,AAIP1----1A----,amod,Nom,Masc,Plur,Inan,0.1940661315587623,O
otvíráky,NOUN,NNIP1-----A----,conj,Nom,Masc,Plur,Inan,0.186722285826956,O
na,ADP,RR--4----------,case,Acc,,,,0.1064616202262957,O
konzervy,NOUN,NNFP4-----A----,nmod,Acc,Fem,Plur,,0.0401187308894669,O
.,PUNCT,Z:-------------,punct,,,,,0.5722261838730673,O
“,PUNCT,Z:-------------,punct,,,,,0.1558398965754967,O
Americký,ADJ,AAMS1----1A----,amod,Nom,Masc,Sing,Anim,0.1246798966633915,O
vyslanec,NOUN,NNMS1-----A----,nsubj,Nom,Masc,Sing,Anim,0.0392668463075039,O
v,ADP,RR--6----------,case,Loc,,,,0.0104984998766161,O
Libyi,PROPN,NNFS6-----A----,nmod,Loc,Fem,Sing,,-0.0651070728892889,B-gc
Richard,PROPN,NNMS1-----A----,flat,Nom,Masc,Sing,Anim,-0.075078378649932,B-P|B-pf
Norland,PROPN,NNMS1-----A----,flat,Nom,Masc,Sing,Anim,-0.0689700826705809,I-P|B-ps
prohlásil,VERB,VpYS----R-AAP--,root,,Masc,Sing,,-0.1385355223921282,O
",",PUNCT,Z:-------------,punct,,,,,0.1574836311463906,O
že,SCONJ,"J,-------------",mark,,,,,-0.0724083360062029,O
odmítnutí,NOUN,NNNS1-----A----,nsubj,Nom,Neut,Sing,,0.0889761614594669,O
voleb,NOUN,NNFP2-----A----,nmod,Gen,Fem,Plur,,0.149732874599871,O
a,CCONJ,J^-------------,cc,,,,,0.0164374479160571,O
výzvy,NOUN,NNFP1-----A----,conj,Nom,Fem,Plur,,0.1759604732431234,O
k,ADP,RR--3----------,case,Dat,,,,-0.086698681730941,O
obstrukcím,NOUN,NNFP3-----A----,nmod,Dat,Fem,Plur,,0.049578577653288,O
pouze,ADV,Db-------------,advmod:emph,,,,,-0.0094579026730061,O
vydají,VERB,VB-P---3P-AAP--,ccomp,,,Plur,,0.0454223954504145,O
osud,NOUN,NNIS4-----A----,obj,Acc,Masc,Sing,Inan,0.1186545964441515,O
a,CCONJ,J^-------------,cc,,,,,0.1061620321096401,O
budoucnost,NOUN,NNFS4-----A----,conj,Acc,Fem,Sing,,0.0350663186633189,O
země,NOUN,NNFS2-----A----,nmod,Gen,Fem,Sing,,0.0186046918960822,O
na,ADP,RR--4----------,case,Acc,,,,-0.1280515680540835,O
milost,NOUN,NNFS4-----A----,obl,Acc,Fem,Sing,,-0.0388782029524562,O
a,CCONJ,J^-------------,cc,,,,,0.0140340669003778,O
nemilost,NOUN,NNFS4-----A----,conj,Acc,Fem,Sing,,0.0718978546923966,O
osobám,NOUN,NNFP3-----A----,obl:arg,Dat,Fem,Plur,,-0.0097052161296173,O
v,ADP,RR--6----------,case,Loc,,,,-0.0060305431232759,O
Libyi,PROPN,NNFS6-----A----,nmod,Loc,Fem,Sing,,0.4899966119962519,B-gc
a,CCONJ,J^-------------,cc,,,,,-0.0409628833457033,O
jejich,DET,P9XXXXP3-------,det,,,,,-0.1092957968338332,O
vnějším,ADJ,AAMP3----1A----,amod,Dat,Masc,Plur,Anim,0.0501788525259617,O
podporovatelům,NOUN,NNMP3-----A----,conj,Dat,Masc,Plur,Anim,0.0982892223544129,O
",",PUNCT,Z:-------------,punct,,,,,0.1476849802206225,O
kteří,DET,P4MP1----------,nsubj,Nom,Masc,Plur,Anim,-0.0440588225201038,O
upřednostňují,VERB,VB-P---3P-AAB--,acl:relcl,,,Plur,,0.0944050907264766,O
vojenskou,ADJ,AAFS4----1A----,amod,Acc,Fem,Sing,,0.1570292812119496,O
sílu,NOUN,NNFS4-----A----,obj,Acc,Fem,Sing,,0.2569827656383603,O
před,ADP,RR--7----------,case,Ins,,,,0.1136647517719546,O
cestou,NOUN,NNFS7-----A----,obl,Ins,Fem,Sing,,-0.0022793702955182,O
voleb,NOUN,NNFP2-----A----,nmod,Gen,Fem,Plur,,0.0208785175817943,O
.,PUNCT,Z:-------------,punct,,,,,0.2192242751996967,O
“,PUNCT,Z:-------------,punct,,,,,0.141258346903881,O
Vidím,VERB,VB-S---1P-AAI--,root,,,Sing,,0.1779179826229379,O
",",PUNCT,Z:-------------,punct,,,,,0.2219033144915473,O
že,SCONJ,"J,-------------",mark,,,,,0.0541802374663854,O
jste,AUX,VB-P---2P-AAI--,aux,,,Plur,,-0.0167915468094438,O
si,PRON,P7--3----------,obl,Dat,,,,0.1662943675847274,O
to,DET,PDNS4----------,obj,Acc,Neut,Sing,,0.0534892620800039,O
objednal,VERB,VpYS----R-AAP--,ccomp,,Masc,Sing,,-0.0168776372098088,O
z,ADP,RR--2----------,case,Gen,,,,0.1493722744039066,O
restaurace,NOUN,NNFS2-----A----,obl,Gen,Fem,Sing,,-0.2873687553343163,O
",",PUNCT,Z:-------------,punct,,,,,0.427887861971614,O
která,DET,P4FS1----------,nsubj,Nom,Fem,Sing,,0.0042391194054635,O
má,VERB,VB-S---3P-AAI--,acl:relcl,,,Sing,,0.4889281072070589,O
vlastní,ADJ,AANS4----1A----,amod,Acc,Neut,Sing,,-0.1829986677137711,O
doručování,NOUN,NNNS4-----A----,obj,Acc,Neut,Sing,,0.2389809603301798,O
.,PUNCT,Z:-------------,punct,,,,,-0.0475609013545952,O
Tento,DET,PDYS1----------,det,Nom,Masc,Sing,,0.0206669643011906,O
návrh,NOUN,NNIS1-----A----,nsubj,Nom,Masc,Sing,Inan,-0.1640086019819622,O
zákona,NOUN,NNIS2-----A----,nmod,Gen,Masc,Sing,Inan,0.0202146568606569,O
ruší,VERB,VB-S---3P-AAI--,root,,,Sing,,-0.0533366955326919,O
základní,ADJ,AANP4----1A----,amod,Acc,Neut,Plur,,0.2062760055181271,O
pravidla,NOUN,NNNP4-----A----,obj,Acc,Neut,Plur,,0.0119103598914776,O
našeho,DET,PSZS2-P1-------,det,Gen,"Masc,Neut",Sing,,0.034125574863163,O
právního,ADJ,AAIS2----1A----,amod,Gen,Masc,Sing,Inan,0.5132081126195706,O
systému,NOUN,NNIS2-----A----,nmod,Gen,Masc,Sing,Inan,0.0660551903228433,O
",",PUNCT,Z:-------------,punct,,,,,0.2451957045266481,O
jež,PRON,P4NP1----------,nsubj:pass,Nom,Neut,Plur,,0.1171249965494685,O
jsou,AUX,VB-P---3P-AAI--,aux:pass,,,Plur,,-0.153205238457571,O
ve,ADP,RV--6----------,case,Loc,,,,0.0523265010788146,O
skutečnosti,NOUN,NNFS6-----A----,obl,Loc,Fem,Sing,,0.1739708974231924,O
ve,ADP,RV--6----------,case,Loc,,,,0.1311352174527776,O
Spojených,ADJ,AAIP6----1A----,amod,Loc,Masc,Plur,Inan,0.0768585891642228,B-gc
státech,NOUN,NNIP6-----A----,obl,Loc,Masc,Plur,Inan,-0.0374144557582336,I-gc
chráněna,ADJ,VsQW----X-API--,amod,,"Fem,Neut","Plur,Sing",,0.122012477105679,O
ústavou,NOUN,NNFS7-----A----,obl,Ins,Fem,Sing,,-0.0857741772338507,O
.,PUNCT,Z:-------------,punct,,,,,-0.2994806378383892,O
Ale,CCONJ,J^-------------,cc,,,,,-0.2671845576931332,O
nebojte,VERB,Vi-P---2--N-I--,root,,,Plur,,0.0330562039382535,O
se,PRON,P7-X4----------,expl:pv,Acc,,,,-0.0017352516094816,O
",",PUNCT,Z:-------------,punct,,,,,0.033391904533474,O
mohu,VERB,VB-S---1P-AAI-1,conj,,,Sing,,0.3921773039873984,O
vám,PRON,PP-P3--2-------,obl:arg,Dat,,Plur,,0.1707144487685195,O
také,ADV,Db-------------,advmod,,,,,0.0017994847438643,O
poslat,VERB,Vf--------A-P--,xcomp,,,,,-0.0301435329088793,O
odkaz,NOUN,NNIS4-----A----,obj,Acc,Masc,Sing,Inan,-0.0730973295258755,O
na,ADP,RR--4----------,case,Acc,,,,0.4199333658585447,O
resetování,NOUN,NNNS4-----A----,nmod,Acc,Neut,Sing,,0.1570972912011624,O
vašeho,DET,PSZS2-P2-------,det,Gen,"Masc,Neut",Sing,,-0.0457372279672218,O
hesla,NOUN,NNNS2-----A----,nmod,Gen,Neut,Sing,,0.4510973900382833,O
Lov,NOUN,NNIS1-----A----,root,Nom,Masc,Sing,Inan,-0.3486639392558099,O
bossů,NOUN,NNMP2-----A----,nmod,Gen,Masc,Plur,Anim,0.2999380814622339,O
–,PUNCT,Z:-------------,punct,,,,,-0.0511371677119204,O
vytvořte,VERB,Vi-P---2--A-P--,conj,,,Plur,,0.0370285468813303,O
s,ADP,RR--7----------,case,Ins,,,,-0.0465191759932965,O
přáteli,NOUN,NNMP7-----A----,obl,Ins,Masc,Plur,Anim,0.058418884306515,O
nebo,CCONJ,J^-------------,cc,,,,,-0.027491748369529,O
jinými,ADJ,AAMP7----1A----,amod,Ins,Masc,Plur,Anim,-0.0033041281118576,O
hráči,NOUN,NNMP7-----A----,conj,Ins,Masc,Plur,Anim,0.030130020732791,O
skupinu,NOUN,NNFS4-----A----,obj,Acc,Fem,Sing,,-0.0227179735747114,O
a,CCONJ,J^-------------,cc,,,,,-0.0474057300005119,O
vydejte,VERB,Vi-P---2--A-P--,conj,,,Plur,,0.0171803835859444,O
se,PRON,P7-X4----------,expl:pv,Acc,,,,-0.3362337720693882,O
na,ADP,RR--4----------,case,Acc,,,,-0.1733456560375973,O
lov,NOUN,NNIS4-----A----,obl,Acc,Masc,Sing,Inan,-0.1282915248725222,O
menších,ADJ,AAMP2----2A----,amod,Gen,Masc,Plur,Anim,0.0180040277169071,O
a,CCONJ,J^-------------,cc,,,,,0.0367545633856394,O
větších,ADJ,AAMP2----2A----,conj,Gen,Masc,Plur,Anim,0.1081049768453084,O
bossů,NOUN,NNMP2-----A----,nmod,Gen,Masc,Plur,Anim,-0.0729823573679255,O
a,CCONJ,J^-------------,cc,,,,,-0.0532904831814796,O
získejte,VERB,Vi-P---2--A-P--,conj,,,Plur,,0.0675633753754865,O
tuto,DET,PDFS4----------,det,Acc,Fem,Sing,,0.0261134800990366,O
vzácnou,ADJ,AAFS4----1A----,amod,Acc,Fem,Sing,,-0.041935452069716,O
kořist,NOUN,NNFS4-----A----,obj,Acc,Fem,Sing,,0.0055258438025749,O
.,PUNCT,Z:-------------,punct,,,,,0.4124298020920621,O
Klikněte,VERB,Vi-P---2--A-P--,root,,,Plur,,0.5665333183597241,O
pravým,ADJ,AANS7----1A----,amod,Ins,Neut,Sing,,0.0469038526903104,O
tlačítkem,NOUN,NNNS7-----A----,obl,Ins,Neut,Sing,,-0.0068788121709234,O
myši,NOUN,NNFS2-----A----,nmod,Gen,Fem,Sing,,0.0256030806182663,O
na,ADP,RR--4----------,case,Acc,,,,-0.0527449801978598,O
čtečka,NOUN,NNFS1-----A----,obl,Nom,Fem,Sing,,-0.1339529163508689,O
#PRS,NOUN,BNXXX-----A----,root,,,,,0.147224749052774,O
_,PUNCT,Z:-------------,punct,,,,,0.0578530379622893,O
ORG,NOUN,BNXXX-----A----,conj,,,,,-0.1464153240237598,O
#,NUM,C=-------------,nummod,,,,,0.0485666096599884,O
pod,ADP,RR--7----------,case,Ins,,,,-0.0013469704799835,O
řádkem,NOUN,NNIS7-----A----,dep,Ins,Masc,Sing,Inan,-0.057619045802929,O
Zařízení‘,NOUN,NNNS1-----A----,nmod,Nom,Neut,Sing,,0.3036731992231174,O
.,PUNCT,Z:-------------,punct,,,,,-0.1825349901434471,O
Danou,ADJ,AAFS4----1A----,amod,Acc,Fem,Sing,,0.0504269034452969,O
osobu,NOUN,NNFS4-----A----,obj,Acc,Fem,Sing,,-0.0641785631762736,O
by,AUX,Vc----------I--,aux,,,,,-0.0025634828350133,O
pak,ADV,Db-------------,advmod,,,,,0.5231159790024501,O
bylo,AUX,VpNS----R-AAI--,cop,,Neut,Sing,,0.0121174252617328,O
možné,ADJ,AANS1----1A----,root,Nom,Neut,Sing,,-0.0207386265076295,O
vyslýchat,VERB,Vf--------A-I--,csubj,,,,,0.0792435986518774,O
až,PART,TT-------------,advmod:emph,,,,,-0.2405661101145755,O
40,NUM,C=-------------,nummod:gov,,,,,0.1640575219408161,B-nc
hodin,NOUN,NNFP2-----A----,obl,Gen,Fem,Plur,,-0.0182320177426839,O
(,PUNCT,Z:-------------,punct,,,,,-0.2251629124885334,O
což,PRON,PQ--1----------,nsubj,Nom,,,,-0.1679260170276664,O
nezahrnuje,VERB,VB-S---3P-NAI--,root,,,Sing,,0.3825453382667925,O
přestávky,NOUN,NNFP4-----A----,obj,Acc,Fem,Plur,,0.2761978283188613,O
),PUNCT,Z:-------------,punct,,,,,0.1105061180936202,O
.,PUNCT,Z:-------------,punct,,,,,-0.2407135820726824,O
Soudní,ADJ,AANS1----1A----,amod,Nom,Neut,Sing,,0.1240181943973747,O
obvinění,NOUN,NNNS1-----A----,nsubj,Nom,Neut,Sing,,-0.0274955445935932,O
ze,ADP,RV--2----------,case,Gen,,,,-0.0197989250803957,O
čtvrtka,NOUN,NNIS2-----A---1,nmod,Gen,Masc,Sing,Inan,0.0096194081952094,O
je,AUX,VB-S---3P-AAI--,cop,,,Sing,,-0.1935140215854554,O
nejnovějším,ADJ,AAIS7----3A----,amod,Ins,Masc,Sing,Inan,0.0725926562019428,O
úderem,NOUN,NNIS7-----A----,root,Ins,Masc,Sing,Inan,0.0472859812844885,O
v,ADP,RR--6----------,case,Loc,,,,0.113418187145497,O
politickém,ADJ,AAIS6----1A----,amod,Loc,Masc,Sing,Inan,-0.0681418123106874,O
boji,NOUN,NNIS6-----A----,nmod,Loc,Masc,Sing,Inan,-0.2201337974276805,O
",",PUNCT,Z:-------------,punct,,,,,0.1708626468100267,O
který,DET,P4YS1----------,nsubj,Nom,Masc,Sing,,-0.0077804077692677,O
se,PRON,P7-X4----------,expl:pv,Acc,,,,-0.0117492301270451,O
rozhořel,VERB,VpYS----R-AAP--,acl:relcl,,Masc,Sing,,0.0565683857283768,O
poté,ADV,Db-------------,advmod,,,,,0.0671082426847788,O
",",PUNCT,Z:-------------,punct,,,,,0.2502152341253817,O
co,SCONJ,"J,-------------",mark,,,,,-0.0792838280777766,O
vůdce,NOUN,NNMS1-----A----,nsubj,Nom,Masc,Sing,Anim,0.1433919870351364,O
opozice,NOUN,NNFS2-----A----,nmod,Gen,Fem,Sing,,0.1358019003317921,O
Sam,PROPN,NNMS1-----A----,flat,Nom,Masc,Sing,Anim,0.012284406104636,B-P|B-pf
Rainsy,PROPN,NNMS1-----A----,flat,Nom,Masc,Sing,Anim,-0.118094709504116,I-P|B-ps
oznámil,VERB,VpYS----R-AAP--,advcl,,Masc,Sing,,-0.1010178893801589,O
",",PUNCT,Z:-------------,punct,,,,,0.0645627300236451,O
že,SCONJ,"J,-------------",mark,,,,,0.0083750474707824,O
má,VERB,VB-S---3P-AAI--,ccomp,,,Sing,,-0.0595927621931269,O
v,ADP,RR--6----------,case,Loc,,,,-0.0191766884304204,O
plánu,NOUN,NNIS6-----A----,obl:arg,Loc,Masc,Sing,Inan,-0.0157865513155212,O
vrátit,VERB,Vf--------A-P--,xcomp,,,,,0.0268181189390484,O
se,PRON,P7-X4----------,expl:pv,Acc,,,,-0.0780653376300486,O
9,NUM,C=-------------,nummod,,,,,-0.4152016270117566,B-T|B-td
.,PUNCT,Z:-------------,punct,,,,,-0.0927934157279619,I-T|I-td
listopadu,NOUN,NNIS2-----A----,obl,Gen,Masc,Sing,Inan,0.0098014731478358,I-T|B-tm
z,ADP,RR--2----------,case,Gen,,,,0.0030001883307025,O
více,ADV,Dg-------2A----,advmod,,,,,0.0709749238565137,O
než,SCONJ,"J,-------------",fixed,,,,,-0.0815454805339755,O
tříletého,ADJ,AAIS2----1A----,amod,Gen,Masc,Sing,Inan,0.0501974617746605,O
exilu,NOUN,NNIS2-----A----,obl,Gen,Masc,Sing,Inan,0.0002172741023918,O
",",PUNCT,Z:-------------,punct,,,,,0.0840588876611091,O
aby,AUX,Vc-------------,aux,,,,,0.2254603829385527,O
se,PRON,P7-X4----------,expl:pv,Acc,,,,0.060005549605373,O
pokusil,VERB,VpYS----R-AAP--,advcl,,Masc,Sing,,0.0629644345215097,O
obnovit,VERB,Vf--------A-P--,xcomp,,,,,0.1165874651652618,O
demokracii“,NOUN,NNFP4-----A----,obj,Acc,Fem,Plur,,0.0504177930111552,O
.,PUNCT,Z:-------------,punct,,,,,0.1904115494625481,O
Tam,ADV,Db-------------,advmod,,,,,0.0876016371603558,O
se,PRON,P7-X4----------,expl:pv,Acc,,,,0.0749747977905463,O
v,ADP,RR--6----------,case,Loc,,,,-0.3642150288743169,O
roce,NOUN,NNIS6-----A---1,obl,Loc,Masc,Sing,Inan,-0.1102040975933743,O
2012,NUM,C=-------------,nummod,,,,,0.057609859156046,B-ty
uchýlil,VERB,VpYS----R-AAP--,root,,Masc,Sing,,0.1567420809541382,O
po,ADP,RR--6----------,case,Loc,,,,-0.0450897463923818,O
zaplacení,NOUN,NNNS6-----A----,obl,Loc,Neut,Sing,,0.0626746511299887,O
kauce,NOUN,NNFS2-----A----,nmod,Gen,Fem,Sing,,0.0160250834959721,O
a,CCONJ,J^-------------,cc,,,,,-0.1444008541148709,O
hrozilo,VERB,VpNS----R-AAI--,conj,,Neut,Sing,,0.0639671924644943,O
mu,PRON,P5ZS3--3-------,obl:arg,Dat,"Masc,Neut",Sing,,-0.0772379847801319,O
vydání,NOUN,NNNS1-----A----,nsubj,Nom,Neut,Sing,,0.218488160702654,O
do,ADP,RR--2----------,case,Gen,,,,0.1229666866919978,O
Švédska,PROPN,NNNS2-----A----,nmod,Gen,Neut,Sing,,0.1048276328611314,B-gc
kvůli,ADP,RR--3----------,case,Dat,,,,0.3007918152952511,O
obvinění,NOUN,NNNS3-----A----,obl,Dat,Neut,Sing,,0.1122780499301989,O
ze,ADP,RV--2----------,case,Gen,,,,0.1145252274011845,O
sexuálního,ADJ,AANS2----1A----,amod,Gen,Neut,Sing,,0.2705494700839405,O
obtěžování,NOUN,NNNS2-----A----,nmod,Gen,Neut,Sing,,0.0798383039368207,O
;,PUNCT,Z:-------------,punct,,,,,0.1301769023632483,O
řekl,VERB,VpYS----R-AAP--,conj,,Masc,Sing,,-0.252581025493387,O
",",PUNCT,Z:-------------,punct,,,,,0.0513963229037796,O
že,SCONJ,"J,-------------",mark,,,,,0.1725143844614577,O
se,PRON,P7-X4----------,expl:pv,Acc,,,,0.0172191640148073,O
obává,VERB,VB-S---3P-AAI--,ccomp,,,Sing,,0.0108386655089016,O
vydání,NOUN,NNNS2-----A----,obl:arg,Gen,Neut,Sing,,0.0675819383960313,O
do,ADP,RR--2----------,case,Gen,,,,0.1411624996592941,O
USA,PROPN,BNXXX-----A----,nmod,,,,,0.0584537506088119,B-gc
",",PUNCT,Z:-------------,punct,,,,,-0.2342449900930529,O
pokud,SCONJ,"J,-------------",mark,,,,,-0.0180648615278035,O
zanechá,VERB,VB-S---3P-AAP--,advcl,,,Sing,,0.1781268425792341,O
svého,DET,P8ZS2----------,det,Gen,"Masc,Neut",Sing,,-0.011376128797904,O
působení,NOUN,NNNS2-----A----,obl:arg,Gen,Neut,Sing,,-0.0144448525815629,O
ve,ADP,RV--6----------,case,Loc,,,,-0.1268916981795181,O
WikiLeaks,PROPN,NNXXX-----A----,nmod,,,,,0.0266217083793288,B-mn
.,PUNCT,Z:-------------,punct,,,,,0.3411980081984287,O
Byl,AUX,VpYS----R-AAI--,cop,,Masc,Sing,,-0.6413387168644797,O
v,ADP,RR--6----------,case,Loc,,,,0.0182834470875499,O
tom,DET,PDZS6----------,obl,Loc,"Masc,Neut",Sing,,-0.1056129114713684,O
taky,ADV,Db-------------,advmod,,,,,-0.1740439324601362,O
zdvořilý,ADJ,AAMS1----1A----,root,Nom,Masc,Sing,Anim,0.071928597711989,O
.,PUNCT,Z:-------------,punct,,,,,-0.5122508731995338,O
Mzdy,NOUN,NNFP1-----A----,nsubj,Nom,Fem,Plur,,0.1030291882135073,O
ve,ADP,RV--6----------,case,Loc,,,,-0.0506387242676072,O
skutečnosti,NOUN,NNFS6-----A----,obl,Loc,Fem,Sing,,0.1894621811988399,O
nerostou,VERB,VB-P---3P-NAI--,root,,,Plur,,0.1131928565471951,O
",",PUNCT,Z:-------------,punct,,,,,0.2740704696973183,O
ale,CCONJ,J^-------------,cc,,,,,0.754485601827363,O
nekvalitní,ADJ,AAFP1----1N----,amod,Nom,Fem,Plur,,0.1691379053370379,O
věci,NOUN,NNFP1-----A----,nsubj,Nom,Fem,Plur,,0.0768250104420686,O
jsou,AUX,VB-P---3P-AAI--,cop,,,Plur,,0.3153978959654531,O
levnější,ADJ,AAFP1----2A----,conj,Nom,Fem,Plur,,0.2355220834914775,O
.,PUNCT,Z:-------------,punct,,,,,0.1838583408963064,O
Pákistánský,ADJ,AAMS1----1A----,amod,Nom,Masc,Sing,Anim,0.0586296481729484,O
kriketista,NOUN,NNMS1-----A----,nsubj,Nom,Masc,Sing,Anim,0.146545384964585,O
Imám-Ul-Haq,PROPN,NNMS1-----A----,flat,Nom,Masc,Sing,Anim,0.1364218743480969,B-P|B-p_
po,ADP,RR--6----------,case,Loc,,,,0.1272878192261679,O
zranění,NOUN,NNNS6-----A----,obl,Loc,Neut,Sing,,0.0072510565493033,O
během,ADP,RR--2----------,case,Gen,,,,0.1120601603987715,O
rozcvičovacího,ADJ,AAIS2----1A----,amod,Gen,Masc,Sing,Inan,0.061640887634945,O
zápasu,NOUN,NNIS2-----A----,nmod,Gen,Masc,Sing,Inan,0.4007195492606745,O
opět,ADV,Db-------------,advmod,,,,,0.0030795683562007,O
připraven,ADJ,VsYS----X-APP--,root,,Masc,Sing,,-0.0408037392637539,O
na,ADP,RR--4----------,case,Acc,,,,-0.0623140478495231,O
pálku,NOUN,NNFS4-----A----,obl,Acc,Fem,Sing,,0.1024560205923061,O
Zpěvák,NOUN,NNMS1-----A----,nmod,Nom,Masc,Sing,Anim,0.0390495736136758,O
a,CCONJ,J^-------------,cc,,,,,-0.0616858410481288,O
hudební,ADJ,AAMS1----1A----,amod,Nom,Masc,Sing,Anim,-0.0053267887375379,O
skladatel,NOUN,NNMS1-----A----,conj,Nom,Masc,Sing,Anim,0.0098791122652213,O
Zubeen,PROPN,NNMS1-----A----,nsubj,Nom,Masc,Sing,Anim,0.0478816434340058,B-P|B-pf
Garg,PROPN,NNMS1-----A----,flat,Nom,Masc,Sing,Anim,0.1411834811471852,I-P|B-ps
",",PUNCT,Z:-------------,punct,,,,,0.1702478164934768,O
který,DET,P4YS1----------,nsubj,Nom,Masc,Sing,,0.1314990724951533,O
byl,AUX,VpYS----R-AAI--,cop,,Masc,Sing,,0.2128311016113695,O
ústřední,ADJ,AAFS7----1A----,amod,Ins,Fem,Sing,,0.3798143943754216,O
postavou,NOUN,NNFS7-----A----,acl:relcl,Ins,Fem,Sing,,0.1331502039614573,O
protestů,NOUN,NNIP2-----A----,nmod,Gen,Masc,Plur,Inan,0.1738717657050803,O
v,ADP,RR--6----------,case,Loc,,,,-0.0040856725691526,O
roce,NOUN,NNIS6-----A---1,nmod,Loc,Masc,Sing,Inan,-0.0046431083451642,O
2019,NUM,C=-------------,nummod,,,,,0.2552274382370746,B-ty
",",PUNCT,Z:-------------,punct,,,,,0.1157349251178466,O
také,ADV,Db-------------,advmod,,,,,-0.1179642533268067,O
vzdal,VERB,VpYS----R-AAP--,root,,Masc,Sing,,0.0719334428330543,O
hold,NOUN,NNIS4-----A----,obj,Acc,Masc,Sing,Inan,0.0816399573934346,O
na,ADP,RR--6----------,case,Loc,,,,-0.2049541059247532,O
programu,NOUN,NNIS6-----A----,obl,Loc,Masc,Sing,Inan,-0.0650244251211548,O
pořádaném,ADJ,AAIS6----1A----,amod,Loc,Masc,Sing,Inan,0.2869508978292975,O
AASU,NOUN,BNXXX-----A----,obj,,,,,-0.0515103096705016,B-ic
.,PUNCT,Z:-------------,punct,,,,,-0.344006312871461,O
HSBC,NOUN,BNXXX-----A----,nsubj,,,,,0.0545758031035201,B-if
vyvinula,VERB,VpQW----R-AAP--,root,,"Fem,Neut","Plur,Sing",,0.0754859737523712,O
nástroj,NOUN,NNIS4-----A----,obj,Acc,Masc,Sing,Inan,-0.0549631288628917,O
na,ADP,RR--4----------,case,Acc,,,,-0.043265731683785,O
detekování,NOUN,NNNS4-----A----,nmod,Acc,Neut,Sing,,0.3069007030942313,O
trestných,ADJ,AAIP2----1A----,amod,Gen,Masc,Plur,Inan,0.0917707775085461,O
činů,NOUN,NNIP2-----A----,nmod,Gen,Masc,Plur,Inan,0.2412644053708902,O
z,ADP,RR--2----------,case,Gen,,,,0.157745903155393,O
důvodu,NOUN,NNIS2-----A----,fixed,Gen,Masc,Sing,Inan,0.6742117519876604,O
rozšíření,NOUN,NNNS2-----A----,obl,Gen,Neut,Sing,,0.2493407188306015,O
svých,DET,P8XP2----------,det,Gen,,Plur,,-0.1119385397857198,O
obchodních,ADJ,AAFP2----1A----,amod,Gen,Fem,Plur,,0.1092364192669416,O
aktivit,NOUN,NNFP2-----A----,nmod,Gen,Fem,Plur,,-0.0744928913028338,O
Ředitelé,NOUN,NNMP1-----A----,nsubj,Nom,Masc,Plur,Anim,0.245430067771725,O
uvítají,VERB,VB-P---3P-AAP--,ccomp,,,Plur,,-0.0522250287216198,O
příležitost,NOUN,NNFS4-----A----,obj,Acc,Fem,Sing,,-0.0129052308467359,O
uvést,VERB,Vf--------A-P--,acl,,,,,-0.0530637228860274,O
výpovědi,NOUN,NNFP4-----A----,obj,Acc,Fem,Plur,,0.0220230253754821,O
na,ADP,RR--4----------,case,Acc,,,,-0.1135571998241825,O
pravou,ADJ,AAFS4----1A----,amod,Acc,Fem,Sing,,-0.0680588360367183,O
míru,NOUN,NNFS4-----A----,obl,Acc,Fem,Sing,,-0.0402515370490206,O
a,CCONJ,J^-------------,cc,,,,,-0.0089152096842718,O
dokázat,VERB,Vf--------A-P--,conj,,,,,0.0030966043529599,O
",",PUNCT,Z:-------------,punct,,,,,0.0840867249419217,O
že,SCONJ,"J,-------------",mark,,,,,-0.0118344323218349,O
jejich,DET,P9XXXXP3-------,det,,,,,-0.0092322069174741,O
počínání,NOUN,NNNS1-----A----,nsubj,Nom,Neut,Sing,,-0.0255031228032438,O
bylo,AUX,VpNS----R-AAI--,ccomp,,Neut,Sing,,0.0606812294492067,O
vždy,ADV,Db-------------,advmod,,,,,-0.0618835420299073,O
v,ADP,RR--6----------,case,Loc,,,,-0.0774948970532859,O
nejlepším,ADJ,AAIS6----3A----,amod,Loc,Masc,Sing,Inan,0.0348971293276383,O
zájmu,NOUN,NNIS6-----A----,obl,Loc,Masc,Sing,Inan,-0.0633178677066137,O
zákazníků,NOUN,NNMP2-----A----,nmod,Gen,Masc,Plur,Anim,-0.0443140403324132,O
",",PUNCT,Z:-------------,punct,,,,,0.21332464290605,O
zaměstnanců,NOUN,NNMP2-----A----,conj,Gen,Masc,Plur,Anim,-0.0630395501287075,O
a,CCONJ,J^-------------,cc,,,,,-0.0094217939360586,O
zúčastněných,ADJ,AAFP2----1A----,amod,Gen,Fem,Plur,,-0.0264325631233744,O
stran,NOUN,NNFP2-----A----,conj,Gen,Fem,Plur,,-0.0132222005519943,O
cestovní,ADJ,AAFS2----1A----,amod,Gen,Fem,Sing,,0.0727101978326988,O
kanceláře,NOUN,NNFS2-----A----,nmod,Gen,Fem,Sing,,-0.0359293906302175,O
Thomas,PROPN,NNMS1-----A----,nmod,Nom,Masc,Sing,Anim,-0.0235705716817289,B-if
Cook,PROPN,NNMS1-----A----,flat,Nom,Masc,Sing,Anim,-0.0600336330624756,I-if
",",PUNCT,Z:-------------,punct,,,,,-0.0372769233978834,O
“,PUNCT,Z:-------------,punct,,,,,0.08109259882919,O
řekl,VERB,VpYS----R-AAP--,root,,Masc,Sing,,-0.1249803338537444,O
agentuře,NOUN,NNFS3-----A----,obl:arg,Dat,Fem,Sing,,-0.1503797828883577,O
Reuters,PROPN,NNIS1-----A----,nmod,Nom,Masc,Sing,Inan,0.009118826137911,B-mn
člověk,NOUN,NNMS1-----A----,nsubj,Nom,Masc,Sing,Anim,-0.0916354074314641,O
obeznámený,ADJ,AAMS1----1A----,amod,Nom,Masc,Sing,Anim,0.029504439828507,O
s,ADP,RR--7----------,case,Ins,,,,-0.0133404395684673,O
poměry,NOUN,NNIP7-----A----,obl:arg,Ins,Masc,Plur,Inan,0.0406266782884152,O
ve,ADP,RV--6----------,case,Loc,,,,-0.0875859347310145,O
společnosti,NOUN,NNFS6-----A----,nmod,Loc,Fem,Sing,,-0.0822792640793328,O
.,PUNCT,Z:-------------,punct,,,,,0.4648555268757539,O
Je,AUX,VB-S---3P-AAI--,cop,,,Sing,,0.253755026446465,O
navržena,ADJ,VsQW----X-APP-1,root,,"Fem,Neut","Plur,Sing",,-0.0071127091765457,O
speciálně,ADV,Dg-------1A----,advmod,,,,,-0.0512901151303096,O
pro,ADP,RR--4----------,case,Acc,,,,-0.0857189358887937,O
podtlaková,ADJ,AANP4----1A----,amod,Acc,Neut,Plur,,-0.040100051410862,O
potrubí,NOUN,NNNP4-----A----,obl,Acc,Neut,Plur,,-0.0563415809241638,O
",",PUNCT,Z:-------------,punct,,,,,-0.0041626839067212,O
odvzdušňovací,ADJ,AAFP4----1A----,amod,Acc,Fem,Plur,,0.0111179218080978,O
hadice,NOUN,NNFP4-----A----,conj,Acc,Fem,Plur,,0.0462628441386111,O
karburátorů,NOUN,NNIP2-----A----,nmod,Gen,Masc,Plur,Inan,0.1148234373618101,O
",",PUNCT,Z:-------------,punct,,,,,0.0754666870462033,O
odvzdušňovací,ADJ,AAFP4----1A----,amod,Acc,Fem,Plur,,0.0628270038993615,O
hadice,NOUN,NNFP4-----A----,conj,Acc,Fem,Plur,,-0.0530281625383959,O
palivových,ADJ,AAFP2----1A----,amod,Gen,Fem,Plur,,0.0732907707180388,O
nádrží,NOUN,NNFP2-----A----,nmod,Gen,Fem,Plur,,-0.0147670106574534,O
",",PUNCT,Z:-------------,punct,,,,,0.0944728992832085,O
přetok,NOUN,NNIS4-----A----,conj,Acc,Masc,Sing,Inan,0.0182368840185834,O
chladicí,ADJ,AAFS2----1A----,amod,Gen,Fem,Sing,,0.0990517328613817,O
kapaliny,NOUN,NNFS2-----A----,nmod,Gen,Fem,Sing,,0.0807334652927504,O
a,CCONJ,J^-------------,cc,,,,,-0.2149861292537056,O
kontrolu,NOUN,NNFS4-----A----,conj,Acc,Fem,Sing,,0.054455224742803,O
emisí,NOUN,NNFP2-----A----,nmod,Gen,Fem,Plur,,0.0247334202618719,O
a,CCONJ,J^-------------,cc,,,,,-0.0826319816784887,O
lze,VERB,VB-S---3P-AAI--,conj,,,Sing,,0.0849843260891111,O
ji,PRON,PEFS4--3-------,obj,Acc,Fem,Sing,,-0.0432654494373874,O
použít,VERB,Vf--------A-P--,csubj,,,,,-0.0238300806964305,O
pro,ADP,RR--4----------,case,Acc,,,,0.1265316314104248,O
hadice,NOUN,NNFP4-----A----,obl,Acc,Fem,Plur,,-0.0242804900389639,O
ostřikovačů,NOUN,NNIP2-----A----,nmod,Gen,Masc,Plur,Inan,0.1033534933990303,O
a,CCONJ,J^-------------,cc,,,,,-0.025871981119618,O
izolaci,NOUN,NNFS4-----A----,conj,Acc,Fem,Sing,,-0.0293300592503975,O
vodičů,NOUN,NNIP2-----A----,nmod,Gen,Masc,Plur,Inan,0.0978534364674598,O
.,PUNCT,Z:-------------,punct,,,,,0.7216004423127217,O
Podle,ADP,RR--2----------,case,Gen,,,,-0.1958068237250225,O
Kudlowa,PROPN,NNMS2-----A----,obl,Gen,Masc,Sing,Anim,0.0571337697561192,B-ps
bude,AUX,VB-S---3F-AAI--,aux,,,Sing,,-0.3783660765158942,O
další,ADJ,AAIS1----1A----,amod,Nom,Masc,Sing,Inan,-0.011408151557565,O
stimulační,ADJ,AAIS1----1A----,amod,Nom,Masc,Sing,Inan,0.0950752860370362,O
balíček,NOUN,NNIS1-----A----,nsubj,Nom,Masc,Sing,Inan,0.1043146014447728,O
zahrnovat,VERB,Vf--------A-I--,root,,,,,0.0823081438866196,O
více,ADV,Dg-------2A----,obj,,,,,-0.2498986727442377,O
kontrol,NOUN,NNFP2-----A----,nmod,Gen,Fem,Plur,,-0.1918191623770973,O
i,CCONJ,J^-------------,cc,,,,,0.5688910332696943,O
prodloužení,NOUN,NNNS4-----A----,conj,Acc,Neut,Sing,,0.1869518846817831,O
moratoria,NOUN,NNNS2-----A----,nmod,Gen,Neut,Sing,,0.0643887842481928,O
na,ADP,RR--4----------,case,Acc,,,,0.0260294857428047,O
soudní,ADJ,AANS4----1A----,amod,Acc,Neut,Sing,,0.2113299034135082,O
vystěhování,NOUN,NNNS4-----A----,nmod,Acc,Neut,Sing,,0.1513309121394482,O
Návrh,NOUN,NNIS1-----A----,nsubj,Nom,Masc,Sing,Inan,0.4176950594049777,O
zákona,NOUN,NNIS2-----A----,nmod,Gen,Masc,Sing,Inan,-0.1344331934111856,O
přenáší,VERB,VB-S---3P-AAI--,root,,,Sing,,0.065220980597382,O
rozhodnutí,NOUN,NNNS4-----A----,obj,Acc,Neut,Sing,,0.1719205077742198,O
o,ADP,RR--6----------,case,Loc,,,,-0.1548215923301517,O
vydání,NOUN,NNNS6-----A----,nmod,Loc,Neut,Sing,,-0.2178635701899742,O
příkazu,NOUN,NNIS2-----A----,nmod,Gen,Masc,Sing,Inan,-0.1166242830765194,O
k,ADP,RR--3----------,case,Dat,,,,0.1293241210150458,O
výslechu,NOUN,NNIS3-----A----,nmod,Dat,Masc,Sing,Inan,0.2230915500225672,O
ze,ADP,RV--2----------,case,Gen,,,,-0.092578184457359,O
soudce,NOUN,NNMS2-----A----,obl,Gen,Masc,Sing,Anim,0.1790953014816248,O
na,ADP,RR--4----------,case,Acc,,,,-0.086414005629833,O
generálního,ADJ,AAMS4----1A----,amod,Acc,Masc,Sing,Anim,0.0047792875713067,O
prokurátora,NOUN,NNMS4-----A----,obl,Acc,Masc,Sing,Anim,0.2970070838097687,O
.,PUNCT,Z:-------------,punct,,,,,-0.2698013793314683,O
Nemá,VERB,VB-S---3P-NAI--,root,,,Sing,,0.3298525241245696,O
to,DET,PDNS1----------,nsubj,Nom,Neut,Sing,,0.3320167710248435,O
nic,PRON,PY--4----------,obj,Acc,,,,-0.0428528569121848,O
společného,ADJ,AANS2----1A----,amod,Gen,Neut,Sing,,-0.2132744530763332,O
s,ADP,RR--7----------,case,Ins,,,,-0.0008053670676076,O
tím,DET,PDZS7----------,obl:arg,Ins,"Masc,Neut",Sing,,-0.0935718700745793,O
",",PUNCT,Z:-------------,punct,,,,,0.4544202696756596,O
jaký,DET,P4IS4----------,det,Acc,Masc,Sing,Inan,-0.1617053365563009,O
má,VERB,VB-S---3P-AAI--,acl,,,Sing,,0.034777446805723,O
člověk,NOUN,NNMS1-----A----,nsubj,Nom,Masc,Sing,Anim,0.0799990877669501,O
příjem,NOUN,NNIS4-----A----,obj,Acc,Masc,Sing,Inan,-0.0380651573924704,O
nebo,CCONJ,J^-------------,cc,,,,,-0.2062451641906973,O
jestli,SCONJ,"J,-------------",mark,,,,,0.0494325820681466,O
bydlí,VERB,VB-S---3P-AAI--,conj,,,Sing,,0.0820407162004941,O
sám,DET,PLYS1----------,xcomp,Nom,Masc,Sing,,-0.0158887999676817,O
.,PUNCT,Z:-------------,punct,,,,,-0.0804842641665089,O
Zeptal,VERB,VpYS----R-AAP--,root,,Masc,Sing,,0.2722318231654954,O
jsem,AUX,VB-S---1P-AAI--,aux,,,Sing,,-0.510957438327429,O
se,PRON,P7-X4----------,expl:pv,Acc,,,,0.0915193056171594,O
",",PUNCT,Z:-------------,punct,,,,,-0.0779245785114891,O
jestli,SCONJ,"J,-------------",mark,,,,,-0.1552764456317623,O
by,AUX,Vc----------I--,aux,,,,,0.2955464793899169,O
pes,NOUN,NNMS1-----A----,nsubj,Nom,Masc,Sing,Anim,-0.1062408162315558,O
mohl,VERB,VpYS----R-AAI--,ccomp,,Masc,Sing,,0.0801131406619504,O
být,AUX,Vf--------A-I--,cop,,,,,-0.2228068675138676,O
částečně,ADV,Dg-------1A----,advmod,,,,,0.1822131492108684,O
uvázaný,ADJ,AAMS1----1A----,xcomp,Nom,Masc,Sing,Anim,-0.0345433391771329,O
.,PUNCT,Z:-------------,punct,,,,,0.5580286977103966,O
V,ADP,RR--6----------,case,Loc,,,,-0.0088387957953459,O
červnu,NOUN,NNIS6-----A----,obl,Loc,Masc,Sing,Inan,0.0537502274247814,O
vláda,NOUN,NNFS1-----A----,nsubj,Nom,Fem,Sing,,0.1002795290414823,O
donutila,VERB,VpQW----R-AAP--,root,,"Fem,Neut","Plur,Sing",,0.0413164049224915,O
odejít,VERB,Vf--------A-P--,xcomp,,,,,0.0170336049785483,O
do,ADP,RR--2----------,case,Gen,,,,0.0309332384949706,O
důchodu,NOUN,NNIS2-----A----,obl,Gen,Masc,Sing,Inan,-0.021569494254208,O
15,NUM,C=-------------,nummod:gov,,,,,-0.0294135100326399,B-nc
úředníků,NOUN,NNMP2-----A----,obj,Gen,Masc,Plur,Anim,0.0444102092408971,O
na,ADP,RR--6----------,case,Loc,,,,0.1155394183600965,O
postech,NOUN,NNIP6-----A----,nmod,Loc,Masc,Plur,Inan,0.0249403469264447,O
komisařů,NOUN,NNMP2-----A----,nmod,Gen,Masc,Plur,Anim,0.1567617189819998,O
CBIC,NOUN,BNXXX-----A----,nmod,,,,,0.0488980585957995,B-io
kvůli,ADP,RR--3----------,case,Dat,,,,0.0251790182624759,O
obvinění,NOUN,NNNS3-----A----,obl,Dat,Neut,Sing,,0.0558157414169024,O
z,ADP,RR--2----------,case,Gen,,,,0.0771596472540408,O
korupce,NOUN,NNFS2-----A----,nmod,Gen,Fem,Sing,,0.1034624384197183,O
",",PUNCT,Z:-------------,punct,,,,,0.0288083610552619,O
shromažďování,NOUN,NNNS2-----A----,conj,Gen,Neut,Sing,,0.0435235412650212,O
a,CCONJ,J^-------------,cc,,,,,-0.0246506754768457,O
poskytování,NOUN,NNNS2-----A----,conj,Gen,Neut,Sing,,-0.0566142918455378,O
úplatků,NOUN,NNIP2-----A----,nmod,Gen,Masc,Plur,Inan,0.0263827093264069,O
",",PUNCT,Z:-------------,punct,,,,,0.0427494063273243,O
pašování,NOUN,NNNS2-----A----,conj,Gen,Neut,Sing,,-0.0130545163898779,O
a,CCONJ,J^-------------,cc,,,,,0.0176361914562091,O
dokonce,ADV,Db-------------,advmod:emph,,,,,-0.0562699523330666,O
i,CCONJ,J^-------------,advmod:emph,,,,,-0.167366275612344,O
trestného,ADJ,AAIS2----1A----,amod,Gen,Masc,Sing,Inan,0.0590052595401905,O
činu,NOUN,NNIS2-----A----,conj,Gen,Masc,Sing,Inan,0.0352620132073076,O
spiknutí,NOUN,NNNS2-----A----,nmod,Gen,Neut,Sing,,0.0241781005875181,O
.,PUNCT,Z:-------------,punct,,,,,-0.0491087606595726,O
Ještě,ADV,Db-------------,advmod:emph,,,,,-0.0978784616538298,O
předtím,ADV,Db-------------,advmod,,,,,0.0674975289653987,O
vláda,NOUN,NNFS1-----A----,nsubj,Nom,Fem,Sing,,0.0204403597270176,O
poslala,VERB,VpQW----R-AAP--,root,,"Fem,Neut","Plur,Sing",,0.1332073491654024,O
do,ADP,RR--2----------,case,Gen,,,,0.0668707286412923,O
důchodu,NOUN,NNIS2-----A----,obl,Gen,Masc,Sing,Inan,0.0383421639716905,O
12,NUM,C=-------------,nummod:gov,,,,,-0.015845448875026,B-nc
vysokých,ADJ,AAMP2----1A----,amod,Gen,Masc,Plur,Anim,0.0935218474510219,O
úředníků,NOUN,NNMP2-----A----,obj,Gen,Masc,Plur,Anim,0.0786027460578282,O
IRS,NOUN,BNXXX-----A----,nmod,,,,,0.1514563544097847,B-io
z,ADP,RR--2----------,case,Gen,,,,-0.0077499661920392,O
oddělení,NOUN,NNNS2-----A----,nmod,Gen,Neut,Sing,,0.0174748101606656,O
daní,NOUN,NNFP2-----A----,nmod,Gen,Fem,Plur,,0.0344335679611033,O
z,ADP,RR--2----------,case,Gen,,,,-0.0066941945799638,O
příjmu,NOUN,NNIS2-----A----,nmod,Gen,Masc,Sing,Inan,0.0333471713049949,O
rovněž,ADV,Db-------------,advmod:emph,,,,,-0.2339488082461181,O
kvůli,ADP,RR--3----------,case,Dat,,,,0.1111687259560703,O
obviněním,NOUN,NNNP3-----A----,obl,Dat,Neut,Plur,,0.0927730207274677,O
z,ADP,RR--2----------,case,Gen,,,,0.0090777869451915,O
korupce,NOUN,NNFS2-----A----,nmod,Gen,Fem,Sing,,0.0381001794656485,O
",",PUNCT,Z:-------------,punct,,,,,0.0480798030851795,O
sexuálního,ADJ,AANS2----1A----,amod,Gen,Neut,Sing,,0.0694126580377003,O
obtěžování,NOUN,NNNS2-----A----,conj,Gen,Neut,Sing,,0.0451150959215867,O
a,CCONJ,J^-------------,cc,,,,,-0.0215656062639239,O
nepřiměřeného,ADJ,AANS2----1N----,amod,Gen,Neut,Sing,,0.1039566983726759,O
hromadění,NOUN,NNNS2-----A----,conj,Gen,Neut,Sing,,0.0257487683505759,O
majetku,NOUN,NNIS2-----A----,nmod,Gen,Masc,Sing,Inan,0.0475563152823799,O
podle,ADP,RR--2----------,case,Gen,,,,-0.0309007235032704,O
paragrafu,NOUN,NNIS2-----A----,obl,Gen,Masc,Sing,Inan,-0.0151893985704968,O
56,NUM,C=-------------,nummod,,,,,0.0032515269894933,B-nb
(,PUNCT,Z:-------------,punct,,,,,0.0275237279934387,O
j,NOUN,Q3-------------,dep,,,,,-0.0868587722458883,O
),PUNCT,Z:-------------,punct,,,,,0.0140912152859402,O
Směrnice,NOUN,NNFP1-----A----,root,Nom,Fem,Plur,,-0.0384864787255485,B-or
o,ADP,RR--6----------,case,Loc,,,,-0.0116296709482515,I-or
ústředních,ADJ,AAFP6----1A----,amod,Loc,Fem,Plur,,-0.0066338456598287,I-or
státních,ADJ,AAFP6----1A----,amod,Loc,Fem,Plur,,0.0074498706791503,I-or
službách,NOUN,NNFP6-----A----,nmod,Loc,Fem,Plur,,0.0318841171980256,I-or
(,PUNCT,Z:-------------,punct,,,,,-0.1363627880754433,O
důchodech,NOUN,NNIP6-----A----,appos,Loc,Masc,Plur,Inan,-0.0382922653855599,O
),PUNCT,Z:-------------,punct,,,,,0.2204883094319562,O
.,PUNCT,Z:-------------,punct,,,,,0.3772094150676597,O
Společně,ADV,Dg-------1A----,advmod,,,,,0.1791864612244006,O
to,DET,PDNS4----------,obj,Acc,Neut,Sing,,0.0020144084197343,O
zvládneme,VERB,VB-P---1P-AAP--,ccomp,,,Plur,,0.003639542115809,O
a,CCONJ,J^-------------,cc,,,,,0.0122972803778309,O
vláda,NOUN,NNFS1-----A----,nsubj,Nom,Fem,Sing,,0.2895998866194765,O
vás,PRON,PP-P4--2-------,obj,Acc,,Plur,,0.0082681287489055,O
v,ADP,RR--6----------,case,Loc,,,,0.0073432854963024,O
tom,DET,PDZS6----------,obl,Loc,"Masc,Neut",Sing,,-0.0777313975867659,O
nenechá,VERB,VB-S---3P-NAP--,conj,,,Sing,,0.1685406715634186,O
samotné,ADJ,AAMP4----1A----,obj,Acc,Masc,Plur,Anim,0.2955753313184311,O
",",PUNCT,Z:-------------,punct,,,,,-0.0066119481983819,O
“,PUNCT,Z:-------------,punct,,,,,-0.2601865472553212,O
prohlásil,VERB,VpYS----R-AAP--,root,,Masc,Sing,,-0.2305314747692481,O
.,PUNCT,Z:-------------,punct,,,,,-0.2826856265155507,O
A,CCONJ,J^-------------,cc,,,,,0.0662121538136633,O
Johnsonova,ADJ,AUFS1M---------,amod,Nom,Fem,Sing,,0.5667359382311535,B-ps
slabost,NOUN,NNFS1-----A----,nsubj,Nom,Fem,Sing,,-0.0004287617263046,O
dává,VERB,VB-S---3P-AAI--,root,,,Sing,,-0.2499033520658297,O
27,NUM,C=-------------,nummod,,,,,-0.1806442389861434,B-nc
lídrům,NOUN,NNMP3-----A----,obl:arg,Dat,Masc,Plur,Anim,0.0352330905448813,O
",",PUNCT,Z:-------------,punct,,,,,0.0370894351786792,O
kteří,DET,P4MP1----------,nsubj,Nom,Masc,Plur,Anim,-0.0317577283868332,O
mu,PRON,P5ZS3--3-------,obl:arg,Dat,"Masc,Neut",Sing,,0.0153500988308116,O
čelí,VERB,VB-P---3P-AAI--,acl:relcl,,,Plur,,0.1181570357494053,O
",",PUNCT,Z:-------------,punct,,,,,-0.0116630924823167,O
ještě,ADV,Db-------------,advmod,,,,,-0.0210147045787753,O
menší,ADJ,AAFS4----2A----,amod,Acc,Fem,Sing,,-0.1784111634394896,O
motivaci,NOUN,NNFS4-----A----,obj,Acc,Fem,Sing,,0.0446870011904115,O
smazat,VERB,Vf--------A-P--,acl,,,,,0.2099233216010897,O
pomyslnou,ADJ,AAFS4----1A----,amod,Acc,Fem,Sing,,0.1894456920820437,O
červenou,ADJ,AAFS4----1A----,amod,Acc,Fem,Sing,,0.0483697529776506,O
linii,NOUN,NNFS4-----A----,obj,Acc,Fem,Sing,,-0.0266591209167755,O
",",PUNCT,Z:-------------,punct,,,,,0.0873304283811501,O
navzdory,ADP,RR--3----------,case,Dat,,,,0.2188136077198685,O
tvrzení,NOUN,NNNS3-----A----,obl,Dat,Neut,Sing,,-0.0491232536782357,O
Michaela,PROPN,NNMS2-----A----,nmod,Gen,Masc,Sing,Anim,-0.0043501729733315,B-P|B-pf
Goveho,PROPN,NNMS2-----A----,flat,Gen,Masc,Sing,Anim,0.1674111442184414,I-P|B-ps
",",PUNCT,Z:-------------,punct,,,,,0.0740832050216785,O
britského,ADJ,AAMS2----1A----,amod,Gen,Masc,Sing,Anim,0.1374441887629189,O
ministra,NOUN,NNMS2-----A----,appos,Gen,Masc,Sing,Anim,0.0046094453392197,O
odpovědného,ADJ,AAMS2----1A----,amod,Gen,Masc,Sing,Anim,0.028208158251986,O
za,ADP,RR--4----------,case,Acc,,,,-0.0194042073150212,O
koncept,NOUN,NNIS4-----A----,obl:arg,Acc,Masc,Sing,Inan,-0.0284992160639697,O
Brexitu,NOUN,NNIS2-----A----,nmod,Gen,Masc,Sing,Inan,-0.0695690753162963,O
bez,ADP,RR--2----------,case,Gen,,,,0.282176520100682,O
dohody,NOUN,NNFS2-----A----,nmod,Gen,Fem,Sing,,-0.0253761834200676,O
",",PUNCT,Z:-------------,punct,,,,,-0.0666173299333947,O
že,SCONJ,"J,-------------",mark,,,,,0.019119157265732,O
se,PRON,P7-X4----------,expl:pv,Acc,,,,-0.1005738567725395,O
pohybují“,VERB,VB-P---3P-AAI--,acl,,,Plur,,0.0322414301227875,O
na,ADP,RR--4----------,case,Acc,,,,0.0162885595685783,O
doraz,NOUN,NNIS4-----A----,obl,Acc,Masc,Sing,Inan,-0.0219442052505703,O
.,PUNCT,Z:-------------,punct,,,,,-0.1243205205500748,O
Vidím,VERB,VB-S---1P-AAI--,root,,,Sing,,0.0681190002026848,O
váš,DET,PSIS4-P2-------,det,Acc,Masc,Sing,Inan,-0.0431328092149476,O
komentář,NOUN,NNIS4-----A----,obj,Acc,Masc,Sing,Inan,-0.1740263280968535,O
o,ADP,RR--6----------,case,Loc,,,,0.0278036757468966,O
tom,DET,PDZS6----------,det,Loc,"Masc,Neut",Sing,,-0.0230802401308474,O
",",PUNCT,Z:-------------,punct,,,,,0.0041071328696993,O
že,SCONJ,"J,-------------",mark,,,,,-0.4730212218639332,O
být,AUX,Vf--------A-I--,cop,,,,,-0.0742181003442534,O
invalidní,ADJ,AAMS1----1A----,acl,Nom,Masc,Sing,Anim,-0.0570475279895729,O
a,CCONJ,J^-------------,cc,,,,,-0.077899733741736,O
nebýt,AUX,Vf--------N-I--,cop,,,,,0.2523322980773043,O
podporovaný,ADJ,AAMS1----1A----,conj,Nom,Masc,Sing,Anim,0.0947965603245667,O
jako,SCONJ,"J,-------------",mark,,,,,0.2893249006169688,O
jen,ADV,Db-------------,advmod:emph,,,,,0.4230327703468874,O
další,ADJ,AAIS1----1A----,amod,Nom,Masc,Sing,Inan,-0.0990536696287101,O
příklad,NOUN,NNIS1-----A----,advcl,Nom,Masc,Sing,Inan,0.0500107337835269,O
toho,DET,PDZS2----------,amod,Gen,"Masc,Neut",Sing,,0.1976025354040237,O
",",PUNCT,Z:-------------,punct,,,,,-0.0246341488588294,O
že,SCONJ,"J,-------------",mark,,,,,-0.1666218495693376,O
Amerika,PROPN,NNFS1-----A----,nsubj,Nom,Fem,Sing,,-0.0695020916830157,B-gc
prostě,ADV,Dg-------1A----,advmod,,,,,-0.1688532679390222,O
nepodporuje,VERB,VB-S---3P-NAI--,acl,,,Sing,,0.047629128120555,O
lidi,NOUN,NNMP4-----A----,obj,Acc,Masc,Plur,Anim,-0.2718210034069133,O
.,PUNCT,Z:-------------,punct,,,,,0.33933609770769,O
Mohu,VERB,VB-S---1P-AAI-1,ccomp,,,Sing,,-0.0936067514703119,O
vás,PRON,PP-P4--2-------,iobj,Acc,,Plur,,0.1695154929229023,O
ujistit,VERB,Vf--------A-P--,xcomp,,,,,0.24369570462338,O
",",PUNCT,Z:-------------,punct,,,,,0.1500452525058016,O
že,SCONJ,"J,-------------",mark,,,,,0.09337475906652,O
tenhle,DET,PDYS1----------,det,Nom,Masc,Sing,,0.1814811500646101,O
případ,NOUN,NNIS1-----A----,nsubj,Nom,Masc,Sing,Inan,0.2651877234771821,O
bude,AUX,VB-S---3F-AAI--,cop,,,Sing,,0.0678157446646684,O
vyřešený,ADJ,AAIS1----1A----,ccomp,Nom,Masc,Sing,Inan,0.1791684688986246,O
",",PUNCT,Z:-------------,punct,,,,,0.5953062481576286,O
“,PUNCT,Z:-------------,punct,,,,,-0.4107342820851006,O
prohlásil,VERB,VpYS----R-AAP--,root,,Masc,Sing,,0.1944102607261303,O
.,PUNCT,Z:-------------,punct,,,,,-0.0059811243105323,O
Řekl,VERB,VpYS----R-AAP--,root,,Masc,Sing,,0.162883990922941,O
",",PUNCT,Z:-------------,punct,,,,,0.2742026050263617,O
že,SCONJ,"J,-------------",mark,,,,,-0.0867715907698642,O
vedoucí,ADJ,AGMP1-----A----,amod,Nom,Masc,Plur,Anim,-0.0333192132348172,O
činitelé,NOUN,NNMP1-----A----,nsubj,Nom,Masc,Plur,Anim,-0.052267999789546,O
dosud,ADV,Db-------------,advmod,,,,,0.0238223531571604,O
neprokázali,VERB,VpMP----R-NAP--,ccomp,,Masc,Plur,Anim,0.0561556562680248,O
etické,ADJ,AANS4----1A----,amod,Acc,Neut,Sing,,0.0788168860217999,O
chování“,NOUN,NNNS4-----A----,obj,Acc,Neut,Sing,,0.2156408942139407,O
a,CCONJ,J^-------------,cc,,,,,-0.2429361698062307,O
nevhodné,ADJ,AANS1----1N----,amod,Nom,Neut,Sing,,0.1313798017309793,O
chování,NOUN,NNNS1-----A----,nsubj,Nom,Neut,Sing,,0.3143158366686556,O
těchto,DET,PDXP2----------,det,Gen,,Plur,,-0.0193462544884569,O
činitelů,NOUN,NNMP2-----A----,nmod,Gen,Masc,Plur,Anim,0.1286863022409828,O
v,ADP,RR--6----------,case,Loc,,,,0.0531826286229924,O
Clevelandu,PROPN,NNIS6-----A---1,nmod,Loc,Masc,Sing,Inan,0.1110827766539719,B-gr
je,AUX,VB-S---3P-AAI--,cop,,,Sing,,0.0908616361677346,O
tak,ADV,Db-------------,advmod,,,,,-0.1818379036420442,O
veliké,ADJ,AANS1----1A----,conj,Nom,Neut,Sing,,0.1019322243798958,O
",",PUNCT,Z:-------------,punct,,,,,0.1996023816335419,O
že,SCONJ,"J,-------------",mark,,,,,0.0315839457685733,O
ovlivňuje,VERB,VB-S---3P-AAI--,advcl,,,Sing,,0.000766107543863,O
účinnost,NOUN,NNFS4-----A----,obj,Acc,Fem,Sing,,-0.0004707393406085,O
a,CCONJ,J^-------------,cc,,,,,-0.034395805798906,O
efektivitu,NOUN,NNFS4-----A----,conj,Acc,Fem,Sing,,0.0160291157582849,O
celé,ADJ,AAFS2----1A----,amod,Gen,Fem,Sing,,0.0003797952339091,O
jednotky“,NOUN,NNFS2-----A----,nmod,Gen,Fem,Sing,,0.0749375895836858,O
.,PUNCT,Z:-------------,punct,,,,,0.5127763910863253,O
Detektiv,NOUN,NNFS1-----A----,nsubj,Nom,Masc,Sing,Anim,-0.0985926817123998,O
inspektor,NOUN,NNFXX-----A----,flat,,Fem,,,-0.003956348168265,O
Hannah,PROPN,NNFXX-----A----,flat,,Fem,,,0.0094960541301854,B-ps
Whitehousová,PROPN,NNFS1-----A----,flat,Nom,Fem,Sing,,0.0670312485909196,B-ps
z,ADP,RR--2----------,case,Gen,,,,-0.0197909818738892,O
oddělení,NOUN,NNNS2-----A----,nmod,Gen,Neut,Sing,,0.0950455275542152,O
vražd,NOUN,NNFP2-----A----,nmod,Gen,Fem,Plur,,0.1042961058355927,O
uvedla,VERB,VpQW----R-AAP--,root,,"Fem,Neut","Plur,Sing",,0.1144786021107622,O
:,PUNCT,Z:-------------,punct,,,,,-0.0233171532008045,O
Yahyaovi,PROPN,NNMS3-----A----,obl:arg,Dat,Masc,Sing,Anim,0.3340673793578455,B-p_
bylo,AUX,VpNS----R-AAI--,ccomp,,Neut,Sing,,-0.0044838742522404,O
pouhých,ADJ,AANP2----1A----,amod,Gen,Neut,Plur,,0.2543137991127084,O
18,NUM,C=-------------,nummod:gov,,,,,0.0327500463376511,B-na
let,NOUN,NNNP2-----A----,nsubj,Gen,Neut,Plur,,-0.1685805140791867,O
a,CCONJ,J^-------------,cc,,,,,0.0405058478789115,O
měl,VERB,VpYS----R-AAI--,conj,,Masc,Sing,,-0.0539044604378039,O
před,ADP,RR--7----------,case,Ins,,,,0.0100647730431366,O
sebou,PRON,P6--7----------,obl,Ins,,,,-0.0047022525361172,O
celý,ADJ,AAIS4----1A----,amod,Acc,Masc,Sing,Inan,0.0954397714214889,O
život,NOUN,NNIS4-----A----,obj,Acc,Masc,Sing,Inan,-0.2186040404526739,O
.,PUNCT,Z:-------------,punct,,,,,0.4252952682075829,O
Zpráva,NOUN,NNFS1-----A----,nsubj,Nom,Fem,Sing,,0.1737764740225916,O
uvedla,VERB,VpQW----R-AAP--,root,,"Fem,Neut","Plur,Sing",,0.1075435663166304,O
",",PUNCT,Z:-------------,punct,,,,,0.1096878753202034,O
že,SCONJ,"J,-------------",mark,,,,,-0.0048097762233293,O
mluvčí,NOUN,NNMS1-----A----,nsubj,Nom,Masc,Sing,Anim,0.0030341222904464,O
vévodkyně,NOUN,NNFS2-----A----,nmod,Gen,Fem,Sing,,0.1689851524313278,O
nemůže,VERB,VB-S---3P-NAI--,ccomp,,,Sing,,0.037501129327134,O
tato,DET,PDNP4----------,det,Acc,Neut,Plur,,0.2853115338497172,O
tvrzení,NOUN,NNNP4-----A----,obj,Acc,Neut,Plur,,0.0579969744791934,O
komentovat,VERB,Vf--------A-B--,xcomp,,,,,0.4394899652297874,O
",",PUNCT,Z:-------------,punct,,,,,0.0795245685807858,O
ale,CCONJ,J^-------------,cc,,,,,0.0234608665665174,O
byl,AUX,VpYS----R-AAI--,aux:pass,,Masc,Sing,,-0.1508252569727832,O
citován,ADJ,VsYS----X-API--,conj,,Masc,Sing,,0.177039296653595,O
výrok,NOUN,NNIS1-----A----,nsubj:pass,Nom,Masc,Sing,Inan,-0.1184333576176352,O
přítele,NOUN,NNMS2-----A----,nmod,Gen,Masc,Sing,Anim,-0.0226693359258623,O
Fergie,PROPN,NNFS2-----A----,flat,Gen,Fem,Sing,,0.2172008689737379,B-pf
:,PUNCT,Z:-------------,punct,,,,,-0.0957844796721958,O
Není,AUX,VB-S---3P-NAI--,cop,,,Sing,,0.1942427979025381,O
tajemstvím,NOUN,NNNS7-----A----,acl,Ins,Neut,Sing,,0.0476043953769437,O
",",PUNCT,Z:-------------,punct,,,,,0.0739301983065911,O
že,SCONJ,"J,-------------",mark,,,,,0.0208569748476562,O
dcery,NOUN,NNFP1-----A----,nsubj,Nom,Fem,Plur,,-0.0100125574266134,O
Sarah,PROPN,NNFXX-----A----,nmod,,Fem,,,0.1340707698842894,B-pf
jsou,AUX,VB-P---3P-AAI--,cop,,,Plur,,-0.1049125516613089,O
dost,ADV,Dg-------1A----,advmod,,,,,0.0637364206491114,O
otrávené,ADJ,AAFP1----1A----,csubj,Nom,Fem,Plur,,-0.0445311320450885,O
tím,DET,PDZS7----------,obl,Ins,"Masc,Neut",Sing,,0.0578155168048488,O
",",PUNCT,Z:-------------,punct,,,,,0.0417623980711115,O
jak,ADV,Db-------------,advmod,,,,,-0.00231901009526,O
s,ADP,RR--7----------,case,Ins,,,,-0.0321146590193262,O
jejich,DET,P9XXXXP3-------,det,,,,,-0.0523684520287429,O
matkou,NOUN,NNFS7-----A----,obl:arg,Ins,Fem,Sing,,0.0144152791673763,O
zacházeli,VERB,VpMP----R-AAI--,acl,,Masc,Plur,Anim,0.0767542598578183,O
někteří,DET,PZMP1----------,det,Nom,Masc,Plur,Anim,-0.0022477948231518,O
příslušníci,NOUN,NNMP1-----A----,nsubj,Nom,Masc,Plur,Anim,0.0256038226633133,O
královské,ADJ,AAFS2----1A----,amod,Gen,Fem,Sing,,0.0269044919517601,O
rodiny,NOUN,NNFS2-----A----,nmod,Gen,Fem,Sing,,-0.0654537148944976,O
.,PUNCT,Z:-------------,punct,,,,,-0.1520724557521963,O
Rovněž,ADV,Db-------------,advmod,,,,,0.0727451162996893,O
se,PRON,P7-X4----------,expl:pv,Acc,,,,0.0723569717827001,O
vedení,NOUN,NNNS1-----A----,nsubj,Nom,Neut,Sing,,-0.1043602742538496,O
týmu,NOUN,NNIS2-----A----,nmod,Gen,Masc,Sing,Inan,-0.015938262782873,O
dohodlo,VERB,VpNS----R-AAP-1,root,,Neut,Sing,,0.4107569859618049,O
na,ADP,RR--6----------,case,Loc,,,,-0.0666294372749558,O
podmínkách,NOUN,NNFP6-----A----,obl:arg,Loc,Fem,Plur,,0.2194300152911169,O
s,ADP,RR--7----------,case,Ins,,,,-0.0630367669585224,O
linebackerem,NOUN,NNMS7-----A----,nmod,Ins,Masc,Sing,Anim,0.0821866887318375,O
Kennethem,PROPN,NNMS7-----A----,flat,Ins,Masc,Sing,Anim,0.0404578480233351,B-P|B-pf
Murraym,PROPN,NNMS7-----A----,flat,Ins,Masc,Sing,Anim,0.0432768272724444,I-P|B-ps
Jr,NOUN,BNXXX-----A----,nmod,,,,,0.0814239503071091,I-P
.,PUNCT,Z:-------------,punct,,,,,0.0784267115505456,I-P
(,PUNCT,Z:-------------,punct,,,,,0.1416698280125461,O
první,ADJ,CrNS1----------,amod,Nom,Neut,Sing,,-0.0721600209005868,O
kolo,NOUN,NNNS1-----A----,dep,Nom,Neut,Sing,,-0.1052412571463429,O
draftu,NOUN,NNIS2-----A----,nmod,Gen,Masc,Sing,Inan,0.0251402891901282,O
),PUNCT,Z:-------------,punct,,,,,0.010344871800407,O
a,CCONJ,J^-------------,cc,,,,,-0.1504022579884848,O
running,X,F%-------------,nmod,,,,,-0.0228003709465685,O
backem,NOUN,NNMS7-----A----,conj,Ins,Masc,Sing,Anim,-0.0721739554589179,O
Joshuou,PROPN,NNMS7-----A----,conj,Ins,Masc,Sing,Anim,0.2668180355832687,B-P|B-pf
Kelleym,PROPN,NNMS7-----A----,flat,Ins,Masc,Sing,Anim,0.145337466776244,I-P|B-ps
",",PUNCT,Z:-------------,punct,,,,,0.4287813708118489,O
který,DET,P4YS1----------,nsubj:pass,Nom,Masc,Sing,,0.0285352603830154,O
byl,AUX,VpYS----R-AAI--,aux:pass,,Masc,Sing,,-0.0481631329306914,O
vybrán,ADJ,VsYS----X-APP--,amod,,Masc,Sing,,0.0597256830663684,O
ve,ADP,RV--6----------,case,Loc,,,,-0.1698438127195491,O
čtvrtém,ADJ,CrNS6----------,amod,Loc,Neut,Sing,,0.0302361660267192,O
kole,NOUN,NNNS6-----A----,obl,Loc,Neut,Sing,,0.3979339373872003,O
draftu,NOUN,NNIS2-----A----,nmod,Gen,Masc,Sing,Inan,0.0327828494000806,O
.,PUNCT,Z:-------------,punct,,,,,0.0882049214036488,O
Používá,VERB,VB-S---3P-AAI--,root,,,Sing,,0.0529746683059199,O
se,PRON,P7-X4----------,expl:pass,Acc,,,,-0.2508769476694686,O
od,ADP,RR--2----------,case,Gen,,,,-0.0659153159295271,O
výšin,NOUN,NNFP2-----A----,obl,Gen,Fem,Plur,,0.0414152061413327,O
skotských,ADJ,AAFP2----1A----,amod,Gen,Fem,Plur,,0.3037996857420185,O
hor,NOUN,NNFP2-----A----,nmod,Gen,Fem,Plur,,0.1313237857137003,O
až,PART,TT-------------,advmod:emph,,,,,0.0297444924174208,O
po,ADP,RR--4----------,case,Acc,,,,-0.1331423690858418,O
dno,NOUN,NNNS4-----A----,obl,Acc,Neut,Sing,,-0.0789861568636098,O
vaší,DET,PSFS2-P2-------,det,Gen,Fem,Sing,,-0.1259702161735403,O
díry,NOUN,NNFS2-----A----,nmod,Gen,Fem,Sing,,0.1093104442826181,O
ve,ADP,RV--6----------,case,Loc,,,,0.1636514104892275,O
sněhu,NOUN,NNIS6-----A----,nmod,Loc,Masc,Sing,Inan,0.4964285188677564,O
.,PUNCT,Z:-------------,punct,,,,,0.3681622568863689,O
A,CCONJ,J^-------------,cc,,,,,-0.0854698671524565,O
zatímco,SCONJ,"J,-------------",mark,,,,,0.1168414031512511,O
Joey,PROPN,NNMS1-----A----,nsubj,Nom,Masc,Sing,Anim,0.0604236105459204,B-P|B-pf
Carbery,PROPN,NNMS1-----A----,flat,Nom,Masc,Sing,Anim,-0.0202355380115237,I-P|B-ps
poslal,VERB,VpYS----R-AAP--,advcl,,Masc,Sing,,-0.0015312545633325,O
penaltu,NOUN,NNFS4-----A----,obj,Acc,Fem,Sing,,-0.0165989678032405,O
mezi,ADP,RR--4----------,case,Acc,,,,0.0966692662269181,O
vzpřímenou,ADJ,AAFS4----1A----,amod,Acc,Fem,Sing,,0.25733064633164,O
část,NOUN,NNFS4-----A----,obl,Acc,Fem,Sing,,0.1495965396745245,O
",",PUNCT,Z:-------------,punct,,,,,0.1276705504808774,O
aby,AUX,Vc-------------,aux,,,,,0.0014990356494376,O
způsobil,VERB,VpYS----R-AAP--,advcl,,Masc,Sing,,0.1361345609912914,O
krvácející,ADJ,AGFS4-----A----,amod,Acc,Fem,Sing,,0.056193261579292,O
ránu,NOUN,NNFS4-----A----,obj,Acc,Fem,Sing,,0.048473361208893,O
pro,ADP,RR--4----------,case,Acc,,,,0.0621350152994335,O
Munster,PROPN,NNIS4-----A----,nmod,Acc,Masc,Sing,Inan,-0.0522957005917359,B-p_
",",PUNCT,Z:-------------,punct,,,,,0.0601876944493083,O
Jimmy,PROPN,NNMS1-----A----,nsubj,Nom,Masc,Sing,Anim,0.0919526299708436,B-P|B-pf
Gopperth,PROPN,NNMS1-----A----,flat,Nom,Masc,Sing,Anim,0.0823719750848322,I-P|B-ps
zasáhl,VERB,VpYS----R-AAP-1,root,,Masc,Sing,,0.4437096439977421,O
břevno,NOUN,NNNS4-----A----,obj,Acc,Neut,Sing,,-0.0677489887622878,O
",",PUNCT,Z:-------------,punct,,,,,0.2547092434447121,O
aby,AUX,Vc-------------,aux,,,,,0.170303127084434,O
pokračoval,VERB,VpYS----R-AAI--,advcl,,Masc,Sing,,0.0244343571375858,O
dvojím,ADJ,CrNS7----------,amod,Ins,Neut,Sing,,0.1953250159233855,O
nešťastným,ADJ,AANS7----1N----,amod,Ins,Neut,Sing,,0.2718427664325278,O
otevřením,NOUN,NNNS7-----A----,obl,Ins,Neut,Sing,,0.1547490656767315,O
šampionů,NOUN,NNMP2-----A----,nmod,Gen,Masc,Plur,Anim,0.0692672622175937,O
.,PUNCT,Z:-------------,punct,,,,,0.0135342535462678,O
Jak,SCONJ,"J,-------------",mark,,,,,-0.3789243630382681,O
se,PRON,P7-X4----------,expl:pv,Acc,,,,-0.0725767845344258,O
vedoucí,NOUN,NNMS1-----A----,nsubj,Nom,Masc,Sing,Anim,-0.25701344750936,O
vrátil,VERB,VpYS----R-AAP--,parataxis,,Masc,Sing,,0.014271548904171,O
zpět,ADV,Db-------------,advmod,,,,,-0.0228900109731959,O
",",PUNCT,Z:-------------,punct,,,,,0.142883546457178,O
naklonil,VERB,VpYS----R-AAP--,root,,Masc,Sing,,-0.0356748053609494,O
se,PRON,P7-X4----------,expl:pv,Acc,,,,0.0439009047888594,O
a,CCONJ,J^-------------,cc,,,,,-0.0746286254917113,O
zašeptal,VERB,VpYS----R-AAP--,conj,,Masc,Sing,,0.0396394493634029,O
ke,ADP,RV--3----------,case,Dat,,,,-0.0645192273418508,O
mně,PRON,PP-S3--1-------,obl,Dat,,Sing,,-0.0465320481474167,O
BYLY,AUX,VpTP----R-AAI--,ccomp,,"Fem,Masc",Plur,Inan,0.0087922715071754,O
v,ADP,RR--6----------,case,Loc,,,,-0.0337021430424879,O
uličce,NOUN,NNFS6-----A----,obl,Loc,Fem,Sing,,-0.0676636546402333,O
7,NUM,C=-------------,nummod,,,,,-0.1135243566795866,B-ah
",",PUNCT,Z:-------------,punct,,,,,0.0816243853420573,O
jak,ADV,Db-------------,advmod,,,,,-0.0627884600831255,O
jste,AUX,VB-P---2P-AAI--,aux,,,Plur,,-0.0845604207043815,O
jí,PRON,PEFS3--3------1,obl:arg,Dat,Fem,Sing,,-0.0702535762971489,O
řekla“,VERB,VpYS----R-AAI--,parataxis,,Masc,Sing,,-0.083884958857722,O
.,PUNCT,Z:-------------,punct,,,,,-0.6356562405807935,O
Jednou,ADV,Db-------------,advmod,,,,,-0.0062324116490362,O
přišel,VERB,VpYS----R-AAP--,root,,Masc,Sing,,-0.1329816914656271,O
zákazník,NOUN,NNMS1-----A----,nsubj,Nom,Masc,Sing,Anim,-0.1108345508192919,O
",",PUNCT,Z:-------------,punct,,,,,0.0609355019002609,O
který,DET,P4YS1----------,nsubj,Nom,Masc,Sing,,0.1996160590907021,O
řekl,VERB,VpYS----R-AAP--,acl:relcl,,Masc,Sing,,0.0652511619461943,O
ahoj,INTJ,II-------------,obj,,,,,-0.0805031904574494,O
a,CCONJ,J^-------------,cc,,,,,0.3792164245224217,O
já,PRON,PP-S1--1-------,nsubj,Nom,,Sing,,0.0478725616715212,O
jsem,AUX,VB-S---1P-AAI--,aux,,,Sing,,0.0509730027686808,O
taky,ADV,Db-------------,advmod,,,,,-0.0879366774602074,O
řekl,VERB,VpYS----R-AAP--,conj,,Masc,Sing,,0.0803049034025997,O
ahoj,PART,II-------------,obj,,,,,-0.0014579378735887,O
",",PUNCT,Z:-------------,punct,,,,,0.1526151142262664,O
a,CCONJ,J^-------------,cc,,,,,0.2975606341437512,O
potom,ADV,Db-------------,advmod,,,,,0.1501291691981984,O
jsem,AUX,VB-S---1P-AAI--,aux,,,Sing,,0.1018719061356273,O
několik,DET,Ca--4----------,det:numgov,Acc,,,,-0.0492768387318819,O
vteřin,NOUN,NNFP2-----A----,obl,Gen,Fem,Plur,,0.587725635059759,O
čekal,VERB,VpYS----R-AAI--,conj,,Masc,Sing,,0.0662723747482835,O
",",PUNCT,Z:-------------,punct,,,,,0.2004789601510692,O
jestli,SCONJ,"J,-------------",mark,,,,,0.0756291337107515,O
bude,AUX,VB-S---3F-AAI--,aux,,,Sing,,0.3938619113915498,O
mít,VERB,Vf--------A-I--,ccomp,,,,,-0.0323446365836481,O
nějaký,DET,PZIS4----------,det,Acc,Masc,Sing,Inan,-0.0090903227140009,O
dotaz,NOUN,NNIS4-----A----,obj,Acc,Masc,Sing,Inan,-0.0015788526394225,O
.,PUNCT,Z:-------------,punct,,,,,0.0624154655757473,O
Pamatujte,VERB,Vi-P---2--A-I--,root,,,Plur,,0.0819449096618679,O
",",PUNCT,Z:-------------,punct,,,,,0.0754828289892348,O
že,SCONJ,"J,-------------",mark,,,,,0.6508227862010203,O
naše,DET,PSHS1-P1-------,det,Nom,"Fem,Neut",Sing,,0.4646423101931528,O
chatovací,ADJ,AAFS1----1A----,amod,Nom,Fem,Sing,,0.0143030487178881,O
služba,NOUN,NNFS1-----A----,nsubj,Nom,Fem,Sing,,0.1896138526394539,O
je,AUX,VB-S---3P-AAI--,cop,,,Sing,,0.0104717578884337,O
pro,ADP,RR--4----------,case,Acc,,,,0.0528673370848183,O
vás,PRON,PP-P4--2-------,obl,Acc,,Plur,,-0.0343475771591912,O
otevřena,ADJ,VsQW----X-APP--,ccomp,,"Fem,Neut","Plur,Sing",,-0.1917651663432364,O
24/7,NUM,C=-------------,obl,,,,,0.0451289457559662,B-T|B-t
.,PUNCT,Z:-------------,punct,,,,,0.0542680886784172,O
Prosím,VERB,VB-S---1P-AAI--,root,,,Sing,,0.1392631085379317,O
použijte,VERB,Vi-P---2--A-P--,parataxis,,,Plur,,-0.0170521807961323,O
možnost,NOUN,NNFS4-----A----,obj,Acc,Fem,Sing,,-0.2283616315303585,O
přidat,VERB,Vf--------A-P--,acl,,,,,-0.0446300027971487,O
do,ADP,RR--2----------,case,Gen,,,,-0.0354816783252921,O
košíku“,NOUN,NNFP2-----A----,obl,Gen,Fem,Plur,,0.0018335729876373,O
",",PUNCT,Z:-------------,punct,,,,,0.1633802686798413,O
aby,AUX,Vc-------------,aux,,,,,-0.1876948718728092,O
zůstala,VERB,VpQW----R-AAP--,advcl,,"Fem,Neut","Plur,Sing",,-0.1652091839199647,O
vaše,DET,PSHS1-P2-------,det,Nom,"Fem,Neut",Sing,,-0.0537652541004259,O
objednávka,NOUN,NNFS1-----A----,nsubj,Nom,Fem,Sing,,0.0362949801913214,O
pohromadě,ADV,Db-------------,advmod,,,,,0.1356209866328606,O
.,PUNCT,Z:-------------,punct,,,,,0.5725608989172164,O
Neměli,VERB,VpMP----R-NAI--,root,,Masc,Plur,Anim,0.1503256719751781,O
jsem,AUX,VB-S---1P-AAI--,aux,,,Sing,,0.1000997407874863,O
však,CCONJ,J^-------------,cc,,,,,0.0626757443263874,O
bohužel,PART,TT-------------,advmod,,,,,-0.0839192056600415,O
moc,ADV,Db-------------,obj,,,,,-0.0616830404094405,O
času,NOUN,NNIS2-----A----,nmod,Gen,Masc,Sing,Inan,0.0087295317138357,O
na,ADP,RR--4----------,case,Acc,,,,0.0789419663136561,O
socializaci,NOUN,NNFS4-----A----,nmod,Acc,Fem,Sing,,-0.0037655646585258,O
a,CCONJ,J^-------------,cc,,,,,0.1189595877769442,O
nezeptal,VERB,VpYS----R-NAP--,conj,,Masc,Sing,,-0.0080525812813273,O
jsem,AUX,VB-S---1P-AAI--,aux,,,Sing,,0.0779513507146898,O
se,PRON,P7-X4----------,expl:pv,Acc,,,,-0.0235290980321539,O
těch,DET,PDXP2----------,det,Gen,,Plur,,0.060470808226735,O
lidí,NOUN,NNMP2-----A----,obl:arg,Gen,Masc,Plur,Anim,-0.0219202649851877,O
osobně,ADV,Dg-------1A----,advmod,,,,,0.2058332603501876,O
",",PUNCT,Z:-------------,punct,,,,,-0.3938268304591955,O
jaké,DET,P4NS1----------,ccomp,Nom,Neut,Sing,,-0.1271193653682224,O
je,AUX,VB-S---3P-AAI--,cop,,,Sing,,0.2919822173869079,O
to,DET,PDNS1----------,nsubj,Nom,Neut,Sing,,-0.0441483947186025,O
pro,ADP,RR--4----------,case,Acc,,,,-0.0746580008896558,O
ně,PRON,PEXP4--3------1,obl,Acc,,Plur,,0.0866553135773976,O
sloužit,VERB,Vf--------A-I--,csubj,,,,,0.0910740997484598,O
vojensky,ADV,Dg-------1A----,advmod,,,,,0.0407498114683546,O
v,ADP,RR--6----------,case,Loc,,,,0.4271970060971615,O
jejich,DET,P9XXXXP3-------,det,,,,,0.1122242908485419,O
zemi,NOUN,NNFS6-----A----,obl,Loc,Fem,Sing,,0.0631649448287185,O
.,PUNCT,Z:-------------,punct,,,,,0.2523606210154454,O
Pokud,SCONJ,"J,-------------",mark,,,,,0.1033873005207767,O
máte,VERB,VB-P---2P-AAI--,advcl,,,Plur,,0.0396600306852936,O
hodně,ADV,Db-------------,obj,,,,,-0.0313536711266123,O
knih,NOUN,NNFP2-----A----,nmod,Gen,Fem,Plur,,-0.6252140878279452,O
",",PUNCT,Z:-------------,punct,,,,,0.1862506001069902,O
může,VERB,VB-S---3P-AAI--,root,,,Sing,,-0.1386825295718408,O
to,DET,PDNS1----------,nsubj,Nom,Neut,Sing,,0.4253900138159018,O
chvíli,NOUN,NNFS4-----A----,obl,Acc,Fem,Sing,,0.2512986667212548,O
trvat,VERB,Vf--------A-I--,xcomp,,,,,-0.0481740244842699,O
.,PUNCT,Z:-------------,punct,,,,,-0.0799084655373337,O
Stella,PROPN,NNFS1-----A----,nsubj,Nom,Fem,Sing,,0.1784691655618226,B-pf
je,AUX,VB-S---3P-AAI--,cop,,,Sing,,-0.183456034874368,O
šestým,ADJ,CrNS7----------,amod,Ins,Neut,Sing,,0.1123379299543224,O
mládětem,NOUN,NNNS7-----A----,root,Ins,Neut,Sing,,-0.0531138281669094,O
samic,NOUN,NNFP2-----A----,nmod,Gen,Fem,Plur,,0.0225128371685392,O
Nancy,PROPN,NNFXX-----A----,nmod,,Fem,,,-0.0716903428628755,B-pf
a,CCONJ,J^-------------,cc,,,,,-0.1331762426953379,O
Ruby,PROPN,NNFS2-----A----,conj,Gen,Fem,Sing,,0.0718436443656897,B-pf
a,CCONJ,J^-------------,cc,,,,,-0.0865798423561765,O
náš,DET,PSYS1-P1-------,det,Nom,Masc,Sing,,-0.2154278287112901,O
býk,NOUN,NNMS1-----A----,nsubj,Nom,Masc,Sing,Anim,0.0194304301377779,O
Monty,PROPN,NNMS1-----A----,flat,Nom,Masc,Sing,Anim,-0.0931421065067585,B-p_
se,PRON,P7-X4----------,expl:pv,Acc,,,,0.0873327665135559,O
ukázal,VERB,VpYS----R-AAP--,conj,,Masc,Sing,,0.3097187154999599,O
jako,SCONJ,"J,-------------",mark,,,,,0.2442437996340934,O
vynikající,ADJ,AGMS1-----A----,amod,Nom,Masc,Sing,Anim,0.0830085654965819,O
otec,NOUN,NNMS1-----A----,xcomp,Nom,Masc,Sing,Anim,0.2617491988475951,O
.,PUNCT,Z:-------------,punct,,,,,0.4079070716571805,O
“,PUNCT,Z:-------------,punct,,,,,-0.1067212900579915,O
Pompeo,PROPN,NNMS1-----A----,nsubj,Nom,Masc,Sing,Anim,-0.0537890018739357,B-ps
řekl,VERB,VpYS----R-AAP--,root,,Masc,Sing,,0.2753342408799339,O
",",PUNCT,Z:-------------,punct,,,,,-0.031806443258083,O
že,SCONJ,"J,-------------",mark,,,,,-0.0473952486599374,O
američtí,ADJ,AAMP1----1A----,amod,Nom,Masc,Plur,Anim,0.0594084110051952,O
představitelé,NOUN,NNMP1-----A----,nsubj,Nom,Masc,Plur,Anim,-0.031587423350199,O
jsou,AUX,VB-P---3P-AAI--,cop,,,Plur,,-0.3540826400634271,O
přesvědčeni,ADJ,VsMP----X-APP--,ccomp,,Masc,Plur,Anim,-0.0741363863761796,O
",",PUNCT,Z:-------------,punct,,,,,0.0926212534850324,O
že,SCONJ,"J,-------------",mark,,,,,-0.1431333215770758,O
vláda,NOUN,NNFS1-----A----,nsubj,Nom,Fem,Sing,,0.043658161763636,O
syrského,ADJ,AAMS2----1A----,amod,Gen,Masc,Sing,Anim,-0.0262302506988693,O
prezidenta,NOUN,NNMS2-----A----,nmod,Gen,Masc,Sing,Anim,-0.0452598657583435,O
Bašára,PROPN,NNMS2-----A----,flat,Gen,Masc,Sing,Anim,0.0842116523104667,B-P|B-pf
al-Asada,PROPN,NNMS2-----A----,flat,Gen,Masc,Sing,Anim,0.0848260580465952,I-P|B-ps
použila,VERB,VpQW----R-AAP--,ccomp,,"Fem,Neut","Plur,Sing",,0.0626044464781344,O
chlór,NOUN,NNIS4-----A----,obj,Acc,Masc,Sing,Inan,0.098724303697888,O
při,ADP,RR--6----------,case,Loc,,,,-0.2717395377197608,O
útoku,NOUN,NNIS6-----A----,obl,Loc,Masc,Sing,Inan,0.081914623092308,O
na,ADP,RR--4----------,case,Acc,,,,0.0957872593626805,O
opoziční,ADJ,AAFP4----1A----,amod,Acc,Fem,Plur,,0.051481742859207,O
síly,NOUN,NNFP4-----A----,nmod,Acc,Fem,Plur,,0.0909189481997552,O
v,ADP,RR--6----------,case,Loc,,,,0.2118083741432162,O
provincii,NOUN,NNFS6-----A----,nmod,Loc,Fem,Sing,,0.1003656577281675,O
Idlib,PROPN,NNIS1-----A----,nmod,Nom,Masc,Sing,Inan,0.206620432099153,B-gr
19,NUM,C=-------------,nummod,,,,,-0.0051844454749189,B-T|B-td
.,PUNCT,Z:-------------,punct,,,,,0.1089348933788069,I-T|I-td
května,NOUN,NNIS2-----A----,obl,Gen,Masc,Sing,Inan,-0.1821616117068361,I-T|B-tm
.,PUNCT,Z:-------------,punct,,,,,0.6431730520276921,O
Během,ADP,RR--2----------,case,Gen,,,,0.130760263349799,O
výcviku,NOUN,NNIS2-----A----,obl,Gen,Masc,Sing,Inan,-0.3506495833215446,O
",",PUNCT,Z:-------------,punct,,,,,0.052919878465442,O
když,SCONJ,"J,-------------",mark,,,,,-0.1200436677735168,O
jsem,AUX,VB-S---1P-AAI--,aux,,,Sing,,0.4903214319062196,O
byl,AUX,VpYS----R-AAI--,advcl,,Masc,Sing,,-0.0316589972060624,O
v,ADP,RR--6----------,case,Loc,,,,0.0064705984312292,O
letech,NOUN,NNNP6-----A----,obl,Loc,Neut,Plur,,-0.1740405773316177,O
2018-2019,NUM,C=-------------,nummod,,,,,0.1017729595315979,B-ty
ve,ADP,RV--6----------,case,Loc,,,,-0.0232921962674922,O
městě,NOUN,NNNS6-----A----,obl,Loc,Neut,Sing,,-0.0547033759507938,O
Tapa,PROPN,NNFS1-----A----,nmod,Nom,Fem,Sing,,0.1699904846692319,B-gu
",",PUNCT,Z:-------------,punct,,,,,0.0203706937865194,O
zde,ADV,Db-------------,advmod,,,,,-0.0834234898890102,O
byly,AUX,VpTP----R-AAI--,root,,"Fem,Masc",Plur,Inan,0.2415369449122516,O
také,ADV,Db-------------,advmod,,,,,-0.041999798734388,O
jednotky,NOUN,NNFP1-----A----,nsubj,Nom,Fem,Plur,,-0.0610983751527894,O
ze,ADP,RV--2----------,case,Gen,,,,0.0349948842246854,O
Spojeného,ADJ,AANS2----1A----,amod,Gen,Neut,Sing,,0.1569046971092456,B-gc
království,NOUN,NNNS2-----A----,nmod,Gen,Neut,Sing,,-0.026177929981646,I-gc
",",PUNCT,Z:-------------,punct,,,,,0.0408529082671779,O
Francie,PROPN,NNFS2-----A----,conj,Gen,Fem,Sing,,-0.0437105413049695,B-gc
",",PUNCT,Z:-------------,punct,,,,,-0.0609535660582012,O
Belgie,PROPN,NNFS2-----A----,conj,Gen,Fem,Sing,,-0.0316573086831845,B-gc
",",PUNCT,Z:-------------,punct,,,,,-0.0696299018785398,O
Dánska,PROPN,NNNS2-----A----,conj,Gen,Neut,Sing,,-0.0707752919692391,B-gc
a,CCONJ,J^-------------,cc,,,,,0.0934116801143629,O
Kanady,PROPN,NNFS2-----A----,conj,Gen,Fem,Sing,,0.0389201786961574,B-gc
.,PUNCT,Z:-------------,punct,,,,,-0.0984075987779415,O
Tato,DET,PDFS1----------,det,Nom,Fem,Sing,,-0.5808826636598056,O
technologie,NOUN,NNFS1-----A----,nsubj,Nom,Fem,Sing,,0.33242179753056,O
je,AUX,VB-S---3P-AAI--,root,,,Sing,,-0.1021561814510673,O
v,ADP,RR--6----------,case,Loc,,,,0.0906046169605638,O
současné,ADJ,AAFS6----1A----,amod,Loc,Fem,Sing,,-0.0967792168048862,O
době,NOUN,NNFS6-----A----,obl,Loc,Fem,Sing,,-0.3183792516703328,O
před,ADP,RR--7----------,case,Ins,,,,-0.0731818270117283,O
uvedením,NOUN,NNNS7-----A----,obl,Ins,Neut,Sing,,-0.0518655761286024,O
na,ADP,RR--4----------,case,Acc,,,,-0.1685656751875203,O
trh,NOUN,NNIS4-----A----,nmod,Acc,Masc,Sing,Inan,0.5677222993584202,O
.,PUNCT,Z:-------------,punct,,,,,0.0291238838171304,O
I,CCONJ,J^-------------,advmod:emph,,,,,-0.1217472166643587,O
španělské,ADJ,AAIP1----1A----,amod,Nom,Masc,Plur,Inan,0.1094329309286259,O
úřady,NOUN,NNIP1-----A----,nsubj,Nom,Masc,Plur,Inan,0.008887321054198,O
varovaly,VERB,VpTP----R-AAI--,root,,"Fem,Masc",Plur,Inan,-0.0863349360884566,O
před,ADP,RR--7----------,case,Ins,,,,-0.1917890906228654,O
hrozící,ADJ,AGFS7-----A----,amod,Ins,Fem,Sing,,-0.0591102714413096,O
druhou,ADJ,CrFS7----------,amod,Ins,Fem,Sing,,0.0740324523074472,O
vlnou,NOUN,NNFS7-----A----,obl:arg,Ins,Fem,Sing,,-0.1057023685078961,O
",",PUNCT,Z:-------------,punct,,,,,0.4041277961108636,O
neboť,CCONJ,J^-------------,cc,,,,,-0.3056343582582368,O
ve,ADP,RV--6----------,case,Loc,,,,-0.1315403084007443,O
velkých,ADJ,AANP6----1A----,amod,Loc,Neut,Plur,,0.068943445070105,O
městech,NOUN,NNNP6-----A----,obl,Loc,Neut,Plur,,0.0579221842024613,O
byl,AUX,VpYS----R-AAI--,aux:pass,,Masc,Sing,,0.1741681075739954,O
zaznamenán,ADJ,VsYS----X-APP--,conj,,Masc,Sing,,0.1313812643320037,O
rychlý,ADJ,AAIS1----1A----,amod,Nom,Masc,Sing,Inan,0.0708266818527063,O
růst,NOUN,NNIS1-----A----,nsubj:pass,Nom,Masc,Sing,Inan,0.0680125597043073,O
případů,NOUN,NNIP2-----A----,nmod,Gen,Masc,Plur,Inan,0.0907418668500177,O
.,PUNCT,Z:-------------,punct,,,,,0.4170603715998059,O
Nyní,ADV,Db-------------,advmod,,,,,0.311483395693797,O
",",PUNCT,Z:-------------,punct,,,,,0.0291707631461131,O
v,ADP,RR--6----------,case,Loc,,,,-0.1396233810174746,O
roce,NOUN,NNIS6-----A---1,appos,Loc,Masc,Sing,Inan,-0.150865491696438,O
2019,NUM,C=-------------,nummod,,,,,0.0120465196075049,B-ty
",",PUNCT,Z:-------------,punct,,,,,0.0549735791465409,O
probíhá,VERB,VB-S---3P-AAI--,root,,,Sing,,-0.1249024642195123,O
slyšení,NOUN,NNNS1-----A----,nsubj,Nom,Neut,Sing,,0.0382766573745712,O
",",PUNCT,Z:-------------,punct,,,,,-0.0226319829406204,O
které,DET,P4NS1----------,nsubj,Nom,Neut,Sing,,-0.1079129173042589,O
má,VERB,VB-S---3P-AAI--,acl:relcl,,,Sing,,-0.0128796770410643,O
zjistit,VERB,Vf--------A-P--,xcomp,,,,,-0.0040814057514975,O
",",PUNCT,Z:-------------,punct,,,,,0.0814114980186151,O
zda,SCONJ,"J,-------------",mark,,,,,0.0458255489617357,O
mu,PRON,P5ZS3--3-------,obl:arg,Dat,"Masc,Neut",Sing,,-0.0599951663606354,O
lze,VERB,VB-S---3P-AAI--,ccomp,,,Sing,,0.0817371549879405,O
poskytnout,VERB,Vf--------A-P--,csubj,,,,,0.0765325354231721,O
více,ADV,Dg-------2A----,obj,,,,,-0.0912721627586474,O
svobody,NOUN,NNFS2-----A----,nmod,Gen,Fem,Sing,,0.0420636917264395,O
",",PUNCT,Z:-------------,punct,,,,,-0.0373805958876682,O
například,PART,TT-------------,cc,,,,,-0.0644135598595891,O
vycházky,NOUN,NNFP4-----A----,appos,Acc,Fem,Plur,,0.0854936562325464,O
bez,ADP,RR--2----------,case,Gen,,,,0.0259751073207963,O
dozoru,NOUN,NNIS2-----A----,nmod,Gen,Masc,Sing,Inan,0.0289686165532331,O
.,PUNCT,Z:-------------,punct,,,,,0.0275198973818837,O
Rozhodnutí,NOUN,NNNS1-----A----,nsubj,Nom,Neut,Sing,,-0.0594387360254182,O
nepřijde,VERB,VB-S---3P-NAP--,root,,,Sing,,0.0634358170873026,O
dříve,ADV,Dg-------2A----,advmod,,,,,-0.05923089596142,O
než,SCONJ,"J,-------------",mark,,,,,-0.1793139972860357,O
za,ADP,RR--4----------,case,Acc,,,,0.0605985596896412,O
několik,DET,Ca--4----------,det:numgov,Acc,,,,-0.0166626317075484,O
dalších,ADJ,AAIP2----1A----,amod,Gen,Masc,Plur,Inan,0.0885650488007681,O
týdnů,NOUN,NNIP2-----A----,obl,Gen,Masc,Plur,Inan,-0.0164810119772932,O
",",PUNCT,Z:-------------,punct,,,,,0.0213816920429001,O
takže,SCONJ,"J,-------------",mark,,,,,-0.1241255968212338,O
mezitím,ADV,Db-------------,advmod,,,,,0.038417315238304,O
si,PRON,P7--3----------,obl:arg,Dat,,,,-0.0441442207119823,O
můžeme,VERB,VB-P---1P-AAI--,advcl,,,Plur,,-0.043752649757368,O
položit,VERB,Vf--------A-P--,xcomp,,,,,0.0521719897884368,O
otázku,NOUN,NNFS4-----A----,obj,Acc,Fem,Sing,,-0.0240973652500826,O
",",PUNCT,Z:-------------,punct,,,,,-0.081939163820102,O
zda,SCONJ,"J,-------------",mark,,,,,-0.0273363788004105,O
se,PRON,P7-X4----------,expl:pv,Acc,,,,0.0118561748131259,O
jedná,VERB,VB-S---3P-AAI--,acl,,,Sing,,-0.0905502322468131,O
o,ADP,RR--4----------,case,Acc,,,,-0.071298055898914,O
dobrý,ADJ,AAIS4----1A----,amod,Acc,Masc,Sing,Inan,-0.0400533393179151,O
nápad,NOUN,NNIS4-----A----,obl:arg,Acc,Masc,Sing,Inan,-0.0825120862149017,O
.,PUNCT,Z:-------------,punct,,,,,-0.0770768040145528,O
Jsou,AUX,VB-P---3P-AAI--,root,,,Plur,,-0.0286508379653504,O
zde,ADV,Db-------------,advmod,,,,,0.0253570566427003,O
dva,NUM,CnYP1----------,nummod,Nom,Masc,Plur,,0.0265245484449529,O
různé,ADJ,AAIP1----1A----,amod,Nom,Masc,Plur,Inan,-0.0367718466015331,O
názory,NOUN,NNIP1-----A----,nsubj,Nom,Masc,Plur,Inan,-0.1084408920214535,O
:,PUNCT,Z:-------------,punct,,,,,0.1092888162293829,O
jeden,NUM,CnYS1----------,nsubj,Nom,Masc,Sing,,-0.0678370024605822,O
odkazuje,VERB,VB-S---3P-AAI--,acl,,,Sing,,0.0203468818630401,O
na,ADP,RR--4----------,case,Acc,,,,0.0646148171525397,O
jeho,DET,P9XXXZS3-------,det,,,,,-0.1275805284944659,O
násilnické,ADJ,AANS4----1A----,amod,Acc,Neut,Sing,,0.0128461501487362,O
chování,NOUN,NNNS4-----A----,obl:arg,Acc,Neut,Sing,,-0.0219079617689754,O
v,ADP,RR--6----------,case,Loc,,,,0.0507748639239209,O
minulosti,NOUN,NNFS6-----A----,nmod,Loc,Fem,Sing,,-0.1020713011691346,O
",",PUNCT,Z:-------------,punct,,,,,0.0195740514600165,O
a,CCONJ,J^-------------,cc,,,,,0.3022847295109678,O
požaduje,VERB,VB-S---3P-AAI--,conj,,,Sing,,0.0322576316257322,O
",",PUNCT,Z:-------------,punct,,,,,-0.0512066364908327,O
aby,AUX,Vc-------------,aux,,,,,0.0375082413149931,O
se,PRON,P7-X4----------,expl:pass,Acc,,,,0.1022132611419608,O
tomu,DET,PDZS3----------,obl:arg,Dat,"Masc,Neut",Sing,,-0.0489996389250127,O
znovu,ADV,Db-------------,advmod,,,,,-0.1314724887343697,O
předešlo,VERB,VpNS----R-AAP--,ccomp,,Neut,Sing,,0.0154363405862949,O
",",PUNCT,Z:-------------,punct,,,,,0.0101546004661609,O
a,CCONJ,J^-------------,cc,,,,,0.2127630193178081,O
druhý,ADJ,CrIS1----------,amod,Nom,Masc,Sing,Inan,-0.0717247723608806,O
názor,NOUN,NNIS1-----A----,conj,Nom,Masc,Sing,Inan,-0.1021747122710809,O
",",PUNCT,Z:-------------,punct,,,,,0.014958642290651,O
který,DET,P4YS1----------,nsubj,Nom,Masc,Sing,,-0.0411732343912408,O
věří,VERB,VB-S---3P-AAI--,acl:relcl,,,Sing,,-0.0861400154361162,O
v,ADP,RR--4----------,case,Acc,,,,0.0068454093466145,O
sílu,NOUN,NNFS4-----A----,obl:arg,Acc,Fem,Sing,,0.0227768817372593,O
změny,NOUN,NNFS2-----A----,nmod,Gen,Fem,Sing,,-0.090830807609161,O
a,CCONJ,J^-------------,cc,,,,,0.0862429090784698,O
rehabilitace,NOUN,NNFS2-----A----,conj,Gen,Fem,Sing,,0.1210322092688683,O
.,PUNCT,Z:-------------,punct,,,,,0.3871300858688531,O
A,CCONJ,J^-------------,cc,,,,,0.0808310739801216,O
tak,ADV,Db-------------,cc,,,,,-0.2296493028505899,O
volají,VERB,VB-P---3P-AAI--,root,,,Plur,,-0.1643177598837444,O
a,CCONJ,J^-------------,cc,,,,,-0.039227466662548,O
pak,ADV,Db-------------,advmod,,,,,-0.0884851786567352,O
jsou,AUX,VB-P---3P-AAI--,cop,,,Plur,,-0.3147753272678734,O
dost,ADV,Dg-------1A----,advmod,,,,,-0.0990410382065316,O
zklamaní,ADJ,AAMP1----1A----,conj,Nom,Masc,Plur,Anim,0.0677583251628986,O
",",PUNCT,Z:-------------,punct,,,,,0.1103230252299534,O
protože,SCONJ,"J,-------------",mark,,,,,-0.1856800684155116,O
měli,VERB,VpMP----R-AAI--,advcl,,Masc,Plur,Anim,-0.0108322128300928,O
jiná,ADJ,AANP4----1A----,amod,Acc,Neut,Plur,,-0.0074730684015297,O
očekávání,NOUN,NNNP4-----A----,obj,Acc,Neut,Plur,,0.0100907455811085,O
ohledně,ADP,RR--2----------,case,Gen,,,,-0.053164455008433,O
zlevněných,ADJ,AAFP2----1A----,amod,Gen,Fem,Plur,,0.0360683998096387,O
sazeb,NOUN,NNFP2-----A----,nmod,Gen,Fem,Plur,,-0.0650582295184256,O
a,CCONJ,J^-------------,cc,,,,,0.1242855190988312,O
my,PRON,PP-P1--1-------,nsubj,Nom,,Plur,,-0.1062913276542864,O
zas,ADV,Db-------------,advmod,,,,,0.0326488531671654,O
hledíme,VERB,VB-P---1P-AAI--,conj,,,Plur,,-0.0318549582466315,O
na,ADP,RR--4----------,case,Acc,,,,0.0926740476976756,O
naše,DET,PSXP4-P1-------,det,Acc,,Plur,,0.0642948034112126,O
náklady,NOUN,NNIP4-----A----,obl:arg,Acc,Masc,Plur,Inan,0.1908326036518017,O
",",PUNCT,Z:-------------,punct,,,,,0.2064224825043575,O
které,DET,P4IP1----------,nsubj,Nom,Masc,Plur,Inan,-0.0387345200870171,O
se,PRON,P7-X4----------,expl:pv,Acc,,,,0.0328809155224608,O
vůbec,PART,TT-------------,advmod:emph,,,,,-0.0841012644910957,O
nezměnili,VERB,VpMP----R-NAP--,acl:relcl,,Masc,Plur,Anim,0.1146732772945097,O
.,PUNCT,Z:-------------,punct,,,,,0.4581013578942884,O
“,PUNCT,Z:-------------,punct,,,,,0.2088246670020146,O
Číslo,NOUN,NNNS1-----A----,nsubj,Nom,Neut,Sing,,0.1377791278067052,O
nové,ADJ,AAFS2----1A----,amod,Gen,Fem,Sing,,-0.1903318335211011,O
objednávky,NOUN,NNFS2-----A----,nmod,Gen,Fem,Sing,,0.1262830036016644,O
je,AUX,VB-S---3P-AAI--,cop,,,Sing,,-0.1831720512771801,O
NUMBER,PROPN,NNIS1-----A----,root,Nom,Masc,Sing,Inan,0.2675923378309005,O
#,NUM,C=-------------,nummod,,,,,-0.0407496352113849,O
a,CCONJ,J^-------------,cc,,,,,-0.1070989919293262,O
bude,AUX,VB-S---3F-AAI--,conj,,,Sing,,0.6201376321391431,O
u,ADP,RR--2----------,case,Gen,,,,0.2217532520995275,O
vás,PRON,PP-P2--2-------,obl,Gen,,Plur,,0.0640567127410596,O
během,ADP,RR--2----------,case,Gen,,,,-0.3003592121071495,O
20,NUM,C=-------------,nummod,,,,,0.071210554147545,B-nc
minut,NOUN,NNFP2-----A----,obl,Gen,Fem,Plur,,0.0424887252986044,O
.,PUNCT,Z:-------------,punct,,,,,0.1436486420084168,O
De,X,F%-------------,nmod,,,,,0.2110102512048565,B-ps
Klerk,PROPN,NNMS1-----A----,nsubj,Nom,Masc,Sing,Anim,0.2319582077221848,I-ps
zemřel,VERB,VpYS----R-AAP--,root,,Masc,Sing,,-0.1923678885777859,O
11,NUM,C=-------------,nummod,,,,,-0.2269412239963985,B-T|B-td
.,PUNCT,Z:-------------,punct,,,,,0.4924843102233391,I-T|I-td
listopadu,NOUN,NNIS2-----A----,obl,Gen,Masc,Sing,Inan,0.0776806779879319,I-T|B-tm
ve,ADP,RV--6----------,case,Loc,,,,0.0507876545729742,O
věku,NOUN,NNIS6-----A----,obl,Loc,Masc,Sing,Inan,0.0142252004205194,O
85,NUM,C=-------------,nummod,,,,,-0.0694764063674894,B-na
let,NOUN,NNNP2-----A----,nmod,Gen,Neut,Plur,,0.0092043181753642,O
po,ADP,RR--6----------,case,Loc,,,,-0.0673179667229586,O
boji,NOUN,NNIS6-----A----,obl,Loc,Masc,Sing,Inan,0.3193950082182777,O
s,ADP,RR--7----------,case,Ins,,,,0.14613532517509,O
rakovinou,NOUN,NNFS7-----A----,nmod,Ins,Fem,Sing,,0.1695243652396361,O
.,PUNCT,Z:-------------,punct,,,,,0.2851765244666249,O
Ve,ADP,RV--4----------,case,Acc,,,,-0.2634761645959287,O
středu,NOUN,NNFS4-----A----,obl,Acc,Fem,Sing,,0.1101826383543852,O
prezident,NOUN,NNMS1-----A----,nsubj,Nom,Masc,Sing,Anim,-0.0896193847534158,O
Trump,PROPN,NNMS1-----A----,flat,Nom,Masc,Sing,Anim,-0.0695664336500958,B-ps
oznámil,VERB,VpYS----R-AAP--,root,,Masc,Sing,,0.0054325545061644,O
",",PUNCT,Z:-------------,punct,,,,,0.120144971347115,O
že,SCONJ,"J,-------------",mark,,,,,-0.0083187664925311,O
poslal,VERB,VpYS----R-AAP--,ccomp,,Masc,Sing,,0.0306499483616222,O
100,NUM,C=-------------,nummod:gov,,,,,-0.0651473098948316,B-nc
federálních,ADJ,AAMP2----1A----,amod,Gen,Masc,Plur,Anim,-0.0474715517427705,O
agentů,NOUN,NNMP2-----A----,obj,Gen,Masc,Plur,Anim,0.0169306297131011,O
do,ADP,RR--2----------,case,Gen,,,,-0.2290869618635941,O
Chicaga,PROPN,NNNS2-----A----,obl,Gen,Neut,Sing,,0.3513239676498023,B-gu
",",PUNCT,Z:-------------,punct,,,,,0.0492995737249654,O
aby,AUX,Vc-------------,aux,,,,,0.3029831952576279,O
zde,ADV,Db-------------,advmod,,,,,-0.0607075505039834,O
pomohli,VERB,VpMP----R-AAP--,advcl,,Masc,Plur,Anim,0.0934276482300555,O
zastavit,VERB,Vf--------A-P--,xcomp,,,,,0.1729277759020472,O
stoupající,ADJ,AGIP4-----A----,amod,Acc,Masc,Plur,Inan,0.0859182300092974,O
počty,NOUN,NNIP4-----A----,obj,Acc,Masc,Plur,Inan,0.0087307751803462,O
některých,DET,PZXP2----------,det,Gen,,Plur,,-0.1176671422405269,O
trestných,ADJ,AAIP2----1A----,amod,Gen,Masc,Plur,Inan,-0.0405256197178287,O
činů,NOUN,NNIP2-----A----,nmod,Gen,Masc,Plur,Inan,-0.0369533764031065,O
.,PUNCT,Z:-------------,punct,,,,,0.0638699608590789,O
Jde,VERB,VB-S---3P-AAI--,root,,,Sing,,0.0213629781771512,O
o,ADP,RR--4----------,case,Acc,,,,-0.0971117238104123,O
krok,NOUN,NNIS4-----A----,obl:arg,Acc,Masc,Sing,Inan,0.1191659929620501,O
",",PUNCT,Z:-------------,punct,,,,,0.050847340996625,O
který,DET,P4YS1----------,nsubj,Nom,Masc,Sing,,0.0596650022859015,O
dokládá,VERB,VB-S---3P-AAI--,acl:relcl,,,Sing,,0.008217187709526,O
rozpínání,NOUN,NNNS4-----A----,obj,Acc,Neut,Sing,,0.0148851491081008,O
zásahů,NOUN,NNIP2-----A----,nmod,Gen,Masc,Plur,Inan,-0.0475878702368459,O
Bílého,ADJ,AAIS2----1A----,amod,Gen,Masc,Sing,Inan,0.0665261075628734,B-io
domu,NOUN,NNIS2-----A----,nmod,Gen,Masc,Sing,Inan,0.050898081249181,I-io
do,ADP,RR--2----------,case,Gen,,,,-0.0947498525942874,O
konání,NOUN,NNNS2-----A----,nmod,Gen,Neut,Sing,,0.0491199523607931,O
místních,ADJ,AAFP2----1A----,amod,Gen,Fem,Plur,,-0.0065588810061278,O
policejních,ADJ,AAFP2----1A----,amod,Gen,Fem,Plur,,0.0023396653903988,O
a,CCONJ,J^-------------,cc,,,,,-0.0400921300807,O
bezpečnostních,ADJ,AAFP2----1A----,conj,Gen,Fem,Plur,,-0.0884705408268009,O
složek,NOUN,NNFP2-----A----,nmod,Gen,Fem,Plur,,0.1152987072943237,O
",",PUNCT,Z:-------------,punct,,,,,0.0621680507703715,O
kdy,ADV,Db-------------,advmod,,,,,0.0003167821747911,O
se,PRON,P7--4----------,obj,Acc,,,,-0.0167514719755535,O
Trump,PROPN,NNMS1-----A----,nsubj,Nom,Masc,Sing,Anim,0.0610759453229416,B-ps
nadále,ADV,Db-------------,advmod,,,,,0.0528259145252284,O
prezentuje,VERB,VB-S---3P-AAB--,acl:relcl,,,Sing,,-0.0822238930523323,O
jako,SCONJ,"J,-------------",mark,,,,,0.159486758646954,O
prezident,NOUN,NNMS1-----A----,xcomp,Nom,Masc,Sing,Anim,0.0168197584376218,O
zákona,NOUN,NNIS2-----A----,nmod,Gen,Masc,Sing,Inan,0.1069402707192103,O
a,CCONJ,J^-------------,cc,,,,,-0.067237148681391,O
pořádku“,NOUN,NNFP2-----A----,conj,Gen,Fem,Plur,,0.0780283041770593,O
.,PUNCT,Z:-------------,punct,,,,,0.2819634383483055,O
Jsem,AUX,VB-S---1P-AAI--,cop,,,Sing,,-0.098197905664044,O
jen,ADV,Db-------------,advmod:emph,,,,,0.0154649444604953,O
starší,ADJ,AAMS1----2A----,amod,Nom,Masc,Sing,Anim,0.1133248029106403,O
fanda,NOUN,NNMS1-----A----,root,Nom,Masc,Sing,Anim,0.2246360827256129,O
",",PUNCT,Z:-------------,punct,,,,,0.4778900570406318,O
který,DET,P4YS1----------,nsubj,Nom,Masc,Sing,,0.1868783406350831,O
nasává,VERB,VB-S---3P-AAI--,acl:relcl,,,Sing,,0.1251043046378556,O
nostalgickou,ADJ,AAFS4----1A----,amod,Acc,Fem,Sing,,0.2887448580894529,O
vlnu,NOUN,NNFS4-----A----,obj,Acc,Fem,Sing,,0.5076151783591077,O
.,PUNCT,Z:-------------,punct,,,,,0.4019800656918581,O
Jsou,AUX,VB-P---3P-AAI--,root,,,Plur,,0.2723476503535939,O
tam,ADV,Db-------------,advmod,,,,,0.177521764151896,O
takové,DET,PDIP1----------,det,Nom,Masc,Plur,Inan,-0.2513034713842178,O
divné,ADJ,AAIP1----1A----,amod,Nom,Masc,Plur,Inan,0.1398107718429116,O
řasy,NOUN,NNIP1-----A----,nsubj,Nom,Masc,Plur,Inan,0.3450797824655943,O
“,PUNCT,Z:-------------,punct,,,,,0.6052344281141693,O
.,PUNCT,Z:-------------,punct,,,,,0.0712532683134994,O
Nyní,ADV,Db-------------,advmod,,,,,0.0995903173563749,O
se,PRON,P7-X4----------,expl:pv,Acc,,,,0.209730399773914,O
nachází,VERB,VB-S---3P-AAI--,root,,,Sing,,-0.1960069105984803,O
ve,ADP,RV--6----------,case,Loc,,,,-0.0473068903937783,O
vězení,NOUN,NNNS6-----A----,obl,Loc,Neut,Sing,,-0.0867566142519865,O
Belmarsh,PROPN,NNIS1-----A----,nmod,Nom,Masc,Sing,Inan,0.0297462450806752,B-ic
v,ADP,RR--6----------,case,Loc,,,,-0.207639627091131,O
Londýně,PROPN,NNIS6-----A----,nmod,Loc,Masc,Sing,Inan,-0.0590156639854575,B-gu
poté,ADV,Db-------------,advmod,,,,,-0.180617115415466,O
",",PUNCT,Z:-------------,punct,,,,,0.1818846911902826,O
co,SCONJ,"J,-------------",mark,,,,,0.5523916675142255,O
byl,AUX,VpYS----R-AAI--,aux:pass,,Masc,Sing,,-0.0119987901690574,O
uvězněn,ADJ,VsYS----X-APP--,advcl,,Masc,Sing,,0.00649252650691,O
za,ADP,RR--4----------,case,Acc,,,,-0.1048266624081203,O
porušení,NOUN,NNNS4-----A----,obl,Acc,Neut,Sing,,-0.0787690231642589,O
podmínek,NOUN,NNFP2-----A----,nmod,Gen,Fem,Plur,,-0.0540053878984384,O
kauce,NOUN,NNFS2-----A----,nmod,Gen,Fem,Sing,,0.0873337140904593,O
uvalených,ADJ,AAFP2----1A----,amod,Gen,Fem,Plur,,0.0015306191607627,O
na,ADP,RR--4----------,case,Acc,,,,-0.0552381351452077,O
žádost,NOUN,NNFS4-----A----,obl,Acc,Fem,Sing,,-0.0670540570868341,O
o,ADP,RR--4----------,case,Acc,,,,0.0048299379070803,O
vydání,NOUN,NNNS4-----A----,nmod,Acc,Neut,Sing,,-0.0099165777149255,O
do,ADP,RR--2----------,case,Gen,,,,-0.017773499463062,O
Švédska,PROPN,NNNS2-----A----,nmod,Gen,Neut,Sing,,-0.0438330474868601,B-gc
a,CCONJ,J^-------------,cc,,,,,0.024064261692068,O
měl,VERB,VpYS----R-AAI--,conj,,Masc,Sing,,-0.0110753276936608,O
být,AUX,Vf--------A-I--,aux:pass,,,,,-0.0210914578211076,O
propuštěn,ADJ,VsYS----X-APP--,ccomp,,Masc,Sing,,0.0854755947851916,O
minulý,ADJ,AAIS4----1A----,amod,Acc,Masc,Sing,Inan,-0.0449018532728662,O
týden,NOUN,NNIS4-----A----,obl,Acc,Masc,Sing,Inan,-0.0018471841981285,O
",",PUNCT,Z:-------------,punct,,,,,0.1667805362377159,O
ale,CCONJ,J^-------------,cc,,,,,0.1122046894186042,O
zůstane,VERB,VB-S---3P-AAP--,conj,,,Sing,,0.012900478035246,O
ve,ADP,RV--6----------,case,Loc,,,,0.00392890969363,O
vazbě,NOUN,NNFS6-----A----,obl,Loc,Fem,Sing,,0.0295278598830561,O
až,PART,TT-------------,advmod:emph,,,,,-0.0644863205651074,O
do,ADP,RR--2----------,case,Gen,,,,-0.0698183746873,O
vyslechnutí,NOUN,NNNS2-----A----,obl,Gen,Neut,Sing,,0.0176523299129433,O
případného,ADJ,AANS2----1A----,amod,Gen,Neut,Sing,,-0.0464755331363978,O
vydání,NOUN,NNNS2-----A----,nmod,Gen,Neut,Sing,,0.1203369607270326,O
do,ADP,RR--2----------,case,Gen,,,,0.0243296996363948,O
USA,PROPN,BNXXX-----A----,nmod,,,,,-0.0553272255367482,B-gc
v,ADP,RR--6----------,case,Loc,,,,0.0811441364846706,O
Londýně,PROPN,NNIS6-----A----,nmod,Loc,Masc,Sing,Inan,-0.0130245024978323,B-gu
v,ADP,RR--6----------,case,Loc,,,,-0.0003444148525512,O
únoru,NOUN,NNIS6-----A----,nmod,Loc,Masc,Sing,Inan,0.0824200115809187,B-T|B-tm
2020,NUM,C=-------------,nummod,,,,,0.3287997284485873,I-T|B-ty
.,PUNCT,Z:-------------,punct,,,,,-0.0377396266086295,O
Proto,CCONJ,J^-------------,cc,,,,,-0.0373761955610014,O
mohou,VERB,VB-P---3P-AAI-1,root,,,Plur,,0.4767747315395735,O
existovat,VERB,Vf--------A-I--,xcomp,,,,,0.0123540293165119,O
určité,ADJ,AAIP1----1A----,amod,Nom,Masc,Plur,Inan,0.0454739817570568,O
rozdíly,NOUN,NNIP1-----A----,nsubj,Nom,Masc,Plur,Inan,-0.0082485400361221,O
v,ADP,RR--6----------,case,Loc,,,,-0.0704801870889049,O
barvách,NOUN,NNFP6-----A----,nmod,Loc,Fem,Plur,,0.1104304043434346,O
a,CCONJ,J^-------------,cc,,,,,-0.1526382174842379,O
texturách,NOUN,NNFP6-----A----,conj,Loc,Fem,Plur,,0.1126311149094509,O
různých,ADJ,AAFP2----1A----,amod,Gen,Fem,Plur,,0.0046621241109617,O
částí,NOUN,NNFP2-----A----,nmod,Gen,Fem,Plur,,-0.0096898588827378,O
tašky,NOUN,NNFS2-----A----,nmod,Gen,Fem,Sing,,0.0093118637921038,O
",",PUNCT,Z:-------------,punct,,,,,0.2029472243524594,O
které,DET,P4FP1----------,nsubj,Nom,Fem,Plur,,-0.2526491770488525,O
vytvoří,VERB,VB-P---3P-AAP--,acl:relcl,,,Plur,,0.138545313780289,O
nádherný,ADJ,AAIS4----1A----,amod,Acc,Masc,Sing,Inan,-0.1812825485332491,O
jedinečný,ADJ,AAIS4----1A----,amod,Acc,Masc,Sing,Inan,-0.1125705516410148,O
efekt,NOUN,NNIS4-----A----,obj,Acc,Masc,Sing,Inan,-0.0396939993960781,O
.,PUNCT,Z:-------------,punct,,,,,0.5434263363019344,O
Děkuji,VERB,VB-S---1P-AAI-1,root,,,Sing,,0.1714968265027817,O
za,ADP,RR--4----------,case,Acc,,,,-0.0247158330739856,O
čekání,NOUN,NNNS4-----A----,obl:arg,Acc,Neut,Sing,,0.9631458535863906,O
Také,ADV,Db-------------,advmod,,,,,0.0623457237155698,O
chápu,VERB,VB-S---1P-AAI--,root,,,Sing,,0.0884921933479726,O
",",PUNCT,Z:-------------,punct,,,,,0.2302318000126278,O
že,SCONJ,"J,-------------",mark,,,,,0.0826843533496448,O
je,AUX,VB-S---3P-AAI--,cop,,,Sing,,-0.033526696693174,O
to,DET,PDNS1----------,nsubj,Nom,Neut,Sing,,0.0133314649922165,O
jen,ADV,Db-------------,advmod:emph,,,,,0.3208494973745661,O
jiná,ADJ,AAFS1----1A----,amod,Nom,Fem,Sing,,0.1709861539829562,O
forma,NOUN,NNFS1-----A----,ccomp,Nom,Fem,Sing,,-0.0856498598111372,O
zoufalství,NOUN,NNNS2-----A----,nmod,Gen,Neut,Sing,,0.0787197248280962,O
pokusit,VERB,Vf--------A-P--,csubj,,,,,0.1781235296603974,O
se,PRON,P7-X4----------,expl:pv,Acc,,,,-0.036148547769467,O
udržet,VERB,Vf--------A-P--,xcomp,,,,,-0.0216262633741694,O
jeho,DET,P9XXXZS3-------,det,,,,,0.0027929891729192,O
roli,NOUN,NNFS4-----A----,obj,Acc,Fem,Sing,,0.0804186596550988,O
jako,SCONJ,"J,-------------",mark,,,,,0.4764252887052433,O
manžel,NOUN,NNMS1-----A----,xcomp,Nom,Masc,Sing,Anim,0.108622493535096,O
a,CCONJ,J^-------------,cc,,,,,0.0624274497739805,O
muž,NOUN,NNMS1-----A----,conj,Nom,Masc,Sing,Anim,-0.0500038917777464,O
rodiny,NOUN,NNFS2-----A----,nmod,Gen,Fem,Sing,,0.0459997194594297,O
i,CCONJ,J^-------------,advmod:emph,,,,,0.0422782448319447,O
přesto,ADV,Db-------------,advmod,,,,,-0.0726033408015,O
",",PUNCT,Z:-------------,punct,,,,,0.2003826915807438,O
že,SCONJ,"J,-------------",mark,,,,,0.0922308371787286,O
před,ADP,RR--7----------,case,Ins,,,,-0.0063318323619129,O
jedním,NUM,CnZS7----------,nummod,Ins,"Masc,Neut",Sing,,-0.0256632478817945,O
nebo,CCONJ,J^-------------,cc,,,,,0.0962852417505147,O
dvěma,NUM,CnXP7----------,conj,Ins,,Plur,,-0.0416824539260265,O
dny,NOUN,NNIP7-----A----,obl,Ins,Masc,Plur,Inan,0.1071506520406395,O
nutil,VERB,VpYS----R-AAI--,advcl,,Masc,Sing,,0.0945386902726344,O
tequilu,NOUN,NNFS4-----A----,obj,Acc,Fem,Sing,,0.0310548045204848,O
jeho,DET,P9XXXZS3-------,det,,,,,0.1371206321852484,O
dospívajícímu,ADJ,AGMS3-----A----,amod,Dat,Masc,Sing,Anim,0.1389922013761547,O
synovi,NOUN,NNMS3-----A----,obl:arg,Dat,Masc,Sing,Anim,0.3833944765592199,O
.,PUNCT,Z:-------------,punct,,,,,-0.1910763755955792,O
Jerry,PROPN,NNMS1-----A----,root,Nom,Masc,Sing,Anim,0.2927236057162972,B-pf
:,PUNCT,Z:-------------,punct,,,,,-0.0810858526785389,O
Zaparkovals,VERB,VpYS----R-AAP--,conj,,Masc,Sing,,0.0985842159949942,O
ten,DET,PDIS4----------,det,Acc,Masc,Sing,Inan,-0.1215375083766943,O
přívěs,NOUN,NNIS4-----A----,obj,Acc,Masc,Sing,Inan,0.222881464514754,O
tam,ADV,Db-------------,advmod,,,,,0.2328029877041954,O
u,ADP,RR--2----------,case,Gen,,,,0.2591995783333821,O
kontejneru,NOUN,NNIS2-----A----,obl,Gen,Masc,Sing,Inan,0.4697025085352061,O
?,PUNCT,Z:-------------,punct,,,,,0.5648088727375898,O
Doufám,VERB,VB-S---1P-AAI--,root,,,Sing,,0.0251525098715674,O
",",PUNCT,Z:-------------,punct,,,,,0.2937889416951301,O
že,SCONJ,"J,-------------",mark,,,,,0.0235056073138653,O
máte,VERB,VB-P---2P-AAI--,ccomp,,,Plur,,0.0789196178303095,O
skvělý,ADJ,AAIS4----1A----,amod,Acc,Masc,Sing,Inan,-0.1216266925156193,O
večer,NOUN,NNIS4-----A----,obj,Acc,Masc,Sing,Inan,-0.0636783074399485,O
.,PUNCT,Z:-------------,punct,,,,,0.4424187314521886,O
Lavina,NOUN,NNFS1-----A----,nsubj,Nom,Fem,Sing,,0.0912764972965415,O
přišla,VERB,VpQW----R-AAP--,root,,"Fem,Neut","Plur,Sing",,0.2135253873491742,O
během,ADP,RR--2----------,case,Gen,,,,0.2270488629314679,O
první,ADJ,CrFS2----------,amod,Gen,Fem,Sing,,0.1129189266583676,O
větší,ADJ,AAFS2----2A----,amod,Gen,Fem,Sing,,0.0295259794768295,O
sněhové,ADJ,AAFS2----1A----,amod,Gen,Fem,Sing,,0.2156192933433896,O
nadílky,NOUN,NNFS2-----A----,obl,Gen,Fem,Sing,,-0.0271322515503259,O
v,ADP,RR--6----------,case,Loc,,,,0.0317802222522145,O
sezóně,NOUN,NNFS6-----A----,nmod,Loc,Fem,Sing,,0.1390184268422473,O
.,PUNCT,Z:-------------,punct,,,,,0.115491769214638,O
Nevýslovné,ADJ,AAIP1----1N----,amod,Nom,Masc,Plur,Inan,0.026068613241851,O
miliony,DET,CzIP1----------,nsubj,Nom,Masc,Plur,Inan,-0.1621831855974446,O
serverů,NOUN,NNIP2-----A----,nmod,Gen,Masc,Plur,Inan,0.1179644937264332,O
si,PRON,P7--3----------,obl,Dat,,,,-0.0403340064664584,O
ho,PRON,P5ZS4--3-------,obj,Acc,"Masc,Neut",Sing,,-0.1443100454283759,O
nainstalovaly,VERB,VpTP----R-AAP--,root,,"Fem,Masc",Plur,Inan,-0.0330343678561789,O
a,CCONJ,J^-------------,cc,,,,,-0.0852794866317929,O
odborníci,NOUN,NNMP1-----A----,nsubj,Nom,Masc,Plur,Anim,0.0884004933521095,O
řekli,VERB,VpMP----R-AAP--,conj,,Masc,Plur,Anim,0.6140858701308183,O
",",PUNCT,Z:-------------,punct,,,,,0.0207463333604268,O
že,SCONJ,"J,-------------",mark,,,,,0.0449585522918547,O
dopad,NOUN,NNIS1-----A----,nsubj,Nom,Masc,Sing,Inan,-0.0151717197622058,O
by,AUX,Vc----------I--,aux,,,,,0.0431769264341283,O
měl,VERB,VpYS----R-AAI--,ccomp,,Masc,Sing,,0.0546906785119571,O
být,AUX,Vf--------A-I--,cop,,,,,0.057612608616087,O
znám,ADJ,ACYS------A----,xcomp,,Masc,Sing,,0.0574620411803883,O
za,ADP,RR--4----------,case,Acc,,,,-0.0635341642919536,O
několik,DET,Ca--4----------,det:numgov,Acc,,,,-0.0994033024625892,O
dní,NOUN,NNIP2-----A---1,obl,Gen,Masc,Plur,Inan,0.0397818964346555,O
.,PUNCT,Z:-------------,punct,,,,,-0.4333895033033267,O
Policie,NOUN,NNFS1-----A----,nsubj,Nom,Fem,Sing,,0.1703879406010402,O
West,X,F%-------------,nmod,,,,,-0.0049082724690114,B-gu
Midlands,X,F%-------------,flat:foreign,,,,,-0.0922794048831711,I-gu
uvedla,VERB,VpQW----R-AAP--,root,,"Fem,Neut","Plur,Sing",,-0.0524848348483636,O
",",PUNCT,Z:-------------,punct,,,,,0.0637472402752946,O
že,SCONJ,"J,-------------",mark,,,,,-0.0612560862698191,O
Yahya,PROPN,NNMS1-----A----,nsubj:pass,Nom,Masc,Sing,Anim,-0.0349994833639454,B-P|B-pf
Sharif,PROPN,NNMS1-----A----,flat,Nom,Masc,Sing,Anim,-0.0626703090776581,I-P|B-ps
byl,AUX,VpYS----R-AAI--,aux:pass,,Masc,Sing,,0.0586689317755987,O
nalezen,ADJ,VsYS----X-APP-1,ccomp,,Masc,Sing,,0.0443002139940373,O
vážně,ADV,Dg-------1A----,advmod,,,,,0.0261971692192061,O
zraněný,ADJ,AAMS1----1A----,xcomp,Nom,Masc,Sing,Anim,-0.0766412569942905,O
na,ADP,RR--6----------,case,Loc,,,,0.0016852878004241,O
Coventry,X,F%-------------,obl,,,,,-0.0559579904390891,B-gs
Road,X,F%-------------,flat:foreign,,,,,0.014287238215955,I-gs
ve,ADP,RV--6----------,case,Loc,,,,0.0022633413698275,O
Small,X,F%-------------,obl,,,,,0.025824158106592,B-gu
Heath,X,F%-------------,flat:foreign,,,,,0.0600857983184308,I-gu
v,ADP,RR--4----------,case,Acc,,,,0.0706031999548876,O
pátek,NOUN,NNIS4-----A----,obl,Acc,Masc,Sing,Inan,-0.1089517182972421,O
před,ADP,RR--7----------,case,Ins,,,,-0.0756248897616299,O
půl,NUM,Cl-XX----------,obl,,,,,-0.0740118835261078,O
šestou,ADJ,CrFS7----------,amod,Ins,Fem,Sing,,0.0431666428752896,O
večer,ADV,Db-------------,advmod,,,,,-0.0069017617282843,O
.,PUNCT,Z:-------------,punct,,,,,-0.3025988829549653,O
Podle,ADP,RR--2----------,case,Gen,,,,0.3662173492582057,O
rádia,NOUN,NNNS2-----A----,obl,Gen,Neut,Sing,,0.0669909392866739,O
Svobodná,ADJ,AAFS1----1A----,amod,Nom,Fem,Sing,,0.0561226189195556,B-ms
Asie,PROPN,NNFS1-----A----,nmod,Nom,Fem,Sing,,0.0243492057928188,I-ms
Cao,PROPN,NNFXX-----A----,nsubj,,Fem,,,-0.0176917714472355,B-p_
uvedla,VERB,VpQW----R-AAP--,root,,"Fem,Neut","Plur,Sing",,-0.1017146257157964,O
",",PUNCT,Z:-------------,punct,,,,,0.0816170006159152,O
že,SCONJ,"J,-------------",mark,,,,,-0.0476375952534919,O
policie,NOUN,NNFS1-----A----,nsubj,Nom,Fem,Sing,,-0.0252651873910188,O
na,ADP,RR--4----------,case,Acc,,,,-0.001611425731169,O
ni,PRON,PEFS4--3------1,obl:arg,Acc,Fem,Sing,,-0.0398158652597495,O
vyvíjí,VERB,VB-S---3P-AAI--,ccomp,,,Sing,,0.0985299145295323,O
nátlak,NOUN,NNIS4-----A----,obj,Acc,Masc,Sing,Inan,-0.021072582050344,O
",",PUNCT,Z:-------------,punct,,,,,0.1183764102781517,O
aby,AUX,Vc-------------,aux,,,,,0.0273396261864339,O
přijala,VERB,VpQW----R-AAP--,acl,,"Fem,Neut","Plur,Sing",,-0.0263234720809882,O
její,DET,P9NS4FS3-------,det,Acc,Neut,Sing,,0.0084026787790986,O
prohlášení,NOUN,NNNS4-----A----,obj,Acc,Neut,Sing,,0.0686664575812095,O
",",PUNCT,Z:-------------,punct,,,,,0.0839964345655472,O
že,SCONJ,"J,-------------",mark,,,,,-0.0329939138033505,O
Wangova,ADJ,AUFS1M---------,amod,Nom,Fem,Sing,,0.0913356519588971,B-p_
smrt,NOUN,NNFS1-----A----,nsubj,Nom,Fem,Sing,,-0.0299107380029457,O
byla,AUX,VpQW----R-AAI--,cop,,"Fem,Neut","Plur,Sing",,-0.0222063061634117,O
nehoda,NOUN,NNFS1-----A----,acl,Nom,Fem,Sing,,-0.030479376250527,O
",",PUNCT,Z:-------------,punct,,,,,0.0085219854002683,O
ale,CCONJ,J^-------------,cc,,,,,-0.0332113608444594,O
odmítla,VERB,VpQW----R-AAP-1,conj,,"Fem,Neut","Plur,Sing",,0.0446581890722521,O
.,PUNCT,Z:-------------,punct,,,,,0.0488446166490365,O
Policejní,ADJ,AAMS1----1A----,amod,Nom,Masc,Sing,Anim,0.0800886088245146,O
důstojník,NOUN,NNMS1-----A----,nsubj,Nom,Masc,Sing,Anim,-0.0116323586071527,O
ze,ADP,RV--2----------,case,Gen,,,,0.2569799690646799,O
stanice,NOUN,NNFS2-----A----,nmod,Gen,Fem,Sing,,-0.0425676888544523,O
Hengyang,PROPN,NNIS1-----A----,nmod,Nom,Masc,Sing,Inan,0.0928170546307779,B-g_
sdělil,VERB,VpYS----R-AAP--,root,,Masc,Sing,,0.0337318860665576,O
",",PUNCT,Z:-------------,punct,,,,,0.0792234374350181,O
že,SCONJ,"J,-------------",mark,,,,,-0.0170831407407373,O
se,PRON,P7-X4----------,expl:pv,Acc,,,,0.0696943017787965,O
k,ADP,RR--3----------,case,Dat,,,,-0.0496699564158752,O
případu,NOUN,NNIS3-----A----,obl:arg,Dat,Masc,Sing,Inan,0.0729162158616955,O
nemůže,VERB,VB-S---3P-NAI--,ccomp,,,Sing,,-0.0244921901215129,O
vyjádřit,VERB,Vf--------A-P--,xcomp,,,,,0.0910131391766255,O
.,PUNCT,Z:-------------,punct,,,,,0.0734397388025717,O
Wangova,ADJ,AUFS1M---------,amod,Nom,Fem,Sing,,0.0998947568225464,B-p_
matka,NOUN,NNFS1-----A----,nsubj,Nom,Fem,Sing,,-0.0166053707961945,O
řekla,VERB,VpQW----R-AAP--,root,,"Fem,Neut","Plur,Sing",,0.0358780358416503,O
novinám,NOUN,NNFP3-----A----,obl:arg,Dat,Fem,Plur,,0.0221140251088885,O
The,X,F%-------------,nmod,,,,,-0.1640332984858116,B-mn
Guardian,X,F%-------------,flat:foreign,,,,,-0.0025143980422822,I-mn
",",PUNCT,Z:-------------,punct,,,,,0.0843912313405556,O
že,SCONJ,"J,-------------",mark,,,,,-0.0191026585334432,O
rodině,NOUN,NNFS3-----A----,obl:arg,Dat,Fem,Sing,,-0.0043101902696119,O
byla,AUX,VpQW----R-AAI--,aux:pass,,"Fem,Neut","Plur,Sing",,-0.0201152330538265,O
nabídnuta,ADJ,VsQW----X-APP--,ccomp,,"Fem,Neut","Plur,Sing",,0.1241841238493594,O
kompenzace,NOUN,NNFS1-----A----,nsubj:pass,Nom,Fem,Sing,,0.0586206513920564,O
ve,ADP,RV--6----------,case,Loc,,,,-0.039591457651667,O
výši,NOUN,NNFS6-----A----,nmod,Loc,Fem,Sing,,0.001633002935057,O
více,ADV,Dg-------2A----,advmod,,,,,0.0132430203981492,O
než,SCONJ,"J,-------------",mark,,,,,-0.0577568531967733,O
2,NUM,C=-------------,nummod,,,,,0.0309824987356565,B-nc
miliony,DET,CzIP1----------,obl,Nom,Masc,Plur,Inan,0.1104604405790006,I-nc
juanů,NOUN,NNIP2-----A----,nmod,Gen,Masc,Plur,Inan,0.0892231114828471,O
(,PUNCT,Z:-------------,punct,,,,,0.03613750660947,O
asi,PART,TT-------------,advmod:emph,,,,,0.1987074978977837,O
220,NUM,C=-------------,nummod:gov,,,,,0.1124530091244768,B-nc
000,NUM,C=-------------,nummod:gov,,,,,0.1574639104525172,I-nc
dolarů,NOUN,NNIP2-----A----,appos,Gen,Masc,Plur,Inan,0.0834065610453794,O
),PUNCT,Z:-------------,punct,,,,,0.0526170684391861,O
.,PUNCT,Z:-------------,punct,,,,,0.5020668264850118,O
Všechna,DET,PLNP1----------,det,Nom,Neut,Plur,,-0.093988552611343,O
těla,NOUN,NNNP1-----A----,nsubj:pass,Nom,Neut,Plur,,0.08282286017325,O
byla,AUX,VpQW----R-AAI--,aux:pass,,"Fem,Neut","Plur,Sing",,-0.0287428348167508,O
odvezena,ADJ,VsQW----X-APP--,root,,"Fem,Neut","Plur,Sing",,0.0750351165086723,O
k,ADP,RR--3----------,case,Dat,,,,-0.1923996305475126,O
pitvě,NOUN,NNFS3-----A----,obl,Dat,Fem,Sing,,0.3571291870998191,O
na,ADP,RR--4----------,case,Acc,,,,0.0073880288847023,O
Úřad,NOUN,NNIS4-----A----,obl,Acc,Masc,Sing,Inan,0.1653522973111282,B-io
pro,ADP,RR--4----------,case,Acc,,,,-0.1780134095429635,I-io
vyšetřování,NOUN,NNNS4-----A----,nmod,Acc,Neut,Sing,,0.0817336788499261,I-io
státu,NOUN,NNIS2-----A----,nmod,Gen,Masc,Sing,Inan,0.1423433524563088,I-io
Georgia,PROPN,NNFS1-----A----,nmod,Nom,Fem,Sing,,0.0787197481628446,I-io|B-gr
.,PUNCT,Z:-------------,punct,,,,,-0.3359117861800119,O
Nehradíme,VERB,VB-P---1P-NAI--,root,,,Plur,,0.7205584569999708,O
poplatky,NOUN,NNIP4-----A----,obj,Acc,Masc,Plur,Inan,-0.0638758892189751,O
za,ADP,RR--4----------,case,Acc,,,,0.4052447214037805,O
dopravu,NOUN,NNFS4-----A----,nmod,Acc,Fem,Sing,,0.2800209928568099,O
.,PUNCT,Z:-------------,punct,,,,,0.4230924237368786,O
Změňte,VERB,Vi-P---2--A-P--,root,,,Plur,,0.774766166386995,O
nastavení,NOUN,NNNS4-----A----,obj,Acc,Neut,Sing,,0.1780881150734417,O
písma,NOUN,NNNS2-----A----,nmod,Gen,Neut,Sing,,0.0155933795435373,O
pomocí,ADP,RR--2----------,case,Gen,,,,0.2428512188276117,O
Menu,PROPN,NNNXX-----A----,obl,,Neut,,,-0.0099761398560287,O
v,ADP,RR--6----------,case,Loc,,,,0.1325001571600569,O
dolní,ADJ,AAFS6----1A----,amod,Loc,Fem,Sing,,0.4806991817926453,O
části,NOUN,NNFS6-----A----,nmod,Loc,Fem,Sing,,0.1319934309099028,O
:,PUNCT,Z:-------------,punct,,,,,0.065439049666081,O
Každá,DET,AAFS1----1A----,det,Nom,Fem,Sing,,0.3593914629752212,O
úroveň,NOUN,NNFS1-----A----,nsubj,Nom,Fem,Sing,,0.102262957838891,O
nabízí,VERB,VB-S---3P-AAI--,root,,,Sing,,0.02980818194738,O
intuitivní,ADJ,AAIS4----1A----,amod,Acc,Masc,Sing,Inan,0.0809399779575101,O
boj,NOUN,NNIS4-----A----,obj,Acc,Masc,Sing,Inan,0.1865333187933228,O
založený,ADJ,AAIS4----1A----,amod,Acc,Masc,Sing,Inan,0.0666848308808165,O
na,ADP,RR--6----------,case,Loc,,,,0.1021227995444571,O
zkušenostech,NOUN,NNFP6-----A----,obl:arg,Loc,Fem,Plur,,-0.0006646921133279,O
",",PUNCT,Z:-------------,punct,,,,,0.1051757092771561,O
hráči,NOUN,NNMP1-----A----,nsubj,Nom,Masc,Plur,Anim,0.0085687471099136,O
ovládají,VERB,VB-P---3P-AAI--,conj,,,Plur,,0.0166473439788805,O
sérii,NOUN,NNFS4-----A----,obj,Acc,Fem,Sing,,0.0375940745569108,O
unikátních,ADJ,AAFP2----1A----,amod,Gen,Fem,Plur,,0.0279160154581285,O
dovedností,NOUN,NNFP2-----A----,nmod,Gen,Fem,Plur,,0.1630743872790654,O
",",PUNCT,Z:-------------,punct,,,,,0.1084962857348903,O
kterou,DET,P4FS4----------,obj,Acc,Fem,Sing,,0.0024023869624512,O
mohou,VERB,VB-P---3P-AAI-1,acl:relcl,,,Plur,,-0.0339516334270798,O
libovolně,ADV,Dg-------1A----,advmod,,,,,0.0135638312616247,O
kombinovat,VERB,Vf--------A-I--,xcomp,,,,,0.0498499314627398,O
do,ADP,RR--2----------,case,Gen,,,,0.0875643772340548,O
různých,ADJ,AAFP2----1A----,amod,Gen,Fem,Plur,,-0.0211561680456171,O
comb,NOUN,NNFP2-----A----,obl,Gen,Fem,Plur,,0.0005996117158273,O
",",PUNCT,Z:-------------,punct,,,,,0.0741083559760562,O
které,DET,P4FP1----------,nsubj,Nom,Fem,Plur,,0.0066956240383685,O
je,PRON,PEXP4--3-------,obj,Acc,,Plur,,0.0181226543800488,O
stále,ADV,Dg-------1A----,advmod,,,,,0.0306950981734834,O
udržují,VERB,VB-P---3P-AAI--,acl:relcl,,,Plur,,0.0230764010364061,O
ve,ADP,RV--6----------,case,Loc,,,,0.0311142840142712,O
střehu,NOUN,NNIS6-----A----,obl,Loc,Masc,Sing,Inan,0.1897422515539707,O
.,PUNCT,Z:-------------,punct,,,,,-0.1600891510723844,O
Pár,NOUN,NNIS4-----A----,obl,Acc,Masc,Sing,Inan,0.1402612330184428,O
dní,NOUN,NNIP2-----A---1,nmod,Gen,Masc,Plur,Inan,0.095500795178257,O
po,ADP,RR--6----------,case,Loc,,,,0.0670971472994336,O
vydání,NOUN,NNNS6-----A----,nmod,Loc,Neut,Sing,,-0.0406371904817828,O
nového,ADJ,AANS2----1A----,amod,Gen,Neut,Sing,,-0.0213948697074351,O
alba,NOUN,NNNS2-----A----,nmod,Gen,Neut,Sing,,-0.0418634837038972,O
a,CCONJ,J^-------------,cc,,,,,0.0016970322250878,O
odhalení,NOUN,NNNS6-----A----,conj,Loc,Neut,Sing,,0.0716832674363397,O
",",PUNCT,Z:-------------,punct,,,,,0.2920662860925248,O
že,SCONJ,"J,-------------",mark,,,,,0.0060067960407707,O
se,PRON,P7-X4----------,expl:pv,Acc,,,,0.0415615441310085,O
už,ADV,Db-------------,advmod:emph,,,,,-0.0706513298008601,O
dva,NUM,CnYP4----------,nummod,Acc,Masc,Plur,,0.0422843303612161,O
roky,NOUN,NNIP4-----A----,obl,Acc,Masc,Plur,Inan,0.0005026241063512,O
snaží,VERB,VB-S---3P-AAI--,acl,,,Sing,,-0.1006622347427914,O
dosáhnout,VERB,Vf--------A-P--,xcomp,,,,,0.029822711183688,O
rozvodu,NOUN,NNIS2-----A----,obl:arg,Gen,Masc,Sing,Inan,0.0575871826969831,O
s,ADP,RR--7----------,case,Ins,,,,0.0480556607774437,O
manželkou,NOUN,NNFS7-----A----,nmod,Ins,Fem,Sing,,0.0598042331221327,O
Kim,PROPN,NNFXX-----A----,flat,,Fem,,,0.0330479210810096,B-P|B-pf
Kardashianovou,PROPN,NNFS7-----A----,flat,Ins,Fem,Sing,,0.0425309266079481,I-P|B-ps
",",PUNCT,Z:-------------,punct,,,,,0.1474781883334358,O
obrátil,VERB,VpYS----R-AAP--,root,,Masc,Sing,,0.0226537035477061,O
v,ADP,RR--4----------,case,Acc,,,,0.0231253459770181,O
sobotu,NOUN,NNFS4-----A----,obl,Acc,Fem,Sing,,-0.0602362205742414,O
rapper,NOUN,NNMS1-----A----,nsubj,Nom,Masc,Sing,Anim,0.0903886783826037,O
Kanye,PROPN,NNMS1-----A----,flat,Nom,Masc,Sing,Anim,-0.021180763638737,B-P|B-pf
West,PROPN,NNMS1-----A----,flat,Nom,Masc,Sing,Anim,-0.0270628008048078,I-P|B-ps
opět,ADV,Db-------------,advmod,,,,,-0.007399814386871,O
svou,DET,P8FS4---------1,det,Acc,Fem,Sing,,0.0204214450050139,O
pozornost,NOUN,NNFS4-----A----,obj,Acc,Fem,Sing,,-0.0487238181834999,O
na,ADP,RR--4----------,case,Acc,,,,-0.1153698686750628,O
prezidentskou,ADJ,AAFS4----1A----,amod,Acc,Fem,Sing,,0.078031493426925,O
kampaň,NOUN,NNFS4-----A----,obl,Acc,Fem,Sing,,-0.0887275152232068,O
2020,NUM,C=-------------,nummod,,,,,0.0186375199242122,B-ty
a,CCONJ,J^-------------,cc,,,,,-0.1886383253800883,O
v,ADP,RR--6----------,case,Loc,,,,0.0207608413863732,O
oznámení,NOUN,NNNS6-----A----,obl,Loc,Neut,Sing,,-0.0800400968437494,O
psaném,ADJ,AANS6----1A----,amod,Loc,Neut,Sing,,0.1020641583807364,O
všemi,DET,PLXP7----------,det,Ins,,Plur,,-0.1170569436951932,O
velkými,ADJ,AANP7----1A----,amod,Ins,Neut,Plur,,-0.0141152347549768,O
písmeny,NOUN,NNNP7-----A----,obl,Ins,Neut,Plur,,0.1118232309668439,O
prohlásil,VERB,VpYS----R-AAP--,conj,,Masc,Sing,,0.0414734470690015,O
:,PUNCT,Z:-------------,punct,,,,,0.0461667128531548,O
DOKÁŽU,VERB,VB-S---1P-AAP--,ccomp,,,Sing,,0.0260886342734323,O
PORAZIT,VERB,Vf--------A-P--,xcomp,,,,,0.080786977453675,O
BIDENA,PROPN,NNMS4-----A----,obj,Acc,Masc,Sing,Anim,0.0300274543784289,B-ps
I,CCONJ,J^-------------,advmod:emph,,,,,0.0012351288217531,O
JEN,PART,TT-------------,advmod:emph,,,,,-0.0800840787182329,O
JAKO,SCONJ,"J,-------------",mark,,,,,0.0155358544402286,O
WRITE-IN,X,F%-------------,xcomp,,,,,0.0554635978005657,O
.,PUNCT,Z:-------------,punct,,,,,0.4529189906055268,O
“,PUNCT,Z:-------------,punct,,,,,0.4499188388987815,O
Série,NOUN,NNFS1-----A----,nsubj,Nom,Fem,Sing,,0.2247039730912887,O
nedávno,ADV,Dg-------1N----,advmod,,,,,-0.0796261668711078,O
schválených,ADJ,AANP2----1A----,amod,Gen,Neut,Plur,,0.0511430226110243,O
nebo,CCONJ,J^-------------,cc,,,,,0.1342107645262862,O
připravovaných,ADJ,AANP2----1A----,conj,Gen,Neut,Plur,,0.1185389587194654,O
opatření,NOUN,NNNP2-----A----,nmod,Gen,Neut,Plur,,-0.0520234756786306,O
v,ADP,RR--6----------,case,Loc,,,,0.1258331290625078,O
parlamentu,NOUN,NNIS6-----A---1,nmod,Loc,Masc,Sing,Inan,0.0068309247426319,O
budí,VERB,VB-S---3P-AAI--,root,,,Sing,,0.0901861553772342,O
obavy,NOUN,NNFP4-----A----,obj,Acc,Fem,Plur,,0.1132712655502184,O
z,ADP,RR--2----------,case,Gen,,,,0.0077982786630601,O
našeho,DET,PSZS2-P1-------,det,Gen,"Masc,Neut",Sing,,-0.14475929131943,O
domácího,ADJ,AAIS2----1A----,amod,Gen,Masc,Sing,Inan,0.2340570441870271,O
autoritářského,ADJ,AAIS2----1A----,amod,Gen,Masc,Sing,Inan,0.0417536946701403,O
systému,NOUN,NNIS2-----A----,nmod,Gen,Masc,Sing,Inan,0.2496925109174654,O
.,PUNCT,Z:-------------,punct,,,,,0.5669000220520118,O
Začněte,VERB,Vi-P---2--A-P--,root,,,Plur,,0.1040132458353431,O
možná,ADV,Db-------------,advmod,,,,,-0.1821037226313755,O
s,ADP,RR--7----------,case,Ins,,,,0.2351810451060491,O
deficitem,NOUN,NNIS7-----A----,obl:arg,Ins,Masc,Sing,Inan,-0.0611635201440423,O
300,NUM,C=-------------,nummod:gov,,,,,0.1475501273555865,B-nc
kalorií,NOUN,NNFP2-----A----,nmod,Gen,Fem,Plur,,-0.2041282452301832,O
.,PUNCT,Z:-------------,punct,,,,,0.6713552833451957,O
AURORA,PROPN,NNFS1-----A----,root,Nom,Fem,Sing,,0.0789549803156081,O
",",PUNCT,Z:-------------,punct,,,,,0.2734071959694479,O
Colo,PROPN,NNNS1-----A----,conj,Nom,Neut,Sing,,-0.0028741508605154,O
.,PUNCT,Z:-------------,punct,,,,,0.1098460626860689,O
(,PUNCT,Z:-------------,punct,,,,,-0.1378497816126148,O
AP,PROPN,BNXXX-----A----,root,,,,,0.1529982712002553,O
),PUNCT,Z:-------------,punct,,,,,0.0480492651566801,O
–,PUNCT,Z:-------------,punct,,,,,0.0522701711597135,O
Ve,ADP,RV--6----------,case,Loc,,,,-0.079062453209993,O
městě,NOUN,NNNS6-----A----,obl,Loc,Neut,Sing,,0.0502907073091243,O
Aurora,PROPN,NNFS1-----A----,nmod,Nom,Fem,Sing,,0.0583931734709433,B-gu
v,ADP,RR--6----------,case,Loc,,,,0.2668759527936063,O
metropolitní,ADJ,AAFS6----1A----,amod,Loc,Fem,Sing,,0.1628637040893065,O
oblasti,NOUN,NNFS6-----A----,nmod,Loc,Fem,Sing,,0.0249956893186552,O
Denveru,PROPN,NNIS2-----A----,nmod,Gen,Masc,Sing,Inan,0.048603434338495,B-gu
vjelo,VERB,VpNS----R-AAP--,root,,Neut,Sing,,0.007886321783763,O
během,ADP,RR--2----------,case,Gen,,,,-0.1824202071127991,O
demonstrací,NOUN,NNFP2-----A----,obl,Gen,Fem,Plur,,0.0104656644549788,O
proti,ADP,RR--3----------,case,Dat,,,,0.4955123918604136,O
rasové,ADJ,AAFS3----1A----,amod,Dat,Fem,Sing,,-0.0673414136719663,O
nespravedlnosti,NOUN,NNFS3-----N----,nmod,Dat,Fem,Sing,,0.0706177193435333,O
do,ADP,RR--2----------,case,Gen,,,,-0.1707869460580017,O
davu,NOUN,NNIS2-----A----,obl,Gen,Masc,Sing,Inan,0.1733024846742225,O
auto,NOUN,NNNS1-----A----,nsubj,Nom,Neut,Sing,,0.0864980868138905,O
a,CCONJ,J^-------------,cc,,,,,-0.316708545365318,O
jeden,NUM,CnYS1----------,nummod,Nom,Masc,Sing,,0.0415102353090785,O
protestující,ADJ,AGMS1-----A----,nsubj:pass,Nom,Masc,Sing,Anim,0.0407440357214533,O
byl,AUX,VpYS----R-AAI--,aux:pass,,Masc,Sing,,0.2248885986674618,O
postřelen,ADJ,VsYS----X-APP--,conj,,Masc,Sing,,0.0741169783982596,O
.,PUNCT,Z:-------------,punct,,,,,0.1052555886948713,O
Dle,ADP,RR--2----------,case,Gen,,,,0.0094009403705826,O
očekávání,NOUN,NNNS2-----A----,obl,Gen,Neut,Sing,,0.1349253432004666,O
se,PRON,P7-X4----------,expl:pv,Acc,,,,-0.0733846456769305,O
většina,NOUN,NNFS1-----A----,nsubj,Nom,Fem,Sing,,-0.0737335679383936,O
otázek,NOUN,NNFP2-----A----,nmod,Gen,Fem,Plur,,0.025268342833906,O
na,ADP,RR--6----------,case,Loc,,,,-0.0246535811056791,O
tiskové,ADJ,AAFS6----1A----,amod,Loc,Fem,Sing,,0.0412865508969655,O
konference,NOUN,NNFS6-----A----,nmod,Loc,Fem,Sing,,0.0622641009743031,O
týkala,VERB,VpQW----R-AAI--,root,,"Fem,Neut","Plur,Sing",,-0.1108449137779054,O
tohoto,DET,PDZS2----------,det,Gen,"Masc,Neut",Sing,,0.0424989101138633,O
tweetu,NOUN,NNIS2-----A----,obl:arg,Gen,Masc,Sing,Inan,0.2834144820306506,O
a,CCONJ,J^-------------,cc,,,,,-0.2006893318130497,O
novinář,NOUN,NNMS1-----A----,nsubj,Nom,Masc,Sing,Anim,0.0799098253438345,O
za,ADP,RR--7----------,case,Ins,,,,0.0875796099291299,O
novinářem,NOUN,NNMS7-----A----,nmod,Ins,Masc,Sing,Anim,0.1430302094053087,O
kladl,VERB,VpYS----R-AAI--,conj,,Masc,Sing,,-0.184796330575147,O
McEnanyové,PROPN,NNFS3-----A----,obl:arg,Dat,Fem,Sing,,0.2184963423609102,B-ps
otázky,NOUN,NNFP4-----A----,obj,Acc,Fem,Plur,,0.1083912439196928,O
formulované,ADJ,AAFP4----1A----,amod,Acc,Fem,Plur,,-0.0164710978703072,O
tak,ADV,Db-------------,advmod,,,,,-0.158204165009417,O
",",PUNCT,Z:-------------,punct,,,,,0.2864610460790415,O
aby,AUX,Vc-------------,aux,,,,,0.0691878853067308,O
řekla,VERB,VpQW----R-AAP--,advcl,,"Fem,Neut","Plur,Sing",,-0.0102104395406613,O
",",PUNCT,Z:-------------,punct,,,,,0.291452279187762,O
že,SCONJ,"J,-------------",mark,,,,,-0.1538075427643132,O
Trump,PROPN,NNMS1-----A----,nsubj,Nom,Masc,Sing,Anim,0.1898267352390872,B-ps
podporuje,VERB,VB-S---3P-AAI--,ccomp,,,Sing,,-0.0887861293922122,O
konfederační,ADJ,AAFS4----1A----,amod,Acc,Fem,Sing,,0.0775736129506753,O
vlajku,NOUN,NNFS4-----A----,obj,Acc,Fem,Sing,,-0.0499299902219966,O
.,PUNCT,Z:-------------,punct,,,,,-0.1898143287276155,O
To,DET,PDNS1----------,nsubj,Nom,Neut,Sing,,0.1160338542402505,O
samé,DET,PLNS1----------,det,Nom,Neut,Sing,,0.0862074036972561,O
se,PRON,P7-X4----------,expl:pv,Acc,,,,-0.0219213246724858,O
stalo,VERB,VpNS----R-AAP--,root,,Neut,Sing,,0.0709710522586797,O
mému,DET,PSZS3-S1-------,det,Dat,"Masc,Neut",Sing,,-0.0519043484228435,O
příteli,NOUN,NNMS3-----A----,obl:arg,Dat,Masc,Sing,Anim,-0.1056997732858109,O
",",PUNCT,Z:-------------,punct,,,,,0.1785291537903477,O
když,SCONJ,"J,-------------",mark,,,,,0.0902454142243967,O
jsem,AUX,VB-S---1P-AAI--,aux,,,Sing,,-0.0793661360104842,O
několik,DET,Ca--4----------,det:numgov,Acc,,,,-0.0387572833380859,O
let,NOUN,NNNP2-----A----,obl,Gen,Neut,Plur,,-0.0316444232152223,O
pracoval,VERB,VpYS----R-AAI--,advcl,,Masc,Sing,,0.005605855942888,O
u,ADP,RR--2----------,case,Gen,,,,-0.0020294057333453,O
Pizza,X,F%-------------,obl,,,,,0.0716051848947192,B-if
Hut,X,F%-------------,flat:foreign,,,,,-0.2936792846379089,I-if
(,PUNCT,Z:-------------,punct,,,,,-0.122707968138733,O
nejprve,ADV,Db-------------,advmod,,,,,-0.0122804721680506,O
jsem,AUX,VB-S---1P-AAI--,aux,,,Sing,,-0.1046090101736138,O
se,PRON,P7--4----------,obj,Acc,,,,-0.2455870816773863,O
zaučil,VERB,VpYS----R-AAP--,parataxis,,Masc,Sing,,0.0367521014250456,O
a,CCONJ,J^-------------,cc,,,,,-0.2035248368185588,O
potom,ADV,Db-------------,advmod,,,,,-0.0761910457124722,O
několik,DET,Ca--4----------,det:numgov,Acc,,,,0.1151054330929044,O
měsíců,NOUN,NNIP2-----A----,obl,Gen,Masc,Plur,Inan,0.1110899508984647,O
pracoval,VERB,VpYS----R-AAI--,conj,,Masc,Sing,,-0.0065727644259756,O
",",PUNCT,Z:-------------,punct,,,,,0.1452444078969687,O
než,SCONJ,"J,-------------",mark,,,,,0.1091678490615265,O
mi,PRON,PH-S3--1-------,obl:arg,Dat,,Sing,,-0.0670912637711634,O
začali,VERB,VpMP----R-AAP--,advcl,,Masc,Plur,Anim,-0.1166800397019068,O
přidělovat,VERB,Vf--------A-I--,xcomp,,,,,0.0115886542974324,O
méně,ADV,Dg-------2A----,advmod,,,,,-0.0930978776430207,O
oblíbené,ADJ,AAIP4----1A----,amod,Acc,Masc,Plur,Inan,-0.0989979115033623,O
úkoly,NOUN,NNIP4-----A----,obj,Acc,Masc,Plur,Inan,0.0461484765659775,O
),PUNCT,Z:-------------,punct,,,,,0.4393623200887795,O
",",PUNCT,Z:-------------,punct,,,,,0.1993690529443273,O
hned,ADV,Db-------------,advmod,,,,,0.0248423116340527,O
ho,PRON,P5ZS4--3-------,obj,Acc,"Masc,Neut",Sing,,-0.0276027288510873,O
zaměstnali,VERB,VpMP----R-AAP--,conj,,Masc,Plur,Anim,-0.0773540174900633,O
.,PUNCT,Z:-------------,punct,,,,,0.0722942780595076,O
Jakmile,SCONJ,"J,-------------",mark,,,,,0.1054573597249414,O
budeme,AUX,VB-P---1F-AAI--,aux,,,Plur,,-0.2278583497499005,O
mít,VERB,Vf--------A-I--,advcl,,,,,0.1113409594646267,O
nějakou,DET,PZFS4----------,det,Acc,Fem,Sing,,-0.1973606377488168,O
zpětnou,ADJ,AAFS4----1A----,amod,Acc,Fem,Sing,,-0.0305923950340103,O
vazbu,NOUN,NNFS4-----A----,obj,Acc,Fem,Sing,,0.0323625287443472,O
",",PUNCT,Z:-------------,punct,,,,,0.3037682437750021,O
pošleme,VERB,VB-P---1P-AAP--,root,,,Plur,,0.0074381198528552,O
vám,PRON,PP-P3--2-------,obl:arg,Dat,,Plur,,0.0034957605245077,O
emailovou,ADJ,AAFS4----1A----,amod,Acc,Fem,Sing,,0.1803464301794194,O
zprávu,NOUN,NNFS4-----A----,obj,Acc,Fem,Sing,,-0.0798271781337634,O
.,PUNCT,Z:-------------,punct,,,,,0.6055531336276091,O
Jerry,PROPN,NNMS1-----A----,root,Nom,Masc,Sing,Anim,-0.0117809337341761,B-pf
:,PUNCT,Z:-------------,punct,,,,,0.094640411657549,O
Nemůžeš,VERB,VB-S---2P-NA---,dep,,,Sing,,0.1596242717655773,O
tam,ADV,Db-------------,advmod,,,,,-0.0347182795432529,O
přívěs,NOUN,NNIS4-----A----,obj,Acc,Masc,Sing,Inan,0.2639349741321894,O
parkovat,VERB,Vf--------A-I--,xcomp,,,,,0.2250571069526908,O
",",PUNCT,Z:-------------,punct,,,,,0.5066204326501212,O
nemůžu,VERB,VB-S---1P-NAI--,conj,,,Sing,,0.0496406909539735,O
se,PRON,P7-X4----------,expl:pv,Acc,,,,0.2887200234093437,O
dostat,VERB,Vf--------A-P--,xcomp,,,,,-0.0277844064163047,O
ke,ADP,RV--3----------,case,Dat,,,,0.0376783865533869,O
kontejneru,NOUN,NNIS3-----A----,obl,Dat,Masc,Sing,Inan,0.334850309540553,O
!,PUNCT,Z:-------------,punct,,,,,-0.4423186425796728,O
Starosta,NOUN,NNMS1-----A----,nsubj,Nom,Masc,Sing,Anim,-0.0013194134107988,O
Kansas,X,F%-------------,nmod,,,,,-0.0565659851088252,B-gc
City,X,F%-------------,flat:foreign,,,,,0.0136255838256081,I-gc
vítá,VERB,VB-S---3P-AAI--,root,,,Sing,,0.1205363688672899,O
pomoc,NOUN,NNFS4-----A----,obj,Acc,Fem,Sing,,-0.0253657909948375,O
federálních,ADJ,AAMP2----1A----,amod,Gen,Masc,Plur,Anim,0.118168971490069,O
agentů,NOUN,NNMP2-----A----,nmod,Gen,Masc,Plur,Anim,0.1475442305550873,O
při,ADP,RR--6----------,case,Loc,,,,-0.1644846883485168,O
vyšetřování,NOUN,NNNS6-----A----,nmod,Loc,Neut,Sing,,0.0175072443455807,O
vražd,NOUN,NNFP2-----A----,nmod,Gen,Fem,Plur,,-0.2694622865202649,O
",",PUNCT,Z:-------------,punct,,,,,0.4605347249178527,O
ale,CCONJ,J^-------------,cc,,,,,0.3350987795384376,O
obává,VERB,VB-S---3P-AAI--,conj,,,Sing,,0.0579806533182392,O
se,PRON,P7-X4----------,expl:pv,Acc,,,,0.3949580100290708,O
Trumpových,ADJ,AUIP2M---------,amod,Gen,Masc,Plur,Inan,0.1327874288976414,B-ps
motivů,NOUN,NNIP2-----A----,obl:arg,Gen,Masc,Plur,Inan,0.0958446219886786,O
Vzdalovali,VERB,VpMP----R-AAI--,root,,Masc,Plur,Anim,0.7779803744789662,O
jste,AUX,VB-P---2P-AAI--,aux,,,Plur,,0.028262191288787,O
se,PRON,P7-X4----------,expl:pv,Acc,,,,0.4001180856402819,O
od,ADP,RR--2----------,case,Gen,,,,-0.0827754611241339,O
sebe,PRON,P6--2----------,obl,Gen,,,,-0.0803457547485831,O
pomalu,ADV,Dg-------1A----,advmod,,,,,-0.0121191974393964,O
?,PUNCT,Z:-------------,punct,,,,,-0.1110513656258394,O
Bojím,VERB,VB-S---1P-AAI--,root,,,Sing,,0.0389890483391818,O
se,PRON,P7-X4----------,expl:pv,Acc,,,,-0.0646361910045472,O
",",PUNCT,Z:-------------,punct,,,,,0.3722483577878822,O
že,SCONJ,"J,-------------",mark,,,,,0.0292241317270783,O
Covid,PROPN,NNMS1-----A----,nsubj,Nom,Masc,Sing,Anim,0.5814653677941104,B-o_
to,DET,PDNS4----------,obj,Acc,Neut,Sing,,0.066440214076348,O
zhoršil,VERB,VpYS----R-AAP--,ccomp,,Masc,Sing,,0.209515306481492,O
.,PUNCT,Z:-------------,punct,,,,,0.2639711710977447,O
Několik,DET,Ca--4----------,det:numgov,Acc,,,,0.0913445250968932,O
dní,NOUN,NNIP2-----A---1,obl,Gen,Masc,Plur,Inan,-0.0444752280715157,O
poté,ADV,Db-------------,advmod,,,,,-0.0932940856551303,O
",",PUNCT,Z:-------------,punct,,,,,-0.4503946878351565,O
co,SCONJ,"J,-------------",mark,,,,,0.110542564310416,O
policie,NOUN,NNFS1-----A----,nsubj,Nom,Fem,Sing,,-0.1167212738636897,O
zabila,VERB,VpQW----R-AAP--,advcl,,"Fem,Neut","Plur,Sing",,0.0992490200995425,O
George,PROPN,NNMS4-----A----,obj,Acc,Masc,Sing,Anim,0.1000714056624128,B-P|B-pf
Floyda,PROPN,NNMS4-----A----,flat,Acc,Masc,Sing,Anim,-0.0250938416437502,I-P|B-ps
a,CCONJ,J^-------------,cc,,,,,0.0604928892136191,O
kdy,ADV,Db-------------,advmod,,,,,-0.0308715301933263,O
se,PRON,P7-X4----------,expl:pv,Acc,,,,0.0288321920989153,O
protesty,NOUN,NNIP1-----A----,nsubj,Nom,Masc,Plur,Inan,-0.0207475746805249,O
staly,VERB,VpTP----R-AAP--,conj,,"Fem,Masc",Plur,Inan,0.0834249883413231,O
násilnými,ADJ,AAIP7----1A----,obl:arg,Ins,Masc,Plur,Inan,0.0894412900582563,O
",",PUNCT,Z:-------------,punct,,,,,0.0314911161916547,O
vyskočily,VERB,VpTP----R-AAP--,root,,"Fem,Masc",Plur,Inan,0.2658255743070003,O
akcie,NOUN,NNFP1-----A----,nsubj,Nom,Fem,Plur,,-0.0503706949022927,O
společnosti,NOUN,NNFS2-----A----,nmod,Gen,Fem,Sing,,-0.1587664536733272,O
Axon,PROPN,NNIS1-----A----,nmod,Nom,Masc,Sing,Inan,0.0793868166530409,B-if
",",PUNCT,Z:-------------,punct,,,,,-0.0086076667368167,O
která,DET,P4FS1----------,nsubj,Nom,Fem,Sing,,-0.0669803895863884,O
vyrábí,VERB,VB-S---3P-AAI--,acl:relcl,,,Sing,,0.2423271127245625,O
tasery,NOUN,NNIP4-----A----,obj,Acc,Masc,Plur,Inan,0.0203145599729549,O
",",PUNCT,Z:-------------,punct,,,,,0.1973504555907552,O
o,ADP,RR--4----------,case,Acc,,,,0.2738613026513854,O
více,ADV,Dg-------2A----,advmod,,,,,-0.0319271047311789,O
než,SCONJ,"J,-------------",mark,,,,,-0.020824804331736,O
18,NUM,C=-------------,obl,,,,,-0.1279726431901873,B-nc
%,SYM,Z:-------------,nmod,,,,,-0.0578376442510379,O
a,CCONJ,J^-------------,cc,,,,,0.1325344244310344,O
dostaly,VERB,VpTP----R-AAP--,conj,,"Fem,Masc",Plur,Inan,0.0137124355833477,O
se,PRON,P7-X4----------,expl:pv,Acc,,,,0.0121963217429931,O
na,ADP,RR--4----------,case,Acc,,,,0.0188152746114867,O
historicky,ADV,Dg-------1A----,advmod,,,,,-0.0113511275248105,O
nejvyšší,ADJ,AAFS4----3A----,amod,Acc,Fem,Sing,,0.0124263158571989,O
hodnotu,NOUN,NNFS4-----A----,obl,Acc,Fem,Sing,,-0.1313066457002712,O
.,PUNCT,Z:-------------,punct,,,,,0.5573793456719852,O
I,CCONJ,J^-------------,advmod:emph,,,,,-0.0032160848492726,O
malé,ADJ,AAFP1----1A----,amod,Nom,Fem,Plur,,-0.0795775253078246,O
děti,NOUN,NNFP1-----A----,root,Nom,Fem,Plur,,0.1072148220210476,O
.,PUNCT,Z:-------------,punct,,,,,-0.1863588495040385,O
Můžu,VERB,VB-S---1P-AAI--,root,,,Sing,,0.0415833754486613,O
bez,ADP,RR--2----------,case,Gen,,,,0.0023239933038447,O
pochyb,NOUN,NNFP2-----A----,obl,Gen,Fem,Plur,,-0.0657476595142617,O
říci,VERB,Vf--------A-P--,xcomp,,,,,-0.1519419824711302,O
že,SCONJ,"J,-------------",mark,,,,,-0.1296829713597087,O
verze,NOUN,NNFP1-----A----,nsubj,Nom,Fem,Plur,,-0.0246617020021276,O
Androidu,PROPN,NNIS2-----A----,nmod,Gen,Masc,Sing,Inan,0.0749553609313396,B-op
ba,ADP,RR--6----------,case,Loc,,,,-0.0765324548585167,O
telefonech,NOUN,NNIP6-----A----,nmod,Loc,Masc,Plur,Inan,-0.0469589592723882,O
byly,AUX,VpTP----R-AAI--,cop,,"Fem,Masc",Plur,Inan,-0.1393060825988064,O
konzistentní,ADJ,AAFP1----1A----,ccomp,Nom,Fem,Plur,,0.0180218116276249,O
jako,SCONJ,"J,-------------",mark,,,,,-0.0161498945520912,O
iOS,NOUN,BNXXX-----A----,advcl,,,,,0.0445637839926002,O
",",PUNCT,Z:-------------,punct,,,,,0.034176255005043,O
George,PROPN,NNMS1-----A----,nsubj,Nom,Masc,Sing,Anim,0.0212461520767748,B-pf
by,AUX,Vc----------I--,aux,,,,,0.011450948208093,O
nikdy,ADV,Db-------------,advmod,,,,,-0.0596316792661822,O
neprováděl,VERB,VpYS----R-NAI--,conj,,Masc,Sing,,0.015636115742638,O
vydání,NOUN,NNNS4-----A----,obj,Acc,Neut,Sing,,-0.0616289029606314,O
s,ADP,RR--7----------,case,Ins,,,,0.0618349441028352,O
vydáními,NOUN,NNNP7-----A----,nmod,Ins,Neut,Plur,,-0.0133229746476774,O
OS,NOUN,BNXXX-----A----,nmod,,,,,0.2343547939147968,O
pro,ADP,RR--4----------,case,Acc,,,,0.0065470587682309,O
tyto,DET,PDFP4----------,det,Acc,Fem,Plur,,-0.1949345821397396,O
aplikace,NOUN,NNFP4-----A----,nmod,Acc,Fem,Plur,,-0.109193601910404,O
.,PUNCT,Z:-------------,punct,,,,,0.8338014624829309,O
Doufám,VERB,VB-S---1P-AAI--,ccomp,,,Sing,,0.2134614513611424,O
",",PUNCT,Z:-------------,punct,,,,,0.271205119647717,O
že,SCONJ,"J,-------------",mark,,,,,0.1527374070371554,O
tato,DET,PDFS1----------,det,Nom,Fem,Sing,,0.0068948510700969,O
nová,ADJ,AAFS1----1A----,amod,Nom,Fem,Sing,,-0.0560742012315169,O
technologie,NOUN,NNFS1-----A----,nsubj,Nom,Fem,Sing,,0.0639326229443454,O
v,ADP,RR--6----------,case,Loc,,,,0.1069618711138507,O
brzké,ADJ,AAFS6----1A----,amod,Loc,Fem,Sing,,-0.0281776377733156,O
době,NOUN,NNFS6-----A----,obl,Loc,Fem,Sing,,0.0022377922063091,O
pomůže,VERB,VB-S---3P-AAP--,ccomp,,,Sing,,-0.3224897817668524,O
lidem,NOUN,NNMP3-----A----,obl:arg,Dat,Masc,Plur,Anim,-0.0537302752337512,O
vrátit,VERB,Vf--------A-P--,xcomp,,,,,0.0450044990285826,O
se,PRON,P7-X4----------,expl:pv,Acc,,,,0.345265638070162,O
k,ADP,RR--3----------,case,Dat,,,,0.2264785848621735,O
normálnímu,ADJ,AAIS3----1A----,amod,Dat,Masc,Sing,Inan,0.2500822428627534,O
životu,NOUN,NNIS3-----A----,obl,Dat,Masc,Sing,Inan,0.0057009888011188,O
",",PUNCT,Z:-------------,punct,,,,,0.3075469080613049,O
“,PUNCT,Z:-------------,punct,,,,,-0.3138354333428554,O
řekl,VERB,VpYS----R-AAP--,root,,Masc,Sing,,-0.1650005688116873,O
profesor,NOUN,NNMS1-----A----,nsubj,Nom,Masc,Sing,Anim,0.0094896739656391,O
Lee,PROPN,NNMS1-----A----,flat,Nom,Masc,Sing,Anim,0.0451645497532669,B-ps
.,PUNCT,Z:-------------,punct,,,,,0.3817078447278723,O
Joint,X,F%-------------,nsubj,,,,,0.0937136145058929,B-op
Aid,X,F%-------------,flat:foreign,,,,,0.1230610038758678,I-op
for,X,F%-------------,flat:foreign,,,,,-0.0365124805547671,I-op
Dogs,X,F%-------------,flat:foreign,,,,,0.0308989182108848,I-op
je,AUX,VB-S---3P-AAI--,cop,,,Sing,,0.1936601093520712,O
vysoce,ADV,Db-------------,advmod,,,,,-0.2309764169824011,O
specifický,ADJ,AAIS1----1A----,amod,Nom,Masc,Sing,Inan,0.0040711225961799,O
doplněk,NOUN,NNIS1-----A----,root,Nom,Masc,Sing,Inan,-0.0721506954588009,O
pro,ADP,RR--4----------,case,Acc,,,,-0.2629316366372605,O
klouby,NOUN,NNIP4-----A----,nmod,Acc,Masc,Plur,Inan,-0.0286258590838765,O
a,CCONJ,J^-------------,cc,,,,,-0.0793339767853595,O
svaly,NOUN,NNIP4-----A----,conj,Acc,Masc,Plur,Inan,-0.0733365185801588,O
s,ADP,RR--7----------,case,Ins,,,,0.0523519518921549,O
glukosaminem,NOUN,NNIS7-----A----,nmod,Ins,Masc,Sing,Inan,0.046097125283254,O
pro,ADP,RR--4----------,case,Acc,,,,-0.0985647587502494,O
psy,NOUN,NNMP4-----A----,nmod,Acc,Masc,Plur,Anim,-0.1756652222323482,O
",",PUNCT,Z:-------------,punct,,,,,0.7047690864386521,O
určený,ADJ,AAIS1----1A----,amod,Nom,Masc,Sing,Inan,-0.1704431620014694,O
k,ADP,RR--3----------,case,Dat,,,,0.0847903953826659,O
podpoře,NOUN,NNFS3-----A----,obl,Dat,Fem,Sing,,-0.082557227857429,O
svobody,NOUN,NNFS2-----A----,nmod,Gen,Fem,Sing,,0.0930993833807432,O
pohybu,NOUN,NNIS2-----A----,nmod,Gen,Masc,Sing,Inan,-0.0079561107611045,O
.,PUNCT,Z:-------------,punct,,,,,0.1823335559937895,O
Fanoušci,NOUN,NNMP1-----A----,nsubj,Nom,Masc,Plur,Anim,0.0475240208303034,O
Cowboys,X,F%-------------,nmod,,,,,0.2049329949335055,B-ic
tvořili,VERB,VpMP----R-AAI--,root,,Masc,Plur,Anim,0.035769463974482,O
více,ADV,Dg-------2A----,obj,,,,,0.0539056360162726,O
než,SCONJ,"J,-------------",mark,,,,,-0.0443827485428802,O
polovinu,NOUN,NNFS4-----A----,obl,Acc,Fem,Sing,,0.019090403663347,O
davu,NOUN,NNIS2-----A----,nmod,Gen,Masc,Sing,Inan,0.0694514200205958,O
ve,ADP,RV--6----------,case,Loc,,,,-0.0144357791339786,O
FedEx,X,F%-------------,nmod,,,,,0.6242137719658818,B-ia
field,X,F%-------------,flat:foreign,,,,,0.0587477685792513,I-ia
",",PUNCT,Z:-------------,punct,,,,,0.2403825413348154,O
což,PRON,PQ--1----------,nsubj,Nom,,,,0.0412423870346196,O
bylo,AUX,VpNS----R-AAI--,cop,,Neut,Sing,,0.1203796780339807,O
zřetelně,ADV,Dg-------1A----,advmod,,,,,0.1140840073932003,O
rozeznatelné,ADJ,AANS1----1A----,conj,Nom,Neut,Sing,,0.0022954038059514,O
podle,ADP,RR--2----------,case,Gen,,,,-0.2692412748463103,O
modrobílých,ADJ,AAIP2----1A----,amod,Gen,Masc,Plur,Inan,0.0106557454933522,O
dresů,NOUN,NNIP2-----A----,obl,Gen,Masc,Plur,Inan,0.0182730724651002,O
na,ADP,RR--6----------,case,Loc,,,,-0.159385236651847,O
tribunách,NOUN,NNFP6-----A----,nmod,Loc,Fem,Plur,,-0.0281890992721944,O
.,PUNCT,Z:-------------,punct,,,,,-0.2723199411417969,O
V,ADP,RR--6----------,case,Loc,,,,0.0953240423096004,O
případě,NOUN,NNIS6-----A----,fixed,Loc,Masc,Sing,Inan,0.0675921087292675,O
Dbeibaha,PROPN,NNMS2-----A----,obl,Gen,Masc,Sing,Anim,0.1101257241881545,B-ps
se,PRON,P7-X4----------,expl:pv,Acc,,,,-0.0988034017670334,O
jako,SCONJ,"J,-------------",mark,,,,,0.0077091375121783,O
podmínku,NOUN,NNFS4-----A----,xcomp,Acc,Fem,Sing,,-0.1033869361551764,O
",",PUNCT,Z:-------------,punct,,,,,0.3657686920019579,O
že,SCONJ,"J,-------------",mark,,,,,0.0852486906920341,O
se,PRON,P7-X4----------,expl:pv,Acc,,,,0.103576410483312,O
stane,VERB,VB-S---3P-AAP--,acl,,,Sing,,0.1422937393346603,O
prozatímním,ADJ,AAMS7----1A----,amod,Ins,Masc,Sing,Anim,0.2606635533621532,O
premiérem,NOUN,NNMS7-----A----,obl:arg,Ins,Masc,Sing,Anim,0.0040344778053629,O
",",PUNCT,Z:-------------,punct,,,,,0.2423887937716002,O
zavázal,VERB,VpYS----R-AAP--,root,,Masc,Sing,,0.1256623670179797,O
",",PUNCT,Z:-------------,punct,,,,,0.0656809418614263,O
že,SCONJ,"J,-------------",mark,,,,,0.0234191620334972,O
nebude,AUX,VB-S---3F-NAI--,aux,,,Sing,,0.0216140043978778,O
kandidovat,VERB,Vf--------A-I--,ccomp,,,,,0.2447081470801457,O
ve,ADP,RV--6----------,case,Loc,,,,0.0016282638426804,O
volbách,NOUN,NNFP6-----A----,obl,Loc,Fem,Plur,,-0.0619190563350836,O
",",PUNCT,Z:-------------,punct,,,,,-0.0307879773612953,O
ale,CCONJ,J^-------------,cc,,,,,-0.0250542599349206,O
následně,ADV,Dg-------1A----,advmod,,,,,0.0399075832441749,O
u,ADP,RR--2----------,case,Gen,,,,-0.0984517780906041,O
soudu,NOUN,NNIS2-----A----,obl,Gen,Masc,Sing,Inan,0.1420155951132225,O
tvrdil,VERB,VpYS----R-AAI--,conj,,Masc,Sing,,0.0772023422077237,O
",",PUNCT,Z:-------------,punct,,,,,-0.032156827986707,O
že,SCONJ,"J,-------------",mark,,,,,0.0489777319106573,O
se,PRON,P7-X4----------,expl:pv,Acc,,,,0.0859474287983392,O
jedná,VERB,VB-S---3P-AAI--,ccomp,,,Sing,,0.0325887278105456,O
o,ADP,RR--4----------,case,Acc,,,,-0.1117023006010799,O
morální,ADJ,AAIS4----1A----,amod,Acc,Masc,Sing,Inan,-0.0526396948336162,O
závazek,NOUN,NNIS4-----A----,obl:arg,Acc,Masc,Sing,Inan,0.0381905047685268,O
",",PUNCT,Z:-------------,punct,,,,,-0.1049198921976383,O
který,DET,P4YS1----------,nsubj,Nom,Masc,Sing,,0.1952840171816768,O
nemá,VERB,VB-S---3P-NAI--,acl:relcl,,,Sing,,0.1800618572898962,O
žádnou,DET,PWFS4----------,det,Acc,Fem,Sing,,0.0655621457019767,O
právní,ADJ,AAFS4----1A----,amod,Acc,Fem,Sing,,0.1159592876696184,O
sílu,NOUN,NNFS4-----A----,obj,Acc,Fem,Sing,,0.0862252086431958,O
.,PUNCT,Z:-------------,punct,,,,,0.0368504735618884,O
Okamžik,NOUN,NNIS4-----A----,root,Acc,Masc,Sing,Inan,0.0057637362818364,O
",",PUNCT,Z:-------------,punct,,,,,0.2899388916893505,O
prosím,VERB,VB-S---1P-AAI--,conj,,,Sing,,-0.0821433700372615,O
.,PUNCT,Z:-------------,punct,,,,,0.929097337242214,O
Dělali,VERB,VpMP----R-AAI--,root,,Masc,Plur,Anim,0.5804336062988622,O
jste,AUX,VB-P---2P-AAI--,aux,,,Plur,,0.3480935252924315,O
stále,ADV,Dg-------1A----,advmod,,,,,0.3958443080242643,O
něco,PRON,PK--4----------,obj,Acc,,,Inan,0.4668745098581064,O
společně,ADV,Dg-------1A----,advmod,,,,,0.0583271793947868,O
?,PUNCT,Z:-------------,punct,,,,,0.3706899080379683,O
Krocení,NOUN,NNNS1-----A----,root,Nom,Neut,Sing,,0.1012545238920812,O
a,CCONJ,J^-------------,cc,,,,,-0.0036340783093909,O
chov,NOUN,NNIS1-----A----,conj,Nom,Masc,Sing,Inan,-0.074131964029189,O
–,PUNCT,Z:-------------,punct,,,,,-0.4629012434995197,O
Chyťte,VERB,Vi-P---2--A-P--,appos,,,Plur,,0.1172927971595605,O
a,CCONJ,J^-------------,cc,,,,,-0.1363725816046838,O
ochočte,VERB,Vi-P---2--A-P--,conj,,,Plur,,0.1255934505128934,O
koně,NOUN,NNMP4-----A----,obj,Acc,Masc,Plur,Anim,0.0871372503465102,O
a,CCONJ,J^-------------,cc,,,,,-0.0599017451889802,O
slony,NOUN,NNMP4-----A----,conj,Acc,Masc,Plur,Anim,0.240041295252403,O
v,ADP,RR--6----------,case,Loc,,,,-0.2228535547593559,O
divočině,NOUN,NNFS6-----A----,nmod,Loc,Fem,Sing,,0.2936948690875154,O
",",PUNCT,Z:-------------,punct,,,,,0.4154502524538137,O
abyste,AUX,Vc-P---2-------,aux,,,Plur,,0.3629681948951143,O
z,ADP,RR--2----------,case,Gen,,,,0.0140627637249353,O
nich,PRON,PEXP2--3-------,obl:arg,Gen,,Plur,,0.049722915211046,O
udělali,VERB,VpMP----R-AAP--,advcl,,Masc,Plur,Anim,0.0173222614319951,O
svého,DET,P8MS4----------,det,Acc,Masc,Sing,Anim,-0.0795137370998682,O
jezdeckého,ADJ,AAMS4----1A----,amod,Acc,Masc,Sing,Anim,0.1536573474299415,O
koně,NOUN,NNMS4-----A----,obj,Acc,Masc,Sing,Anim,-0.0252784396312566,O
.,PUNCT,Z:-------------,punct,,,,,0.0703834366661063,O
Někdo,PRON,PK--1----------,nsubj,Nom,,,Anim,0.0395442901356441,O
ví,VERB,VB-S---3P-AAI--,root,,,Sing,,0.1025065129909839,O
",",PUNCT,Z:-------------,punct,,,,,-0.012734358662164,O
kdo,PRON,PQ--1----------,nsubj,Nom,,,Anim,0.0133023499173425,O
to,DET,PDNS4----------,obj,Acc,Neut,Sing,,-0.0431516219933633,O
udělal,VERB,VpYS----R-AAP--,ccomp,,Masc,Sing,,-0.1079406785998243,O
",",PUNCT,Z:-------------,punct,,,,,-0.0040149505159901,O
a,CCONJ,J^-------------,cc,,,,,-0.1051748864937279,O
já,PRON,PP-S1--1-------,nsubj,Nom,,Sing,,-0.1530746909183563,O
dotyčnou,ADJ,AAFS4----1A----,amod,Acc,Fem,Sing,,-0.0732144825836679,O
osobu,NOUN,NNFS4-----A----,iobj,Acc,Fem,Sing,,-0.0735700100498413,O
vyzývám,VERB,VB-S---1P-AAI--,conj,,,Sing,,0.2205916663785872,O
",",PUNCT,Z:-------------,punct,,,,,0.2397499966491812,O
aby,AUX,Vc-------------,aux,,,,,0.0190342649678501,O
se,PRON,P7--4----------,obj,Acc,,,,-0.0452299929744755,O
přihlásila,VERB,VpQW----R-AAP--,ccomp,,"Fem,Neut","Plur,Sing",,-0.0602075780751792,O
a,CCONJ,J^-------------,cc,,,,,-0.133480256774872,O
komunikovala,VERB,VpQW----R-AAB--,conj,,"Fem,Neut","Plur,Sing",,0.2425421796766078,O
s,ADP,RR--7----------,case,Ins,,,,0.0915979756558548,O
námi,PRON,PP-P7--1-------,obl:arg,Ins,,Plur,,0.0046854892529215,O
.,PUNCT,Z:-------------,punct,,,,,-0.0697255475634277,O
“,PUNCT,Z:-------------,punct,,,,,0.73195635623645,O
Víza,NOUN,NNNP1-----A----,nsubj:pass,Nom,Neut,Plur,,0.0008160240145475,O
v,ADP,RR--6----------,case,Loc,,,,-0.1468438721329314,O
pouštním,ADJ,AANS6----1A----,amod,Loc,Neut,Sing,,0.1870430522403919,O
království,NOUN,NNNS6-----A----,nmod,Loc,Neut,Sing,,0.0724429181861542,O
",",PUNCT,Z:-------------,punct,,,,,0.0289793147270112,O
které,DET,P4NS1----------,nsubj,Nom,Neut,Sing,,0.1316212968155412,O
má,VERB,VB-S---3P-AAI--,acl:relcl,,,Sing,,-0.011443150299353,O
bohatou,ADJ,AAFS4----1A----,amod,Acc,Fem,Sing,,0.1793335141374456,O
beduínskou,ADJ,AAFS4----1A----,amod,Acc,Fem,Sing,,0.1679129382818217,O
historii,NOUN,NNFS4-----A----,obj,Acc,Fem,Sing,,0.1478637300790984,O
a,CCONJ,J^-------------,cc,,,,,0.0940031758023672,O
archeologická,ADJ,AANP4----1A----,amod,Acc,Neut,Plur,,0.0554027215688676,O
naleziště,NOUN,NNNP4-----A----,conj,Acc,Neut,Plur,,0.1877591617978115,O
",",PUNCT,Z:-------------,punct,,,,,0.0877615640264538,O
jsou,AUX,VB-P---3P-AAI--,aux:pass,,,Plur,,0.0711545757948332,O
v,ADP,RR--6----------,case,Loc,,,,0.1289211762185098,O
současné,ADJ,AAFS6----1A----,amod,Loc,Fem,Sing,,-0.048320332489903,O
době,NOUN,NNFS6-----A----,obl,Loc,Fem,Sing,,0.0359042586207126,O
udílena,ADJ,VsQW----X-API--,root,,"Fem,Neut","Plur,Sing",,0.0635219378132413,O
pouze,ADV,Db-------------,advmod:emph,,,,,0.0284667426074977,O
zahraničním,ADJ,AAMP3----1A----,amod,Dat,Masc,Plur,Anim,0.0395353281944619,O
pracovníkům,NOUN,NNMP3-----A----,obl:arg,Dat,Masc,Plur,Anim,0.1141851520443889,O
",",PUNCT,Z:-------------,punct,,,,,0.1423232544583678,O
jejich,DET,P9XXXXP3-------,det,,,,,0.0034682962209233,O
rodinným,ADJ,AAMP3----1A----,amod,Dat,Masc,Plur,Anim,0.0313208401646895,O
příslušníkům,NOUN,NNMP3-----A----,conj,Dat,Masc,Plur,Anim,0.0988480383558943,O
a,CCONJ,J^-------------,cc,,,,,-0.0488251004009699,O
muslimským,ADJ,AAMP3----1A----,amod,Dat,Masc,Plur,Anim,0.1760076902222773,O
poutníkům,NOUN,NNMP3-----A----,conj,Dat,Masc,Plur,Anim,0.1045947380047351,O
",",PUNCT,Z:-------------,punct,,,,,0.0714565685405345,O
kteří,DET,P4MP1----------,nsubj,Nom,Masc,Plur,Anim,-0.2098868626800686,O
putují,VERB,VB-P---3P-AAI--,acl:relcl,,,Plur,,0.0213602004542856,O
na,ADP,RR--4----------,case,Acc,,,,0.021044543951201,O
posvátná,ADJ,AANP4----1A----,amod,Acc,Neut,Plur,,0.2234255591126891,O
místa,NOUN,NNNP4-----A----,obl,Acc,Neut,Plur,,-0.0583904577246671,O
v,ADP,RR--6----------,case,Loc,,,,0.0888030780489671,O
Mekce,PROPN,NNFS6-----A----,nmod,Loc,Fem,Sing,,0.0544848028940261,B-gu
a,CCONJ,J^-------------,cc,,,,,0.2402473064780304,O
Medině,PROPN,NNFS6-----A----,conj,Loc,Fem,Sing,,0.5363120584779593,B-gu
.,PUNCT,Z:-------------,punct,,,,,0.0279951502347483,O
Je,AUX,VB-S---3P-AAI--,cop,,,Sing,,-0.0468389356974789,O
pravdou,NOUN,NNFS7-----A----,root,Ins,Fem,Sing,,0.0619603423557531,O
",",PUNCT,Z:-------------,punct,,,,,0.4517687490874379,O
že,SCONJ,"J,-------------",mark,,,,,0.4246838711548153,O
dobrý,ADJ,AAIS1----1A----,amod,Nom,Masc,Sing,Inan,-0.0320895518473477,O
zákaznický,ADJ,AAIS1----1A----,amod,Nom,Masc,Sing,Inan,0.0191479252476498,O
servis,NOUN,NNIS1-----A----,nsubj,Nom,Masc,Sing,Inan,-0.018566363073116,O
udrží,VERB,VB-S---3P-AAP--,csubj,,,Sing,,0.0945469437222668,O
zákazníky,NOUN,NNMP4-----A----,obj,Acc,Masc,Plur,Anim,0.1235267273535544,O
loajální,ADJ,AAMP4----1A----,xcomp,Acc,Masc,Plur,Anim,0.1433278269843875,O
a,CCONJ,J^-------------,cc,,,,,-0.034319981548259,O
špatná,ADJ,AAFS1----1A----,amod,Nom,Fem,Sing,,0.0914975762288443,O
zákaznická,ADJ,AAFS1----1A----,amod,Nom,Fem,Sing,,0.0434675787673634,O
zkušenost,NOUN,NNFS1-----A----,nsubj,Nom,Fem,Sing,,0.0965650838353349,O
odradí,VERB,VB-S---3P-AAP--,conj,,,Sing,,0.0318721284839782,O
10x,NUM,C=-------------,obl,,,,,0.2174280475481327,B-nc
více,ADV,Dg-------2A----,obj,,,,,0.1489534777085653,O
zákaznických,ADJ,AAFP2----1A----,amod,Gen,Fem,Plur,,0.05202530076315,O
příležitostí,NOUN,NNFP2-----A----,nmod,Gen,Fem,Plur,,0.054428706664849,O
.,PUNCT,Z:-------------,punct,,,,,0.4782663377697883,O
Ano,PART,TT-------------,root,,,,,-0.2484949979221478,O
",",PUNCT,Z:-------------,punct,,,,,0.1238456609610333,O
je,AUX,VB-S---3P-AAI--,cop,,,Sing,,-0.1008691988158639,O
to,DET,PDNS1----------,nsubj,Nom,Neut,Sing,,0.4542379532527542,O
hodně,ADV,Dg-------1A----,advmod,,,,,-0.4218049068360041,O
drastický,ADJ,AAFS1----1A----,amod,Nom,Fem,Sing,,0.2951469759823253,O
změna,NOUN,NNFS1-----A----,conj,Nom,Fem,Sing,,0.0709881653772803,O
.,PUNCT,Z:-------------,punct,,,,,0.4927321286366533,O
To,DET,PDNS1----------,nsubj,Nom,Neut,Sing,,0.1652897927507534,O
je,AUX,VB-S---3P-AAI--,cop,,,Sing,,0.0372265210250266,O
celý,ADJ,AAMS1----1A----,amod,Nom,Masc,Sing,Anim,0.2107035635081148,O
on,PRON,PEYS1--3-------,ccomp,Nom,Masc,Sing,,-0.0837303927690882,O
",",PUNCT,Z:-------------,punct,,,,,-0.0252227204975784,O
“,PUNCT,Z:-------------,punct,,,,,0.0380644150388295,O
řekl,VERB,VpYS----R-AAP--,root,,Masc,Sing,,-0.0425378643392296,O
Meyers,PROPN,NNMS1-----A----,nsubj,Nom,Masc,Sing,Anim,0.0999508463925382,B-ps
.,PUNCT,Z:-------------,punct,,,,,0.0305601562348188,O
Jsem,AUX,VB-S---1P-AAI--,cop,,,Sing,,-0.0116394401792623,O
překvapen,ADJ,VsYS----X-APP--,root,,Masc,Sing,,-0.0053767780794761,O
",",PUNCT,Z:-------------,punct,,,,,0.1204393443462147,O
že,SCONJ,"J,-------------",mark,,,,,-0.0205824298833505,O
jeho,DET,P9XXXZS3-------,det,,,,,0.2410414280068779,O
oválný,ADJ,AAIS1----1A----,amod,Nom,Masc,Sing,Inan,0.1495942728642578,O
kancelářský,ADJ,AAIS1----1A----,amod,Nom,Masc,Sing,Inan,0.2222212737562462,O
stůl,NOUN,NNIS1-----A----,nsubj,Nom,Masc,Sing,Inan,-0.0412356239323893,O
není,AUX,VB-S---3P-NAI--,cop,,,Sing,,0.0407067089630622,O
pokrytý,ADJ,AAIS1----1A----,ccomp,Nom,Masc,Sing,Inan,0.0998815530577769,O
nevrácenými,ADJ,AAIP7----1N----,amod,Ins,Fem,Plur,,0.2194353483667713,O
DVD,NOUN,BNXXX-----A----,obj,,,,,0.4929201945616519,B-op
Blockbuster,X,F%-------------,nmod,,,,,-0.0994771452425523,I-op
.,PUNCT,Z:-------------,punct,,,,,-0.0862260277140864,O
“,PUNCT,Z:-------------,root,,,,,-0.0813922219835129,O
Na,ADP,RR--6----------,case,Loc,,,,-0.0025471318020713,O
srbském,ADJ,AANS6----1A----,amod,Loc,Neut,Sing,,0.0718712214589494,O
hlavním,ADJ,AANS6----1A----,amod,Loc,Neut,Sing,,0.0284248112354198,O
letišti,NOUN,NNNS6-----A----,obl,Loc,Neut,Sing,,0.0122267105510455,O
v,ADP,RR--6----------,case,Loc,,,,-0.027852314868279,O
Bělehradě,PROPN,NNIS6-----A----,nmod,Loc,Masc,Sing,Inan,0.044098954705339,B-gu
byly,AUX,VpTP----R-AAI--,aux:pass,,"Fem,Masc",Plur,Inan,-0.0071508745127761,O
v,ADP,RR--4----------,case,Acc,,,,-0.0465901696178025,O
neděli,NOUN,NNFS4-----A----,obl,Acc,Fem,Sing,,-8.519997485796114,O
zrušeny,ADJ,VsTP----X-APP--,root,,"Fem,Masc",Plur,Inan,0.08970951192952,O
letecké,ADJ,AAIP1----1A----,amod,Nom,Masc,Plur,Inan,0.0380270947809757,O
spoje,NOUN,NNIP1-----A----,nsubj:pass,Nom,Masc,Plur,Inan,-0.0495598698779214,O
a,CCONJ,J^-------------,cc,,,,,-0.0551774163175523,O
na,ADP,RR--6----------,case,Loc,,,,-0.0231255486763551,O
většině,NOUN,NNFS6-----A----,obl,Loc,Fem,Sing,,-0.0976760860204737,O
území,NOUN,NNNS2-----A----,nmod,Gen,Neut,Sing,,-0.0150026084152037,O
došlo,VERB,VpNS----R-AAP--,conj,,Neut,Sing,,-0.0105649354599773,O
k,ADP,RR--3----------,case,Dat,,,,0.0337245136852741,O
výpadkům,NOUN,NNIP3-----A----,obl:arg,Dat,Masc,Plur,Inan,0.0626471110645868,O
dodávek,NOUN,NNFP2-----A----,nmod,Gen,Fem,Plur,,0.0258686388767277,O
elektrické,ADJ,AAFS2----1A----,amod,Gen,Fem,Sing,,0.0084537135498089,O
energie,NOUN,NNFS2-----A----,nmod,Gen,Fem,Sing,,0.0088842019540251,O
a,CCONJ,J^-------------,cc,,,,,-0.072884156203321,O
poškození,NOUN,NNNS3-----A----,conj,Dat,Neut,Sing,,-0.0121601465710238,O
domů,NOUN,NNIP2-----A----,nmod,Gen,Masc,Plur,Inan,-0.0125608090522695,O
.,PUNCT,Z:-------------,punct,,,,,-0.1659002725973301,O
Předtucha,NOUN,NNFS1-----A----,nsubj:pass,Nom,Fem,Sing,,0.035135011324144,O
",",PUNCT,Z:-------------,punct,,,,,0.2238394083944878,O
kterou,DET,P4FS4----------,obj,Acc,Fem,Sing,,-0.0926662088844746,O
všichni,DET,PLMP1----------,nsubj,Nom,Masc,Plur,Anim,0.0318963336518603,O
pociťují,VERB,VB-P---3P-AAI--,acl:relcl,,,Plur,,0.0211872096642769,O
",",PUNCT,Z:-------------,punct,,,,,0.3582307960134696,O
se,PRON,P7-X4----------,expl:pass,Acc,,,,0.0332926640787423,O
s,ADP,RR--7----------,case,Ins,,,,-0.0311589004218931,O
příjezdem,NOUN,NNIS7-----A----,obl,Ins,Masc,Sing,Inan,-0.0096012345264154,O
posla,NOUN,NNMS2-----A----,nmod,Gen,Masc,Sing,Anim,-0.0297630391507131,O
(,PUNCT,Z:-------------,punct,,,,,0.0875364605885476,O
Argyris,X,F%-------------,appos,,,,,0.0350296451276371,B-P
Pandazaras,X,F%-------------,flat:foreign,,,,,0.1031926370992815,I-P
),PUNCT,Z:-------------,punct,,,,,0.0421522417849341,O
z,ADP,RR--2----------,case,Gen,,,,-0.0194378835502661,O
fronty,NOUN,NNFS2-----A----,nmod,Gen,Fem,Sing,,0.0382492518336502,O
v,ADP,RR--6----------,case,Loc,,,,0.0238096366475412,O
mučivých,ADJ,AAIP6----1A----,amod,Loc,Masc,Plur,Inan,0.0616594945162427,O
detailech,NOUN,NNIP6-----A----,obl,Loc,Masc,Plur,Inan,0.0207319750710155,O
potvrzuje,VERB,VB-S---3P-AAI--,root,,,Sing,,0.1619697190426307,O
.,PUNCT,Z:-------------,punct,,,,,0.0630958289404887,O
V,ADP,RR--6----------,case,Loc,,,,-0.0707713448833999,O
absolutně,ADV,Dg-------1A----,advmod,,,,,0.0339138439417511,O
neuvěřitelné,ADJ,AAFS6----1N----,amod,Loc,Fem,Sing,,0.0395218081544837,O
scéně,NOUN,NNFS6-----A----,obl,Loc,Fem,Sing,,0.0869864509201702,O
líčí,VERB,VB-S---3P-AAI--,root,,,Sing,,0.0486919471716859,O
průběh,NOUN,NNIS4-----A----,obj,Acc,Masc,Sing,Inan,-0.0172712602261674,O
bitvy,NOUN,NNFS2-----A----,nmod,Gen,Fem,Sing,,-0.0285244144096726,O
a,CCONJ,J^-------------,cc,,,,,-0.0616983748141156,O
bičuje,VERB,VB-S---3P-AAI--,conj,,,Sing,,0.0158798883859813,O
sám,DET,PLYS1----------,xcomp,Nom,Masc,Sing,,-0.0174458239686392,O
sebe,PRON,P6--4----------,obj,Acc,,,,-0.0202258527141065,O
do,ADP,RR--2----------,case,Gen,,,,1.5533690339267,O
nepříčetnosti,NOUN,NNFS2-----N----,obl,Gen,Fem,Sing,,0.0146255798011197,O
",",PUNCT,Z:-------------,punct,,,,,0.2381649001315383,O
zatímco,SCONJ,"J,-------------",mark,,,,,0.005656342167456,O
sboristé,NOUN,NNMP1-----A----,nsubj,Nom,Masc,Plur,Anim,0.0097056900294837,O
kolem,ADV,Db-------------,advmod,,,,,-0.1354146729655042,O
tancují,VERB,VB-P---3P-AAI--,advcl,,,Plur,,0.0979539031990542,O
a,CCONJ,J^-------------,cc,,,,,-0.0493412645326472,O
mručivá,ADJ,AAFS1----1A----,amod,Nom,Fem,Sing,,0.0502644196008339,O
hudba,NOUN,NNFS1-----A----,nsubj,Nom,Fem,Sing,,-0.0704533898526841,O
Giorga,PROPN,NNMS2-----A----,nmod,Gen,Masc,Sing,Anim,0.0835367891776368,B-P|B-pf
Poulia,PROPN,NNMS2-----A----,flat,Gen,Masc,Sing,Anim,-0.0922876258044259,I-P|B-ps
bobtná,VERB,VB-S---3P-AAI--,conj,,,Sing,,0.0377059852121913,O
do,ADP,RR--2----------,case,Gen,,,,-0.028711012125206,O
téměř,ADV,Db-------------,advmod,,,,,-0.0285365974460881,O
ohlušující,ADJ,AGFS2-----A----,amod,Gen,Fem,Sing,,0.0051977399402809,O
úrovně,NOUN,NNFS2-----A----,obl,Gen,Fem,Sing,,0.0832100387635855,O
.,PUNCT,Z:-------------,punct,,,,,0.1034006224284828,O
Trička,NOUN,NNNP1-----A----,nsubj:pass,Nom,Neut,Plur,,0.1957994896065787,O
se,PRON,P7-X4----------,expl:pass,Acc,,,,-0.0279517938850239,O
prodávala,VERB,VpQW----R-AAI--,root,,"Fem,Neut","Plur,Sing",,0.0688837768942387,O
za,ADP,RR--4----------,case,Acc,,,,0.0992434935913145,O
25,NUM,C=-------------,nummod:gov,,,,,0.0423820453866463,B-nc
liber,NOUN,NNFP2-----A----,obl,Gen,Fem,Plur,,-0.1394846247970139,O
(,PUNCT,Z:-------------,punct,,,,,-0.0353690375482966,O
33,NUM,C=-------------,nummod:gov,,,,,0.1221349704219145,B-nc
dolarů,NOUN,NNIP2-----A----,appos,Gen,Masc,Plur,Inan,0.085162780219142,O
),PUNCT,Z:-------------,punct,,,,,0.0950579523594821,O
plus,CCONJ,J*-------------,cc,,,,,0.1148772244612517,O
DPH,NOUN,BNXXX-----A----,conj,,,,,-0.1629498511380875,O
a,CCONJ,J^-------------,cc,,,,,0.1193717085475569,O
v,ADP,RR--6----------,case,Loc,,,,0.0187317617930011,O
některých,DET,PZXP6----------,det,Loc,,Plur,,0.0311675585251631,O
obchodech,NOUN,NNIP6-----A----,obl,Loc,Masc,Plur,Inan,0.4158847284714787,O
byl,AUX,VpYS----R-AAI--,aux:pass,,Masc,Sing,,0.0532820740913457,O
omezen,ADJ,VsYS----X-APP--,conj,,Masc,Sing,,0.0220728541663553,O
počet,NOUN,NNIS1-----A----,nsubj:pass,Nom,Masc,Sing,Inan,-0.1697830327010014,O
jednoho,NUM,CnZS2----------,nummod,Gen,"Masc,Neut",Sing,,-0.0065852216689357,O
trička,NOUN,NNNS2-----A----,nmod,Gen,Neut,Sing,,0.0083723031828846,O
na,ADP,RR--4----------,case,Acc,,,,0.1617669560116474,O
osobu,NOUN,NNFS4-----A----,nmod,Acc,Fem,Sing,,-0.0772999771105253,O
",",PUNCT,Z:-------------,punct,,,,,0.1439322683412101,O
po,ADP,RR--6----------,case,Loc,,,,-0.0059246360577169,O
tričkách,NOUN,NNNP6-----A----,obl,Loc,Neut,Plur,,-0.0504603445071875,O
byla,AUX,VpQW----R-AAI--,conj,,"Fem,Neut","Plur,Sing",,0.0488399150710129,O
taková,DET,PDFS1----------,det,Nom,Fem,Sing,,0.2527562860822258,O
poptávka,NOUN,NNFS1-----A----,nsubj,Nom,Fem,Sing,,0.2962843381151168,O
",",PUNCT,Z:-------------,punct,,,,,0.1595632045056551,O
že,SCONJ,"J,-------------",mark,,,,,-0.0036185746881619,O
lidé,NOUN,NNMP1-----A----,nsubj,Nom,Masc,Plur,Anim,0.24347440861299,O
stáli,VERB,VpMP----R-AAI--,acl,,Masc,Plur,Anim,0.1255810834148918,O
dlouhé,ADJ,AAFP4----1A----,amod,Acc,Fem,Plur,,-0.0790770855976546,O
fronty,NOUN,NNFP4-----A----,obj,Acc,Fem,Plur,,0.2264312981097734,O
",",PUNCT,Z:-------------,punct,,,,,0.0717356250458727,O
aby,AUX,Vc-------------,aux,,,,,0.2338194965089987,O
se,PRON,P7-X4----------,expl:pass,Acc,,,,0.3213009941094985,O
na,ADP,RR--4----------,case,Acc,,,,0.1166919317094066,O
ně,PRON,PEXP4--3------1,obl:arg,Acc,,Plur,,-0.0207508743572601,O
dostalo,VERB,VpNS----R-AAP--,advcl,,Neut,Sing,,0.0446108761605063,O
.,PUNCT,Z:-------------,punct,,,,,0.1150484874154346,O
Ale,CCONJ,J^-------------,cc,,,,,0.1031510023617664,O
při,ADP,RR--6----------,case,Loc,,,,0.2469422833393215,O
bolestné,ADJ,AAFS6----1A----,amod,Loc,Fem,Sing,,-0.0082018578968177,O
představě,NOUN,NNFS6-----A----,obl,Loc,Fem,Sing,,-0.106726917032468,O
",",PUNCT,Z:-------------,punct,,,,,0.1272755513015036,O
že,SCONJ,"J,-------------",mark,,,,,0.1085864989645528,O
o,ADP,RR--4----------,case,Acc,,,,-0.0676182310869422,O
syna,NOUN,NNMS4-----A----,obl:arg,Acc,Masc,Sing,Anim,-0.028488189182474,O
přijdou,VERB,VB-P---3P-AAP--,acl,,,Plur,,0.268576860940326,O
",",PUNCT,Z:-------------,punct,,,,,0.1064299683752569,O
změnili,VERB,VpMP----R-AAP--,root,,Masc,Plur,Anim,0.1422152380507763,O
názor,NOUN,NNIS4-----A----,obj,Acc,Masc,Sing,Inan,-0.0173205610173421,O
a,CCONJ,J^-------------,cc,,,,,0.0779240730463259,O
prohlásili,VERB,VpMP----R-AAP--,conj,,Masc,Plur,Anim,0.586419435725259,O
",",PUNCT,Z:-------------,punct,,,,,-0.0082198770703119,O
že,SCONJ,"J,-------------",mark,,,,,0.0906935354376217,O
si,PRON,P7--3----------,expl:pv,Dat,,,,0.2105455697815522,O
přejí,VERB,VB-P---3P-AAI-1,ccomp,,,Plur,,0.0871507510899237,O
jeho,DET,P9XXXZS3-------,det,,,,,0.1108344195801897,O
propuštění,NOUN,NNNS4-----A----,obj,Acc,Neut,Sing,,0.0666468674074929,O
.,PUNCT,Z:-------------,punct,,,,,0.1342504963365978,O
Bohužel,PART,TT-------------,advmod,,,,,-0.2275362332020691,O
jsem,AUX,VB-S---1P-AAI--,aux,,,Sing,,0.0931786213643067,O
nedostal,VERB,VpYS----R-NAP--,root,,Masc,Sing,,-0.1369498874852657,O
odpověď,NOUN,NNFS4-----A----,obj,Acc,Fem,Sing,,-0.2563281542715627,O
déle,ADV,Dg-------2A----,advmod,,,,,0.0269919207756326,O
než,SCONJ,"J,-------------",mark,,,,,-0.1358424370444988,O
dvě,NUM,CnHP4----------,nummod,Acc,"Fem,Neut",Plur,,-0.2488871182931448,O
minuty,NOUN,NNFP4-----A----,obl,Acc,Fem,Plur,,-0.0488545569774159,O
.,PUNCT,Z:-------------,punct,,,,,0.5140748781488588,O
Pod,ADP,RR--7----------,case,Ins,,,,-0.7448061153398384,O
Platebními,ADJ,AAIP7----1A----,amod,Ins,Masc,Plur,Inan,0.1348040046897143,O
údaji“,NOUN,NNIP7-----A----,obl,Ins,Masc,Plur,Inan,-0.0497186291926292,O
vyberte,VERB,Vi-P---2--A-P--,root,,,Plur,,-0.009486949528216,O
typ,NOUN,NNIS4-----A----,obj,Acc,Masc,Sing,Inan,0.0076880592422373,O
platební,ADJ,AAFS2----1A----,amod,Gen,Fem,Sing,,0.2009297399218776,O
karty,NOUN,NNFS2-----A----,nmod,Gen,Fem,Sing,,0.017251555401176,O
a,CCONJ,J^-------------,cc,,,,,-0.073328749917617,O
zadejte,VERB,Vi-P---2--A-P--,conj,,,Plur,,0.0750812135925333,O
číslo,NOUN,NNNS4-----A----,obj,Acc,Neut,Sing,,0.1178040041726552,O
karty,NOUN,NNFS2-----A----,nmod,Gen,Fem,Sing,,0.0645978138990053,O
",",PUNCT,Z:-------------,punct,,,,,0.1897146895738817,O
bezpečnostní,ADJ,AAIS4----1A----,amod,Acc,Masc,Sing,Inan,-0.0768634184602094,O
kód,NOUN,NNIS4-----A----,conj,Acc,Masc,Sing,Inan,0.1352371935038783,O
(,PUNCT,Z:-------------,punct,,,,,0.0616923542189793,O
CVV,NOUN,BNXXX-----A----,appos,,,,,0.010119477791142,B-o_
),PUNCT,Z:-------------,punct,,,,,0.0859119326989099,O
",",PUNCT,Z:-------------,punct,,,,,0.2595043567658822,O
jméno,NOUN,NNNS4-----A----,conj,Acc,Neut,Sing,,-0.1829676446558186,O
držitele,NOUN,NNMS2-----A----,nmod,Gen,Masc,Sing,Anim,0.0185851233520878,O
karty,NOUN,NNFS2-----A----,nmod,Gen,Fem,Sing,,-0.0617004848444348,O
a,CCONJ,J^-------------,cc,,,,,-0.0541812769460659,O
datum,NOUN,NNNS4-----A----,conj,Acc,Neut,Sing,,-0.0669905683823707,O
platnosti,NOUN,NNFS2-----A----,nmod,Gen,Fem,Sing,,0.0542783891457072,O
.,PUNCT,Z:-------------,punct,,,,,-0.1797730978732522,O
-,PUNCT,Z:-------------,punct,,,,,-0.5673082242264404,O
Odhlašte,VERB,Vi-P---2--A-P--,root,,,Plur,,0.0545367571201331,O
se,PRON,P7--4----------,expl:pv,Acc,,,,-0.041600079373267,O
a,CCONJ,J^-------------,cc,,,,,0.1255203296157368,O
přihlaste,VERB,Vi-P---2--A-P--,conj,,,Plur,,-0.0345064520625784,O
zpět,ADV,Db-------------,advmod,,,,,-0.1361998564621049,O
do,ADP,RR--2----------,case,Gen,,,,-0.2646384709654884,O
své,DET,P8FS2---------1,det,Gen,Fem,Sing,,-0.1562613462767572,O
čtečky,NOUN,NNFS2-----A----,obl,Gen,Fem,Sing,,0.040372086570095,O
.,PUNCT,Z:-------------,punct,,,,,-0.3227834420921738,O
Když,SCONJ,"J,-------------",mark,,,,,-0.3569882337247876,O
se,PRON,P7-X4----------,expl:pv,Acc,,,,0.0661238382540932,O
před,ADP,RR--7----------,case,Ins,,,,-0.0585241101801528,O
pár,DET,Ca--X----------,det:nummod,,,,,0.0079238840917314,O
dny,NOUN,NNIP7-----A----,obl,Ins,Masc,Plur,Inan,0.0863036368517556,O
vynořily,VERB,VpTP----R-AAP--,advcl,,"Fem,Masc",Plur,Inan,0.0599403282579136,O
novinky,NOUN,NNFP1-----A----,nsubj,Nom,Fem,Plur,,-0.0296980189636922,O
o,ADP,RR--6----------,case,Loc,,,,-0.0950011513011606,O
tomto,DET,PDZS6----------,det,Loc,"Masc,Neut",Sing,,0.0039551267551334,O
jeho,DET,P9XXXZS3-------,det,,,,,-0.0958009090555038,O
plánu,NOUN,NNIS6-----A----,nmod,Loc,Masc,Sing,Inan,0.0735337512781753,O
",",PUNCT,Z:-------------,punct,,,,,0.1716274917067865,O
Tobias,PROPN,NNMS1-----A----,nsubj,Nom,Masc,Sing,Anim,0.0138419788600517,B-P|B-pf
Ellwood,PROPN,NNMS1-----A----,flat,Nom,Masc,Sing,Anim,0.051271407277495,I-P|B-ps
",",PUNCT,Z:-------------,punct,,,,,0.0963640339566153,O
konzervativní,ADJ,AAMS1----1A----,amod,Nom,Masc,Sing,Anim,0.0115504085417598,O
poslanec,NOUN,NNMS1-----A----,appos,Nom,Masc,Sing,Anim,0.0571352729800349,O
a,CCONJ,J^-------------,cc,,,,,-0.0480765532794512,O
předseda,NOUN,NNMS1-----A----,conj,Nom,Masc,Sing,Anim,0.0462255027551102,O
obranného,ADJ,AAIS2----1A----,amod,Gen,Masc,Sing,Inan,-0.0047651599096862,O
výboru,NOUN,NNIS2-----A----,nmod,Gen,Masc,Sing,Inan,0.0500605648200937,O
dolní,ADJ,AAFS2----1A----,amod,Gen,Fem,Sing,,0.0339715810416251,O
sněmovny,NOUN,NNFS2-----A----,nmod,Gen,Fem,Sing,,0.0527358590294376,O
",",PUNCT,Z:-------------,punct,,,,,-0.0321664793052025,O
prohlásil,VERB,VpYS----R-AAP--,root,,Masc,Sing,,0.0258390454936666,O
",",PUNCT,Z:-------------,punct,,,,,0.0383756213660069,O
že,SCONJ,"J,-------------",mark,,,,,-0.0765190566261353,O
poslanci,NOUN,NNMP1-----A----,nsubj,Nom,Masc,Plur,Anim,-0.0148155071354107,O
by,AUX,Vc----------I--,aux,,,,,-0.0123604997718822,O
měli,VERB,VpMP----R-AAI--,ccomp,,Masc,Plur,Anim,0.0315206889074774,O
mít,VERB,Vf--------A-I--,xcomp,,,,,0.0707232515207972,O
tutéž,DET,PDFS4----------,det,Acc,Fem,Sing,,0.0981701226052617,O
možnost,NOUN,NNFS4-----A----,obj,Acc,Fem,Sing,,-0.0112976169508118,O
vyslechnout,VERB,Vf--------A-P--,acl,,,,,0.1643856031820766,O
Cummingse,PROPN,NNMS4-----A----,obj,Acc,Masc,Sing,Anim,0.1473692817733636,B-ps
kvůli,ADP,RR--3----------,case,Dat,,,,-0.0438824180335398,O
otázkám,NOUN,NNFP3-----A----,obl,Dat,Fem,Plur,,0.0738987513882992,O
obrany,NOUN,NNFS2-----A----,nmod,Gen,Fem,Sing,,0.0279710500679591,O
a,CCONJ,J^-------------,cc,,,,,0.0281500406180735,O
bezpečnosti,NOUN,NNFS2-----A----,conj,Gen,Fem,Sing,,0.0203952476846473,O
",",PUNCT,Z:-------------,punct,,,,,0.027576147553684,O
podobně,ADV,Dg-------1A----,advmod,,,,,-0.1678193300527464,O
jako,SCONJ,"J,-------------",mark,,,,,0.2863030183417899,O
tak,ADV,Db-------------,advmod,,,,,-0.046151786736911,O
činí,VERB,VB-P---3P-AAI--,advcl,,,Plur,,0.0439410531252742,O
v,ADP,RR--6----------,case,Loc,,,,0.1993509361906629,O
případě,NOUN,NNIS6-----A----,obl,Loc,Masc,Sing,Inan,0.0291213201587769,O
ministrů,NOUN,NNMP2-----A----,obl,Gen,Masc,Plur,Anim,0.2135961678374713,O
či,CCONJ,J^-------------,cc,,,,,0.0739070871206764,O
státních,ADJ,AAMP2----1A----,amod,Gen,Masc,Plur,Anim,0.1251077146872597,O
zaměstnanců,NOUN,NNMP2-----A----,conj,Gen,Masc,Plur,Anim,-0.0181008222620631,O
.,PUNCT,Z:-------------,punct,,,,,-0.1146677234910416,O
Dychtivost,NOUN,NNFS1-----A----,nsubj,Nom,Fem,Sing,,0.0320427779050192,O
Porošenka,PROPN,NNMS2-----A----,nmod,Gen,Masc,Sing,Anim,0.0644690008108923,B-ps
zvítězit,VERB,Vf--------A-P--,acl,,,,,0.0770099762066805,O
nad,ADP,RR--7----------,case,Ins,,,,0.1715044669721784,O
Trumpem,PROPN,NNMS7-----A----,obl:arg,Ins,Masc,Sing,Anim,-0.0451798045136755,B-ps
a,CCONJ,J^-------------,cc,,,,,0.006050304930655,O
jeho,DET,P9XXXZS3-------,det,,,,,-0.0521685098451647,O
narůstající,ADJ,AGFP1-----A----,amod,Nom,Fem,Plur,,0.070128523098422,O
obavy,NOUN,NNFP1-----A----,conj,Nom,Fem,Plur,,0.0452982321529418,O
",",PUNCT,Z:-------------,punct,,,,,0.3338090945325195,O
že,SCONJ,"J,-------------",mark,,,,,-0.0394426835829106,O
by,AUX,Vc----------I--,aux,,,,,0.0085080240745664,O
političtí,ADJ,AAMP1----1A----,amod,Nom,Masc,Plur,Anim,0.0256922284255949,O
soupeři,NOUN,NNMP1-----A----,nsubj,Nom,Masc,Plur,Anim,0.0152320654811532,O
mohli,VERB,VpMP----R-AAI--,acl,,Masc,Plur,Anim,-0.013243704572307,O
zmařit,VERB,Vf--------A-P--,xcomp,,,,,0.0314854844268427,O
jeho,DET,P9XXXZS3-------,det,,,,,-0.0191202774047321,O
znovuzvolení,NOUN,NNNS4-----A----,obj,Acc,Neut,Sing,,0.1625566690930875,O
prezidentem,NOUN,NNMS7-----A----,obl:arg,Ins,Masc,Sing,Anim,0.017305905469748,O
",",PUNCT,Z:-------------,punct,,,,,0.0219835468766224,O
otevřeli,VERB,VpMP----R-AAP--,root,,Masc,Plur,Anim,0.1075181811444053,O
cestu,NOUN,NNFS4-----A----,obj,Acc,Fem,Sing,,0.0185502957216678,O
Giulianimu,PROPN,NNMS3-----A---1,obl:arg,Dat,Masc,Sing,Anim,0.1087696306895079,B-ps
",",PUNCT,Z:-------------,punct,,,,,0.0544233417740397,O
který,DET,P4YS1----------,nsubj,Nom,Masc,Sing,,0.028677145604532,O
naléhá,VERB,VB-S---3P-AAI--,acl:relcl,,,Sing,,0.0874877115249398,O
na,ADP,RR--4----------,case,Acc,,,,0.0660588976317541,O
ukrajinského,ADJ,AAMS4----1A----,amod,Acc,Masc,Sing,Anim,-0.004662214815305,O
generálního,ADJ,AAMS4----1A----,amod,Acc,Masc,Sing,Anim,0.0174178471028331,O
prokurátora,NOUN,NNMS4-----A----,obl:arg,Acc,Masc,Sing,Anim,0.0517963057432053,O
Jurije,PROPN,NNMS4-----A----,flat,Acc,Masc,Sing,Anim,0.3539144826500863,B-P|B-pf
Lucenka,PROPN,NNMS4-----A----,flat,Acc,Masc,Sing,Anim,0.3177749200267954,I-P|B-ps
",",PUNCT,Z:-------------,punct,,,,,0.0740141185227556,O
který,DET,P4YS1----------,nsubj:pass,Nom,Masc,Sing,,0.037173580212265,O
byl,AUX,VpYS----R-AAI--,aux:pass,,Masc,Sing,,-0.0072478248844826,O
poté,ADV,Db-------------,advmod,,,,,0.031877138444208,O
propuštěn,ADJ,VsYS----X-APP--,amod,,Masc,Sing,,0.072697451451754,O
",",PUNCT,Z:-------------,punct,,,,,0.3664964986375162,O
aby,AUX,Vc-------------,aux,,,,,0.045024149125456,O
pomohl,VERB,VpYS----R-AAP--,advcl,,Masc,Sing,,0.0024644170471705,O
Trumpovi,PROPN,NNMS3-----A----,obl:arg,Dat,Masc,Sing,Anim,0.320339719449941,B-ps
dosáhnout,VERB,Vf--------A-P--,xcomp,,,,,0.0108941336395856,O
jeho,DET,P9XXXZS3-------,det,,,,,-0.0332303884051109,O
vlastního,ADJ,AANS2----1A----,amod,Gen,Neut,Sing,,0.3032145557617289,O
znovuzvolení,NOUN,NNNS2-----A----,obl:arg,Gen,Neut,Sing,,0.1801892138501482,O
prostřednictvím,NOUN,NNNS7-----A----,case,Ins,Neut,Sing,,-0.0360823224927807,O
vyšetřování,NOUN,NNNS2-----A----,obl,Gen,Neut,Sing,,0.0116513142369369,O
Joe,PROPN,NNMXX-----A----,nmod,,Masc,,Anim,0.0604625417848725,B-P|B-pf
Bidena,PROPN,NNMS2-----A----,flat,Gen,Masc,Sing,Anim,0.1556887239881439,I-P|B-ps
a,CCONJ,J^-------------,cc,,,,,0.0838187185902986,O
jeho,DET,P9XXXZS3-------,det,,,,,-0.0021085563181989,O
syna,NOUN,NNMS2-----A----,conj,Gen,Masc,Sing,Anim,-0.0266278059310424,O
.,PUNCT,Z:-------------,punct,,,,,0.0758467491438876,O
Jdeme,VERB,VB-P---1P-AAI--,root,,,Plur,,-0.1073331968926855,O
požádat,VERB,Vf--------A-P--,xcomp,,,,,0.1428552051866416,O
třetí,ADJ,CrFS4----------,amod,Acc,Fem,Sing,,0.1412884920398478,O
stranu,NOUN,NNFS4-----A----,obj,Acc,Fem,Sing,,0.4151173417430266,O
.,PUNCT,Z:-------------,punct,,,,,0.6094490327438478,O
Ministr,NOUN,NNMS1-----A----,nsubj,Nom,Masc,Sing,Anim,-0.1295496979607417,O
zahraničí,NOUN,NNNS2-----A----,nmod,Gen,Neut,Sing,,0.005517172515889,O
uznal,VERB,VpYS----R-AAP--,root,,Masc,Sing,,-0.1581506122621223,O
",",PUNCT,Z:-------------,punct,,,,,0.3240160866996953,O
že,SCONJ,"J,-------------",mark,,,,,-0.0873411608470213,O
mnohým,ADJ,AAMP3----1A----,amod,Dat,Masc,Plur,Anim,-0.2077816500762419,O
turistům,NOUN,NNMP3-----A----,obl:arg,Dat,Masc,Plur,Anim,0.0398665006853022,O
tak,ADV,Db-------------,advmod,,,,,0.034360090951576,O
nebyl,AUX,VpYS----R-NAI--,aux:pass,,Masc,Sing,,-0.1296968485095689,O
poskytnut,ADJ,VsYS----X-APP--,ccomp,,Masc,Sing,,0.0428402005505233,O
čas,NOUN,NNIS1-----A----,nsubj:pass,Nom,Masc,Sing,Inan,-0.3458556172254899,O
na,ADP,RR--4----------,case,Acc,,,,-0.1614381920893911,O
zrušení,NOUN,NNNS4-----A----,nmod,Acc,Neut,Sing,,-0.0223590416945684,O
či,CCONJ,J^-------------,cc,,,,,-0.0660040305260857,O
změnu,NOUN,NNFS4-----A----,conj,Acc,Fem,Sing,,-0.0428979800237612,O
cestovních,ADJ,AAIP2----1A----,amod,Gen,Masc,Plur,Inan,-0.0470519637939907,O
plánů,NOUN,NNIP2-----A----,nmod,Gen,Masc,Plur,Inan,0.0103815106336484,O
.,PUNCT,Z:-------------,punct,,,,,0.132151632544704,O
Mandela,PROPN,NNMS1-----A----,nsubj,Nom,Masc,Sing,Anim,-0.0227585291608307,B-ps
se,PRON,P7-X4----------,expl:pv,Acc,,,,0.1928742978150367,O
pak,ADV,Db-------------,advmod,,,,,-0.007313432233657,O
stal,VERB,VpYS----R-AAP--,root,,Masc,Sing,,-0.07827612369277,O
prvním,ADJ,CrMS7----------,amod,Ins,Masc,Sing,Anim,0.0365304459132393,O
jihoafrickým,ADJ,AAMS7----1A----,amod,Ins,Masc,Sing,Anim,0.1381560919610576,O
černým,ADJ,AAMS7----1A----,amod,Ins,Masc,Sing,Anim,0.0425817640783093,O
prezidentem,NOUN,NNMS7-----A----,obl:arg,Ins,Masc,Sing,Anim,0.0379772576164343,O
poté,ADV,Db-------------,advmod,,,,,-0.0764241902795409,O
",",PUNCT,Z:-------------,punct,,,,,0.2307726874516279,O
co,SCONJ,"J,-------------",mark,,,,,0.1571957710664691,O
jeho,DET,P9XXXZS3-------,det,,,,,-0.0253897945660714,O
strana,NOUN,NNFS1-----A----,nsubj,Nom,Fem,Sing,,-0.1079908548556711,O
afrického,ADJ,AAIS2----1A----,amod,Gen,Masc,Sing,Inan,0.0309327955493214,O
národního,ADJ,AAIS2----1A----,amod,Gen,Masc,Sing,Inan,0.0262499702696253,O
kongresu,NOUN,NNIS2-----A----,nmod,Gen,Masc,Sing,Inan,0.1729383507749674,O
vyhrála,VERB,VpQW----R-AAP--,advcl,,"Fem,Neut","Plur,Sing",,-0.0902902763405343,O
v,ADP,RR--6----------,case,Loc,,,,0.1145066297267311,O
roce,NOUN,NNIS6-----A---1,obl,Loc,Masc,Sing,Inan,-0.0082348683240871,O
1994,NUM,C=-------------,nummod,,,,,-0.0158589370976791,B-ty
volby,NOUN,NNFP4-----A----,obj,Acc,Fem,Plur,,-0.0359294241390803,O
.,PUNCT,Z:-------------,punct,,,,,-0.4598228023255367,O
Severovýchod,NOUN,NNIS1-----A----,nsubj,Nom,Masc,Sing,Inan,0.066008070585415,O
země,NOUN,NNFS2-----A----,nmod,Gen,Fem,Sing,,-0.0967691776453158,O
",",PUNCT,Z:-------------,punct,,,,,0.0001481056004738,O
ostrovy,NOUN,NNIP1-----A----,conj,Nom,Masc,Plur,Inan,0.0424822282829182,O
Shetlandy,PROPN,NNIP1-----A----,nmod,Nom,Masc,Plur,Inan,-0.1624015938091213,B-gl
a,CCONJ,J^-------------,cc,,,,,-0.232949974190501,O
Orkneje,PROPN,NNIP1-----A----,conj,Nom,Masc,Plur,Inan,0.11358432727419,B-gl
budou,AUX,VB-P---3F-AAI--,aux,,,Plur,,-0.1287843569805524,O
během,ADP,RR--2----------,case,Gen,,,,-0.1293041622137042,O
nedělní,ADJ,AAFS2----1A----,amod,Gen,Fem,Sing,,0.0855849812662997,O
noci,NOUN,NNFS2-----A----,obl,Gen,Fem,Sing,,-0.2442047949665167,O
a,CCONJ,J^-------------,cc,,,,,-0.0445484959445705,O
pondělního,ADJ,AANS2----1A----,amod,Gen,Neut,Sing,,0.1602083419366329,O
rána,NOUN,NNNS2-----A----,conj,Gen,Neut,Sing,,0.1047219163946051,O
čelit,VERB,Vf--------A-I--,root,,,,,0.0759498821739769,O
nárazům,NOUN,NNIP3-----A----,obl:arg,Dat,Masc,Plur,Inan,-0.0809836718520355,O
větru,NOUN,NNIS2-----A----,nmod,Gen,Masc,Sing,Inan,-0.0894606667915015,O
o,ADP,RR--6----------,case,Loc,,,,0.0185976824837671,O
rychlosti,NOUN,NNFS6-----A----,nmod,Loc,Fem,Sing,,-0.0489027641652949,O
až,PART,TT-------------,advmod:emph,,,,,-0.0849849749901295,O
do,ADP,RR--2----------,case,Gen,,,,-0.0279342176663664,O
výše,NOUN,NNFS2-----A----,nmod,Gen,Fem,Sing,,-0.078730075813869,O
85,NUM,C=-------------,nummod,,,,,-0.0405080552287624,B-nc
mil,DET,CzIXX---------b,det,,Masc,,Inan,0.0333017419557231,I-nc
za,ADP,RR--4----------,case,Acc,,,,0.2677625271582572,O
hodinu,NOUN,NNFS4-----A----,nmod,Acc,Fem,Sing,,0.0710429916360182,O
.,PUNCT,Z:-------------,punct,,,,,0.1984027663251331,O
Zdejší,ADJ,AAMP1----1A----,amod,Nom,Masc,Plur,Anim,0.3337235395037402,O
pracovníci,NOUN,NNMP1-----A----,nsubj,Nom,Masc,Plur,Anim,-0.0264602160994779,O
se,PRON,P7-X4----------,expl:pv,Acc,,,,0.1985772091040901,O
však,CCONJ,J^-------------,cc,,,,,0.0221252305182121,O
bojí,VERB,VB-P---3P-AAI--,root,,,Plur,,0.0194797360448684,O
",",PUNCT,Z:-------------,punct,,,,,0.0910748844181445,O
že,SCONJ,"J,-------------",mark,,,,,-0.0765353973370982,O
je,PRON,PEXP4--3-------,obj,Acc,,Plur,,0.0319457880724174,O
těmito,DET,PDXP7----------,det,Ins,,Plur,,0.1690797740178819,O
smrtelnými,ADJ,AAFP7----1A----,amod,Ins,Fem,Plur,,0.0743455560300548,O
zbraněmi,NOUN,NNFP7-----A----,obl,Ins,Fem,Plur,,0.2227038687530938,O
z,ADP,RR--2----------,case,Gen,,,,0.0463312569875209,O
legrace“,NOUN,NNFP2-----A----,obl,Gen,Fem,Plur,,-0.0937183128258521,O
vyzbrojují,VERB,VB-P---3P-AAI--,ccomp,,,Plur,,0.0282397366808522,O
samotní,ADJ,AAMP1----1A----,amod,Nom,Masc,Plur,Anim,0.02715068091514,O
návštěvníci,NOUN,NNMP1-----A----,nsubj,Nom,Masc,Plur,Anim,0.0989558744732378,O
",",PUNCT,Z:-------------,punct,,,,,0.1149192154244799,O
aby,AUX,Vc-------------,aux,,,,,0.0582757135364164,O
podpořili,VERB,VpMP----R-AAP--,advcl,,Masc,Plur,Anim,0.1357113923338903,O
opice,NOUN,NNFP4-----A----,obj,Acc,Fem,Plur,,0.1098798443426304,O
v,ADP,RR--6----------,case,Loc,,,,0.1411546012177978,O
útocích,NOUN,NNIP6-----A----,obl,Loc,Masc,Plur,Inan,0.0826441326379765,O
.,PUNCT,Z:-------------,punct,,,,,0.0124448436682628,O
Paviány,NOUN,NNMP4-----A----,obj,Acc,Masc,Plur,Anim,0.139983605891018,O
totiž,CCONJ,J^-------------,cc,,,,,-0.5666483803516423,O
bylo,AUX,VpNS----R-AAI--,cop,,Neut,Sing,,0.1427348941615233,O
možno,ADJ,ACNS------A----,root,,Neut,Sing,,-0.1526982019527024,O
spatřit,VERB,Vf--------A-P--,csubj,,,,,0.0490682287366195,O
",",PUNCT,Z:-------------,punct,,,,,0.0661093059433595,O
jak,SCONJ,"J,-------------",mark,,,,,0.0615238660059683,O
se,PRON,P7-X4----------,expl:pv,Acc,,,,0.2898178717209274,O
přehrabují,VERB,VB-P---3P-AAI--,ccomp,,,Plur,,0.0325559121240015,O
v,ADP,RR--6----------,case,Loc,,,,0.074567498431444,O
bednách,NOUN,NNFP6-----A----,obl,Loc,Fem,Plur,,-0.0101408327110384,O
s,ADP,RR--7----------,case,Ins,,,,0.0245564920083934,O
nářadím,NOUN,NNNS7-----A----,nmod,Ins,Neut,Sing,,0.0736100122689193,O
.,PUNCT,Z:-------------,punct,,,,,0.0350121361488608,O
Contact,X,F%-------------,nsubj,,,,,-0.106538401603186,B-if
Left,X,F%-------------,flat:foreign,,,,,0.119264328311001,I-if
LTD,NOUN,BNXXX-----A----,nmod,,,,,0.0379536810179261,I-if
je,AUX,VB-S---3P-AAI--,cop,,,Sing,,-0.0543764512674022,O
hlavním,ADJ,AAMS7----1A----,amod,Ins,Masc,Sing,Anim,0.168473721396789,O
dodavatelem,NOUN,NNMS7-----A----,root,Ins,Masc,Sing,Anim,0.0497016339018154,O
příslušenství,NOUN,NNNS2-----A----,nmod,Gen,Neut,Sing,,-0.199877886054273,O
pro,ADP,RR--4----------,case,Acc,,,,-0.0686637757264135,O
armádu,NOUN,NNFS4-----A----,nmod,Acc,Fem,Sing,,-0.0562828581984499,O
a,CCONJ,J^-------------,cc,,,,,-0.1136217846538368,O
integrované,ADJ,AAFP4----1A----,amod,Acc,Fem,Plur,,0.1854383495488601,O
záchranné,ADJ,AAFP4----1A----,amod,Acc,Fem,Plur,,-0.0576705133195568,O
složky,NOUN,NNFP4-----A----,conj,Acc,Fem,Plur,,0.1692483896850023,O
.,PUNCT,Z:-------------,punct,,,,,-0.7292747515549456,O
Ti,DET,PDMP1----------,det,Nom,Masc,Plur,Anim,-0.4584061571735466,O
dva,NUM,CnYP1----------,nummod,Nom,Masc,Plur,,0.1749209063919521,O
chlapi,NOUN,NNMP1-----A----,nsubj,Nom,Masc,Plur,Anim,0.023424002799994,O
přišli,VERB,VpMP----R-AAP--,root,,Masc,Plur,Anim,-0.0928736344238481,O
do,ADP,RR--2----------,case,Gen,,,,-0.2165912303709284,O
obchodu,NOUN,NNIS2-----A----,obl,Gen,Masc,Sing,Inan,0.1000421766765044,O
.,PUNCT,Z:-------------,punct,,,,,0.6114583092915695,O
Podle,ADP,RR--2----------,case,Gen,,,,0.0969188553555012,O
ministra,NOUN,NNMS2-----A----,obl,Gen,Masc,Sing,Anim,0.3079018171632117,O
jsou,AUX,VB-P---3P-AAI--,cop,,,Plur,,-0.2859884876343669,O
vztahy,NOUN,NNIP1-----A----,nsubj,Nom,Masc,Plur,Inan,0.388288844858342,O
mezi,ADP,RR--7----------,case,Ins,,,,0.2075090380282071,O
Abu,PROPN,F%-------------,nmod,,,,,0.0634780365068599,B-gu
Dhabi,PROPN,NNXXX-----A----,nmod,,Neut,,,0.1217625991360826,I-gu
a,CCONJ,J^-------------,cc,,,,,-0.0600232745730311,O
Moskvou,PROPN,NNFS7-----A----,conj,Ins,Fem,Sing,,0.085504761807752,B-gu
strategiscké,ADJ,AAIP1----1A----,root,Nom,Masc,Plur,Inan,0.1979075799041103,O
.,PUNCT,Z:-------------,punct,,,,,0.1873832121776333,O
“,PUNCT,Z:-------------,root,,,,,0.1269024184855451,O
Zkoušel,VERB,VpYS----R-AAI--,root,,Masc,Sing,,0.2135667792580354,O
jsem,AUX,VB-S---1P-AAI--,aux,,,Sing,,0.3644252850766653,O
se,PRON,P7-X4----------,expl:pv,Acc,,,,-0.49032670515141,O
dovolat,VERB,Vf--------A-P--,xcomp,,,,,0.0019016271998661,O
do,ADP,RR--2----------,case,Gen,,,,-0.0097737844836769,O
restaurace,NOUN,NNFS2-----A----,obl,Gen,Fem,Sing,,0.0150879583199773,O
i,CCONJ,J^-------------,cc,,,,,-0.1592881757361334,O
řidiči,NOUN,NNMS3-----A----,conj,Dat,Masc,Sing,Anim,-0.0928952206087191,O
",",PUNCT,Z:-------------,punct,,,,,0.087189762946498,O
ale,CCONJ,J^-------------,cc,,,,,0.0893361161129061,O
neúspěšně,ADV,Dg-------1N----,conj,,,,,0.2507898689241565,O
",",PUNCT,Z:-------------,punct,,,,,0.2183551399538713,O
omlouvám,VERB,VB-S---1P-AAI--,orphan,,,Sing,,0.0312047083113223,O
se,PRON,P7-X4----------,expl:pv,Acc,,,,0.2346788269952687,O
.,PUNCT,Z:-------------,punct,,,,,-0.3135783649140916,O
Ke,ADP,RV--3----------,case,Dat,,,,0.0598923102171029,O
střelbě,NOUN,NNFS3-----A----,obl:arg,Dat,Fem,Sing,,0.1189606877012502,O
došlo,VERB,VpNS----R-AAP--,root,,Neut,Sing,,0.1671227554452365,O
v,ADP,RR--4----------,case,Acc,,,,-0.0301722124921902,O
sobotu,NOUN,NNFS4-----A----,obl,Acc,Fem,Sing,,0.0808631989542241,O
na,ADP,RR--6----------,case,Loc,,,,-0.1987968719035175,O
tržišti,NOUN,NNNS6-----A----,obl,Loc,Neut,Sing,,0.0094527554157808,O
Soko,X,F%-------------,nmod,,,,,-0.0215767655219193,B-if
Ngombe,X,F%-------------,flat:foreign,,,,,0.0611473450019936,O
na,ADP,RR--6----------,case,Loc,,,,-0.185849490763182,O
východě,NOUN,NNIS6-----A----,nmod,Loc,Masc,Sing,Inan,0.5881755121432604,O
okresu,NOUN,NNIS2-----A----,nmod,Gen,Masc,Sing,Inan,-0.0880563752705082,O
Garissa,PROPN,NNFS1-----A----,nmod,Nom,Fem,Sing,,0.0502136089926858,B-gr
během,ADP,RR--2----------,case,Gen,,,,-0.0406727475156103,O
protestu,NOUN,NNIS2-----A----,obl,Gen,Masc,Sing,Inan,0.1829059928318959,O
proti,ADP,RR--3----------,case,Dat,,,,0.0220821325562391,O
zatčení,NOUN,NNNS3-----A----,nmod,Dat,Neut,Sing,,-0.0109581415882429,O
muže,NOUN,NNMS2-----A----,nmod,Gen,Masc,Sing,Anim,-0.0454039716980816,O
podezřelého,ADJ,AAMS2----1A----,amod,Gen,Masc,Sing,Anim,0.2471838571439763,O
z,ADP,RR--2----------,case,Gen,,,,-0.0442156008963674,O
vraždy,NOUN,NNFS2-----A----,obl:arg,Gen,Fem,Sing,,0.1364408110185729,O
.,PUNCT,Z:-------------,punct,,,,,-0.1016063139162606,O
Podíval,VERB,VpYS----R-AAP--,root,,Masc,Sing,,0.3183765834700766,O
jsem,AUX,VB-S---1P-AAI--,aux,,,Sing,,-0.0265697244831939,O
se,PRON,P7-X4----------,expl:pv,Acc,,,,-0.1021714891137944,O
na,ADP,RR--4----------,case,Acc,,,,-0.0981798539163127,O
to,DET,PDNS4----------,obl:arg,Acc,Neut,Sing,,-0.0800540924816239,O
a,CCONJ,J^-------------,cc,,,,,-0.143149037214352,O
vidím,VERB,VB-S---1P-AAI--,conj,,,Sing,,-0.2029057793775062,O
",",PUNCT,Z:-------------,punct,,,,,0.0421043690214615,O
že,SCONJ,"J,-------------",mark,,,,,0.0109200637301639,O
vaše,DET,PSHS1-P2-------,det,Nom,"Fem,Neut",Sing,,-0.0090947768032606,O
oblast,NOUN,NNFS1-----A----,nsubj,Nom,Fem,Sing,,0.0128286316303599,O
má,VERB,VB-S---3P-AAI--,ccomp,,,Sing,,0.0440941772991773,O
v,ADP,RR--6----------,case,Loc,,,,-0.0216302051251947,O
současné,ADJ,AAFS6----1A----,amod,Loc,Fem,Sing,,-0.0826744056260952,O
době,NOUN,NNFS6-----A----,obl,Loc,Fem,Sing,,-0.1153055493498673,O
velké,ADJ,AAIP4----1A----,amod,Acc,Masc,Plur,Inan,-0.0844292311115267,O
objemy,NOUN,NNIP4-----A----,obj,Acc,Masc,Plur,Inan,0.0043000004797473,O
objednávek,NOUN,NNFP2-----A----,nmod,Gen,Fem,Plur,,0.296442377189527,O
a,CCONJ,J^-------------,cc,,,,,-0.0340547932120253,O
proto,CCONJ,J^-------------,cc,,,,,-0.0201588461188496,O
pro,ADP,RR--4----------,case,Acc,,,,-0.0673279674137701,O
vaši,DET,PSFS4-P2-------,det,Acc,Fem,Sing,,0.0407393714967615,O
objednávku,NOUN,NNFS4-----A----,obl,Acc,Fem,Sing,,-0.1469243804500572,O
přidělovali,VERB,VpMP----R-AAI--,conj,,Masc,Plur,Anim,-0.0553618856936053,O
jezdce,NOUN,NNMP4-----A----,obj,Acc,Masc,Plur,Anim,-0.0959532709754956,O
.,PUNCT,Z:-------------,punct,,,,,0.6595609598856461,O
Zprávy,NOUN,NNFP1-----A----,nsubj,Nom,Fem,Plur,,-0.147897839634112,O
o,ADP,RR--6----------,case,Loc,,,,-0.0039402429208319,O
snaze,NOUN,NNFS6-----A----,nmod,Loc,Fem,Sing,,0.0857268921703531,O
správců,NOUN,NNMP2-----A----,nmod,Gen,Masc,Plur,Anim,-0.0078925155002336,O
zajistit,VERB,Vf--------A-P--,acl,,,,,0.0008181471222367,O
výhody,NOUN,NNFP4-----A----,obj,Acc,Fem,Plur,,-0.1119574713660288,O
pro,ADP,RR--4----------,case,Acc,,,,-0.4094587066829808,O
členy,NOUN,NNMP4-----A----,nmod,Acc,Masc,Plur,Anim,-0.1618663937193277,O
penzijního,ADJ,AAIS2----1A----,amod,Gen,Masc,Sing,Inan,0.043806997002105,O
systému,NOUN,NNIS2-----A----,nmod,Gen,Masc,Sing,Inan,0.0692592319341318,O
se,PRON,P7-X4----------,expl:pv,Acc,,,,-0.081150999496149,O
objevily,VERB,VpTP----R-AAP--,root,,"Fem,Masc",Plur,Inan,-0.0009029457016694,O
čtyři,NUM,Cl-P4----------,nummod,Acc,,Plur,,-0.2109201508954064,O
dny,NOUN,NNIP4-----A----,obl,Acc,Masc,Plur,Inan,-0.0605177684098653,O
poté,ADV,Db-------------,advmod,,,,,0.0797454706090338,O
",",PUNCT,Z:-------------,punct,,,,,0.2871671149186086,O
co,SCONJ,"J,-------------",mark,,,,,0.1046010955376383,O
nejstarší,ADJ,AAMS1----3A----,amod,Nom,Masc,Sing,Anim,0.0465827490922465,O
britský,ADJ,AAMS1----1A----,amod,Nom,Masc,Sing,Anim,0.0859498056415709,O
tour,ADJ,AAXXX----1A----,nmod,Nom,Masc,Sing,Anim,-0.0544629472310872,O
operátor,NOUN,NNMS1-----A----,nsubj,Nom,Masc,Sing,Anim,0.0001168783822119,O
ukončil,VERB,VpYS----R-AAP--,advcl,,Masc,Sing,,-0.2937052563270487,O
obchodní,ADJ,AAFS4----1A----,amod,Acc,Fem,Sing,,-0.2158060450520231,O
činnost,NOUN,NNFS4-----A----,obj,Acc,Fem,Sing,,-0.121558579863506,O
",",PUNCT,Z:-------------,punct,,,,,0.1091243636604164,O
což,PRON,PQ--1----------,nsubj,Nom,,,,0.0257665792858316,O
spustilo,VERB,VpNS----R-AAP--,conj,,Neut,Sing,,0.0494935664158516,O
mezinárodní,ADJ,AAIS4----1A----,amod,Acc,Masc,Sing,Inan,-0.0514682556480078,O
záchranný,ADJ,AAIS4----1A----,amod,Acc,Masc,Sing,Inan,0.0787511561832401,O
program,NOUN,NNIS4-----A----,obj,Acc,Masc,Sing,Inan,0.0944836333719537,O
a,CCONJ,J^-------------,cc,,,,,0.0772278635529482,O
propuštění,NOUN,NNNS4-----A----,conj,Acc,Neut,Sing,,0.1230027667681078,O
tisíce,DET,CzIS2----------,amod,Gen,Masc,Sing,Inan,0.092094906513499,O
zaměstnanců,NOUN,NNMP2-----A----,nmod,Gen,Masc,Plur,Anim,0.0071620987711162,O
z,ADP,RR--2----------,case,Gen,,,,-0.016276653340423,O
pracovních,ADJ,AANP2----1A----,amod,Gen,Neut,Plur,,0.0318930112809001,O
míst,NOUN,NNNP2-----A----,nmod,Gen,Neut,Plur,,0.2041598560851867,O
.,PUNCT,Z:-------------,punct,,,,,0.2176021797525781,O
Pokud,SCONJ,"J,-------------",mark,,,,,-0.0982828799010271,O
neslyšíte,VERB,VB-P---2P-NAI--,root,,,Plur,,0.110156373520275,O
o,ADP,RR--6----------,case,Loc,,,,-0.1382194379610018,O
ubodaných,ADJ,AAMP6----1A----,amod,Loc,Masc,Plur,Inan,0.1893026698499073,O
lidech,NOUN,NNMP6-----A----,obl:arg,Loc,Masc,Plur,Anim,0.3641399252539511,O
",",PUNCT,Z:-------------,punct,,,,,0.5590660971458794,O
tak,ADV,Db-------------,dep,,,,,0.0552826583661223,O
co,PRON,PQ--4----------,dep,Acc,,,Inan,0.0388721995215446,O
?,PUNCT,Z:-------------,punct,,,,,-0.0137164622386956,O
Zacházíme,VERB,VB-P---1P-AAI--,root,,,Plur,,0.1725730450669481,O
s,ADP,RR--7----------,case,Ins,,,,-0.2540568133307936,O
invalidy,NOUN,NNMP7-----A----,obl:arg,Ins,Masc,Plur,Anim,-0.0036051769712878,O
jako,SCONJ,"J,-------------",mark,,,,,0.4371210278624325,O
s,ADP,RR--7----------,case,Ins,,,,-0.2172493805953573,O
odpadem,NOUN,NNIS7-----A----,dep,Ins,Masc,Sing,Inan,0.2683758627546014,O
.,PUNCT,Z:-------------,punct,,,,,0.3355405121520755,O
Zásilka,NOUN,NNFS1-----A----,nsubj,Nom,Fem,Sing,,0.0192782358635917,O
je,AUX,VB-S---3P-AAI--,cop,,,Sing,,-0.1859348770777614,O
velmi,ADV,Db-------------,advmod,,,,,-0.0077192175662171,O
opožděna,ADJ,VsQW----X-APP--,root,,"Fem,Neut","Plur,Sing",,-0.1434302474444238,O
a,CCONJ,J^-------------,cc,,,,,0.0080385261133643,O
vidím,VERB,VB-S---1P-AAI--,conj,,,Sing,,0.0037959909132929,O
tu,ADV,Db-------------,advmod,,,,,-0.0301984778532676,O
",",PUNCT,Z:-------------,punct,,,,,0.2175570223994342,O
že,SCONJ,"J,-------------",mark,,,,,-0.1044809364611853,O
náš,DET,PSYS1-P1-------,det,Nom,Masc,Sing,,-0.2454197783833988,O
řidič,NOUN,NNMS1-----A----,nsubj,Nom,Masc,Sing,Anim,-0.313855868942154,O
je,AUX,VB-S---3P-AAI--,ccomp,,,Sing,,-0.2816333928774224,O
již,ADV,Db-------------,advmod,,,,,-0.2966476829021663,O
v,ADP,RR--6----------,case,Loc,,,,-0.289536023407005,O
restauraci,NOUN,NNFS6-----A----,obl,Loc,Fem,Sing,,-0.0098149640785686,O
.,PUNCT,Z:-------------,punct,,,,,0.127220416988238,O
Prosím,VERB,VB-S---1P-AAI--,root,,,Sing,,0.6004163043531872,O
",",PUNCT,Z:-------------,punct,,,,,0.3173184370977276,O
vydržte,VERB,Vi-P---2--A-P--,conj,,,Plur,,0.4167859971145815,O
se,ADP,RV--7----------,case,Ins,,,,0.345909937757115,O
mnou,PRON,PP-S7--1-------,obl:arg,Ins,,Sing,,-0.2744041925267355,O
chvilku,NOUN,NNFS4-----A----,obl,Acc,Fem,Sing,,0.2586691616660257,O
Mytí,NOUN,NNNS1-----A----,root,Nom,Neut,Sing,,-0.1123678682073773,O
nádobí,NOUN,NNNS2-----A----,nmod,Gen,Neut,Sing,,0.2835433851902084,O
.,PUNCT,Z:-------------,punct,,,,,0.840490621349186,O
To,DET,PDNS1----------,discourse,Nom,Neut,Sing,,0.9342625210088604,O
nemohli,VERB,VpMP----R-NAI--,root,,Masc,Plur,Anim,0.0203455947733158,O
něco,PRON,PK--4----------,obj,Acc,,,Inan,0.1638558741174602,O
podobného,ADJ,AANS2----1A----,amod,Gen,Neut,Sing,,0.1595259910676576,O
udělat,VERB,Vf--------A-P--,xcomp,,,,,0.1907229543296396,O
v,ADP,RR--6----------,case,Loc,,,,-0.0553705383493115,O
TNG,NOUN,BNXXX-----A----,obl,,,,,-0.0608784577044563,B-gc
?,PUNCT,Z:-------------,punct,,,,,0.0200550163207205,O
Podle,ADP,RR--2----------,case,Gen,,,,-0.2421390829957377,O
nejhoršího“,ADJ,AAIS2----3A----,amod,Gen,Masc,Sing,Inan,0.2552919405850783,O
scénáře,NOUN,NNIS2-----A----,obl,Gen,Masc,Sing,Inan,0.0269787693259773,O
britské,ADJ,AAFS2----1A----,amod,Gen,Fem,Sing,,-0.0836327811236567,O
vlády,NOUN,NNFS2-----A----,nmod,Gen,Fem,Sing,,-0.0164145645237456,O
by,AUX,Vc----------I--,aux,,,,,-0.0242652322015766,O
mohl,VERB,VpYS----R-AAI--,root,,Masc,Sing,,-0.0111133323478001,O
být,AUX,Vf--------A-I--,aux:pass,,,,,-0.022916020649772,O
tok,NOUN,NNIS1-----A----,nsubj,Nom,Masc,Sing,Inan,-0.1024462368335042,O
zboží,NOUN,NNNS2-----A----,nmod,Gen,Neut,Sing,,-0.0259720635913352,O
v,ADP,RR--4----------,case,Acc,,,,-0.0649639631272404,O
den,NOUN,NNIS4-----A----,obl,Acc,Masc,Sing,Inan,-0.0702536458078878,O
D,NOUN,Q3-------------,nmod,,,,,-0.000537823393108,O
Brexitu,PROPN,NNIS2-----A----,nmod,Gen,Masc,Sing,Inan,0.071837308408546,O
bez,ADP,RR--2----------,case,Gen,,,,0.1331906190517061,O
dohody,NOUN,NNFS2-----A----,obl,Gen,Fem,Sing,,0.0114464596208428,O
snížen,ADJ,VsYS----X-APP--,ccomp,,Masc,Sing,,0.0525568005027564,O
o,ADP,RR--4----------,case,Acc,,,,0.0095030444559773,O
polovinu,NOUN,NNFS4-----A----,obl,Acc,Fem,Sing,,-0.051301512675831,O
a,CCONJ,J^-------------,cc,,,,,-0.0962923749233452,O
návrat,NOUN,NNIS1-----A----,nsubj,Nom,Masc,Sing,Inan,-0.0908429523152327,O
do,ADP,RR--2----------,case,Gen,,,,-0.0050946738526284,O
normálu,NOUN,NNIS2-----A----,nmod,Gen,Masc,Sing,Inan,0.1624171134430111,O
by,AUX,Vc----------I--,aux,,,,,0.0550382495543772,O
mohl,VERB,VpYS----R-AAI--,conj,,Masc,Sing,,0.1097995165680742,O
trvat,VERB,Vf--------A-I--,xcomp,,,,,0.0651028048484746,O
celý,ADJ,AAIS4----1A----,amod,Acc,Masc,Sing,Inan,0.0149263157644485,O
rok,NOUN,NNIS4-----A----,obl,Acc,Masc,Sing,Inan,-0.0046272290519628,O
.,PUNCT,Z:-------------,punct,,,,,-0.0432377980848572,O
Podle,ADP,RR--2----------,case,Gen,,,,-0.0255088079914823,O
tohoto,DET,PDZS2----------,det,Gen,"Masc,Neut",Sing,,0.0584330423659649,O
scénáře,NOUN,NNIS2-----A----,obl,Gen,Masc,Sing,Inan,0.0312744883215833,O
je,AUX,VB-S---3P-AAI--,root,,,Sing,,0.170181853015414,O
velice,ADV,Db-------------,advmod,,,,,0.1392711832725726,O
málo“,ADV,Ca--1----------,nsubj,,,,,-0.011219509919413,O
času,NOUN,NNIS2-----A----,nmod,Gen,Masc,Sing,Inan,-0.1144135547818547,O
",",PUNCT,Z:-------------,punct,,,,,0.3561636306237485,O
pokud,SCONJ,"J,-------------",mark,,,,,0.0938751166155644,O
mají,VERB,VB-P---3P-AAI--,advcl,,,Plur,,0.0615710027496502,O
být,AUX,Vf--------A-I--,aux:pass,,,,,0.167145103336773,O
problémy,NOUN,NNIP1-----A----,nsubj,Nom,Masc,Plur,Inan,0.1435160539087892,O
s,ADP,RR--7----------,case,Ins,,,,0.0675054681341081,O
přepravou,NOUN,NNFS7-----A----,nmod,Ins,Fem,Sing,,0.2388315114873155,O
vyřešeny,ADJ,VsTP----X-APP--,ccomp,,"Fem,Masc",Plur,Inan,0.0099341185464132,O
do,ADP,RR--2----------,case,Gen,,,,0.0405970609443805,O
konce,NOUN,NNIS2-----A----,obl,Gen,Masc,Sing,Inan,0.0602359232059428,O
října,NOUN,NNIS2-----A----,nmod,Gen,Masc,Sing,Inan,-0.0496713007355472,B-tm
.,PUNCT,Z:-------------,punct,,,,,0.1493956860996043,O
Chrám,NOUN,NNIS1-----A----,nsubj,Nom,Masc,Sing,Inan,0.0359528887540824,O
bude,AUX,VB-S---3F-AAI--,aux,,,Sing,,0.0235180707279772,O
sloužit,VERB,Vf--------A-I--,root,,,,,0.2689300942883718,O
jako,SCONJ,"J,-------------",mark,,,,,0.3224174511569863,O
trvalé,ADJ,AANS1----1A----,amod,Nom,Neut,Sing,,0.0282636688372447,O
a,CCONJ,J^-------------,cc,,,,,0.0818668321689357,O
nesmrtelné,ADJ,AANS1----1N----,conj,Nom,Neut,Sing,,0.0467980895506028,O
zářící,ADJ,AGNS1-----A----,amod,Nom,Neut,Sing,,0.2095973406410087,O
centrum,NOUN,NNNS1-----A----,xcomp,Nom,Neut,Sing,,-0.0213362526069134,O
společenské,ADJ,AAFS2----1A----,amod,Gen,Fem,Sing,,0.2211310110506361,O
harmonie,NOUN,NNFS2-----A----,nmod,Gen,Fem,Sing,,-0.0178134915477776,O
",",PUNCT,Z:-------------,punct,,,,,0.1262439691298378,O
národní,ADJ,AAFS2----1A----,amod,Gen,Fem,Sing,,-0.2178701709044705,O
jednoty,NOUN,NNFS2-----A----,conj,Gen,Fem,Sing,,0.1098902615503855,O
a,CCONJ,J^-------------,cc,,,,,0.0928088395340948,O
integrace,NOUN,NNFS2-----A----,conj,Gen,Fem,Sing,,0.1376268721287792,O
a,CCONJ,J^-------------,cc,,,,,0.116763056451256,O
uvědomění,NOUN,NNNS2-----A----,conj,Gen,Neut,Sing,,0.0527138871315928,O
si,PRON,P7--3----------,nmod,Dat,,,,-0.1288279363903658,O
pocitu,NOUN,NNIS2-----A----,nmod,Gen,Masc,Sing,Inan,0.0519655205364866,O
hindutvy“,NOUN,NNFP2-----A----,nmod,Gen,Fem,Plur,,0.2174831412118539,O
",",PUNCT,Z:-------------,punct,,,,,0.1069237979058936,O
čili,CCONJ,J^-------------,cc,,,,,-0.0409134679207043,O
hinduistického,ADJ,AAIS2----1A----,amod,Gen,Masc,Sing,Inan,0.3731539383447195,O
stylu,NOUN,NNIS2-----A----,appos,Gen,Masc,Sing,Inan,-0.0581077370250352,O
života,NOUN,NNIS2-----A----,nmod,Gen,Masc,Sing,Inan,0.080019404111383,O
",",PUNCT,Z:-------------,punct,,,,,-0.032708280948881,O
jak,ADV,Db-------------,advmod,,,,,0.0859151131628579,O
říká,VERB,VB-S---3P-AAI--,parataxis,,,Sing,,-0.0371922924633716,O
mluvčí,NOUN,NNMS1-----A----,nsubj,Nom,Masc,Sing,Anim,-0.0244497196333687,O
organizace,NOUN,NNFS2-----A----,nmod,Gen,Fem,Sing,,-0.0098701751937766,O
Vinod,PROPN,NNMS1-----A----,flat,Nom,Masc,Sing,Anim,0.1363502223055738,B-P|B-pf
Bansal,PROPN,NNMS1-----A----,flat,Nom,Masc,Sing,Anim,0.0452704412844304,I-P|B-ps
v,ADP,RR--6----------,case,Loc,,,,0.1447687883760265,O
sobotní,ADJ,AAFS6----1A----,amod,Loc,Fem,Sing,,0.2699018760572968,O
tiskové,ADJ,AAFS6----1A----,amod,Loc,Fem,Sing,,0.0036425947245935,O
zprávě,NOUN,NNFS6-----A----,obl,Loc,Fem,Sing,,0.0801388677151357,O
.,PUNCT,Z:-------------,punct,,,,,-0.0784499992586478,O
Bohužel,PART,TT-------------,advmod,,,,,0.0636396587755976,O
nepřijímáme,VERB,VB-P---1P-NAI--,root,,,Plur,,0.2735885028528108,O
kreditní,ADJ,AAFP4----1A----,amod,Acc,Fem,Plur,,0.2878720096883691,O
a,CCONJ,J^-------------,cc,,,,,-0.1565695347294363,O
platební,ADJ,AAFP4----1A----,conj,Acc,Fem,Plur,,0.1129337900638857,O
karty,NOUN,NNFP4-----A----,obj,Acc,Fem,Plur,,-0.0258657355071608,O
",",PUNCT,Z:-------------,punct,,,,,-0.2943376314536546,O
ale,CCONJ,J^-------------,cc,,,,,-0.0492222670424397,O
můžete,VERB,VB-P---2P-AAI--,conj,,,Plur,,-0.6131730854507499,O
s,ADP,RR--7----------,case,Ins,,,,-0.1297137524122185,O
nimi,PRON,PEXP7--3------1,obl,Ins,,Plur,,0.0657273788773638,O
platit,VERB,Vf--------A-I--,xcomp,,,,,-0.0890774764025303,O
přes,ADP,RR--4----------,case,Acc,,,,-0.2003004723835577,O
Paypal,PROPN,NNIS4-----A----,obl,Acc,Masc,Sing,Inan,-0.0212200023930457,B-op
.,PUNCT,Z:-------------,punct,,,,,0.4459051669820417,O
David,PROPN,NNMS1-----A----,nsubj,Nom,Masc,Sing,Anim,-0.19728213422241,B-P|B-pf
Beasley,PROPN,NNMS1-----A----,flat,Nom,Masc,Sing,Anim,0.3467029041779159,I-P|B-ps
",",PUNCT,Z:-------------,punct,,,,,0.0964949311780557,O
výkonný,ADJ,AAMS1----1A----,amod,Nom,Masc,Sing,Anim,0.0217064967807766,O
ředitel,NOUN,NNMS1-----A----,appos,Nom,Masc,Sing,Anim,0.1153545300039295,O
organizace,NOUN,NNFS2-----A----,nmod,Gen,Fem,Sing,,0.0854673596990344,O
",",PUNCT,Z:-------------,punct,,,,,0.3254811492627287,O
prohlásil,VERB,VpYS----R-AAP--,root,,Masc,Sing,,0.0932561573928911,O
",",PUNCT,Z:-------------,punct,,,,,0.2506821204249816,O
že,SCONJ,"J,-------------",mark,,,,,0.0023330018360915,O
dotace,NOUN,NNFP1-----A----,nsubj,Nom,Fem,Plur,,0.2536365143189884,O
pomohou,VERB,VB-P---3P-AAP-1,ccomp,,,Plur,,0.003244234198887,O
zachránit,VERB,Vf--------A-P--,xcomp,,,,,-0.0694201093207497,O
spoustu,NOUN,NNFS4-----A----,obj,Acc,Fem,Sing,,-0.1710662814662882,O
životů,NOUN,NNIP2-----A----,nmod,Gen,Masc,Plur,Inan,0.089969535367542,O
.,PUNCT,Z:-------------,punct,,,,,0.4015807963329198,O
“,PUNCT,Z:-------------,root,,,,,0.476324454781904,O
To,DET,PDNS1----------,nsubj,Nom,Neut,Sing,,-0.3307637432493537,O
také,ADV,Db-------------,advmod,,,,,0.1492864764600553,O
vytváří,VERB,VB-S---3P-AAI--,root,,,Sing,,0.0500759429321709,O
příšernou,ADJ,AAFS4----1A----,amod,Acc,Fem,Sing,,0.0313194842250407,O
uživatelskou,ADJ,AAFS4----1A----,amod,Acc,Fem,Sing,,-0.0033009541803897,O
zkušenost,NOUN,NNFS4-----A----,obj,Acc,Fem,Sing,,-0.211844781618568,O
.,PUNCT,Z:-------------,punct,,,,,0.5689547682947501,O
V,ADP,RR--6----------,case,Loc,,,,-0.3545670143752693,O
případě,NOUN,NNIS6-----A----,fixed,Loc,Masc,Sing,Inan,0.1176233562446251,O
vrácení,NOUN,NNNS2-----A----,obl,Gen,Neut,Sing,,-0.0527976689010406,O
zboží,NOUN,NNNS2-----A----,nmod,Gen,Neut,Sing,,-0.3261366214340325,O
nám,PRON,PP-P3--1-------,obl:arg,Dat,,Plur,,-0.0178795706343445,O
prosím,VERB,VB-S---1P-AAI--,parataxis,,,Sing,,-0.3119288833801606,O
zašlete,VERB,VB-P---2P-AAP--,root,,,Plur,,-0.0183660716044612,O
zprávu,NOUN,NNFS4-----A----,obj,Acc,Fem,Sing,,0.0145663280222267,O
přes,ADP,RR--4----------,case,Acc,,,,-0.1617069842099927,O
eBay,NOUN,NNXXX-----A----,obl,,Neut,,,0.3639246810370058,O
.,PUNCT,Z:-------------,punct,,,,,0.3436539260578603,O
Vaši,DET,PSFS4-P2-------,det,Acc,Fem,Sing,,0.4161329377347801,O
objednávku,NOUN,NNFS4-----A----,obj,Acc,Fem,Sing,,-0.0702663276178423,O
dodá,VERB,VB-S---3P-AAP--,root,,,Sing,,0.2650351052964793,O
FedEx,PROPN,NNIS1-----A----,nsubj,Nom,Masc,Sing,Inan,0.2163139436228797,B-if
během,ADP,RR--2----------,case,Gen,,,,0.2172087244604312,O
několika,DET,Ca--2----------,det:nummod,Gen,,,,-0.0336649284045855,O
dní,NOUN,NNIP2-----A---1,obl,Gen,Masc,Plur,Inan,-0.3448238582635369,O
.,PUNCT,Z:-------------,punct,,,,,-0.593329809686607,O
Washington,PROPN,NNIS1-----A----,nsubj,Nom,Masc,Sing,Inan,0.0137460870584352,B-gu
nařídil,VERB,VpYS----R-AAP--,root,,Masc,Sing,,0.1964084771734976,O
Číně,PROPN,NNFS3-----A----,obl:arg,Dat,Fem,Sing,,-0.0974211843767274,B-gc
uzavřít,VERB,Vf--------A-P--,xcomp,,,,,-0.0047951666259917,O
houstonskou,ADJ,AAFS4----1A----,amod,Acc,Fem,Sing,,0.0870996790029863,O
kancelář,NOUN,NNFS4-----A----,obj,Acc,Fem,Sing,,-0.0217507247733875,O
z,ADP,RR--2----------,case,Gen,,,,-0.1069407184265618,O
důvodů,NOUN,NNIP2-----A----,obl,Gen,Masc,Plur,Inan,-0.1971627865254432,O
ochrany,NOUN,NNFS2-----A----,nmod,Gen,Fem,Sing,,0.0614184467295881,O
amerického,ADJ,AANS2----1A----,amod,Gen,Neut,Sing,,0.0852458924366706,O
duševního,ADJ,AANS2----1A----,amod,Gen,Neut,Sing,,0.1881529303104661,O
vlastnictví,NOUN,NNNS2-----A----,nmod,Gen,Neut,Sing,,-0.1109027565167115,O
a,CCONJ,J^-------------,cc,,,,,-0.0517173489822764,O
soukromých,ADJ,AAIP2----1A----,amod,Gen,Masc,Plur,Inan,0.2250034665099314,O
údajů,NOUN,NNIP2-----A----,conj,Gen,Masc,Plur,Inan,-0.0413830010130232,O
Američanů“,PROPN,NNMP2-----A----,nmod,Gen,Masc,Plur,Anim,0.3200487789114009,B-pc
.,PUNCT,Z:-------------,punct,,,,,-0.071143114106327,O
Obsahuje,VERB,VB-S---3P-AAI--,root,,,Sing,,-0.1209806530162033,O
zesilovače,NOUN,NNIP4-----A----,obj,Acc,Masc,Plur,Inan,0.3088460881723203,O
pro,ADP,RR--4----------,case,Acc,,,,-0.7740158834485429,O
funkci,NOUN,NNFS4-----A----,nmod,Acc,Fem,Sing,,-0.2371309067947146,O
reproduktorů,NOUN,NNIP2-----A----,nmod,Gen,Masc,Plur,Inan,0.1377635227398799,O
.,PUNCT,Z:-------------,punct,,,,,-0.1582151637894767,O
Cassidy,PROPN,NNFXX-----A----,nsubj,,Fem,,,-0.0377538024791363,B-pf
svědčila,VERB,VpQW----R-AAI--,root,,"Fem,Neut","Plur,Sing",,-0.0306603511972098,O
u,ADP,RR--2----------,case,Gen,,,,0.0115116844643892,O
soudu,NOUN,NNIS2-----A----,obl,Gen,Masc,Sing,Inan,0.0727858138747253,O
a,CCONJ,J^-------------,cc,,,,,-0.0062184411068236,O
byla,AUX,VpQW----R-AAI--,aux:pass,,"Fem,Neut","Plur,Sing",,-0.0035546814469622,O
obklopena,ADJ,VsQW----X-APP--,conj,,"Fem,Neut","Plur,Sing",,0.0424669071147342,O
členy,NOUN,NNMP7-----A----,obl:arg,Ins,Masc,Plur,Anim,0.0129986546827826,O
své,DET,P8FS2---------1,det,Gen,Fem,Sing,,-0.0471795975318338,O
rodiny,NOUN,NNFS2-----A----,nmod,Gen,Fem,Sing,,0.0172254502553128,O
.,PUNCT,Z:-------------,punct,,,,,0.0957288175417091,O
Podle,ADP,RR--2----------,case,Gen,,,,0.0656953459955531,O
KPRC,NOUN,BNXXX-----A----,obl,,,,,0.1401289857984478,B-ps
to,DET,PDNS1----------,nsubj,Nom,Neut,Sing,,-0.0413373596893205,O
vypadalo,VERB,VpNS----R-AAI--,root,,Neut,Sing,,0.0424137700800999,O
",",PUNCT,Z:-------------,punct,,,,,0.1578640957812707,O
že,SCONJ,"J,-------------",mark,,,,,0.0975621434021832,O
se,PRON,P7-X4----------,expl:pv,Acc,,,,0.0066476209087479,O
před,ADP,RR--7----------,case,Ins,,,,-0.0952985133167435,O
vynesením,NOUN,NNNS7-----A----,obl,Ins,Neut,Sing,,0.0750221940350958,O
čtvrtečního,ADJ,AAIS2----1A----,amod,Gen,Masc,Sing,Inan,0.1523322574544681,O
rozsudku,NOUN,NNIS2-----A----,nmod,Gen,Masc,Sing,Inan,0.0431275870522183,O
modlí,VERB,VB-S---3P-AAI--,ccomp,,,Sing,,0.0822715660687582,O
.,PUNCT,Z:-------------,punct,,,,,-0.0369021159526179,O
Zřejmě,ADV,Dg-------1A----,advmod,,,,,0.0284220267991296,O
bylo,AUX,VpNS----R-AAI--,aux:pass,,Neut,Sing,,0.1931952786182054,O
přerušeno,ADJ,VsNS----X-APP--,root,,Neut,Sing,,0.0574253774332466,O
spojení,NOUN,NNNS1-----A----,nsubj:pass,Nom,Neut,Sing,,0.0534294729124502,O
.,PUNCT,Z:-------------,punct,,,,,0.3091276427487305,O
Pan,NOUN,NNMS1-----A----,nsubj,Nom,Masc,Sing,Anim,-0.5258313683826286,O
Bhattacharya,PROPN,NNMS1-----A----,flat,Nom,Masc,Sing,Anim,0.0245608836032267,B-ps
řekl,VERB,VpYS----R-AAP--,root,,Masc,Sing,,-0.3021921784695347,O
",",PUNCT,Z:-------------,punct,,,,,0.1304257287203052,O
že,SCONJ,"J,-------------",mark,,,,,-0.3426279607435782,O
agitace,NOUN,NNFS1-----A----,nsubj,Nom,Fem,Sing,,0.0063172079186817,O
proti,ADP,RR--3----------,case,Dat,,,,0.0177014689218239,O
CAA,NOUN,BNXXX-----A----,nmod,,,,,-0.100495455519545,B-io
bude,AUX,VB-S---3F-AAI--,ccomp,,,Sing,,0.0968665279745045,O
opět,ADV,Db-------------,advmod,,,,,-0.2065868024121354,O
na,ADP,RR--6----------,case,Loc,,,,-0.0619980684572696,O
celém,ADJ,AAIS6----1A----,amod,Loc,Masc,Sing,Inan,0.2673255525418828,O
severovýchodě,NOUN,NNIS6-----A----,obl,Loc,Masc,Sing,Inan,0.0242710585202424,O
jako,SCONJ,"J,-------------",mark,,,,,-0.204475455159471,O
v,ADP,RR--6----------,case,Loc,,,,0.0714508212969032,O
roce,NOUN,NNIS6-----A---1,dep,Loc,Masc,Sing,Inan,-0.0813041361094234,O
2019,NUM,C=-------------,nummod,,,,,0.380893110239845,B-ty
.,PUNCT,Z:-------------,punct,,,,,0.2295101180197368,O
Kampaň,NOUN,NNFS1-----A----,nsubj,Nom,Fem,Sing,,0.194070310152096,O
také,ADV,Db-------------,advmod,,,,,-0.1774110311594278,O
dluží,VERB,VB-S---3P-AAI--,root,,,Sing,,0.2615923148073296,O
jednorázový,ADJ,AAIS4----1A----,amod,Acc,Masc,Sing,Inan,0.2381190166930168,O
poplatek,NOUN,NNIS4-----A----,obj,Acc,Masc,Sing,Inan,0.2513076988839768,O
za,ADP,RR--4----------,case,Acc,,,,0.2517174560533802,O
prodlení,NOUN,NNNS4-----A----,nmod,Acc,Neut,Sing,,0.1948796160873815,O
s,ADP,RR--7----------,case,Ins,,,,0.0656804936051845,O
platbou,NOUN,NNFS7-----A----,nmod,Ins,Fem,Sing,,0.1692406488384696,O
.,PUNCT,Z:-------------,punct,,,,,0.5094558826525449,O
Jak,ADV,Db-------------,advmod,,,,,0.4367860974122389,O
dlouho,ADV,Dg-------1A----,advmod,,,,,-0.1069408360326149,O
trvá,VERB,VB-S---3P-AAI--,root,,,Sing,,0.1471173088605277,O
než,SCONJ,"J,-------------",mark,,,,,0.2818555080367327,O
malware,NOUN,NNIS1-----A----,nsubj,Nom,Masc,Sing,Inan,-0.3380302732743429,O
nakazí,VERB,VB-S---3P-AAP--,csubj,,,Sing,,0.5155092485853612,O
váš,DET,PSIS4-P2-------,det,Acc,Masc,Sing,Inan,0.2999045771598482,O
úplně,ADV,Dg-------1A----,advmod,,,,,0.0813368112311846,O
nový,ADJ,AAIS4----1A----,amod,Acc,Masc,Sing,Inan,0.0566047045309266,O
počítač,NOUN,NNIS4-----A----,obj,Acc,Masc,Sing,Inan,-0.0007795568753947,O
?,PUNCT,Z:-------------,punct,,,,,0.0834452536683125,O
Tato,DET,PDFS1----------,det,Nom,Fem,Sing,,0.8834148316775645,O
studie,NOUN,NNFS1-----A----,nsubj,Nom,Fem,Sing,,0.0356604025796613,O
vytvořila,VERB,VpQW----R-AAP--,root,,"Fem,Neut","Plur,Sing",,0.0143978605031634,O
obecnější,ADJ,AAIS4----2A----,amod,Acc,Masc,Sing,Inan,-0.0152068391914179,O
rámec,NOUN,NNIS4-----A----,obj,Acc,Masc,Sing,Inan,0.015825274876396,O
než,SCONJ,"J,-------------",mark,,,,,-0.0112164477934746,O
klasický,ADJ,AAIS1----1A----,amod,Nom,Masc,Sing,Inan,-0.0367577968174092,O
Caspar-Klugův,ADJ,AUIS1M---------,conj,Nom,Masc,Sing,Inan,-0.0038645028238604,B-ps
koncept,NOUN,NNIS1-----A----,advcl,Nom,Masc,Sing,Inan,-0.0374017871035746,O
.,PUNCT,Z:-------------,punct,,,,,0.0778832374788882,O
Je,AUX,VB-S---3P-AAI--,cop,,,Sing,,-0.0134831695949522,O
založena,ADJ,VsQW----X-APP--,ccomp,,"Fem,Neut","Plur,Sing",,0.0108074918393235,O
na,ADP,RR--6----------,case,Loc,,,,0.0702797126839598,O
udržitelnosti,NOUN,NNFS6-----A----,obl:arg,Loc,Fem,Sing,,0.0699599974983651,O
lokálních,ADJ,AAIP2----1A----,amod,Gen,Masc,Plur,Inan,0.0381031693660614,O
vrcholových,ADJ,AAIP2----1A----,amod,Gen,Masc,Plur,Inan,-0.0059066126733673,O
bodů,NOUN,NNIP2-----A----,nmod,Gen,Masc,Plur,Inan,-0.0282118898552829,O
tvořených,ADJ,AAIP2----1A----,amod,Gen,Masc,Plur,Inan,0.0088853097537844,O
proteiny,NOUN,NNIP7-----A----,obl:arg,Ins,Masc,Plur,Inan,0.0178520652214329,O
",",PUNCT,Z:-------------,punct,,,,,0.0929929771031224,O
které,DET,P4IP1----------,nsubj,Nom,Masc,Plur,Inan,-0.0107263640458042,O
na,ADP,RR--4----------,case,Acc,,,,-0.0081442038319828,O
sebe,PRON,P6--4----------,obl:arg,Acc,,,,0.0255038126440832,O
vzájemně,ADV,Dg-------1A----,advmod,,,,,-0.0271950970248231,O
působí,VERB,VB-P---3P-AAI--,acl:relcl,,,Plur,,-0.0725245168307969,O
v,ADP,RR--6----------,case,Loc,,,,0.0189134536957005,O
kapsidě,NOUN,NNFS6-----A----,obl,Loc,Fem,Sing,,0.0081329295950299,O
",",PUNCT,Z:-------------,punct,,,,,0.0705092358466205,O
“,PUNCT,Z:-------------,punct,,,,,-0.0669404198645341,O
vysvětlil,VERB,VpYS----R-AAP--,root,,Masc,Sing,,0.0874475694578225,O
Luque,PROPN,NNMS1-----A----,nsubj,Nom,Masc,Sing,Anim,0.0084017851269674,B-ps
.,PUNCT,Z:-------------,punct,,,,,0.0494601595357594,O
Nový,ADJ,AAIS1----1A----,amod,Nom,Masc,Sing,Inan,0.0166962926987119,O
přístup,NOUN,NNIS1-----A----,nsubj,Nom,Masc,Sing,Inan,-0.0271750714767057,O
vedl,VERB,VpYS----R-AAI--,root,,Masc,Sing,,0.0541914014469615,O
k,ADP,RR--3----------,case,Dat,,,,0.0176068400383604,O
objevu,NOUN,NNIS3-----A----,obl,Dat,Masc,Sing,Inan,0.0371633249706673,O
šesti,NUM,Cl-P2----------,nummod,Gen,,Plur,,-0.0044399965134627,O
nových,ADJ,AAIP2----1A----,amod,Gen,Masc,Plur,Inan,-3.104311512597586,O
typů,NOUN,NNIP2-----A----,nmod,Gen,Masc,Plur,Inan,0.0247317066500717,O
dispozic,NOUN,NNFP2-----A----,nmod,Gen,Fem,Plur,,0.0013886097365172,O
ikosahedrálních,ADJ,AAFP2----1A----,amod,Gen,Fem,Plur,,0.0254468566724144,O
kapsid,NOUN,NNFP2-----A----,nmod,Gen,Fem,Plur,,0.0305927156074242,O
",",PUNCT,Z:-------------,punct,,,,,0.0751151303613085,O
přičemž,ADV,Db-------------,advmod,,,,,-0.0118769014231281,O
byly,AUX,VpTP----R-AAI--,aux:pass,,"Fem,Masc",Plur,Inan,-0.0061061969393179,O
nahrazeny,ADJ,VsTP----X-APP--,conj,,"Fem,Masc",Plur,Inan,0.0394437190988272,O
dvě,NUM,CnHP1----------,nsubj:pass,Nom,"Fem,Neut",Plur,,0.0069981961625492,O
z,ADP,RR--2----------,case,Gen,,,,0.049422839439564,O
původních,ADJ,AAFP2----1A----,amod,Gen,Fem,Plur,,0.0411826822309249,O
dispozic,NOUN,NNFP2-----A----,nmod,Gen,Fem,Plur,,0.0057356697432453,O
Caspar-Klugova,ADJ,AUNS2M---------,conj,Gen,Neut,Sing,,0.0337171712388298,B-ps
pojetí,NOUN,NNNS2-----A----,nmod,Gen,Neut,Sing,,0.0567471566580816,O
na,ADP,RR--6----------,case,Loc,,,,0.0563413969616104,O
základě,NOUN,NNIS6-----A----,fixed,Loc,Masc,Sing,Inan,-0.0362186055133084,O
Goldberga,PROPN,NNMS2-----A----,nmod,Gen,Masc,Sing,Anim,0.0545768275828278,B-ps
a,CCONJ,J^-------------,cc,,,,,0.0362591025545307,O
geodesických,ADJ,AAIP2----1A----,amod,Gen,Masc,Plur,Inan,0.1121971234266137,O
polyhedronů,NOUN,NNIP2-----A----,conj,Gen,Masc,Plur,Inan,0.0460045353349105,O
.,PUNCT,Z:-------------,punct,,,,,-0.0396633035811333,O
“,PUNCT,Z:-------------,punct,,,,,-0.1449325478812716,O
Test,NOUN,NNIS1-----A----,nsubj,Nom,Masc,Sing,Inan,-0.1264307879122289,O
molekulární,ADJ,AAFS2----1A----,amod,Gen,Fem,Sing,,0.1129008482429285,O
diagnostiky,NOUN,NNFS2-----A----,nmod,Gen,Fem,Sing,,-0.1117081359330192,O
umí,VERB,VB-S---3P-AAI--,root,,,Sing,,0.1981655750713476,O
odhalit,VERB,Vf--------A-P--,xcomp,,,,,0.224921456815453,O
variantu,NOUN,NNFS4-----A----,obj,Acc,Fem,Sing,,-0.0101120462571918,O
Omikron,PROPN,NNIS1-----A----,nmod,Nom,Masc,Sing,Inan,0.0480781199832004,B-o_
během,ADP,RR--2----------,case,Gen,,,,0.7211334501378316,O
20,NUM,C=-------------,nummod,,,,,0.0001321584504021,B-nc
minut,NOUN,NNFP2-----A----,obl,Gen,Fem,Plur,,0.0246471300907442,O
:,PUNCT,Z:-------------,punct,,,,,-0.0375501271965776,O
Report,NOUN,NNIS1-----A----,conj,Nom,Masc,Sing,Inan,-0.1498433428227423,O
Pokud,SCONJ,"J,-------------",mark,,,,,-0.2923602706195422,O
nereklamujete,VERB,VB-P---2P-NAI--,advcl,,,Plur,,0.0844709445201834,O
práci,NOUN,NNFS4-----A----,obj,Acc,Fem,Sing,,0.0012557693826484,O
jako,SCONJ,"J,-------------",mark,,,,,0.0626700238976597,O
práci,NOUN,NNFS4-----A----,xcomp,Acc,Fem,Sing,,-0.011701879836468,O
do,ADP,RR--2----------,case,Gen,,,,-0.004993950002875,O
zavíračky,NOUN,NNFS2-----A----,nmod,Gen,Fem,Sing,,0.0489570454180733,O
dlouho,ADV,Dg-------1A----,advmod,,,,,0.0618617218225144,O
do,ADP,RR--2----------,case,Gen,,,,-0.032367262643404,O
noci,NOUN,NNFS2-----A----,obl,Gen,Fem,Sing,,0.0333587942247538,O
",",PUNCT,Z:-------------,punct,,,,,0.2745256944101214,O
očekávejte,VERB,Vi-P---2--A-I--,root,,,Plur,,0.1033565633747434,O
",",PUNCT,Z:-------------,punct,,,,,0.2210108220426178,O
že,SCONJ,"J,-------------",mark,,,,,0.0975049472550687,O
ztratíte,VERB,VB-P---2P-AAP--,ccomp,,,Plur,,0.0854327924290888,O
pracovníky,NOUN,NNMP4-----A----,obj,Acc,Masc,Plur,Anim,0.0788008741324604,O
",",PUNCT,Z:-------------,punct,,,,,0.2026916422764243,O
pokud,SCONJ,"J,-------------",mark,,,,,0.0671147244353957,O
je,PRON,PEXP4--3-------,obj,Acc,,Plur,,-0.0519059602265689,O
tím,DET,PDZS7----------,obl,Ins,"Masc,Neut",Sing,,0.0466235050700088,O
zasáhnete,VERB,VB-P---2P-AAP--,advcl,,,Plur,,0.0431273503585942,O
příliš,ADV,Db-------------,advmod,,,,,0.2128979553606658,O
brzy,ADV,Dg-------1A----,advmod,,,,,0.0170284032786577,O
.,PUNCT,Z:-------------,punct,,,,,0.3274515544900141,O
Společnost,NOUN,NNFS1-----A----,nsubj,Nom,Fem,Sing,,0.0034487195989047,O
VVI,NOUN,BNXXX-----A----,nmod,,,,,0.0113518763841518,B-if
Medical,X,F%-------------,nmod,,,,,-0.0385195439478941,I-if
chápe,VERB,VB-S---3P-AAI--,root,,,Sing,,-0.0133027961617296,O
",",PUNCT,Z:-------------,punct,,,,,0.1420295005531587,O
že,SCONJ,"J,-------------",mark,,,,,-0.1484432482609076,O
mnoho,DET,Ca--1----------,det:numgov,Nom,,,,-0.0623579335277851,O
jedinců,NOUN,NNMP2-----A----,nsubj,Gen,Masc,Plur,Anim,0.0948298568673971,O
chce,VERB,VB-S---3P-AAI--,ccomp,,,Sing,,0.0135702969314689,O
udržet,VERB,Vf--------A-P--,xcomp,,,,,0.0540921078819305,O
svůj,DET,P8IS4----------,det,Acc,Masc,Sing,Inan,-0.0349353087097249,O
sexuální,ADJ,AAIS4----1A----,amod,Acc,Masc,Sing,Inan,0.0727063521544474,O
život,NOUN,NNIS4-----A----,obj,Acc,Masc,Sing,Inan,0.1425885731797203,O
v,ADP,RR--6----------,case,Loc,,,,-0.0509468181200316,O
soukromí,NOUN,NNNS6-----A----,obl,Loc,Neut,Sing,,0.0151680617961836,O
",",PUNCT,Z:-------------,punct,,,,,0.048153754254157,O
a,CCONJ,J^-------------,cc,,,,,0.0875776130647581,O
proto,CCONJ,J^-------------,cc,,,,,-0.1266750227943794,O
při,ADP,RR--6----------,case,Loc,,,,-0.0952844108302529,O
dodávce,NOUN,NNFS6-----A----,obl,Loc,Fem,Sing,,-0.0017923641423577,O
tohoto,DET,PDZS2----------,det,Gen,"Masc,Neut",Sing,,0.0292245808683952,O
produktu,NOUN,NNIS2-----A----,nmod,Gen,Masc,Sing,Inan,0.0365136298450157,O
zachováváme,VERB,VB-P---1P-AAI--,conj,,,Plur,,0.0880511485302464,O
maximální,ADJ,AAFS4----1A----,amod,Acc,Fem,Sing,,-0.0765383656975689,O
diskrétnost,NOUN,NNFS4-----A----,obj,Acc,Fem,Sing,,0.1224118146326735,O
.,PUNCT,Z:-------------,punct,,,,,-0.5068463748143326,O
František,PROPN,NNMS1-----A----,nsubj,Nom,Masc,Sing,Anim,0.0627754810995248,B-pf
měl,VERB,VpYS----R-AAI--,root,,Masc,Sing,,0.0604112744159096,O
proslov,NOUN,NNIS4-----A----,obj,Acc,Masc,Sing,Inan,0.0767917169620049,O
na,ADP,RR--6----------,case,Loc,,,,-0.0773578090876484,O
konferenci,NOUN,NNFS6-----A----,obl,Loc,Fem,Sing,,0.047180203523352,O
ve,ADP,RV--6----------,case,Loc,,,,-0.0523906508405902,O
Vatikánu,PROPN,NNIS6-----A---1,nmod,Loc,Masc,Sing,Inan,0.1167910869710056,B-gc
",",PUNCT,Z:-------------,punct,,,,,0.0761702022845384,O
které,DET,P4FS2----------,obl:arg,Gen,Fem,Sing,,-0.0055378550876714,O
se,PRON,P7-X4----------,expl:pv,Acc,,,,0.0652635783239893,O
účastnili,VERB,VpMP----R-AAI--,acl:relcl,,Masc,Plur,Anim,0.0141021966108802,O
vládní,ADJ,AAMP1----1A----,amod,Nom,Masc,Plur,Anim,0.0085361784259589,O
vyslanci,NOUN,NNMP1-----A----,nsubj,Nom,Masc,Plur,Anim,0.0246864256851486,O
a,CCONJ,J^-------------,cc,,,,,-0.0011709553318027,O
zástupci,NOUN,NNMP1-----A----,conj,Nom,Masc,Plur,Anim,0.0350014461529333,O
Facebooku,PROPN,NNIS2-----A----,nmod,Gen,Masc,Sing,Inan,0.1076583232796639,B-if
a,CCONJ,J^-------------,cc,,,,,-0.0187308656717124,O
Googlu,PROPN,NNIS2-----A----,conj,Gen,Masc,Sing,Inan,0.2358972097096326,B-if
společně,ADV,Dg-------1A----,case,,,,,-0.1515659916811221,O
s,ADP,RR--7----------,fixed,Ins,,,,0.0603348674076319,O
filozofy,NOUN,NNMP7-----A----,obl,Ins,Masc,Plur,Anim,0.0603792302881942,O
",",PUNCT,Z:-------------,punct,,,,,0.1977190564428134,O
fyziky,NOUN,NNMP7-----A----,conj,Ins,Masc,Plur,Anim,0.0107111379839427,O
a,CCONJ,J^-------------,cc,,,,,0.0855109286095864,O
etiky,NOUN,NNMP7-----A----,conj,Ins,Masc,Plur,Anim,0.0905028204537324,O
.,PUNCT,Z:-------------,punct,,,,,0.070858955466583,O
Účast,NOUN,NNFS4-----A----,obj,Acc,Fem,Sing,,0.0247287104408997,O
na,ADP,RR--6----------,case,Loc,,,,0.0182210335347676,O
konferenci,NOUN,NNFS6-----A----,nmod,Loc,Fem,Sing,,-0.0139836995534857,O
Obecné,ADJ,AANS1----1A----,amod,Nom,Neut,Sing,,0.0574479793380554,B-ia
blaho,NOUN,NNNS1-----A----,nmod,Nom,Neut,Sing,,0.0993488212588879,I-ia
v,ADP,RR--6----------,case,Loc,,,,-0.0093182988663126,I-ia
digitálním,ADJ,AANS6----1A----,amod,Loc,Neut,Sing,,0.1290228634183564,I-ia
věku“,NOUN,NNFS6-----A----,nmod,Loc,Fem,Sing,,0.1351609013125434,I-ia
završili,VERB,VpMP----R-AAP--,root,,Masc,Plur,Anim,0.0824523493919827,O
akademici,NOUN,NNMP1-----A----,nsubj,Nom,Masc,Plur,Anim,0.0876411319384335,O
a,CCONJ,J^-------------,cc,,,,,0.0720954324762748,O
katoličtí,ADJ,AAMP1----1A----,amod,Nom,Masc,Plur,Anim,0.0999101875943024,O
biskupové,NOUN,NNMP1-----A----,conj,Nom,Masc,Plur,Anim,-0.0051450248895713,O
.,PUNCT,Z:-------------,punct,,,,,-0.693181440288566,O
Planeta,NOUN,NNFS1-----A----,nsubj,Nom,Fem,Sing,,0.2909220298169134,O
Jupiter,PROPN,NNIS1-----A----,nmod,Nom,Masc,Sing,Inan,0.4696421868469086,B-g_
konečně,ADV,Dg-------1A----,advmod,,,,,0.1509086179362374,O
opustila,VERB,VpQW----R-AAP--,root,,"Fem,Neut","Plur,Sing",,0.3738015655187923,O
sluneční,ADJ,AAIS4----1A----,amod,Acc,Masc,Sing,Inan,-0.4168432076312069,O
systém,NOUN,NNIS4-----A----,obj,Acc,Masc,Sing,Inan,-0.0946465902858391,O
mojí,DET,PSFS2-S1------1,det,Gen,Fem,Sing,,0.146555701763794,O
kanceláře,NOUN,NNFS2-----A----,nmod,Gen,Fem,Sing,,0.0729800614353722,O
.,PUNCT,Z:-------------,punct,,,,,0.1551898246494525,O
I,CCONJ,J^-------------,mark,,,,,-0.144156380983295,O
když,SCONJ,"J,-------------",fixed,,,,,0.0127192566789541,O
je,AUX,VB-S---3P-AAI--,cop,,,Sing,,0.3917130090094879,O
horko,NOUN,NNNS1-----A----,nsubj,Nom,Neut,Sing,,0.0132717971124661,O
menší,ADJ,AAFS7----2A----,amod,Ins,Fem,Sing,,-0.1378645434162248,O
hrozbou,NOUN,NNFS7-----A----,advcl,Ins,Fem,Sing,,0.2132775905833581,O
pro,ADP,RR--4----------,case,Acc,,,,0.0150088801748846,O
sportovce,NOUN,NNMP4-----A----,nmod,Acc,Masc,Plur,Anim,0.1382442675155375,O
",",PUNCT,Z:-------------,punct,,,,,0.1426705146090232,O
kteří,DET,P4MP1----------,nsubj,Nom,Masc,Plur,Anim,0.0578441535117212,O
soutěží,VERB,VB-P---3P-AAI--,acl:relcl,,,Plur,,0.0042385186030592,O
uvnitř,ADV,Db-------------,case,,,,,-0.0691526707545997,O
Chalífova,ADJ,AUIS2M---------,amod,Gen,Masc,Sing,Inan,0.0133036701656613,B-ic
mezinárodního,ADJ,AAIS2----1A----,amod,Gen,Masc,Sing,Inan,0.0579261006226763,I-ic
stadionu,NOUN,NNIS2-----A----,obl,Gen,Masc,Sing,Inan,-0.0126044226414302,I-ic
",",PUNCT,Z:-------------,punct,,,,,0.1927109310477604,O
kde,ADV,Db-------------,advmod,,,,,-0.0118368146867465,O
jsou,AUX,VB-P---3P-AAI--,aux:pass,,,Plur,,0.089986269374806,O
teploty,NOUN,NNFP1-----A----,nsubj:pass,Nom,Fem,Plur,,0.0256437979826051,O
udržovány,ADJ,VsTP----X-API--,amod,,"Fem,Masc",Plur,Inan,0.0035446256960748,O
kolem,ADP,RR--2----------,case,Gen,,,,-0.0214226510549914,O
21,NUM,C=-------------,nummod,,,,,0.0626914164602561,B-nc
stupňů,NOUN,NNIP2-----A----,obl,Gen,Masc,Plur,Inan,0.0551322554473708,B-oe
pomocí,ADP,RR--2----------,case,Gen,,,,0.0093443106553763,O
chladicího,ADJ,AAIS2----1A----,amod,Gen,Masc,Sing,Inan,-0.064263667208906,O
systému,NOUN,NNIS2-----A----,obl,Gen,Masc,Sing,Inan,0.0395461361077864,O
",",PUNCT,Z:-------------,punct,,,,,0.0581171798475817,O
také,ADV,Db-------------,advmod:emph,,,,,0.0483992866257988,O
oni,PRON,PEMP1--3-------,nmod,Nom,Masc,Plur,Anim,-0.0953958656314215,O
sportovci,NOUN,NNMP1-----A----,nsubj,Nom,Masc,Plur,Anim,0.1890731643691915,O
musejí,VERB,VB-P---3P-AAI--,root,,,Plur,,0.2311822423772342,O
přizpůsobit,VERB,Vf--------A-P--,xcomp,,,,,0.1819399101853162,O
svůj,DET,P8IS4----------,det,Acc,Masc,Sing,Inan,-0.0980443715587938,O
trénink,NOUN,NNIS4-----A----,obj,Acc,Masc,Sing,Inan,-0.0105836644573863,O
",",PUNCT,Z:-------------,punct,,,,,0.2050479556665665,O
protože,SCONJ,"J,-------------",mark,,,,,0.1227377074798808,O
cvičí,VERB,VB-P---3P-AAI--,advcl,,,Plur,,-0.0719518148544907,O
na,ADP,RR--6----------,case,Loc,,,,0.0427453222485651,O
venkovních,ADJ,AAIP6----1A----,amod,Loc,Masc,Plur,Inan,0.0093595493774447,O
stadionech,NOUN,NNIP6-----A----,obl,Loc,Masc,Plur,Inan,0.4468957098720054,O
.,PUNCT,Z:-------------,punct,,,,,0.0590506113446313,O
Během,ADP,RR--2----------,case,Gen,,,,0.0282236335909784,O
posledních,ADJ,AAFP2----1A----,amod,Gen,Fem,Plur,,0.0992786398521618,O
24,NUM,C=-------------,nummod,,,,,0.1047680093695551,B-nc
hodin,NOUN,NNFP2-----A----,obl,Gen,Fem,Plur,,-0.0141470179103572,O
ohlásilo,VERB,VpNS----R-AAP--,root,,Neut,Sing,,0.0558800291676006,O
19,NUM,C=-------------,nummod:gov,,,,,0.1085242624198828,B-nc
provincií,NOUN,NNFP2-----A----,nsubj,Gen,Fem,Plur,,0.0943564379238426,O
téměř,ADV,Db-------------,advmod:emph,,,,,-0.3380908112371968,O
nulový,ADJ,AAIS4----1A----,amod,Acc,Masc,Sing,Inan,0.1130101876197264,O
počet,NOUN,NNIS4-----A----,obj,Acc,Masc,Sing,Inan,-0.0907861163222368,O
úmrtí,NOUN,NNNP2-----A----,nmod,Gen,Neut,Plur,,0.1398911685720872,O
.,PUNCT,Z:-------------,punct,,,,,0.7286325179576729,O
Dobré,ADJ,AAIP1----1A----,amod,Nom,Masc,Plur,Inan,-0.0486870261521382,O
sousedské,ADJ,AAIP1----1A----,amod,Nom,Masc,Plur,Inan,0.2281236828696377,O
vztahy,NOUN,NNIP1-----A----,nsubj,Nom,Masc,Plur,Inan,-0.0738091670133456,O
jsou,AUX,VB-P---3P-AAI--,cop,,,Plur,,-0.2874425828207363,O
stále,ADV,Dg-------1A----,advmod,,,,,0.0944364607590331,O
zastíněny,ADJ,VsTP----X-APP--,root,,"Fem,Masc",Plur,Inan,0.0052513928261022,O
2,NUM,C=-------------,nummod,,,,,0.0028050699614439,B-no
.,PUNCT,Z:-------------,punct,,,,,0.2863750929835202,I-no
světovou,ADJ,AAFS7----1A----,amod,Ins,Fem,Sing,,0.0896859545731679,O
válkou,NOUN,NNFS7-----A----,obl:arg,Ins,Fem,Sing,,0.1653729523806858,O
",",PUNCT,Z:-------------,punct,,,,,0.1707336664399916,O
zejména,PART,TT-------------,advmod:emph,,,,,-0.0415195883260951,O
za,ADP,RR--2----------,case,Gen,,,,-0.0759789139207191,O
současné,ADJ,AAFS2----1A----,amod,Gen,Fem,Sing,,-0.1141910083670134,O
polské,ADJ,AAFS2----1A----,amod,Gen,Fem,Sing,,0.0841415438025711,O
pravicové,ADJ,AAFS2----1A----,amod,Gen,Fem,Sing,,0.1123979747374341,O
vlády,NOUN,NNFS2-----A----,obl,Gen,Fem,Sing,,0.0256097300654619,O
",",PUNCT,Z:-------------,punct,,,,,0.2762122221809219,O
která,DET,P4FS1----------,nsubj,Nom,Fem,Sing,,0.0576915797657237,O
tvrdí,VERB,VB-S---3P-AAI--,acl:relcl,,,Sing,,-0.0175791556095224,O
",",PUNCT,Z:-------------,punct,,,,,0.264780622023951,O
že,SCONJ,"J,-------------",mark,,,,,0.1652304738188412,O
Německo,PROPN,NNNS1-----A----,nsubj,Nom,Neut,Sing,,-0.1025588043061379,B-gc
dluží,VERB,VB-S---3P-AAI--,ccomp,,,Sing,,0.2213912436476676,O
Polsku,PROPN,NNNS3-----A----,obl:arg,Dat,Neut,Sing,,-0.023448251618006,B-gc
náhradu,NOUN,NNFS4-----A----,obj,Acc,Fem,Sing,,0.0367885265176627,O
za,ADP,RR--4----------,case,Acc,,,,0.0342511312506889,O
válečné,ADJ,AAFP4----1A----,amod,Acc,Fem,Plur,,-0.0469047823516,O
škody,NOUN,NNFP4-----A----,nmod,Acc,Fem,Plur,,-0.0796323781271156,O
.,PUNCT,Z:-------------,punct,,,,,0.1581440763502751,O
Řekl,VERB,VpYS----R-AAP--,root,,Masc,Sing,,-0.0433929214800117,O
",",PUNCT,Z:-------------,punct,,,,,0.1273949499902783,O
že,SCONJ,"J,-------------",mark,,,,,-0.0659206997320401,O
je,AUX,VB-S---3P-AAI--,cop,,,Sing,,0.0139222290981513,O
potřeba,NOUN,NNFS1-----A----,ccomp,Nom,Fem,Sing,,-0.01272972009674,O
mít,VERB,Vf--------A-I--,csubj,,,,,0.1066895821445403,O
další,ADJ,AAFP4----1A----,amod,Acc,Fem,Plur,,-0.0216339594532238,O
podrobnosti,NOUN,NNFP4-----A----,obj,Acc,Fem,Plur,,-0.0095083510904331,O
o,ADP,RR--6----------,case,Loc,,,,0.0312130224260811,O
tom,DET,PDZS6----------,det,Loc,"Masc,Neut",Sing,,0.0735146722512721,O
",",PUNCT,Z:-------------,punct,,,,,0.1125919328397924,O
jak,ADV,Db-------------,advmod,,,,,-0.025660114192853,O
mohou,VERB,VB-P---3P-AAI-1,acl,,,Plur,,-0.0761949660303079,O
společnosti,NOUN,NNFP1-----A----,nsubj,Nom,Fem,Plur,,-0.0195161521627422,O
získat,VERB,Vf--------A-P--,xcomp,,,,,-0.0294991463560987,O
přístup,NOUN,NNIS4-----A----,obj,Acc,Masc,Sing,Inan,0.0222926073429831,O
k,ADP,RR--3----------,case,Dat,,,,0.1316405727140937,O
vládou,NOUN,NNFS7-----A----,obl:arg,Ins,Fem,Sing,,0.874775625031485,O
plánované,ADJ,AAFS3----1A----,amod,Dat,Fem,Sing,,0.094973069414014,O
kapacitě,NOUN,NNFS3-----A----,nmod,Dat,Fem,Sing,,0.0646816434973888,O
",",PUNCT,Z:-------------,punct,,,,,0.0906804889248411,O
pokud,SCONJ,"J,-------------",mark,,,,,0.002495160136217,O
Británie,PROPN,NNFS1-----A----,nsubj,Nom,Fem,Sing,,-0.0335445826518145,B-gc
opustí,VERB,VB-S---3P-AAP--,advcl,,,Sing,,0.0546043376799276,O
EU,PROPN,BNXXX-----A----,obj,,,,,0.0767787242165011,B-io
bez,ADP,RR--2----------,case,Gen,,,,0.1918150351549178,O
dohody,NOUN,NNFS2-----A----,obl,Gen,Fem,Sing,,0.0312472434479265,O
.,PUNCT,Z:-------------,punct,,,,,0.1581860907547356,O
Naší,DET,PSFS7-P1-------,det,Ins,Fem,Sing,,0.3273185700917446,O
prioritou,NOUN,NNFS7-----A----,root,Ins,Fem,Sing,,-0.0030977072806794,O
je,AUX,VB-S---3P-AAI--,cop,,,Sing,,0.2203946080335962,O
100%,NUM,C=-------------,nummod,,,,,0.3628951358192407,B-nc
spokojenost,NOUN,NNFS1-----A----,nsubj,Nom,Fem,Sing,,0.1546667232284397,O
zákazníků,NOUN,NNMP2-----A----,nmod,Gen,Masc,Plur,Anim,0.1682679866359408,O
a,CCONJ,J^-------------,cc,,,,,-0.1660244004371763,O
zajištění,NOUN,NNNS1-----A----,conj,Nom,Neut,Sing,,0.2906696659749579,O
skvělé,ADJ,AAFS2----1A----,amod,Gen,Fem,Sing,,0.3351227758022954,O
zkušenosti,NOUN,NNFS2-----A----,nmod,Gen,Fem,Sing,,0.1798832263980932,O
s,ADP,RR--7----------,case,Ins,,,,-0.1007728278960491,O
nakupováním,NOUN,NNNS7-----A----,nmod,Ins,Neut,Sing,,0.0386096938969504,O
.,PUNCT,Z:-------------,punct,,,,,0.1935543500041653,O
Klikněte,VERB,Vi-P---2--A-P--,root,,,Plur,,-0.0614545326729851,O
na,ADP,RR--4----------,case,Acc,,,,0.1046501075547524,O
ikonu,NOUN,NNFS4-----A----,obl:arg,Acc,Fem,Sing,,0.246181466550907,O
Text,NOUN,NNIS1-----A----,nmod,Nom,Masc,Sing,Inan,0.5200670752691412,O
.,PUNCT,Z:-------------,punct,,,,,-0.6829908979372842,O
Jen,ADV,Db-------------,advmod:emph,,,,,-0.0032010371039836,O
pak,ADV,Db-------------,advmod,,,,,0.147545079468949,O
rozzlobeně,ADV,Dg-------1A----,advmod,,,,,0.0266659074882083,O
řekl,VERB,VpYS----R-AAP--,root,,Masc,Sing,,-0.548072654265513,O
zapomeň,VERB,Vi-S---2--A-P--,ccomp,,,Sing,,0.046721167870283,O
na,ADP,RR--4----------,case,Acc,,,,-0.0202135976121684,O
to“,DET,PDNS4----------,obl:arg,Acc,Neut,Sing,,0.023615006474674,O
a,CCONJ,J^-------------,cc,,,,,-0.1080678607849283,O
odkráčel,VERB,VpYS----R-AAP--,conj,,Masc,Sing,,0.0271960112912976,O
pryč,ADV,Db-------------,advmod,,,,,-0.0115397943609131,O
.,PUNCT,Z:-------------,punct,,,,,0.7912792028297488,O
Papež,NOUN,NNMS1-----A----,nsubj,Nom,Masc,Sing,Anim,0.0274508637046044,O
František,PROPN,NNMS1-----A----,flat,Nom,Masc,Sing,Anim,0.0010685688291848,B-p_
ve,ADP,RV--6----------,case,Loc,,,,0.0012966388983123,O
svém,DET,P8ZS6----------,det,Loc,"Masc,Neut",Sing,,0.0208111980462286,O
prvním,ADJ,CrNS6----------,amod,Loc,Neut,Sing,,0.1799345345497651,O
vyjádření,NOUN,NNNS6-----A----,obl,Loc,Neut,Sing,,0.1195985709256391,O
k,ADP,RR--3----------,case,Dat,,,,0.0269042726055192,O
napětí,NOUN,NNNS3-----A----,nmod,Dat,Neut,Sing,,-0.0610068671625769,O
mezi,ADP,RR--7----------,case,Ins,,,,-0.0203896760770352,O
Západem,NOUN,NNIS7-----A----,nmod,Ins,Masc,Sing,Inan,0.0057880798134899,B-gr
a,CCONJ,J^-------------,cc,,,,,-0.0956824168056208,O
Ruskem,PROPN,NNNS7-----A----,conj,Ins,Neut,Sing,,0.1808115297104484,B-gc
kvůli,ADP,RR--3----------,case,Dat,,,,-0.0429982227819101,O
Ukrajině,PROPN,NNFS3-----A----,nmod,Dat,Fem,Sing,,0.0452617582605494,B-gc
dnes,ADV,Db-------------,advmod,,,,,-0.0219561864653523,O
vyzval,VERB,VpYS----R-AAP--,root,,Masc,Sing,,0.0621404327790798,O
",",PUNCT,Z:-------------,punct,,,,,0.2317878897358068,O
aby,AUX,Vc-------------,aux,,,,,0.0045242803632219,O
proběhla,VERB,VpQW----R-AAP-1,ccomp,,"Fem,Neut","Plur,Sing",,0.0144133915334051,O
řádná,ADJ,AANP1----1A----,amod,Nom,Neut,Plur,,-0.0028536810584796,O
mezinárodní,ADJ,AANP1----1A----,amod,Nom,Neut,Plur,,-0.0227926694649215,O
jednání,NOUN,NNNP1-----A----,nsubj,Nom,Neut,Plur,,-0.0382077188017182,O
a,CCONJ,J^-------------,cc,,,,,-0.0278043114339961,O
došlo,VERB,VpNS----R-AAP--,conj,,Neut,Sing,,-0.0590702061226133,O
k,ADP,RR--3----------,case,Dat,,,,0.067490991581593,O
uvolnění,NOUN,NNNS3-----A----,obl:arg,Dat,Neut,Sing,,0.016074017016181,O
napětí,NOUN,NNNS2-----A----,nmod,Gen,Neut,Sing,,-0.096366460260625,O
a,CCONJ,J^-------------,cc,,,,,0.0125722291671444,O
vyzval,VERB,VpYS----R-AAP--,conj,,Masc,Sing,,0.0365879739803841,O
obě,NUM,CnHP4----------,nummod,Acc,"Fem,Neut",Plur,,-0.0319542984002274,O
strany,NOUN,NNFP4-----A----,iobj,Acc,Fem,Plur,,0.0286240270351908,O
",",PUNCT,Z:-------------,punct,,,,,0.1585265269458477,O
aby,AUX,Vc-------------,aux,,,,,0.0720129782153916,O
se,PRON,P7-X4----------,expl:pv,Acc,,,,0.1331422181749064,O
vyhnuly,VERB,VpTP----R-AAP--,ccomp,,"Fem,Masc",Plur,Inan,0.2659056022189994,O
vojenskému,ADJ,AAIS3----1A----,amod,Dat,Masc,Sing,Inan,0.0876579204902018,O
konfliktu,NOUN,NNIS3-----A----,obl:arg,Dat,Masc,Sing,Inan,0.0987721940195553,O
.,PUNCT,Z:-------------,punct,,,,,0.7633313118876395,O
Republikánská,ADJ,AAFS1----1A----,amod,Nom,Fem,Sing,,0.1153628062333062,O
senátorka,NOUN,NNFS1-----A----,nsubj,Nom,Fem,Sing,,0.0533486397230551,O
Wendy,PROPN,NNFXX-----A----,flat,,Fem,,,-0.0700192147422402,B-P|B-pf
Rogersová,PROPN,NNFS1-----A----,flat,Nom,Fem,Sing,,0.0605425972908728,I-P|B-ps
varovala,VERB,VpQW----R-AAI--,root,,"Fem,Neut","Plur,Sing",,0.0457660068806419,O
před,ADP,RR--7----------,case,Ins,,,,0.0548215621555146,O
komunisty,NOUN,NNMP7-----A----,obl:arg,Ins,Masc,Plur,Anim,0.027469494980818,O
v,ADP,RR--6----------,case,Loc,,,,0.0608372733582616,O
America,PROPN,NNNS6-----A----,nmod,Loc,Neut,Sing,,-0.0525066576525127,B-gc
a,CCONJ,J^-------------,cc,,,,,0.1570339615786376,O
vyzvala,VERB,VpQW----R-AAP--,conj,,"Fem,Neut","Plur,Sing",,-0.0606382159764632,O
",",PUNCT,Z:-------------,punct,,,,,0.6544173355828324,O
aby,AUX,Vc-------------,aux,,,,,0.1315848994465843,O
na,ADP,RR--6----------,case,Loc,,,,-0.2991084238358321,O
úřadě,NOUN,NNIS6-----A----,obl,Loc,Masc,Sing,Inan,0.0228914390031602,O
bylo,AUX,VpNS----R-AAI--,ccomp,,Neut,Sing,,-0.002206975951592,O
více,ADV,Dg-------2A----,nsubj,,,,,-0.1993977609838285,O
odvážných,ADJ,AAMP2----1A----,amod,Gen,Masc,Plur,Anim,-0.0252204729108769,O
křesťanů“,NOUN,NNMP2-----A----,nmod,Gen,Masc,Plur,Anim,0.0041510244445642,O
.,PUNCT,Z:-------------,punct,,,,,-0.1427505148154769,O
Paltrowová,PROPN,NNFS1-----A----,nsubj,Nom,Fem,Sing,,0.1477300142815658,B-ps
rovněž,ADV,Db-------------,advmod,,,,,-0.1413581942270833,O
podnikla,VERB,VpQW----R-AAP-1,root,,"Fem,Neut","Plur,Sing",,0.0208844752709827,O
kroky,NOUN,NNIP4-----A----,obj,Acc,Masc,Plur,Inan,-0.0335955506228967,O
k,ADP,RR--3----------,case,Dat,,,,-0.088856834626806,O
tomu,DET,PDZS3----------,det,Dat,"Masc,Neut",Sing,,-0.1148835933253482,O
",",PUNCT,Z:-------------,punct,,,,,0.0313812955440503,O
aby,AUX,Vc-------------,aux,,,,,0.1607510258174471,O
umožnila,VERB,VpQW----R-AAP--,acl,,"Fem,Neut","Plur,Sing",,0.0907372038601737,O
svým,DET,P8XP3----------,det,Dat,,Plur,,-0.0317530908435233,O
dětem,NOUN,NNFP3-----A----,obl:arg,Dat,Fem,Plur,,-0.6203029298519898,O
žít,VERB,Vf--------A-I--,xcomp,,,,,0.0150041771546193,O
co,ADV,Db-------------,advmod,,,,,-0.0964593421161348,O
nejvíc,ADV,Dg-------3A---1,advmod,,,,,-0.1805076724999782,O
mimo,ADP,RR--4----------,case,Acc,,,,-0.0034738406808545,O
veřejnost,NOUN,NNFS4-----A----,obl,Acc,Fem,Sing,,-0.0621502297297889,O
",",PUNCT,Z:-------------,punct,,,,,0.0248222492886693,O
a,CCONJ,J^-------------,cc,,,,,-0.1058933960736889,O
stará,VERB,VB-S---3P-AAI--,conj,,,Sing,,-0.1403558473111447,O
se,PRON,P7-X4----------,expl:pv,Acc,,,,-0.1375425141329792,O
o,ADP,RR--4----------,case,Acc,,,,-0.0545770731282728,O
to,DET,PDNS4----------,obl:arg,Acc,Neut,Sing,,-0.021946988339419,O
",",PUNCT,Z:-------------,punct,,,,,-0.1064258343967989,O
aby,AUX,Vc-------------,aux,,,,,0.0789847882658101,O
i,CCONJ,J^-------------,advmod:emph,,,,,-0.1531578317736401,O
jejich,DET,P9XXXXP3-------,det,,,,,-0.0723988391692516,O
účty,NOUN,NNIP1-----A----,nsubj,Nom,Masc,Plur,Inan,-0.0751113524036856,O
na,ADP,RR--6----------,case,Loc,,,,-0.057847952326138,O
sociálních,ADJ,AANP6----1A----,amod,Loc,Neut,Plur,,-0.0007364106899963,O
médiích,NOUN,NNNP6-----A----,nmod,Loc,Neut,Plur,,0.1999615554798775,O
byly,AUX,VpTP----R-AAI--,cop,,"Fem,Masc",Plur,Inan,-0.3862691996353903,O
soukromé,ADJ,AAIP1----1A----,acl,Nom,Masc,Plur,Inan,0.0248255180429516,O
.,PUNCT,Z:-------------,punct,,,,,-0.1715059261162511,O
V,ADP,RR--6----------,case,Loc,,,,0.2606903619360188,O
Kesongu,PROPN,NNIS6-----A----,obl,Loc,Masc,Sing,Inan,0.0739697393994892,B-gu
došlo,VERB,VpNS----R-AAP--,ccomp,,Neut,Sing,,-0.0989428262682995,O
k,ADP,RR--3----------,case,Dat,,,,-0.0435648487141574,O
mimořádné,ADJ,AAFS3----1A----,amod,Dat,Fem,Sing,,-0.0128619025599807,O
události,NOUN,NNFS3-----A----,obl:arg,Dat,Fem,Sing,,1.835736206320528,O
",",PUNCT,Z:-------------,punct,,,,,0.0319628250575355,O
kdy,ADV,Db-------------,advmod,,,,,-0.0028497889695076,O
se,PRON,P7-X4----------,expl:pv,Acc,,,,0.0117197332621016,O
jeden,NUM,CnYS1----------,nummod,Nom,Masc,Sing,,-0.0006844031598761,O
uprchlík,NOUN,NNMS1-----A----,nsubj,Nom,Masc,Sing,Anim,0.1431823960934327,O
",",PUNCT,Z:-------------,punct,,,,,0.2181092784621578,O
který,DET,P4YS1----------,nsubj,Nom,Masc,Sing,,0.0140972509221847,O
před,ADP,RR--7----------,case,Ins,,,,0.0503616934889925,O
třemi,NUM,Cl-P7----------,nummod,Ins,,Plur,,0.0157405980047329,O
lety,NOUN,NNNP7-----A----,obl,Ins,Neut,Plur,,-0.1298123187297302,O
nelegálně,ADV,Dg-------1N----,advmod,,,,,0.2971286148319828,O
překročil,VERB,VpYS----R-AAP--,acl:relcl,,Masc,Sing,,0.0338130028408502,O
hranici,NOUN,NNFS4-----A----,obj,Acc,Fem,Sing,,0.0645684694472225,O
na,ADP,RR--4----------,case,Acc,,,,0.067385837730723,O
jih,NOUN,NNIS4-----A----,obl,Acc,Masc,Sing,Inan,-0.0646729736663217,O
",",PUNCT,Z:-------------,punct,,,,,0.051006521945333,O
člověk,NOUN,NNMS1-----A----,appos,Nom,Masc,Sing,Anim,0.0053174621684607,O
podezřelý,ADJ,AAMS1----1A----,amod,Nom,Masc,Sing,Anim,0.0497538053069619,O
z,ADP,RR--2----------,case,Gen,,,,0.3270424345155181,O
nakažení,NOUN,NNNS2-----A----,obl:arg,Gen,Neut,Sing,,0.1095947240811887,O
tímto,DET,PDZS7----------,det,Ins,"Masc,Neut",Sing,,-0.1029268780817234,O
zákeřným,ADJ,AAIS7----1A----,amod,Ins,Masc,Sing,Inan,0.1062052094721155,O
virem,NOUN,NNIS7-----A----,nmod,Ins,Masc,Sing,Inan,0.0317079275085298,O
",",PUNCT,Z:-------------,punct,,,,,0.1215785523706934,O
19,NUM,C=-------------,nummod,,,,,0.0447329946367793,B-T|B-td
.,PUNCT,Z:-------------,punct,,,,,0.0818313574864531,I-T|I-td
července,NOUN,NNIS2-----A----,obl,Gen,Masc,Sing,Inan,0.0388470228077213,I-T|B-tm
vrátil,VERB,VpYS----R-AAP--,acl:relcl,,Masc,Sing,,0.0919113534976302,O
poté,ADV,Db-------------,advmod,,,,,-0.0560987735834181,O
",",PUNCT,Z:-------------,punct,,,,,0.1484032414532059,O
co,SCONJ,"J,-------------",mark,,,,,0.0928672110829041,O
opět,ADV,Db-------------,advmod,,,,,-0.0289219225788052,O
ilegálně,ADV,Dg-------1A----,advmod,,,,,-0.0086025538683703,O
překročil,VERB,VpYS----R-AAP--,advcl,,Masc,Sing,,0.0134518549807914,O
demarkační,ADJ,AAFS4----1A----,amod,Acc,Fem,Sing,,0.0151821359633407,O
čáru,NOUN,NNFS4-----A----,obj,Acc,Fem,Sing,,0.0285263299863192,O
",",PUNCT,Z:-------------,punct,,,,,0.0372294351480884,O
“,PUNCT,Z:-------------,punct,,,,,0.0098428660363413,O
oznámila,VERB,VpQW----R-AAP--,root,,"Fem,Neut","Plur,Sing",,-0.0310929469182484,O
agentura,NOUN,NNFS1-----A----,nsubj,Nom,Fem,Sing,,-0.0495310007520336,O
KCNA,NOUN,BNXXX-----A----,nmod,,,,,0.0641553213120472,B-mn
.,PUNCT,Z:-------------,punct,,,,,0.4065781945793398,O
David,PROPN,NNMS1-----A----,nsubj,Nom,Masc,Sing,Anim,-0.3445720268373233,B-P|B-pf
Attenborough,PROPN,NNMS1-----A----,flat,Nom,Masc,Sing,Anim,0.2345996589827654,I-P|B-ps
pracuje,VERB,VB-S---3P-AAI--,root,,,Sing,,-0.3168155960880834,O
na,ADP,RR--6----------,case,Loc,,,,0.5103417894935446,O
novém,ADJ,AAIS6----1A----,amod,Loc,Masc,Sing,Inan,0.2545819186370182,O
dokumentu,NOUN,NNIS6-----A---1,obl:arg,Loc,Masc,Sing,Inan,0.2568891843982696,O
o,ADP,RR--6----------,case,Loc,,,,0.1689639079725102,O
zvířatech,NOUN,NNNP6-----A----,nmod,Loc,Neut,Plur,,-0.2170763575732875,O
a,CCONJ,J^-------------,cc,,,,,0.0766419921019798,O
barvách,NOUN,NNFP6-----A----,conj,Loc,Fem,Plur,,-0.0789780487338466,O
Bývalý,ADJ,AAIS1----1A----,amod,Nom,Masc,Sing,Inan,0.1850236536505216,O
labouristický,ADJ,AAIS1----1A----,amod,Nom,Masc,Sing,Inan,0.1302784320249399,O
zdroj,NOUN,NNIS1-----A----,nsubj,Nom,Masc,Sing,Inan,0.0083844186511703,O
sdělil,VERB,VpYS----R-AAP--,root,,Masc,Sing,,0.094291328708426,O
Daily,X,F%-------------,obj,,,,,-0.0148860080343896,B-mn
Mail,X,F%-------------,flat:foreign,,,,,0.1566780851120928,I-mn
",",PUNCT,Z:-------------,punct,,,,,0.0938505726873721,O
že,SCONJ,"J,-------------",mark,,,,,0.1628941385414001,O
žalobu,NOUN,NNFS4-----A----,obj,Acc,Fem,Sing,,0.1800491787256684,O
podají,VERB,VB-P---3P-AAP--,ccomp,,,Plur,,-0.0129562154108806,O
v,ADP,RR--6----------,case,Loc,,,,0.1647639526640042,O
každém,DET,AAIS6----1A----,det,Loc,Masc,Sing,Inan,0.067704370854652,O
případě,NOUN,NNIS6-----A----,obl,Loc,Masc,Sing,Inan,-0.0860866911567135,O
",",PUNCT,Z:-------------,punct,,,,,0.1854915174002382,O
i,CCONJ,J^-------------,mark,,,,,0.0346468034474168,O
kdyby,AUX,Vc-------------,aux,,,,,-0.1155042629226199,O
Starmer,PROPN,NNMS1-----A----,nsubj,Nom,Masc,Sing,Anim,-0.0342277422443533,B-ps
Corbyna,PROPN,NNMS4-----A----,obj,Acc,Masc,Sing,Anim,0.1262398490932524,B-ps
skutečně,ADV,Dg-------1A----,advmod,,,,,-0.1183430914449454,O
vyloučil,VERB,VpYS----R-AAP--,advcl,,Masc,Sing,,0.0107565325677014,O
ze,ADP,RV--2----------,case,Gen,,,,0.1439606363434314,O
strany,NOUN,NNFS2-----A----,obl,Gen,Fem,Sing,,-0.0830768547160059,O
.,PUNCT,Z:-------------,punct,,,,,-0.4268139572013755,O
Nové,ADJ,AANS1----1A----,amod,Nom,Neut,Sing,,-0.0997093723278059,O
Dillí,PROPN,NNNS1-----A----,root,Nom,Neut,Sing,,0.7994880472859573,B-gu
:,PUNCT,Z:-------------,punct,,,,,-0.5923464505803557,O
Hydratační,ADJ,AAIS1----1A----,amod,Nom,Masc,Sing,Inan,0.2981221316449613,O
denní,ADJ,AAIS1----1A----,amod,Nom,Masc,Sing,Inan,0.1392978352824779,O
a,CCONJ,J^-------------,cc,,,,,0.0708996859777862,O
noční,ADJ,AAIS1----1A----,conj,Nom,Masc,Sing,Inan,-0.0781852266336476,O
krém,NOUN,NNIS1-----A----,root,Nom,Masc,Sing,Inan,0.0322066336739802,O
",",PUNCT,Z:-------------,punct,,,,,0.4901482982944491,O
který,DET,P4YS1----------,nsubj,Nom,Masc,Sing,,-0.1272191897911441,O
zanechává,VERB,VB-S---3P-AAI--,acl:relcl,,,Sing,,0.09119205556764,O
pokožku,NOUN,NNFS4-----A----,obj,Acc,Fem,Sing,,-0.5118083522372237,O
jemnou,ADJ,AAFS4----1A----,amod,Acc,Fem,Sing,,0.2914633149899815,O
",",PUNCT,Z:-------------,punct,,,,,0.3892806768303423,O
pružnou,ADJ,AAFS4----1A----,conj,Acc,Fem,Sing,,0.1648371590534835,O
a,CCONJ,J^-------------,cc,,,,,0.0747595287908348,O
svěží,ADJ,AAFS4----1A----,conj,Acc,Fem,Sing,,0.0729972882582425,O
.,PUNCT,Z:-------------,punct,,,,,-0.0646284858836987,O
Upozorňujeme,VERB,VB-P---1P-AAI--,root,,,Plur,,0.1071019698697448,O
",",PUNCT,Z:-------------,punct,,,,,-0.0020683263828023,O
že,SCONJ,"J,-------------",mark,,,,,-0.1139660618658095,O
v,ADP,RR--6----------,case,Loc,,,,0.2535715840309852,O
některých,DET,PZXP6----------,det,Loc,,Plur,,-0.1088544909432483,O
zemích,NOUN,NNFP6-----A----,obl,Loc,Fem,Plur,,-0.0340681725133889,O
místní,ADJ,AAFP1----1A----,amod,Nom,Fem,Plur,,-0.2535335308688414,O
poštovní,ADJ,AAFP1----1A----,amod,Nom,Fem,Plur,,-0.0925114994803284,O
služby,NOUN,NNFP1-----A----,nsubj,Nom,Fem,Plur,,-0.0319536899868073,O
nedoručují,VERB,VB-P---3P-NAI--,ccomp,,,Plur,,0.1108513162798599,O
poštovní,ADJ,AAIP4----1A----,amod,Acc,Masc,Plur,Inan,-0.0904793228611304,O
tubusy,NOUN,NNIP4-----A----,obj,Acc,Masc,Plur,Inan,0.0265716169021977,O
spolu,ADV,Db-------------,case,,,,,0.0406269513164279,O
s,ADP,RR--7----------,fixed,Ins,,,,0.1929285269894926,O
dopisy,NOUN,NNIP7-----A----,obl,Ins,Masc,Plur,Inan,0.0107748003720498,O
a,CCONJ,J^-------------,cc,,,,,-0.0242632247576447,O
malými,ADJ,AAIP7----1A----,amod,Ins,Masc,Plur,Inan,-0.0019499647340179,O
balíky,NOUN,NNIP7-----A----,conj,Ins,Masc,Plur,Inan,0.052815613190032,O
.,PUNCT,Z:-------------,punct,,,,,0.7055286584372998,O
Meghan,PROPN,NNFXX-----A----,obj,,Fem,,,-0.1511621192541601,B-P|B-pf
Markleovou,PROPN,NNFS4-----A----,flat,Acc,Fem,Sing,,-0.0467472639928475,I-P|B-ps
nikdo,PRON,PY--1----------,nsubj,Nom,,,Anim,0.322082389306292,O
nepožádal“,VERB,VpYS----R-NAI--,root,,Masc,Sing,,0.2093078131483653,O
o,ADP,RR--4----------,case,Acc,,,,0.3424638836986079,O
znovu,ADV,Db-------------,advmod,,,,,0.1063711505904224,O
účinkování,NOUN,NNNS4-----A----,obl:arg,Acc,Neut,Sing,,0.3581603651969861,O
v,ADP,RR--6----------,case,Loc,,,,0.1692954068782312,O
seriálu,NOUN,NNIS6-----A---1,nmod,Loc,Masc,Sing,Inan,0.2915830053660665,O
Kravaťáci,NOUN,NNMP1-----A----,nmod,Nom,Masc,Plur,Anim,0.2520397741087648,B-oa
Zkontrolujte,VERB,Vi-P---2--A-P--,root,,,Plur,,0.0303039625890096,O
prosím,VERB,VB-S---1P-AAI--,xcomp,,,Sing,,-0.0312959717817367,O
",",PUNCT,Z:-------------,punct,,,,,8.098667640902868,O
zda,SCONJ,"J,-------------",mark,,,,,0.0813339678581722,O
je,AUX,VB-S---3P-AAI--,cop,,,Sing,,-0.0469509501192677,O
ve,ADP,RV--6----------,case,Loc,,,,-0.0520128307288863,O
vaší,DET,PSFS6-P2-------,det,Loc,Fem,Sing,,0.0561140158245435,O
objednávce,NOUN,NNFS6-----A----,obl,Loc,Fem,Sing,,0.0654140840923309,O
uvedena,ADJ,VsQW----X-APP--,ccomp,,"Fem,Neut","Plur,Sing",,-0.0091873081583779,O
správná,ADJ,AAFS1----1A----,amod,Nom,Fem,Sing,,-0.117772931375865,O
adresa,NOUN,NNFS1-----A----,nsubj,Nom,Fem,Sing,,0.0466976106727494,O
doručení,NOUN,NNNS2-----A----,nmod,Gen,Neut,Sing,,-0.0471355048446481,O
.,PUNCT,Z:-------------,punct,,,,,0.4682940701797211,O
Klikněte,VERB,Vi-P---2--A-P--,root,,,Plur,,0.3305846134697968,O
na,ADP,RR--4----------,case,Acc,,,,-0.0044676836314304,O
ikonu,NOUN,NNFS4-----A----,obl:arg,Acc,Fem,Sing,,-0.1040820002203098,O
Menu,PROPN,NNNXX-----A----,nmod,,Neut,,,-0.0247724774402422,O
v,ADP,RR--6----------,case,Loc,,,,-0.1838165918218485,O
horní,ADJ,AAFS6----1A----,amod,Loc,Fem,Sing,,0.1265153644974143,O
části,NOUN,NNFS6-----A----,nmod,Loc,Fem,Sing,,0.4172698203779315,O
obrazovky,NOUN,NNFS2-----A----,nmod,Gen,Fem,Sing,,0.344284796952787,O
.,PUNCT,Z:-------------,punct,,,,,-0.4555778158898834,O
Pokud,SCONJ,"J,-------------",mark,,,,,-0.0192647464041266,O
hovoříme,VERB,VB-P---1P-AAI--,advcl,,,Plur,,-0.0283907044384814,O
o,ADP,RR--6----------,case,Loc,,,,0.1301135270838689,O
počtu,NOUN,NNIS6-----A----,obl:arg,Loc,Masc,Sing,Inan,-0.1221801229374893,O
ruských,ADJ,AAFP2----1A----,amod,Gen,Fem,Plur,,0.0417602173185594,O
společností,NOUN,NNFP2-----A----,nmod,Gen,Fem,Plur,,-0.1176717933399907,O
v,ADP,RR--6----------,case,Loc,,,,0.0478145395253207,O
SAE,NOUN,BNXXX-----A----,nmod,,,,,0.0106994896237079,B-if
",",PUNCT,Z:-------------,punct,,,,,0.4280223617849915,O
dosáhl,VERB,VpYS----R-AAP--,ccomp,,Masc,Sing,,0.0623988283255707,O
téměř,ADV,Db-------------,advmod:emph,,,,,-0.1351120401651047,O
4,NUM,C=-------------,compound,,,,,0.1275544043381054,B-nc
000,NUM,C=-------------,obl:arg,,,,,-0.042257618643496,I-nc
",",PUNCT,Z:-------------,punct,,,,,0.5331518909761831,O
uvedl,VERB,VpYS----R-AAP--,root,,Masc,Sing,,-0.147697253278669,O
Al,X,F%-------------,nsubj,,,,,0.0256153951243413,B-ps
Zeyoudi,PROPN,NNMS1-----A----,flat,Nom,Masc,Sing,Anim,0.0082194491887722,I-ps
.,PUNCT,Z:-------------,punct,,,,,-0.0738062145232171,O
Anne,PROPN,NNFXX-----A----,nsubj:pass,,Fem,,,0.1730954713681955,B-P|B-pf
Riceová,PROPN,NNFS1-----A----,flat,Nom,Fem,Sing,,0.3447447607108989,I-P|B-ps
bude,AUX,VB-S---3F-AAI--,aux:pass,,,Sing,,-0.0442632809242917,O
pohřbena,ADJ,VsQW----X-APP--,root,,"Fem,Neut","Plur,Sing",,-0.0181511155791299,O
při,ADP,RR--6----------,case,Loc,,,,0.0083862793366542,O
soukromém,ADJ,AAIS6----1A----,amod,Loc,Masc,Sing,Inan,-0.001449268177596,O
obřadu,NOUN,NNIS6-----A---1,obl,Loc,Masc,Sing,Inan,-0.099446234197744,O
v,ADP,RR--6----------,case,Loc,,,,-0.1441608091830056,O
New,X,F%-------------,nmod,,,,,-0.0251605536645213,B-gu
Orleans,X,F%-------------,flat:foreign,,,,,-0.0765136174704278,I-gu
",",PUNCT,Z:-------------,punct,,,,,-0.1041978409438248,O
veřejný,ADJ,AAIS1----1A----,amod,Nom,Masc,Sing,Inan,0.0223408150704448,O
pohřeb,NOUN,NNIS1-----A----,nsubj:pass,Nom,Masc,Sing,Inan,0.0920855425306738,O
je,AUX,VB-S---3P-AAI--,aux:pass,,,Sing,,0.0335824305334521,O
plánován,ADJ,VsYS----X-API--,conj,,Masc,Sing,,0.0630347876575697,O
na,ADP,RR--4----------,case,Acc,,,,-0.0237557708102772,O
příští,ADJ,AAIS4----1A----,amod,Acc,Masc,Sing,Inan,-0.1591548627749204,O
rok,NOUN,NNIS4-----A----,obl,Acc,Masc,Sing,Inan,-0.0306038049971072,O
.,PUNCT,Z:-------------,punct,,,,,0.2026891995620524,O
Ale,CCONJ,J^-------------,cc,,,,,-0.2475484343615413,O
stejně,ADV,Dg-------1A----,advmod,,,,,0.2529012871941501,O
mi,PRON,PH-S3--1-------,obl:arg,Dat,,Sing,,-0.0923897331907196,O
přijde,VERB,VB-S---3P-AAP--,root,,,Sing,,0.2568051106668116,O
zvláštní,ADJ,AANS1----1A----,obj,Nom,Neut,Sing,,0.1217955693943036,O
",",PUNCT,Z:-------------,punct,,,,,0.1481689974031949,O
když,SCONJ,"J,-------------",mark,,,,,-0.2122273985815118,O
jsem,AUX,VB-S---1P-AAI--,aux,,,Sing,,0.0887731674941411,O
znovu,ADV,Db-------------,advmod,,,,,0.0273293109947686,O
viděl,VERB,VpYS----R-AAI--,csubj,,Masc,Sing,,-0.0706412202924745,O
",",PUNCT,Z:-------------,punct,,,,,0.091840634554249,O
jak,SCONJ,"J,-------------",mark,,,,,0.0475142297651654,O
Sky,PROPN,NNMS1-----A----,nsubj,Nom,Masc,Sing,Anim,0.0838527516525485,B-p_
a,CCONJ,J^-------------,cc,,,,,-0.1536421962327303,O
Jr,NOUN,BNXXX-----A----,conj,,,,,-0.0991805831578688,B-p_
.,PUNCT,Z:-------------,punct,,,,,-0.1692365622529121,I-p_
působí,VERB,VB-P---3P-AAI--,ccomp,,,Plur,,-0.2417477297778039,O
tak,ADV,Db-------------,advmod,,,,,-0.1433386960818253,O
neuvěřitelně,ADV,Dg-------1N----,advmod,,,,,0.0414280210995756,O
naštvaně,ADV,Dg-------1A----,advmod,,,,,0.2924548994681066,O
kvůli,ADP,RR--3----------,case,Dat,,,,0.0310708403320876,O
tomu,DET,PDZS3----------,obl,Dat,"Masc,Neut",Sing,,0.0089869533249496,O
",",PUNCT,Z:-------------,punct,,,,,-0.12380090984317,O
že,SCONJ,"J,-------------",mark,,,,,0.0279185225918109,O
Walt,PROPN,NNMS1-----A----,nsubj,Nom,Masc,Sing,Anim,-0.116100304792826,B-pf
dělá,VERB,VB-S---3P-AAI--,acl,,,Sing,,0.2128878610466707,O
doma,ADV,Dg-------1A----,advmod,,,,,-0.1487920472710302,O
něco,PRON,PK--4----------,obj,Acc,,,Inan,0.0086420715902939,O
užitečného,ADJ,AANS2----1A----,amod,Gen,Neut,Sing,,0.0490605534522537,O
",",PUNCT,Z:-------------,punct,,,,,0.0707096561781999,O
nefláká,VERB,VB-S---3P-NAI--,conj,,,Sing,,-0.0066119590815936,O
se,PRON,P7-X4----------,expl:pv,Acc,,,,-0.1378544068167119,O
",",PUNCT,Z:-------------,punct,,,,,-0.0069200432681757,O
nezabíjí,VERB,VB-S---3P-NAI--,conj,,,Sing,,-0.0421688935787963,O
lidi,NOUN,NNMP4-----A----,obj,Acc,Masc,Plur,Anim,0.0082722842530137,O
ani,CCONJ,J^-------------,cc,,,,,-0.0377554493159741,O
nevyrábí,VERB,VB-S---3P-NAI--,conj,,,Sing,,0.0319740204287711,O
drogy,NOUN,NNFP4-----A----,obj,Acc,Fem,Plur,,0.1286915805152571,O
.,PUNCT,Z:-------------,punct,,,,,0.0475011756034877,O
Tento,DET,PDYS1----------,det,Nom,Masc,Sing,,-0.1000872146048353,O
portugalský,ADJ,AAMS1----1A----,amod,Nom,Masc,Sing,Anim,0.0804899217275121,O
špílmachr,NOUN,NNMS1-----A----,nsubj,Nom,Masc,Sing,Anim,0.0289980853775843,O
je,AUX,VB-S---3P-AAI--,cop,,,Sing,,-0.0911651383747157,O
doslova,ADV,Db-------------,advmod,,,,,-0.0188703590383709,O
zjevením,NOUN,NNNS7-----A----,root,Ins,Neut,Sing,,0.1069026225774065,O
na,ADP,RR--6----------,case,Loc,,,,-0.0537201223514359,O
Old,X,F%-------------,nmod,,,,,-0.0704869146106344,B-ic
Trafford,X,F%-------------,flat:foreign,,,,,0.0293408392068767,I-ic
a,CCONJ,J^-------------,cc,,,,,-0.3612112254014379,O
jeho,DET,P9XXXZS3-------,det,,,,,0.0439720799927881,O
příchod,NOUN,NNIS1-----A----,nsubj,Nom,Masc,Sing,Inan,0.2085622577149576,O
do,ADP,RR--2----------,case,Gen,,,,0.0038180047040228,O
klubu,NOUN,NNIS2-----A----,nmod,Gen,Masc,Sing,Inan,0.0471702303620633,O
umožnil,VERB,VpYS----R-AAP--,conj,,Masc,Sing,,0.0565315595894929,O
Pogbovi,PROPN,NNMS3-----A----,obl:arg,Dat,Masc,Sing,Anim,-0.0840486837296977,B-ps
hrát,VERB,Vf--------A-I--,xcomp,,,,,-0.0852295511499785,O
víc,ADV,Dg-------2A---1,advmod,,,,,-0.0008946739633165,O
v,ADP,RR--6----------,case,Loc,,,,0.0535215899409887,O
záloze,NOUN,NNFS6-----A----,obl,Loc,Fem,Sing,,0.0499623010161686,O
",",PUNCT,Z:-------------,punct,,,,,0.2915498149401424,O
což,PRON,PQ--1----------,nsubj,Nom,,,,-0.0964254868213472,O
mu,PRON,P5ZS3--3-------,obl:arg,Dat,"Masc,Neut",Sing,,0.0385271016065796,O
rovněž,ADV,Db-------------,advmod,,,,,-0.3260358944110304,O
přidalo,VERB,VpNS----R-AAP--,conj,,Neut,Sing,,0.0559174564171118,O
na,ADP,RR--6----------,case,Loc,,,,0.0947587265007995,O
náladě,NOUN,NNFS6-----A----,obl:arg,Loc,Fem,Sing,,0.1669855070710522,O
.,PUNCT,Z:-------------,punct,,,,,0.3716572949845034,O
Řekněte,VERB,Vi-P---2--A-P--,root,,,Plur,,0.0795571957488306,O
mi,PRON,PH-S3--1-------,obl:arg,Dat,,Sing,,-0.0148418154911939,O
",",PUNCT,Z:-------------,punct,,,,,0.0703751450981092,O
prosím,VERB,VB-S---1P-AAI--,parataxis,,,Sing,,0.0268003436264071,O
",",PUNCT,Z:-------------,punct,,,,,0.0261419154920083,O
jaký,DET,P4YS1----------,ccomp,Nom,Masc,Sing,,-0.2543736582370573,O
je,AUX,VB-S---3P-AAI--,cop,,,Sing,,-0.0409040951286216,O
váš,DET,PSYS1-P2-------,det,Nom,Masc,Sing,,-0.0533396103838272,O
typ,NOUN,NNIS1-----A----,nsubj,Nom,Masc,Sing,Inan,-0.0373916035061881,O
#PRS,NOUN,BNXXX-----A----,root,,,,,0.7964638731410196,O
_,PUNCT,Z:-------------,punct,,,,,-0.0753964651402976,O
ORG,NOUN,BNXXX-----A----,nmod,,,,,0.1458549126216011,O
#,NUM,C=-------------,nummod,,,,,-0.034626603601933,O
.,PUNCT,Z:-------------,punct,,,,,0.1295280197806059,O
Manžel,NOUN,NNMS1-----A----,nsubj,Nom,Masc,Sing,Anim,-0.0994691776365834,O
Jo,PROPN,NNFXX-----A----,flat,,Fem,,,0.1158833871203558,B-P|B-pf
Coxové,PROPN,NNFS2-----A----,flat,Gen,Fem,Sing,,0.2943493131113073,I-P|B-ps
uvedl,VERB,VpYS----R-AAP--,root,,Masc,Sing,,0.0173360356473329,O
",",PUNCT,Z:-------------,punct,,,,,0.1288631186193544,O
že,SCONJ,"J,-------------",mark,,,,,0.0323280346904824,O
jméno,NOUN,NNNS1-----A----,nsubj,Nom,Neut,Sing,,0.0247712922392366,O
jeho,DET,P9XXXZS3-------,det,,,,,0.0418931866840551,O
ženy,NOUN,NNFS2-----A----,nmod,Gen,Fem,Sing,,0.0557336152501564,O
nesmí,VERB,VB-S---3P-NAI--,ccomp,,,Sing,,0.0189644161971776,O
být,AUX,Vf--------A-I--,aux:pass,,,,,0.0714743913913017,O
použito,ADJ,VsNS----X-APP--,ccomp,,Neut,Sing,,0.02732552300296,O
k,ADP,RR--3----------,case,Dat,,,,-0.0905118097951595,O
získání,NOUN,NNNS3-----A----,obl,Dat,Neut,Sing,,0.0605922660136017,O
politických,ADJ,AAIP2----1A----,amod,Gen,Masc,Plur,Inan,0.0140414469846722,O
bodů,NOUN,NNIP2-----A----,nmod,Gen,Masc,Plur,Inan,0.0244397635261097,O
",",PUNCT,Z:-------------,punct,,,,,0.1791295978129726,O
když,SCONJ,"J,-------------",mark,,,,,0.3953182783208519,O
Jeremy,PROPN,NNMS1-----A----,nsubj,Nom,Masc,Sing,Anim,0.0383602312516003,B-P|B-pf
Corbyn,PROPN,NNMS1-----A----,flat,Nom,Masc,Sing,Anim,0.1417203068052907,I-P|B-ps
včera,ADV,Db-------------,advmod,,,,,0.0712464706516511,O
v,ADP,RR--6----------,case,Loc,,,,0.021783243301533,O
noci,NOUN,NNFS6-----A----,obl,Loc,Fem,Sing,,-0.0785117671350194,O
zveřejnil,VERB,VpYS----R-AAP--,advcl,,Masc,Sing,,0.0167172637911005,O
záběry,NOUN,NNIP4-----A----,obj,Acc,Masc,Plur,Inan,-0.0434759312141653,O
zavražděné,ADJ,AAFS2----1A----,amod,Gen,Fem,Sing,,0.0376647955381884,O
poslankyně,NOUN,NNFS2-----A----,nmod,Gen,Fem,Sing,,0.0677556934019114,O
a,CCONJ,J^-------------,cc,,,,,0.0592974465388597,O
kritizoval,VERB,VpYS----R-AAI--,conj,,Masc,Sing,,0.020175338394304,O
Borise,PROPN,NNMS4-----A----,obj,Acc,Masc,Sing,Anim,-0.0630480866069113,B-P|B-pf
Johnsona,PROPN,NNMS4-----A----,flat,Acc,Masc,Sing,Anim,0.1182554783255302,I-P|B-ps
.,PUNCT,Z:-------------,punct,,,,,0.1683484634280293,O
Klikněte,VERB,Vi-P---2--A-P--,root,,,Plur,,0.0430830793431401,O
na,ADP,RR--4----------,case,Acc,,,,0.0814369495473745,O
Nyní,ADV,Db-------------,advmod,,,,,0.0627398066220707,O
restartovat,VERB,Vf--------A-B--,xcomp,,,,,0.2230697524502927,O
.,PUNCT,Z:-------------,punct,,,,,0.6802489711511704,O
Ve,ADP,RV--4----------,case,Acc,,,,0.0726775082042695,O
čtvrtek,NOUN,NNIS4-----A----,obl,Acc,Masc,Sing,Inan,0.1081256723349146,O
při,ADP,RR--6----------,case,Loc,,,,-0.2877140950914564,O
požáru,NOUN,NNIS6-----A----,obl,Loc,Masc,Sing,Inan,0.026930760898116,O
v,ADP,RR--6----------,case,Loc,,,,0.0976546920391543,O
továrně,NOUN,NNFS6-----A----,nmod,Loc,Fem,Sing,,0.1328369625264244,O
na,ADP,RR--4----------,case,Acc,,,,0.069012291731623,O
výrobu,NOUN,NNFS4-----A----,nmod,Acc,Fem,Sing,,-0.2003590355054367,O
chemických,ADJ,AAFP2----1A----,amod,Gen,Fem,Plur,,0.0374323786354612,O
přísad,NOUN,NNFP2-----A----,nmod,Gen,Fem,Plur,,0.0608643021343748,O
v,ADP,RR--6----------,case,Loc,,,,0.1077705655070395,O
Rouenu,PROPN,NNIS6-----A----,nmod,Loc,Masc,Sing,Inan,0.0774673539177104,B-gu
nebyl,AUX,VpYS----R-NAI--,aux:pass,,Masc,Sing,,0.1090471267365996,O
nikdo,PRON,PY--1----------,nsubj:pass,Nom,,,Anim,-0.0866571980153059,O
zraněn,ADJ,VsYS----X-APP--,root,,Masc,Sing,,-0.3328528664167948,O
",",PUNCT,Z:-------------,punct,,,,,0.2556976451152775,O
nicméně,CCONJ,J^-------------,cc,,,,,-0.2520910364090172,O
obyvatelé,NOUN,NNMP1-----A----,nsubj,Nom,Masc,Plur,Anim,0.0480187243936518,O
vyjádřili,VERB,VpMP----R-AAP--,conj,,Masc,Plur,Anim,0.1778980129049063,O
obavy,NOUN,NNFP4-----A----,obj,Acc,Fem,Plur,,0.0169809179501787,O
z,ADP,RR--2----------,case,Gen,,,,0.0539791856966786,O
možných,ADJ,AANP2----1A----,amod,Gen,Neut,Plur,,0.0701729483688393,O
zdravotních,ADJ,AANP2----1A----,amod,Gen,Neut,Plur,,-0.0099344385067265,O
rizik,NOUN,NNNP2-----A----,nmod,Gen,Neut,Plur,,0.0577138099032064,O
a,CCONJ,J^-------------,cc,,,,,-0.1312362578226292,O
dopadů,NOUN,NNIP2-----A----,conj,Gen,Masc,Plur,Inan,0.1239301402394064,O
na,ADP,RR--4----------,case,Acc,,,,0.1351857479868582,O
blízkou,ADJ,AAFS4----1A----,amod,Acc,Fem,Sing,,0.0784710976720897,O
řeku,NOUN,NNFS4-----A----,nmod,Acc,Fem,Sing,,-0.0048539060030793,O
Seinu,PROPN,NNFS4-----A----,nmod,Acc,Fem,Sing,,0.0360943271728735,B-gh
.,PUNCT,Z:-------------,punct,,,,,0.4306482805305594,O
To,DET,PDNS1----------,nsubj,Nom,Neut,Sing,,-0.885282764079726,O
může,VERB,VB-S---3P-AAI--,root,,,Sing,,-0.0276763680446165,O
zahrnovat,VERB,Vf--------A-I--,xcomp,,,,,0.1156219497890017,O
špatné,ADJ,AANS4----1A----,amod,Acc,Neut,Sing,,-0.0441453656353803,O
počasí,NOUN,NNNS4-----A----,obj,Acc,Neut,Sing,,-0.1284646110486933,O
",",PUNCT,Z:-------------,punct,,,,,0.209977023031561,O
poruchu,NOUN,NNFS4-----A----,conj,Acc,Fem,Sing,,0.111756412372952,O
systému,NOUN,NNIS2-----A----,nmod,Gen,Masc,Sing,Inan,0.0522731137087544,O
nebo,CCONJ,J^-------------,cc,,,,,0.054012298032706,O
stávku,NOUN,NNFS4-----A----,conj,Acc,Fem,Sing,,-0.0944529972112397,O
zaměstnanců,NOUN,NNMP2-----A----,nmod,Gen,Masc,Plur,Anim,-0.2138927960106159,O
atd,ADV,Bb-------------,conj,,,,,0.0441835500986859,O
.,PUNCT,Z:-------------,punct,,,,,0.1548160610420569,O
Norton,X,F%-------------,nsubj,,,,,0.0360440497094147,B-op
Security,X,F%-------------,flat:foreign,,,,,0.0924046405697528,I-op
Deluxe,X,F%-------------,flat:foreign,,,,,0.1202413806107661,I-op
poskytuje,VERB,VB-S---3P-AAI--,root,,,Sing,,-0.1689228371119115,O
jednoduchý,ADJ,AAIS4----1A----,amod,Acc,Masc,Sing,Inan,0.0931909258965717,O
náhled,NOUN,NNIS4-----A----,obj,Acc,Masc,Sing,Inan,-0.0363944069034358,O
s,ADP,RR--7----------,case,Ins,,,,-0.1272960242660042,O
detaily,NOUN,NNIP7-----A----,nmod,Ins,Masc,Plur,Inan,-0.0116166076688499,O
o,ADP,RR--6----------,case,Loc,,,,-0.0166972400822669,O
stavu,NOUN,NNIS6-----A----,nmod,Loc,Masc,Sing,Inan,-0.0244373759640422,O
zabezpečení,NOUN,NNNS2-----A----,nmod,Gen,Neut,Sing,,-0.0526421444371431,O
vašeho,DET,PSZS2-P2-------,det,Gen,"Masc,Neut",Sing,,0.3456488026142669,O
zařízení,NOUN,NNNS2-----A----,nmod,Gen,Neut,Sing,,0.0026703876839904,O
.,PUNCT,Z:-------------,punct,,,,,0.4775003932458097,O
VŠECHNO,DET,PLNS1----------,det,Nom,Neut,Sing,,0.0914128442405565,O
VRACENÉ,ADJ,AANS1----1A----,amod,Nom,Neut,Sing,,-0.0004846916752141,O
ZBOŽÍ,NOUN,NNNS1-----A----,nsubj:pass,Nom,Neut,Sing,,0.0795312553331134,O
JE,AUX,VB-S---3P-AAI--,aux:pass,,,Sing,,0.0792656001787581,O
ODESÍLÁNO,ADJ,VsNS----X-API--,root,,Neut,Sing,,0.1164571126365964,O
,ADP,RR--4----------,case,Acc,,,,-0.1180611491521777,O
ZODPOVĚDNOST,NOUN,NNFS4-----A----,obl,Acc,Fem,Sing,,0.3305644906762888,O
ODESÍLATELE,NOUN,NNMS2-----A----,nmod,Gen,Masc,Sing,Anim,0.0188418498199548,O
",",PUNCT,Z:-------------,punct,,,,,-0.2953321415961917,O
DOKUD,SCONJ,"J,-------------",mark,,,,,0.0796905634821861,O
JEJ,PRON,PEZS4--3------2,obj,Acc,"Masc,Neut",Sing,,-0.0234028951629927,O
NEOBDRŽÍME,VERB,VB-P---1P-NAP--,advcl,,,Plur,,0.3140536603323158,O
Dosud,ADV,Db-------------,advmod,,,,,0.0957914322410645,O
nepojmenovaný,ADJ,AAIS1----1N----,amod,Nom,Masc,Sing,Inan,0.052523273987174,O
film,NOUN,NNIS1-----A----,nsubj:pass,Nom,Masc,Sing,Inan,-0.1506383376006844,O
bude,AUX,VB-S---3F-AAI--,aux:pass,,,Sing,,0.2145971695613232,O
uveden,ADJ,VsYS----X-APP--,ccomp,,Masc,Sing,,-0.0321922313618232,O
na,ADP,RR--4----------,case,Acc,,,,0.1309840793771693,O
trh,NOUN,NNIS4-----A----,obl,Acc,Masc,Sing,Inan,0.1133979947168831,O
16,NUM,C=-------------,nummod,,,,,-0.0333628154006455,B-T|B-td
.,PUNCT,Z:-------------,punct,,,,,-0.1508199265178887,I-T|I-td
července,NOUN,NNIS2-----A----,obl,Gen,Masc,Sing,Inan,0.0847364478163282,I-T|B-tm
2021,NUM,C=-------------,nummod,,,,,0.3380099212786366,I-T|B-ty
a,CCONJ,J^-------------,cc,,,,,0.199600444148023,O
bude,AUX,VB-S---3F-AAI--,aux:pass,,,Sing,,0.1704403020923963,O
vyroben,ADJ,VsYS----X-APP--,conj,,Masc,Sing,,-0.0229292800992335,O
ve,ADP,RV--6----------,case,Loc,,,,-0.0191223064948355,O
studiu,NOUN,NNNS6-----A----,obl,Loc,Neut,Sing,,-0.032187470918335,O
Marvel,PROPN,NNIS1-----A----,nmod,Nom,Masc,Sing,Inan,0.0664460384230446,B-if
",",PUNCT,Z:-------------,punct,,,,,0.1462075318123282,O
které,DET,P4NS4----------,obj,Acc,Neut,Sing,,0.0896635322021163,O
Disney,PROPN,NNMS1-----A----,nsubj,Nom,Masc,Sing,Anim,-0.0678599972232901,B-if
vlastní,VERB,VB-S---3P-AAI--,acl:relcl,,,Sing,,-0.0251144412876649,O
",",PUNCT,Z:-------------,punct,,,,,0.0861169344688748,O
a,CCONJ,J^-------------,cc,,,,,0.0506117291102812,O
jeho,DET,P9XXXZS3-------,det,,,,,-0.0206666874498907,O
prezidentem,NOUN,NNMS7-----A----,conj,Ins,Masc,Sing,Anim,0.1069907549440376,O
Kevinem,PROPN,NNMS7-----A----,flat,Ins,Masc,Sing,Anim,0.1382629534117667,B-P|B-pf
Feigeem,PROPN,NNMS7-----A----,flat,Ins,Masc,Sing,Anim,0.0406668000802505,I-P|B-ps
",",PUNCT,Z:-------------,punct,,,,,-0.0067118610459922,O
stojí,VERB,VB-S---3P-AAI--,root,,,Sing,,-0.0739691568617308,O
v,ADP,RR--6----------,case,Loc,,,,0.433531153768142,O
tiskové,ADJ,AAFS6----1A----,amod,Loc,Fem,Sing,,0.1089908106859215,O
zprávě,NOUN,NNFS6-----A----,obl,Loc,Fem,Sing,,0.3074142592243697,O
vydané,ADJ,AAFS6----1A----,amod,Loc,Fem,Sing,,0.3474575299951,O
oběma,NUM,CnXP7----------,nummod,Ins,,Plur,,0.0234023910954443,O
studii,NOUN,NNNP7-----A----,obl:arg,Ins,Neut,Plur,,-0.0898241486434939,O
.,PUNCT,Z:-------------,punct,,,,,-0.1162625443070314,O
Mike,PROPN,NNMS1-----A----,nsubj,Nom,Masc,Sing,Anim,0.1039508610792532,B-P|B-pf
Pompeo,PROPN,NNMS1-----A----,flat,Nom,Masc,Sing,Anim,0.001639576890984,I-P|B-ps
tvrdí,VERB,VB-S---3P-AAI--,root,,,Sing,,0.3610776908100496,O
",",PUNCT,Z:-------------,punct,,,,,-0.0615788386730024,O
že,SCONJ,"J,-------------",mark,,,,,-0.0138702239475931,O
syrská,ADJ,AAFS1----1A----,amod,Nom,Fem,Sing,,-0.028007274772789,O
vláda,NOUN,NNFS1-----A----,nsubj,Nom,Fem,Sing,,-0.0773615453134405,O
použila,VERB,VpQW----R-AAP--,ccomp,,"Fem,Neut","Plur,Sing",,0.1595050249810101,O
při,ADP,RR--6----------,case,Loc,,,,0.3792090659515519,O
útoku,NOUN,NNIS6-----A----,obl,Loc,Masc,Sing,Inan,0.1674000314577959,O
v,ADP,RR--6----------,case,Loc,,,,-0.1740368574010371,O
květnu,NOUN,NNIS6-----A----,nmod,Loc,Masc,Sing,Inan,-0.0555162498580732,B-tm
chlor,NOUN,NNIS4-----A----,obj,Acc,Masc,Sing,Inan,-0.166040521779707,O
jako,SCONJ,"J,-------------",mark,,,,,-0.4755980609194301,O
chemickou,ADJ,AAFS4----1A----,amod,Acc,Fem,Sing,,0.1260996496660288,O
zbraň,NOUN,NNFS4-----A----,xcomp,Acc,Fem,Sing,,-0.1840865611108733,O
Šance,NOUN,NNFP1-----A----,nsubj,Nom,Fem,Plur,,0.0348567271189953,O
na,ADP,RR--4----------,case,Acc,,,,0.0228357007826804,O
uspořádání,NOUN,NNNS4-----A----,nmod,Acc,Neut,Sing,,0.029093162001502,O
prvních,ADJ,CrFP2----------,amod,Gen,Fem,Plur,,-0.0111198530776341,O
prezidentských,ADJ,AAFP2----1A----,amod,Gen,Fem,Plur,,0.0572921533410375,O
voleb,NOUN,NNFP2-----A----,nmod,Gen,Fem,Plur,,0.0290161116964351,O
v,ADP,RR--6----------,case,Loc,,,,0.1206361685331181,O
Libyi,PROPN,NNFS6-----A----,nmod,Loc,Fem,Sing,,0.3809564390266188,B-gc
v,ADP,RR--6----------,case,Loc,,,,0.1446369825961073,O
dlouho,ADV,Dg-------1A----,advmod,,,,,-0.004239256359384,O
plánovaném,ADJ,AAIS6----1A----,amod,Loc,Masc,Sing,Inan,0.0773291094484397,O
termínu,NOUN,NNIS6-----A----,nmod,Loc,Masc,Sing,Inan,0.082552043066845,O
24,NUM,C=-------------,nummod,,,,,0.1453619375362984,B-T|B-td
.,PUNCT,Z:-------------,punct,,,,,0.2005382140612832,I-T|I-td
prosince,NOUN,NNIS2-----A----,nmod,Gen,Masc,Sing,Inan,-0.0373749025554726,I-T|B-tm
se,PRON,P7-X4----------,expl:pv,Acc,,,,0.3088660507872241,O
v,ADP,RR--4----------,case,Acc,,,,0.1597061613613713,O
neděli,NOUN,NNFS4-----A----,obl,Acc,Fem,Sing,,0.0261085811376691,O
zdály,VERB,VpTP----R-AAI--,root,,"Fem,Masc",Plur,Inan,0.0140856563158313,O
být,AUX,Vf--------A-I--,xcomp,,,,,-0.0282024556074521,O
blízko,ADV,Dg-------1A----,case,,,,,-0.0049883244065753,O
krachu,NOUN,NNIS3-----A----,obl,Dat,Masc,Sing,Inan,0.5018609676828399,O
poté,ADV,Db-------------,advmod,,,,,0.0918729120856247,O
",",PUNCT,Z:-------------,punct,,,,,0.1948657154971303,O
co,SCONJ,"J,-------------",mark,,,,,-0.1245089855967758,O
orgán,NOUN,NNIS1-----A----,nsubj,Nom,Masc,Sing,Inan,0.0491103646049695,O
dohlížející,ADJ,AGIS1-----A----,amod,Nom,Masc,Sing,Inan,0.065654097531036,O
na,ADP,RR--4----------,case,Acc,,,,0.2121417708288054,O
hlasování,NOUN,NNNS4-----A----,obl:arg,Acc,Neut,Sing,,-0.0476215903579338,O
uvedl,VERB,VpYS----R-AAP--,advcl,,Masc,Sing,,-0.0735421034672619,O
",",PUNCT,Z:-------------,punct,,,,,0.0394889981768863,O
že,SCONJ,"J,-------------",mark,,,,,0.0664849663212773,O
kvůli,ADP,RR--3----------,case,Dat,,,,0.0620744383553519,O
přetrvávajícím,ADJ,AGFP3-----A----,amod,Dat,Fem,Plur,,0.0943744790080941,O
právním,ADJ,AAFP3----1A----,amod,Dat,Fem,Plur,,0.0312300045498573,O
pochybnostem,NOUN,NNFP3-----A----,obl,Dat,Fem,Plur,,0.1638512386378942,O
nemůže,VERB,VB-S---3P-NAI--,ccomp,,,Sing,,-0.0468768681069243,O
oznámit,VERB,Vf--------A-P--,xcomp,,,,,0.1689263137797234,O
schválené,ADJ,AAMP4----1A----,amod,Acc,Masc,Plur,Anim,0.0090643143494992,O
kandidáty,NOUN,NNMP4-----A----,obj,Acc,Masc,Plur,Anim,0.0255325523348287,O
.,PUNCT,Z:-------------,punct,,,,,0.080674168661842,O
Evropský,ADJ,AAMS1----1A----,amod,Nom,Masc,Sing,Anim,-0.0537093608240602,O
šampion,NOUN,NNMS1-----A----,nsubj,Nom,Masc,Sing,Anim,0.0351442305887442,O
ve,ADP,RV--6----------,case,Loc,,,,0.009949142902176,O
skoku,NOUN,NNIS6-----A----,nmod,Loc,Masc,Sing,Inan,0.2288034319503812,O
o,ADP,RR--6----------,case,Loc,,,,-0.0552854274988297,O
tyči,NOUN,NNFS6-----A----,nmod,Loc,Fem,Sing,,3.645901660774416,O
Armand,PROPN,NNMS1-----A----,flat,Nom,Masc,Sing,Anim,0.0558502729829323,B-P|B-pf
Duplantis,PROPN,NNMS1-----A----,flat,Nom,Masc,Sing,Anim,0.0267002330519192,I-P|B-ps
",",PUNCT,Z:-------------,punct,,,,,0.1653036824040931,O
který,DET,P4YS1----------,nsubj,Nom,Masc,Sing,,0.0341286564290213,O
trénuju,VERB,VB-S---1P-AAI--,acl:relcl,,,Sing,,0.0359237526688353,O
v,ADP,RR--6----------,case,Loc,,,,-0.6161947989346178,O
horkém,ADJ,AAIS6----1A----,amod,Loc,Masc,Sing,Inan,-0.207521872741652,O
jižním,ADJ,AAIS6----1A----,amod,Loc,Masc,Sing,Inan,0.0984813487855665,O
státu,NOUN,NNIS6-----A---1,obl,Loc,Masc,Sing,Inan,-0.0643586900395337,O
Louisiana,PROPN,NNFS1-----A----,nmod,Nom,Fem,Sing,,0.0911442053037178,B-gr
v,ADP,RR--6----------,case,Loc,,,,0.1544233988099141,O
USA,PROPN,BNXXX-----A----,nmod,,,,,-0.0116572849319897,B-gc
",",PUNCT,Z:-------------,punct,,,,,0.1878870411590056,O
řekl,VERB,VpYS----R-AAP--,root,,Masc,Sing,,0.0258349285963341,O
",",PUNCT,Z:-------------,punct,,,,,0.1053777647417389,O
že,SCONJ,"J,-------------",mark,,,,,0.0807571935781627,O
vlhkost,NOUN,NNFS1-----A----,nsubj,Nom,Fem,Sing,,-0.021684351792949,O
se,PRON,P7-X4----------,expl:pv,Acc,,,,-0.0012638180492802,O
může,VERB,VB-S---3P-AAI--,ccomp,,,Sing,,0.0618103241088324,O
v,ADP,RR--6----------,case,Loc,,,,0.0127304452033209,O
praxi,NOUN,NNFS6-----A----,obl,Loc,Fem,Sing,,0.0516445883698813,O
ukázat,VERB,Vf--------A-P--,xcomp,,,,,-0.0410867235325744,O
jako,SCONJ,"J,-------------",mark,,,,,0.1423764800950077,O
užitečná,ADJ,AAFS1----1A----,obj,Nom,Fem,Sing,,0.0036975956580799,O
",",PUNCT,Z:-------------,punct,,,,,0.2008413679003756,O
protože,SCONJ,"J,-------------",mark,,,,,0.0523271252847426,O
větší,ADJ,AAFS1----2A----,amod,Nom,Fem,Sing,,0.055267542438868,O
vlhkost,NOUN,NNFS1-----A----,nsubj,Nom,Fem,Sing,,0.0296926336969539,O
v,ADP,RR--6----------,case,Loc,,,,0.0706451416223893,O
křídě,NOUN,NNFS6-----A----,nmod,Loc,Fem,Sing,,0.024885139307543,O
na,ADP,RR--6----------,case,Loc,,,,-0.0319376555591097,O
jeho,DET,P9XXXZS3-------,det,,,,,0.0604327662231913,O
rukách,NOUN,NNFP6-----A----,nmod,Loc,Fem,Plur,,0.0753114818948513,O
přispívá,VERB,VB-S---3P-AAI--,advcl,,,Sing,,0.1491549371383895,O
k,ADP,RR--3----------,case,Dat,,,,0.0640934392278583,O
pohodlnému,ADJ,AANS3----1A----,amod,Dat,Neut,Sing,,-0.0550397481669076,O
uchopení,NOUN,NNNS3-----A----,obl:arg,Dat,Neut,Sing,,0.0548073983587998,O
tyče“,NOUN,NNFP2-----A----,nmod,Gen,Fem,Plur,,0.0556480276092671,O
.,PUNCT,Z:-------------,punct,,,,,0.1646897895209952,O
Dalších,ADJ,AAIP2----1A----,amod,Gen,Masc,Plur,Inan,0.0197716942334468,O
75,NUM,C=-------------,nsubj:pass,,,,,0.0766705428440275,B-nc
milionů,DET,CzIP2----------,det,Gen,Masc,Plur,Inan,-0.010642285671876,I-nc
liber,NOUN,NNFP2-----A----,nmod,Gen,Fem,Plur,,0.0429397570846257,O
pomoci,NOUN,NNFS2-----A----,nmod,Gen,Fem,Sing,,0.0029643086243838,O
bude,AUX,VB-S---3F-AAI--,aux:pass,,,Sing,,0.0125681683916632,O
Spojeným,ADJ,AANS7----1A----,amod,Ins,Neut,Sing,,0.0424436864776194,B-gc
královstvím,NOUN,NNNS7-----A----,obl,Ins,Neut,Sing,,0.0846385888440035,I-gc
dáno,ADJ,VsNS----X-APP--,ccomp,,Neut,Sing,,0.0532547700424828,O
Afghánistánu,PROPN,NNIS3-----A----,obl:arg,Dat,Masc,Sing,Inan,0.0508031301568803,B-gc
",",PUNCT,Z:-------------,punct,,,,,-0.0417119667695991,O
aby,AUX,Vc-------------,aux,,,,,0.0228565611446498,O
pomohla,VERB,VpQW----R-AAP--,advcl,,"Fem,Neut","Plur,Sing",,0.070136962528171,O
zlepšit,VERB,Vf--------A-P--,xcomp,,,,,0.106205480552864,O
jeho,DET,P9XXXZS3-------,det,,,,,0.0692533714854509,O
zhoršující,ADJ,AGFS4-----A----,amod,Acc,Fem,Sing,,0.0405659131779635,O
se,PRON,P7-X4----------,expl:pv,Acc,,,,0.0093043156176121,O
humanitární,ADJ,AAFS4----1A----,amod,Acc,Fem,Sing,,0.0909512015881398,O
situaci,NOUN,NNFS4-----A----,obj,Acc,Fem,Sing,,0.0606516468510304,O
",",PUNCT,Z:-------------,punct,,,,,0.0154394863500724,O
oznámila,VERB,VpQW----R-AAP--,root,,"Fem,Neut","Plur,Sing",,0.0262063917533375,O
Liz,PROPN,NNFXX-----A----,nsubj,,Fem,,,0.163028787197893,B-P|B-pf
Truss,PROPN,NNFXX-----A----,flat,,Fem,,,0.033528075765091,I-P|B-ps
.,PUNCT,Z:-------------,punct,,,,,0.8347768225594622,O
Předplatné,NOUN,NNNS1-----A----,nsubj,Nom,Neut,Sing,,0.0831723903882583,O
začíná,VERB,VB-S---3P-AAI--,root,,,Sing,,0.5483117702551091,O
po,ADP,RR--6----------,case,Loc,,,,-0.3998440229156708,O
online,ADJ,AAFS6----1A----,amod,Loc,Fem,Sing,,0.6641591502751197,O
aktivaci,NOUN,NNFS6-----A----,obl,Loc,Fem,Sing,,0.048318819669035,O
.,PUNCT,Z:-------------,punct,,,,,0.213752729167273,O
Aqua,X,F%-------------,nmod,,,,,-0.2819428927916442,O
minerály,NOUN,NNIP1-----A----,nsubj,Nom,Masc,Plur,Inan,0.2194424855204679,O
udržují,VERB,VB-P---3P-AAI--,root,,,Plur,,-0.082991593653432,O
pokožku,NOUN,NNFS4-----A----,obj,Acc,Fem,Sing,,-0.1814657461663983,O
hydratovanou,ADJ,AAFS4----1A----,amod,Acc,Fem,Sing,,0.1183086006430914,O
a,CCONJ,J^-------------,cc,,,,,-0.500584241657787,O
pružnou,ADJ,AAFS4----1A----,conj,Acc,Fem,Sing,,0.2872737656057412,O
.,PUNCT,Z:-------------,punct,,,,,0.5804600979002449,O
Třeba,PART,TT-------------,advmod:emph,,,,,0.2040829517545706,O
kousek,NOUN,NNIS4-----A----,root,Acc,Masc,Sing,Inan,-0.2951953216647315,O
pizzy,NOUN,NNFS2-----A----,nmod,Gen,Fem,Sing,,0.2889987040658495,O
nebo,CCONJ,J^-------------,cc,,,,,0.0101368555808896,O
pohár,NOUN,NNIS4-----A----,conj,Acc,Masc,Sing,Inan,-0.2369964499189991,O
zmrzliny,NOUN,NNFS2-----A----,nmod,Gen,Fem,Sing,,0.7053200893587219,O
?,PUNCT,Z:-------------,punct,,,,,-0.4168286581835961,O
Uklidňující,ADJ,AGFS1-----A----,amod,Nom,Fem,Sing,,-0.0376858773324999,O
zelená,ADJ,AAFS1----1A----,amod,Nom,Fem,Sing,,0.0260867627054651,O
barva,NOUN,NNFS1-----A----,nsubj,Nom,Fem,Sing,,0.191626378808885,O
i,CCONJ,J^-------------,cc,,,,,-0.2438595958431039,O
vůně,NOUN,NNFS1-----A----,conj,Nom,Fem,Sing,,0.2278344118273427,O
jehličí,NOUN,NNNS2-----A----,nmod,Gen,Neut,Sing,,0.1670237820882456,O
prý,PART,TT-------------,advmod,,,,,-0.0191296487651945,O
mají,VERB,VB-P---3P-AAI--,root,,,Plur,,-0.1438735236772592,O
zklidňující,ADJ,AGIP4-----A----,amod,Acc,Masc,Plur,Inan,0.0332211032490896,O
účinky,NOUN,NNIP4-----A----,obj,Acc,Masc,Plur,Inan,-0.1183348749039482,O
a,CCONJ,J^-------------,cc,,,,,0.2717941937198759,O
příznivý,ADJ,AAIS4----1A----,amod,Acc,Masc,Sing,Inan,0.043939258045925,O
vliv,NOUN,NNIS4-----A----,conj,Acc,Masc,Sing,Inan,0.0064588021733213,O
na,ADP,RR--4----------,case,Acc,,,,0.0925628560769222,O
náš,DET,PSIS4-P1-------,det,Acc,Masc,Sing,Inan,-0.0954979855212313,O
spánek,NOUN,NNIS4-----A----,nmod,Acc,Masc,Sing,Inan,0.0174095823389042,O
–,PUNCT,Z:-------------,punct,,,,,0.2021194810938948,O
zatímco,SCONJ,"J,-------------",mark,,,,,0.0340413161095677,O
umělé,ADJ,AAIP1----1A----,amod,Nom,Masc,Plur,Inan,0.0388576847550363,O
stromky,NOUN,NNIP1-----A----,nsubj,Nom,Masc,Plur,Inan,0.1900100011664924,O
mohou,VERB,VB-P---3P-AAI-1,advcl,,,Plur,,-0.0138258430662759,O
vyvolávat,VERB,Vf--------A-I--,xcomp,,,,,0.0648739393524527,O
pocity,NOUN,NNIP4-----A----,obj,Acc,Masc,Plur,Inan,0.0087174368265352,O
nostalgie,NOUN,NNFS2-----A----,nmod,Gen,Fem,Sing,,-0.1201728103926347,O
.,PUNCT,Z:-------------,punct,,,,,0.6155460465064402,O
Muž,NOUN,NNMS1-----A----,nsubj,Nom,Masc,Sing,Anim,-0.2708535050513443,O
z,ADP,RR--2----------,case,Gen,,,,0.1819791951844958,O
Floridy,PROPN,NNFS2-----A----,nmod,Gen,Fem,Sing,,-0.1171971506570272,B-gr
se,PRON,P7-X4----------,expl:pv,Acc,,,,-0.1987591442870024,O
přiznal,VERB,VpYS----R-AAP--,root,,Masc,Sing,,-0.0754877838766149,O
",",PUNCT,Z:-------------,punct,,,,,0.1456415964107327,O
že,SCONJ,"J,-------------",mark,,,,,0.1330030541281048,O
unesl,VERB,VpYS----R-AAP--,ccomp,,Masc,Sing,,0.0179709814901086,O
plastického,ADJ,AAMS4----1A----,amod,Acc,Masc,Sing,Anim,-0.0743749409621066,O
chirurga,NOUN,NNMS4-----A----,obj,Acc,Masc,Sing,Anim,0.220793811389794,O
a,CCONJ,J^-------------,cc,,,,,0.1687443756549967,O
při,ADP,RR--6----------,case,Loc,,,,-0.5101450367305006,O
pokusu,NOUN,NNIS6-----A---1,obl,Loc,Masc,Sing,Inan,0.0443257738013519,O
o,ADP,RR--4----------,case,Acc,,,,-0.0130522880744854,O
vydírání,NOUN,NNNS4-----A----,nmod,Acc,Neut,Sing,,0.0394385542217384,O
ho,PRON,P5ZS4--3-------,obj,Acc,"Masc,Neut",Sing,,0.0644185644482276,O
mučil,VERB,VpYS----R-AAI--,conj,,Masc,Sing,,0.0557155944304765,O
letlampou,NOUN,NNFS7-----A----,obl,Ins,Fem,Sing,,0.0590647065999375,O
.,PUNCT,Z:-------------,punct,,,,,-0.0834211664465284,O
Mezinárodní,ADJ,AAFP1----1A----,amod,Nom,Fem,Plur,,0.1015774570078226,O
zásilky,NOUN,NNFP1-----A----,nsubj:pass,Nom,Fem,Plur,,0.0537689512705464,O
jsou,AUX,VB-P---3P-AAI--,aux:pass,,,Plur,,-0.1606940766236606,O
obvykle,ADV,Dg-------1A----,advmod,,,,,-0.2739956999707691,O
doručeny,ADJ,VsTP----X-APP--,root,,"Fem,Masc",Plur,Inan,-0.0197677349292251,O
do,ADP,RR--2----------,case,Gen,,,,-0.1676619784839117,O
11,NUM,C=-------------,nummod,,,,,0.154075656835905,B-nc
až,CCONJ,J^-------------,cc,,,,,-0.1196341805651897,O
22,NUM,C=-------------,conj,,,,,0.0840641310692034,B-nc
pracovních,ADJ,AAIP2----1A----,amod,Gen,Masc,Plur,Inan,0.0097024074355189,O
dní,NOUN,NNIP2-----A---1,obl,Gen,Masc,Plur,Inan,0.1209445006875176,O
",",PUNCT,Z:-------------,punct,,,,,0.2279122391549765,O
v,ADP,RR--6----------,case,Loc,,,,-0.019228650461689,O
závislosti,NOUN,NNFS6-----A----,fixed,Loc,Fem,Sing,,-0.0610340755075326,O
na,ADP,RR--6----------,fixed,Loc,,,,0.0360470117813571,O
době,NOUN,NNFS6-----A----,obl,Loc,Fem,Sing,,0.0109053108829879,O
potřebné,ADJ,AAFS6----1A----,amod,Loc,Fem,Sing,,0.1524496296835196,O
k,ADP,RR--3----------,case,Dat,,,,0.0782258265680862,O
proclení,NOUN,NNNS3-----A----,obl,Dat,Neut,Sing,,0.1272116018357296,O
.,PUNCT,Z:-------------,punct,,,,,-0.1486879398741704,O
Pomocí,ADP,RR--2----------,case,Gen,,,,0.2659769148991524,O
produktu,NOUN,NNIS2-----A----,obl,Gen,Masc,Sing,Inan,-0.1278111715328711,O
Norton,X,F%-------------,nmod,,,,,0.0458482757936692,B-op
Security,X,F%-------------,flat:foreign,,,,,0.0373879494933374,I-op
Deluxe,X,F%-------------,flat:foreign,,,,,0.2272880581080835,I-op
vaše,DET,P8NS4----------,det,Acc,Neut,Sing,,-0.2341061727687788,O
zařízení,NOUN,NNNS4-----A----,obj,Acc,Neut,Sing,,-0.1028222346235395,O
snadno,ADV,Dg-------1A----,advmod,,,,,-0.4940762992570702,O
a,CCONJ,J^-------------,cc,,,,,0.0612750611944748,O
rychle,ADV,Dg-------1A----,conj,,,,,0.1309408960606404,O
zabezpečíte,VERB,VB-P---2P-AAP--,root,,,Plur,,0.2247466915690206,O
.,PUNCT,Z:-------------,punct,,,,,0.4849994706681261,O
Jacques,PROPN,NNMS1-----A----,nsubj,Nom,Masc,Sing,Anim,0.882489590541694,B-P|B-pf
Chirac,PROPN,NNMS1-----A----,flat,Nom,Masc,Sing,Anim,0.1013902506652057,I-P|B-ps
",",PUNCT,Z:-------------,punct,,,,,-0.0437864757647853,O
který,DET,P4YS1----------,nsubj,Nom,Masc,Sing,,-0.0364931498550612,O
podpořil,VERB,VpYS----R-AAP--,acl:relcl,,Masc,Sing,,-0.0078238633182118,O
Indii,PROPN,NNFS4-----A----,obj,Acc,Fem,Sing,,0.0850922070376039,B-gc
poté,ADV,Db-------------,advmod,,,,,-0.1196028352358246,O
",",PUNCT,Z:-------------,punct,,,,,0.0830673700365852,O
co,SCONJ,"J,-------------",mark,,,,,0.0910454494157123,O
v,ADP,RR--6----------,case,Loc,,,,0.0553715509021577,O
roce,NOUN,NNIS6-----A---1,obl,Loc,Masc,Sing,Inan,-0.094162792232934,O
1998,NUM,C=-------------,nummod,,,,,0.0227387336310382,B-ty
provedla,VERB,VpQW----R-AAP--,advcl,,"Fem,Neut","Plur,Sing",,0.0108168716817238,O
jaderné,ADJ,AAIP4----1A----,amod,Acc,Masc,Plur,Inan,0.0841854914826816,O
testy,NOUN,NNIP4-----A----,obj,Acc,Masc,Plur,Inan,0.0683068176674514,O
",",PUNCT,Z:-------------,punct,,,,,0.050447596220419,O
zemřel,VERB,VpYS----R-AAP--,root,,Masc,Sing,,0.0296303718494604,O
ve,ADP,RV--4----------,case,Acc,,,,0.1179665234742905,O
čtvrtek,NOUN,NNIS4-----A----,obl,Acc,Masc,Sing,Inan,-0.010704083686733,O
ve,ADP,RV--6----------,case,Loc,,,,0.0453023494972162,O
věku,NOUN,NNIS6-----A----,obl,Loc,Masc,Sing,Inan,-0.0776529548765792,O
86,NUM,C=-------------,nummod,,,,,0.1377517713660716,B-na
let,NOUN,NNNP2-----A----,nmod,Gen,Neut,Plur,,0.1012236507437525,O
.,PUNCT,Z:-------------,punct,,,,,0.0848660335753694,O
V,ADP,RR--6----------,case,Loc,,,,0.046871880033712,O
letech,NOUN,NNNP6-----A----,obl,Loc,Neut,Plur,,0.0437436970419232,O
1995,NUM,C=-------------,nummod,,,,,0.0434538470204182,B-ty
až,CCONJ,J^-------------,cc,,,,,0.0594033343829852,O
2007,NUM,C=-------------,conj,,,,,0.0080577382003046,B-ty
působil,VERB,VpYS----R-AAI--,root,,Masc,Sing,,0.0054992906733384,O
ve,ADP,RV--6----------,case,Loc,,,,0.0255998455902026,O
funkci,NOUN,NNFS6-----A----,obl,Loc,Fem,Sing,,0.0573124416040458,O
francouzského,ADJ,AAMS2----1A----,amod,Gen,Masc,Sing,Anim,0.1123113205849491,O
prezidenta,NOUN,NNMS2-----A----,nmod,Gen,Masc,Sing,Anim,0.1130089471417743,O
.,PUNCT,Z:-------------,punct,,,,,-0.0036472400818584,O
Westovy,ADJ,AUIP1M---------,amod,Nom,Masc,Plur,Inan,0.2615604352737021,B-ps
nevypočitatelné,ADJ,AAIP1----1N----,amod,Nom,Masc,Plur,Inan,0.0735776654419743,O
tweety,NOUN,NNIP1-----A----,root,Nom,Masc,Plur,Inan,-0.0936954830474374,O
včetně,ADP,RR--2----------,case,Gen,,,,-0.2584844690278597,O
tvrzení,NOUN,NNNS2-----A----,nmod,Gen,Neut,Sing,,-0.1163803115197984,O
",",PUNCT,Z:-------------,punct,,,,,0.0027109102076368,O
že,SCONJ,"J,-------------",mark,,,,,0.0024730895084267,O
jeho,DET,P9XXXZS3-------,det,,,,,0.1818911378702093,O
manželka,NOUN,NNFS1-----A----,nsubj,Nom,Fem,Sing,,0.0510056704768387,O
a,CCONJ,J^-------------,cc,,,,,0.1338635290289599,O
lékaři,NOUN,NNMP1-----A----,conj,Nom,Masc,Plur,Anim,-0.0961170660823632,O
usilují,VERB,VB-P---3P-AAI--,acl,,,Plur,,0.1624722653921854,O
o,ADP,RR--4----------,case,Acc,,,,0.0131508238911809,O
jeho,DET,P9XXXZS3-------,det,,,,,0.0729991532448936,O
hospitalizaci...,NOUN,NNFS4-----A----,obl:arg,Acc,Fem,Sing,,0.0159742102102728,O
zveřejnil,VERB,VpYS----R-AAP--,conj,,Masc,Sing,,0.0467431927941155,O
několik,DET,Ca--4----------,det:numgov,Acc,,,,-0.0656218934187059,O
obvinění,NOUN,NNNP2-----A----,obj,Gen,Neut,Plur,,-0.0105499043707852,O
i,CCONJ,J^-------------,advmod:emph,,,,,-0.1902055673106172,O
vůči,ADP,RR--3----------,case,Dat,,,,-0.0131744362806647,O
své,DET,P8FS3---------1,det,Dat,Fem,Sing,,0.1853124717828184,O
tchýni,NOUN,NNFS3-----A----,nmod,Dat,Fem,Sing,,0.0479903687766031,O
",",PUNCT,Z:-------------,punct,,,,,0.4523004353831268,O
Kris,PROPN,NNFXX-----A----,appos,,Fem,,,0.2264558875483555,B-P|B-pf
Jennerové,PROPN,NNFS3-----A----,flat,Dat,Fem,Sing,,0.0682545882867635,I-P|B-ps
.,PUNCT,Z:-------------,punct,,,,,0.1354280865265801,O
Plus,X,F%-------------,root,,,,,0.2241804994815412,O
Muscle,X,F%-------------,flat:foreign,,,,,0.0546037360338374,O
Maintenance,X,F%-------------,flat:foreign,,,,,0.1628676797765094,O
pro,ADP,RR--4----------,case,Acc,,,,-0.204203161337563,O
podporu,NOUN,NNFS4-----A----,nmod,Acc,Fem,Sing,,-0.305831856272655,O
tvorby,NOUN,NNFS2-----A----,nmod,Gen,Fem,Sing,,0.0230767911238364,O
a,CCONJ,J^-------------,cc,,,,,0.5981346069878601,O
činnosti,NOUN,NNFS2-----A----,conj,Gen,Fem,Sing,,0.1834859728779021,O
svalů,NOUN,NNIP2-----A----,nmod,Gen,Masc,Plur,Inan,0.3198817009594034,O
Pokud,SCONJ,"J,-------------",mark,,,,,-0.0399648587311764,O
chcete,VERB,VB-P---2P-AAI--,advcl,,,Plur,,0.122920918164476,O
opravit,VERB,Vf--------A-P--,xcomp,,,,,0.0780149715926399,O
svůj,DET,P8IS4----------,det,Acc,Masc,Sing,Inan,0.0204296829597428,O
účet,NOUN,NNIS4-----A----,obj,Acc,Masc,Sing,Inan,-0.0125272964056974,O
v,ADP,RR--6----------,case,Loc,,,,0.0780687254082753,O
aplikaci,NOUN,NNFS6-----A----,nmod,Loc,Fem,Sing,,-0.0569219719269109,O
pro,ADP,RR--4----------,case,Acc,,,,0.1612441701160876,O
Android,PROPN,NNIS4-----A----,nmod,Acc,Masc,Sing,Inan,0.1729487490322706,B-op
",",PUNCT,Z:-------------,punct,,,,,-0.3211135707154673,O
postupujte,VERB,Vi-P---2--A-I--,root,,,Plur,,0.0797290711673805,O
prosím,VERB,VB-S---1P-AAI--,xcomp,,,Sing,,-0.3354340144422471,O
dle,ADP,RR--2----------,case,Gen,,,,-0.238248184997608,O
níže,ADV,Dg-------2A---1,advmod,,,,,0.2760648659033205,O
uvedených,ADJ,AAIP2----1A----,amod,Gen,Masc,Plur,Inan,-0.0418268527209089,O
pokynů,NOUN,NNIP2-----A----,obl,Gen,Masc,Plur,Inan,0.3506958548559244,O
:,PUNCT,Z:-------------,punct,,,,,-0.2497613355108953,O
Jednoduše,ADV,Dg-------1A----,advmod,,,,,0.0386279722305441,O
podají,VERB,VB-P---3P-AAP--,root,,,Plur,,-0.0491494388296062,O
jedincům,NOUN,NNMP3-----A----,obl:arg,Dat,Masc,Plur,Anim,0.0371071948861879,O
rekonvalescentní,ADJ,AAFS4----1A----,amod,Acc,Fem,Sing,,0.0385246550237146,O
plazmu,NOUN,NNFS4-----A----,obj,Acc,Fem,Sing,,0.0277356773605305,O
a,CCONJ,J^-------------,cc,,,,,-0.0398878343407068,O
doufají,VERB,VB-P---3P-AAI--,conj,,,Plur,,-0.0145739253667855,O
",",PUNCT,Z:-------------,punct,,,,,0.0261664458286139,O
že,SCONJ,"J,-------------",mark,,,,,0.0777165385728165,O
to,DET,PDNS1----------,nsubj,Nom,Neut,Sing,,0.1138479935414947,O
bude,AUX,VB-S---3F-AAI--,aux,,,Sing,,0.0361565462857559,O
fungovat,VERB,Vf--------A-I--,ccomp,,,,,0.0329569315568601,O
.,PUNCT,Z:-------------,punct,,,,,-0.0289556274447067,O
Takto,ADV,Db-------------,advmod,,,,,-0.0100726492518523,O
bylo,AUX,VpNS----R-AAI--,aux:pass,,Neut,Sing,,0.158548619474365,O
podáno,ADJ,VsNS----X-APP--,ccomp,,Neut,Sing,,-0.0264510777297203,O
už,ADV,Db-------------,advmod:emph,,,,,-0.1739748394589885,O
obrovské,ADJ,AANS1----1A----,amod,Nom,Neut,Sing,,-0.0590300570644028,O
množství,NOUN,NNNS1-----A----,nsubj:pass,Nom,Neut,Sing,,0.052915019123332,O
a,CCONJ,J^-------------,cc,,,,,0.0366549209829868,O
oni,PRON,PEMP1--3-------,nsubj,Nom,Masc,Plur,Anim,-0.0707797595700115,O
pořád,ADV,Db-------------,advmod,,,,,-0.0858735383013771,O
nejsou,AUX,VB-P---3P-NAI--,cop,,,Plur,,0.0102314636996594,O
schopni,ADJ,ACMP------A----,conj,,Masc,Plur,Anim,-0.0271082438936477,O
říct,VERB,Vf--------A-P-1,xcomp,,,,,-0.1026170871689004,O
",",PUNCT,Z:-------------,punct,,,,,0.0238418854919493,O
zda,SCONJ,"J,-------------",mark,,,,,-0.1131726130531194,O
to,DET,PDNS1----------,nsubj,Nom,Neut,Sing,,-0.038835209288529,O
pomáhá,VERB,VB-S---3P-AAI--,ccomp,,,Sing,,0.0129767623181442,O
",",PUNCT,Z:-------------,punct,,,,,0.0615644230199884,O
škodí,VERB,VB-S---3P-AAI--,conj,,,Sing,,0.0034673866836355,O
nebo,CCONJ,J^-------------,cc,,,,,0.0297593845079664,O
nemá,VERB,VB-S---3P-NAI--,conj,,,Sing,,-0.1157374980581819,O
žádný,DET,PWIS4----------,det,Acc,Masc,Sing,Inan,-0.0906086903576146,O
vliv,NOUN,NNIS4-----A----,obj,Acc,Masc,Sing,Inan,-0.0435695721032214,O
",",PUNCT,Z:-------------,punct,,,,,0.0837842835225882,O
“,PUNCT,Z:-------------,punct,,,,,-0.1864564863288152,O
dodává,VERB,VB-S---3P-AAI--,root,,,Sing,,-0.0289418977882401,O
Landray,PROPN,NNMS1-----A----,nsubj,Nom,Masc,Sing,Anim,-0.017552757562484,B-ps
",",PUNCT,Z:-------------,punct,,,,,0.0404476741039631,O
expert,NOUN,NNMS1-----A----,appos,Nom,Masc,Sing,Anim,0.0710927895245618,O
na,ADP,RR--4----------,case,Acc,,,,0.0417239941780744,O
přípravu,NOUN,NNFS4-----A----,nmod,Acc,Fem,Sing,,-0.0092380089877692,O
rozsáhlých,ADJ,AAFP2----1A----,amod,Gen,Fem,Plur,,0.0300123290267236,O
lékových,ADJ,AAFP2----1A----,amod,Gen,Fem,Plur,,-0.0671890071584411,O
studií,NOUN,NNFP2-----A----,nmod,Gen,Fem,Plur,,-0.0142631207699114,O
.,PUNCT,Z:-------------,punct,,,,,0.0290765906939035,O
Jižní,ADJ,AAFS1----1A----,amod,Nom,Fem,Sing,,0.5558864407131313,B-gc
Afrika,PROPN,NNFS1-----A----,nsubj,Nom,Fem,Sing,,-0.1793784169466081,I-gc
vzdala,VERB,VpQW----R-AAP--,root,,"Fem,Neut","Plur,Sing",,-0.1591868032864864,O
poctu,NOUN,NNFS4-----A----,obj,Acc,Fem,Sing,,0.1625110450508501,O
poslednímu,ADJ,AAMS3----1A----,amod,Dat,Masc,Sing,Anim,0.1207654054128505,O
představiteli,NOUN,NNMS3-----A----,obl:arg,Dat,Masc,Sing,Anim,0.245122170112441,O
apartheidu,NOUN,NNIS2-----A----,nmod,Gen,Masc,Sing,Inan,0.2162447109658639,O
De,X,F%-------------,nmod,,,,,0.3810848718920427,B-ps
Klerkovi,PROPN,NNMS3-----A----,flat,Dat,Masc,Sing,Anim,0.1355480148170471,I-ps
JURUPA,PROPN,NNMS1-----A----,root,Nom,Masc,Sing,Anim,0.0671822808093155,O
VALLEY,PROPN,NNMS1-----A----,flat,Nom,Masc,Sing,Anim,-0.028233299833459,O
(,PUNCT,Z:-------------,punct,,,,,-0.1201073860362322,O
CBSLA,NOUN,BNXXX-----A----,dep,,,,,-0.078305505439969,B-gl
),PUNCT,Z:-------------,punct,,,,,0.0553601294503812,O
–,PUNCT,Z:-------------,punct,,,,,-0.0277386144524235,O
V,ADP,RR--4----------,case,Acc,,,,-0.268391362787024,O
sobotu,NOUN,NNFS4-----A----,obl,Acc,Fem,Sing,,-0.0718722474910274,O
odpoledne,ADV,Db-------------,advmod,,,,,0.1297971620213558,O
vypukl,VERB,VpYS----R-AAP-1,root,,Masc,Sing,,0.0074835321130033,O
v,ADP,RR--6----------,case,Loc,,,,0.1355218862330318,O
neobydlené,ADJ,AAFS6----1N----,amod,Loc,Fem,Sing,,0.0696277186717159,O
části,NOUN,NNFS6-----A----,obl,Loc,Fem,Sing,,0.0872243945386193,O
Jurupa,X,F%-------------,nmod,,,,,0.1066287458281966,B-gl
Valley,X,F%-------------,flat:foreign,,,,,-0.0726530628100405,I-gl
požár,NOUN,NNIS1-----A----,nsubj,Nom,Masc,Sing,Inan,-0.168895127299186,O
",",PUNCT,Z:-------------,punct,,,,,0.3754108594708338,O
na,ADP,RR--6----------,case,Loc,,,,0.0028998197063111,O
jehož,DET,P1XXXZS3-------,det,,,,,0.0698274335195687,O
uhašení,NOUN,NNNS6-----A----,obl:arg,Loc,Neut,Sing,,0.0466589897997472,O
pracuje,VERB,VB-S---3P-AAI--,acl:relcl,,,Sing,,-0.0349467822577166,O
více,ADV,Dg-------2A----,nsubj,,,,,0.0344898742308804,O
než,SCONJ,"J,-------------",mark,,,,,-0.1315813131314585,O
200,NUM,C=-------------,obl,,,,,-0.0983024249501252,O
hasičů,NOUN,NNMP2-----A----,nmod,Gen,Masc,Plur,Anim,0.038199299859151,O
.,PUNCT,Z:-------------,punct,,,,,0.374148245884691,O
Máte-li,VERB,VB-P---2P-AAI--,advcl,,,Plur,,0.1131148424460818,O
jakýkoli,DET,PZIS4----------,det,Acc,Masc,Sing,Inan,-0.045188535317554,O
dotaz,NOUN,NNIS4-----A----,obj,Acc,Masc,Sing,Inan,-0.1239443419685172,O
nebo,CCONJ,J^-------------,cc,,,,,-0.260618351721814,O
problém,NOUN,NNIS4-----A----,conj,Acc,Masc,Sing,Inan,0.0036632773518265,O
",",PUNCT,Z:-------------,punct,,,,,0.2466621088417876,O
neváhejte,VERB,Vi-P---2--N-I--,root,,,Plur,,0.0055138044582337,O
nás,PRON,PP-P4--1-------,obj,Acc,,Plur,,-0.05397074134765,O
kontaktovat,VERB,Vf--------A-I--,xcomp,,,,,0.0190951240539742,O
prostřednictvím,NOUN,NNNS7-----A----,case,Ins,Neut,Sing,,0.0383296551594513,O
systému,NOUN,NNIS2-----A----,obl,Gen,Masc,Sing,Inan,-0.0547602962899876,O
zpráv,NOUN,NNFP2-----A----,nmod,Gen,Fem,Plur,,-0.1122550529166659,O
eBay,NOUN,NNXXX-----A----,nmod,,,,,0.3127133042775172,O
nebo,CCONJ,J^-------------,cc,,,,,0.0266741834107869,O
klikněte,VERB,Vi-P---2--A-P--,conj,,,Plur,,0.0678155698546119,O
na,ADP,RR--4----------,case,Acc,,,,0.2385687195455799,O
záložku,NOUN,NNFS4-----A----,obl,Acc,Fem,Sing,,-0.0168039632286214,O
Zeptejte,VERB,Vi-P---2--A-P--,acl,,,Plur,,0.1418371821000134,O
se,PRON,P7-X4----------,expl:pv,Acc,,,,0.0017588676758953,O
prodejce“,NOUN,NNMS1-----A----,obl:arg,Gen,Masc,Plur,Anim,0.0732103289488905,O
pod,ADP,RR--7----------,case,Ins,,,,0.0709406438520083,O
každým,DET,AAIS7----1A----,det,Ins,Masc,Sing,Inan,0.0982999212170375,O
záznamem,NOUN,NNIS7-----A----,obl,Ins,Masc,Sing,Inan,-0.0564124846693511,O
.,PUNCT,Z:-------------,punct,,,,,0.2148149442679869,O
Několik,DET,Ca--1----------,det:numgov,Nom,,,,0.145903066948671,O
organizací,NOUN,NNFP2-----A----,nsubj,Gen,Fem,Plur,,-0.1628406658831984,O
v,ADP,RR--6----------,case,Loc,,,,-0.0682369882974636,O
Ásámu,PROPN,NNIS6-----A----,nmod,Loc,Masc,Sing,Inan,-0.0991844613675081,B-gu
v,ADP,RR--4----------,case,Acc,,,,-0.0676625414061157,O
neděli,NOUN,NNFS4-----A----,obl,Acc,Fem,Sing,,0.0460496134912106,O
uctilo,VERB,VpNS----R-AAP--,root,,Neut,Sing,,-0.0737728159882539,O
památku,NOUN,NNFS4-----A----,obj,Acc,Fem,Sing,,-0.0725500487389555,O
pěti,NUM,Cl-P2----------,nummod,Gen,,Plur,,-0.1613372281362409,O
agitátorů,NOUN,NNMP2-----A----,nmod,Gen,Masc,Plur,Anim,-0.0861398003368554,O
",",PUNCT,Z:-------------,punct,,,,,0.337523965907788,O
kteří,DET,P4MP1----------,nsubj:pass,Nom,Masc,Plur,Anim,-0.2625495281246536,O
byli,AUX,VpMP----R-AAI--,aux:pass,,Masc,Plur,Anim,-0.1070529932908711,O
před,ADP,RR--7----------,case,Ins,,,,0.1165165482275024,O
dvěma,NUM,CnXP7----------,nummod,Ins,,Plur,,-0.1813100511202721,O
lety,NOUN,NNNP7-----A----,obl,Ins,Neut,Plur,,0.0052548357809119,O
zabiti,ADJ,VsMP----X-APP--,amod,,Masc,Plur,Anim,0.0658923817318088,O
při,ADP,RR--6----------,case,Loc,,,,0.1627033898442584,O
protestech,NOUN,NNIP6-----A----,obl,Loc,Masc,Plur,Inan,0.0753392006303387,O
proti,ADP,RR--3----------,case,Dat,,,,-0.1533767221582028,O
zákonu,NOUN,NNIS3-----A----,nmod,Dat,Masc,Sing,Inan,0.1551423637437896,O
a,CCONJ,J^-------------,cc,,,,,0.0440480059390698,O
rozhodly,VERB,VpTP----R-AAP-1,conj,,"Fem,Masc",Plur,Inan,0.0683706303371011,O
se,PRON,P7-X4----------,expl:pv,Acc,,,,0.011491819589208,O
obnovit,VERB,Vf--------A-P--,xcomp,,,,,-0.1137822054471694,O
hnutí,NOUN,NNNS4-----A----,obj,Acc,Neut,Sing,,-0.0195840306436844,O
proti,ADP,RR--3----------,case,Dat,,,,0.0219429258595405,O
tomuto,DET,PDZS3----------,det,Dat,"Masc,Neut",Sing,,0.0026289204110102,O
zákonu,NOUN,NNIS3-----A----,nmod,Dat,Masc,Sing,Inan,0.1873188949559395,O
.,PUNCT,Z:-------------,punct,,,,,-0.2886973924007689,O
Policejní,ADJ,AAFS1----1A----,amod,Nom,Fem,Sing,,0.0267184184954067,O
jednotka,NOUN,NNFS1-----A----,nsubj:pass,Nom,Fem,Sing,,0.0572279886897463,O
byla,AUX,VpQW----R-AAI--,aux:pass,,"Fem,Neut","Plur,Sing",,-0.0768429106873794,O
celkově,ADV,Dg-------1A----,advmod,,,,,-0.0802563627821329,O
hodnocena,ADJ,VsQW----X-API--,root,,"Fem,Neut","Plur,Sing",,0.084052323519084,O
ve,ADP,RV--6----------,case,Loc,,,,-0.1464378021046713,O
třech,NUM,Cl-P6----------,nummod,Loc,,Plur,,0.0821403339264315,O
klíčových,ADJ,AAFP6----1A----,amod,Loc,Fem,Plur,,-0.0263888190101257,O
oblastech,NOUN,NNFP6-----A----,obl,Loc,Fem,Plur,,0.1504718492290826,O
Inspektorátem,NOUN,NNIS7-----A----,obl:arg,Ins,Masc,Sing,Inan,0.085743009449831,B-io
ústavní,ADJ,AAFS2----1A----,amod,Gen,Fem,Sing,,0.2772203272315126,I-io
hasičské,ADJ,AAFS2----1A----,amod,Gen,Fem,Sing,,0.0490403214548512,I-io
a,CCONJ,J^-------------,cc,,,,,-0.0178412062992976,I-io
záchranné,ADJ,AAFS2----1A----,conj,Gen,Fem,Sing,,0.2295493058216686,I-io
služby,NOUN,NNFS2-----A----,nmod,Gen,Fem,Sing,,-0.0909907463759028,I-io
(,PUNCT,Z:-------------,punct,,,,,0.0257541834784639,O
HMICFRS,NOUN,BNXXX-----A----,appos,,,,,0.2149661842449171,B-io
),PUNCT,Z:-------------,punct,,,,,0.0134856219568781,O
Jejího,DET,P9ZS2FS3-------,det,Gen,"Masc,Neut",Sing,,0.1185409449765996,B-io
Veličenstva,NOUN,NNNS2-----A----,nmod,Gen,Neut,Sing,,0.2141613980979261,I-io
",",PUNCT,Z:-------------,punct,,,,,0.1378403704388474,O
který,DET,P4YS1----------,nsubj,Nom,Masc,Sing,,-0.1598216973086532,O
zkoumal,VERB,VpYS----R-AAI--,acl:relcl,,Masc,Sing,,0.0382571006970224,O
její,DET,P9XP4FS3-------,det,Acc,,Plur,,-0.1394931940645818,O
schopnosti,NOUN,NNFP4-----A----,obj,Acc,Fem,Plur,,-0.0467439218178581,O
snižovat,VERB,Vf--------A-I--,acl,,,,,0.0422931639369176,O
trestnou,ADJ,AAFS4----1A----,amod,Acc,Fem,Sing,,0.1007190647626336,O
činnost,NOUN,NNFS4-----A----,obj,Acc,Fem,Sing,,-0.0316971388584287,O
a,CCONJ,J^-------------,cc,,,,,-0.0100164484093167,O
chránit,VERB,Vf--------A-I--,conj,,,,,-0.0269201000402036,O
občany,NOUN,NNMP4-----A----,obj,Acc,Masc,Plur,Anim,0.0257974824371506,O
",",PUNCT,Z:-------------,punct,,,,,0.2130978727164489,O
efektivně,ADV,Dg-------1A----,advmod,,,,,0.0983743130158616,O
fungovat,VERB,Vf--------A-I--,conj,,,,,0.1759371541436613,O
",",PUNCT,Z:-------------,punct,,,,,0.1331745089758359,O
a,CCONJ,J^-------------,cc,,,,,0.1279634861291001,O
dále,ADV,Db-------------,conj,,,,,-0.0165933684206116,O
způsob,NOUN,NNIS1-----A----,orphan,Nom,Masc,Sing,Inan,0.0460129735606119,O
",",PUNCT,Z:-------------,punct,,,,,0.1169304233838839,O
jakým,DET,P4ZS7----------,obl,Ins,"Masc,Neut",Sing,,0.0051209301124333,O
jedná,VERB,VB-S---3P-AAI--,acl:relcl,,,Sing,,-0.0424454015766143,O
s,ADP,RR--7----------,case,Ins,,,,0.0146399729120423,O
veřejností,NOUN,NNFS7-----A----,obl:arg,Ins,Fem,Sing,,0.0007058008562739,O
a,CCONJ,J^-------------,cc,,,,,0.0907460583930469,O
svými,DET,P8XP7----------,det,Ins,,Plur,,0.0284407921384466,O
zaměstnanci,NOUN,NNMP7-----A----,conj,Ins,Masc,Plur,Anim,0.08716387853668,O
.,PUNCT,Z:-------------,punct,,,,,0.0272472569326434,O
Koronavirus,NOUN,NNMS1-----A----,root,Nom,Masc,Sing,Anim,0.0646066765360752,O
:,PUNCT,Z:-------------,punct,,,,,0.0596551739195174,O
Cestujícím,ADJ,AGMP3-----A----,obl:arg,Dat,Masc,Plur,Anim,-0.0486886075040625,O
ze,ADP,RV--2----------,case,Gen,,,,-0.1265282665111947,O
Španělska,PROPN,NNNS2-----A----,nmod,Gen,Neut,Sing,,0.2653784545371597,B-gc
nařízena,ADJ,VsQW----X-APP--,appos,,"Fem,Neut","Plur,Sing",,0.5143002654600937,O
karanténa,NOUN,NNFS1-----A----,nsubj:pass,Nom,Fem,Sing,,-0.1058155200053298,O
Spacáku,NOUN,NNIS3-----A----,obl:arg,Dat,Masc,Sing,Inan,0.5014992685512666,O
Softie,X,F%-------------,nmod,,,,,0.0042542921882958,B-op
12,NUM,C=-------------,nummod,,,,,-0.2556378498458017,I-op
Osprey,X,F%-------------,flat:foreign,,,,,-0.0430016570486227,I-op
stejně,ADV,Dg-------1A----,advmod,,,,,-0.0479544248565706,O
jako,SCONJ,"J,-------------",mark,,,,,-0.0044902398938049,O
našim,DET,PSXP3-P1-------,det,Dat,,Plur,,-0.0471156178777983,O
mnoha,DET,Ca--3----------,det:nummod,Dat,,,,-0.2129453978363698,O
dalším,ADJ,AAIP3----1A----,amod,Dat,Masc,Plur,Inan,-0.1594670733915781,O
spacákům,NOUN,NNIP3-----A----,advcl,Dat,Masc,Plur,Inan,0.0599688506000633,O
ze,ADP,RV--2----------,case,Gen,,,,0.0083397613498907,O
série,NOUN,NNFS2-----A----,nmod,Gen,Fem,Sing,,0.049287954341194,O
Softie,X,F%-------------,nmod,,,,,-0.0477453690278719,B-op
Original,X,F%-------------,flat:foreign,,,,,-0.1336773410300618,I-op
bylo,AUX,VpNS----R-AAI--,aux:pass,,Neut,Sing,,0.0240669380810156,O
přiděleno,ADJ,VsNS----X-APP--,root,,Neut,Sing,,0.0209622745634279,O
sériové,ADJ,AANS1----1A----,amod,Nom,Neut,Sing,,0.0142314489914705,O
číslo,NOUN,NNNS1-----A----,nsubj:pass,Nom,Neut,Sing,,-0.287889508095349,O
NATO,PROPN,BNXXX-----A----,nmod,,,,,-0.0448125628343303,B-op
.,PUNCT,Z:-------------,punct,,,,,0.4233986532258932,O
Jiná,ADJ,AANP1----1A----,amod,Nom,Neut,Plur,,-0.0401325161566463,O
bezpečnostní,ADJ,AANP1----1A----,amod,Nom,Neut,Plur,,-0.0384074300261498,O
řešení,NOUN,NNNP1-----A----,nsubj,Nom,Neut,Plur,,-0.0469047023579986,O
prostě,ADV,Dg-------1A----,advmod,,,,,0.0851797178660435,O
nemají,VERB,VB-P---3P-NAI--,root,,,Plur,,0.0160643296844715,O
prostředky,NOUN,NNIP4-----A----,obj,Acc,Masc,Plur,Inan,-0.0609366455101327,O
na,ADP,RR--4----------,case,Acc,,,,0.1834091893224516,O
to,DET,PDNS4----------,det,Acc,Neut,Sing,,-0.0566691966898102,O
",",PUNCT,Z:-------------,punct,,,,,0.1942850036023985,O
aby,AUX,Vc-------------,aux,,,,,0.063645133660854,O
dokázala,VERB,VpQW----R-AAP--,acl,,"Fem,Neut","Plur,Sing",,0.0433866890476997,O
držet,VERB,Vf--------A-I--,xcomp,,,,,-0.0472606822829,O
krok,NOUN,NNIS4-----A----,obj,Acc,Masc,Sing,Inan,-0.0563781396489165,O
s,ADP,RR--7----------,case,Ins,,,,0.1076651807723292,O
novými,ADJ,AAFP7----1A----,amod,Ins,Fem,Plur,,-0.0575395171967645,O
hrozbami,NOUN,NNFP7-----A----,nmod,Ins,Fem,Plur,,0.5101821866584308,O
",",PUNCT,Z:-------------,punct,,,,,0.1709318079053395,O
které,DET,P4FP1----------,nsubj,Nom,Fem,Plur,,0.0270157664631086,O
se,PRON,P7-X4----------,expl:pv,Acc,,,,0.2346772511548914,O
objevují,VERB,VB-P---3P-AAI--,acl:relcl,,,Plur,,0.0696834382207026,O
.,PUNCT,Z:-------------,punct,,,,,-0.5947837760949225,O
Příliš,ADV,Db-------------,advmod,,,,,0.5701166950825873,O
mnoho,DET,Ca--1----------,det:numgov,Nom,,,,0.10716308085865,O
tohoto,DET,PDZS2----------,det,Gen,"Masc,Neut",Sing,,0.1741450820124437,O
koření,NOUN,NNNS2-----A----,nsubj,Gen,Neut,Sing,,0.1200658337798053,O
může,VERB,VB-S---3P-AAI--,root,,,Sing,,0.4605083780183792,O
poškozovat,VERB,Vf--------A-I--,xcomp,,,,,0.3622176154598883,O
játra,NOUN,NNNP4-----A----,obj,Acc,Neut,Plur,,0.2840112645352224,O
Rozhořčená,ADJ,AAFS1----1A----,amod,Nom,Fem,Sing,,-0.0013006793454682,O
Paříž,PROPN,NNFS1-----A----,nsubj,Nom,Fem,Sing,,-0.0082442947575503,B-gu
obvinila,VERB,VpQW----R-AAP--,root,,"Fem,Neut","Plur,Sing",,0.0061377971204981,O
Washington,PROPN,NNIS4-----A----,obj,Acc,Masc,Sing,Inan,-0.0060399691921266,B-gu
a,CCONJ,J^-------------,cc,,,,,0.0731332099461476,O
Canberru,PROPN,NNFS4-----A----,conj,Acc,Fem,Sing,,0.0261005198677892,B-gu
z,ADP,RR--2----------,case,Gen,,,,0.1302964838992995,O
bodnutí,NOUN,NNNS2-----A----,obl:arg,Gen,Neut,Sing,,0.1380165175673625,O
do,ADP,RR--2----------,case,Gen,,,,0.1094680342918815,O
zad“,ADV,Db-------------,nmod,,,,,0.1742388325177884,O
",",PUNCT,Z:-------------,punct,,,,,0.2167449044866856,O
když,SCONJ,"J,-------------",mark,,,,,-0.0111336232600233,O
o,ADP,RR--4----------,case,Acc,,,,-0.1049154325672055,O
dva,NUM,CnYP4----------,nummod,Acc,Masc,Plur,,0.0278546689881779,O
týdny,NOUN,NNIP4-----A----,obl,Acc,Masc,Plur,Inan,-0.0676551014976005,O
dříve,ADV,Dg-------2A----,advmod,,,,,-0.0658429043789324,O
Macron,PROPN,NNMS1-----A----,nsubj,Nom,Masc,Sing,Anim,0.1743185955519434,B-ps
vystoupil,VERB,VpYS----R-AAP--,advcl,,Masc,Sing,,0.1283616675635371,O
veřejně,ADV,Dg-------1A----,advmod,,,,,0.0583671363601422,O
s,ADP,RR--7----------,case,Ins,,,,-0.0492705696547222,O
řeckým,ADJ,AAMS7----1A----,amod,Ins,Masc,Sing,Anim,0.0177409371356434,O
předsedou,NOUN,NNMS7-----A----,obl:arg,Ins,Masc,Sing,Anim,0.1636371259491179,O
vlády,NOUN,NNFS2-----A----,nmod,Gen,Fem,Sing,,-0.0927000677780861,O
",",PUNCT,Z:-------------,punct,,,,,0.0055479143918205,O
aby,AUX,Vc-------------,aux,,,,,0.0093409976032101,O
oznámili,VERB,VpMP----R-AAP--,advcl,,Masc,Plur,Anim,-0.0825936120930557,O
prodej,NOUN,NNIS4-----A----,obj,Acc,Masc,Sing,Inan,-0.1034018627133264,O
minimálně,ADV,Dg-------1A----,advmod:emph,,,,,-0.1298769885411348,O
tří,NUM,Cl-P2----------,nummod,Gen,,Plur,,-0.0840731871984099,O
francouzských,ADJ,AAFP2----1A----,amod,Gen,Fem,Plur,,0.0891583401295306,O
válečných,ADJ,AAFP2----1A----,amod,Gen,Fem,Plur,,0.0031715218062297,O
lodí,NOUN,NNFP2-----A----,nmod,Gen,Fem,Plur,,-0.0023018489836228,O
Athénám,PROPN,NNFP3-----A----,nmod,Dat,Fem,Plur,,0.046541041299135,B-gl
za,ADP,RR--4----------,case,Acc,,,,0.1066491863755377,O
zhruba,ADV,Db-------------,advmod:emph,,,,,-0.1469129369890998,O
3,NUM,C=-------------,nummod,,,,,-0.0384440838256765,O
",",PUNCT,Z:-------------,punct,,,,,0.2198043706941507,O
5,NUM,C=-------------,conj,,,,,-0.0407582031915798,O
miliardy,DET,CzFS2----------,det,Gen,Fem,Sing,,0.0301445154823463,O
",",PUNCT,Z:-------------,punct,,,,,0.1777181351957533,O
přičemž,ADV,Db-------------,advmod,,,,,-0.106614141558134,O
uvedli,VERB,VpMP----R-AAP--,conj,,Masc,Plur,Anim,-0.0316568258223337,O
",",PUNCT,Z:-------------,punct,,,,,0.1775639631681573,O
že,SCONJ,"J,-------------",mark,,,,,-0.0495025424564929,O
je,AUX,VB-S---3P-AAI--,ccomp,,,Sing,,-0.0509521412953129,O
na,ADP,RR--6----------,case,Loc,,,,0.0678492967241657,O
na,ADP,RR--6----------,case,Loc,,,,0.0103531594872703,O
čase,NOUN,NNIS6-----A----,obl,Loc,Masc,Sing,Inan,0.0055874448445025,O
skončit,VERB,Vf--------A-P--,csubj,,,,,0.0848046838196139,O
s,ADP,RR--7----------,case,Ins,,,,0.0222809989315572,O
naivitou“,NOUN,NNFS7-----A----,obl:arg,Ins,Fem,Sing,,0.0097264803818518,O
a,CCONJ,J^-------------,cc,,,,,0.1099708302359104,O
označili,VERB,VpMP----R-AAP--,conj,,Masc,Plur,Anim,-0.0051528322672565,O
vzájemnou,ADJ,AAFS4----1A----,amod,Acc,Fem,Sing,,0.1414861268358824,O
dohodu,NOUN,NNFS4-----A----,obj,Acc,Fem,Sing,,0.1256970047060936,O
jako,SCONJ,"J,-------------",mark,,,,,0.1843140087793055,O
známku,NOUN,NNFS4-----A----,xcomp,Acc,Fem,Sing,,0.0398004973721947,O
evropské,ADJ,AAFS2----1A----,amod,Gen,Fem,Sing,,0.0477863063321557,O
strategické,ADJ,AAFS2----1A----,amod,Gen,Fem,Sing,,0.0176608647852789,O
autonomie,NOUN,NNFS2-----A----,nmod,Gen,Fem,Sing,,-0.0055953063131039,O
a,CCONJ,J^-------------,cc,,,,,0.0234967307539379,O
suverenity,NOUN,NNFS2-----A----,conj,Gen,Fem,Sing,,0.0464810787298637,O
.,PUNCT,Z:-------------,punct,,,,,0.1118904729168453,O
“,PUNCT,Z:-------------,punct,,,,,-0.1629074342994354,O
Nevím,VERB,VB-S---1P-NAI--,root,,,Sing,,0.0386513394116741,O
",",PUNCT,Z:-------------,punct,,,,,-0.0229308472005877,O
jestli,SCONJ,"J,-------------",mark,,,,,-0.3982229011249654,O
to,DET,PDNS1----------,nsubj,Nom,Neut,Sing,,0.0806187421869348,O
byl,AUX,VpYS----R-AAI--,cop,,Masc,Sing,,0.1269759117215874,O
jeden,NUM,CnYS1----------,ccomp,Nom,Masc,Sing,,-0.0073482114696351,O
z,ADP,RR--2----------,case,Gen,,,,-0.0853410572352484,O
těch,DET,PDXP2----------,det,Gen,,Plur,,-0.2377976394114094,O
chlápků,NOUN,NNMP2-----A----,nmod,Gen,Masc,Plur,Anim,0.0501743458385014,O
",",PUNCT,Z:-------------,punct,,,,,0.3348514036843432,O
co,PRON,P4XXX----------,nsubj,,,,Inan,-0.1787895813022198,O
rádi,ADJ,ACMP------A----,xcomp,,Masc,Plur,Anim,-0.0350589996424042,O
nosí,VERB,VB-P---3P-AAI--,acl:relcl,,,Plur,,0.0823119101255615,O
kalhoty,NOUN,NNFP4-----A----,obj,Acc,Fem,Plur,,0.0871180698800192,O
nízko,ADV,Dg-------1A----,advmod,,,,,-0.0477751935245499,O
nebo,CCONJ,J^-------------,cc,,,,,-0.0403862612069244,O
v,ADP,RR--6----------,case,Loc,,,,0.2192677772913613,O
nich,PRON,PEXP6--3-------,obl,Loc,,Plur,,-0.0174145445504076,O
neměl,VERB,VpYS----R-NAI--,conj,,Masc,Sing,,0.006424052497629,O
pásek,NOUN,NNIS4-----A----,obj,Acc,Masc,Sing,Inan,0.0800509715289955,O
.,PUNCT,Z:-------------,punct,,,,,-0.1182748947670554,O
Opět,ADV,Db-------------,root,,,,,0.1050486162874756,O
",",PUNCT,Z:-------------,punct,,,,,0.261713784383303,O
neočekávám,VERB,VB-S---1P-NAI--,conj,,,Sing,,0.0562382209681593,O
nic,PRON,PY--4----------,obj,Acc,,,,0.0680202545423847,O
dramatického,ADJ,AANS2----1A----,amod,Gen,Neut,Sing,,0.068242935578394,O
nebo,CCONJ,J^-------------,cc,,,,,-0.0164362927033649,O
nečekám,VERB,VB-S---1P-NAI--,conj,,,Sing,,0.0210931490286288,O
",",PUNCT,Z:-------------,punct,,,,,0.1300457476390927,O
že,SCONJ,"J,-------------",mark,,,,,0.1400391564924479,O
uvidím,VERB,VB-S---1P-AAP--,ccomp,,,Sing,,0.0638039865610603,O
lidi,NOUN,NNMP4-----A----,obj,Acc,Masc,Plur,Anim,-0.1901049588147886,O
",",PUNCT,Z:-------------,punct,,,,,0.4878456770389317,O
jak,SCONJ,"J,-------------",mark,,,,,-0.2901374718490053,O
si,PRON,P7--3----------,obl,Dat,,,,0.0591514209481863,O
jsou,AUX,VB-P---3P-AAI--,advcl,,,Plur,,0.3160692951290912,O
po,ADP,RR--6----------,case,Loc,,,,-0.155191527458827,O
krku,NOUN,NNIS6-----A----,obl,Loc,Masc,Sing,Inan,0.050028161877854,O
.,PUNCT,Z:-------------,punct,,,,,-0.2843719649278531,O
Doufejte,VERB,Vi-P---2--A-I--,root,,,Plur,,0.0447842799491247,O
",",PUNCT,Z:-------------,punct,,,,,0.296142498620616,O
že,SCONJ,"J,-------------",mark,,,,,0.3570459544632641,O
to,DET,PDNS1----------,nsubj,Nom,Neut,Sing,,0.1597216752205211,O
pomůže,VERB,VB-S---3P-AAP--,ccomp,,,Sing,,-0.3783841426119151,O
!,PUNCT,Z:-------------,punct,,,,,0.4103333537604396,O
Každý,DET,AAMS1----1A----,nsubj,Nom,Masc,Sing,Anim,-0.324210167503272,O
",",PUNCT,Z:-------------,punct,,,,,-0.1380183249794884,O
kdo,PRON,PQ--1----------,nsubj:pass,Nom,,,Anim,0.030877980956026,O
je,AUX,VB-S---3P-AAI--,aux:pass,,,Sing,,-0.1095964499640402,O
pozitivně,ADV,Dg-------1A----,advmod,,,,,0.2192162896711006,O
testován,ADJ,VsYS----X-API--,amod,,Masc,Sing,,0.0420031940066434,O
na,ADP,RR--4----------,case,Acc,,,,0.0109281246209644,O
variantu,NOUN,NNFS4-----A----,obl:arg,Acc,Fem,Sing,,-0.0450715721369524,O
Omikron,PROPN,NNIS1-----A----,nmod,Nom,Masc,Sing,Inan,-0.0050617459900074,B-o_
",",PUNCT,Z:-------------,punct,,,,,0.1731749933139162,O
musí,VERB,VB-S---3P-AAI--,root,,,Sing,,-0.0202611557428226,O
jít,VERB,Vf--------A-I--,xcomp,,,,,-0.0729766689671514,O
do,ADP,RR--2----------,case,Gen,,,,-0.0280150471576055,O
10denní,ADJ,AAFS2----1A----,amod,Gen,Fem,Sing,,-0.0176619688031818,B-nc
izolace,NOUN,NNFS2-----A----,obl,Gen,Fem,Sing,,0.1856119051177419,O
a,CCONJ,J^-------------,cc,,,,,-0.071409144476778,O
stejně,ADV,Dg-------1A----,advmod,,,,,-0.0459094446573498,O
tak,ADV,Db-------------,conj,,,,,-0.1080641760269779,O
každý,DET,AAMS1----1A----,orphan,Nom,Masc,Sing,Anim,-0.1426241565880847,O
",",PUNCT,Z:-------------,punct,,,,,-0.0336533053912736,O
kdo,PRON,PQ--1----------,nsubj,Nom,,,Anim,0.1849587786088589,O
byl,AUX,VpYS----R-AAI--,acl:relcl,,Masc,Sing,,-0.0331328043686512,O
v,ADP,RR--6----------,case,Loc,,,,0.1514023351307198,O
těsném,ADJ,AAIS6----1A----,amod,Loc,Masc,Sing,Inan,-0.005503808122901,O
kontaktu,NOUN,NNIS6-----A----,obl,Loc,Masc,Sing,Inan,-0.0056392601205457,O
s,ADP,RR--7----------,case,Ins,,,,0.0988628814794965,O
nakaženými,ADJ,AAMP7----1A----,amod,Ins,Masc,Plur,Anim,0.0212015197710808,O
.,PUNCT,Z:-------------,punct,,,,,-0.0613635568568319,O
Vidíme,VERB,VB-P---1P-AAI--,root,,,Plur,,-0.0107917683620738,O
jen,ADV,Db-------------,advmod:emph,,,,,-0.3931415884178251,O
",",PUNCT,Z:-------------,punct,,,,,0.1541938638417791,O
jak,SCONJ,"J,-------------",mark,,,,,-0.0511934963943243,O
se,PRON,P7-X4----------,expl:pv,Acc,,,,0.0634779331271738,O
stěna,NOUN,NNFS1-----A----,nsubj,Nom,Fem,Sing,,0.2446207513680157,O
za,ADP,RR--7----------,case,Ins,,,,0.1650377801232297,O
oknem,NOUN,NNNS7-----A----,nmod,Ins,Neut,Sing,,0.0397588676443426,O
změní,VERB,VB-S---3P-AAP--,ccomp,,,Sing,,0.2466694139296013,O
ve,ADP,RV--4----------,case,Acc,,,,-0.0968200774139149,O
vesmír,NOUN,NNIS4-----A----,obl:arg,Acc,Masc,Sing,Inan,-0.0688067582263004,O
",",PUNCT,Z:-------------,punct,,,,,0.1020509321960884,O
když,SCONJ,"J,-------------",mark,,,,,0.1026766424432523,O
vesmírná,ADJ,AAFS1----1A----,amod,Nom,Fem,Sing,,0.0522537779840906,O
loď,NOUN,NNFS1-----A----,nsubj,Nom,Fem,Sing,,0.06913933065735,O
vzlétne,VERB,VB-S---3P-AAP--,advcl,,,Sing,,0.1046172048869199,O
.,PUNCT,Z:-------------,punct,,,,,-0.4177443011902258,O
Skupina,NOUN,NNFS1-----A----,nsubj,Nom,Fem,Sing,,-0.0163835973323694,O
vzlétla,VERB,VpQW----R-AAP-1,root,,"Fem,Neut","Plur,Sing",,0.0538265564370934,O
z,ADP,RR--2----------,case,Gen,,,,-0.0699572087675449,O
Lodi,X,NNFS2-----A---1,obl,,,,,-0.0045724279394264,B-gs
Parachute,X,F%-------------,nmod,,,,,0.2924412108541001,I-gs
Center,X,F%-------------,flat:foreign,,,,,-0.0516896064322294,I-gs
.,PUNCT,Z:-------------,punct,,,,,-0.0436646999065282,O
CNN,PROPN,BNXXX-----A----,nsubj,,,,,-0.0397713116376778,B-io
oslovilo,VERB,VpNS----R-AAP--,root,,Neut,Sing,,0.009040155201713,O
parašutistické,ADJ,AANS4----1A----,amod,Acc,Neut,Sing,,0.3247494413182988,O
středisko,NOUN,NNNS4-----A----,iobj,Acc,Neut,Sing,,-0.1771726504281889,O
",",PUNCT,Z:-------------,punct,,,,,0.0234519412675692,O
aby,AUX,Vc-------------,aux,,,,,0.1414311473134513,O
se,PRON,P7-X4----------,expl:pv,Acc,,,,-0.2633248201815966,O
k,ADP,RR--3----------,case,Dat,,,,0.0160085440149679,O
incidentu,NOUN,NNIS3-----A----,obl:arg,Dat,Masc,Sing,Inan,0.0138917892737666,O
vyjádřilo,VERB,VpNS----R-AAP--,ccomp,,Neut,Sing,,-0.0481555293394149,O
.,PUNCT,Z:-------------,punct,,,,,0.1974568689308906,O
Podle,ADP,RR--2----------,case,Gen,,,,-0.1985663879212791,O
mluvčího,NOUN,NNMS2-----A----,obl,Gen,Masc,Sing,Anim,0.6666399997745945,O
Asociace,NOUN,NNFS2-----A----,nmod,Gen,Fem,Sing,,0.0375019893774294,B-ic
britských,ADJ,AAFP2----1A----,amod,Gen,Fem,Plur,,0.0939890307017999,I-ic
cestovních,ADJ,AAFP2----1A----,amod,Gen,Fem,Plur,,0.032333468549293,I-ic
kanceláří,NOUN,NNFP2-----A----,nmod,Gen,Fem,Plur,,-0.1168709327977514,I-ic
(,PUNCT,Z:-------------,punct,,,,,-0.0699184838831663,O
Association,X,F%-------------,appos,,,,,-0.0266173403610637,B-ic
of,X,F%-------------,flat:foreign,,,,,0.0517681305688677,I-ic
British,X,F%-------------,flat:foreign,,,,,0.0466431412844256,I-ic
Travel,X,F%-------------,flat:foreign,,,,,0.0163453777935004,I-ic
Agents,X,F%-------------,flat:foreign,,,,,0.0859816710383926,I-ic
),PUNCT,Z:-------------,punct,,,,,0.0774427290093979,O
je,AUX,VB-S---3P-AAI--,cop,,,Sing,,0.0381277798460647,O
změna,NOUN,NNFS1-----A----,nsubj,Nom,Fem,Sing,,0.0126798846269848,O
vládních,ADJ,AANP2----1A----,amod,Gen,Neut,Plur,,0.1062782222991336,O
pravidel,NOUN,NNNP2-----A----,nmod,Gen,Neut,Plur,,0.066973939753992,O
karantény,NOUN,NNFS2-----A----,nmod,Gen,Fem,Sing,,0.221899222926992,O
zklamáním“,NOUN,NNNP7-----A----,root,Ins,Neut,Plur,,0.4325650154755251,O
.,PUNCT,Z:-------------,punct,,,,,-0.0549823745375686,O
Mezinárodní,ADJ,AAFS1----1A----,amod,Nom,Fem,Sing,,0.1667702165421032,O
kritika,NOUN,NNFS1-----A----,nsubj,Nom,Fem,Sing,,0.1058726975542554,O
postoje,NOUN,NNIS2-----A----,nmod,Gen,Masc,Sing,Inan,-0.1763668892867903,O
země,NOUN,NNFS2-----A----,nmod,Gen,Fem,Sing,,0.0807295412485113,O
k,ADP,RR--3----------,case,Dat,,,,-0.0914854667480913,O
lidským,ADJ,AANP3----1A----,amod,Dat,Neut,Plur,,0.1032182741400195,O
právům,NOUN,NNNP3-----A----,nmod,Dat,Neut,Plur,,-0.0370603399605425,O
",",PUNCT,Z:-------------,punct,,,,,0.2628165593710626,O
včetně,ADP,RR--2----------,case,Gen,,,,-0.0142062479210101,O
hrůzné,ADJ,AAFS2----1A----,amod,Gen,Fem,Sing,,0.3463958154486154,O
vraždy,NOUN,NNFS2-----A----,nmod,Gen,Fem,Sing,,-0.0312823040484061,O
kritika,NOUN,NNMS2-----A----,nmod,Gen,Masc,Sing,Anim,0.1520661526282317,O
Jamala,PROPN,NNMS2-----A----,flat,Gen,Masc,Sing,Anim,0.0541927817182657,B-P|B-pf
Khashoggiho,PROPN,NNMS2-----A----,flat,Gen,Masc,Sing,Anim,0.1915054915416949,I-P|B-ps
v,ADP,RR--6----------,case,Loc,,,,-0.0259469165260694,O
loňském,ADJ,AAIS6----1A----,amod,Loc,Masc,Sing,Inan,-0.1295243474646911,O
roce,NOUN,NNIS6-----A---1,nmod,Loc,Masc,Sing,Inan,-0.0786699546902395,O
a,CCONJ,J^-------------,cc,,,,,0.2343689137259613,O
zásahu,NOUN,NNIS2-----A----,conj,Gen,Masc,Sing,Inan,0.1082219558102878,O
proti,ADP,RR--3----------,case,Dat,,,,0.1018815488221089,O
ženským,ADJ,AAFP3----1A----,amod,Dat,Fem,Plur,,0.1310688070367551,O
aktivistkám,NOUN,NNFP3-----A----,nmod,Dat,Fem,Plur,,0.2040501512357384,O
",",PUNCT,Z:-------------,punct,,,,,0.2865019681281391,O
by,AUX,Vc----------I--,aux,,,,,-0.0463666642447422,O
také,ADV,Db-------------,advmod,,,,,-0.2215566416467894,O
mohly,VERB,VpTP----R-AAI--,root,,"Fem,Masc",Plur,Inan,0.0117470422966242,O
zahraniční,ADJ,AAMP4----1A----,amod,Acc,Masc,Plur,Anim,-0.0024863456422792,O
návštěvníky,NOUN,NNMP4-----A----,obj,Acc,Masc,Plur,Anim,0.0047821630090773,O
odrazovat,VERB,Vf--------A-I--,xcomp,,,,,0.1787820014575882,O
.,PUNCT,Z:-------------,punct,,,,,-0.3292346023087655,O
Dle,ADP,RR--2----------,case,Gen,,,,-0.0207140544528667,O
držitele,NOUN,NNMS2-----A----,obl,Gen,Masc,Sing,Anim,0.0107275697326652,O
zlaté,ADJ,AAFS2----1A----,amod,Gen,Fem,Sing,,0.0427455184044276,O
kopačky,NOUN,NNFS2-----A----,nmod,Gen,Fem,Sing,,-0.0251624697146039,O
",",PUNCT,Z:-------------,punct,,,,,0.2799973098455509,O
Jamieho,PROPN,NNMS2-----A----,appos,Gen,Masc,Sing,Anim,0.0540646162531956,B-P|B-pf
Vardyho,PROPN,NNMS2-----A----,flat,Gen,Masc,Sing,Anim,0.1319294994589845,I-P|B-ps
",",PUNCT,Z:-------------,punct,,,,,0.329302874470119,O
je,AUX,VB-S---3P-AAI--,cop,,,Sing,,-0.1222194987988741,O
Leicester,PROPN,NNIS1-----A----,nsubj,Nom,Masc,Sing,Inan,-0.0445967132249153,B-ic
spokojen,ADJ,ACYS------A----,root,,Masc,Sing,,-0.2006019945790699,O
se,ADP,RV--7----------,case,Ins,,,,0.3796265351171361,O
splněním,NOUN,NNNS7-----A----,obl:arg,Ins,Neut,Sing,,0.1918649456796699,O
svého,DET,P8ZS2----------,det,Gen,"Masc,Neut",Sing,,-0.0350570539571079,O
cíle,NOUN,NNIS2-----A----,nmod,Gen,Masc,Sing,Inan,0.3302040667398555,O
pro,ADP,RR--4----------,case,Acc,,,,0.4089222867298296,O
mistrovství,NOUN,NNNS4-----A----,nmod,Acc,Neut,Sing,,-0.0817536956945878,O
Evropy,PROPN,NNFS2-----A----,nmod,Gen,Fem,Sing,,0.1502629178236063,B-gt
Sledovací,ADJ,AANS1----1A----,amod,Nom,Neut,Sing,,0.3535677289728109,O
číslo,NOUN,NNNS1-----A----,nsubj:pass,Nom,Neut,Sing,,0.0268501705556771,O
bude,AUX,VB-S---3F-AAI--,aux:pass,,,Sing,,0.0203574989523487,O
poskytnuto,ADJ,VsNS----X-APP--,root,,Neut,Sing,,0.0403738683921489,O
po,ADP,RR--6----------,case,Loc,,,,-0.0052765805385368,O
odeslání,NOUN,NNNS6-----A----,obl,Loc,Neut,Sing,,0.2356663838298244,O
balíku,NOUN,NNIS2-----A----,nmod,Gen,Masc,Sing,Inan,0.4811581893858536,O
.,PUNCT,Z:-------------,punct,,,,,-0.5178601934525009,O
Bez,ADP,RR--2----------,case,Gen,,,,-0.4411732365250315,O
elektronického,ADJ,AAIS2----1A----,amod,Gen,Masc,Sing,Inan,0.4215872881788634,O
kontaktu,NOUN,NNIS2-----A----,root,Gen,Masc,Sing,Inan,0.0022797000198527,O
a,CCONJ,J^-------------,cc,,,,,-0.3773907849893509,O
nelze,VERB,VB-S---3P-NAI--,conj,,,Sing,,0.2091112721035985,O
provést,VERB,Vf--------A-P--,csubj,,,,,0.3081958057483411,O
automatické,ADJ,AANS4----1A----,amod,Acc,Neut,Sing,,-0.0614567847758569,O
zaostření,NOUN,NNNS4-----A----,obj,Acc,Neut,Sing,,0.1945568383284917,O
.,PUNCT,Z:-------------,punct,,,,,0.0077025683359286,O
Když,SCONJ,"J,-------------",mark,,,,,0.1418775132162279,O
jde,VERB,VB-S---3P-AAI--,advcl,,,Sing,,0.0088580200861121,O
o,ADP,RR--4----------,case,Acc,,,,-0.0045560949406441,O
nákup,NOUN,NNIS4-----A----,obl:arg,Acc,Masc,Sing,Inan,-0.1395734743276637,O
kvalitního,ADJ,AANS2----1A----,amod,Gen,Neut,Sing,,0.2850726954578988,O
vybavení,NOUN,NNNS2-----A----,nmod,Gen,Neut,Sing,,-0.0700848313394356,O
",",PUNCT,Z:-------------,punct,,,,,0.4665962534847054,O
spacák,NOUN,NNIS1-----A----,nsubj,Nom,Masc,Sing,Inan,0.0343606381731116,O
je,AUX,VB-S---3P-AAI--,root,,,Sing,,-0.2925734952777964,O
na,ADP,RR--6----------,case,Loc,,,,-0.0575722269867197,O
prvním,ADJ,CrNS6----------,amod,Loc,Neut,Sing,,0.0315253462439346,O
místě,NOUN,NNNS6-----A----,obl,Loc,Neut,Sing,,0.0491043605704255,O
.,PUNCT,Z:-------------,punct,,,,,0.3607414590748718,O
Záruka,NOUN,NNFS1-----A----,nsubj,Nom,Fem,Sing,,0.1024077961714433,O
se,PRON,P7-X4----------,expl:pv,Acc,,,,0.0392770365620281,O
nevztahuje,VERB,VB-S---3P-NAI--,root,,,Sing,,0.2582917980394952,O
na,ADP,RR--4----------,case,Acc,,,,0.0196116546543611,O
běžné,ADJ,AANS4----1A----,amod,Acc,Neut,Sing,,-0.1291268802237288,O
opotřebení,NOUN,NNNS4-----A----,obl:arg,Acc,Neut,Sing,,0.0786087330604238,O
a,CCONJ,J^-------------,cc,,,,,-0.1508622495885655,O
používání,NOUN,NNNS4-----A----,conj,Acc,Neut,Sing,,-0.1843539298021609,O
nástrojů,NOUN,NNIP2-----A----,nmod,Gen,Masc,Plur,Inan,0.1264693376202154,O
nad,ADP,RR--4----------,case,Acc,,,,-0.0086506801404654,O
rámec,NOUN,NNIS4-----A----,nmod,Acc,Masc,Sing,Inan,0.133107242803545,O
jejich,DET,P9XXXXP3-------,det,,,,,-0.2744937364663272,O
možností,NOUN,NNFP2-----A----,nmod,Gen,Fem,Plur,,0.4205249382886386,O
.,PUNCT,Z:-------------,punct,,,,,0.5170898942272523,O
Byla,AUX,VpQW----R-AAI--,aux:pass,,"Fem,Neut","Plur,Sing",,0.2203779052022732,O
odhalena,ADJ,VsQW----X-APP--,root,,"Fem,Neut","Plur,Sing",,0.052098512847504,O
v,ADP,RR--6----------,case,Loc,,,,0.0903847454215224,O
nástroji,NOUN,NNIS6-----A----,obl,Loc,Masc,Sing,Inan,0.092899124122555,O
",",PUNCT,Z:-------------,punct,,,,,-0.1756173689951991,O
který,DET,P4YS1----------,nsubj,Nom,Masc,Sing,,0.6360865955865647,O
je,AUX,VB-S---3P-AAI--,acl:relcl,,,Sing,,0.0245673736380311,O
v,ADP,RR--6----------,case,Loc,,,,0.1087162146936868,O
cloudových,ADJ,AAIP6----1A----,amod,Loc,Masc,Plur,Inan,-0.0422398970883155,O
serverech,NOUN,NNIP6-----A----,obl,Loc,Masc,Plur,Inan,0.0286662267504801,O
a,CCONJ,J^-------------,cc,,,,,0.059409974754749,O
podnikových,ADJ,AAIP6----1A----,amod,Loc,Masc,Plur,Inan,-0.0664594698413008,O
softwarech,NOUN,NNIP6-----A----,conj,Loc,Masc,Plur,Inan,0.1915833946022909,O
používaných,ADJ,AAIP6----1A----,amod,Loc,Masc,Plur,Inan,0.1043519508928766,O
průmyslovými,ADJ,AAFP7----1A----,amod,Ins,Fem,Plur,,-0.0323456154641203,O
společnostmi,NOUN,NNFP7-----A----,obl:arg,Ins,Fem,Plur,,0.1834465121605566,O
a,CCONJ,J^-------------,cc,,,,,-0.0437204118134837,O
vládou,NOUN,NNFS7-----A----,conj,Ins,Fem,Sing,,0.0213142272947356,O
po,ADP,RR--6----------,case,Loc,,,,0.1458880029927902,O
celé,ADJ,AAFS6----1A----,amod,Loc,Fem,Sing,,0.036288873563656,O
zemi,NOUN,NNFS6-----A----,obl,Loc,Fem,Sing,,-0.0009815430222651,O
.,PUNCT,Z:-------------,punct,,,,,-0.2783764959626453,O
Když,SCONJ,"J,-------------",mark,,,,,-0.0507277780619046,O
hrozí,VERB,VB-S---3P-AAI--,advcl,,,Sing,,0.239884544816782,O
bezprostřední,ADJ,AANS1----1A----,amod,Nom,Neut,Sing,,-0.1375134303932876,O
nebezpečí,NOUN,NNNS1-----A----,nsubj,Nom,Neut,Sing,,0.0300192302356278,O
tornád,NOUN,NNNP2-----A----,nmod,Gen,Neut,Plur,,0.1323199598571185,O
",",PUNCT,Z:-------------,punct,,,,,0.0713164159330161,O
meteorologové,NOUN,NNMP1-----A----,nsubj,Nom,Masc,Plur,Anim,0.0704110406396675,O
obvykle,ADV,Dg-------1A----,advmod,,,,,-0.1545598159591139,O
říkají,VERB,VB-P---3P-AAI--,root,,,Plur,,0.1037310704474368,O
Schovejte,VERB,Vi-P---2--A-P--,ccomp,,,Plur,,0.1983244732263522,O
se,PRON,P7-X4----------,expl:pv,Acc,,,,0.0351383985564547,O
!,PUNCT,Z:-------------,punct,,,,,0.2081134547952002,O
!,PUNCT,Z:-------------,punct,,,,,0.4506057813609211,O
“,PUNCT,Z:-------------,punct,,,,,-0.1701468626401914,O
",",PUNCT,Z:-------------,punct,,,,,0.4189644155864516,O
Obvykle,ADV,Dg-------1A----,advmod,,,,,0.0035316594169701,O
jsou,AUX,VB-P---3P-AAI--,cop,,,Plur,,0.0051613330196472,O
UK,PROPN,BNXXX-----A----,nmod,,,,,0.274736110285473,O
velikosti,NOUN,NNFP1-----A----,nsubj,Nom,Fem,Plur,,0.2939041455301374,O
stejné,ADJ,AAFP1----1A----,root,Nom,Fem,Plur,,-0.1145211278279704,O
jako,SCONJ,"J,-------------",mark,,,,,0.4421506503225685,O
EU,PROPN,BNXXX-----A----,nmod,,,,,0.0252627954683991,O
velikosti,NOUN,NNFP1-----A----,advcl,Nom,Fem,Plur,,0.1793285498811619,O
a,CCONJ,J^-------------,cc,,,,,-0.2164741273144304,O
není,AUX,VB-S---3P-NAI--,cop,,,Sing,,-0.4068395648610542,O
třeba,ADV,Db-------------,conj,,,,,-0.1191568701497228,O
je,PRON,PEXP4--3-------,obj,Acc,,Plur,,-0.2743614724491759,O
měnit,VERB,Vf--------A-I--,csubj,,,,,-0.0217000390160847,O
.,PUNCT,Z:-------------,punct,,,,,0.3090844592721583,O
Problémem,NOUN,NNIS7-----A----,root,Ins,Masc,Sing,Inan,0.0078067777050741,O
je,AUX,VB-S---3P-AAI--,cop,,,Sing,,0.088779180508777,O
",",PUNCT,Z:-------------,punct,,,,,0.1107240283236751,O
že,SCONJ,"J,-------------",mark,,,,,0.3137453184004161,O
nenapustí,VERB,VB-S---3P-NAP--,csubj,,,Sing,,0.0511361991290251,O
celou,ADJ,AAFS4----1A----,amod,Acc,Fem,Sing,,-0.26967430422348,O
vanu,NOUN,NNFS4-----A----,obj,Acc,Fem,Sing,,0.0498532228937948,O
",",PUNCT,Z:-------------,punct,,,,,0.1317346239198944,O
aniž,SCONJ,"J,-------------",mark,,,,,-0.1087668806263271,O
by,AUX,Vc----------I--,aux,,,,,-0.0921177003049963,O
voda,NOUN,NNFS1-----A----,nsubj,Nom,Fem,Sing,,0.1663982521837959,O
nevystydla,VERB,VpQW----R-NAP-1,advcl,,"Fem,Neut","Plur,Sing",,0.1493527050977083,O
.,PUNCT,Z:-------------,punct,,,,,0.8012930092869849,O
Doručení,NOUN,NNNS1-----A----,nsubj,Nom,Neut,Sing,,0.0195031637907836,O
fotografií,NOUN,NNFP2-----A----,nmod,Gen,Fem,Plur,,0.0622232231750542,O
malého,ADJ,AAIS2----1A----,amod,Gen,Masc,Sing,Inan,0.048985694437383,O
rozměru,NOUN,NNIS2-----A----,nmod,Gen,Masc,Sing,Inan,-0.041476032293567,O
16x12,NUM,C=-------------,nummod,,,,,0.0082870081660096,B-nc
v,ADP,RR--6----------,case,Loc,,,,-0.0715975143328207,O
rámci,NOUN,NNIS6-----A----,fixed,Loc,Masc,Sing,Inan,0.0981806842662379,O
Evropy,PROPN,NNFS2-----A----,obl,Gen,Fem,Sing,,0.1253975946749131,B-gt
trvá,VERB,VB-S---3P-AAI--,root,,,Sing,,-0.0346952305296406,O
obvykle,ADV,Dg-------1A----,advmod,,,,,-0.0600963187785862,O
5-15,NUM,C=-------------,nummod:gov,,,,,-0.0467409255999675,B-nc
pracovních,ADJ,AAIP2----1A----,amod,Gen,Masc,Plur,Inan,0.0324648693052086,O
dnů,NOUN,NNIP2-----A----,obl,Gen,Masc,Plur,Inan,0.0390259234369019,O
od,ADP,RR--2----------,case,Gen,,,,-0.824890998648348,O
odeslání,NOUN,NNNS2-----A----,nmod,Gen,Neut,Sing,,0.0176591792149424,O
",",PUNCT,Z:-------------,punct,,,,,0.1799883075650667,O
v,ADP,RR--6----------,case,Loc,,,,-0.1018235194742895,O
ostatních,ADJ,AAFP6----1A----,amod,Loc,Fem,Plur,,-0.0439443909978606,O
zemích,NOUN,NNFP6-----A----,conj,Loc,Fem,Plur,,0.0273625562371035,O
7-20,NUM,C=-------------,nummod:gov,,,,,-0.0165108253619429,B-nc
pracovních,ADJ,AAIP2----1A----,amod,Gen,Masc,Plur,Inan,0.025945135120249,O
dnů,NOUN,NNIP2-----A----,orphan,Gen,Masc,Plur,Inan,-0.012382028955225,O
leteckou,ADJ,AAFS7----1A----,amod,Ins,Fem,Sing,,-0.0006173857237853,O
přepravou,NOUN,NNFS7-----A----,orphan,Ins,Fem,Sing,,0.0571632019683937,O
.,PUNCT,Z:-------------,punct,,,,,-0.040580492197546,O
Jako,SCONJ,"J,-------------",mark,,,,,-0.3387591040197685,O
předsedkyně,NOUN,NNFS1-----A----,xcomp,Nom,Fem,Sing,,0.0696819488419145,O
Midway,X,F%-------------,nmod,,,,,-0.1325837525852032,B-if
Broadcasting,X,F%-------------,flat:foreign,,,,,-0.072871698157675,I-if
Corporation,X,F%-------------,flat:foreign,,,,,-0.0408083262621264,I-if
se,PRON,P7-X4----------,expl:pv,Acc,,,,0.0127838851996322,O
po,ADP,RR--6----------,case,Loc,,,,-0.0586386788803448,O
koupi,NOUN,NNFS6-----A----,obl,Loc,Fem,Sing,,-0.0489574306089002,O
hlavního,ADJ,AAIS2----1A----,amod,Gen,Masc,Sing,Inan,0.0873714617534033,O
podílu,NOUN,NNIS2-----A----,nmod,Gen,Masc,Sing,Inan,0.0008228187604563,O
ve,ADP,RV--6----------,case,Loc,,,,0.0399868511807652,O
společnosti,NOUN,NNFS6-----A----,nmod,Loc,Fem,Sing,,0.0933049097326691,O
v,ADP,RR--6----------,case,Loc,,,,-0.0516619790080869,O
roce,NOUN,NNIS6-----A---1,obl,Loc,Masc,Sing,Inan,0.0936208689624545,O
1999,NUM,C=-------------,nummod,,,,,-0.0024063023820418,B-ty
připojila,VERB,VpQW----R-AAP--,root,,"Fem,Neut","Plur,Sing",,0.2396191732256527,O
k,ADP,RR--3----------,case,Dat,,,,-0.0536245709096434,O
elitnímu,ADJ,AAIS3----1A----,amod,Dat,Masc,Sing,Inan,0.0037424619693596,O
seznamu,NOUN,NNIS3-----A----,obl,Dat,Masc,Sing,Inan,0.0526134879936123,O
amerických,ADJ,AAFP2----1A----,amod,Gen,Fem,Plur,,0.0392874488857433,O
majitelek,NOUN,NNFP2-----A----,nmod,Gen,Fem,Plur,,0.0010717372080248,O
vysílacích,ADJ,AAFP2----1A----,amod,Gen,Fem,Plur,,0.1254565445535736,O
stanic,NOUN,NNFP2-----A----,nmod,Gen,Fem,Plur,,-0.0923219680306264,O
.,PUNCT,Z:-------------,punct,,,,,0.1485709291230454,O
Midway,X,F%-------------,nsubj,,,,,-0.0766736917137824,B-if
Broadcasting,X,F%-------------,flat:foreign,,,,,0.0219931184196144,I-if
Corporation,X,F%-------------,flat:foreign,,,,,-0.0249064228379582,I-if
je,AUX,VB-S---3P-AAI--,cop,,,Sing,,-0.1911414477546669,O
nejlepší,ADJ,AAIS1----3A----,amod,Nom,Masc,Sing,Inan,0.0594287320025892,O
mediální,ADJ,AAIS1----1A----,amod,Nom,Masc,Sing,Inan,0.0943461091479308,O
podnik,NOUN,NNIS1-----A----,root,Nom,Masc,Sing,Inan,0.0110738042099564,O
ve,ADP,RV--6----------,case,Loc,,,,0.0585694233039596,O
své,DET,P8FS6---------1,det,Loc,Fem,Sing,,0.0605925372486268,O
kategorii,NOUN,NNFS6-----A----,nmod,Loc,Fem,Sing,,0.0452568581725064,O
",",PUNCT,Z:-------------,punct,,,,,0.2457599224195522,O
který,DET,P4YS1----------,nsubj,Nom,Masc,Sing,,0.1732490303848956,O
v,ADP,RR--6----------,case,Loc,,,,-0.0118528981641433,O
sobě,PRON,P6--6----------,obl,Loc,,,,-0.0204029974089238,O
zahrnuje,VERB,VB-S---3P-AAI--,acl:relcl,,,Sing,,0.0630940657039494,O
rozhlasové,ADJ,AAFP4----1A----,amod,Acc,Fem,Plur,,0.0293667976335852,O
a,CCONJ,J^-------------,cc,,,,,0.0016107286222586,O
interaktivní,ADJ,AAFP4----1A----,conj,Acc,Fem,Plur,,0.0059085419776361,O
platformy,NOUN,NNFP4-----A----,obj,Acc,Fem,Plur,,0.1009607999407016,O
.,PUNCT,Z:-------------,punct,,,,,0.3849863232674204,O
V,ADP,RR--6----------,case,Loc,,,,0.088939434486474,O
podstatě,NOUN,NNFS6-----A----,obl,Loc,Fem,Sing,,0.0730397788598951,O
mi,PRON,PH-S3--1-------,obl:arg,Dat,,Sing,,-0.0893695845474918,O
dotyčný,ADJ,AAMS1----1A----,nsubj,Nom,Masc,Sing,Anim,-0.0466867012009615,O
naznačil,VERB,VpYS----R-AAP--,root,,Masc,Sing,,-0.0194882318543722,O
",",PUNCT,Z:-------------,punct,,,,,0.0534883338419684,O
že,SCONJ,"J,-------------",mark,,,,,-0.0585380453062467,O
on,PRON,PEYS1--3-------,nsubj,Nom,Masc,Sing,,-0.087460746772383,O
byl,AUX,VpYS----R-AAI--,cop,,Masc,Sing,,-0.1989254661147849,O
tou,DET,PDFS7----------,det,Ins,Fem,Sing,,-0.0484134061877782,O
hybnou,ADJ,AAFS7----1A----,amod,Ins,Fem,Sing,,0.0595443550842801,O
silou,NOUN,NNFS7-----A----,ccomp,Ins,Fem,Sing,,0.1170301220807469,O
",",PUNCT,Z:-------------,punct,,,,,0.1962251388978473,O
která,DET,P4FS1----------,nsubj,Nom,Fem,Sing,,0.116956694770382,O
mě,PRON,PH-S4--1-------,obj,Acc,,Sing,,-0.0695914897077124,O
donutila,VERB,VpQW----R-AAP--,acl:relcl,,"Fem,Neut","Plur,Sing",,0.0828742764682061,O
hubnout,VERB,Vf--------A-I--,xcomp,,,,,0.0338315676231821,O
",",PUNCT,Z:-------------,punct,,,,,0.0199636202720768,O
ačkoliv,SCONJ,"J,-------------",mark,,,,,0.0386278745383356,O
ve,ADP,RV--6----------,case,Loc,,,,-0.0138848250374525,O
skutečnosti,NOUN,NNFS6-----A----,obl,Loc,Fem,Sing,,-0.0221624344717536,O
vůbec,PART,TT-------------,advmod:emph,,,,,0.0796849909445821,O
netušil,VERB,VpYS----R-NAI--,advcl,,Masc,Sing,,0.1494302443706139,O
",",PUNCT,Z:-------------,punct,,,,,0.1663685048845994,O
že,SCONJ,"J,-------------",mark,,,,,0.1422796794899355,O
jsem,AUX,VB-S---1P-AAI--,aux,,,Sing,,-0.2122483886856064,O
se,PRON,P7-X4----------,expl:pv,Acc,,,,0.2198526970538126,O
k,ADP,RR--3----------,case,Dat,,,,0.0132302411670427,O
tomu,DET,PDZS3----------,obl:arg,Dat,"Masc,Neut",Sing,,0.0327557875161677,O
odhodlala,VERB,VpQW----R-AAP--,ccomp,,"Fem,Neut","Plur,Sing",,0.1385958148648683,O
",",PUNCT,Z:-------------,punct,,,,,0.0341321659612719,O
dokud,SCONJ,"J,-------------",mark,,,,,0.1241785959808466,O
jsem,AUX,VB-S---1P-AAI--,aux,,,Sing,,0.0431836297091889,O
nepodstoupila,VERB,VpQW----R-NAP--,advcl,,"Fem,Neut","Plur,Sing",,0.0971828006450656,O
RNY,NOUN,BNXXX-----A----,obj,,,,,0.1437018836551606,O
a,CCONJ,J^-------------,cc,,,,,0.0303809376572978,O
nezhubla,VERB,VpQW----R-NAP-1,conj,,"Fem,Neut","Plur,Sing",,0.1057183716681618,O
100,NUM,C=-------------,nummod:gov,,,,,0.0653290720900883,B-nc
liber,NOUN,NNFP2-----A----,obj,Gen,Fem,Plur,,0.1824294284672668,O
.,PUNCT,Z:-------------,punct,,,,,-0.583819082891539,O
Nemohl,VERB,VpYS----R-NAI--,root,,Masc,Sing,,0.0089962035605512,O
jsem,AUX,VB-S---1P-AAI--,aux,,,Sing,,0.4089765092822107,O
skoro,ADV,Db-------------,advmod,,,,,-0.3331835990395942,O
vůbec,PART,TT-------------,advmod,,,,,0.0103772531818757,O
na,ADP,RR--4----------,case,Acc,,,,0.0149573151302205,O
ten,DET,PDIS4----------,det,Acc,Masc,Sing,Inan,-0.1118476430521898,O
dvorek,NOUN,NNIS4-----A----,obl,Acc,Masc,Sing,Inan,-0.0393296137899213,O
chodit,VERB,Vf--------A-I--,xcomp,,,,,0.2556023201334497,O
.,PUNCT,Z:-------------,punct,,,,,0.4263308142977527,O
Je,AUX,VB-S---3P-AAI--,cop,,,Sing,,-0.5132502259473231,O
zbytečné,ADJ,AANS1----1A----,root,Nom,Neut,Sing,,0.0854609921328872,O
říkat,VERB,Vf--------A-I--,csubj,,,,,0.037301466978376,O
",",PUNCT,Z:-------------,punct,,,,,0.0923450373650016,O
že,SCONJ,"J,-------------",mark,,,,,0.0960863709307355,O
to,DET,PDNS1----------,nsubj,Nom,Neut,Sing,,-0.0138054512474799,O
byl,AUX,VpYS----R-AAI--,cop,,Masc,Sing,,-0.1248182677599226,O
chaos,NOUN,NNIS1-----A----,ccomp,Nom,Masc,Sing,Inan,0.8019721604723964,O
.,PUNCT,Z:-------------,punct,,,,,0.1417018750846914,O
Potřeboval,VERB,VpYS----R-AAI--,root,,Masc,Sing,,0.345429414250222,O
bych,AUX,Vc----------Ic-,aux,,,Sing,,-0.0702857625099685,O
vědět,VERB,Vf--------A-I--,xcomp,,,,,0.2534595378731105,O
",",PUNCT,Z:-------------,punct,,,,,0.1279436175876571,O
zda,SCONJ,"J,-------------",mark,,,,,0.0555230881986214,O
kniha,NOUN,NNFS1-----A----,nsubj,Nom,Fem,Sing,,-0.0047762841278541,O
zobrazuje,VERB,VB-S---3P-AAI--,ccomp,,,Sing,,0.2038609820467997,O
hlášení,NOUN,NNNS4-----A----,obj,Acc,Neut,Sing,,-0.036612981209862,O
chyby,NOUN,NNFS2-----A----,nmod,Gen,Fem,Sing,,0.1266733784431358,O
",",PUNCT,Z:-------------,punct,,,,,0.2967428223277859,O
zda,SCONJ,"J,-------------",mark,,,,,0.0252833396561629,O
je,AUX,VB-S---3P-AAI--,cop,,,Sing,,-0.0990685224425831,O
zablokovaná,ADJ,AAFS1----1A----,conj,Nom,Fem,Sing,,-0.0191246829214307,O
nebo,CCONJ,J^-------------,cc,,,,,-0.4823184085312046,O
se,PRON,P7-X4----------,expl:pv,Acc,,,,-0.1838931452411231,O
dokonce,ADV,Db-------------,advmod:emph,,,,,0.0537891066312086,O
neobjevuje,VERB,VB-S---3P-NAI--,conj,,,Sing,,0.1103638178771789,O
ve,ADP,RV--6----------,case,Loc,,,,-0.0556900065132239,O
vašem,DET,PSZS6-P2-------,det,Loc,"Masc,Neut",Sing,,-0.0282530904742065,O
účtu,NOUN,NNIS6-----A----,obl,Loc,Masc,Sing,Inan,-0.0749837460451988,O
#PRS,NOUN,BNXXX-----A----,root,,,,,0.0472005143739576,O
_,PUNCT,Z:-------------,punct,,,,,0.0613905563379742,O
ORG,NOUN,BNXXX-----A----,conj,,,,,-0.0651216936025412,O
#,NUM,C=-------------,nummod,,,,,0.2266126820286796,O
ve,ADP,RV--6----------,case,Loc,,,,-0.0634508454410562,O
vaší,DET,PSFS6-P2-------,det,Loc,Fem,Sing,,0.0235996380947658,O
čtečce,NOUN,NNFS6-----A----,dep,Loc,Fem,Sing,,0.0629049344772372,O
elektronických,ADJ,AAFP2----1A----,amod,Gen,Fem,Plur,,-0.061534828071682,O
knih,NOUN,NNFP2-----A----,nmod,Gen,Fem,Plur,,-0.0272474250472587,O
#PRS,NOUN,BNXXX-----A----,root,,,,,0.1608914982251601,O
_,PUNCT,Z:-------------,punct,,,,,-0.0470708618317244,O
ORG,NOUN,BNXXX-----A----,nmod,,,,,0.0994099901271687,O
#,NUM,C=-------------,nummod,,,,,0.0721159282609628,O
.,PUNCT,Z:-------------,punct,,,,,0.3218778113381045,O
Doufejme,VERB,Vi-P---1--A-I--,root,,,Plur,,0.1552571987637667,O
že,SCONJ,"J,-------------",mark,,,,,-0.1287225184291874,O
alespoň,ADV,Db-------------,advmod:emph,,,,,-0.0068859613970978,O
přispějí,VERB,VB-P---3P-AAP-1,ccomp,,,Plur,,0.3862176962176563,O
sociální,ADJ,AAFS3----1A----,amod,Dat,Fem,Sing,,-0.1954590636573123,O
bezpečnosti,NOUN,NNFS3-----A----,obl:arg,Dat,Fem,Sing,,0.0006262480834366,O
.,PUNCT,Z:-------------,punct,,,,,0.1232993213561335,O
Díky,ADP,RR--3----------,case,Dat,,,,-0.0838209560036108,O
přidání,NOUN,NNNS3-----A----,obl,Dat,Neut,Sing,,-0.0204567178401578,O
následujících,ADJ,AGNP2-----A----,amod,Gen,Neut,Plur,,0.0741358159677074,O
nutraceutik,NOUN,NNNP2-----A----,nmod,Gen,Neut,Plur,,0.0038005642440975,O
poskytuje,VERB,VB-S---3P-AAI--,root,,,Sing,,-0.1873603799222466,O
Joint,PROPN,NNIS1-----A----,nsubj,,,,,0.2828719155565314,B-op
Aid,PROPN,NNIS1-----A----,root,,,,,0.1900581550311259,I-op
doplňkovou,ADJ,AAFS4----1A----,amod,Acc,Fem,Sing,,0.2549005237928709,O
podporu,NOUN,NNFS4-----A----,dep,Acc,Fem,Sing,,-0.0174606447887834,O
pro,ADP,RR--4----------,case,Acc,,,,-0.0468052301977709,O
všechny,DET,PLYP4----------,det,Acc,Masc,Plur,,-0.2086027278497416,O
psy,NOUN,NNMP4-----A----,nmod,Acc,Masc,Plur,Anim,0.4798691449022536,O
.,PUNCT,Z:-------------,punct,,,,,0.5906669010073952,O
Pokud,SCONJ,"J,-------------",mark,,,,,-0.2444310283449131,O
by,AUX,Vc----------I--,aux,,,,,-0.0291704405628051,O
byla,AUX,VpQW----R-AAI--,advcl,,"Fem,Neut","Plur,Sing",,-0.0674807182118228,O
na,ADP,RR--6----------,case,Loc,,,,-0.2003191069228458,O
blockchainu,NOUN,NNIS6-----A----,obl,Loc,Masc,Sing,Inan,0.0545863061060631,O
Ethereum,PROPN,NNNS1-----A----,nmod,Nom,Neut,Sing,,0.0334451425996383,B-ic
",",PUNCT,Z:-------------,punct,,,,,0.2642797063320338,O
byla,AUX,VpQW----R-AAI--,root,,"Fem,Neut","Plur,Sing",,-0.0019134884899824,O
by,AUX,Vc----------I--,aux,,,,,-0.0616838899110884,O
zde,ADV,Db-------------,advmod,,,,,0.0879485951613203,O
spousta,NOUN,NNFS1-----A----,nsubj,Nom,Fem,Sing,,-0.0529946130021815,O
příležitostí,NOUN,NNFP2-----A----,nmod,Gen,Fem,Plur,,0.0506069802742872,O
k,ADP,RR--3----------,case,Dat,,,,0.0485813067402852,O
rozvoji,NOUN,NNIS3-----A----,nmod,Dat,Masc,Sing,Inan,-0.0339413129170178,O
",",PUNCT,Z:-------------,punct,,,,,0.0756445530573487,O
který,DET,P4IS4----------,obj,Acc,Masc,Sing,Inan,0.0024330404050354,O
by,AUX,Vc----------I--,aux,,,,,0.0585051553874631,O
tým,NOUN,NNIS1-----A----,nsubj,Nom,Masc,Sing,Inan,-0.0094507152791903,O
Shiba,X,F%-------------,nmod,,,,,0.2714027672544982,B-ic
Inu,X,F%-------------,flat:foreign,,,,,0.0831138651962212,I-ic
měl,VERB,VpYS----R-AAI--,acl:relcl,,Masc,Sing,,0.0461856571017255,O
a,CCONJ,J^-------------,cc,,,,,0.1587018542419942,O
byl,AUX,VpYS----R-AAI--,aux:pass,,Masc,Sing,,0.076565522956978,O
jimi,PRON,PEXP7--3-------,obl:arg,Ins,,Plur,,0.4669549375649112,O
motivován,ADJ,VsYS----X-APB--,conj,,Masc,Sing,,0.2847715368674017,O
.,PUNCT,Z:-------------,punct,,,,,0.4708940775766726,O
V,ADP,RR--6----------,case,Loc,,,,-0.023913170092427,O
současné,ADJ,AAFS6----1A----,amod,Loc,Fem,Sing,,0.5147556730409997,O
době,NOUN,NNFS6-----A----,obl,Loc,Fem,Sing,,-0.1564468941207963,O
však,CCONJ,J^-------------,cc,,,,,-0.0139312158955556,O
království,NOUN,NNNS1-----A----,nsubj,Nom,Neut,Sing,,0.0262521561899773,O
postrádá,VERB,VB-S---3P-AAI--,root,,,Sing,,0.0484827530309595,O
infrastrukturu,NOUN,NNFS4-----A----,obj,Acc,Fem,Sing,,0.0144866376718048,O
",",PUNCT,Z:-------------,punct,,,,,0.0773257101992317,O
která,DET,P4FS1----------,nsubj,Nom,Fem,Sing,,-0.1995904898303649,O
by,AUX,Vc----------I--,aux,,,,,0.0584130920543179,O
umožňovala,VERB,VpQW----R-AAI--,acl:relcl,,"Fem,Neut","Plur,Sing",,-0.0120970182788411,O
ubytovat,VERB,Vf--------A-P--,xcomp,,,,,-0.0936350605990626,O
turisty,NOUN,NNMP4-----A----,obj,Acc,Masc,Plur,Anim,-0.0438810449780093,O
v,ADP,RR--6----------,case,Loc,,,,-0.0094279774036687,O
tak,ADV,Db-------------,advmod,,,,,0.0092892360055417,O
velkém,ADJ,AAIS6----1A----,amod,Loc,Masc,Sing,Inan,-0.0495048552823012,O
počtu,NOUN,NNIS6-----A----,obl,Loc,Masc,Sing,Inan,-0.1772855444382265,O
",",PUNCT,Z:-------------,punct,,,,,-0.003725493076623,O
přičemž,ADV,Db-------------,advmod,,,,,-0.1175798057294246,O
úředníci,NOUN,NNMP1-----A----,nsubj,Nom,Masc,Plur,Anim,0.0214984153891111,O
odhadují,VERB,VB-P---3P-AAI--,conj,,,Plur,,-0.0153751893519466,O
",",PUNCT,Z:-------------,punct,,,,,0.0441942658839052,O
že,SCONJ,"J,-------------",mark,,,,,0.0408932985694657,O
během,ADP,RR--2----------,case,Gen,,,,-0.1050749150477002,O
příštích,ADJ,AANP2----1A----,amod,Gen,Neut,Plur,,-0.1145192272837298,O
deseti,NUM,Cl-P2----------,nummod,Gen,,Plur,,0.0263779788670763,O
let,NOUN,NNNP2-----A----,obl,Gen,Neut,Plur,,-0.0615169079976609,O
bude,AUX,VB-S---3F-AAI--,cop,,,Sing,,0.0318501899571363,O
na,ADP,RR--6----------,case,Loc,,,,0.0384610341455442,O
celostátní,ADJ,AAFS6----1A----,amod,Loc,Fem,Sing,,0.0287354681220865,O
úrovni,NOUN,NNFS6-----A----,obl,Loc,Fem,Sing,,-0.0463214771535596,O
potřeba,NOUN,NNFS1-----A----,ccomp,Nom,Fem,Sing,,-0.256471764372991,O
500,NUM,C=-------------,nummod:gov,,,,,-0.1190648031795517,B-nc
000,NUM,C=-------------,nummod:gov,,,,,-0.0441724920407803,I-nc
nových,ADJ,AAIP2----1A----,amod,Gen,Masc,Plur,Inan,0.0684501125449454,O
hotelových,ADJ,AAIP2----1A----,amod,Gen,Masc,Plur,Inan,0.0708412405585864,O
pokojů,NOUN,NNIP2-----A----,nsubj,Gen,Masc,Plur,Inan,0.0686496618261205,O
.,PUNCT,Z:-------------,punct,,,,,0.269361922015357,O
Rusko,PROPN,NNNS1-----A----,nsubj,Nom,Neut,Sing,,0.0620517340982939,B-gc
její,DET,P9NS4FS3-------,det,Acc,Neut,Sing,,-0.0610812289574025,O
jmenování,NOUN,NNNS4-----A----,obj,Acc,Neut,Sing,,0.0373648145508907,O
vetovalo,VERB,VpNS----R-AAB--,root,,Neut,Sing,,-0.06811244677264,O
",",PUNCT,Z:-------------,punct,,,,,0.4169259293350613,O
ale,CCONJ,J^-------------,cc,,,,,-0.1175730156953007,O
Williamsová,PROPN,NNFS1-----A----,nsubj,Nom,Fem,Sing,,0.0270666391666907,B-ps
má,VERB,VB-S---3P-AAI--,conj,,,Sing,,-0.1512664709451257,O
rozsáhlé,ADJ,AAFP4----1A----,amod,Acc,Fem,Plur,,0.0396378267767724,O
znalosti,NOUN,NNFP4-----A----,obj,Acc,Fem,Plur,,-0.0976750759577822,O
o,ADP,RR--6----------,case,Loc,,,,-0.2134735992836772,O
situaci,NOUN,NNFS6-----A----,nmod,Loc,Fem,Sing,,0.0230129429468718,O
v,ADP,RR--6----------,case,Loc,,,,0.1285434578972152,O
Libyi,PROPN,NNFS6-----A----,nmod,Loc,Fem,Sing,,-0.0762938634837425,B-gc
a,CCONJ,J^-------------,cc,,,,,-0.1050910282460198,O
vloni,ADV,Db-------------,advmod,,,,,0.0273404672751537,O
projevila,VERB,VpQW----R-AAP--,conj,,"Fem,Neut","Plur,Sing",,0.0689137054792608,O
ochotu,NOUN,NNFS4-----A----,obj,Acc,Fem,Sing,,-0.0074251006536416,O
čelit,VERB,Vf--------A-I--,acl,,,,,-0.0815936678392527,O
osobám,NOUN,NNFP3-----A----,obl:arg,Dat,Fem,Plur,,-0.0270485762615042,O
v,ADP,RR--6----------,case,Loc,,,,0.0166928987420055,O
politickém,ADJ,AANS6----1A----,amod,Loc,Neut,Sing,,0.008719235236297,O
spektru,NOUN,NNNS6-----A----,nmod,Loc,Neut,Sing,,-0.0767835560655783,O
",",PUNCT,Z:-------------,punct,,,,,0.2446924743270412,O
které,DET,P4FP1----------,nsubj,Nom,Fem,Plur,,0.1357222795273021,O
jsou,AUX,VB-P---3P-AAI--,acl:relcl,,,Plur,,0.3287465003588007,O
proti,ADP,RR--3----------,case,Dat,,,,0.1180269797568062,O
volbám,NOUN,NNFP3-----A----,obl,Dat,Fem,Plur,,0.0445173176933902,O
.,PUNCT,Z:-------------,punct,,,,,0.1015641240535878,O
Na,ADP,RR--6----------,case,Loc,,,,-0.4057662081006413,O
vašem,DET,PSZS6-P2-------,det,Loc,"Masc,Neut",Sing,,-0.0437489317200913,O
počítači,NOUN,NNIS6-----A----,root,Loc,Masc,Sing,Inan,0.0479556368924734,O
:,PUNCT,Z:-------------,punct,,,,,0.4539542864557185,O
Otevřete,VERB,Vi-P---2--A-P--,conj,,,Plur,,0.3449892464440122,O
#PRS,NOUN,BNXXX-----A----,root,,,,,-0.1219988867145296,O
_,PUNCT,Z:-------------,punct,,,,,0.1169848225554397,O
ORG,NOUN,BNXXX-----A----,nmod,,,,,-0.1139012026654087,O
#,NUM,C=-------------,nummod,,,,,0.236201229046003,O
.,PUNCT,Z:-------------,punct,,,,,-0.425370771588848,O
Rodina,NOUN,NNFS1-----A----,nsubj,Nom,Fem,Sing,,0.0051150183373157,O
mladíka,NOUN,NNMS2-----A----,nmod,Gen,Masc,Sing,Anim,0.0306601799533164,O
",",PUNCT,Z:-------------,punct,,,,,-0.0057846351733716,O
který,DET,P4YS1----------,nsubj:pass,Nom,Masc,Sing,,-0.0640491194031676,O
byl,AUX,VpYS----R-AAI--,aux:pass,,Masc,Sing,,-0.0695869589369772,O
ubodán,ADJ,VsYS----X-APP--,amod,,Masc,Sing,,-0.0002655271800798,O
v,ADP,RR--6----------,case,Loc,,,,0.0808439486493917,O
Birminghamu,PROPN,NNIS6-----A----,obl,Loc,Masc,Sing,Inan,0.0079492969298677,B-gu
",",PUNCT,Z:-------------,punct,,,,,0.0330068967958683,O
jej,PRON,PEZS4--3------2,obj,Acc,"Masc,Neut",Sing,,-0.0028620814339297,O
popsala,VERB,VpQW----R-AAP--,root,,"Fem,Neut","Plur,Sing",,0.0641247935470249,O
jako,SCONJ,"J,-------------",mark,,,,,0.1872886095968355,O
mladého,ADJ,AAMS4----1A----,amod,Acc,Masc,Sing,Anim,-0.0246471063706663,O
",",PUNCT,Z:-------------,punct,,,,,0.1061350679461457,O
energického,ADJ,AAMS4----1A----,conj,Acc,Masc,Sing,Anim,0.0250560261101282,O
",",PUNCT,Z:-------------,punct,,,,,0.0960183061029518,O
18letého,ADJ,AAMS4----1A----,conj,Acc,Masc,Sing,Anim,0.0922390656574934,B-na
teenagera“,NOUN,NNMS4-----A----,xcomp,Acc,Masc,Sing,Anim,0.0797787044902199,O
",",PUNCT,Z:-------------,punct,,,,,0.0370155929581364,O
jehož,PRON,P4ZS2----------,nmod,Gen,"Masc,Neut",Sing,,-0.0581764387184414,O
snem,NOUN,NNIS7-----A----,acl:relcl,Ins,Masc,Sing,Inan,0.0025418319481312,O
bylo,AUX,VpNS----R-AAI--,cop,,Neut,Sing,,0.0222534272535252,O
stát,VERB,Vf--------A-P--,csubj,,,,,-0.0162297761435176,O
se,PRON,P7-X4----------,expl:pv,Acc,,,,0.0052722007650469,O
digitálním,ADJ,AAMS7----1A----,amod,Ins,Masc,Sing,Anim,-0.0240439783934478,O
marketingovým,ADJ,AAMS7----1A----,amod,Ins,Masc,Sing,Anim,0.0754946494315593,O
specialistou,NOUN,NNMS7-----A----,obl:arg,Ins,Masc,Sing,Anim,0.0772070074584104,O
.,PUNCT,Z:-------------,punct,,,,,-0.1128823562937933,O
Konverzace,NOUN,NNFS1-----A----,nsubj,Nom,Fem,Sing,,0.2133887370210876,O
pokračovala,VERB,VpQW----R-AAI--,root,,"Fem,Neut","Plur,Sing",,0.0455222445364228,O
tímto,DET,PDZS7----------,det,Ins,"Masc,Neut",Sing,,-0.0102654025139651,O
způsobem,NOUN,NNIS7-----A----,obl,Ins,Masc,Sing,Inan,-0.0964179327769162,O
několik,DET,Ca--4----------,det:numgov,Acc,,,,-0.0548855413868592,O
minut,NOUN,NNFP2-----A----,obl,Gen,Fem,Plur,,-0.0174822230305647,O
",",PUNCT,Z:-------------,punct,,,,,0.0942607385811638,O
s,ADP,RR--7----------,case,Ins,,,,-0.194271286485447,O
tím,DET,PDZS7----------,obl,Ins,"Masc,Neut",Sing,,-0.0574933910173924,O
",",PUNCT,Z:-------------,punct,,,,,0.1929741320879576,O
že,SCONJ,"J,-------------",mark,,,,,-0.0778110948913539,O
mi,PRON,PH-S3--1-------,obl:arg,Dat,,Sing,,-0.0387029181416466,O
nadával,VERB,VpYS----R-AAI--,acl,,Masc,Sing,,0.0027696190224369,O
",",PUNCT,Z:-------------,punct,,,,,0.3758361323190572,O
že,SCONJ,"J,-------------",mark,,,,,-0.1814094145118188,O
jsem,AUX,VB-S---1P-AAI--,aux,,,Sing,,-0.1234441529433045,O
tam,ADV,Db-------------,advmod,,,,,0.236252787482512,O
nechal,VERB,VpYS----R-AAP--,ccomp,,Masc,Sing,,-0.0740359303495299,O
přívěs,NOUN,NNIS4-----A----,obj,Acc,Masc,Sing,Inan,-0.0844484101563238,O
způsobem,NOUN,NNIS7-----A----,obl,Ins,Masc,Sing,Inan,-0.1431862357213939,O
",",PUNCT,Z:-------------,punct,,,,,0.181452771506844,O
jakým,DET,P4ZS7----------,obl,Ins,"Masc,Neut",Sing,,-0.2085316227527007,O
jsem,AUX,VB-S---1P-AAI--,aux,,,Sing,,-0.0175539497690499,O
nenechal,VERB,VpYS----R-NAP--,acl:relcl,,Masc,Sing,,0.2091234225854712,O
.,PUNCT,Z:-------------,punct,,,,,0.0467987899871477,O
Být,AUX,Vf--------A-I--,cop,,,,,0.1275532650720729,O
matkou,NOUN,NNFS7-----A----,csubj,Ins,Fem,Sing,,0.1277711773014967,O
pro,ADP,RR--4----------,case,Acc,,,,0.0868760125944325,O
mě,PRON,PH-S4--1-------,obl,Acc,,Sing,,-0.1780224368372223,O
bylo,AUX,VpNS----R-AAI--,cop,,Neut,Sing,,0.1514830649793318,O
prvotřídní,ADJ,AAFS7----1A----,amod,Ins,Fem,Sing,,0.164796864381623,O
lekcí,NOUN,NNFS7-----A----,ccomp,Ins,Fem,Sing,,0.2380699630522987,O
pro,ADP,RR--4----------,case,Acc,,,,-0.0531304830361226,O
seberealizaci,NOUN,NNFS4-----A----,nmod,Acc,Fem,Sing,,0.0557297807949173,O
mých,DET,PSXP2-S1-------,det,Gen,,Plur,,0.0014126826097339,O
dětí,NOUN,NNFP2-----A----,nmod,Gen,Fem,Plur,,0.4702081138101237,O
",",PUNCT,Z:-------------,punct,,,,,0.0931378179030056,O
“,PUNCT,Z:-------------,punct,,,,,-0.1705445414831932,O
řekla,VERB,VpQW----R-AAP--,root,,"Fem,Neut","Plur,Sing",,-0.1633540123783076,O
Obamová,PROPN,NNFS1-----A----,nsubj,Nom,Fem,Sing,,0.041361408094737,B-ps
v,ADP,RR--6----------,case,Loc,,,,0.289475417949584,O
rozhovoru,NOUN,NNIS6-----A----,obl,Loc,Masc,Sing,Inan,0.1754029637419659,O
.,PUNCT,Z:-------------,punct,,,,,-0.2051112561897121,O
Trumpův,ADJ,AUMS1M---------,amod,Nom,Masc,Sing,Anim,0.1616651020691103,B-ps
vysoce,ADV,Db-------------,advmod,,,,,-0.120654458348819,O
postavený,ADJ,AAMS1----1A----,amod,Nom,Masc,Sing,Anim,-0.0029679393593484,O
úředník,NOUN,NNMS1-----A----,nsubj,Nom,Masc,Sing,Anim,0.0953684955619499,O
v,ADP,RR--4----------,case,Acc,,,,0.1196355120439464,O
pátek,NOUN,NNIS4-----A----,obl,Acc,Masc,Sing,Inan,0.0089389585496937,O
potvrdil,VERB,VpYS----R-AAP--,root,,Masc,Sing,,-0.1216859546076579,O
",",PUNCT,Z:-------------,punct,,,,,0.0813272676657843,O
že,SCONJ,"J,-------------",mark,,,,,0.0339229088462657,O
právníci,NOUN,NNMP1-----A----,nsubj,Nom,Masc,Plur,Anim,0.0307858022938525,O
Bílého,ADJ,AAIS2----1A----,amod,Gen,Masc,Sing,Inan,0.0017789091059353,B-io
domu,NOUN,NNIS2-----A----,nmod,Gen,Masc,Sing,Inan,0.1758691557762053,I-io
zařídili,VERB,VpMP----R-AAP--,ccomp,,Masc,Plur,Anim,0.3667902042973938,O
předání,NOUN,NNNS4-----A----,obj,Acc,Neut,Sing,,-0.0560868358899068,O
přepisu,NOUN,NNIS2-----A----,nmod,Gen,Masc,Sing,Inan,0.2231187034946785,O
červencového,ADJ,AAIS2----1A----,amod,Gen,Masc,Sing,Inan,0.1357425930577893,O
telefonického,ADJ,AAIS2----1A----,amod,Gen,Masc,Sing,Inan,0.0900019766398384,O
hovoru,NOUN,NNIS2-----A----,nmod,Gen,Masc,Sing,Inan,0.1885355415973487,O
prezidenta,NOUN,NNMS2-----A----,nmod,Gen,Masc,Sing,Anim,-0.0453128049593075,O
Trumpa,PROPN,NNMS2-----A----,flat,Gen,Masc,Sing,Anim,0.201420608450953,B-ps
s,ADP,RR--7----------,case,Ins,,,,0.0806131983760875,O
ukrajinským,ADJ,AAMS7----1A----,amod,Ins,Masc,Sing,Anim,-0.0470808501039521,O
prezidentem,NOUN,NNMS7-----A----,nmod,Ins,Masc,Sing,Anim,0.0531258410580456,O
Volodymyrem,PROPN,NNMS7-----A----,flat,Ins,Masc,Sing,Anim,0.1153526526721804,B-P|B-pf
Zelenským,PROPN,NNMS7-----A----,flat,Ins,Masc,Sing,Anim,0.2863834723091475,I-P|B-ps
vládní,ADJ,AAFS3----1A----,amod,Dat,Fem,Sing,,0.2528335357867283,O
bezpečnostní,ADJ,AAFS3----1A----,amod,Dat,Fem,Sing,,-0.1205456563792662,O
agentuře,NOUN,NNFS3-----A----,obl:arg,Dat,Fem,Sing,,0.1809318245585096,O
.,PUNCT,Z:-------------,punct,,,,,0.0650124189868,O
First,X,F%-------------,nsubj,,,,,-0.0441602661764948,O
Ladies,X,F%-------------,flat:foreign,,,,,-0.3061149834909087,O
se,PRON,P7-X4----------,expl:pv,Acc,,,,0.1930729499558796,O
zaměřuje,VERB,VB-S---3P-AAI--,root,,,Sing,,0.2398592979140412,O
na,ADP,RR--4----------,case,Acc,,,,-0.1375045283744585,O
politický,ADJ,AAIS4----1A----,amod,Acc,Masc,Sing,Inan,-0.0417160243977423,O
a,CCONJ,J^-------------,cc,,,,,-0.0503291483928263,O
osobní,ADJ,AAIS4----1A----,conj,Acc,Masc,Sing,Inan,-0.1789997121509133,O
život,NOUN,NNIS4-----A----,obl:arg,Acc,Masc,Sing,Inan,0.1000717351724162,O
prvních,ADJ,CrFP2----------,amod,Gen,Fem,Plur,,-0.025525774811533,O
dám,NOUN,NNFP2-----A----,nmod,Gen,Fem,Plur,,0.172753506661331,O
v,ADP,RR--6----------,case,Loc,,,,-0.0510455112695428,O
celé,ADJ,AAFS6----1A----,amod,Loc,Fem,Sing,,-0.1672958306535407,O
historii,NOUN,NNFS6-----A----,nmod,Loc,Fem,Sing,,0.1859889701933628,O
USA,PROPN,BNXXX-----A----,nmod,,,,,0.034630976287411,B-gc
.,PUNCT,Z:-------------,punct,,,,,-0.1123905910126359,O
První,ADJ,CrFS1----------,amod,Nom,Fem,Sing,,-0.0695899222602613,O
sezóna,NOUN,NNFS1-----A----,nsubj,Nom,Fem,Sing,,0.0546255225747535,O
se,PRON,P7-X4----------,expl:pv,Acc,,,,0.0631120225767653,O
bude,AUX,VB-S---3F-AAI--,aux,,,Sing,,0.0714273986008466,O
zabývat,VERB,Vf--------A-I--,root,,,,,0.0743642012776506,O
Obamovou,PROPN,NNFS7-----A----,obl:arg,Ins,Fem,Sing,,0.0079937382164822,B-ps
",",PUNCT,Z:-------------,punct,,,,,0.1401620667000871,O
Eleanorou,PROPN,NNFS7-----A----,conj,Ins,Fem,Sing,,0.0967044029658821,B-P|B-pf
Rooseveltovou,PROPN,NNFS7-----A----,flat,Ins,Fem,Sing,,0.0090188124370128,I-P|B-ps
a,CCONJ,J^-------------,cc,,,,,0.12767841394648,O
Betty,PROPN,NNFXX-----A----,conj,,Fem,,,0.1500305890525819,B-P|B-pf
Fordovou,PROPN,NNFS7-----A----,flat,Ins,Fem,Sing,,0.0138552811586491,I-P|B-ps
.,PUNCT,Z:-------------,punct,,,,,-0.6409550529777193,O
školení,NOUN,NNNS1-----A----,nsubj,Nom,Neut,Sing,,0.3036942916343857,O
by,AUX,Vc----------I--,aux,,,,,0.1249689538209995,O
mělo,VERB,VpNS----R-AAI--,root,,Neut,Sing,,-0.0009720296103126,O
postačovat,VERB,Vf--------A-I--,xcomp,,,,,-0.0224179218868928,O
",",PUNCT,Z:-------------,punct,,,,,0.022927491126135,O
abyste,AUX,Vc-P---2-------,aux,,,Plur,,-0.0143846349085907,O
složili,VERB,VpMP----R-AAP--,advcl,,Masc,Plur,Anim,0.1666316040807667,O
mezinárodní,ADJ,AAFP4----1A----,amod,Acc,Fem,Plur,,-0.2823681795896611,O
zkoušky,NOUN,NNFP4-----A----,obj,Acc,Fem,Plur,,-0.0341188530349481,O
na,ADP,RR--6----------,case,Loc,,,,-0.0493945275986908,O
A,NOUN,Q3-------------,nmod,,,,,-0.065877267691966,O
+,SYM,Z:-------------,nmod,,,,,-0.1907281308527232,O
a,CCONJ,J^-------------,cc,,,,,0.0103063748475935,O
další,ADJ,AAIP1----1A----,amod,Nom,Masc,Plur,Inan,-0.3009848553765823,O
kurzy,NOUN,NNIP1-----A----,nsubj,Nom,Masc,Plur,Inan,-0.0148350078860438,O
",",PUNCT,Z:-------------,punct,,,,,0.0144084473464443,O
které,DET,P4YP4----------,obj,Acc,Masc,Plur,,-0.1491873126148823,O
poskytuji,VERB,VB-S---1P-AAI-1,acl:relcl,,,Sing,,0.0694445046028693,O
",",PUNCT,Z:-------------,punct,,,,,-0.0279143700003774,O
by,AUX,Vc----------I--,aux,,,,,-0.0621515906784328,O
mely,VERB,VpTP----R-AAI--,conj,,"Fem,Masc",Plur,Inan,-0.0134626069093958,O
stačit,VERB,Vf--------A-I--,xcomp,,,,,-0.0426404467298188,O
",",PUNCT,Z:-------------,punct,,,,,0.0948813785884311,O
abyste,AUX,Vc-P---2-------,aux,,,Plur,,0.0597892414700074,O
složili,VERB,VpMP----R-AAP--,advcl,,Masc,Plur,Anim,0.0394672628456085,O
spojené,ADJ,AAFP4----1A----,amod,Acc,Fem,Plur,,-0.0871498978594776,O
zkoušky,NOUN,NNFP4-----A----,obj,Acc,Fem,Plur,,-0.0335593704977199,O
",",PUNCT,Z:-------------,punct,,,,,0.0550790357062227,O
pokud,SCONJ,"J,-------------",mark,,,,,0.0353390820969387,O
je,AUX,VB-S---3P-AAI--,advcl,,,Sing,,-0.221455398493977,O
zde,ADV,Db-------------,advmod,,,,,-0.0682391619174623,O
zkouška,NOUN,NNFS1-----A----,nsubj,Nom,Fem,Sing,,0.0430154205436405,O
spojená,ADJ,AAFS1----1A----,amod,Nom,Fem,Sing,,0.2368995936738825,O
s,ADP,RR--7----------,case,Ins,,,,0.0233567940957032,O
tímto,DET,PDZS7----------,det,Ins,"Masc,Neut",Sing,,-0.0557856174640642,O
konkrétním,ADJ,AAIS7----1A----,amod,Ins,Masc,Sing,Inan,0.0104311440807346,O
kursem,NOUN,NNIS7-----A----,obl:arg,Ins,Masc,Sing,Inan,0.0649222966466148,O
.,PUNCT,Z:-------------,punct,,,,,0.4200235533280759,O
Hvězda,NOUN,NNFS1-----A----,nsubj,Nom,Fem,Sing,,0.1897689580161928,O
podobná,ADJ,AAFS1----1A----,amod,Nom,Fem,Sing,,0.0518171601046873,O
našemu,DET,PSZS3-P1-------,det,Dat,"Masc,Neut",Sing,,-0.0354731640552595,O
Slunci,NOUN,NNNS3-----A----,obl:arg,Dat,Neut,Sing,,-0.048523936691927,B-g_
",",PUNCT,Z:-------------,punct,,,,,0.0046633553789629,O
která,DET,P4FS1----------,nsubj,Nom,Fem,Sing,,-0.3815865471850903,O
byla,AUX,VpQW----R-AAI--,acl:relcl,,"Fem,Neut","Plur,Sing",,0.0104297027792173,O
vidět,VERB,Vf--------A-I--,ccomp,,,,,-0.1433848434908874,O
ze,ADP,RV--2----------,case,Gen,,,,-0.0173945999501623,O
vzdálenosti,NOUN,NNFS2-----A----,obl,Gen,Fem,Sing,,0.0200052361667453,O
375,NUM,C=-------------,nummod,,,,,0.0618180867388471,B-nc
milionů,DET,CzIP2----------,det,Gen,Masc,Plur,Inan,-0.0338246636979888,I-nc
světelných,ADJ,AANP2----1A----,amod,Gen,Neut,Plur,,0.0883053997992217,O
let,NOUN,NNNP2-----A----,nmod,Gen,Neut,Plur,,-0.1484664708161269,O
",",PUNCT,Z:-------------,punct,,,,,0.1687415463685079,O
se,PRON,P7-X4----------,expl:pv,Acc,,,,-0.0007408506579985,O
zdeformovala,VERB,VpQW----R-AAP--,ccomp,,"Fem,Neut","Plur,Sing",,0.0509615999965791,O
a,CCONJ,J^-------------,cc,,,,,-0.0342254830525065,O
prudce,ADV,Dg-------1A----,advmod,,,,,0.0416120609249797,O
klesla,VERB,VpQW----R-AAP-1,conj,,"Fem,Neut","Plur,Sing",,-0.0269597199212164,O
do,ADP,RR--2----------,case,Gen,,,,0.0086038007029457,O
gravitačního,ADJ,AAIS2----1A----,amod,Gen,Masc,Sing,Inan,0.0212447349190824,O
tahu,NOUN,NNIS2-----A----,obl,Gen,Masc,Sing,Inan,-0.043712965231095,O
ohromné,ADJ,AAFS2----1A----,amod,Gen,Fem,Sing,,0.0889656846282053,O
černé,ADJ,AAFS2----1A----,amod,Gen,Fem,Sing,,-0.0589251326847231,O
díry,NOUN,NNFS2-----A----,nmod,Gen,Fem,Sing,,0.0003098136905994,O
",",PUNCT,Z:-------------,punct,,,,,0.060501597773701,O
uvedli,VERB,VpMP----R-AAP--,root,,Masc,Plur,Anim,0.0332799120489646,O
vědci,NOUN,NNMP1-----A----,nsubj,Nom,Masc,Plur,Anim,0.019023855343712,O
v,ADP,RR--6----------,case,Loc,,,,0.0717824728914009,O
časopise,NOUN,NNIS6-----A----,obl,Loc,Masc,Sing,Inan,0.0329786704231348,O
Astrophysical,X,F%-------------,nmod,,,,,-0.0037800287984727,B-mn
Journal,X,F%-------------,flat:foreign,,,,,-0.1896158700724217,I-mn
.,PUNCT,Z:-------------,punct,,,,,0.4576646627321142,O
Pokud,SCONJ,"J,-------------",mark,,,,,-0.2412533537331663,O
toto,DET,PDNS4----------,obj,Acc,Neut,Sing,,-0.1228161966453725,O
chcete,VERB,VB-P---2P-AAI--,advcl,,,Plur,,0.0190693641232972,O
provést,VERB,Vf--------A-P--,xcomp,,,,,0.0582030448543697,O
",",PUNCT,Z:-------------,punct,,,,,0.3711818678783653,O
řiďte,VERB,Vi-P---2--A-P--,root,,,Plur,,-0.1101216963671677,O
se,PRON,P7-X4----------,expl:pv,Acc,,,,-0.0893186711256676,O
prosím,VERB,VB-S---1P-AAI--,xcomp,,,Sing,,0.0419879416654434,O
následujícími,ADJ,AGIP7-----A----,amod,Ins,Masc,Plur,Inan,0.0858250416989712,O
pokyny,NOUN,NNIP7-----A----,obl,Ins,Masc,Plur,Inan,0.0251345226412215,O
:,PUNCT,Z:-------------,punct,,,,,-0.4132246394340113,O
Čtvrteční,ADJ,AANS1----1A----,amod,Nom,Neut,Sing,,0.0171701039524482,O
prohlášení,NOUN,NNNS1-----A----,nsubj,Nom,Neut,Sing,,0.0012718997611646,O
přišlo,VERB,VpNS----R-AAP--,root,,Neut,Sing,,-0.0008178572854425,O
uprostřed,ADP,RR--2----------,case,Gen,,,,0.0354662063125969,O
napjaté,ADJ,AAFS2----1A----,amod,Gen,Fem,Sing,,0.024717630535807,O
atmosféry,NOUN,NNFS2-----A----,obl,Gen,Fem,Sing,,-0.0333874674919534,O
ve,ADP,RV--6----------,case,Loc,,,,-0.0217370928063939,O
Washingtonu,PROPN,NNIS6-----A---1,nmod,Loc,Masc,Sing,Inan,0.0014052147194989,B-gu
vyvolané,ADJ,AAFS2----1A----,amod,Gen,Fem,Sing,,-0.0661464021168326,O
stížností,NOUN,NNFS7-----A----,obl:arg,Ins,Fem,Sing,,0.0226830831755836,O
oznamovatele,NOUN,NNMS2-----A----,nmod,Gen,Masc,Sing,Anim,0.0152513843362809,O
",",PUNCT,Z:-------------,punct,,,,,0.0861414726080136,O
která,DET,P4FS1----------,nsubj,Nom,Fem,Sing,,-0.0457956087809221,O
tvrdí,VERB,VB-S---3P-AAI--,acl:relcl,,,Sing,,-0.0739342890158697,O
",",PUNCT,Z:-------------,punct,,,,,0.1178225869435959,O
že,SCONJ,"J,-------------",mark,,,,,0.0561914169193773,O
Trump,PROPN,NNMS1-----A----,nsubj,Nom,Masc,Sing,Anim,0.0066706126452598,B-ps
zneužil,VERB,VpYS----R-AAP--,ccomp,,Masc,Sing,,0.0322416164581165,O
své,DET,P8FS2---------1,det,Gen,Fem,Sing,,-0.0080826465915623,O
úřední,ADJ,AAFS2----1A----,amod,Gen,Fem,Sing,,0.012092393100103,O
pravomoci,NOUN,NNFS2-----A----,obl:arg,Gen,Fem,Sing,,0.0522948498140197,O
k,ADP,RR--3----------,case,Dat,,,,-0.0021288032818349,O
podněcování,NOUN,NNNS3-----A----,obl,Dat,Neut,Sing,,0.014717704225525,O
zásahu“,NOUN,NNFP2-----A----,nmod,Gen,Fem,Plur,,-0.001383509933581,O
ukrajinského,ADJ,AAMS2----1A----,amod,Gen,Masc,Sing,Anim,0.0016535075763404,O
prezidenta,NOUN,NNMS2-----A----,nmod,Gen,Masc,Sing,Anim,0.0061274838537976,O
Volodymyra,PROPN,NNMS2-----A----,flat,Gen,Masc,Sing,Anim,-0.0111363461765935,B-P|B-pf
Zelenského,PROPN,NNMS2-----A----,flat,Gen,Masc,Sing,Anim,-0.0239048288809752,I-P|B-ps
v,ADP,RR--6----------,case,Loc,,,,0.0044960008757448,O
nadcházejících,ADJ,AGFP6-----A----,amod,Loc,Fem,Plur,,-0.0051435804433708,O
volbách,NOUN,NNFP6-----A----,nmod,Loc,Fem,Plur,,0.0130151969141801,O
pro,ADP,RR--4----------,case,Acc,,,,-0.0054227920365394,O
rok,NOUN,NNIS4-----A----,nmod,Acc,Masc,Sing,Inan,0.0202805855949393,O
2020,NUM,C=-------------,nummod,,,,,0.0502511417961743,B-ty
a,CCONJ,J^-------------,cc,,,,,0.0309524712181716,O
Bílý,ADJ,AAIS1----1A----,amod,Nom,Masc,Sing,Inan,0.0085970630417704,B-io
dům,NOUN,NNIS1-----A----,nsubj,Nom,Masc,Sing,Inan,0.0132288121691416,I-io
podnikl,VERB,VpYS----R-AAP-1,conj,,Masc,Sing,,0.0047524678990119,O
kroky,NOUN,NNIP4-----A----,obj,Acc,Masc,Plur,Inan,0.0645240256329283,O
k,ADP,RR--3----------,case,Dat,,,,0.0687947253724283,O
jeho,DET,P9XXXZS3-------,det,,,,,0.0256773302187603,O
krytí,NOUN,NNNS3-----A----,nmod,Dat,Neut,Sing,,-0.0165864422868445,O
.,PUNCT,Z:-------------,punct,,,,,0.0417475278846536,O
Přepis,NOUN,NNIS1-----A----,nsubj,Nom,Masc,Sing,Inan,-0.0018956285866206,O
červencového,ADJ,AAIS2----1A----,amod,Gen,Masc,Sing,Inan,0.0123648975888296,O
telefonického,ADJ,AAIS2----1A----,amod,Gen,Masc,Sing,Inan,0.0170784964608687,O
rozhovoru,NOUN,NNIS2-----A----,nmod,Gen,Masc,Sing,Inan,0.0235581333000688,O
",",PUNCT,Z:-------------,punct,,,,,0.0823096547821806,O
který,DET,P4IS4----------,obj,Acc,Masc,Sing,Inan,0.0073431859537724,O
ve,ADP,RV--4----------,case,Acc,,,,0.0119540085998238,O
středu,NOUN,NNFS4-----A----,obl,Acc,Fem,Sing,,0.0331609175682678,O
zveřejnil,VERB,VpYS----R-AAP--,acl:relcl,,Masc,Sing,,0.0945108097283271,O
Bílý,ADJ,AAIS1----1A----,amod,Nom,Masc,Sing,Inan,0.0187799542428602,B-io
dům,NOUN,NNIS1-----A----,nsubj,Nom,Masc,Sing,Inan,0.0004888092844535,I-io
",",PUNCT,Z:-------------,punct,,,,,0.0888463254460639,O
vypovídá,VERB,VB-S---3P-AAB--,root,,,Sing,,0.0084770961959449,O
",",PUNCT,Z:-------------,punct,,,,,0.1071756613775767,O
že,SCONJ,"J,-------------",mark,,,,,0.0340913498369161,O
Trump,PROPN,NNMS1-----A----,nsubj,Nom,Masc,Sing,Anim,0.0011879215533984,B-ps
opakovaně,ADV,Dg-------1A----,advmod,,,,,0.0015887541968223,O
na,ADP,RR--4----------,case,Acc,,,,-0.0003760343680623,O
tlačil,VERB,VpYS----R-AAI--,ccomp,,Masc,Sing,,0.0032456226706168,O
Zelenského,PROPN,NNMS4-----A----,iobj,Acc,Masc,Sing,Anim,-0.010152917383497,B-ps
",",PUNCT,Z:-------------,punct,,,,,0.0341424387404123,O
aby,AUX,Vc-------------,aux,,,,,0.0508135126827395,O
podrobil,VERB,VpYS----R-AAP--,ccomp,,Masc,Sing,,0.004401084620682,O
vyšetřování,NOUN,NNNS3-----A----,obl:arg,Dat,Neut,Sing,,-0.0084683684839645,O
bývalého,ADJ,AAMS2----1A----,amod,Gen,Masc,Sing,Anim,0.0076892075429401,O
viceprezidenta,NOUN,NNMS2-----A----,nmod,Gen,Masc,Sing,Anim,-0.0037532957075901,O
Joe,PROPN,NNMXX-----A----,flat,,Masc,,Anim,0.06413113964495,B-P|B-pf
Bidena,PROPN,NNMS2-----A----,flat,Gen,Masc,Sing,Anim,0.0662163599204375,I-P|B-ps
a,CCONJ,J^-------------,cc,,,,,0.0088416969415582,O
jeho,DET,P9XXXZS3-------,det,,,,,0.0087966992217954,O
syna,NOUN,NNMS2-----A----,conj,Gen,Masc,Sing,Anim,0.024377766886502,O
Huntera,PROPN,NNMS2-----A----,flat,Gen,Masc,Sing,Anim,0.0028950918502509,B-ps
.,PUNCT,Z:-------------,punct,,,,,0.6986383830939463,O
Více,ADV,Dg-------2A----,obj,,,,,-0.5854877154907223,O
informací,NOUN,NNFP2-----A----,nmod,Gen,Fem,Plur,,0.1459236498720686,O
najdete,VERB,VB-P---2P-AAP--,root,,,Plur,,-0.2498071754301812,O
na,ADP,RR--6----------,case,Loc,,,,-0.4842750575664412,O
webu,NOUN,NNIS6-----A----,obl,Loc,Masc,Sing,Inan,0.2346186294983833,O
Norton,PROPN,NNIS1-----A----,nmod,Nom,Masc,Sing,Inan,0.2290374927344653,B-ic
.,PUNCT,Z:-------------,punct,,,,,0.3520935218239758,O
Se,ADP,RV--7----------,case,Ins,,,,-0.1270943007066132,O
dvěma,NUM,CnXP7----------,nummod,Ins,,Plur,,0.1149827502242672,O
miliony,DET,CzIP7----------,obl,Ins,Masc,Plur,Inan,-0.0784154306076339,O
vojáků,NOUN,NNMP2-----A----,nmod,Gen,Masc,Plur,Anim,0.1911693927012384,O
zůstává,VERB,VB-S---3P-AAI--,root,,,Sing,,-0.003269943219955,O
čínská,ADJ,AAFS1----1A----,amod,Nom,Fem,Sing,,0.1811858570013658,O
armáda,NOUN,NNFS1-----A----,nsubj,Nom,Fem,Sing,,0.130345052092357,O
stále,ADV,Dg-------1A----,advmod,,,,,0.163166970332204,O
největší,ADJ,AAFS7----3A----,amod,Ins,Fem,Sing,,-0.1343021675470408,O
ozbrojenou,ADJ,AAFS7----1A----,amod,Ins,Fem,Sing,,0.20762957850233,O
silou,NOUN,NNFS7-----A----,obl:arg,Ins,Fem,Sing,,0.0801909589602239,O
na,ADP,RR--6----------,case,Loc,,,,-0.0056231801930493,O
světě,NOUN,NNIS6-----A----,nmod,Loc,Masc,Sing,Inan,-0.0327511855852669,O
.,PUNCT,Z:-------------,punct,,,,,0.6767285481228333,O
Proto,CCONJ,J^-------------,cc,,,,,-0.1831020860210698,O
se,PRON,P7-X4----------,expl:pv,Acc,,,,0.2091481938383803,O
jednotlivé,ADJ,AAFP1----1A----,amod,Nom,Fem,Plur,,0.0603567275740421,O
části,NOUN,NNFP1-----A----,nsubj,Nom,Fem,Plur,,-0.0646740476436442,O
kabelky,NOUN,NNFS2-----A----,nmod,Gen,Fem,Sing,,-0.099267479571053,O
mohou,VERB,VB-P---3P-AAI-1,root,,,Plur,,-0.0509012102717277,O
lišit,VERB,Vf--------A-I--,xcomp,,,,,-0.1246395504112181,O
intenzitou,NOUN,NNFS7-----A----,obl,Ins,Fem,Sing,,0.034747505654074,O
barvy,NOUN,NNFS2-----A----,nmod,Gen,Fem,Sing,,-0.3151082527935971,O
a,CCONJ,J^-------------,cc,,,,,-0.1115106063639108,O
texturou,NOUN,NNFS7-----A----,conj,Ins,Fem,Sing,,-0.0739174687740457,O
",",PUNCT,Z:-------------,punct,,,,,0.5491349571361895,O
což,PRON,PQ--1----------,nsubj,Nom,,,,0.1704446409340965,O
vytváří,VERB,VB-S---3P-AAI--,conj,,,Sing,,0.0568769347635213,O
nádherně,ADV,Dg-------1A----,advmod,,,,,0.3393664847407647,O
jedinečný,ADJ,AAIS4----1A----,amod,Acc,Masc,Sing,Inan,0.0704225788013987,O
efekt,NOUN,NNIS4-----A----,obj,Acc,Masc,Sing,Inan,0.1431802611589511,O
.,PUNCT,Z:-------------,punct,,,,,0.131010555314556,O
