word,upos,xpos,deprel,case,gender,number,animacy,score,ner
Děj,NOUN,NNIS1-----A----,nsubj,Nom,Masc,Sing,Inan,0.0284284821574129,O
seriálu,NOUN,NNIS2-----A----,nmod,Gen,Masc,Sing,Inan,0.004308276247598,O
je,AUX,VB-S---3P-AAI--,cop,,,Sing,,-0.0015611620174066,O
zasazen,ADJ,VsYS----X-APP--,root,,Masc,Sing,,-0.0275376569973548,O
do,ADP,RR--2----------,case,Gen,,,,-0.0220043540331136,O
New,X,F%-------------,nmod,,,,,0.0676859178264014,B-gu
Yorku,PROPN,NNIS2-----A----,obl,Gen,Masc,Sing,Inan,-0.0355265415105377,I-gu
v,ADP,RR--6----------,case,Loc,,,,0.0878570482032728,O
80,NUM,C=-------------,nummod,,,,,0.1488257207405948,B-no
.,PUNCT,Z:-------------,punct,,,,,0.080174086479791,I-no
letech,NOUN,NNNP6-----A----,obl,Loc,Neut,Plur,,-0.1679299496978045,O
19,NUM,C=-------------,nummod,,,,,0.1691013736420659,B-no
.,PUNCT,Z:-------------,punct,,,,,0.0668432658644394,I-no
století,NOUN,NNNS2-----A----,nmod,Gen,Neut,Sing,,-0.1538493051761211,O
a,CCONJ,J^-------------,cc,,,,,0.1467657804502153,O
sleduje,VERB,VB-S---3P-AAI--,conj,,,Sing,,0.1099080272294171,O
osudy,NOUN,NNIP4-----A----,obj,Acc,Masc,Plur,Inan,-0.0703409657848255,O
Marian,PROPN,NNFXX-----A----,nmod,,Fem,,,0.0697970825642024,B-P|B-pf
Brookové,PROPN,NNFS2-----A----,flat,Gen,Fem,Sing,,-0.039026264665312,I-P|B-ps
(,PUNCT,Z:-------------,punct,,,,,0.0907648929253485,O
Louisa,PROPN,NNFS1-----A----,dep,Nom,Fem,Sing,,-0.0125626157576306,B-P|B-pf
Jacobson,PROPN,NNFXX-----A----,flat,,Fem,,,-0.0147951076122131,I-P|B-ps
",",PUNCT,Z:-------------,punct,,,,,0.0810290583454838,O
vlevo,ADV,Db-------------,dep,,,,,0.1347296096530212,O
),PUNCT,Z:-------------,punct,,,,,0.0888295627025035,O
a,CCONJ,J^-------------,cc,,,,,0.1314554269055658,O
začínající,ADJ,AGFS2-----A----,amod,Gen,Fem,Sing,,0.1818796572656412,O
spisovatelky,NOUN,NNFS2-----A----,conj,Gen,Fem,Sing,,0.0945809624214594,O
Peggy,PROPN,NNFXX-----A----,flat,,Fem,,,0.1081524011255603,B-P|B-pf
Scottové,PROPN,NNFS2-----A----,flat,Gen,Fem,Sing,,0.0798943178206608,I-P|B-ps
(,PUNCT,Z:-------------,punct,,,,,0.1521040510903251,O
Denée,PROPN,NNFXX-----A----,dep,,Fem,,,0.2093184463202162,B-P|B-pf
Benton,PROPN,NNMS1-----A----,flat,,Fem,,,-0.0114332737224169,I-P|B-ps
",",PUNCT,Z:-------------,punct,,,,,0.1930981963029116,O
vpravo,ADV,Db-------------,dep,,,,,0.0616335046996592,O
),PUNCT,Z:-------------,punct,,,,,0.070443578794877,O
",",PUNCT,Z:-------------,punct,,,,,0.1795167091403873,O
které,DET,P4FP1----------,nsubj,Nom,Fem,Plur,,-0.0559626386847835,O
se,PRON,P7-X4----------,expl:pv,Acc,,,,0.3042690134562387,O
střetávají,VERB,VB-P---3P-AAI--,acl:relcl,,,Plur,,0.1116143250429072,O
s,ADP,RR--7----------,case,Ins,,,,0.0191865308606915,O
bohatými,ADJ,AAMP7----1A----,amod,Ins,Masc,Plur,Anim,0.0897467050901878,O
starousedlíky,NOUN,NNMP7-----A----,obl:arg,Ins,Masc,Plur,Anim,0.1139238625929059,O
.,PUNCT,Z:-------------,punct,,,,,0.1263635160346748,O
Park,NOUN,NNIS1-----A----,nsubj,Nom,Masc,Sing,Inan,0.0661503358104223,O
o,ADP,RR--6----------,case,Loc,,,,0.2857741122783224,O
rozloze,NOUN,NNFS6-----A----,nmod,Loc,Fem,Sing,,-0.0358733258024129,O
550,NUM,C=-------------,nummod:gov,,,,,-0.0160681108864973,B-nc
akrů,NOUN,NNIP2-----A----,nmod,Gen,Masc,Plur,Inan,-0.1213365722801525,O
(,PUNCT,Z:-------------,punct,,,,,-0.050990131896487,O
220,NUM,C=-------------,appos,,,,,-0.0661858520256543,B-nc
ha,NOUN,NNIXX-----A---b,nmod,,Masc,,Inan,0.060026659630033,B-oe
),PUNCT,Z:-------------,punct,,,,,-0.0784700619595357,O
",",PUNCT,Z:-------------,punct,,,,,-0.0990075581190123,O
který,DET,P4YS1----------,nsubj,Nom,Masc,Sing,,-0.0358154411602282,O
nabízí,VERB,VB-S---3P-AAI--,acl:relcl,,,Sing,,0.1174374761113274,O
domov,NOUN,NNIS4-----A----,obj,Acc,Masc,Sing,Inan,0.0671054729974286,O
lvům,NOUN,NNMP3-----A----,obl:arg,Dat,Masc,Plur,Anim,-0.1001334344606509,O
",",PUNCT,Z:-------------,punct,,,,,-0.1765952176200728,O
tygrům,NOUN,NNMP3-----A----,conj,Dat,Masc,Plur,Anim,0.0012533454945198,O
",",PUNCT,Z:-------------,punct,,,,,-0.2329770412209174,O
pakoňům,NOUN,NNMP3-----A----,conj,Dat,Masc,Plur,Anim,0.1259993388186716,O
či,CCONJ,J^-------------,cc,,,,,-0.318723220997695,O
velbloudům,NOUN,NNMP3-----A----,conj,Dat,Masc,Plur,Anim,0.0227149944956387,O
",",PUNCT,Z:-------------,punct,,,,,-0.0755954644121029,O
odmítl,VERB,VpYS----R-AAP-1,root,,Masc,Sing,,0.1572877327542451,O
zprávy,NOUN,NNFP4-----A----,obj,Acc,Fem,Plur,,0.1726381126995766,O
o,ADP,RR--6----------,case,Loc,,,,0.1156604089804395,O
ozbrojených,ADJ,AAFP6----1A----,amod,Loc,Fem,Plur,,0.0965673935351823,O
opicích,NOUN,NNFP6-----A----,nmod,Loc,Fem,Plur,,0.1370392098699261,O
jako,SCONJ,"J,-------------",mark,,,,,-0.1312054877661146,O
nepodložené,ADJ,AAFP4----1N----,amod,Acc,Fem,Plur,,0.1328708867940161,O
historky,NOUN,NNFP4-----A----,xcomp,Acc,Fem,Plur,,0.0925773789120157,O
.,PUNCT,Z:-------------,punct,,,,,-0.4315325545396236,O
Nové,ADJ,AAFP1----1A----,amod,Nom,Fem,Plur,,-0.0987606768451964,O
statistiky,NOUN,NNFP1-----A----,nsubj,Nom,Fem,Plur,,0.238253217575172,O
pravděpodobně,ADV,Dg-------1A----,advmod,,,,,-0.0277014856733703,O
vženou,VERB,VB-P---3P-AAP--,root,,,Plur,,0.0770751944903281,O
vítr,NOUN,NNIS4-----A----,obj,Acc,Masc,Sing,Inan,0.0230560533023769,O
do,ADP,RR--2----------,case,Gen,,,,0.1563757599194813,O
plachet,NOUN,NNFP2-----A----,obl,Gen,Fem,Plur,,0.2222153670252289,O
pokrokovým,ADJ,AAMP3----1A----,amod,Dat,Masc,Plur,Anim,0.1218721657238333,O
demokratickým,ADJ,AAMP3----1A----,amod,Dat,Masc,Plur,Anim,0.0380365911460804,O
uchazečům,NOUN,NNMP3-----A----,obl:arg,Dat,Masc,Plur,Anim,0.1757214431304543,O
o,ADP,RR--4----------,case,Acc,,,,-0.0110481746540375,O
nominování,NOUN,NNNS4-----A----,nmod,Acc,Neut,Sing,,0.1348229311092267,O
strany,NOUN,NNFS2-----A----,nmod,Gen,Fem,Sing,,0.0730636730710848,O
na,ADP,RR--4----------,case,Acc,,,,0.1315584412672135,O
prezidentské,ADJ,AAFP4----1A----,amod,Acc,Fem,Plur,,0.0583411308437146,O
volby,NOUN,NNFP4-----A----,nmod,Acc,Fem,Plur,,0.0748240067204991,O
v,ADP,RR--6----------,case,Loc,,,,0.1892034111972672,O
příštím,ADJ,AAIS6----1A----,amod,Loc,Masc,Sing,Inan,0.0256934726319124,O
roce,NOUN,NNIS6-----A---1,nmod,Loc,Masc,Sing,Inan,0.0266010966336356,O
",",PUNCT,Z:-------------,punct,,,,,0.1729262403214554,O
kteří,DET,P4MP1----------,nsubj,Nom,Masc,Plur,Anim,-0.043630126746502,O
požadují,VERB,VB-P---3P-AAI--,acl:relcl,,,Plur,,0.1169189212861617,O
podporu,NOUN,NNFS4-----A----,obj,Acc,Fem,Sing,,0.0973717077357787,O
superbohatých,ADJ,AAMP2----1A----,amod,Gen,Masc,Plur,Anim,0.0277129115716852,O
jednotlivců,NOUN,NNMP2-----A----,nmod,Gen,Masc,Plur,Anim,0.0134907164406641,O
a,CCONJ,J^-------------,cc,,,,,-0.3087324990801176,O
o,ADP,RR--2----------,case,Gen,,,,0.0292191074802636,O
velkých,ADJ,AAFP2----1A----,amod,Gen,Fem,Plur,,0.1209453404261212,O
korporací,NOUN,NNFP2-----A----,conj,Gen,Fem,Plur,,-0.0037403171147583,O
",",PUNCT,Z:-------------,punct,,,,,0.0579761312971891,O
aby,AUX,Vc-------------,aux,,,,,0.2074109621144023,O
zaplatili,VERB,VpMP----R-AAP--,advcl,,Masc,Plur,Anim,-0.0044150075350125,O
více,ADV,Dg-------2A----,obj,,,,,-0.0694920901797392,O
daní,NOUN,NNFP2-----A----,nmod,Gen,Fem,Plur,,-0.0138370143769942,O
.,PUNCT,Z:-------------,punct,,,,,0.1808833446649123,O
Zatímco,SCONJ,"J,-------------",mark,,,,,0.1480534823436873,O
demokraté,NOUN,NNMP1-----A----,nsubj,Nom,Masc,Plur,Anim,0.0114980849652717,O
usilují,VERB,VB-P---3P-AAI--,advcl,,,Plur,,0.0361683199925513,O
o,ADP,RR--4----------,case,Acc,,,,0.0091005542877992,O
čtvrtou,ADJ,CrFS4----------,amod,Acc,Fem,Sing,,0.1169425156354385,O
fázi“,NOUN,NNIS4-----A----,obl:arg,Acc,Masc,Sing,Inan,0.0248226105027475,O
koronavirového,ADJ,AAIS2----1A----,amod,Gen,Masc,Sing,Inan,0.0141483568133746,O
balíčku,NOUN,NNIS2-----A----,nmod,Gen,Masc,Sing,Inan,0.1409676855574317,O
pomoci,VERB,NNFS2-----A----,nmod,,,,,0.0963593357975646,O
",",PUNCT,Z:-------------,punct,,,,,0.3044460130456552,O
aby,AUX,Vc-------------,aux,,,,,0.1203606972940797,O
zachovali,VERB,VpMP----R-AAI--,advcl,,Masc,Plur,Anim,-0.0049850858063843,O
podporu,NOUN,NNFS4-----A----,obj,Acc,Fem,Sing,,-0.1092647641023754,O
v,ADP,RR--6----------,case,Loc,,,,0.1568527830321158,O
nezaměstnanosti,NOUN,NNFS6-----A----,nmod,Loc,Fem,Sing,,0.1107770513978784,O
ve,ADP,RV--6----------,case,Loc,,,,-0.0029064312397419,O
výši,NOUN,NNFS6-----A----,nmod,Loc,Fem,Sing,,-0.0285513276439414,O
600,NUM,C=-------------,nummod:gov,,,,,-0.0060003328182895,B-nc
dolarů,NOUN,NNIP2-----A----,nmod,Gen,Masc,Plur,Inan,0.0164260329677622,O
",",PUNCT,Z:-------------,punct,,,,,0.0726445689073875,O
republikáni,NOUN,NNMP1-----A----,nsubj,Nom,Masc,Plur,Anim,-0.0013491234183107,O
volají,VERB,VB-P---3P-AAI--,root,,,Plur,,-0.0611466900711239,O
po,ADP,RR--6----------,case,Loc,,,,-0.0189425598956911,O
jejím,DET,P9ZS6FS3-------,det,Loc,"Masc,Neut",Sing,,0.007830053389496,O
zkrouhnutí,NOUN,NNNS6-----A----,obl:arg,Loc,Neut,Sing,,0.1872420952064034,O
a,CCONJ,J^-------------,cc,,,,,0.2285663243792051,O
argumentují,VERB,VB-P---3P-AAI--,conj,,,Plur,,0.0659878102689471,O
",",PUNCT,Z:-------------,punct,,,,,0.1177700997787618,O
že,SCONJ,"J,-------------",mark,,,,,-0.0545133657546917,O
někteří,DET,PZMP1----------,det,Nom,Masc,Plur,Anim,0.0870067893628606,O
Američané,PROPN,NNMP1-----A----,nsubj,Nom,Masc,Plur,Anim,0.0299374091577909,B-pc
vydělávají,VERB,VB-P---3P-AAI--,ccomp,,,Plur,,0.1368016429536481,O
na,ADP,RR--6----------,case,Loc,,,,0.1334207948880957,O
podpoře,NOUN,NNFS6-----A----,obl,Loc,Fem,Sing,,0.1612211979204509,O
v,ADP,RR--6----------,case,Loc,,,,0.1314819320779734,O
nezaměstnanosti,NOUN,NNFS6-----A----,nmod,Loc,Fem,Sing,,0.1965348591138983,O
víc,ADV,Dg-------2A---1,obj,,,,,0.1743443062971651,O
",",PUNCT,Z:-------------,punct,,,,,0.2762461701779644,O
než,SCONJ,"J,-------------",mark,,,,,0.1517243829443124,O
když,SCONJ,"J,-------------",mark,,,,,-0.0065525051355369,O
pracovali,VERB,VpMP----R-AAI--,advcl,,Masc,Plur,Anim,0.0729186701926166,O
.,PUNCT,Z:-------------,punct,,,,,0.280853906301983,O
Audio,NOUN,NNNS1-----A----,nmod,Nom,Neut,Sing,,0.0799656080794545,O
vstupy,NOUN,NNIP1-----A----,root,Nom,Masc,Plur,Inan,0.2222312448039912,O
-,PUNCT,Z:-------------,punct,,,,,-0.0239814403868543,O
6,NUM,C=-------------,appos,,,,,0.1134516084707474,B-nc
vyvážených,ADJ,AAIP2----1A----,amod,Gen,Masc,Plur,Inan,-0.1123181982152784,O
nebo,CCONJ,J^-------------,cc,,,,,-0.1192961353927155,O
S,NOUN,Q3-------------,nmod,,,,,-0.0593540075196138,O
/,PUNCT,Z:-------------,punct,,,,,-0.0594756239058644,O
PDIF,NOUN,BNXXX-----A----,nmod,,,,,0.1072841768907364,O
audio,NOUN,NNNS1-----A----,conj,Nom,Neut,Sing,,0.0591587394949586,O
(,PUNCT,Z:-------------,punct,,,,,0.063327610042463,O
každý,DET,AAIS1----1A----,dep,Nom,Masc,Sing,Inan,-0.1011380289479266,O
volitelný,ADJ,AAIS1----1A----,amod,Nom,Masc,Sing,Inan,-0.0241734317478404,O
),PUNCT,Z:-------------,punct,,,,,0.0857480010056009,O
na,ADP,RR--6----------,case,Loc,,,,0.25395611118335,O
svorkovnicích,NOUN,NNFP6-----A----,conj,Loc,Fem,Plur,,0.0460355798277881,O
",",PUNCT,Z:-------------,punct,,,,,0.1045244838222932,O
jeden,NUM,CnYS1----------,conj,Nom,Masc,Sing,,-0.0306875726903813,O
pro,ADP,RR--4----------,case,Acc,,,,0.0487104283649585,O
každé,DET,AAIP4----1A----,det,Acc,Neut,Sing,,-0.2439847077057148,O
2,NUM,C=-------------,nummod,,,,,0.0214230329395869,B-nc
univerzální,ADJ,AAIP4----1A----,amod,Acc,Masc,Plur,Inan,-0.0419183748074255,O
video,ADJ,NNNS4-----A----,amod,Acc,Neut,Sing,,0.1702199121674771,O
vstupy,NOUN,NNIP4-----A----,orphan,Acc,Masc,Plur,Inan,0.0510503019728688,O
a,CCONJ,J^-------------,cc,,,,,-0.0663920708381381,O
4,NUM,C=-------------,nummod,,,,,-0.1035883488561724,B-nc
video,NOUN,NNNS1-----A----,nmod,Nom,Neut,Sing,,0.058727036010468,O
vstupy,NOUN,NNIP4-----A----,conj,Acc,Masc,Plur,Inan,0.0076179883149462,O
počítačové,ADJ,AAFS2----1A----,amod,Gen,Fem,Sing,,-0.0800254313216602,O
grafiky,NOUN,NNFS2-----A----,nmod,Gen,Fem,Sing,,0.0090222948848798,O
.,PUNCT,Z:-------------,punct,,,,,0.1088168682780629,O
Do,ADP,RR--2----------,case,Gen,,,,0.0209636550809932,O
té,DET,PDFS2----------,det,Gen,Fem,Sing,,0.1335751494274844,O
doby,NOUN,NNFS2-----A----,obl,Gen,Fem,Sing,,0.1054540701626903,O
se,PRON,P7-X4----------,expl:pv,Acc,,,,0.0783519359153405,O
nejspíš,PART,TT-------------,advmod,,,,,-0.0278482314352559,O
objeví,VERB,VB-S---3P-AAP--,root,,,Sing,,0.2151882518926926,O
další,ADJ,AANS1----1A----,amod,Nom,Neut,Sing,,-0.0691170005775918,O
zainteresované,ADJ,AANS1----1A----,amod,Nom,Neut,Sing,,0.0499221027691876,O
dítě,NOUN,NNNS1-----A----,nsubj,Nom,Neut,Sing,,-0.4504644995565434,O
s,ADP,RR--7----------,case,Ins,,,,0.1496570372504134,O
vášnivými,ADJ,AAIP7----1A----,amod,Ins,Masc,Plur,Inan,0.4040474744228764,O
projevy,NOUN,NNIP7-----A----,nmod,Ins,Masc,Plur,Inan,-0.169799265759124,O
o,ADP,RR--6----------,case,Loc,,,,0.0550022583442093,O
kyselém,ADJ,AAIS6----1A----,amod,Loc,Masc,Sing,Inan,0.0843072457478223,O
dešti,NOUN,NNIS6-----A----,nmod,Loc,Masc,Sing,Inan,0.1730338562099029,O
v,ADP,RR--6----------,case,Loc,,,,-0.0793565697422331,O
koloniích,NOUN,NNFP6-----A----,nmod,Loc,Fem,Plur,,0.2300498998394024,O
na,ADP,RR--6----------,case,Loc,,,,0.0523994651167194,O
Marsu,PROPN,NNIS6-----A----,nmod,Loc,Masc,Sing,Inan,-0.0549182234046171,B-g_
.,PUNCT,Z:-------------,punct,,,,,-0.1455718789207419,O
(,PUNCT,Z:-------------,punct,,,,,0.2734227507751435,O
Upravuji,VERB,VB-S---1P-AAI-1,root,,,Sing,,0.2238262222438586,O
",",PUNCT,Z:-------------,punct,,,,,0.0503365428005125,O
abych,AUX,Vc-S---1-------,aux,,,Sing,,0.1117825561663839,O
řekl,VERB,VpYS----R-AAP--,ccomp,,Masc,Sing,,-0.0831087607694121,O
",",PUNCT,Z:-------------,punct,,,,,-0.0607990520269879,O
že,SCONJ,"J,-------------",mark,,,,,0.0276661417950119,O
jsem,AUX,VB-S---1P-AAI--,aux,,,Sing,,-0.0049622943849257,O
se,PRON,P7-X4----------,expl:pv,Acc,,,,0.1805790328800691,O
ptal,VERB,VpYS----R-AAI--,ccomp,,Masc,Sing,,0.0653432475053974,O
souseda,NOUN,NNMS2-----A----,obl:arg,Gen,Masc,Sing,Anim,0.4246743118454631,O
alespoň,ADV,Db-------------,advmod:emph,,,,,-0.0414167632119444,O
třikrát,ADV,Cv-------------,obl,,,,,0.0566992470578099,O
",",PUNCT,Z:-------------,punct,,,,,0.0141866480933105,O
abych,AUX,Vc-S---1-------,aux,,,Sing,,0.1554701826562038,O
pomohl,VERB,VpYS----R-AAP--,advcl,,Masc,Sing,,0.0521786364116905,O
jeho,DET,P9XXXZS3-------,det,,,,,0.1117078460338101,O
psovi,NOUN,NNMS3-----A----,obl:arg,Dat,Masc,Sing,Anim,0.1097328886603633,O
),PUNCT,Z:-------------,punct,,,,,-0.0739487439312281,O
.,PUNCT,Z:-------------,punct,,,,,0.70129157830075,O
Násilím,NOUN,NNNS7-----A----,obl,Ins,Neut,Sing,,-0.0848623907832198,O
si,PRON,P7--3----------,obl,Dat,,,,0.0811305364226706,O
vynutil,VERB,VpYS----R-AAP--,ccomp,,Masc,Sing,,-0.0209657699276096,O
vstup,NOUN,NNIS4-----A----,obj,Acc,Masc,Sing,Inan,0.0211758017421217,O
dovnitř,ADV,Db-------------,advmod,,,,,-0.0665910966610037,O
a,CCONJ,J^-------------,cc,,,,,0.0929145048680191,O
svázal,VERB,VpYS----R-AAP--,conj,,Masc,Sing,,-0.0366294607163969,O
Cassidy,PROPN,NNMP4-----A----,obj,Acc,Masc,Plur,Anim,0.0541720584251035,B-pf
",",PUNCT,Z:-------------,punct,,,,,0.2358875813258912,O
uvedli,VERB,VpMP----R-AAP--,root,,Masc,Plur,Anim,0.0158849350391639,O
vyšetřující,ADJ,AGMP1-----A----,amod,Nom,Masc,Plur,Anim,0.0333805210077366,O
úředníci,NOUN,NNMP1-----A----,nsubj,Nom,Masc,Plur,Anim,0.0254629813322793,O
.,PUNCT,Z:-------------,punct,,,,,-0.0145076542284538,O
Když,SCONJ,"J,-------------",mark,,,,,-0.0613316977112302,O
se,PRON,P7-X4----------,expl:pv,Acc,,,,0.061330323392544,O
zbytek,NOUN,NNIS1-----A----,nsubj,Nom,Masc,Sing,Inan,0.0353973154609909,O
její,DET,P9FXXFS3-------,det,,Fem,,,-0.0076944802871573,O
rodiny,NOUN,NNFS2-----A----,nmod,Gen,Fem,Sing,,0.0220261474600266,O
o,ADP,RR--4----------,case,Acc,,,,-0.0438271174172012,O
několik,DET,Ca--4----------,det:numgov,Acc,,,,-0.0507782968434538,O
minut,NOUN,NNFP2-----A----,obl,Gen,Fem,Plur,,0.0777822364232333,O
později,ADV,Dg-------2A----,advmod,,,,,-0.076913359568875,O
vrátil,VERB,VpYS----R-AAP--,advcl,,Masc,Sing,,-0.0720292631406326,O
",",PUNCT,Z:-------------,punct,,,,,0.2912567734376374,O
Haskell,PROPN,NNMS1-----A----,nsubj,Nom,Masc,Sing,Anim,-0.0182878647537365,B-ps
je,PRON,PEXP4--3-------,obj,Acc,,Plur,,-0.1094106633811859,O
svázal,VERB,VpYS----R-AAP--,root,,Masc,Sing,,0.0020049581692541,O
a,CCONJ,J^-------------,cc,,,,,0.1289971100569039,O
požadoval,VERB,VpYS----R-AAI--,conj,,Masc,Sing,,0.0873424893649704,O
",",PUNCT,Z:-------------,punct,,,,,0.0824350104642853,O
aby,AUX,Vc-------------,aux,,,,,0.1293286712587759,O
mu,PRON,P5ZS3--3-------,obl:arg,Dat,"Masc,Neut",Sing,,-0.0340357021829597,O
prozradili,VERB,VpMP----R-AAP--,ccomp,,Masc,Plur,Anim,-0.0367393770305498,O
místo,NOUN,NNNS4-----A----,obj,Acc,Neut,Sing,,-0.0714994138161342,O
pobytu,NOUN,NNIS2-----A----,nmod,Gen,Masc,Sing,Inan,0.0222472840405466,O
jeho,DET,P9XXXZS3-------,det,,,,,-0.1184915509289749,O
bývalé,ADJ,AAFS2----1A----,amod,Gen,Fem,Sing,,0.011519299109874,O
manželky,NOUN,NNFS2-----A----,nmod,Gen,Fem,Sing,,0.0237149079236917,O
.,PUNCT,Z:-------------,punct,,,,,0.1234517091625079,O
Řekli,VERB,VpMP----R-AAP--,root,,Masc,Plur,Anim,-0.0832249411503256,O
",",PUNCT,Z:-------------,punct,,,,,0.1552800535872869,O
že,SCONJ,"J,-------------",mark,,,,,0.0302938357792885,O
ho,PRON,P5ZS4--3-------,obj,Acc,"Masc,Neut",Sing,,0.0489115234800546,O
neznají,VERB,VB-P---3P-NAI--,ccomp,,,Plur,,-0.0239049139615426,O
",",PUNCT,Z:-------------,punct,,,,,0.1258396007893646,O
a,CCONJ,J^-------------,cc,,,,,-0.0132038420881943,O
každého,DET,AAMS4----1A----,obj,Acc,Masc,Sing,Anim,-0.0865981040841331,O
z,ADP,RR--2----------,case,Gen,,,,-0.0083638818372449,O
nich,PRON,PEXP2--3-------,nmod,Gen,,Plur,,0.0369147387665651,O
potom,ADV,Db-------------,advmod,,,,,-0.0386252504914525,O
střelil,VERB,VpYS----R-AAP--,conj,,Masc,Sing,,-0.0171620979606413,O
zezadu,ADV,Db-------------,advmod,,,,,0.0229581011889077,O
do,ADP,RR--2----------,case,Gen,,,,0.0476848694688125,O
hlavy,NOUN,NNFS2-----A----,obl,Gen,Fem,Sing,,-0.0159145602828273,O
.,PUNCT,Z:-------------,punct,,,,,0.0469927848030819,O
A,CCONJ,J^-------------,cc,,,,,-0.6211329939427456,O
poselství,NOUN,NNNS1-----A----,nsubj,Nom,Neut,Sing,,0.0840318649735155,O
obou,NUM,CnXP2----------,nummod,Gen,,Plur,,-0.0471334177011306,O
dívek,NOUN,NNFP2-----A----,nmod,Gen,Fem,Plur,,0.0166037126117725,O
se,PRON,P7-X4----------,expl:pv,Acc,,,,0.085673746010643,O
opíralo,VERB,VpNS----R-AAI--,root,,Neut,Sing,,0.0396848834118128,O
o,ADP,RR--4----------,case,Acc,,,,0.027770381161106,O
nihilistický,ADJ,AAIS4----1A----,amod,Acc,Masc,Sing,Inan,0.1762951380960938,O
fatalismus,NOUN,NNIS4-----A----,obl:arg,Acc,Masc,Sing,Inan,0.0227161621969877,O
.,PUNCT,Z:-------------,punct,,,,,0.0832533475384892,O
“,PUNCT,Z:-------------,punct,,,,,0.0781670371190197,O
Bojím,VERB,VB-S---1P-AAI--,root,,,Sing,,-0.0796537527216411,O
se,PRON,P7-X4----------,expl:pv,Acc,,,,0.0985173957006724,O
",",PUNCT,Z:-------------,punct,,,,,0.0801802557500508,O
že,SCONJ,"J,-------------",mark,,,,,0.0025727468142277,O
vycházím,VERB,VB-S---1P-AAI--,ccomp,,,Sing,,0.0611430484580672,O
přímo,ADV,Dg-------1A----,advmod:emph,,,,,-0.0483609953686674,O
do,ADP,RR--2----------,case,Gen,,,,0.0299334668397715,O
slunce,NOUN,NNNS2-----A----,obl,Gen,Neut,Sing,,0.2401240143113164,O
kvůli,ADP,RR--3----------,case,Dat,,,,-0.2165351191192847,O
díře,NOUN,NNFS3-----A----,obl,Dat,Fem,Sing,,0.0458312442382105,O
v,ADP,RR--6----------,case,Loc,,,,0.0598518614018313,O
ozonové,ADJ,AAFS6----1A----,amod,Loc,Fem,Sing,,0.0651167630398537,O
vrstvě,NOUN,NNFS6-----A----,nmod,Loc,Fem,Sing,,0.0303013980337768,O
.,PUNCT,Z:-------------,punct,,,,,-0.0007096718002121,O
Bojím,VERB,VB-S---1P-AAI--,ccomp,,,Sing,,-0.1033693333062864,O
se,PRON,P7-X4----------,expl:pv,Acc,,,,0.0864958362573096,O
dýchat,VERB,Vf--------A-I--,xcomp,,,,,0.080084153505341,O
vzduch,NOUN,NNIS4-----A----,obj,Acc,Masc,Sing,Inan,0.0662705377797018,O
",",PUNCT,Z:-------------,punct,,,,,0.1064964754177508,O
protože,SCONJ,"J,-------------",mark,,,,,-0.044432505634415,O
nevím,VERB,VB-S---1P-NAI--,advcl,,,Sing,,0.0109825905332853,O
",",PUNCT,Z:-------------,punct,,,,,0.0234002986846211,O
jaké,DET,P4FP1----------,det,Nom,Fem,Plur,,-0.0397227413450029,O
chemikálie,NOUN,NNFP1-----A----,nsubj,Nom,Fem,Plur,,0.0439101081536646,O
v,ADP,RR--6----------,case,Loc,,,,0.0975996313290281,O
něm,PRON,PEZS6--3-------,obl,Loc,"Masc,Neut",Sing,,0.0265742093219536,O
jsou,AUX,VB-P---3P-AAI--,ccomp,,,Plur,,-0.0051496255323361,O
",",PUNCT,Z:-------------,punct,,,,,0.0522780492050383,O
“,PUNCT,Z:-------------,punct,,,,,0.0129295407179615,O
řekla,VERB,VpQW----R-AAP--,root,,"Fem,Neut","Plur,Sing",,-0.0064740310006626,O
Cullis-Suzukiová,PROPN,NNFS1-----A----,flat,Nom,Fem,Sing,,0.0437310999109219,B-ps
v,ADP,RR--6----------,case,Loc,,,,0.0049990570367363,O
roce,NOUN,NNIS6-----A---1,obl,Loc,Masc,Sing,Inan,0.0172714905135523,O
1992,NUM,C=-------------,nummod,,,,,-0.054080289259681,B-ty
.,PUNCT,Z:-------------,punct,,,,,0.0774876173662064,O
Protestující,ADJ,AGMP1-----A----,amod,Nom,Masc,Plur,Anim,0.0707689901124399,O
školáci,NOUN,NNMP1-----A----,nsubj,Nom,Masc,Plur,Anim,-0.0074579811467263,O
v,ADP,RR--6----------,case,Loc,,,,0.0680262419278568,O
roce,NOUN,NNIS6-----A---1,obl,Loc,Masc,Sing,Inan,0.0213408161273448,O
2019,NUM,C=-------------,nummod,,,,,0.0483643436922003,B-ty
nesou,VERB,VB-P---3P-AAI--,root,,,Plur,,0.018173447428462,O
transparenty,NOUN,NNIP4-----A----,obj,Acc,Masc,Plur,Inan,0.0350360117793234,O
s,ADP,RR--7----------,case,Ins,,,,0.0187534354588424,O
nápisem,NOUN,NNIS7-----A----,nmod,Ins,Masc,Sing,Inan,0.0824924084738647,O
Vy,PRON,PP-P1--2-------,nsubj,Nom,,Plur,,0.0293402085481355,O
zemřete,VERB,VB-P---2P-AAP--,acl,,,Plur,,0.2795984515130595,O
stářím,NOUN,NNNS7-----A----,obl,Ins,Neut,Sing,,0.1060059047212797,O
",",PUNCT,Z:-------------,punct,,,,,0.1128312899485768,O
já,PRON,PP-S1--1-------,conj,Nom,,Sing,,0.0101282045117749,O
kvůli,ADP,RR--3----------,case,Dat,,,,-0.033509629830746,O
změnám,NOUN,NNFP3-----A----,orphan,Dat,Fem,Plur,,-0.0133053832697181,O
klimatu,NOUN,NNNS2-----A----,nmod,Gen,Neut,Sing,,0.0938498068646838,O
.,PUNCT,Z:-------------,punct,,,,,-0.0055091400997227,O
Proč,ADV,Db-------------,advmod,,,,,0.6810936602194313,O
se,PRON,P7-X4----------,expl:pv,Acc,,,,0.0205510201083671,O
Skyler,PROPN,NNIS1-----A----,nsubj,Nom,Masc,Sing,Inan,0.3182034046590088,B-p_
zdá,VERB,VB-S---3P-AAI--,root,,,Sing,,-0.3149458292004806,O
být,AUX,Vf--------A-I--,cop,,,,,-0.3505207951274861,O
tak,ADV,Db-------------,advmod,,,,,0.204174762518569,O
naštvaná,ADJ,AAFS1----1A----,xcomp,Nom,Fem,Sing,,0.1418895357379715,O
?,PUNCT,Z:-------------,punct,,,,,-0.3470742104160106,O
Tentokrát,ADV,Db-------------,advmod,,,,,0.0373715618404913,O
",",PUNCT,Z:-------------,punct,,,,,0.0804418799805207,O
podle,ADP,RR--2----------,case,Gen,,,,-0.0076066392411078,O
francouzské,ADJ,AAFS2----1A----,amod,Gen,Fem,Sing,,-0.0064010692969473,O
armády,NOUN,NNFS2-----A----,obl,Gen,Fem,Sing,,-0.012445639674133,O
",",PUNCT,Z:-------------,punct,,,,,0.0266862012699928,O
nás,PRON,PP-P4--1-------,obj,Acc,,Plur,,-0.1522585165183795,O
USA,PROPN,BNXXX-----A----,nsubj,,,,,-0.0190363749985952,B-gc
"""",PUNCT,Z:-------------,punct,,,,,-0.019508458634786,O
"""",PUNCT,Z:-------------,punct,,,,,0.0217026620968284,O
varovaly,VERB,VpTP----R-AAI--,root,,"Fem,Masc",Plur,Inan,-0.0487116219448653,O
",",PUNCT,Z:-------------,punct,,,,,-0.331878553793699,O
že,SCONJ,"J,-------------",mark,,,,,-0.049796394554496,O
toto,DET,PDNS1----------,det,Nom,Neut,Sing,,0.0821847429902987,O
oznámení,NOUN,NNNS1-----A----,nsubj,Nom,Neut,Sing,,-0.0068011612899269,O
vyjde,VERB,VB-S---3P-AAP--,ccomp,,,Sing,,-0.0159977490435595,O
najevo,ADV,Db-------------,advmod,,,,,-0.0279497808964759,O
"""",PUNCT,Z:-------------,punct,,,,,0.0139953480305594,O
"""",PUNCT,Z:-------------,punct,,,,,0.0132632680282106,O
a,CCONJ,J^-------------,cc,,,,,0.0270594278111233,O
že,SCONJ,"J,-------------",mark,,,,,-0.0079675345430876,O
Američané,PROPN,NNMP1-----A----,nsubj,Nom,Masc,Plur,Anim,0.0120121930786129,B-pc
údajně,ADV,Dg-------1A----,advmod,,,,,-0.0295515222390659,O
nemají,VERB,VB-P---3P-NAI--,conj,,,Plur,,-0.0929729806989205,O
"""",PUNCT,Z:-------------,punct,,,,,0.0664214699868078,O
"""",PUNCT,Z:-------------,punct,,,,,-0.0269533311197026,O
žádný,DET,PWIS4----------,det,Acc,Masc,Sing,Inan,-0.112863561624954,O
zájem,NOUN,NNIS4-----A----,obj,Acc,Masc,Sing,Inan,-0.0740406192267677,O
jít,VERB,Vf--------A-I--,acl,,,,,-0.0360072083766143,O
dál,ADV,Db-------------,advmod,,,,,0.0547100276779293,O
"""",PUNCT,Z:-------------,punct,,,,,-0.1795981655286622,O
"""",PUNCT,Z:-------------,punct,,,,,-0.0111252804660037,O
se,ADP,RV--7----------,case,Ins,,,,0.1648332806034558,O
skutečným,ADJ,AAIS7----1A----,amod,Ins,Masc,Sing,Inan,-0.040008222031922,O
prodejem,NOUN,NNIS7-----A----,obl,Ins,Masc,Sing,Inan,0.0021026642561172,O
svých,DET,P8XP2----------,det,Gen,,Plur,,-0.1178808070982244,O
fregat,NOUN,NNFP2-----A----,nmod,Gen,Fem,Plur,,-0.0226711529894164,O
.,PUNCT,Z:-------------,punct,,,,,-0.0202566082574706,O
"""",PUNCT,Z:-------------,punct,,,,,0.4007747172066392,O
1,NUM,C=-------------,nummod:gov,,,,,0.172872269551604,B-nc
",",PUNCT,Z:-------------,punct,,,,,0.1571510276754566,I-nc
5,NUM,C=-------------,conj,,,,,0.2214931484251199,I-nc
palce,NOUN,NNIS2-----A----,nmod,Gen,Masc,Sing,Inan,-0.2735857877389882,O
(,PUNCT,Z:-------------,punct,,,,,0.077993878838118,O
4,NUM,C=-------------,nummod,,,,,0.144988133531551,B-nc
cm,NOUN,NNIXX-----A---b,appos,,Masc,,Inan,0.0798246611569924,B-oe
),PUNCT,Z:-------------,punct,,,,,0.2495390536126781,O
široký,ADJ,AAIS1----1A----,amod,Nom,Masc,Sing,Inan,-0.1269901556522999,O
a,CCONJ,J^-------------,cc,,,,,0.2253948148840118,O
58,NUM,C=-------------,nummod:gov,,,,,-0.0603259687026897,B-nc
palců,NOUN,NNIP2-----A----,conj,Gen,Masc,Plur,Inan,0.0687371195585171,O
(,PUNCT,Z:-------------,punct,,,,,0.187857593639987,O
145,NUM,C=-------------,nummod:gov,,,,,0.1729818090896787,B-nc
cm,NOUN,NNIXX-----A---b,nmod,,Masc,,Inan,0.3271995801841643,B-oe
),PUNCT,Z:-------------,punct,,,,,0.2731547915752731,O
dlouhý,ADJ,AAIS1----1A----,amod,Nom,Masc,Sing,Inan,0.0872667793592897,O
nastavitelný,ADJ,AAIS1----1A----,amod,Nom,Masc,Sing,Inan,0.1482813787423316,O
kožený,ADJ,AAIS1----1A----,amod,Nom,Masc,Sing,Inan,-0.0626503382366458,O
ramenní,ADJ,AAIS1----1A----,amod,Nom,Masc,Sing,Inan,0.2319577186498911,O
popruh,NOUN,NNIS1-----A----,conj,Nom,Masc,Sing,Inan,0.0015720161034959,O
Jakmile,SCONJ,"J,-------------",mark,,,,,0.3124177048447338,O
se,PRON,P7-X4----------,expl:pv,Acc,,,,-0.12792902391678,O
s,ADP,RR--7----------,case,Ins,,,,0.0705763278604833,O
pumpou,NOUN,NNFS7-----A----,obl:arg,Ins,Fem,Sing,,0.2385194233871567,O
naučíte,VERB,VB-P---2P-AAP--,advcl,,,Plur,,0.2334289909343954,O
pracovat,VERB,Vf--------A-I--,xcomp,,,,,-0.0385869157378028,O
",",PUNCT,Z:-------------,punct,,,,,0.2740249920206055,O
bude,AUX,VB-S---3F-AAI--,cop,,,Sing,,0.2738799474161135,O
pro,ADP,RR--4----------,case,Acc,,,,0.315095140114361,O
vás,PRON,PP-P4--2-------,obl,Acc,,Plur,,-0.183374588048399,O
vakuová,ADJ,AAFS1----1A----,amod,Nom,Fem,Sing,,0.5432924538370163,O
terapie,NOUN,NNFS1-----A----,nsubj,Nom,Fem,Sing,,0.1720222437888612,O
jednoduchá,ADJ,AAFS1----1A----,root,Nom,Fem,Sing,,0.1284734183546844,O
a,CCONJ,J^-------------,cc,,,,,0.0417769849506399,O
pohodlná,ADJ,AAFS1----1A----,conj,Nom,Fem,Sing,,0.155823717436516,O
.,PUNCT,Z:-------------,punct,,,,,0.0981613452466663,O
Plakáty,NOUN,NNIP1-----A----,nsubj,Nom,Masc,Plur,Inan,0.0843074965851691,O
jsou,AUX,VB-P---3P-AAI--,cop,,,Plur,,0.1331576272164857,O
vytištěny,ADJ,VsTP----X-APP--,root,,"Fem,Masc",Plur,Inan,0.0136249174573813,O
na,ADP,RR--6----------,case,Loc,,,,-0.0855999026317823,O
prémiovém,ADJ,AAIS6----1A----,amod,Loc,Masc,Sing,Inan,0.1378334366254457,O
pololesklém,ADJ,AAIS6----1A----,amod,Loc,Masc,Sing,Inan,0.0804357477518185,O
fotografickém,ADJ,AAIS6----1A----,amod,Loc,Masc,Sing,Inan,0.0083105274033889,O
papíře,NOUN,NNIS6-----A----,obl,Loc,Masc,Sing,Inan,0.135126478371132,O
",",PUNCT,Z:-------------,punct,,,,,0.0958988603275309,O
který,DET,P4YS1----------,nsubj,Nom,Masc,Sing,,0.2488358830985498,O
zajišťuje,VERB,VB-S---3P-AAI--,acl:relcl,,,Sing,,-0.3606003806251941,O
vysoké,ADJ,AANS4----1A----,amod,Acc,Neut,Sing,,0.0702967894515126,O
rozlišení,NOUN,NNNS4-----A----,obj,Acc,Neut,Sing,,-0.1517242488917961,O
barev,NOUN,NNFP2-----A----,nmod,Gen,Fem,Plur,,-0.0342230788109626,O
a,CCONJ,J^-------------,cc,,,,,-0.3763161775030146,O
minimální,ADJ,AAIP4----1A----,amod,Acc,Masc,Plur,Inan,0.0784614551461456,O
odlesky,NOUN,NNIP4-----A----,conj,Acc,Masc,Plur,Inan,-0.032881605369089,O
v,ADP,RR--6----------,case,Loc,,,,-0.1098260053286849,O
přímém,ADJ,AANS6----1A----,amod,Loc,Neut,Sing,,0.1346452965854212,O
světle,NOUN,NNNS6-----A----,nmod,Loc,Neut,Sing,,0.0372713882195809,O
.,PUNCT,Z:-------------,punct,,,,,0.2433827916304916,O
Jerry,PROPN,NNMS1-----A----,root,Nom,Masc,Sing,Anim,-0.0107117314364724,B-pf
:,PUNCT,Z:-------------,punct,,,,,-0.0612480019962518,O
Nemůžeš,VERB,VB-S---2P-NA---,dep,,,Sing,,0.0631094471084812,O
tam,ADV,Db-------------,advmod,,,,,-0.1993370579858671,O
ten,DET,PDIS4----------,det,Acc,Masc,Sing,Inan,-0.0395572713865456,O
přívěs,NOUN,NNIS4-----A----,obj,Acc,Masc,Sing,Inan,-0.111249305260712,O
zaparkovat,VERB,Vf--------A-P--,xcomp,,,,,0.0459060650748493,O
",",PUNCT,Z:-------------,punct,,,,,0.0904665411440993,O
to,DET,PDNS1----------,nsubj,Nom,Neut,Sing,,0.063576929783232,O
bych,AUX,Vc----------Ic-,aux,,,Sing,,0.1276128184009484,O
se,PRON,P7-X4----------,expl:pv,Acc,,,,-0.2155302445688378,O
nemohl,VERB,VpYS----R-NAI--,conj,,Masc,Sing,,0.0130778534932513,O
dostat,VERB,Vf--------A-P--,xcomp,,,,,0.0729239518840882,O
k,ADP,RR--3----------,case,Dat,,,,-0.0953175628214298,O
popelnici,NOUN,NNFS3-----A----,obl,Dat,Fem,Sing,,0.1539492430196552,O
!,PUNCT,Z:-------------,punct,,,,,-0.5137528337806709,O
Na,ADP,RR--6----------,case,Loc,,,,-0.4645567332970238,O
kůži,NOUN,NNFS6-----A----,obl,Loc,Fem,Sing,,0.0659034000837232,O
mohou,VERB,VB-P---3P-AAI-1,root,,,Plur,,0.0947887922913608,O
být,AUX,Vf--------A-I--,cop,,,,,0.3425279294713224,O
viditelné,ADJ,AAIP1----1A----,xcomp,Nom,Masc,Plur,Inan,0.3051645539138778,O
také,ADV,Db-------------,advmod:emph,,,,,-0.1414816013710211,O
záhyby,NOUN,NNIP1-----A----,nsubj,Nom,Masc,Plur,Inan,0.2572619738195696,O
.,PUNCT,Z:-------------,punct,,,,,0.5094768212060845,O
Po,ADP,RR--6----------,case,Loc,,,,-0.8000708414378788,O
měsících,NOUN,NNIP6-----A----,obl,Loc,Masc,Plur,Inan,0.0342861905502598,O
přemýšlení,NOUN,NNNS2-----A----,nmod,Gen,Neut,Sing,,-0.0426002558823485,O
bych,AUX,Vc----------Ic-,aux,,,Sing,,-0.0538555308265878,O
potřeboval,VERB,VpYS----R-AAI--,root,,Masc,Sing,,0.1024775255621208,O
zařídit,VERB,Vf--------A-P--,xcomp,,,,,0.1172279493041557,O
záruční,ADJ,AAFS4----1A----,amod,Acc,Fem,Sing,,0.1449813735028839,O
výměnu,NOUN,NNFS4-----A----,obj,Acc,Fem,Sing,,0.2429710709131537,O
nebo,CCONJ,J^-------------,cc,,,,,-0.1442076748045517,O
si,PRON,P7--3----------,obl,Dat,,,,-0.0059695327166804,O
zarezervovat,VERB,Vf--------A-P--,conj,,,,,0.1345194822043751,O
opravu,NOUN,NNFS4-----A----,obj,Acc,Fem,Sing,,0.1797071163518034,O
.,PUNCT,Z:-------------,punct,,,,,0.255766032657426,O
Časopis,NOUN,NNIS1-----A----,nsubj,Nom,Masc,Sing,Inan,0.2773408641683348,O
Hollywood,X,F%-------------,nmod,,,,,0.0125896835696539,B-mn
Reporter,X,F%-------------,flat:foreign,,,,,0.102024835558556,I-mn
poznamenal,VERB,VpYS----R-AAP--,root,,Masc,Sing,,0.0548474283590023,O
",",PUNCT,Z:-------------,punct,,,,,0.1677132885207843,O
že,SCONJ,"J,-------------",mark,,,,,-0.2321680211514973,O
obě,NUM,CnHP1----------,nummod,Nom,"Fem,Neut",Plur,,-0.0654810979483269,O
strany,NOUN,NNFP1-----A----,nsubj,Nom,Fem,Plur,,-0.0153103952123334,O
měly,VERB,VpTP----R-AAI--,ccomp,,"Fem,Masc",Plur,Inan,0.046229324844626,O
dobrý,ADJ,AAIS4----1A----,amod,Acc,Masc,Sing,Inan,-0.0400248246563493,O
důvod,NOUN,NNIS4-----A----,obj,Acc,Masc,Sing,Inan,-0.039498034344355,O
se,PRON,P7-X4----------,expl:pv,Acc,,,,-0.0938438835699836,O
sejít,VERB,Vf--------A-P--,acl,,,,,0.1332148342159537,O
.,PUNCT,Z:-------------,punct,,,,,-0.0439926846716531,O
Daleko,ADV,Dg-------1A----,advmod,,,,,0.2259417630516057,O
od,ADP,RR--2----------,case,Gen,,,,-0.0453167716389362,O
domova“,NOUN,NNFP2-----A----,obl,Gen,Fem,Plur,,0.0748871812820628,O
je,AUX,VB-S---3P-AAI--,cop,,,Sing,,-0.2910259048600099,O
největším,ADJ,AAIS7----3A----,amod,Ins,Masc,Sing,Inan,-0.1144042388764201,O
hitem,NOUN,NNIS7-----A----,root,Ins,Masc,Sing,Inan,-0.1135188848625955,O
společnosti,NOUN,NNFS2-----A----,nmod,Gen,Fem,Sing,,0.0038763399838716,O
Sony,PROPN,NNXXX-----A----,nmod,,,,,0.0813069931330886,B-if
v,ADP,RR--6----------,case,Loc,,,,-0.0181426647966403,O
oblasti,NOUN,NNFS6-----A----,obl,Loc,Fem,Sing,,0.0232690793576698,O
kinematografie,NOUN,NNFS2-----A----,obl,Gen,Fem,Sing,,-0.0083834126858877,O
",",PUNCT,Z:-------------,punct,,,,,0.2583403904190279,O
zatímco,SCONJ,"J,-------------",mark,,,,,0.0808986777116606,O
Marvel,PROPN,NNIS1-----A----,nsubj,Nom,Masc,Sing,Inan,0.1447889390897217,B-if
se,PRON,P7-X4----------,expl:pv,Acc,,,,-0.0832292318125156,O
snaží,VERB,VB-S---3P-AAI--,advcl,,,Sing,,-0.0569102026597455,O
maximalizovat,VERB,Vf--------A-I--,xcomp,,,,,0.0784943690150031,O
podporu,NOUN,NNFS4-----A----,obj,Acc,Fem,Sing,,0.110743079696001,O
prodeje,NOUN,NNIS2-----A----,nmod,Gen,Masc,Sing,Inan,0.0569915110300879,O
a,CCONJ,J^-------------,cc,,,,,-0.2638601136106503,O
udržovat,VERB,Vf--------A-I--,conj,,,,,0.1408669271178743,O
kreativní,ADJ,AAFS4----1A----,amod,Acc,Fem,Sing,,0.0425604948272812,O
kontrolu,NOUN,NNFS4-----A----,obj,Acc,Fem,Sing,,0.1699438166656108,O
.,PUNCT,Z:-------------,punct,,,,,0.1163803155600644,O
Pokud,SCONJ,"J,-------------",mark,,,,,-0.0307489811217873,O
máte,VERB,VB-P---2P-AAI--,advcl,,,Plur,,0.0390966636837691,O
nějaké,DET,PZYP4----------,det,Acc,Masc,Plur,,-0.0643011414866008,O
dotazy,NOUN,NNIP4-----A----,obj,Acc,Masc,Plur,Inan,0.1106425278313865,O
či,CCONJ,J^-------------,cc,,,,,-0.1324439361800628,O
potíže,NOUN,NNFP4-----A----,conj,Acc,Fem,Plur,,-0.0689721843726624,O
",",PUNCT,Z:-------------,punct,,,,,0.3266616983180287,O
neváhejte,VERB,Vi-P---2--N-I--,root,,,Plur,,0.0641870714674994,O
nás,PRON,PP-P4--1-------,obj,Acc,,Plur,,-0.1008099473912795,O
kontaktovat,VERB,Vf--------A-I--,xcomp,,,,,0.0599515649402121,O
prostřednictvím,NOUN,NNNS7-----A----,case,Ins,Neut,Sing,,0.0732517186835284,O
systému,NOUN,NNIS2-----A----,obl,Gen,Masc,Sing,Inan,-0.2772515575111882,O
eBay,X,F%-------------,nmod,,,,,0.07137390334659,O
Message,X,F%-------------,flat:foreign,,,,,0.0275797113261265,O
nebo,CCONJ,J^-------------,cc,,,,,0.0312576348199076,O
klikněte,VERB,Vi-P---2--A-P--,conj,,,Plur,,-0.0521435389998302,O
na,ADP,RR--4----------,case,Acc,,,,-0.156349150641989,O
záložku,NOUN,NNFS4-----A----,obl,Acc,Fem,Sing,,-0.0064011243201646,O
Zeptejte,VERB,Vi-P---2--A-P--,acl,,,Plur,,-0.0524374295808194,O
se,PRON,P7-X4----------,expl:pv,Acc,,,,-0.031565912567467,O
prodejce“,NOUN,NNMS1-----A----,obl:arg,Gen,Masc,Plur,Anim,0.0806672716582711,O
pod,ADP,RR--7----------,case,Ins,,,,-0.0724254032593184,O
každou,DET,AAFS7----1A----,det,Ins,Fem,Sing,,0.0646465472037267,O
položkou,NOUN,NNFS7-----A----,obl,Ins,Fem,Sing,,0.0026060589930316,O
.,PUNCT,Z:-------------,punct,,,,,0.5047679183020929,O
Viděli,VERB,VpMP----R-AAI--,root,,Masc,Plur,Anim,0.1055292351907481,O
jsme,AUX,VB-P---1P-AAI--,aux,,,Plur,,-0.0455858037018277,O
",",PUNCT,Z:-------------,punct,,,,,0.075096183751018,O
jak,SCONJ,"J,-------------",mark,,,,,0.1128745606090123,O
Worf,PROPN,NNMS1-----A----,nsubj,Nom,Masc,Sing,Anim,0.0030021654205902,B-p_
a,CCONJ,J^-------------,cc,,,,,0.009620780498398,O
Data,PROPN,NNMS1-----A----,conj,Nom,Masc,Sing,Anim,0.0188958558195257,B-p_
vypouštějí,VERB,VB-P---3P-AAI--,ccomp,,,Plur,,-0.0521680651570913,O
raketoplán,NOUN,NNIS4-----A----,obj,Acc,Masc,Sing,Inan,0.2253285950884581,O
z,ADP,RR--2----------,case,Gen,,,,-0.055954417174043,O
hlavního,ADJ,AAIS2----1A----,amod,Gen,Masc,Sing,Inan,-0.0271913295609494,O
raketoplánu,NOUN,NNIS2-----A----,obl,Gen,Masc,Sing,Inan,0.3610987872192333,O
v,ADP,RR--6----------,case,Loc,,,,0.0352056061778417,O
The,X,F%-------------,obl,,,,,-0.0901518650253089,B-oa
Best,X,F%-------------,flat:foreign,,,,,0.0813611259698366,I-oa
of,X,F%-------------,flat:foreign,,,,,-0.0155710455325003,I-oa
Both,X,F%-------------,flat:foreign,,,,,-0.0100525129180599,I-oa
Worlds,X,F%-------------,flat:foreign,,,,,0.023014069970665,I-oa
",",PUNCT,Z:-------------,punct,,,,,-0.0012246334165923,O
Část,NOUN,NNFS1-----A----,appos,Nom,Fem,Sing,,-0.0161621041579119,O
II,NUM,C}-------------,nummod,,,,,-0.0630311546202646,O
",",PUNCT,Z:-------------,punct,,,,,0.0153587203568885,O
Ale,CCONJ,J^-------------,cc,,,,,0.4104562590793667,O
start,NOUN,NNIS1-----A----,nsubj:pass,Nom,Masc,Sing,Inan,0.0399372479399339,O
raketoplánu,NOUN,NNIS2-----A----,nmod,Gen,Masc,Sing,Inan,0.2772354513574565,O
byl,AUX,VpYS----R-AAI--,aux:pass,,Masc,Sing,,-0.0678524024379842,O
viděn,ADJ,VsYS----X-API--,conj,,Masc,Sing,,-0.0508326531725309,O
zevnitř,ADV,Db-------------,case,,,,,0.0656707718711013,O
raketoplánu,NOUN,NNIS2-----A----,obl,Gen,Masc,Sing,Inan,0.2757970931181979,O
.,PUNCT,Z:-------------,punct,,,,,-0.0034140128816335,O
Stejně,ADV,Dg-------1A----,advmod,,,,,0.9855183783267056,O
jako,SCONJ,"J,-------------",mark,,,,,0.0224546068486655,O
Thunberg,PROPN,NNMS1-----A----,nsubj,Nom,Masc,Sing,Anim,-0.0036559760359463,B-ps
řekl,VERB,VpYS----R-AAP--,advcl,,Masc,Sing,,-0.0096981171062047,O
summitu,NOUN,NNIS3-----A----,obl:arg,Dat,Masc,Sing,Inan,-0.0005435702171644,O
OSN,PROPN,BNXXX-----A----,nmod,,,,,-0.009053214947835,B-io
′,X,F%-------------,obj,,,,,-0.0066320213415023,I-io
jsme,AUX,VB-P---1P-AAI--,ccomp,,,Plur,,-0.0019874278200894,O
na,ADP,RR--6----------,case,Loc,,,,-0.0032679773068226,O
začátku,NOUN,NNIS6-----A----,obl,Loc,Masc,Sing,Inan,-0.0024044387616293,O
masového,ADJ,AANS2----1A----,amod,Gen,Neut,Sing,,-0.0003768159029535,O
vyhynutí,NOUN,NNNS2-----A----,nmod,Gen,Neut,Sing,,0.0040834286401941,O
a,CCONJ,J^-------------,cc,,,,,0.0066149879943993,O
jediné,ADJ,AANS1----1A----,conj,Nom,Neut,Sing,,0.0029998540722875,O
",",PUNCT,Z:-------------,punct,,,,,0.0047494234019328,O
o,ADP,RR--6----------,case,Loc,,,,-0.0008211973212453,O
čem,PRON,PQ--6----------,obl:arg,Loc,,,Inan,0.0017375210786008,O
můžete,VERB,VB-P---2P-AAI--,acl:relcl,,,Plur,,0.0054489479361232,O
mluvit,VERB,Vf--------A-I--,xcomp,,,,,0.000986182021983,O
",",PUNCT,Z:-------------,punct,,,,,-0.0007149158414299,O
jsou,AUX,VB-P---3P-AAI--,cop,,,Plur,,0.0011620038525968,O
peníze,NOUN,NNIP1-----A----,nsubj,Nom,Masc,Plur,Inan,0.0007510153708808,O
a,CCONJ,J^-------------,cc,,,,,0.0104259036384659,O
pohádky,NOUN,NNFP1-----A----,conj,Nom,Fem,Plur,,0.0032612645445765,O
věčného,ADJ,AAIS2----1A----,amod,Gen,Masc,Sing,Inan,0.0002123271229352,O
hospodářského,ADJ,AAIS2----1A----,amod,Gen,Masc,Sing,Inan,0.0071314696314495,O
růstu,NOUN,NNIS2-----A----,nmod,Gen,Masc,Sing,Inan,0.0016768289751082,O
",",PUNCT,Z:-------------,punct,,,,,0.0004506138898106,O
"""",PUNCT,Z:-------------,punct,,,,,-0.0107762348070007,O
"""",PUNCT,Z:-------------,punct,,,,,0.0012523734861987,O
Cullis-Suzuki,PROPN,NNMS1-----A----,flat,Nom,Masc,Sing,Anim,0.0005280820507275,B-ps
řekl,VERB,VpYS----R-AAP--,root,,Masc,Sing,,-0.003711607805349,O
lídrům,NOUN,NNMP3-----A----,obl:arg,Dat,Masc,Plur,Anim,0.0012421215335649,O
",",PUNCT,Z:-------------,punct,,,,,-0.0087985426680086,O
že,SCONJ,"J,-------------",mark,,,,,-0.0056539485010114,O
′,NOUN,Q3-------------,nsubj,,,,,0.0033375570045657,O
ztráta,NOUN,NNFS1-----A----,nsubj,Nom,Fem,Sing,,0.0041099712576966,O
mé,DET,PSFS2-S1------1,det,Gen,Fem,Sing,,-0.0029153729806499,O
budoucnosti,NOUN,NNFS2-----A----,nmod,Gen,Fem,Sing,,0.0014378678948858,O
není,AUX,VB-S---3P-NAI--,ccomp,,,Sing,,-0.00202320083918,O
jako,SCONJ,"J,-------------",mark,,,,,0.0047625326889654,O
ztráta,NOUN,NNFS1-----A----,advcl,Nom,Fem,Sing,,0.0058486475047086,O
budoucnosti,NOUN,NNFS2-----A----,nmod,Gen,Fem,Sing,,0.0019807171783933,O
",",PUNCT,Z:-------------,punct,,,,,0.0009671577002682,O
není,AUX,VB-S---3P-NAI--,conj,,,Sing,,-0.0032667673851419,O
jako,SCONJ,"J,-------------",mark,,,,,0.0042008551110088,O
ztráta,NOUN,NNFS1-----A----,advcl,Nom,Fem,Sing,,-4.13375632347048,O
volby,NOUN,NNFS2-----A----,nmod,Gen,Fem,Sing,,-0.0494802157095003,O
nebo,CCONJ,J^-------------,cc,,,,,-0.0016053917473943,O
pár,NOUN,Ca--X----------,det:numgov,Nom,Masc,Sing,Inan,-0.0031262658347641,O
bodů,NOUN,NNIP2-----A----,conj,Gen,Masc,Plur,Inan,-0.0031070611413053,O
na,ADP,RR--6----------,case,Loc,,,,0.0024290885291877,O
akciovém,ADJ,AAIS6----1A----,amod,Loc,Masc,Sing,Inan,0.0018067639766876,O
trhu,NOUN,NNIS6-----A----,nmod,Loc,Masc,Sing,Inan,-0.0021242224941386,O
.,PUNCT,Z:-------------,punct,,,,,-0.0160787232560574,O
"""",PUNCT,Z:-------------,root,,,,,-0.0282599089555997,O
"""",PUNCT,Z:-------------,punct,,,,,0.0024059494894998,O
"""",PUNCT,Z:-------------,punct,,,,,-0.0110816296894918,O
Omlouvám,VERB,VB-S---1P-AAI--,root,,,Sing,,0.1006791200325692,O
se,PRON,P7-X4----------,expl:pv,Acc,,,,0.0326532350033319,O
",",PUNCT,Z:-------------,punct,,,,,0.158305185804899,O
potřebujeme,VERB,VB-P---1P-AAI--,conj,,,Plur,,-0.1559839424801311,O
souhlas,NOUN,NNIS4-----A----,obj,Acc,Masc,Sing,Inan,-0.1634078195085195,O
majitele,NOUN,NNMS2-----A----,nmod,Gen,Masc,Sing,Anim,-0.006846830548373,O
účtu,NOUN,NNIS2-----A----,nmod,Gen,Masc,Sing,Inan,-0.0432870480444507,O
",",PUNCT,Z:-------------,punct,,,,,0.0798426963334485,O
abychom,AUX,Vc-P---1-------,aux,,,Plur,,0.075422198089547,O
s,ADP,RR--7----------,case,Ins,,,,-0.1948055084434587,O
vámi,PRON,PP-P7--2-------,obl:arg,Ins,,Plur,,0.0865212840538016,O
mohli,VERB,VpMP----R-AAI--,advcl,,Masc,Plur,Anim,0.1483749406364068,O
probrat,VERB,Vf--------A-P--,xcomp,,,,,0.1808765366059395,O
detaily,NOUN,NNIP4-----A----,obj,Acc,Masc,Plur,Inan,-0.0240552947355447,O
objednávky,NOUN,NNFS2-----A----,nmod,Gen,Fem,Sing,,0.0471932205318556,O
",",PUNCT,Z:-------------,punct,,,,,0.0574245687580738,O
omlouvám,VERB,VB-S---1P-AAI--,conj,,,Sing,,-0.071536083585174,O
se,PRON,P7-X4----------,expl:pv,Acc,,,,-0.0280060742457835,O
",",PUNCT,Z:-------------,punct,,,,,0.1392097235892916,O
pokud,SCONJ,"J,-------------",mark,,,,,0.0762140452434776,O
se,PRON,P7-X4----------,expl:pv,Acc,,,,-0.0123938875951885,O
tak,ADV,Db-------------,advmod,,,,,-0.0072092991381794,O
již,ADV,Db-------------,advmod,,,,,-0.1225426971246825,O
stalo,VERB,VpNS----R-AAP--,advcl,,Neut,Sing,,0.0239900820368796,O
",",PUNCT,Z:-------------,punct,,,,,0.0156660515169966,O
nicméně,CCONJ,J^-------------,cc,,,,,-0.0536912066829192,O
s,ADP,RR--7----------,case,Ins,,,,-0.1065427559001476,O
vámi,PRON,PP-P7--2-------,obl:arg,Ins,,Plur,,0.010403877164269,O
nemohu,VERB,VB-S---1P-NAI-1,conj,,,Sing,,0.116603162615415,O
hovořit,VERB,Vf--------A-I--,xcomp,,,,,-0.1205240207919848,O
o,ADP,RR--6----------,case,Loc,,,,0.1418121356121849,O
této,DET,PDFS6----------,det,Loc,Fem,Sing,,0.0616934961004792,O
objednávce,NOUN,NNFS6-----A----,obl:arg,Loc,Fem,Sing,,0.2047390361318299,O
bez,ADP,RR--2----------,case,Gen,,,,0.0390600701815189,O
souhlasu,NOUN,NNIS2-----A----,obl,Gen,Masc,Sing,Inan,-0.1221211779513187,O
majitele,NOUN,NNMS2-----A----,nmod,Gen,Masc,Sing,Anim,0.0215802186742558,O
účtu,NOUN,NNIS2-----A----,nmod,Gen,Masc,Sing,Inan,-0.0882380006158055,O
.,PUNCT,Z:-------------,punct,,,,,0.4868718701312704,O
I,CCONJ,J^-------------,mark,,,,,-0.1706960524720411,O
když,SCONJ,"J,-------------",fixed,,,,,-0.2386845647301548,O
byli,AUX,VpMP----R-AAI--,cop,,Masc,Plur,Anim,-0.0627600625503553,O
všichni,DET,PLMP1----------,det,Nom,Masc,Plur,Anim,0.0076556745326007,O
muži,NOUN,NNMP1-----A----,nsubj,Nom,Masc,Plur,Anim,0.1780345338488193,O
",",PUNCT,Z:-------------,punct,,,,,0.1842197927704675,O
které,DET,P4YP4----------,obj,Acc,Masc,Plur,,0.0436554843782535,O
uvěznila,VERB,VpQW----R-AAP--,acl:relcl,,"Fem,Neut","Plur,Sing",,0.0276659467137287,O
lavina,NOUN,NNFS1-----A----,nsubj,Nom,Fem,Sing,,0.0244160073029393,O
",",PUNCT,Z:-------------,punct,,,,,0.0639757380621968,O
zkušenými,ADJ,AAMP7----1A----,amod,Ins,Masc,Plur,Anim,0.046386263012747,O
sjezdaři,NOUN,NNMP7-----A----,advcl,Ins,Masc,Plur,Anim,-0.0082489511532889,O
",",PUNCT,Z:-------------,punct,,,,,0.0805582948338482,O
varování,NOUN,NNNS1-----A----,nsubj,Nom,Neut,Sing,,-0.005463861406445,O
se,PRON,P7-X4----------,expl:pv,Acc,,,,0.5888219035016404,O
týkalo,VERB,VpNS----R-AAI--,root,,Neut,Sing,,0.0557014344186335,O
lyžování,NOUN,NNNS2-----A----,obl:arg,Gen,Neut,Sing,,-0.0143360470055044,O
v,ADP,RR--6----------,case,Loc,,,,0.0313269105614575,O
oblasti,NOUN,NNFS6-----A----,nmod,Loc,Fem,Sing,,0.0254154392887585,O
",",PUNCT,Z:-------------,punct,,,,,0.1388504955613199,O
která,DET,P4FS1----------,nsubj,Nom,Fem,Sing,,0.1335651121781786,O
se,PRON,P7-X4----------,expl:pv,Acc,,,,0.0153585925625333,O
nacházela,VERB,VpQW----R-AAI--,acl:relcl,,"Fem,Neut","Plur,Sing",,0.1852736417352408,O
u,ADP,RR--2----------,case,Gen,,,,0.0322623841970547,O
vnitřních,ADJ,AAFP2----1A----,amod,Gen,Fem,Plur,,-0.0425303020269529,O
hranic,NOUN,NNFP2-----A----,obl,Gen,Fem,Plur,,-0.0108627689038354,O
Crystal,X,F%-------------,nmod,,,,,0.1342416303949904,B-gl
Mountain,X,F%-------------,flat:foreign,,,,,-0.0809941303635055,I-gl
Resort,X,F%-------------,flat:foreign,,,,,0.2176423703315182,I-gl
.,PUNCT,Z:-------------,punct,,,,,0.1049306240492695,O
Jess,PROPN,NNFXX-----A----,nsubj,,Fem,,,0.294475615422493,B-P|B-pf
Phillipsová,PROPN,NNFS1-----A----,flat,Nom,Fem,Sing,,0.0814577558304778,I-P|B-ps
se,PRON,P7-X4----------,expl:pv,Acc,,,,0.0770412442502606,O
vyděsila“,VERB,VpYS----R-AAP--,root,,Masc,Sing,,0.066967667903079,O
poté,ADV,Db-------------,advmod,,,,,0.0956825856029698,O
",",PUNCT,Z:-------------,punct,,,,,0.1154779964890506,O
co,SCONJ,"J,-------------",mark,,,,,0.1141233038897456,O
obdržela,VERB,VpQW----R-AAP--,advcl,,"Fem,Neut","Plur,Sing",,0.0170962357475445,O
výhrůžky,NOUN,NNFP4-----A----,obj,Acc,Fem,Plur,,0.1737360445623709,O
násilné,ADJ,AAFS2----1A----,amod,Gen,Fem,Sing,,0.0067540809482362,O
smrti,NOUN,NNFS2-----A----,nmod,Gen,Fem,Sing,,-0.2383423636623562,O
.,PUNCT,Z:-------------,punct,,,,,-0.7346770604180568,O
Poté,ADV,Db-------------,advmod,,,,,-0.1110996088777235,O
se,PRON,P7-X4----------,expl:pass,Acc,,,,-0.0400090022728325,O
očekávalo,VERB,VpNS----R-AAI--,root,,Neut,Sing,,0.1262726360620431,O
jmenování,NOUN,NNNS1-----A----,nsubj:pass,Nom,Neut,Sing,,-0.0602301660985325,O
Gaynora,PROPN,NNMS2-----A----,nmod,Gen,Masc,Sing,Anim,0.0647912477430619,B-ps
do,ADP,RR--2----------,case,Gen,,,,-0.1043153635039743,O
funkce,NOUN,NNFS2-----A----,nmod,Gen,Fem,Sing,,0.1037497601528165,O
.,PUNCT,Z:-------------,punct,,,,,0.1550190488944345,O
Bude,AUX,VB-S---3F-AAI--,aux,,,Sing,,-0.0585832154015306,O
požadovat,VERB,Vf--------A-I--,root,,,,,0.0207107567095793,O
",",PUNCT,Z:-------------,punct,,,,,0.3214599328675953,O
aby,AUX,Vc-------------,aux,,,,,0.1420173400135575,O
většina,NOUN,NNFS1-----A----,nsubj,Nom,Fem,Sing,,0.2059266966647137,O
v,ADP,RR--6----------,case,Loc,,,,0.1909891571022343,O
Senátu,NOUN,NNIS6-----A---1,nmod,Loc,Masc,Sing,Inan,0.004447199301877,B-io
schválila,VERB,VpQW----R-AAP--,ccomp,,"Fem,Neut","Plur,Sing",,-0.0481490542219373,O
jeho,DET,P9XXXZS3-------,det,,,,,-0.2286406837136524,O
jmenování,NOUN,NNNS4-----A----,obj,Acc,Neut,Sing,,0.149940769297284,O
na,ADP,RR--4----------,case,Acc,,,,-0.0244551868788427,O
převzetí,NOUN,NNNS4-----A----,nmod,Acc,Neut,Sing,,-0.12587298429282,O
úřadu,NOUN,NNIS2-----A----,nmod,Gen,Masc,Sing,Inan,0.0608574045690265,O
.,PUNCT,Z:-------------,punct,,,,,0.6315565274096937,O
Problém,NOUN,NNIS4-----A----,obj,Acc,Masc,Sing,Inan,0.5610731956846172,O
rychle,ADV,Dg-------1A----,advmod,,,,,-0.0926291429180168,O
vyřešíme,VERB,VB-P---1P-AAP--,root,,,Plur,,0.1452850225673281,O
a,CCONJ,J^-------------,cc,,,,,-0.1034675623306333,O
poskytneme,VERB,VB-P---1P-AAP--,conj,,,Plur,,0.1608881716031366,O
vám,PRON,PP-P3--2-------,obl:arg,Dat,,Plur,,0.4255854953179631,O
uspokojivou,ADJ,AAFS4----1A----,amod,Acc,Fem,Sing,,0.1787064499615537,O
odpověď,NOUN,NNFS4-----A----,obj,Acc,Fem,Sing,,0.3046933534145531,O
.,PUNCT,Z:-------------,punct,,,,,-0.3338854732446651,O
48,NUM,C=-------------,obl,,,,,-0.2298205543057101,O
letý,ADJ,AAMS1----1A----,amod,Nom,Masc,Sing,Anim,-0.0694956549335815,O
kluk,NOUN,NNMS1-----A----,nsubj,Nom,Masc,Sing,Anim,-0.0596442326949107,O
byl,AUX,VpYS----R-AAI--,cop,,Masc,Sing,,0.0852352712301323,O
promočený,ADJ,AAMS1----1A----,root,Nom,Masc,Sing,Anim,-0.1027118537593047,O
hořlavou,ADJ,AAFS7----1A----,amod,Ins,Fem,Sing,,0.1639050186799306,O
tekutinou,NOUN,NNFS7-----A----,obl:arg,Ins,Fem,Sing,,-0.0594340253187428,O
",",PUNCT,Z:-------------,punct,,,,,0.0466145441489436,O
věřil,VERB,VpYS----R-AAI--,conj,,Masc,Sing,,-0.0663445363040241,O
",",PUNCT,Z:-------------,punct,,,,,0.436054507059848,O
že,SCONJ,"J,-------------",mark,,,,,0.0981826492442232,O
je,AUX,VB-S---3P-AAI--,ccomp,,,Sing,,-0.0575785760000146,O
benzín,NOUN,NNIS1-----A----,nsubj,Nom,Masc,Sing,Inan,-0.2223485225083788,O
",",PUNCT,Z:-------------,punct,,,,,0.1171899594647675,O
předtím,ADV,Db-------------,advmod,,,,,0.20760777640972,O
",",PUNCT,Z:-------------,punct,,,,,0.1031781209134734,O
než,SCONJ,"J,-------------",mark,,,,,0.2147989978707931,O
hořel,VERB,VpYS----R-AAI--,advcl,,Masc,Sing,,0.1277246465611614,O
v,ADP,RR--6----------,case,Loc,,,,0.1064426768667758,O
plamenech,NOUN,NNIP6-----A----,obl,Loc,Masc,Plur,Inan,-0.0097836739446836,O
před,ADP,RR--7----------,case,Ins,,,,-0.2153649142198805,O
svým,DET,P8ZS7----------,det,Ins,"Masc,Neut",Sing,,-0.0014744194639768,O
domovem,NOUN,NNIS7-----A----,obl,Ins,Masc,Sing,Inan,0.0007359069674088,O
ve,ADP,RV--6----------,case,Loc,,,,-0.1114697550638012,O
Skelmersdale,PROPN,NNNXX-----A----,nmod,,Neut,,,0.0734144172747804,B-gu
",",PUNCT,Z:-------------,punct,,,,,0.2889490910226722,O
West,X,F%-------------,appos,,,,,0.0263028233675128,B-gr
Lancashire,X,F%-------------,flat:foreign,,,,,0.0648967863418509,I-gr
.,PUNCT,Z:-------------,punct,,,,,-0.0562771463404401,O
Ve,ADP,RV--6----------,case,Loc,,,,0.0516214456081503,O
Španělsku,PROPN,NNNS6-----A----,obl,Loc,Neut,Sing,,0.0277750135889636,B-gc
jsou,AUX,VB-P---3P-AAI--,root,,,Plur,,-0.0947389671542304,O
momentálně,ADV,Dg-------1A----,advmod,,,,,-0.0468040079298376,O
zmatení,ADJ,AAMP1----1A----,amod,Nom,Masc,Plur,Anim,0.1815154942631381,O
a,CCONJ,J^-------------,cc,,,,,0.245393937564274,O
zoufalí,ADJ,AAMP1----1A----,conj,Nom,Masc,Plur,Anim,0.2199019597357349,O
lidé,NOUN,NNMP1-----A----,nsubj,Nom,Masc,Plur,Anim,-0.0286217080491623,O
",",PUNCT,Z:-------------,punct,,,,,0.0662639586574665,O
kteří,DET,P4MP1----------,nsubj,Nom,Masc,Plur,Anim,0.1506488549082284,O
se,PRON,P7-X4----------,expl:pv,Acc,,,,0.1185643472129731,O
chystají,VERB,VB-P---3P-AAI--,acl:relcl,,,Plur,,0.1600469222014988,O
jet,VERB,Vf--------A-I--,xcomp,,,,,-0.0270809424093945,O
na,ADP,RR--4----------,case,Acc,,,,0.0526222015904172,O
dovolenou,NOUN,NNFS4-----A----,obl,Acc,Fem,Sing,,0.1817337751934202,O
do,ADP,RR--2----------,case,Gen,,,,0.0561692162004997,O
Španělska,PROPN,NNNS2-----A----,obl,Gen,Neut,Sing,,0.1158745067202698,B-gc
a,CCONJ,J^-------------,cc,,,,,0.0386635832629839,O
na,ADP,RR--4----------,case,Acc,,,,0.0730249172118049,O
ostrovy,NOUN,NNIP4-----A----,conj,Acc,Masc,Plur,Inan,0.0185417068942543,O
jako,SCONJ,"J,-------------",mark,,,,,0.3450653076698967,O
Tenerife,PROPN,NNNXX-----A----,dep,,Neut,,,-0.0166121380861647,B-gl
",",PUNCT,Z:-------------,punct,,,,,0.273031838103394,O
kteří,DET,P4MP1----------,nsubj,Nom,Masc,Plur,Anim,0.0382667567394435,O
jsou,AUX,VB-P---3P-AAI--,cop,,,Plur,,-0.0700100326808447,O
zmatení,ADJ,AAMP1----1A----,acl:relcl,Nom,Masc,Plur,Anim,0.2760132139395163,O
a,CCONJ,J^-------------,cc,,,,,-0.0475320487844272,O
nevědí,VERB,VB-P---3P-NAI--,conj,,,Plur,,0.1001525818684271,O
",",PUNCT,Z:-------------,punct,,,,,0.1211981283692971,O
zda,SCONJ,"J,-------------",mark,,,,,-0.0319229143189472,O
jim,PRON,PEXP3--3-------,obl:arg,Dat,,Plur,,0.1465987620004605,O
jejich,DET,P9XXXXP3-------,det,,,,,-0.0359969412140756,O
zaměstnavatelé,NOUN,NNMP1-----A----,nsubj,Nom,Masc,Plur,Anim,0.0230789060022664,O
dovolí,VERB,VB-P---3P-AAP--,ccomp,,,Plur,,0.11543217294131,O
trvat,VERB,Vf--------A-I--,xcomp,,,,,0.0372544489965947,O
dva,NUM,CnYP4----------,nummod,Acc,Masc,Plur,,0.0862710577434323,O
týdny“,NOUN,NNIS4-----A----,obj,Acc,Masc,Sing,Inan,0.0006491582086009,O
karantény,NOUN,NNFS2-----A----,nmod,Gen,Fem,Sing,,0.1686785917151067,O
.,PUNCT,Z:-------------,punct,,,,,-0.1405243556014605,O
Ve,ADP,RV--6----------,case,Loc,,,,0.0294139285459786,O
vydané,ADJ,AAFS6----1A----,amod,Loc,Fem,Sing,,0.1401767534909614,O
zprávě,NOUN,NNFS6-----A----,obl,Loc,Fem,Sing,,-0.0668687283050671,O
informuje,VERB,VB-S---3P-AAB--,root,,,Sing,,-0.2645179165868507,O
tisková,ADJ,AAFS1----1A----,amod,Nom,Fem,Sing,,0.0239473445812419,O
kanceláře,NOUN,NNFS1-----A----,nsubj,Nom,Fem,Sing,,0.0410363811194263,O
prezidenta,NOUN,NNMS2-----A----,nmod,Gen,Masc,Sing,Anim,-0.0789243762827948,O
republiky,NOUN,NNFS2-----A----,nmod,Gen,Fem,Sing,,-0.031003540404544,O
",",PUNCT,Z:-------------,punct,,,,,0.0041074616216186,O
že,SCONJ,"J,-------------",mark,,,,,-0.0677174551156984,O
opatření,NOUN,NNNS1-----A----,nsubj,Nom,Neut,Sing,,0.0087728867657417,O
má,VERB,VB-S---3P-AAI--,ccomp,,,Sing,,0.0710797682544169,O
za,ADP,RR--4----------,case,Acc,,,,-0.0169075376189311,O
cíl,NOUN,NNIS4-----A----,obl:arg,Acc,Masc,Sing,Inan,-0.0262201624568903,O
zajistit,VERB,Vf--------A-P--,xcomp,,,,,0.050476474814283,O
realizaci,NOUN,NNFS4-----A----,obj,Acc,Fem,Sing,,-0.1446681988571555,O
vládou,NOUN,NNFS7-----A----,obl:arg,Ins,Fem,Sing,,0.0851665991339272,O
nařízených,ADJ,AANP2----1A----,amod,Gen,Neut,Plur,,0.1458012159782436,O
pravidel,NOUN,NNNP2-----A----,nmod,Gen,Neut,Plur,,-0.0039527542556846,O
pro,ADP,RR--4----------,case,Acc,,,,0.1066815232165885,O
budování,NOUN,NNNS4-----A----,nmod,Acc,Neut,Sing,,-0.037253056855285,O
a,CCONJ,J^-------------,cc,,,,,-0.0650097183774669,O
rozšíření,NOUN,NNNS4-----A----,conj,Acc,Neut,Sing,,-0.0402206067646333,O
sítě,NOUN,NNFS2-----A----,nmod,Gen,Fem,Sing,,-0.0099575774601749,O
veřejných,ADJ,AAFP2----1A----,amod,Gen,Fem,Plur,,0.0419751027899328,O
nemocnic,NOUN,NNFP2-----A----,nmod,Gen,Fem,Plur,,0.0382459658432789,O
k,ADP,RR--3----------,case,Dat,,,,-0.0289533079044819,O
poskytování,NOUN,NNNS3-----A----,nmod,Dat,Neut,Sing,,-0.1259429019279308,O
lepší,ADJ,AAFS2----2A----,amod,Gen,Fem,Sing,,-0.0340695159751873,O
lékařské,ADJ,AAFS2----1A----,amod,Gen,Fem,Sing,,0.019011871316486,O
péče,NOUN,NNFS2-----A----,nmod,Gen,Fem,Sing,,-0.0946317560317501,O
a,CCONJ,J^-------------,cc,,,,,-0.0382498030120847,O
léčiv,NOUN,NNNP2-----A----,conj,Gen,Neut,Plur,,0.1021441253797809,O
veřejnosti,NOUN,NNFS3-----A----,nmod,Dat,Fem,Sing,,0.0333793470181867,O
.,PUNCT,Z:-------------,punct,,,,,0.7785830082686609,O
Možná,ADV,Db-------------,advmod,,,,,0.0043118809301525,O
jsem,AUX,VB-S---1P-AAI--,cop,,,Sing,,-0.2842590586640648,O
pesimista,NOUN,NNMS1-----A----,root,Nom,Masc,Sing,Anim,-0.0040215562078887,O
",",PUNCT,Z:-------------,punct,,,,,0.0282118926036322,O
ale,CCONJ,J^-------------,cc,,,,,0.0515192473555994,O
je,AUX,VB-S---3P-AAI--,cop,,,Sing,,-0.0820521688006627,O
to,DET,PDNS1----------,nsubj,Nom,Neut,Sing,,-0.0139850567524565,O
lepší,ADJ,AANS1----2A----,conj,Nom,Neut,Sing,,-0.0251063036085971,O
",",PUNCT,Z:-------------,punct,,,,,0.0055885902584768,O
než,SCONJ,"J,-------------",mark,,,,,-0.0136879266836808,O
si,PRON,P7--3----------,expl:pv,Dat,,,,-0.0036623506642406,O
myslet,VERB,Vf--------A-I-1,advcl,,,,,-0.010248409922837,O
",",PUNCT,Z:-------------,punct,,,,,0.0189612785203307,O
že,SCONJ,"J,-------------",mark,,,,,-0.009778451361396,O
jsem,AUX,VB-S---1P-AAI--,cop,,,Sing,,0.9327993392210436,O
nepřemožitelný,ADJ,AAMS1----1N----,ccomp,Nom,Masc,Sing,Anim,0.1540440288392586,O
.,PUNCT,Z:-------------,punct,,,,,-0.0811789225165859,O
Zprávy,NOUN,NNFP1-----A----,nsubj,Nom,Fem,Plur,,-0.0317792907407654,O
hlásí,VERB,VB-P---3P-AAI--,root,,,Plur,,0.1430246301973786,O
",",PUNCT,Z:-------------,punct,,,,,0.0016081604895605,O
že,SCONJ,"J,-------------",mark,,,,,-0.0235130814473541,O
39,NUM,C=-------------,obl,,,,,0.196056571702378,B-na
letý,ADJ,AAMS1----1A----,amod,Nom,Masc,Sing,Anim,-0.0538672695894478,O
Jerrontae,PROPN,NNMS1-----A----,nsubj:pass,Nom,Masc,Sing,Anim,-0.0741328936635392,B-P|B-pf
Cain,PROPN,NNMS1-----A----,flat,Nom,Masc,Sing,Anim,-0.0386881225776922,I-P|B-ps
byl,AUX,VpYS----R-AAI--,aux:pass,,Masc,Sing,,0.0308644426882011,O
ve,ADP,RV--4----------,case,Acc,,,,0.1211162261611972,O
čtvrtek,NOUN,NNIS4-----A----,obl,Acc,Masc,Sing,Inan,-0.0260311609988301,O
odsouzen,ADJ,VsYS----X-APP--,ccomp,,Masc,Sing,,0.3558018834177424,O
za,ADP,RR--4----------,case,Acc,,,,0.3816997956185293,O
obvinění,NOUN,NNNP4-----A----,obl:arg,Acc,Neut,Plur,,0.1171436932161992,O
",",PUNCT,Z:-------------,punct,,,,,0.1066690002728619,O
včetně,ADP,RR--2----------,case,Gen,,,,-0.0074323319816239,O
toho,DET,PDZS2----------,obl,Gen,"Masc,Neut",Sing,,0.1938161594750378,O
",",PUNCT,Z:-------------,punct,,,,,0.0981206773016849,O
že,SCONJ,"J,-------------",mark,,,,,-0.1088003385290485,O
byl,AUX,VpYS----R-AAI--,cop,,Masc,Sing,,0.1713439937387098,O
zločinec,NOUN,NNMS1-----A----,acl,Nom,Masc,Sing,Anim,0.0503339014827758,O
",",PUNCT,Z:-------------,punct,,,,,0.108871957995619,O
který,DET,P4YS1----------,nsubj,Nom,Masc,Sing,,0.0210935132036075,O
držel,VERB,VpYS----R-AAI--,acl:relcl,,Masc,Sing,,0.0183305175726061,O
zbraň,NOUN,NNFS4-----A----,obj,Acc,Fem,Sing,,0.120659989476986,O
při,ADP,RR--6----------,case,Loc,,,,-0.1616836902256199,O
útoku,NOUN,NNIS6-----A----,obl,Loc,Masc,Sing,Inan,0.0893520325371958,O
na,ADP,RR--4----------,case,Acc,,,,0.0573987726801581,O
42,NUM,C=-------------,obl,,,,,-0.0852289521500592,B-na
letou,ADJ,AAFS4----1A----,amod,Acc,Fem,Sing,,0.229884945797479,O
Nicole,PROPN,NNFXX-----A----,nmod,,Fem,,,0.0857512086168967,B-P|B-pf
Gordonovou,PROPN,NNFS4-----A----,flat,Acc,Fem,Sing,,0.2577179558048063,I-P|B-ps
.,PUNCT,Z:-------------,punct,,,,,0.0328374122049923,O
Stein,PROPN,NNMS1-----A----,nsubj,Nom,Masc,Sing,Anim,0.1298487519210724,B-ps
řekl,VERB,VpYS----R-AAP--,root,,Masc,Sing,,0.0186755604307189,O
",",PUNCT,Z:-------------,punct,,,,,0.1783392753028888,O
že,SCONJ,"J,-------------",mark,,,,,-0.0776803517737521,O
vzpomínka,NOUN,NNFS1-----A----,nsubj,Nom,Fem,Sing,,-0.024713872705128,O
na,ADP,RR--4----------,case,Acc,,,,0.0121887924802052,O
pacienty,NOUN,NNMP4-----A----,nmod,Acc,Masc,Plur,Anim,0.0046348833856139,O
"""",PUNCT,Z:-------------,punct,,,,,0.081221419113614,O
"""",PUNCT,Z:-------------,punct,,,,,0.0808400718021692,O
kmenové,ADJ,AAFP1----1A----,amod,Nom,Fem,Plur,,0.099464471237198,O
buňky,NOUN,NNFP1-----A----,nsubj:pass,Nom,Fem,Plur,,0.073532129296748,O
by,AUX,Vc----------I--,aux,,,,,0.0904750568250666,O
se,PRON,P7-X4----------,expl:pass,Acc,,,,0.0455828469083713,O
doporučily,VERB,VpTP----R-AAP--,ccomp,,"Fem,Masc",Plur,Inan,0.0390692856716936,O
pouze,ADV,Db-------------,advmod:emph,,,,,0.0665223094917455,O
v,ADP,RR--6----------,case,Loc,,,,-0.0285679705998183,O
případě,NOUN,NNIS6-----A----,obl,Loc,Masc,Sing,Inan,-0.1427583790603313,O
",",PUNCT,Z:-------------,punct,,,,,0.1312146519366046,O
že,SCONJ,"J,-------------",mark,,,,,-0.1520908897968084,O
jsou,AUX,VB-P---3P-AAI--,cop,,,Plur,,0.101602484852241,O
potřebné,ADJ,AAFP1----1A----,acl,Nom,Fem,Plur,,0.0469466113244612,O
v,ADP,RR--6----------,case,Loc,,,,-0.034940017522528,O
případě,NOUN,NNIS6-----A----,obl,Loc,Masc,Sing,Inan,-0.095665765376215,O
",",PUNCT,Z:-------------,punct,,,,,0.2136719780342526,O
že,SCONJ,"J,-------------",mark,,,,,-0.1799584283023555,O
pacient,NOUN,NNMS1-----A----,dep,Nom,Masc,Sing,Anim,0.0257191424793199,O
recidivy,NOUN,NNFS2-----A----,nmod,Gen,Fem,Sing,,0.0670900239302997,O
.,PUNCT,Z:-------------,punct,,,,,-0.0281938016409843,O
"""",PUNCT,Z:-------------,punct,,,,,0.7532537765336833,O
Chtěl,VERB,VpYS----R-AAI--,root,,Masc,Sing,,0.3730858172171365,O
bych,AUX,Vc----------Ic-,aux,,,Sing,,0.0521568681825919,O
se,PRON,P7-X4----------,expl:pv,Acc,,,,0.1378065704948805,O
omluvit,VERB,Vf--------A-P--,xcomp,,,,,0.0359326541632808,O
své,DET,P8FS3---------1,det,Dat,Fem,Sing,,0.1380831677934655,O
ženě,NOUN,NNFS3-----A----,obl:arg,Dat,Fem,Sing,,0.0141229848780867,O
Kim,PROPN,NNFXX-----A----,flat,,Fem,,,-0.1037713025595256,B-pf
za,ADP,RR--4----------,case,Acc,,,,-0.564100928209128,O
zveřejnění,NOUN,NNNS4-----A----,obl:arg,Acc,Neut,Sing,,-0.105660726894945,O
něčeho,PRON,PK--2----------,nmod,Gen,,,Inan,0.1278365564083454,O
",",PUNCT,Z:-------------,punct,,,,,0.0001842237308786,O
co,PRON,PQ--1----------,nsubj,Nom,,,Inan,0.1324888014420598,O
je,AUX,VB-S---3P-AAI--,cop,,,Sing,,-0.1033326014937067,O
soukromou,ADJ,AAFS7----1A----,amod,Ins,Fem,Sing,,-0.0546596500303426,O
záležitostí,NOUN,NNFS7-----A----,acl:relcl,Ins,Fem,Sing,,0.0333012004180279,O
.,PUNCT,Z:-------------,punct,,,,,0.0301876249171684,O
Nestaral,VERB,VpYS----R-NAP--,root,,Masc,Sing,,-0.1058235086174229,O
jsem,AUX,VB-S---1P-AAI--,aux,,,Sing,,-0.0552510355106141,O
se,PRON,P7-X4----------,expl:pv,Acc,,,,0.1576807963992694,O
o,ADP,RR--4----------,case,Acc,,,,0.0168927266334332,O
ni,PRON,PEFS4--3------1,obl:arg,Acc,Fem,Sing,,0.0180808651616318,O
tak,ADV,Db-------------,advmod,,,,,-0.0781897351817974,O
",",PUNCT,Z:-------------,punct,,,,,-0.0647266153950893,O
jako,SCONJ,"J,-------------",mark,,,,,-0.1032257421369013,O
se,PRON,P7-X4----------,expl:pv,Acc,,,,-0.0808647694765594,O
ona,PRON,PEFS1--3-------,nsubj,Nom,Fem,Sing,,0.0222378686228391,O
vždy,ADV,Db-------------,advmod,,,,,0.1187346605449936,O
starala,VERB,VpQW----R-AAI--,advcl,,"Fem,Neut","Plur,Sing",,0.0088054904915078,O
o,ADP,RR--4----------,case,Acc,,,,-0.1641389705599883,O
mne,PRON,PP-S4--1-------,obl:arg,Acc,,Sing,,-0.2453452683542876,O
.,PUNCT,Z:-------------,punct,,,,,-0.1359229472634652,O
A,CCONJ,J^-------------,cc,,,,,-0.1490719647862226,O
Cesar,PROPN,NNMS1-----A----,nsubj,Nom,Masc,Sing,Anim,0.0986878605895243,B-P|B-pf
Chavez,PROPN,NNMS1-----A----,flat,Nom,Masc,Sing,Anim,-0.0849855559479689,I-P|B-ps
",",PUNCT,Z:-------------,punct,,,,,0.0525185394376377,O
který,DET,P4YS1----------,nsubj,Nom,Masc,Sing,,-0.0584620584068355,O
modeloval,VERB,VpYS----R-AAI--,acl:relcl,,Masc,Sing,,-0.0824788425871556,O
mnoho,DET,Ca--4----------,det:numgov,Acc,,,,-0.0602149844545631,O
svých,DET,P8XP2----------,det,Gen,,Plur,,-0.0268836174181831,O
taktik,NOUN,NNFP2-----A----,obj,Gen,Fem,Plur,,-0.0512997296120247,O
podle,ADP,RR--2----------,case,Gen,,,,0.0628039922286632,O
Gándhího,PROPN,NNMS2-----A----,obl,Gen,Masc,Sing,Anim,0.303766976228204,B-p_
",",PUNCT,Z:-------------,punct,,,,,0.2085194582982867,O
když,SCONJ,"J,-------------",mark,,,,,-0.0024201137762836,O
vedl,VERB,VpYS----R-AAI--,advcl,,Masc,Sing,,-0.0264597049745674,O
hnutí,NOUN,NNNS4-----A----,obj,Acc,Neut,Sing,,-0.0214659752289549,O
zemědělských,ADJ,AAMP2----1A----,amod,Gen,Masc,Plur,Anim,0.0193535333785319,O
dělníků,NOUN,NNMP2-----A----,nmod,Gen,Masc,Plur,Anim,-0.085338299099647,O
",",PUNCT,Z:-------------,punct,,,,,0.1450345980975045,O
sledoval,VERB,VpYS----R-AAI--,root,,Masc,Sing,,0.1074788101732593,O
své,DET,P8NS4---------1,det,Acc,Neut,Sing,,-0.0046740293763125,O
politické,ADJ,AANS4----1A----,amod,Acc,Neut,Sing,,0.023603507038306,O
probuzení,NOUN,NNNS4-----A----,obj,Acc,Neut,Sing,,0.117630231499262,O
v,ADP,RR--6----------,case,Loc,,,,-0.0296534110584986,O
novinách,NOUN,NNFP6-----A----,obl,Loc,Fem,Plur,,0.181174894062994,O
",",PUNCT,Z:-------------,punct,,,,,-0.0208728172923692,O
které,DET,P4FP4----------,obj,Acc,Fem,Plur,,0.045881312788346,O
sledoval,VERB,VpYS----R-AAI--,acl:relcl,,Masc,Sing,,0.105694893637977,O
ve,ADP,RV--6----------,case,Loc,,,,-0.2039260155466207,O
věku,NOUN,NNIS6-----A----,obl,Loc,Masc,Sing,Inan,-0.0480631496496826,O
11,NUM,C=-------------,nummod,,,,,0.0075267468534518,B-na
nebo,CCONJ,J^-------------,cc,,,,,-0.0407662980762948,O
12,NUM,C=-------------,conj,,,,,0.0483997991152961,B-na
let,NOUN,NNNP2-----A----,nmod,Gen,Neut,Plur,,-0.0678271311568076,O
a,CCONJ,J^-------------,cc,,,,,-0.0607177162079778,O
které,DET,P4FP1----------,nsubj,Nom,Fem,Plur,,0.0472015249864557,O
ukazovaly,VERB,VpTP----R-AAI--,conj,,"Fem,Masc",Plur,Inan,-0.0707332263332885,O
",",PUNCT,Z:-------------,punct,,,,,0.0117904993462938,O
že,SCONJ,"J,-------------",mark,,,,,0.0085334581046466,O
tento,DET,PDYS1----------,det,Nom,Masc,Sing,,-0.0033862202577547,O
polonahý,ADJ,AAMS1----1A----,amod,Nom,Masc,Sing,Anim,0.4780776535988852,O
muž,NOUN,NNMS1-----A----,nsubj,Nom,Masc,Sing,Anim,-0.0318564968105432,O
beze,ADP,RV--2----------,case,Gen,,,,0.1503728089309135,O
zbraně,NOUN,NNFS2-----A----,nmod,Gen,Fem,Sing,,0.1613653469288568,O
dobyl,VERB,VpYS----R-AAP--,ccomp,,Masc,Sing,,0.1509896091217297,O
moc,NOUN,NNFS4-----A----,obj,Acc,Fem,Sing,,0.2261414793284471,O
Britského,ADJ,AANS2----1A----,amod,Gen,Neut,Sing,,0.0026159478993283,B-gc
impéria,NOUN,NNNS2-----A----,nmod,Gen,Neut,Sing,,-0.047760823494695,I-gc
.,PUNCT,Z:-------------,punct,,,,,-0.0816838137562926,O
“,PUNCT,Z:-------------,root,,,,,0.0781134903107428,O
Carbery,PROPN,NNMS1-----A----,nsubj,Nom,Masc,Sing,Anim,0.2192735991856253,B-ps
nařídil,VERB,VpYS----R-AAP--,root,,Masc,Sing,,0.0586602356938329,O
jednoduchou,ADJ,AAFS4----1A----,amod,Acc,Fem,Sing,,-0.0976847101209808,O
penaltu,NOUN,NNFS4-----A----,obj,Acc,Fem,Sing,,0.1150672322342484,O
na,ADP,RR--6----------,case,Loc,,,,0.0309661295334964,O
tomto,DET,PDZS6----------,det,Loc,"Masc,Neut",Sing,,0.0778847287351246,O
místě,NOUN,NNNS6-----A----,obl,Loc,Neut,Sing,,-0.1388411764305179,O
a,CCONJ,J^-------------,cc,,,,,0.1572897659429213,O
zatímco,SCONJ,"J,-------------",mark,,,,,-0.016564771867782,O
on,PRON,PEYS1--3-------,nsubj,Nom,Masc,Sing,,0.1184707400489576,O
byl,AUX,VpYS----R-AAI--,advcl,,Masc,Sing,,0.125768501092424,O
brzy,ADV,Dg-------1A----,advmod,,,,,-0.0458741935968017,O
poté,ADV,Db-------------,advmod,,,,,-0.1667751141208464,O
na,ADP,RR--6----------,case,Loc,,,,0.1658746574785685,O
terči,NOUN,NNIS6-----A----,obl,Loc,Masc,Sing,Inan,0.0643209774127628,O
",",PUNCT,Z:-------------,punct,,,,,0.277714487522401,O
následovalo,VERB,VpNS----R-AAI--,conj,,Neut,Sing,,0.0811990646106564,O
dramatické,ADJ,AANS1----1A----,amod,Nom,Neut,Sing,,0.3248510375637741,O
stočení,NOUN,NNNS1-----A----,nsubj,Nom,Neut,Sing,,0.0602019586017233,O
",",PUNCT,Z:-------------,punct,,,,,0.2936205411762117,O
jak,ADV,Db-------------,mark,,,,,0.1631527564208583,O
tým,NOUN,NNIS1-----A----,nsubj,Nom,Masc,Sing,Inan,-0.0573643282280994,O
Wasps,PROPN,F%-------------,nmod,Nom,Masc,Sing,Inan,0.0767386685065052,B-ic
drancoval,VERB,VpYS----R-AAI--,advcl,,Masc,Sing,,0.0073098003975006,O
senzační,ADJ,AAIS4----1A----,amod,Acc,Masc,Sing,Inan,-0.0548632919552836,O
pokus,NOUN,NNIS4-----A----,obj,Acc,Masc,Sing,Inan,0.0211703642806115,O
pomocí,ADP,RR--2----------,case,Gen,,,,-0.0249698543589249,O
Barbearyho,PROPN,NNMS2-----A----,obl,Gen,Masc,Sing,Anim,0.0034568776317867,B-ps
.,PUNCT,Z:-------------,punct,,,,,0.0221697741700568,O
Ale,CCONJ,J^-------------,cc,,,,,-0.1029308605589176,O
bylo,AUX,VpNS----R-AAI--,aux:pass,,Neut,Sing,,-0.0700430979075021,O
mi,PRON,PH-S3--1-------,obl:arg,Dat,,Sing,,0.1139515864907819,O
řečeno,ADJ,VsNS----X-APP--,root,,Neut,Sing,,0.1336955297719177,O
",",PUNCT,Z:-------------,punct,,,,,0.0057618697178216,O
že,SCONJ,"J,-------------",mark,,,,,-0.0060625827410636,O
mu,PRON,P5ZS3--3-------,obl:arg,Dat,"Masc,Neut",Sing,,0.081832154294167,O
začaly,VERB,VpTP----R-AAP--,csubj:pass,,"Fem,Masc",Plur,Inan,0.0801609740676778,O
padat,VERB,Vf--------A-I--,xcomp,,,,,0.0326653593871289,O
kalhoty,NOUN,NNFP1-----A----,nsubj,Nom,Fem,Plur,,0.0950012734205743,O
a,CCONJ,J^-------------,cc,,,,,0.1296771628705549,O
on,PRON,PEYS1--3-------,nsubj,Nom,Masc,Sing,,0.01841837578867,O
se,PRON,P7-X4----------,expl:pv,Acc,,,,0.0965309919898939,O
je,PRON,PEXP4--3-------,obj,Acc,,Plur,,-0.0722176334618041,O
snažil,VERB,VpYS----R-AAI--,conj,,Masc,Sing,,0.0175140390881548,O
vytáhnout,VERB,Vf--------A-P--,xcomp,,,,,-0.0500784059788136,O
",",PUNCT,Z:-------------,punct,,,,,0.1919477546560682,O
zatímco,SCONJ,"J,-------------",mark,,,,,-0.0131732295736523,O
běžel,VERB,VpYS----R-AAI--,advcl,,Masc,Sing,,0.0860437719769457,O
a,CCONJ,J^-------------,cc,,,,,-0.0209080688583053,O
tlačil,VERB,VpYS----R-AAI--,conj,,Masc,Sing,,-0.0849349384787663,O
vozík,NOUN,NNIS4-----A----,obj,Acc,Masc,Sing,Inan,-0.1244954693423591,O
s,ADP,RR--7----------,case,Ins,,,,0.0050145429393112,O
těžkou,ADJ,AAFS7----1A----,amod,Ins,Fem,Sing,,0.6588382189989332,O
sadou,NOUN,NNFS7-----A----,nmod,Ins,Fem,Sing,,0.0659612038727973,O
zásuvek,NOUN,NNFP2-----A----,nmod,Gen,Fem,Plur,,0.0357814074688233,O
.,PUNCT,Z:-------------,punct,,,,,0.4084188755995221,O
Drobné,ADJ,AAFP1----1A----,amod,Nom,Fem,Plur,,0.2728808970295767,O
bublinky,NOUN,NNFP1-----A----,nsubj,Nom,Fem,Plur,,0.0426772373689121,O
plynu,NOUN,NNIS2-----A----,nmod,Gen,Masc,Sing,Inan,-0.0015855915823417,O
zachycené,ADJ,AAFP1----1A----,amod,Nom,Fem,Plur,,-0.0403523536901543,O
uvnitř,ADV,Db-------------,case,,,,,0.0690164919129207,O
tohoto,DET,PDZS2----------,det,Gen,"Masc,Neut",Sing,,-0.0337441364496048,O
meteoritu,NOUN,NNIS2-----A----,obl,Gen,Masc,Sing,Inan,0.2107595470954168,O
mají,VERB,VB-P---3P-AAI--,root,,,Plur,,-0.1681827440099595,O
přesně,ADV,Dg-------1A----,advmod,,,,,0.0590833808649734,O
stejné,ADJ,AANS4----1A----,amod,Acc,Neut,Sing,,0.0635756952978138,O
složení,NOUN,NNNS4-----A----,obj,Acc,Neut,Sing,,0.0446146923820297,O
jako,SCONJ,"J,-------------",mark,,,,,0.2046068199048548,O
atmosféra,NOUN,NNFS1-----A----,advcl,Nom,Fem,Sing,,-0.0028320353811077,O
Marsu,PROPN,NNIS2-----A----,nmod,Gen,Masc,Sing,Inan,0.1753653749318797,B-g_
",",PUNCT,Z:-------------,punct,,,,,0.0343380169462016,O
takže,SCONJ,"J,-------------",mark,,,,,-0.0129431895030643,O
víme,VERB,VB-P---1P-AAI--,advcl,,,Plur,,-0.0884900759490819,O
",",PUNCT,Z:-------------,punct,,,,,0.2396488704451786,O
že,SCONJ,"J,-------------",mark,,,,,0.0470650295153022,O
naše,DET,PSHS1-P1-------,det,Nom,"Fem,Neut",Sing,,0.0301931798940778,O
hornina,NOUN,NNFS1-----A----,nsubj,Nom,Fem,Sing,,-0.1152926764365298,O
pochází,VERB,VB-S---3P-AAI--,ccomp,,,Sing,,-0.008643853549115,O
odtud,ADV,Db-------------,advmod,,,,,0.0212468864610772,O
.,PUNCT,Z:-------------,punct,,,,,0.0069616132586867,O
Nepřijmeme,VERB,VB-P---1P-NAP--,root,,,Plur,,0.13734134971348,O
CAA,NOUN,BNXXX-----A----,obj,,,,,-0.0262380024218224,B-p_
a,CCONJ,J^-------------,cc,,,,,-0.4336239086215804,O
to,DET,PDNS1----------,nsubj,Nom,Neut,Sing,,-0.1095705278324966,O
je,AUX,VB-S---3P-AAI--,cop,,,Sing,,0.0007676811303448,O
jisté,ADJ,AANS1----1A----,conj,Nom,Neut,Sing,,0.0756771185224723,O
.,PUNCT,Z:-------------,punct,,,,,0.7151543409786895,O
Pokud,SCONJ,"J,-------------",mark,,,,,-0.5091760792043042,O
není,AUX,VB-S---3P-NAI--,cop,,,Sing,,-0.0196728972450791,O
servisní,ADJ,AAMS1----1A----,amod,Nom,Masc,Sing,Anim,-0.057361113451674,O
technik,NOUN,NNMS1-----A----,nsubj,Nom,Masc,Sing,Anim,-0.0841824063600364,O
Symantec,PROPN,NNIS1-----A----,nmod,Nom,Masc,Sing,Inan,-0.0232873897740517,B-op
schopen,ADJ,ACYS------A----,advcl,,Masc,Sing,,0.0113524729757446,O
odstranit,VERB,Vf--------A-P--,xcomp,,,,,-0.0650399619590016,O
virus,NOUN,NNIS4-----A---1,obj,Acc,Masc,Sing,Inan,-0.019003509104104,O
z,ADP,RR--2----------,case,Gen,,,,0.0323613301929272,O
vašeho,DET,PSZS2-P2-------,det,Gen,"Masc,Neut",Sing,,-0.0338802330593785,O
zařízení,NOUN,NNNS2-----A----,obl,Gen,Neut,Sing,,-0.0344914076304183,O
",",PUNCT,Z:-------------,punct,,,,,0.0725975863072678,O
můžete,VERB,VB-P---2P-AAI--,root,,,Plur,,0.0202408472886316,O
získat,VERB,Vf--------A-P--,xcomp,,,,,-0.0406300443625248,O
zpět,ADV,Db-------------,advmod,,,,,0.001602685370778,O
plnou,ADJ,AAFS4----1A----,amod,Acc,Fem,Sing,,0.0023425797436232,O
cenu,NOUN,NNFS4-----A----,obj,Acc,Fem,Sing,,-0.0310888745054567,O
skutečně,ADV,Dg-------1A----,advmod,,,,,-0.0160731517295048,O
zaplacenou,ADJ,AAFS4----1A----,amod,Acc,Fem,Sing,,0.0541570158172107,O
za,ADP,RR--4----------,case,Acc,,,,0.0296976178061679,O
předplatné,NOUN,NNNS4-----A----,obl:arg,Acc,Neut,Sing,,0.014155496061356,O
Norton,PROPN,NNIS1-----A----,nmod,Nom,Masc,Sing,Inan,-0.0209134544553288,B-op
nebo,CCONJ,J^-------------,cc,,,,,0.0900054867940116,O
v,ADP,RR--6----------,case,Loc,,,,0.0666236482816765,O
případě,NOUN,NNIS6-----A----,conj,Loc,Masc,Sing,Inan,-0.0108561891415753,O
balíčku,NOUN,NNIS2-----A----,orphan,Gen,Masc,Sing,Inan,0.089682979101308,O
Norton,PROPN,NNIS1-----A----,nmod,Nom,Masc,Sing,Inan,-0.1354871605862102,B-op
",",PUNCT,Z:-------------,punct,,,,,0.0403713932627402,O
celkovou,ADJ,AAFS4----1A----,amod,Acc,Fem,Sing,,-0.0416779183448722,O
zaplacenou,ADJ,AAFS4----1A----,amod,Acc,Fem,Sing,,0.2063065165125472,O
cenu,NOUN,NNFS4-----A----,conj,Acc,Fem,Sing,,-0.0126824002869082,O
balíčku,NOUN,NNIS2-----A----,nmod,Gen,Masc,Sing,Inan,0.0357905433338128,O
Norton,PROPN,NNIS1-----A----,nmod,Nom,Masc,Sing,Inan,-0.0305648918632184,B-op
(,PUNCT,Z:-------------,punct,,,,,0.0103604966355355,O
po,ADP,RR--6----------,case,Loc,,,,-0.0481627520311259,O
odečtení,NOUN,NNNS6-----A----,nmod,Loc,Neut,Sing,,-0.0076627047252755,O
všech,DET,PLXP2----------,det,Gen,,Plur,,-0.0908437551254271,O
obdržených,ADJ,AAFP2----1A----,amod,Gen,Fem,Plur,,-0.0364212614896499,O
slev,NOUN,NNFP2-----A----,nmod,Gen,Fem,Plur,,-0.0583889681634057,O
nebo,CCONJ,J^-------------,cc,,,,,0.0726199861467698,O
náhrad,NOUN,NNFP2-----A----,conj,Gen,Fem,Plur,,-0.0031294495924694,O
a,CCONJ,J^-------------,cc,,,,,0.0651253563786626,O
po,ADP,RR--6----------,case,Loc,,,,0.0700425337470526,O
odečtení,NOUN,NNNS6-----A----,conj,Loc,Neut,Sing,,0.0634392451388004,O
dopravy,NOUN,NNFS2-----A----,nmod,Gen,Fem,Sing,,-0.004142847616438,O
",",PUNCT,Z:-------------,punct,,,,,0.1032161394683088,O
manipulace,NOUN,NNFS2-----A----,conj,Gen,Fem,Sing,,0.0187625676259281,O
a,CCONJ,J^-------------,cc,,,,,0.0598991067517463,O
příslušných,ADJ,AAFP2----1A----,amod,Gen,Fem,Plur,,0.0748077832606627,O
daní,NOUN,NNFP2-----A----,conj,Gen,Fem,Plur,,0.0176696829487907,O
",",PUNCT,Z:-------------,punct,,,,,0.1405229255292899,O
s,ADP,RR--7----------,case,Ins,,,,0.0918286573263604,O
výjimkou,NOUN,NNFS7-----A----,fixed,Ins,Fem,Sing,,0.1463213796259345,O
některých,DET,PZXP2----------,det,Gen,,Plur,,0.0140503818287368,O
států,NOUN,NNIP2-----A----,nmod,Gen,Masc,Plur,Inan,0.0689561557784482,O
a,CCONJ,J^-------------,cc,,,,,0.0019883399109505,O
zemí,NOUN,NNFP2-----A----,conj,Gen,Fem,Plur,,-0.0133271958818109,O
",",PUNCT,Z:-------------,punct,,,,,0.1640332935246913,O
kde,ADV,Db-------------,advmod,,,,,0.0011859963068475,O
se,PRON,P7-X4----------,expl:pass,Acc,,,,0.0976431928450751,O
doprava,NOUN,NNFS1-----A----,nsubj:pass,Nom,Fem,Sing,,-0.0305687550857942,O
",",PUNCT,Z:-------------,punct,,,,,0.0717768979878274,O
manipulace,NOUN,NNFS1-----A----,conj,Nom,Fem,Sing,,0.0238069074567978,O
a,CCONJ,J^-------------,cc,,,,,0.1455358181395282,O
daně,NOUN,NNFP1-----A----,conj,Nom,Fem,Plur,,0.0796617439325361,O
vracejí,VERB,VB-P---3P-AAI--,acl:relcl,,,Plur,,-0.0061428925102931,O
),PUNCT,Z:-------------,punct,,,,,-0.0653088490787899,O
",",PUNCT,Z:-------------,punct,,,,,0.0682034256471831,O
a,CCONJ,J^-------------,cc,,,,,0.141456521517868,O
to,PART,PDNS4----------,fixed,,,,,0.0626111188217679,O
pouze,ADV,Db-------------,advmod:emph,,,,,-0.0321606672422567,O
za,ADP,RR--4----------,case,Acc,,,,0.1469404805837976,O
aktuální,ADJ,AANS4----1A----,amod,Acc,Neut,Sing,,-0.0173184830957628,O
zaplacené,ADJ,AANS4----1A----,amod,Acc,Neut,Sing,,0.0285442721076704,O
období,NOUN,NNNS4-----A----,obl,Acc,Neut,Sing,,-0.0218282355590435,O
předplatného,NOUN,NNNS2-----A----,nmod,Gen,Neut,Sing,,-0.0330223192077709,O
pro,ADP,RR--4----------,case,Acc,,,,0.0126369778276353,O
servisní,ADJ,AAFS4----1A----,amod,Acc,Fem,Sing,,0.0288886582275976,O
podporu,NOUN,NNFS4-----A----,nmod,Acc,Fem,Sing,,-0.0330388304163508,O
nebo,CCONJ,J^-------------,cc,,,,,0.0112860382629548,O
balíček,NOUN,NNIS4-----A----,conj,Acc,Masc,Sing,Inan,0.0302646964434463,O
předplatného,NOUN,NNNS2-----A----,nmod,Gen,Neut,Sing,,-0.0175989349643125,O
.,PUNCT,Z:-------------,punct,,,,,-0.3019632901141215,O
Jeden,NUM,CnYS1----------,nsubj,Nom,Masc,Sing,,-0.0091424374473585,O
z,ADP,RR--2----------,case,Gen,,,,0.0150231147144132,O
těchto,DET,PDXP2----------,det,Gen,,Plur,,-0.0041336262469997,O
kousků,NOUN,NNIP2-----A----,nmod,Gen,Masc,Plur,Inan,0.0423948545753608,O
sutin,NOUN,NNFP2-----A----,nmod,Gen,Fem,Plur,,-0.0147057493685727,O
se,PRON,P7-X4----------,expl:pv,Acc,,,,-0.0752826030598799,O
přehnal,VERB,VpYS----R-AAP--,root,,Masc,Sing,,0.2007281769858359,O
přes,ADP,RR--4----------,case,Acc,,,,0.0605581331970573,O
sluneční,ADJ,AAFS4----1A----,amod,Acc,Fem,Sing,,0.0991669781947246,O
soustavu,NOUN,NNFS4-----A----,obl,Acc,Fem,Sing,,0.3994763129312715,O
a,CCONJ,J^-------------,cc,,,,,0.0438156422926249,O
nakonec,ADV,Db-------------,advmod,,,,,0.0705736677593505,O
se,PRON,P7-X4----------,expl:pv,Acc,,,,-0.0553346991715427,O
zřítil,VERB,VpYS----R-AAP--,conj,,Masc,Sing,,0.1857262836044314,O
na,ADP,RR--4----------,case,Acc,,,,-0.0266071900871493,O
Zemi,NOUN,NNFS4-----A----,obl,Acc,Fem,Sing,,0.0158880679478893,B-g_
.,PUNCT,Z:-------------,punct,,,,,0.6658459236846945,O
A,CCONJ,J^-------------,cc,,,,,-0.0145444286138464,O
šli,VERB,VpMP----R-AAI--,root,,Masc,Plur,Anim,-0.1041688938905941,O
byste,AUX,Vc----------Ie-,aux,,,Plur,,0.1547492163007619,O
pravděpodobně,ADV,Dg-------1A----,advmod,,,,,-0.5277642940007048,O
volit,VERB,Vf--------A-I--,xcomp,,,,,0.1441773202018715,O
",",PUNCT,Z:-------------,punct,,,,,0.0612457214364883,O
pokud,SCONJ,"J,-------------",mark,,,,,-0.0712349838383519,O
víte,VERB,VB-P---2P-AAI--,advcl,,,Plur,,0.1099707203157885,O
",",PUNCT,Z:-------------,punct,,,,,-0.0583807869069475,O
že,SCONJ,"J,-------------",mark,,,,,0.1770016921706665,O
je,AUX,VB-S---3P-AAI--,ccomp,,,Sing,,-0.0005731371584641,O
vždy,ADV,Db-------------,advmod,,,,,0.062951614546425,O
nějaká,DET,PZFS1----------,det,Nom,Fem,Sing,,0.0726043178179589,O
možnost,NOUN,NNFS1-----A----,nsubj,Nom,Fem,Sing,,0.115085398385249,O
?,PUNCT,Z:-------------,punct,,,,,0.6344390772355447,O
Hvězdný,ADJ,AAMS1----1A----,amod,Nom,Masc,Sing,Anim,0.2424258764550243,O
dokumentarista,NOUN,NNMS1-----A----,nsubj,Nom,Masc,Sing,Anim,0.023537976594768,O
se,PRON,P7-X4----------,expl:pv,Acc,,,,0.1069862691460823,O
připojil,VERB,VpYS----R-AAP--,root,,Masc,Sing,,0.3381126703228305,O
k,ADP,RR--3----------,case,Dat,,,,0.1267409382534022,O
princi,NOUN,NNMS3-----A----,obl,Dat,Masc,Sing,Anim,0.0872200698024657,O
Williamovi,PROPN,NNMS3-----A----,flat,Dat,Masc,Sing,Anim,0.1673908301299227,B-pf
a,CCONJ,J^-------------,cc,,,,,0.1298125897671911,O
vévodkyni,NOUN,NNFS3-----A----,conj,Dat,Fem,Sing,,0.1550318569481323,O
Kate,PROPN,NNFXX-----A----,flat,,Fem,,,0.1335284995000386,B-pf
na,ADP,RR--6----------,case,Loc,,,,0.0170782865534543,O
slavnostním,ADJ,AAIS6----1A----,amod,Loc,Masc,Sing,Inan,0.1840649550161706,O
ceremoniálu,NOUN,NNIS6-----A----,obl,Loc,Masc,Sing,Inan,0.1072351752474919,O
v,ADP,RR--6----------,case,Loc,,,,0.1741860053374719,O
loděnici,NOUN,NNFS6-----A----,nmod,Loc,Fem,Sing,,0.1492463365851851,O
Cammell,X,F%-------------,nmod,,,,,0.1255557044309714,B-if
Laird,X,F%-------------,flat:foreign,,,,,0.0191742089712695,I-if
v,ADP,RR--6----------,case,Loc,,,,0.13418140701374,O
Birkenhead,PROPN,NNIXX-----A----,nmod,,Neut,,,0.1210279225770581,B-gu
",",PUNCT,Z:-------------,punct,,,,,-0.0963114642929499,O
Merseyside,PROPN,NNNXX-----A----,nmod,,Neut,,,-0.0447880188005369,B-gs
.,PUNCT,Z:-------------,punct,,,,,-0.5887920328646123,O
Bezva,ADJ,NNFS1-----A----,amod,Nom,Fem,Sing,,0.0705300391616664,O
hlava,NOUN,NNFS1-----A----,nsubj,Nom,Fem,Sing,,0.0895469657042555,O
není,AUX,VB-S---3P-NAI--,cop,,,Sing,,-0.2356478055835691,O
profesionální,ADJ,AAMS1----1A----,amod,Nom,Masc,Sing,Anim,0.065939727523883,O
zloděj“,NOUN,NNMS1-----A----,root,Nom,Masc,Sing,Anim,-0.0785705524334796,O
.,PUNCT,Z:-------------,punct,,,,,0.9144653631113308,O
Zatímco,SCONJ,"J,-------------",mark,,,,,0.2964936651644791,O
strana,NOUN,NNFS1-----A----,nsubj,Nom,Fem,Sing,,-0.0385699896485565,O
uvedla,VERB,VpQW----R-AAP--,root,,"Fem,Neut","Plur,Sing",,-0.0757171415438097,O
",",PUNCT,Z:-------------,punct,,,,,0.0285193152680097,O
že,SCONJ,"J,-------------",mark,,,,,0.0619712947656588,O
protest,NOUN,NNIS1-----A----,nsubj,Nom,Masc,Sing,Inan,0.0202230541450222,O
se,PRON,P7-X4----------,expl:pv,Acc,,,,0.0117027677497057,O
bude,AUX,VB-S---3F-AAI--,aux,,,Sing,,0.0365689447796507,O
konat,VERB,Vf--------A-I--,ccomp,,,,,0.0874076830213551,O
před,ADP,RR--7----------,case,Ins,,,,-0.1750505443097604,O
Rashtrapati,X,F%-------------,obl,,,,,-0.019643627978416,B-gu
Bhavan,X,F%-------------,flat:foreign,,,,,0.126375693082068,I-gu
",",PUNCT,Z:-------------,punct,,,,,-0.0124203766998079,O
oficiální,ADJ,AAFS1----1A----,amod,Nom,Fem,Sing,,-0.0362456092222802,O
rezidence,NOUN,NNFS1-----A----,appos,Nom,Fem,Sing,,0.0302724199906295,O
prezidenta,NOUN,NNMS2-----A----,nmod,Gen,Masc,Sing,Anim,-0.0104066528443883,O
Ram,PROPN,NNMS1-----A----,nmod,Nom,Masc,Sing,Anim,-0.037361672822712,B-P
Nath,PROPN,NNMXX-----A----,flat,,Masc,,Anim,-0.0653849083037128,I-P
Kovind,PROPN,NNMS1-----A----,flat,Nom,Masc,Sing,Anim,-0.1356892766482245,I-P
.,PUNCT,Z:-------------,punct,,,,,0.8405726344359897,O
Electrek,PROPN,NNIS1-----A----,nsubj,Nom,Masc,Sing,Inan,0.0781227545575584,B-ps
zveřejnil,VERB,VpYS----R-AAP--,root,,Masc,Sing,,0.115910267754593,O
zprávu,NOUN,NNFS4-----A----,obj,Acc,Fem,Sing,,0.0946499551896258,O
na,ADP,RR--6----------,case,Loc,,,,0.153984469642448,O
základě,NOUN,NNIS6-----A----,fixed,Loc,Masc,Sing,Inan,-0.0217051401598173,O
e-mailu,NOUN,NNIS2-----A----,obl,Gen,Masc,Sing,Inan,0.1924062609525012,O
od,ADP,RR--2----------,case,Gen,,,,0.1634948007650488,O
Muska,PROPN,NNMS2-----A----,nmod,Gen,Masc,Sing,Anim,0.049394576384308,B-ps
zaslaný,ADJ,AAIS4----1A----,amod,Acc,Masc,Sing,Inan,0.2292555347545982,O
zaměstnancům,NOUN,NNMP3-----A----,obl:arg,Dat,Masc,Plur,Anim,0.0859576587081546,O
Tesly,PROPN,NNFS2-----A----,nmod,Gen,Fem,Sing,,0.3125027323197555,B-if
",",PUNCT,Z:-------------,punct,,,,,0.1117514830684508,O
který,DET,P4YS1----------,nsubj,Nom,Masc,Sing,,0.0337787223425736,O
se,PRON,P7-X4----------,expl:pv,Acc,,,,0.1403507653527913,O
dostal,VERB,VpYS----R-AAP--,acl:relcl,,Masc,Sing,,-0.0344152748147883,O
na,ADP,RR--4----------,case,Acc,,,,0.0459007796030549,O
veřejnost,NOUN,NNFS4-----A----,obl,Acc,Fem,Sing,,-0.1378444990512749,O
.,PUNCT,Z:-------------,punct,,,,,-0.0109952642098282,O
Musk,PROPN,NNMS1-----A----,nsubj,Nom,Masc,Sing,Anim,0.0300962610202768,B-ps
v,ADP,RR--6----------,case,Loc,,,,0.1211407414557775,O
e-mailu,NOUN,NNIS6-----A----,obl,Loc,Masc,Sing,Inan,0.1962512708311969,O
napsal,VERB,VpYS----R-AAP--,root,,Masc,Sing,,-0.0106724597967735,O
:,PUNCT,Z:-------------,punct,,,,,0.0579644528565064,O
Máme,VERB,VB-P---1P-AAI--,ccomp,,,Plur,,0.068318840338969,O
šanci,NOUN,NNFS4-----A----,obj,Acc,Fem,Sing,,0.1031167580231735,O
vyrobit,VERB,Vf--------A-P--,acl,,,,,0.0476655424668704,O
prvního,ADJ,CrIS2----------,amod,Gen,Masc,Sing,Inan,0.4019893545541154,O
100,NUM,C=-------------,nummod:gov,,,,,0.063483328950382,B-nc
000,NUM,C=-------------,nummod:gov,,,,,0.0474114455061906,I-nc
vozů,NOUN,NNIP2-----A----,obj,Gen,Masc,Plur,Inan,-0.0009847522487519,O
",",PUNCT,Z:-------------,punct,,,,,0.0928430037216325,O
což,PRON,PQ--1----------,nsubj,Nom,,,,-0.0832653538728763,O
je,AUX,VB-S---3P-AAI--,cop,,,Sing,,0.0011662437636112,O
pro,ADP,RR--4----------,case,Acc,,,,0.216519610084306,O
naši,DET,PSFS4-P1-------,det,Acc,Fem,Sing,,0.0203714643761465,O
společnost,NOUN,NNFS4-----A----,obl,Acc,Fem,Sing,,-0.1679952553995852,O
neuvěřitelně,ADV,Dg-------1N----,advmod,,,,,0.1380233640070056,O
významný,ADJ,AAIS1----1A----,amod,Nom,Masc,Sing,Inan,0.0117341614805481,O
milník,NOUN,NNIS1-----A----,conj,Nom,Masc,Sing,Inan,0.1005337282022977,O
!,PUNCT,Z:-------------,punct,,,,,0.2639135941633282,O
“,PUNCT,Z:-------------,punct,,,,,0.1345672140129502,O
Jestli,SCONJ,"J,-------------",mark,,,,,0.3032317161504347,O
to,DET,PDNS1----------,nsubj,Nom,Neut,Sing,,0.1471519956056662,O
vypadá,VERB,VB-S---3P-AAI--,root,,,Sing,,-0.0444239944113221,O
moc,ADV,Db-------------,advmod,,,,,0.3177659626800636,O
dobře,ADV,Dg-------1A----,advmod,,,,,0.1894339372872718,O
na,ADP,RR--4----------,case,Acc,,,,0.5103026363365281,O
to,DET,PDNS4----------,obl,Acc,Neut,Sing,,0.207829893675029,O
",",PUNCT,Z:-------------,punct,,,,,-0.0789920870940214,O
aby,AUX,Vc-------------,aux,,,,,0.1698775970262495,O
to,DET,PDNS1----------,nsubj,Nom,Neut,Sing,,0.1734862907356537,O
byla,AUX,VpQW----R-AAI--,cop,,"Fem,Neut","Plur,Sing",,0.0614994300192822,O
pravda,NOUN,NNFS1-----A----,acl,Nom,Fem,Sing,,0.0917182519950369,O
",",PUNCT,Z:-------------,punct,,,,,0.1460021953439608,O
tak,ADV,Db-------------,dep,,,,,0.2295998701364545,O
asi,PART,TT-------------,dep,,,,,0.4332317684925904,O
ano,PART,TT-------------,dep,,,,,0.2596929897053591,O
.,PUNCT,Z:-------------,punct,,,,,-0.0014213168351457,O
Váš,DET,PSYS1-P2-------,det,Nom,Masc,Sing,,0.0901467121719682,O
online,ADJ,AAXXX----1A----,amod,Nom,Masc,Sing,Inan,0.2560931054053208,O
život,NOUN,NNIS1-----A----,nsubj,Nom,Masc,Sing,Inan,0.0844141488426247,O
a,CCONJ,J^-------------,cc,,,,,0.0822074589058892,O
skutečný,ADJ,AAIS1----1A----,amod,Nom,Masc,Sing,Inan,0.0245254333525077,O
život,NOUN,NNIS1-----A----,conj,Nom,Masc,Sing,Inan,-0.0088417967780185,O
se,PRON,P7-X4----------,expl:pv,Acc,,,,0.1072541189542518,O
prolínají,VERB,VB-P---3P-AAI--,root,,,Plur,,0.1737445957041154,O
v,ADP,RR--4----------,case,Acc,,,,-0.0990327331743482,O
jeden,NUM,CnIS4----------,nummod,Acc,Masc,Sing,Inan,-0.0126904808124881,O
bezproblémový,ADJ,AAIS4----1A----,amod,Acc,Masc,Sing,Inan,0.1065833890138104,O
zážitek,NOUN,NNIS4-----A----,obl:arg,Acc,Masc,Sing,Inan,0.0655232043589326,O
a,CCONJ,J^-------------,cc,,,,,0.0084745794904895,O
potřebujete,VERB,VB-P---2P-AAI--,conj,,,Plur,,0.1231929423319342,O
zabezpečení,NOUN,NNNS4-----A----,obj,Acc,Neut,Sing,,0.2570315363000965,O
",",PUNCT,Z:-------------,punct,,,,,0.0217814371474828,O
které,DET,P4NS1----------,nsubj,Nom,Neut,Sing,,0.0674740781500077,O
zabrání,VERB,VB-S---3P-AAP--,acl:relcl,,,Sing,,0.1938765399868135,O
virům,NOUN,NNIP3-----A----,obl:arg,Dat,Masc,Plur,Inan,0.0177637512221168,O
",",PUNCT,Z:-------------,punct,,,,,0.2458806872558493,O
krádežím,NOUN,NNFP3-----A----,conj,Dat,Fem,Plur,,0.1370645857367016,O
identity,NOUN,NNFS2-----A----,nmod,Gen,Fem,Sing,,0.0192367581486885,O
a,CCONJ,J^-------------,cc,,,,,0.0386063579239619,O
dalším,ADJ,AAFP3----1A----,amod,Dat,Fem,Plur,,0.0620576534761242,O
digitálním,ADJ,AAFP3----1A----,amod,Dat,Fem,Plur,,0.1141828338134605,O
hrozbám,NOUN,NNFP3-----A----,conj,Dat,Fem,Plur,,0.4027540063952669,O
",",PUNCT,Z:-------------,punct,,,,,0.1851943211913474,O
aby,AUX,Vc-------------,aux,,,,,0.1698035902812201,O
se,PRON,P7-X4----------,expl:pv,Acc,,,,0.1362015947133072,O
staly,VERB,VpTP----R-AAP--,advcl,,"Fem,Masc",Plur,Inan,0.0783459318151223,O
skutečnými,ADJ,AAFP7----1A----,amod,Ins,Fem,Plur,,0.1788894361312969,O
bolestmi,NOUN,NNFP7-----A----,obl:arg,Ins,Fem,Plur,,0.1509029440744556,O
hlavy,NOUN,NNFS2-----A----,nmod,Gen,Fem,Sing,,0.1717314339394964,O
.,PUNCT,Z:-------------,punct,,,,,0.276261459076606,O
Předpokládejme,VERB,Vi-P---1--A-I--,root,,,Plur,,0.1248408780049731,O
",",PUNCT,Z:-------------,punct,,,,,0.0561006846148861,O
že,SCONJ,"J,-------------",mark,,,,,-0.052124212581208,O
svět,NOUN,NNIS1-----A----,nsubj,Nom,Masc,Sing,Inan,-0.0045453623672502,O
",",PUNCT,Z:-------------,punct,,,,,0.0864418400066139,O
jak,ADV,Db-------------,advmod,,,,,0.0733652920597437,O
víme,VERB,VB-P---1P-AAI--,parataxis,,,Plur,,0.058265901173101,O
",",PUNCT,Z:-------------,punct,,,,,0.0366196733065853,O
stále,ADV,Dg-------1A----,advmod,,,,,-0.0524511896221273,O
existuje,VERB,VB-S---3P-AAI--,ccomp,,,Sing,,-0.096747701015855,O
27,NUM,C=-------------,nummod:gov,,,,,-0.1870114524944516,B-nc
let,NOUN,NNNP2-----A----,obl,Gen,Neut,Plur,,0.0328237296602053,O
-,PUNCT,Z:-------------,punct,,,,,0.110111612615168,O
jak,ADV,Db-------------,advmod,,,,,0.2894777554211241,O
říká,VERB,VB-S---3P-AAI--,parataxis,,,Sing,,0.1522785403144773,O
Thunberg,PROPN,NNMS1-----A----,nsubj,Nom,Masc,Sing,Anim,0.0536446286650256,B-ps
",",PUNCT,Z:-------------,punct,,,,,0.1749446822515332,O
že,SCONJ,"J,-------------",mark,,,,,-0.0259224965397493,O
nebude,AUX,VB-S---3F-NAI--,conj,,,Sing,,-0.0266266701955413,O
",",PUNCT,Z:-------------,punct,,,,,-0.0721751018040388,O
pokud,SCONJ,"J,-------------",mark,,,,,-0.0298115731869876,O
v,ADP,RR--6----------,case,Loc,,,,0.1744761212646557,O
příštím,ADJ,AANS6----1A----,amod,Loc,Neut,Sing,,0.0953003738199535,O
desetiletí,NOUN,NNNS6-----A----,obl,Loc,Neut,Sing,,0.0222939538417954,O
nebudeme,AUX,VB-P---1F-NAI--,aux,,,Plur,,0.0096804366417536,O
snižovat,VERB,Vf--------A-I--,advcl,,,,,0.1051724717937607,O
emise,NOUN,NNFP4-----A----,obj,Acc,Fem,Plur,,0.0169853006056981,O
uhlíku,NOUN,NNIS2-----A----,nmod,Gen,Masc,Sing,Inan,0.0930544202939783,O
na,ADP,RR--4----------,case,Acc,,,,-0.0135597595836583,O
absolutní,ADJ,AAFS4----1A----,amod,Acc,Fem,Sing,,-0.0596771743691095,O
nulu,DET,CzFS4----------,obl,Acc,Fem,Sing,,0.0809931831843512,O
-,PUNCT,Z:-------------,punct,,,,,0.0732035225905131,O
pak,ADV,Db-------------,advmod,,,,,0.0524017590552675,O
se,PRON,P7-X4----------,expl:pv,Acc,,,,-0.0521372885119859,O
teenage,X,F%-------------,nmod,,,,,-0.0841986956687746,O
aktivista,NOUN,NNMS1-----A----,nsubj,Nom,Masc,Sing,Anim,0.0361200838351883,O
pravděpodobně,ADV,Dg-------1A----,advmod,,,,,0.0571776914631499,O
ohlédne,VERB,VB-S---3P-AAP--,conj,,,Sing,,0.0687175682644067,O
zpět,ADV,Db-------------,advmod,,,,,0.0493333619830265,O
na,ADP,RR--4----------,case,Acc,,,,0.1455121473478773,O
dlouhou,ADJ,AAFS4----1A----,amod,Acc,Fem,Sing,,0.0784508448258845,O
OSN,PROPN,BNXXX-----A----,obl,,,,,-0.0205832940161602,B-io
a,CCONJ,J^-------------,cc,,,,,0.0825768286064331,O
nevládní,ADJ,AAFS4----1N----,amod,Acc,Fem,Sing,,0.0449536384436717,O
organizaci,NOUN,NNFS4-----A----,conj,Acc,Fem,Sing,,0.0354594772579469,O
kariéra,NOUN,NNFS1-----A----,nmod,Nom,Fem,Sing,,0.0558511216073438,B-io
",",PUNCT,Z:-------------,punct,,,,,0.0916246902661047,O
která,DET,P4FS1----------,nsubj,Nom,Fem,Sing,,0.0295187881581091,O
odstartovala,VERB,VpQW----R-AAP--,acl:relcl,,"Fem,Neut","Plur,Sing",,0.1577703350133073,O
s,ADP,RR--7----------,case,Ins,,,,0.0323469102126176,O
jednou,NUM,CnFS7----------,nummod,Ins,Fem,Sing,,-0.0078322122707587,O
slavnou,ADJ,AAFS7----1A----,amod,Ins,Fem,Sing,,0.0486060458968538,O
řečí,NOUN,NNFS7-----A----,obl,Ins,Fem,Sing,,0.0010047302409064,O
.,PUNCT,Z:-------------,punct,,,,,-0.1105171242820926,O
Enterprise,NOUN,NNFS1-----A----,nsubj,Nom,Fem,Sing,,0.0893865983504753,O
nebyla,AUX,VpQW----R-NAI--,cop,,"Fem,Neut","Plur,Sing",,0.1207297287366369,O
v,ADP,RR--6----------,case,Loc,,,,-0.2158887619673444,O
žádném,DET,PWZS6----------,det,Loc,"Masc,Neut",Sing,,-0.013466631878718,O
ohledu,NOUN,NNIS6-----A----,obl,Loc,Masc,Sing,Inan,0.0660351889788679,O
špatná,ADJ,AAFS1----1A----,root,Nom,Fem,Sing,,-0.0743184633011813,O
",",PUNCT,Z:-------------,punct,,,,,0.0931781227140684,O
ale,CCONJ,J^-------------,cc,,,,,-0.127781742722655,O
nikdy,ADV,Db-------------,advmod,,,,,0.0084653947711654,O
nebyla,AUX,VpQW----R-NAI--,cop,,"Fem,Neut","Plur,Sing",,0.1954478304452341,O
tak,ADV,Db-------------,advmod,,,,,-0.0696003481225627,O
pohodlná,ADJ,AAFS1----1A----,conj,Nom,Fem,Sing,,0.0526077225232063,O
jako,SCONJ,"J,-------------",mark,,,,,0.1243195681940514,O
Národní,ADJ,AAFS1----1A----,amod,Nom,Fem,Sing,,-0.0267880081286963,B-gs
třída,NOUN,NNFS1-----A----,advcl,Nom,Fem,Sing,,0.034357063690057,I-gs
",",PUNCT,Z:-------------,punct,,,,,0.2531049285140674,O
kde,ADV,Db-------------,advmod,,,,,-0.197261863324343,O
jsem,AUX,VB-S---1P-AAI--,aux,,,Sing,,-0.0307475978267947,O
mohl,VERB,VpYS----R-AAI--,acl:relcl,,Masc,Sing,,0.101653144485097,O
přijít,VERB,Vf--------A-P--,xcomp,,,,,-0.0304342311783209,O
",",PUNCT,Z:-------------,punct,,,,,0.2366194696633413,O
vybrat,VERB,Vf--------A-P--,conj,,,,,0.1682403455688108,O
si,PRON,P7--3----------,obl,Dat,,,,0.0708439823387919,O
auto,NOUN,NNNS4-----A----,obj,Acc,Neut,Sing,,-0.0437178310356207,O
a,CCONJ,J^-------------,cc,,,,,-0.0385937126508943,O
odjet,VERB,Vf--------A-P--,conj,,,,,0.0411306484878136,O
",",PUNCT,Z:-------------,punct,,,,,0.0860023294783706,O
aniž,SCONJ,"J,-------------",mark,,,,,0.0040744760870461,O
bych,AUX,Vc----------Ic-,aux,,,Sing,,-0.0559598646253182,O
věčně,ADV,Dg-------1A----,advmod,,,,,-0.0292894433108675,O
čekal,VERB,VpYS----R-AAI--,advcl,,Masc,Sing,,0.2307221300306406,O
u,ADP,RR--2----------,case,Gen,,,,0.129080110890309,O
přepážky,NOUN,NNFS2-----A----,obl,Gen,Fem,Sing,,-0.0212893348486956,O
.,PUNCT,Z:-------------,punct,,,,,0.2956312674375499,O
Možná,ADV,Db-------------,advmod,,,,,-0.4882172241042072,O
začněte,VERB,Vi-P---2--A-P--,root,,,Plur,,0.4850711227213636,O
na,ADP,RR--6----------,case,Loc,,,,-0.3791663210876195,O
300,NUM,C=-------------,nummod,,,,,0.3570087397665245,B-nc
kaloriích,NOUN,NNFP6-----A----,obl:arg,Loc,Fem,Plur,,0.0102670153061699,O
.,PUNCT,Z:-------------,punct,,,,,0.3978406799772572,O
Nejlepší,ADJ,AAFS1----3A----,amod,Nom,Fem,Sing,,0.6309676262791137,O
britská,ADJ,AAFS1----1A----,amod,Nom,Fem,Sing,,0.1480414210120448,O
banka,NOUN,NNFS1-----A----,nsubj,Nom,Fem,Sing,,-0.0513496225547402,O
HSBC,NOUN,BNXXX-----A----,nmod,,,,,-0.0115736773642299,B-if
popírá,VERB,VB-S---3P-AAI--,root,,,Sing,,-0.0228243177117688,O
nastražování,NOUN,NNNS4-----A----,obj,Acc,Neut,Sing,,0.2773429934837078,O
pasti“,NOUN,NNFP2-----A----,nmod,Gen,Fem,Plur,,0.1835940299105707,O
čínského,ADJ,AAIS2----1A----,amod,Gen,Masc,Sing,Inan,0.0760767571640607,O
Huawei,PROPN,NNXXX-----A----,nmod,,,,,0.1205242636140309,B-if
při,ADP,RR--6----------,case,Loc,,,,0.3568392309806928,O
vyšetřování,NOUN,NNNS6-----A----,nmod,Loc,Neut,Sing,,0.3086463998906183,O
v,ADP,RR--6----------,case,Loc,,,,0.1284395060070531,O
USA,PROPN,BNXXX-----A----,nmod,,,,,0.1000255479802974,B-gc
-,PUNCT,Z:-------------,punct,,,,,-0.0211615809065907,I-gc
RT,NOUN,BNXXX-----A----,nmod,,,,,-0.1536617435684902,I-gc
Business,X,F%-------------,nmod,,,,,0.0913698017820102,I-gc
News,X,F%-------------,flat:foreign,,,,,-0.1547370583773877,I-gc
Všechna,DET,PLNP1----------,det,Nom,Neut,Plur,,0.0423013814132251,O
ostatní,ADJ,AANP1----1A----,amod,Nom,Neut,Plur,,0.0269670910964594,O
hřiště,NOUN,NNNP1-----A----,nsubj,Nom,Neut,Plur,,-0.0258787621090028,O
",",PUNCT,Z:-------------,punct,,,,,0.1557805215412882,O
na,ADP,RR--6----------,case,Loc,,,,0.109793876741999,O
kterých,DET,P4XP6----------,obl,Loc,,Plur,,-0.0640500787659557,O
se,PRON,P7-X4----------,expl:pass,Acc,,,,0.0698454398817636,O
hrají,VERB,VB-P---3P-AAI-1,acl:relcl,,,Plur,,0.0470815193055525,O
Ashes,PROPN,NNIS1-----A----,nsubj:pass,,,,,0.0104844026779565,O
–,PUNCT,Z:-------------,punct,,,,,-0.1886586613607161,O
Adelaide,X,F%-------------,appos,,,,,0.0315577756016399,O
Oval,X,F%-------------,flat:foreign,,,,,0.1201572096725356,O
",",PUNCT,Z:-------------,punct,,,,,0.1111618475737118,O
MCG,NOUN,BNXXX-----A----,conj,,,,,0.0792996173851083,O
",",PUNCT,Z:-------------,punct,,,,,-0.1923877777542918,O
SCG,NOUN,BNXXX-----A----,conj,,,,,0.1701558613263601,O
a,CCONJ,J^-------------,cc,,,,,-0.0063586908468928,O
Bellerive,X,F%-------------,conj,,,,,0.009400718543798,O
Oval,X,F%-------------,flat:foreign,,,,,0.0064656365954702,O
v,ADP,RR--6----------,case,Loc,,,,0.1131084300517628,O
Hobartu,PROPN,NNIS6-----A----,nmod,Loc,Masc,Sing,Inan,0.0006776474265805,B-gu
–,PUNCT,Z:-------------,punct,,,,,0.1075147078217289,O
poskytnou,VERB,VB-P---3P-AAP--,root,,,Plur,,0.315144126087104,O
síťové,ADJ,AANS4----1A----,amod,Acc,Neut,Sing,,0.0011441158830079,O
napájení,NOUN,NNNS4-----A----,obj,Acc,Neut,Sing,,0.0773216883329024,O
jako,SCONJ,"J,-------------",mark,,,,,0.051717233067234,O
zdroj,NOUN,NNIS4-----A----,xcomp,Acc,Masc,Sing,Inan,-0.0412801620396532,O
primárního,ADJ,AANS2----1A----,amod,Gen,Neut,Sing,,0.0297856759738177,O
napájení,NOUN,NNNS2-----A----,nmod,Gen,Neut,Sing,,0.0926821277127204,O
pro,ADP,RR--4----------,case,Acc,,,,0.2089348641029669,O
vysílací,ADJ,AAFP4----1A----,amod,Acc,Fem,Plur,,0.1995144061060102,O
stanice,NOUN,NNFP4-----A----,nmod,Acc,Fem,Plur,,-0.0687333452994102,O
a,CCONJ,J^-------------,cc,,,,,-0.0224935779907255,O
dieselový,ADJ,AAIS1----1A----,amod,Nom,Masc,Sing,Inan,0.124049674128915,O
generátor,NOUN,NNIS1-----A----,nsubj,Nom,Masc,Sing,Inan,-0.0163805614161512,O
bude,AUX,VB-S---3F-AAI--,aux,,,Sing,,0.0635957217749331,O
sloužit,VERB,Vf--------A-I--,conj,,,,,0.1282017185713294,O
jako,SCONJ,"J,-------------",mark,,,,,-0.0705630565558863,O
záložní,ADJ,AAIS1----1A----,xcomp,Nom,Masc,Sing,Inan,0.1699470188139485,O
.,PUNCT,Z:-------------,punct,,,,,0.2833314629443395,O
Dle,ADP,RR--2----------,case,Gen,,,,-0.0763286199042389,O
zahraničních,ADJ,AAMP2----1A----,amod,Gen,Masc,Plur,Anim,0.0768920278870751,O
korespondentů,NOUN,NNMP2-----A----,obl,Gen,Masc,Plur,Anim,0.0288235094738118,O
měla,VERB,VpQW----R-AAI--,root,,"Fem,Neut","Plur,Sing",,-0.0491231357145766,O
letošní,ADJ,AAFS1----1A----,amod,Nom,Fem,Sing,,-0.0595759967534889,O
akce,NOUN,NNFS1-----A----,nsubj,Nom,Fem,Sing,,-0.0115571274991922,O
o,ADP,RR--4----------,case,Acc,,,,0.0184761988025845,O
důvod,NOUN,NNIS4-----A----,obl,Acc,Masc,Sing,Inan,-0.0093462221002411,O
navíc,ADV,Db-------------,advmod,,,,,-0.0889899528016764,O
v,ADP,RR--6----------,case,Loc,,,,0.0105616736681026,O
podobě,NOUN,NNFS6-----A----,fixed,Loc,Fem,Sing,,0.1031021139519003,O
hněvu,NOUN,NNIS2-----A----,obl,Gen,Masc,Sing,Inan,0.0346956020755196,O
za,ADP,RR--4----------,case,Acc,,,,0.1084677464061142,O
to,DET,PDNS4----------,det,Acc,Neut,Sing,,-0.0457809995170843,O
",",PUNCT,Z:-------------,punct,,,,,0.7438557182884731,O
jakým,DET,P4ZS7----------,det,Ins,"Masc,Neut",Sing,,0.1945531864675169,O
způsobem,NOUN,NNIS7-----A----,obl,Ins,Masc,Sing,Inan,0.0716843876273254,O
policie,NOUN,NNFS1-----A----,nsubj,Nom,Fem,Sing,,0.0583626478019756,O
zasahuje,VERB,VB-S---3P-AAI--,acl,,,Sing,,0.0086430187432213,O
během,ADP,RR--2----------,case,Gen,,,,-0.0391387703651048,O
lockdownu,NOUN,NNIS2-----A----,obl,Gen,Masc,Sing,Inan,0.1488143468203067,O
v,ADP,RR--6----------,case,Loc,,,,-0.001000506717246,O
rámci,NOUN,NNIS6-----A----,fixed,Loc,Masc,Sing,Inan,0.0221677559612763,O
pandemie,NOUN,NNFS2-----A----,obl,Gen,Fem,Sing,,0.039197207233196,O
covid-19,NOUN,NNIS1-----A----,nmod,Nom,Masc,Sing,Inan,-0.0048815278693227,O
.,PUNCT,Z:-------------,punct,,,,,0.4092318832036682,O
Je,AUX,VB-S---3P-AAI--,cop,,,Sing,,0.0104274467867487,O
však,CCONJ,J^-------------,cc,,,,,-0.1694778720058717,O
lepší,ADJ,AANS1----2A----,root,Nom,Neut,Sing,,-0.0926130670002667,O
",",PUNCT,Z:-------------,punct,,,,,0.0959983735192359,O
když,SCONJ,"J,-------------",mark,,,,,0.1677264484850758,O
jsou,AUX,VB-P---3P-AAI--,csubj,,,Plur,,0.2487971828781824,O
v,ADP,RR--6----------,case,Loc,,,,-0.035324305495887,O
blízkosti,NOUN,NNFS6-----A----,obl,Loc,Fem,Sing,,-0.0424334449206139,O
vaší,DET,PSFS2-P2-------,det,Gen,Fem,Sing,,0.022376184881607,O
doručovací,ADJ,AAFS2----1A----,amod,Gen,Fem,Sing,,0.3199869425427761,O
adresy,NOUN,NNFS2-----A----,nmod,Gen,Fem,Sing,,0.4228380917145701,O
",",PUNCT,Z:-------------,punct,,,,,0.2828732248998974,O
můžete,VERB,VB-P---2P-AAI--,conj,,,Plur,,0.0751252754695558,O
je,PRON,PEXP4--3-------,obj,Acc,,Plur,,0.1241666604625621,O
namísto,ADP,RR--2----------,case,Gen,,,,0.1336543031918436,O
toho,DET,PDZS2----------,obl,Gen,"Masc,Neut",Sing,,0.5904927747326262,O
kontaktovat,VERB,Vf--------A-I--,xcomp,,,,,0.1203318535072985,O
.,PUNCT,Z:-------------,punct,,,,,-0.1423408659181054,O
Vícenásobný,ADJ,AAIS1----1A----,amod,Nom,Masc,Sing,Inan,0.5004721362379552,O
výběr,NOUN,NNIS1-----A----,root,Nom,Masc,Sing,Inan,-0.0224311018251526,O
poměru,NOUN,NNIS2-----A----,nmod,Gen,Masc,Sing,Inan,-0.0080639365446368,O
stran,NOUN,NNFP2-----A----,nmod,Gen,Fem,Plur,,-0.2183751446881986,O
-,PUNCT,Z:-------------,punct,,,,,0.2503456660948943,O
4x3,NUM,C=-------------,conj,,,,,0.0576044913193606,B-nc
nebo,CCONJ,J^-------------,cc,,,,,-0.0174284855745719,O
16x9,NUM,C=-------------,conj,,,,,0.0159955283372091,B-nc
",",PUNCT,Z:-------------,punct,,,,,-0.0240046015044083,O
anamorfní,ADJ,AANP1----1A----,amod,Nom,Neut,Plur,,0.0934598367964612,O
",",PUNCT,Z:-------------,punct,,,,,-0.0214083274203578,O
letterbox,NOUN,NNIS1-----A----,conj,Nom,Masc,Sing,Inan,0.0180828003200617,O
a,CCONJ,J^-------------,cc,,,,,-0.0166077547502252,O
uživatelsky,ADV,Dg-------1A----,advmod,,,,,-0.322624728300114,O
definovatelná,ADJ,AANP1----1A----,conj,Nom,Neut,Plur,,0.0915140747810395,O
nastavení,NOUN,NNNP1-----A----,conj,Nom,Neut,Plur,,-0.0676528718640304,O
.,PUNCT,Z:-------------,punct,,,,,0.0073314502206213,O
V,ADP,RR--6----------,case,Loc,,,,0.0794816084836479,O
jistém,ADJ,AAIS6----1A----,amod,Loc,Masc,Sing,Inan,0.0508293906001132,O
smyslu,NOUN,NNIS6-----A----,obl,Loc,Masc,Sing,Inan,0.1096949776140323,O
je,AUX,VB-S---3P-AAI--,cop,,,Sing,,-0.1052119936338112,O
to,DET,PDNS1----------,nsubj,Nom,Neut,Sing,,0.0453597655644035,O
jiné,ADJ,AANS1----1A----,ccomp,Nom,Neut,Sing,,-0.069798396819366,O
",",PUNCT,Z:-------------,punct,,,,,0.0263716995221345,O
protože,SCONJ,"J,-------------",mark,,,,,-0.1434645406626533,O
se,PRON,P7-X4----------,expl:pv,Acc,,,,0.1722691465583562,O
jednalo,VERB,VpNS----R-AAI--,advcl,,Neut,Sing,,0.1077421265451913,O
o,ADP,RR--4----------,case,Acc,,,,0.2014906610374433,O
chlór,NOUN,NNIS4-----A----,obl:arg,Acc,Masc,Sing,Inan,0.0509700989411856,O
.,PUNCT,Z:-------------,punct,,,,,0.2875541660275367,O
.,PUNCT,Z:-------------,punct,,,,,0.050198017840797,O
.,PUNCT,Z:-------------,punct,,,,,-0.0891677162551548,O
ale,CCONJ,J^-------------,cc,,,,,0.4089746913574556,O
vím,VERB,VB-S---1P-AAI--,conj,,,Sing,,-0.0995098872138572,O
",",PUNCT,Z:-------------,punct,,,,,0.0727836128265997,O
že,SCONJ,"J,-------------",mark,,,,,-0.0193756860394728,O
prezident,NOUN,NNMS1-----A----,nsubj,Nom,Masc,Sing,Anim,0.0303033149838157,O
Trump,PROPN,NNMS1-----A----,flat,Nom,Masc,Sing,Anim,0.1383607330565331,B-ps
jedná,VERB,VB-S---3P-AAI--,ccomp,,,Sing,,-0.3994923652977373,O
velmi,ADV,Db-------------,advmod,,,,,0.112441140321965,O
energicky,ADV,Dg-------1A----,advmod,,,,,0.1406137464218828,O
v,ADP,RR--6----------,case,Loc,,,,0.1503218571715859,O
otázce,NOUN,NNFS6-----A----,fixed,Loc,Fem,Sing,,0.146158243183034,O
ochrany,NOUN,NNFS2-----A----,obl,Gen,Fem,Sing,,-0.0154295720469299,O
světa,NOUN,NNIS2-----A----,nmod,Gen,Masc,Sing,Inan,0.0450814149487568,O
před,ADP,RR--7----------,case,Ins,,,,0.0241624999875656,O
používáním,NOUN,NNNS7-----A----,nmod,Ins,Neut,Sing,,0.072491095283067,O
chemických,ADJ,AAFP2----1A----,amod,Gen,Fem,Plur,,0.0393871930674234,O
zbraní,NOUN,NNFP2-----A----,nmod,Gen,Fem,Plur,,0.1189840819760593,O
",",PUNCT,Z:-------------,punct,,,,,0.1353736803001324,O
“,PUNCT,Z:-------------,punct,,,,,-0.131674558795965,O
řekl,VERB,VpYS----R-AAP--,root,,Masc,Sing,,-0.2370754817726731,O
Pompeo,PROPN,NNMS1-----A----,nsubj,Nom,Masc,Sing,Anim,0.1391475013059554,B-ps
.,PUNCT,Z:-------------,punct,,,,,-0.2460163242352918,O
Muž,NOUN,NNMS1-----A----,nsubj,Nom,Masc,Sing,Anim,0.1602500998267547,O
oblečený,ADJ,AAMS1----1A----,amod,Nom,Masc,Sing,Anim,0.1892171436034178,O
v,ADP,RR--6----------,case,Loc,,,,-0.0178003557767638,O
listnatém,ADJ,AAIS6----1A----,amod,Loc,Masc,Sing,Inan,-0.026679761704681,O
maskovacím,ADJ,AAIS6----1A----,amod,Loc,Masc,Sing,Inan,0.0517533955470732,O
obleku,NOUN,NNIS6-----A----,obl,Loc,Masc,Sing,Inan,-0.0994190051913021,O
Ghillie,PROPN,NNFXX-----A----,flat,,Fem,,,-0.0062206284373689,B-p_
popadl,VERB,VpYS----R-AAP-1,root,,Masc,Sing,,0.1562405160045326,O
zezadu,ADV,Db-------------,advmod,,,,,0.3981283657062197,O
tehdy,ADV,Db-------------,advmod,,,,,0.0677167537351787,O
dvanáctiletou,ADJ,AAFS4----1A----,amod,Acc,Fem,Sing,,0.1444144142792561,O
dívku,NOUN,NNFS4-----A----,obj,Acc,Fem,Sing,,0.1482436403750524,O
a,CCONJ,J^-------------,cc,,,,,-0.0549560339116209,O
zatáhl,VERB,VpYS----R-AAP--,conj,,Masc,Sing,,0.0626136617568742,O
ji,PRON,PEFS4--3-------,obj,Acc,Fem,Sing,,-0.0460228539924513,O
do,ADP,RR--2----------,case,Gen,,,,0.0653056988953789,O
buše,NOUN,NNFS2-----A----,obl,Gen,Fem,Sing,,0.0396997664439056,O
",",PUNCT,Z:-------------,punct,,,,,0.3092825412630847,O
když,SCONJ,"J,-------------",mark,,,,,-0.256633881603911,O
v,ADP,RR--6----------,case,Loc,,,,0.0045077297007855,O
květnu,NOUN,NNIS6-----A----,obl,Loc,Masc,Sing,Inan,0.1292420446856918,B-T|B-tm
2017,NUM,C=-------------,nummod,,,,,0.1352819501986557,I-T|B-ty
mířila,VERB,VpQW----R-AAI--,advcl,,"Fem,Neut","Plur,Sing",,0.1454965001291862,O
do,ADP,RR--2----------,case,Gen,,,,0.0247655857922739,O
školy,NOUN,NNFS2-----A----,obl,Gen,Fem,Sing,,0.02864125012876,O
na,ADP,RR--6----------,case,Loc,,,,0.0653271309318533,O
státním,ADJ,AANS6----1A----,amod,Loc,Neut,Sing,,-0.0051566785848511,O
Central,X,F%-------------,nmod,,,,,0.0838142357362019,B-gr
Coast,X,F%-------------,flat:foreign,,,,,0.0790798273287397,I-gr
.,PUNCT,Z:-------------,punct,,,,,0.4172627235553705,O
Zpráva,NOUN,NNFS1-----A----,nsubj,Nom,Fem,Sing,,0.4739214727797178,O
odhaduje,VERB,VB-S---3P-AAI--,root,,,Sing,,0.0240354346694912,O
",",PUNCT,Z:-------------,punct,,,,,0.0448706961580604,O
že,SCONJ,"J,-------------",mark,,,,,-0.0348670765882475,O
počet,NOUN,NNIS1-----A----,nsubj,Nom,Masc,Sing,Inan,-0.0299997421858691,O
členů,NOUN,NNMP2-----A----,nmod,Gen,Masc,Plur,Anim,-0.0043799065826007,O
IS,NOUN,BNXXX-----A----,nmod,,,,,0.0933776664616658,B-io
v,ADP,RR--6----------,case,Loc,,,,-0.050333091673467,O
Afghánistánu,PROPN,NNIS6-----A----,nmod,Loc,Masc,Sing,Inan,0.0720104247081364,B-gc
činí,VERB,VB-S---3P-AAI--,ccomp,,,Sing,,-0.0437421670430154,O
2,NUM,C=-------------,compound,,,,,0.1208753191598696,B-nc
200,NUM,C=-------------,obj,,,,,-0.1850960474670051,I-nc
",",PUNCT,Z:-------------,punct,,,,,0.3746952095549513,O
a,CCONJ,J^-------------,cc,,,,,0.0474845044332845,O
jakkoliv,ADV,Db-------------,advmod,,,,,0.0463272926437292,O
bylo,AUX,VpNS----R-AAI--,aux:pass,,Neut,Sing,,0.2211490412400601,O
jeho,DET,P9XXXZS3-------,det,,,,,-0.1042917208586241,O
vedení,NOUN,NNNS1-----A----,nsubj:pass,Nom,Neut,Sing,,-0.1599715090749445,O
zlikvidováno,ADJ,VsNS----X-APP--,advcl,,Neut,Sing,,0.0313147784760471,O
",",PUNCT,Z:-------------,punct,,,,,0.0553205173384735,O
IS,NOUN,BNXXX-----A----,nsubj,,,,,0.1021723834683525,B-io
stále,ADV,Dg-------1A----,advmod,,,,,-0.1812561393053967,O
uvádí,VERB,VB-S---3P-AAI--,conj,,,Sing,,0.0415840872761507,O
jako,SCONJ,"J,-------------",mark,,,,,0.0857655571182724,O
jednoho,NUM,CnMS4----------,xcomp,Acc,Masc,Sing,Anim,-0.0359329635267427,O
ze,ADP,RV--2----------,case,Gen,,,,0.0262139608178653,O
svých,DET,P8XP2----------,det,Gen,,Plur,,-0.120725066038761,O
vůdců,NOUN,NNMP2-----A----,nmod,Gen,Masc,Plur,Anim,0.0156075073811909,O
Syřana,PROPN,NNMS4-----A----,obj,Acc,Masc,Sing,Anim,0.0877033243913475,B-pc
Abú,PROPN,NNMXX-----A----,flat,,Masc,,Anim,0.1930969092774854,B-P
Saida,PROPN,NNMS4-----A----,flat,Acc,Masc,Sing,Anim,0.2680827547079926,I-P
Mohameda,PROPN,NNMS4-----A----,flat,Acc,Masc,Sing,Anim,0.1723570481734291,I-P
al-Khorasáního,PROPN,NNMS4-----A----,flat,Acc,Masc,Sing,Anim,0.0890161717005908,I-P
.,PUNCT,Z:-------------,punct,,,,,0.0687502272202828,O
Nezískal,VERB,VpYS----R-NAP--,root,,Masc,Sing,,0.314698621274647,O
si,PRON,P7--3----------,obl,Dat,,,,0.0190541582246002,O
přízeň,NOUN,NNFS4-----A----,obj,Acc,Fem,Sing,,0.062923958785288,O
nikoho,PRON,PY--2----------,nmod,Gen,,,Anim,-0.0803156566946105,O
z,ADP,RR--2----------,case,Gen,,,,-0.2568455392108318,O
Blacklivesmatter,PROPN,F%-------------,nmod,,,,,0.1827737667077187,B-io
.,PUNCT,Z:-------------,punct,,,,,0.6833224651148695,O
Naše,DET,PSHS1-P1-------,det,Nom,"Fem,Neut",Sing,,0.9080525416198238,O
nabídka,NOUN,NNFS1-----A----,nsubj,Nom,Fem,Sing,,0.050108117987046,O
zahrnuje,VERB,VB-S---3P-AAI--,root,,,Sing,,0.2235405261564223,O
prsteny,NOUN,NNIP4-----A----,obj,Acc,Masc,Plur,Inan,-0.0091916111828606,O
",",PUNCT,Z:-------------,punct,,,,,0.0196843481236706,O
náušnice,NOUN,NNFP4-----A----,conj,Acc,Fem,Plur,,0.0867589073922806,O
",",PUNCT,Z:-------------,punct,,,,,0.124848048683586,O
přívěsky,NOUN,NNIP4-----A----,conj,Acc,Masc,Plur,Inan,0.0508982950982863,O
a,CCONJ,J^-------------,cc,,,,,-0.0150754366256111,O
mangalsutry,NOUN,NNIP4-----A----,conj,Acc,Masc,Plur,Inan,0.1315132318836462,O
.,PUNCT,Z:-------------,punct,,,,,-0.1056355997376879,O
Základna,NOUN,NNFS1-----A----,nsubj,Nom,Fem,Sing,,0.110282554466256,O
se,PRON,P7-X4----------,expl:pv,Acc,,,,0.3216888164442331,O
již,ADV,Db-------------,advmod,,,,,-0.1344881176089352,O
stala,VERB,VpQW----R-AAP--,root,,"Fem,Neut","Plur,Sing",,-0.0355996196879892,O
centrem,NOUN,NNNS7-----A----,obl:arg,Ins,Neut,Sing,,0.0390702102068688,O
zvýšené,ADJ,AAFS2----1A----,amod,Gen,Fem,Sing,,0.0526209395983073,O
aktivity,NOUN,NNFS2-----A----,nmod,Gen,Fem,Sing,,-0.0403799519968519,O
NATO,PROPN,BNXXX-----A----,nmod,,,,,-0.0571344342639135,B-io
v,ADP,RR--6----------,case,Loc,,,,0.028793974745188,O
Černém,ADJ,AANS6----1A----,amod,Loc,Neut,Sing,,0.0219848138513452,B-gh
moři,NOUN,NNNS6-----A----,nmod,Loc,Neut,Sing,,-0.0044063639215681,I-gh
",",PUNCT,Z:-------------,punct,,,,,0.1190097478826603,O
které,DET,P4NS1----------,nsubj,Nom,Neut,Sing,,0.024594862388069,O
se,PRON,P7-X4----------,expl:pv,Acc,,,,0.0517898521049965,O
stalo,VERB,VpNS----R-AAP--,acl:relcl,,Neut,Sing,,0.0037356271424498,O
klíčovou,ADJ,AAFS7----1A----,amod,Ins,Fem,Sing,,0.0346891490786038,O
oblastí,NOUN,NNFS7-----A----,obl:arg,Ins,Fem,Sing,,0.0721466856114336,O
napětí,NOUN,NNNS2-----A----,nmod,Gen,Neut,Sing,,-0.2102184671581114,O
mezi,ADP,RR--7----------,case,Ins,,,,0.0899143703655312,O
Ruskem,PROPN,NNNS7-----A----,nmod,Ins,Neut,Sing,,0.022500910931525,B-gc
a,CCONJ,J^-------------,cc,,,,,-0.0338338994225394,O
Západem,NOUN,NNIS7-----A----,conj,Ins,Masc,Sing,Inan,0.0561692540753585,B-gr
.,PUNCT,Z:-------------,punct,,,,,0.177654179853831,O
Po,ADP,RR--6----------,case,Loc,,,,-0.0012429587252818,O
Moskvě,PROPN,NNFS6-----A----,obl,Loc,Fem,Sing,,0.0038105020929953,B-gu
anektovalo,VERB,VpNS----R-AAB--,root,,Neut,Sing,,0.0617289132400228,O
Krym,PROPN,NNIS4-----A----,obj,Acc,Masc,Sing,Inan,-0.0189734023309707,B-gr
z,ADP,RR--2----------,case,Gen,,,,-0.0696028032884852,O
Ukrajiny,PROPN,NNFS2-----A----,obl,Gen,Fem,Sing,,0.0289732238857979,B-gc
v,ADP,RR--6----------,case,Loc,,,,-0.030849367533692,O
roce,NOUN,NNIS6-----A---1,obl,Loc,Masc,Sing,Inan,0.0153829532223829,O
2014,NUM,C=-------------,nummod,,,,,0.1126362170350851,B-ty
",",PUNCT,Z:-------------,punct,,,,,0.176958597223322,O
Kreml,PROPN,NNIS1-----A----,nsubj,Nom,Masc,Sing,Inan,-0.060218820780731,B-gu
začal,VERB,VpYS----R-AAP--,conj,,Masc,Sing,,-0.2053252936558203,O
zvyšovat,VERB,Vf--------A-I--,xcomp,,,,,0.0438528727258469,O
svou,DET,P8FS4---------1,det,Acc,Fem,Sing,,0.0115073750814872,O
námořní,ADJ,AAFS4----1A----,amod,Acc,Fem,Sing,,0.0281645844991011,O
přítomnost,NOUN,NNFS4-----A----,obj,Acc,Fem,Sing,,0.0084641172770292,O
v,ADP,RR--6----------,case,Loc,,,,0.0419211075029215,O
Černém,ADJ,AANS6----1A----,amod,Loc,Neut,Sing,,0.0184855405242292,B-gl
Moři,NOUN,NNNS6-----A----,nmod,Loc,Neut,Sing,,0.0017842235083421,I-gl
",",PUNCT,Z:-------------,punct,,,,,0.0208740423664167,O
pomocí,ADP,RR--2----------,case,Gen,,,,-0.0552954470142603,O
hlubinných,ADJ,AAFP2----1A----,amod,Gen,Fem,Plur,,-0.0135343794851275,O
základny,NOUN,NNFP2-----A----,obl,Gen,Fem,Plur,,0.0517762234463774,O
v,ADP,RR--6----------,case,Loc,,,,0.012265118868554,O
Sevastopolu,PROPN,NNIS6-----A----,nmod,Loc,Masc,Sing,Inan,0.0405239650615094,B-gu
provádět,VERB,Vf--------A-I--,conj,,,,,0.0128549658710297,O
námořní,ADJ,AAFP4----1A----,amod,Acc,Fem,Plur,,-0.0213854012715055,O
mise,NOUN,NNFP4-----A----,obj,Acc,Fem,Plur,,-0.1572075052536547,O
v,ADP,RR--6----------,case,Loc,,,,-0.0032748381371054,O
Sýrii,PROPN,NNFS6-----A----,nmod,Loc,Fem,Sing,,0.0281425539664706,B-gc
.,PUNCT,Z:-------------,punct,,,,,0.2480929736104616,O
Rusko,PROPN,NNNS1-----A----,nsubj,Nom,Neut,Sing,,0.0462735463676187,B-gc
také,ADV,Db-------------,advmod,,,,,-0.0646502006068964,O
brání,VERB,VB-S---3P-AAI--,root,,,Sing,,0.0068100455221601,O
lodní,ADJ,AAFS3----1A----,amod,Dat,Fem,Sing,,0.0007904593250023,O
dopravě,NOUN,NNFS3-----A----,obl:arg,Dat,Fem,Sing,,0.0281997557814444,O
v,ADP,RR--6----------,case,Loc,,,,0.0511461620248654,O
regionu,NOUN,NNIS6-----A----,nmod,Loc,Masc,Sing,Inan,0.0055802611062584,O
a,CCONJ,J^-------------,cc,,,,,-0.2214904133183179,O
v,ADP,RR--6----------,case,Loc,,,,0.0314127050135946,O
loňském,ADJ,AAIS6----1A----,amod,Loc,Masc,Sing,Inan,0.0241047094629302,O
roce,NOUN,NNIS6-----A---1,obl,Loc,Masc,Sing,Inan,0.0333110575376128,O
obsadilo,VERB,VpNS----R-AAP--,conj,,Neut,Sing,,0.0073518716286347,O
tři,NUM,Cl-P4----------,nummod,Acc,,Plur,,-0.0726779874593773,O
ukrajinské,ADJ,AAFP4----1A----,amod,Acc,Fem,Plur,,0.059272749208814,O
lodě,NOUN,NNFP4-----A----,obj,Acc,Fem,Plur,,0.0179168830312803,O
v,ADP,RR--6----------,case,Loc,,,,0.1128038388536546,O
Kerčském,ADJ,AAIS6----1A----,amod,Loc,Masc,Sing,Inan,0.0993757773365723,B-gh
průlivu,NOUN,NNIS6-----A----,nmod,Loc,Masc,Sing,Inan,-0.0079031790962494,I-gh
.,PUNCT,Z:-------------,punct,,,,,0.0320419720729511,O
Na,ADP,RR--4----------,case,Acc,,,,0.0091304495224488,O
okamžik,NOUN,NNIS4-----A----,obl,Acc,Masc,Sing,Inan,0.2205671341268969,O
se,PRON,P7-X4----------,expl:pv,Acc,,,,0.0249484765335639,O
objevila,VERB,VpQW----R-AAP--,root,,"Fem,Neut","Plur,Sing",,-0.025503828544959,O
v,ADP,RR--6----------,case,Loc,,,,0.0450433417521039,O
nebezpečí,NOUN,NNNS6-----A----,obl,Loc,Neut,Sing,,-0.0123453445927707,O
",",PUNCT,Z:-------------,punct,,,,,0.1478800848492513,O
Brazilka,PROPN,NNFS1-----A----,nsubj,Nom,Fem,Sing,,0.1469213205100813,B-pc
pak,ADV,Db-------------,advmod,,,,,-0.1090399150276276,O
znovu,ADV,Db-------------,advmod,,,,,0.0667669535482327,O
získala,VERB,VpQW----R-AAP--,conj,,"Fem,Neut","Plur,Sing",,0.0974460715802111,O
kontrolu,NOUN,NNFS4-----A----,obj,Acc,Fem,Sing,,0.0825335731144796,O
",",PUNCT,Z:-------------,punct,,,,,0.0383175412746257,O
aby,AUX,Vc-------------,aux,,,,,0.0440174161464441,O
hrozbu,NOUN,NNFS4-----A----,obj,Acc,Fem,Sing,,0.3956333944357747,O
zadusila,VERB,VpQW----R-AAP--,advcl,,"Fem,Neut","Plur,Sing",,0.2918413035814367,O
a,CCONJ,J^-------------,cc,,,,,-0.1743473167101584,O
Kianzadovou,PROPN,NNFS4-----A----,obj,Acc,Fem,Sing,,0.1957557638930275,B-ps
podpořila,VERB,VpQW----R-AAP--,conj,,"Fem,Neut","Plur,Sing",,0.1611831993038627,O
ještě,ADV,Db-------------,advmod:emph,,,,,-0.2191507510709067,O
před,ADP,RR--7----------,case,Ins,,,,-0.259691596074975,O
samotným,ADJ,AAIS7----1A----,amod,Ins,Masc,Sing,Inan,0.0243954464473502,O
koncem,NOUN,NNIS7-----A----,obl,Ins,Masc,Sing,Inan,0.0550940932742922,O
kola,NOUN,NNNS2-----A----,nmod,Gen,Neut,Sing,,0.2491712274320982,O
.,PUNCT,Z:-------------,punct,,,,,0.1745386397826417,O
Po,ADP,RR--6----------,case,Loc,,,,0.735298780190209,O
debaklu,NOUN,NNIS6-----A----,obl,Loc,Masc,Sing,Inan,0.2636624549966848,O
WeWorku,PROPN,NNIS2-----A----,nmod,Gen,Masc,Sing,Inan,0.2959019021802657,B-if
zbrzdí,VERB,VB-S---3P-AAP--,root,,,Sing,,0.2181264354393382,O
trh,NOUN,NNIS4-----A----,obj,Acc,Masc,Sing,Inan,-0.0596671184810369,O
IPO,NOUN,BNXXX-----A----,nsubj,,,,,0.108725788218658,B-if
nerentabilní,ADJ,AAFS2----1N----,amod,Gen,Fem,Sing,,0.2462942904670534,O
společnosti,NOUN,NNFS2-----A----,nmod,Gen,Fem,Sing,,0.1163383666939054,O
Nicméně,CCONJ,J^-------------,cc,,,,,0.0312585310200729,O
doporučuji,VERB,VB-S---1P-AAI-1,root,,,Sing,,0.2855226273326145,O
",",PUNCT,Z:-------------,punct,,,,,0.0974112532172393,O
abyste,AUX,Vc-P---2-------,aux,,,Plur,,0.1792895424746515,O
jej,PRON,PEZS4--3------2,obj,Acc,"Masc,Neut",Sing,,-0.1964835480876113,O
resetovali,VERB,VpMP----R-AAI--,ccomp,,Masc,Plur,Anim,-0.0487268815045111,O
ze,ADP,RV--2----------,case,Gen,,,,0.0535346821285842,O
svého,DET,P8ZS2----------,det,Gen,"Masc,Neut",Sing,,-0.1458948986642927,O
počítače,NOUN,NNIS2-----A----,obl,Gen,Masc,Sing,Inan,0.0552783411985714,O
",",PUNCT,Z:-------------,punct,,,,,0.3843918443541192,O
i,CCONJ,J^-------------,mark,,,,,0.0801150364946476,O
když,SCONJ,"J,-------------",fixed,,,,,0.1281659436651366,O
jste,AUX,VB-P---2P-AAI--,cop,,,Plur,,-0.0685540417462063,O
přihlášeni,ADJ,VsMP----X-APP--,advcl,,Masc,Plur,Anim,0.0054160599549277,O
na,ADP,RR--6----------,case,Loc,,,,0.0585439120421343,O
svém,DET,P8ZS6----------,det,Loc,"Masc,Neut",Sing,,-0.0063291897174771,O
počítači,NOUN,NNIS6-----A----,obl,Loc,Masc,Sing,Inan,0.1051092725013374,O
",",PUNCT,Z:-------------,punct,,,,,0.2171799162188953,O
je,AUX,VB-S---3P-AAI--,conj,,,Sing,,-0.0427831731429487,O
to,DET,PDNS1----------,nsubj,Nom,Neut,Sing,,0.1322707265495426,O
pro,ADP,RR--4----------,case,Acc,,,,0.0241484187638609,O
vás,PRON,PP-P4--2-------,obl,Acc,,Plur,,0.0762199909543776,O
",",PUNCT,Z:-------------,punct,,,,,0.0461165447360563,O
abyste,AUX,Vc-P---2-------,aux,,,Plur,,0.1584466506943017,O
si,PRON,P7--3----------,expl:pv,Dat,,,,0.0331506515342867,O
pamatovali,VERB,VpMP----R-AAI--,advcl,,Masc,Plur,Anim,0.227682941706073,O
své,DET,P8NS4---------1,det,Acc,Neut,Sing,,0.088172901968834,O
heslo,NOUN,NNNS4-----A----,obj,Acc,Neut,Sing,,-0.1250835395566891,O
",",PUNCT,Z:-------------,punct,,,,,0.073124769344045,O
protože,SCONJ,"J,-------------",mark,,,,,-0.2970331745954566,O
tyto,DET,PDFP1----------,det,Nom,Fem,Plur,,0.3440359709764848,O
informace,NOUN,NNFP1-----A----,nsubj,Nom,Fem,Plur,,-0.2489647468181178,O
jsou,AUX,VB-P---3P-AAI--,cop,,,Plur,,-0.1582306354078471,O
důležité,ADJ,AAFP1----1A----,advcl,Nom,Fem,Plur,,-0.0504362563824466,O
pro,ADP,RR--4----------,case,Acc,,,,0.1468010059803638,O
zapamatování,NOUN,NNNS4-----A----,obl,Acc,Neut,Sing,,0.1387896881899594,O
Takže,SCONJ,"J,-------------",mark,,,,,0.5580008242764467,O
jaká,DET,P4FS1----------,root,Nom,Fem,Sing,,0.0157119708612628,O
byla,AUX,VpQW----R-AAI--,cop,,"Fem,Neut","Plur,Sing",,-0.0993634822866634,O
odezva,NOUN,NNFS1-----A----,nsubj,Nom,Fem,Sing,,0.4157602693445769,O
staré,ADJ,AAFS2----1A----,amod,Gen,Fem,Sing,,0.4725208085005545,O
party‘,NOUN,NNFS2-----A----,nmod,Gen,Fem,Sing,,-0.0767399776889856,O
?,PUNCT,Z:-------------,punct,,,,,0.0774093582232356,O
Uvolněte,VERB,Vi-P---2--A-P--,root,,,Plur,,0.040661488890512,O
stisk,NOUN,NNIS4-----A----,obj,Acc,Masc,Sing,Inan,0.3132907026129812,O
tlačítka,NOUN,NNNS2-----A----,nmod,Gen,Neut,Sing,,0.5027543124552094,O
.,PUNCT,Z:-------------,punct,,,,,0.453091120666671,O
Zřejmě,ADV,Dg-------1A----,advmod,,,,,-0.0592530386716939,O
před,ADP,RR--7----------,case,Ins,,,,-0.2165682605699112,O
vystoupením,NOUN,NNNS7-----A----,obl,Ins,Neut,Sing,,0.1018424746633386,O
byl,AUX,VpYS----R-AAI--,root,,Masc,Sing,,-0.0172167594445561,O
u,ADP,RR--2----------,case,Gen,,,,-0.0376697139729724,O
doktora,NOUN,NNMS2-----A----,obl,Gen,Masc,Sing,Anim,0.0008006185189389,O
",",PUNCT,Z:-------------,punct,,,,,-0.0920052922296544,O
a,CCONJ,J^-------------,cc,,,,,0.038734786610733,O
víte,VERB,VB-P---2P-AAI--,advcl,,,Plur,,0.2375103831227466,O
",",PUNCT,Z:-------------,punct,,,,,0.1875306090586899,O
během,ADP,RR--2----------,case,Gen,,,,-0.160424047735614,O
tohoto,DET,PDZS2----------,det,Gen,"Masc,Neut",Sing,,-0.1356284697235606,O
turné,NOUN,NNNXX-----A----,obl,,Neut,,,0.1076800491809174,O
zpíval,VERB,VpYS----R-AAI--,conj,,Masc,Sing,,0.1644964415879654,O
tak,ADV,Db-------------,advmod,,,,,-0.1238329669212169,O
kurevsky,ADV,Dg-------1A----,advmod,,,,,0.1966708020721281,O
skvěle,ADV,Dg-------1A----,advmod,,,,,-0.0844689271465317,O
.,PUNCT,Z:-------------,punct,,,,,-0.0876632722747398,O
nevím,VERB,VB-S---1P-NAI--,root,,,Sing,,-0.2749166052482639,O
",",PUNCT,Z:-------------,punct,,,,,0.035449563063506,O
co,PRON,PQ--1----------,nsubj,Nom,,,Inan,0.234386633463643,O
se,PRON,P7-X4----------,expl:pv,Acc,,,,0.1510331855680244,O
to,DET,PDNS1----------,discourse,Nom,Neut,Sing,,0.0126431285264071,O
kurva,NOUN,NNFS1-----A----,nsubj,Nom,Fem,Sing,,-0.0299226894705924,O
děje,VERB,VB-S---3P-AAI--,ccomp,,,Sing,,0.0786345094683298,O
.,PUNCT,Z:-------------,punct,,,,,0.1254949097698089,O
byl,AUX,VpYS----R-AAI--,root,,Masc,Sing,,0.0699174086768593,O
na,ADP,RR--6----------,case,Loc,,,,0.0507197397234102,O
vrcholu,NOUN,NNIS6-----A----,obl,Loc,Masc,Sing,Inan,-0.0615431074826752,O
své,DET,P8FS2---------1,det,Gen,Fem,Sing,,-0.0572585049186497,O
hry,NOUN,NNFS2-----A----,nmod,Gen,Fem,Sing,,0.1358025933636963,O
.,PUNCT,Z:-------------,punct,,,,,0.2269328864878746,O
Princ,NOUN,NNMS1-----A----,nsubj,Nom,Masc,Sing,Anim,0.2407755602833876,O
Harry,PROPN,NNMS1-----A----,flat,Nom,Masc,Sing,Anim,0.149003252182784,B-pf
prochází,VERB,VB-S---3P-AAI--,root,,,Sing,,-0.189019466480672,O
přes,ADP,RR--4----------,case,Acc,,,,0.132821243765482,O
angolské,ADJ,AANS4----1A----,amod,Acc,Neut,Sing,,0.2414318866379602,O
minové,ADJ,AANS4----1A----,amod,Acc,Neut,Sing,,0.1772733991564226,O
pole,NOUN,NNNS4-----A----,obl,Acc,Neut,Sing,,-0.6407841098975748,O
",",PUNCT,Z:-------------,punct,,,,,-0.0350687275886046,O
aby,AUX,Vc-------------,aux,,,,,-0.184904048012247,O
se,PRON,P7--4----------,obj,Acc,,,,-0.2231621277950493,O
znovu,ADV,Db-------------,advmod,,,,,-0.0706858751124104,O
spojil,VERB,VpYS----R-AAP--,advcl,,Masc,Sing,,0.086092340572129,O
s,ADP,RR--7----------,case,Ins,,,,-0.1410766961224686,O
odkazem,NOUN,NNIS7-----A----,obl:arg,Ins,Masc,Sing,Inan,0.0008716739159156,O
prince,NOUN,NNMS2-----A----,nmod,Gen,Masc,Sing,Anim,-0.1973413941247434,O
Diany,PROPN,NNFS2-----A----,flat,Gen,Fem,Sing,,-0.0375320014554066,B-pf
Antonio,PROPN,NNMS1-----A----,nsubj,Nom,Masc,Sing,Anim,0.0182287158596928,B-P|B-pf
Brown,PROPN,NNMS1-----A----,flat,Nom,Masc,Sing,Anim,0.0503598511755603,I-P|B-ps
říká,VERB,VB-S---3P-AAI--,root,,,Sing,,0.3453092603838846,O
",",PUNCT,Z:-------------,punct,,,,,0.5053493192598136,O
že,SCONJ,"J,-------------",mark,,,,,0.2646806335067319,O
není,AUX,VB-S---3P-NAI--,cop,,,Sing,,0.3520601143951513,O
připravený,ADJ,AAMS1----1A----,ccomp,Nom,Masc,Sing,Anim,0.2230937901284254,O
na,ADP,RR--4----------,case,Acc,,,,0.1832936076856973,O
odchod,NOUN,NNIS4-----A----,obl:arg,Acc,Masc,Sing,Inan,-0.0404409628158033,O
do,ADP,RR--2----------,case,Gen,,,,-0.1199344174101065,O
penze,NOUN,NNFS2-----A----,nmod,Gen,Fem,Sing,,-0.2018747052508197,O
Přepínání,NOUN,NNNS1-----A----,nsubj,Nom,Neut,Sing,,0.1401729999948618,O
Fade-Thru-Black,X,F%-------------,flat:foreign,,,,,0.1339458779219152,O
(,PUNCT,Z:-------------,punct,,,,,0.115097695922784,O
FTBTM,NOUN,BNXXX-----A----,appos,,,,,0.0252397401358488,O
),PUNCT,Z:-------------,punct,,,,,0.0358688408958679,O
-,PUNCT,Z:-------------,punct,,,,,0.3354409772969433,O
video,NOUN,NNNS1-----A----,appos,Nom,Neut,Sing,,0.2114477739014629,O
a,CCONJ,J^-------------,cc,,,,,0.1710635737822628,O
nový,ADJ,AAIS1----1A----,amod,Nom,Masc,Sing,Inan,-0.2543928079380915,O
vstup,NOUN,NNIS1-----A----,conj,Nom,Masc,Sing,Inan,0.0407156110234339,O
mizí,VERB,VB-S---3P-AAI--,root,,,Sing,,0.0619776724551576,O
z,ADP,RR--2----------,case,Gen,,,,-0.0438781443529035,O
černé,ADJ,AAFS2----1A----,dep,Gen,Fem,Sing,,-0.0016127848771921,O
",",PUNCT,Z:-------------,punct,,,,,0.0859205948550762,O
takže,SCONJ,"J,-------------",mark,,,,,0.0828053994793373,O
přepínání,NOUN,NNNS1-----A----,nsubj,Nom,Neut,Sing,,0.0407316564096515,O
je,AUX,VB-S---3P-AAI--,cop,,,Sing,,-0.0568046787829385,O
plynulé,ADJ,AANS1----1A----,advcl,Nom,Neut,Sing,,0.0119255178824567,O
a,CCONJ,J^-------------,cc,,,,,-0.0212954645857747,O
bez,ADP,RR--2----------,case,Gen,,,,0.0316150575768617,O
závad,NOUN,NNFP2-----A----,conj,Gen,Fem,Plur,,0.0871658468680725,O
.,PUNCT,Z:-------------,punct,,,,,-0.3911503528332133,O
Stačí,VERB,VB-S---3P-AAI--,root,,,Sing,,-0.0170550069662486,O
dát,VERB,Vf--------A-P--,csubj,,,,,-0.4583729866150198,O
limit,NOUN,NNIS4-----A----,obj,Acc,Masc,Sing,Inan,-0.2362400005451937,O
na,ADP,RR--4----------,case,Acc,,,,-0.2250697324830397,O
verze,NOUN,NNFP4-----A----,nmod,Acc,Fem,Plur,,0.0583831375703262,O
iOS,NOUN,BNXXX-----A----,nmod,,,,,-0.2539810763874697,O
",",PUNCT,Z:-------------,punct,,,,,0.3058167813986412,O
které,DET,P4FP4----------,obj,Acc,Fem,Plur,,0.1081970834654804,O
apka,NOUN,NNFS1-----A----,nsubj,Nom,Fem,Sing,,-0.0126570080615953,O
podporuje,VERB,VB-S---3P-AAI--,acl:relcl,,,Sing,,-0.0348320473270187,O
a,CCONJ,J^-------------,cc,,,,,-0.1130688494680791,O
pak,ADV,Db-------------,advmod,,,,,-0.056672777924965,O
jenom,ADV,Db-------------,advmod:emph,,,,,0.1221412730361772,O
stačí,VERB,VB-S---3P-AAI--,conj,,,Sing,,0.151482693053064,O
provést,VERB,Vf--------A-P--,csubj,,,,,0.0594450096520778,O
aktualizace,NOUN,NNFP4-----A----,obj,Acc,Fem,Plur,,0.0598819688699274,O
pro,ADP,RR--4----------,case,Acc,,,,0.1323783173787788,O
zařízení,NOUN,NNNS4-----A----,nmod,Acc,Neut,Sing,,-0.0115869323079175,O
",",PUNCT,Z:-------------,punct,,,,,0.2654561057466421,O
které,DET,P4NS1----------,nsubj,Nom,Neut,Sing,,0.0940260549528918,O
má,VERB,VB-S---3P-AAI--,acl:relcl,,,Sing,,0.1301362489712612,O
nejnovější,ADJ,AAFS4----3A----,amod,Acc,Fem,Sing,,0.0955185441190481,O
kompatibilní,ADJ,AAFS4----1A----,amod,Acc,Fem,Sing,,0.0450459903128152,O
verzi,NOUN,NNFS4-----A----,obj,Acc,Fem,Sing,,0.0069200759438926,O
iOS,NOUN,BNXXX-----A----,nmod,,,,,0.1310896440976486,O
.,PUNCT,Z:-------------,punct,,,,,-0.3273868862403147,O
Máte,VERB,VB-P---2P-AAI--,root,,,Plur,,-0.3395738282881625,O
pravdu,NOUN,NNFS4-----A----,obj,Acc,Fem,Sing,,0.0200931028751059,O
",",PUNCT,Z:-------------,punct,,,,,0.4184514856966312,O
že,SCONJ,"J,-------------",mark,,,,,0.3364319950625482,O
naše,DET,PSHS1-P1-------,det,Nom,"Fem,Neut",Sing,,-0.2593655489851845,O
společnost,NOUN,NNFS1-----A----,nsubj,Nom,Fem,Sing,,-0.1507989804962666,O
by,AUX,Vc----------I--,aux,,,,,0.1489625443465405,O
si,PRON,P7--3----------,expl:pv,Dat,,,,0.054687680779933,O
měla,VERB,VpQW----R-AAI--,acl,,"Fem,Neut","Plur,Sing",,0.0216076732214945,O
víc,ADV,Dg-------2A---1,advmod,,,,,-0.1794196242203613,O
cenit,VERB,Vf--------A-I--,xcomp,,,,,-0.0458626633077081,O
lidského,ADJ,AAIS2----1A----,amod,Gen,Masc,Sing,Inan,0.383838525559518,O
života,NOUN,NNIS2-----A----,obl:arg,Gen,Masc,Sing,Inan,-0.0771979510471245,O
.,PUNCT,Z:-------------,punct,,,,,0.3355804724747196,O
Tesla,PROPN,NNFS1-----A----,nsubj,Nom,Fem,Sing,,-0.1043449856600665,B-if
reagovala,VERB,VpQW----R-AAI--,root,,"Fem,Neut","Plur,Sing",,0.0901626312816827,O
na,ADP,RR--4----------,case,Acc,,,,0.2279402780535697,O
zprávu,NOUN,NNFS4-----A----,obl:arg,Acc,Fem,Sing,,-0.0506839392281886,O
",",PUNCT,Z:-------------,punct,,,,,0.2992216639929018,O
že,SCONJ,"J,-------------",mark,,,,,0.3770573743105452,O
Musk,PROPN,NNIS1-----A----,nsubj,Nom,Masc,Sing,Inan,0.2017723295909588,B-if
má,VERB,VB-S---3P-AAI--,acl,,,Sing,,0.2715670139624189,O
v,ADP,RR--6----------,case,Loc,,,,0.1864681674858059,O
plánu,NOUN,NNIS6-----A----,obl,Loc,Masc,Sing,Inan,0.0953262162299428,O
dodat,VERB,Vf--------A-P--,xcomp,,,,,0.0533123675431693,O
100,NUM,C=-------------,nummod:gov,,,,,0.0159249701405585,B-nc
000,NUM,C=-------------,nummod:gov,,,,,0.2704382751710311,I-nc
automobilů,NOUN,NNIP2-----A----,obj,Gen,Masc,Plur,Inan,0.1228636736029095,O
za,ADP,RR--4----------,case,Acc,,,,0.0373243346696852,O
toto,DET,PDNS4----------,det,Acc,Neut,Sing,,0.0669636955369822,O
čtvrtletí,NOUN,NNNS4-----A----,obl,Acc,Neut,Sing,,0.2399495309618674,O
Čtvrtek,NOUN,NNIS1-----A----,nsubj,Nom,Masc,Sing,Inan,0.3516844601926774,O
je,AUX,VB-S---3P-AAI--,cop,,,Sing,,-0.1539389562361746,O
Mezinárodním,ADJ,AAIS7----1A----,amod,Ins,Masc,Sing,Inan,0.0259049730584602,B-tf
dnem,NOUN,NNIS7-----A----,root,Ins,Masc,Sing,Inan,0.0104418393812306,I-tf
za,ADP,RR--4----------,case,Acc,,,,0.0657436647507837,I-tf
úplné,ADJ,AANS4----1A----,amod,Acc,Neut,Sing,,0.0435527844195231,O
jaderné,ADJ,AANS4----1A----,amod,Acc,Neut,Sing,,0.0975976228770843,O
odzbrojení,NOUN,NNNS4-----A----,nmod,Acc,Neut,Sing,,0.0249915097678902,O
",",PUNCT,Z:-------------,punct,,,,,0.1036109310076304,O
avšak,CCONJ,J^-------------,cc,,,,,0.1948261087658095,O
jedná,VERB,VB-S---3P-AAI--,conj,,,Sing,,0.0898176301374618,O
se,PRON,P7-X4----------,expl:pv,Acc,,,,0.0181325079008275,O
o,ADP,RR--4----------,case,Acc,,,,0.0667469452604443,O
vizi,NOUN,NNFS4-----A----,obl:arg,Acc,Fem,Sing,,0.0983169277704724,O
",",PUNCT,Z:-------------,punct,,,,,0.0991522171419949,O
která,DET,P4FS1----------,nsubj,Nom,Fem,Sing,,-0.4301543679922211,O
se,PRON,P7-X4----------,expl:pv,Acc,,,,-0.0479388410566165,O
stále,ADV,Dg-------1A----,advmod,,,,,-0.0759035450066787,O
jeví,VERB,VB-S---3P-AAI--,acl:relcl,,,Sing,,0.2151811690292988,O
být,AUX,Vf--------A-I--,cop,,,,,-0.2056970861048664,O
obtížně,ADV,Dg-------1A----,advmod,,,,,0.1759019988565323,O
uskutečnitelná,ADJ,AAFS1----1A----,xcomp,Nom,Fem,Sing,,0.0989023995444407,O
.,PUNCT,Z:-------------,punct,,,,,0.3658129641938223,O
Nebe,NOUN,NNNS1-----A----,nsubj,Nom,Neut,Sing,,0.0320878476062731,O
Novinky,NOUN,NNFP1-----A----,nsubj,Nom,Fem,Plur,,0.0649979731844243,B-mn
se,PRON,P7-X4----------,expl:pv,Acc,,,,-0.0966568684571596,O
dozvěděly,VERB,VpTP----R-AAP--,root,,"Fem,Masc",Plur,Inan,-0.0615721935820249,O
",",PUNCT,Z:-------------,punct,,,,,0.0504660956793707,O
že,SCONJ,"J,-------------",mark,,,,,0.0386154410799656,O
Steve,PROPN,NNMS1-----A----,nsubj,Nom,Masc,Sing,Anim,-0.0698257542762261,B-P|B-pf
Southern,PROPN,NNMS1-----A----,flat,Nom,Masc,Sing,Anim,0.131413408623716,I-P|B-ps
",",PUNCT,Z:-------------,punct,,,,,0.0905726769896749,O
předseda,NOUN,NNMS1-----A----,appos,Nom,Masc,Sing,Anim,0.0098724684194795,O
správní,ADJ,AAFS2----1A----,amod,Gen,Fem,Sing,,-0.0015362268322873,O
rady,NOUN,NNFS2-----A----,nmod,Gen,Fem,Sing,,-0.1892095844794261,O
",",PUNCT,Z:-------------,punct,,,,,0.0395912843576545,O
vede,VERB,VB-S---3P-AAI--,ccomp,,,Sing,,-0.0720715211054939,O
rozhovory,NOUN,NNIP4-----A----,obj,Acc,Masc,Plur,Inan,0.0051895251102871,O
s,ADP,RR--7----------,case,Ins,,,,-0.018047892829033,O
několika,DET,Ca--7----------,det:nummod,Ins,,,,-0.193455391589626,O
stranami,NOUN,NNFP7-----A----,nmod,Ins,Fem,Plur,,0.0697701680365622,O
o,ADP,RR--6----------,case,Loc,,,,-0.1436920221450254,O
odkupu,NOUN,NNIS6-----A----,obl:arg,Loc,Masc,Sing,Inan,-0.0976558593256178,O
",",PUNCT,Z:-------------,punct,,,,,0.156584278536383,O
který,DET,P4YS1----------,nsubj,Nom,Masc,Sing,,0.1003117113134283,O
by,AUX,Vc----------I--,aux,,,,,-0.029676567777247,O
zabránil,VERB,VpYS----R-AAP--,acl:relcl,,Masc,Sing,,0.0377179116171102,O
většině,NOUN,NNFS3-----A----,obl:arg,Dat,Fem,Sing,,-0.0175211798363312,O
z,ADP,RR--2----------,case,Gen,,,,-0.0903776304436625,O
14,NUM,C=-------------,nummod,,,,,-0.1126192889136542,B-nc
000,NUM,C=-------------,nummod,,,,,0.0538777602223286,I-nc
členů,NOUN,NNMP2-----A----,nmod,Gen,Masc,Plur,Anim,0.0548267261164474,O
penzijního,ADJ,AAIS2----1A----,amod,Gen,Masc,Sing,Inan,0.0968678072880823,O
systému,NOUN,NNIS2-----A----,nmod,Gen,Masc,Sing,Inan,-0.0041624131662884,O
Thomase,PROPN,NNMS2-----A----,nmod,Gen,Masc,Sing,Anim,0.0797705114495492,B-P|B-pf
Cooka,PROPN,NNMS2-----A----,flat,Gen,Masc,Sing,Anim,-0.0461943529972148,I-P|B-ps
čelit,VERB,Vf--------A-I--,xcomp,,,,,0.0756444263323083,O
prudkému,ADJ,AANS3----1A----,amod,Dat,Neut,Sing,,0.0049291542193854,O
snížení,NOUN,NNNS3-----A----,obl:arg,Dat,Neut,Sing,,-0.0045645407107568,O
jejich,DET,P9XXXXP3-------,det,,,,,-0.0928990682098157,O
plateb,NOUN,NNFP2-----A----,nmod,Gen,Fem,Plur,,0.0039483454452124,O
.,PUNCT,Z:-------------,punct,,,,,0.7159004163092847,O
SNP,NOUN,BNXXX-----A----,nsubj,,,,,-0.0661439124024999,O
naznačil,VERB,VpYS----R-AAP--,root,,Masc,Sing,,0.1068036876473789,O
",",PUNCT,Z:-------------,punct,,,,,0.166581511163193,O
že,SCONJ,"J,-------------",mark,,,,,-0.0670348140192795,O
by,AUX,Vc----------I--,aux,,,,,0.0127193853844597,O
mohl,VERB,VpYS----R-AAI--,ccomp,,Masc,Sing,,-0.0366615418799916,O
dočasně,ADV,Dg-------1A----,advmod,,,,,-0.0723242000567084,O
podpořit,VERB,Vf--------A-P--,xcomp,,,,,-0.0478458213665763,O
instalaci,NOUN,NNFS4-----A----,obj,Acc,Fem,Sing,,0.0843167906437494,O
Jeremyho,PROPN,NNMS2-----A----,nmod,Gen,Masc,Sing,Anim,0.127815834777523,B-P|B-pf
Corbyna,PROPN,NNMS2-----A----,flat,Gen,Masc,Sing,Anim,0.1075234445711538,I-P|B-ps
v,ADP,RR--6----------,case,Loc,,,,-0.2340861728514642,O
Downing,X,F%-------------,nmod,,,,,-0.094112824509912,B-gs
Street,X,F%-------------,flat:foreign,,,,,-0.109111630132464,I-gs
",",PUNCT,Z:-------------,punct,,,,,0.0771036600317418,O
aby,AUX,Vc-------------,aux,,,,,0.0942652464305149,O
zmařil,VERB,VpYS----R-AAP--,advcl,,Masc,Sing,,0.0305222596525399,O
neobchodní,ADJ,AAIS4----1N----,amod,Acc,Masc,Sing,Inan,0.2916822333385721,O
Brexit,PROPN,NNIS4-----A----,obj,Acc,Masc,Sing,Inan,0.1547155786484828,O
.,PUNCT,Z:-------------,punct,,,,,0.3134618225184331,O
Nedávno,ADV,Dg-------1N----,advmod,,,,,0.0467031226459355,O
jsem,AUX,VB-S---1P-AAI--,aux,,,Sing,,-0.3026937110069319,O
přepnul,VERB,VpYS----R-AAP--,root,,Masc,Sing,,0.0539169451197937,O
z,ADP,RR--2----------,case,Gen,,,,-0.2044984421781137,O
iPhone,X,F%-------------,obl,,,,,0.1337606481198011,B-op
12,NUM,C=-------------,nummod,,,,,0.0759311240016347,I-op|B-n_
Pro,X,F%-------------,nmod,,,,,-0.1238061042916002,I-op
ba,PART,TT-------------,cc,,,,,-0.164183790048872,O
13,NUM,C=-------------,conj,,,,,0.1309142835071543,B-op
Pro,X,F%-------------,nmod,,,,,-0.3989326241804349,I-op
Max,X,F%-------------,nmod,,,,,-0.0511965375798809,I-op
",",PUNCT,Z:-------------,punct,,,,,0.3356580745096229,O
a,CCONJ,J^-------------,cc,,,,,-0.0057587927269369,O
u,ADP,RR--2----------,case,Gen,,,,-0.1106330168071208,O
obou,NUM,CnXP2----------,nummod,Gen,,Plur,,-0.0355280546080737,O
iPhonů,NOUN,NNIP2-----A----,obl,Gen,Masc,Plur,Inan,0.1529676502656999,B-op
jsem,AUX,VB-S---1P-AAI--,aux,,,Sing,,-0.2494217468274069,O
si,PRON,P7--3----------,expl:pv,Dat,,,,0.1376318559176477,O
povšimnul,VERB,VpYS----R-AAP--,conj,,Masc,Sing,,0.1786887737573761,O
programové,ADJ,AAFS2----1A----,amod,Gen,Fem,Sing,,0.1405325708505848,O
chyby,NOUN,NNFS2-----A----,obl:arg,Gen,Fem,Sing,,0.0054959066039578,O
",",PUNCT,Z:-------------,punct,,,,,0.0334447640136102,O
která,DET,P4FS1----------,nsubj,Nom,Fem,Sing,,0.1153561732117114,O
vyčerpávala,VERB,VpQW----R-AAI--,acl:relcl,,"Fem,Neut","Plur,Sing",,0.0738013009174116,O
moje,DET,PSNS4-S1------1,det,Acc,Neut,Sing,,-0.090488134146309,O
interní,ADJ,AANS4----1A----,amod,Acc,Neut,Sing,,-0.0221051801549798,O
uložiště,NOUN,NNNS4-----A----,obj,Acc,Neut,Sing,,0.0005970391551534,O
.,PUNCT,Z:-------------,punct,,,,,0.1410008568626042,O
Manchester,PROPN,NNIS1-----A----,nsubj,Nom,Masc,Sing,Inan,-0.1287427643306084,B-ic|B-gu
City,PROPN,NNXXX-----A----,nmod,,,,,0.671090821465074,I-ic
předvedl,VERB,VpYS----R-AAP--,root,,Masc,Sing,,-0.0115970970360614,O
v,ADP,RR--6----------,case,Loc,,,,-0.0125418300037914,O
kampani,NOUN,NNFS6-----A----,obl,Loc,Fem,Sing,,0.0334181419437102,O
100,NUM,C=-------------,nummod:gov,,,,,0.102656108902732,B-nc
gólů,NOUN,NNIP2-----A----,obj,Gen,Masc,Plur,Inan,0.019336547630934,O
vítězstvím,NOUN,NNNS7-----A----,obl,Ins,Neut,Sing,,-0.0246585728770252,O
5,NUM,C=-------------,nummod,,,,,-0.0394790343992357,O
:,PUNCT,Z:-------------,punct,,,,,0.0160636467884524,O
0,NUM,C=-------------,conj,,,,,-0.1341947539345748,O
nad,ADP,RR--7----------,case,Ins,,,,0.1580867087914237,O
posledním,ADJ,AAIS7----1A----,amod,Ins,Masc,Sing,Inan,0.0860566242660058,O
a,CCONJ,J^-------------,cc,,,,,-0.171681648238419,O
již,ADV,Db-------------,advmod,,,,,-0.0377603724259424,O
degradovaným,ADJ,AAIS7----1A----,conj,Ins,Masc,Sing,Inan,0.1571411100680542,O
Norwichem,PROPN,NNIS7-----A----,nmod,Ins,Masc,Sing,Inan,-0.0090706038038927,B-ic
",",PUNCT,Z:-------------,punct,,,,,0.2239360316466237,O
zápasem,NOUN,NNIS7-----A----,appos,Ins,Masc,Sing,Inan,-0.036570479003979,O
",",PUNCT,Z:-------------,punct,,,,,0.3179709588795153,O
který,DET,P4YS1----------,nsubj,Nom,Masc,Sing,,0.0070522309356817,O
byl,AUX,VpYS----R-AAI--,cop,,Masc,Sing,,0.1286391682138766,O
pro,ADP,RR--4----------,case,Acc,,,,0.1120953256615283,O
Davida,PROPN,NNMS4-----A----,obl,Acc,Masc,Sing,Anim,-0.0513283111597107,B-P|B-pf
Silvu,PROPN,NNMS4-----A----,flat,Acc,Masc,Sing,Anim,0.0766874202836338,I-P|B-ps
posledním,ADJ,AAIS7----1A----,acl:relcl,Ins,Masc,Sing,Inan,0.0152420418725827,O
v,ADP,RR--6----------,case,Loc,,,,0.1357598857512443,O
Premier,X,F%-------------,obl,,,,,-0.1005944207839996,B-ic
League,X,F%-------------,flat:foreign,,,,,-0.0825929679011146,I-ic
po,ADP,RR--6----------,case,Loc,,,,-0.1395607400194806,O
10,NUM,C=-------------,nummod,,,,,0.0995945298402094,O
letech,NOUN,NNNP6-----A----,obl,Loc,Neut,Plur,,-0.0104890119423459,O
v,ADP,RR--6----------,case,Loc,,,,-0.0058077063295068,O
City,PROPN,NNXXX-----A----,nmod,,,,,0.0623988716409965,B-ic
.,PUNCT,Z:-------------,punct,,,,,-0.1255225986909926,O
Nicméně,CCONJ,J^-------------,cc,,,,,0.313652150396442,O
rodinná,ADJ,AAFS1----1A----,amod,Nom,Fem,Sing,,0.4184451891695076,O
reality,NOUN,F%-------------,nsubj,Nom,Fem,Sing,,-0.1134596979554328,O
show,X,F%-------------,nmod,,,,,-0.1976535677708887,O
Keeping,X,F%-------------,nmod,,,,,-0.0744492148662722,B-oa
Up,X,F%-------------,flat:foreign,,,,,-0.0495413473752937,I-oa
With,X,F%-------------,flat:foreign,,,,,-0.0515513100902778,I-oa
The,X,F%-------------,flat:foreign,,,,,-0.0651155004123121,I-oa
Kardashians,X,F%-------------,flat:foreign,,,,,-0.0052361011985451,I-oa
později,ADV,Dg-------2A----,advmod,,,,,-0.0752957630475725,O
ukázala,VERB,VpQW----R-AAP--,root,,"Fem,Neut","Plur,Sing",,-0.0786974515862342,O
",",PUNCT,Z:-------------,punct,,,,,0.0030381899255705,O
že,SCONJ,"J,-------------",mark,,,,,-0.1663003166373959,O
událost,NOUN,NNFS1-----A----,nsubj,Nom,Fem,Sing,,-0.1477471776222849,O
skončila,VERB,VpQW----R-AAP--,ccomp,,"Fem,Neut","Plur,Sing",,-0.0650464641096269,O
slzami,NOUN,NNFP7-----A----,obl,Ins,Fem,Plur,,-0.1908262571770589,O
Khloe,PROPN,NNFXX-----A----,nmod,,Fem,,,0.0102160796969401,B-p_
",",PUNCT,Z:-------------,punct,,,,,0.0932519018253782,O
která,DET,P4FS1----------,nsubj,Nom,Fem,Sing,,-0.0082002369976926,O
se,PRON,P7-X4----------,expl:pv,Acc,,,,-0.1994691409149783,O
snažila,VERB,VpQW----R-AAI--,acl:relcl,,"Fem,Neut","Plur,Sing",,-0.0422507068328616,O
vyrovnat,VERB,Vf--------A-P--,xcomp,,,,,0.0595699544786126,O
s,ADP,RR--7----------,case,Ins,,,,-0.00370449068347,O
jeho,DET,P9XXXZS3-------,det,,,,,-0.0470162722383223,O
nevěrou,NOUN,NNFS7-----A----,obl:arg,Ins,Fem,Sing,,0.1019499895118255,O
.,PUNCT,Z:-------------,punct,,,,,-0.27018336954262,O
Požár,NOUN,NNIS1-----A----,nsubj,Nom,Masc,Sing,Inan,0.248985186875758,O
vypuknul,VERB,VpYS----R-AAP--,root,,Masc,Sing,,0.0404853303536331,O
v,ADP,RR--6----------,case,Loc,,,,-0.2454673678909567,O
budově,NOUN,NNFS6-----A----,obl,Loc,Fem,Sing,,-0.0419700503640197,O
vyššího,ADJ,AAIS2----2A----,amod,Gen,Masc,Sing,Inan,0.1342001247357128,O
soudu,NOUN,NNIS2-----A----,nmod,Gen,Masc,Sing,Inan,0.0504118019902073,O
okresu,NOUN,NNIS2-----A----,nmod,Gen,Masc,Sing,Inan,-0.14622676836736,O
Alameda,PROPN,NNFS1-----A----,nmod,Nom,Fem,Sing,,0.2276120207768036,B-gr
a,CCONJ,J^-------------,cc,,,,,-0.3334474547915263,O
dle,ADP,RR--2----------,case,Gen,,,,-0.4440962992354113,O
zpráv,NOUN,NNFP2-----A----,obl,Gen,Fem,Plur,,-0.1616980679287426,O
z,ADP,RR--2----------,case,Gen,,,,-0.1164034941966223,O
médií,NOUN,NNNP2-----A----,nmod,Gen,Neut,Plur,,-0.0293493836214891,O
byl,AUX,VpYS----R-AAI--,aux:pass,,Masc,Sing,,0.2144567866624269,O
krátce,ADV,Dg-------1A----,advmod,,,,,0.0272340765148991,O
poté,ADV,Db-------------,advmod,,,,,0.0088910715937431,O
lokalizován,ADJ,VsYS----X-API--,conj,,Masc,Sing,,0.0738121579163201,O
.,PUNCT,Z:-------------,punct,,,,,0.2149857386809418,O
Brazilská,ADJ,AAFS1----1A----,amod,Nom,Fem,Sing,,0.3361340680393507,O
agentura,NOUN,NNFS1-----A----,nsubj,Nom,Fem,Sing,,-0.0091199240098858,O
pro,ADP,RR--4----------,case,Acc,,,,-0.0065294142274807,O
životní,ADJ,AANS4----1A----,amod,Acc,Neut,Sing,,-0.0879352079487215,O
prostředí,NOUN,NNNS4-----A----,nmod,Acc,Neut,Sing,,-0.0253039403173352,O
Ibama,PROPN,NNFS1-----A----,nmod,Nom,Fem,Sing,,0.0041869751760598,B-io
ve,ADP,RV--4----------,case,Acc,,,,-0.0037991535548331,O
čtvrtek,NOUN,NNIS4-----A----,obl,Acc,Masc,Sing,Inan,-0.0764015530148895,O
uvedla,VERB,VpQW----R-AAP--,root,,"Fem,Neut","Plur,Sing",,-0.090379303770121,O
",",PUNCT,Z:-------------,punct,,,,,0.0763355139008229,O
že,SCONJ,"J,-------------",mark,,,,,-0.006301168224656,O
analýza,NOUN,NNFS1-----A----,nsubj,Nom,Fem,Sing,,-0.0609422400349775,O
obrovského,ADJ,AAIS2----1A----,amod,Gen,Masc,Sing,Inan,0.0648121727321345,O
úniku,NOUN,NNIS2-----A----,nmod,Gen,Masc,Sing,Inan,0.0876075738438586,O
ropy,NOUN,NNFS2-----A----,nmod,Gen,Fem,Sing,,0.7116526877669985,O
podél,ADP,RR--2----------,case,Gen,,,,-0.0264483507351562,O
severovýchodních,ADJ,AAFP2----1A----,amod,Gen,Fem,Plur,,0.0685578941625164,O
pláží,NOUN,NNFP2-----A----,nmod,Gen,Fem,Plur,,-0.0033907520854648,O
země,NOUN,NNFS2-----A----,nmod,Gen,Fem,Sing,,-0.1499026868847351,O
ukázala,VERB,VpQW----R-AAP--,ccomp,,"Fem,Neut","Plur,Sing",,0.0444425457424121,O
",",PUNCT,Z:-------------,punct,,,,,0.1744591445357467,O
že,SCONJ,"J,-------------",mark,,,,,0.0301772242033016,O
rozlitá,ADJ,AAFS1----1A----,amod,Nom,Fem,Sing,,0.0051039517460444,O
surovina,NOUN,NNFS1-----A----,nsubj,Nom,Fem,Sing,,0.0458345896858568,O
nepochází,VERB,VB-S---3P-NAI--,ccomp,,,Sing,,0.0397596817749441,O
z,ADP,RR--2----------,case,Gen,,,,0.0341093310869673,O
této,DET,PDFS2----------,det,Gen,Fem,Sing,,-0.0233265465723347,O
země,NOUN,NNFS2-----A----,obl,Gen,Fem,Sing,,-0.1195552475180907,O
.,PUNCT,Z:-------------,punct,,,,,0.403278120663714,O
Doufám,VERB,VB-S---1P-AAI--,root,,,Sing,,0.3506895446639215,O
",",PUNCT,Z:-------------,punct,,,,,0.1043263658544255,O
že,SCONJ,"J,-------------",mark,,,,,-0.1068548890089841,O
máte,VERB,VB-P---2P-AAI--,ccomp,,,Plur,,0.2375128027921921,O
skvělý,ADJ,AAIS4----1A----,amod,Acc,Masc,Sing,Inan,-0.3121009485104712,O
den,NOUN,NNIS4-----A----,obj,Acc,Masc,Sing,Inan,-0.0979378266302261,O
a,CCONJ,J^-------------,cc,,,,,-0.0990614284456239,O
vraťte,VERB,Vi-P---2--A-P--,conj,,,Plur,,-0.0497123789996885,O
se,PRON,P7-X4----------,expl:pv,Acc,,,,-0.1332063417050296,O
k,ADP,RR--3----------,case,Dat,,,,-0.0753141933231792,O
nám,PRON,PP-P3--1-------,obl,Dat,,Plur,,-0.2838386412232668,O
",",PUNCT,Z:-------------,punct,,,,,0.1912535598226922,O
pokud,SCONJ,"J,-------------",mark,,,,,-0.219818872034904,O
budete,AUX,VB-P---2F-AAI--,aux,,,Plur,,-0.1617186982934206,O
potřebovat,VERB,Vf--------A-I--,advcl,,,,,-0.212535153005683,O
další,ADJ,AAFS4----1A----,amod,Acc,Fem,Sing,,0.1223219313429794,O
pomoc,NOUN,NNFS4-----A----,obj,Acc,Fem,Sing,,-0.266058367987319,O
.,PUNCT,Z:-------------,punct,,,,,-0.1083925863320773,O
Ale,CCONJ,J^-------------,cc,,,,,-0.0817843442054087,O
všiml,VERB,VpYS----R-AAP-1,root,,Masc,Sing,,0.0050612294646024,O
si,PRON,P7--3----------,expl:pv,Dat,,,,-0.2149401607520189,O
Cliftonova,ADJ,AUIS2M---------,amod,Gen,Masc,Sing,Inan,0.1173620927489719,B-ps
výběru,NOUN,NNIS2-----A----,obl:arg,Gen,Masc,Sing,Inan,0.0311423454347871,O
pití,NOUN,NNNS2-----A----,nmod,Gen,Neut,Sing,,0.0807832511283185,O
:,PUNCT,Z:-------------,punct,,,,,0.0834110624524539,O
Pít,VERB,Vf--------A-I--,conj,,,,,-0.0336546706946713,O
Coca,X,F%-------------,nmod,,,,,0.1926146090611993,B-op
Colu,PROPN,NNFS4-----A----,obj,Acc,Fem,Sing,,0.0203480914488714,I-op
a,CCONJ,J^-------------,cc,,,,,-0.0078234248181245,O
Amaretto,PROPN,NNNS4-----A----,conj,Nom,Neut,Sing,,0.0031300615050135,B-op
?,PUNCT,Z:-------------,punct,,,,,-0.0732729896040849,O
Jsem,AUX,VB-S---1P-AAI--,cop,,,Sing,,-0.2448713099253436,O
překvapený,ADJ,AAMS1----1A----,root,Nom,Masc,Sing,Anim,-0.0284241008672242,O
",",PUNCT,Z:-------------,punct,,,,,0.0620827118462296,O
že,SCONJ,"J,-------------",mark,,,,,0.0891558315533153,O
vám,PRON,PP-P3--2-------,obl:arg,Dat,,Plur,,0.1093014556889275,O
nebylo,AUX,VpNS----R-NAI--,ccomp,,Neut,Sing,,0.0073287154138258,O
špatně,ADV,Dg-------1A----,advmod,,,,,-0.2417970997142204,O
!,PUNCT,Z:-------------,punct,,,,,0.2667222484667017,O
“,PUNCT,Z:-------------,punct,,,,,0.2752160112609568,O
Uchycení,NOUN,NNNS1-----A----,nsubj,Nom,Neut,Sing,,0.0372976063210509,O
tašky,NOUN,NNFS2-----A----,nmod,Gen,Fem,Sing,,-0.0120741062664939,O
na,ADP,RR--4----------,case,Acc,,,,-0.0074668296032156,O
kruhovou,ADJ,AAFS4----1A----,amod,Acc,Fem,Sing,,0.0085546793562653,O
nohu,NOUN,NNFS4-----A----,nmod,Acc,Fem,Sing,,0.0132531269079973,O
vytváří,VERB,VB-S---3P-AAI--,root,,,Sing,,0.023362222272599,O
mumiový“,ADJ,AAIS4----1A----,amod,Acc,Masc,Sing,Inan,0.0941330607243084,O
tvar,NOUN,NNIS4-----A----,obj,Acc,Masc,Sing,Inan,0.0953552534651474,O
",",PUNCT,Z:-------------,punct,,,,,0.1767487001086751,O
který,DET,P4YS1----------,nsubj:pass,Nom,Masc,Sing,,-0.3195117736445116,O
se,PRON,P7-X4----------,expl:pass,Acc,,,,-0.0394705278859109,O
snadno,ADV,Dg-------1A----,advmod,,,,,-0.0731949705973729,O
zahřívá,VERB,VB-S---3P-AAI--,acl:relcl,,,Sing,,0.0817755878882174,O
a,CCONJ,J^-------------,cc,,,,,-0.2998293796253218,O
minimalizuje,VERB,VB-S---3P-AAI--,conj,,,Sing,,0.087480590509732,O
hmotnost,NOUN,NNFS4-----A----,obj,Acc,Fem,Sing,,0.0522511863743556,O
použitého,ADJ,AAIS2----1A----,amod,Gen,Masc,Sing,Inan,0.092718284480954,O
materiálu,NOUN,NNIS2-----A----,nmod,Gen,Masc,Sing,Inan,-0.1220822136108332,O
.,PUNCT,Z:-------------,punct,,,,,0.4906766738560128,O
Se,ADP,RV--7----------,case,Ins,,,,0.1756260962292752,O
špínou,NOUN,NNFS7-----A----,obl,Ins,Fem,Sing,,0.1701506182580116,O
",",PUNCT,Z:-------------,punct,,,,,0.0432780297221472,O
trávou,NOUN,NNFS7-----A----,conj,Ins,Fem,Sing,,0.0199300759106358,O
a,CCONJ,J^-------------,cc,,,,,-0.1044073975732325,O
stromem,NOUN,NNIS7-----A----,conj,Ins,Masc,Sing,Inan,-0.0187558259357601,O
na,ADP,RR--6----------,case,Loc,,,,-0.0291198136667642,O
oblečení,NOUN,NNNS6-----A----,nmod,Loc,Neut,Sing,,0.0818035946807704,O
tvrdil,VERB,VpYS----R-AAI--,root,,Masc,Sing,,-0.0476151919420355,O
",",PUNCT,Z:-------------,punct,,,,,0.0450572128592042,O
že,SCONJ,"J,-------------",mark,,,,,0.0163773573170229,O
byl,AUX,VpYS----R-AAI--,aux:pass,,Masc,Sing,,-0.1086940778268392,O
zapleten,ADJ,VsYS----X-APP--,ccomp,,Masc,Sing,,0.0317376111968213,O
do,ADP,RR--2----------,case,Gen,,,,0.0222994427010922,O
silničního,ADJ,AAIS2----1A----,amod,Gen,Masc,Sing,Inan,0.0196504192748406,O
vzteku,NOUN,NNIS2-----A----,obl,Gen,Masc,Sing,Inan,-0.0025164712558098,O
",",PUNCT,Z:-------------,punct,,,,,0.0567993151400436,O
kdy,ADV,Db-------------,advmod,,,,,-0.0708374441617405,O
zahnal,VERB,VpYS----R-AAP--,acl:relcl,,Masc,Sing,,0.0334050547299526,O
dalšího,ADJ,AAMS4----1A----,amod,Acc,Masc,Sing,Anim,-0.3239256073925347,O
řidiče,NOUN,NNMS4-----A----,obj,Acc,Masc,Sing,Anim,0.132144138744086,O
do,ADP,RR--2----------,case,Gen,,,,0.0543609817996454,O
keře,NOUN,NNIS2-----A----,obl,Gen,Masc,Sing,Inan,0.0291901131426687,O
a,CCONJ,J^-------------,cc,,,,,-0.0718409069579682,O
spadl,VERB,VpYS----R-AAP-1,conj,,Masc,Sing,,0.1757959923498762,O
z,ADP,RR--2----------,case,Gen,,,,0.2759520073806747,O
nábřeží,NOUN,NNNS2-----A----,obl,Gen,Neut,Sing,,0.0891305141406955,O
.,PUNCT,Z:-------------,punct,,,,,0.031255890531612,O
Dodala,VERB,VpQW----R-AAP--,root,,"Fem,Neut","Plur,Sing",,0.0139740059152564,O
",",PUNCT,Z:-------------,punct,,,,,0.0387162556269775,O
že,SCONJ,"J,-------------",mark,,,,,0.0798588235964962,O
je,AUX,VB-S---3P-AAI--,ccomp,,,Sing,,-0.0034670609091744,O
zde,ADV,Db-------------,advmod,,,,,-0.0363609739993479,O
stále,ADV,Dg-------1A----,advmod,,,,,0.0236044742639615,O
snaha,NOUN,NNFS1-----A----,nsubj,Nom,Fem,Sing,,0.1801783347914205,O
oslovit,VERB,Vf--------A-P--,acl,,,,,0.420601064046362,O
zhruba,ADV,Db-------------,advmod:emph,,,,,-0.0798908492470132,O
14,NUM,C=-------------,nummod:gov,,,,,0.0806358287778418,B-nc
procent,NOUN,NNNP2-----A----,obj,Gen,Neut,Plur,,0.4543713880193286,O
lidí,NOUN,NNMP2-----A----,nmod,Gen,Masc,Plur,Anim,0.0349511100111469,O
",",PUNCT,Z:-------------,punct,,,,,-0.0077608730348047,O
kteří,DET,P4MP1----------,nsubj,Nom,Masc,Plur,Anim,0.0833382056799661,O
mají,VERB,VB-P---3P-AAI--,acl:relcl,,,Plur,,0.1299267656833989,O
HIV,NOUN,BNXXX-----A----,obj,,,,,0.0193720057849647,B-op
",",PUNCT,Z:-------------,punct,,,,,0.0491408681867938,O
aniž,SCONJ,"J,-------------",mark,,,,,0.1440071224985337,O
by,AUX,Vc----------I--,aux,,,,,0.1174434416867519,O
o,ADP,RR--6----------,case,Loc,,,,0.2078516835697943,O
tom,DET,PDZS6----------,det,Loc,"Masc,Neut",Sing,,0.0893497307640016,O
měli,VERB,VpMP----R-AAI--,advcl,,Masc,Plur,Anim,-0.0669159159183648,O
tušení,NOUN,NNNS4-----A----,obj,Acc,Neut,Sing,,0.0189220646346998,O
.,PUNCT,Z:-------------,punct,,,,,-0.6507491278662392,O
Kanye,PROPN,NNMS1-----A----,nsubj,Nom,Masc,Sing,Anim,0.4232685324865635,B-P|B-pf
West,PROPN,NNMS1-----A----,flat,Nom,Masc,Sing,Anim,-0.0070995370549645,I-P|B-ps
prohlašuje,VERB,VB-S---3P-AAI--,root,,,Sing,,0.2174949369575272,O
",",PUNCT,Z:-------------,punct,,,,,-0.0963278192579884,O
že,SCONJ,"J,-------------",mark,,,,,0.1824282451721656,O
dokáže,VERB,VB-S---3P-AAP--,ccomp,,,Sing,,0.0454433572717275,O
porazit,VERB,Vf--------A-P--,xcomp,,,,,0.1251919022720442,O
Joea,PROPN,NNMS4-----A----,obj,Acc,Masc,Sing,Anim,0.1980626485794802,B-P|B-pf
Bidena,PROPN,NNMS4-----A----,flat,Acc,Masc,Sing,Anim,0.0813301026015875,I-P|B-ps
i,CCONJ,J^-------------,advmod:emph,,,,,0.0168457959007111,O
jako,SCONJ,"J,-------------",mark,,,,,0.2533752984924896,O
write-in,X,F%-------------,xcomp,,,,,0.0710322222482284,O
kandidát,NOUN,NNMS1-----A----,flat:foreign,Nom,Masc,Sing,Anim,-0.0314084147950661,O
-,PUNCT,Z:-------------,punct,,,,,-0.631952736880665,O
RT,NOUN,BNXXX-----A----,appos,,,,,0.2035824564749425,O
USA,PROPN,BNXXX-----A----,nmod,,,,,0.1671574385519633,B-gc
News,X,F%-------------,nmod,,,,,0.2441401982798444,O
Vypadá,VERB,VB-S---3P-AAI--,root,,,Sing,,-0.0860608923503924,O
to,DET,PDNS1----------,nsubj,Nom,Neut,Sing,,-0.1399568443069697,O
",",PUNCT,Z:-------------,punct,,,,,0.0119864107835277,O
že,SCONJ,"J,-------------",mark,,,,,0.0664929408315716,O
tam,ADV,Db-------------,advmod,,,,,0.0382348289400655,O
bude,AUX,VB-S---3F-AAI--,ccomp,,,Sing,,0.04068374470013,O
homecoming,NOUN,NNIS1-----A----,nsubj,Nom,Masc,Sing,Inan,0.0410851683378139,O
druhů,NOUN,NNIP2-----A----,nmod,Gen,Masc,Plur,Inan,0.0978356880075382,O
pro,ADP,RR--4----------,case,Acc,,,,0.0843767598029382,O
Spider-Man,X,F%-------------,nmod,,,,,0.021664638450583,O
",",PUNCT,Z:-------------,punct,,,,,-0.0371667970025223,O
teď,ADV,Db-------------,advmod,,,,,0.0086444046378023,O
",",PUNCT,Z:-------------,punct,,,,,0.0342779543863693,O
když,SCONJ,"J,-------------",mark,,,,,0.0532563956387255,O
Disney,PROPN,NNMS1-----A----,nsubj,Nom,Masc,Sing,Anim,0.0480534359713884,B-if
a,CCONJ,J^-------------,cc,,,,,0.0759615496130338,O
Sony,PROPN,NNXXX-----A----,conj,,,,,0.0492528648251552,B-if
usadil,VERB,VpYS----R-AAP--,advcl,,Masc,Sing,,0.0399654036940249,O
své,DET,P8YP4---------1,det,Acc,Masc,Plur,,0.0123938923653716,O
rozdíly,NOUN,NNIP4-----A----,obj,Acc,Masc,Plur,Inan,0.0620848047794072,O
.,PUNCT,Z:-------------,punct,,,,,-0.7793922645269227,O
Není,AUX,VB-S---3P-NAI--,cop,,,Sing,,-0.0348658294024303,O
to,DET,PDNS1----------,nsubj,Nom,Neut,Sing,,-0.0497214821414264,O
jen,ADV,Db-------------,advmod:emph,,,,,0.0067145554754935,O
pokus,NOUN,NNIS1-----A----,root,Nom,Masc,Sing,Inan,0.1651797193155996,O
o,ADP,RR--4----------,case,Acc,,,,0.0399172525395665,O
ztrapnění,NOUN,NNNS4-----A----,nmod,Acc,Neut,Sing,,0.2625840518714298,O
veřejného,ADJ,AAMS2----1A----,amod,Gen,Masc,Sing,Anim,-0.0579166913362778,O
činitele,NOUN,NNMS2-----A----,nmod,Gen,Masc,Sing,Anim,0.1202564898170036,O
.,PUNCT,Z:-------------,punct,,,,,0.2340633536130714,O
Je,AUX,VB-S---3P-AAI--,cop,,,Sing,,0.0734048087462834,O
to,DET,PDNS1----------,root,Nom,Neut,Sing,,0.3631773533678714,O
extrahovat,VERB,Vf--------A-B--,csubj,,,,,0.3091508199822634,O
informace,NOUN,NNFP4-----A----,obj,Acc,Fem,Plur,,0.0202284522035727,O
.,PUNCT,Z:-------------,punct,,,,,-0.1625389531800974,O
Washington,PROPN,NNIS1-----A----,root,Nom,Masc,Sing,Inan,-0.0944015265923978,B-gu
–,PUNCT,Z:-------------,punct,,,,,-0.1005614403742006,O
V,ADP,RR--6----------,case,Loc,,,,-0.0416594971117126,O
průběhu,NOUN,NNIS6-----A----,fixed,Loc,Masc,Sing,Inan,-0.0032193383226134,O
jednání,NOUN,NNNS2-----A----,obl,Gen,Neut,Sing,,0.0023934565057625,O
o,ADP,RR--6----------,case,Loc,,,,-0.0282104045953725,O
dalších,ADJ,AANP6----1A----,amod,Loc,Neut,Plur,,0.0066875417972137,O
opatřeních,NOUN,NNNP6-----A----,nmod,Loc,Neut,Plur,,0.0039398265302491,O
obvinil,VERB,VpYS----R-AAP--,root,,Masc,Sing,,0.0428861893163185,O
republikánský,ADJ,AAMS1----1A----,amod,Nom,Masc,Sing,Anim,0.0003635401041913,O
senátor,NOUN,NNMS1-----A----,nsubj,Nom,Masc,Sing,Anim,-0.0230673802363456,O
za,ADP,RR--4----------,case,Acc,,,,-0.0899566253054818,O
Texas,PROPN,NNIS4-----A----,nmod,Acc,Masc,Sing,Inan,0.0667555414588264,B-gr
Ted,PROPN,NNMS1-----A----,flat,Nom,Masc,Sing,Anim,-0.0927376329069481,B-P|B-pf
Cruz,PROPN,NNMS1-----A----,flat,Nom,Masc,Sing,Anim,-0.0073428664490711,I-P|B-ps
předsedkyni,NOUN,NNFS4-----A----,obj,Acc,Fem,Sing,,0.0427416360556615,O
Sněmovny,NOUN,NNFS2-----A----,nmod,Gen,Fem,Sing,,0.162058671821428,B-io
reprezentantů,NOUN,NNMP2-----A----,nmod,Gen,Masc,Plur,Anim,0.0136411930956431,I-io
Nancy,PROPN,NNFXX-----A----,flat,,Fem,,,0.0730983756001395,B-P|B-pf
Pelosiovou,PROPN,NNFS4-----A----,flat,Acc,Fem,Sing,,0.0719001659070275,I-P|B-ps
a,CCONJ,J^-------------,cc,,,,,-0.1973169549029379,O
demokraty,NOUN,NNMP4-----A----,conj,Acc,Masc,Plur,Anim,0.0079718169508672,O
ve,ADP,RV--6----------,case,Loc,,,,0.0606964985284753,O
Sněmovně,NOUN,NNFS6-----A----,nmod,Loc,Fem,Sing,,0.0512610648380043,B-io
z,ADP,RR--2----------,case,Gen,,,,0.0224344437158725,O
prosazování,NOUN,NNNS2-----A----,obl:arg,Gen,Neut,Sing,,0.0286129531223533,O
balíčku,NOUN,NNIS2-----A----,nmod,Gen,Masc,Sing,Inan,0.1072534824159137,O
podpory,NOUN,NNFS2-----A----,nmod,Gen,Fem,Sing,,0.0205412930409811,O
během,ADP,RR--2----------,case,Gen,,,,-0.0835831237786434,O
pandemie,NOUN,NNFS2-----A----,nmod,Gen,Fem,Sing,,-0.0122249693000487,O
koronaviru,NOUN,NNIS2-----A----,nmod,Gen,Masc,Sing,Inan,0.0545287243677094,O
",",PUNCT,Z:-------------,punct,,,,,0.1192746416966468,O
jehož,PRON,P4ZS2----------,nmod,Gen,"Masc,Neut",Sing,,-0.0487511135114146,O
cílem,NOUN,NNIS7-----A----,acl:relcl,Ins,Masc,Sing,Inan,0.0410681242422642,O
je,AUX,VB-S---3P-AAI--,cop,,,Sing,,0.085857319894859,O
pouze,ADV,Db-------------,advmod:emph,,,,,0.0933500823707496,O
zakrýt,VERB,Vf--------A-P--,csubj,,,,,0.1023703542032454,O
problém,NOUN,NNIS4-----A----,obj,Acc,Masc,Sing,Inan,0.1196144385239196,O
haldou,NOUN,NNFS7-----A----,obl,Ins,Fem,Sing,,0.0723007319524511,O
peněz,NOUN,NNIP2-----A----,nmod,Gen,Masc,Plur,Inan,0.1068438057827129,O
a,CCONJ,J^-------------,cc,,,,,-0.0593525197687551,O
uzavřít,VERB,Vf--------A-P--,conj,,,,,0.0464431399643532,O
Ameriku“,PROPN,NNIS4-----A----,obj,Acc,Masc,Sing,Inan,-0.0334366070781082,B-gt
.,PUNCT,Z:-------------,punct,,,,,0.6145121589002975,O
Afghánistán,PROPN,NNIS1-----A----,nsubj,Nom,Masc,Sing,Inan,0.5770512768727362,B-gc
zvyšuje,VERB,VB-S---3P-AAI--,root,,,Sing,,-0.1774517602048253,O
bezpečnostní,ADJ,AANP4----1A----,amod,Acc,Neut,Plur,,0.0710921450095623,O
opatření,NOUN,NNNP4-----A----,obj,Acc,Neut,Plur,,0.4087408368309814,O
provázející,ADJ,AGNP4-----A----,amod,Acc,Neut,Plur,,0.212500103553164,O
prezidentské,ADJ,AAFP4----1A----,amod,Acc,Fem,Plur,,0.1619019483501356,O
volby,NOUN,NNFP4-----A----,obj,Acc,Fem,Plur,,-0.0638384498590801,O
KCNA,NOUN,BNXXX-----A----,nsubj,,,,,0.1448529918687941,B-io
konkrétně,ADV,Dg-------1A----,advmod,,,,,0.0553013962216369,O
nezmínila,VERB,VpQW----R-NAP--,root,,"Fem,Neut","Plur,Sing",,0.2571107962923999,O
",",PUNCT,Z:-------------,punct,,,,,0.062133237746351,O
zda,SCONJ,"J,-------------",mark,,,,,-0.0760572355695015,O
byla,AUX,VpQW----R-AAI--,aux:pass,,"Fem,Neut","Plur,Sing",,-0.0610076757044885,O
osoba,NOUN,NNFS1-----A----,nsubj:pass,Nom,Fem,Sing,,-0.0338120702407036,O
testována,ADJ,VsQW----X-API--,ccomp,,"Fem,Neut","Plur,Sing",,0.0020280661160793,O
",",PUNCT,Z:-------------,punct,,,,,0.1130304308399242,O
ale,CCONJ,J^-------------,cc,,,,,0.1871025521524431,O
uvedla,VERB,VpQW----R-AAP--,conj,,"Fem,Neut","Plur,Sing",,-0.0364666457307665,O
",",PUNCT,Z:-------------,punct,,,,,0.0467351176861254,O
že,SCONJ,"J,-------------",mark,,,,,-0.6407353760975721,O
nejistý,ADJ,AAIS1----1N----,amod,Nom,Masc,Sing,Inan,0.2696114082528353,O
výsledek,NOUN,NNIS1-----A----,nsubj:pass,Nom,Masc,Sing,Inan,-0.0785965653490349,O
byl,AUX,VpYS----R-AAI--,aux:pass,,Masc,Sing,,0.0401682130083228,O
učiněn,ADJ,VsYS----X-APP--,ccomp,,Masc,Sing,,-0.0126078006338142,O
z,ADP,RR--2----------,case,Gen,,,,-0.0298239350669313,O
několika,DET,Ca--2----------,det:nummod,Gen,,,,-0.006431765680935,O
lékařských,ADJ,AANP2----1A----,amod,Gen,Neut,Plur,,0.0209508421206792,O
vyšetření,NOUN,NNNP2-----A----,obl:arg,Gen,Neut,Plur,,0.0175867554689337,O
sekrece,NOUN,NNFS2-----A----,nmod,Gen,Fem,Sing,,0.0307773251795312,O
horních,ADJ,AAIP2----1A----,amod,Gen,Masc,Plur,Inan,-0.0253084721506913,O
dýchacích,ADJ,AAIP2----1A----,amod,Gen,Masc,Plur,Inan,0.0281138894597093,O
orgánů,NOUN,NNIP2-----A----,nmod,Gen,Masc,Plur,Inan,0.0544259666686966,O
a,CCONJ,J^-------------,cc,,,,,-0.0674041293077127,O
krve,NOUN,NNFS2-----A----,conj,Gen,Fem,Sing,,0.010380688159293,O
této,DET,PDFS2----------,det,Gen,Fem,Sing,,0.107516674115517,O
osoby“,NOUN,NNFS2-----A----,nmod,Gen,Fem,Sing,,0.04107162297617,O
",",PUNCT,Z:-------------,punct,,,,,0.1356355571660372,O
což,PRON,PQ--1----------,nsubj,Nom,,,,0.0007570090075684,O
přimělo,VERB,VpNS----R-AAP--,conj,,Neut,Sing,,-0.0108409439915741,O
úředníky,NOUN,NNMP4-----A----,iobj,Acc,Masc,Plur,Anim,-0.0157203013036105,O
",",PUNCT,Z:-------------,punct,,,,,0.1078850651683427,O
aby,AUX,Vc-------------,aux,,,,,0.1404275015329528,O
tuto,DET,PDFS4----------,det,Acc,Fem,Sing,,-0.0395361485372059,O
osobu,NOUN,NNFS4-----A----,obj,Acc,Fem,Sing,,0.0237357750810233,O
umístili,VERB,VpMP----R-AAP--,ccomp,,Masc,Plur,Anim,0.0270850061855361,O
do,ADP,RR--2----------,case,Gen,,,,0.0263882875653448,O
karantény,NOUN,NNFS2-----A----,obl,Gen,Fem,Sing,,0.0848267054745285,O
a,CCONJ,J^-------------,cc,,,,,0.0090103823724177,O
vyšetřili,VERB,VpMP----R-AAP--,conj,,Masc,Plur,Anim,0.0657648089821115,O
každého,DET,AAMS4----1A----,obj,Acc,Masc,Sing,Anim,0.0336788708522533,O
",",PUNCT,Z:-------------,punct,,,,,0.1514148533557878,O
s,ADP,RR--7----------,case,Ins,,,,-0.0108759762136316,O
kým,PRON,PQ--7----------,obl:arg,Ins,,,Anim,0.0170100691047809,O
mohla,VERB,VpQW----R-AAI--,acl:relcl,,"Fem,Neut","Plur,Sing",,-0.0120420180165689,O
být,AUX,Vf--------A-I--,xcomp,,,,,-0.0194275554180413,O
v,ADP,RR--6----------,case,Loc,,,,0.0489307025310402,O
kontaktu,NOUN,NNIS6-----A----,obl,Loc,Masc,Sing,Inan,0.0467700632651414,O
.,PUNCT,Z:-------------,punct,,,,,0.0951832144751808,O
Mluvčí,NOUN,NNMS1-----A----,nsubj,Nom,Masc,Sing,Anim,0.4208528565028362,O
penzijních,ADJ,AAMP2----1A----,amod,Gen,Masc,Plur,Anim,0.2366829961780643,O
správců,NOUN,NNMP2-----A----,nmod,Gen,Masc,Plur,Anim,0.0206353752714312,O
CK,NOUN,BNXXX-----A----,nmod,,,,,-0.1939703314092387,B-if
Thomas,PROPN,NNMS1-----A----,flat,Nom,Masc,Sing,Anim,0.0086630407236137,B-P|B-pf
Cook,PROPN,NNMS1-----A----,flat,Nom,Masc,Sing,Anim,0.2172389235210269,I-P|B-ps
v,ADP,RR--4----------,case,Acc,,,,0.0097675694600403,O
pátek,NOUN,NNIS4-----A----,obl,Acc,Masc,Sing,Inan,-0.3442035763929181,O
odmítl,VERB,VpYS----R-AAP-1,root,,Masc,Sing,,0.17311895238775,O
celou,ADJ,AAFS4----1A----,amod,Acc,Fem,Sing,,-0.02717734630345,O
věc,NOUN,NNFS4-----A----,obj,Acc,Fem,Sing,,-0.1284401072245326,O
komentovat,VERB,Vf--------A-B--,xcomp,,,,,0.2140456457972939,O
.,PUNCT,Z:-------------,punct,,,,,-0.2789166376228201,O
Děkuji,VERB,VB-S---1P-AAI-1,root,,,Sing,,0.1199635145508808,O
za,ADP,RR--4----------,case,Acc,,,,-0.0944787170299642,O
čekání,NOUN,NNNS4-----A----,obl:arg,Acc,Neut,Sing,,0.1570175503291516,O
.,PUNCT,Z:-------------,punct,,,,,-0.2023248521617672,O
Ekonomický,ADJ,AAMS1----1A----,amod,Nom,Masc,Sing,Anim,-0.1178550660097441,O
poradce,NOUN,NNMS1-----A----,nsubj,Nom,Masc,Sing,Anim,0.0419474460701568,O
Bílého,ADJ,AAIS2----1A----,amod,Gen,Masc,Sing,Inan,-0.0048721928815948,B-io
domu,NOUN,NNIS2-----A----,nmod,Gen,Masc,Sing,Inan,0.0393546443694477,I-io
Larry,PROPN,NNMS1-----A----,flat,Nom,Masc,Sing,Anim,-0.0323068391669145,B-P|B-pf
Kudlow,PROPN,NNMS1-----A----,flat,Nom,Masc,Sing,Anim,-0.0778179517543416,I-P|B-ps
v,ADP,RR--4----------,case,Acc,,,,-0.0176033697686952,O
neděli,NOUN,NNFS4-----A----,obl,Acc,Fem,Sing,,0.0006161886509597,O
slíbil,VERB,VpYS----R-AAP--,root,,Masc,Sing,,0.0116976907213529,O
",",PUNCT,Z:-------------,punct,,,,,0.1352649571355264,O
že,SCONJ,"J,-------------",mark,,,,,-0.1236287411752569,O
federální,ADJ,AAFS1----1A----,amod,Nom,Fem,Sing,,-0.0012778431579692,O
vláda,NOUN,NNFS1-----A----,nsubj,Nom,Fem,Sing,,0.0088709873813352,O
prodlouží,VERB,VB-S---3P-AAP--,ccomp,,,Sing,,-0.0078811313053933,O
moratorium,NOUN,NNNS4-----A----,obj,Acc,Neut,Sing,,0.0089155688161818,O
na,ADP,RR--4----------,case,Acc,,,,-0.0475042579294093,O
vystěhování,NOUN,NNNS4-----A----,nmod,Acc,Neut,Sing,,0.2093854421588936,O
a,CCONJ,J^-------------,cc,,,,,-0.1540863659419035,O
rozešle,VERB,VB-S---3P-AAP--,conj,,,Sing,,0.0972267891610872,O
další,ADJ,AANS4----1A----,amod,Acc,Neut,Sing,,-0.0856532071863426,O
kolo,NOUN,NNNS4-----A----,obj,Acc,Neut,Sing,,-0.025510350986531,O
šeků,NOUN,NNIP2-----A----,nmod,Gen,Masc,Plur,Inan,0.0414665255904678,O
jako,SCONJ,"J,-------------",mark,,,,,0.1812607223511764,O
součást,NOUN,NNFS4-----A----,xcomp,Acc,Fem,Sing,,0.1029303648500301,O
příštího,ADJ,AAIS2----1A----,amod,Gen,Masc,Sing,Inan,-0.0270941709517146,O
stimulačního,ADJ,AAIS2----1A----,amod,Gen,Masc,Sing,Inan,0.0789962667547013,O
balíčku,NOUN,NNIS2-----A----,nmod,Gen,Masc,Sing,Inan,0.0461604851257352,O
o,ADP,RR--6----------,case,Loc,,,,0.0475342933092044,O
koronavirech,NOUN,NNIP6-----A----,nmod,Loc,Masc,Plur,Inan,0.1772592536416685,O
.,PUNCT,Z:-------------,punct,,,,,0.6062049376727913,O
De,X,F%-------------,nmod,,,,,-0.1141690630168795,B-ps
Klerk,PROPN,NNMS1-----A----,nsubj,Nom,Masc,Sing,Anim,0.1043457680937226,I-ps
se,PRON,P7-X4----------,expl:pv,Acc,,,,0.1929198660026118,O
také,ADV,Db-------------,advmod,,,,,0.0381231133423415,O
v,ADP,RR--6----------,case,Loc,,,,0.1548826641679806,O
roce,NOUN,NNIS6-----A---1,obl,Loc,Masc,Sing,Inan,0.0529050345136968,O
1993,NUM,C=-------------,nummod,,,,,0.0408628772583146,B-ty
dělil,VERB,VpYS----R-AAI--,root,,Masc,Sing,,0.0331167075479777,O
o,ADP,RR--4----------,case,Acc,,,,-0.0026837852767953,O
Nobelovu,ADJ,AUFS4M---------,amod,Acc,Fem,Sing,,0.0277592865456056,B-oa|B-ps
cenu,NOUN,NNFS4-----A----,obl:arg,Acc,Fem,Sing,,0.0120727640564664,I-oa
s,ADP,RR--7----------,case,Ins,,,,0.0704559955940823,O
Mandelou,PROPN,NNMS7-----A----,obl:arg,Ins,Masc,Sing,Anim,0.1063246722457077,B-ps
poté,ADV,Db-------------,advmod,,,,,-0.0163802474186948,O
",",PUNCT,Z:-------------,punct,,,,,0.1068724481207944,O
co,SCONJ,"J,-------------",mark,,,,,0.0466123446416297,O
ho,PRON,P5ZS4--3-------,obj,Acc,"Masc,Neut",Sing,,-0.7482311129721135,O
v,ADP,RR--6----------,case,Loc,,,,0.1395400665600349,O
roce,NOUN,NNIS6-----A---1,obl,Loc,Masc,Sing,Inan,0.0007686664817154,O
1990,NUM,C=-------------,nummod,,,,,-0.0033297353623476,B-ty
osvobodil,VERB,VpYS----R-AAP--,advcl,,Masc,Sing,,0.0547885307459204,O
z,ADP,RR--2----------,case,Gen,,,,0.0265159833751272,O
vězení,NOUN,NNNS2-----A----,obl,Gen,Neut,Sing,,0.0386416324715628,O
.,PUNCT,Z:-------------,punct,,,,,-0.3464898021575324,O
Alford,PROPN,NNMS1-----A----,nsubj,Nom,Masc,Sing,Anim,0.0421448810597654,B-ps
se,PRON,P7-X4----------,expl:pv,Acc,,,,0.0768589345183625,O
vrátil,VERB,VpYS----R-AAP--,root,,Masc,Sing,,-0.0200913049149311,O
na,ADP,RR--4----------,case,Acc,,,,0.0050525636309417,O
místo,NOUN,NNNS4-----A----,obl,Acc,Neut,Sing,,-0.1312939138066436,O
činu,NOUN,NNIS2-----A----,nmod,Gen,Masc,Sing,Inan,-0.0172163877311181,O
přesně,ADV,Dg-------1A----,advmod:emph,,,,,-0.0853481261736056,O
rok,NOUN,NNIS4-----A----,obl,Acc,Masc,Sing,Inan,0.0378123999832207,O
poté,ADV,Db-------------,advmod,,,,,-0.2396707138603963,O
",",PUNCT,Z:-------------,punct,,,,,0.0607644775863927,O
co,SCONJ,"J,-------------",mark,,,,,0.1064281957745584,O
byl,AUX,VpYS----R-AAI--,aux:pass,,Masc,Sing,,-0.0044825722534813,O
jeho,DET,P9XXXZS3-------,det,,,,,-0.0283810551075397,O
syn,NOUN,NNMS1-----A----,nsubj:pass,Nom,Masc,Sing,Anim,0.1694954228634774,O
Guy,PROPN,NNMS1-----A----,flat,Nom,Masc,Sing,Anim,-0.0062869839273175,B-P|B-pf
Alford,PROPN,NNMS1-----A----,flat,Nom,Masc,Sing,Anim,0.0772373989375743,I-P|B-ps
III,NUM,C}-------------,nummod,,,,,0.1214954316558499,I-P|B-no
.,PUNCT,Z:-------------,punct,,,,,-0.0069556350030322,I-P|I-no
zastřelen,ADJ,VsYS----X-APP--,advcl,,Masc,Sing,,0.2700583948357846,O
v,ADP,RR--6----------,case,Loc,,,,0.2204630771649586,O
hotelu,NOUN,NNIS6-----A----,obl,Loc,Masc,Sing,Inan,-0.044057239991532,O
Jack,X,F%-------------,nmod,,,,,0.2200290685048921,B-if
In,X,F%-------------,flat:foreign,,,,,0.0395238391793383,I-if
The,X,F%-------------,flat:foreign,,,,,0.0191465603559724,I-if
Box,X,F%-------------,flat:foreign,,,,,0.0654045263346572,I-if
poblíž,ADP,RR--2----------,case,Gen,,,,0.3862070632402496,O
52,NUM,C=-------------,nummod,,,,,-0.0888226141360722,B-no
.,PUNCT,Z:-------------,punct,,,,,-0.0324085678365979,O
a,CCONJ,J^-------------,cc,,,,,0.0302931648484731,O
Atlantic,X,F%-------------,conj,,,,,0.1161566752947779,B-ps
.,PUNCT,Z:-------------,punct,,,,,0.0793658121913297,O
řekl,VERB,VpYS----R-AAP--,root,,Masc,Sing,,-0.1185091955600365,O
",",PUNCT,Z:-------------,punct,,,,,0.1294314873713944,O
že,SCONJ,"J,-------------",mark,,,,,-0.1043565065353721,O
chce,VERB,VB-S---3P-AAI--,ccomp,,,Sing,,0.0795516538744444,O
upozornit,VERB,Vf--------A-P--,xcomp,,,,,0.0457234409801824,O
na,ADP,RR--4----------,case,Acc,,,,-0.0082870717497668,O
nevyřešenou,ADJ,AAFS4----1N----,amod,Acc,Fem,Sing,,0.0887414607859424,O
vraždu,NOUN,NNFS4-----A----,obl:arg,Acc,Fem,Sing,,-0.0343059786313132,O
svého,DET,P8ZS2----------,det,Gen,"Masc,Neut",Sing,,-0.0996849491592761,O
syna,NOUN,NNMS2-----A----,nmod,Gen,Masc,Sing,Anim,0.1406075301546177,O
.,PUNCT,Z:-------------,punct,,,,,0.3233581816467702,O
Pak,ADV,Db-------------,advmod,,,,,-0.2332059437970779,O
jsem,AUX,VB-S---1P-AAI--,aux,,,Sing,,-0.1743176791398196,O
měl,VERB,VpYS----R-AAI--,root,,Masc,Sing,,0.3881505508642913,O
zjevení,NOUN,NNNS4-----A----,obj,Acc,Neut,Sing,,0.2486311077752659,O
a,CCONJ,J^-------------,cc,,,,,0.1013086118683891,O
zkusil,VERB,VpYS----R-AAP--,conj,,Masc,Sing,,-0.027152808111915,O
jsem,AUX,VB-S---1P-AAI--,aux,,,Sing,,0.669339301560997,O
Mezizubní,ADJ,AAIP4----1A----,amod,Acc,Masc,Plur,Inan,0.0478729435953933,O
kartáčky,NOUN,NNIP4-----A----,obj,Acc,Masc,Plur,Inan,0.1097409292142474,O
a,CCONJ,J^-------------,cc,,,,,-0.0145733645171678,O
fungují,VERB,VB-P---3P-AAI--,conj,,,Plur,,-0.048124334699946,O
.,PUNCT,Z:-------------,punct,,,,,0.1796023520547029,O
.,PUNCT,Z:-------------,punct,,,,,0.1609583551175735,O
.,PUNCT,Z:-------------,punct,,,,,0.1141324183764389,O
Nicméně,CCONJ,J^-------------,cc,,,,,0.3262473990480513,O
nedávný,ADJ,AAIS1----1N----,amod,Nom,Masc,Sing,Inan,0.1488674445930244,O
průzkum,NOUN,NNIS1-----A----,nsubj,Nom,Masc,Sing,Inan,0.0298978598854631,O
veřejného,ADJ,AANS2----1A----,amod,Gen,Neut,Sing,,0.0857883704712984,O
mínění,NOUN,NNNS2-----A----,nmod,Gen,Neut,Sing,,-0.0129076122293467,O
přisoudil,VERB,VpYS----R-AAP--,root,,Masc,Sing,,0.0343806475705439,O
Westovi,PROPN,NNMS3-----A----,obl:arg,Dat,Masc,Sing,Anim,0.1719132807512671,B-ps
dvě,NUM,CnHP4----------,nummod,Acc,"Fem,Neut",Plur,,0.0212228366369881,O
procenta,NOUN,NNNP4-----A----,obj,Acc,Neut,Plur,,0.3197025281340345,O
celostátně,ADV,Dg-------1A----,advmod,,,,,0.2805820503890783,O
",",PUNCT,Z:-------------,punct,,,,,0.0705230227500285,O
krk,NOUN,NNIS4-----A----,dep,Acc,Masc,Sing,Inan,0.1834901748172327,O
na,ADP,RR--6----------,case,Loc,,,,0.1608527468630108,O
krku,NOUN,NNIS6-----A----,nmod,Loc,Masc,Sing,Inan,0.2143279321505532,O
s,ADP,RR--7----------,case,Ins,,,,0.0989003750850412,O
Jo,PROPN,NNMXX-----A----,nmod,,Masc,,Anim,0.3743203381332707,B-P|B-pf
Jorgensenem,PROPN,NNMS7-----A----,flat,Ins,Masc,Sing,Anim,0.1732499177970934,I-P|B-ps
z,ADP,RR--2----------,case,Gen,,,,0.0883110077257448,O
Libertariánské,ADJ,AAFS2----1A----,amod,Gen,Fem,Sing,,0.1374016352216447,B-io
strany,NOUN,NNFS2-----A----,nmod,Gen,Fem,Sing,,-0.0331572014860391,I-io
a,CCONJ,J^-------------,cc,,,,,-0.0945843927892161,O
bod,NOUN,NNIS4-----A----,conj,Acc,Masc,Sing,Inan,0.2323402113274744,O
před,ADP,RR--7----------,case,Ins,,,,0.0669115896141828,O
Howiem,PROPN,NNMS7-----A----,nmod,Ins,Masc,Sing,Anim,-0.0489227438554405,B-P|B-pf
Hawkinsem,PROPN,NNMS7-----A----,flat,Ins,Masc,Sing,Anim,0.0413754655149877,I-P|B-ps
ze,ADP,RV--2----------,case,Gen,,,,0.1801469258894911,O
Strany,NOUN,NNFS2-----A----,nmod,Gen,Fem,Sing,,0.0420512972556397,B-io
zelených,ADJ,AAMP2----1A----,amod,Gen,Masc,Plur,Anim,0.1808659507647827,I-io
.,PUNCT,Z:-------------,punct,,,,,0.1700206543231232,O
Dva,NUM,CnYP4----------,nummod,Acc,Masc,Plur,,0.1475191900796345,O
dny,NOUN,NNIP4-----A----,obl,Acc,Masc,Plur,Inan,-0.0524901968068663,O
poté,ADV,Db-------------,advmod,,,,,-0.0169205248384068,O
",",PUNCT,Z:-------------,punct,,,,,0.066371503303833,O
co,SCONJ,"J,-------------",mark,,,,,0.250996935859109,O
se,PRON,P7-X4----------,expl:pv,Acc,,,,0.180042123681435,O
příběh,NOUN,NNIS1-----A----,nsubj,Nom,Masc,Sing,Inan,-0.0645048433859363,O
o,ADP,RR--6----------,case,Loc,,,,0.0577758261230646,O
tom,DET,PDZS6----------,det,Loc,"Masc,Neut",Sing,,0.0070229074463032,O
",",PUNCT,Z:-------------,punct,,,,,0.1462131298626927,O
jak,ADV,Db-------------,advmod,,,,,0.0135937453789427,O
městští,ADJ,AAMP1----1A----,amod,Nom,Masc,Plur,Anim,0.0394652522602757,O
policisté,NOUN,NNMP1-----A----,nsubj,Nom,Masc,Plur,Anim,0.0521150262479911,O
v,ADP,RR--6----------,case,Loc,,,,0.1679436567594338,O
Indauru,PROPN,NNIS6-----A----,obl,Loc,Masc,Sing,Inan,0.1862852047742859,B-gu
převrhli,VERB,VpMP----R-AAP-1,acl,,Masc,Plur,Anim,0.2816905529616933,O
vozík,NOUN,NNIS4-----A----,obj,Acc,Masc,Sing,Inan,0.0242978291866318,O
s,ADP,RR--7----------,case,Ins,,,,0.0790100520022632,O
vejci,NOUN,NNNP7-----A----,nmod,Ins,Neut,Plur,,0.0313762763668421,O
13letého,ADJ,AAMS2----1A----,amod,Gen,Masc,Sing,Anim,0.0164402159382126,B-na
prodavače,NOUN,NNMS2-----A----,obj,Gen,Masc,Sing,Anim,0.079764621586386,O
vajec,NOUN,NNNP2-----A----,nmod,Gen,Neut,Plur,,0.1441284403248914,O
",",PUNCT,Z:-------------,punct,,,,,0.1034086824197943,O
objevil,VERB,VpYS----R-AAP--,advcl,,Masc,Sing,,-0.0544763389207181,O
na,ADP,RR--6----------,case,Loc,,,,0.1217202163797741,O
sociálních,ADJ,AANP6----1A----,amod,Loc,Neut,Plur,,-0.0403619986103427,O
médiích,NOUN,NNNP6-----A----,obl,Loc,Neut,Plur,,0.0425194297419182,O
",",PUNCT,Z:-------------,punct,,,,,0.0450235582315139,O
byl,AUX,VpYS----R-AAI--,aux:pass,,Masc,Sing,,0.0542640756700483,O
tento,DET,PDYS1----------,det,Nom,Masc,Sing,,0.0625270286976687,O
chlapec,NOUN,NNMS1-----A----,nsubj:pass,Nom,Masc,Sing,Anim,0.1859450214226244,O
zavalen,ADJ,VsYS----X-APP--,root,,Masc,Sing,,0.0264241321976913,O
ohromnou,ADJ,AAFS7----1A----,amod,Ins,Fem,Sing,,0.1726946435449769,O
vlnou,NOUN,NNFS7-----A----,obl,Ins,Fem,Sing,,0.2345580620542761,O
podpory,NOUN,NNFS2-----A----,nmod,Gen,Fem,Sing,,0.0316312232528108,O
od,ADP,RR--2----------,case,Gen,,,,0.1676084958922886,O
lidí,NOUN,NNMP2-----A----,nmod,Gen,Masc,Plur,Anim,-0.0378286280171167,O
z,ADP,RR--2----------,case,Gen,,,,0.030680556178529,O
celé,ADJ,AAFS2----1A----,amod,Gen,Fem,Sing,,0.0061721595253344,O
země,NOUN,NNFS2-----A----,nmod,Gen,Fem,Sing,,0.1275884891920353,O
",",PUNCT,Z:-------------,punct,,,,,0.0414421391734417,O
kteří,DET,P4MP1----------,nsubj,Nom,Masc,Plur,Anim,0.0131234867787737,O
se,PRON,P7-X4----------,expl:pv,Acc,,,,-0.020916170517607,O
snažili,VERB,VpMP----R-AAI--,acl:relcl,,Masc,Plur,Anim,0.0549435354771323,O
vynahradit,VERB,Vf--------A-P--,xcomp,,,,,0.2360211460602499,O
mu,PRON,P5ZS3--3-------,obl:arg,Dat,"Masc,Neut",Sing,,0.0138372388050984,O
ztráty,NOUN,NNFP4-----A----,obj,Acc,Fem,Plur,,0.1249409366215464,O
a,CCONJ,J^-------------,cc,,,,,0.0694895557174903,O
znovu,ADV,Db-------------,advmod,,,,,0.0260897394116178,O
rozjet,VERB,Vf--------A-P--,conj,,,,,0.0569839384557136,O
obchod,NOUN,NNIS4-----A----,obj,Acc,Masc,Sing,Inan,0.0606267106682028,O
.,PUNCT,Z:-------------,punct,,,,,-0.3547931361652391,O
Protesty,NOUN,NNIP4-----A----,obj,Acc,Masc,Plur,Inan,0.2813671024590566,O
v,ADP,RR--4----------,case,Acc,,,,-0.0798665848072677,O
sobotu,NOUN,NNFS4-----A----,obl,Acc,Fem,Sing,,-0.0928080911468868,O
v,ADP,RR--4----------,case,Acc,,,,0.0828188295823274,O
podvečer,NOUN,NNIS4-----A----,obl,Acc,Masc,Sing,Inan,0.1323899469161955,O
zahájily,VERB,VpTP----R-AAP--,root,,"Fem,Masc",Plur,Inan,0.0932037494890979,O
skupiny,NOUN,NNFP1-----A----,nsubj,Nom,Fem,Plur,,-0.0726957992048834,O
jako,SCONJ,"J,-------------",mark,,,,,0.2492804423970971,O
Wall,X,F%-------------,appos,,,,,0.006467552442529,B-ic
of,X,F%-------------,flat:foreign,,,,,-0.0277260025966466,I-ic
Moms“,X,F%-------------,flat:foreign,,,,,0.2139783512473376,I-ic
podobné,ADJ,AAFS3----1A----,amod,Dat,Fem,Sing,,-0.2589425613404796,O
skupině,NOUN,NNFS3-----A----,obl:arg,Dat,Fem,Sing,,-0.003301429947201,O
",",PUNCT,Z:-------------,punct,,,,,0.1951236259062002,O
jež,PRON,P4FS1----------,nsubj,Nom,Fem,Sing,,0.1166325998785662,O
se,PRON,P7-X4----------,expl:pv,Acc,,,,0.1271826996620659,O
vytvořila,VERB,VpQW----R-AAP--,acl:relcl,,"Fem,Neut","Plur,Sing",,-0.0189106094710919,O
v,ADP,RR--6----------,case,Loc,,,,0.143984951005095,O
Portlandu,PROPN,NNIS6-----A---1,obl,Loc,Masc,Sing,Inan,0.1365444602330083,B-gr
ve,ADP,RV--6----------,case,Loc,,,,-0.0997709691580925,O
státě,NOUN,NNIS6-----A----,nmod,Loc,Masc,Sing,Inan,0.0721382375986762,O
Oregon,PROPN,NNIS1-----A----,nmod,Nom,Masc,Sing,Inan,0.0001108051963694,B-gr
.,PUNCT,Z:-------------,punct,,,,,0.0120184689702486,O
Protestující,ADJ,AGMP1-----A----,nsubj,Nom,Masc,Plur,Anim,0.1245792624115054,O
čelili,VERB,VpMP----R-AAI--,root,,Masc,Plur,Anim,0.1081143336958973,O
federálním,ADJ,AAMP3----1A----,amod,Dat,Masc,Plur,Anim,0.077712236859957,O
agentům,NOUN,NNMP3-----A----,obl:arg,Dat,Masc,Plur,Anim,0.1164072298568324,O
nasazeným,ADJ,AAMP3----1A----,amod,Dat,Masc,Plur,Anim,0.2320318627278977,O
do,ADP,RR--2----------,case,Gen,,,,-0.0239295764660889,O
města,NOUN,NNNS2-----A----,obl,Gen,Neut,Sing,,-0.0892472282425901,O
s,ADP,RR--7----------,case,Ins,,,,-0.01146878015124,O
cílem,NOUN,NNIS7-----A----,obl,Ins,Masc,Sing,Inan,-0.0414977090169406,O
chránit,VERB,Vf--------A-I--,acl,,,,,-0.0013742048673836,O
budovu,NOUN,NNFS4-----A----,obj,Acc,Fem,Sing,,0.0470939679285549,O
federálního,ADJ,AAIS2----1A----,amod,Gen,Masc,Sing,Inan,0.3579417688778115,O
soudu,NOUN,NNIS2-----A----,nmod,Gen,Masc,Sing,Inan,0.2932068442652471,O
.,PUNCT,Z:-------------,punct,,,,,-0.0555480342196789,O
Podle,ADP,RR--2----------,case,Gen,,,,-0.2218394570137399,O
meteorologa,NOUN,NNMS2-----A----,obl,Gen,Masc,Sing,Anim,0.0181151227822828,O
Colorado,X,F%-------------,nmod,,,,,0.0348841173836162,B-ic
State,X,F%-------------,flat:foreign,,,,,0.0053273200227949,I-ic
University,X,F%-------------,flat:foreign,,,,,-0.0399891767690177,I-ic
Philipa,PROPN,NNMS2-----A----,flat,Gen,Masc,Sing,Anim,-0.0262002789304598,B-P|B-pf
Klotzbacha,PROPN,NNMS2-----A----,flat,Gen,Masc,Sing,Anim,0.0869759756741614,I-P|B-ps
západní,ADJ,AAFS1----1A----,amod,Nom,Fem,Sing,,-0.0268214038408712,O
polokoule,NOUN,NNFS1-----A----,nsubj,Nom,Fem,Sing,,-0.0729819288659645,O
",",PUNCT,Z:-------------,punct,,,,,-0.4943410787282679,O
která,DET,P4FS1----------,nsubj,Nom,Fem,Sing,,0.0637894004630774,O
zahrnuje,VERB,VB-S---3P-AAI--,acl:relcl,,,Sing,,0.0887038181008469,O
atlantský,ADJ,AAIS4----1A----,amod,Acc,Masc,Sing,Inan,0.0685011249417565,O
a,CCONJ,J^-------------,cc,,,,,-0.0355874312767024,O
východní,ADJ,AAIS4----1A----,conj,Acc,Masc,Sing,Inan,0.0615701617486538,O
Pacifik,PROPN,NNIS4-----A----,obj,Acc,Masc,Sing,Inan,-0.0829468646680975,B-gl
",",PUNCT,Z:-------------,punct,,,,,-0.1054453334267761,O
vytvořila,VERB,VpQW----R-AAP--,root,,"Fem,Neut","Plur,Sing",,-0.0043675751724337,O
od,ADP,RR--2----------,case,Gen,,,,0.002180143615094,O
srpna,NOUN,NNIS2-----A----,obl,Gen,Masc,Sing,Inan,-0.1009301674268236,B-tm
16,NUM,C=-------------,obj,,,,,-0.0872338537236023,B-nc
16,NUM,C=-------------,nummod:gov,,,,,0.0681032946970852,B-nc
pojmenovaných,ADJ,AAFP2----1A----,amod,Gen,Fem,Plur,,0.0834950178446408,O
bouří,NOUN,NNFP2-----A----,obj,Gen,Fem,Plur,,-0.0329958445838431,O
.,PUNCT,Z:-------------,punct,,,,,0.181761342547762,O
21,NUM,C=-------------,root,,,,,0.0681373734045813,B-ni
.,PUNCT,Z:-------------,punct,,,,,-0.3468107795418825,O
Řekl,VERB,VpYS----R-AAP--,root,,Masc,Sing,,0.057572630225966,O
:,PUNCT,Z:-------------,punct,,,,,0.0246856145301434,O
Moje,DET,PSHS1-S1-------,det,Nom,"Fem,Neut",Sing,,-0.1233142082136959,O
zkušenost,NOUN,NNFS1-----A----,nsubj,Nom,Fem,Sing,,-0.050488087753771,O
s,ADP,RR--7----------,case,Ins,,,,-0.0379356027858426,O
daněmi,NOUN,NNFP7-----A----,nmod,Ins,Fem,Plur,,-0.0295067430989102,O
",",PUNCT,Z:-------------,punct,,,,,0.0180551858848602,O
když,SCONJ,"J,-------------",mark,,,,,0.043202207673577,O
jste,AUX,VB-P---2P-AAI--,advcl,,,Plur,,0.0221175089127689,O
v,ADP,RR--6----------,case,Loc,,,,0.066208842334968,O
Labouristické,ADJ,AAFS6----1A----,amod,Loc,Fem,Sing,,0.02671869884912,B-io
straně,NOUN,NNFS6-----A----,obl,Loc,Fem,Sing,,0.0090791699753249,I-io
",",PUNCT,Z:-------------,punct,,,,,-0.0514731897555422,O
je,AUX,VB-S---3P-AAI--,cop,,,Sing,,-0.116557553174472,O
opravdu,ADV,Db-------------,advmod,,,,,-0.0738761081504819,O
opatrná,ADJ,AAFS1----1A----,ccomp,Nom,Fem,Sing,,0.0757655691591869,O
",",PUNCT,Z:-------------,punct,,,,,0.1022925059280364,O
protože,SCONJ,"J,-------------",mark,,,,,-0.0926918503659708,O
veřejnost,NOUN,NNFS1-----A----,nsubj,Nom,Fem,Sing,,-0.0214457143540555,O
tam,ADV,Db-------------,advmod,,,,,-0.1144985588365152,O
venku,ADV,Db-------------,advmod,,,,,-0.089482682982731,O
nesedí,VERB,VB-P---3P-NAI--,advcl,,,Plur,,0.1206712452951768,O
",",PUNCT,Z:-------------,punct,,,,,0.1058602399848634,O
obávají,VERB,VB-P---3P-AAI--,conj,,,Plur,,0.0046359393592649,O
se,PRON,P7-X4----------,expl:pv,Acc,,,,0.0978141042155323,O
",",PUNCT,Z:-------------,punct,,,,,0.151429568377673,O
zda,SCONJ,"J,-------------",mark,,,,,0.0018193332414326,O
budete,AUX,VB-P---2F-AAI--,aux,,,Plur,,0.160542802561118,O
zvyšovat,VERB,Vf--------A-I--,ccomp,,,,,0.1599066676942306,O
daně,NOUN,NNFP4-----A----,obj,Acc,Fem,Plur,,0.0045516003992861,O
nebo,CCONJ,J^-------------,cc,,,,,0.0764639455515595,O
ne,PART,TT-------------,conj,,,,,0.0357390716574381,O
",",PUNCT,Z:-------------,punct,,,,,0.0253919504481919,O
pravděpodobně,ADV,Dg-------1A----,advmod,,,,,-0.0684745378390493,O
se,PRON,P7-X4----------,expl:pv,Acc,,,,0.1981016103375615,O
obávají,VERB,VB-P---3P-AAI--,conj,,,Plur,,-0.0056984974898779,O
",",PUNCT,Z:-------------,punct,,,,,0.0626339259047257,O
že,SCONJ,"J,-------------",mark,,,,,-0.0256817226612507,O
budete,AUX,VB-P---2F-AAI--,aux,,,Plur,,0.0790651312332557,O
zvyšovat,VERB,Vf--------A-I--,ccomp,,,,,0.2205073702973413,O
daně,NOUN,NNFP4-----A----,obj,Acc,Fem,Plur,,0.0341043432096908,O
",",PUNCT,Z:-------------,punct,,,,,0.2096340038701265,O
takže,SCONJ,"J,-------------",mark,,,,,0.2692646845877137,O
musíte,VERB,VB-P---2P-AAI--,advcl,,,Plur,,-0.1666977508326244,O
mít,VERB,Vf--------A-I--,xcomp,,,,,0.1935646690575254,O
na,ADP,RR--4----------,case,Acc,,,,0.0215163535569478,O
to,DET,PDNS4----------,det,Acc,Neut,Sing,,-0.0551110152072287,O
pozor,NOUN,NNIS4-----A----,obj,Acc,Masc,Sing,Inan,0.1643066907038028,O
.,PUNCT,Z:-------------,punct,,,,,0.0687181798008581,O
“,PUNCT,Z:-------------,punct,,,,,-0.0384611515703097,O
To,DET,PDNS1----------,nsubj,Nom,Neut,Sing,,0.2404423305868457,O
",",PUNCT,Z:-------------,punct,,,,,0.021375531508081,O
co,PRON,PQ--1----------,nsubj,Nom,,,Inan,0.1380784357234182,O
začalo,VERB,VpNS----R-AAP--,acl:relcl,,Neut,Sing,,-0.1086488421156859,O
jako,SCONJ,"J,-------------",mark,,,,,0.038696301577723,O
webový,ADJ,AAIS1----1A----,amod,Nom,Masc,Sing,Inan,-0.0802871483709726,O
vyhledávač,NOUN,NNIS1-----A----,xcomp,Nom,Masc,Sing,Inan,-0.0694943285971963,O
",",PUNCT,Z:-------------,punct,,,,,0.0228032791458787,O
se,PRON,P7-X4----------,expl:pv,Acc,,,,0.0786313393686366,O
od,ADP,RR--2----------,case,Gen,,,,-0.1051955764377391,O
té,DET,PDFS2----------,det,Gen,Fem,Sing,,-0.0401713936374386,O
doby,NOUN,NNFS2-----A----,obl,Gen,Fem,Sing,,-0.0144171045949995,O
změnilo,VERB,VpNS----R-AAP--,root,,Neut,Sing,,0.1969464311349157,O
v,ADP,RR--4----------,case,Acc,,,,-0.0251613599140886,O
masivní,ADJ,AAIS4----1A----,amod,Acc,Masc,Sing,Inan,-0.0357631499759834,O
konglomerát,NOUN,NNIS4-----A----,obl:arg,Acc,Masc,Sing,Inan,0.2014055711347624,O
",",PUNCT,Z:-------------,punct,,,,,0.2497585096558678,O
který,DET,P4YS1----------,nsubj,Nom,Masc,Sing,,-0.0016403609768129,O
si,PRON,P7--3----------,expl:pv,Dat,,,,-0.2197923490138678,O
říká,VERB,VB-S---3P-AAI--,acl:relcl,,,Sing,,-0.1787643159930659,O
Alphabet,PROPN,NNIS1-----A----,obj,Nom,Masc,Sing,Inan,-0.0631387825291229,B-if
a,CCONJ,J^-------------,cc,,,,,0.0998161811137991,O
Google,PROPN,NNIS1-----A----,nsubj,Nom,Masc,Sing,Inan,0.0940756050019862,B-if
je,AUX,VB-S---3P-AAI--,cop,,,Sing,,-0.0346084483389637,O
dceřinou,ADJ,AAFS7----1A----,amod,Ins,Fem,Sing,,0.2339263882995473,O
společností,NOUN,NNFS7-----A----,conj,Ins,Fem,Sing,,-0.0356090831111957,O
.,PUNCT,Z:-------------,punct,,,,,0.1203664093776979,O
Dnes,ADV,Db-------------,advmod,,,,,0.1261479695977455,O
Google,PROPN,NNIS1-----A----,nsubj,Nom,Masc,Sing,Inan,0.0528154684166256,B-if
působí,VERB,VB-S---3P-AAI--,root,,,Sing,,-0.0616197479130744,O
po,ADP,RR--6----------,case,Loc,,,,0.1632894285493408,O
celém,ADJ,AAIS6----1A----,amod,Loc,Masc,Sing,Inan,-0.0797679152027109,O
světě,NOUN,NNIS6-----A----,obl,Loc,Masc,Sing,Inan,0.0518106579751414,O
ve,ADP,RV--6----------,case,Loc,,,,-0.006166081474295,O
více,ADV,Dg-------2A----,advmod,,,,,-0.0893998619159058,O
než,SCONJ,"J,-------------",mark,,,,,0.014357316217898,O
100,NUM,C=-------------,obl,,,,,0.0127886330090442,B-nc
jazycích,NOUN,NNIP6-----A----,obl,Loc,Masc,Plur,Inan,0.0948569445351912,O
a,CCONJ,J^-------------,cc,,,,,0.0074723216964773,O
každý,DET,AAIS4----1A----,det,Acc,Masc,Sing,Inan,-0.0880759471063109,O
rok,NOUN,NNIS4-----A----,obl,Acc,Masc,Sing,Inan,-0.0645386930577246,O
odpovídá,VERB,VB-S---3P-AAI--,conj,,,Sing,,-0.0324935297299298,O
na,ADP,RR--4----------,case,Acc,,,,0.0091306687348102,O
biliony,DET,CzIP4----------,obl:arg,Acc,Masc,Plur,Inan,0.0580015102393449,O
vyhledávacích,ADJ,AAIP2----1A----,amod,Gen,Masc,Plur,Inan,0.0949550846172889,O
dotazů,NOUN,NNIP2-----A----,nmod,Gen,Masc,Plur,Inan,0.0875805900090326,O
.,PUNCT,Z:-------------,punct,,,,,0.2439345998763429,O
Jedná,VERB,VB-S---3P-AAI--,root,,,Sing,,0.0591148274214696,O
se,PRON,P7-X4----------,expl:pv,Acc,,,,-0.1722348119136043,O
o,ADP,RR--4----------,case,Acc,,,,-0.0251547763724736,O
službu,NOUN,NNFS4-----A----,obl:arg,Acc,Fem,Sing,,0.0546607435752906,O
",",PUNCT,Z:-------------,punct,,,,,0.1528847885685155,O
která,DET,P4FS1----------,nsubj,Nom,Fem,Sing,,0.7128993494999557,O
vyžaduje,VERB,VB-S---3P-AAI--,acl:relcl,,,Sing,,-0.0463624256075053,O
podpis,NOUN,NNIS4-----A----,obj,Acc,Masc,Sing,Inan,-0.0035648946936388,O
při,ADP,RR--6----------,case,Loc,,,,0.2376506124970266,O
doručení,NOUN,NNNS6-----A----,nmod,Loc,Neut,Sing,,0.0290932725565088,O
",",PUNCT,Z:-------------,punct,,,,,0.0471075933220268,O
ale,CCONJ,J^-------------,cc,,,,,0.1213077067856966,O
je,AUX,VB-S---3P-AAI--,aux:pass,,,Sing,,0.0025067701168723,O
sledována,ADJ,VsQW----X-API--,conj,,"Fem,Neut","Plur,Sing",,0.0219130399084973,O
pouze,ADV,Db-------------,advmod:emph,,,,,0.052637231318285,O
ve,ADP,RV--6----------,case,Loc,,,,0.0899657159974024,O
Spojeném,ADJ,AANS6----1A----,amod,Loc,Neut,Sing,,0.0490360649977909,B-gc
království,NOUN,NNNS6-----A----,obl,Loc,Neut,Sing,,-0.0439696993913793,I-gc
.,PUNCT,Z:-------------,punct,,,,,-0.5089225329149788,O
Další,ADJ,AAFS1----1A----,amod,Nom,Fem,Sing,,0.1902160017213527,O
věc,NOUN,NNFS1-----A----,root,Nom,Fem,Sing,,0.0183748037181157,O
",",PUNCT,Z:-------------,punct,,,,,0.0089682101298836,O
kterou,DET,P4FS4----------,obj,Acc,Fem,Sing,,0.0309053420623407,O
bych,AUX,Vc----------Ic-,aux,,,Sing,,-0.0247601435963654,O
mohl,VERB,VpYS----R-AAI--,acl:relcl,,Masc,Sing,,-0.0083329592348595,O
udělat,VERB,Vf--------A-P--,xcomp,,,,,-0.027263600689868,O
:,PUNCT,Z:-------------,punct,,,,,0.0482542328817313,O
vést,VERB,Vf--------A-I--,appos,,,,,0.0243477867106649,O
s,ADP,RR--7----------,case,Ins,,,,-0.0076541623554725,O
vámi,PRON,PP-P7--2-------,obl:arg,Ins,,Plur,,0.0166573373195396,O
falešnou,ADJ,AAFS4----1A----,amod,Acc,Fem,Sing,,0.0222846280382076,O
e-mailovou,ADJ,AAFS4----1A----,amod,Acc,Fem,Sing,,0.0294846800237893,O
konverzaci,NOUN,NNFS4-----A----,obj,Acc,Fem,Sing,,0.3525786149381132,O
o,ADP,RR--6----------,case,Loc,,,,-0.0235288376250932,O
tom,DET,PDZS6----------,det,Loc,"Masc,Neut",Sing,,-0.0478980583186327,O
",",PUNCT,Z:-------------,punct,,,,,-0.0004768506826811,O
proč,ADV,Db-------------,advmod,,,,,-0.0200084846316744,O
vaše,DET,PSIP1-P2-------,det,Nom,"Fem,Neut",Plur,,-0.0116022696230863,O
výplatní,ADJ,AAFP1----1A----,amod,Nom,Fem,Plur,,0.0008145324143417,O
pásky,NOUN,NNFP1-----A----,nsubj,Nom,Fem,Plur,,0.0087501932701143,O
chybí,VERB,VB-P---3P-AAI-1,acl:relcl,,,Plur,,-0.0123873541447474,O
nebo,CCONJ,J^-------------,cc,,,,,0.022365588786132,O
proč,ADV,Db-------------,advmod,,,,,-0.0043400367775895,O
nefunguje,VERB,VB-S---3P-NAI--,conj,,,Sing,,-0.0163541442507874,O
vaše,DET,PSHS1-P2-------,det,Nom,"Fem,Neut",Sing,,0.012316519709184,O
heslo,NOUN,NNNS1-----A----,nsubj,Nom,Neut,Sing,,0.0359147571302979,O
(,PUNCT,Z:-------------,punct,,,,,-0.0378752377839264,O
poté,ADV,Db-------------,advmod,,,,,-0.0154333768705358,O
",",PUNCT,Z:-------------,punct,,,,,0.0069184978341814,O
co,SCONJ,"J,-------------",mark,,,,,-0.0269286050874333,O
ho,PRON,P5ZS4--3-------,obj,Acc,"Masc,Neut",Sing,,-0.0028723967811047,O
změníte,VERB,VB-P---2P-AAP--,advcl,,,Plur,,0.01421364311254,O
),PUNCT,Z:-------------,punct,,,,,-0.0367577943720217,O
a,CCONJ,J^-------------,cc,,,,,-0.0106377445141293,O
jak,ADV,Db-------------,advmod,,,,,0.0093512970850013,O
se,PRON,P7-X4----------,expl:pv,Acc,,,,-0.0024719640178383,O
na,ADP,RR--4----------,case,Acc,,,,-0.0331034461550729,O
to,DET,PDNS4----------,obl:arg,Acc,Neut,Sing,,-0.0193714010000256,O
snažíme,VERB,VB-P---1P-AAI--,conj,,,Plur,,-0.0012673210038616,O
přijít,VERB,Vf--------A-P--,xcomp,,,,,-0.031140395519496,O
",",PUNCT,Z:-------------,punct,,,,,0.0145453777033682,O
děkuji,VERB,VB-S---1P-AAI-1,conj,,,Sing,,-0.0009085446932157,O
za,ADP,RR--4----------,case,Acc,,,,0.0183537117731941,O
trpělivost,NOUN,NNFS4-----A----,obl:arg,Acc,Fem,Sing,,0.0227845729731518,O
!,PUNCT,Z:-------------,punct,,,,,0.008489048267896,O
"""",PUNCT,Z:-------------,root,,,,,0.0224689295127362,O
"""",PUNCT,Z:-------------,punct,,,,,0.0217691189908312,O
"""",PUNCT,Z:-------------,punct,,,,,-0.0180210058908937,O
V,ADP,RR--6----------,case,Loc,,,,0.0146400608001733,O
březnu,NOUN,NNIS6-----A----,obl,Loc,Masc,Sing,Inan,0.0030154695095821,B-tm
přišla,VERB,VpQW----R-AAP--,root,,"Fem,Neut","Plur,Sing",,-0.0001885125170139,O
o,ADP,RR--4----------,case,Acc,,,,-0.0144986860063761,O
vládu,NOUN,NNFS4-----A----,obl:arg,Acc,Fem,Sing,,-0.0732370362282363,O
vedenou,ADJ,AAFS4----1A----,amod,Acc,Fem,Sing,,0.293178497049439,O
Kamala,PROPN,NNMXX-----A----,obl:arg,,Masc,,Anim,0.2370170331375196,B-P|B-pf
Nathem,PROPN,NNMS7-----A----,flat,Ins,Masc,Sing,Anim,0.1657208401165081,I-P|B-ps
v,ADP,RR--6----------,case,Loc,,,,-0.0249192811024428,O
Madhya,X,F%-------------,nmod,,,,,0.1840282094217434,B-gr
Pradéši,PROPN,NNIS6-----A----,obl,Loc,Masc,Sing,Inan,0.0098771477054446,I-gr
poté,ADV,Db-------------,advmod,,,,,-0.1158222457372293,O
",",PUNCT,Z:-------------,punct,,,,,-0.0247036409383248,O
co,SCONJ,"J,-------------",mark,,,,,0.0505023950978455,O
se,PRON,P7-X4----------,expl:pv,Acc,,,,0.0306741493929912,O
Jyotiraditya,X,F%-------------,nsubj,,,,,0.0507713549926795,B-io
Scindia,X,F%-------------,flat:foreign,,,,,0.4034453984571539,I-io
připojil,VERB,VpYS----R-AAP--,advcl,,Masc,Sing,,-0.0582824665870915,O
k,ADP,RR--3----------,case,Dat,,,,-0.091587489408375,O
BJP,NOUN,BNXXX-----A----,obl,,,,,0.0489461123353748,B-io
s,ADP,RR--7----------,case,Ins,,,,-0.0163801492758915,O
22,NUM,C=-------------,nummod,,,,,-0.0440780401894047,B-nc
svými,DET,P8XP7----------,det,Ins,,Plur,,-0.0689480802361864,O
MAS,NOUN,BNXXX-----A----,obl,,,,,-0.0215747332605232,O
.,PUNCT,Z:-------------,punct,,,,,-0.0604268248612178,O
Bylo,AUX,VpNS----R-AAI--,aux:pass,,Neut,Sing,,-0.0480835357673188,O
prokázáno,ADJ,VsNS----X-APP--,root,,Neut,Sing,,0.1862122530707451,O
",",PUNCT,Z:-------------,punct,,,,,0.1500510286524386,O
že,SCONJ,"J,-------------",mark,,,,,0.1123128197699257,O
vakuová,ADJ,AAFS1----1A----,amod,Nom,Fem,Sing,,0.1672839757907909,O
terapie,NOUN,NNFS1-----A----,nsubj,Nom,Fem,Sing,,0.210440871536719,O
účinně,ADV,Dg-------1A----,advmod,,,,,0.0487883138499009,O
léčí,VERB,VB-S---3P-AAI--,csubj:pass,,,Sing,,0.0257608636932485,O
erektilní,ADJ,AAFS4----1A----,amod,Acc,Fem,Sing,,0.1586429564171521,O
dysfunkci,NOUN,NNFS4-----A----,obj,Acc,Fem,Sing,,0.0646127313189069,O
u,ADP,RR--2----------,case,Gen,,,,0.0092882693237401,O
více,ADV,Dg-------2A----,advmod,,,,,0.0932255825198938,O
než,SCONJ,"J,-------------",mark,,,,,0.0929501062293435,O
95%,NUM,C=-------------,obl,,,,,0.0540745914440283,B-nc
mužů,NOUN,NNMP2-----A----,nmod,Gen,Masc,Plur,Anim,0.0684488834492639,O
bez,ADP,RR--2----------,case,Gen,,,,0.1364050182597267,O
větších,ADJ,AAIP2----2A----,amod,Gen,Masc,Plur,Inan,0.0518337341800584,O
vedlejších,ADJ,AAIP2----1A----,amod,Gen,Masc,Plur,Inan,0.0984865206723095,O
účinků,NOUN,NNIP2-----A----,obl,Gen,Masc,Plur,Inan,0.5414336841114252,O
nebo,CCONJ,J^-------------,cc,,,,,0.0705608529722238,O
léků,NOUN,NNIP2-----A----,conj,Gen,Masc,Plur,Inan,0.1147957511279442,O
.,PUNCT,Z:-------------,punct,,,,,-0.0841363302025531,O
Doslova,ADV,Db-------------,advmod,,,,,0.1257846672600537,O
půjdou,VERB,VB-P---3F-AAI--,root,,,Plur,,0.0411311926739024,O
do,ADP,RR--2----------,case,Gen,,,,0.0635540850075461,O
skříněk,NOUN,NNFP2-----A----,obl,Gen,Fem,Plur,,0.0716028522475068,O
na,ADP,RR--4----------,case,Acc,,,,0.0894908988729454,O
nářadí,NOUN,NNNS4-----A----,nmod,Acc,Neut,Sing,,-0.0581143809423354,O
lidí,NOUN,NNMP2-----A----,nmod,Gen,Masc,Plur,Anim,-0.1705286579985103,O
a,CCONJ,J^-------------,cc,,,,,-0.0082491457505635,O
odnesou,VERB,VB-P---3P-AAP--,conj,,,Plur,,0.0959009519524967,O
je,PRON,PEXP4--3-------,obj,Acc,,Plur,,0.1078412927824316,O
.,PUNCT,Z:-------------,punct,,,,,-0.046835957745171,O
Jeden,NUM,CnYS1----------,nsubj:pass,Nom,Masc,Sing,,0.0165810800563263,O
z,ADP,RR--2----------,case,Gen,,,,0.1536382870490823,O
paviánů,NOUN,NNMP2-----A----,nmod,Gen,Masc,Plur,Anim,0.0805178419520986,O
byl,AUX,VpYS----R-AAI--,aux:pass,,Masc,Sing,,0.009727915750586,O
viděn,ADJ,VsYS----X-API--,root,,Masc,Sing,,0.0291625459237392,O
vláčet,VERB,Vf--------A-I--,xcomp,,,,,0.0634513552012933,O
se,PRON,P7-X4----------,expl:pv,Acc,,,,0.1072480036668572,O
kolem,ADP,RR--2----------,case,Gen,,,,-0.146916032347579,O
motorové,ADJ,AAFS2----1A----,amod,Gen,Fem,Sing,,0.0926672731534767,O
pily,NOUN,NNFS2-----A----,obl,Gen,Fem,Sing,,0.1048538461859299,O
.,PUNCT,Z:-------------,punct,,,,,-0.3461551683024634,O
“,PUNCT,Z:-------------,root,,,,,-0.1394159756097545,O
Není,AUX,VB-S---3P-NAI--,cop,,,Sing,,0.4906366216302438,O
jasné,ADJ,AANS1----1A----,root,Nom,Neut,Sing,,-0.0145531523967311,O
",",PUNCT,Z:-------------,punct,,,,,0.0966099676648364,O
jak,ADV,Db-------------,advmod,,,,,0.1727527557884692,O
hluboko,ADV,Dg-------1A----,advmod,,,,,0.0803202582992253,O
může,VERB,VB-S---3P-AAI--,csubj,,,Sing,,-0.0155005900080817,O
taková,DET,PDFS1----------,det,Nom,Fem,Sing,,-0.046423224621585,O
kolektivní,ADJ,AAFS1----1A----,amod,Nom,Fem,Sing,,0.0211611214108881,O
akce,NOUN,NNFS1-----A----,nsubj,Nom,Fem,Sing,,0.0413100137425702,O
zakořenit,VERB,Vf--------A-P--,xcomp,,,,,-0.003521755795225,O
letos,ADV,Db-------------,advmod,,,,,0.0111979756804557,O
na,ADP,RR--4----------,case,Acc,,,,0.0184040867467909,O
podzim,NOUN,NNIS4-----A----,obl,Acc,Masc,Sing,Inan,-0.0553492163707134,O
",",PUNCT,Z:-------------,punct,,,,,0.125439079826776,O
ale,CCONJ,J^-------------,cc,,,,,0.1183509794925219,O
určitě,ADV,Dg-------1A----,advmod,,,,,-0.0094957028384714,O
by,AUX,Vc----------I--,aux,,,,,-0.0698387317085725,O
bylo,AUX,VpNS----R-AAI--,cop,,Neut,Sing,,0.0239486006415246,O
vhodné,ADJ,AANS1----1A----,conj,Nom,Neut,Sing,,-0.0601955583957525,O
",",PUNCT,Z:-------------,punct,,,,,0.1761703209481889,O
kdyby,AUX,Vc-------------,aux,,,,,-0.0308441918950714,O
se,PRON,P7-X4----------,expl:pv,Acc,,,,0.0252322611515065,O
generální,ADJ,AAFS1----1A----,amod,Nom,Fem,Sing,,0.0459928104769665,O
stávka,NOUN,NNFS1-----A----,nsubj,Nom,Fem,Sing,,-0.0302673045947138,O
vrátila,VERB,VpQW----R-AAP--,csubj,,"Fem,Neut","Plur,Sing",,-0.0939531950109082,O
na,ADP,RR--4----------,case,Acc,,,,0.0760563415812678,O
Severozápad,PROPN,NNIS4-----A----,obl,Acc,Masc,Sing,Inan,-0.0340612033051914,B-gr
v,ADP,RR--6----------,case,Loc,,,,0.0018616217098688,O
roce,NOUN,NNIS6-----A---1,obl,Loc,Masc,Sing,Inan,-0.0394248490581403,O
2019,NUM,C=-------------,nummod,,,,,-0.0024042513091562,B-ty
.,PUNCT,Z:-------------,punct,,,,,0.0138763700245208,O
A,CCONJ,J^-------------,cc,,,,,-0.1130648645911986,O
odtud,ADV,Db-------------,advmod,,,,,0.1193726355454608,O
můžeme,VERB,VB-P---1P-AAI--,root,,,Plur,,-0.0013617089054636,O
jen,ADV,Db-------------,advmod:emph,,,,,0.1536119328762546,O
doufat,VERB,Vf--------A-I--,xcomp,,,,,0.0478276820707439,O
",",PUNCT,Z:-------------,punct,,,,,0.150789952222654,O
že,SCONJ,"J,-------------",mark,,,,,-0.0443124626723161,O
se,PRON,P7-X4----------,expl:pv,Acc,,,,0.1114233055551078,O
jeho,DET,P9XXXZS3-------,det,,,,,-0.0328020381348529,O
duch,NOUN,NNMS1-----A----,nsubj,Nom,Masc,Sing,Anim,0.0062979095302273,O
rozšíří,VERB,VB-S---3P-AAP--,ccomp,,,Sing,,0.0162545478818857,O
ještě,ADV,Db-------------,advmod:emph,,,,,0.0187500059222557,O
dál,ADV,Dg-------2A----,advmod,,,,,-0.0644061999806109,O
",",PUNCT,Z:-------------,punct,,,,,0.0965860407778219,O
do,ADP,RR--2----------,case,Gen,,,,0.0277743010271803,O
srdce,NOUN,NNNS2-----A----,appos,Gen,Neut,Sing,,0.0043512150445055,O
zemědělství,NOUN,NNNS2-----A----,nmod,Gen,Neut,Sing,,-0.0306446183775423,O
Středozápadu,NOUN,NNIS2-----A----,nmod,Gen,Masc,Sing,Inan,0.0220211952770901,B-gr
",",PUNCT,Z:-------------,punct,,,,,0.1100932816627338,O
jižní,ADJ,AAFS2----1A----,amod,Gen,Fem,Sing,,-0.0349133364498469,O
výroby,NOUN,NNFS2-----A----,conj,Gen,Fem,Sing,,-0.0303069253520238,O
",",PUNCT,Z:-------------,punct,,,,,0.1312939717093856,O
ropných,ADJ,AANP2----1A----,amod,Gen,Neut,Plur,,0.0063163385718587,O
polí,NOUN,NNNP2-----A----,conj,Gen,Neut,Plur,,0.1411682928783891,O
Texasu,PROPN,NNIS2-----A----,nmod,Gen,Masc,Sing,Inan,0.0352827755535657,B-gr
",",PUNCT,Z:-------------,punct,,,,,0.0997204227278471,O
Appalačských,ADJ,AAIP2----1A----,amod,Gen,Masc,Plur,Inan,0.1089831980614078,B-gl
uhelných,ADJ,AAIP2----1A----,amod,Gen,Masc,Plur,Inan,0.1148668261574285,I-gl
dolů,NOUN,NNIP2-----A----,conj,Gen,Masc,Plur,Inan,0.0626540053968683,I-gl
",",PUNCT,Z:-------------,punct,,,,,0.222372143089871,O
severovýchodního,ADJ,AANS2----1A----,amod,Gen,Neut,Sing,,-0.0105099304118203,O
stavebnictví,NOUN,NNNS2-----A----,conj,Gen,Neut,Sing,,-0.0193994515282892,O
",",PUNCT,Z:-------------,punct,,,,,0.0522458081876568,O
technologických,ADJ,AAIP2----1A----,amod,Gen,Masc,Plur,Inan,0.0297320255465813,O
gigantů,NOUN,NNIP2-----A----,conj,Gen,Masc,Plur,Inan,0.0120049906202254,O
ze,ADP,RV--2----------,case,Gen,,,,-0.0221228397685637,O
Silicon,X,F%-------------,nmod,,,,,-0.0109307603004152,B-gr
Valley,X,F%-------------,flat:foreign,,,,,-0.13732322541061,I-gr
a,CCONJ,J^-------------,cc,,,,,-0.0216337445409109,O
všude,ADV,Db-------------,conj,,,,,-0.0452394199653949,O
mezi,ADP,RR--7----------,case,Ins,,,,-0.0746904293303908,O
tím,DET,PDZS7----------,orphan,Ins,"Masc,Neut",Sing,,0.1414430614208305,O
.,PUNCT,Z:-------------,punct,,,,,0.0779897030339333,O
Bůh,NOUN,NNMS1-----A----,nsubj,Nom,Masc,Sing,Anim,-0.0423859164906664,O
ví,VERB,VB-S---3P-AAI--,root,,,Sing,,0.2027132588831441,O
",",PUNCT,Z:-------------,punct,,,,,0.0483085234712945,O
že,SCONJ,"J,-------------",mark,,,,,-0.0696859532541822,O
něco,PRON,PK--1----------,nsubj,Nom,,,Inan,-0.0191752869462171,O
musí,VERB,VB-S---3P-AAI--,ccomp,,,Sing,,-0.0564494315217224,O
ustoupit,VERB,Vf--------A-P--,xcomp,,,,,-0.054589993559089,O
.,PUNCT,Z:-------------,punct,,,,,0.0333160890452722,O
Zdroj,NOUN,NNIS1-----A----,nsubj,Nom,Masc,Sing,Inan,-0.1086832679428044,O
řekl,VERB,VpYS----R-AAP--,root,,Masc,Sing,,0.0022768581666068,O
:,PUNCT,Z:-------------,punct,,,,,0.0522236973215252,O
Tristan,PROPN,NNMS1-----A----,nsubj,Nom,Masc,Sing,Anim,0.2781965042477821,B-p_
je,AUX,VB-S---3P-AAI--,cop,,,Sing,,0.0719613720234452,O
s,ADP,RR--7----------,case,Ins,,,,0.0555910241241456,O
Drakem,PROPN,NNMS7-----A----,obl:arg,Ins,Masc,Sing,Anim,-0.0330512136373774,B-p_
dobrý,ADJ,AAMS1----1A----,amod,Nom,Masc,Sing,Anim,-0.0749907255294258,O
kamarád,NOUN,NNMS1-----A----,ccomp,Nom,Masc,Sing,Anim,-0.0163821232209621,O
a,CCONJ,J^-------------,cc,,,,,0.1910989030468961,O
používá,VERB,VB-S---3P-AAI--,conj,,,Sing,,-0.098503360220177,O
ho,PRON,P5ZS4--3-------,obj,Acc,"Masc,Neut",Sing,,0.1616151976113221,O
jako,SCONJ,"J,-------------",mark,,,,,0.1052336965627184,O
ozvučnou,ADJ,AAFS4----1A----,amod,Acc,Fem,Sing,,0.0501144366528686,O
desku,NOUN,NNFS4-----A----,xcomp,Acc,Fem,Sing,,0.2280056475954957,O
",",PUNCT,Z:-------------,punct,,,,,0.6616338734060869,O
když,SCONJ,"J,-------------",mark,,,,,0.0108729102848793,O
plánuje,VERB,VB-S---3P-AAI--,advcl,,,Sing,,0.0439873085446689,O
svůj,DET,P8IS4----------,det,Acc,Masc,Sing,Inan,0.0054129718949603,O
návrat,NOUN,NNIS4-----A----,obj,Acc,Masc,Sing,Inan,-0.0031188036899267,O
ke,ADP,RV--3----------,case,Dat,,,,-0.0560711859569563,O
Kardashianovým,ADJ,NNMP3-----A----,amod,Ins,Masc,Sing,Inan,0.3895246170179391,B-p_
.,PUNCT,Z:-------------,punct,,,,,-0.1792752999715897,O
Vyzýváme,VERB,VB-P---1P-AAI--,ccomp,,,Plur,,-0.0095582271593413,O
Rusko,PROPN,NNNS4-----A----,iobj,Acc,Neut,Sing,,-0.1142893682289455,B-gc
",",PUNCT,Z:-------------,punct,,,,,0.1681196917115572,O
aby,AUX,Vc-------------,aux,,,,,0.034559233041992,O
snížilo,VERB,VpNS----R-AAP--,ccomp,,Neut,Sing,,0.1137872686869788,O
napětí,NOUN,NNNS4-----A----,obj,Acc,Neut,Sing,,-0.1270850563527448,O
",",PUNCT,Z:-------------,punct,,,,,0.2200585041911291,O
snažilo,VERB,VpNS----R-AAI--,conj,,Neut,Sing,,0.2049596648396249,O
se,PRON,P7-X4----------,expl:pv,Acc,,,,-0.0650464123878319,O
o,ADP,RR--4----------,case,Acc,,,,-0.1504609115110412,O
diplomatické,ADJ,AAIP4----1A----,amod,Acc,Masc,Plur,Inan,0.0013877426345745,O
kanály,NOUN,NNIP4-----A----,obl:arg,Acc,Masc,Plur,Inan,0.0812267296655613,O
a,CCONJ,J^-------------,cc,,,,,-0.1837870037181961,O
podřídilo,VERB,VpNS----R-AAP--,conj,,Neut,Sing,,-0.0147954944204975,O
se,PRON,P7-X4----------,expl:pv,Acc,,,,-0.031119858110563,O
jeho,DET,P9XXXZS3-------,det,,,,,0.0196406973653974,O
mezinárodním,ADJ,AAIP3----1A----,amod,Dat,Masc,Plur,Inan,0.1199064189584992,O
závazkům,NOUN,NNIP3-----A----,obl:arg,Dat,Masc,Plur,Inan,0.0876247534127732,O
ohledně,ADP,RR--2----------,case,Gen,,,,0.0109286536821701,O
průhlednosti,NOUN,NNFS2-----A----,nmod,Gen,Fem,Sing,,0.0938178162684007,O
jeho,DET,P9XXXZS3-------,det,,,,,0.0444036361254542,O
vojenských,ADJ,AAFP2----1A----,amod,Gen,Fem,Plur,,-0.0613337159181636,O
aktivit“,NOUN,NNFS2-----A----,nmod,Gen,Fem,Sing,,-0.039312131200085,O
",",PUNCT,Z:-------------,punct,,,,,0.2786806195676174,O
řekla,VERB,VpQW----R-AAP--,root,,"Fem,Neut","Plur,Sing",,-0.1146122067491475,O
G7,NOUN,Q3-------------,nsubj,,,,,-0.080815983222129,B-io
v,ADP,RR--6----------,case,Loc,,,,-0.1273737300781401,O
tomto,DET,PDZS6----------,det,Loc,"Masc,Neut",Sing,,0.1292551250914862,O
návrhu,NOUN,NNIS6-----A----,obl,Loc,Masc,Sing,Inan,-0.1328469764845341,O
.,PUNCT,Z:-------------,punct,,,,,0.2944060306215318,O
Protestující,ADJ,AGMP1-----A----,nsubj,Nom,Masc,Plur,Anim,0.0472113605291596,O
s,ADP,RR--7----------,case,Ins,,,,-0.0521566249774445,O
transparenty,NOUN,NNIP7-----A----,nmod,Ins,Masc,Plur,Inan,0.0023214521564329,O
Feds,X,F%-------------,nmod,,,,,-0.0177245932841868,O
Go,X,F%-------------,flat:foreign,,,,,0.0054067823856688,O
Home“,X,F%-------------,flat:foreign,,,,,0.0420444840459102,O
(,PUNCT,Z:-------------,punct,,,,,0.0772995479770761,O
Federálové,NOUN,NNMP5-----A----,vocative,Voc,Masc,Plur,Anim,0.2274350669823918,O
",",PUNCT,Z:-------------,punct,,,,,0.0946537126999627,O
jděte,VERB,Vi-P---2--A-I--,appos,,,Plur,,0.030454751977816,O
domů,ADV,Db-------------,advmod,,,,,-0.0243246696714395,O
),PUNCT,Z:-------------,punct,,,,,-0.0085058480070536,O
a,CCONJ,J^-------------,cc,,,,,0.0704238510457218,O
vykřikující,ADJ,AGIP1-----A----,conj,Nom,Masc,Plur,Inan,0.0599014077891154,O
hesla,NOUN,NNNP4-----A----,obj,Acc,Neut,Plur,,0.0792768342401615,O
jako,SCONJ,"J,-------------",mark,,,,,0.6467746136743175,O
No,X,F%-------------,appos,,,,,0.1017977905342063,O
justice,X,F%-------------,flat:foreign,,,,,-0.032184568127251,O
",",PUNCT,Z:-------------,punct,,,,,0.1756523570648564,O
no,X,F%-------------,conj,,,,,-0.0009972651212942,O
peace“,X,F%-------------,flat:foreign,,,,,0.0195112173030985,O
(,PUNCT,Z:-------------,punct,,,,,-0.0457333960250565,O
Není,AUX,VB-S---3P-NAI--,appos,,,Sing,,0.0079977036412797,O
spravedlnost,NOUN,NNFS1-----A----,nsubj,Nom,Fem,Sing,,0.2243004182775503,O
",",PUNCT,Z:-------------,punct,,,,,0.0504720184281775,O
není,AUX,VB-S---3P-NAI--,conj,,,Sing,,-0.005106867219456,O
mír,NOUN,NNIS1-----A----,nsubj,Nom,Masc,Sing,Inan,0.0956031605707397,O
),PUNCT,Z:-------------,punct,,,,,-0.0091899493678127,O
se,PRON,P7-X4----------,expl:pv,Acc,,,,0.0931429471015415,O
zastavili,VERB,VpMP----R-AAP--,root,,Masc,Plur,Anim,0.0277464266651154,O
u,ADP,RR--2----------,case,Gen,,,,0.0452977839436953,O
areálu,NOUN,NNIS2-----A----,obl,Gen,Masc,Sing,Inan,0.0273693873167401,O
budoucího,ADJ,AANS2----1A----,amod,Gen,Neut,Sing,,0.0352573130398277,O
detenčního,ADJ,AANS2----1A----,amod,Gen,Neut,Sing,,-0.0007797880180042,O
zařízení,NOUN,NNNS2-----A----,nmod,Gen,Neut,Sing,,0.0052314385143438,O
pro,ADP,RR--4----------,case,Acc,,,,0.1150469191388661,O
mládež,NOUN,NNFS4-----A----,nmod,Acc,Fem,Sing,,-0.0015469778807363,O
a,CCONJ,J^-------------,cc,,,,,0.0195236948835515,O
založili,VERB,VpMP----R-AAP--,conj,,Masc,Plur,Anim,0.0346082195280863,O
v,ADP,RR--6----------,case,Loc,,,,0.0865049294138823,O
budovách,NOUN,NNFP6-----A----,obl,Loc,Fem,Plur,,0.0070052081555652,O
požár,NOUN,NNIS4-----A----,obj,Acc,Masc,Sing,Inan,0.0425956895839562,O
.,PUNCT,Z:-------------,punct,,,,,0.0575523821663513,O
Někteří,DET,PZMP1----------,nsubj,Nom,Masc,Plur,Anim,0.0504657537846956,O
rozbíjeli,VERB,VpMP----R-AAI--,root,,Masc,Plur,Anim,0.1775421800154345,O
okna,NOUN,NNNP4-----A----,obj,Acc,Neut,Plur,,-0.0339507411854781,O
okolních,ADJ,AAIP2----1A----,amod,Gen,Masc,Plur,Inan,0.069171247601533,O
podniků,NOUN,NNIP2-----A----,nmod,Gen,Masc,Plur,Inan,0.0378483163780699,O
.,PUNCT,Z:-------------,punct,,,,,0.1535497806840596,O
Muž,NOUN,NNMS1-----A----,nsubj,Nom,Masc,Sing,Anim,-0.000181435518239,O
se,PRON,P7-X4----------,expl:pv,Acc,,,,0.1665833154113834,O
přiznal,VERB,VpYS----R-AAP--,root,,Masc,Sing,,0.16350915085561,O
k,ADP,RR--3----------,case,Dat,,,,0.3313777970439541,O
únosu,NOUN,NNIS3-----A----,obl:arg,Dat,Masc,Sing,Inan,0.146311755097678,O
",",PUNCT,Z:-------------,punct,,,,,0.4704028052080967,O
mučení,NOUN,NNNS3-----A----,conj,Dat,Neut,Sing,,0.6958403861173462,O
spiknutí,NOUN,NNNS2-----A----,nmod,Gen,Neut,Sing,,0.0974497250872729,O
plastického,ADJ,AAMS2----1A----,amod,Gen,Masc,Sing,Anim,0.0263612994516467,O
chirurga,NOUN,NNMS2-----A----,nmod,Gen,Masc,Sing,Anim,0.0670638951538797,O
Biden,PROPN,NNMS1-----A----,nsubj,Nom,Masc,Sing,Anim,0.0397343651888152,B-ps
řekl,VERB,VpYS----R-AAP--,root,,Masc,Sing,,0.0813957070531338,O
",",PUNCT,Z:-------------,punct,,,,,0.138190391389962,O
že,SCONJ,"J,-------------",mark,,,,,0.1899069821654871,O
byl,AUX,VpYS----R-AAI--,aux:pass,,Masc,Sing,,-0.0337796374429016,O
šokován,ADJ,VsYS----X-APB--,ccomp,,Masc,Sing,,0.0631577929137076,O
rekordními,ADJ,AAIP7----1A----,amod,Ins,Masc,Plur,Inan,-0.0084755826525054,O
požáry,NOUN,NNIP7-----A----,obl:arg,Ins,Masc,Plur,Inan,0.1522232768466894,O
v,ADP,RR--6----------,case,Loc,,,,-0.2009257955289248,O
zemi,NOUN,NNFS6-----A----,nmod,Loc,Fem,Sing,,0.1879798865671513,O
během,ADP,RR--2----------,case,Gen,,,,0.0161895511022615,O
roku,NOUN,NNIS2-----A---1,nmod,Gen,Masc,Sing,Inan,0.2079146948565355,O
2021,NUM,C=-------------,nummod,,,,,0.2862791080384169,B-ty
",",PUNCT,Z:-------------,punct,,,,,0.1543412193351878,O
a,CCONJ,J^-------------,cc,,,,,0.0364385888360461,O
vyjádřil,VERB,VpYS----R-AAP--,conj,,Masc,Sing,,0.0393986786764435,O
znepokojení,NOUN,NNNS4-----A----,obj,Acc,Neut,Sing,,0.0601844036601035,O
nad,ADP,RR--7----------,case,Ins,,,,0.1637312590354558,O
tím,DET,PDZS7----------,det,Ins,"Masc,Neut",Sing,,-0.2230923276940631,O
",",PUNCT,Z:-------------,punct,,,,,0.018567818082826,O
že,SCONJ,"J,-------------",mark,,,,,-0.0261909761856059,O
globální,ADJ,AANS1----1A----,amod,Nom,Neut,Sing,,0.2040665725088874,O
oteplování,NOUN,NNNS1-----A----,nsubj,Nom,Neut,Sing,,0.0812187309307769,O
je,AUX,VB-S---3P-AAI--,cop,,,Sing,,-0.0210619075882942,O
významným,ADJ,AAIS7----1A----,amod,Ins,Masc,Sing,Inan,0.162189600411923,O
příspěvkem,NOUN,NNIS7-----A----,acl,Ins,Masc,Sing,Inan,0.0964910550466779,O
.,PUNCT,Z:-------------,punct,,,,,0.0897303345569889,O
Pálení,NOUN,NNNS1-----A----,nsubj,Nom,Neut,Sing,,0.093529343367234,O
Ravana,PROPN,NNMS2-----A----,nmod,Gen,Masc,Sing,Anim,0.0410768381815345,B-p_
symbolizuje,VERB,VB-S---3P-AAI--,root,,,Sing,,-0.0969780010977366,O
vítězství,NOUN,NNNS4-----A----,obj,Acc,Neut,Sing,,0.0072662761433655,O
dobra,NOUN,NNNS2-----A----,nmod,Gen,Neut,Sing,,-0.0838257597164259,O
nad,ADP,RR--7----------,case,Ins,,,,-0.0959340424116042,O
zlem,NOUN,NNNS7-----A----,nmod,Ins,Neut,Sing,,0.0107401208868368,O
.,PUNCT,Z:-------------,punct,,,,,-0.0534109727172106,O
Ale,CCONJ,J^-------------,cc,,,,,-0.2800408884679262,O
vzhledem,ADP,RF-------------,case,,,,,-0.1233420880582699,O
k,ADP,RR--3----------,fixed,Dat,,,,-0.0739804378516092,O
tomu,DET,PDZS3----------,obl,Dat,"Masc,Neut",Sing,,-0.4105322242862521,O
",",PUNCT,Z:-------------,punct,,,,,0.2537003818260387,O
že,SCONJ,"J,-------------",mark,,,,,0.1044041331480223,O
podobizny,NOUN,NNFP1-----A----,nsubj,Nom,Fem,Plur,,0.0617379453793375,O
jsou,AUX,VB-P---3P-AAI--,acl,,,Plur,,-0.035570133479623,O
z,ADP,RR--2----------,case,Gen,,,,0.1019019864059558,O
papíru,NOUN,NNIS2-----A----,obl,Gen,Masc,Sing,Inan,-0.0036114917984483,O
",",PUNCT,Z:-------------,punct,,,,,-0.0488959080338391,O
pokud,SCONJ,"J,-------------",mark,,,,,0.0782647222071062,O
monzun,NOUN,NNIS1-----A----,nsubj,Nom,Masc,Sing,Inan,-0.0267095953251365,O
bude,AUX,VB-S---3F-AAI--,aux,,,Sing,,-0.024878387974455,O
pokračovat,VERB,Vf--------A-I--,advcl,,,,,-0.1236274528870287,O
",",PUNCT,Z:-------------,punct,,,,,0.0207839407324078,O
Ravana,PROPN,NNMS1-----A----,nsubj,Nom,Masc,Sing,Anim,0.2104387468928813,B-p_
se,PRON,P7-X4----------,expl:pv,Acc,,,,-0.3552459264704947,O
možná,ADV,Db-------------,advmod,,,,,-0.0770296174171088,O
naposledy,ADV,Db-------------,advmod,,,,,0.0089472300187554,O
zasměje,VERB,VB-S---3P-AAP--,root,,,Sing,,0.0585306299934217,O
.,PUNCT,Z:-------------,punct,,,,,-0.0881761360647713,O
To,DET,PDNS1----------,nsubj,Nom,Neut,Sing,,-0.3136668001542141,O
uzavřelo,VERB,VpNS----R-AAP--,root,,Neut,Sing,,0.0968148264511179,O
vzrušující,ADJ,AGNS4-----A----,amod,Nom,Neut,Sing,,0.0108805314049477,O
kouzlo,NOUN,NNNS4-----A----,obj,Acc,Neut,Sing,,0.0087110122535243,O
end-to-end,X,F%-------------,flat:foreign,,,,,0.1280602943488976,O
rugby,X,F%-------------,nmod,,,,,0.3760925063875318,O
",",PUNCT,Z:-------------,punct,,,,,0.1687747524457857,O
ve,ADP,RV--6----------,case,Loc,,,,0.1094157087292583,O
kterém,DET,P4ZS6----------,obl,Loc,"Masc,Neut",Sing,,-0.0098482194866924,O
soupeři,NOUN,NNMP1-----A----,nsubj,Nom,Masc,Plur,Anim,0.0323435882810896,O
vzali,VERB,VpMP----R-AAP--,acl:relcl,,Masc,Plur,Anim,0.1486933167683493,O
to,DET,PDNS4----------,obj,Acc,Neut,Sing,,0.0867933364188296,O
střídavě,ADV,Dg-------1A----,advmod,,,,,0.0393366577865871,O
k,ADP,RR--3----------,case,Dat,,,,-0.0724537698821685,O
útoku,NOUN,NNIS3-----A----,obl,Dat,Masc,Sing,Inan,0.0119343271687641,O
z,ADP,RR--2----------,case,Gen,,,,-0.0688182063646412,O
hloubky,NOUN,NNFS2-----A----,nmod,Gen,Fem,Sing,,0.0785416857886216,O
a,CCONJ,J^-------------,cc,,,,,0.0905137727749936,O
poté,ADV,Db-------------,advmod,,,,,-0.0566012514527153,O
",",PUNCT,Z:-------------,punct,,,,,0.1193393925030799,O
co,SCONJ,"J,-------------",mark,,,,,0.1810501491623304,O
byl,AUX,VpYS----R-AAI--,advcl,,Masc,Sing,,0.0778629758511609,O
v,ADP,RR--6----------,case,Loc,,,,-0.0620218197874906,O
srdci,NOUN,NNNS6-----A----,obl,Loc,Neut,Sing,,0.0254715615055894,O
domácích,ADJ,AAIP2----1A----,amod,Gen,Masc,Plur,Inan,0.0246464491993336,O
pokroků,NOUN,NNIP2-----A----,nmod,Gen,Masc,Plur,Inan,0.0575966514810645,O
",",PUNCT,Z:-------------,punct,,,,,0.2356069562687116,O
Barbeary,PROPN,NNMS1-----A----,nsubj,Nom,Masc,Sing,Anim,0.0438116869031882,B-ps
zasadil,VERB,VpYS----R-AAP--,conj,,Masc,Sing,,0.110371453538104,O
výmluvnou,ADJ,AAFS4----1A----,amod,Acc,Fem,Sing,,0.105805857693472,O
ránu,NOUN,NNFS4-----A----,obj,Acc,Fem,Sing,,0.0389042232866062,O
.,PUNCT,Z:-------------,punct,,,,,0.5305256819854117,O
Zdálo,VERB,VpNS----R-AAI--,root,,Neut,Sing,,0.2747083397013457,O
se,PRON,P7-X4----------,expl:pv,Acc,,,,-0.3067590522382521,O
",",PUNCT,Z:-------------,punct,,,,,-0.0306532329486737,O
že,SCONJ,"J,-------------",mark,,,,,0.0300478491793074,O
snímky,NOUN,NNIP1-----A----,nsubj,Nom,Masc,Plur,Inan,-0.0276211070166527,O
ukázaly,VERB,VpTP----R-AAP--,csubj,,"Fem,Masc",Plur,Inan,0.0523441326894825,O
",",PUNCT,Z:-------------,punct,,,,,0.0967943657514591,O
že,SCONJ,"J,-------------",mark,,,,,0.0885309057001164,O
texaský,ADJ,AAMS1----1A----,amod,Nom,Masc,Sing,Anim,-0.0191793133834918,O
milionář,NOUN,NNMS1-----A----,nsubj,Nom,Masc,Sing,Anim,-0.1053225087317408,O
John,PROPN,NNMS1-----A----,flat,Nom,Masc,Sing,Anim,0.0595873153327704,B-P|B-pf
Bryan,PROPN,NNMS1-----A----,flat,Nom,Masc,Sing,Anim,-0.0451769957744064,I-P|B-ps
líbal,VERB,VpYS----R-AAI--,ccomp,,Masc,Sing,,-0.1846163646210904,O
a,CCONJ,J^-------------,cc,,,,,0.0033104712287094,O
cucal,VERB,VpYS----R-AAI--,conj,,Masc,Sing,,0.0602320222008114,O
vévodkyně,NOUN,NNFP4-----A----,obj,Acc,Fem,Plur,,0.0438743212753903,O
′,NOUN,Q3-------------,nmod,,,,,0.0993011710651243,O
prsty,NOUN,NNIP4-----A----,obj,Acc,Masc,Plur,Inan,-0.0241542918531763,O
a,CCONJ,J^-------------,cc,,,,,-0.0058293007227039,O
oblouk,NOUN,NNIS4-----A----,conj,Acc,Masc,Sing,Inan,0.0388387236238189,O
její,DET,P9FXXFS3-------,det,,Fem,,,-0.1341606095349001,O
nohy,NOUN,NNFS2-----A----,nmod,Gen,Fem,Sing,,0.0119357478443797,O
a,CCONJ,J^-------------,cc,,,,,0.0080256734694772,O
zejména,PART,TT-------------,advmod:emph,,,,,0.0177229361127674,O
princ,NOUN,NNMS1-----A----,nsubj,Nom,Masc,Sing,Anim,0.0566651083061066,O
Filip,PROPN,NNMS1-----A----,flat,Nom,Masc,Sing,Anim,-0.2086994160570908,B-pf
",",PUNCT,Z:-------------,punct,,,,,0.10606535677496,O
měl,VERB,VpYS----R-AAI--,conj,,Masc,Sing,,-0.0139455629064473,O
prý,PART,TT-------------,advmod,,,,,-0.0810736187227479,O
nejsilnější,ADJ,AAFS4----3A----,amod,Acc,Fem,Sing,,0.0019052527698753,O
reakci,NOUN,NNFS4-----A----,obj,Acc,Fem,Sing,,0.0694210326671397,O
na,ADP,RR--4----------,case,Acc,,,,-0.1043657229887262,O
skandální,ADJ,AANS4----1A----,amod,Acc,Neut,Sing,,0.0427284309224317,O
dovádění,NOUN,NNNS4-----A----,nmod,Acc,Neut,Sing,,-0.0323570446714934,O
své,DET,P8FS2---------1,det,Gen,Fem,Sing,,-0.056850547860382,O
snachy,NOUN,NNFS2-----A----,nmod,Gen,Fem,Sing,,-0.1226138407912447,O
.,PUNCT,Z:-------------,punct,,,,,-0.0172378547232654,O
Řekla,VERB,VpQW----R-AAP--,root,,"Fem,Neut","Plur,Sing",,0.1214366354138597,O
",",PUNCT,Z:-------------,punct,,,,,0.0346258132885488,O
že,SCONJ,"J,-------------",mark,,,,,-0.1408792853349967,O
je,PRON,PEXP4--3-------,obj,Acc,,Plur,,-0.1573306157406208,O
vévodkyně,NOUN,NNFS1-----A----,nsubj,Nom,Fem,Sing,,-0.1214550338834733,O
tlačila,VERB,VpQW----R-AAI--,ccomp,,"Fem,Neut","Plur,Sing",,-0.0542209997582365,O
",",PUNCT,Z:-------------,punct,,,,,0.1235835535347917,O
aby,AUX,Vc-------------,aux,,,,,0.0437269458899342,O
se,PRON,P7-X4----------,expl:pv,Acc,,,,0.1581757717592177,O
pustili,VERB,VpMP----R-AAP--,ccomp,,Masc,Plur,Anim,-0.0687054059944053,O
do,ADP,RR--2----------,case,Gen,,,,0.0130248761169464,O
svých,DET,P8XP2----------,det,Gen,,Plur,,-0.0931805798531804,O
nových,ADJ,AAIP2----1A----,amod,Gen,Masc,Plur,Inan,0.0544150717568103,O
nápadů,NOUN,NNIP2-----A----,obl:arg,Gen,Masc,Plur,Inan,-0.0427524864395752,O
",",PUNCT,Z:-------------,punct,,,,,0.0541806848750472,O
a,CCONJ,J^-------------,cc,,,,,-0.0851566804463764,O
mluvila,VERB,VpQW----R-AAI--,conj,,"Fem,Neut","Plur,Sing",,0.0118086896331074,O
o,ADP,RR--6----------,case,Loc,,,,0.0154222206478561,O
tom,DET,PDZS6----------,obl:arg,Loc,"Masc,Neut",Sing,,-0.1094232718584863,O
",",PUNCT,Z:-------------,punct,,,,,0.1914061540433553,O
jak,ADV,Db-------------,advmod,,,,,0.154453011386718,O
musí,VERB,VB-P---3P-AAI-1,acl,,,Plur,,-0.2064094379438864,O
neustále,ADV,Dg-------1A----,advmod,,,,,0.0235042001667372,O
tlačit,VERB,Vf--------A-I--,xcomp,,,,,-0.0557153596961769,O
a,CCONJ,J^-------------,cc,,,,,-0.0164887388710676,O
jít,VERB,Vf--------A-I--,conj,,,,,-0.0473799453557956,O
kupředu,ADV,Db-------------,advmod,,,,,0.1345267484547749,O
",",PUNCT,Z:-------------,punct,,,,,-0.019916437955192,O
protože,SCONJ,"J,-------------",mark,,,,,0.0391405715452344,O
ví,VERB,VB-S---3P-AAI--,advcl,,,Sing,,0.0276244341860216,O
",",PUNCT,Z:-------------,punct,,,,,0.1216075720661519,O
že,SCONJ,"J,-------------",mark,,,,,0.0325452852820417,O
to,DET,PDNS4----------,obj,Acc,Neut,Sing,,-0.0940540580920261,O
dělají,VERB,VB-P---3P-AAI--,ccomp,,,Plur,,0.0321210783140634,O
pro,ADP,RR--4----------,case,Acc,,,,0.2589606762759403,O
ostatní,ADJ,AAMP4----1A----,obl,Acc,Masc,Plur,Anim,0.029480023745681,O
",",PUNCT,Z:-------------,punct,,,,,0.0221570644362325,O
kteří,DET,P4MP1----------,nsubj,Nom,Masc,Plur,Anim,0.0572462309711056,O
budou,AUX,VB-P---3F-AAI--,aux,,,Plur,,-0.133630769746082,O
následovat,VERB,Vf--------A-I--,acl:relcl,,,,,0.4329672526834379,O
.,PUNCT,Z:-------------,punct,,,,,-0.1648174555852312,O
Na,ADP,RR--4----------,case,Acc,,,,0.0329111221254155,O
produkt,NOUN,NNIS4-----A----,obl:arg,Acc,Masc,Sing,Inan,-0.1193914128664478,O
se,PRON,P7-X4----------,expl:pv,Acc,,,,0.0307005042431477,O
mohou,VERB,VB-P---3P-AAI-1,root,,,Plur,,0.1729089572292626,O
vztahoval,VERB,VpYS----R-AAI--,xcomp,,Masc,Sing,,0.0178996614109452,O
místní,ADJ,AAIP1----1A----,amod,Nom,Masc,Plur,Inan,0.0395048097351837,O
celní,ADJ,AAIP1----1A----,amod,Nom,Masc,Plur,Inan,0.0263049311006461,O
poplatky,NOUN,NNIP1-----A----,nsubj,Nom,Masc,Plur,Inan,0.0248911220549175,O
/,PUNCT,Z:-------------,punct,,,,,0.1432879852822018,O
DPH,NOUN,BNXXX-----A----,conj,,,,,0.0372775306278545,O
",",PUNCT,Z:-------------,punct,,,,,0.017797808384867,O
které,DET,P4IP1----------,nsubj,Nom,Masc,Plur,Inan,-0.0802556427566491,O
nám,PRON,PP-P3--1-------,obl:arg,Dat,,Plur,,-0.0186274461941533,O
nejsou,AUX,VB-P---3P-NAI--,cop,,,Plur,,-0.128350776898257,O
známy,ADJ,ACTP------A----,acl:relcl,,"Fem,Masc",Plur,Inan,-0.3018182369772136,O
a,CCONJ,J^-------------,cc,,,,,0.0616627039295324,O
nemůžeme,VERB,VB-P---1P-NAI--,conj,,,Plur,,-0.0027306677990254,O
je,PRON,PEXP4--3-------,obj,Acc,,Plur,,0.0219274015247415,O
nijak,ADV,Db-------------,advmod,,,,,-0.0655454665818884,O
ovlivnit,VERB,Vf--------A-P--,xcomp,,,,,0.0036466244775841,O
.,PUNCT,Z:-------------,punct,,,,,0.8447020061378258,O
Wandsworth,X,F%-------------,nsubj,,,,,0.3887165094516116,B-oa
Prison,X,F%-------------,flat:foreign,,,,,0.0366349462157791,I-oa
je,AUX,VB-S---3P-AAI--,cop,,,Sing,,-0.0758837520362454,O
Kategorie,NOUN,NNFS1-----A----,root,Nom,Fem,Sing,,-0.0231219283010707,O
B,NOUN,Q3-------------,nmod,,,,,-0.0386918317346339,O
vězení,NOUN,NNNS2-----A----,nmod,Gen,Neut,Sing,,-0.0492359412018493,O
v,ADP,RR--6----------,case,Loc,,,,0.1125812268840696,O
jihozápadním,ADJ,AAIS6----1A----,amod,Loc,Masc,Sing,Inan,0.1600466168256937,O
Londýně,PROPN,NNIS6-----A----,nmod,Loc,Masc,Sing,Inan,0.0282979333854684,B-gu
",",PUNCT,Z:-------------,punct,,,,,0.0906409037641936,O
která,DET,P4FS1----------,nsubj,Nom,Fem,Sing,,0.078615575922765,O
může,VERB,VB-S---3P-AAI--,acl:relcl,,,Sing,,0.0185477382255282,O
pojmout,VERB,Vf--------A-P--,xcomp,,,,,0.0544860181446747,O
až,PART,TT-------------,advmod:emph,,,,,0.0130682634033001,O
1,NUM,C=-------------,nummod:gov,,,,,0.1488373855512312,B-nc
",",PUNCT,Z:-------------,punct,,,,,0.2405805330905432,I-nc
628,NUM,C=-------------,nummod:gov,,,,,-0.0129192713315266,I-nc
vězňů,NOUN,NNMP2-----A----,obj,Gen,Masc,Plur,Anim,-0.0311271039390376,O
",",PUNCT,Z:-------------,punct,,,,,0.0876454026258847,O
což,PRON,PQ--1----------,nsubj,Nom,,,,-0.0064704315546437,O
je,AUX,VB-S---3P-AAI--,cop,,,Sing,,-0.0643015505185255,O
jeden,NUM,CnYS1----------,conj,Nom,Masc,Sing,,0.0643509333413025,O
z,ADP,RR--2----------,case,Gen,,,,0.0666679121714609,O
největších,ADJ,AAFP2----3A----,amod,Gen,Fem,Plur,,-0.0177403118533078,O
věznic,NOUN,NNFP2-----A----,nmod,Gen,Fem,Plur,,0.0706282139244607,O
v,ADP,RR--6----------,case,Loc,,,,-0.3129441683359685,O
Západní,ADJ,AAFS6----1A----,amod,Loc,Fem,Sing,,0.2813692014099547,O
Evropě,PROPN,NNFS6-----A----,nmod,Loc,Fem,Sing,,-0.1437051382121439,B-gt
.,PUNCT,Z:-------------,punct,,,,,-0.0796887843556601,O
Vězení,NOUN,NNNS1-----A----,nsubj,Nom,Neut,Sing,,0.0697563792656921,O
",",PUNCT,Z:-------------,punct,,,,,0.0089646909263697,O
postavené,ADJ,AANS1----1A----,amod,Nom,Neut,Sing,,0.0137182300063683,O
v,ADP,RR--6----------,case,Loc,,,,0.0877219473763123,O
roce,NOUN,NNIS6-----A---1,obl,Loc,Masc,Sing,Inan,-0.0214569795640054,O
1851,NUM,C=-------------,nummod,,,,,-0.081560966829344,B-ty
",",PUNCT,Z:-------------,punct,,,,,0.0284889320559055,O
zadržuje,VERB,VB-S---3P-AAI--,root,,,Sing,,0.366492491887146,O
usvědčené,ADJ,AAMP4----1A----,amod,Acc,Masc,Plur,Anim,0.0305399810975383,O
zločince,NOUN,NNMP4-----A----,obj,Acc,Masc,Plur,Anim,0.0678693541761995,O
a,CCONJ,J^-------------,cc,,,,,0.1654231589500715,O
vězně,NOUN,NNMP4-----A----,conj,Acc,Masc,Plur,Anim,0.0402049835496066,O
",",PUNCT,Z:-------------,punct,,,,,0.0371686498681113,O
kteří,DET,P4MP1----------,nsubj,Nom,Masc,Plur,Anim,0.1256839980421796,O
čekají,VERB,VB-P---3P-AAI--,acl:relcl,,,Plur,,0.0611066027220396,O
na,ADP,RR--4----------,case,Acc,,,,0.050660580562899,O
soud,NOUN,NNIS4-----A----,obl:arg,Acc,Masc,Sing,Inan,0.2132579586097564,O
.,PUNCT,Z:-------------,punct,,,,,0.185718920121967,O
Podělím,VERB,VB-S---1P-AAP--,root,,,Sing,,-0.0063287370539873,O
se,PRON,P7-X4----------,expl:pv,Acc,,,,0.1125256994993899,O
o,ADP,RR--4----------,case,Acc,,,,0.0391382125360597,O
pár,NOUN,NNIS4-----A----,obl:arg,Acc,Masc,Sing,Inan,-0.0527419247677554,O
kroků,NOUN,NNIP2-----A----,nmod,Gen,Masc,Plur,Inan,-0.0241259314883349,O
",",PUNCT,Z:-------------,punct,,,,,0.1161752396012923,O
které,DET,P4YP4----------,obj,Acc,Masc,Plur,,-0.257096308906724,O
je,AUX,VB-S---3P-AAI--,cop,,,Sing,,-0.1117762330414282,O
třeba,ADV,Db-------------,acl:relcl,,,,,-0.1363013171831012,O
provést,VERB,Vf--------A-P--,csubj,,,,,0.2388431621083082,O
do,ADP,RR--2----------,case,Gen,,,,0.1946531481777807,O
vaší,DET,PSFS2-P2-------,det,Gen,Fem,Sing,,-0.0048425112040824,O
čtečky,NOUN,NNFS2-----A----,obl,Gen,Fem,Sing,,-0.0582838903858333,O
elektronických,ADJ,AAFP2----1A----,amod,Gen,Fem,Plur,,0.1758860529125893,O
knih,NOUN,NNFP2-----A----,nmod,Gen,Fem,Plur,,0.0432459623194391,O
",",PUNCT,Z:-------------,punct,,,,,0.2109836461787752,O
dobře,ADV,Dg-------1A----,conj,,,,,-0.1254230113859287,O
?,PUNCT,Z:-------------,punct,,,,,0.3008403294651075,O
Auto,NOUN,NNNS1-----A----,nsubj,Nom,Neut,Sing,,-0.0429725033755443,O
projíždí,VERB,VB-S---3P-AAI--,root,,,Sing,,0.2517173742847326,O
davem,NOUN,NNIS7-----A----,obl,Ins,Masc,Sing,Inan,0.2438828783274896,O
",",PUNCT,Z:-------------,punct,,,,,0.5981827224260392,O
demonstrant,NOUN,NNMS1-----A----,nsubj:pass,Nom,Masc,Sing,Anim,0.0380672504200297,O
zastřelen,ADJ,VsYS----X-APP--,conj,,Masc,Sing,,0.0426369930189898,O
v,ADP,RR--6----------,case,Loc,,,,-0.1536360415158285,O
Coloradu,PROPN,NNNS6-----A----,obl,Loc,Neut,Sing,,0.3408358592894427,B-gu
Jednoho,NUM,CnZS2----------,nummod,Gen,"Masc,Neut",Sing,,0.1357354539971997,O
dne,NOUN,NNIS2-----A----,obl,Gen,Masc,Sing,Inan,0.0773621090537573,O
by,AUX,Vc----------I--,aux,,,,,-0.3124356610206064,O
to,DET,PDNS1----------,nsubj,Nom,Neut,Sing,,-0.1312198362522053,O
mohlo,VERB,VpNS----R-AAI--,root,,Neut,Sing,,0.035913556487781,O
jen,ADV,Db-------------,advmod:emph,,,,,0.5068408840756776,O
snížit,VERB,Vf--------A-P--,xcomp,,,,,0.3836005677858251,O
váš,DET,PSIS4-P2-------,det,Acc,Masc,Sing,Inan,-0.1812263618355758,O
deficit,NOUN,NNIS4-----A----,obj,Acc,Masc,Sing,Inan,0.1714229082559062,O
.,PUNCT,Z:-------------,punct,,,,,0.496033114693545,O
