word,upos,xpos,deprel,case,gender,number,animacy,score,ner
Ltd,X,,root,,,,,0.0422887610772902,NONE
Пожизненная,ADJ,,amod,Nom,Fem,Sing,,0.2970648469566841,NONE
гарантия,NOUN,,nsubj,Nom,Fem,Sing,Inan,0.1803333610628711,NONE
",",PUNCT,,punct,,,,,-0.0601569293020826,NONE
2,NUM,,nummod,,,,,-0.4568778249615007,NONE
года,NOUN,,conj,Gen,Masc,Sing,Inan,-0.215371992660331,NONE
для,ADP,,case,,,,,-0.0606751804005198,NONE
применений,NOUN,,nmod,Gen,Neut,Plur,Inan,0.0421486233819411,NONE
",",PUNCT,,punct,,,,,0.0703720591236866,NONE
связанных,VERB,,acl,Gen,,Plur,,0.0610889618231547,NONE
с,ADP,,case,,,,,0.2173495287682331,NONE
топливом,NOUN,,obl,Ins,Neut,Sing,Inan,0.327365593353727,NONE
.,PUNCT,,punct,,,,,-0.5349780308729838,NONE
Некоторые,DET,,det,Nom,,Plur,,-0.8184291381112005,NONE
инвесторы,NOUN,,nsubj,Nom,Masc,Plur,Anim,0.0309590053061273,NONE
заявили,VERB,,root,,,Plur,,0.0607267863151865,NONE
",",PUNCT,,punct,,,,,0.0773160274746586,NONE
что,SCONJ,,mark,,,,,0.3147886040643946,NONE
капитальный,ADJ,,amod,Nom,Masc,Sing,,0.0668484738724302,NONE
ремонт,NOUN,,nsubj,Nom,Masc,Sing,Inan,-0.119472605160472,NONE
банка,NOUN,,nmod,Gen,Masc,Sing,Inan,0.1984539213260305,NONE
не,PART,,advmod,,,,,0.1717245286244152,NONE
зашел,VERB,,ccomp,,Masc,Sing,,0.0259941056383612,NONE
достаточно,ADV,,advmod,,,,,0.0748360318830521,NONE
далеко,ADV,,advmod,,,,,0.0857508585082452,NONE
.,PUNCT,,punct,,,,,-0.1062265671303868,NONE
Ну,PART,,parataxis,,,,,-0.0855369353123301,NONE
",",PUNCT,,punct,,,,,0.0090987494659226,NONE
эта,DET,,det,Nom,Fem,Sing,,0.0524784137909845,NONE
собака,NOUN,,nsubj,Nom,Fem,Sing,Anim,-0.0399730087986434,NONE
рычит,VERB,,root,,,Sing,,0.0818695211267791,NONE
и,CCONJ,,cc,,,,,-0.0461970574363101,NONE
лает,VERB,,conj,,,Sing,,0.0447819235459955,NONE
и,CCONJ,,cc,,,,,0.0831885285719786,NONE
пытается,VERB,,conj,,,Sing,,0.0279804377958499,NONE
укусить,VERB,,xcomp,,,,,0.0857318996615466,NONE
меня,PRON,,obj,Acc,,Sing,,0.0739590333020343,NONE
через,ADP,,case,,,,,0.045324266116627,NONE
забор,NOUN,,obl,Acc,Masc,Sing,Inan,-0.0325832551202194,NONE
все,DET,,det,Acc,Neut,Sing,,0.0092962758581578,NONE
время,NOUN,,obl:tmod,Acc,Neut,Sing,Inan,0.1718309620672135,NONE
",",PUNCT,,punct,,,,,-0.7039240958226671,NONE
пока,SCONJ,,mark,,,,,-0.0634185569330876,NONE
я,PRON,,nsubj,Nom,,Sing,,-0.0195476191790175,NONE
нахожусь,VERB,,advcl,,,Sing,,0.0009855687506825,NONE
на,ADP,,case,,,,,-0.0761901081181373,NONE
заднем,ADJ,,amod,Loc,Masc,Sing,,-0.0546547454059196,NONE
дворе,NOUN,,obl,Loc,Masc,Sing,Inan,0.0932484533233093,NONE
.,PUNCT,,punct,,,,,0.1642265230620372,NONE
Поскольку,SCONJ,,mark,,,,,-0.4129264575751952,NONE
рынок,NOUN,,nsubj,Nom,Masc,Sing,Inan,0.5694010447207987,NONE
Сиднея,PROPN,,nmod,Gen,Masc,Sing,Inan,0.0354317298519862,LOC
столкнулся,VERB,,advcl,,Masc,Sing,,0.0573601820051929,NONE
с,ADP,,case,,,,,-0.1274466842226553,NONE
дефицитом,NOUN,,obl,Ins,Masc,Sing,Inan,-0.0115082633725201,NONE
запасов,NOUN,,nmod,Gen,Masc,Plur,Inan,0.0163091820781122,NONE
",",PUNCT,,punct,,,,,0.1889342999658153,NONE
мистер,NOUN,,nsubj,Nom,Masc,Sing,Anim,0.0054329169862387,NONE
Панос,PROPN,,appos,Nom,Masc,Sing,Anim,0.0375135410278373,PER
сказал,VERB,,root,,Masc,Sing,,-0.1296363854008094,NONE
",",PUNCT,,punct,,,,,0.2668995138015518,NONE
что,SCONJ,,mark,,,,,-0.1984580314371901,NONE
охотникам,NOUN,,iobj,Dat,Masc,Plur,Anim,0.0451483135573002,NONE
за,ADP,,case,,,,,-0.0982056994201159,NONE
домами,NOUN,,nmod,Ins,Masc,Plur,Inan,0.0194894854652951,NONE
нужно,ADJ,,ccomp,,Neut,Sing,,-0.2898378688867101,NONE
быть,AUX,,cop,,,,,-0.0265909578177721,NONE
терпеливыми,ADJ,,csubj,Ins,,Plur,,0.004636765994493,NONE
.,PUNCT,,punct,,,,,0.3060888677492294,NONE
ух,INTJ,,parataxis,,,,,0.5254562306340721,NONE
!,PUNCT,,punct,,,,,0.1719722186183466,NONE
СМИ,NOUN,,nsubj,Nom,Neut,Plur,Inan,0.0301083096909264,ORG
отказались,VERB,,root,,,Plur,,0.1100697404369878,NONE
от,ADP,,case,,,,,0.0460940734204388,NONE
комментариев,NOUN,,obl,Gen,Masc,Plur,Inan,0.079475745879315,NONE
",",PUNCT,,punct,,,,,0.2574971800697985,NONE
но,CCONJ,,cc,,,,,-0.0319177307946024,NONE
на,ADP,,case,,,,,-0.1080651353655185,NONE
конференции,NOUN,,obl,Loc,Fem,Sing,Inan,-0.0517026900917887,NONE
Macquarie,PROPN,,flat:foreign,,,,,0.0179751192424638,ORG
Australia,PROPN,,flat:foreign,,,,,0.0124769342232417,ORG
в,ADP,,case,,,,,0.2410292278122314,NONE
мае,NOUN,,obl,Loc,Masc,Sing,Inan,0.004987316017431,NONE
они,PRON,,nsubj,Nom,,Plur,,0.1298988583443199,NONE
отметили,VERB,,conj,,,Plur,,0.052300237651127,NONE
более,ADV,,advmod,,,,,-0.0321395615057819,NONE
20,NUM,,nummod,,,,,0.0964828616639522,NONE
миллионов,NOUN,,nummod,Gen,Masc,Plur,Inan,0.1072611373095354,NONE
долларов,NOUN,,obl,Gen,Masc,Plur,Inan,0.0108711460917561,NONE
экономии,NOUN,,nmod,Gen,Fem,Sing,Inan,0.2556385199669353,NONE
фиксированных,VERB,,amod,Gen,,Plur,,0.083354555094821,NONE
расходов,NOUN,,nmod,Gen,Masc,Plur,Inan,0.1377144068193146,NONE
на,ADP,,case,,,,,0.00833564075452,NONE
аренду,NOUN,,nmod,Acc,Fem,Sing,Inan,-0.0045426791678711,NONE
.,PUNCT,,punct,,,,,0.540698104590219,NONE
Сибсагар,NOUN,,nsubj,Nom,Masc,Sing,Anim,0.137795994885923,PER
MLA,PROPN,,flat:foreign,,,,,0.1015817884073548,NONE
Ахил,PROPN,,appos,Nom,Masc,Sing,Anim,0.1092812744377406,PER
Гогой,PROPN,,flat:name,Nom,Masc,Sing,Anim,0.2237368132609535,PER
",",PUNCT,,punct,,,,,0.1725163008689889,NONE
который,PRON,,nsubj,Nom,,,,0.0056860016405621,NONE
был,AUX,,cop,,Masc,Sing,,-0.0470223351414173,NONE
лидером,NOUN,,acl:relcl,Ins,Masc,Sing,Anim,0.134811264776913,NONE
Кришак,PROPN,,nmod,Gen,Masc,Sing,Inan,0.025102339990086,PER
Мукти,PROPN,,appos,,,,,0.2009645144937241,PER
Санграм,PROPN,,appos,Nom,Masc,Sing,Inan,0.2181375611194528,PER
Самити,PROPN,,appos,Gen,Masc,Sing,Anim,0.0588962284848369,PER
во,ADP,,case,,,,,0.0111438656122275,NONE
время,NOUN,,fixed,Acc,Neut,Sing,Inan,0.0062424226591655,NONE
беспорядков,NOUN,,nmod,Gen,Masc,Plur,Inan,0.192414890428877,NONE
и,CCONJ,,cc,,,,,-0.0277401357767226,NONE
был,AUX,,aux:pass,,Masc,Sing,,-0.1453069822916496,NONE
заключен,VERB,,conj,,Masc,Sing,,-0.2336667381734878,NONE
в,ADP,,case,,,,,0.1037463345329428,NONE
тюрьму,NOUN,,obl,Acc,Fem,Sing,Inan,0.2027124898669401,NONE
за,ADP,,case,,,,,-0.0124792380290038,NONE
свою,DET,,det,Acc,Fem,Sing,,-0.0469008058507175,NONE
роль,NOUN,,obl,Acc,Fem,Sing,Inan,-0.0957233210187789,NONE
в,ADP,,case,,,,,0.0235982619824291,NONE
нем,PRON,,nmod,Loc,Masc,Sing,,-0.0535677239291248,NONE
",",PUNCT,,punct,,,,,0.0854320977148763,NONE
воздавая,VERB,,advcl,,,,,0.0151665775389634,NONE
дань,NOUN,,obj,Acc,Fem,Sing,Inan,0.0751756698088092,NONE
уважения,NOUN,,nmod,Gen,Neut,Sing,Inan,0.0356010141257037,NONE
фотографиям,NOUN,,iobj,Dat,Fem,Plur,Inan,0.1084172672263076,NONE
погибших,VERB,,nmod,Gen,,Plur,,0.0319044669826128,NONE
",",PUNCT,,punct,,,,,0.1002499897214097,NONE
сказал,VERB,,root,,Masc,Sing,,-0.0870192523557297,NONE
",",PUNCT,,punct,,,,,0.1611737922815921,NONE
что,SCONJ,,mark,,,,,0.0209350124562385,NONE
политические,ADJ,,amod,Nom,,Plur,,0.2459146076467018,NONE
партии,NOUN,,nsubj,Nom,Fem,Plur,Inan,0.0983540200616641,NONE
и,CCONJ,,cc,,,,,-0.0008205672878085,NONE
«националистические,ADJ,,amod,Nom,,Plur,,0.2115817013579744,NONE
организации»,NOUN,,conj,Nom,Fem,Plur,Inan,-0.0718018805017272,NONE
должны,ADJ,,ccomp,,,Plur,,-0.0233741742129706,NONE
взять,VERB,,xcomp,,,,,-0.0220218387723464,NONE
на,ADP,,case,,,,,0.0179050894522026,NONE
себя,PRON,,obl,Acc,,,,-0.0245753942458378,NONE
инициативу,NOUN,,obj,Acc,Fem,Sing,Inan,0.0058398068853711,NONE
.,PUNCT,,punct,,,,,0.09845087767731,NONE
в,ADP,,case,,,,,0.2554806888176159,NONE
возобновлении,NOUN,,nmod,Loc,Neut,Sing,Inan,0.0803706376432829,NONE
движения,NOUN,,nmod,Gen,Neut,Sing,Inan,-0.0558044495151925,NONE
.,PUNCT,,punct,,,,,0.0767808471347895,NONE
Клакманнаншир,NOUN,,root,Nom,Masc,Sing,Inan,0.1761974692041019,NONE
:,PUNCT,,punct,,,,,0.073957781032941,NONE
Alva,PROPN,,nsubj,,,,,-0.0562985201643852,ORG
Academy,PROPN,,flat:foreign,,,,,0.0087825842987511,ORG
собрала,VERB,,parataxis,,Fem,Sing,,0.0114597971001555,NONE
более,ADV,,advmod,,,,,-0.166996390666119,NONE
300,NUM,,nummod,,,,,0.1930149128401563,NONE
000,NUM,,nummod,,,,,0.1494666825058051,NONE
фунтов,NOUN,,obl,Gen,Masc,Plur,Inan,0.2511633898739122,NONE
стерлингов,NOUN,,nmod,Gen,Masc,Plur,Inan,0.0755276227333311,NONE
для,ADP,,case,,,,,-0.0836886343186696,NONE
Макмиллана,PROPN,,nmod,Gen,Masc,Sing,Anim,-0.015893449318291,PER
.,PUNCT,,punct,,,,,0.6946629271833329,NONE
Десяткам,NOUN,,iobj,Dat,Masc,Plur,Inan,0.0608161451699625,NONE
тысяч,NOUN,,nummod,Gen,Fem,Plur,Inan,0.0337611607270098,NONE
людей,NOUN,,nmod,Gen,Masc,Plur,Anim,0.0409392556426513,NONE
уже,ADV,,advmod,,,,,-0.0291574460029812,NONE
сделали,VERB,,root,,,Plur,,0.0518163911599769,NONE
реконвалесцентную,ADJ,,amod,Acc,Fem,Sing,,0.0612738684903263,NONE
плазму,NOUN,,obj,Acc,Fem,Sing,Inan,0.0303398321123474,NONE
в,ADP,,case,,,,,-0.0134608925346029,NONE
США,PROPN,,obl,Loc,,Plur,Inan,0.1021429168003262,LOC
",",PUNCT,,punct,,,,,0.0503404663345202,NONE
но,CCONJ,,cc,,,,,-0.0084634999562601,NONE
эти,DET,,det,Nom,,Plur,,0.0094329583580119,NONE
методы,NOUN,,nsubj:pass,Nom,Masc,Plur,Inan,0.0185439463248342,NONE
лечения,NOUN,,nmod,Gen,Neut,Sing,Inan,-0.0054148997428893,NONE
не,PART,,advmod,,,,,-0.097678820443113,NONE
были,AUX,,aux:pass,,,Plur,,-0.0341688042477469,NONE
рандомизированы,VERB,,conj,,,Plur,,0.0833407309736993,NONE
",",PUNCT,,punct,,,,,0.7032262695550094,NONE
-,PUNCT,,punct,,,,,0.1457115387181138,NONE
сказал,VERB,,parataxis,,Masc,Sing,,0.0079542462955836,NONE
профессор,NOUN,,nsubj,Nom,Masc,Sing,Anim,0.0134351794710437,NONE
Мартин,PROPN,,appos,Nom,Masc,Sing,Anim,0.01279150155254,PER
Ландрей,PROPN,,flat:name,Nom,Masc,Sing,Anim,0.0131702931411229,PER
",",PUNCT,,punct,,,,,0.0143826655893845,NONE
один,NUM,,appos,Nom,Masc,,,0.0402381285679171,NONE
из,ADP,,case,,,,,-0.0198083777755763,NONE
основателей,NOUN,,nmod,Gen,Masc,Plur,Anim,0.0295959515823223,NONE
программы,NOUN,,nmod,Gen,Fem,Sing,Inan,0.0392847739015333,NONE
"""",PUNCT,,punct,,,,,0.0581642458143836,NONE
"""",PUNCT,,punct,,,,,0.0449871757497544,NONE
Восстановление,NOUN,,appos,Nom,Neut,Sing,Inan,0.0674059966593079,NONE
"""",PUNCT,,punct,,,,,-0.0161323107125985,NONE
"""",PUNCT,,punct,,,,,-0.0489765663727671,NONE
.,PUNCT,,punct,,,,,-0.0048185799442634,NONE
"""",PUNCT,,punct,,,,,-0.1051113373090158,NONE
Когда,SCONJ,,mark,,,,,0.0891404180392401,NONE
ваша,DET,,det,Nom,Fem,Sing,,-0.0658743602939565,NONE
электронная,ADJ,,amod,Nom,Fem,Sing,,0.6908200475798694,NONE
книга,NOUN,,nsubj:pass,Nom,Fem,Sing,Inan,0.0276515789374375,NONE
выключена,VERB,,advcl,,Fem,Sing,,0.2628488682982042,NONE
",",PUNCT,,punct,,,,,0.1825972688236542,NONE
вы,PRON,,nsubj,Nom,,Plur,,0.16243698840534,NONE
увидите,VERB,,root,,,Plur,,0.2704300572726671,NONE
экран,NOUN,,obj,Acc,Masc,Sing,Inan,0.2898179517344373,NONE
Выключено,VERB,,xcomp,,Neut,Sing,,0.0853303498548994,NONE
.,PUNCT,,punct,,,,,-0.0179607594402762,NONE
То,PRON,,nsubj,Nom,Neut,Sing,Inan,-0.4986861045309779,NONE
",",PUNCT,,punct,,,,,0.248945205064024,NONE
что,PRON,,nsubj,Nom,,,,-0.058605796661377,NONE
происходит,VERB,,acl,,,Sing,,-0.0474334323614451,NONE
на,ADP,,case,,,,,-0.1094068731982773,NONE
экране,NOUN,,obl,Loc,Masc,Sing,Inan,0.0320870472100115,NONE
",",PUNCT,,punct,,,,,0.0022665263878583,NONE
пугает,VERB,,root,,,Sing,,0.1720567554367019,NONE
",",PUNCT,,punct,,,,,0.0945594318050402,NONE
нервирует,VERB,,conj,,,Sing,,0.1200043106409455,NONE
",",PUNCT,,punct,,,,,-0.0094285295116963,NONE
совершенно,ADV,,advmod,,,,,-0.0838394300900747,NONE
убедительно,ADV,,advmod,,,,,0.0043061257616469,NONE
",",PUNCT,,punct,,,,,0.1181388707562759,NONE
вызывает,VERB,,conj,,,Sing,,-0.0616708859426029,NONE
беспокойство,NOUN,,obj,Acc,Neut,Sing,Inan,0.2064607881656206,NONE
",",PUNCT,,punct,,,,,0.0887635532697095,NONE
беспокоит,VERB,,conj,,,Sing,,0.0112443764818538,NONE
сон,NOUN,,obj,Acc,Masc,Sing,Inan,0.1784574619415337,NONE
и,CCONJ,,cc,,,,,-0.0094335553206268,NONE
абсолютно,ADV,,advmod,,,,,0.1066759892220136,NONE
блестяще,ADV,,conj,,,,,0.1029346673386487,NONE
.,PUNCT,,punct,,,,,0.4856871470843308,NONE
Она,PRON,,nsubj,Nom,Fem,Sing,,0.0685838514889471,NONE
утратила,VERB,,root,,Fem,Sing,,0.1098111959260296,NONE
свою,DET,,det,Acc,Fem,Sing,,0.1243428442549263,NONE
интенсивность,NOUN,,obj,Acc,Fem,Sing,Inan,0.1398440688535881,NONE
из-за,ADP,,case,,,,,0.0830338323203498,NONE
начала,NOUN,,obl,Gen,Neut,Sing,Inan,-0.0254572185883523,NONE
обследований,NOUN,,nmod,Gen,Neut,Plur,Inan,0.1366720291360308,NONE
(,PUNCT,,punct,,,,,-0.1640532535891741,NONE
в,ADP,,case,,,,,0.3565610317531253,NONE
январе,NOUN,,parataxis,Loc,Masc,Sing,Inan,0.026624023401906,NONE
2020,ADJ,,amod,,,,,0.0727351421517048,NONE
года,NOUN,,nmod,Gen,Masc,Sing,Inan,-0.5858278418474064,NONE
),PUNCT,,punct,,,,,-0.1290506577718467,NONE
",",PUNCT,,punct,,,,,0.2448214702784655,NONE
а,CCONJ,,cc,,,,,0.0907813224662544,NONE
затем,ADV,,advmod,,,,,0.1858963079063966,NONE
пандемии,NOUN,,conj,Gen,Fem,Sing,Inan,0.1396852374481438,NONE
и,CCONJ,,cc,,,,,-0.1126935816979414,NONE
карантина,NOUN,,conj,Gen,Masc,Sing,Inan,0.1182853414678287,NONE
.,PUNCT,,punct,,,,,0.296217321629269,NONE
Цикл,NOUN,,nsubj,Nom,Masc,Sing,Inan,0.1176207010443243,NONE
день,NOUN,,appos,Nom,Masc,Sing,Inan,0.0702297904913047,NONE
/,PUNCT,,punct,,,,,-0.0199984273276959,NONE
ночь,NOUN,,nmod,Nom,Fem,Sing,Inan,0.0109409096798836,NONE
-,PUNCT,,punct,,,,,0.150884766190954,NONE
Наряду,ADV,,parataxis,,,,,0.0395429136326732,NONE
с,ADP,,case,,,,,-0.0572279069825628,NONE
уникальными,ADJ,,amod,Ins,,Plur,,-0.0227028039298489,NONE
изменениями,NOUN,,obl,Ins,Neut,Plur,Inan,-0.0097621637258558,NONE
погоды,NOUN,,nmod,Gen,Fem,Sing,Inan,0.0749596211848676,NONE
и,CCONJ,,cc,,,,,-0.0074644652235159,NONE
климата,NOUN,,conj,Gen,Masc,Sing,Inan,0.0644262760157304,NONE
",",PUNCT,,punct,,,,,-0.0725331547330935,NONE
игра,NOUN,,nsubj,Nom,Fem,Sing,Inan,0.0312409998269086,NONE
вращается,VERB,,root,,,Sing,,0.1531373108432976,NONE
вокруг,ADP,,case,,,,,-0.0623027715758387,NONE
цикла,NOUN,,obl,Gen,Masc,Sing,Inan,0.065200082923052,NONE
день,NOUN,,appos,Nom,Masc,Sing,Inan,-0.0546887164733774,NONE
/,PUNCT,,punct,,,,,-0.0837175922179609,NONE
ночь,NOUN,,nmod,Nom,Fem,Sing,Inan,0.0480917855550739,NONE
",",PUNCT,,punct,,,,,-0.0536804012062537,NONE
который,PRON,,nsubj,Nom,,,,0.0305988938402448,NONE
изменяет,VERB,,acl:relcl,,,Sing,,0.0644721627890976,NONE
поведение,NOUN,,obj,Acc,Neut,Sing,Inan,0.0745713638021062,NONE
NPC,PROPN,,flat:foreign,,,,,0.0040932306474825,NONE
и,CCONJ,,cc,,,,,-0.0354495054229851,NONE
вызывает,VERB,,conj,,,Sing,,-0.0578037139463631,NONE
различные,ADJ,,amod,Acc,,Plur,Inan,0.066812540560031,NONE
события,NOUN,,obj,Acc,Neut,Plur,Inan,0.0708763327435203,NONE
в,ADP,,case,,,,,0.016025756595005,NONE
зависимости,NOUN,,obl,Loc,Fem,Sing,Inan,0.0336285063170674,NONE
от,ADP,,case,,,,,0.0831660941478339,NONE
времени,NOUN,,nmod,Gen,Neut,Sing,Inan,0.0265629779566873,NONE
суток,NOUN,,nmod,Gen,Fem,Plur,Inan,-0.0615371952770582,NONE
.,PUNCT,,punct,,,,,0.8518557720194052,NONE
По,ADP,,case,,,,,-0.0506008934877707,NONE
сути,NOUN,,parataxis,Dat,Fem,Sing,Inan,0.1348466677795586,NONE
",",PUNCT,,punct,,,,,-0.0379998010361941,NONE
они,PRON,,nsubj,Nom,,Plur,,0.0208036977195686,NONE
намекнули,VERB,,root,,,Plur,,0.0668852558728464,NONE
",",PUNCT,,punct,,,,,0.0112607306704326,NONE
что,SCONJ,,mark,,,,,0.1169688854815133,NONE
они,PRON,,nsubj,Nom,,Plur,,0.0187964687323208,NONE
были,AUX,,cop,,,Plur,,0.1082431045805124,NONE
движущей,ADJ,,amod,Ins,Fem,Sing,,0.1092795234464062,NONE
силой,NOUN,,ccomp,Ins,Fem,Sing,Inan,0.0336558201091957,NONE
",",PUNCT,,punct,,,,,0.2257403018670495,NONE
которая,PRON,,nsubj,Nom,,,,-0.0260839847194018,NONE
привела,VERB,,acl:relcl,,Fem,Sing,,0.1326817362792009,NONE
меня,PRON,,obj,Acc,,Sing,,0.073685980519143,NONE
сюда,ADV,,advmod,,,,,-0.06107941190356,NONE
",",PUNCT,,punct,,,,,0.263726042522876,NONE
под,ADP,,case,,,,,0.1527979372933089,NONE
видом,NOUN,,conj,Ins,Masc,Sing,Inan,-0.1313825206545979,NONE
поддержки,NOUN,,nmod,Gen,Fem,Sing,Inan,0.1598743325035604,NONE
",",PUNCT,,punct,,,,,0.1540570375725421,NONE
когда,SCONJ,,mark,,,,,0.0410975442572773,NONE
на,ADP,,case,,,,,0.1260211860052311,NONE
самом,ADJ,,amod,Loc,Neut,Sing,,0.0235736006304239,NONE
деле,NOUN,,obl,Loc,Neut,Sing,Inan,0.0839296469313074,NONE
они,PRON,,nsubj,Nom,,Plur,,0.0512717062592342,NONE
даже,PART,,advmod,,,,,-0.0579563659051353,NONE
не,PART,,advmod,,,,,0.1058025421931973,NONE
знали,VERB,,advcl,,,Plur,,-0.0415021423400251,NONE
",",PUNCT,,punct,,,,,0.132573089434823,NONE
что,SCONJ,,mark,,,,,0.0492645377854365,NONE
я,PRON,,nsubj,Nom,,Sing,,0.158387174028675,NONE
делаю,VERB,,ccomp,,,Sing,,0.0890167975277588,NONE
эти,DET,,det,Acc,,Plur,,0.0471207104974307,NONE
изменения,NOUN,,obj,Acc,Neut,Plur,Inan,-0.0069235005967719,NONE
",",PUNCT,,punct,,,,,0.1854784415101027,NONE
пока,SCONJ,,mark,,,,,0.0687239405465452,NONE
я,PRON,,nsubj,Nom,,Sing,,0.0679779040401263,NONE
уже,ADV,,advmod,,,,,-0.0273991644468048,NONE
не,PART,,advmod,,,,,0.0422545125200885,NONE
прошла,VERB,,advcl,,Fem,Sing,,-0.0543145995291366,NONE
через,ADP,,case,,,,,-0.0917093564008147,NONE
RNY,PROPN,,flat:foreign,,,,,0.0470866457447061,ORG
и,CCONJ,,cc,,,,,-0.0531574424612392,NONE
не,PART,,advmod,,,,,-0.0182799026715324,NONE
потеряла,VERB,,conj,,Fem,Sing,,0.030622598438494,NONE
более,ADV,,advmod,,,,,-0.046626954684303,NONE
100,NUM,,nummod,,,,,-0.3681309173324157,NONE
фунтов,NOUN,,obl,Gen,Masc,Plur,Inan,0.5118992677843345,NONE
.,PUNCT,,punct,,,,,0.1184223138777321,NONE
Она,PRON,,nsubj,Nom,Fem,Sing,,-0.2791072218914874,NONE
сказала,VERB,,root,,Fem,Sing,,0.0513711939247865,NONE
",",PUNCT,,punct,,,,,0.0192003390224928,NONE
что,SCONJ,,mark,,,,,-0.0378866382324937,NONE
княгиня,NOUN,,nsubj,Nom,Fem,Sing,Anim,0.0399873285903839,NONE
подтолкнула,VERB,,ccomp,,Fem,Sing,,0.1416186754307164,NONE
их,PRON,,obj,Acc,,Plur,,0.1651858467933095,NONE
к,ADP,,case,,,,,0.0288983806302923,NONE
плугу,NOUN,,obl,Dat,Masc,Sing,Inan,0.0336702792038087,NONE
вперед,ADV,,advmod,,,,,0.0290843652830787,NONE
с,ADP,,case,,,,,0.0424091468558714,NONE
их,DET,,det,,,,,-0.0547976669304467,NONE
новыми,ADJ,,amod,Ins,,Plur,,0.1294315736417917,NONE
идеями,NOUN,,obl,Ins,Fem,Plur,Inan,0.0441761742080596,NONE
и,CCONJ,,cc,,,,,0.0687798594915876,NONE
рассказала,VERB,,conj,,Fem,Sing,,0.0783680215947574,NONE
о,ADP,,case,,,,,0.3633119694937469,NONE
том,PRON,,obl,Loc,Neut,Sing,Inan,-0.0042931341180415,NONE
",",PUNCT,,punct,,,,,0.2250070182592299,NONE
как,ADV,,advmod,,,,,0.0940458337582249,NONE
они,PRON,,nsubj,Nom,,Plur,,0.0165638044997815,NONE
должны,ADJ,,acl,,,Plur,,-0.1373314237493135,NONE
продолжать,VERB,,xcomp,,,,,0.0079209031330507,NONE
толкать,VERB,,xcomp,,,,,0.2814212580687867,NONE
и,CCONJ,,cc,,,,,-0.0027562756740227,NONE
идти,VERB,,conj,,,,,0.2042986355529678,NONE
вперед,ADV,,advmod,,,,,0.018810134606997,NONE
",",PUNCT,,punct,,,,,0.1122773537135538,NONE
зная,VERB,,advcl,,,,,0.0988900144152648,NONE
",",PUNCT,,punct,,,,,0.1816302508146022,NONE
что,SCONJ,,mark,,,,,0.0622650896820194,NONE
они,PRON,,nsubj,Nom,,Plur,,0.0628174920955069,NONE
делают,VERB,,ccomp,,,Plur,,0.1850570891000171,NONE
это,PRON,,obj,Acc,Neut,Sing,Inan,0.0497751310485904,NONE
для,ADP,,case,,,,,-0.0414481066983908,NONE
других,DET,,obl,Gen,,Plur,,0.1929305164186325,NONE
",",PUNCT,,punct,,,,,0.2130350601339029,NONE
кто,PRON,,nsubj,Nom,,,,-0.0844687623148897,NONE
будет,AUX,,aux,,,Sing,,-0.0541890649257465,NONE
следовать,VERB,,acl:relcl,,,,,0.2288100123940653,NONE
.,PUNCT,,punct,,,,,-0.3077524056254642,NONE
Эти,DET,,det,Nom,,Plur,,-0.5400395600910326,NONE
двое,NUM,,nsubj:pass,Nom,,,,0.0225677530549268,NONE
были,AUX,,aux:pass,,,Plur,,0.0401631688178391,NONE
забронированы,VERB,,root,,,Plur,,0.0525622953351802,NONE
на,ADP,,case,,,,,-0.1644500054643939,NONE
станции,NOUN,,obl,Loc,Fem,Sing,Inan,-0.0346258490402022,NONE
шерифа,NOUN,,nmod,Gen,Masc,Sing,Anim,-0.0053791907809087,NONE
Палмдейла,PROPN,,appos,Gen,Masc,Sing,Inan,0.0824893595593122,LOC
",",PUNCT,,punct,,,,,0.1688830550682363,NONE
и,CCONJ,,cc,,,,,0.1119034167310911,NONE
в,ADP,,case,,,,,0.2570781939118964,NONE
их,DET,,det,,,,,0.0977848504357291,NONE
резиденции,NOUN,,obl,Loc,Fem,Sing,Inan,0.1673985140152427,NONE
был,AUX,,aux:pass,,Masc,Sing,,0.2306496412321781,NONE
вручен,VERB,,conj,,Masc,Sing,,0.089270480752325,NONE
ордер,NOUN,,nsubj:pass,Nom,Masc,Sing,Inan,0.0588520111574037,NONE
на,ADP,,case,,,,,0.0333652863470734,NONE
обыск,NOUN,,nmod,Acc,Masc,Sing,Inan,0.1641713313646662,NONE
в,ADP,,case,,,,,0.0269462560331714,NONE
попытке,NOUN,,nmod,Loc,Fem,Sing,Inan,0.2025683860926394,NONE
восстановить,VERB,,obl,,,,,0.0915714849664551,NONE
любые,DET,,det,Acc,,Plur,,0.0275777786587043,NONE
дополнительные,ADJ,,amod,Acc,,Plur,Inan,0.156525228633551,NONE
доказательства,NOUN,,obj,Acc,Neut,Plur,Inan,0.1910940662534639,NONE
",",PUNCT,,punct,,,,,0.2486092810008396,NONE
связанные,VERB,,acl,Acc,,Plur,Inan,-0.0554293916782745,NONE
с,ADP,,case,,,,,0.230815102015596,NONE
убийством,NOUN,,obl,Ins,Neut,Sing,Inan,0.1493990755072276,NONE
Ноя,PROPN,,nmod,Gen,Masc,Sing,Anim,0.017968209747463,PER
.,PUNCT,,punct,,,,,0.1687011108756033,NONE
Включение,NOUN,,nsubj:pass,Nom,Neut,Sing,Inan,0.3196210909766276,NONE
части,NOUN,,nmod,Gen,Fem,Sing,Inan,-0.0594927364135223,NONE
SAU,PROPN,,flat:foreign,,,,,-0.0004170254226764,NONE
008,NUM,,nummod,,,,,0.0831242110907026,NONE
предназначено,VERB,,root,,Neut,Sing,,0.0564972700652057,NONE
для,ADP,,case,,,,,0.0392861892439137,NONE
обеспечения,NOUN,,obl,Gen,Neut,Sing,Inan,0.4687501887304488,NONE
того,PRON,,nmod,Gen,Neut,Sing,Inan,-0.0792001413768398,NONE
",",PUNCT,,punct,,,,,0.2627099514285248,NONE
чтобы,SCONJ,,mark,,,,,-0.05889287755351,NONE
это,PRON,,nsubj:pass,Nom,Neut,Sing,Inan,0.0934654855307787,NONE
было,AUX,,aux:pass,,Neut,Sing,,0.0831442798994426,NONE
сделано,VERB,,acl,,Neut,Sing,,0.1378707392362141,NONE
с,ADP,,case,,,,,0.012091444162051,NONE
максимальной,ADJ,,amod,Ins,Fem,Sing,,0.1774846017457191,NONE
точностью,NOUN,,obl,Ins,Fem,Sing,Inan,0.3284317393680208,NONE
.,PUNCT,,punct,,,,,0.298938925462929,NONE
Устройство,NOUN,,nsubj,Nom,Neut,Sing,Inan,0.1364082951500597,NONE
обеспечивает,VERB,,root,,,Sing,,0.0146181289074892,NONE
бесперебойное,ADJ,,amod,Acc,Neut,Sing,,0.1100266607327777,NONE
переключение,NOUN,,obj,Acc,Neut,Sing,Inan,0.0102403715792943,NONE
между,ADP,,case,,,,,-0.1240157371056607,NONE
источниками,NOUN,,nmod,Ins,Masc,Plur,Inan,0.0843463123294929,NONE
благодаря,ADP,,case,,,,,0.0248420776804667,NONE
технологии,NOUN,,obl,Dat,Fem,Sing,Inan,-0.0735104744375816,NONE
переключения,NOUN,,nmod,Gen,Neut,Sing,Inan,0.080721267630109,NONE
FTBTM,PROPN,,flat:foreign,,,,,0.1591508131606944,NONE
(,PUNCT,,punct,,,,,-0.0243956490103688,NONE
fade-thru-black,X,,flat:foreign,,,,,0.4681220767185037,NONE
),PUNCT,,punct,,,,,0.2315970769991748,NONE
.,PUNCT,,punct,,,,,-0.4026695499942256,NONE
Я,PRON,,nsubj,Nom,,Sing,,-0.1966407555863633,NONE
делал,VERB,,root,,Masc,Sing,,-0.0339055149357198,NONE
это,PRON,,obj,Acc,Neut,Sing,Inan,0.1534954583768944,NONE
несколько,NUM,,nummod,Acc,,,Inan,0.3430129653596296,NONE
раз,NOUN,,obl,Gen,Masc,Plur,Inan,-0.0188086258244474,NONE
",",PUNCT,,punct,,,,,0.1820434877513988,NONE
это,PRON,,nsubj,Nom,Neut,Sing,Inan,0.4233920044098253,NONE
не,PART,,advmod,,,,,0.617441329460234,NONE
работает,VERB,,conj,,,Sing,,0.2146744913523949,NONE
.,PUNCT,,punct,,,,,-0.1835758231541441,NONE
Это,PRON,,nsubj,Nom,Neut,Sing,Inan,-0.2749472254542081,NONE
создает,VERB,,root,,,Sing,,0.1157162830623197,NONE
ложную,ADJ,,amod,Acc,Fem,Sing,,0.0523299376005952,NONE
надежду,NOUN,,obj,Acc,Fem,Sing,Inan,0.067071297201096,NONE
для,ADP,,case,,,,,-0.0948472566473211,NONE
многих,NUM,,amod,,,,,-0.1179150095960794,NONE
покупателей,NOUN,,nmod,Gen,Masc,Plur,Anim,-0.0760032554640055,NONE
",",PUNCT,,punct,,,,,0.0501510352816201,NONE
которые,PRON,,nsubj,Nom,,,,-0.0090018832252546,NONE
думают,VERB,,acl:relcl,,,Plur,,-0.0337553025058209,NONE
",",PUNCT,,punct,,,,,0.1863327405583921,NONE
что,SCONJ,,mark,,,,,0.0566102733811416,NONE
они,PRON,,nsubj,Nom,,Plur,,0.0595155402926901,NONE
могут,VERB,,ccomp,,,Plur,,-0.0830320719199244,NONE
иметь,VERB,,xcomp,,,,,0.1754939523156886,NONE
шанс,NOUN,,obj,Acc,Masc,Sing,Inan,0.2523052471616933,NONE
на,ADP,,case,,,,,-0.0803528554291186,NONE
недвижимость,NOUN,,nmod,Acc,Fem,Sing,Inan,0.1744398874317458,NONE
с,ADP,,case,,,,,0.0669951107739098,NONE
$,SYM,,nmod,,,,,0.227904455623715,NONE
1,NUM,,nummod,,,,,-0.0785932786464849,NONE
",",PUNCT,,punct,,,,,0.4670252405459468,NONE
3,NUM,,conj,,,,,-0.0558993131974387,NONE
миллиона,NOUN,,nummod,Gen,Masc,Sing,Inan,0.1473704968553942,NONE
руководство,NOUN,,nmod,Acc,Neut,Sing,Inan,0.095128147287524,NONE
",",PUNCT,,punct,,,,,0.1201889497169293,NONE
когда,SCONJ,,mark,,,,,-0.0384855195567466,NONE
он,PRON,,nsubj,Nom,Masc,Sing,,0.049375761364897,NONE
будет,AUX,,aux,,,Sing,,0.0869528079504119,NONE
действительно,ADV,,advmod,,,,,-0.0949665226220601,NONE
продать,VERB,,advcl,,,,,0.0769150487576567,NONE
за,ADP,,case,,,,,0.07988660790144,NONE
$,SYM,,obl,,,,,0.1118618064737328,NONE
1,NUM,,nummod,,,,,-0.0911425274350513,NONE
",",PUNCT,,punct,,,,,0.1271460692839808,NONE
5,NUM,,conj,,,,,-0.0748732650959856,NONE
миллиона,NOUN,,nummod,Gen,Masc,Sing,Inan,0.1437916566830996,NONE
",",PUNCT,,punct,,,,,0.1524385616315629,NONE
сказал,VERB,,parataxis,,Masc,Sing,,0.1500145393702329,NONE
он,PRON,,nsubj,Nom,Masc,Sing,,-0.0155096879620991,NONE
.,PUNCT,,punct,,,,,0.4042027475672628,NONE
Как,SCONJ,,mark,,,,,-0.0501236206232963,NONE
правило,NOUN,,parataxis,Nom,Neut,Sing,Inan,0.1521275834070067,NONE
",",PUNCT,,punct,,,,,0.0687877951497434,NONE
доставка,NOUN,,nsubj,Nom,Fem,Sing,Inan,-0.0660614116642775,NONE
осуществляется,VERB,,root,,,Sing,,-0.1070356090780404,NONE
быстрее,ADV,,advmod,,,,,-0.0504945929103575,NONE
через,ADP,,case,,,,,-0.0760357031377722,NONE
эти,DET,,det,Acc,,Plur,,-0.0826855787345444,NONE
службы,NOUN,,obl,Acc,Fem,Plur,Inan,-0.0137275981304026,NONE
",",PUNCT,,punct,,,,,0.1488603922832189,NONE
но,CCONJ,,cc,,,,,0.0520922758650365,NONE
имейте,VERB,,conj,,,Plur,,0.0290131400250748,NONE
в,ADP,,advmod,,,,,0.0347555133773556,NONE
виду,NOUN,,fixed,Loc,Masc,Sing,Inan,0.0633754244956359,NONE
",",PUNCT,,punct,,,,,0.0710286151850093,NONE
что,SCONJ,,mark,,,,,0.032099580385956,NONE
они,PRON,,nsubj,Nom,,Plur,,-0.0107818129742004,NONE
не,PART,,advmod,,,,,0.0339472619998583,NONE
являются,VERB,,ccomp,,,Plur,,-0.1047869932197078,NONE
службами,NOUN,,obl,Ins,Fem,Plur,Inan,-0.0164861967982556,NONE
доставки,NOUN,,nmod,Gen,Fem,Sing,Inan,0.018073807683114,NONE
по,ADP,,case,,,,,0.0077286227267272,NONE
времени,NOUN,,nmod,Dat,Neut,Sing,Inan,0.0174610169235716,NONE
или,CCONJ,,cc,,,,,0.0852431512099277,NONE
гарантированы,VERB,,conj,,,Plur,,0.0670343017316101,NONE
",",PUNCT,,punct,,,,,0.1805000258851694,NONE
и,CCONJ,,cc,,,,,0.0037353720375359,NONE
почтовые,ADJ,,amod,Nom,,Plur,,-0.0141111726862115,NONE
компании,NOUN,,nsubj,Nom,Fem,Plur,Inan,0.0237995895481308,NONE
применяют,VERB,,conj,,,Plur,,0.0548891546942627,NONE
тот,DET,,det,Acc,Masc,Sing,,0.0464319536051075,NONE
же,PART,,advmod,,,,,0.0183836346815801,NONE
уровень,NOUN,,obj,Acc,Masc,Sing,Inan,0.0340995416505024,NONE
обслуживания,NOUN,,nmod,Gen,Neut,Sing,Inan,-0.0800207224890784,NONE
",",PUNCT,,punct,,,,,0.0860428318750273,NONE
что,SCONJ,,mark,,,,,0.0683151411000116,NONE
и,PART,,advmod,,,,,-0.018633732266662,NONE
сроки,NOUN,,obl,Nom,Masc,Plur,Inan,0.2425729624128845,NONE
доставки,NOUN,,nmod,Gen,Fem,Sing,Inan,-0.0091502793468976,NONE
до,ADP,,case,,,,,-0.003929975750209,NONE
25,NUM,,nummod,,,,,-0.7028435686445734,NONE
рабочих,ADJ,,amod,Gen,,Plur,,-0.097350960456369,NONE
дней,NOUN,,nmod,Gen,Masc,Plur,Inan,0.1032576335577695,NONE
.,PUNCT,,punct,,,,,0.3938660890087677,NONE
Цикл,NOUN,,nsubj,Nom,Masc,Sing,Inan,0.0228560514562472,NONE
День,PROPN,,appos,Nom,Masc,Sing,Inan,0.0401739869309977,NONE
/,PUNCT,,punct,,,,,0.087325774126929,NONE
ночь,NOUN,,nmod,Nom,Fem,Sing,Inan,0.0930264047584706,NONE
-,PUNCT,,punct,,,,,0.4778005386812625,NONE
Наряду,ADV,,parataxis,,,,,0.0678768543983972,NONE
с,ADP,,case,,,,,-0.0256537225365939,NONE
уникальными,ADJ,,amod,Ins,,Plur,,0.1570157360000384,NONE
изменениями,NOUN,,obl,Ins,Neut,Plur,Inan,0.0565728530741672,NONE
погоды,NOUN,,nmod,Gen,Fem,Sing,Inan,0.0971633538838692,NONE
и,CCONJ,,cc,,,,,0.1162089168359104,NONE
климата,NOUN,,conj,Gen,Masc,Sing,Inan,0.1049683960688899,NONE
",",PUNCT,,punct,,,,,0.3214088690097081,NONE
игра,NOUN,,nsubj,Nom,Fem,Sing,Inan,0.3851779301605324,NONE
вращается,VERB,,root,,,Sing,,0.1983392480390994,NONE
вокруг,ADP,,case,,,,,0.037251721541701,NONE
цикла,NOUN,,obl,Gen,Masc,Sing,Inan,0.0982427058837139,NONE
день,NOUN,,appos,Nom,Masc,Sing,Inan,0.0241135629833533,NONE
/,PUNCT,,punct,,,,,0.0731564378805931,NONE
ночь,NOUN,,nmod,Nom,Fem,Sing,Inan,0.0758934240421185,NONE
",",PUNCT,,punct,,,,,0.021303966844639,NONE
который,PRON,,nsubj,Nom,,,,0.1327580596034472,NONE
изменяет,VERB,,acl:relcl,,,Sing,,0.1217771501499491,NONE
поведение,NOUN,,obj,Acc,Neut,Sing,Inan,-0.0045517185960508,NONE
NPC,PROPN,,flat:foreign,,,,,0.1088685715695135,NONE
и,CCONJ,,cc,,,,,0.0895638622790608,NONE
запускает,VERB,,conj,,,Sing,,0.1940158354938926,NONE
различные,ADJ,,amod,Acc,,Plur,Inan,0.0466659502827032,NONE
события,NOUN,,obj,Acc,Neut,Plur,Inan,0.1741682737287058,NONE
в,ADP,,case,,,,,0.0437743675468794,NONE
зависимости,NOUN,,obl,Loc,Fem,Sing,Inan,0.1440258233016982,NONE
от,ADP,,case,,,,,0.1387953097314684,NONE
времени,NOUN,,nmod,Gen,Neut,Sing,Inan,0.0777962261349762,NONE
суток,NOUN,,nmod,Gen,Fem,Plur,Inan,0.1181692910516752,NONE
.,PUNCT,,punct,,,,,-0.1791727654111602,NONE
Другая,ADJ,,amod,Nom,Fem,Sing,,0.2207322663739298,NONE
вещь,NOUN,,nsubj,Nom,Fem,Sing,Inan,0.0128448882304624,NONE
",",PUNCT,,punct,,,,,0.0484448313139198,NONE
которую,PRON,,obj,Acc,,,,-0.068551078137218,NONE
вы,PRON,,nsubj,Nom,,Plur,,-0.2558225295763608,NONE
можете,VERB,,acl:relcl,,,Plur,,-0.0108940145171562,NONE
попробовать,VERB,,xcomp,,,,,-0.0009745824104467,NONE
",",PUNCT,,punct,,,,,0.113605673166777,NONE
это,PRON,,expl,,,,,-0.2286909325372137,NONE
выполнить,VERB,,root,,,,,0.1076478108526329,NONE
заводскую,ADJ,,amod,Acc,Fem,Sing,,0.0812476318306067,NONE
настройку,NOUN,,obj,Acc,Fem,Sing,Inan,0.1105451946502597,NONE
вашего,DET,,det,Gen,Neut,Sing,,0.0440295309383085,NONE
устройства,NOUN,,nmod,Gen,Neut,Sing,Inan,-0.0550374743636325,NONE
",",PUNCT,,punct,,,,,0.1182104404195805,NONE
а,CCONJ,,cc,,,,,0.0705606264531483,NONE
затем,ADV,,advmod,,,,,-0.0862562709441558,NONE
проверить,VERB,,conj,,,,,0.0495559803358564,NONE
",",PUNCT,,punct,,,,,0.0352058389934844,NONE
обнаруживается,VERB,,ccomp,,,Sing,,0.0371031087591671,NONE
ли,PART,,advmod,,,,,0.1317431631899452,NONE
это,PRON,,nsubj,Nom,Neut,Sing,Inan,-0.2364357650200647,NONE
вашим,DET,,det,Ins,Masc,Sing,,0.0117419996436205,NONE
компьютером,NOUN,,obl,Ins,Masc,Sing,Inan,0.225117968760572,NONE
.,PUNCT,,punct,,,,,-0.6834963063450852,NONE
Южная,ADJ,,amod,Nom,Fem,Sing,,0.0253104697176119,LOC
Африка,PROPN,,nsubj,Nom,Fem,Sing,Inan,0.1227279529095606,LOC
отдает,VERB,,root,,,Sing,,0.1245982867669665,NONE
дань,NOUN,,obj,Acc,Fem,Sing,Inan,0.0649658652272507,NONE
уважения,NOUN,,nmod,Gen,Neut,Sing,Inan,0.1705651664398405,NONE
последнему,ADJ,,amod,Dat,Masc,Sing,,0.2764455119176731,NONE
лидеру,NOUN,,iobj,Dat,Masc,Sing,Anim,0.634720236023801,NONE
апартеида,NOUN,,nmod,Gen,Masc,Sing,Inan,0.3829652574012541,NONE
де,PART,,appos,,,,,-0.0276934918559083,PER
Клерку,PROPN,,flat:name,Dat,Masc,Sing,Anim,-0.0385677089515333,PER
Если,SCONJ,,mark,,,,,0.1110200330092098,NONE
",",PUNCT,,punct,,,,,0.1068232939287198,NONE
однако,ADV,,parataxis,,,,,0.2192534781698372,NONE
",",PUNCT,,punct,,,,,0.0843254862943181,NONE
вы,PRON,,nsubj:pass,Nom,,Plur,,-0.0455350741440199,NONE
не,PART,,advmod,,,,,0.0254468810329228,NONE
удовлетворены,VERB,,advcl,,,Plur,,0.1391574455167637,NONE
каким-либо,DET,,det,Ins,Masc,Sing,,0.2532391660482667,NONE
образом,NOUN,,obl,Ins,Masc,Sing,Inan,0.282682736643521,NONE
",",PUNCT,,punct,,,,,0.2617903314525143,NONE
пожалуйста,ADV,,parataxis,,,,,0.033233181968239,NONE
",",PUNCT,,punct,,,,,0.0870222016588875,NONE
дайте,VERB,,root,,,Plur,,-0.108541059024145,NONE
нам,PRON,,iobj,Dat,,Plur,,-0.0583501102155319,NONE
знать,VERB,,xcomp,,,,,0.1242627910887381,NONE
",",PUNCT,,punct,,,,,0.2013011914426186,NONE
прежде,ADV,,mark,,,,,0.1611994837749473,NONE
чем,SCONJ,,fixed,,,,,0.1639490552194379,NONE
оставлять,VERB,,advcl,,,,,0.1594598934993588,NONE
отзывы,NOUN,,obj,Acc,Masc,Plur,Inan,0.3112912863968172,NONE
",",PUNCT,,punct,,,,,0.0578554266080403,NONE
чтобы,SCONJ,,mark,,,,,0.10690747626545,NONE
мы,PRON,,nsubj,Nom,,Plur,,0.1361515055927566,NONE
могли,VERB,,advcl,,,Plur,,0.0218159927441601,NONE
попытаться,VERB,,xcomp,,,,,0.1067137610734897,NONE
исправить,VERB,,xcomp,,,,,0.1990060830112113,NONE
любые,DET,,det,Acc,,Plur,,0.0422619383284956,NONE
проблемы,NOUN,,obj,Acc,Fem,Plur,Inan,0.1106575240319984,NONE
Рабочие,NOUN,,nsubj,Nom,Masc,Plur,Anim,0.0614104248825396,NONE
теперь,ADV,,advmod,,,,,-0.0053027416930964,NONE
опасаются,VERB,,root,,,Plur,,0.1272981042584856,NONE
",",PUNCT,,punct,,,,,0.0007870707352421,NONE
что,SCONJ,,mark,,,,,-0.1462433498338498,NONE
они,PRON,,nsubj:pass,Nom,,Plur,,-0.1478014974770553,NONE
вооружены,VERB,,ccomp,,,Plur,,0.0005875439315546,NONE
смертельным,ADJ,,amod,Ins,Neut,Sing,,0.079609655188501,NONE
оружием,NOUN,,obl,Ins,Neut,Sing,Inan,0.0910340424363978,NONE
«для,ADP,,case,,,,,0.0011490699244558,NONE
смеха»,NOUN,,nmod,Gen,Fem,Plur,Inan,0.0911871178530818,NONE
посетителями,NOUN,,nmod,Ins,Masc,Plur,Anim,0.0514705868769734,NONE
",",PUNCT,,punct,,,,,0.2986986237973391,NONE
чтобы,SCONJ,,mark,,,,,0.2972286982806473,NONE
поддержать,VERB,,advcl,,,,,0.0712621570147793,NONE
их,DET,,det,,,,,-0.0272485466719579,NONE
нападения,NOUN,,obj,Acc,Neut,Plur,Inan,0.2506145836531721,NONE
",",PUNCT,,punct,,,,,-0.0692661837518489,NONE
а,CCONJ,,cc,,,,,-0.2183501075431004,NONE
обезьяны,NOUN,,nsubj:pass,Nom,Fem,Plur,Anim,0.0601599183275317,NONE
даже,PART,,advmod,,,,,-0.3644374786453414,NONE
были,AUX,,aux:pass,,,Plur,,-0.2175301857249137,NONE
замечены,VERB,,conj,,,Plur,,0.1365089171114668,NONE
роющимися,VERB,,xcomp,Ins,,Plur,,0.0944463690008189,NONE
в,ADP,,case,,,,,0.0613626463883687,NONE
ящиках,NOUN,,obl,Loc,Masc,Plur,Inan,0.2018611457951431,NONE
с,ADP,,case,,,,,0.0241280844119494,NONE
инструментами,NOUN,,nmod,Ins,Masc,Plur,Inan,0.1875341359953667,NONE
.,PUNCT,,punct,,,,,-0.066975248203714,NONE
Надеюсь,VERB,,parataxis,,,Sing,,0.0319795693277215,NONE
",",PUNCT,,punct,,,,,0.0264633057154618,NONE
они,PRON,,nsubj,Nom,,Plur,,-0.1215342882482709,NONE
не,PART,,advmod,,,,,0.2403730982625366,NONE
приняли,VERB,,root,,,Plur,,0.2234094544324222,NONE
её,PRON,,obj,Acc,Fem,Sing,,0.339028326025947,NONE
за,ADP,,case,,,,,-0.3944447313033418,NONE
быка,NOUN,,obl,Acc,Masc,Sing,Anim,0.3380651324327559,NONE
!,PUNCT,,punct,,,,,-0.587039777846473,NONE
Мы,PRON,,nsubj,Nom,,Plur,,0.5674655479728684,NONE
не,PART,,advmod,,,,,0.0257975377534045,NONE
несем,VERB,,root,,,Plur,,-0.0439013876404041,NONE
никакой,DET,,det,Gen,Fem,Sing,,-0.078821704794153,NONE
ответственности,NOUN,,obl,Gen,Fem,Sing,Inan,0.1021218649455013,NONE
за,ADP,,case,,,,,-0.2512322587202314,NONE
таможенные,ADJ,,amod,Acc,,Plur,Inan,0.1347253339529223,NONE
или,CCONJ,,cc,,,,,-0.0456579657594305,NONE
пошлинные,ADJ,,conj,Acc,,Plur,Inan,0.2200518289190443,NONE
сборы,NOUN,,nmod,Acc,Masc,Plur,Inan,0.1764070260512583,NONE
",",PUNCT,,punct,,,,,0.0253723704053464,NONE
и,CCONJ,,cc,,,,,-0.0175775200100061,NONE
не,PART,,advmod,,,,,0.0775410233377642,NONE
будем,AUX,,aux,,,Plur,,0.1480651436483258,NONE
выплачивать,VERB,,conj,,,,,0.013313126249435,NONE
за,ADP,,case,,,,,-0.3946322987609259,NONE
них,PRON,,obl,Acc,,Plur,,-0.2568709468780235,NONE
никаких,DET,,det,Gen,,Plur,,-0.138075495264155,NONE
денег,NOUN,,obl,Gen,Fem,Plur,Inan,0.1750781346703108,NONE
.,PUNCT,,punct,,,,,0.0842406222941887,NONE
«Ее,DET,,det,,,,,0.3517829345032592,NONE
цели,NOUN,,root,Nom,Fem,Plur,Inan,0.0719151558490865,NONE
-,PUNCT,,punct,,,,,0.1508311698356462,NONE
лопать,VERB,,csubj,,,,,0.2071722096737278,NONE
наличные,ADJ,,amod,Acc,,Plur,Inan,0.2009512072171313,NONE
деньги,NOUN,,obj,Acc,Fem,Plur,Inan,0.0075708275512461,NONE
при,ADP,,case,,,,,-0.0397001676014324,NONE
проблеме,NOUN,,obl,Loc,Fem,Sing,Inan,0.330241248850588,NONE
и,CCONJ,,cc,,,,,-0.2866503830520203,NONE
закрыть,VERB,,conj,,,,,-0.1114536244175935,NONE
Америку»,PROPN,,obj,Acc,Masc,Sing,Inan,0.1671554936498743,LOC
",",PUNCT,,punct,,,,,-0.246021593418399,NONE
-,PUNCT,,punct,,,,,0.2296727821223678,NONE
сказал,VERB,,parataxis,,Masc,Sing,,-0.2055749439864612,NONE
техасский,ADJ,,amod,Nom,Masc,Sing,,0.289907300130843,NONE
республиканец,NOUN,,nsubj,Nom,Masc,Sing,Anim,0.0612607238562974,NONE
.,PUNCT,,punct,,,,,0.1929844115030889,NONE
Он,PRON,,nsubj:pass,Nom,Masc,Sing,,-0.2524596866286988,NONE
был,AUX,,aux:pass,,Masc,Sing,,0.0247764663152421,NONE
закрыт,VERB,,root,,Masc,Sing,,0.0052349593703863,NONE
для,ADP,,case,,,,,-0.1340930889338911,NONE
ее,DET,,det,,,,,0.0740810245524536,NONE
избирательного,ADJ,,amod,Gen,Masc,Sing,,0.1363701275217447,NONE
округа,NOUN,,obl,Gen,Masc,Sing,Inan,0.0452048717853075,NONE
в,ADP,,case,,,,,0.0084302944782079,NONE
пятницу,NOUN,,obl,Acc,Fem,Sing,Inan,-0.0171455416778317,NONE
.,PUNCT,,punct,,,,,0.639263862855207,NONE
Это,PRON,,nsubj,Nom,Neut,Sing,Inan,0.0014692149426581,NONE
приведет,VERB,,root,,,Sing,,-0.1120882831633108,NONE
только,PART,,advmod,,,,,-0.0547157949374749,NONE
к,ADP,,case,,,,,-0.0110083611473774,NONE
тому,PRON,,obl,Dat,Neut,Sing,Inan,-0.1494061890579547,NONE
",",PUNCT,,punct,,,,,0.0353814471815474,NONE
что,SCONJ,,mark,,,,,-0.1561749868206317,NONE
возвращенный,VERB,,acl,Nom,Masc,Sing,,0.563069363756607,NONE
вами,PRON,,obl,Ins,,Plur,,-0.1682159801966407,NONE
товар,NOUN,,nsubj:pass,Nom,Masc,Sing,Inan,0.0042028399408708,NONE
не,PART,,advmod,,,,,0.1196254131600211,NONE
будет,AUX,,aux:pass,,,Sing,,0.0325118728764674,NONE
принят,VERB,,acl,,Masc,Sing,,0.4567802414120921,NONE
нами,PRON,,obl,Ins,,Plur,,-0.1972634722229886,NONE
для,ADP,,case,,,,,-0.0529531666233836,NONE
возмещения,NOUN,,obl,Gen,Neut,Sing,Inan,0.1731245078336371,NONE
.,PUNCT,,punct,,,,,0.2182374586536265,NONE
Я,PRON,,nsubj,Nom,,Sing,,0.3582870779234321,NONE
не,PART,,advmod,,,,,-0.4017734406394868,NONE
буду,AUX,,aux,,,Sing,,-0.0160107509123812,NONE
исключать,VERB,,root,,,,,0.0058050301817031,NONE
",",PUNCT,,punct,,,,,0.051661080923695,NONE
что,SCONJ,,mark,,,,,-0.0832865511545338,NONE
есть,VERB,,ccomp,,,Sing,,-0.0133104397076536,NONE
огромное,ADJ,,amod,Nom,Neut,Sing,,-0.1211159990807531,NONE
количество,NOUN,,nsubj,Nom,Neut,Sing,Inan,-0.025255440958193,NONE
людей,NOUN,,nmod,Gen,Masc,Plur,Anim,0.0271667041421745,NONE
",",PUNCT,,punct,,,,,0.1440638565310664,NONE
которые,PRON,,nsubj,Nom,,Plur,,-0.0186111687959019,NONE
не,PART,,advmod,,,,,-0.0189926080255054,NONE
практикуют,VERB,,acl:relcl,,,Plur,,0.0145289984933854,NONE
критическое,ADJ,,amod,Acc,Neut,Sing,,0.0329684417999145,NONE
мышление,NOUN,,obj,Acc,Neut,Sing,Inan,-0.0360252161855259,NONE
",",PUNCT,,punct,,,,,0.1838810397930528,NONE
но,CCONJ,,cc,,,,,-0.0368173140020207,NONE
",",PUNCT,,punct,,,,,0.1045159751686822,NONE
в,ADP,,case,,,,,0.0264917092022132,NONE
любом,DET,,det,Loc,Masc,Sing,,0.0180902400365806,NONE
случае,NOUN,,parataxis,Loc,Masc,Sing,Inan,-0.0055439219430553,NONE
",",PUNCT,,punct,,,,,0.0684593926910517,NONE
доказать,VERB,,conj,,,,,0.0604495792625934,NONE
",",PUNCT,,punct,,,,,0.0774372657026984,NONE
что,SCONJ,,mark,,,,,-0.1151139265718401,NONE
это,PRON,,nsubj,Nom,Neut,Sing,Inan,-0.0108712531276049,NONE
неправильно,ADJ,,ccomp,,Neut,Sing,,0.1440047011401924,NONE
",",PUNCT,,punct,,,,,0.1346106072939303,NONE
не,PART,,advmod,,,,,-0.0527510129804861,NONE
является,VERB,,conj,,,Sing,,0.2765978477085443,NONE
гарантией,NOUN,,xcomp,Ins,Fem,Sing,Inan,0.042385344369712,NONE
того,PRON,,nmod,Gen,Neut,Sing,Inan,0.0752062945080941,NONE
",",PUNCT,,punct,,,,,0.1729139799919305,NONE
что,SCONJ,,mark,,,,,0.017912750775782,NONE
оно,PRON,,nsubj,Nom,Neut,Sing,,0.03038490617329,NONE
исчезнет,VERB,,acl,,,Sing,,-0.0129018682817229,NONE
.,PUNCT,,punct,,,,,-0.6018675518587911,NONE
Она,PRON,,nsubj,Nom,Fem,Sing,,-0.0460197009738407,NONE
заняла,VERB,,root,,Fem,Sing,,-0.0037598256909187,NONE
восьмое,ADJ,,amod,Acc,Neut,Sing,,0.1210159733583633,NONE
место,NOUN,,obj,Acc,Neut,Sing,Inan,0.0877957057180197,NONE
в,ADP,,case,,,,,0.0138832753916541,NONE
51,NUM,,nummod,,,,,-0.0446810291459338,NONE
",",PUNCT,,punct,,,,,0.0983150774092358,NONE
56,NUM,,nmod,,,,,0.1306317737580493,NONE
секундах,NOUN,,nmod,Loc,Fem,Plur,Inan,0.0555075885983533,NONE
в,ADP,,case,,,,,0.1182470025971316,NONE
гонке,NOUN,,obl,Loc,Fem,Sing,Inan,0.0569035039555686,NONE
",",PUNCT,,punct,,,,,0.1876239455621598,NONE
выигранной,VERB,,acl,Loc,Fem,Sing,,0.0427859136048461,NONE
американкой,NOUN,,obl,Ins,Fem,Sing,Anim,0.0906723658000476,NONE
Валери,PROPN,,appos,Ins,Fem,Sing,Anim,0.0940899348735424,PER
Бриско-Хукс,PROPN,,flat:name,Ins,Fem,Sing,Anim,0.1377090949499891,PER
в,ADP,,case,,,,,0.1490954864246867,NONE
олимпийском,ADJ,,amod,Loc,Masc,Sing,,0.157683729072039,NONE
рекорде,NOUN,,obl,Loc,Masc,Sing,Inan,0.3663067784596574,NONE
48,NUM,,nummod:entity,,,,,0.1167172528597319,NONE
.,PUNCT,,punct,,,,,0.0235194247545138,NONE
83,NUM,,root,,,,,0.1882725820786888,NONE
.,PUNCT,,punct,,,,,-0.5120301273247316,NONE
Я,PRON,,nsubj,Nom,,Sing,,0.5244580539127314,NONE
понимаю,VERB,,root,,,Sing,,0.2465534225469496,NONE
",",PUNCT,,punct,,,,,0.0412759763343473,NONE
что,SCONJ,,mark,,,,,-0.051252556283005,NONE
это,PRON,,nsubj,Nom,Neut,Sing,Inan,0.0344776290835594,NONE
не,PART,,advmod,,,,,-0.0059790777422215,NONE
то,PRON,,ccomp,Nom,Neut,Sing,Inan,-0.103533975843618,NONE
",",PUNCT,,punct,,,,,0.0647710534952359,NONE
что,PRON,,obj,Acc,,,,-0.303190704800153,NONE
вы,PRON,,nsubj,Nom,,Plur,,-0.1233371495066796,NONE
контролируете,VERB,,acl,,,Plur,,0.1008501974448407,NONE
.,PUNCT,,punct,,,,,0.2334826362553767,NONE
.,PUNCT,,punct,,,,,0.0461769868483251,NONE
.,PUNCT,,punct,,,,,0.010103729077959,NONE
Я,PRON,,nsubj,Nom,,Sing,,0.0759005876609492,NONE
только,PART,,advmod,,,,,0.2731713372239061,NONE
хотел,VERB,,root,,Masc,Sing,,0.1835342632270797,NONE
проиллюстрировать,VERB,,xcomp,,,,,0.2658900380563933,NONE
соображения,NOUN,,obj,Acc,Neut,Plur,Inan,0.1268791702906172,NONE
и,CCONJ,,cc,,,,,-0.0744809646535618,NONE
компромиссные,ADJ,,amod,Acc,,Plur,Inan,0.1182093874532806,NONE
решения,NOUN,,conj,Acc,Neut,Plur,Inan,-0.0271297779005169,NONE
",",PUNCT,,punct,,,,,0.2120808497559899,NONE
достигнутые,VERB,,acl,Acc,,Plur,Inan,0.0791314235451674,NONE
в,ADP,,case,,,,,-0.1021347697710562,NONE
этом,DET,,det,Loc,Masc,Sing,,-0.0927175594669629,NONE
конце,NOUN,,obl,Loc,Masc,Sing,Inan,0.0124731507833409,NONE
света,NOUN,,nmod,Gen,Masc,Sing,Inan,0.051176198399365,NONE
.,PUNCT,,punct,,,,,-0.0650723614334927,NONE
Он,PRON,,nsubj,Nom,Masc,Sing,,0.0688131003329429,NONE
сказал,VERB,,root,,Masc,Sing,,-0.0454076512209731,NONE
BBC,PROPN,,iobj,,,,,-0.0295219229663313,ORG
Scotland,PROPN,,flat:foreign,,,,,-0.0784259864436351,ORG
в,ADP,,case,,,,,0.2273722339076532,NONE
четверг,NOUN,,obl,Acc,Masc,Sing,Inan,-0.0232801525667378,NONE
:,PUNCT,,punct,,,,,0.1118388483707491,NONE
«,PUNCT,,punct,,,,,-0.0402956466812868,NONE
У,ADP,,case,,,,,-0.1026667586793818,NONE
нас,PRON,,parataxis,Gen,,Plur,,0.0881318738123302,NONE
был,VERB,,cop,,Masc,Sing,,-0.0561551751395989,NONE
референдум,NOUN,,nsubj,Nom,Masc,Sing,Inan,-0.0870653883640707,NONE
о,ADP,,case,,,,,0.3130336934057982,NONE
независимости,NOUN,,nmod,Loc,Fem,Sing,Inan,0.1703094788394305,NONE
в,ADP,,case,,,,,0.2818386481193414,NONE
2014,ADJ,,amod,,,,,0.0551923960109632,NONE
году,NOUN,,nmod,Loc,Masc,Sing,Inan,0.0062542835848605,NONE
",",PUNCT,,punct,,,,,-0.1138199310076688,NONE
и,CCONJ,,cc,,,,,0.179237262880121,NONE
мы,PRON,,nsubj,Nom,,Plur,,0.1609911871749965,NONE
дали,VERB,,conj,,,Plur,,-0.0171666506077528,NONE
явное,ADJ,,amod,Acc,Neut,Sing,,-0.0760967305894383,NONE
обещание,NOUN,,obj,Acc,Neut,Sing,Inan,-0.0564932339234519,NONE
народу,NOUN,,nmod,Dat,Masc,Sing,Inan,-0.2891972732305428,NONE
Шотландии,PROPN,,nmod,Gen,Fem,Sing,Inan,0.0544975666389177,LOC
",",PUNCT,,punct,,,,,0.1180176758795338,NONE
что,SCONJ,,mark,,,,,0.1422291029525849,NONE
это,PRON,,nsubj,Nom,Neut,Sing,Inan,0.0126035829110586,NONE
будет,AUX,,cop,,,Sing,,0.043021152914401,NONE
событие,NOUN,,acl,Nom,Neut,Sing,Inan,-0.0967023196868449,NONE
раз,NOUN,,nmod,Acc,Masc,Sing,Inan,-0.1419868522090853,NONE
в,ADP,,case,,,,,0.1065867507813689,NONE
поколение,NOUN,,nmod,Acc,Neut,Sing,Inan,0.123425540995001,NONE
.,PUNCT,,punct,,,,,0.3774283588663427,NONE
2,NUM,,parataxis,,,,,-0.2385491244411202,NONE
),PUNCT,,punct,,,,,0.0610570017291284,NONE
Нажмите,VERB,,root,,,Plur,,0.0035302560621183,NONE
значок,NOUN,,obj,Acc,Masc,Sing,Inan,-0.1206070357754741,NONE
"""",PUNCT,,punct,,,,,-0.0118570299776961,NONE
"""",PUNCT,,punct,,,,,0.2252893451312359,NONE
Еще,ADV,,appos,,,,,-0.0035865655911146,NONE
"""",PUNCT,,punct,,,,,0.1701382182985417,NONE
"""",PUNCT,,punct,,,,,0.1463974197377542,NONE
в,ADP,,case,,,,,0.0839176542645359,NONE
правом,ADJ,,amod,Loc,Masc,Sing,,-0.0863178247535041,NONE
нижнем,ADJ,,amod,Loc,Masc,Sing,,0.2273529882434597,NONE
углу,NOUN,,obl,Loc,Masc,Sing,Inan,0.0607352523287088,NONE
экрана,NOUN,,nmod,Gen,Masc,Sing,Inan,0.4704614874874119,NONE
.,PUNCT,,punct,,,,,0.2597083474197204,NONE
"""",PUNCT,,root,,,,,-0.2543045045629752,NONE
Какое,DET,,det,Nom,Neut,Sing,,0.0458540095926986,NONE
животное,NOUN,,obl,Nom,Neut,Sing,Anim,0.1264273341336093,NONE
!,PUNCT,,punct,,,,,0.6233279846661858,NONE
сказал,VERB,,root,,Masc,Sing,,-0.1118224081063006,NONE
один,DET,,det,Nom,Masc,Sing,,-0.1756846131864257,NONE
человек,NOUN,,nsubj,Nom,Masc,Sing,Anim,-0.085356816638196,NONE
.,PUNCT,,punct,,,,,0.2907536454378304,NONE
Гвинет,NOUN,,nsubj,Nom,Fem,Sing,Anim,0.6071659415200684,PER
Пэлтроу,PROPN,,appos,Nom,Fem,Sing,Anim,0.0626885887405251,PER
сказала,VERB,,root,,Fem,Sing,,-0.0118021128817047,NONE
",",PUNCT,,punct,,,,,0.0858967539264168,NONE
что,SCONJ,,mark,,,,,0.0463259185803214,NONE
хочет,VERB,,ccomp,,,Sing,,-0.0204972001975051,NONE
воспитывать,VERB,,xcomp,,,,,0.0514358241539803,NONE
своих,DET,,det,Acc,,Plur,,-0.0378494666174562,NONE
детей,NOUN,,obj,Acc,Masc,Plur,Anim,0.0960502838153313,NONE
так,ADV,,advmod,,,,,0.0199784977815132,NONE
",",PUNCT,,punct,,,,,0.2455127407563389,NONE
чтобы,SCONJ,,mark,,,,,-0.0603864897236513,NONE
у,ADP,,case,,,,,0.475457982962724,NONE
них,PRON,,obl,Gen,,Plur,,0.0312189782985495,NONE
была,VERB,,advcl,,Fem,Sing,,0.0775281414563274,NONE
хорошая,ADJ,,amod,Nom,Fem,Sing,,-0.0313907989301416,NONE
ценностная,ADJ,,amod,Nom,Fem,Sing,,0.0374895891162457,NONE
этика,NOUN,,nsubj,Nom,Fem,Sing,Inan,-0.0276541952842842,NONE
",",PUNCT,,punct,,,,,0.1006146246836846,NONE
поскольку,SCONJ,,mark,,,,,-0.0760692839333151,NONE
она,PRON,,nsubj,Nom,Fem,Sing,,0.0748690999659199,NONE
старается,VERB,,advcl,,,Sing,,0.131071192848294,NONE
"""",PUNCT,,punct,,,,,0.1777414439222835,NONE
"""",PUNCT,,punct,,,,,0.1378109159430627,NONE
не,PART,,advmod,,,,,-0.0110591377990092,NONE
просто,PART,,advmod,,,,,-0.0527496805048266,NONE
передавать,VERB,,xcomp,,,,,0.0492648530845147,NONE
им,PRON,,iobj,Dat,,Plur,,0.0868914155950588,NONE
вещи,NOUN,,obj,Acc,Fem,Plur,Inan,0.161251585735455,NONE
"""",PUNCT,,punct,,,,,0.1045278816536027,NONE
"""",PUNCT,,punct,,,,,0.1348682195178881,NONE
.,PUNCT,,punct,,,,,-0.1667559403435202,NONE
"""",PUNCT,,punct,,,,,0.1127925415684123,NONE
Суд,NOUN,,nsubj,Nom,Masc,Sing,Inan,0.0435245126655621,NONE
вынес,VERB,,root,,Masc,Sing,,0.0639639067148844,NONE
предупреждение,NOUN,,obj,Acc,Neut,Sing,Inan,-0.0746856210498352,NONE
в,ADP,,case,,,,,0.0296178364475769,NONE
четверг,NOUN,,nmod,Acc,Masc,Sing,Inan,0.031682854446241,NONE
в,ADP,,case,,,,,0.0651366954787697,NONE
ответ,NOUN,,obl,Acc,Masc,Sing,Inan,-0.08892832277717,NONE
на,ADP,,case,,,,,0.1269874327394556,NONE
неспособность,NOUN,,nmod,Acc,Fem,Sing,Inan,0.1098058066734575,NONE
ССС,PROPN,,nmod,,,,,0.0470841947771582,ORG
освободить,VERB,,obl,,,,,-0.0028979774752696,NONE
задержанного,VERB,,amod,Acc,Masc,Sing,Anim,0.0312506550062534,NONE
издателя,NOUN,,obj,Acc,Masc,Sing,Anim,0.0092004278355657,NONE
“,PUNCT,Z:-------------,punct,,,,,0.0217970586157126,PER
Сахарских,ADJ,,amod,Acc,,Plur,Anim,0.0039392876302918,PER
репортеров,NOUN,,appos,Acc,Masc,Plur,Anim,-0.0218544919991762,NONE
“,PUNCT,Z:-------------,punct,,,,,-0.0425070942815795,NONE
Омойеле,PROPN,,appos,Acc,Masc,Sing,Anim,0.0313053792154339,PER
Соуор,PROPN,,flat:name,Nom,Masc,Sing,Anim,0.1242162480975956,PER
“,PUNCT,Z:-------------,punct,,,,,0.9289338207398772,NONE
Пусть,PART,,advmod,,,,,0.3086161037977558,NONE
это,DET,,det,Nom,Neut,Sing,,0.0553183823343495,NONE
Рождество,PROPN,,nsubj,Nom,Neut,Sing,Inan,0.0624860691733343,NONE
принесет,VERB,,root,,,Sing,,0.0588624655522183,NONE
мир,NOUN,,obj,Acc,Masc,Sing,Inan,0.0115465071873515,NONE
в,ADP,,case,,,,,0.1019244808676597,NONE
Украину,PROPN,,obl,Acc,Fem,Sing,Inan,-0.0094540285593332,LOC
"""",PUNCT,,punct,,,,,-0.0601352538372391,NONE
"""",PUNCT,,punct,,,,,-0.0149773949112468,NONE
",",PUNCT,,punct,,,,,0.2445760828459104,NONE
-,PUNCT,,punct,,,,,0.2692361087637811,NONE
сказал,VERB,,parataxis,,Masc,Sing,,-0.1877927821778127,NONE
папа,NOUN,,nsubj,Nom,Masc,Sing,Anim,0.0503238618474721,NONE
тысячам,NOUN,,iobj,Dat,Fem,Plur,Inan,0.1228133234406465,NONE
людей,NOUN,,nmod,Gen,Masc,Plur,Anim,-0.253924982876513,NONE
на,ADP,,case,,,,,-0.0124263637652919,NONE
площади,NOUN,,obl,Loc,Fem,Sing,Inan,-0.0815855882097021,NONE
Святого,ADJ,,amod,Gen,Masc,Sing,,-0.0530837070776456,LOC
Петра,PROPN,,nmod,Gen,Masc,Sing,Anim,0.2145891359346257,LOC
для,ADP,,case,,,,,0.1487985140170936,NONE
своего,DET,,det,Gen,Neut,Sing,,-0.1110520682875661,NONE
полуденного,VERB,,amod,Gen,Neut,Sing,,-0.0314931461490248,NONE
благословения,NOUN,,obl,Gen,Neut,Sing,Inan,-0.0386556623457723,NONE
и,CCONJ,,cc,,,,,-0.0925979060078327,NONE
обращения,NOUN,,conj,Gen,Neut,Sing,Inan,-0.0961599826684831,NONE
.,PUNCT,,punct,,,,,0.3924019208958194,NONE
"""",PUNCT,,root,,,,,-0.2034913965044922,NONE
Шторм,NOUN,,nsubj,Nom,Masc,Sing,Inan,0.4071167557090528,NONE
Барра,PROPN,,appos,Nom,Masc,Sing,Anim,0.1043418498989925,PER
нарушил,VERB,,root,,Masc,Sing,,-0.1332974793233999,NONE
поставки,NOUN,,obj,Acc,Fem,Plur,Inan,0.161291051188974,NONE
примерно,ADV,,advmod,,,,,0.0606687816803629,NONE
10,NUM,,nummod,,,,,0.2438148154052543,NONE
000,NUM,,nummod,,,,,0.2519320805266386,NONE
человек,NOUN,,nmod,Gen,Masc,Plur,Anim,-0.3855438962087042,NONE
всего,PART,,advmod,,,,,-0.1520997939790241,NONE
11,NUM,,nummod,,,,,0.0733947052944324,NONE
дней,NOUN,,obl,Gen,Masc,Plur,Inan,0.0215766142572762,NONE
спустя,ADP,,case,,,,,0.1430955359287369,NONE
7,NUM,,nmod,,,,,-0.0219121411102025,NONE
декабря,NOUN,,flat,Gen,Masc,Sing,Inan,-0.2545521410240232,NONE
.,PUNCT,,punct,,,,,-0.3357251309615597,NONE
Она,PRON,,nsubj,Nom,Fem,Sing,,0.0332810564096201,NONE
признала,VERB,,root,,Fem,Sing,,0.0132082999586568,NONE
",",PUNCT,,punct,,,,,0.0553032166613157,NONE
что,SCONJ,,mark,,,,,-0.2576716793013593,NONE
люди,NOUN,,nsubj,Nom,Masc,Plur,Anim,0.0167163088346954,NONE
имели,VERB,,ccomp,,,Plur,,0.0319364724939116,NONE
полное,ADJ,,amod,Acc,Neut,Sing,,-0.0320395884773393,NONE
право,NOUN,,obj,Acc,Neut,Sing,Inan,-0.0578270020865438,NONE
вести,VERB,,obl,,,,,0.0115626171065151,NONE
себя,PRON,,obj,Acc,,,,-0.0123766297398248,NONE
глупо,ADV,,advmod,,,,,0.0537069961072984,NONE
в,ADP,,case,,,,,0.0520044761854599,NONE
ее,DET,,det,,,,,0.0707612600499024,NONE
кадре,NOUN,,obl,Loc,Masc,Sing,Inan,0.1586526209786827,NONE
",",PUNCT,,punct,,,,,0.2364842700463615,NONE
когда,SCONJ,,mark,,,,,-0.0284300203441426,NONE
она,PRON,,nsubj,Nom,Fem,Sing,,0.0256680812395215,NONE
вела,VERB,,advcl,,Fem,Sing,,0.1157784911013769,NONE
репортаж,NOUN,,obj,Acc,Masc,Sing,Inan,0.0418450008061733,NONE
из,ADP,,case,,,,,0.0872431704891981,NONE
общественного,ADJ,,amod,Gen,Neut,Sing,,-0.0039122351143635,NONE
места,NOUN,,obl,Gen,Neut,Sing,Inan,0.0230261330482544,NONE
.,PUNCT,,punct,,,,,-0.8822348712591677,NONE
Пункт,NOUN,,nsubj,Acc,Masc,Sing,Inan,-0.6676196400080192,NONE
должен,ADJ,,root,,Masc,Sing,,-0.0499960982250838,NONE
был,AUX,,cop,,Masc,Sing,,-0.0708750864754159,NONE
отправить,VERB,,xcomp,,,,,0.0338657050708316,NONE
18,NUM,,obl,,,,,0.2349487064070553,NONE
.,PUNCT,,punct,,,,,0.4763295650084299,NONE
12,NUM,,nmod,,,,,0.2233662810679231,NONE
«Они,PRON,,nsubj,Nom,,Plur,,0.002930535337126,NONE
сказали,VERB,,conj,,,Plur,,-0.2226803292638078,NONE
ему,PRON,,iobj,Dat,Masc,Sing,,0.0153556253556317,NONE
",",PUNCT,,punct,,,,,-0.0531834175885312,NONE
что,SCONJ,,mark,,,,,-0.2056272107204841,NONE
никто,PRON,,nsubj,Nom,,,,0.020140729879259,NONE
не,PART,,advmod,,,,,-0.1460179719784479,NONE
просил,VERB,,ccomp,,Masc,Sing,,-0.0577856214189676,NONE
его,PRON,,obj,Acc,Masc,Sing,,0.2418984635882974,NONE
поднять,VERB,,xcomp,,,,,0.0303384729354921,NONE
флаг,NOUN,,obj,Acc,Masc,Sing,Inan,0.2069284410315493,NONE
Йемена»,PROPN,,nmod,Gen,Masc,Sing,Inan,0.2858712265336915,LOC
",",PUNCT,,punct,,,,,0.5901177334270608,NONE
-,PUNCT,,punct,,,,,0.2202284948096991,NONE
сказал,VERB,,parataxis,,Masc,Sing,,0.2753317516491876,NONE
Саид,PROPN,,nsubj,Nom,Masc,Sing,Anim,0.2443331835045089,PER
.,PUNCT,,punct,,,,,0.2357821048531343,NONE
Пожалуйста,ADV,,parataxis,,,,,-0.1413534142114558,NONE
",",PUNCT,,punct,,,,,0.1538259086183229,NONE
подождите,VERB,,root,,,Plur,,0.0888950170677557,NONE
заказ,NOUN,,obj,Acc,Masc,Sing,Inan,-0.0114648162092534,NONE
",",PUNCT,,punct,,,,,0.1317157971579688,NONE
и,CCONJ,,cc,,,,,-0.0952295709514095,NONE
вы,PRON,,nsubj,Nom,,Plur,,0.111748783172238,NONE
можете,VERB,,conj,,,Plur,,-0.065659877811751,NONE
сообщить,VERB,,xcomp,,,,,0.1832356501828911,NONE
нам,PRON,,iobj,Dat,,Plur,,0.0762377430642049,NONE
",",PUNCT,,punct,,,,,0.0301259165015516,NONE
если,SCONJ,,mark,,,,,0.1048542747339451,NONE
когда-либо,ADV,,advmod,,,,,0.0529855716290567,NONE
еда,NOUN,,nsubj,Nom,Fem,Sing,Inan,-0.0563267354035253,NONE
не,PART,,advmod,,,,,0.1441322796365736,NONE
горячая,ADJ,,advcl,Nom,Fem,Sing,,0.0638441145932149,NONE
",",PUNCT,,punct,,,,,0.0356238866533071,NONE
чтобы,SCONJ,,mark,,,,,-0.0400655982372851,NONE
мы,PRON,,nsubj,Nom,,Plur,,0.0634307155278744,NONE
могли,VERB,,advcl,,,Plur,,-0.2080827197848654,NONE
помочь,VERB,,xcomp,,,,,0.0728827038420953,NONE
вам,PRON,,iobj,Dat,,Plur,,-0.0195536129233046,NONE
.,PUNCT,,punct,,,,,-0.326365957227506,NONE
Он,PRON,,nsubj,Nom,Masc,Sing,,0.0624145205097486,NONE
сказал,VERB,,root,,Masc,Sing,,-0.0178736488682171,NONE
:,PUNCT,,punct,,,,,0.0880104993532713,NONE
"""",PUNCT,,punct,,,,,0.0168055662641533,NONE
"""",PUNCT,,punct,,,,,0.0615391457406588,NONE
Мой,DET,,det,Nom,Masc,Sing,,0.0271689837376522,NONE
опыт,NOUN,,nsubj,Nom,Masc,Sing,Inan,0.0033117717182498,NONE
с,ADP,,case,,,,,0.0952571854226725,NONE
налогами,NOUN,,nmod,Ins,Masc,Plur,Inan,0.0354311454037634,NONE
",",PUNCT,,punct,,,,,-0.0037290425328465,NONE
когда,SCONJ,,mark,,,,,-0.0146359085410403,NONE
вы,PRON,,nsubj,Nom,,Plur,,-0.0131521383518527,NONE
находитесь,VERB,,advcl,,,Plur,,0.001409346171161,NONE
в,ADP,,case,,,,,-0.0068322274189041,NONE
Лейбористской,ADJ,,amod,Loc,Fem,Sing,,0.0496918014695789,ORG
партии,NOUN,,obl,Loc,Fem,Sing,Inan,0.0082017850065359,ORG
",",PUNCT,,punct,,,,,0.0559947313706174,NONE
очень,ADV,,obl,,,,,0.0034402642559621,NONE
осторожен,ADJ,,parataxis,,Masc,Sing,,0.0046291844214327,NONE
",",PUNCT,,punct,,,,,-0.091800886899473,NONE
потому,ADV,,mark,,,,,-0.0048244547475996,NONE
что,SCONJ,,fixed,,,,,-0.0220142497137293,NONE
публика,NOUN,,nsubj,Nom,Fem,Sing,Inan,0.0048906584354699,NONE
там,ADV,,advmod,,,,,0.0003110506564812,NONE
не,PART,,advmod,,,,,0.0478806720876495,NONE
сидит,VERB,,advcl,,,Sing,,-0.018426157327088,NONE
",",PUNCT,,punct,,,,,0.0335665126566105,NONE
беспокоясь,VERB,,advcl,,,,,0.0073223670616002,NONE
о,ADP,,case,,,,,0.0739087327992766,NONE
том,PRON,,obl,Loc,Neut,Sing,Inan,0.0146190963581727,NONE
",",PUNCT,,punct,,,,,0.0145488036836725,NONE
собираетесь,VERB,,acl,,,Plur,,-0.0090660487137567,NONE
ли,PART,,advmod,,,,,0.0195071920853815,NONE
вы,PRON,,nsubj,Nom,,Plur,,0.0023178975089508,NONE
поднимать,VERB,,xcomp,,,,,0.0197916714908899,NONE
налоги,NOUN,,obj,Acc,Masc,Plur,Inan,0.0534643992764336,NONE
или,CCONJ,,cc,,,,,-0.0038976654618703,NONE
нет,PART,,conj,,,,,-0.0201256233399871,NONE
",",PUNCT,,punct,,,,,0.0298422977154576,NONE
они,PRON,,nsubj:pass,Nom,,Plur,,0.0019142496254574,NONE
",",PUNCT,,punct,,,,,0.0572401081309087,NONE
вероятно,ADV,,parataxis,,,,,0.0327981623908118,NONE
",",PUNCT,,punct,,,,,0.0409807874834021,NONE
обеспокоены,VERB,,conj,,,Plur,,0.0143867675662743,NONE
тем,PRON,,obl,Ins,Neut,Sing,Inan,-0.0069763884424731,NONE
",",PUNCT,,punct,,,,,0.0374008556115368,NONE
что,SCONJ,,mark,,,,,-0.0172783821552324,NONE
вы,PRON,,nsubj,Nom,,Plur,,0.001738603640896,NONE
собираетесь,VERB,,acl,,,Plur,,0.0105765238199629,NONE
поднимать,VERB,,xcomp,,,,,0.0108130854468411,NONE
налоги,NOUN,,obj,Acc,Masc,Plur,Inan,0.0840769459471993,NONE
",",PUNCT,,punct,,,,,0.052961476109365,NONE
поэтому,ADV,,advmod,,,,,0.0077257507287834,NONE
вы,PRON,,nsubj,Nom,,Plur,,0.0086552620542894,NONE
просто,PART,,advmod,,,,,0.0144560672420945,NONE
должны,ADJ,,conj,,,Plur,,0.0044932102600163,NONE
помнить,VERB,,xcomp,,,,,0.01900470458987,NONE
об,ADP,,case,,,,,0.0480695462533857,NONE
этом,PRON,,obl,Loc,Neut,Sing,Inan,0.0595518207782783,NONE
"""",PUNCT,,punct,,,,,0.0494396665658482,NONE
"""",PUNCT,,punct,,,,,0.0371946328723616,NONE
.,PUNCT,,punct,,,,,0.0560261772999603,NONE
"""",PUNCT,,root,,,,,-0.254622342260179,NONE
Команде,NOUN,,iobj,Dat,Fem,Sing,Inan,0.2810373077987658,NONE
Киркалди,PROPN,,nmod,Gen,Masc,Sing,Anim,0.0078865256531202,PER
нужно,ADJ,,root,,Neut,Sing,,-0.0219819710502238,NONE
будет,AUX,,cop,,,Sing,,-0.0262088158796175,NONE
найти,VERB,,csubj,,,,,-0.0233710209439349,NONE
способ,NOUN,,obj,Acc,Masc,Sing,Inan,0.0070038252735298,NONE
обойти,VERB,,obl,,,,,0.013063135356954,NONE
бывшего,ADJ,,amod,Acc,Masc,Sing,Anim,-0.0224042376994935,NONE
нетминдера,NOUN,,obj,Acc,Masc,Sing,Anim,0.014605569184925,NONE
Шейна,PROPN,,appos,Acc,Masc,Sing,Anim,0.0322411981624339,PER
Оуэна,PROPN,,flat:name,Acc,Masc,Sing,Anim,0.0246125640076027,PER
",",PUNCT,,punct,,,,,-0.0015688028105491,NONE
который,PRON,,nsubj,Nom,,,,-0.0361039607846899,NONE
переехал,VERB,,acl:relcl,,Masc,Sing,,-0.0216425610264713,NONE
в,ADP,,case,,,,,-0.0323690723528087,NONE
Белфаст,PROPN,,obl,Acc,Masc,Sing,Inan,-0.0347778341124141,LOC
летом,NOUN,,obl,Ins,Neut,Sing,Inan,-0.0478775335200256,NONE
после,ADP,,case,,,,,-0.0288456034343798,NONE
впечатляющего,VERB,,amod,Gen,Masc,Sing,,-0.0183558831954644,NONE
сезона,NOUN,,obl,Gen,Masc,Sing,Inan,-0.0300622461657611,NONE
между,ADP,,case,,,,,-0.0133585596095698,NONE
трубами,NOUN,,nmod,Ins,Fem,Plur,Inan,-0.0233337713709021,NONE
в,ADP,,case,,,,,-0.045286422140577,NONE
Файфе,PROPN,,nmod,Loc,Masc,Sing,Inan,0.016490705045627,LOC
.,PUNCT,,punct,,,,,0.0248239975824402,NONE
«Ярким,ADJ,,amod,Ins,Masc,Sing,,0.2502012410292689,NONE
примером,NOUN,,obl,Ins,Masc,Sing,Inan,-0.0032181125120741,NONE
является,VERB,,root,,,Sing,,-0.1314269318602542,NONE
Адам,PROPN,,nsubj,Nom,Masc,Sing,Anim,0.0776649775861668,PER
Шифф»,PROPN,,flat:name,Nom,Masc,Sing,Anim,0.0233957781749378,PER
",",PUNCT,,punct,,,,,0.0415289919530147,NONE
-,PUNCT,,punct,,,,,0.034257126257164,NONE
сказал,VERB,,parataxis,,Masc,Sing,,0.0293599607882449,NONE
ведущий,NOUN,,nsubj,Nom,Masc,Sing,Anim,0.0073399954472294,NONE
«Tucker,PROPN,,flat:foreign,,,,,0.4154200205517309,ORG
Carlson,PROPN,,flat:foreign,,,,,0.2021416848775488,ORG
Tonight»,PROPN,,flat:foreign,,,,,0.4618752326490892,ORG
.,PUNCT,,punct,,,,,-0.1136446588736736,NONE
54-летний,ADJ,,amod,Nom,Masc,Sing,,-0.0225471884672908,NONE
Шарф,PROPN,,nsubj,Nom,Masc,Sing,Anim,-0.0455415301435667,PER
начал,VERB,,root,,Masc,Sing,,-0.0647914169849973,NONE
свою,DET,,det,Acc,Fem,Sing,,-0.325575812485787,NONE
карьеру,NOUN,,obj,Acc,Fem,Sing,Inan,0.1498739892816512,NONE
в,ADP,,case,,,,,0.0890809495204795,NONE
1987,ADJ,,amod,,,,,-0.1881642748380571,NONE
году,NOUN,,obl,Loc,Masc,Sing,Inan,0.0077987298462578,NONE
в,ADP,,case,,,,,0.1005338821603261,NONE
Commercial,PROPN,,flat:foreign,,,,,0.3634913359298647,ORG
Credit,PROPN,,flat:foreign,,,,,0.0672304128346082,ORG
Corp,PROPN,,flat:foreign,,,,,-0.1468716114369075,ORG
",",PUNCT,,punct,,,,,0.1751261027555511,NONE
потребительской,ADJ,,amod,Loc,Fem,Sing,,0.1473563371652158,NONE
финансовой,ADJ,,amod,Loc,Fem,Sing,,0.0620345723074009,NONE
компании,NOUN,,parataxis,Loc,Fem,Sing,Inan,0.1009362354458699,NONE
",",PUNCT,,punct,,,,,0.2002518156665445,NONE
которой,PRON,,obl,Ins,,,,-0.1104319578697982,NONE
управляют,VERB,,acl:relcl,,,Plur,,0.124408571088518,NONE
Джейми,PROPN,,nsubj,Nom,Masc,Sing,Anim,0.2003850205758174,PER
Димон,PROPN,,flat:name,Nom,Masc,Sing,Anim,0.2022669933411802,PER
и,CCONJ,,cc,,,,,0.1986650457453279,NONE
Сэнди,PROPN,,conj,Nom,Masc,Sing,Anim,0.0742508517343008,PER
Вейлл,PROPN,,flat:name,Nom,Masc,Sing,Anim,0.0597299747436598,PER
-,PUNCT,,punct,,,,,0.0218678649910177,NONE
руководители,NOUN,,appos,Nom,Masc,Plur,Anim,0.1399231545493803,NONE
",",PUNCT,,punct,,,,,0.0485361221379581,NONE
которые,PRON,,nsubj,Nom,,,,0.111321543824487,NONE
продолжили,VERB,,acl:relcl,,,Plur,,0.0262756662221677,NONE
руководить,VERB,,xcomp,,,,,0.1207675811392408,NONE
двумя,NUM,,nummod,Ins,,,,-0.0005970825722756,NONE
крупнейшими,ADJ,,amod,Ins,,Plur,,0.1432140306033162,NONE
банками,NOUN,,obl,Ins,Masc,Plur,Inan,0.1140185635716945,NONE
Америки,PROPN,,nmod,Gen,Fem,Sing,Inan,0.1685334461358097,LOC
.,PUNCT,,punct,,,,,0.3194272572862217,NONE
Г-н,NOUN,,nsubj,Nom,Masc,Sing,Anim,0.3034197246823246,PER
Мусевени,PROPN,,appos,Nom,Masc,Sing,Anim,0.1107273590418913,PER
впервые,ADV,,advmod,,,,,0.0904277316041607,NONE
публично,ADV,,advmod,,,,,0.0664253605984719,NONE
рассказывает,VERB,,root,,,Sing,,-0.1391456369965264,NONE
о,ADP,,case,,,,,0.0812720307199167,NONE
компаниях,NOUN,,obl,Loc,Fem,Plur,Inan,0.2100099632776352,NONE
с,ADP,,case,,,,,0.0303082475921931,NONE
момента,NOUN,,obl,Gen,Masc,Sing,Inan,0.0181020474026484,NONE
краха,NOUN,,nmod,Gen,Masc,Sing,Inan,0.0449600031839954,NONE
сделки,NOUN,,nmod,Gen,Fem,Sing,Inan,-0.0474564002312302,NONE
",",PUNCT,,punct,,,,,0.2381202187933377,NONE
в,ADP,,case,,,,,-0.0150712785964569,NONE
рамках,NOUN,,obl,Loc,Fem,Plur,Inan,-0.0834457414678213,NONE
которой,PRON,,nmod,Gen,,,,-0.0979781222047337,NONE
компания,NOUN,,nsubj,Nom,Fem,Sing,Inan,-0.0482849802955527,NONE
Tullow,PROPN,,flat:foreign,,,,,-0.0605294782055687,ORG
Oil,PROPN,,flat:foreign,,,,,-0.0756611606626246,ORG
должна,ADJ,,acl:relcl,,Fem,Sing,,-0.2561806242267666,NONE
была,AUX,,cop,,Fem,Sing,,0.0987456114376365,NONE
продать,VERB,,xcomp,,,,,0.0768461289697541,NONE
часть,NOUN,,obj,Acc,Fem,Sing,Inan,0.0329942107446106,NONE
своих,DET,,det,Gen,,Plur,,0.1795680874599307,NONE
интересов,NOUN,,nmod,Gen,Masc,Plur,Inan,0.0586348414063657,NONE
в,ADP,,case,,,,,-0.0779506714539954,NONE
Альбертин,PROPN,,amod,,,,,0.2264506430314491,ORG
Грабене,PROPN,,nmod,Loc,Masc,Sing,Inan,0.058981871964333,ORG
Total,PROPN,,flat:foreign,,,,,-0.1565742802520047,ORG
E,PROPN,,flat:foreign,,,,,-0.1066979704925907,ORG
&,X,,flat:foreign,,,,,-0.0487519837644984,ORG
P,PROPN,,flat:foreign,,,,,-0.1352129603732978,ORG
и,CCONJ,,cc,,,,,-0.405829401574132,NONE
China,PROPN,,flat:foreign,,,,,-0.2317300080340568,ORG
National,PROPN,,flat:foreign,,,,,-0.1108386833531186,ORG
Ofshore,PROPN,,flat:foreign,,,,,-0.062693219357787,ORG
Oil,PROPN,,flat:foreign,,,,,0.1552581734997662,ORG
(,PUNCT,,punct,,,,,0.1722718209604481,ORG
CNOOC,PROPN,,flat:foreign,,,,,-0.0042680119126588,ORG
),PUNCT,,punct,,,,,0.0895995451542352,ORG
.,PUNCT,,punct,,,,,0.1176549365573934,NONE
Звамайда,NOUN,,root,Nom,Fem,Sing,Anim,0.2022695662875661,PER
Мурвира,PROPN,,appos,Gen,Masc,Sing,Anim,0.2220796180150988,PER
в,ADP,,case,,,,,0.0903669652227556,NONE
Нью-Йорке,PROPN,,nmod,Loc,Masc,Sing,Inan,0.5215538828610236,LOC
",",PUNCT,,punct,,,,,0.2619544867227595,NONE
Соединенные,VERB,,amod,Nom,,Plur,,0.0478151097106585,LOC
Штаты,PROPN,,conj,Nom,Masc,Plur,Inan,0.113569713591632,LOC
Америки,PROPN,,nmod,Gen,Fem,Sing,Inan,0.0372879769925923,LOC
Она,PRON,,nsubj,Nom,Fem,Sing,,0.8460979927069767,NONE
сказала,VERB,,root,,Fem,Sing,,-0.013014297317646,NONE
",",PUNCT,,punct,,,,,0.0532413453354124,NONE
что,SCONJ,,mark,,,,,-0.0175245217084111,NONE
появление,NOUN,,nsubj,Nom,Neut,Sing,Inan,0.0095178501902744,NONE
на,ADP,,case,,,,,-0.0132273215597698,NONE
хит-шоу,NOUN,,nmod,Loc,Neut,Sing,Inan,0.1323924071579443,NONE
было,AUX,,cop,,Neut,Sing,,0.0672813417604063,NONE
возможностью,NOUN,,ccomp,Ins,Fem,Sing,Inan,0.0506508236631793,NONE
",",PUNCT,,punct,,,,,0.0251715097109542,NONE
которую,PRON,,obj,Acc,,,,-0.0079018953385815,NONE
она,PRON,,nsubj,Nom,Fem,Sing,,0.0018402793009265,NONE
не,PART,,advmod,,,,,-0.0076887021331208,NONE
смогла,VERB,,acl:relcl,,Fem,Sing,,0.0089882937012725,NONE
упустить,VERB,,xcomp,,,,,-0.0076682955051624,NONE
:,PUNCT,,punct,,,,,-0.0375526338801634,NONE
"""",PUNCT,,punct,,,,,0.0429757993078563,NONE
"""",PUNCT,,punct,,,,,-0.0365613568341777,NONE
После,ADP,,case,,,,,0.0282931426138444,NONE
Рио,PROPN,,obl,Gen,Masc,Sing,Inan,-0.0052156280031184,NONE
я,PRON,,nsubj,Nom,,Sing,,0.2642183671137743,NONE
достигла,VERB,,parataxis,,Fem,Sing,,0.0098174270751819,NONE
своей,DET,,det,Gen,Fem,Sing,,-0.000999966349482,NONE
конечной,ADJ,,amod,Gen,Fem,Sing,,-0.0083404907256404,NONE
цели,NOUN,,obl,Gen,Fem,Sing,Inan,-0.0049882151610039,NONE
",",PUNCT,,punct,,,,,0.0242200371619481,NONE
а,CCONJ,,cc,,,,,-0.0545432799399956,NONE
затем,ADV,,advmod,,,,,0.0705003453100846,NONE
я,PRON,,nsubj,Nom,,Sing,,-0.0272463249716679,NONE
подумала,VERB,,conj,,Fem,Sing,,0.0057767008017865,NONE
"""",PUNCT,,punct,,,,,-0.3440311006335785,NONE
"""",PUNCT,,punct,,,,,0.0296045988116001,NONE
что,PRON,,obj,Acc,,,,-0.0221542238484113,NONE
еще,ADV,,obl,,,,,-0.012804511268949,NONE
я,PRON,,nsubj,Nom,,Sing,,0.0194206142661603,NONE
могу,VERB,,parataxis,,,Sing,,0.0126685076826608,NONE
сделать,VERB,,xcomp,,,,,0.0080303023981711,NONE
?,PUNCT,,punct,,,,,0.009526514354603,NONE
"""",PUNCT,,punct,,,,,0.0120685785929871,NONE
"""",PUNCT,,punct,,,,,-0.0251790866259764,NONE
"""",PUNCT,,punct,,,,,0.0212065693341254,NONE
Предупреждение,NOUN,,root,Nom,Neut,Sing,Inan,0.0687502833934463,NONE
о,ADP,,case,,,,,-0.0706704750610478,NONE
штормовой,ADJ,,amod,Loc,Fem,Sing,,0.0364741616232883,NONE
погоде,NOUN,,nmod,Loc,Fem,Sing,Inan,0.1765884342006949,NONE
",",PUNCT,,punct,,,,,0.5688659238864794,NONE
так,ADV,,mark,,,,,0.1551090383190929,NONE
как,SCONJ,,fixed,,,,,0.0128763111041806,NONE
сильный,ADJ,,amod,Nom,Masc,Sing,,0.0591407004646489,NONE
ветер,NOUN,,nsubj,Nom,Masc,Sing,Inan,0.1919122494546058,NONE
представляет,VERB,,advcl,,,Sing,,0.0918371129078588,NONE
"""",PUNCT,,punct,,,,,0.0788798279646946,NONE
"""",PUNCT,,punct,,,,,0.1944570864351833,NONE
опасность,NOUN,,obj,Acc,Fem,Sing,Inan,0.193247691840031,NONE
для,ADP,,case,,,,,-0.0869246708016429,NONE
жизни,NOUN,,nmod,Gen,Fem,Sing,Inan,-0.2378179427555375,NONE
"""",PUNCT,,punct,,,,,0.0854317568145295,NONE
"""",PUNCT,,punct,,,,,-0.0825865691062372,NONE
"""",PUNCT,,punct,,,,,0.3572571854591599,NONE
Сын,NOUN,,nsubj,Nom,Masc,Sing,Anim,0.4354428979267069,PER
Райс,PROPN,,nmod,Gen,Masc,Sing,Anim,-0.0592119657351311,PER
",",PUNCT,,punct,,,,,0.015935023165212,NONE
Кристофер,PROPN,,appos,Nom,Masc,Sing,Anim,0.0246476224972016,PER
Райс,PROPN,,flat:name,Nom,Masc,Sing,Anim,-0.0757401397488426,PER
",",PUNCT,,punct,,,,,0.1913598037882064,NONE
сказал,VERB,,root,,Masc,Sing,,0.0131756269560701,NONE
",",PUNCT,,punct,,,,,0.2226505818287484,NONE
что,SCONJ,,mark,,,,,0.1313102110433797,NONE
он,PRON,,nsubj,Nom,Masc,Sing,,0.073741233032424,NONE
был,VERB,,ccomp,,Masc,Sing,,-0.0195765545201506,NONE
у,ADP,,case,,,,,-0.1132970467278397,NONE
постели,NOUN,,ccomp,Gen,Fem,Sing,Inan,0.0585520101486218,NONE
матери,NOUN,,nmod,Gen,Fem,Sing,Anim,0.173941547810967,NONE
",",PUNCT,,punct,,,,,0.3097466667314625,NONE
когда,SCONJ,,mark,,,,,-0.0687560622701303,NONE
она,PRON,,nsubj,Nom,Fem,Sing,,0.2187548086971576,NONE
умерла,VERB,,advcl,,Fem,Sing,,0.0131801944534672,NONE
.,PUNCT,,punct,,,,,0.2904261724901049,NONE
Это,PRON,,nsubj,Nom,Neut,Sing,Inan,-0.280291014956775,NONE
также,ADV,,advmod,,,,,-0.2213782380204382,NONE
означает,VERB,,root,,,Sing,,0.1584676033532002,NONE
",",PUNCT,,punct,,,,,0.0185519498853763,NONE
что,SCONJ,,mark,,,,,-0.4870890901794588,NONE
окно,NOUN,,nsubj,Nom,Neut,Sing,Inan,0.126437466967892,NONE
возможностей,NOUN,,nmod,Gen,Fem,Plur,Inan,-0.0635554270191215,NONE
продавцов,NOUN,,nmod,Gen,Masc,Plur,Anim,0.081987599422644,NONE
имели,VERB,,ccomp,,,Plur,,0.0112799796761838,NONE
с,ADP,,case,,,,,-0.1712142207943253,NONE
сильными,ADJ,,amod,Ins,,Plur,,0.0179157507913006,NONE
результатами,NOUN,,obl,Ins,Masc,Plur,Inan,0.0890829453606439,NONE
аукциона,NOUN,,nmod,Gen,Masc,Sing,Inan,0.1336065736472556,NONE
эти,DET,,det,Nom,,Plur,,0.1539246782123218,NONE
последние,ADJ,,amod,Acc,,Plur,Inan,0.1112655501661369,NONE
несколько,NUM,,nummod,Acc,,,Inan,0.1181258502996938,NONE
месяцев,NOUN,,obl,Gen,Masc,Plur,Inan,0.1836271501480332,NONE
будут,AUX,,aux:pass,,,Plur,,0.2050809595552416,NONE
смягчены,VERB,,conj,,,Plur,,0.1374794453484066,NONE
в,ADP,,case,,,,,0.2009061415507516,NONE
результате,NOUN,,obl,Loc,Masc,Sing,Inan,0.14104584676906,NONE
увеличения,NOUN,,nmod,Gen,Neut,Sing,Inan,0.0781772660073434,NONE
запасов,NOUN,,nmod,Gen,Masc,Plur,Inan,0.042001632447541,NONE
.,PUNCT,,punct,,,,,-0.0892083861105328,NONE
Шаг,NOUN,,root,Nom,Masc,Sing,Inan,0.0790431895252548,NONE
5,NUM,,nummod:entity,,,,,-0.0437755344908884,NONE
:,PUNCT,,punct,,,,,0.1919713880600412,NONE
Пройдитесь,VERB,,parataxis,,,Plur,,0.0390536609904717,NONE
по,ADP,,case,,,,,-0.1655254461411965,NONE
тележкам,NOUN,,obl,Dat,Fem,Plur,Inan,0.1290719060149878,NONE
в,ADP,,case,,,,,0.1428579140335157,NONE
поисках,NOUN,,obl,Loc,Masc,Plur,Inan,0.3060457270952992,NONE
чего-нибудь,PRON,,nmod,Gen,,,,0.2048595855643955,NONE
холодного,ADJ,,amod,Gen,Neut,Sing,,-0.0381640193336998,NONE
и,CCONJ,,cc,,,,,-0.1056768501871295,NONE
продуктов,NOUN,,conj,Gen,Masc,Plur,Inan,-0.1640258653733863,NONE
.,PUNCT,,punct,,,,,-0.0322209379645818,NONE
Q,PROPN,,flat:foreign,,,,,-0.7526161259464881,NONE
.,PUNCT,,punct,,,,,0.2745713728613094,NONE
Могу,VERB,,root,,,Sing,,0.0003415805170428,NONE
ли,PART,,advmod,,,,,-0.1531020816655696,NONE
я,PRON,,nsubj,Nom,,Sing,,-0.2741008549064939,NONE
получить,VERB,,xcomp,,,,,-0.1530190162526863,NONE
измерения,NOUN,,obj,Acc,Neut,Plur,Inan,0.1796769814824911,NONE
предмета,NOUN,,nmod,Gen,Masc,Sing,Inan,0.2896937602847079,NONE
?,PUNCT,,punct,,,,,0.2665875086916268,NONE
А,CCONJ,,cc,,,,,-0.5340384025289969,NONE
фланкер,NOUN,,nsubj,Nom,Masc,Sing,Anim,0.1837215118080093,NONE
Аарон,PROPN,,appos,Nom,Masc,Sing,Anim,0.2160466079829338,PER
Шинглер,PROPN,,flat:name,Nom,Masc,Sing,Anim,0.1461571935795461,PER
снова,ADV,,advmod,,,,,0.0347958969079573,NONE
прикроет,VERB,,root,,,Sing,,-0.0184397928739424,NONE
на,ADP,,case,,,,,-0.1045035315896767,NONE
скамейке,NOUN,,obl,Loc,Fem,Sing,Inan,0.1494395359748316,NONE
запасных,ADJ,,amod,Acc,,Plur,Anim,0.249362290329776,NONE
начинающих,VERB,,amod,Acc,,Plur,Anim,0.0411468243083812,NONE
замков,NOUN,,nmod,Gen,Masc,Plur,Inan,0.1106707154153244,NONE
Джейка,PROPN,,obj,Acc,Masc,Sing,Anim,0.2044309650790231,PER
Болла,PROPN,,flat:name,Acc,Masc,Sing,Anim,0.203132111862092,PER
и,CCONJ,,cc,,,,,0.0861664684375645,NONE
Алуна,PROPN,,conj,Acc,Masc,Sing,Anim,0.289001099724987,PER
Уин,PROPN,,flat:name,Acc,Masc,Sing,Anim,0.0802044206821988,PER
Джонса,PROPN,,flat:name,Acc,Masc,Sing,Anim,-0.0051635302787951,PER
.,PUNCT,,punct,,,,,0.1978558095924694,NONE
Область,NOUN,,nsubj,Nom,Fem,Sing,Inan,0.1730797849754406,LOC
находится,VERB,,root,,,Sing,,0.002592017842922,NONE
под,ADP,,case,,,,,0.0110167245385626,NONE
зимним,ADJ,,amod,Ins,Neut,Sing,,0.0525082476937076,NONE
штормовым,ADJ,,amod,Ins,Neut,Sing,,0.1500190890678696,NONE
предупреждением,NOUN,,obl,Ins,Neut,Sing,Inan,-0.0245380899035632,NONE
до,ADP,,case,,,,,-0.0404832998619827,NONE
утра,NOUN,,obl,Gen,Neut,Sing,Inan,0.0113694874370233,NONE
воскресенья,NOUN,,nmod,Gen,Neut,Sing,Inan,0.0351084601591161,NONE
",",PUNCT,,punct,,,,,0.1884105967081552,NONE
а,CCONJ,,cc,,,,,0.0056143144675264,NONE
Национальная,ADJ,,amod,Nom,Fem,Sing,,0.0335166589652623,ORG
метеорологическая,ADJ,,amod,Nom,Fem,Sing,,0.0123179260551654,ORG
служба,NOUN,,nsubj,Nom,Fem,Sing,Inan,-0.0167487363665228,ORG
сообщает,VERB,,conj,,,Sing,,0.0158919217208047,NONE
",",PUNCT,,punct,,,,,0.1621180435139878,NONE
что,SCONJ,,mark,,,,,0.0032817626203124,NONE
от,ADP,,case,,,,,-0.105972779926731,NONE
12,NUM,,obl,,,,,-0.0140265007772622,NONE
до,ADP,,case,,,,,-0.0488455652595534,NONE
15,NUM,,nummod,,,,,-0.0122577843342037,NONE
дюймов,NOUN,,nmod,Gen,Masc,Plur,Inan,-0.0023350612235753,NONE
(,PUNCT,,punct,,,,,-0.0254414785650695,NONE
38,NUM,,nummod,,,,,-0.0246068462983354,NONE
сантиметров,NOUN,,parataxis,Gen,Masc,Plur,Inan,0.0041603290646417,NONE
),PUNCT,,punct,,,,,-0.049428130407512,NONE
снега,NOUN,,nsubj,Gen,Masc,Sing,Inan,0.0508223771919559,NONE
возможны,ADJ,,ccomp,,,Plur,,-0.0112837782501539,NONE
для,ADP,,case,,,,,-0.0370425919134903,NONE
областей,NOUN,,obl,Gen,Fem,Plur,Inan,-0.0341286735685457,NONE
выше,ADV,,advmod,,,,,0.0008377172986125,NONE
2000,NUM,,nummod,,,,,0.0320856912079591,NONE
футов,NOUN,,obl,Gen,Masc,Plur,Inan,0.053271823143662,NONE
(,PUNCT,,punct,,,,,0.0057900789569709,NONE
610,NUM,,nummod,,,,,0.025523680450733,NONE
метров,NOUN,,parataxis,Gen,Masc,Plur,Inan,0.0011393385090226,NONE
),PUNCT,,punct,,,,,-0.0063535637763296,NONE
.,PUNCT,,punct,,,,,0.8711294945839689,NONE
Я,PRON,,nsubj,Nom,,Sing,,-0.1302766458847657,NONE
проверил,VERB,,root,,Masc,Sing,,-0.0505543493880919,NONE
правильный,ADJ,,amod,Acc,Masc,Sing,Inan,0.0970376867222815,NONE
заказ,NOUN,,obj,Acc,Masc,Sing,Inan,0.1097447349261963,NONE
и,CCONJ,,cc,,,,,-0.2037473916985623,NONE
вижу,VERB,,conj,,,Sing,,0.0023313666524769,NONE
здесь,ADV,,advmod,,,,,0.0196878602730776,NONE
",",PUNCT,,punct,,,,,0.1318042766435063,NONE
что,SCONJ,,mark,,,,,-0.0632976932955261,NONE
гонщик,NOUN,,nsubj,Nom,Masc,Sing,Anim,-0.0177333681296391,NONE
сейчас,ADV,,advmod,,,,,0.0153731829019924,NONE
пытается,VERB,,ccomp,,,Sing,,0.0723791228394926,NONE
его,PRON,,obj,Acc,Masc,Sing,,-0.0326688699424906,NONE
забрать,VERB,,xcomp,,,,,-0.1147619647251754,NONE
.,PUNCT,,punct,,,,,0.6197830424401511,NONE
АОБР,NOUN,,nsubj,Nom,Masc,Sing,Inan,0.2343272465985356,NONE
просто,PART,,advmod,,,,,0.0409732330192542,NONE
должно,ADJ,,root,,Neut,Sing,,0.0106051389345977,NONE
было,AUX,,cop,,Neut,Sing,,-0.0870492629090094,NONE
показать,VERB,,xcomp,,,,,-0.1346599436065073,NONE
",",PUNCT,,punct,,,,,-0.2173018222730208,NONE
что,SCONJ,,mark,,,,,-0.330562994530124,NONE
допрос,NOUN,,nsubj,Nom,Masc,Sing,Inan,0.1323954555203938,NONE
будет,VERB,,ccomp,,,Sing,,0.021342214383212,NONE
"""",PUNCT,,punct,,,,,0.3609660283092607,NONE
"""",PUNCT,,punct,,,,,0.4099529493376818,NONE
существенно,ADV,,advmod,,,,,0.0513810019800803,NONE
способствовать,VERB,,conj,,,,,-0.0176931623131289,NONE
сбору,NOUN,,iobj,Dat,Masc,Sing,Inan,0.0170135509741088,NONE
разведданных,NOUN,,nmod,Gen,Masc,Plur,Anim,0.0710823217504379,NONE
"""",PUNCT,,punct,,,,,0.0380619966791283,NONE
"""",PUNCT,,punct,,,,,-0.0137481383760356,NONE
об,ADP,,case,,,,,0.0694086483326431,NONE
иностранном,ADJ,,amod,Loc,Neut,Sing,,-0.0381327143302295,NONE
вмешательстве,NOUN,,conj,Loc,Neut,Sing,Inan,0.2672633110286557,NONE
",",PUNCT,,punct,,,,,-0.06600400245298,NONE
которое,PRON,,nsubj,Nom,,,,-0.0105185195186956,NONE
",",PUNCT,,punct,,,,,-0.1587135032167254,NONE
кажется,VERB,,parataxis,,,Sing,,-0.110606500608339,NONE
",",PUNCT,,punct,,,,,0.0374411970891951,NONE
является,VERB,,acl:relcl,,,Sing,,-0.046869044170389,NONE
главной,ADJ,,amod,Ins,Fem,Sing,,-0.070453887185445,NONE
целью,NOUN,,obl,Ins,Fem,Sing,Inan,0.1878285007338421,NONE
законопроекта,NOUN,,nmod,Gen,Masc,Sing,Inan,0.059128563315848,NONE
.,PUNCT,,punct,,,,,0.0562013842838583,NONE
"""",PUNCT,,root,,,,,0.2029019557671472,NONE
Им,PRON,,iobj,Dat,,Plur,,0.0477566729229148,NONE
не,PART,,advmod,,,,,-0.1837104891522873,NONE
удается,VERB,,root,,,Sing,,0.043670878031303,NONE
провести,VERB,,csubj,,,,,0.0916256703875062,NONE
большие,ADJ,,amod,Acc,,Plur,Inan,0.1450018936366896,NONE
рандомизированные,VERB,,amod,Acc,,Plur,Inan,0.0414304204434678,NONE
испытания,NOUN,,obj,Acc,Neut,Plur,Inan,0.1530047914199091,NONE
",",PUNCT,,punct,,,,,0.1150176035304652,NONE
и,CCONJ,,cc,,,,,0.0227034164977513,NONE
это,PRON,,nsubj,Nom,Neut,Sing,Inan,0.0459098599039213,NONE
в,ADP,,case,,,,,0.106736777087556,NONE
конечном,ADJ,,amod,Loc,Masc,Sing,,0.0317135611149499,NONE
итоге,NOUN,,obl,Loc,Masc,Sing,Inan,0.0765519189577774,NONE
дает,VERB,,conj,,,Sing,,0.2317669564969076,NONE
плохую,ADJ,,amod,Acc,Fem,Sing,,0.4800785758000183,NONE
медицину,NOUN,,obj,Acc,Fem,Sing,Inan,0.1153863279452144,NONE
",",PUNCT,,punct,,,,,0.1430093240705356,NONE
что,PRON,,nsubj,Nom,,,,0.1679262412103517,NONE
делает,VERB,,parataxis,,,Sing,,0.0788422468662379,NONE
практику,NOUN,,obj,Acc,Fem,Sing,Inan,0.0720710596395287,NONE
медицины,NOUN,,nmod,Gen,Fem,Sing,Inan,0.0953184736788489,NONE
беднее,ADJ,,obl,,,,,0.1181450320564318,NONE
",",PUNCT,,punct,,,,,0.0207886138742699,NONE
а,CCONJ,,cc,,,,,-0.0401016858711895,NONE
результаты,NOUN,,nsubj,Nom,Masc,Plur,Inan,0.013262305469996,NONE
для,ADP,,case,,,,,0.0816432046596829,NONE
пациентов,NOUN,,nmod,Gen,Masc,Plur,Anim,0.0533351400645008,NONE
беднее,ADJ,,conj,,,,,0.4258216652260954,NONE
.,PUNCT,,punct,,,,,-0.477547925787306,NONE
«Это,PRON,,nsubj,Nom,Neut,Sing,Inan,0.2361859874290353,NONE
было,AUX,,cop,,Neut,Sing,,-0.1437646437124649,NONE
разочаровывающе,ADJ,,parataxis,,,,,-0.0358527387986629,NONE
",",PUNCT,,punct,,,,,-0.0605315561979358,NONE
больше,ADV,,acl,,,,,-0.1458029634620685,NONE
то,PRON,,nsubj,Nom,Neut,Sing,Inan,0.0007313082011135,NONE
",",PUNCT,,punct,,,,,0.0834627107550571,NONE
как,ADV,,mark,,,,,0.0395062569274115,NONE
мы,PRON,,nsubj,Nom,,Plur,,0.0463001783444979,NONE
в,ADP,,case,,,,,0.0216481809305198,NONE
итоге,NOUN,,obl,Loc,Masc,Sing,Inan,0.0465673618044849,NONE
проиграли,VERB,,acl,,,Plur,,0.0647402249617632,NONE
игру»,NOUN,,obj,Acc,Masc,Sing,Inan,0.134343373844807,NONE
",",PUNCT,,punct,,,,,0.2534552049968981,NONE
-,PUNCT,,punct,,,,,0.4406352355602397,NONE
сказал,VERB,,parataxis,,Masc,Sing,,0.0041896632851877,NONE
он,PRON,,nsubj,Nom,Masc,Sing,,0.1589909838620171,NONE
в,ADP,,case,,,,,-0.0010014786167339,NONE
эфире,NOUN,,obl,Loc,Masc,Sing,Inan,0.0755843628828165,NONE
Sky,PROPN,,flat:foreign,,,,,0.3186777317374033,ORG
Sports,PROPN,,flat:foreign,,,,,0.1132418279971328,ORG
на,ADP,,case,,,,,-0.0035979732120678,NONE
полный,ADJ,,amod,Acc,Masc,Sing,Inan,-0.0171505015220212,NONE
рабочий,ADJ,,amod,Acc,Masc,Sing,Inan,0.0425116476097846,NONE
день,NOUN,,obl,Acc,Masc,Sing,Inan,0.0054073774781221,NONE
.,PUNCT,,punct,,,,,0.1088108918993836,NONE
Если,SCONJ,,mark,,,,,0.0520786880040625,NONE
вы,PRON,,nsubj,Nom,,Plur,,0.000949059600075,NONE
хотите,VERB,,advcl,,,Plur,,-0.253518635905655,NONE
это,PRON,,obj,Acc,Neut,Sing,Inan,-0.1099711525298286,NONE
сделать,VERB,,xcomp,,,,,0.1311760417884543,NONE
",",PUNCT,,punct,,,,,0.1359733285625241,NONE
вам,PRON,,iobj,Dat,,Plur,,0.145821913008897,NONE
надо,ADV,,root,,,,,-0.1428276812427938,NONE
вступить,VERB,,csubj,,,,,-0.063808313431128,NONE
в,ADP,,case,,,,,0.1552746507510399,NONE
"""",PUNCT,,punct,,,,,0.2474348243511461,NONE
"""",PUNCT,,punct,,,,,0.1563119847405458,NONE
батальон,NOUN,,obl,Acc,Masc,Sing,Inan,0.1400669258270105,NONE
разведчиков,NOUN,,nmod,Gen,Masc,Plur,Anim,0.0423169138604708,NONE
"""",PUNCT,,punct,,,,,0.0885765672863973,NONE
"""",PUNCT,,punct,,,,,0.0060446277342678,NONE
",",PUNCT,,punct,,,,,0.3301937321217031,NONE
где,ADV,,advmod,,,,,-0.0205387989532202,NONE
вы,PRON,,nsubj,Nom,,Plur,,0.0167537904774882,NONE
станете,VERB,,acl:relcl,,,Plur,,0.0495365307451815,NONE
профессиональным,ADJ,,amod,Ins,Masc,Sing,,-0.164526580320391,NONE
военным,ADJ,,amod,Ins,Masc,Sing,,-0.2166659667382847,NONE
чуваком,NOUN,,obl,Ins,Masc,Sing,Anim,0.0751279138559885,NONE
с,ADP,,case,,,,,-0.0256920782081678,NONE
зарплатой,NOUN,,nmod,Ins,Fem,Sing,Inan,0.2538531835102139,NONE
и,CCONJ,,conj,,,,,-0.0513397878530948,NONE
так,ADV,,fixed,,,,,-0.0190200149308368,NONE
далее,ADV,,fixed,,,,,-0.020300146803178,NONE
.,PUNCT,,punct,,,,,0.2701692832736829,NONE
"""",PUNCT,,root,,,,,0.0983350756637063,NONE
Я,PRON,,nsubj,Nom,,Sing,,0.0200664211218636,NONE
уволилась,VERB,,root,,Fem,Sing,,0.1224391013406977,NONE
на,ADP,,case,,,,,-0.1474664295822126,NONE
следующий,ADJ,,amod,Acc,Masc,Sing,Inan,0.4881808915104,NONE
день,NOUN,,obl,Acc,Masc,Sing,Inan,0.8083866429237935,NONE
.,PUNCT,,punct,,,,,0.0578590886190417,NONE
Пожалуйста,ADV,,parataxis,,,,,0.3077719209975592,NONE
",",PUNCT,,punct,,,,,0.0110091469988463,NONE
ознакомьтесь,VERB,,root,,,Plur,,0.1791968969924472,NONE
с,ADP,,case,,,,,-0.3357448312221767,NONE
разделами,NOUN,,obl,Ins,Masc,Plur,Inan,0.0988455416308946,NONE
платежи,NOUN,,nmod,Gen,Masc,Sing,Inan,0.4309166376657891,NONE
и,CCONJ,,cc,,,,,-0.2959088302048358,NONE
почта,NOUN,,conj,Nom,Fem,Sing,Inan,0.080489866031867,NONE
для,ADP,,case,,,,,0.3717575506427881,NONE
наших,DET,,det,Gen,,Plur,,0.1449137989944341,NONE
текущих,ADJ,,amod,Gen,,Plur,,0.2599003436266165,NONE
тарифов,NOUN,,nmod,Gen,Masc,Plur,Inan,0.1605816444934282,NONE
.,PUNCT,,punct,,,,,-0.265121326632721,NONE
Никогда,ADV,,advmod,,,,,0.3272403458281253,NONE
не,PART,,advmod,,,,,-0.108191077996585,NONE
ходите,VERB,,root,,,Plur,,-0.0592412944861779,NONE
на,ADP,,case,,,,,-0.0777003153844303,NONE
аукцион,NOUN,,obl,Acc,Masc,Sing,Inan,-0.0028215814354755,NONE
",",PUNCT,,punct,,,,,-0.0087292558195733,NONE
не,PART,,advmod,,,,,-0.0671102539064546,NONE
зная,VERB,,advcl,,,,,-0.0526325331504217,NONE
",",PUNCT,,punct,,,,,0.0765960789972694,NONE
сколько,ADV,,advmod,,,,,-0.0015671571795556,NONE
вы,PRON,,nsubj,Nom,,Plur,,0.003912957807195,NONE
можете,VERB,,ccomp,,,Plur,,0.0644109988430455,NONE
потратить,VERB,,xcomp,,,,,0.1058186671978483,NONE
",",PUNCT,,punct,,,,,0.4408352219925709,NONE
так,ADV,,mark,,,,,0.1245333651801016,NONE
как,SCONJ,,fixed,,,,,0.1462591454203937,NONE
я,PRON,,nsubj,Nom,,Sing,,0.0824221038428314,NONE
видел,VERB,,advcl,,Masc,Sing,,0.0290179337368709,NONE
многих,NUM,,amod,,,,,-0.0010837501573655,NONE
паникующих,VERB,,amod,Acc,,Plur,Anim,0.0933421953830127,NONE
покупателей,NOUN,,obj,Acc,Masc,Plur,Anim,-0.0785049025424881,NONE
",",PUNCT,,punct,,,,,0.1745530591467597,NONE
которые,PRON,,nsubj,Nom,,,,-0.0465845023567357,NONE
идут,VERB,,acl:relcl,,,Plur,,-0.0076237080701122,NONE
неподготовленными,ADJ,,obl,Ins,,Plur,,0.0854166354133145,NONE
и,CCONJ,,cc,,,,,-0.0315336511380224,NONE
тратят,VERB,,conj,,,Plur,,0.1559737619467308,NONE
больше,ADV,,advmod,,,,,0.0568562419889444,NONE
",",PUNCT,,punct,,,,,0.1038218681697568,NONE
чем,SCONJ,,mark,,,,,0.0520155626449115,NONE
должны,ADJ,,advcl,,,Plur,,0.0197592149026556,NONE
",",PUNCT,,punct,,,,,0.149778656521002,NONE
-,PUNCT,,punct,,,,,0.192295653245453,NONE
сказал,VERB,,parataxis,,Masc,Sing,,-0.0643765546440525,NONE
он,PRON,,nsubj,Nom,Masc,Sing,,-0.0424896150531615,NONE
.,PUNCT,,punct,,,,,-0.0952096190838872,NONE
Plus,PROPN,,root,,,,,-0.1967115313253766,NONE
Muscle,PROPN,,flat:foreign,,,,,0.6148620537170028,NONE
Maintenance,PROPN,,flat:foreign,,,,,0.3537175864201037,NONE
для,ADP,,case,,,,,0.0022361307410921,NONE
поддержки,NOUN,,nmod,Gen,Fem,Sing,Inan,0.0027460780313134,NONE
мышечной,ADJ,,amod,Gen,Fem,Sing,,0.2370702483935803,NONE
структуры,NOUN,,nmod,Gen,Fem,Sing,Inan,-0.5329208822776852,NONE
и,CCONJ,,cc,,,,,-0.1229668786107266,NONE
активности,NOUN,,conj,Gen,Fem,Sing,Inan,0.1601105590778685,NONE
«Наплыв»,NOUN,,nsubj,Nom,Masc,Sing,Inan,0.5794848578282019,NONE
агентов,NOUN,,nmod,Gen,Masc,Plur,Anim,0.0838079308795136,NONE
",",PUNCT,,punct,,,,,0.1021147304103626,NONE
объявленный,VERB,,acl,Nom,Masc,Sing,,0.0537353545986427,NONE
в,ADP,,case,,,,,-0.0028758164014725,NONE
среду,NOUN,,obl,Acc,Fem,Sing,Inan,-0.1037389017040894,NONE
в,ADP,,case,,,,,0.0449382364124746,NONE
Чикаго,PROPN,,obl,Loc,Masc,Sing,Inan,-0.3039645759226745,LOC
и,CCONJ,,cc,,,,,0.0592665105689707,NONE
других,ADJ,,amod,Loc,,Plur,,0.0001594727041133,NONE
американских,ADJ,,amod,Loc,,Plur,,0.1234612375499218,NONE
городах,NOUN,,conj,Loc,Masc,Plur,Inan,-0.0589935550809521,NONE
",",PUNCT,,punct,,,,,0.1414644641000466,NONE
является,VERB,,root,,,Sing,,-0.0357125320380819,NONE
частью,NOUN,,obl,Ins,Fem,Sing,Inan,0.0583345333777883,NONE
операции,NOUN,,nmod,Gen,Fem,Sing,Inan,0.0325550642198694,NONE
«Легенда»,NOUN,,nmod,Gen,Fem,Plur,Inan,0.071318807852655,NONE
",",PUNCT,,punct,,,,,0.1547214102858663,NONE
названной,VERB,,acl,Gen,Fem,Sing,,0.0701818391511457,NONE
в,ADP,,case,,,,,0.039474145127594,NONE
честь,NOUN,,obl,Acc,Fem,Sing,Inan,0.0135479979155923,NONE
4-летнего,ADJ,,amod,Gen,Masc,Sing,,0.1308554133713595,NONE
Ледженда,PROPN,,nmod,Gen,Masc,Sing,Anim,0.0559199036268008,PER
Талиферро,PROPN,,flat:name,Gen,Masc,Sing,Anim,0.1073383404206073,PER
",",PUNCT,,punct,,,,,0.1163896413366715,NONE
который,PRON,,nsubj:pass,Nom,,,,-0.1010497780464671,NONE
был,AUX,,aux:pass,,Masc,Sing,,-0.0317021965039898,NONE
смертельно,ADV,,advmod,,,,,0.0587255681790852,NONE
ранен,VERB,,acl:relcl,,Masc,Sing,,-0.1020874205759298,NONE
во,ADP,,case,,,,,0.0208079937042356,NONE
время,NOUN,,fixed,Acc,Neut,Sing,Inan,-0.0291870408620587,NONE
сна,NOUN,,obl,Gen,Masc,Sing,Inan,-0.0283175053051334,NONE
в,ADP,,case,,,,,0.0095746468984768,NONE
квартире,NOUN,,obl,Loc,Fem,Sing,Inan,-0.0301177690806949,NONE
в,ADP,,case,,,,,-0.0639462934877962,NONE
Канзас-Сити,PROPN,,nmod,Loc,Masc,Sing,Inan,0.0558061551804388,LOC
в,ADP,,case,,,,,-0.051029797787375,NONE
конце,NOUN,,obl,Loc,Masc,Sing,Inan,0.0074301665147442,NONE
прошлого,ADJ,,amod,Gen,Masc,Sing,,-0.1347752901933281,NONE
месяца,NOUN,,nmod,Gen,Masc,Sing,Inan,-0.108431700639174,NONE
.,PUNCT,,punct,,,,,0.4211629178982222,NONE
Шутка,NOUN,,root,Nom,Fem,Sing,Inan,0.0681031746482934,NONE
о,ADP,,case,,,,,-0.0090037670029766,NONE
том,PRON,,nmod,Loc,Neut,Sing,Inan,-0.0351067701172945,NONE
",",PUNCT,,punct,,,,,0.0302136064231165,NONE
что,SCONJ,,mark,,,,,0.9381432454848826,NONE
"""",PUNCT,,punct,,,,,-0.0147165246132171,NONE
"""",PUNCT,,punct,,,,,-0.0359232313719225,NONE
я,PRON,,nsubj,Nom,,Sing,,-0.0202356088476794,NONE
не,PART,,advmod,,,,,0.0094149124958117,NONE
должен,ADJ,,acl,,Masc,Sing,,-0.0348495801103142,NONE
танцевать,VERB,,xcomp,,,,,0.089946769460112,NONE
и,CCONJ,,cc,,,,,-0.053831502183274,NONE
делать,VERB,,conj,,,,,-0.1018852970629522,NONE
ча-ча-ча,ADV,,advmod,,,,,0.0315593049078746,NONE
или,CCONJ,,cc,,,,,0.1174792344693714,NONE
самбу,NOUN,,conj,,,,,0.1170753786024096,NONE
"""",PUNCT,,punct,,,,,-0.0011199788239407,NONE
"""",PUNCT,,punct,,,,,-0.0064690992304393,NONE
.,PUNCT,,punct,,,,,-0.0207524861120807,NONE
"""",PUNCT,,root,,,,,-0.0412599644806904,NONE
Омикрон,NOUN,,nsubj,Nom,Masc,Sing,Inan,0.0775579232734957,NONE
представляет,VERB,,root,,,Sing,,0.057785395740344,NONE
собой,PRON,,fixed,Ins,,,,0.0358039596261486,NONE
вариант,NOUN,,obj,Acc,Masc,Sing,Inan,-0.386248929965405,NONE
",",PUNCT,,punct,,,,,0.0481246714126244,NONE
в,ADP,,case,,,,,0.2042026584892189,NONE
котором,PRON,,acl:relcl,Loc,,,,0.0356212374597166,NONE
26-32,NUM,,nummod,,,,,0.2786655556423142,NONE
мутации,NOUN,,nsubj,Gen,Fem,Sing,Inan,0.0801351964778982,NONE
в,ADP,,case,,,,,0.3052912438821722,NONE
шипе,NOUN,,nmod,Loc,Masc,Sing,Inan,0.040083014604257,NONE
",",PUNCT,,punct,,,,,0.2600052407447432,NONE
который,PRON,,nsubj:pass,Nom,,,,0.0744205519244847,NONE
используется,VERB,,acl:relcl,,,Sing,,-0.3560086771727687,NONE
для,ADP,,case,,,,,-0.0014892128519137,NONE
заражения,NOUN,,obl,Gen,Neut,Sing,Inan,0.0318291219381753,NONE
клеток,NOUN,,nmod,Gen,Fem,Plur,Inan,0.083994234923908,NONE
вирусом,NOUN,,nmod,Ins,Masc,Sing,Inan,0.1110334881228989,NONE
COVID-19,PROPN,,flat:foreign,,,,,0.1376964286117432,NONE
.,PUNCT,,punct,,,,,-0.3606813623929927,NONE
Они,PRON,,nsubj,Nom,,Plur,,-0.2291516600151379,NONE
добавили,VERB,,root,,,Plur,,0.2357328271894894,NONE
",",PUNCT,,punct,,,,,0.0427644148208363,NONE
что,SCONJ,,mark,,,,,-0.1123007742236158,NONE
в,ADP,,case,,,,,0.0059893031501006,NONE
первую,ADJ,,amod,Acc,Fem,Sing,,-0.1241304508838527,NONE
минуту,NOUN,,obl,Acc,Fem,Sing,Inan,-0.0772398139078098,NONE
дети,NOUN,,nsubj,Nom,Masc,Plur,Anim,-0.1122660994492196,NONE
хотят,VERB,,ccomp,,,Plur,,0.0020229293325156,NONE
",",PUNCT,,punct,,,,,-0.0676813160302191,NONE
чтобы,SCONJ,,mark,,,,,-0.0479177206338661,NONE
в,ADP,,case,,,,,0.0420071852498802,NONE
машине,NOUN,,ccomp,Loc,Fem,Sing,Inan,0.1197645543750706,NONE
были,AUX,,cop,,,Plur,,-0.0968424529874822,NONE
обезьяны,NOUN,,nsubj,Nom,Fem,Plur,Anim,0.0995850424076844,NONE
",",PUNCT,,punct,,,,,0.0899471274026081,NONE
а,CCONJ,,cc,,,,,0.1464329329367526,NONE
в,ADP,,case,,,,,0.2141969785037986,NONE
следующую,ADJ,,obl,Acc,Fem,Sing,,0.0997356894584176,NONE
-,PUNCT,,punct,,,,,0.0146984024858785,NONE
у,ADP,,case,,,,,0.2278136561993371,NONE
нее,PRON,,obl,Gen,Fem,Sing,,0.0532463913507266,NONE
нет,VERB,,conj,,,,,0.0193052524710109,NONE
номерного,ADJ,,amod,Gen,Masc,Sing,,-0.0077347773774967,NONE
знака,NOUN,,nsubj,Gen,Masc,Sing,Inan,0.0477689669327918,NONE
",",PUNCT,,punct,,,,,-0.0446565269048961,NONE
но,CCONJ,,cc,,,,,-0.061094641693886,NONE
за,ADP,,case,,,,,-0.0429974022886113,NONE
этот,DET,,det,Acc,Masc,Sing,Inan,-0.2105143884024197,NONE
вопрос,NOUN,,obl,Acc,Masc,Sing,Inan,0.0349554373346658,NONE
можно,ADV,,conj,,,,,-7.019828028035168,NONE
получить,VERB,,csubj,,,,,0.0750027868018283,NONE
«хорошие,ADJ,,amod,Acc,,Plur,Inan,0.4249869521129146,NONE
деньги»,NOUN,,obj,Acc,Fem,Plur,Inan,0.2421291375655811,NONE
за,ADP,,case,,,,,0.2437849524492642,NONE
гараж,NOUN,,obl,Acc,Masc,Sing,Inan,-0.0088494622869727,NONE
.,PUNCT,,punct,,,,,-0.2462358621561417,NONE
Де,PART,,nsubj,,,,,0.0854209784441188,NONE
Клерк,PROPN,,flat:name,Nom,Masc,Sing,Anim,0.0882075622091824,NONE
также,ADV,,advmod,,,,,0.025393433969648,NONE
разделил,VERB,,root,,Masc,Sing,,0.1130659907057957,NONE
Нобелевскую,PROPN,,amod,,,,,0.0572005231599634,NONE
премию,NOUN,,obj,Acc,Fem,Sing,Inan,0.0173181187389009,NONE
мира,NOUN,,nmod,Gen,Masc,Sing,Inan,-0.0349721881801997,NONE
с,ADP,,case,,,,,0.0460003797591022,NONE
Манделой,PROPN,,obl,Ins,Masc,Sing,Anim,0.0471334032163527,PER
в,ADP,,case,,,,,0.0695425444225681,NONE
1993,ADJ,,amod,,,,,0.0197941430047735,NONE
году,NOUN,,obl,Loc,Masc,Sing,Inan,0.0174690471041101,NONE
после,ADP,,case,,,,,0.1323562678526511,NONE
освобождения,NOUN,,obl,Gen,Neut,Sing,Inan,-0.0161876067216125,NONE
его,PRON,,nmod,Gen,Masc,Sing,,-0.0551331927370342,NONE
из,ADP,,case,,,,,0.0824177912472075,NONE
тюрьмы,NOUN,,nmod,Gen,Fem,Sing,Inan,0.0262672740667902,NONE
в,ADP,,case,,,,,-0.0048653482723268,NONE
1990,ADJ,,amod,,,,,0.0190585736297131,NONE
году,NOUN,,nmod,Loc,Masc,Sing,Inan,0.0695203282603485,NONE
.,PUNCT,,punct,,,,,0.9512542732557988,NONE
Рекламные,ADJ,,amod,Nom,,Plur,,0.1704126826130821,NONE
щиты,NOUN,,nsubj,Nom,Masc,Plur,Inan,0.0191850372907504,NONE
в,ADP,,case,,,,,0.055503448830926,NONE
Сиднее,PROPN,,nmod,Loc,Masc,Sing,Inan,-0.0007733276007328,LOC
CBD,PROPN,,flat:foreign,,,,,-0.0060943739574708,ORG
и,CCONJ,,cc,,,,,-0.1004667402588904,NONE
внешних,ADJ,,amod,Loc,,Plur,,0.0267641670456394,NONE
пригородах,NOUN,,conj,Loc,Masc,Plur,Inan,0.069799647064221,NONE
",",PUNCT,,punct,,,,,0.2370484323641402,NONE
которые,PRON,,nsubj,Nom,,,,0.1872789586960849,NONE
обычно,ADV,,advmod,,,,,-0.0947068184979864,NONE
размещают,VERB,,acl:relcl,,,Plur,,0.1267715471689904,NONE
шесть,NUM,,nummod:gov,Acc,,,,-0.0848046955495309,NONE
объявлений,NOUN,,obl,Gen,Neut,Plur,Inan,0.1391960051531098,NONE
",",PUNCT,,punct,,,,,0.2447165289059117,NONE
изо,ADP,,case,,,,,-0.0674751218502178,NONE
всех,DET,,det,Gen,,Plur,,-0.015250575069089,NONE
сил,NOUN,,obl,Gen,Fem,Plur,Inan,0.058513405607856,NONE
пытаются,VERB,,root,,,Plur,,-0.1145446973502229,NONE
заполнить,VERB,,xcomp,,,,,-0.0625791720402989,NONE
все,DET,,det,Acc,,Plur,,-0.04712113999973,NONE
доступные,ADJ,,amod,Acc,,Plur,Inan,0.0640921051658067,NONE
слоты,NOUN,,obj,Acc,Masc,Plur,Inan,0.1726961806383381,NONE
.,PUNCT,,punct,,,,,-0.7032577219259436,NONE
Вместо,ADP,,case,,,,,-0.0588747161555754,NONE
этого,PRON,,obl,Gen,Neut,Sing,Inan,0.2629184254934544,NONE
школа,NOUN,,nsubj,Nom,Fem,Sing,Inan,0.0773927421853754,NONE
считает,VERB,,root,,,Sing,,0.0299532991258626,NONE
",",PUNCT,,punct,,,,,0.1145825004746316,NONE
что,SCONJ,,mark,,,,,0.1979553571908844,NONE
самое,ADJ,,amod,Nom,Neut,Sing,,-0.0415532183061233,NONE
ценное,ADJ,,nsubj,Nom,Neut,Sing,,0.030042603438927,NONE
",",PUNCT,,punct,,,,,0.1699770829754431,NONE
что,PRON,,obj,Acc,,,,0.2089612896266239,NONE
может,VERB,,acl:relcl,,,Sing,,0.0759810183554986,NONE
дать,VERB,,xcomp,,,,,0.1120697293576904,NONE
молодежь,NOUN,,nsubj,Nom,Fem,Sing,Inan,0.2328851440058561,NONE
-,PUNCT,,punct,,,,,0.3398398357929647,NONE
это,PART,,expl,,,,,0.318271080509189,NONE
ее,DET,,det,,,,,0.2264644080323271,NONE
время,NOUN,,ccomp,Nom,Neut,Sing,Inan,-0.1755996969503816,NONE
.,PUNCT,,punct,,,,,0.4479437096447756,NONE
«Поэтому,ADV,,advmod,,,,,0.0743527509616701,NONE
мы,PRON,,nsubj,Nom,,Plur,,0.1572031208693476,NONE
должны,ADJ,,root,,,Plur,,-0.0204449800507966,NONE
действовать»,VERB,,xcomp,,,,,-0.1537419562272679,NONE
",",PUNCT,,punct,,,,,0.2943304011613893,NONE
-,PUNCT,,punct,,,,,0.5805547379375006,NONE
сказал,VERB,,parataxis,,Masc,Sing,,0.0732382662665863,NONE
он,PRON,,nsubj,Nom,Masc,Sing,,-0.044838367831702,NONE
.,PUNCT,,punct,,,,,0.4132434268734468,NONE
Обладает,VERB,,root,,,Sing,,0.1982798768991168,NONE
невероятной,ADJ,,amod,Ins,Fem,Sing,,0.1894292163609948,NONE
характеристикой,NOUN,,obl,Ins,Fem,Sing,Inan,0.0131201997223959,NONE
растяжения,NOUN,,nmod,Gen,Neut,Sing,Inan,0.0163257646320186,NONE
по,ADP,,case,,,,,-0.0028447478618147,NONE
диаметру,NOUN,,nmod,Dat,Masc,Sing,Inan,0.1350071301591404,NONE
",",PUNCT,,punct,,,,,0.0242421096423119,NONE
что,PRON,,nsubj,Nom,,,,0.0949204160030403,NONE
позволяет,VERB,,parataxis,,,Sing,,0.0845361236880968,NONE
шлангу,NOUN,,iobj,Dat,Masc,Sing,Inan,0.1485314923243061,NONE
натягиваться,VERB,,xcomp,,,,,0.0837668737390234,NONE
на,ADP,,case,,,,,0.0279955878293704,NONE
соединение,NOUN,,obl,Acc,Neut,Sing,Inan,0.0779696868358261,NONE
для,ADP,,case,,,,,0.0580399492048764,NONE
идеального,ADJ,,amod,Gen,Neut,Sing,,0.10528809959775,NONE
уплотнения,NOUN,,obl,Gen,Neut,Sing,Inan,-0.0041674750386485,NONE
(,PUNCT,,punct,,,,,-0.0738249516134631,NONE
т,PRON,,cc,Nom,Neut,Sing,Inan,0.0814016843786709,NONE
.,PUNCT,Z:-------------,punct,,,,,-0.055698907979886,NONE
е,VERB,,fixed,,,Sing,,-0.0507708770811202,NONE
.,PUNCT,Z:-------------,punct,,,,,0.0281546933041158,NONE
вы,PRON,,nsubj,Nom,,Plur,,0.0104368916715225,NONE
можете,VERB,,parataxis,,,Plur,,0.125650567563698,NONE
натянуть,VERB,,xcomp,,,,,0.0474203276182305,NONE
шланг,NOUN,,obj,Acc,Masc,Sing,Inan,0.1179183171565128,NONE
диаметром,NOUN,,nmod,Ins,Masc,Sing,Inan,0.1316511456975713,NONE
3,NUM,,nummod,,,,,-0.1049141292935006,NONE
мм,NOUN,,nmod,Gen,Masc,Plur,Inan,0.0264490092558732,NONE
на,ADP,,case,,,,,0.0182138144992688,NONE
соединение,NOUN,,obl,Acc,Neut,Sing,Inan,-0.0425162467608431,NONE
диаметром,NOUN,,nmod,Ins,Masc,Sing,Inan,-0.0656353193829358,NONE
5,NUM,,nummod,,,,,-0.0414759622674546,NONE
мм,NOUN,,nmod,Gen,Masc,Plur,Inan,-0.0253788578772073,NONE
),PUNCT,,punct,,,,,0.053927968346214,NONE
.,PUNCT,,punct,,,,,0.2257895987375619,NONE
Joint,PROPN,,nsubj,,,,,-0.1823514354699667,NONE
Aid,PROPN,,flat:foreign,,,,,0.0438692064470868,NONE
for,X,,flat:foreign,,,,,-0.0865121057075194,NONE
Dogs,PROPN,,flat:foreign,,,,,0.0468175979022296,NONE
можно,ADV,,root,,,,,0.0312830703363275,NONE
кормить,VERB,,csubj,,,,,-0.0327211256266714,NONE
всем,DET,,det,Dat,,Plur,,-0.0816296722663446,NONE
собакам,NOUN,,iobj,Dat,Fem,Plur,Anim,-0.0692364828041461,NONE
любого,DET,,det,Gen,Masc,Sing,,0.1176893204339407,NONE
возраста,NOUN,,nmod,Gen,Masc,Sing,Inan,0.086978948850287,NONE
на,ADP,,case,,,,,-0.1301783355229721,NONE
уровне,NOUN,,obl,Loc,Masc,Sing,Inan,0.2225720629942226,NONE
"""",PUNCT,,punct,,,,,0.1567167249575294,NONE
"""",PUNCT,,punct,,,,,0.1032337869106153,NONE
Общая,ADJ,,amod,Nom,Fem,Sing,,0.2291368437765056,NONE
поддержка,NOUN,,appos,Nom,Fem,Sing,Inan,0.1319241063896695,NONE
"""",PUNCT,,punct,,,,,-0.0849198289613245,NONE
"""",PUNCT,,punct,,,,,-0.0253518221639482,NONE
",",PUNCT,,punct,,,,,0.1239812001927336,NONE
чтобы,SCONJ,,mark,,,,,-0.0198644815556379,NONE
сохранить,VERB,,advcl,,,,,-0.0181361373831059,NONE
свободу,NOUN,,obj,Acc,Fem,Sing,Inan,-0.1448654624676955,NONE
движений,NOUN,,nmod,Gen,Neut,Plur,Inan,0.0282907120753218,NONE
и,CCONJ,,cc,,,,,0.0346516970086862,NONE
состояние,NOUN,,conj,Acc,Neut,Sing,Inan,0.0774143836426158,NONE
мышц,NOUN,,nmod,Gen,Fem,Plur,Inan,0.017851912947302,NONE
на,ADP,,case,,,,,-0.4962633018429732,NONE
протяжении,NOUN,,obl,Loc,Neut,Sing,Inan,0.0541713935270997,NONE
всей,DET,,det,Gen,Fem,Sing,,-0.0042127313462734,NONE
их,DET,,det,,,,,0.1812504798480318,NONE
жизни,NOUN,,nmod,Gen,Fem,Sing,Inan,0.0346171518682604,NONE
.,PUNCT,,punct,,,,,-0.1895105570089824,NONE
"""",PUNCT,,root,,,,,0.2251431189285304,NONE
Я,PRON,,nsubj,Nom,,Sing,,-0.1798958349272731,NONE
знаю,VERB,,root,,,Sing,,0.1006698693102671,NONE
много,ADV,,nummod:gov,,,,,-0.2388179933290664,NONE
людей,NOUN,,obj,Gen,Masc,Plur,Anim,0.1191865479924668,NONE
",",PUNCT,,punct,,,,,0.2718554426107354,NONE
которые,PRON,,nsubj,Nom,,Plur,,-0.2053483174733985,NONE
не,PART,,advmod,,,,,0.1713075512671783,NONE
хотели,VERB,,acl:relcl,,,Plur,,-0.0124520335210965,NONE
бы,AUX,,aux,,,,,0.2821126192567875,NONE
.,PUNCT,,punct,,,,,0.5294870267470797,NONE
Возврат,NOUN,,nsubj:pass,Nom,Masc,Sing,Inan,-0.0307004601412587,NONE
должен,ADJ,,root,,Masc,Sing,,0.4517156475894274,NONE
быть,AUX,,aux:pass,,,,,0.4127837675616858,NONE
осуществлен,VERB,,xcomp,,Masc,Sing,,-0.1588398350551359,NONE
в,ADP,,case,,,,,0.0357158526537794,NONE
течение,NOUN,,fixed,Acc,Neut,Sing,Inan,-0.1028161687964776,NONE
30,NUM,,nummod,,,,,-0.2370641183489426,NONE
дней,NOUN,,obl,Gen,Masc,Plur,Inan,-0.0514305869097858,NONE
с,ADP,,case,,,,,-0.0251957765062899,NONE
момента,NOUN,,obl,Gen,Masc,Sing,Inan,-0.2031512426863366,NONE
доставки,NOUN,,nmod,Gen,Fem,Sing,Inan,0.0353530819309389,NONE
в,ADP,,case,,,,,0.0448207701218533,NONE
том,DET,,det,Loc,Neut,Sing,,0.0094044472184071,NONE
же,PART,,advmod,,,,,-0.1713773868641245,NONE
состоянии,NOUN,,nmod,Loc,Neut,Sing,Inan,-0.0508671421022459,NONE
",",PUNCT,,punct,,,,,0.3827362727077853,NONE
в,ADP,,case,,,,,0.0809956292211797,NONE
котором,PRON,,obl,Loc,,,,0.0898338601836277,NONE
он,PRON,,nsubj:pass,Nom,Masc,Sing,,-0.0372391475944307,NONE
был,AUX,,aux:pass,,Masc,Sing,,-0.0486309888418561,NONE
отправлен,VERB,,acl:relcl,,Masc,Sing,,0.0628181586407295,NONE
.,PUNCT,,punct,,,,,-0.089829007818634,NONE
Пенджабская,ADJ,,amod,Nom,Fem,Sing,,0.0605561138697563,LOC
полиция,NOUN,,nsubj,Nom,Fem,Sing,Inan,0.0296525473137679,NONE
в,ADP,,case,,,,,0.0509364593895718,NONE
воскресенье,NOUN,,obl,Acc,Neut,Sing,Inan,-0.0508576278894783,NONE
заявила,VERB,,root,,Fem,Sing,,-0.1187603725782296,NONE
",",PUNCT,,punct,,,,,0.1021151823831744,NONE
что,SCONJ,,mark,,,,,-0.278998248021636,NONE
она,PRON,,nsubj,Nom,Fem,Sing,,0.0052303463063594,NONE
арестовала,VERB,,ccomp,,Fem,Sing,,0.0354849612169271,NONE
террористический,ADJ,,amod,Acc,Masc,Sing,Inan,0.0702333673206079,NONE
модуль,NOUN,,obj,Acc,Masc,Sing,Inan,0.0028599800752474,NONE
Сил,PROPN,,nmod,Gen,Fem,Plur,Inan,-0.0046420576988157,ORG
Халистана,PROPN,,nmod,Gen,Masc,Sing,Anim,0.3129372492212069,ORG
Зиндабада,PROPN,,flat:name,Gen,Masc,Sing,Anim,0.0643023890714074,ORG
(,PUNCT,,punct,,,,,0.0812992186152741,ORG
KZF,PROPN,,flat:foreign,,,,,0.1970098511920557,ORG
),PUNCT,,punct,,,,,0.0733658126130771,ORG
при,ADP,,case,,,,,-0.17299575635162,NONE
поддержке,NOUN,,obl,Loc,Fem,Sing,Inan,0.0246070057320123,NONE
террористической,ADJ,,amod,Gen,Fem,Sing,,0.1629890371458087,NONE
группы,NOUN,,nmod,Gen,Fem,Sing,Inan,0.0196400139197757,NONE
",",PUNCT,,punct,,,,,0.0683790221573975,NONE
базирующейся,VERB,,acl,Gen,Fem,Sing,,0.3109843821682567,NONE
в,ADP,,case,,,,,0.0201200059747813,NONE
Пакистане,PROPN,,obl,Loc,Masc,Sing,Inan,0.0128636859871458,LOC
и,CCONJ,,cc,,,,,-0.0027060792208137,NONE
Германии,PROPN,,conj,Loc,Fem,Sing,Inan,-0.2080941238201991,LOC
.,PUNCT,,punct,,,,,-0.6160647056318043,NONE
Он,PRON,,nsubj,Nom,Masc,Sing,,-0.3300833827704327,NONE
сказал,VERB,,root,,Masc,Sing,,0.1605961235778174,NONE
:,PUNCT,,punct,,,,,0.1970978563456047,NONE
«Мой,DET,,det,Nom,Masc,Sing,,0.0615314985014832,NONE
опыт,NOUN,,nsubj,Nom,Masc,Sing,Inan,0.0282535011907664,NONE
с,ADP,,case,,,,,-0.00684138072858,NONE
налогами,NOUN,,nmod,Ins,Masc,Plur,Inan,0.0469712753170881,NONE
",",PUNCT,,punct,,,,,0.0953313533250706,NONE
когда,SCONJ,,mark,,,,,-0.14314727644267,NONE
вы,PRON,,nsubj,Nom,,Plur,,-0.0478413873572516,NONE
находитесь,VERB,,acl,,,Plur,,-0.0215445361909454,NONE
в,ADP,,case,,,,,0.0439042528248217,NONE
Лейбористской,ADJ,,amod,Loc,Fem,Sing,,0.0595527353304797,ORG
партии,NOUN,,obl,Loc,Fem,Sing,Inan,0.0374640400331859,ORG
",",PUNCT,,punct,,,,,0.2309612632409593,NONE
должен,ADJ,,parataxis,,Masc,Sing,,0.0138105032678163,NONE
быть,AUX,,cop,,,,,0.0387279968886127,NONE
очень,ADV,,obl,,,,,0.073310538813831,NONE
осторожным,ADJ,,xcomp,Ins,Masc,Sing,,0.0181525476284675,NONE
",",PUNCT,,punct,,,,,0.1674311409935589,NONE
потому,ADV,,mark,,,,,-0.0601261612066563,NONE
что,SCONJ,,fixed,,,,,0.0740802761221915,NONE
общественность,NOUN,,nsubj,Nom,Fem,Sing,Inan,0.0468320076728553,NONE
там,ADV,,advmod,,,,,-0.0527716930312072,NONE
не,PART,,advmod,,,,,0.1322782095400773,NONE
сидит,VERB,,advcl,,,Sing,,0.055401384524492,NONE
",",PUNCT,,punct,,,,,0.1000144937659145,NONE
беспокоясь,VERB,,advcl,,,,,0.0602686693612613,NONE
о,ADP,,case,,,,,0.3416954210040809,NONE
том,PRON,,obl,Loc,Neut,Sing,Inan,0.0615602217847317,NONE
",",PUNCT,,punct,,,,,0.063817990682239,NONE
собираетесь,VERB,,acl,,,Plur,,0.0377711232880737,NONE
ли,PART,,advmod,,,,,0.0401370986220877,NONE
вы,PRON,,nsubj,Nom,,Plur,,0.0817987527944852,NONE
повышать,VERB,,xcomp,,,,,0.1290939358025663,NONE
налоги,NOUN,,obj,Acc,Masc,Plur,Inan,0.0822501014717321,NONE
или,CCONJ,,cc,,,,,0.170327915636355,NONE
нет,PART,,conj,,,,,-0.007020839576096,NONE
",",PUNCT,,punct,,,,,0.0823373872550045,NONE
они,PRON,,nsubj:pass,Nom,,Plur,,-0.1729657723834703,NONE
",",PUNCT,,punct,,,,,0.10585911578956,NONE
вероятно,ADV,,parataxis,,,,,0.0934067668364225,NONE
",",PUNCT,,punct,,,,,0.1165122674705112,NONE
обеспокоены,VERB,,conj,,,Plur,,0.0955474234829196,NONE
тем,PRON,,obl,Ins,Neut,Sing,Inan,0.0486582863870763,NONE
",",PUNCT,,punct,,,,,0.1339833484201994,NONE
что,SCONJ,,mark,,,,,0.135447167208607,NONE
вы,PRON,,nsubj,Nom,,Plur,,-0.0080285282662993,NONE
собираетесь,VERB,,acl,,,Plur,,0.0417620710746282,NONE
повысить,VERB,,xcomp,,,,,-0.025925923350537,NONE
налоги,NOUN,,obj,Acc,Masc,Plur,Inan,0.0282600960387689,NONE
",",PUNCT,,punct,,,,,0.086532880809016,NONE
поэтому,ADV,,advmod,,,,,0.0865363959557651,NONE
вы,PRON,,nsubj,Nom,,Plur,,-0.0243040212887333,NONE
просто,PART,,advmod,,,,,-0.106946637349295,NONE
должны,ADJ,,conj,,,Plur,,-0.1353365040559519,NONE
помнить,VERB,,xcomp,,,,,-0.0553552759422673,NONE
об,ADP,,case,,,,,0.0316417624018567,NONE
этом»,PRON,,obl,Loc,Neut,Sing,Inan,-0.1081258358380919,NONE
.,PUNCT,,punct,,,,,0.1813745231906387,NONE
Wheelaroos,PROPN,,nsubj,,,,,0.2482675470883929,ORG
впервые,ADV,,advmod,,,,,0.0053715115659121,NONE
встретится,VERB,,conj,,,Sing,,0.0896116473786326,NONE
с,ADP,,case,,,,,-0.0632553686752615,NONE
Англией,PROPN,,obl,Ins,Fem,Sing,Inan,0.0612357116264099,LOC
в,ADP,,case,,,,,-0.0561146875403033,NONE
Whitlam,PROPN,,flat:foreign,,,,,0.138684148311434,ORG
Centre,PROPN,,flat:foreign,,,,,0.014038535756972,ORG
в,ADP,,case,,,,,-0.033730277131043,NONE
Ливерпуле,PROPN,,obl,Loc,Masc,Sing,Inan,0.2400048548808346,LOC
21,NUM,,obl,,,,,-0.1617518175879302,NONE
октября,NOUN,,flat,Gen,Masc,Sing,Inan,0.1352486830396233,NONE
",",PUNCT,,punct,,,,,-0.3958607872159916,NONE
прежде,ADV,,mark,,,,,-0.112042918082954,NONE
чем,SCONJ,,fixed,,,,,0.0677716587997633,NONE
принять,VERB,,advcl,,,,,0.0817955306592561,NONE
их,PRON,,obj,Acc,,Plur,,-0.2340771071444903,NONE
в,ADP,,case,,,,,-0.0110617601673765,NONE
университете,NOUN,,obl,Loc,Masc,Sing,Inan,0.1032095105981411,NONE
Wollongong,PROPN,,flat:foreign,,,,,0.2361793773710147,ORG
два,NUM,,nummod,Acc,Masc,,Inan,-0.0056879855445841,NONE
дня,NOUN,,obl,Gen,Masc,Sing,Inan,0.1208383051925668,NONE
спустя,ADP,,case,,,,,0.1131609353018604,NONE
.,PUNCT,,punct,,,,,0.0366844358272002,NONE
Делать,VERB,,root,,,,,0.1823677282110244,NONE
это,PRON,,obj,Acc,Neut,Sing,Inan,-0.0407078740677863,NONE
на,ADP,,case,,,,,-0.2784254150047638,NONE
глазах,NOUN,,obl,Loc,Masc,Plur,Inan,0.0575143119152291,NONE
у,ADP,,case,,,,,-0.0495252961733182,NONE
детей,NOUN,,nmod,Gen,Masc,Plur,Anim,0.1021839952411614,NONE
по,ADP,,case,,,,,-0.096532122786843,NONE
дороге,NOUN,,obl,Dat,Fem,Sing,Inan,-0.0336974259417564,NONE
в,ADP,,case,,,,,0.0430044244316107,NONE
школу,NOUN,,nmod,Acc,Fem,Sing,Inan,-0.0305767758023146,NONE
сегодня,ADV,,advmod,,,,,-0.0573538380142154,NONE
утром,NOUN,,obl,Ins,Neut,Sing,Inan,0.2221197407506008,NONE
.,PUNCT,,punct,,,,,0.7191872139894463,NONE
Мы,PRON,,nsubj,Nom,,Plur,,-0.2818612467290401,NONE
также,ADV,,advmod,,,,,0.0665911587763935,NONE
подписали,VERB,,root,,,Plur,,-0.038504394035293,NONE
контракт,NOUN,,obj,Acc,Masc,Sing,Inan,-0.0213265523249471,NONE
с,ADP,,case,,,,,-0.2540556993486312,NONE
греками,NOUN,,nmod,Ins,Masc,Plur,Anim,0.4267262117348656,NONE
.,PUNCT,,punct,,,,,0.642280447428166,NONE
Я,PRON,,nsubj,Nom,,Sing,,-0.0034199610492156,NONE
только,PART,,advmod,,,,,-0.1951896391842102,NONE
что,SCONJ,,fixed,,,,,0.1004684825832413,NONE
использовал,VERB,,root,,Masc,Sing,,-0.0336515700887832,NONE
этот,DET,,det,Acc,Masc,Sing,,0.2018458255395283,NONE
метод,NOUN,,obj,Acc,Masc,Sing,Inan,-0.0895949573972049,NONE
",",PUNCT,,punct,,,,,0.090624466680902,NONE
чтобы,SCONJ,,mark,,,,,-0.0418190062601814,NONE
очистить,VERB,,advcl,,,,,0.2546026283695863,NONE
порт,NOUN,,obj,Acc,Masc,Sing,Inan,0.0689200995734279,NONE
микрофона,NOUN,,nmod,Gen,Masc,Sing,Inan,0.0942205540047775,NONE
на,ADP,,case,,,,,0.1318975334198828,NONE
моем,DET,,det,Loc,Masc,Sing,,-0.008155598530477,NONE
Samsung,PROPN,,flat:foreign,,,,,0.0909214259062549,ORG
Galaxy,PROPN,,flat:foreign,,,,,0.1148449827344708,NONE
Watch,PROPN,,flat:foreign,,,,,0.1102250285797553,NONE
4,NUM,,appos,,,,,0.074810832077768,NONE
Classic,PROPN,,flat:foreign,,,,,0.0268358979387542,NONE
",",PUNCT,,punct,,,,,0.1389095013461618,NONE
так,ADV,,mark,,,,,0.0658100242235352,NONE
как,SCONJ,,fixed,,,,,0.1968773290835031,NONE
он,PRON,,nsubj,Nom,Masc,Sing,,0.1683037852557105,NONE
не,PART,,advmod,,,,,0.1818027961038849,NONE
регистрировал,VERB,,advcl,,Masc,Sing,,0.1206984018276812,NONE
мой,DET,,det,Acc,Masc,Sing,,-0.0224810322955214,NONE
голос,NOUN,,obj,Acc,Masc,Sing,Inan,0.0628523215604171,NONE
при,ADP,,case,,,,,0.0098282932134388,NONE
использовании,NOUN,,obl,Loc,Neut,Sing,Inan,-0.0229340023830183,NONE
функций,NOUN,,nmod,Gen,Fem,Plur,Inan,-0.0213479196255074,NONE
речи,NOUN,,nmod,Gen,Fem,Sing,Inan,0.1390724854905866,NONE
в,ADP,,case,,,,,0.2435081178384624,NONE
текст,NOUN,,nmod,Acc,Masc,Sing,Inan,0.1259694467120307,NONE
.,PUNCT,,punct,,,,,-0.6600761378313325,NONE
Правление,NOUN,,nsubj,Nom,Neut,Sing,Inan,0.1441589542518581,NONE
выпустило,VERB,,root,,Neut,Sing,,0.2695119334134748,NONE
окончательный,ADJ,,amod,Acc,Masc,Sing,Inan,0.1616019061941363,NONE
ключ,NOUN,,obj,Acc,Masc,Sing,Inan,0.5118222067933387,NONE
ответа,NOUN,,nmod,Gen,Masc,Sing,Inan,-0.184724713403125,NONE
и,CCONJ,,cc,,,,,0.0133330925555282,NONE
отрезанные,VERB,,amod,Acc,,Plur,Inan,0.2836977761279479,NONE
метки,NOUN,,conj,Acc,Fem,Plur,Inan,0.2097904168654569,NONE
.,PUNCT,,punct,,,,,0.2765653339420844,NONE
Затем,ADV,,advmod,,,,,-0.2450758507220883,NONE
Обамеянг,PROPN,,nsubj,Nom,Masc,Sing,Anim,0.5941626742186318,PER
контролировал,VERB,,root,,Masc,Sing,,0.0237418149240736,NONE
длинный,ADJ,,amod,Acc,Masc,Sing,Inan,0.0728190567140305,NONE
бросок,NOUN,,obj,Acc,Masc,Sing,Inan,0.0306842572924721,NONE
Тирни,PROPN,,nmod,Gen,Masc,Sing,Anim,0.0605074956253439,PER
и,CCONJ,,cc,,,,,0.0215893801924414,NONE
реализовал,VERB,,conj,,Masc,Sing,,0.0421703724545292,NONE
мастерский,ADJ,,amod,Acc,Masc,Sing,Inan,0.0096215035341962,NONE
удар,NOUN,,obj,Acc,Masc,Sing,Inan,0.1953470837537702,NONE
сверху,ADV,,advmod,,,,,0.0951610143892544,NONE
",",PUNCT,,punct,,,,,0.2919163763666125,NONE
в,ADP,,case,,,,,0.0543572564423376,NONE
результате,NOUN,,obl,Loc,Masc,Sing,Inan,0.0598472274607731,NONE
чего,PRON,,nmod,Gen,,,,-0.0081973900946923,NONE
ему,PRON,,iobj,Dat,Masc,Sing,,0.0512645016556961,NONE
не,PART,,advmod,,,,,-0.0008832225999244,NONE
хватило,VERB,,parataxis,,Neut,Sing,,0.0231611719250898,NONE
одного,NUM,,nummod,Gen,Masc,,,0.0390744691895292,NONE
гола,NOUN,,nsubj,Gen,Masc,Sing,Inan,-0.0130352856665703,NONE
до,ADP,,case,,,,,0.0351456084001513,NONE
золотой,ADJ,,amod,Gen,Fem,Sing,,0.0167254246188853,NONE
бутсы,NOUN,,nmod,Gen,Fem,Sing,Inan,0.1454533499061084,NONE
-,PUNCT,,punct,,,,,0.1957219229781352,NONE
награды,NOUN,,parataxis,Gen,Fem,Sing,Inan,0.0989551616478789,NONE
",",PUNCT,,punct,,,,,0.1916332806237529,NONE
которую,PRON,,obj,Acc,,,,-0.0565268582283531,NONE
он,PRON,,nsubj,Nom,Masc,Sing,,0.1863712517261453,NONE
разделил,VERB,,acl:relcl,,Masc,Sing,,0.0850344468328509,NONE
бы,AUX,,aux,,,,,0.0070908544394272,NONE
с,ADP,,case,,,,,-0.0263366848147419,NONE
Джейми,PROPN,,obl,Ins,Masc,Sing,Anim,-0.0036282944974897,PER
Варди,PROPN,,flat:name,Ins,Masc,Sing,Anim,-0.0022871025113516,PER
",",PUNCT,,punct,,,,,0.108744493237123,NONE
если,SCONJ,,mark,,,,,0.0775224720779658,NONE
бы,AUX,,aux,,,,,0.0572243558804621,NONE
Бен,PROPN,,nsubj,Nom,Masc,Sing,Anim,-0.0222143710344532,PER
Фостер,PROPN,,flat:name,Nom,Masc,Sing,Anim,-0.0016438005272207,PER
не,PART,,advmod,,,,,-0.0695658347508298,NONE
заблокировал,VERB,,advcl,,Masc,Sing,,0.1040004029065694,NONE
последний,ADJ,,amod,Acc,Masc,Sing,Inan,-0.0968942238059304,NONE
шанс,NOUN,,obj,Acc,Masc,Sing,Inan,-0.0095181187341392,NONE
ближе,ADV,,advmod,,,,,0.0434122655563,NONE
к,ADP,,case,,,,,0.0428860631912781,NONE
концу,NOUN,,obl,Dat,Masc,Sing,Inan,0.0824029473784884,NONE
.,PUNCT,,punct,,,,,-0.2610828480269489,NONE
Вопросы,NOUN,,nsubj,Nom,Masc,Plur,Inan,0.0370906039036445,NONE
варьировались,VERB,,root,,,Plur,,0.0913254571087919,NONE
от,ADP,,case,,,,,-0.1324406644662022,NONE
политических,ADJ,,amod,Gen,,Plur,,-0.158996772552875,NONE
споров,NOUN,,obl,Gen,Masc,Plur,Inan,-0.0742214631107563,NONE
до,ADP,,case,,,,,-0.0915846676100918,NONE
юридических,ADJ,,amod,Gen,,Plur,,-0.0381071522990018,NONE
проблем,NOUN,,nmod,Gen,Fem,Plur,Inan,-0.1427690320167152,NONE
",",PUNCT,,punct,,,,,0.1550073523443434,NONE
связанных,VERB,,acl,Gen,,Plur,,-0.0508907570831953,NONE
с,ADP,,case,,,,,0.0458041352658946,NONE
иммиграцией,NOUN,,obl,Ins,Fem,Sing,Inan,0.1191554767048135,NONE
",",PUNCT,,punct,,,,,0.1691197827282408,NONE
эффективностью,NOUN,,conj,Ins,Fem,Sing,Inan,0.042517288438492,NONE
автомобилей,NOUN,,nmod,Gen,Masc,Plur,Inan,-0.1766800601730645,NONE
и,CCONJ,,cc,,,,,0.036851965434235,NONE
жильем,NOUN,,conj,Ins,Neut,Sing,Inan,0.1066293828640714,NONE
.,PUNCT,,punct,,,,,0.4763161891487049,NONE
Луанда,PROPN,,nsubj,Nom,Fem,Sing,Inan,0.1162262059348218,LOC
-,PUNCT,,punct,,,,,0.0604436294624899,NONE
Президент,PROPN,,appos,Nom,Masc,Sing,Anim,-0.0999249676769175,NONE
Республики,PROPN,,nmod,Gen,Fem,Sing,Inan,-0.0532327339773297,LOC
Жоау,PROPN,,appos,Nom,Masc,Sing,Anim,0.1250123121877522,PER
Лоуренсу,PROPN,,flat:name,Nom,Masc,Sing,Anim,0.2101616084303138,PER
определил,VERB,,root,,Masc,Sing,,0.0227836269386249,NONE
в,ADP,,case,,,,,-0.0266971395589389,NONE
эту,DET,,det,Acc,Fem,Sing,,-0.8250475549777354,NONE
пятницу,NOUN,,obl,Acc,Fem,Sing,Inan,0.0175759775038271,NONE
передачу,NOUN,,obj,Acc,Fem,Sing,Inan,0.0221723065444219,NONE
контроля,NOUN,,nmod,Gen,Masc,Sing,Inan,0.0774007147283966,NONE
над,ADP,,case,,,,,0.0825386438943068,NONE
больницей,NOUN,,nmod,Ins,Fem,Sing,Inan,0.0684903646505086,NONE
Педро,PROPN,,nmod,Gen,Masc,Sing,Anim,0.1539585752849403,PER
Мария,PROPN,,flat:name,Gen,Masc,Sing,Anim,0.0090082958891189,PER
Тонха,PROPN,,flat:name,Gen,Masc,Sing,Anim,0.062264700292629,PER
Педале,PROPN,,flat:name,Gen,Masc,Sing,Anim,0.0150104629911582,PER
",",PUNCT,,punct,,,,,0.0168763934772816,NONE
строящейся,VERB,,acl,Gen,Fem,Sing,,0.2082743171516,NONE
в,ADP,,case,,,,,0.0257384527889422,NONE
Луанде,PROPN,,obl,Loc,Fem,Sing,Inan,0.1338129195362019,LOC
",",PUNCT,,punct,,,,,0.0937945759594859,NONE
в,ADP,,case,,,,,0.0107127333582356,NONE
сферу,NOUN,,nmod,Acc,Fem,Sing,Inan,0.0028469907752299,NONE
Министерства,PROPN,,nmod,Gen,Neut,Sing,Inan,-0.0133758511861259,ORG
здравоохранения,NOUN,,nmod,Gen,Neut,Sing,Inan,0.0266817737179894,ORG
.,PUNCT,,punct,,,,,0.0580340654036529,NONE
Г-н,NOUN,,nsubj,Nom,Masc,Sing,Anim,-0.0013811489454708,NONE
Агбадуа,PROPN,,appos,Nom,Masc,Sing,Anim,0.1257195759471413,PER
утверждал,VERB,,root,,Masc,Sing,,-0.0073220795664194,NONE
",",PUNCT,,punct,,,,,0.3273210620477957,NONE
что,SCONJ,,mark,,,,,-0.3643193513872531,NONE
обвинения,NOUN,,nsubj,Nom,Neut,Plur,Inan,0.159379001480585,NONE
против,ADP,,case,,,,,0.0800478793242679,NONE
г-на,NOUN,,nmod,Gen,Masc,Sing,Anim,0.1676028888036319,NONE
Совора,PROPN,,appos,Gen,Masc,Sing,Anim,-0.0072415085851722,PER
влекут,VERB,,ccomp,,,Plur,,0.0174017089233804,NONE
за,ADP,,case,,,,,0.0328303208522152,NONE
собой,PRON,,obl,Ins,,,,0.1467506747899781,NONE
смертную,ADJ,,amod,Acc,Fem,Sing,,0.0573176184436437,NONE
казнь,NOUN,,obj,Acc,Fem,Sing,Inan,0.1875888420808897,NONE
и,CCONJ,,cc,,,,,0.1026289173640543,NONE
что,SCONJ,,mark,,,,,0.048961449266341,NONE
залог,NOUN,,nsubj,Nom,Masc,Sing,Inan,0.1664591360818153,NONE
в,ADP,,case,,,,,0.1111081511978184,NONE
таких,DET,,det,Loc,,Plur,,-0.1266904832453106,NONE
обстоятельствах,NOUN,,conj,Loc,Neut,Plur,Inan,0.1282611259049824,NONE
",",PUNCT,,punct,,,,,0.1439366279953252,NONE
где,ADV,,advmod,,,,,0.2217172419278449,NONE
они,PRON,,nsubj:pass,Nom,,Plur,,0.3213499613145056,NONE
строго,ADV,,advmod,,,,,-0.102196024860957,NONE
ограничены,VERB,,acl:relcl,,,Plur,,0.2351847530501329,NONE
.,PUNCT,,punct,,,,,0.021768875181528,NONE
ГАГА,NOUN,,root,Nom,Fem,Sing,Anim,0.1368148996603395,ORG
(,PUNCT,,punct,,,,,0.1292889201583704,ORG
Рейтер,PROPN,,parataxis,Nom,Masc,Sing,Anim,0.0656303943660929,ORG
),PUNCT,,punct,,,,,0.0057168173126247,ORG
-,PUNCT,,punct,,,,,0.4835401443942217,NONE
Тысячи,NOUN,,nsubj,Nom,Fem,Plur,Inan,0.0831905944998413,NONE
голландских,ADJ,,amod,Gen,,Plur,,-0.0231681076686211,NONE
детей,NOUN,,nmod,Gen,Masc,Plur,Anim,0.0325050818082897,NONE
пропустили,VERB,,parataxis,,,Plur,,-0.0516136199675516,NONE
школу,NOUN,,obj,Acc,Fem,Sing,Inan,-0.098544713524489,NONE
",",PUNCT,,punct,,,,,0.1640058840804569,NONE
чтобы,SCONJ,,mark,,,,,-0.3246372671526547,NONE
присоединиться,VERB,,advcl,,,,,0.03914725852392,NONE
к,ADP,,case,,,,,0.1299229040066096,NONE
глобальной,ADJ,,amod,Dat,Fem,Sing,,0.1029172535009431,NONE
климатической,ADJ,,amod,Dat,Fem,Sing,,0.1597143842799543,NONE
забастовке,NOUN,,obl,Dat,Fem,Sing,Inan,0.0527746617603085,NONE
в,ADP,,case,,,,,-0.0274417154397611,NONE
пятницу,NOUN,,nmod,Acc,Fem,Sing,Inan,0.0460601699551904,NONE
",",PUNCT,,punct,,,,,0.0718755041049825,NONE
блокируя,VERB,,advcl,,,,,-0.048660148488645,NONE
движение,NOUN,,obj,Acc,Neut,Sing,Inan,0.1091194365131744,NONE
и,CCONJ,,cc,,,,,0.0076283439290995,NONE
спрашивая,VERB,,conj,,,,,0.0155333263957271,NONE
своих,DET,,det,Acc,,Plur,,0.027938027149914,NONE
лидеров,NOUN,,obj,Acc,Masc,Plur,Anim,0.289931485841657,NONE
«как,ADV,,advmod,,,,,0.0290216438068721,NONE
ты,PRON,,nsubj,Nom,,Sing,,-0.0682420208447719,NONE
смеешь,VERB,,ccomp,,,Sing,,0.1664560868204652,NONE
?,PUNCT,,punct,,,,,-0.1417835910591309,NONE
»,PUNCT,,punct,,,,,-0.2881767851051617,NONE
в,ADP,,case,,,,,-0.1262304626329825,NONE
ссылке,NOUN,,root,Loc,Fem,Sing,Inan,-0.0189634165460518,NONE
на,ADP,,case,,,,,-0.1098252094361842,NONE
выступление,NOUN,,nmod,Acc,Neut,Sing,Inan,-0.0364989722196511,NONE
шведской,ADJ,,amod,Gen,Fem,Sing,,0.0448525253256421,NONE
подростковой,ADJ,,amod,Gen,Fem,Sing,,0.0266471097506286,NONE
активистки,NOUN,,nmod,Gen,Fem,Sing,Anim,0.0246242518826315,NONE
Греты,PROPN,,appos,Gen,Fem,Sing,Anim,-0.0104742131772375,PER
Тунберг,PROPN,,flat:name,Gen,Fem,Sing,Anim,0.0769569434150502,PER
в,ADP,,case,,,,,0.1118054640807347,NONE
Организации,PROPN,,nmod,Loc,Fem,Sing,Inan,0.0956061048471838,ORG
Объединенных,VERB,,amod,Gen,,Plur,,0.1569411248004405,ORG
Наций,PROPN,,nmod,Gen,Fem,Plur,Inan,0.0143564872884434,ORG
.,PUNCT,,punct,,,,,-0.0170523269058915,NONE
Мы,PRON,,nsubj,Nom,,Plur,,-0.259463536302409,NONE
должны,ADJ,,root,,,Plur,,0.2040688578929555,NONE
держаться,VERB,,xcomp,,,,,-0.0195256552561281,NONE
подальше,ADV,,advmod,,,,,0.0150434453284572,NONE
от,ADP,,case,,,,,-0.0252400009437395,NONE
коробки,NOUN,,obl,Gen,Fem,Sing,Inan,-0.0343702779644325,NONE
последовательно,ADV,,advmod,,,,,0.0353570672277206,NONE
",",PUNCT,,punct,,,,,0.1061052887703187,NONE
потому,ADV,,mark,,,,,-0.0408234533378335,NONE
что,SCONJ,,fixed,,,,,0.0710398538366068,NONE
",",PUNCT,,punct,,,,,0.1364456591623931,NONE
когда,SCONJ,,mark,,,,,-0.003455301101466,NONE
вы,PRON,,nsubj,Nom,,Plur,,-0.022946065581492,NONE
находитесь,VERB,,advcl,,,Plur,,-0.0723105095653349,NONE
на,ADP,,case,,,,,-0.0373858330901221,NONE
задней,ADJ,,amod,Loc,Fem,Sing,,0.0732683054599235,NONE
ноге,NOUN,,obl,Loc,Fem,Sing,Inan,0.1022462218477685,NONE
убийство,NOUN,,obj,Acc,Neut,Sing,Inan,0.1038844430787992,NONE
для,ADP,,case,,,,,0.0275439118618942,NONE
больших,ADJ,,amod,Gen,,Plur,,-0.0793318748882587,NONE
порций,NOUN,,nmod,Gen,Fem,Plur,Inan,-0.0305194862497811,NONE
в,ADP,,case,,,,,0.0080051088860692,NONE
начале,NOUN,,obl,Loc,Neut,Sing,Inan,-0.0030387381442808,NONE
игры,NOUN,,nmod,Gen,Fem,Sing,Inan,0.0755146932470915,NONE
в,ADP,,case,,,,,0.0064668083425423,NONE
хоккей,NOUN,,nmod,Acc,Masc,Sing,Inan,0.0434260809262278,NONE
",",PUNCT,,punct,,,,,0.0304281668726799,NONE
независимо,ADV,,advmod,,,,,0.1327139469820038,NONE
от,ADP,,case,,,,,0.0544410052734323,NONE
того,PRON,,obl,Gen,Neut,Sing,Inan,0.0412526417578961,NONE
",",PUNCT,,punct,,,,,0.0811162892143819,NONE
если,SCONJ,,mark,,,,,0.0595615356099639,NONE
он,PRON,,nsubj,Nom,Masc,Sing,,0.1097288041747988,NONE
выровнялся,VERB,,acl,,Masc,Sing,,0.1109336858588246,NONE
позже,ADV,,advmod,,,,,0.0559724275296222,NONE
",",PUNCT,,punct,,,,,0.0403746627417834,NONE
вы,PRON,,nsubj,Nom,,Plur,,0.0357298547729891,NONE
можете,VERB,,advcl,,,Plur,,0.0184319247115172,NONE
потерять,VERB,,xcomp,,,,,0.3621304521394199,NONE
этот,DET,,det,Acc,Masc,Sing,,-0.2421021795596304,NONE
импульс,NOUN,,obj,Acc,Masc,Sing,Inan,0.0608735858385148,NONE
быстро,ADV,,advmod,,,,,0.3237672448465348,NONE
",",PUNCT,,punct,,,,,0.0387111244170199,NONE
и,CCONJ,,cc,,,,,0.0560547805228606,NONE
это,PRON,,nsubj,Nom,Neut,Sing,Inan,0.0693448040297427,NONE
трудно,ADJ,,conj,,Neut,Sing,,0.1030146832916338,NONE
получить,VERB,,csubj,,,,,0.1146967366140259,NONE
его,PRON,,obj,Acc,Masc,Sing,,0.0434495446056568,NONE
обратно,ADV,,advmod,,,,,0.0979488429394531,NONE
.,PUNCT,,punct,,,,,-0.4232005019956951,NONE
«Это,PRON,,nsubj,Nom,Neut,Sing,Inan,0.1118388105448038,NONE
не,PART,,advmod,,,,,-0.0438618394040552,NONE
тот,DET,,det,Nom,Masc,Sing,,0.0558690881388207,NONE
случай,NOUN,,parataxis,Nom,Masc,Sing,Inan,0.0270440458581742,NONE
в,ADP,,case,,,,,0.0336042509556519,NONE
Канзас-Сити,PROPN,,nmod,Loc,Masc,Sing,Inan,0.0663808020277019,LOC
.,PUNCT,,punct,,,,,-0.0847041862959384,NONE
У,ADP,,case,,,,,-0.0264631842108335,NONE
нас,PRON,,root,Gen,,Plur,,0.0100604833109812,NONE
был,VERB,,cop,,Masc,Sing,,0.07759364618891,NONE
годовой,ADJ,,amod,Nom,Masc,Sing,,0.0215979833620543,NONE
рост,NOUN,,nsubj,Nom,Masc,Sing,Inan,0.05744083109976,NONE
[но,CCONJ,,cc,,,,,0.5923706232187568,NONE
],PUNCT,,punct,,,,,0.1307141113942494,NONE
",",PUNCT,,punct,,,,,0.3080656967584473,NONE
в,ADP,,case,,,,,0.0790370809134659,NONE
чем,PRON,,obl,Loc,,,,0.0446668765203686,NONE
нам,PRON,,iobj,Dat,,Plur,,0.0546289674518506,NONE
нужна,ADJ,,parataxis,,Fem,Sing,,-0.0942900140822956,NONE
помощь,NOUN,,nsubj,Nom,Fem,Sing,Inan,-0.0557161360405931,NONE
",",PUNCT,,punct,,,,,0.136153567513334,NONE
так,ADV,,advmod,,,,,-0.1351847739115551,NONE
это,PRON,,nsubj,Nom,Neut,Sing,Inan,0.1031641491758302,NONE
на,ADP,,case,,,,,-0.0655573572380183,NONE
самом,DET,,det,Loc,Neut,Sing,,0.0033091348902838,NONE
деле,NOUN,,nmod,Loc,Neut,Sing,Inan,0.093987167040653,NONE
раскрытие,NOUN,,conj,Nom,Neut,Sing,Inan,0.1568780769303747,NONE
некоторых,DET,,det,Gen,,Plur,,0.0301310801133352,NONE
нераскрытых,ADJ,,amod,Gen,,Plur,,0.3456383246985409,NONE
убийств»,NOUN,,nmod,Gen,Neut,Plur,Inan,0.051477150885818,NONE
.,PUNCT,,punct,,,,,-0.1624021208423607,NONE
Чтобы,SCONJ,,mark,,,,,0.4478619432194211,NONE
добиться,VERB,,advcl,,,,,0.1969233235339503,NONE
успеха,NOUN,,obl,Gen,Masc,Sing,Inan,0.162043122517689,NONE
этой,DET,,det,Ins,Fem,Sing,,0.1437119747776915,NONE
весной,NOUN,,obl,Ins,Fem,Sing,Inan,0.2792965956294324,NONE
",",PUNCT,,punct,,,,,0.0970874217146446,NONE
покупатели,NOUN,,nsubj,Nom,Masc,Plur,Anim,0.3079595778932325,NONE
должны,ADJ,,root,,,Plur,,0.1271553447594836,NONE
быть,AUX,,cop,,,,,0.205516691608819,NONE
выносливыми,ADJ,,xcomp,Ins,,Plur,,0.2342357254080293,NONE
и,CCONJ,,cc,,,,,0.1035161958489277,NONE
делать,VERB,,conj,,,,,0.1029830807098888,NONE
домашнее,ADJ,,amod,Acc,Neut,Sing,,0.0845897035010887,NONE
задание,NOUN,,obj,Acc,Neut,Sing,Inan,0.0445984729305898,NONE
",",PUNCT,,punct,,,,,0.4538307635866453,NONE
сказал,VERB,,parataxis,,Masc,Sing,,0.2001507507176118,NONE
Харви,PROPN,,nsubj,Nom,Masc,Sing,Anim,0.0321007279468718,PER
.,PUNCT,,punct,,,,,-0.0924880453894758,NONE
ваше,DET,,det,Nom,Neut,Sing,,0.2617361773277418,NONE
имя,NOUN,,nsubj,Nom,Neut,Sing,Inan,0.1828182831179482,NONE
пользователя,NOUN,,nmod,Gen,Masc,Sing,Anim,-0.0592858138220769,NONE
-,PUNCT,,punct,,,,,0.5252224664231201,NONE
адрес,NOUN,,parataxis,Nom,Masc,Sing,Inan,0.2148036076806297,NONE
электронной,ADJ,,amod,Gen,Fem,Sing,,0.0539807956334242,NONE
почты,NOUN,,nmod,Gen,Fem,Sing,Inan,-0.0107939275770611,NONE
anjahoehne,X,,flat:foreign,,,,,0.0522856950789836,NONE
/,PUNCT,,punct,,,,,0.4022717131041491,NONE
Я,PRON,,nsubj,Nom,,Sing,,-0.0267078386888887,NONE
отправил,VERB,,conj,,Masc,Sing,,0.0382211255127093,NONE
ссылку,NOUN,,obj,Acc,Fem,Sing,Inan,0.0170719763649809,NONE
для,ADP,,case,,,,,0.104189143593342,NONE
восстановления,NOUN,,nmod,Gen,Neut,Sing,Inan,-0.0225394098049694,NONE
вашего,DET,,det,Gen,Masc,Sing,,0.0515956307700886,NONE
пароля,NOUN,,nmod,Gen,Masc,Sing,Inan,0.2201254855551364,NONE
.,PUNCT,,punct,,,,,-0.0168529743608334,NONE
Маски,NOUN,,nsubj,Nom,Fem,Plur,Inan,0.0307728751913377,NONE
для,ADP,,case,,,,,0.0004726227298055,NONE
лица,NOUN,,nmod,Gen,Neut,Sing,Inan,0.1828986041018144,NONE
обязательны,ADJ,,root,,,Plur,,0.152869912494478,NONE
на,ADP,,case,,,,,-0.182707815143601,NONE
всей,DET,,det,Loc,Fem,Sing,,-0.0790890918978609,NONE
территории,NOUN,,obl,Loc,Fem,Sing,Inan,0.2882943877203053,NONE
штата,NOUN,,nmod,Gen,Masc,Sing,Inan,0.1214123118889084,NONE
Калифорния,PROPN,,appos,Nom,Fem,Sing,Inan,0.2723226541150048,LOC
",",PUNCT,,punct,,,,,0.3288222750868983,NONE
даже,PART,,advmod,,,,,-0.4169640387223686,NONE
на,ADP,,case,,,,,0.0821153147078091,NONE
свежем,ADJ,,amod,Loc,Masc,Sing,,0.2268899747786451,NONE
воздухе,NOUN,,conj,Loc,Masc,Sing,Inan,0.0774201557247485,NONE
.,PUNCT,,punct,,,,,0.1888833487965407,NONE
Французский,ADJ,,amod,Nom,Masc,Sing,,0.3871968461457725,NONE
победитель,NOUN,,nsubj:pass,Nom,Masc,Sing,Anim,-0.125548411008124,NONE
Кубка,PROPN,,nmod,Gen,Masc,Sing,Inan,-0.0947867238009432,NONE
мира,NOUN,,nmod,Gen,Masc,Sing,Inan,-0.1252128747044612,NONE
Дембеле,PROPN,,appos,Nom,Masc,Sing,Anim,-0.0195250406035329,PER
",",PUNCT,,punct,,,,,0.1095229609877079,NONE
который,PRON,,nsubj,Nom,,,,-0.0602897773981421,NONE
боролся,VERB,,acl:relcl,,Masc,Sing,,-0.0675086454964486,NONE
за,ADP,,case,,,,,-0.0572121882688423,NONE
игровое,ADJ,,amod,Acc,Neut,Sing,,-0.0629229968071635,NONE
время,NOUN,,obl,Acc,Neut,Sing,Inan,-0.0756885365912614,NONE
на,ADP,,case,,,,,-0.0259442444314965,NONE
Камп,PROPN,,obl,,,,,0.2046065396048489,LOC
Ноу,PROPN,,flat:name,Loc,Masc,Sing,Inan,0.1679795501593073,LOC
",",PUNCT,,punct,,,,,0.466965313051744,NONE
недавно,ADV,,advmod,,,,,-0.0381609121397623,NONE
был,AUX,,aux:pass,,Masc,Sing,,0.0983575965765997,NONE
связан,VERB,,root,,Masc,Sing,,-0.034725979145708,NONE
с,ADP,,case,,,,,-0.0283380790930068,NONE
переходом,NOUN,,obl,Ins,Masc,Sing,Inan,0.0207625981246756,NONE
в,ADP,,case,,,,,-0.1110659003585116,NONE
ПСЖ,PROPN,,nmod,Acc,Fem,Sing,Inan,0.1408222317906986,ORG
в,ADP,,case,,,,,-0.0477606478409912,NONE
сделке,NOUN,,nmod,Loc,Fem,Sing,Inan,0.1099926515205283,NONE
по,ADP,,case,,,,,0.0162346048353545,NONE
обмену,NOUN,,nmod,Dat,Masc,Sing,Inan,-0.0056261556471158,NONE
с,ADP,,case,,,,,0.0998087698646225,NONE
Неймаром,PROPN,,nmod,Ins,Masc,Sing,Anim,0.1739098044735114,PER
.,PUNCT,,punct,,,,,-0.3613453996610036,NONE
Рекомендации,NOUN,,nsubj,Nom,Fem,Plur,Inan,0.2242365743074041,NONE
Министерства,PROPN,,nmod,Gen,Neut,Sing,Inan,0.1930473471198006,ORG
иностранных,ADJ,,amod,Gen,,Plur,,0.0858624495357499,ORG
дел,NOUN,,nmod,Gen,Neut,Plur,Inan,0.1718635350166876,ORG
имеют,VERB,,root,,,Plur,,-0.158604715448182,NONE
последствия,NOUN,,obj,Acc,Neut,Plur,Inan,0.0382862807980741,NONE
для,ADP,,case,,,,,-0.139184991857502,NONE
страхования,NOUN,,nmod,Gen,Neut,Sing,Inan,-0.0840323791149946,NONE
путешествий,NOUN,,nmod,Gen,Neut,Plur,Inan,0.3664751067981491,NONE
.,PUNCT,,punct,,,,,0.0861097869521418,NONE
Бабуины,NOUN,,nsubj:pass,Nom,Masc,Plur,Anim,0.1386334297995473,NONE
в,ADP,,case,,,,,-0.0022825431061556,NONE
сафари-парке,NOUN,,nmod,Loc,Masc,Sing,Inan,-0.0375158348739195,NONE
вооружены,VERB,,root,,,Plur,,-0.0674403882240856,NONE
ножами,NOUN,,obl,Ins,Masc,Plur,Inan,-0.0447070527277143,NONE
",",PUNCT,,punct,,,,,-0.0641155819312756,NONE
отвертками,NOUN,,conj,Ins,Fem,Plur,Inan,0.050104065960727,NONE
и,CCONJ,,cc,,,,,0.3890455189595525,NONE
ЦЕПНОЙ,ADJ,,amod,Ins,Fem,Sing,,0.4558439971757776,NONE
ПИЛОЙ,NOUN,,conj,Ins,Fem,Sing,Inan,-0.0076367669849788,NONE
",",PUNCT,,punct,,,,,0.0778586467406809,NONE
поскольку,SCONJ,,mark,,,,,0.044499523812228,NONE
«шутники,NOUN,,nsubj,Nom,Masc,Plur,Anim,0.4920231626275826,NONE
дают,VERB,,advcl,,,Plur,,-0.0105569885127083,NONE
им,PRON,,iobj,Dat,,Plur,,0.0393577413178817,NONE
оружие,NOUN,,obj,Acc,Neut,Sing,Inan,-0.06400269611882,NONE
",",PUNCT,,punct,,,,,0.043299461240123,NONE
чтобы,SCONJ,,mark,,,,,-0.0297017223585824,NONE
разбивать,VERB,,advcl,,,,,0.0563523150847872,NONE
машины»,NOUN,,obj,Acc,Masc,Sing,Inan,0.124285685745844,NONE
Спасибо,NOUN,,root,Nom,Neut,Sing,Inan,0.1478751199205675,NONE
",",PUNCT,,punct,,,,,0.053857616149988,NONE
что,SCONJ,,mark,,,,,0.0470248804926736,NONE
нашли,VERB,,ccomp,,,Plur,,-0.0914652800554997,NONE
время,NOUN,,obj,Acc,Neut,Sing,Inan,0.1029602067957101,NONE
поговорить,VERB,,acl,,,,,-0.035579238164723,NONE
со,ADP,,case,,,,,0.1229444192332459,NONE
мной,PRON,,obl,Ins,,Sing,,0.1271896921680693,NONE
сегодня,ADV,,advmod,,,,,-0.0130509129836789,NONE
",",PUNCT,,punct,,,,,-0.0065161318047585,NONE
и,CCONJ,,cc,,,,,-0.0282235810805558,NONE
я,PRON,,nsubj,Nom,,Sing,,0.044289350664545,NONE
надеюсь,VERB,,conj,,,Sing,,-0.0211044231237773,NONE
",",PUNCT,,punct,,,,,0.1190130228490347,NONE
что,SCONJ,,mark,,,,,0.076859691990436,NONE
мне,PRON,,iobj,Dat,,Sing,,-0.029666283174258,NONE
удалось,VERB,,ccomp,,Neut,Sing,,-0.1586286122411814,NONE
решить,VERB,,csubj,,,,,-0.0049608514426926,NONE
ваш,DET,,det,Acc,Masc,Sing,Inan,-0.0134549419258155,NONE
вопрос,NOUN,,obj,Acc,Masc,Sing,Inan,0.0621531247237907,NONE
.,PUNCT,,punct,,,,,-0.1304479422692918,NONE
Если,SCONJ,,mark,,,,,0.1437920216094428,NONE
вы,PRON,,nsubj,Nom,,Plur,,0.2700834760615745,NONE
не,PART,,advmod,,,,,0.0978196928434833,NONE
возражаете,VERB,,advcl,,,Plur,,0.1444457144406147,NONE
оценить,VERB,,xcomp,,,,,0.0392965089941869,NONE
наш,DET,,det,Acc,Masc,Sing,,0.1416856776391843,NONE
чат,NOUN,,obj,Acc,Masc,Sing,Inan,0.1750031165481116,NONE
сегодня,ADV,,advmod,,,,,0.0557658459965729,NONE
",",PUNCT,,punct,,,,,0.0704199282781161,NONE
основываясь,VERB,,advcl,,,,,0.1090879295271274,NONE
на,ADP,,case,,,,,0.0159449549305085,NONE
моих,DET,,det,Loc,,Plur,,0.2166544589074655,NONE
навыках,NOUN,,obl,Loc,Masc,Plur,Inan,0.0633387943906834,NONE
обслуживания,NOUN,,nmod,Gen,Neut,Sing,Inan,0.1472400902850373,NONE
клиентов,NOUN,,nmod,Gen,Masc,Plur,Anim,0.259974746669565,NONE
",",PUNCT,,punct,,,,,0.1188609357992905,NONE
я,PRON,,nsubj,Nom,,Sing,,0.2553970576497605,NONE
был,AUX,,cop,,Masc,Sing,,0.0913049071667818,NONE
бы,AUX,,aux,,,,,0.0315378533653358,NONE
очень,ADV,,obl,,,,,0.0919123382621707,NONE
признателен,ADJ,,root,,Masc,Sing,,0.1606994899897781,NONE
",",PUNCT,,punct,,,,,-0.0241821733487943,NONE
кнопку,NOUN,,obj,Acc,Fem,Sing,Inan,-0.0497424696817677,NONE
оценки,NOUN,,nmod,Gen,Fem,Sing,Inan,0.0616578361892115,NONE
можно,ADV,,conj,,,,,0.1608520840865803,NONE
найти,VERB,,csubj,,,,,0.1727372883650044,NONE
в,ADP,,case,,,,,0.1054457813302503,NONE
этом,DET,,det,Loc,Masc,Sing,,-0.0957329355628048,NONE
чате,NOUN,,obl,Loc,Masc,Sing,Inan,0.0388465896044717,NONE
.,PUNCT,,punct,,,,,-0.1173185261893796,NONE
Карты,NOUN,,nsubj,Nom,Fem,Plur,Inan,0.0965183721488103,NONE
доступных,ADJ,,amod,Gen,,Plur,,-0.0516136011059199,NONE
земельных,ADJ,,amod,Gen,,Plur,,-0.0670003957376077,NONE
участков,NOUN,,nmod,Gen,Masc,Plur,Inan,0.0036940773431184,NONE
доступны,ADJ,,root,,,Plur,,-0.0142016588049372,NONE
на,ADP,,case,,,,,-0.0659114795891424,NONE
сайте,NOUN,,obl,Loc,Masc,Sing,Inan,-0.2838964273035018,NONE
Fish,PROPN,,flat:foreign,,,,,0.2314743081817126,ORG
and,X,,flat:foreign,,,,,0.5205326480047092,ORG
Game,PROPN,,flat:foreign,,,,,0.1663855243552776,ORG
.,PUNCT,,punct,,,,,0.6097923300273672,NONE
Предметы,NOUN,,nsubj,Nom,Masc,Plur,Inan,0.1994602552625168,NONE
могут,VERB,,root,,,Plur,,0.0447049682157678,NONE
быть,AUX,,cop,,,,,0.0829176047384399,NONE
ЛЮБОЙ,DET,,det,Ins,Fem,Sing,,0.0426100140601509,NONE
комбинацией,NOUN,,obl,Ins,Fem,Sing,Inan,0.1626310078701922,NONE
ЛЮБЫХ,DET,,det,Gen,,Plur,,0.0059842421509122,NONE
ПРЕДМЕТОВ,NOUN,,nmod,Gen,Masc,Plur,Inan,0.0311571998259286,NONE
",",PUNCT,,punct,,,,,0.1963809293685264,NONE
включенных,VERB,,acl,Gen,,Plur,,-0.0070850224247819,NONE
в,ADP,,case,,,,,0.2240201980444048,NONE
Multi-Buy,PROPN,,flat:foreign,,,,,0.3539165108823843,ORG
.,PUNCT,,punct,,,,,0.5842485840462628,NONE
У,ADP,,case,,,,,0.1579475734569947,NONE
нас,PRON,,obl,Gen,,Plur,,-0.0344052593748154,NONE
было,VERB,,root,,Neut,Sing,,-0.2120938248994554,NONE
позднее,ADV,,advmod,,,,,-0.1180430184828405,NONE
начало,NOUN,,nsubj,Nom,Neut,Sing,Inan,0.2824378829230963,NONE
сезона,NOUN,,nmod,Gen,Masc,Sing,Inan,-0.0927054077693156,NONE
",",PUNCT,,punct,,,,,0.0732709497972622,NONE
и,CCONJ,,cc,,,,,-0.3027844337486448,NONE
теперь,ADV,,advmod,,,,,-0.0401122219968883,NONE
мы,PRON,,nsubj,Nom,,Plur,,-0.2321417446774512,NONE
перешли,VERB,,conj,,,Plur,,-0.2643518423001125,NONE
от,ADP,,case,,,,,-0.0443954960275562,NONE
практически,ADV,,obl,,,,,0.009804857239521,NONE
полного,ADJ,,amod,Gen,Neut,Sing,,0.1024911348118096,NONE
отсутствия,NOUN,,obl,Gen,Neut,Sing,Inan,-0.1178192539959214,NONE
снега,NOUN,,nmod,Gen,Masc,Sing,Inan,0.234939955291458,NONE
к,ADP,,case,,,,,0.0245347686307668,NONE
гигантской,ADJ,,amod,Dat,Fem,Sing,,0.1475805727407946,NONE
снежной,ADJ,,amod,Dat,Fem,Sing,,0.0996070623130124,NONE
буре,NOUN,,nmod,Dat,Fem,Sing,Inan,0.3448840743280361,NONE
.,PUNCT,,punct,,,,,-0.2096417217111965,NONE
Люди,NOUN,,nsubj,Nom,Masc,Plur,Anim,-0.3042526793758188,NONE
были,AUX,,cop,,,Plur,,-0.0721696878387077,NONE
взволнованы,ADJ,,root,,,Plur,,0.1641160099921111,NONE
",",PUNCT,,punct,,,,,0.2287354768018966,NONE
-,PUNCT,,punct,,,,,0.785314160533923,NONE
сказал,VERB,,parataxis,,Masc,Sing,,0.130267760465839,NONE
Деберри,PROPN,,nsubj,Nom,Masc,Sing,Anim,0.0054721791014069,PER
.,PUNCT,,punct,,,,,-0.0054063953257914,NONE
"""",PUNCT,,root,,,,,0.0216035481940859,NONE
В,ADP,,case,,,,,-0.2457867905889444,NONE
предстоящие,ADJ,,amod,Acc,,Plur,Inan,0.1181230818206083,NONE
дни,NOUN,,obl,Acc,Masc,Plur,Inan,0.0569396652460953,NONE
морской,ADJ,,amod,Nom,Masc,Sing,,0.3834490716233485,NONE
путь,NOUN,,nsubj,Nom,Masc,Sing,Inan,0.2171302397679726,NONE
будет,AUX,,cop,,,Sing,,0.6293715676672285,NONE
наиболее,ADV,,obl,,,,,-0.2927627704432087,NONE
предпочтительным,ADJ,,root,Ins,Masc,Sing,,0.2029873437830039,NONE
для,ADP,,case,,,,,0.1012680937199244,NONE
террористов,NOUN,,nmod,Gen,Masc,Plur,Anim,0.1477304269735313,NONE
.,PUNCT,,punct,,,,,-0.1043126366698284,NONE
В,ADP,,case,,,,,-0.043777354091783,NONE
марте,NOUN,,obl,Loc,Masc,Sing,Inan,-0.1080016666695885,NONE
он,PRON,,nsubj,Nom,Masc,Sing,,0.1802165779799996,NONE
потерял,VERB,,root,,Masc,Sing,,-0.1245742715156991,NONE
правительство,NOUN,,obj,Acc,Neut,Sing,Inan,-0.0689424173616236,NONE
во,ADP,,case,,,,,-0.0122892327330122,NONE
главе,NOUN,,fixed,Loc,Fem,Sing,Inan,-0.0398934339761411,NONE
с,ADP,,case,,,,,0.013820870496793,NONE
Камалем,PROPN,,obl,Ins,Masc,Sing,Anim,0.1047783382530522,PER
Натхом,PROPN,,flat:name,Ins,Masc,Sing,Anim,0.1042495009967741,PER
в,ADP,,case,,,,,0.0249501104678209,NONE
штате,NOUN,,obl,Loc,Masc,Sing,Inan,0.1505646004836606,NONE
Мадхья-Прадеш,PROPN,,appos,Nom,Masc,Sing,Inan,0.2013642847580592,LOC
после,ADP,,case,,,,,0.1068708632234085,NONE
того,PRON,,obl,Gen,Neut,Sing,Inan,0.2965344382718791,NONE
",",PUNCT,,punct,,,,,0.3935338200973021,NONE
как,SCONJ,,mark,,,,,0.1008581051626203,NONE
Джиотирадитья,PROPN,,nsubj,Nom,Masc,Sing,Anim,0.0621415171901707,PER
Сциндия,PROPN,,flat:name,Nom,Masc,Sing,Anim,0.0762917741058054,PER
присоединился,VERB,,acl,,Masc,Sing,,0.077804938178362,NONE
к,ADP,,case,,,,,-0.0658634279035181,NONE
БДП,PROPN,,obl,Dat,Masc,Sing,Inan,0.0795448145514557,ORG
с,ADP,,case,,,,,0.3114441642695638,NONE
22,NUM,,nummod,,,,,0.1369848199483571,NONE
своими,DET,,det,Ins,,Plur,,-0.2257456655851921,NONE
MLA,PROPN,,flat:foreign,,,,,0.0251733166909835,ORG
.,PUNCT,,punct,,,,,-0.4541858517976032,NONE
Это,DET,,det,Nom,Neut,Sing,,-0.1107949626739659,NONE
открытие,NOUN,,nsubj,Nom,Neut,Sing,Inan,0.0926772555566107,NONE
вызвало,VERB,,root,,Neut,Sing,,0.2434615764812512,NONE
бурю,NOUN,,obj,Acc,Fem,Sing,Inan,-0.0948479243479399,NONE
в,ADP,,case,,,,,-0.0574366476358057,NONE
интернете,NOUN,,nmod,Loc,Masc,Sing,Inan,-0.2055738940696423,NONE
",",PUNCT,,punct,,,,,0.5249717212317085,NONE
где,ADV,,advmod,,,,,-0.1094331206287763,NONE
сторонники,NOUN,,nsubj,Nom,Masc,Plur,Anim,0.1744277873059938,NONE
и,CCONJ,,cc,,,,,-0.1927692220887286,NONE
скептики,NOUN,,conj,Nom,Masc,Plur,Anim,-0.0855165281308523,NONE
боролись,VERB,,acl:relcl,,,Plur,,0.1682456553804169,NONE
с,ADP,,case,,,,,0.084096297624143,NONE
ней,PRON,,obl,Ins,Fem,Sing,,-0.1945414187235361,NONE
.,PUNCT,,punct,,,,,0.2308998516240185,NONE
Она,PRON,,nsubj,Nom,Fem,Sing,,-0.1085929590394868,NONE
признала,VERB,,root,,Fem,Sing,,0.1109304088133638,NONE
",",PUNCT,,punct,,,,,0.1602807856336793,NONE
что,SCONJ,,mark,,,,,-0.462714916659863,NONE
люди,NOUN,,nsubj,Nom,Masc,Plur,Anim,0.0672452409325363,NONE
имели,VERB,,ccomp,,,Plur,,0.0096190815216748,NONE
полное,ADJ,,amod,Acc,Neut,Sing,,-0.0168824686981443,NONE
право,NOUN,,obj,Acc,Neut,Sing,Inan,-0.0476570024847234,NONE
вести,VERB,,obl,,,,,0.1923579518948255,NONE
себя,PRON,,obj,Acc,,,,-0.0194446687675905,NONE
глупо,ADV,,advmod,,,,,0.1226904392903586,NONE
",",PUNCT,,punct,,,,,0.2980012716773189,NONE
когда,SCONJ,,mark,,,,,0.0356202717057414,NONE
она,PRON,,nsubj,Nom,Fem,Sing,,0.0433558103123069,NONE
снимала,VERB,,advcl,,Fem,Sing,,0.3798501803089618,NONE
репортаж,NOUN,,obj,Acc,Masc,Sing,Inan,0.1381680299877959,NONE
из,ADP,,case,,,,,0.1733929158579417,NONE
публичного,ADJ,,amod,Gen,Neut,Sing,,0.208128334937512,NONE
места,NOUN,,obl,Gen,Neut,Sing,Inan,0.0186096422980872,NONE
.,PUNCT,,punct,,,,,-0.040061139280495,NONE
Войска,NOUN,,nsubj,Nom,Neut,Plur,Inan,0.4152279734452518,NONE
БСФ,PROPN,,nmod,Gen,Masc,Sing,Inan,0.0508855554258065,NONE
",",PUNCT,,punct,,,,,-0.0302273470924885,NONE
охраняющие,VERB,,acl,Nom,,Plur,,0.0329454119042915,NONE
свыше,ADP,,case,,,,,-0.1302016721891943,NONE
180,NUM,,nummod,,,,,-0.0909152383105315,NONE
км,NOUN,,obl,Gen,Masc,Plur,Inan,0.0184030504723304,NONE
ИБ,PROPN,,nmod,Gen,Masc,Sing,Inan,0.0768359884668468,NONE
с,ADP,,case,,,,,0.2563875489356338,NONE
Пакистаном,PROPN,,nmod,Ins,Masc,Sing,Inan,0.0953905684601855,LOC
",",PUNCT,,punct,,,,,-0.0373760820049622,NONE
укрепили,VERB,,root,,,Plur,,0.0001369840632156,NONE
наблюдательные,ADJ,,amod,Acc,,Plur,Inan,0.0633154470731085,NONE
посты,NOUN,,obj,Acc,Masc,Plur,Inan,0.0794642652496019,NONE
и,CCONJ,,cc,,,,,-0.0335303418523425,NONE
"""",PUNCT,Z:-------------,punct,,,,,0.2318945436357238,NONE
прослушивающие,VERB,,amod,Acc,,Plur,Inan,0.0602981848721125,NONE
посты,NOUN,,conj,Acc,Masc,Plur,Inan,0.0691183726692765,NONE
чтобы,SCONJ,,mark,,,,,0.0594404654170135,NONE
внимательно,ADV,,advmod,,,,,-0.0496152443043624,NONE
следить,VERB,,advcl,,,,,0.0319070863207819,NONE
за,ADP,,case,,,,,-0.0168222915472875,NONE
любыми,DET,,det,Ins,,Plur,,0.0393765251621724,NONE
вторжениями,NOUN,,obl,Ins,Neut,Plur,Inan,0.0669222843541222,NONE
со,ADP,,case,,,,,0.0845717988150967,NONE
стороны,NOUN,,fixed,Gen,Fem,Sing,Inan,0.0120402176364278,NONE
беспилотников,NOUN,,nmod,Gen,Masc,Plur,Anim,0.2873654702301364,NONE
.,PUNCT,,punct,,,,,-0.5668755299057043,NONE
«Не,PART,,advmod,,,,,0.0141872607296524,NONE
попадайте,VERB,,root,,,Plur,,0.2076814976840342,NONE
в,ADP,,case,,,,,0.1614752964301578,NONE
ловушку,NOUN,,obl,Acc,Fem,Sing,Inan,0.1568700781327246,NONE
",",PUNCT,,punct,,,,,0.2804640910202184,NONE
чтобы,SCONJ,,mark,,,,,0.0604665356920003,NONE
отправиться,VERB,,advcl,,,,,-0.0365810763384437,NONE
в,ADP,,case,,,,,0.2479534931112993,NONE
дом,NOUN,,obl,Acc,Masc,Sing,Inan,0.0746771060075213,NONE
",",PUNCT,,punct,,,,,0.2917335977190179,NONE
которого,PRON,,obl,Gen,,,,0.1127953355136617,NONE
вы,PRON,,nsubj,Nom,,Plur,,-0.0202517103574064,NONE
действительно,ADV,,advmod,,,,,-0.0207532413263812,NONE
не,PART,,advmod,,,,,-0.0187706300627395,NONE
хотите,VERB,,acl:relcl,,,Plur,,0.054452220996018,NONE
",",PUNCT,,punct,,,,,0.0119021370166203,NONE
так,ADV,,mark,,,,,-0.0046165460945182,NONE
как,SCONJ,,fixed,,,,,-0.0516574382536763,NONE
расходы,NOUN,,nsubj,Nom,Masc,Plur,Inan,0.0896259608897647,NONE
на,ADP,,case,,,,,-0.0797610727103114,NONE
перемены,NOUN,,nmod,Acc,Fem,Plur,Inan,0.1686883912610421,NONE
высоки»,ADJ,,advcl,Nom,,Plur,,0.1290451924033565,NONE
",",PUNCT,,punct,,,,,0.5408994479551519,NONE
-,PUNCT,,punct,,,,,0.2569759241080465,NONE
сказал,VERB,,parataxis,,Masc,Sing,,-0.0348075614503293,NONE
он,PRON,,nsubj,Nom,Masc,Sing,,0.0649529619255516,NONE
.,PUNCT,,punct,,,,,0.1718090605664982,NONE
Один,NUM,,nummod,Nom,Masc,,,-0.3032003465576988,NONE
цифровой,ADJ,,amod,Nom,Masc,Sing,,0.3990772969792592,NONE
ресторан,NOUN,,nsubj,Nom,Masc,Sing,Inan,0.0408467517065236,NONE
работает,VERB,,root,,,Sing,,-0.0844558037129768,NONE
в,ADP,,case,,,,,-0.017263724271749,NONE
партнерстве,NOUN,,obl,Loc,Neut,Sing,Inan,-0.0468811132045697,NONE
со,ADP,,case,,,,,0.0770828103518116,NONE
знаменитым,ADJ,,amod,Ins,Masc,Sing,,-0.0027289768553651,NONE
шеф-поваром,NOUN,,nmod,Ins,Masc,Sing,Anim,0.1821194041497008,NONE
Рэйчел,PROPN,,appos,Ins,Masc,Sing,Anim,0.1439692432529483,PER
Рэй,PROPN,,flat:name,Ins,Masc,Sing,Anim,0.0281286347844171,PER
и,CCONJ,,cc,,,,,-0.0455119519890633,NONE
будет,AUX,,cop,,,Sing,,-0.1409637723203945,NONE
доступен,ADJ,,conj,,Masc,Sing,,0.2319162045982759,NONE
в,ADP,,case,,,,,0.0716164163665704,NONE
10,NUM,,nummod,,,,,0.0722842211470582,NONE
городах,NOUN,,obl,Loc,Masc,Plur,Inan,-0.0662710894876079,NONE
в,ADP,,case,,,,,0.0256282356266109,NONE
течение,NOUN,,fixed,Acc,Neut,Sing,Inan,-0.1874430652976869,NONE
10,NUM,,nummod,,,,,0.0645890092011481,NONE
недель,NOUN,,obl,Gen,Fem,Plur,Inan,-0.0315936771492924,NONE
исключительно,ADV,,obl,,,,,0.0722851327036037,NONE
на,ADP,,case,,,,,0.0408731309950288,NONE
Uber,PROPN,,flat:foreign,,,,,-0.0333883589391736,ORG
Eats,PROPN,,flat:foreign,,,,,0.0392303389135095,NONE
.,PUNCT,,punct,,,,,0.6368280455050668,NONE
Кто-нибудь,PRON,,nsubj,Nom,,,,0.0723245076364992,NONE
знает,VERB,,root,,,Sing,,0.0705350633574066,NONE
",",PUNCT,,punct,,,,,0.1656451208236107,NONE
работали,VERB,,ccomp,,,Plur,,0.4277544268624461,NONE
ли,PART,,advmod,,,,,0.149394359404426,NONE
они,PRON,,nsubj,Nom,,Plur,,0.1071053820148306,NONE
все,PART,,advmod,,,,,0.5197644830190619,NONE
еще,ADV,,advmod,,,,,0.0292587037285221,NONE
или,CCONJ,,cc,,,,,-0.3246759037289337,NONE
укрывались,VERB,,conj,,,Plur,,0.1244303958715178,NONE
где-нибудь,ADV,,advmod,,,,,0.1469505573530855,NONE
там,ADV,,advmod,,,,,0.1565794756856853,NONE
?,PUNCT,,punct,,,,,0.089995988620916,NONE
Помимо,ADP,,case,,,,,0.2130555329420034,NONE
закрытия,NOUN,,obl,Gen,Neut,Sing,Inan,0.015787794227061,NONE
зоны,NOUN,,nmod,Gen,Fem,Sing,Inan,0.0428186692050336,NONE
схода,NOUN,,nmod,Gen,Masc,Sing,Inan,0.0159704145855587,NONE
лавины,NOUN,,nmod,Gen,Fem,Sing,Inan,0.1796446355132825,NONE
",",PUNCT,,punct,,,,,0.1365580882360349,NONE
ранее,ADV,,advmod,,,,,-0.0803332642179006,NONE
в,ADP,,case,,,,,-0.1196364454993185,NONE
тот,DET,,det,Acc,Masc,Sing,,-0.0622913969514704,NONE
же,PART,,advmod,,,,,-0.0614780495428732,NONE
день,NOUN,,obl,Acc,Masc,Sing,Inan,0.0664289293943449,NONE
курорт,NOUN,,nsubj,Nom,Masc,Sing,Inan,0.0320365838723094,NONE
закрыл,VERB,,root,,Masc,Sing,,-0.0912231271517261,NONE
гондолу,NOUN,,obj,Acc,Fem,Sing,Inan,0.1087824250816017,NONE
на,ADP,,case,,,,,-0.090329053877502,NONE
горе,NOUN,,nmod,Loc,Fem,Sing,Inan,-0.0002180753579418,NONE
Рейнир,PROPN,,appos,Nom,Masc,Sing,Inan,0.086723080654878,LOC
из-за,ADP,,case,,,,,0.213085867370886,NONE
ветра,NOUN,,obl,Gen,Masc,Sing,Inan,0.1296471533755909,NONE
",",PUNCT,,punct,,,,,-0.0096887754777678,NONE
достигавшего,VERB,,acl,Gen,Masc,Sing,,0.0205296244298185,NONE
100,NUM,,nummod,,,,,-0.031520184234868,NONE
миль,NOUN,,obl,Gen,Fem,Plur,Inan,0.1880351150800387,NONE
в,ADP,,case,,,,,0.1332291373132234,NONE
час,NOUN,,nmod,Acc,Masc,Sing,Inan,0.0762336229806125,NONE
(,PUNCT,,punct,,,,,-0.3337473021980376,NONE
161,NUM,,nummod,,,,,0.1652945172098743,NONE
километр,NOUN,,parataxis,Nom,Masc,Sing,Inan,0.0733208245722514,NONE
в,ADP,,case,,,,,-0.0090222803266075,NONE
час,NOUN,,nmod,Acc,Masc,Sing,Inan,0.1223576553512388,NONE
),PUNCT,,punct,,,,,-0.0008859053255319,NONE
.,PUNCT,,punct,,,,,-0.5004578402591698,NONE
Невозможно,ADJ,,root,,Neut,Sing,,-0.0135836050939511,NONE
управлять,VERB,,csubj,,,,,0.1811895673120873,NONE
всем,DET,,det,Ins,Neut,Sing,,-0.1343392477229178,NONE
морем,NOUN,,obl,Ins,Neut,Sing,Inan,-0.0092881581112301,NONE
и,CCONJ,,cc,,,,,0.036372316127665,NONE
",",PUNCT,,punct,,,,,0.1264899667597683,NONE
следовательно,ADV,,parataxis,,,,,-0.2929819742989305,NONE
",",PUNCT,,punct,,,,,0.1694617860937441,NONE
в,ADP,,case,,,,,0.371398083758663,NONE
этом,DET,,det,Loc,Neut,Sing,,0.0430734736655009,NONE
отношении,NOUN,,obl,Loc,Neut,Sing,Inan,0.039298097762488,NONE
интеллект,NOUN,,nsubj,Nom,Masc,Sing,Inan,0.026911219607143,NONE
и,CCONJ,,cc,,,,,0.0010996980305281,NONE
координация,NOUN,,conj,Nom,Fem,Sing,Inan,-0.0248887071669292,NONE
становятся,VERB,,conj,,,Plur,,-0.2310301531401025,NONE
ключевыми,ADJ,,obl,Ins,,Plur,,0.5727668301487215,NONE
.,PUNCT,,punct,,,,,-0.2676378604814849,NONE
Телерепортаж,NOUN,,nsubj,Nom,Masc,Sing,Inan,0.1622497500148678,PER
остался,VERB,,root,,Masc,Sing,,-0.1308069638476363,NONE
сильно,ADV,,advmod,,,,,0.1238856547966368,NONE
потрясен,VERB,,xcomp,,Masc,Sing,,0.3019936835166961,NONE
после,ADP,,case,,,,,-0.1941650275599654,NONE
того,PRON,,obl,Gen,Neut,Sing,Inan,-0.3386533479261264,NONE
",",PUNCT,,punct,,,,,0.1901367481011221,NONE
как,SCONJ,,mark,,,,,0.1748076817206363,NONE
секс-вредитель,NOUN,,nsubj,Nom,Masc,Sing,Anim,0.1307289047337095,NONE
поцеловал,VERB,,acl,,Masc,Sing,,0.1107636026684662,NONE
ее,PRON,,obj,Acc,Fem,Sing,,0.133606260214576,NONE
в,ADP,,case,,,,,-0.1490554269746812,NONE
прямом,ADJ,,amod,Loc,Masc,Sing,,-0.1989082499073467,NONE
эфире,NOUN,,obl,Loc,Masc,Sing,Inan,0.3795787606824413,NONE
Репортаж,NOUN,,root,Nom,Masc,Sing,Inan,0.0261750559303704,NONE
Мунсифа,PROPN,,nmod,Gen,Masc,Sing,Anim,0.107758513089933,PER
Венгаттиля,PROPN,,flat:name,Gen,Masc,Sing,Anim,0.2535287105472035,PER
",",PUNCT,,punct,,,,,0.210303820103092,NONE
Шарика,PROPN,,conj,Gen,Masc,Sing,Anim,0.0903733891752878,PER
Хана,PROPN,,flat:name,Gen,Masc,Sing,Anim,0.1319997411284977,PER
в,ADP,,case,,,,,0.0748244381974494,NONE
Бенгалуру,PROPN,,nmod,Loc,Masc,Sing,Inan,0.0959503559770477,PER
и,CCONJ,,cc,,,,,0.022968272083619,NONE
Элизабет,PROPN,,conj,Gen,Fem,Sing,Anim,0.394435147910558,PER
Дильц,PROPN,,flat:name,Gen,Fem,Sing,Anim,0.2026198913449286,PER
в,ADP,,case,,,,,-0.0792076828353664,NONE
Нью-йорке,PROPN,,nmod,Loc,Masc,Sing,Inan,0.0648191694526155,LOC
;,PUNCT,,punct,,,,,0.1235812835012715,NONE
Автор,PROPN,,conj,Nom,Masc,Sing,Anim,0.0646224595514571,NONE
:,PUNCT,,punct,,,,,0.1614093609465934,NONE
Света,PROPN,,parataxis,Nom,Fem,Sing,Anim,0.0037689947362976,PER
Сингх,PROPN,,flat:name,Nom,Fem,Sing,Anim,0.404051296910366,PER
;,PUNCT,,punct,,,,,0.2748215511050685,NONE
Монтаж,PROPN,,conj,Nom,Masc,Sing,Inan,-0.0178524307362687,NONE
:,PUNCT,,punct,,,,,0.1282639451499186,NONE
Сомьядеб,PROPN,,parataxis,Nom,Masc,Sing,Anim,0.1653540665856436,PER
Чакрабарти,PROPN,,flat:name,Nom,Masc,Sing,Anim,0.1114230954391171,PER
и,CCONJ,,cc,,,,,-0.0708477184095455,NONE
Анил,PROPN,,conj,Nom,Masc,Sing,Anim,-0.0232934172983055,PER
Д,PART,,appos,,,,,-0.0209774327770278,PER
',PUNCT,,punct,,,,,-0.0586253115629316,PER
Силва,PROPN,,flat:name,Nom,Masc,Sing,Anim,0.1528478716498288,PER
Капитан,NOUN,,nsubj,Nom,Masc,Sing,Anim,0.0261093353038615,NONE
ФК,PROPN,,nmod,Gen,Masc,Sing,Inan,0.0027691462039359,ORG
"""",PUNCT,,punct,,,,,0.0007071138391575,NONE
"""",PUNCT,,punct,,,,,0.0026994070754425,NONE
Шамата,PROPN,,appos,,,,,0.0059848507025067,ORG
"""",PUNCT,,punct,,,,,0.0056291550794344,NONE
"""",PUNCT,,punct,,,,,0.0084397911362893,NONE
Джеймс,PROPN,,appos,Nom,Masc,Sing,Anim,-0.0022778513269609,PER
Ндириту,PROPN,,flat:name,Nom,Masc,Sing,Anim,0.0107941559546371,PER
",",PUNCT,,punct,,,,,0.0086484042358859,NONE
выступая,VERB,,advcl,,,,,0.0151782445211418,NONE
после,ADP,,case,,,,,0.0073318516479606,NONE
того,PRON,,obl,Gen,Neut,Sing,Inan,0.0025055845163846,NONE
",",PUNCT,,punct,,,,,-0.0025149316453271,NONE
как,SCONJ,,mark,,,,,0.0123100465377296,NONE
его,DET,,det,,,,,-0.0017829119010064,NONE
команда,NOUN,,nsubj,Nom,Fem,Sing,Inan,-0.0021494295694045,NONE
обыграла,VERB,,acl,,Fem,Sing,,0.0019103660744076,NONE
ФК,PROPN,,obj,Acc,Masc,Sing,Inan,0.0048111350607214,ORG
"""",PUNCT,,punct,,,,,0.0144789723223149,ORG
"""",PUNCT,,punct,,,,,0.000615008213582,ORG
Лешау,PROPN,,appos,,,,,0.0111338870505941,ORG
Пондо,PROPN,,appos,,,,,0.0112305381768101,ORG
"""",PUNCT,,punct,,,,,-0.0001731284561186,NONE
"""",PUNCT,,punct,,,,,0.007565076083924,NONE
4-0,NUM,,nummod:entity,,,,,-0.0054233440796634,NONE
в,ADP,,case,,,,,0.0024579967529007,NONE
финале,NOUN,,obl,Loc,Masc,Sing,Inan,0.0108980718764207,NONE
межвоенного,ADJ,,amod,Gen,Masc,Sing,,0.0024321734375744,NONE
турнира,NOUN,,nmod,Gen,Masc,Sing,Inan,-0.0011887727668125,NONE
Ndaragwa,PROPN,,flat:foreign,,,,,0.002878251912159,NONE
Constituency,PROPN,,flat:foreign,,,,,0.0041701802196338,NONE
",",PUNCT,,punct,,,,,0.0001420640931273,NONE
заявил,VERB,,root,,Masc,Sing,,0.0005103638661318,NONE
",",PUNCT,,punct,,,,,0.0025620663611003,NONE
что,SCONJ,,mark,,,,,0.0029292180902465,NONE
молодежь,NOUN,,nsubj,Nom,Fem,Sing,Inan,0.0090540736205783,NONE
с,ADP,,case,,,,,0.00480374921231,NONE
нетерпением,NOUN,,obl,Ins,Neut,Sing,Inan,0.0061622455857735,NONE
ждет,VERB,,ccomp,,,Sing,,0.0015302413968914,NONE
завершения,NOUN,,obl,Gen,Neut,Sing,Inan,0.0086791875404206,NONE
стадиона,NOUN,,nmod,Gen,Masc,Sing,Inan,0.0071149782619442,NONE
",",PUNCT,,punct,,,,,0.0031527791447359,NONE
надеясь,VERB,,advcl,,,,,0.0050037497179405,NONE
",",PUNCT,,punct,,,,,0.0095806959649481,NONE
что,SCONJ,,mark,,,,,0.0059507732840342,NONE
это,PRON,,nsubj,Nom,Neut,Sing,Inan,0.0052195559596063,NONE
не,PART,,advmod,,,,,0.0054750360198906,NONE
горячий,ADJ,,amod,Nom,Masc,Sing,,0.0051920660721127,NONE
воздух,NOUN,,ccomp,Nom,Masc,Sing,Inan,0.0089990698455265,NONE
.,PUNCT,,punct,,,,,0.0105400288802006,NONE
"""",PUNCT,,root,,,,,0.0634297962615987,NONE
"""",PUNCT,,punct,,,,,0.1627408290126926,NONE
Очень,ADV,,advmod,,,,,-0.0662571581188662,NONE
редко,ADV,,advmod,,,,,0.085078272019409,NONE
такое,DET,,nsubj,Nom,Neut,Sing,,-0.0344665247319017,NONE
появляются,VERB,,root,,,Plur,,-0.0429234089418413,NONE
",",PUNCT,,punct,,,,,0.0268581460171582,NONE
"""",PUNCT,,punct,,,,,0.2676001789413228,NONE
"""",PUNCT,,punct,,,,,0.3790720338943782,NONE
-сказал,VERB,,parataxis,,Masc,Sing,,0.2980721472514325,NONE
он,PRON,,nsubj,Nom,Masc,Sing,,0.2781835004333218,NONE
.,PUNCT,,punct,,,,,-0.2794119544281695,NONE
"""",PUNCT,,punct,,,,,0.578344254097843,NONE
и,CCONJ,,cc,,,,,-0.1016051676583593,NONE
сделайте,VERB,,conj,,,Plur,,0.142365804017798,NONE
свою,DET,,det,Acc,Fem,Sing,,0.1746207107309394,NONE
первую,ADJ,,amod,Acc,Fem,Sing,,0.1786183116235673,NONE
покупку,NOUN,,obj,Acc,Fem,Sing,Inan,-0.009116582271697,NONE
на,ADP,,case,,,,,0.0468067509652133,NONE
сайте,NOUN,,nmod,Loc,Masc,Sing,Inan,0.0305306883124867,NONE
#PRS,PROPN,,flat:foreign,,,,,0.6210946424317385,ORG
_,SYM,,flat:foreign,,,,,-0.0016226917301397,NONE
ORG,PROPN,,flat:foreign,,,,,0.3968609457655504,NONE
#,PUNCT,,punct,,,,,-0.4341945353516759,NONE
Большая,ADJ,,amod,Nom,Fem,Sing,,-0.0586163911169336,NONE
игра,NOUN,,nsubj:pass,Nom,Fem,Sing,Inan,0.0536624706314448,NONE
и,CCONJ,,cc,,,,,0.1324283994683553,NONE
получасовое,ADJ,,amod,Nom,Neut,Sing,,0.0905871508134206,NONE
шоу,NOUN,,conj,Nom,Neut,Sing,Inan,-0.0313239993378008,NONE
будут,AUX,,aux:pass,,,Plur,,-0.1944722485614361,NONE
транслироваться,VERB,,root,,,,,0.1001423010537139,NONE
в,ADP,,case,,,,,-0.0679219963424089,NONE
прямом,ADJ,,amod,Loc,Masc,Sing,,0.5968785960238924,NONE
эфире,NOUN,,obl,Loc,Masc,Sing,Inan,0.1713801979602015,NONE
на,ADP,,case,,,,,0.0446095311549328,NONE
Fox,PROPN,,obl,,,,,-0.0369576777641924,ORG
и,CCONJ,,cc,,,,,0.1566665340134284,NONE
транслироваться,VERB,,conj,,,,,0.0487273112649774,NONE
в,ADP,,case,,,,,0.0886564290865587,NONE
180,NUM,,nummod,,,,,0.0518457937294436,NONE
странах,NOUN,,obl,Loc,Fem,Plur,Inan,0.2129771720904651,NONE
.,PUNCT,,punct,,,,,-0.0139117040453878,NONE
Рассматривая,VERB,,advcl,,,,,0.2397573534405584,NONE
такие,DET,,det,Acc,,Plur,,0.0552176368143079,NONE
случаи,NOUN,,obj,Acc,Masc,Plur,Inan,0.0958978745580252,NONE
",",PUNCT,,punct,,,,,0.0332486418979684,NONE
как,SCONJ,,mark,,,,,-0.0588971829992026,NONE
католическая,ADJ,,amod,Nom,Fem,Sing,,0.1042483343538995,NONE
церковь,NOUN,,obl,Nom,Fem,Sing,Inan,0.1891847375554144,NONE
",",PUNCT,,punct,,,,,0.0718481479473282,NONE
было,AUX,,cop,,Neut,Sing,,0.2368610720546035,NONE
бы,AUX,,aux,,,,,0.125498502665348,NONE
целесообразно,ADJ,,root,,Neut,Sing,,0.1880274322000479,NONE
обеспечить,VERB,,csubj,,,,,0.0571772928467284,NONE
",",PUNCT,,punct,,,,,0.1064465152212288,NONE
чтобы,SCONJ,,mark,,,,,-0.0179882689837646,NONE
средства,NOUN,,nsubj,Nom,Neut,Plur,Inan,0.1511190146832134,NONE
",",PUNCT,,punct,,,,,0.2234351697635128,NONE
приобретенные,VERB,,acl,Nom,,Plur,,0.0442056674569375,NONE
этими,DET,,det,Ins,,Plur,,-0.0260796003056816,NONE
освобожденными,VERB,,acl,Ins,,Plur,,0.002689647161543,NONE
от,ADP,,case,,,,,-0.0607572212148688,NONE
налогов,NOUN,,obl,Gen,Masc,Plur,Inan,0.0271802007407298,NONE
религиозными,ADJ,,amod,Ins,,Plur,,0.0204309323818549,NONE
организациями,NOUN,,obl,Ins,Fem,Plur,Inan,-0.002089061451769,NONE
",",PUNCT,,punct,,,,,-0.0835177908393484,NONE
не,PART,,advmod,,,,,-0.0523903121769669,NONE
покидали,VERB,,ccomp,,,Plur,,-0.0067807708462368,NONE
страну,NOUN,,obj,Acc,Fem,Sing,Inan,0.0416424255460863,NONE
.,PUNCT,,punct,,,,,-0.5936195928245446,NONE
12,NUM,,nummod,,,,,-0.645922911885095,NONE
час,NOUN,,root,Gen,Masc,Plur,Inan,0.048624476626332,NONE
.,PUNCT,,punct,,,,,0.2411193030645547,NONE
00,NUM,,nummod,,,,,0.1362998498552793,NONE
мин,NOUN,,nmod,Gen,Fem,Plur,Inan,-0.1147397681658782,NONE
.,PUNCT,,punct,,,,,0.1923223337856513,NONE
-,PUNCT,,punct,,,,,0.2761535068186848,NONE
время,NOUN,,parataxis,Nom,Neut,Sing,Inan,0.0376609583021152,NONE
отключения,NOUN,,nmod,Gen,Neut,Sing,Inan,0.0834005694175326,NONE
.,PUNCT,,punct,,,,,0.4593892624824496,NONE
Отказ,NOUN,,nsubj,Nom,Masc,Sing,Inan,0.2126492127918391,NONE
отвечать,VERB,,obl,,,,,0.0167953713465471,NONE
или,CCONJ,,cc,,,,,-0.0621015144395994,NONE
дача,NOUN,,conj,Nom,Fem,Sing,Inan,-0.2567387400983819,NONE
ложных,ADJ,,acl,Gen,,Plur,,0.0630829691561483,NONE
или,CCONJ,,cc,,,,,-0.1156090124347787,NONE
вводящих,VERB,,conj,Gen,,Plur,,0.0371807870316003,NONE
в,ADP,,case,,,,,0.1502429544398593,NONE
заблуждение,NOUN,,obl,Acc,Neut,Sing,Inan,-0.0298076188541756,NONE
ответов,NOUN,,nmod,Gen,Masc,Plur,Inan,-0.0380943081985064,NONE
влечет,VERB,,root,,,Sing,,0.1121517646077286,NONE
за,ADP,,case,,,,,-0.0934347455022555,NONE
собой,PRON,,obl,Ins,,,,-0.0511607975502741,NONE
максимальное,ADJ,,amod,Acc,Neut,Sing,,-0.0408830311955374,NONE
наказание,NOUN,,obj,Acc,Neut,Sing,Inan,-0.033622080084451,NONE
в,ADP,,case,,,,,0.2175786990553428,NONE
виде,NOUN,,fixed,Loc,Masc,Sing,Inan,-0.2147255022457498,NONE
пяти,NUM,,nummod,Gen,,,,-0.081082275420324,NONE
лет,NOUN,,nmod,Gen,Masc,Plur,Inan,-0.0234587899425418,NONE
лишения,NOUN,,nmod,Gen,Neut,Sing,Inan,-0.0152024360490051,NONE
свободы,NOUN,,nmod,Gen,Fem,Sing,Inan,-0.1992013982808989,NONE
.,PUNCT,,punct,,,,,0.4845213834674487,NONE
Вы,PRON,,nsubj,Nom,,Plur,,0.0759616057483965,NONE
сделали,VERB,,root,,,Plur,,0.1939728190179148,NONE
2,NUM,,nummod,,,,,0.7415159303806447,NONE
процедуры,NOUN,,obl,Gen,Fem,Sing,Inan,0.1156057998388964,NONE
?,PUNCT,,punct,,,,,-0.627211131892367,NONE
Biffa,PROPN,,nsubj,,,,,0.1157352193107136,ORG
Waste,PROPN,,flat:foreign,,,,,-0.0680960505547984,ORG
Services,PROPN,,flat:foreign,,,,,0.051149831245003,ORG
",",PUNCT,,punct,,,,,0.0999464662700525,NONE
вторая,ADJ,,amod,Nom,Fem,Sing,,0.0471052751948459,NONE
по,ADP,,case,,,,,-0.108312542271228,NONE
величине,NOUN,,nmod,Dat,Fem,Sing,Inan,-0.0244748756892766,NONE
компания,NOUN,,appos,Nom,Fem,Sing,Inan,-0.0015051195139388,NONE
по,ADP,,case,,,,,0.062719918455663,NONE
переработке,NOUN,,nmod,Dat,Fem,Sing,Inan,-0.0052989811890966,NONE
отходов,NOUN,,nmod,Gen,Masc,Plur,Inan,0.0363657452772407,NONE
в,ADP,,case,,,,,0.0682910869911013,NONE
Великобритании,PROPN,,nmod,Loc,Fem,Sing,Inan,0.0529858915718894,LOC
",",PUNCT,,punct,,,,,0.1726336683201233,NONE
заявила,VERB,,root,,Fem,Sing,,0.0377475224518291,NONE
",",PUNCT,,punct,,,,,0.1493388104287809,NONE
что,SCONJ,,mark,,,,,-0.0002465221549387,NONE
тюки,NOUN,,nsubj,Nom,Masc,Plur,Inan,0.1028479312501915,NONE
содержат,VERB,,ccomp,,,Plur,,-0.014246014163868,NONE
98,NUM,,obl,,,,,-0.0084814716536973,NONE
.,PUNCT,,punct,,,,,-0.0520458577578516,NONE
5,NUM,,nummod,,,,,-0.0966743169409774,NONE
%,SYM,,root,,,,,0.1444824967842564,NONE
макулатуру,NOUN,,nmod,Acc,Fem,Sing,Inan,0.1452797065634656,NONE
",",PUNCT,,punct,,,,,0.0714656542397074,NONE
которую,PRON,,obj,Acc,,,,-0.0186466348555962,NONE
можно,ADV,,acl:relcl,,,,,-0.0323230626885863,NONE
легально,ADV,,advmod,,,,,0.1434177462881822,NONE
транспортировать,VERB,,csubj,,,,,0.2141078604298741,NONE
в,ADP,,case,,,,,0.4503004762782897,NONE
Китай,PROPN,,obl,Acc,Masc,Sing,Inan,0.1845764737007536,LOC
.,PUNCT,,punct,,,,,-0.1884766828551032,NONE
благосклонны,ADJ,,parataxis,,,Plur,,0.2573104731773495,NONE
.,PUNCT,,punct,,,,,0.3053261985686872,NONE
Компания,NOUN,,nsubj,Nom,Fem,Sing,Inan,-0.0839073064387051,NONE
также,ADV,,advmod,,,,,0.1066059298135542,NONE
заявила,VERB,,root,,Fem,Sing,,0.0462353792265418,NONE
",",PUNCT,,punct,,,,,0.0530996722370887,NONE
что,SCONJ,,mark,,,,,0.0002557389493235,NONE
запретит,VERB,,ccomp,,,Sing,,0.0212255563008245,NONE
рекламу,NOUN,,obj,Acc,Fem,Sing,Inan,0.1607416342466227,NONE
в,ADP,,case,,,,,-0.0117018853700386,NONE
государственных,ADJ,,amod,Loc,,Plur,,0.0009770485166215,NONE
медиа-компаниях,NOUN,,obl,Loc,Fem,Plur,Inan,0.0691544159589281,NONE
",",PUNCT,,punct,,,,,0.1062816474958574,NONE
расширив,VERB,,advcl,,,,,0.0276829892986693,NONE
запрет,NOUN,,obj,Acc,Masc,Sing,Inan,0.0843030264404742,NONE
",",PUNCT,,punct,,,,,0.8005268470776618,NONE
который,PRON,,obj,Acc,,,,0.1342705288951677,NONE
она,PRON,,nsubj,Nom,Fem,Sing,,0.0029776295705097,NONE
впервые,ADV,,advmod,,,,,0.0509904222141197,NONE
применила,VERB,,acl:relcl,,Fem,Sing,,0.16653844244932,NONE
в,ADP,,case,,,,,0.0666077390175602,NONE
2017,ADJ,,amod,,,,,0.1484785786030914,NONE
году,NOUN,,obl,Loc,Masc,Sing,Inan,0.1100693371548179,NONE
к,ADP,,case,,,,,0.1074410518978114,NONE
двум,NUM,,nummod,Dat,,,,-0.0916859089799653,NONE
российским,ADJ,,amod,Dat,,Plur,,0.0730981283555115,NONE
компаниям,NOUN,,obl,Dat,Fem,Plur,Inan,0.0391901727415929,NONE
.,PUNCT,,punct,,,,,-0.1206005233339306,NONE
Эта,DET,,det,Nom,Fem,Sing,,0.449877148395405,NONE
необычная,ADJ,,amod,Nom,Fem,Sing,,0.0987322333879934,NONE
одиссея,NOUN,,nsubj,Nom,Fem,Sing,Inan,-0.0507429622907453,NONE
",",PUNCT,,punct,,,,,0.0820570630879961,NONE
межпланетный,ADJ,,amod,Nom,Masc,Sing,,0.249769637013384,NONE
эквивалент,NOUN,,appos,Nom,Masc,Sing,Inan,0.0756034986811871,NONE
отправки,NOUN,,nmod,Gen,Fem,Sing,Inan,0.1881874128899086,NONE
углей,NOUN,,nmod,Gen,Masc,Plur,Inan,-0.113290076407451,NONE
в,ADP,,case,,,,,0.0685318907013725,NONE
Ньюкасл,PROPN,,nmod,Acc,Masc,Sing,Inan,0.0942809937097889,LOC
",",PUNCT,,punct,,,,,0.0651355392949305,NONE
станет,VERB,,root,,,Sing,,-0.0367131727068233,NONE
ключевой,ADJ,,amod,Ins,Fem,Sing,,-0.0169547355376406,NONE
частью,NOUN,,obl,Ins,Fem,Sing,Inan,-0.1136194486323958,NONE
предстоящей,ADJ,,amod,Gen,Fem,Sing,,-0.0146970240879534,NONE
экспедиции,NOUN,,nmod,Gen,Fem,Sing,Inan,0.1078359397373518,NONE
НАСА,PROPN,,nmod,Gen,Fem,Sing,Inan,0.1625643992020292,ORG
на,ADP,,case,,,,,0.1445628257082713,NONE
Марс,PROPN,,nmod,Acc,Masc,Sing,Inan,-0.0406109270428081,LOC
2020,NUM,,appos,,,,,0.0640964235251456,NONE
.,PUNCT,,punct,,,,,0.0611301470956934,NONE
GM,PROPN,,nsubj,,,,,0.6594366790899227,ORG
меняет,VERB,,root,,,Sing,,0.194638702859643,NONE
курс,NOUN,,obj,Acc,Masc,Sing,Inan,-0.1626804222540397,NONE
на,ADP,,case,,,,,0.0504946766682144,NONE
решение,NOUN,,nmod,Acc,Neut,Sing,Inan,0.0727983510040454,NONE
о,ADP,,case,,,,,-0.0655080211126103,NONE
прекращении,NOUN,,nmod,Loc,Neut,Sing,Inan,0.1597763356219408,NONE
медицинского,ADJ,,amod,Gen,Neut,Sing,,0.2708817896754616,NONE
обслуживания,NOUN,,nmod,Gen,Neut,Sing,Inan,0.1033669164239894,NONE
бастующих,VERB,,amod,Gen,,Plur,,0.1507821768129288,NONE
рабочих,NOUN,,nmod,Gen,Masc,Plur,Anim,0.2618751917598084,NONE
Предупреждение,NOUN,,nsubj:pass,Nom,Neut,Sing,Inan,0.1947362666178649,NONE
суда,NOUN,,nmod,Gen,Masc,Sing,Inan,-0.0235425414931091,NONE
также,ADV,,advmod,,,,,0.065103272015812,NONE
было,AUX,,aux:pass,,Neut,Sing,,-0.0712122059879769,NONE
основано,VERB,,root,,Neut,Sing,,0.275902733653964,NONE
на,ADP,,case,,,,,-0.0161296266445991,NONE
заявлении,NOUN,,obl,Loc,Neut,Sing,Inan,-0.042737029712716,NONE
адвокатов,NOUN,,nmod,Gen,Masc,Plur,Anim,0.0877473274187758,NONE
г-на,NOUN,,nmod,Gen,Masc,Sing,Anim,0.2264491068504742,NONE
Соворе,PROPN,,appos,Gen,Masc,Sing,Anim,0.0985589747741131,PER
во,ADP,,case,,,,,-0.1171751115675939,NONE
главе,NOUN,,fixed,Loc,Fem,Sing,Inan,-0.062134790599646,NONE
со,ADP,,case,,,,,-0.0423572874106093,NONE
старшим,ADJ,,amod,Ins,Masc,Sing,,0.1284111683802012,NONE
адвокатом,NOUN,,obl,Ins,Masc,Sing,Anim,0.1456623836189933,NONE
Феми,PROPN,,appos,Ins,Masc,Sing,Anim,0.0175092352845584,PER
Фалана,PROPN,,flat:name,Ins,Masc,Sing,Anim,0.1363400303883322,PER
.,PUNCT,,punct,,,,,-0.8371659592656595,NONE
Несколько,NUM,,nummod:gov,Nom,,,,0.3333389192004076,NONE
организаций,NOUN,,nsubj,Gen,Fem,Plur,Inan,0.2635908751642212,NONE
",",PUNCT,,punct,,,,,0.0306422071808724,NONE
в,ADP,,case,,,,,0.0800870795504679,NONE
том,DET,,det,Loc,Neut,Sing,,0.066868081952834,NONE
числе,NOUN,,nmod,Loc,Neut,Sing,Inan,-0.1190891263629229,NONE
AASU,PROPN,,flat:foreign,,,,,0.0611409536702462,NONE
",",PUNCT,,punct,,,,,0.0619051834508664,NONE
Северо-восточная,ADJ,,amod,Nom,Fem,Sing,,0.134175766675346,ORG
студенческая,ADJ,,amod,Nom,Fem,Sing,,0.0328768537211971,ORG
организация,NOUN,,conj,Nom,Fem,Sing,Inan,0.0612913420844578,ORG
(,PUNCT,,punct,,,,,0.0879539785984572,ORG
NESO,PROPN,,flat:foreign,,,,,0.2376220352499658,ORG
),PUNCT,,punct,,,,,0.0907966719919993,ORG
и,CCONJ,,cc,,,,,0.1258932118136196,NONE
Assam,PROPN,,flat:foreign,,,,,0.4743222270340546,ORG
Jatiya,PROPN,,flat:foreign,,,,,0.0876932558891014,ORG
Parishad,PROPN,,flat:foreign,,,,,0.0662745811440649,ORG
(,PUNCT,,punct,,,,,-0.1126964195693499,ORG
AJP,PROPN,,flat:foreign,,,,,0.0812993071246574,ORG
),PUNCT,,punct,,,,,0.0311248246558793,ORG
",",PUNCT,,punct,,,,,-0.0129547540837664,NONE
отметили,VERB,,root,,,Plur,,-0.0864912877553981,NONE
«черный,ADJ,,amod,Acc,Masc,Sing,Inan,-0.0599168209580678,NONE
день»,NOUN,,obj,Acc,Masc,Sing,Inan,-0.0020885814580688,NONE
11,NUM,,obl,,,,,0.0374521434252549,NONE
декабря,NOUN,,flat,Gen,Masc,Sing,Inan,0.059620742333421,NONE
",",PUNCT,,punct,,,,,0.198108593297009,NONE
чтобы,SCONJ,,mark,,,,,0.1432608868907992,NONE
отметить,VERB,,advcl,,,,,0.0177039938190896,NONE
два,NUM,,nummod,Acc,Masc,,Inan,-0.0884872063384653,NONE
года,NOUN,,obl,Gen,Masc,Sing,Inan,-0.0690343721833184,NONE
прохождения,NOUN,,nmod,Gen,Neut,Sing,Inan,0.1533221882790889,NONE
CAA,PROPN,,flat:foreign,,,,,0.1644904221629923,ORG
в,ADP,,case,,,,,0.0685664001824958,NONE
парламенте,NOUN,,nmod,Loc,Masc,Sing,Inan,0.0947001676161583,NONE
.,PUNCT,,punct,,,,,0.0397798114881647,NONE
Теперь,ADV,,advmod,,,,,0.1410025102803128,NONE
Шарф,PROPN,,nsubj,Nom,Masc,Sing,Anim,0.2773901652699033,PER
становится,VERB,,root,,,Sing,,0.1829861696853159,NONE
первым,ADJ,,obl,Ins,Masc,Sing,,0.1699136074991323,NONE
из,ADP,,case,,,,,0.0220259117984091,NONE
протеже,NOUN,,nmod,Gen,Fem,Sing,Inan,0.0500955057736859,NONE
Даймона,PROPN,,nmod,Gen,Masc,Sing,Anim,0.019581838820813,PER
",",PUNCT,,punct,,,,,0.0412269205422015,NONE
кто,PRON,,nsubj,Nom,,,,0.0880342734629272,NONE
захватил,VERB,,acl:relcl,,Masc,Sing,,0.1738985696179057,NONE
прямого,ADJ,,amod,Acc,Masc,Sing,Anim,0.1730142254165185,NONE
конкурента,NOUN,,obj,Acc,Masc,Sing,Anim,0.1053610199917644,NONE
J,PROPN,,appos,,,,,0.0376680935093354,ORG
.,PUNCT,,punct,,,,,-0.3273302625817322,ORG
P,PROPN,,flat:foreign,,,,,0.0468859942638751,ORG
.,PUNCT,,punct,,,,,-0.2833834393465443,ORG
Morgan,PROPN,,flat:foreign,,,,,0.2416052109210932,ORG
Chase,PROPN,,flat:foreign,,,,,0.1504911957645674,ORG
",",PUNCT,,punct,,,,,0.1580819672278644,NONE
американского,ADJ,,amod,Acc,Masc,Sing,Anim,0.2009005056141411,NONE
гиганта,NOUN,,appos,Acc,Masc,Sing,Anim,0.1185519682857089,NONE
финансовых,ADJ,,amod,Gen,,Plur,,0.0831954544113257,NONE
услуг,NOUN,,nmod,Gen,Fem,Plur,Inan,0.2314069228303938,NONE
и,CCONJ,,cc,,,,,0.0234450989061968,NONE
самого,ADJ,,amod,Gen,Masc,Sing,,-0.05931615127058,NONE
ценного,ADJ,,amod,Gen,Masc,Sing,,0.060366608762017,NONE
банка,NOUN,,conj,Gen,Masc,Sing,Inan,0.0963467059828122,NONE
в,ADP,,case,,,,,-0.0561572039722612,NONE
мире,NOUN,,nmod,Loc,Masc,Sing,Inan,0.1681158967062536,NONE
по,ADP,,case,,,,,0.3584170766663447,NONE
рыночной,ADJ,,amod,Dat,Fem,Sing,,0.0583009776351723,NONE
капитализации,NOUN,,nmod,Dat,Fem,Sing,Inan,0.0301919337552757,NONE
.,PUNCT,,punct,,,,,0.3354537492806169,NONE
Их,DET,,det,,,,,0.029474569027395,NONE
помощь,NOUN,,nsubj,Nom,Fem,Sing,Inan,-0.0760311087329367,NONE
имеет,VERB,,root,,,Sing,,-0.0845440237148897,NONE
решающее,ADJ,,amod,Acc,Neut,Sing,,-0.0624405651487231,NONE
значение,NOUN,,obj,Acc,Neut,Sing,Inan,-0.1033172175094267,NONE
",",PUNCT,,punct,,,,,0.019475847440607,NONE
но,CCONJ,,cc,,,,,-0.0041815272116478,NONE
их,PRON,,obj,Acc,,Plur,,-0.0676755008413168,NONE
не,PART,,advmod,,,,,-0.017005917472403,NONE
следует,VERB,,conj,,,Sing,,-0.0680098868205511,NONE
обвинять,VERB,,csubj,,,,,-0.0200600722856133,NONE
в,ADP,,case,,,,,-0.0532804803953511,NONE
том,PRON,,obl,Loc,Neut,Sing,Inan,-0.0581140259086676,NONE
",",PUNCT,,punct,,,,,0.0287638332835948,NONE
что,SCONJ,,mark,,,,,-0.0975445520645977,NONE
они,PRON,,nsubj,Nom,,Plur,,-0.276429504429494,NONE
не,PART,,advmod,,,,,-0.7788181005021239,NONE
возродили,VERB,,acl,,,Plur,,0.0501964848652563,NONE
движение,NOUN,,obj,Acc,Neut,Sing,Inan,-0.0439328406662439,NONE
"""",PUNCT,,punct,,,,,-0.0510274422286854,NONE
"""",PUNCT,,punct,,,,,0.0699818805293043,NONE
.,PUNCT,,punct,,,,,0.1113337572725704,NONE
"""",PUNCT,,root,,,,,-0.3093808293874543,NONE
Насколько,ADV,,advmod,,,,,-0.0769983185049548,NONE
вы,PRON,,nsubj,Nom,,Plur,,0.1883117439277392,NONE
уверены,ADJ,,root,,,Plur,,-0.3049757721196509,NONE
",",PUNCT,,punct,,,,,0.4653808501797485,NONE
что,SCONJ,,mark,,,,,-0.4340187143527055,NONE
эта,DET,,det,Nom,Fem,Sing,,-0.119891258954661,NONE
компания,NOUN,,nsubj,Nom,Fem,Sing,Inan,-0.0723944070231864,NONE
собирается,VERB,,ccomp,,,Sing,,-0.1382809391367402,NONE
хранить,VERB,,xcomp,,,,,0.2027525091438903,NONE
эти,DET,,det,Acc,,Plur,,-0.2057193526744081,NONE
данные,NOUN,,obj,Acc,,Plur,Inan,-0.1427366483317686,NONE
в,ADP,,case,,,,,0.1467113651287657,NONE
тайне,NOUN,,obl,Loc,Fem,Sing,Inan,0.058307073535584,NONE
и,CCONJ,,cc,,,,,-0.1273158575298533,NONE
не,PART,,advmod,,,,,-0.0470505920830038,NONE
давать,VERB,,conj,,,,,0.0881538145198467,NONE
другим,ADJ,,iobj,Dat,,Plur,,0.0355705877361236,NONE
в,ADP,,case,,,,,0.1235639036149996,NONE
вашем,DET,,det,Loc,Neut,Sing,,0.0365879612820443,NONE
сообществе,NOUN,,obl,Loc,Neut,Sing,Inan,0.1430387169980098,NONE
знать,VERB,,xcomp,,,,,-0.0475742411673126,NONE
?,PUNCT,,punct,,,,,0.3379678198304862,NONE
Награды,NOUN,,nsubj,Nom,Fem,Plur,Inan,0.2953594344390372,NONE
-,PUNCT,,punct,,,,,0.0120119890904684,NONE
это,PRON,,expl,,,,,0.0008628413346843,NONE
достижения,NOUN,,root,Nom,Neut,Plur,Inan,-0.1350004656800826,NONE
в,ADP,,case,,,,,-0.1096841031832855,NONE
области,NOUN,,nmod,Loc,Fem,Sing,Inan,-0.1055097004685259,NONE
закупок,NOUN,,nmod,Gen,Fem,Plur,Inan,-0.0024031271729996,NONE
и,CCONJ,,cc,,,,,-0.2046625147584586,NONE
цепочки,NOUN,,conj,Gen,Fem,Sing,Inan,-0.08046490656509,NONE
поставок,NOUN,,nmod,Gen,Fem,Plur,Inan,0.0778868268310439,NONE
-,PUNCT,,punct,,,,,0.1013311347946434,NONE
телекоммуникации,NOUN,,parataxis,Gen,Fem,Sing,Inan,0.1069551455501852,NONE
/,PUNCT,,punct,,,,,0.1742005568516967,NONE
ИТ,PROPN,,nmod,Gen,Fem,Sing,Inan,0.1660268626615457,NONE
",",PUNCT,,punct,,,,,0.4399040419407905,NONE
самое,ADJ,,amod,Nom,Neut,Sing,,0.2372555731388695,NONE
инновационное,ADJ,,amod,Nom,Neut,Sing,,0.0031349296178548,NONE
использование,NOUN,,conj,Nom,Neut,Sing,Inan,-0.0559310025867018,NONE
технологий,NOUN,,nmod,Gen,Fem,Plur,Inan,0.1110102530954981,NONE
в,ADP,,case,,,,,-0.0220842871256511,NONE
области,NOUN,,nmod,Loc,Fem,Sing,Inan,-0.0401804943848936,NONE
закупок,NOUN,,nmod,Gen,Fem,Plur,Inan,0.1142292876554909,NONE
(,PUNCT,,punct,,,,,-0.2886210463666075,NONE
частный,ADJ,,amod,Nom,Masc,Sing,,0.037615508361922,NONE
сектор,NOUN,,parataxis,Nom,Masc,Sing,Inan,0.0247514053164978,NONE
),PUNCT,,punct,,,,,0.067267586732513,NONE
и,CCONJ,,cc,,,,,0.0255681211633772,NONE
группа,NOUN,,conj,Nom,Fem,Sing,Inan,0.0913364473873256,NONE
по,ADP,,case,,,,,-0.0253437101937623,NONE
закупкам,NOUN,,nmod,Dat,Fem,Plur,Inan,0.2225400599237497,NONE
и,CCONJ,,cc,,,,,-0.0763938135094473,NONE
цепочкам,NOUN,,conj,Dat,Fem,Plur,Inan,0.1627978595612291,NONE
поставок,NOUN,,nmod,Gen,Fem,Plur,Inan,0.0547811465519582,NONE
года,NOUN,,nmod,Gen,Masc,Sing,Inan,0.0478571651400761,NONE
-,PUNCT,,punct,,,,,-0.0064750967092532,NONE
золото,NOUN,,parataxis,Nom,Neut,Sing,Inan,0.1309445868458966,NONE
Ни,CCONJ,,cc,,,,,0.0906019971487873,NONE
Тони,PROPN,,obj,Acc,Masc,Sing,Anim,-0.0108485850200881,PER
",",PUNCT,,punct,,,,,0.1926518257065434,NONE
ни,CCONJ,,cc,,,,,0.0807392290686291,NONE
его,DET,,det,,,,,-0.5274978449541547,NONE
велосипед,NOUN,,conj,Acc,Masc,Sing,Inan,0.1013785038131008,NONE
не,PART,,advmod,,,,,-0.0131669319314554,NONE
видели,VERB,,root,,,Plur,,0.0115347648623179,NONE
с,ADP,,advmod,,,,,0.2816912756823,NONE
тех,DET,,fixed,Gen,,Plur,,-0.1887340382234442,NONE
пор,NOUN,,fixed,Gen,Fem,Plur,Inan,-0.0111359742287506,NONE
",",PUNCT,,punct,,,,,-0.0084174454280002,NONE
как,SCONJ,,mark,,,,,0.1782817305804595,NONE
два,NUM,,nummod:gov,Acc,Masc,,Inan,-0.0954046888030006,NONE
года,NOUN,,obl,Gen,Masc,Sing,Inan,-0.2114894128627653,NONE
назад,ADV,,advmod,,,,,0.21046208323232,NONE
покинули,VERB,,advcl,,,Plur,,-0.1178568760736977,NONE
Орчийский,ADJ,,amod,Acc,Masc,Sing,Inan,0.1962532558172493,LOC
мост,NOUN,,obj,Acc,Masc,Sing,Inan,-0.0610520421017479,LOC
.,PUNCT,,punct,,,,,0.3733357810457635,NONE
Доминик,NOUN,,nsubj,Nom,Masc,Sing,Anim,0.2174811523324407,PER
Каммингс,PROPN,,appos,Nom,Masc,Sing,Anim,0.0774853677060259,PER
является,VERB,,root,,,Sing,,0.3162639340996726,NONE
заложником,NOUN,,obl,Ins,Masc,Sing,Anim,-0.035648538102003,NONE
SAS,PROPN,,flat:foreign,,,,,0.2013064269131516,ORG
.,PUNCT,,punct,,,,,-0.0954498071420877,NONE
.,PUNCT,,punct,,,,,-0.0341449723600063,NONE
.,PUNCT,,punct,,,,,-0.0222830516490608,NONE
во,ADP,,case,,,,,-0.0035490323982518,NONE
время,NOUN,,fixed,Acc,Neut,Sing,Inan,0.1949511502012789,NONE
базового,ADJ,,amod,Gen,Masc,Sing,,0.0015115526656643,NONE
тура,NOUN,,obl,Gen,Masc,Sing,Inan,0.1000511767946338,NONE
ГМ,NOUN,,nsubj,Nom,Masc,Sing,Inan,0.0129891935358754,ORG
",",PUNCT,,punct,,,,,-0.0244817017271786,NONE
тем,DET,,det,Ins,Neut,Sing,,0.0287307875417733,NONE
временем,NOUN,,parataxis,Ins,Neut,Sing,Inan,0.0764237079967785,NONE
",",PUNCT,,punct,,,,,0.0018175017312626,NONE
хочет,VERB,,root,,,Sing,,0.0352988791529677,NONE
снизить,VERB,,xcomp,,,,,0.0034689332677253,NONE
затраты,NOUN,,obj,Acc,Fem,Plur,Inan,0.1430993729062986,NONE
на,ADP,,case,,,,,-0.1717358901797773,NONE
рабочую,ADJ,,amod,Acc,Fem,Sing,,-0.0122750779037255,NONE
силу,NOUN,,nmod,Acc,Fem,Sing,Inan,-0.1566994100419321,NONE
",",PUNCT,,punct,,,,,0.0109242903720855,NONE
так,ADV,,mark,,,,,-0.1673399280398392,NONE
как,SCONJ,,fixed,,,,,-0.0745114706739688,NONE
продажи,NOUN,,nsubj,Nom,Fem,Plur,Inan,0.0237716002974864,NONE
автомобилей,NOUN,,nmod,Gen,Masc,Plur,Inan,-0.3039006980767161,NONE
замедляются,VERB,,advcl,,,Plur,,-0.2028831464468452,NONE
.,PUNCT,,punct,,,,,-0.1273906190231754,NONE
Она,PRON,,nsubj,Nom,Fem,Sing,,-0.3289840621372278,NONE
сказала,VERB,,root,,Fem,Sing,,-0.0851270747652932,NONE
:,PUNCT,,punct,,,,,0.0657776582543763,NONE
«Он,PUNCT,,punct,,,,,0.1233333993568157,NONE
блестящий,ADJ,,amod,Nom,Masc,Sing,,0.0927936829681285,NONE
",",PUNCT,,punct,,,,,0.1559804680835151,NONE
но,CCONJ,,cc,,,,,0.2064315840588406,NONE
сложный,ADJ,,conj,Nom,Masc,Sing,,0.381566840313833,NONE
человек,NOUN,,parataxis,Nom,Masc,Sing,Anim,0.0931359279304785,NONE
",",PUNCT,,punct,,,,,0.2459978776875519,NONE
который,PRON,,nsubj,Nom,Masc,Sing,,-0.0288047426542956,NONE
помимо,ADP,,case,,,,,-0.0713758624587153,NONE
давления,NOUN,,nmod,Gen,Neut,Sing,Inan,0.0551906046689555,NONE
художника,NOUN,,nmod,Gen,Masc,Sing,Anim,0.1755980930254096,NONE
и,CCONJ,,cc,,,,,0.1366808873940377,NONE
чернокожего,ADJ,,amod,Gen,Masc,Sing,,0.1420381013877641,NONE
человека,NOUN,,conj,Gen,Masc,Sing,Anim,0.0431208775487423,NONE
",",PUNCT,,punct,,,,,0.1284269055242983,NONE
который,PRON,,nsubj,Nom,Masc,Sing,,0.0364564368542635,NONE
пережил,VERB,,acl:relcl,,Masc,Sing,,0.2888969889737673,NONE
болезненную,ADJ,,amod,Acc,Fem,Sing,,0.076452990940871,NONE
потерю,NOUN,,obj,Acc,Fem,Sing,Inan,0.0021253056708565,NONE
своей,DET,,det,Gen,Fem,Sing,,-0.1025239901235259,NONE
матери,NOUN,,nmod,Gen,Fem,Sing,Anim,0.0312062597672602,NONE
и,CCONJ,,cc,,,,,0.0786508039196405,NONE
должен,ADJ,,conj,,Masc,Sing,,0.0178278469050717,NONE
иметь,VERB,,xcomp,,,,,0.0419841004987027,NONE
дело,NOUN,,obj,Acc,Neut,Sing,Inan,0.0513386593385573,NONE
с,ADP,,case,,,,,0.1369196889899945,NONE
давлением,NOUN,,obl,Ins,Neut,Sing,Inan,0.0829569133872453,NONE
и,CCONJ,,cc,,,,,0.0054292062679393,NONE
изоляцией,NOUN,,conj,Ins,Fem,Sing,Inan,0.1251668698458503,NONE
",",PUNCT,,punct,,,,,0.1367930716911412,NONE
которые,PRON,,nsubj,Nom,,Plur,,-0.0775235990207286,NONE
усиливаются,VERB,,acl:relcl,,,Plur,,0.1077837370760808,NONE
его,DET,,det,,,,,0.0117027827144295,NONE
биполярным,ADJ,,amod,Ins,Neut,Sing,,0.1234048116189103,NONE
расстройством»,NOUN,,obl,Ins,Neut,Sing,Inan,0.0890007013289639,NONE
.,PUNCT,,punct,,,,,0.2152499223874533,NONE
В,ADP,,case,,,,,0.1998970974033254,NONE
Колорадо,PROPN,,obl,Loc,Masc,Sing,Inan,0.1114684833726214,LOC
протестующие,VERB,,nsubj,Nom,,Plur,,0.0752067638393711,NONE
обращают,VERB,,root,,,Plur,,-0.0065700848511757,NONE
внимание,NOUN,,obj,Acc,Neut,Sing,Inan,-0.142669608274774,NONE
на,ADP,,case,,,,,-0.1214300085845659,NONE
смерть,NOUN,,nmod,Acc,Fem,Sing,Inan,-0.0989805556234718,NONE
Элайджи,PROPN,,nmod,Gen,Masc,Sing,Anim,0.0987501931142568,PER
Макклэйна,PROPN,,flat:name,Gen,Masc,Sing,Anim,0.0707801869019097,PER
",",PUNCT,,punct,,,,,0.3539907613194602,NONE
которого,PRON,,obj,Acc,,,,-0.0725002749341482,NONE
полиция,NOUN,,nsubj,Nom,Fem,Sing,Inan,0.0881607972027314,NONE
остановила,VERB,,acl:relcl,,Fem,Sing,,0.0862204727643057,NONE
во,ADP,,case,,,,,-0.1064231466421516,NONE
время,NOUN,,fixed,Acc,Neut,Sing,Inan,-0.0169189721129971,NONE
прогулки,NOUN,,obl,Gen,Fem,Sing,Inan,0.0538514341321065,NONE
по,ADP,,case,,,,,0.1082904593216665,NONE
улице,NOUN,,nmod,Dat,Fem,Sing,Inan,0.0044584133176098,NONE
Авроры,PROPN,,nmod,Gen,Fem,Sing,Inan,0.1129114284772733,LOC
в,ADP,,case,,,,,0.0863971852315984,NONE
августе,NOUN,,obl,Loc,Masc,Sing,Inan,0.1690392174792697,NONE
2019,ADJ,,amod,,,,,0.1261327528631975,NONE
года,NOUN,,nmod,Gen,Masc,Sing,Inan,0.3032194350616942,NONE
после,ADP,,case,,,,,0.0826066831603411,NONE
того,PRON,,obl,Gen,Neut,Sing,Inan,-0.0872901605661118,NONE
",",PUNCT,,punct,,,,,0.1950114551761358,NONE
как,SCONJ,,mark,,,,,0.0788078394198078,NONE
звонивший,VERB,,nsubj,Nom,Masc,Sing,,0.0662684905063176,NONE
в,ADP,,case,,,,,-0.0232412425890666,NONE
службу,NOUN,,obl,Acc,Fem,Sing,Inan,0.1051854050915496,NONE
911,NUM,,appos,,,,,-0.0342946128016795,ORG
сообщил,VERB,,acl,,Masc,Sing,,-0.2094643596727694,NONE
о,ADP,,case,,,,,0.2734470935419553,NONE
нем,PRON,,obl,Loc,Masc,Sing,,0.0419439212903337,NONE
как,SCONJ,,mark,,,,,0.0983192206844274,NONE
о,ADP,,case,,,,,0.1889490675645956,NONE
подозрительном,ADJ,,acl,Loc,Neut,Sing,,0.1528790413132548,NONE
.,PUNCT,,punct,,,,,-0.0928730551342974,NONE
Дополнительный,ADJ,,amod,Nom,Masc,Sing,,-0.0133020186209423,NONE
кусок,NOUN,,root,Nom,Masc,Sing,Inan,-0.0727587517389243,NONE
пиццы,NOUN,,nmod,Gen,Fem,Sing,Inan,-0.0786960629797408,NONE
или,CCONJ,,cc,,,,,0.0990297129946375,NONE
миска,NOUN,,conj,Gen,Masc,Sing,Inan,0.0524678044798256,NONE
мороженого,NOUN,,nmod,Gen,Neut,Sing,Inan,-0.02665671147448,NONE
",",PUNCT,,punct,,,,,0.1134329190943077,NONE
хотя,SCONJ,,mark,,,,,0.2314352190522243,NONE
?,PUNCT,,punct,,,,,0.5029084048420306,NONE
Корреспонденты,NOUN,,nsubj,Nom,Masc,Plur,Anim,0.1919490412291814,NONE
говорят,VERB,,root,,,Plur,,0.1767696595118683,NONE
",",PUNCT,,punct,,,,,0.17488252605398,NONE
что,SCONJ,,mark,,,,,0.4346883953903206,NONE
дополнительный,ADJ,,amod,Nom,Masc,Sing,,0.0261569738046913,NONE
импульс,NOUN,,nsubj,Nom,Masc,Sing,Inan,0.0357765096661767,NONE
мероприятию,NOUN,,iobj,Dat,Neut,Sing,Inan,0.1419638295672319,NONE
этого,DET,,det,Gen,Masc,Sing,,0.0375873289899324,NONE
года,NOUN,,nmod,Gen,Masc,Sing,Inan,-0.1006218090606354,NONE
придал,VERB,,ccomp,,Masc,Sing,,-0.0880635886300357,NONE
гнев,NOUN,,nsubj,Nom,Masc,Sing,Inan,0.1566375846498377,NONE
из-за,ADP,,case,,,,,0.1682578234065692,NONE
полицейских,ADJ,,amod,Gen,,Plur,,0.1887236641997499,NONE
репрессий,NOUN,,obl,Gen,Fem,Plur,Inan,0.0824022778929559,NONE
во,ADP,,case,,,,,0.0938390643806212,NONE
время,NOUN,,fixed,Acc,Neut,Sing,Inan,-0.4204782229635145,NONE
блокировки,NOUN,,nmod,Gen,Fem,Sing,Inan,-0.017182783644151,NONE
Covid-19,PROPN,,flat:foreign,,,,,-0.0374154061316128,NONE
.,PUNCT,,punct,,,,,-0.3209353947937109,NONE
Ной,PROPN,,nsubj:pass,Nom,Masc,Sing,Anim,0.3832625094538404,PER
был,AUX,,aux:pass,,Masc,Sing,,0.0132951809455524,NONE
обязан,ADJ,,root,,Masc,Sing,,-0.2189026321650748,NONE
судом,NOUN,,iobj,Ins,Masc,Sing,Inan,-0.0063669887859774,NONE
еще,PART,,advmod,,,,,-0.0093888162185119,NONE
в,ADP,,case,,,,,-0.0650418600664648,NONE
мае,NOUN,,obl,Loc,Masc,Sing,Inan,0.0532712106605638,NONE
освобожден,VERB,,xcomp,,Masc,Sing,,-0.0774687063987382,NONE
из-под,ADP,,case,,,,,0.1600518835322328,NONE
стражи,NOUN,,obl,Gen,Fem,Sing,Inan,-0.0384352938033557,NONE
родителей,NOUN,,nmod,Gen,Masc,Plur,Anim,-0.0035140234847787,NONE
из-за,ADP,,case,,,,,0.1165880645644413,NONE
опасений,NOUN,,obl,Gen,Neut,Plur,Inan,-0.0103919212982733,NONE
по,ADP,,case,,,,,-0.0948205679455154,NONE
поводу,NOUN,,fixed,Dat,Masc,Sing,Inan,0.0394526561206515,NONE
жестокого,ADJ,,amod,Gen,Neut,Sing,,0.0471952334962722,NONE
обращения,NOUN,,nmod,Gen,Neut,Sing,Inan,-0.1354663012714904,NONE
.,PUNCT,,punct,,,,,0.7375964067208471,NONE
Он,PRON,,nsubj,Nom,Masc,Sing,,0.047521334454734,NONE
сделал,VERB,,root,,Masc,Sing,,-0.1462262996651022,NONE
то,PRON,,obj,Acc,Neut,Sing,Inan,0.0005809282110034,NONE
же,PART,,advmod,,,,,-0.2689972695144849,NONE
самое,ADJ,,amod,Acc,Neut,Sing,,0.0877931434875307,NONE
в,ADP,,case,,,,,0.0796631905498714,NONE
штате,NOUN,,obl,Loc,Masc,Sing,Inan,0.1445254971820669,NONE
Мадхья-Прадеш,PROPN,,appos,Nom,Masc,Sing,Inan,0.4044628087667601,LOC
",",PUNCT,,punct,,,,,0.0655774394443114,NONE
сказал,VERB,,parataxis,,Masc,Sing,,-0.1158873080189615,NONE
Конгресс,PROPN,,nsubj,Nom,Masc,Sing,Inan,0.1160014723813228,ORG
.,PUNCT,,punct,,,,,-0.161092800650404,NONE
Он,PRON,,nsubj,Nom,Masc,Sing,,0.0143057483518726,NONE
дал,VERB,,root,,Masc,Sing,,-0.0942514938722615,NONE
несколько,NUM,,nummod,Acc,,,Inan,-0.0641096434161649,NONE
других,ADJ,,amod,Gen,,Plur,,-0.0329074968836819,NONE
пояснений,NOUN,,obl,Gen,Neut,Plur,Inan,-0.0381822263283881,NONE
относительно,ADP,,case,,,,,-0.0067350590658564,NONE
своего,DET,,det,Gen,Masc,Sing,,0.0533446898799186,NONE
подхода,NOUN,,nmod,Gen,Masc,Sing,Inan,0.253888552188415,NONE
",",PUNCT,,punct,,,,,0.1136275697243126,NONE
но,CCONJ,,cc,,,,,0.3319813043846156,NONE
добавил,VERB,,conj,,Masc,Sing,,0.0867972636241359,NONE
",",PUNCT,,punct,,,,,0.0670902687936993,NONE
что,SCONJ,,mark,,,,,0.0356293083320843,NONE
",",PUNCT,,punct,,,,,0.0827970696935348,NONE
например,ADV,,parataxis,,,,,0.0364460487411471,NONE
",",PUNCT,,punct,,,,,-0.0217672709510491,NONE
когда,SCONJ,,mark,,,,,-0.0047663136856021,NONE
он,PRON,,nsubj,Nom,Masc,Sing,,0.303771649857332,NONE
присоединился,VERB,,advcl,,Masc,Sing,,0.0035841209399448,NONE
к,ADP,,case,,,,,0.0205377867645193,NONE
Visa,PROPN,,flat:foreign,,,,,-0.0744973800259935,ORG
и,CCONJ,,cc,,,,,0.0321000609625077,NONE
Bank,PROPN,,flat:foreign,,,,,-0.1730658909544682,ORG
of,X,,flat:foreign,,,,,-0.1351450479146002,ORG
New,PROPN,,flat:foreign,,,,,-0.0648976995332175,ORG
York,PROPN,,flat:foreign,,,,,-0.0617032374289974,ORG
Mellon,PROPN,,flat:foreign,,,,,-0.034840762020161,ORG
",",PUNCT,,punct,,,,,-0.0262425849268567,NONE
он,PRON,,nsubj,Nom,Masc,Sing,,0.1989443977426143,NONE
очень,ADV,,advmod,,,,,0.6506792320485512,NONE
хотел,VERB,,ccomp,,Masc,Sing,,-0.1365532461657816,NONE
встретиться,VERB,,xcomp,,,,,0.1023884812273986,NONE
со,ADP,,case,,,,,-0.0112431646273994,NONE
своей,DET,,det,Ins,Fem,Sing,,-0.1357965732774376,NONE
организацией,NOUN,,obl,Ins,Fem,Sing,Inan,-0.0828792568132238,NONE
.,PUNCT,,punct,,,,,0.1454096623606891,NONE
Это,PRON,,nsubj,Nom,Neut,Sing,Inan,0.0282732253717805,NONE
первый,ADJ,,amod,Nom,Masc,Sing,,-0.1564562427235967,NONE
прототип,NOUN,,root,Nom,Masc,Sing,Inan,0.428249471927174,NONE
коренных,ADJ,,amod,Gen,,Plur,,0.1221148723688464,NONE
народов,NOUN,,nmod,Gen,Masc,Plur,Inan,-0.0571611908830492,NONE
и,CCONJ,,cc,,,,,0.0322066512741545,NONE
топливные,ADJ,,amod,Nom,,Plur,,0.0963960525064446,NONE
элементы,NOUN,,nsubj,Nom,Masc,Plur,Inan,-0.2511794933719813,NONE
используют,VERB,,conj,,,Plur,,0.2194704046964579,NONE
водород,NOUN,,obj,Acc,Masc,Sing,Inan,0.0148811142153365,NONE
для,ADP,,case,,,,,-0.2206982019173747,NONE
производства,NOUN,,obl,Gen,Neut,Sing,Inan,-0.0327570889380135,NONE
электроэнергии,NOUN,,nmod,Gen,Fem,Sing,Inan,0.0988934771534388,NONE
.,PUNCT,,punct,,,,,0.2174396355918284,NONE
Удалось,VERB,,root,,Neut,Sing,,0.1007023709664216,NONE
попробовать,VERB,,csubj,,,,,-0.075155412447669,NONE
купить,VERB,,xcomp,,,,,-0.168270229480055,NONE
на,ADP,,case,,,,,-0.2308132161650874,NONE
компьютере,NOUN,,obl,Loc,Masc,Sing,Inan,0.2512653088389984,NONE
на,ADP,,case,,,,,-0.0864454148348354,NONE
сайте,NOUN,,obl,Loc,Masc,Sing,Inan,-0.0202503412735833,NONE
?,PUNCT,,punct,,,,,-0.3977634039334727,NONE
На,ADP,,case,,,,,-0.052363318998396,NONE
этой,DET,,det,Loc,Fem,Sing,,0.2033324712793692,NONE
неделе,NOUN,,obl,Loc,Fem,Sing,Inan,-0.0449576188790411,NONE
федеральные,ADJ,,amod,Nom,,Plur,,-0.0219119105747504,NONE
чиновники,NOUN,,nsubj,Nom,Masc,Plur,Anim,0.0128728937515177,NONE
перебросили,VERB,,root,,,Plur,,-0.0195062645463723,NONE
тактическую,ADJ,,amod,Acc,Fem,Sing,,-0.0475456319416423,NONE
группу,NOUN,,obj,Acc,Fem,Sing,Inan,-0.075417885474836,NONE
в,ADP,,case,,,,,-0.0730538610414184,NONE
Сиэтл,PROPN,,obl,Acc,Masc,Sing,Inan,0.0181501782883507,LOC
",",PUNCT,,punct,,,,,0.0526865198187087,NONE
и,CCONJ,,cc,,,,,0.7665643853987852,NONE
протестующие,VERB,,nsubj,Nom,,Plur,,-0.0637255737453913,NONE
назвали,VERB,,conj,,,Plur,,0.0283203109671799,NONE
это,DET,,det,Acc,Neut,Sing,,-0.0052608776183358,NONE
развитие,NOUN,,obj,Acc,Neut,Sing,Inan,-0.0205154522542729,NONE
событий,NOUN,,nmod,Gen,Neut,Plur,Inan,-0.0153241992230654,NONE
одной,NUM,,obl,Ins,Fem,,,0.0597474853476685,NONE
из,ADP,,case,,,,,-0.0002889587827445,NONE
причин,NOUN,,nmod,Gen,Fem,Plur,Inan,0.3564987552848468,NONE
субботних,ADJ,,amod,Gen,,Plur,,0.0178020394143253,NONE
демонстраций,NOUN,,nmod,Gen,Fem,Plur,Inan,0.0149553856601995,NONE
.,PUNCT,,punct,,,,,0.0223577076590457,NONE
Португальский,ADJ,,amod,Nom,Masc,Sing,,0.306655415572381,NONE
плеймейкер,NOUN,,nsubj,Nom,Masc,Sing,Anim,0.0239356555845791,NONE
стал,VERB,,root,,Masc,Sing,,-0.1801008973122445,NONE
откровением,NOUN,,obl,Ins,Neut,Sing,Inan,0.1512082977060156,NONE
на,ADP,,case,,,,,-0.0458802658675045,NONE
"""",PUNCT,,punct,,,,,0.117265321828234,NONE
"""",PUNCT,,punct,,,,,0.1436203925836632,NONE
Олд,PROPN,,nmod,,,,,0.132256521055223,ORG
Траффорд,PROPN,,appos,Acc,Masc,Sing,Inan,0.2064927197404687,ORG
"""",PUNCT,,punct,,,,,0.1006319567807107,NONE
"""",PUNCT,,punct,,,,,0.0950565552779212,NONE
",",PUNCT,,punct,,,,,0.106339540358099,NONE
и,CCONJ,,cc,,,,,-0.0476258192872411,NONE
его,DET,,det,,,,,0.0433138209856408,NONE
приход,NOUN,,nsubj,Nom,Masc,Sing,Inan,0.01722834063256,NONE
позволил,VERB,,conj,,Masc,Sing,,0.1261121678281218,NONE
Погба,PROPN,,iobj,Dat,Masc,Sing,Anim,0.0058948954598689,PER
играть,VERB,,xcomp,,,,,0.0387124530434716,NONE
в,ADP,,case,,,,,-0.1460288306894724,NONE
более,ADV,,obl,,,,,0.0763769352049986,NONE
глубокой,ADJ,,amod,Loc,Fem,Sing,,0.0616523219715716,NONE
позиции,NOUN,,obl,Loc,Fem,Sing,Inan,0.189626004201329,NONE
центрального,ADJ,,amod,Gen,Masc,Sing,,-0.0311700399029195,NONE
полузащитника,NOUN,,nmod,Gen,Masc,Sing,Anim,0.2679573764475579,NONE
",",PUNCT,,punct,,,,,0.2059583118258006,NONE
что,PRON,,nsubj,Nom,,,,0.0127500246405072,NONE
также,ADV,,advmod,,,,,0.1185647329485553,NONE
улучшило,VERB,,parataxis,,Neut,Sing,,0.23109794280192,NONE
его,DET,,det,,,,,0.0832764723308274,NONE
настроение,NOUN,,obj,Acc,Neut,Sing,Inan,0.0902840605555436,NONE
.,PUNCT,,punct,,,,,-0.1306432033393031,NONE
"""",PUNCT,,root,,,,,-0.2924910960739719,NONE
Этот,DET,,det,Nom,Masc,Sing,,-0.3557489273833281,NONE
спальный,ADJ,,amod,Nom,Masc,Sing,,0.0281114708953835,NONE
мешок,NOUN,,nsubj,Nom,Masc,Sing,Inan,-0.0811788941968611,NONE
британского,ADJ,,amod,Gen,Neut,Sing,,-0.0036288274647499,NONE
производства,NOUN,,nmod,Gen,Neut,Sing,Inan,-0.0320772700316883,NONE
",",PUNCT,,punct,,,,,0.0798620898745221,NONE
испытанный,VERB,,acl,Nom,Masc,Sing,,0.154329070366614,NONE
и,CCONJ,,cc,,,,,-0.0350351690256123,NONE
проверенный,VERB,,conj,Nom,Masc,Sing,,-0.0081699845467718,NONE
фаворит,NOUN,,conj,Nom,Masc,Sing,Inan,0.0291068800150585,NONE
",",PUNCT,,punct,,,,,0.127287534637024,NONE
сочетает,VERB,,root,,,Sing,,0.1778807371503147,NONE
в,ADP,,case,,,,,0.2299233720028976,NONE
себе,PRON,,obl,Loc,,,,0.0066082672468033,NONE
размер,NOUN,,obj,Acc,Masc,Sing,Inan,-0.01678725645046,NONE
микроупаковки,NOUN,,nmod,Gen,Fem,Sing,Inan,0.0618331289257755,NONE
с,ADP,,case,,,,,0.124499444312271,NONE
серьезными,ADJ,,amod,Ins,,Plur,,0.152587622784345,NONE
характеристиками,NOUN,,nmod,Ins,Fem,Plur,Inan,0.0800190528911118,NONE
.,PUNCT,,punct,,,,,0.7845285777404836,NONE
Несмотря,ADV,,case,,,,,0.4908879417187956,NONE
на,ADP,,fixed,,,,,0.1109591270796384,NONE
это,PRON,,obl,Acc,Neut,Sing,Inan,0.1739537331509144,NONE
",",PUNCT,,punct,,,,,0.5546552998716939,NONE
реакция,NOUN,,nsubj,Nom,Fem,Sing,Inan,0.122779310404839,NONE
его,PRON,,nmod,Gen,Masc,Sing,,0.0879541507086603,NONE
жены,NOUN,,nmod,Gen,Fem,Sing,Anim,-0.0673296086795482,NONE
и,CCONJ,,cc,,,,,-0.0097352851250991,NONE
сына,NOUN,,conj,Gen,Masc,Sing,Anim,0.069507449130606,NONE
все,PART,,advmod,,,,,0.0390382895937884,NONE
еще,ADV,,advmod,,,,,0.0120408952287042,NONE
всегда,ADV,,advmod,,,,,-0.0283706576177076,NONE
терзала,VERB,,root,,Fem,Sing,,0.1194382342493574,NONE
меня,PRON,,obj,Acc,,Sing,,0.170899009734918,NONE
неправильно,ADV,,advmod,,,,,0.2314019149845373,NONE
и,CCONJ,,cc,,,,,0.1473259229056596,NONE
чувствовала,VERB,,conj,,Fem,Sing,,-0.0134740384323585,NONE
себя,PRON,,obj,Acc,,,,0.072892329275599,NONE
вынужденной,ADJ,,obl,Ins,Fem,Sing,,0.0845479333226422,NONE
в,ADP,,case,,,,,0.0877805889653458,NONE
этой,DET,,det,Loc,Fem,Sing,,0.0043309089660733,NONE
ситуации,NOUN,,obl,Loc,Fem,Sing,Inan,0.0154782468744406,NONE
попытаться,VERB,,xcomp,,,,,0.010742773018341,NONE
подчеркнуть,VERB,,xcomp,,,,,0.0686055625486469,NONE
отчаянную,ADJ,,amod,Acc,Fem,Sing,,0.0476093758509305,NONE
попытку,NOUN,,obj,Acc,Fem,Sing,Inan,0.1134927997758244,NONE
Уолта,PROPN,,nmod,Gen,Masc,Sing,Anim,0.1190418415542519,PER
компенсировать,VERB,,obl,,,,,0.0075581480057546,NONE
уродливые,ADJ,,amod,Acc,,Plur,Inan,0.2113013530193353,NONE
ошибки,NOUN,,obj,Acc,Fem,Plur,Inan,0.2079150338979526,NONE
.,PUNCT,,punct,,,,,-0.1761622566865609,NONE
Используя,VERB,,advcl,,,,,0.0904654278094364,NONE
хэштег,NOUN,,obj,Acc,Masc,Sing,Inan,0.0327040278630351,NONE
#SpeakUpForDemocracy,X,,flat:foreign,,,,,0.1127294255135629,NONE
",",PUNCT,,punct,,,,,-0.0508808118382015,NONE
его,DET,,det,,,,,0.0811006715993367,NONE
пост,NOUN,,nsubj,Nom,Masc,Sing,Inan,0.0238980548444135,NONE
в,ADP,,case,,,,,0.0403229514197971,NONE
Индии,PROPN,,nmod,Loc,Fem,Sing,Inan,0.3543728111438247,LOC
призвал,VERB,,root,,Masc,Sing,,0.2506576673308616,NONE
людей,NOUN,,obj,Acc,Masc,Plur,Anim,0.1012293104790922,NONE
"""",PUNCT,,punct,,,,,0.0752145798144262,NONE
"""",PUNCT,,punct,,,,,0.0258495349490455,NONE
Объединиться,VERB,,parataxis,,,,,0.1202738889393755,NONE
и,CCONJ,,cc,,,,,-0.2336102929701738,NONE
поднять,VERB,,conj,,,,,-0.0112520290292842,NONE
наш,DET,,det,Acc,Masc,Sing,,0.0220987169186741,NONE
голос,NOUN,,obj,Acc,Masc,Sing,Inan,0.0317788400045768,NONE
за,ADP,,case,,,,,0.0080612809336503,NONE
демократию,NOUN,,nmod,Acc,Fem,Sing,Inan,-0.0268090579072444,NONE
.,PUNCT,,punct,,,,,-0.556121573095647,NONE
"""",PUNCT,,punct,,,,,0.0543304333590214,NONE
"""",PUNCT,,root,,,,,0.1803283571257921,NONE
"""",PUNCT,,punct,,,,,0.4171576931447241,NONE
В,ADP,,advmod,,,,,0.0850331817642417,NONE
конечном,ADJ,,fixed,Loc,Masc,Sing,,-0.0151847201856213,NONE
счете,NOUN,,fixed,Loc,Masc,Sing,Inan,-0.0065146595019667,NONE
",",PUNCT,,punct,,,,,0.0220448991962573,NONE
Шарф,PROPN,,nsubj,Nom,Masc,Sing,Anim,0.1084304861160652,PER
может,VERB,,root,,,Sing,,0.0253019860095967,NONE
принять,VERB,,xcomp,,,,,-0.0085882332591289,NONE
решение,NOUN,,obj,Acc,Neut,Sing,Inan,-0.0267482351674753,NONE
о,ADP,,case,,,,,-0.0258599109460562,NONE
назначении,NOUN,,nmod,Loc,Neut,Sing,Inan,0.06550440371147,NONE
своих,DET,,det,Gen,,Plur,,0.0357388061361588,NONE
собственных,ADJ,,amod,Gen,,Plur,,0.0315949848112817,NONE
прямых,ADJ,,amod,Gen,,Plur,,0.0214805149998434,NONE
отчетов,NOUN,,nmod,Gen,Masc,Plur,Inan,0.1344738513096866,NONE
на,ADP,,case,,,,,-0.0395129925836741,NONE
ключевые,ADJ,,amod,Acc,,Plur,Inan,0.032653284192367,NONE
роли,NOUN,,nmod,Acc,Fem,Plur,Inan,0.112076144832446,NONE
",",PUNCT,,punct,,,,,0.1628797673237615,NONE
такие,DET,,det,Acc,,Plur,,0.0632998634364301,NONE
как,SCONJ,,mark,,,,,0.0313437145020374,NONE
финансовый,ADJ,,amod,Nom,Masc,Sing,,-0.0103640997344058,NONE
директор,NOUN,,obl,Nom,Masc,Sing,Anim,-0.0647400824259567,NONE
",",PUNCT,,punct,,,,,0.0622016806930827,NONE
как,SCONJ,,mark,,,,,-0.0010024538198807,NONE
обычно,ADV,,obl,,,,,0.0051156124084828,NONE
",",PUNCT,,punct,,,,,0.0849605945504421,NONE
когда,SCONJ,,mark,,,,,0.0436757653388167,NONE
назначается,VERB,,advcl,,,Sing,,0.1830422118119044,NONE
новый,ADJ,,amod,Nom,Masc,Sing,,0.0472204111220738,NONE
генеральный,ADJ,,amod,Nom,Masc,Sing,,0.061201307685955,NONE
директор,NOUN,,nsubj:pass,Nom,Masc,Sing,Anim,0.0799743650028575,NONE
.,PUNCT,,punct,,,,,0.8827930737293279,NONE
Companion,PROPN,,root,,,,,0.1517445185508574,NONE
AFV,PROPN,,flat:foreign,,,,,-0.0842915608105513,NONE
(,PUNCT,,punct,,,,,-0.1189174858113253,NONE
Audio-Follow-Video,PROPN,,flat:foreign,,,,,-0.0220040348629829,NONE
),PUNCT,,punct,,,,,-0.0653020336097862,NONE
—,PUNCT,,punct,,,,,-0.1396464104938301,NONE
для,ADP,,case,,,,,-0.0687920588806851,NONE
каждого,DET,,det,Gen,Masc,Sing,,-0.2692156407213853,NONE
аналогового,ADJ,,amod,Gen,Masc,Sing,,0.2378107581798767,NONE
видеовхода,NOUN,,obl,Gen,Masc,Sing,Inan,0.010819361176687,NONE
поддерживается,VERB,,parataxis,,,Sing,,0.1404365532789036,NONE
встроенный,VERB,,amod,Nom,Masc,Sing,,0.1597301237923485,NONE
аудио,NOUN,,nsubj:pass,Nom,Neut,Sing,Inan,0.0763989415812553,NONE
на,ADP,,case,,,,,-0.0221455472926848,NONE
2,NUM,,nummod,,,,,-0.1421733483421311,NONE
входа,NOUN,,nmod,Gen,Masc,Sing,Inan,0.1106747414612191,NONE
и,CCONJ,,cc,,,,,-0.0030167087139992,NONE
выхода,NOUN,,conj,Gen,Masc,Sing,Inan,-0.0911046111225205,NONE
HDMI,PROPN,,flat:foreign,,,,,0.0351190410780358,NONE
.,PUNCT,,punct,,,,,0.6742228535839743,NONE
Просто,PART,,advmod,,,,,0.3346765623628374,NONE
выберите,VERB,,root,,,Plur,,0.203508431654866,NONE
необходимое,ADJ,,amod,Acc,Neut,Sing,,-0.0523484661649925,NONE
общее,ADJ,,amod,Acc,Neut,Sing,,-0.0126471306555323,NONE
количество,NOUN,,obj,Acc,Neut,Sing,Inan,-0.1564376089931774,NONE
",",PUNCT,,punct,,,,,0.034026598102816,NONE
и,CCONJ,,cc,,,,,-0.063923615969995,NONE
вы,PRON,,nsubj,Nom,,Plur,,-0.06479496455463,NONE
автоматически,ADV,,advmod,,,,,-0.0819161707347489,NONE
получите,VERB,,conj,,,Plur,,0.3780183336094018,NONE
скидку,NOUN,,obj,Acc,Fem,Sing,Inan,0.5396558334173566,NONE
на,ADP,,case,,,,,0.181546267267285,NONE
все,PRON,,nmod,Acc,Neut,Sing,Inan,0.0097614420740691,NONE
из,ADP,,case,,,,,0.0190545689612245,NONE
них,PRON,,nmod,Gen,,Plur,,0.235753017234373,NONE
!,PUNCT,,punct,,,,,-0.0715069606388389,NONE
С,ADP,,case,,,,,-0.1922337719475144,NONE
инвалидами,NOUN,,obl,Ins,Masc,Plur,Anim,0.0214333652339243,NONE
в,ADP,,case,,,,,0.3649756293958167,NONE
Америке,PROPN,,obl,Loc,Fem,Sing,Inan,-0.1632234323269869,LOC
просто,PART,,advmod,,,,,0.3571197854982342,NONE
не,PART,,advmod,,,,,0.2334208896370418,NONE
обращаются,VERB,,root,,,Plur,,0.0909495240625505,NONE
правильно,ADV,,advmod,,,,,0.1805219931008227,NONE
",",PUNCT,,punct,,,,,0.3435745180679393,NONE
полная,ADJ,,amod,Nom,Fem,Sing,,0.0164066926509588,NONE
остановка,NOUN,,conj,Nom,Fem,Sing,Inan,0.3073361436027542,NONE
.,PUNCT,,punct,,,,,0.2644295882389339,NONE
Затем,ADV,,advmod,,,,,0.0896120095308713,NONE
Карлсон,PROPN,,nsubj,Nom,Masc,Sing,Anim,-0.0108720224990392,PER
",",PUNCT,,punct,,,,,-0.0044078905912904,NONE
который,PRON,,nsubj,Nom,,,,-0.0777268248511301,NONE
заявил,VERB,,acl:relcl,,Masc,Sing,,0.0691688099698165,NONE
",",PUNCT,,punct,,,,,0.1063910619080505,NONE
что,SCONJ,,mark,,,,,-0.0292122524054571,NONE
"""",PUNCT,,punct,,,,,0.1458630040578097,NONE
"""",PUNCT,,punct,,,,,0.0735221665419666,NONE
трудно,ADJ,,ccomp,,Neut,Sing,,0.1383910385904662,NONE
поверить,VERB,,csubj,,,,,0.1651379147449962,NONE
"""",PUNCT,,punct,,,,,0.1960896266632128,NONE
"""",PUNCT,,punct,,,,,0.1059198854180528,NONE
в,ADP,,case,,,,,0.1055721378216816,NONE
то,PRON,,obl,Acc,Neut,Sing,Inan,0.021647574093616,NONE
",",PUNCT,,punct,,,,,0.192844624918526,NONE
что,SCONJ,,mark,,,,,0.0296257953364928,NONE
действия,NOUN,,nsubj,Nom,Neut,Plur,Inan,0.0686522282144571,NONE
Трампа,PROPN,,nmod,Gen,Masc,Sing,Anim,0.056216025243864,PER
являются,VERB,,acl,,,Plur,,0.0730060855662462,NONE
безупречным,ADJ,,amod,Ins,Neut,Sing,,0.1649921424169243,NONE
преступлением,NOUN,,obl,Ins,Neut,Sing,Inan,0.0415154449436242,NONE
",",PUNCT,,punct,,,,,0.1015850224228269,NONE
усилил,VERB,,root,,Masc,Sing,,-0.0004192231272836,NONE
свой,DET,,det,Acc,Masc,Sing,,-0.041172931565887,NONE
удар,NOUN,,obj,Acc,Masc,Sing,Inan,0.0517379693000254,NONE
по,ADP,,case,,,,,-0.001636912568546,NONE
калифорнийскому,ADJ,,amod,Dat,Masc,Sing,,0.2136766926420772,NONE
законодателю,NOUN,,nmod,Dat,Masc,Sing,Anim,0.0628240105417015,NONE
.,PUNCT,,punct,,,,,-0.3643958853446949,NONE
"""",PUNCT,,root,,,,,0.2589213085752098,NONE
Комиксы,NOUN,,nsubj,Nom,Masc,Plur,Inan,0.2362425666844239,NONE
-,PUNCT,,punct,,,,,0.2131873861205233,NONE
это,PRON,,expl,,,,,0.0536918742727902,NONE
бумажные,ADJ,,amod,Nom,,Plur,,0.056811575628439,NONE
изделия,NOUN,,root,Nom,Neut,Plur,Inan,-0.153467859320953,NONE
массового,ADJ,,amod,Gen,Neut,Sing,,-0.0581307225892875,NONE
производства,NOUN,,nmod,Gen,Neut,Sing,Inan,0.0417843829960917,NONE
",",PUNCT,,punct,,,,,0.0217093306582062,NONE
с,ADP,,case,,,,,0.0846166130878113,NONE
которыми,PRON,,obl,Ins,,,,-0.0415019293612134,NONE
обращаются,VERB,,acl:relcl,,,Plur,,0.077751337806092,NONE
много,ADV,,nummod:gov,,,,,-0.0527823052834906,NONE
раз,NOUN,,obl,Gen,Masc,Plur,Inan,-0.113023144933574,NONE
",",PUNCT,,punct,,,,,0.0721320153294082,NONE
часто,ADV,,obl,,,,,0.1068902422213953,NONE
с,ADP,,case,,,,,0.049599268769118,NONE
незначительным,ADJ,,amod,Ins,Neut,Sing,,0.0059598864652129,NONE
вниманием,NOUN,,conj,Ins,Neut,Sing,Inan,-0.0010371991106664,NONE
",",PUNCT,,punct,,,,,0.0554149033803449,NONE
еще,ADV,,obl,,,,,0.0240684998624109,NONE
до,ADP,,case,,,,,0.1158815096804019,NONE
того,PRON,,obl,Gen,Neut,Sing,Inan,0.0890874221075512,NONE
",",PUNCT,,punct,,,,,-0.0239340700482034,NONE
как,SCONJ,,mark,,,,,-0.0461634045360763,NONE
они,PRON,,nsubj,Nom,,Plur,,0.0276370662424084,NONE
попадут,VERB,,acl,,,Plur,,0.0720805328145697,NONE
в,ADP,,case,,,,,0.1528535565043148,NONE
магазин,NOUN,,obl,Acc,Masc,Sing,Inan,0.0028378730667587,NONE
или,CCONJ,,cc,,,,,-0.0041120111112799,NONE
газетный,ADJ,,amod,Acc,Masc,Sing,Inan,0.177384009780767,NONE
киоск,NOUN,,conj,Acc,Masc,Sing,Inan,0.3214354402627826,NONE
",",PUNCT,,punct,,,,,0.0151850761326362,NONE
чтобы,SCONJ,,mark,,,,,0.0427788598121946,NONE
быть,AUX,,aux:pass,,,,,0.127004731658935,NONE
выставленными,VERB,,advcl,Ins,,Plur,,0.1590680152388694,NONE
на,ADP,,case,,,,,0.0508291346509875,NONE
продажу,NOUN,,obl,Acc,Fem,Sing,Inan,0.3985180929469621,NONE
.,PUNCT,,punct,,,,,-0.3574623584019009,NONE
Фирму,NOUN,,obj,Acc,Fem,Sing,Inan,0.0920285489814417,NONE
по,ADP,,case,,,,,-0.0757738089939986,NONE
обращению,NOUN,,nmod,Dat,Neut,Sing,Inan,-0.0123837970375878,NONE
с,ADP,,case,,,,,-0.1533831627361089,NONE
отходами,NOUN,,nmod,Ins,Masc,Plur,Inan,-0.1301816406591007,NONE
Biffa,PROPN,,flat:foreign,,,,,0.0031475895024806,ORG
оштрафовали,VERB,,root,,,Plur,,-0.1263369214443615,NONE
на,ADP,,case,,,,,-0.081101343581754,NONE
350,NUM,,nummod,,,,,0.0841339690595179,NONE
",",PUNCT,,punct,,,,,0.0431528559314459,NONE
000,NUM,,conj,,,,,0.0228639456105014,NONE
350,NUM,,nummod,,,,,0.1023984165627984,NONE
",",PUNCT,,punct,,,,,0.1026528452635748,NONE
000,NUM,,conj,,,,,0.1335979963029523,NONE
фунтов,NOUN,,obl,Gen,Masc,Plur,Inan,0.1337103311475969,NONE
за,ADP,,case,,,,,-0.0276952494420412,NONE
попытку,NOUN,,obl,Acc,Fem,Sing,Inan,-0.0850160742023833,NONE
отправки,NOUN,,nmod,Gen,Fem,Sing,Inan,0.0474850472460068,NONE
бытовой,ADJ,,amod,Gen,Fem,Sing,,-0.0394922726219948,NONE
мусорки,NOUN,,nmod,Gen,Fem,Sing,Inan,0.0348835786536117,NONE
в,ADP,,case,,,,,0.1043524730691632,NONE
Китай,PROPN,,nmod,Acc,Masc,Sing,Inan,-0.0871382829392568,LOC
",",PUNCT,,punct,,,,,0.0974755889529254,NONE
обозначенную,VERB,,acl,Acc,Fem,Sing,,0.1062921042816617,NONE
как,SCONJ,,mark,,,,,-0.0550800467803925,NONE
отходы,NOUN,,advcl,Nom,Masc,Plur,Inan,0.1672024562028361,NONE
",",PUNCT,,punct,,,,,0.0654847924378713,NONE
пригодные,ADJ,,amod,Nom,,Plur,,0.0690857869771619,NONE
для,ADP,,case,,,,,-0.034584460289572,NONE
переработки,NOUN,,obl,Gen,Fem,Sing,Inan,0.1581308366180636,NONE
Шикарный,ADJ,,amod,Nom,Masc,Sing,,0.1841199934865642,NONE
отель,NOUN,,nsubj,Nom,Masc,Sing,Inan,0.0262418946612073,NONE
может,VERB,,root,,,Sing,,0.044267861385319,NONE
похвастаться,VERB,,xcomp,,,,,0.0481087079804442,NONE
одними,NUM,,xcomp,Ins,,Plur,,0.0657287286964459,NONE
из,ADP,,case,,,,,0.0034864468139791,NONE
самых,DET,,det,Gen,,Plur,,0.0972303312597074,NONE
дорогих,ADJ,,amod,Gen,,Plur,,0.2027430145077157,NONE
пансионов,NOUN,,nmod,Gen,Masc,Plur,Inan,0.044771486245057,NONE
и,CCONJ,,cc,,,,,0.1829210010098726,NONE
ресторанов,NOUN,,conj,Gen,Masc,Plur,Inan,0.2542737052093604,NONE
в,ADP,,case,,,,,0.1915541896209755,NONE
комплексе,NOUN,,nmod,Loc,Masc,Sing,Inan,-0.0255705885098414,NONE
Aerocity,PROPN,,flat:foreign,,,,,0.1374234321780217,ORG
",",PUNCT,,punct,,,,,0.1288760506226484,NONE
который,PRON,,nsubj:pass,Nom,Masc,Sing,,-0.0721497738405962,NONE
несколько,NUM,,nummod:gov,Acc,,,Inan,0.1294772159232217,NONE
лет,NOUN,,obl:tmod,Gen,Masc,Plur,Inan,0.14578261047875,NONE
назад,ADV,,advmod,,,,,0.1904075912725976,NONE
был,AUX,,aux:pass,,Masc,Sing,,-0.0301993401256008,NONE
предназначен,VERB,,acl:relcl,,Masc,Sing,,-0.064427979546178,NONE
для,ADP,,case,,,,,-0.0078556381276646,NONE
международных,ADJ,,amod,Gen,,Plur,,0.1658930457966367,NONE
и,CCONJ,,cc,,,,,-0.1314240188777491,NONE
внутренних,ADJ,,conj,Gen,,Plur,,0.1346231521874275,NONE
авиаперевозчиков,NOUN,,obl,Gen,Masc,Plur,Anim,0.1628376326874239,NONE
",",PUNCT,,punct,,,,,0.2762345980837098,NONE
следующих,VERB,,acl,Gen,,Plur,,0.0164287122315642,NONE
транзитом,NOUN,,obl,Ins,Masc,Sing,Inan,0.1222930086873715,NONE
через,ADP,,case,,,,,0.0902309069086707,NONE
Дели,PROPN,,nmod,Acc,Masc,Sing,Inan,0.0552285666219066,LOC
.,PUNCT,,punct,,,,,-0.2321498204695986,NONE
Я,PRON,,nsubj,Nom,,Sing,,0.0163586283088988,NONE
думаю,VERB,,root,,,Sing,,0.1112170701155112,NONE
",",PUNCT,,punct,,,,,-0.0127550957641545,NONE
что,SCONJ,,mark,,,,,-0.090450255758734,NONE
это,PRON,,nsubj,Nom,Neut,Sing,Inan,-0.0352937943772718,NONE
заблуждение,NOUN,,ccomp,Nom,Neut,Sing,Inan,0.0131552546647989,NONE
",",PUNCT,,punct,,,,,0.0746256814981304,NONE
что,SCONJ,,mark,,,,,-0.1006200482396698,NONE
здесь,ADV,,advmod,,,,,-0.0003110727828129,NONE
нет,VERB,,conj,,,Sing,,-0.0687172688801197,NONE
археологии,NOUN,,nsubj,Gen,Fem,Sing,Inan,0.0369780312037996,NONE
",",PUNCT,,punct,,,,,0.3323198318410725,NONE
-,PUNCT,,punct,,,,,0.1581387645840468,NONE
говорит,VERB,,parataxis,,,Sing,,0.0514700442748866,NONE
Питер,PROPN,,nsubj,Nom,Masc,Sing,Anim,0.1374932510806793,PER
Мэги,PROPN,,flat:name,Nom,Masc,Sing,Anim,0.0264440184184287,PER
",",PUNCT,,punct,,,,,0.1907625383155283,NONE
археолог,NOUN,,appos,Nom,Masc,Sing,Anim,0.0291943655132313,NONE
из,ADP,,case,,,,,0.0677136089732285,NONE
Департамента,PROPN,,nmod,Gen,Masc,Sing,Inan,0.0744287236953891,ORG
культуры,NOUN,,nmod,Gen,Fem,Sing,Inan,0.0148113400217368,ORG
и,CCONJ,,cc,,,,,-0.0389775769264498,ORG
туризма,NOUN,,conj,Gen,Masc,Sing,Inan,-0.1531009243613128,ORG
Абу-Даби,PROPN,,nmod,Gen,Fem,Sing,Inan,0.1273551130697811,LOC
.,PUNCT,,punct,,,,,-0.6934285197555344,NONE
Насколько,ADV,,advmod,,,,,-0.1262123705888793,NONE
вы,PRON,,nsubj,Nom,,Plur,,0.3056463399864905,NONE
уверены,ADJ,,root,,,Plur,,-0.5173803699297116,NONE
",",PUNCT,,punct,,,,,0.2403351355406704,NONE
что,SCONJ,,mark,,,,,-0.1061082300789596,NONE
эта,DET,,det,Nom,Fem,Sing,,0.1518153614937557,NONE
компания,NOUN,,nsubj,Nom,Fem,Sing,Inan,-0.1238631867768254,NONE
сохранит,VERB,,ccomp,,,Sing,,0.2029231692326585,NONE
конфиденциальность,NOUN,,obj,Acc,Fem,Sing,Inan,-0.0125025020658923,NONE
этих,DET,,det,Gen,,Plur,,0.0713510707650567,NONE
данных,NOUN,,nmod,Gen,,Plur,Inan,0.0222724047380836,NONE
и,CCONJ,,cc,,,,,-0.0638340616132191,NONE
не,PART,,advmod,,,,,-0.0689507972577939,NONE
позволит,VERB,,conj,,,Sing,,-0.3941613911516042,NONE
другим,ADJ,,iobj,Dat,,Plur,,0.0840711083066894,NONE
в,ADP,,case,,,,,0.1010444578182844,NONE
вашем,DET,,det,Loc,Neut,Sing,,0.3080800107841653,NONE
сообществе,NOUN,,obl,Loc,Neut,Sing,Inan,0.1611830843764916,NONE
узнать,VERB,,xcomp,,,,,-0.0154711558836136,NONE
?,PUNCT,,punct,,,,,0.1428556867055685,NONE
«Вы,PRON,,nsubj,Nom,,Plur,,0.0030664636627394,NONE
можете,VERB,,root,,,Plur,,0.3765397412052843,NONE
себе,PRON,,iobj,Dat,,,,0.0049566826070217,NONE
представить,VERB,,xcomp,,,,,0.0508659803741805,NONE
",",PUNCT,,punct,,,,,0.014427492856615,NONE
что,SCONJ,,mark,,,,,-0.0986414558146701,NONE
враг,NOUN,,nsubj,Nom,Masc,Sing,Anim,0.0204201022619481,NONE
находился,VERB,,ccomp,,Masc,Sing,,-0.0349612168034163,NONE
высоко,ADV,,obl,,,,,-0.008711692255741,NONE
на,ADP,,case,,,,,0.0509641395044494,NONE
горах,NOUN,,obl,Loc,Fem,Plur,Inan,0.0447750464532155,NONE
",",PUNCT,,punct,,,,,0.1054989763207541,NONE
в,ADP,,cc,,,,,0.0841531565251478,NONE
то,DET,,fixed,Acc,Neut,Sing,Inan,0.087730320726966,NONE
время,NOUN,,fixed,Acc,Neut,Sing,Inan,0.1170690740248586,NONE
как,SCONJ,,fixed,,,,,-0.0076477940130376,NONE
наши,DET,,det,Nom,,Plur,,0.0229002201680395,NONE
силы,NOUN,,nsubj,Nom,Fem,Plur,Inan,0.1020114873123963,NONE
сражались,VERB,,advcl,,,Plur,,0.2321766397292468,NONE
с,ADP,,case,,,,,0.1820300242486431,NONE
ними,PRON,,obl,Ins,,Plur,,-0.0728697815967573,NONE
снизу,ADV,,advmod,,,,,0.1715697671121235,NONE
.,PUNCT,,punct,,,,,-0.3400351528362215,NONE
Но,CCONJ,,cc,,,,,0.0331224779287137,NONE
высокий,ADJ,,amod,Nom,Masc,Sing,,-0.0176743406928057,NONE
моральный,ADJ,,amod,Nom,Masc,Sing,,0.0339754385573303,NONE
дух,NOUN,,nsubj,Nom,Masc,Sing,Inan,-0.0545202311606024,NONE
и,CCONJ,,cc,,,,,-0.0007356240340732,NONE
истинность,NOUN,,conj,Nom,Fem,Sing,Inan,0.0164472178018021,NONE
наших,DET,,det,Gen,,Plur,,0.1257832027706353,NONE
сил,NOUN,,nmod,Gen,Fem,Plur,Inan,0.0672928701246394,NONE
победили,VERB,,root,,,Plur,,0.0588590450474945,NONE
у,ADP,,case,,,,,-0.0241867415934121,NONE
гор»,NOUN,,obl,Gen,Fem,Sing,Inan,0.1156126087170786,NONE
",",PUNCT,,punct,,,,,0.1250269400461686,NONE
-,PUNCT,,punct,,,,,0.2624104629985135,NONE
добавил,VERB,,parataxis,,Masc,Sing,,0.1163277569469525,NONE
он,PRON,,nsubj,Nom,Masc,Sing,,0.0755344172837961,NONE
.,PUNCT,,punct,,,,,-0.0248919100715621,NONE
Мэр,NOUN,,nsubj,Nom,Masc,Sing,Anim,0.1591689385290741,NONE
Канзас-Сити,PROPN,,nmod,Gen,Masc,Sing,Inan,0.1011570922686622,LOC
Куинтон,PROPN,,appos,Nom,Masc,Sing,Anim,0.1161554075766717,PER
Лукас,PROPN,,flat:name,Nom,Masc,Sing,Anim,0.1312494166548247,PER
поставил,VERB,,root,,Masc,Sing,,-0.0688535936535446,NONE
под,ADP,,case,,,,,-0.125619482395635,NONE
сомнение,NOUN,,obl,Acc,Neut,Sing,Inan,-0.2062618238749178,NONE
в,ADP,,case,,,,,-0.0383426061885873,NONE
воскресенье,NOUN,,obl,Acc,Neut,Sing,Inan,-0.0505775324036527,NONE
мотивы,NOUN,,obj,Acc,Masc,Plur,Inan,0.0058589795238053,NONE
президента,NOUN,,nmod,Gen,Masc,Sing,Anim,0.0352672595964781,NONE
Трампа,PROPN,,appos,Gen,Masc,Sing,Anim,0.1042605203340615,PER
для,ADP,,case,,,,,0.0391992447240046,NONE
отправки,NOUN,,obl,Gen,Fem,Sing,Inan,0.119724705182854,NONE
федеральных,ADJ,,amod,Gen,,Plur,,-0.0429871512717013,NONE
агентов,NOUN,,nmod,Gen,Masc,Plur,Anim,-0.1159155101628489,NONE
в,ADP,,case,,,,,0.0556822709348277,NONE
города,NOUN,,nmod,Acc,Masc,Plur,Inan,-0.0748558900083242,NONE
США,PROPN,,nmod,Gen,,Plur,Inan,0.037408503230002,LOC
-,PUNCT,,punct,,,,,0.3140904025965398,NONE
заявив,VERB,,advcl,,,,,-0.0865853203287628,NONE
",",PUNCT,,punct,,,,,0.105456130916564,NONE
что,SCONJ,,mark,,,,,0.1971171698174496,NONE
",",PUNCT,,punct,,,,,-0.0481969621704971,NONE
хотя,SCONJ,,mark,,,,,0.1706134303848779,NONE
он,PRON,,nsubj,Nom,Masc,Sing,,0.1321685893065,NONE
приветствовал,VERB,,advcl,,Masc,Sing,,0.0049901967235516,NONE
бы,AUX,,aux,,,,,0.1470928664534629,NONE
помощь,NOUN,,obj,Acc,Fem,Sing,Inan,0.1314286802227501,NONE
в,ADP,,case,,,,,0.1465361816776523,NONE
раскрытии,NOUN,,nmod,Loc,Neut,Sing,Inan,0.0831043240137858,NONE
множества,NOUN,,nmod,Gen,Neut,Sing,Inan,0.0514087446998078,NONE
убийств,NOUN,,nmod,Gen,Neut,Plur,Inan,0.0826140683471025,NONE
в,ADP,,case,,,,,0.0202099497116229,NONE
среднезападном,ADJ,,amod,Loc,Masc,Sing,,0.0431168830663769,NONE
городе,NOUN,,nmod,Loc,Masc,Sing,Inan,0.1106851451295798,NONE
",",PUNCT,,punct,,,,,-0.2463343701728831,NONE
он,PRON,,nsubj,Nom,Masc,Sing,,-0.0130035487104094,NONE
считает,VERB,,ccomp,,,Sing,,-0.0607783736446681,NONE
",",PUNCT,,punct,,,,,-0.0715042082094238,NONE
что,SCONJ,,mark,,,,,-0.0499158789748078,NONE
этот,DET,,det,Nom,Masc,Sing,,0.2265732858527055,NONE
шаг,NOUN,,nsubj,Nom,Masc,Sing,Inan,0.0246966062939611,NONE
может,VERB,,ccomp,,,Sing,,0.1559820648919423,NONE
быть,AUX,,cop,,,,,0.0736976191851896,NONE
больше,ADV,,advmod,,,,,0.1606568821610788,NONE
о,ADP,,case,,,,,0.1787633610666384,NONE
оживлении,NOUN,,obl,Loc,Neut,Sing,Inan,0.1440678238049888,NONE
шансов,NOUN,,nmod,Gen,Masc,Plur,Inan,0.0346598615341072,NONE
Трампа,PROPN,,nmod,Gen,Masc,Sing,Anim,0.042997258858316,PER
на,ADP,,case,,,,,0.0731747068979526,NONE
переизбрание,NOUN,,nmod,Acc,Neut,Sing,Inan,0.0736000795034007,NONE
.,PUNCT,,punct,,,,,0.1892046804164136,NONE
Не,PART,,advmod,,,,,0.0095194443105837,NONE
то,PRON,,obl,Nom,Neut,Sing,Inan,-0.1697739555788519,NONE
чтобы,SCONJ,,fixed,,,,,-0.1966263638225692,NONE
сейчас,ADV,,advmod,,,,,0.052199079879941,NONE
это,PRON,,nsubj,Nom,Neut,Sing,Inan,-0.0383047027807351,NONE
имело,VERB,,root,,Neut,Sing,,0.1552047672915183,NONE
значение,NOUN,,obj,Acc,Neut,Sing,Inan,-0.0952757370192496,NONE
",",PUNCT,,punct,,,,,0.2467984560787346,NONE
потому,ADV,,mark,,,,,-0.5050493457520632,NONE
что,SCONJ,,fixed,,,,,-0.0353965786897197,NONE
у,ADP,,case,,,,,-0.1562077436587131,NONE
меня,PRON,,advcl,Gen,,Sing,,0.0512458683104775,NONE
гораздо,ADV,,advmod,,,,,0.6790315647620563,NONE
лучшая,ADJ,,amod,Nom,Fem,Sing,,0.0271493299888399,NONE
удаленная,ADJ,,amod,Nom,Fem,Sing,,-0.0079702141176088,NONE
должность,NOUN,,nsubj,Nom,Fem,Sing,Inan,-0.1357418594225146,NONE
.,PUNCT,,punct,,,,,0.2218142367451572,NONE
Я,PRON,,nsubj,Nom,,Sing,,0.8530918445205218,NONE
полагаю,VERB,,root,,,Sing,,0.0196746904826719,NONE
",",PUNCT,,punct,,,,,0.0009644029001138,NONE
что,SCONJ,,mark,,,,,-0.0263554232167898,NONE
даже,PART,,advmod,,,,,-0.0177323685772602,NONE
спустя,ADP,,case,,,,,-0.083614227390303,NONE
20,NUM,,nummod,,,,,-0.0475180245556475,NONE
лет,NOUN,,obl,Gen,Masc,Plur,Inan,0.0117012690464023,NONE
было,AUX,,cop,,Neut,Sing,,0.0116303348502829,NONE
бы,AUX,,aux,,,,,0.0043481313402498,NONE
преступлением,NOUN,,ccomp,Ins,Neut,Sing,Inan,0.037985209966558,NONE
отрубить,VERB,,obl,,,,,0.025155283875213,NONE
голову,NOUN,,obj,Acc,Fem,Sing,Inan,-0.0041154463260009,NONE
",",PUNCT,,punct,,,,,0.2012751853305316,NONE
чтобы,SCONJ,,mark,,,,,-0.0392159787417891,NONE
дать,VERB,,advcl,,,,,-0.0285961931102521,NONE
точные,ADJ,,amod,Acc,,Plur,Inan,0.0414204526572212,NONE
детали,NOUN,,obj,Acc,Fem,Plur,Inan,0.0495101624458017,NONE
того,PRON,,nmod,Gen,Neut,Sing,Inan,0.0440598919673734,NONE
",",PUNCT,,punct,,,,,0.2184511363724997,NONE
что,PRON,,obj,Acc,,,,0.0325328076840782,NONE
они,PRON,,nsubj,Nom,,Plur,,0.0289804671878675,NONE
сказали,VERB,,acl,,,Plur,,-0.008628706162798,NONE
по,ADP,,case,,,,,-0.0478586029817596,NONE
поводу,NOUN,,fixed,Dat,Masc,Sing,Inan,-0.0171007669094018,NONE
роли,NOUN,,obl,Gen,Fem,Sing,Inan,0.0524779910714188,NONE
королевы,NOUN,,nmod,Gen,Fem,Sing,Anim,0.0120916726514352,NONE
в,ADP,,case,,,,,-0.0261105938791399,NONE
запланированном,VERB,,amod,Loc,Neut,Sing,,-0.0038090097403805,NONE
официальном,ADJ,,amod,Loc,Neut,Sing,,0.0598504810141638,NONE
открытии,NOUN,,nmod,Loc,Neut,Sing,Inan,-0.000779187867384,NONE
нового,ADJ,,amod,Gen,Masc,Sing,,0.0828798913869039,NONE
шотландского,ADJ,,amod,Gen,Masc,Sing,,0.030875306264663,NONE
парламента,NOUN,,nmod,Gen,Masc,Sing,Inan,0.02164979502327,NONE
1,NUM,,nmod,,,,,-0.0560263537302849,NONE
июля,NOUN,,flat,Gen,Masc,Sing,Inan,0.019520069897186,NONE
1999,ADJ,,amod,,,,,0.0370443213493359,NONE
года,NOUN,,nmod,Gen,Masc,Sing,Inan,0.0009364232299678,NONE
;,PUNCT,,punct,,,,,0.0030328405791275,NONE
но,CCONJ,,cc,,,,,0.0180042799784636,NONE
я,PRON,,nsubj,Nom,,Sing,,-0.0002375967975412,NONE
могу,VERB,,conj,,,Sing,,0.0150388550272509,NONE
сказать,VERB,,xcomp,,,,,-0.002840727883869,NONE
",",PUNCT,,punct,,,,,0.0007321202613932,NONE
что,SCONJ,,mark,,,,,-0.0115631252113932,NONE
они,PRON,,nsubj,Nom,,Plur,,0.0045629046873286,NONE
были,AUX,,cop,,,Plur,,0.0255991423738932,NONE
впечатляющей,VERB,,amod,Ins,Fem,Sing,,0.0474545709040448,NONE
командой,NOUN,,ccomp,Ins,Fem,Sing,Inan,-0.0033318898445288,NONE
",",PUNCT,,punct,,,,,0.0508034317113285,NONE
гораздо,ADV,,advmod,,,,,-0.0632273238077762,NONE
более,ADV,,obl,,,,,-0.031359228571365,NONE
политически,ADV,,obl,,,,,-0.0186439487202536,NONE
подкованной,ADJ,,amod,Ins,Fem,Sing,,0.0652233541186547,NONE
в,ADP,,case,,,,,0.0459524943724876,NONE
конституционных,ADJ,,amod,Loc,,Plur,,0.0222263790728553,NONE
нюансах,NOUN,,obl,Loc,Masc,Plur,Inan,0.0422451484678161,NONE
передачи,NOUN,,nmod,Gen,Fem,Sing,Inan,-0.0055469180673015,NONE
полномочий,NOUN,,nmod,Gen,Neut,Plur,Inan,-0.0187502329905173,NONE
",",PUNCT,,punct,,,,,0.0859509243689345,NONE
чем,SCONJ,,mark,,,,,0.0196208993506297,NONE
большинство,NOUN,,advcl,Nom,Neut,Sing,Inan,-0.0035942359233471,NONE
представителей,NOUN,,nmod,Gen,Masc,Plur,Anim,-0.0209486801924001,NONE
правительства,NOUN,,nmod,Gen,Neut,Sing,Inan,-0.0030053566750316,NONE
Великобритании,PROPN,,nmod,Gen,Fem,Sing,Inan,-0.0308299505334898,LOC
в,ADP,,case,,,,,0.0055136970379287,NONE
то,DET,,det,Acc,Neut,Sing,,-0.012351311033464,NONE
время,NOUN,,nmod,Acc,Neut,Sing,Inan,0.0413290357960894,NONE
",",PUNCT,,punct,,,,,0.0004238302577872,NONE
и,CCONJ,,cc,,,,,0.0016068926704532,NONE
гораздо,ADV,,advmod,,,,,-0.0121345845128369,NONE
более,ADV,,advmod,,,,,-0.0099215070725906,NONE
остро,ADV,,advmod,,,,,0.0178932784402067,NONE
осознающей,VERB,,conj,Ins,Fem,Sing,,-0.0199495294976625,NONE
-,PUNCT,,punct,,,,,-0.0282767570508781,NONE
учитывая,VERB,,advcl,,,,,0.0257977606735429,NONE
их,DET,,det,,,,,-0.0342018694953838,NONE
огромный,ADJ,,amod,Acc,Masc,Sing,Inan,0.0241410025324118,NONE
опыт,NOUN,,obj,Acc,Masc,Sing,Inan,-0.0301003734153077,NONE
по,ADP,,case,,,,,0.0930195749769713,NONE
всему,DET,,det,Dat,Neut,Sing,,0.0025121355029558,NONE
Содружеству,PROPN,,nmod,Dat,Neut,Sing,Inan,0.0281580436785728,NONE
-,PUNCT,,punct,,,,,0.0314720362164183,NONE
что,SCONJ,,mark,,,,,0.0371813056252345,NONE
политическое,ADJ,,amod,Nom,Neut,Sing,,0.0452222602199307,NONE
самоопределение,NOUN,,nsubj,Nom,Neut,Sing,Inan,0.0170825635344674,NONE
-,PUNCT,,punct,,,,,-0.0082037542170644,NONE
это,PRON,,expl,,,,,0.0749042356180337,NONE
одно,DET,,parataxis,Nom,Neut,Sing,,0.0718805611289584,NONE
",",PUNCT,,punct,,,,,-0.0377883730179243,NONE
а,CCONJ,,cc,,,,,0.024245642189841,NONE
роль,NOUN,,conj,Nom,Fem,Sing,Inan,0.0093307124523534,NONE
монарха,NOUN,,nmod,Gen,Masc,Sing,Anim,0.0032760239195994,NONE
как,SCONJ,,mark,,,,,0.026550416783157,NONE
главы,NOUN,,acl,Gen,Masc,Sing,Anim,0.0326225841739562,NONE
государства,NOUN,,nmod,Gen,Neut,Sing,Inan,0.0309213297923976,NONE
-,PUNCT,,punct,,,,,0.0115767682561565,NONE
другое,ADJ,,conj,Nom,Neut,Sing,,0.0332103573565574,NONE
.,PUNCT,,punct,,,,,-0.0695636714713415,NONE
A,X,,root,,,,,-0.3705206060166842,NONE
.,PUNCT,,punct,,,,,0.0589202214032802,NONE
Если,SCONJ,,mark,,,,,0.0350505828858117,NONE
вы,PRON,,nsubj,Nom,,Plur,,0.0259032476797556,NONE
находитесь,VERB,,advcl,,,Plur,,0.0017605121288237,NONE
в,ADP,,case,,,,,0.1523276351329653,NONE
Великобритании,PROPN,,obl,Loc,Fem,Sing,Inan,0.0707809029359463,LOC
",",PUNCT,,punct,,,,,-0.0003936818654262,NONE
у,ADP,,case,,,,,0.3318351929537526,NONE
нас,PRON,,obl,Gen,,Plur,,-0.0489008166374104,NONE
нет,VERB,,root,,,Sing,,-0.1351368521254796,NONE
проблем,NOUN,,nsubj,Gen,Fem,Plur,Inan,-0.0484821444679101,NONE
с,ADP,,case,,,,,0.019757122244949,NONE
отправкой,NOUN,,nmod,Ins,Fem,Sing,Inan,0.0552141343091921,NONE
на,ADP,,case,,,,,-0.0903657093779705,NONE
другой,ADJ,,amod,Acc,Masc,Sing,Inan,0.0243179268584444,NONE
адрес,NOUN,,nmod,Acc,Masc,Sing,Inan,0.0451168614191387,NONE
в,ADP,,case,,,,,0.0569673879973494,NONE
Великобритании,PROPN,,nmod,Loc,Fem,Sing,Inan,0.3037213954120012,LOC
",",PUNCT,,punct,,,,,0.0067678246584965,NONE
но,CCONJ,,cc,,,,,0.0752685491795567,NONE
вы,PRON,,nsubj,Nom,,Plur,,0.1438416685818029,NONE
",",PUNCT,,punct,,,,,-0.0593249226248505,NONE
должно,ADJ,,parataxis,,Neut,Sing,,-0.0065910612541337,NONE
быть,VERB,,xcomp,,,,,0.0023622241242057,NONE
",",PUNCT,,punct,,,,,-0.0436926278809413,NONE
выбрали,VERB,,conj,,,Plur,,0.0391299478920186,NONE
товар,NOUN,,obj,Acc,Masc,Sing,Inan,0.1899895872335474,NONE
",",PUNCT,,punct,,,,,0.0392425376066984,NONE
который,PRON,,nsubj,Nom,,,,0.0731358817396858,NONE
подписался,VERB,,acl:relcl,,Masc,Sing,,0.0740582349406252,NONE
на,ADP,,case,,,,,0.0215787012781496,NONE
доставку,NOUN,,obl,Acc,Fem,Sing,Inan,0.0126817948924746,NONE
в,ADP,,case,,,,,-0.1178123373646448,NONE
качестве,NOUN,,fixed,Loc,Neut,Sing,Inan,0.1074715382329881,NONE
доставки,NOUN,,obl,Gen,Fem,Sing,Inan,0.1398145858598976,NONE
по,ADP,,case,,,,,0.0381844433199232,NONE
умолчанию,NOUN,,obl,Dat,Neut,Sing,Inan,0.047619485146511,NONE
",",PUNCT,,punct,,,,,-0.1770346443455798,NONE
или,CCONJ,,cc,,,,,0.05095580750695,NONE
выбрали,VERB,,conj,,,Plur,,-0.0306386464668644,NONE
подписанный,VERB,,amod,Acc,Masc,Sing,Inan,-0.0371583795034651,NONE
вариант,NOUN,,obj,Acc,Masc,Sing,Inan,0.0426975062274444,NONE
доставки,NOUN,,nmod,Gen,Fem,Sing,Inan,-0.0449326546285826,NONE
при,ADP,,case,,,,,-0.045147935919143,NONE
размещении,NOUN,,obl,Loc,Neut,Sing,Inan,0.0555016188355387,NONE
заказа,NOUN,,nmod,Gen,Masc,Sing,Inan,0.0854849752532883,NONE
.,PUNCT,,punct,,,,,0.1151867711752719,NONE
Доставка,NOUN,,nsubj,Nom,Fem,Sing,Inan,-0.3594471946740168,NONE
-,PUNCT,,punct,,,,,0.3937279521892478,NONE
это,PRON,,expl,,,,,0.312196232843438,NONE
всегда,ADV,,advmod,,,,,-0.0037450659208533,NONE
проблема,NOUN,,root,Nom,Fem,Sing,Inan,0.362596667836005,NONE
",",PUNCT,,punct,,,,,0.4202106426306256,NONE
и,CCONJ,,cc,,,,,-0.024381617269873,NONE
это,PRON,,nsubj,Nom,Neut,Sing,Inan,-0.15766181295697,NONE
всегда,ADV,,advmod,,,,,-0.2651206461787848,NONE
дорого,ADJ,,conj,,Neut,Sing,,0.224296932854579,NONE
.,PUNCT,,punct,,,,,-0.3286264259331689,NONE
В,ADP,,case,,,,,-0.2575908302759241,NONE
дневную,ADJ,,amod,Acc,Fem,Sing,,0.0429858232690194,NONE
жару,NOUN,,obl,Acc,Fem,Sing,Inan,0.0778489554043892,NONE
",",PUNCT,,punct,,,,,0.2110636453973497,NONE
с,ADP,,case,,,,,-0.1073735833747828,NONE
температурой,NOUN,,conj,Ins,Fem,Sing,Inan,0.0278097447382068,NONE
выше,ADV,,advmod,,,,,-0.1123939571894361,NONE
90,NUM,,nummod,,,,,-0.0433587079051817,NONE
градусов,NOUN,,obl,Gen,Masc,Plur,Inan,0.0246249258881813,NONE
в,ADP,,case,,,,,-0.026642260903268,NONE
районе,NOUN,,nmod,Loc,Masc,Sing,Inan,0.2179597910039102,NONE
Сусанвилля,PROPN,,nmod,Gen,Masc,Sing,Inan,0.0716025859398488,LOC
",",PUNCT,,punct,,,,,-0.0440599822482038,NONE
тлеющие,VERB,,amod,Nom,,Plur,,0.1001072832881279,NONE
пятна,NOUN,,nsubj,Nom,Neut,Plur,Inan,0.04075230793463,NONE
подвергались,VERB,,root,,,Plur,,0.0524325440386964,NONE
риску,NOUN,,iobj,Dat,Masc,Sing,Inan,0.0443672538950755,NONE
разгораться,VERB,,xcomp,,,,,0.0183452676122715,NONE
.,PUNCT,,punct,,,,,0.6521806422696746,NONE
Это,DET,,det,Nom,Neut,Sing,,0.0873611749403619,NONE
разъяснение,NOUN,,nsubj,Nom,Neut,Sing,Inan,0.2822515251386719,NONE
помогло,VERB,,root,,Neut,Sing,,0.0655519975962962,NONE
Погба,PROPN,,iobj,Dat,Masc,Sing,Anim,-0.0496423789634924,PER
в,ADP,,case,,,,,-0.0105740352138132,NONE
последние,ADJ,,amod,Acc,,Plur,Inan,0.0666715330088153,NONE
недели,NOUN,,obl,Acc,Fem,Plur,Inan,-0.1202740162955291,NONE
",",PUNCT,,punct,,,,,0.0766325899263693,NONE
так,ADV,,mark,,,,,-0.0199982955723139,NONE
как,SCONJ,,fixed,,,,,0.0664044222921265,NONE
его,DET,,det,,,,,-0.0179879593790641,NONE
выступления,NOUN,,nsubj,Nom,Neut,Plur,Inan,-0.0252786399004403,NONE
",",PUNCT,,punct,,,,,0.1155739731933408,NONE
а,CCONJ,,cc,,,,,-0.0903919376949343,NONE
также,PART,,fixed,,,,,0.1025886720764442,NONE
его,DET,,det,,,,,0.0380003978330586,NONE
язык,NOUN,,conj,Nom,Masc,Sing,Inan,0.1201246011691321,NONE
тела,NOUN,,nmod,Gen,Neut,Sing,Inan,0.0046041815356284,NONE
улучшились,VERB,,advcl,,,Plur,,0.3005915985251152,NONE
.,PUNCT,,punct,,,,,0.7445201188363407,NONE
Транспортный,ADJ,,amod,Nom,Masc,Sing,,0.0676356332455802,NONE
секретарь,NOUN,,nsubj,Nom,Masc,Sing,Anim,-0.0436310420203374,NONE
среди,ADP,,case,,,,,-0.0973676828399232,NONE
испанских,ADJ,,amod,Gen,,Plur,,0.0238385398658097,NONE
отдыхающих,NOUN,,nmod,Gen,Masc,Plur,Anim,-0.0644615619836381,NONE
вынужден,ADJ,,root,,Masc,Sing,,-0.266139093916894,NONE
был,AUX,,cop,,Masc,Sing,,-0.1683679984804938,NONE
уйти,VERB,,xcomp,,,,,-0.0313061154980806,NONE
на,ADP,,case,,,,,-0.0258189784633494,NONE
карантин,NOUN,,obl,Acc,Masc,Sing,Inan,0.8509996054944876,NONE
Если,SCONJ,,mark,,,,,0.0257713271918603,NONE
у,ADP,,case,,,,,-0.0108900675407783,NONE
вас,PRON,,obl,Gen,,Plur,,0.1104249775728477,NONE
есть,VERB,,advcl,,,Plur,,0.0397043715088892,NONE
какие-либо,DET,,det,Nom,,Plur,,0.0324004399071563,NONE
дополнительные,ADJ,,amod,Nom,,Plur,,-0.152764239044482,NONE
вопросы,NOUN,,nsubj,Nom,Masc,Plur,Inan,0.0225759434606465,NONE
или,CCONJ,,cc,,,,,-0.3130230809336536,NONE
проблемы,NOUN,,conj,Nom,Fem,Plur,Inan,-0.1843641930256672,NONE
",",PUNCT,,punct,,,,,0.2288412848158066,NONE
вы,PRON,,nsubj,Nom,,Plur,,0.0299658571241174,NONE
всегда,ADV,,advmod,,,,,-0.2069438466191776,NONE
можете,VERB,,root,,,Plur,,-0.241533778895738,NONE
ответить,VERB,,xcomp,,,,,-0.1219963353175367,NONE
на,ADP,,case,,,,,-0.0684230118002444,NONE
это,DET,,det,Acc,Neut,Sing,,-0.1182013635944077,NONE
письмо,NOUN,,obl,Acc,Neut,Sing,Inan,-0.0088863935635737,NONE
",",PUNCT,,punct,,,,,0.2361848557806845,NONE
и,CCONJ,,cc,,,,,-0.076976690755497,NONE
мы,PRON,,nsubj,Nom,,Plur,,0.0425910004869977,NONE
сможем,VERB,,conj,,,Plur,,0.2657305380131315,NONE
помочь,VERB,,xcomp,,,,,0.0950884108220175,NONE
вам,PRON,,iobj,Dat,,Plur,,0.2238772626741915,NONE
в,ADP,,case,,,,,0.2156052474780047,NONE
дальнейшем,ADJ,,obl,Loc,Neut,Sing,,0.1609847736968038,NONE
.,PUNCT,,punct,,,,,0.3996438731118762,NONE
Это,PRON,,nsubj,Nom,Neut,Sing,Inan,0.1417090733890053,NONE
исходит,VERB,,root,,,Sing,,0.1461745660908287,NONE
от,ADP,,case,,,,,0.0808648437906029,NONE
парня,NOUN,,obl,Gen,Masc,Sing,Anim,0.0782327217860974,NONE
",",PUNCT,,punct,,,,,0.2826902765778389,NONE
который,PRON,,nsubj,Nom,Masc,Sing,,0.1600212186513232,NONE
назвал,VERB,,acl:relcl,,Masc,Sing,,0.6160356217643045,NONE
господство,NOUN,,obj,Acc,Neut,Sing,Inan,0.3154226791721462,NONE
белых,ADJ,,nmod,Gen,,Plur,,-0.0518853828761227,NONE
мистификацией,NOUN,,obl,Ins,Fem,Sing,Inan,0.2786392131727205,NONE
.,PUNCT,,punct,,,,,0.1909393817213939,NONE
Воспитанники,NOUN,,nsubj,Nom,Masc,Plur,Anim,0.5844096223054721,NONE
и,CCONJ,,cc,,,,,-0.1198867662956126,NONE
сотрудники,NOUN,,conj,Nom,Masc,Plur,Anim,0.0198814998643013,NONE
Alva,PROPN,,flat:foreign,,,,,0.0068070800205038,ORG
Academy,PROPN,,flat:foreign,,,,,0.0412289058950689,ORG
встретят,VERB,,root,,,Plur,,0.1695203354311029,NONE
сообщество,NOUN,,obj,Acc,Neut,Sing,Inan,0.0282851102735278,NONE
Клэкманнаншир,PROPN,,appos,Nom,Masc,Sing,Inan,0.0811428039203077,PER
в,ADP,,case,,,,,-0.2881135152889523,NONE
школе,NOUN,,obl,Loc,Fem,Sing,Inan,-0.0888372585783462,NONE
на,ADP,,case,,,,,-0.3382994884569372,NONE
день,NOUN,,obl,Acc,Masc,Sing,Inan,0.2598150389623442,NONE
для,ADP,,case,,,,,0.0211592141798192,NONE
веселья,NOUN,,nmod,Gen,Neut,Sing,Inan,0.0207676960278961,NONE
",",PUNCT,,punct,,,,,-0.0190715907426385,NONE
игр,NOUN,,conj,Gen,Fem,Plur,Inan,-0.0246029731385554,NONE
",",PUNCT,,punct,,,,,-0.0265949610134452,NONE
чая,NOUN,,conj,Gen,Masc,Sing,Inan,0.0216901954656815,NONE
",",PUNCT,,punct,,,,,0.053641308526316,NONE
кофе,NOUN,,conj,Gen,Masc,Sing,Inan,0.0868393878070271,NONE
и,CCONJ,,cc,,,,,-0.0586156863397117,NONE
торта,NOUN,,conj,Gen,Masc,Sing,Inan,-0.0246264521268819,NONE
.,PUNCT,,punct,,,,,0.094280826422114,NONE
Короткоукомплектованные,ADJ,,amod,Nom,,Plur,,0.0831135513931005,ORG
больницы,NOUN,,nsubj,Nom,Fem,Plur,Inan,0.1066853436798336,ORG
по,ADP,,case,,,,,-0.2306890589269885,NONE
всей,DET,,det,Dat,Fem,Sing,,0.0611557975800326,NONE
Италии,PROPN,,nmod,Dat,Fem,Sing,Inan,0.1888463796208858,LOC
требуют,VERB,,root,,,Plur,,-0.2623988463847973,NONE
продления,NOUN,,obj,Gen,Neut,Sing,Inan,-0.1023397382788844,NONE
пенсионного,ADJ,,amod,Gen,Masc,Sing,,-0.0449348502250297,NONE
возраста,NOUN,,nmod,Gen,Masc,Sing,Inan,-0.1510938997927025,NONE
врачей,NOUN,,nmod,Gen,Masc,Plur,Anim,-0.0944059179794497,NONE
страны,NOUN,,nmod,Gen,Fem,Sing,Inan,0.1988407952655581,NONE
до,ADP,,case,,,,,0.138493676069743,NONE
70,NUM,,nummod,,,,,0.018812662959151,NONE
лет,NOUN,,nmod,Gen,Masc,Plur,Inan,-0.0578797637249292,NONE
в,ADP,,case,,,,,0.0271629806456695,NONE
их,DET,,det,,,,,0.4708925527675062,NONE
регионах,NOUN,,nmod,Loc,Masc,Plur,Inan,0.2268677583851327,NONE
.,PUNCT,,punct,,,,,0.2957840983271912,NONE
Сторонник,NOUN,,nsubj,Nom,Masc,Sing,Anim,-0.1487737262447691,NONE
Трампа,PROPN,,nmod,Gen,Masc,Sing,Anim,0.2192618765759467,PER
также,ADV,,advmod,,,,,0.0363728777134369,NONE
настаивал,VERB,,root,,Masc,Sing,,0.160446975584235,NONE
на,ADP,,case,,,,,-0.0593019480728331,NONE
разоблачении,NOUN,,obl,Loc,Neut,Sing,Inan,0.1359711118104418,NONE
обвинений,NOUN,,nmod,Gen,Neut,Plur,Inan,0.0922590845035961,NONE
в,ADP,,case,,,,,0.0325110663007186,NONE
мошенничестве,NOUN,,nmod,Loc,Neut,Sing,Inan,0.1482077833005601,NONE
на,ADP,,case,,,,,0.0275368768453269,NONE
выборах,NOUN,,nmod,Loc,Masc,Plur,Inan,0.1581428608436049,NONE
в,ADP,,case,,,,,0.0853240235302605,NONE
Аризоне,PROPN,,nmod,Loc,Fem,Sing,Inan,0.2045798690363692,LOC
.,PUNCT,,punct,,,,,0.5528659935681183,NONE
Нажмите,VERB,,root,,,Plur,,0.0310959757790336,NONE
на,ADP,,case,,,,,-0.0132002261284077,NONE
информацию,NOUN,,obl,Acc,Fem,Sing,Inan,-0.1501797012240572,NONE
об,ADP,,case,,,,,-0.0624004567715865,NONE
устройстве,NOUN,,nmod,Loc,Neut,Sing,Inan,0.7686727754869705,NONE
.,PUNCT,,punct,,,,,0.3498966572728886,NONE
Шамата,NOUN,,nsubj,Nom,Fem,Sing,Inan,0.0165411852701189,LOC
находится,VERB,,root,,,Sing,,-0.3969115797659334,NONE
в,ADP,,case,,,,,-0.0013922262054134,NONE
округе,NOUN,,obl,Loc,Masc,Sing,Inan,0.0937039881162771,NONE
Ндарагва,PROPN,,appos,Nom,Fem,Sing,Inan,0.1096499594519108,LOC
",",PUNCT,,punct,,,,,0.1307123264243336,NONE
депутат,NOUN,,nsubj,Nom,Masc,Sing,Anim,0.1152535608345289,NONE
которого,PRON,,nmod,Gen,,,,-0.095349542139407,NONE
Джеремайя,PROPN,,appos,Nom,Masc,Sing,Anim,0.3989336500324961,PER
Киони,PROPN,,flat:name,Nom,Masc,Sing,Anim,-0.0097329099154864,PER
однажды,ADV,,advmod,,,,,0.0124567250701135,NONE
пригрозил,VERB,,acl:relcl,,Masc,Sing,,0.1486569470311084,NONE
подтолкнуть,VERB,,xcomp,,,,,0.0939753770878144,NONE
район,NOUN,,obj,Acc,Masc,Sing,Inan,-0.0117017586198459,NONE
к,ADP,,case,,,,,0.2343112419689329,NONE
соседнему,ADJ,,amod,Dat,Masc,Sing,,0.0121539712039665,NONE
округу,NOUN,,obl,Dat,Masc,Sing,Inan,0.0227061597141279,NONE
Лайкипия,PROPN,,appos,Nom,Fem,Sing,Inan,0.0496350558726784,LOC
.,PUNCT,,punct,,,,,0.0265995425225643,NONE
Я,PRON,,nsubj,Nom,,Sing,,-0.4605581089151824,NONE
пошел,VERB,,root,,Masc,Sing,,0.0805005327284088,NONE
на,ADP,,case,,,,,-0.0484495312020826,NONE
установку,NOUN,,obl,Acc,Fem,Sing,Inan,-0.0119282821429102,NONE
с,ADP,,case,,,,,-0.0400605405628241,NONE
хозяином,NOUN,,nmod,Ins,Masc,Sing,Anim,-0.0699987782529402,NONE
",",PUNCT,,punct,,,,,0.093035396141813,NONE
и,CCONJ,,cc,,,,,-0.0528527974505764,NONE
когда,SCONJ,,mark,,,,,-0.156454031817303,NONE
мы,PRON,,nsubj,Nom,,Plur,,-0.1113012281013118,NONE
вернулись,VERB,,advcl,,,Plur,,-0.0283176291362176,NONE
",",PUNCT,,punct,,,,,0.0504146501528978,NONE
он,PRON,,nsubj,Nom,Masc,Sing,,0.0178518302032045,NONE
припарковал,VERB,,conj,,Masc,Sing,,0.0794110594324081,NONE
пустой,ADJ,,amod,Acc,Masc,Sing,Inan,0.2590689303644137,NONE
трейлер,NOUN,,obj,Acc,Masc,Sing,Inan,0.0420532794093224,NONE
возле,ADP,,case,,,,,0.057705784004128,NONE
свалки,NOUN,,obl,Gen,Fem,Sing,Inan,0.082191997576087,NONE
.,PUNCT,,punct,,,,,-0.7455847525443086,NONE
Президент,NOUN,,nsubj,Nom,Masc,Sing,Anim,0.2586966804270587,NONE
Джо,PROPN,,appos,Nom,Masc,Sing,Anim,0.2240940410236289,PER
Байден,PROPN,,flat:name,Nom,Masc,Sing,Anim,-0.0250916428176969,PER
посетовал,VERB,,root,,Masc,Sing,,-0.0256291809102286,NONE
на,ADP,,case,,,,,0.0482607390587528,NONE
неспособность,NOUN,,obl,Acc,Fem,Sing,Inan,0.0305448601150313,NONE
мира,NOUN,,nmod,Gen,Masc,Sing,Inan,-0.0032022214604879,NONE
остановить,VERB,,obl,,,,,-0.1314386397660606,NONE
глобальное,ADJ,,amod,Acc,Neut,Sing,,-0.0464245747923173,NONE
потепление,NOUN,,obj,Acc,Neut,Sing,Inan,0.1193152424704491,NONE
в,ADP,,case,,,,,0.0951289772502261,NONE
субботу,NOUN,,obl,Acc,Fem,Sing,Inan,-0.1809393641221123,NONE
после,ADP,,case,,,,,0.0445603697004747,NONE
того,PRON,,obl,Gen,Neut,Sing,Inan,-0.0625402474177118,NONE
",",PUNCT,,punct,,,,,0.2179991853035853,NONE
как,SCONJ,,mark,,,,,0.0385116552173687,NONE
он,PRON,,nsubj,Nom,Masc,Sing,,-0.0158557432397812,NONE
обратился,VERB,,acl,,Masc,Sing,,-0.0616316606701942,NONE
к,ADP,,case,,,,,0.173836866850063,NONE
смертоносным,ADJ,,amod,Dat,,Plur,,0.0307563576493505,NONE
торнадо,NOUN,,obl,Dat,Masc,Plur,Inan,0.2020225509389918,NONE
",",PUNCT,,punct,,,,,0.0602969569445981,NONE
которые,PRON,,nsubj,Nom,,,,-0.2443030760671905,NONE
пронеслись,VERB,,acl:relcl,,,Plur,,0.0482110789256689,NONE
по,ADP,,case,,,,,0.0918332792020539,NONE
нескольким,NUM,,nummod,Dat,,,,-0.3102362483960839,NONE
штатам,NOUN,,obl,Dat,Masc,Plur,Inan,0.0647709188832117,NONE
.,PUNCT,,punct,,,,,0.3638638989150978,NONE
27ft,NUM,,amod,,,,,0.3199590537056882,NONE
гостиная,NOUN,,nsubj,Nom,Fem,Sing,Inan,0.040454774544453,NONE
имеет,VERB,,root,,,Sing,,-0.2382080579805034,NONE
оригинальные,ADJ,,amod,Acc,,Plur,Inan,0.3551009849488034,NONE
потолочные,ADJ,,amod,Acc,,Plur,Inan,-0.0951384664256566,NONE
балки,NOUN,,obj,Acc,Fem,Plur,Inan,0.0690379920178345,NONE
.,PUNCT,,punct,,,,,0.458016112530671,NONE
Экран,NOUN,,nsubj:pass,Nom,Masc,Sing,Inan,0.2015809690583106,NONE
затемнен,VERB,,root,,Masc,Sing,,0.0524099766726842,NONE
и,CCONJ,,cc,,,,,-0.1496227405500699,NONE
вы,PRON,,nsubj,Nom,,Plur,,0.3718713101170849,NONE
видите,VERB,,conj,,,Plur,,-0.2188491175242376,NONE
обложку,NOUN,,obj,Acc,Fem,Sing,Inan,0.5844169241036672,NONE
книги,NOUN,,nmod,Gen,Fem,Sing,Inan,0.205362631068587,NONE
?,PUNCT,,punct,,,,,0.1091158790817527,NONE
Манстер,NOUN,,nsubj,Nom,Masc,Sing,Anim,0.2487360526269769,PER
боролся,VERB,,root,,Masc,Sing,,-0.0518739122782868,NONE
за,ADP,,case,,,,,-0.059477785673592,NONE
каждый,DET,,det,Acc,Masc,Sing,,-0.1127459242398778,NONE
мяч,NOUN,,obl,Acc,Masc,Sing,Inan,-0.0929163536604274,NONE
вопреки,ADP,,case,,,,,-0.0791615791669196,NONE
своим,DET,,det,Dat,,Plur,,0.0590916261018247,NONE
отсутствующим,VERB,,xcomp,Dat,,Plur,,0.044667572985992,NONE
",",PUNCT,,punct,,,,,0.1731863950909966,NONE
и,CCONJ,,cc,,,,,-0.0695752474260379,NONE
их,DET,,det,,,,,0.1508673667613454,NONE
победные,ADJ,,amod,Nom,,Plur,,-0.0102640868408038,NONE
перспективы,NOUN,,nsubj,Nom,Fem,Plur,Inan,0.1634330813002942,NONE
получили,VERB,,conj,,,Plur,,0.0552236260820192,NONE
драматический,ADJ,,amod,Acc,Masc,Sing,Inan,0.1785090143955499,NONE
импульс,NOUN,,obj,Acc,Masc,Sing,Inan,0.0726470895590407,NONE
",",PUNCT,,punct,,,,,0.242117107510004,NONE
когда,SCONJ,,mark,,,,,0.1436864544483599,NONE
Шилдсу,PROPN,,iobj,Dat,Masc,Sing,Anim,0.0818318368578492,PER
показали,VERB,,advcl,,,Plur,,-0.0821037882771617,NONE
его,DET,,det,,,,,0.1493532248112263,NONE
сомнительную,ADJ,,amod,Acc,Fem,Sing,,0.0023320751844074,NONE
красную,ADJ,,amod,Acc,Fem,Sing,,-0.0840367242747449,NONE
карточку,NOUN,,obj,Acc,Fem,Sing,Inan,0.1120697234338645,NONE
",",PUNCT,,punct,,,,,0.1397259103815505,NONE
а,CCONJ,,cc,,,,,0.2856102989293372,NONE
судья,NOUN,,nsubj,Nom,Masc,Sing,Anim,0.1253043128568794,NONE
Ромен,PROPN,,appos,Nom,Masc,Sing,Anim,0.1101182347832924,PER
Пойт,PROPN,,flat:name,Nom,Masc,Sing,Anim,-0.0330774491583999,PER
сказал,VERB,,conj,,Masc,Sing,,0.0706169717130722,NONE
",",PUNCT,,punct,,,,,0.0377982148992856,NONE
что,SCONJ,,mark,,,,,0.1436901692980687,NONE
его,DET,,det,,,,,0.149038621459065,NONE
плечо,NOUN,,nsubj,Nom,Neut,Sing,Inan,0.050380342287247,NONE
поймало,VERB,,ccomp,,Neut,Sing,,-0.0094064777588308,NONE
шею,NOUN,,obj,Acc,Fem,Sing,Inan,0.1103262564981003,NONE
Килкойна,PROPN,,nmod,Gen,Masc,Sing,Anim,0.1100733642412586,PER
.,PUNCT,,punct,,,,,0.2506280992354757,NONE
для,ADP,,case,,,,,0.0564103083391971,NONE
целей,NOUN,,obl,Gen,Fem,Plur,Inan,0.0179229129788939,NONE
качества,NOUN,,nmod,Gen,Neut,Sing,Inan,0.0132752673390658,NONE
я,PRON,,nsubj,Nom,,Sing,,0.2095666149411517,NONE
должен,ADJ,,conj,,Masc,Sing,,0.1423305720986696,NONE
буду,AUX,,cop,,,Sing,,0.335525391999592,NONE
выпустить,VERB,,xcomp,,,,,0.2973301311431566,NONE
этот,DET,,det,Acc,Masc,Sing,,-0.2320071316350744,NONE
чат,NOUN,,obj,Acc,Masc,Sing,Inan,0.2903300907234341,NONE
",",PUNCT,,punct,,,,,0.2564258881419651,NONE
если,SCONJ,,mark,,,,,-0.0530130459704508,NONE
нет,VERB,,advcl,,,Sing,,-0.0891821672797058,NONE
взаимодействия,NOUN,,nsubj,Gen,Neut,Sing,Inan,0.1765435802942691,NONE
в,ADP,,case,,,,,0.2191223840446994,NONE
ближайшие,ADJ,,amod,Acc,,Plur,Inan,0.1685662415431153,NONE
2,NUM,,nummod,,,,,0.0196653259414096,NONE
минуты,NOUN,,nmod,Gen,Fem,Sing,Inan,-0.1565778243900213,NONE
Хотя,SCONJ,,mark,,,,,0.0346972484471837,NONE
Зимбабве,PROPN,,nsubj,Nom,Neut,Sing,Inan,0.0380715747657166,LOC
добилась,VERB,,advcl,,Fem,Sing,,-0.0585669956753266,NONE
значительных,ADJ,,amod,Gen,,Plur,,-0.0767519210858604,NONE
успехов,NOUN,,obl,Gen,Masc,Plur,Inan,0.2090046256449763,NONE
в,ADP,,case,,,,,0.1394174964671787,NONE
обеспечении,NOUN,,nmod,Loc,Neut,Sing,Inan,0.0211301336810395,NONE
сетей,NOUN,,nmod,Gen,Fem,Plur,Inan,-0.0083745625318868,NONE
безопасности,NOUN,,nmod,Gen,Fem,Sing,Inan,0.109882791357169,NONE
для,ADP,,case,,,,,0.108163552486144,NONE
уязвимых,ADJ,,amod,Gen,,Plur,,0.0838967746168927,NONE
групп,NOUN,,nmod,Gen,Fem,Plur,Inan,-0.037487226212897,NONE
общества,NOUN,,nmod,Gen,Neut,Sing,Inan,0.1036959545843213,NONE
",",PUNCT,,punct,,,,,0.1425743183451073,NONE
президент,NOUN,,nsubj,Nom,Masc,Sing,Anim,0.0204571616338362,NONE
заявил,VERB,,root,,Masc,Sing,,-0.003595974679974,NONE
",",PUNCT,,punct,,,,,0.1892481841643645,NONE
что,SCONJ,,mark,,,,,0.1332428303406837,NONE
можно,ADV,,ccomp,,,,,0.2478974628691252,NONE
было,AUX,,cop,,Neut,Sing,,0.1241560093326879,NONE
бы,AUX,,aux,,,,,0.05524986597076,NONE
добиться,VERB,,csubj,,,,,-0.0609978506480665,NONE
большего,ADJ,,amod,Gen,Neut,Sing,,0.0798375713542192,NONE
",",PUNCT,,punct,,,,,0.1660073558203484,NONE
если,SCONJ,,mark,,,,,0.1986125835778432,NONE
бы,AUX,,aux,,,,,0.0537386721118637,NONE
не,PART,,advmod,,,,,0.1988187784167111,NONE
незаконные,ADJ,,amod,Acc,,Plur,Inan,0.111086699985029,NONE
санкции,NOUN,,obl,Acc,Fem,Plur,Inan,0.0233173907403915,NONE
.,PUNCT,,punct,,,,,-0.6510225268634156,NONE
В,ADP,,parataxis,,,,,-0.0639658358592839,NONE
.,PUNCT,,punct,,,,,0.2041099460621226,NONE
Вы,PRON,,nsubj,Nom,,Plur,,0.0611121718778264,NONE
включаете,VERB,,root,,,Plur,,0.7594909632659871,NONE
квитанцию,NOUN,,obj,Acc,Fem,Sing,Inan,0.2457922399680123,NONE
?,PUNCT,,punct,,,,,0.1406285082878477,NONE
У,ADP,,case,,,,,0.4496404725798832,NONE
вас,PRON,,root,Gen,,Plur,,0.4608644659421056,NONE
прекрасный,ADJ,,amod,Nom,Masc,Sing,,-0.0752685099567505,NONE
день,NOUN,,nsubj,Nom,Masc,Sing,Inan,0.3161363801842082,NONE
Фрэнк,PROPN,,nsubj,Nom,Masc,Sing,Anim,0.1263144557465213,PER
Деберри,PROPN,,appos,Nom,Masc,Sing,Anim,0.0730431195777302,PER
",",PUNCT,,punct,,,,,0.116951385384688,NONE
президент,NOUN,,appos,Nom,Masc,Sing,Anim,-0.0436417209719354,NONE
и,CCONJ,,cc,,,,,-0.0295685718063631,NONE
генеральный,ADJ,,amod,Nom,Masc,Sing,,-0.0743349968008582,NONE
директор,NOUN,,conj,Nom,Masc,Sing,Anim,-0.0476767090153451,NONE
курорта,NOUN,,nmod,Gen,Masc,Sing,Inan,0.1646944598347152,NONE
",",PUNCT,,punct,,,,,0.1538213970196078,NONE
сказал,VERB,,root,,Masc,Sing,,-0.0340751291808941,NONE
",",PUNCT,,punct,,,,,0.149289342284028,NONE
что,SCONJ,,mark,,,,,-0.056783284250597,NONE
у,ADP,,case,,,,,-0.0524813898218677,NONE
всех,DET,,det,Gen,,Plur,,0.022875660369605,NONE
шестерых,NUM,,nummod,Gen,,,,0.1463917578050609,NONE
мужчин,NOUN,,obl,Gen,Masc,Plur,Anim,0.0215614836494633,NONE
были,VERB,,ccomp,,,Plur,,-0.097317582797689,NONE
пропуска,NOUN,,nsubj,Nom,Masc,Plur,Inan,0.0898730404787437,NONE
горнолыжного,ADJ,,amod,Gen,Masc,Sing,,0.150476314110357,NONE
курорта,NOUN,,nmod,Gen,Masc,Sing,Inan,0.1282763282765918,NONE
в,ADP,,case,,,,,0.0622122883258565,NONE
гору,NOUN,,nmod,Acc,Fem,Sing,Inan,0.1527819862674293,NONE
",",PUNCT,,punct,,,,,-0.0048779120949342,NONE
что,PRON,,nsubj,Nom,,,,-0.0752045102731317,NONE
означает,VERB,,parataxis,,,Sing,,-0.0260503626799947,NONE
",",PUNCT,,punct,,,,,0.0517578133685576,NONE
что,SCONJ,,mark,,,,,0.0252577763290688,NONE
они,PRON,,nsubj:pass,Nom,,Plur,,0.0314491557224381,NONE
были,AUX,,aux:pass,,,Plur,,-0.0573117171048844,NONE
зарегистрированы,VERB,,ccomp,,,Plur,,0.0026686227738961,NONE
в,ADP,,case,,,,,0.0399325831633746,NONE
лыжном,ADJ,,amod,Loc,Masc,Sing,,-0.0005928476609634,NONE
патруле,NOUN,,obl,Loc,Masc,Sing,Inan,0.0578034654582581,NONE
",",PUNCT,,punct,,,,,0.0042859074837962,NONE
участвовали,VERB,,conj,,,Plur,,-0.0355267715315541,NONE
в,ADP,,case,,,,,-0.0067876531278392,NONE
инструктаже,NOUN,,obl,Loc,Masc,Sing,Inan,0.2210953702622925,NONE
о,ADP,,case,,,,,-0.0172076850693267,NONE
том,PRON,,nmod,Loc,Neut,Sing,Inan,-0.0399337165476756,NONE
",",PUNCT,,punct,,,,,0.1041263323237839,NONE
как,ADV,,advmod,,,,,-0.0669585531886451,NONE
и,CCONJ,,cc,,,,,-0.0100701642627536,NONE
где,ADV,,conj,,,,,-0.060135296114515,NONE
можно,ADV,,acl,,,,,0.0004865666108316,NONE
покататься,VERB,,csubj,,,,,0.0533367892032023,NONE
на,ADP,,case,,,,,0.0057257565988994,NONE
лыжах,NOUN,,obl,Loc,Fem,Plur,Inan,0.0389516385282308,NONE
по,ADP,,case,,,,,0.0294612211174883,NONE
бэккантри,NOUN,,obl,Dat,Masc,Sing,Inan,0.2079608869138344,NONE
через,ADP,,case,,,,,-0.0378930894184812,NONE
территорию,NOUN,,obl,Acc,Fem,Sing,Inan,-0.016850059311523,NONE
курорта,NOUN,,nmod,Gen,Masc,Sing,Inan,0.1388087061688407,NONE
",",PUNCT,,punct,,,,,0.1145138196185342,NONE
и,CCONJ,,cc,,,,,0.0432023429357392,NONE
были,AUX,,cop,,,Plur,,-0.0078261798893574,NONE
обязаны,ADJ,,conj,,,Plur,,0.039207654539039,NONE
проверить,VERB,,xcomp,,,,,-0.019256046353984,NONE
состояние,NOUN,,obj,Acc,Neut,Sing,Inan,-0.0056494715088567,NONE
снега,NOUN,,nmod,Gen,Masc,Sing,Inan,0.0893706742759339,NONE
перед,ADP,,case,,,,,0.0447896854330853,NONE
экскурсией,NOUN,,nmod,Ins,Fem,Sing,Inan,0.1242441806657368,NONE
.,PUNCT,,punct,,,,,0.142684686081873,NONE
.,PUNCT,,punct,,,,,0.0487567508805196,NONE
JC,PROPN,,nsubj,,,,,0.1144008274100948,ORG
Decaux,PROPN,,flat:foreign,,,,,-0.0028172575325264,ORG
Australia,PROPN,,flat:foreign,,,,,-0.0225468412168507,ORG
заработала,VERB,,parataxis,,Fem,Sing,,-0.0495502928413042,NONE
$37,NUM,,nummod,,,,,-0.0016603127362615,NONE
",",PUNCT,,punct,,,,,-0.0674939439015123,NONE
7,NUM,,nmod,,,,,-0.0894353826816431,NONE
млн,NOUN,,nummod,Gen,Masc,Plur,Inan,0.1091399733931618,NONE
выручки,NOUN,,nmod,Gen,Fem,Sing,Inan,-0.0641242415342439,NONE
от,ADP,,case,,,,,0.1270283561375868,NONE
транспорта,NOUN,,nmod,Gen,Masc,Sing,Inan,-0.1085333697501943,NONE
в,ADP,,case,,,,,0.0769288695513944,NONE
2018,ADJ,,amod,,,,,-0.1834604073862425,NONE
году,NOUN,,obl,Loc,Masc,Sing,Inan,0.0304266284936072,NONE
",",PUNCT,,punct,,,,,0.4282656351324594,NONE
согласно,ADP,,case,,,,,0.0737612144606723,NONE
финансовым,ADJ,,amod,Dat,,Plur,,0.1300152221116307,NONE
результатам,NOUN,,obl,Dat,Masc,Plur,Inan,-0.0218712640236218,NONE
2018,ADJ,,amod,,,,,-0.0899032788707239,NONE
года,NOUN,,nmod,Gen,Masc,Sing,Inan,0.0044374036578105,NONE
",",PUNCT,,punct,,,,,0.1571587948171205,NONE
поданным,VERB,,acl,Dat,,Plur,,-0.0553285490443298,NONE
в,ADP,,case,,,,,0.1126227081720848,NONE
Австралийскую,ADJ,,amod,Acc,Fem,Sing,,0.0483056919205601,ORG
комиссию,NOUN,,obl,Acc,Fem,Sing,Inan,-0.0460899666676645,ORG
по,ADP,,case,,,,,-0.1422749720988225,NONE
ценным,ADJ,,amod,Dat,,Plur,,-0.046670783877492,NONE
бумагам,NOUN,,nmod,Dat,Fem,Plur,Inan,0.2476470983310324,NONE
и,CCONJ,,cc,,,,,0.0085127054322316,NONE
инвестициям,NOUN,,conj,Dat,Fem,Plur,Inan,0.0811353791356885,NONE
.,PUNCT,,punct,,,,,0.0607617269116523,NONE
Но,CCONJ,,cc,,,,,0.0035287598935359,NONE
если,SCONJ,,mark,,,,,0.0319826962745481,NONE
я,PRON,,nsubj,Nom,,Sing,,0.0005468704185309,NONE
очень,ADV,,advmod,,,,,-0.0334735767545826,NONE
голоден,ADJ,,advcl,,Masc,Sing,,0.0310512911296736,NONE
",",PUNCT,,punct,,,,,-0.0283169838196242,NONE
да,PART,,parataxis,,,,,-0.0104919994877719,NONE
",",PUNCT,,punct,,,,,-0.0235155808915281,NONE
я,PRON,,nsubj,Nom,,Sing,,0.0182029039571866,NONE
съем,VERB,,root,,,Plur,,-0.0246747098467366,NONE
что-нибудь,PRON,,obj,Acc,,,,0.96672403767231,NONE
еще,ADV,,advmod,,,,,0.0189994377172732,NONE
",",PUNCT,,punct,,,,,-0.0021024920245647,NONE
чтобы,SCONJ,,mark,,,,,-0.0171449498934064,NONE
подкрепить,VERB,,advcl,,,,,0.0085974201012917,NONE
свое,DET,,det,Acc,Neut,Sing,,0.0040161859281879,NONE
тело,NOUN,,obj,Acc,Neut,Sing,Inan,0.0007300344344153,NONE
и,CCONJ,,cc,,,,,0.0045483882948784,NONE
принять,VERB,,conj,,,,,-0.0110349858538959,NONE
тот,DET,,det,Acc,Masc,Sing,,-0.0211404762642917,NONE
факт,NOUN,,obj,Acc,Masc,Sing,Inan,0.00930634564537,NONE
",",PUNCT,,punct,,,,,-0.0248177805719717,NONE
что,SCONJ,,mark,,,,,0.0661342530257868,NONE
потеря,NOUN,,nsubj,Nom,Fem,Sing,Inan,-0.017725956340146,NONE
веса,NOUN,,nmod,Gen,Masc,Sing,Inan,0.0665764581980759,NONE
может,VERB,,acl,,,Sing,,-0.0203776762956757,NONE
быть,AUX,,cop,,,,,-0.0221583741879784,NONE
на,ADP,,case,,,,,-0.0022391367904124,NONE
день,NOUN,,obl,Acc,Masc,Sing,Inan,-0.0276733102530629,NONE
медленнее,ADJ,,obl,,,,,0.1109973036659268,NONE
или,CCONJ,,cc,,,,,0.0199120274896564,NONE
нет,PART,,conj,,,,,-0.0146559904965997,NONE
.,PUNCT,,punct,,,,,-0.0232577502214601,NONE
Но,CCONJ,,cc,,,,,-0.1934089030589649,NONE
«Интер,NOUN,,nsubj,Nom,Masc,Sing,Inan,0.0245591903467975,ORG
Милан»,PROPN,,appos,Nom,Masc,Sing,Inan,0.0781402064189664,ORG
продолжает,VERB,,root,,,Sing,,-0.0761939141287386,NONE
просить,VERB,,xcomp,,,,,-0.1134496024052755,NONE
о,ADP,,case,,,,,0.0200930236626313,NONE
том,PRON,,obl,Loc,Neut,Sing,Inan,-0.0327256587506303,NONE
",",PUNCT,,punct,,,,,0.2431854526420269,NONE
чтобы,SCONJ,,mark,,,,,-0.1464778167200833,NONE
его,DET,,det,,,,,0.0827670865209833,NONE
оговорка,NOUN,,nsubj:pass,Nom,Fem,Sing,Inan,-0.0181928243197804,NONE
об,ADP,,case,,,,,-0.0293523751313518,NONE
освобождении,NOUN,,nmod,Loc,Neut,Sing,Inan,0.0623160370899023,NONE
в,ADP,,case,,,,,0.0060970820442235,NONE
размере,NOUN,,nmod,Loc,Masc,Sing,Inan,0.016492877721924,NONE
101,NUM,,nummod,,,,,-0.0051917845695995,NONE
млн,NOUN,,nummod,Gen,Masc,Plur,Inan,0.0698998901584317,NONE
фунтов,NOUN,,nmod,Gen,Masc,Plur,Inan,0.2277380536357528,NONE
стерлингов,NOUN,,nmod,Gen,Masc,Plur,Inan,0.0722889417845081,NONE
была,AUX,,aux:pass,,Fem,Sing,,0.0473814112220394,NONE
соблюдена,VERB,,acl,,Fem,Sing,,0.3117394582681633,NONE
",",PUNCT,,punct,,,,,0.22321697494891,NONE
прежде,ADV,,mark,,,,,0.0155299425465443,NONE
чем,SCONJ,,fixed,,,,,0.0304752647450458,NONE
вести,VERB,,advcl,,,,,-0.5049947990916512,NONE
переговоры,NOUN,,obj,Acc,Masc,Plur,Inan,0.1185283892232965,NONE
с,ADP,,case,,,,,-0.0514898251121466,NONE
каталонцами,NOUN,,nmod,Ins,Masc,Plur,Anim,0.1185253117716511,NONE
.,PUNCT,,punct,,,,,-0.3705628286326657,NONE
Это,PRON,,nsubj,Nom,Neut,Sing,Inan,0.0630529391422269,NONE
уже,ADV,,obl,,,,,0.2984401160811877,NONE
в,ADP,,case,,,,,-0.0637671586833583,NONE
третий,ADJ,,amod,Acc,Masc,Sing,Inan,0.0267749762572522,NONE
раз,NOUN,,root,Acc,Masc,Sing,Inan,-0.0278285420864971,NONE
за,ADP,,case,,,,,-0.1304401156927655,NONE
последние,ADJ,,amod,Acc,,Plur,Inan,-0.1313631736138522,NONE
месяцы,NOUN,,nmod,Acc,Masc,Plur,Inan,-0.0207569787828448,NONE
",",PUNCT,,punct,,,,,-0.1172258267257352,NONE
что,SCONJ,,mark,,,,,-0.2576038487782994,NONE
Google,PROPN,,nsubj,Nom,Masc,Sing,Inan,-0.0166653061229434,ORG
удалил,VERB,,acl,,Masc,Sing,,0.2846206157662724,NONE
много,ADV,,advmod,,,,,0.0641927915459757,NONE
приложений,NOUN,,obl,Gen,Neut,Plur,Inan,0.1656760272770635,NONE
от,ADP,,case,,,,,-0.0608205443920285,NONE
крупного,ADJ,,amod,Gen,Masc,Sing,,0.11311488449671,NONE
китайского,ADJ,,amod,Gen,Masc,Sing,,0.0901014521786882,NONE
разработчика,NOUN,,obl,Gen,Masc,Sing,Anim,0.1413833610118962,NONE
.,PUNCT,,punct,,,,,0.7062665621380204,NONE
Еще,ADV,,advmod,,,,,-0.3036355310847434,NONE
одна,NUM,,nummod,Nom,Fem,,,0.0160453336376324,NONE
вещь,NOUN,,root,Nom,Fem,Sing,Inan,0.0721743929884301,NONE
",",PUNCT,,punct,,,,,0.1711909326496223,NONE
которую,PRON,,obj,Acc,,,,0.0078069019436178,NONE
я,PRON,,nsubj,Nom,,Sing,,0.0171804321639051,NONE
мог,VERB,,acl:relcl,,Masc,Sing,,0.006313217229403,NONE
бы,AUX,,aux,,,,,0.0239696375340644,NONE
сделать,VERB,,xcomp,,,,,0.0422721041422964,NONE
:,PUNCT,,punct,,,,,0.129095982247244,NONE
поддельный,ADJ,,amod,Nom,Masc,Sing,,0.0671296731428263,NONE
разговор,NOUN,,parataxis,Nom,Masc,Sing,Inan,0.1222253953425542,NONE
по,ADP,,case,,,,,0.0684143386342068,NONE
электронной,ADJ,,amod,Dat,Fem,Sing,,0.0875420867896269,NONE
почте,NOUN,,nmod,Dat,Fem,Sing,Inan,0.0971029201108037,NONE
с,ADP,,case,,,,,0.2652295825920456,NONE
вами,PRON,,nmod,Ins,,Plur,,-0.0682848929842682,NONE
о,ADP,,case,,,,,0.09565922815776,NONE
том,PRON,,nmod,Loc,Neut,Sing,Inan,0.0831162323961442,NONE
",",PUNCT,,punct,,,,,0.2769318437977103,NONE
почему,ADV,,advmod,,,,,0.0459525861264487,NONE
ваши,DET,,det,Nom,,Plur,,0.0663718035477375,NONE
платежные,ADJ,,amod,Nom,,Plur,,0.05049397893255,NONE
заглушки,NOUN,,nsubj,Nom,Fem,Plur,Inan,0.1012751696963126,NONE
пропадают,VERB,,acl,,,Plur,,-0.0158767814540641,NONE
или,CCONJ,,cc,,,,,0.0364177654049688,NONE
почему,ADV,,advmod,,,,,-0.0171792108642717,NONE
ваш,DET,,det,Nom,Masc,Sing,,-0.0170152911458613,NONE
пароль,NOUN,,nsubj,Nom,Masc,Sing,Inan,-0.1133607932647141,NONE
не,PART,,advmod,,,,,0.0645420390122926,NONE
работает,VERB,,conj,,,Sing,,0.0358928679753347,NONE
(,PUNCT,,punct,,,,,-0.0887334339972114,NONE
после,ADP,,case,,,,,0.0227136339617887,NONE
того,PRON,,parataxis,Gen,Neut,Sing,Inan,-0.0687114468977543,NONE
",",PUNCT,,punct,,,,,0.0262450131910431,NONE
как,SCONJ,,mark,,,,,-0.2461016606310583,NONE
вы,PRON,,nsubj,Nom,,Plur,,-0.1120429000313693,NONE
его,PRON,,obj,Acc,Masc,Sing,,0.4559446669978284,NONE
измените,VERB,,acl,,,Plur,,0.2028247437747465,NONE
),PUNCT,,punct,,,,,-0.0279772342765394,NONE
",",PUNCT,,punct,,,,,0.1191550142217881,NONE
и,CCONJ,,cc,,,,,0.0850460379398146,NONE
как,ADV,,advmod,,,,,-0.0254494542757254,NONE
мы,PRON,,nsubj,Nom,,Plur,,0.0696159529772128,NONE
«пытаемся,VERB,,conj,,,Plur,,0.1367207230494127,NONE
выяснить,VERB,,xcomp,,,,,0.0246046551512524,NONE
это,PRON,,obj,Acc,Neut,Sing,Inan,0.003071028241757,NONE
",",PUNCT,,punct,,,,,0.0851504856231604,NONE
спасибо,NOUN,,conj,Nom,Neut,Sing,Inan,0.0323351509927471,NONE
за,ADP,,case,,,,,-0.0251441797197796,NONE
ваше,DET,,det,Acc,Neut,Sing,,0.0350320955212797,NONE
терпение,NOUN,,nmod,Acc,Neut,Sing,Inan,0.0718877591324216,NONE
!,PUNCT,,punct,,,,,-0.0541776976112179,NONE
»,PUNCT,,root,,,,,-0.4125964827255517,NONE
Собаку,NOUN,,obj,Acc,Fem,Sing,Anim,0.4910457470782005,NONE
сейчас,ADV,,advmod,,,,,-0.1842825717418064,NONE
держат,VERB,,root,,,Plur,,-0.0848636897099677,NONE
в,ADP,,case,,,,,-0.1662034278028746,NONE
основном,NOUN,,obl,Loc,Neut,Sing,Inan,-0.3121826663071202,NONE
внутри,ADV,,advmod,,,,,-0.1074603433433624,NONE
",",PUNCT,,punct,,,,,-0.0025760603276861,NONE
а,CCONJ,,cc,,,,,-0.323997608882153,NONE
когда,SCONJ,,mark,,,,,-0.2522758868160247,NONE
она,PRON,,nsubj,Nom,Fem,Sing,,-0.083345466966249,NONE
выходит,VERB,,advcl,,,Sing,,-0.1067924176178134,NONE
",",PUNCT,,punct,,,,,0.0661052133912449,NONE
то,SCONJ,,mark,,,,,-0.1489787600626504,NONE
быстро,ADV,,advmod,,,,,-0.0013039129124478,NONE
или,CCONJ,,cc,,,,,0.0909424193036249,NONE
хозяин,NOUN,,conj,Nom,Masc,Sing,Anim,0.2210475733420761,NONE
выходит,VERB,,conj,,,Sing,,0.0858750192019871,NONE
с,ADP,,case,,,,,-0.0075854044358218,NONE
ней,PRON,,obl,Ins,Fem,Sing,,0.0517710866408665,NONE
.,PUNCT,,punct,,,,,0.2785240629869434,NONE
Я,PRON,,nsubj,Nom,,Sing,,-0.2300987915189546,NONE
понимаю,VERB,,root,,,Sing,,0.1022090643371657,NONE
",",PUNCT,,punct,,,,,0.0186510378069957,NONE
что,SCONJ,,mark,,,,,0.0178543752041662,NONE
это,PRON,,nsubj,Nom,Neut,Sing,Inan,-0.0081328934202683,NONE
не,PART,,advmod,,,,,-0.0353628073835034,NONE
то,PRON,,ccomp,Nom,Neut,Sing,Inan,-0.1010456433883368,NONE
",",PUNCT,,punct,,,,,0.1023422904882437,NONE
что,PRON,,obj,Acc,,,,-0.0667561402564924,NONE
вы,PRON,,nsubj,Nom,,Plur,,-0.1183658178487622,NONE
можете,VERB,,acl,,,Plur,,-0.0517507936388452,NONE
контролировать,VERB,,xcomp,,,,,0.2079025266295295,NONE
.,PUNCT,,punct,,,,,0.1262366480873844,NONE
.,PUNCT,,punct,,,,,0.2339557002797519,NONE
.,PUNCT,,punct,,,,,0.1484625300357263,NONE
Я,PRON,,nsubj,Nom,,Sing,,0.2139253469055034,NONE
только,PART,,advmod,,,,,0.1314494841085632,NONE
хотел,VERB,,root,,Masc,Sing,,0.1001252862966403,NONE
проиллюстрировать,VERB,,xcomp,,,,,0.1049714680154628,NONE
соображения,NOUN,,obj,Acc,Neut,Plur,Inan,0.0476085978724045,NONE
и,CCONJ,,cc,,,,,0.0335129557477382,NONE
компромиссы,NOUN,,conj,Acc,Masc,Plur,Inan,0.0813279637418182,NONE
",",PUNCT,,punct,,,,,0.3287513404801099,NONE
сделанные,VERB,,acl,Acc,,Plur,Inan,-0.3068668069427401,NONE
с,ADP,,case,,,,,-0.0196530852884272,NONE
этой,DET,,det,Gen,Fem,Sing,,-0.0535061284356295,NONE
стороны,NOUN,,obl,Gen,Fem,Sing,Inan,0.054810387430018,NONE
мира,NOUN,,nmod,Gen,Masc,Sing,Inan,0.0157104656705539,NONE
.,PUNCT,,punct,,,,,-0.6289350215996639,NONE
Это,PART,,expl,,,,,0.3472632606988547,NONE
где,ADV,,advmod,,,,,-0.0403881106081468,NONE
вы,PRON,,nsubj,Nom,,Plur,,-0.2252909272589008,NONE
входите,VERB,,root,,,Plur,,-0.0048968714812276,NONE
.,PUNCT,,punct,,,,,-0.043677535164938,NONE
"""",PUNCT,,punct,,,,,0.4202293366118357,NONE
"""",PUNCT,,root,,,,,0.47003903426089,NONE
"""",PUNCT,,punct,,,,,0.0499515459285394,NONE
Один,NUM,,nummod,Nom,Masc,,,0.0067348677756959,NONE
фанат,NOUN,,nsubj,Nom,Masc,Sing,Anim,0.0201511917286992,NONE
Spurs,PROPN,,flat:foreign,,,,,0.0427145156341526,NONE
прокомментировал,VERB,,root,,Masc,Sing,,0.0999667942223821,NONE
макет,NOUN,,obj,Acc,Masc,Sing,Inan,-0.0458909369966661,NONE
чтения,NOUN,,nmod,Gen,Neut,Sing,Inan,0.0205764757300681,NONE
мема,NOUN,,nmod,Gen,Masc,Sing,Inan,0.0339070371486579,NONE
Жозе,PROPN,,nmod,Gen,Masc,Sing,Anim,0.1440135523370725,PER
Моуринью,PROPN,,flat:name,Ins,Masc,Sing,Anim,0.3710908588567803,PER
:,PUNCT,,punct,,,,,0.0691720931526842,NONE
«Я,PRON,,nsubj,Nom,,Sing,,0.1494259056099331,NONE
предпочитаю,VERB,,parataxis,,,Sing,,0.1039460120615397,NONE
не,PART,,advmod,,,,,0.1743387270683007,NONE
смеяться,VERB,,xcomp,,,,,0.0573662047972879,NONE
",",PUNCT,,punct,,,,,0.0400042549818999,NONE
если,SCONJ,,mark,,,,,0.2092769446406673,NONE
я,PRON,,nsubj,Nom,,Sing,,0.0999831847617146,NONE
смеюсь,VERB,,advcl,,,Sing,,0.0135800245084821,NONE
",",PUNCT,,punct,,,,,0.0532997310876215,NONE
у,ADP,,case,,,,,-0.0335882702778193,NONE
меня,PRON,,obl,Gen,,Sing,,-0.0090944036112252,NONE
большие,ADJ,,amod,Nom,,Plur,,0.1371717796028677,NONE
проблемы»,NOUN,,nsubj,Nom,Masc,Plur,Inan,0.287651053598801,NONE
.,PUNCT,,punct,,,,,0.3493080655771209,NONE
«Это,PRON,,nsubj,Nom,Neut,Sing,Inan,0.2163993990539508,NONE
не,PART,,advmod,,,,,-0.0596351809466938,NONE
просто,PART,,advmod,,,,,0.0228486310801507,NONE
попытка,NOUN,,parataxis,Nom,Fem,Sing,Inan,0.0890412292178789,NONE
поставить,VERB,,obl,,,,,-0.0954121641174842,NONE
в,ADP,,case,,,,,-0.0389628617851849,NONE
неловкое,ADJ,,amod,Acc,Neut,Sing,,0.0433047386052598,NONE
лицо,NOUN,,obl,Acc,Neut,Sing,Inan,-0.1403636940539618,NONE
.,PUNCT,,punct,,,,,0.2219152585255459,NONE
Это,PRON,,nsubj,Nom,Neut,Sing,Inan,-0.7363283398522489,NONE
для,ADP,,case,,,,,-0.1389096967680335,NONE
извлечения,NOUN,,root,Gen,Neut,Sing,Inan,-0.05773265058621,NONE
информации,NOUN,,nmod,Gen,Fem,Sing,Inan,0.0271592450168913,NONE
.,PUNCT,,punct,,,,,-0.0670171810512806,NONE
Причина,NOUN,,nsubj,Nom,Fem,Sing,Inan,0.123536596013771,NONE
",",PUNCT,,punct,,,,,0.0466796391864761,NONE
по,ADP,,case,,,,,-0.1274076241022794,NONE
которой,PRON,,obl,Dat,,,,-0.0187109801447148,NONE
интеллект,NOUN,,nsubj,Nom,Masc,Sing,Inan,0.0715340843775837,NONE
",",PUNCT,,punct,,,,,0.1187650399298048,NONE
технология,NOUN,,conj,Nom,Fem,Sing,Inan,-0.0774636352546719,NONE
и,CCONJ,,cc,,,,,0.0222890030289337,NONE
координация,NOUN,,conj,Nom,Fem,Sing,Inan,-0.0167111782988013,NONE
приобретают,VERB,,acl:relcl,,,Plur,,0.0884692945322008,NONE
решающее,ADJ,,amod,Acc,Neut,Sing,,-0.0130190617755575,NONE
значение,NOUN,,obj,Acc,Neut,Sing,Inan,0.0630277083010745,NONE
",",PUNCT,,punct,,,,,0.0409394174717259,NONE
заключается,VERB,,root,,,Sing,,0.1386908214802056,NONE
в,ADP,,case,,,,,0.0924607008708473,NONE
том,PRON,,obl,Loc,Neut,Sing,Inan,0.0678209279832192,NONE
",",PUNCT,,punct,,,,,0.1083463677082191,NONE
что,SCONJ,,mark,,,,,0.1338780442913122,NONE
90,NUM,,nummod,,,,,0.0074782485177484,NONE
процентов,NOUN,,nsubj,Gen,Masc,Plur,Inan,-0.1455016959319373,NONE
мировой,ADJ,,amod,Gen,Fem,Sing,,0.0963784142300932,NONE
торговли,NOUN,,nmod,Gen,Fem,Sing,Inan,0.0245207322840521,NONE
базируется,VERB,,acl,,,Sing,,-0.0290295930277376,NONE
на,ADP,,case,,,,,-0.057532679930683,NONE
море,NOUN,,obl,Loc,Neut,Sing,Inan,0.007107920437742,NONE
и,CCONJ,,cc,,,,,0.0265523266439991,NONE
невозможно,ADJ,,conj,,Neut,Sing,,-0.1108104963926771,NONE
укомплектовать,VERB,,csubj,,,,,0.0691648407108256,NONE
экипажем,NOUN,,obl,Ins,Masc,Sing,Inan,0.2026770553563712,NONE
каждое,DET,,det,Acc,Neut,Sing,,-0.0147457215811441,NONE
судно,NOUN,,obj,Acc,Neut,Sing,Inan,0.2932955997387177,NONE
в,ADP,,case,,,,,0.5735486205513585,NONE
море,NOUN,,nmod,Loc,Neut,Sing,Inan,0.2956947408694533,NONE
.,PUNCT,,punct,,,,,-0.1372704162573212,NONE
Комбо,NOUN,,advmod,Nom,Masc,Sing,Inan,0.0157425354703994,NONE
-,PUNCT,,punct,,,,,-0.0541980055600321,NONE
ориентированный,VERB,,acl,Nom,Masc,Sing,,-0.0691536024332574,NONE
",",PUNCT,,punct,,,,,-0.0227085104319516,NONE
нецелевой,ADJ,,conj,Nom,Masc,Sing,,0.0432893066973922,NONE
бой,NOUN,,nsubj,Nom,Masc,Sing,Inan,0.2004739672469215,NONE
—,PUNCT,,punct,,,,,-0.4783372664455251,NONE
примите,VERB,,root,,,Plur,,0.0420154047294661,NONE
участие,NOUN,,obj,Acc,Neut,Sing,Inan,-0.043044399770199,NONE
в,ADP,,case,,,,,-0.1813544357497216,NONE
динамичном,ADJ,,acl,Loc,Neut,Sing,,-0.002455321749644,NONE
",",PUNCT,,punct,,,,,0.1243008256497797,NONE
насыщенном,VERB,,conj,Loc,Neut,Sing,,0.1297825711424465,NONE
действиями,NOUN,,obl,Ins,Neut,Plur,Inan,0.056438686337101,NONE
бою,NOUN,,nmod,Loc,Masc,Sing,Inan,-0.0909778856872376,NONE
с,ADP,,case,,,,,-0.1237282192632384,NONE
навыками,NOUN,,nmod,Ins,Masc,Plur,Inan,0.0664659780764017,NONE
",",PUNCT,,punct,,,,,0.0699744527135536,NONE
которые,PRON,,obj,Acc,,,,0.1068574811988011,NONE
можно,ADV,,acl:relcl,,,,,0.2168601733292252,NONE
объединить,VERB,,csubj,,,,,0.1809818782838562,NONE
с,ADP,,case,,,,,0.0738084046663907,NONE
помощью,NOUN,,fixed,Ins,Fem,Sing,Inan,0.1161032383932693,NONE
комбо,NOUN,,obl,Gen,Masc,Sing,Inan,-0.0140838846647031,NONE
.,PUNCT,,punct,,,,,-0.3496750769197919,NONE
Сумка,NOUN,,root,Nom,Fem,Sing,Inan,-0.0320248933212875,NONE
",",PUNCT,,punct,,,,,0.0426552920312276,NONE
сделанная,VERB,,acl,Nom,Fem,Sing,,0.1686532532512878,NONE
в,ADP,,case,,,,,0.4780636736814528,NONE
домашнем,ADJ,,amod,Loc,Masc,Sing,,0.2280983587308496,NONE
питомце,NOUN,,obl,Loc,Masc,Sing,Inan,0.3648599323393178,NONE
",",PUNCT,,punct,,,,,0.1574713781594782,NONE
и,CCONJ,,cc,,,,,0.1936590669594277,NONE
среда,NOUN,,conj,Nom,Fem,Sing,Inan,0.0648016090961759,NONE
",",PUNCT,,punct,,,,,0.2422518677167466,NONE
свободная,ADJ,,amod,Nom,Fem,Sing,,0.1358202973122377,NONE
от,ADP,,case,,,,,-0.0462094154942352,NONE
дыма,NOUN,,obl,Gen,Masc,Sing,Inan,-0.020387960483845,NONE
Тем,PRON,,discourse,Ins,Neut,Sing,Inan,-0.0192100270855688,NONE
не,PART,,fixed,,,,,-0.1151563225888787,NONE
менее,ADV,,fixed,,,,,-0.0676749178663678,NONE
",",PUNCT,,punct,,,,,-0.1490932073604785,NONE
EverGrow,PROPN,,nsubj,,,,,-0.0912129627829193,NONE
по-прежнему,ADV,,advmod,,,,,-0.0685286425734351,NONE
остается,VERB,,root,,,Sing,,-0.0225654750714361,NONE
значительно,ADV,,advmod,,,,,-0.0777436319115229,NONE
ниже,ADV,,advmod,,,,,-0.1416187501330749,NONE
максимумов,NOUN,,obl,Gen,Masc,Plur,Inan,-0.1620092567324534,NONE
",",PUNCT,,punct,,,,,0.2775290746362673,NONE
достигнутых,VERB,,acl,Gen,,Plur,,0.1346893053270263,NONE
до,ADP,,case,,,,,-0.1170326015176142,NONE
этой,DET,,det,Gen,Fem,Sing,,0.1327118770194858,NONE
ошибки,NOUN,,obl,Gen,Fem,Sing,Inan,0.1006361906203591,NONE
.,PUNCT,,punct,,,,,0.1732642158513402,NONE
Это,PRON,,nsubj,Nom,Neut,Sing,Inan,-0.1036266008518523,NONE
означает,VERB,,root,,,Sing,,0.1779217006542249,NONE
",",PUNCT,,punct,,,,,0.0201828829841432,NONE
что,SCONJ,,mark,,,,,-0.0381598226389844,NONE
в,ADP,,case,,,,,0.1446180078447304,NONE
верхней,ADJ,,amod,Loc,Fem,Sing,,-0.0494374675510409,NONE
части,NOUN,,obl,Loc,Fem,Sing,Inan,-0.1413898526350716,NONE
списка,NOUN,,nmod,Gen,Masc,Sing,Inan,-0.0399312380165367,NONE
могут,VERB,,ccomp,,,Plur,,-0.0822588413239588,NONE
появиться,VERB,,xcomp,,,,,-0.053495612693517,NONE
более,ADV,,obl,,,,,0.0839069450429754,NONE
дешевые,ADJ,,amod,Nom,,Plur,,0.158359444324717,NONE
варианты,NOUN,,nsubj,Nom,Masc,Plur,Inan,0.0954021650535683,NONE
",",PUNCT,,punct,,,,,0.1936813377089521,NONE
такие,DET,,det,Nom,,Plur,,-0.1976528590773849,NONE
",",PUNCT,,punct,,,,,0.2328115433865294,NONE
как,SCONJ,,mark,,,,,0.1269817767224392,NONE
расписание,NOUN,,obl,Nom,Neut,Sing,Inan,0.1046500417429749,NONE
движения,NOUN,,nmod,Gen,Neut,Sing,Inan,0.1927719753984161,NONE
поездов,NOUN,,nmod,Gen,Masc,Plur,Inan,0.0887754449260785,NONE
и,CCONJ,,cc,,,,,0.2335135465295572,NONE
автобусов,NOUN,,conj,Gen,Masc,Plur,Inan,-0.0612570553974195,NONE
",",PUNCT,,punct,,,,,0.1968663850844025,NONE
а,CCONJ,,cc,,,,,0.0934615423753735,NONE
водители,NOUN,,nsubj,Nom,Masc,Plur,Anim,0.1577054711080592,NONE
могут,VERB,,conj,,,Plur,,0.1350276228861222,NONE
запрашивать,VERB,,xcomp,,,,,0.0710294907638061,NONE
уведомления,NOUN,,obj,Acc,Neut,Plur,Inan,0.1251378792731155,NONE
о,ADP,,case,,,,,-0.0486229436903036,NONE
задержке,NOUN,,nmod,Loc,Fem,Sing,Inan,0.2287515880786247,NONE
движения,NOUN,,nmod,Gen,Neut,Sing,Inan,0.2486296180156423,NONE
поездов,NOUN,,nmod,Gen,Masc,Plur,Inan,0.1286387122451439,NONE
или,CCONJ,,cc,,,,,0.065798859857759,NONE
автобусов,NOUN,,conj,Gen,Masc,Plur,Inan,0.1075730132244522,NONE
.,PUNCT,,punct,,,,,0.1644889966725885,NONE
Законный,ADJ,,amod,Nom,Masc,Sing,,-0.0335553780357869,NONE
период,NOUN,,nsubj,Nom,Masc,Sing,Inan,0.0474432322523391,NONE
предвыборной,ADJ,,amod,Gen,Fem,Sing,,0.0767827722506633,NONE
агитации,NOUN,,nmod,Gen,Fem,Sing,Inan,0.0304997239306755,NONE
кандидатов,NOUN,,nmod,Gen,Masc,Plur,Anim,0.0847643288812683,NONE
в,ADP,,case,,,,,0.0936328725895602,NONE
сенат,NOUN,,nmod,Acc,Masc,Sing,Inan,0.0772856216785815,NONE
длится,VERB,,root,,,Sing,,0.0457940768883501,NONE
с,ADP,,case,,,,,0.0712591931986102,NONE
26,NUM,,obl,,,,,-0.0969916381406353,NONE
июля,NOUN,,flat,Gen,Masc,Sing,Inan,0.0329893099706796,NONE
по,ADP,,case,,,,,0.1700685420354379,NONE
8,NUM,,nmod,,,,,-0.0300288235274606,NONE
августа,NOUN,,flat,Gen,Masc,Sing,Inan,-0.1188632358859344,NONE
",",PUNCT,,punct,,,,,0.2687934359577391,NONE
заявили,VERB,,parataxis,,,Plur,,-0.1583868606457488,NONE
в,ADP,,case,,,,,0.1630754760643215,NONE
NEA,PROPN,,flat:foreign,,,,,0.0282616797220528,ORG
.,PUNCT,,punct,,,,,0.4091969083866987,NONE
Эти,DET,,det,Nom,,Plur,,0.2154347344882617,NONE
предполагаемые,VERB,,amod,Nom,,Plur,,0.1155807129118479,NONE
запятнанные,VERB,,amod,Nom,,Plur,,0.091265048038349,NONE
деньги,NOUN,,nsubj:pass,Nom,Fem,Plur,Inan,0.0620659569085823,NONE
были,AUX,,aux:pass,,,Plur,,-0.1239314357538023,NONE
использованы,VERB,,root,,,Plur,,0.1675298925084325,NONE
для,ADP,,case,,,,,-0.0950404853412031,NONE
строительства,NOUN,,obl,Gen,Neut,Sing,Inan,-0.0204702683573143,NONE
отеля,NOUN,,nmod,Gen,Masc,Sing,Inan,0.0398283123751673,NONE
Holiday,PROPN,,flat:foreign,,,,,0.0972759168168153,ORG
Inn,PROPN,,flat:foreign,,,,,0.7276582231561336,ORG
",",PUNCT,,punct,,,,,0.1043183646695162,NONE
рядом,ADV,,advmod,,,,,0.0367197544359555,NONE
с,ADP,,case,,,,,0.0419627949393338,NONE
международным,ADJ,,amod,Ins,Masc,Sing,,-0.0118830094008326,NONE
аэропортом,NOUN,,obl,Ins,Masc,Sing,Inan,0.1124556118867953,NONE
Индиры,PROPN,,nmod,Gen,Fem,Sing,Inan,-0.0420273842273608,LOC
Ганди,PROPN,,flat:name,Gen,Masc,Sing,Anim,0.0549702543710252,LOC
",",PUNCT,,punct,,,,,0.024849238439307,NONE
ЭД,PROPN,,nsubj:pass,Nom,Masc,Sing,Anim,-0.0993355700602138,ORG
обвиняется,VERB,,conj,,,Sing,,-0.0251719550768669,NONE
.,PUNCT,,punct,,,,,-0.0537939092936887,NONE
Собака,NOUN,,nsubj,Nom,Fem,Sing,Anim,0.6792455489122632,NONE
теперь,ADV,,advmod,,,,,-0.0511278874604282,NONE
держится,VERB,,root,,,Sing,,-0.0749523339661154,NONE
в,ADP,,case,,,,,0.0487576227456624,NONE
основном,NOUN,,obl,Loc,Neut,Sing,Inan,-0.2072153230029942,NONE
внутри,ADV,,advmod,,,,,-0.0954750070496537,NONE
",",PUNCT,,punct,,,,,0.1534005954097989,NONE
и,CCONJ,,cc,,,,,0.0044349886560929,NONE
когда,SCONJ,,mark,,,,,-0.1555255086087454,NONE
она,PRON,,nsubj,Nom,Fem,Sing,,-0.0328370144814907,NONE
выходит,VERB,,advcl,,,Sing,,-0.0902912104063321,NONE
",",PUNCT,,punct,,,,,0.0691673262412313,NONE
она,PRON,,nsubj,Nom,Fem,Sing,,-0.0513248865359493,NONE
быстро,ADV,,advmod,,,,,0.0119157036826293,NONE
или,CCONJ,,cc,,,,,0.0136821843549031,NONE
владелец,NOUN,,conj,Nom,Masc,Sing,Anim,0.011192700638258,NONE
выходит,VERB,,conj,,,Sing,,0.0864407587690579,NONE
с,ADP,,case,,,,,0.0476467575920987,NONE
ней,PRON,,obl,Ins,Fem,Sing,,0.0756776615672081,NONE
.,PUNCT,,punct,,,,,0.4755539236015592,NONE
Если,SCONJ,,mark,,,,,0.2042536083825447,NONE
вам,PRON,,iobj,Dat,,Plur,,0.0626926712095033,NONE
требуется,VERB,,advcl,,,Sing,,0.1245770638471484,NONE
срочная,ADJ,,amod,Nom,Fem,Sing,,0.207331327502155,NONE
доставка,NOUN,,nsubj,Nom,Fem,Sing,Inan,0.0714374580538059,NONE
",",PUNCT,,punct,,,,,0.4538049740790585,NONE
мы,PRON,,nsubj,Nom,,Plur,,0.1450914123753125,NONE
предлагаем,VERB,,root,,,Plur,,0.13607250256301,NONE
услугу,NOUN,,obj,Acc,Fem,Sing,Inan,-0.0330588822305689,NONE
"""",PUNCT,,punct,,,,,0.1498357182260046,NONE
"""",PUNCT,,punct,,,,,0.0566953745961934,NONE
Royal,PROPN,,flat:foreign,,,,,-0.0834071023448977,NONE
Mail,PROPN,,flat:foreign,,,,,0.1856968786085121,NONE
Special,PROPN,,flat:foreign,,,,,-0.0953064511050254,NONE
Delivery,PROPN,,flat:foreign,,,,,0.3709688477429499,NONE
"""",PUNCT,,punct,,,,,0.2708984708014414,NONE
"""",PUNCT,,punct,,,,,0.1595243623978356,NONE
.,PUNCT,,punct,,,,,-0.2180091781569843,NONE
"""",PUNCT,,root,,,,,0.2377551691466986,NONE
Если,SCONJ,,mark,,,,,0.2192660637284873,NONE
никаких,DET,,det,Gen,,Plur,,0.0751221619969998,NONE
результатов,NOUN,,nsubj:pass,Gen,Masc,Plur,Inan,-0.1896790732528989,NONE
здесь,ADV,,advmod,,,,,-0.329225454192579,NONE
не,PART,,advmod,,,,,0.3016033657955142,NONE
будет,AUX,,aux:pass,,,Sing,,-0.191615252879075,NONE
получено,VERB,,advcl,,Neut,Sing,,0.1377507510384719,NONE
",",PUNCT,,punct,,,,,-0.247830020786352,NONE
они,PRON,,nsubj,Nom,,Plur,,-0.2363453614332054,NONE
попросят,VERB,,root,,,Plur,,0.205581130577969,NONE
о,ADP,,case,,,,,0.0380364427874155,NONE
проведении,NOUN,,obl,Loc,Neut,Sing,Inan,0.0149254904578221,NONE
еще,ADV,,advmod,,,,,-0.0017667470355154,NONE
одной,NUM,,nummod,Gen,Fem,,,0.2091565089102471,NONE
проверки,NOUN,,nmod,Gen,Fem,Sing,Inan,0.213155284210189,NONE
.,PUNCT,,punct,,,,,0.2381902653600388,NONE
В,ADP,,cc,,,,,-0.3484931042368282,NONE
то,DET,,fixed,Acc,Neut,Sing,Inan,-0.0560279971773979,NONE
время,NOUN,,fixed,Acc,Neut,Sing,Inan,0.0182004255218148,NONE
как,SCONJ,,fixed,,,,,0.0859542797363744,NONE
Погба,PROPN,,nsubj,Nom,Masc,Sing,Anim,0.0786667245421849,PER
",",PUNCT,,punct,,,,,0.2238951390288351,NONE
возможно,ADV,,parataxis,,,,,-0.2036086467753165,NONE
",",PUNCT,,punct,,,,,0.2245933984127951,NONE
просто,PART,,advmod,,,,,0.0469405474373112,NONE
праздновал,VERB,,advcl,,Masc,Sing,,0.0749080295848839,NONE
возвращение,NOUN,,obj,Acc,Neut,Sing,Inan,0.1159509952043557,NONE
клуба,NOUN,,nmod,Gen,Masc,Sing,Inan,0.1724231341327559,NONE
на,ADP,,case,,,,,0.0652682392540488,NONE
соревнование,NOUN,,nmod,Acc,Neut,Sing,Inan,0.2979815182406615,NONE
",",PUNCT,,punct,,,,,0.0934725015660223,NONE
многие,NUM,,amod,,,,,0.0100618660404823,NONE
фанаты,NOUN,,nsubj,Nom,Masc,Plur,Anim,0.2579192107086857,NONE
интерпретируют,VERB,,root,,,Plur,,-0.0464784195808786,NONE
это,PRON,,obj,Acc,Neut,Sing,Inan,-0.0884231783621028,NONE
как,SCONJ,,mark,,,,,-0.143314257490305,NONE
убедительное,ADJ,,amod,Acc,Neut,Sing,,0.021705359187341,NONE
предложение,NOUN,,advcl,Acc,Neut,Sing,Inan,-0.1222081899504862,NONE
",",PUNCT,,punct,,,,,0.1359989805589415,NONE
что,SCONJ,,mark,,,,,-0.2131861151795659,NONE
он,PRON,,nsubj,Nom,Masc,Sing,,0.2009950210412175,NONE
все,PART,,advmod,,,,,-0.0371505752571712,NONE
еще,ADV,,obl,,,,,-0.0419365972806542,NONE
будет,AUX,,cop,,,Sing,,0.0248682039876045,NONE
в,ADP,,case,,,,,0.0967343521538366,NONE
клубе,NOUN,,acl,Loc,Masc,Sing,Inan,-0.0505273142596364,NONE
",",PUNCT,,punct,,,,,0.0647302922469324,NONE
поскольку,SCONJ,,mark,,,,,0.0054479895984146,NONE
они,PRON,,nsubj,Nom,,Plur,,0.0478240878808079,NONE
снова,ADV,,advmod,,,,,0.1715169180046608,NONE
конкурируют,VERB,,advcl,,,Plur,,-0.066979265864323,NONE
с,ADP,,case,,,,,-0.0573254411234648,NONE
лучшими,ADJ,,obl,Ins,,Plur,,-0.0905466420500704,NONE
в,ADP,,case,,,,,0.0336251660142698,NONE
Европе,PROPN,,nmod,Loc,Fem,Sing,Inan,-0.0318304798454295,LOC
.,PUNCT,,punct,,,,,0.0959979681234897,NONE
Учебная,ADJ,,amod,Nom,Fem,Sing,,0.2090405246703281,NONE
программа,NOUN,,nsubj,Nom,Fem,Sing,Inan,0.2313102552069587,NONE
заканчивается,VERB,,root,,,Sing,,-0.1235079792973592,NONE
в,ADP,,case,,,,,0.0218306212026757,NONE
Карачи,PROPN,,obl,Loc,Masc,Sing,Inan,0.1063288296324238,LOC
",",PUNCT,,punct,,,,,0.2411553714167017,NONE
и,CCONJ,,cc,,,,,-0.1667429195287636,NONE
каждое,DET,,nsubj:pass,Nom,Neut,Sing,,-0.0190157262385148,NONE
из,ADP,,case,,,,,-0.2317378857787637,NONE
этих,DET,,det,Gen,,Plur,,0.127778801063167,NONE
занятий,NOUN,,nmod,Gen,Neut,Plur,Inan,0.1219341112200421,NONE
проводится,VERB,,conj,,,Sing,,-0.0812822405312523,NONE
офицерами,NOUN,,obl,Ins,Masc,Plur,Anim,0.3146298699862281,NONE
компании,NOUN,,nmod,Gen,Fem,Sing,Inan,0.0710793776033281,NONE
"""",PUNCT,,punct,,,,,0.3595088832757662,NONE
"""",PUNCT,,punct,,,,,0.1277458492237333,NONE
Муса,PROPN,,appos,,,,,0.0674952883118482,ORG
"""",PUNCT,,punct,,,,,0.0366271043621479,NONE
"""",PUNCT,,punct,,,,,0.0073617348545224,NONE
.,PUNCT,,punct,,,,,0.1433158805133495,NONE
"""",PUNCT,,punct,,,,,0.1804429896633728,NONE
«,PUNCT,,punct,,,,,0.0621497367866915,NONE
Спасибо,NOUN,,parataxis,Nom,Neut,Sing,Inan,0.5207105792746736,NONE
",",PUNCT,,punct,,,,,0.0497082895057504,NONE
@,PROPN,,flat:foreign,,,,,0.0246027917744969,ORG
JAL,PROPN,,flat:foreign,,,,,0.0207728590174352,ORG
_,PUNCT,,flat:foreign,,,,,0.0088991704084463,NONE
Official,PROPN,,flat:foreign,,,,,-0.0978975779024431,NONE
_,PUNCT,,punct,,,,,0.0508930640380496,NONE
jp,X,,flat:foreign,,,,,-0.0791978429067337,NONE
за,ADP,,case,,,,,-0.2048570548678255,NONE
предупреждения,NOUN,,obl,Acc,Neut,Plur,Inan,0.0562214909776529,NONE
меня,PRON,,nmod,Gen,,Sing,,-0.0706639277044251,NONE
о,ADP,,case,,,,,-0.086590657669641,NONE
том,PRON,,nmod,Loc,Neut,Sing,Inan,-0.0998615931686239,NONE
",",PUNCT,,punct,,,,,0.2850194416181958,NONE
где,ADV,,advmod,,,,,-0.0281806229297725,NONE
дети,NOUN,,nsubj,Nom,Masc,Plur,Anim,-0.2309259685000395,NONE
планируют,VERB,,acl,,,Plur,,0.30094615992529,NONE
кричать,VERB,,xcomp,,,,,0.0113292388264197,NONE
и,CCONJ,,cc,,,,,-0.0614647124804169,NONE
кричать,VERB,,conj,,,,,0.0842542469895009,NONE
во,ADP,,case,,,,,-0.0547401808870448,NONE
время,NOUN,,fixed,Acc,Neut,Sing,Inan,0.0499488124191894,NONE
13-часовой,ADJ,,amod,Gen,Fem,Sing,,0.2147735242559059,NONE
поездки,NOUN,,obl,Gen,Fem,Sing,Inan,-0.0365630957906067,NONE
.,PUNCT,,punct,,,,,-0.3654265182073933,NONE
Длинные,ADJ,,amod,Nom,,Plur,,0.6131491718198775,NONE
очереди,NOUN,,root,Nom,Fem,Plur,Inan,0.0500551977588726,NONE
за,ADP,,case,,,,,0.0299471879678546,NONE
рубашками,NOUN,,nmod,Ins,Fem,Plur,Inan,0.0261458410520956,NONE
Бэнкси,PROPN,,nmod,Gen,Masc,Sing,Anim,0.1809133142260068,PER
в,ADP,,case,,,,,0.2258361629242306,NONE
поддержку,NOUN,,nmod,Acc,Fem,Sing,Inan,0.1158728726129106,NONE
демонстрантов,NOUN,,nmod,Gen,Masc,Plur,Anim,0.0716831968974836,NONE
",",PUNCT,,punct,,,,,0.2131587951932916,NONE
сбрасывающих,VERB,,acl,Gen,,Plur,,0.1167296334286631,NONE
статуи,NOUN,,obj,Acc,Fem,Plur,Inan,0.4738523149132954,NONE
Свистник,NOUN,,nsubj,Nom,Masc,Sing,Anim,0.3180450589743285,PER
",",PUNCT,,punct,,,,,0.2298379152672071,NONE
неизвестный,ADJ,,amod,Nom,Masc,Sing,,0.1240801357228393,NONE
американский,ADJ,,amod,Nom,Masc,Sing,,0.0179383739498451,NONE
разведчик,NOUN,,appos,Nom,Masc,Sing,Anim,0.1685651371507126,NONE
",",PUNCT,,punct,,,,,0.3780163960450081,NONE
утверждает,VERB,,root,,,Sing,,0.0221072750680365,NONE
",",PUNCT,,punct,,,,,0.3437399338474613,NONE
что,SCONJ,,mark,,,,,0.0488163545434282,NONE
несколько,NUM,,nummod:gov,Nom,,,,0.030715998600994,NONE
чиновников,NOUN,,nsubj,Gen,Masc,Plur,Anim,0.043461722051385,NONE
Белого,ADJ,,amod,Gen,Masc,Sing,,0.3443515040834322,LOC
дома,NOUN,,nmod,Gen,Masc,Sing,Inan,-0.045031412037238,LOC
обвинили,VERB,,ccomp,,,Plur,,0.0214999561148601,NONE
Трампа,PROPN,,obj,Acc,Masc,Sing,Anim,0.1722559335282996,PER
в,ADP,,case,,,,,-0.0296781969739413,NONE
давлении,NOUN,,obl,Loc,Neut,Sing,Inan,0.014504950946529,NONE
на,ADP,,case,,,,,-0.0617613342332619,NONE
президента,NOUN,,nmod,Acc,Masc,Sing,Anim,0.0309581814096786,NONE
Украины,PROPN,,nmod,Gen,Fem,Sing,Inan,0.1213266068734785,LOC
Владимира,PROPN,,appos,Acc,Masc,Sing,Anim,0.103145219748804,PER
Зеленского,PROPN,,flat:name,Acc,Masc,Sing,Anim,0.1315866536993297,PER
во,ADP,,case,,,,,-0.0484463176352777,NONE
время,NOUN,,fixed,Acc,Neut,Sing,Inan,0.0502484364078489,NONE
июльского,ADJ,,amod,Gen,Masc,Sing,,-0.0071210848248981,NONE
телефонного,ADJ,,amod,Gen,Masc,Sing,,-0.0204460685663351,NONE
звонка,NOUN,,obl,Gen,Masc,Sing,Inan,0.0205861923830157,NONE
для,ADP,,case,,,,,0.0669273258129063,NONE
расследования,NOUN,,nmod,Gen,Neut,Sing,Inan,0.0362623091967491,NONE
бывшего,ADJ,,amod,Gen,Masc,Sing,,0.0396833568364621,NONE
вице-президента,NOUN,,nmod,Gen,Masc,Sing,Anim,0.1213140989418324,NONE
Джо,PROPN,,appos,Gen,Masc,Sing,Anim,0.028808315343673,PER
Байдена,PROPN,,flat:name,Gen,Masc,Sing,Anim,0.0091446996995227,PER
и,CCONJ,,cc,,,,,-0.0065311149636133,NONE
его,PRON,,nmod,Gen,Masc,Sing,,-0.0856156433021715,NONE
сына,NOUN,,conj,Gen,Masc,Sing,Anim,-0.0427057809679644,NONE
Хантера,PROPN,,appos,Gen,Masc,Sing,Anim,0.0826645156468168,PER
.,PUNCT,,punct,,,,,0.2202842257877321,NONE
Вчера,ADV,,advmod,,,,,0.2532015305354811,ORG
CoinMarket,PROPN,,nsubj,,,,,0.0358308504823832,ORG
Cap,PROPN,,flat:foreign,,,,,-0.062518359193674,ORG
разместила,VERB,,root,,Fem,Sing,,0.0994548974529465,NONE
предупреждение,NOUN,,obj,Acc,Neut,Sing,Inan,0.2147394459237836,NONE
на,ADP,,case,,,,,0.008759562923044,NONE
странице,NOUN,,nmod,Loc,Fem,Sing,Inan,-0.013810624656147,NONE
EverGrow,PROPN,,flat:foreign,,,,,0.0775021457873123,ORG
",",PUNCT,,punct,,,,,0.1586839899529762,NONE
подтверждающее,VERB,,acl,Acc,Neut,Sing,,0.0994254629008036,NONE
",",PUNCT,,punct,,,,,0.2367259075124751,NONE
что,SCONJ,,mark,,,,,0.1688168512038654,NONE
ошибка,NOUN,,nsubj:pass,Nom,Fem,Sing,Inan,-0.061218607585398,NONE
данных,NOUN,,nmod,Gen,,Plur,Inan,-0.1724057873509587,NONE
была,AUX,,aux:pass,,Fem,Sing,,0.2627783187609634,NONE
исправлена,VERB,,ccomp,,Fem,Sing,,0.1047350619717441,NONE
.,PUNCT,,punct,,,,,0.4709994555578523,NONE
Deluxe,PROPN,,flat:foreign,,,,,-0.0155569708510182,NONE
Manual,PROPN,,flat:foreign,,,,,0.233468572441706,NONE
/,PUNCT,,punct,,,,,0.0582240634219813,NONE
Battery,PROPN,,flat:foreign,,,,,0.277093054354457,NONE
Powered,PROPN,,flat:foreign,,,,,0.1046331649335677,NONE
Vacuum,PROPN,,flat:foreign,,,,,0.1238405056884595,NONE
Erection,PROPN,,flat:foreign,,,,,0.0260865835246304,NONE
Penis,PROPN,,flat:foreign,,,,,-0.0221515592928737,NONE
Pump,PROPN,,flat:foreign,,,,,0.5032734626395455,NONE
",",PUNCT,,punct,,,,,0.2766435923774312,NONE
изготовленный,VERB,,acl,Nom,Masc,Sing,,0.0116996479211911,NONE
VVI,PROPN,,flat:foreign,,,,,0.0238641283293468,ORG
Ltd,PROPN,,flat:foreign,,,,,0.4748137523946639,ORG
Англия,PROPN,,flat:foreign,Nom,Fem,Sing,Inan,-0.02779601157679,LOC
",",PUNCT,,punct,,,,,0.1973670826308123,NONE
позволяет,VERB,,conj,,,Sing,,0.1528582877624731,NONE
вам,PRON,,iobj,Dat,,Plur,,0.056681189408267,NONE
получить,VERB,,xcomp,,,,,0.0485765094429898,NONE
ручку,NOUN,,obj,Acc,Fem,Sing,Inan,-0.0046849839383121,NONE
на,ADP,,case,,,,,-0.0155328166928199,NONE
вашей,DET,,det,Loc,Fem,Sing,,-0.0340543927235265,NONE
эректильной,ADJ,,amod,Loc,Fem,Sing,,0.0460759788195213,NONE
дисфункции,NOUN,,nmod,Loc,Fem,Sing,Inan,0.0819367070365154,NONE
",",PUNCT,,punct,,,,,-0.0751292386106383,NONE
широко,ADV,,obl,,,,,-0.0538054063482707,NONE
известной,ADJ,,amod,Loc,Fem,Sing,,0.0411858870838972,NONE
как,SCONJ,,mark,,,,,0.0143683469926246,NONE
ED,PROPN,,flat:foreign,,,,,0.3782131233206802,ORG
.,PUNCT,,punct,,,,,-0.0684721790846348,NONE
В,ADP,,case,,,,,0.1360101508884691,NONE
то,DET,,det,Acc,Neut,Sing,,-0.090882388593729,NONE
время,NOUN,,obl,Acc,Neut,Sing,Inan,-0.3980859232225603,NONE
",",PUNCT,,punct,,,,,-0.1087742798967675,NONE
когда,SCONJ,,mark,,,,,-0.0750524718993497,NONE
это,PRON,,nsubj,Nom,Neut,Sing,Inan,-0.1191246407220692,NONE
произошло,VERB,,acl,,Neut,Sing,,-0.1712605492423931,NONE
",",PUNCT,,punct,,,,,0.0327217016159872,NONE
мы,PRON,,nsubj:pass,Nom,,Plur,,0.1038655363582299,NONE
были,AUX,,aux:pass,,,Plur,,0.0074235436159417,NONE
довольно,ADV,,advmod,,,,,-0.0488754986976282,NONE
заняты,VERB,,root,,,Plur,,0.0748366459771226,NONE
",",PUNCT,,punct,,,,,0.1041395253683288,NONE
и,CCONJ,,cc,,,,,0.0969849549211711,NONE
у,ADP,,case,,,,,-0.0460856267341776,NONE
меня,PRON,,conj,Gen,,Sing,,0.0062978923804306,NONE
была,VERB,,conj,,Fem,Sing,,0.031019591463718,NONE
очередь,NOUN,,nsubj,Nom,Fem,Sing,Inan,-0.0512657430838471,NONE
из,ADP,,case,,,,,0.1067703044835981,NONE
клиентов,NOUN,,nmod,Gen,Masc,Plur,Anim,0.0615509041048659,NONE
",",PUNCT,,punct,,,,,0.3090074065283827,NONE
но,CCONJ,,cc,,,,,0.0549578660041833,NONE
Карен,PROPN,,nsubj,Nom,Fem,Sing,Anim,0.2373978799660363,PER
решает,VERB,,conj,,,Sing,,-0.3657462636261354,NONE
пропустить,VERB,,xcomp,,,,,0.0256259596795048,NONE
очередь,NOUN,,obj,Acc,Fem,Sing,Inan,-0.2386162626051872,NONE
",",PUNCT,,punct,,,,,0.1256817563180968,NONE
чтобы,SCONJ,,mark,,,,,-0.2787046540223916,NONE
спросить,VERB,,advcl,,,,,-0.0358427070034784,NONE
меня,PRON,,obj,Acc,,Sing,,0.0534163689958895,NONE
",",PUNCT,,punct,,,,,-0.0503702619181239,NONE
где,ADV,,advmod,,,,,-0.1240094020743801,NONE
что-то,PRON,,nsubj,Nom,,,,0.0429735962309832,NONE
было,AUX,,cop,,Neut,Sing,,0.0072394375292078,NONE
.,PUNCT,,punct,,,,,0.3194743855224121,NONE
В,ADP,,cc,,,,,0.4455615769131782,NONE
то,DET,,fixed,Acc,Neut,Sing,Inan,0.1734989858981953,NONE
время,NOUN,,fixed,Acc,Neut,Sing,Inan,0.0197887556019818,NONE
как,SCONJ,,fixed,,,,,-0.0494970946197728,NONE
бывший,ADJ,,amod,Nom,Masc,Sing,,0.0318858410513365,NONE
главный,ADJ,,amod,Nom,Masc,Sing,,-0.0326917444249357,NONE
министр,NOUN,,nsubj,Nom,Masc,Sing,Anim,0.0037525073191937,NONE
Дигвиджая,PROPN,,appos,Nom,Masc,Sing,Anim,0.165061818398627,PER
Сингх,PROPN,,flat:name,Nom,Masc,Sing,Anim,0.0443461214771667,PER
предложил,VERB,,advcl,,Masc,Sing,,0.0431681470425876,NONE
финансовую,ADJ,,amod,Acc,Fem,Sing,,0.0424083141794645,NONE
поддержку,NOUN,,obj,Acc,Fem,Sing,Inan,-0.0437733448081734,NONE
и,CCONJ,,cc,,,,,-0.0278218192373187,NONE
помощь,NOUN,,conj,Acc,Fem,Sing,Inan,-0.0263157450348751,NONE
",",PUNCT,,punct,,,,,0.116687240247356,NONE
чтобы,SCONJ,,mark,,,,,-0.028187622631131,NONE
дети,NOUN,,nsubj,Nom,Masc,Plur,Anim,-0.054397348594338,NONE
поступили,VERB,,acl,,,Plur,,-0.0182944775292267,NONE
в,ADP,,case,,,,,-0.0348380428915795,NONE
колледж,NOUN,,obl,Acc,Masc,Sing,Inan,-0.0028234754759678,NONE
",",PUNCT,,punct,,,,,0.1230800748166398,NONE
БДП,PROPN,,nsubj,Nom,Masc,Sing,Anim,0.0438214375098238,ORG
МЛА,PROPN,,nmod,Gen,Masc,Sing,Inan,0.0529869427864418,ORG
из,ADP,,case,,,,,-0.0791150275347265,NONE
Индора,PROPN,,nmod,Gen,Masc,Sing,Inan,-0.0442877484695589,LOC
",",PUNCT,,punct,,,,,0.1941909654402923,NONE
Рамеш,PROPN,,appos,Nom,Masc,Sing,Anim,0.1286719398263717,PER
Мендола,PROPN,,flat:name,Nom,Masc,Sing,Anim,0.1095819940175947,PER
",",PUNCT,,punct,,,,,0.0974431575336839,NONE
заверил,VERB,,root,,Masc,Sing,,0.0487889214524195,NONE
",",PUNCT,,punct,,,,,0.0495757281208149,NONE
что,SCONJ,,mark,,,,,-0.1344231308777505,NONE
предоставит,VERB,,ccomp,,,Sing,,0.0109661598836686,NONE
ребенку,NOUN,,iobj,Dat,Masc,Sing,Anim,-0.07495078016801,NONE
дом,NOUN,,obj,Acc,Masc,Sing,Inan,0.0005174826166837,NONE
под,ADP,,case,,,,,-0.0200701195960327,NONE
Прадхан,PROPN,,nmod,Ins,Masc,Sing,Anim,0.0191808223962054,PER
Мантри,PROPN,,flat:name,Ins,Masc,Sing,Anim,0.0365793511138229,PER
Авас,PROPN,,flat:name,Ins,Masc,Sing,Anim,0.0192221856052437,PER
Йоджана,PROPN,,flat:name,Acc,Masc,Sing,Anim,-0.0181495333581026,PER
.,PUNCT,,punct,,,,,-0.6760299416516373,NONE
Люди,NOUN,,nsubj,Nom,Masc,Plur,Anim,-0.018802161880727,NONE
",",PUNCT,,punct,,,,,0.769241200138666,NONE
которые,PRON,,nsubj,Nom,,,,-0.111242228255084,NONE
ограничивают,VERB,,acl:relcl,,,Plur,,-0.0538454624385431,NONE
собак,NOUN,,obj,Acc,Fem,Plur,Anim,0.0521546970966857,NONE
на,ADP,,case,,,,,-0.1429141650568188,NONE
24,NUM,,nummod,,,,,-0.0117076400775578,NONE
часа,NOUN,,obl,Gen,Masc,Sing,Inan,0.2793409865904468,NONE
",",PUNCT,,punct,,,,,0.2528535007357359,NONE
также,ADV,,obl,,,,,-0.0137917355757807,NONE
должны,ADJ,,root,,,Plur,,0.0693343885731635,NONE
позволить,VERB,,xcomp,,,,,0.0149305459255891,NONE
им,PRON,,iobj,Dat,,Plur,,-0.0631982251868039,NONE
свободно,ADV,,advmod,,,,,0.0747145800742349,NONE
передвигаться,VERB,,xcomp,,,,,-0.0380684905422517,NONE
в,ADP,,case,,,,,-0.0033484599998221,NONE
течение,NOUN,,fixed,Acc,Neut,Sing,Inan,0.0536414912352589,NONE
следующих,ADJ,,amod,Gen,,Plur,,0.0521920479597934,NONE
двух,NUM,,nummod,Gen,,,,-0.1055917633106025,NONE
часов,NOUN,,obl,Gen,Masc,Plur,Inan,0.140760841665562,NONE
или,CCONJ,,cc,,,,,0.0671662071427366,NONE
привлечь,VERB,,conj,,,,,-0.0401071126102039,NONE
к,ADP,,case,,,,,0.0481678720976858,NONE
ответственности,NOUN,,obl,Dat,Fem,Sing,Inan,-0.0304966247095048,NONE
.,PUNCT,,punct,,,,,0.197421037984991,NONE
Его,DET,,det,,,,,-0.2701149838763622,NONE
семья,NOUN,,nsubj,Nom,Fem,Sing,Inan,-0.0324238980847341,NONE
в,ADP,,case,,,,,0.0725282054180016,NONE
йеменской,ADJ,,amod,Loc,Fem,Sing,,0.1675548092278407,NONE
столице,NOUN,,nmod,Loc,Fem,Sing,Inan,-0.05993569511289,NONE
",",PUNCT,,punct,,,,,0.0450706576027828,NONE
удерживаемой,VERB,,acl,Loc,Fem,Sing,,0.2724466390023108,NONE
повстанцами,NOUN,,obl,Ins,Masc,Plur,Anim,0.3256095979068324,NONE
Сане,PROPN,,appos,Loc,Masc,Sing,Inan,0.2481773407477814,LOC
",",PUNCT,,punct,,,,,-0.0392286534184741,NONE
должна,ADJ,,root,,Fem,Sing,,0.0649819107860303,NONE
была,AUX,,cop,,Fem,Sing,,0.0319169160493259,NONE
похоронить,VERB,,xcomp,,,,,0.0697356425087552,NONE
чемпиона,NOUN,,obj,Acc,Masc,Sing,Anim,0.1897459223327498,NONE
по,ADP,,case,,,,,0.2055649309289889,NONE
кунг-фу,NOUN,,nmod,Dat,Masc,Sing,Inan,0.2228428612401844,NONE
2011,ADJ,,amod,,,,,0.0205474207859148,NONE
года,NOUN,,nmod,Gen,Masc,Sing,Inan,0.1388638669740947,NONE
",",PUNCT,,punct,,,,,0.1178784048421544,NONE
который,PRON,,nsubj,Nom,,,,0.023981311314436,NONE
также,ADV,,advmod,,,,,-0.0127996841700294,NONE
завоевал,VERB,,acl:relcl,,Masc,Sing,,0.0811088979548585,NONE
ряд,NOUN,,obj,Acc,Masc,Sing,Inan,0.1199995504658876,NONE
медалей,NOUN,,nmod,Gen,Fem,Plur,Inan,0.1053855884423273,NONE
чемпионатов,NOUN,,nmod,Gen,Masc,Plur,Inan,0.3232041681088379,NONE
Азии,PROPN,,nmod,Gen,Fem,Sing,Inan,0.0627295588068946,LOC
и,CCONJ,,cc,,,,,0.1440169674909405,NONE
Арабских,PROPN,,amod,,,,,0.0694475046371644,LOC
стран,NOUN,,conj,Gen,Fem,Plur,Inan,0.0304797327533904,LOC
.,PUNCT,,punct,,,,,0.2826694679520005,NONE
Испытайте,VERB,,root,,,Plur,,-0.0513551170213346,PER
быстрый,ADJ,,amod,Acc,Masc,Sing,Inan,0.0054891399229512,NONE
",",PUNCT,,punct,,,,,0.066742145596681,NONE
насыщенный,ADJ,,conj,Acc,Masc,Sing,Inan,0.2918974936157356,NONE
действием,NOUN,,obl,Ins,Neut,Sing,Inan,0.1328974588492589,NONE
бой,NOUN,,obj,Acc,Masc,Sing,Inan,0.0359277720497082,NONE
",",PUNCT,,punct,,,,,0.1334203141131917,NONE
охотьтесь,VERB,,conj,,,Plur,,0.0629816058069169,NONE
на,ADP,,case,,,,,-0.0249478524313623,NONE
монстров,NOUN,,obl,Acc,Masc,Plur,Anim,0.0064053792502702,NONE
и,CCONJ,,cc,,,,,0.0930794322095614,NONE
огромных,ADJ,,amod,Acc,,Plur,Anim,0.0033691668943435,NONE
боссов,NOUN,,conj,Acc,Masc,Plur,Anim,0.047270768078007,NONE
",",PUNCT,,punct,,,,,0.1998700949260156,NONE
сражайтесь,VERB,,conj,,,Plur,,0.0639768802898574,NONE
с,ADP,,case,,,,,-0.031509816446716,NONE
друзьями,NOUN,,obl,Ins,Masc,Plur,Anim,0.0196047589776273,NONE
в,ADP,,case,,,,,-0.0753529587179889,NONE
гильдии,NOUN,,nmod,Loc,Fem,Sing,Inan,0.0664589224978531,NONE
",",PUNCT,,punct,,,,,-0.0222186297623584,NONE
чтобы,SCONJ,,mark,,,,,-0.0489593975892317,NONE
осаждать,VERB,,advcl,,,,,0.1800375813421428,NONE
узлы,NOUN,,obj,Acc,Masc,Plur,Inan,-0.0266606040059476,NONE
и,CCONJ,,cc,,,,,-0.0805437583592976,NONE
замки,NOUN,,conj,Acc,Masc,Plur,Inan,0.1129407970115747,NONE
",",PUNCT,,punct,,,,,0.0198625059145677,NONE
и,CCONJ,,cc,,,,,-0.0772599336081341,NONE
тренируйтесь,VERB,,conj,,,Plur,,0.0722374143469905,NONE
в,ADP,,case,,,,,-0.1346100462968772,NONE
различных,ADJ,,amod,Loc,,Plur,,-0.0044537435841517,NONE
жизненных,ADJ,,amod,Loc,,Plur,,0.0381976027742799,NONE
навыках,NOUN,,obl,Loc,Masc,Plur,Inan,0.0179110621147105,NONE
",",PUNCT,,punct,,,,,-0.1397885963216446,NONE
таких,DET,,det,Loc,,Plur,,0.0204545259325497,NONE
как,SCONJ,,mark,,,,,-0.0489426524311357,NONE
рыбалка,NOUN,,obl,Nom,Fem,Sing,Inan,0.0056858635598345,NONE
",",PUNCT,,punct,,,,,0.0307361929375397,NONE
торговля,NOUN,,conj,Nom,Fem,Sing,Inan,0.0081432576962279,NONE
",",PUNCT,,punct,,,,,0.106008571930986,NONE
ремесло,NOUN,,conj,Nom,Neut,Sing,Inan,0.1909765860949037,NONE
",",PUNCT,,punct,,,,,0.1639924420609412,NONE
кулинария,NOUN,,conj,Nom,Fem,Sing,Inan,0.0869497502106215,NONE
",",PUNCT,,punct,,,,,0.3149978204786628,NONE
парусный,ADJ,,amod,Nom,Masc,Sing,,0.0244186745940153,NONE
спорт,NOUN,,conj,Nom,Masc,Sing,Inan,0.0060222806059056,NONE
и,CCONJ,,cc,,,,,0.0943651566668434,NONE
многое,NOUN,,conj,Nom,Neut,Sing,Inan,-0.0425728449992443,NONE
другое,ADJ,,amod,Nom,Neut,Sing,,0.0541073499199972,NONE
!,PUNCT,,punct,,,,,0.0870817462003064,NONE
То,PRON,,nsubj,Nom,Neut,Sing,Inan,0.7158644235838739,NONE
",",PUNCT,,punct,,,,,-0.033947720106875,NONE
что,PRON,,obj,Acc,Neut,Sing,Inan,-0.203443666520645,NONE
это,PRON,,nsubj,Nom,Neut,Sing,Inan,-0.0363608019778655,NONE
означает,VERB,,acl,,,Sing,,0.0037902608104538,NONE
",",PUNCT,,punct,,,,,-0.0048798426304836,NONE
может,VERB,,root,,,Sing,,-0.0308762787865977,NONE
потребовать,VERB,,xcomp,,,,,0.0002702347352239,NONE
долгого,ADJ,,amod,Gen,Neut,Sing,,-0.0111882476736323,NONE
изучения,NOUN,,obj,Gen,Neut,Sing,Inan,0.0603585969809707,NONE
",",PUNCT,,punct,,,,,0.1855401000921911,NONE
но,CCONJ,,cc,,,,,0.0411250385358278,NONE
это,PRON,,nsubj,Nom,Neut,Sing,Inan,0.0400974608552272,NONE
непосредственный,ADJ,,amod,Nom,Masc,Sing,,0.0489384847316848,NONE
контраст,NOUN,,conj,Nom,Masc,Sing,Inan,0.030759537583979,NONE
с,ADP,,case,,,,,0.0484520323953117,NONE
поддержкой,NOUN,,nmod,Ins,Fem,Sing,Inan,0.1184966926699614,NONE
Австралии,PROPN,,nmod,Gen,Fem,Sing,Inan,0.1368874749561635,LOC
в,ADP,,case,,,,,0.1426313546232089,NONE
отношении,NOUN,,fixed,Loc,Neut,Sing,Inan,-0.1285440155079555,NONE
переговоров,NOUN,,nmod,Gen,Masc,Plur,Inan,0.0299754830552926,NONE
между,ADP,,case,,,,,-0.0304212168281239,NONE
странами,NOUN,,nmod,Ins,Fem,Plur,Inan,0.0655385462631307,NONE
",",PUNCT,,punct,,,,,0.0040336245707582,NONE
а,CCONJ,,cc,,,,,0.1453967720502345,NONE
не,PART,,advmod,,,,,0.0056919561004108,NONE
волей,NOUN,,conj,Ins,Fem,Sing,Inan,-0.0185759867690777,NONE
одной,NUM,,nummod,Gen,Fem,,,0.0780649227929612,NONE
группы,NOUN,,nmod,Gen,Fem,Sing,Inan,0.0878758928631376,NONE
патриотов,NOUN,,nmod,Gen,Masc,Plur,Anim,0.1506840371808525,NONE
",",PUNCT,,punct,,,,,0.1426711362332174,NONE
навязанных,VERB,,acl,Gen,,Plur,,0.2428316949078009,NONE
другим,ADJ,,iobj,Dat,,Plur,,0.2201081604158229,NONE
.,PUNCT,,punct,,,,,-0.0796414707860731,NONE
Однако,ADV,,advmod,,,,,-0.0313808437519127,NONE
его,DET,,det,,,,,-0.0268467273035438,NONE
заработок,NOUN,,nsubj,Nom,Masc,Sing,Inan,0.0419521500576126,NONE
может,VERB,,root,,,Sing,,0.1788976490050703,NONE
значительно,ADV,,advmod,,,,,0.07270881202074,NONE
увеличиться,VERB,,xcomp,,,,,0.0609853931933666,NONE
",",PUNCT,,punct,,,,,0.059958337237291,NONE
если,SCONJ,,mark,,,,,0.1468106432881179,NONE
он,PRON,,nsubj,Nom,Masc,Sing,,-0.0008600629830101,NONE
доберется,VERB,,advcl,,,Sing,,0.1278557042046312,NONE
до,ADP,,case,,,,,0.0649381226197494,NONE
четвертьфинала,NOUN,,obl,Gen,Masc,Sing,Inan,0.0660971441168606,NONE
",",PUNCT,,punct,,,,,0.109170791207826,NONE
так,ADV,,mark,,,,,-0.0693794696900316,NONE
как,SCONJ,,fixed,,,,,0.0554542059069866,NONE
он,PRON,,nsubj,Nom,Masc,Sing,,0.0341699115671823,NONE
положит,VERB,,advcl,,,Sing,,0.2427172106805291,NONE
в,ADP,,case,,,,,0.1190580875151924,NONE
карман,NOUN,,obl,Acc,Masc,Sing,Inan,0.2606956189458966,NONE
60,NUM,,nummod,,,,,0.2659190697401351,NONE
000,NUM,,nummod,,,,,0.1042866858557477,NONE
фунтов,NOUN,,obl,Gen,Masc,Plur,Inan,0.4035293738485037,NONE
стерлингов,NOUN,,nmod,Gen,Masc,Plur,Inan,0.2451182206552096,NONE
.,PUNCT,,punct,,,,,0.5672476045157243,NONE
Объединенные,VERB,,amod,Nom,,Plur,,0.0503570046986161,LOC
Арабские,PROPN,,amod,,,,,0.0533893689390303,LOC
Эмираты,PROPN,,nsubj,Nom,Masc,Plur,Inan,0.0939939286215825,LOC
планируют,VERB,,root,,,Plur,,0.0501749709249211,NONE
увеличить,VERB,,xcomp,,,,,0.084525638059569,NONE
товарооборот,NOUN,,obj,Acc,Masc,Sing,Inan,0.0712787916844873,NONE
с,ADP,,case,,,,,0.0718485807665231,NONE
Россией,PROPN,,nmod,Ins,Fem,Sing,Inan,-0.0595907892617605,LOC
до,ADP,,case,,,,,-0.0955109068202887,NONE
20,NUM,,nummod,,,,,-0.0272976754293009,NONE
миллиардов,NOUN,,nummod,Gen,Masc,Plur,Inan,0.0345933119976775,NONE
долларов,NOUN,,obl,Gen,Masc,Plur,Inan,-0.0134668095688902,NONE
в,ADP,,case,,,,,0.0604182114049951,NONE
ближайшие,ADJ,,amod,Acc,,Plur,Inan,0.0448094672547365,NONE
пять,NUM,,nummod:gov,Acc,,,,-0.0140961510871962,NONE
лет,NOUN,,nmod,Gen,Masc,Plur,Inan,0.1031788138972831,NONE
",",PUNCT,,punct,,,,,0.1836067035758586,NONE
заявил,VERB,,parataxis,,Masc,Sing,,-0.1610527625273375,NONE
министр,NOUN,,nsubj,Nom,Masc,Sing,Anim,0.0453543818872885,NONE
внешней,ADJ,,amod,Gen,Fem,Sing,,0.0844796345408337,NONE
торговли,NOUN,,nmod,Gen,Fem,Sing,Inan,0.0281314762338406,NONE
страны,NOUN,,nmod,Gen,Fem,Sing,Inan,0.0370273994228191,NONE
Тани,PROPN,,appos,Nom,Masc,Sing,Anim,0.0541911416454148,PER
бен,PART,,appos,,,,,-0.0412682646833178,PER
Ахмед,PROPN,,flat:name,Nom,Masc,Sing,Anim,0.0076207448682859,PER
Аль-Зейуди,PROPN,,flat:name,Nom,Masc,Sing,Anim,0.0553634097979023,PER
.,PUNCT,,punct,,,,,-0.7764230406278727,NONE
Она,PRON,,nsubj,Nom,Fem,Sing,,0.3040200134360639,NONE
сказала,VERB,,root,,Fem,Sing,,-0.0848030876326251,NONE
",",PUNCT,,punct,,,,,-0.0246680742943961,NONE
что,SCONJ,,mark,,,,,-0.0826625919497377,NONE
появление,NOUN,,nsubj,Nom,Neut,Sing,Inan,-0.0338846553119551,NONE
на,ADP,,case,,,,,-0.1968479818650233,NONE
хит-шоу,NOUN,,nmod,Loc,Neut,Sing,Inan,0.1101896375459374,NONE
было,AUX,,cop,,Neut,Sing,,0.01307574030485,NONE
возможностью,NOUN,,ccomp,Ins,Fem,Sing,Inan,0.0056557685155937,NONE
",",PUNCT,,punct,,,,,0.0894636698803412,NONE
которую,PRON,,obj,Acc,Fem,Sing,,-0.0268261784751139,NONE
она,PRON,,nsubj,Nom,Fem,Sing,,0.0242460757049808,NONE
не,PART,,advmod,,,,,0.0078461880795852,NONE
могла,VERB,,acl:relcl,,Fem,Sing,,0.0574502403504632,NONE
упустить,VERB,,xcomp,,,,,0.037464074023019,NONE
:,PUNCT,,punct,,,,,0.0202213642878891,NONE
"""",PUNCT,,punct,,,,,0.0856332803728467,NONE
"""",PUNCT,,punct,,,,,0.0781368687890594,NONE
после,ADP,,case,,,,,-0.0210062616854436,NONE
Рио,PROPN,,obl,Gen,Masc,Sing,Inan,0.0274189564159524,LOC
я,PRON,,nsubj,Nom,,Sing,,-0.0539921947751585,NONE
достигла,VERB,,parataxis,,Fem,Sing,,0.0113908541517581,NONE
своей,DET,,det,Gen,Fem,Sing,,-0.0318413169120927,NONE
конечной,ADJ,,amod,Gen,Fem,Sing,,0.047410101221604,NONE
цели,NOUN,,obj,Gen,Fem,Sing,Inan,-0.009281946174401,NONE
",",PUNCT,,punct,,,,,0.0126931774636655,NONE
а,CCONJ,,cc,,,,,0.044547268309595,NONE
потом,ADV,,advmod,,,,,-0.0595247112766948,NONE
подумала,VERB,,conj,,Fem,Sing,,0.0126037072109591,NONE
:,PUNCT,,punct,,,,,0.0001494422672011,NONE
"""",PUNCT,,punct,,,,,0.1181459179192669,NONE
"""",PUNCT,,punct,,,,,-0.0131730148757795,NONE
что,PRON,,obj,Acc,,,,-0.0358130782038432,NONE
еще,PART,,advmod,,,,,-0.0222776296413636,NONE
я,PRON,,nsubj,Nom,,Sing,,0.0721731412772322,NONE
могу,VERB,,parataxis,,,Sing,,-0.0068261038647721,NONE
сделать,VERB,,xcomp,,,,,0.016478337143996,NONE
?,PUNCT,,punct,,,,,-0.0400260912608477,NONE
',PUNCT,,root,,,,,0.1988391558797019,NONE
"""",PUNCT,,punct,,,,,-0.1384596717798983,NONE
УЕФА,NOUN,,nsubj,Nom,Fem,Sing,Inan,0.0655271920273672,ORG
открыл,VERB,,root,,Masc,Sing,,0.0231386148907308,NONE
регистрацию,NOUN,,obj,Acc,Fem,Sing,Inan,-0.0040725539009221,NONE
для,ADP,,case,,,,,0.0736253799753058,NONE
конкурентов,NOUN,,nmod,Gen,Masc,Plur,Anim,0.0360787879019404,NONE
эспорта,NOUN,,nmod,Gen,Masc,Sing,Inan,0.0376374382694274,NONE
для,ADP,,case,,,,,0.0606223119793702,NONE
представления,NOUN,,nmod,Gen,Neut,Sing,Inan,0.0294155577834916,NONE
своих,DET,,det,Gen,,Plur,,-0.0199018128243719,NONE
национальных,ADJ,,amod,Gen,,Plur,,0.0403851462332824,NONE
команд,NOUN,,nmod,Gen,Fem,Plur,Inan,0.0153187102626961,NONE
на,ADP,,case,,,,,0.021421404292813,NONE
инаугурационной,ADJ,,amod,Loc,Fem,Sing,,0.0472880914583233,NONE
EEURO,PROPN,,flat:foreign,,,,,0.084527022146113,NONE
2020,NUM,,nummod:entity,,,,,0.0014529874638551,NONE
с,ADP,,case,,,,,0.0238388686141942,NONE
отборочной,ADJ,,amod,Ins,Fem,Sing,,0.0361267544850142,NONE
фазой,NOUN,,obl,Ins,Fem,Sing,Inan,0.0489280442965351,NONE
стартует,VERB,,parataxis,,,Sing,,0.0036413725683347,NONE
в,ADP,,case,,,,,-0.0854311542796219,NONE
ноябре,NOUN,,obl,Loc,Masc,Sing,Inan,0.0348763630409427,NONE
2019,NUM,,nmod,,,,,0.0995366588834418,NONE
.,PUNCT,,punct,,,,,0.0902471662235134,NONE
Это,PRON,,nsubj,Nom,Neut,Sing,Inan,0.0273635594934208,NONE
другой,ADJ,,amod,Nom,Masc,Sing,,-0.078467768786749,NONE
вопрос,NOUN,,root,Nom,Masc,Sing,Inan,0.5946323316250303,NONE
.,PUNCT,,punct,,,,,0.6952620917648364,NONE
В,ADP,,case,,,,,-0.1316047285925345,NONE
этом,DET,,det,Loc,Masc,Sing,,0.0388585879781178,NONE
районе,NOUN,,obl,Loc,Masc,Sing,Inan,-0.0047114695001627,NONE
возможны,ADJ,,root,,,Plur,,-0.0096640429094509,NONE
порывы,NOUN,,nsubj,Nom,Masc,Plur,Inan,0.0293376007815796,NONE
ветра,NOUN,,nmod,Gen,Masc,Sing,Inan,-0.0478925982669606,NONE
до,ADP,,case,,,,,-0.1044103971191187,NONE
80-85,NUM,,nummod,,,,,0.1104982986729779,NONE
миль,NOUN,,nmod,Gen,Fem,Plur,Inan,0.0308255053120483,NONE
/,PUNCT,,punct,,,,,-0.1689788764035948,NONE
ч,NOUN,,nmod,Acc,Fem,Sing,Inan,0.0224101072164042,NONE
",",PUNCT,,punct,,,,,0.2243442125305222,NONE
что,PRON,,nsubj,Nom,,,,-0.0981441363134374,NONE
может,VERB,,parataxis,,,Sing,,-0.0270148280975973,NONE
привести,VERB,,xcomp,,,,,0.0260939977689472,NONE
к,ADP,,case,,,,,0.0391186180646691,NONE
сбоям,NOUN,,obl,Dat,Masc,Plur,Inan,0.0583322542721699,NONE
в,ADP,,case,,,,,0.0816522543080861,NONE
работе,NOUN,,nmod,Loc,Fem,Sing,Inan,0.123844477315197,NONE
паромов,NOUN,,nmod,Gen,Masc,Plur,Inan,0.0035419938661615,NONE
",",PUNCT,,punct,,,,,-0.007452317086701,NONE
а,CCONJ,,cc,,,,,0.0057660284952488,NONE
также,PART,,fixed,,,,,-0.068935705345779,NONE
повреждениям,NOUN,,conj,Dat,Neut,Plur,Inan,0.0702736977668013,NONE
и,CCONJ,,cc,,,,,-0.0537353628062299,NONE
отключениям,NOUN,,conj,Dat,Neut,Plur,Inan,0.2116756449972814,NONE
электроэнергии,NOUN,,nmod,Gen,Fem,Sing,Inan,0.2684366652765717,NONE
",",PUNCT,,punct,,,,,0.3639994881731105,NONE
-,PUNCT,,punct,,,,,0.5267189524328225,NONE
сказал,VERB,,parataxis,,Masc,Sing,,0.086779535550293,NONE
Филипп,PROPN,,nsubj,Nom,Masc,Sing,Anim,0.0016230928155468,PER
.,PUNCT,,punct,,,,,-0.3374767237661549,NONE
Лукас,PROPN,,nsubj,Nom,Masc,Sing,Anim,0.3546798470204011,PER
добавил,VERB,,root,,Masc,Sing,,0.0436565506701867,NONE
:,PUNCT,,punct,,,,,0.0658047698933344,NONE
"""",PUNCT,,punct,,,,,-0.0428644707888987,NONE
"""",PUNCT,,punct,,,,,-0.0242038541855851,NONE
Давайте,VERB,,parataxis,,,Plur,,0.0367081403686925,NONE
постараемся,VERB,,xcomp,,,Plur,,-0.007340078598309,NONE
иметь,VERB,,xcomp,,,,,-0.0128604512138581,NONE
точный,ADJ,,amod,Acc,Masc,Sing,Inan,-0.0020808421423482,NONE
и,CCONJ,,cc,,,,,-0.0162406303360629,NONE
целенаправленный,ADJ,,conj,Acc,Masc,Sing,Inan,0.0183243524028867,NONE
фокус,NOUN,,obj,Acc,Masc,Sing,Inan,0.0726949600068024,NONE
на,ADP,,case,,,,,-0.1023199431896189,NONE
раскрытии,NOUN,,nmod,Loc,Neut,Sing,Inan,0.0377449834839356,NONE
убийств,NOUN,,nmod,Gen,Neut,Plur,Inan,0.1175248335069588,NONE
.,PUNCT,,punct,,,,,-0.0351677439805255,NONE
.,PUNCT,,punct,,,,,-0.002372459868429,NONE
.,PUNCT,,punct,,,,,0.0180124167733696,NONE
Я,PRON,,nsubj,Nom,,Sing,,0.0150773319944217,NONE
думаю,VERB,,root,,,Sing,,-0.0245790092413428,NONE
",",PUNCT,,punct,,,,,-0.0177135970611176,NONE
если,SCONJ,,mark,,,,,-0.0163578716040938,NONE
вы,PRON,,nsubj,Nom,,Plur,,0.0095193101322459,NONE
послушаете,VERB,,advcl,,,Plur,,0.0141821040678651,NONE
недавние,ADJ,,amod,Acc,,Plur,Inan,-0.0078843994788899,NONE
заявления,NOUN,,obj,Acc,Neut,Plur,Inan,0.0301916947020432,NONE
.,PUNCT,,punct,,,,,0.0138932496539011,NONE
.,PUNCT,,punct,,,,,0.0487773481407684,NONE
.,PUNCT,,punct,,,,,0.0103612957711891,NONE
мы,PRON,,nsubj,Nom,,Plur,,0.0711310320079072,NONE
рады,ADJ,,parataxis,,,Plur,,0.0271162487822781,NONE
работать,VERB,,xcomp,,,,,0.015884697810184,NONE
с,ADP,,case,,,,,-0.0084129899267132,NONE
федеральными,ADJ,,amod,Ins,,Plur,,0.0177243493187854,NONE
агентами,NOUN,,obl,Ins,Masc,Plur,Anim,0.0453153164768497,NONE
в,ADP,,case,,,,,-0.014125132908703,NONE
ограниченном,ADJ,,amod,Loc,Masc,Sing,,0.0495385980459309,NONE
объеме,NOUN,,obl,Loc,Masc,Sing,Inan,0.0701557913029195,NONE
"""",PUNCT,,punct,,,,,-0.0409438943870592,NONE
"""",PUNCT,,punct,,,,,-0.0407434742314124,NONE
.,PUNCT,,punct,,,,,-0.0113003080012242,NONE
"""",PUNCT,,punct,,,,,0.2344319814167834,NONE
Только,PART,,advmod,,,,,0.63915935679831,NONE
в,ADP,,case,,,,,0.0180531365745504,NONE
Соединенных,VERB,,amod,Loc,,Plur,,0.0965800289757143,LOC
Штатах,PROPN,,obl,Loc,Masc,Plur,Inan,0.0183557532781755,LOC
(,PUNCT,,punct,,,,,0.0008870304702426,NONE
41,NUM,,nummod,,,,,0.0228479780048399,NONE
",",PUNCT,,punct,,,,,-0.0368580033492734,NONE
78,NUM,,conj,,,,,0.0373313048040704,NONE
лакх,NOUN,,parataxis,Gen,Masc,Plur,Inan,0.097281123216674,NONE
случаев,NOUN,,nmod,Gen,Masc,Plur,Inan,0.1427448394148521,NONE
),PUNCT,,punct,,,,,0.0905468262773816,NONE
и,CCONJ,,cc,,,,,0.0830395273491101,NONE
Бразилии,PROPN,,conj,Loc,Fem,Sing,Inan,0.0905122261664783,LOC
(,PUNCT,,punct,,,,,0.1568787377393013,NONE
23,NUM,,nummod,,,,,0.0058128766593401,NONE
",",PUNCT,,punct,,,,,0.1360493090366898,NONE
94,NUM,,conj,,,,,0.0276725982847378,NONE
лакх,NOUN,,parataxis,Gen,Masc,Plur,Inan,0.0984821139011254,NONE
случаев,NOUN,,nmod,Gen,Masc,Plur,Inan,0.030148434365515,NONE
),PUNCT,,punct,,,,,0.0427907074017008,NONE
ситуация,NOUN,,nsubj,Nom,Fem,Sing,Inan,-0.0361038372110965,NONE
хуже,ADJ,,root,,,,,0.1117001176646857,NONE
.,PUNCT,,punct,,,,,0.6648353637404544,NONE
В,ADP,,case,,,,,0.0636526751662328,NONE
результате,NOUN,,obl,Loc,Masc,Sing,Inan,-0.2069113501641343,NONE
вещатели,NOUN,,nsubj,Nom,Masc,Plur,Anim,-0.0847661315222365,NONE
получают,VERB,,root,,,Plur,,-0.157301399231352,NONE
свой,DET,,det,Acc,Masc,Sing,,0.0082310756865556,NONE
первичный,ADJ,,amod,Acc,Masc,Sing,Inan,-0.108145961756237,NONE
источник,NOUN,,obj,Acc,Masc,Sing,Inan,0.0167654787067697,NONE
питания,NOUN,,nmod,Gen,Neut,Sing,Inan,0.127158061474552,NONE
от,ADP,,case,,,,,0.0810245434958843,NONE
огромного,ADJ,,amod,Gen,Masc,Sing,,0.044171202028299,NONE
генератора,NOUN,,obl,Gen,Masc,Sing,Inan,-0.0397958829354334,NONE
на,ADP,,case,,,,,-0.0135654776390212,NONE
дизельном,ADJ,,amod,Loc,Neut,Sing,,0.0463182296581164,NONE
топливе,NOUN,,nmod,Loc,Neut,Sing,Inan,0.0318907009617686,NONE
",",PUNCT,,punct,,,,,-0.2615622656961062,NONE
нанятого,VERB,,acl,Gen,Masc,Sing,,0.2425940949104444,NONE
для,ADP,,case,,,,,0.0257033127955997,NONE
тестового,ADJ,,amod,Gen,Masc,Sing,,0.0611023764776998,NONE
матча,NOUN,,obl,Gen,Masc,Sing,Inan,0.016011936532925,NONE
",",PUNCT,,punct,,,,,0.0523553401767613,NONE
с,ADP,,case,,,,,0.035099459126177,NONE
резервной,ADJ,,amod,Ins,Fem,Sing,,0.091885202155293,NONE
мощностью,NOUN,,nmod,Ins,Fem,Sing,Inan,0.0533194150263528,NONE
",",PUNCT,,punct,,,,,0.0169720327011959,NONE
предназначенной,VERB,,acl,Ins,Fem,Sing,,0.0399921351574246,NONE
для,ADP,,case,,,,,0.1546415755765861,NONE
получения,NOUN,,obl,Gen,Neut,Sing,Inan,0.0644826118029859,NONE
резервного,ADJ,,amod,Gen,Masc,Sing,,0.2310602800700239,NONE
генератора,NOUN,,nmod,Gen,Masc,Sing,Inan,0.0965296217855034,NONE
.,PUNCT,,punct,,,,,0.5382201661796708,NONE
Премьер-министр,NOUN,,nsubj,Nom,Masc,Sing,Anim,-0.0014745105812622,NONE
запутался,VERB,,root,,Masc,Sing,,0.0722875263599618,NONE
в,ADP,,case,,,,,0.173389964619694,NONE
узах,NOUN,,obl,Acc,Masc,Sing,Inan,0.0473225505009855,NONE
",",PUNCT,,punct,,,,,0.0976648190911884,NONE
неоднократно,ADV,,advmod,,,,,0.0372154015886595,NONE
отрицая,VERB,,advcl,,,,,0.1280971131337102,NONE
",",PUNCT,,punct,,,,,0.1532830565999526,NONE
что,SCONJ,,mark,,,,,-0.2228762458135724,NONE
какие-либо,DET,,det,Nom,,Plur,,0.1285523547270992,NONE
правила,NOUN,,nsubj:pass,Nom,Neut,Plur,Inan,0.0633932804990403,NONE
были,AUX,,aux:pass,,,Plur,,0.1136414776403874,NONE
нарушены,VERB,,ccomp,,,Plur,,0.0512911130683119,NONE
",",PUNCT,,punct,,,,,0.085918176786142,NONE
прежде,ADV,,mark,,,,,-0.0006147954779898,NONE
чем,SCONJ,,fixed,,,,,-0.0214874769577133,NONE
появилось,VERB,,advcl,,Neut,Sing,,0.0028473208328032,NONE
больше,ADV,,nsubj,,,,,0.0210789782119698,NONE
сообщений,NOUN,,obl,Gen,Neut,Plur,Inan,0.0341538699210721,NONE
и,CCONJ,,cc,,,,,-0.1262865317941858,NONE
доказательств,NOUN,,conj,Gen,Neut,Plur,Inan,0.1149334497499188,NONE
",",PUNCT,,punct,,,,,0.036374419573907,NONE
позволяющих,VERB,,acl,Gen,,Plur,,0.5056130509325671,NONE
предположить,VERB,,xcomp,,,,,0.039863898180577,NONE
обратное,ADJ,,obj,Acc,Neut,Sing,,0.2975597338263807,NONE
.,PUNCT,,punct,,,,,-0.4667492614423998,NONE
Queen,PROPN,,flat:foreign,,,,,-0.0524416832307029,NONE
и,CCONJ,,cc,,,,,0.0323782019505946,NONE
Адам,PROPN,,conj,Nom,Masc,Sing,Anim,-0.0864328137982242,PER
Ламберт,PROPN,,flat:name,Nom,Masc,Sing,Anim,-0.0852639326424479,PER
:,PUNCT,,punct,,,,,-0.4125978683656374,NONE
Брайан,PROPN,,nsubj,Nom,Masc,Sing,Anim,0.0771906047556954,PER
Мэй,PROPN,,flat:name,Nom,Masc,Sing,Anim,0.3558844605528192,PER
празднует,VERB,,parataxis,,,Sing,,0.2198535109714447,NONE
день,NOUN,,obj,Acc,Masc,Sing,Inan,-0.1661796980934892,NONE
рождения,NOUN,,nmod,Gen,Neut,Sing,Inan,-0.0356074562481699,NONE
Роджера,PROPN,,nmod,Gen,Masc,Sing,Anim,0.3137052386327365,PER
Тейлора,PROPN,,flat:name,Gen,Masc,Sing,Anim,0.0694361925107776,PER
Содержит,VERB,,root,,,Sing,,0.3799333632545152,NONE
высокий,ADJ,,amod,Acc,Masc,Sing,Inan,0.0254968326579841,NONE
уровень,NOUN,,obj,Acc,Masc,Sing,Inan,-0.260399054260486,NONE
Омега,PROPN,,nmod,Gen,Masc,Sing,Inan,-0.1462023479038936,NONE
3,NUM,,nummod:entity,,,,,-0.114657742952941,NONE
для,ADP,,case,,,,,0.2252311600401781,NONE
поддержания,NOUN,,nmod,Gen,Neut,Sing,Inan,0.2467467349613376,NONE
оптимального,ADJ,,amod,Gen,Neut,Sing,,0.3227204099416196,NONE
здоровья,NOUN,,nmod,Gen,Neut,Sing,Inan,-0.0114622636948666,NONE
и,CCONJ,,cc,,,,,-0.2482952001561388,NONE
производительности,NOUN,,conj,Gen,Fem,Sing,Inan,0.1329403522810623,NONE
.,PUNCT,,punct,,,,,-0.4678501150646587,NONE
В,ADP,,case,,,,,0.1456349950642906,NONE
последние,ADJ,,amod,Acc,,Plur,Inan,0.0516930320787199,NONE
недели,NOUN,,obl,Acc,Fem,Plur,Inan,0.0189136178225181,NONE
Северная,PROPN,,amod,,,,,-0.0288836081663934,LOC
Корея,PROPN,,nsubj,Nom,Fem,Sing,Inan,-0.3292031370620217,LOC
также,ADV,,advmod,,,,,-0.064797345944893,NONE
активизировала,VERB,,root,,Fem,Sing,,0.0147414061664184,NONE
кампанию,NOUN,,obj,Acc,Fem,Sing,Inan,-0.0089165064034888,NONE
",",PUNCT,,punct,,,,,0.2124780888309799,NONE
критикующую,VERB,,acl,Acc,Fem,Sing,,0.0794609153277845,NONE
перебежчиков,NOUN,,obj,Acc,Masc,Plur,Anim,0.0276186578738626,NONE
в,ADP,,case,,,,,-0.0295067786991813,NONE
Южную,PROPN,,amod,,,,,0.0732086995862378,LOC
Корею,PROPN,,obl,Acc,Fem,Sing,Inan,0.0240873767869996,LOC
как,SCONJ,,mark,,,,,0.0921904466758219,NONE
"""",PUNCT,,punct,,,,,0.0352652122388751,NONE
"""",PUNCT,,punct,,,,,0.0182816989420725,NONE
человеческих,ADJ,,amod,Acc,,Plur,Anim,0.0582091797312316,NONE
подонков,NOUN,,obl,Acc,Masc,Plur,Anim,0.3240482713565413,NONE
"""",PUNCT,,punct,,,,,0.052884611145446,NONE
"""",PUNCT,,punct,,,,,-0.0221695838718743,NONE
и,CCONJ,,cc,,,,,0.0617825796369553,NONE
призывающую,VERB,,conj,Acc,Fem,Sing,,0.0645829509509109,NONE
Южную,PROPN,,amod,,,,,0.0367375697991724,LOC
Корею,PROPN,,obj,Acc,Fem,Sing,Inan,0.0020474236293172,LOC
расправиться,VERB,,xcomp,,,,,0.0919534162129419,NONE
с,ADP,,case,,,,,-0.0013892237444512,NONE
группами,NOUN,,obl,Ins,Fem,Plur,Inan,-0.0194929106720736,NONE
",",PUNCT,,punct,,,,,0.1846284506554907,NONE
которые,PRON,,nsubj,Nom,,,,-0.0656303522457888,NONE
посылают,VERB,,acl:relcl,,,Plur,,-0.0307776299445722,NONE
пропагандистские,ADJ,,amod,Acc,,Plur,Inan,-0.048996188253564,NONE
сообщения,NOUN,,obj,Acc,Neut,Plur,Inan,0.0792098326221408,NONE
и,CCONJ,,cc,,,,,0.0234735900527251,NONE
продовольственную,ADJ,,amod,Acc,Fem,Sing,,0.0384863104399326,NONE
помощь,NOUN,,conj,Acc,Fem,Sing,Inan,0.0644014999621748,NONE
на,ADP,,case,,,,,0.096932089662137,NONE
Север,PROPN,,obl,Acc,Masc,Sing,Inan,0.0581866126477239,LOC
.,PUNCT,,punct,,,,,0.1069657324897601,NONE
"""",PUNCT,,root,,,,,0.6456622305890178,NONE
Если,SCONJ,,mark,,,,,0.0634934707614384,NONE
вы,PRON,,nsubj,Nom,,Plur,,-0.0739948488090775,NONE
уже,ADV,,advmod,,,,,0.3118086838046652,NONE
сократили,VERB,,advcl,,,Plur,,-0.0637082206463598,NONE
500,NUM,,nummod,,,,,-0.0613910655933121,NONE
калорий,NOUN,,obl,Gen,Fem,Plur,Inan,0.0721154246389431,NONE
",",PUNCT,,punct,,,,,0.1691060148364385,NONE
дополнительный,ADJ,,amod,Nom,Masc,Sing,,0.2814131578181362,NONE
кусок,NOUN,,nsubj,Nom,Masc,Sing,Inan,-0.0161210429185552,NONE
стейка,NOUN,,nmod,Gen,Masc,Sing,Inan,0.036945130071903,NONE
или,CCONJ,,cc,,,,,-0.0109551511434188,NONE
даже,PART,,advmod,,,,,-0.2997452925027066,NONE
хлеба,NOUN,,conj,Gen,Masc,Sing,Inan,0.2664101628641247,NONE
после,ADP,,case,,,,,-0.0626131110880688,NONE
тяжелой,ADJ,,amod,Gen,Fem,Sing,,0.2495028048744086,NONE
тренировки,NOUN,,obl,Gen,Fem,Sing,Inan,-0.1191527389091503,NONE
вовсе,ADV,,advmod,,,,,0.0087215726546149,NONE
не,PART,,advmod,,,,,0.2668893882158345,NONE
испортит,VERB,,root,,,Sing,,0.00692000240936,NONE
ваш,DET,,det,Acc,Masc,Sing,,0.0528490384438406,NONE
прогресс,NOUN,,obj,Acc,Masc,Sing,Inan,-0.0462519927000387,NONE
.,PUNCT,,punct,,,,,0.4707215632090193,NONE
Потеряв,VERB,,advcl,,,,,0.0918740564592184,NONE
17,NUM,,nummod,,,,,0.1998956923735126,NONE
игроков,NOUN,,obl,Gen,Masc,Plur,Anim,-0.0240498290610019,NONE
из-за,ADP,,case,,,,,0.1919685729793095,NONE
травм,NOUN,,obl,Gen,Fem,Plur,Inan,-0.0009868034719575,NONE
",",PUNCT,,punct,,,,,0.4461667329510685,NONE
Осам,PROPN,,iobj,Dat,Masc,Plur,Anim,0.0107175665808285,PER
также,ADV,,advmod,,,,,0.0140505133479981,NONE
пришлось,VERB,,root,,Neut,Sing,,-0.028430088257316,NONE
бороться,VERB,,csubj,,,,,0.0752343210613717,NONE
с,ADP,,case,,,,,0.0266019775320676,NONE
потерей,NOUN,,obl,Ins,Fem,Sing,Inan,0.3045696239286075,NONE
еще,ADV,,advmod,,,,,0.0525019831599269,NONE
четырех,NUM,,nmod,Gen,,,,0.0476375922223304,NONE
из-за,ADP,,case,,,,,0.3172962155288161,NONE
Ковида,PROPN,,nmod,Gen,Masc,Sing,Inan,0.2053214202581046,NONE
утром,NOUN,,nmod,Ins,Neut,Sing,Inan,-0.0989588297130235,NONE
",",PUNCT,,punct,,,,,0.2811441374253789,NONE
что,PRON,,nsubj,Nom,,,,-0.0559502554965208,NONE
привело,VERB,,parataxis,,Neut,Sing,,-0.1549087205765591,NONE
к,ADP,,case,,,,,0.1034897284201736,NONE
поспешной,ADJ,,amod,Dat,Fem,Sing,,0.2000997318736988,NONE
реконфигурации,NOUN,,obl,Dat,Fem,Sing,Inan,0.2172593069107883,NONE
команды,NOUN,,nmod,Gen,Fem,Sing,Inan,0.0046645900926356,NONE
.,PUNCT,,punct,,,,,0.1944598964732042,NONE
В,ADP,,case,,,,,-0.0754521771945046,NONE
довершение,NOUN,,obl,Acc,Neut,Sing,Inan,0.1395735196363416,NONE
всего,PRON,,nmod,Gen,Neut,Sing,Inan,-0.0232110284023979,NONE
весь,DET,,det,Nom,Masc,Sing,,-0.1318006260547639,NONE
комплект,NOUN,,nsubj:pass,Nom,Masc,Sing,Inan,-0.1619541741717618,NONE
помещается,VERB,,root,,,Sing,,0.1389807702592556,NONE
в,ADP,,case,,,,,0.0859333856226168,NONE
изящную,ADJ,,amod,Acc,Fem,Sing,,0.1296695861984615,NONE
и,CCONJ,,cc,,,,,-0.0763573006188919,NONE
незаметную,ADJ,,conj,Acc,Fem,Sing,,0.0720385184197388,NONE
сумку,NOUN,,obl,Acc,Fem,Sing,Inan,0.0229709909557132,NONE
для,ADP,,case,,,,,0.0236308694444399,NONE
переноски,NOUN,,nmod,Gen,Fem,Sing,Inan,0.0925143017009508,NONE
",",PUNCT,,punct,,,,,0.1308213402015863,NONE
которую,PRON,,obj,Acc,,,,-0.0513110647647274,NONE
можно,ADV,,acl:relcl,,,,,-0.1561960063997633,NONE
хранить,VERB,,csubj,,,,,0.0366812798214792,NONE
практически,ADV,,obl,,,,,-0.1591897387033392,NONE
в,ADP,,case,,,,,-0.1243025027765084,NONE
любом,DET,,det,Loc,Neut,Sing,,-0.1072238381506745,NONE
месте,NOUN,,obl,Loc,Neut,Sing,Inan,-0.1059799404671652,NONE
.,PUNCT,,punct,,,,,0.6664708465784916,NONE
Инспекторы,NOUN,,nsubj,Nom,Masc,Plur,Anim,0.1626338609485294,NONE
Агентства,PROPN,,nmod,Gen,Neut,Sing,Inan,0.0478826694573168,NONE
по,ADP,,case,,,,,-0.00809633174528,NONE
охране,NOUN,,nmod,Dat,Fem,Sing,Inan,0.0030138581164806,NONE
окружающей,VERB,,amod,Gen,Fem,Sing,,0.0106315333875153,NONE
среды,NOUN,,nmod,Gen,Fem,Sing,Inan,-0.1110935680802741,NONE
также,ADV,,advmod,,,,,-0.2268538927026858,NONE
обнаружили,VERB,,root,,,Plur,,-0.011146935062873,NONE
женское,ADJ,,amod,Acc,Neut,Sing,,0.0560477036602785,NONE
белье,NOUN,,obj,Acc,Neut,Sing,Inan,0.0203006703642076,NONE
",",PUNCT,,punct,,,,,-0.1073554162714221,NONE
мешки,NOUN,,conj,Acc,Masc,Plur,Inan,0.1451063534585454,NONE
с,ADP,,case,,,,,-0.0600059504072092,NONE
собачьими,ADJ,,amod,Ins,,Plur,,0.2540106247530663,NONE
экскрементами,NOUN,,nmod,Ins,Masc,Plur,Inan,0.0224340692874445,NONE
и,CCONJ,,cc,,,,,-0.1034537779595091,NONE
12-дюймовую,ADJ,,amod,Acc,Fem,Sing,,-0.0579107591015474,NONE
пластинку,NOUN,,conj,Acc,Fem,Sing,Inan,-0.0007972210259086,NONE
группы,NOUN,,nmod,Gen,Fem,Sing,Inan,0.0052939851016085,NONE
90-х,ADJ,,nmod,Gen,,Plur,,-0.0674524568354357,ORG
Deee-Lite,PROPN,,flat:foreign,,,,,0.058060966279752,ORG
.,PUNCT,,punct,,,,,-0.0163974413045662,NONE
Я,PRON,,nsubj,Nom,,Sing,,-0.6638837529163975,NONE
сказал,VERB,,root,,Masc,Sing,,0.0359381117493895,NONE
тебе,PRON,,iobj,Dat,,Sing,,0.3740936715777448,NONE
так,ADV,,advmod,,,,,0.1460568100111162,NONE
.,PUNCT,,punct,,,,,0.0280214379910738,NONE
.,PUNCT,,punct,,,,,-0.0851950484805516,NONE
.,PUNCT,,punct,,,,,-0.0191911075631802,NONE
.,PUNCT,,punct,,,,,0.1934670753501197,NONE
К,ADP,,case,,,,,0.1216761299844752,NONE
сожалению,NOUN,,parataxis,Dat,Neut,Sing,Inan,0.1011626282444363,NONE
",",PUNCT,,punct,,,,,0.0070149879028692,NONE
в,ADP,,advmod,,,,,-0.1639855368194328,NONE
настоящее,ADJ,,fixed,Acc,Neut,Sing,Inan,0.0475888207689612,NONE
время,NOUN,,fixed,Acc,Neut,Sing,Inan,-0.0960374386980962,NONE
этого,DET,,det,Gen,Masc,Sing,,-0.0769244888477654,NONE
товара,NOUN,,nsubj,Gen,Masc,Sing,Inan,-0.2862272709342526,NONE
нет,VERB,,root,,,Sing,,0.0741860555377334,NONE
в,ADP,,case,,,,,-0.166658462857055,NONE
наличии,NOUN,,obl,Loc,Neut,Sing,Inan,-0.0813669171440613,NONE
",",PUNCT,,punct,,,,,0.420130461479372,NONE
я,PRON,,nsubj,Nom,,Sing,,0.2292330586164802,NONE
просто,PART,,advmod,,,,,-0.0584240916135036,NONE
посмотрю,VERB,,conj,,,Sing,,-0.0981311477447888,NONE
",",PUNCT,,punct,,,,,0.4695213468162186,NONE
вернется,VERB,,ccomp,,,Sing,,-0.01335060045267,NONE
ли,PART,,advmod,,,,,-0.0447881646822483,NONE
он,PRON,,nsubj,Nom,Masc,Sing,,0.2185664206357185,NONE
.,PUNCT,,punct,,,,,0.1527493554243726,NONE
Агентство,NOUN,,nsubj,Nom,Neut,Sing,Inan,0.0139744662806071,NONE
ранее,ADV,,advmod,,,,,-0.0004424888963081,NONE
сообщило,VERB,,root,,Neut,Sing,,0.0164678549089522,NONE
",",PUNCT,,punct,,,,,0.0109603265324542,NONE
что,SCONJ,,mark,,,,,-0.0051566374181763,NONE
Дипак,PROPN,,nsubj,Nom,Masc,Sing,Inan,0.0046430602391807,PER
Тальвар,PROPN,,appos,Nom,Masc,Sing,Inan,0.0221190884842782,PER
"""",PUNCT,,punct,,,,,0.0024449193635396,NONE
"""",PUNCT,,punct,,,,,0.0165965825281696,NONE
незаконно,ADV,,advmod,,,,,0.0245279429692594,NONE
занимался,VERB,,ccomp,,Masc,Sing,,0.0005323517353989,NONE
лизингом,NOUN,,obl,Ins,Masc,Sing,Inan,0.0153005298309671,NONE
/,PUNCT,,punct,,,,,0.015137987267575,NONE
лоббированием,NOUN,,conj,Ins,Neut,Sing,Inan,0.0201889127110643,NONE
с,ADP,,case,,,,,0.0203848270670475,NONE
политиками,NOUN,,nmod,Ins,Masc,Plur,Anim,0.0095372511901297,NONE
",",PUNCT,,punct,,,,,0.0287115658276334,NONE
министрами,NOUN,,conj,Ins,Masc,Plur,Anim,0.0170332944788311,NONE
и,CCONJ,,cc,,,,,-0.0017976075741353,NONE
другими,ADJ,,amod,Ins,,Plur,,-0.0140214138320731,NONE
государственными,ADJ,,amod,Ins,,Plur,,0.0106005566754278,NONE
служащими,NOUN,,conj,Ins,Masc,Plur,Anim,-0.0030733797998094,NONE
и,CCONJ,,cc,,,,,0.0271710664161764,NONE
должностными,ADJ,,amod,Ins,,Plur,,0.004119895748216,NONE
лицами,NOUN,,conj,Ins,Neut,Plur,Anim,-0.0061185120600379,NONE
Министерства,PROPN,,nmod,Gen,Neut,Sing,Inan,-0.0031231737618202,ORG
гражданской,ADJ,,amod,Gen,Fem,Sing,,0.0034116153938535,ORG
авиации,NOUN,,nmod,Gen,Fem,Sing,Inan,0.006525183418587,ORG
для,ADP,,case,,,,,0.0021823401782594,NONE
таких,DET,,det,Gen,,Plur,,0.0263997014502448,NONE
авиакомпаний,NOUN,,nmod,Gen,Fem,Plur,Inan,0.008268828130731,NONE
",",PUNCT,,punct,,,,,0.0053424010318613,NONE
как,SCONJ,,mark,,,,,6.395822369762459,NONE
Emirates,PROPN,,flat:foreign,,,,,0.0110005158548232,ORG
",",PUNCT,,punct,,,,,0.008239622658161,NONE
Air,PROPN,,flat:foreign,,,,,0.0134218037133982,ORG
Arabia,PROPN,,flat:foreign,,,,,0.0151849430304167,ORG
и,CCONJ,,cc,,,,,0.0016009955341372,NONE
Qatar,PROPN,,flat:foreign,,,,,0.0128788029264751,ORG
Airways,PROPN,,flat:foreign,,,,,0.004744723716975,ORG
для,ADP,,case,,,,,-0.0002129046113864,NONE
обеспечения,NOUN,,obl,Gen,Neut,Sing,Inan,-0.0022520169029612,NONE
им,PRON,,iobj,Dat,,Plur,,-0.019273147776675,NONE
неправомерных,ADJ,,amod,Gen,,Plur,,0.0063929250347397,NONE
льгот,NOUN,,nmod,Gen,Fem,Plur,Inan,-0.0118372909728652,NONE
"""",PUNCT,,punct,,,,,0.0003824377803779,NONE
"""",PUNCT,,punct,,,,,-0.0032258694217298,NONE
во,ADP,,case,,,,,0.0252115081231089,NONE
время,NOUN,,fixed,Acc,Neut,Sing,Inan,0.012426765365368,NONE
пребывания,NOUN,,obl,Gen,Neut,Sing,Inan,-0.003586334562819,NONE
в,ADP,,case,,,,,0.0207847422232074,NONE
правительстве,NOUN,,nmod,Loc,Neut,Sing,Inan,0.0350221757362934,NONE
УПА,PROPN,,nmod,Gen,Neut,Sing,Inan,0.02062566962416,ORG
.,PUNCT,,punct,,,,,0.0285600059624407,NONE
"""",PUNCT,,root,,,,,-0.0205770696892799,NONE
Омикрон,NOUN,,nsubj,Nom,Masc,Sing,Inan,0.0039426297955879,NONE
—,PUNCT,,punct,,,,,0.0105516908176547,NONE
это,PRON,,expl,,,,,0.0649902107210958,NONE
вариант,NOUN,,root,Nom,Masc,Sing,Inan,-0.0698766827421883,NONE
",",PUNCT,,punct,,,,,0.0122631481110364,NONE
в,ADP,,case,,,,,0.1584092995649273,NONE
котором,PRON,,acl:relcl,Loc,,,,0.0003617565246261,NONE
26-32,NUM,,nummod,,,,,0.1218312161675815,NONE
мутации,NOUN,,nsubj,Gen,Fem,Sing,Inan,0.0452614940746234,NONE
в,ADP,,case,,,,,0.1322695378986239,NONE
спайке,NOUN,,nmod,Loc,Masc,Sing,Inan,0.1717968658301979,NONE
",",PUNCT,,punct,,,,,0.2599136337726616,NONE
который,PRON,,nsubj:pass,Nom,,,,-0.7409919613289024,NONE
используется,VERB,,acl:relcl,,,Sing,,-0.163990291905979,NONE
для,ADP,,case,,,,,-0.0658819537752557,NONE
заражения,NOUN,,obl,Gen,Neut,Sing,Inan,0.0656952403217714,NONE
клеток,NOUN,,nmod,Gen,Fem,Plur,Inan,0.0442885471957797,NONE
вирусом,NOUN,,nmod,Ins,Masc,Sing,Inan,0.2635035789344218,NONE
COVID-19,PROPN,,flat:foreign,,,,,0.1244690863869645,NONE
.,PUNCT,,punct,,,,,0.274277554324189,NONE
Эта,DET,,det,Nom,Fem,Sing,,-0.1447025103398073,NONE
возможность,NOUN,,nsubj,Nom,Fem,Sing,Inan,-0.065863755956853,NONE
появилась,VERB,,root,,Fem,Sing,,0.1704589059537254,NONE
",",PUNCT,,punct,,,,,0.3916669460710073,NONE
и,CCONJ,,cc,,,,,0.0538718071908059,NONE
я,PRON,,nsubj,Nom,,Sing,,-0.0183901351151154,NONE
не,PART,,advmod,,,,,0.3231145251094969,NONE
мог,VERB,,conj,,Masc,Sing,,-0.0776098147085622,NONE
упустить,VERB,,xcomp,,,,,-0.0100221035181817,NONE
ее,PRON,,obj,Gen,Fem,Sing,,0.3673474451371354,NONE
.,PUNCT,,punct,,,,,-0.5070412600853668,NONE
На,ADP,,case,,,,,0.2691762497100985,NONE
шоу,NOUN,,obl,Loc,Neut,Sing,Inan,0.1995045600669441,NONE
мы,PRON,,nsubj,Nom,,Plur,,-0.0957413775454326,NONE
всегда,ADV,,advmod,,,,,-0.5284591631908714,NONE
видим,VERB,,root,,,Plur,,-0.1692090753451712,NONE
шаттлы,NOUN,,obj,Acc,Masc,Plur,Inan,0.0798376696651885,NONE
2,NUM,,nummod:entity,,,,,0.1682318393067098,NONE
и,CCONJ,,cc,,,,,-0.0891260146356689,NONE
3,NUM,,conj,,,,,0.1115767171532277,NONE
на,ADP,,case,,,,,-0.0832316497122088,NONE
палубах,NOUN,,nmod,Loc,Fem,Plur,Inan,-0.0026075866148279,NONE
12,NUM,,nummod:entity,,,,,0.0330754578747978,NONE
и,CCONJ,,cc,,,,,-0.3061795445650589,NONE
13,NUM,,conj,,,,,0.1935743329448702,NONE
.,PUNCT,,punct,,,,,0.1994204116528372,NONE
В,ADP,,case,,,,,0.3946508528369187,NONE
субботу,NOUN,,obl,Acc,Fem,Sing,Inan,-0.0245642354946333,NONE
г-н,NOUN,,nsubj,Nom,Masc,Sing,Anim,0.1487791562370962,NONE
Чухан,PROPN,,appos,Nom,Masc,Sing,Anim,0.2145251833247888,PER
написал,VERB,,root,,Masc,Sing,,0.008817062114711,NONE
в,ADP,,case,,,,,0.2391314698015707,NONE
твиттере,NOUN,,obl,Loc,Masc,Sing,Inan,0.2285308946569372,NONE
",",PUNCT,,punct,,,,,0.1433510840359731,NONE
что,SCONJ,,mark,,,,,0.1266560305160588,NONE
у,ADP,,case,,,,,-0.1011465384287395,NONE
него,PRON,,obl,Gen,Masc,Sing,,-0.0095823060464544,NONE
был,VERB,,ccomp,,Masc,Sing,,0.0863833741077713,NONE
положительный,ADJ,,amod,Nom,Masc,Sing,,-0.001588499369365,NONE
результат,NOUN,,nsubj,Nom,Masc,Sing,Inan,0.0755512255978368,NONE
на,ADP,,case,,,,,-0.0207808208321278,NONE
вирус,NOUN,,nmod,Acc,Masc,Sing,Inan,-0.1518459219025573,NONE
",",PUNCT,,punct,,,,,0.2540400381050687,NONE
несмотря,ADV,,case,,,,,0.0152494882015984,NONE
на,ADP,,fixed,,,,,-0.0370447402936472,NONE
все,DET,,det,Acc,,Plur,,-0.1860867360806478,NONE
его,DET,,det,,,,,0.0003811523343842,NONE
усилия,NOUN,,obl,Acc,Neut,Plur,Inan,-0.1558749083263543,NONE
",",PUNCT,,punct,,,,,0.0763012574685059,NONE
чтобы,SCONJ,,mark,,,,,-0.0299642444038607,NONE
избежать,VERB,,advcl,,,,,-0.0373597667965584,NONE
инфекции,NOUN,,obl,Gen,Fem,Sing,Inan,0.1213735275899294,NONE
",",PUNCT,,punct,,,,,0.1015352218163145,NONE
и,CCONJ,,cc,,,,,0.2511434111599322,NONE
предупредил,VERB,,conj,,Masc,Sing,,0.0208638354786676,NONE
",",PUNCT,,punct,,,,,0.3158465478737895,NONE
что,SCONJ,,mark,,,,,-0.002398978346331,NONE
«просто,PART,,advmod,,,,,0.0031261407908737,NONE
небольшая,ADJ,,amod,Nom,Fem,Sing,,0.1417164231764793,NONE
беспечность,NOUN,,nsubj,Nom,Fem,Sing,Inan,0.0866116994582347,NONE
приглашает,VERB,,ccomp,,,Sing,,0.0898965484518432,NONE
коронавирус»,NOUN,,obj,Acc,Masc,Sing,Inan,0.2345466237286639,NONE
.,PUNCT,,punct,,,,,0.1130268971404313,NONE
Однажды,ADV,,advmod,,,,,0.2217861600959677,NONE
для,ADP,,case,,,,,0.1778505308254159,NONE
возобновления,NOUN,,obl,Gen,Neut,Sing,Inan,0.1734945919724122,NONE
подачи,NOUN,,nmod,Gen,Fem,Sing,Inan,0.0103895839324001,NONE
электроэнергии,NOUN,,nmod,Gen,Fem,Sing,Inan,0.2471267980463986,NONE
потребовалось,VERB,,root,,Neut,Sing,,0.3116007676592075,NONE
около,ADP,,case,,,,,0.1557500025646131,NONE
3,NUM,,nummod,,,,,-0.0888357797290437,NONE
часов,NOUN,,nsubj,Gen,Masc,Plur,Inan,0.08861647319642,NONE
.,PUNCT,,punct,,,,,0.4364823526528757,NONE
Среди,ADP,,case,,,,,-0.1725199123166864,NONE
них,PRON,,root,Gen,,Plur,,0.0883018026502788,NONE
—,PUNCT,,punct,,,,,-0.6345074692626498,NONE
цели,NOUN,,nsubj,Nom,Fem,Plur,Inan,-0.0156606671194543,NONE
Премьер-лиги,NOUN,,nmod,Gen,Fem,Sing,Inan,0.2739205179494274,ORG
Филипп,PROPN,,appos,Nom,Masc,Sing,Anim,-0.0598735221151829,PER
Коутиньо,PROPN,,flat:name,Nom,Masc,Sing,Anim,0.1514576466426139,PER
",",PUNCT,,punct,,,,,0.1771740934115031,NONE
Усман,PROPN,,conj,Nom,Masc,Sing,Anim,0.0442084770331837,PER
Дембеле,PROPN,,flat:name,Nom,Masc,Sing,Anim,0.0305278005530433,PER
",",PUNCT,,punct,,,,,-0.0141637119934246,NONE
Иван,PROPN,,conj,Nom,Masc,Sing,Anim,-0.1006991509655821,PER
Ракитич,PROPN,,flat:name,Nom,Masc,Sing,Anim,0.2896615855206373,PER
и,CCONJ,,cc,,,,,0.0608512206316641,NONE
Сэмюэль,PROPN,,conj,Nom,Masc,Sing,Anim,0.2397472564173942,PER
Умтити,PROPN,,flat:name,Nom,Masc,Sing,Anim,0.1341185924356928,PER
.,PUNCT,,punct,,,,,-0.1672574744358519,NONE
Он,PRON,,nsubj,Nom,Masc,Sing,,-0.294879596950662,NONE
сказал,VERB,,root,,Masc,Sing,,0.3191832015699039,NONE
:,PUNCT,,punct,,,,,0.1332760557153913,NONE
«Мы,PRON,,nsubj,Nom,,Plur,,-0.0718809614094426,NONE
меняем,VERB,,parataxis,,,Plur,,0.061120008739064,NONE
правила,NOUN,,obj,Acc,Neut,Plur,Inan,-0.0153719819068449,NONE
-,PUNCT,,punct,,,,,0.0181672383448242,NONE
закон,NOUN,,nsubj,Nom,Masc,Sing,Inan,-0.0688163505433025,NONE
меняется,VERB,,parataxis,,,Sing,,-0.0536376023995367,NONE
в,ADP,,case,,,,,-0.1105081545448643,NONE
отношении,NOUN,,fixed,Loc,Neut,Sing,Inan,-0.1687399527125401,NONE
отдыхающих,NOUN,,obl,Gen,Masc,Plur,Anim,-0.107566625668977,NONE
и,CCONJ,,cc,,,,,-0.0472143934495905,NONE
путешественников,NOUN,,conj,Gen,Masc,Plur,Anim,0.0906788893874531,NONE
-,PUNCT,,punct,,,,,0.1637812804633115,NONE
и,CCONJ,,cc,,,,,0.3823331555971967,NONE
",",PUNCT,,punct,,,,,0.3088672997591934,NONE
конечно,ADV,,parataxis,,,,,0.0654128139974766,NONE
",",PUNCT,,punct,,,,,0.1766602319183633,NONE
мы,PRON,,nsubj,Nom,,Plur,,-0.0722929656369313,NONE
ожидаем,VERB,,conj,,,Plur,,0.1646964725894858,NONE
",",PUNCT,,punct,,,,,0.1280389438016308,NONE
что,SCONJ,,mark,,,,,-0.0047958823574689,NONE
работодатели,NOUN,,nsubj,Nom,Masc,Plur,Anim,-0.0078327560434285,NONE
покажут,VERB,,ccomp,,,Plur,,0.0347526370690001,NONE
тем,DET,,det,Dat,,Plur,,-0.0378884898588504,NONE
сотрудникам,NOUN,,iobj,Dat,Masc,Plur,Anim,0.0492243599279244,NONE
",",PUNCT,,punct,,,,,0.0739954205810142,NONE
которым,PRON,,iobj,Dat,,,,-0.0419244435769806,NONE
придется,VERB,,acl:relcl,,,Sing,,0.1899294042042936,NONE
уйти,VERB,,csubj,,,,,0.0882311345289099,NONE
на,ADP,,case,,,,,-0.0063346242448432,NONE
карантин,NOUN,,obl,Acc,Masc,Sing,Inan,-0.0144923381259298,NONE
из-за,ADP,,case,,,,,0.0462617054002467,NONE
необходимой,ADJ,,amod,Gen,Fem,Sing,,-0.0507454758825661,NONE
им,PRON,,iobj,Dat,,Plur,,-0.0756662966452387,NONE
гибкости,NOUN,,obl,Gen,Fem,Sing,Inan,-0.0051413515291345,NONE
закона,NOUN,,nmod,Gen,Masc,Sing,Inan,0.0052158716313555,NONE
.,PUNCT,,punct,,,,,0.4374136928798945,NONE
Я,PRON,,nsubj,Nom,,Sing,,-0.5363984182429149,NONE
просто,PART,,advmod,,,,,-0.0868031092411162,NONE
проверяю,VERB,,root,,,Sing,,0.0653469054061805,NONE
эту,DET,,det,Acc,Fem,Sing,,0.1787131241212121,NONE
информацию,NOUN,,obj,Acc,Fem,Sing,Inan,-0.261540389185904,NONE
для,ADP,,case,,,,,0.1152577917175419,NONE
вас,PRON,,obl,Gen,,Plur,,0.1790670671367995,NONE
",",PUNCT,,punct,,,,,0.1365095248399157,NONE
я,PRON,,nsubj,Nom,,Sing,,0.4452197077342382,NONE
не,PART,,advmod,,,,,0.191308755820984,NONE
задержусь,VERB,,conj,,,Sing,,-0.1001886138510658,NONE
надолго,ADV,,advmod,,,,,-0.062512413009192,NONE
«Даллас,NOUN,,nsubj,Nom,Masc,Sing,Inan,0.1161562968457059,ORG
Ковбойз»,PROPN,,appos,Nom,Masc,Sing,Inan,0.0482034050159941,ORG
привозит,VERB,,root,,,Sing,,0.110317732508715,NONE
скамейки,NOUN,,obj,Acc,Fem,Plur,Inan,0.1870545137122962,NONE
в,ADP,,case,,,,,0.3845237630113761,NONE
Вашингтон,PROPN,,obl,Acc,Masc,Sing,Inan,0.1516679525732094,LOC
",",PUNCT,,punct,,,,,0.3221383609311359,NONE
соперничество,NOUN,,nsubj,Nom,Neut,Sing,Inan,0.2509136274483045,NONE
накаляется,VERB,,conj,,,Sing,,0.0605742686435959,NONE
Провозглашенная,VERB,,acl,Nom,Fem,Sing,,0.2636899569928547,NONE
революционным,ADJ,,amod,Ins,Masc,Sing,,0.0432116933029397,NONE
прорывом,NOUN,,obl,Ins,Masc,Sing,Inan,-0.0119255367503746,NONE
",",PUNCT,,punct,,,,,-0.034382089344447,NONE
прививка,NOUN,,nsubj,Nom,Fem,Sing,Inan,0.044984619060043,NONE
томатов,NOUN,,nmod,Gen,Masc,Plur,Inan,0.0704098620852603,NONE
к,ADP,,case,,,,,0.0273936623637584,NONE
корням,NOUN,,nmod,Dat,Masc,Plur,Inan,0.0307830558716655,NONE
картофеля,NOUN,,nmod,Gen,Masc,Sing,Inan,0.2541215293092288,NONE
-,PUNCT,,punct,,,,,-0.3109379336893191,NONE
это,PRON,,expl,,,,,-0.071077953110553,NONE
",",PUNCT,,punct,,,,,0.0718096073378098,NONE
по,ADP,,case,,,,,0.054953828243569,NONE
сути,NOUN,,parataxis,Dat,Fem,Sing,Inan,0.0524918075535791,NONE
",",PUNCT,,punct,,,,,0.0879681982356939,NONE
ботаническое,ADJ,,amod,Nom,Neut,Sing,,0.1912149128738936,NONE
любопытство,NOUN,,root,Nom,Neut,Sing,Inan,0.2532793497778126,NONE
старой,ADJ,,amod,Gen,Fem,Sing,,0.2958204289625378,NONE
школы,NOUN,,nmod,Gen,Fem,Sing,Inan,0.2966356516793832,NONE
",",PUNCT,,punct,,,,,0.0935176740285522,NONE
появившееся,VERB,,acl,Nom,Neut,Sing,,0.2020631509503336,NONE
как,SCONJ,,advmod,,,,,0.0218202140914844,NONE
минимум,NOUN,,fixed,Acc,Masc,Sing,Inan,0.0898951694142431,NONE
с,ADP,,case,,,,,0.1000509313358802,NONE
1920-х,ADJ,,amod,Gen,,Plur,,0.1230453766347297,NONE
годов,NOUN,,obl,Gen,Masc,Plur,Inan,0.069952705789893,NONE
.,PUNCT,,punct,,,,,-0.1920023564305732,NONE
В,ADP,,case,,,,,-0.0729152331260368,NONE
штате,NOUN,,obl,Loc,Masc,Sing,Inan,0.2364690747243299,NONE
Тамилнад,PROPN,,appos,Nom,Masc,Sing,Inan,0.351996196568158,LOC
",",PUNCT,,punct,,,,,0.0866398555998806,NONE
где,ADV,,advmod,,,,,-0.110577248632809,NONE
зарегистрирован,VERB,,acl:relcl,,Masc,Sing,,-0.0117644129709532,NONE
самый,ADJ,,amod,Nom,Masc,Sing,,-0.1789865428839432,NONE
высокий,ADJ,,amod,Nom,Masc,Sing,,0.0579035305821276,NONE
уровень,NOUN,,nsubj:pass,Nom,Masc,Sing,Inan,0.1089879905618908,NONE
заболеваемости,NOUN,,nmod,Gen,Fem,Sing,Inan,-0.0125965009701391,NONE
вирусом,NOUN,,nmod,Ins,Masc,Sing,Inan,0.1159806270627756,NONE
в,ADP,,case,,,,,0.1086411553982601,NONE
стране,NOUN,,nmod,Loc,Fem,Sing,Inan,-0.0116971193251214,NONE
после,ADP,,case,,,,,0.3067442803202691,NONE
штата,NOUN,,nmod,Gen,Masc,Sing,Inan,0.1332327790343333,NONE
Махараштра,PROPN,,appos,Nom,Fem,Sing,Inan,0.284744059451944,LOC
",",PUNCT,,punct,,,,,-0.0333184299847014,NONE
по,ADP,,case,,,,,-0.0168296907563969,NONE
состоянию,NOUN,,obl,Dat,Neut,Sing,Inan,-0.0250402187212213,NONE
на,ADP,,case,,,,,-0.1550077213218664,NONE
субботу,NOUN,,nmod,Acc,Fem,Sing,Inan,0.0023873427001093,NONE
было,AUX,,aux:pass,,Neut,Sing,,-0.1485649753908435,NONE
зарегистрировано,VERB,,root,,Neut,Sing,,0.0337037360001238,NONE
в,ADP,,advmod,,,,,0.0804891273149864,NONE
общей,ADJ,,fixed,Ins,Fem,Sing,,0.044528274230657,NONE
сложности,NOUN,,fixed,Loc,Fem,Sing,Inan,0.0854732907766775,NONE
2,NUM,,nummod,,,,,-0.0584498781785228,NONE
06,NUM,,nummod,,,,,-0.0886882506652677,NONE
737,NUM,,nummod,,,,,-0.0519110692754511,NONE
положительных,ADJ,,amod,Gen,,Plur,,0.1552426035661205,NONE
случаев,NOUN,,nsubj:pass,Gen,Masc,Plur,Inan,0.0330672946116613,NONE
заражения,NOUN,,nmod,Gen,Neut,Sing,Inan,0.0547296810812029,NONE
вирусом,NOUN,,nmod,Ins,Masc,Sing,Inan,0.2145976876982268,NONE
.,PUNCT,,punct,,,,,-0.2679176684230319,NONE
Разве,PART,,advmod,,,,,-0.3972010666430802,NONE
не,PART,,advmod,,,,,-0.245287397703288,NONE
пора,NOUN,,root,Nom,Fem,Sing,Inan,-0.18937251147446,NONE
взять,VERB,,csubj,,,,,-0.0162638614094776,NONE
некоторое,DET,,det,Acc,Neut,Sing,,-0.0415049199395592,NONE
время,NOUN,,obj,Acc,Neut,Sing,Inan,0.3709111073372266,NONE
",",PUNCT,,punct,,,,,0.3091915344293318,NONE
обойти,VERB,,conj,,,,,0.0401324039529059,NONE
поле,NOUN,,obj,Acc,Neut,Sing,Inan,0.2750123453834478,NONE
для,ADP,,case,,,,,-0.1654593882225455,NONE
гольфа,NOUN,,nmod,Gen,Masc,Sing,Inan,0.3673829133647098,NONE
.,PUNCT,,punct,,,,,-0.1040278040199679,NONE
В,ADP,,case,,,,,-0.0977464658107397,NONE
середине,NOUN,,root,Loc,Fem,Sing,Inan,-0.0190141840588573,NONE
70-х,ADJ,,amod,Gen,,Plur,,0.3103838677423153,NONE
годов,NOUN,,nmod,Gen,Masc,Plur,Inan,-0.0180283473824274,NONE
Ким,PROPN,,nsubj,Nom,Masc,Sing,Anim,-0.0984359567230977,PER
Ке,PROPN,,flat:name,Nom,Masc,Sing,Anim,0.0609679689213413,PER
Гван,NOUN,,flat:name,Nom,Masc,Sing,Anim,0.1198769181884008,PER
-,PUNCT,,punct,,,,,-0.0208682215746769,PER
дипломат-ветеран,NOUN,,appos,Nom,Masc,Sing,Anim,0.1503337670132457,PER
",",PUNCT,,punct,,,,,0.3882055209522176,NONE
возглавлявший,VERB,,acl,Nom,Masc,Sing,,0.0505784042732736,NONE
северокорейскую,ADJ,,amod,Acc,Fem,Sing,,0.297188582306522,NONE
делегацию,NOUN,,obj,Acc,Fem,Sing,Inan,0.1157334988761745,NONE
на,ADP,,case,,,,,-0.0967497987844832,NONE
большей,ADJ,,amod,Loc,Fem,Sing,,-0.1124696448550373,NONE
части,NOUN,,obl,Loc,Fem,Sing,Inan,-0.3410800195286644,NONE
ныне,ADV,,advmod,,,,,-0.0667839850579736,NONE
бездействующих,VERB,,acl,Gen,,Plur,,0.0465690334989617,NONE
переговоров,NOUN,,nmod,Gen,Masc,Plur,Inan,-0.0238882450049278,NONE
по,ADP,,case,,,,,-0.0498233451847729,NONE
ядерному,ADJ,,amod,Dat,Neut,Sing,,0.0429702318687202,NONE
разоружению,NOUN,,nmod,Dat,Neut,Sing,Inan,0.156907463991941,NONE
шести,NUM,,nummod,Gen,,,,0.101869942194232,NONE
стран,NOUN,,nmod,Gen,Fem,Plur,Inan,0.0204760355602162,NONE
",",PUNCT,,punct,,,,,0.1977959776971121,NONE
проходивших,VERB,,acl,Gen,,Plur,,0.0812053331719336,NONE
в,ADP,,case,,,,,-0.0745031691356825,NONE
Пекине,PROPN,,obl,Loc,Masc,Sing,Inan,0.0421231843962406,LOC
в,ADP,,case,,,,,0.0336809055212618,NONE
2003-2008,NUM,,nmod,,,,,0.2328790620613788,NONE
годах,NOUN,,obl,Loc,Masc,Plur,Inan,0.3403629035078837,NONE
.,PUNCT,,punct,,,,,0.0268067323120068,NONE
Вслед,ADV,,advmod,,,,,0.2108068160067083,NONE
за,ADP,,case,,,,,0.0872540438813158,NONE
критикой,NOUN,,obl,Ins,Fem,Sing,Inan,-0.0341357034875749,NONE
",",PUNCT,,punct,,,,,-0.0037676676847826,NONE
высказанной,VERB,,acl,Ins,Fem,Sing,,-0.1036214364197656,NONE
оппозиционными,ADJ,,amod,Ins,,Plur,,-0.0723020466752725,NONE
партиями,NOUN,,obl,Ins,Fem,Plur,Inan,0.0093695555556887,NONE
",",PUNCT,,punct,,,,,0.0386538644159192,NONE
аналитический,ADJ,,amod,Nom,Masc,Sing,,0.1069907555196474,NONE
центр,NOUN,,nsubj,Nom,Masc,Sing,Inan,-0.0765472983324878,NONE
также,ADV,,advmod,,,,,0.188382311582065,NONE
заключил,VERB,,root,,Masc,Sing,,0.1419914165047349,NONE
",",PUNCT,,punct,,,,,-0.0538769611652347,NONE
что,SCONJ,,mark,,,,,0.0937598993764826,NONE
большая,ADJ,,amod,Nom,Fem,Sing,,-0.2409536848426509,NONE
часть,NOUN,,nsubj,Nom,Fem,Sing,Inan,-0.1697901659390081,NONE
снижения,NOUN,,nmod,Gen,Neut,Sing,Inan,-0.0388299848070952,NONE
налогов,NOUN,,nmod,Gen,Masc,Plur,Inan,-0.02150689840521,NONE
пойдет,VERB,,ccomp,,,Sing,,-0.1329674911603332,NONE
тем,DET,,det,Dat,,Plur,,-0.0319417393256328,NONE
",",PUNCT,,punct,,,,,0.0149897272554897,NONE
кто,PRON,,nsubj,Nom,,,,-0.0251806885408577,NONE
имеет,VERB,,acl:relcl,,,Sing,,-0.541753678837277,NONE
более,ADV,,obl,,,,,-0.0130272199611025,NONE
высокие,ADJ,,amod,Acc,,Plur,Inan,-0.1233761993032026,NONE
доходы,NOUN,,obj,Acc,Masc,Plur,Inan,-0.0513535618360838,NONE
.,PUNCT,,punct,,,,,0.2758573606253169,NONE
Байден,NOUN,,compound,Nom,Masc,Sing,Anim,0.1771089527269581,NONE
-,PUNCT,,punct,,,,,0.0377038281268802,NONE
фронт-бегун,NOUN,,nsubj,Nom,Masc,Sing,Inan,0.2299539513219244,NONE
в,ADP,,case,,,,,-0.0674449238047326,NONE
демократической,ADJ,,amod,Loc,Fem,Sing,,0.0714444607868723,NONE
гонке,NOUN,,nmod,Loc,Fem,Sing,Inan,0.0908475011643987,NONE
",",PUNCT,,punct,,,,,0.3623895369372581,NONE
бросивший,VERB,,acl,Nom,Masc,Sing,,0.0854715938059106,NONE
вызов,NOUN,,obj,Acc,Masc,Sing,Inan,0.0039335505152825,NONE
переизбранию,NOUN,,iobj,Dat,Neut,Sing,Inan,0.0952252052687687,NONE
Трампа,PROPN,,nmod,Gen,Masc,Sing,Anim,0.0798256517940712,PER
в,ADP,,case,,,,,0.2318685662650536,NONE
2020,ADJ,,amod,,,,,-0.1842194825733821,NONE
.,PUNCT,,punct,,,,,0.2189202813492188,NONE
году,NOUN,,nmod,Loc,Masc,Sing,Inan,0.0393517621499016,NONE
.,PUNCT,,punct,,,,,-0.2774802409920915,NONE
Результаты,NOUN,,nsubj,Nom,Masc,Plur,Inan,0.0250742313271866,NONE
по,ADP,,case,,,,,-0.0944158213385833,NONE
всем,DET,,det,Dat,,Plur,,-0.0741260919933118,NONE
трем,NUM,,nummod,Dat,,,,0.0256527035115728,NONE
загрязнителям,NOUN,,nmod,Dat,Masc,Plur,Anim,-0.0069675342055359,NONE
",",PUNCT,,punct,,,,,0.1622890458154379,NONE
с,ADP,,case,,,,,-0.0006240981261766,NONE
вероятностью,NOUN,,obl,Ins,Fem,Sing,Inan,0.0628085010421224,NONE
смерти,NOUN,,nmod,Gen,Fem,Sing,Inan,0.1125708552693536,NONE
на,ADP,,case,,,,,-0.0431381866379969,NONE
7%,NUM,,nummod,,,,,-0.1438023104946206,NONE
хуже,ADJ,,root,,,,,0.0303520428452847,NONE
для,ADP,,case,,,,,0.0426598250420777,NONE
NO2,PROPN,,flat:foreign,,,,,0.206400797114896,NONE
",",PUNCT,,punct,,,,,-0.0651034282985355,NONE
на,ADP,,case,,,,,-0.0223288712336286,NONE
4%,NUM,,nummod,,,,,0.1659003238377973,NONE
хуже,ADJ,,conj,,,,,0.1917718259070385,NONE
для,ADP,,case,,,,,0.1295415591688525,NONE
PM10,PROPN,,flat:foreign,,,,,0.1297042986124263,NONE
и,CCONJ,,cc,,,,,-0.0323738060506398,NONE
на,ADP,,case,,,,,-0.0572025558175291,NONE
19%,NUM,,nummod,,,,,0.0549560508998239,NONE
хуже,ADJ,,conj,,,,,0.0555137153828462,NONE
для,ADP,,case,,,,,0.0554126083172644,NONE
SO2,PROPN,,flat:foreign,,,,,0.0844518226878224,NONE
.,PUNCT,,punct,,,,,-0.7805950372024082,NONE
Что,PRON,,nsubj,Nom,,,,0.5549819494537704,NONE
было,AUX,,cop,,Neut,Sing,,-0.1832698081396005,NONE
бы,AUX,,aux,,,,,0.0652499027265001,NONE
хорошо,ADJ,,root,,Neut,Sing,,0.1848625496791643,NONE
",",PUNCT,,punct,,,,,0.1045817323471603,NONE
если,SCONJ,,mark,,,,,-0.0558511168957501,NONE
бы,AUX,,aux,,,,,-0.0971038696567531,NONE
продавцы,NOUN,,nsubj,Nom,Masc,Plur,Anim,0.2067133595414793,NONE
дали,VERB,,advcl,,,Plur,,0.1271952009136338,NONE
это,PRON,,obj,Acc,Neut,Sing,Inan,0.0395321014827861,NONE
понять,VERB,,xcomp,,,,,0.1685335243685935,NONE
",",PUNCT,,punct,,,,,0.1045128891834422,NONE
но,CCONJ,,cc,,,,,-0.0437618158382262,NONE
они,PRON,,nsubj,Nom,,Plur,,-0.1907986660357093,NONE
редко,ADV,,advmod,,,,,0.4212114062430017,NONE
это,PRON,,obj,Acc,Neut,Sing,Inan,0.0340739930328909,NONE
делают,VERB,,conj,,,Plur,,0.3372135637722149,NONE
.,PUNCT,,punct,,,,,0.1208208500735793,NONE
Карен,PROPN,,nsubj,Nom,Fem,Sing,Anim,0.2654740221241219,PER
Пенс,PROPN,,appos,Nom,Fem,Sing,Anim,0.0119463177428388,PER
",",PUNCT,,punct,,,,,-0.0059257950270872,NONE
по,ADP,,case,,,,,-0.0637329224196929,NONE
сообщениям,NOUN,,parataxis,Dat,Neut,Plur,Inan,0.015189690034751,NONE
",",PUNCT,,punct,,,,,-0.1006902847838534,NONE
была,AUX,,cop,,Fem,Sing,,0.0306449490217686,NONE
"""",PUNCT,,punct,,,,,0.2993547034360637,NONE
"""",PUNCT,,punct,,,,,0.2310205932714851,NONE
живой,ADJ,,root,Ins,Fem,Sing,,0.2498846402671727,NONE
"""",PUNCT,,punct,,,,,0.1612717718799747,NONE
"""",PUNCT,,punct,,,,,0.1935547300381027,NONE
с,ADP,,case,,,,,0.2132318788855094,NONE
лентой,NOUN,,conj,Ins,Fem,Sing,Inan,0.0785812377194942,NONE
Трампа,PROPN,,nmod,Gen,Masc,Sing,Anim,0.2559591643413746,PER
"""",PUNCT,,punct,,,,,0.3011101181021636,NONE
"""",PUNCT,,punct,,,,,0.2403577651569088,NONE
Доступ,NOUN,,conj,Nom,Masc,Sing,Inan,0.0928212739021343,NONE
к,ADP,,case,,,,,0.1464984832023891,NONE
Голливуду,PROPN,,nmod,Dat,Masc,Sing,Inan,0.2072920539202174,NONE
"""",PUNCT,,punct,,,,,-0.0543228909435677,NONE
"""",PUNCT,,punct,,,,,-0.2780001375253574,NONE
"""",PUNCT,,punct,,,,,0.1743432863228086,NONE
Американский,ADJ,,amod,Nom,Masc,Sing,,-0.0134458161603498,NONE
бизнес,NOUN,,nsubj,Nom,Masc,Sing,Inan,-0.0924840167410788,NONE
может,VERB,,root,,,Sing,,-0.067910452827624,NONE
демонстрировать,VERB,,xcomp,,,,,0.0221741789632202,NONE
некоторые,DET,,det,Acc,,Plur,,-0.2413949498454072,NONE
признаки,NOUN,,obj,Acc,Masc,Plur,Inan,0.0455648262389137,NONE
слабости,NOUN,,nmod,Gen,Fem,Sing,Inan,0.2792630759197322,NONE
",",PUNCT,,punct,,,,,0.1211519802992127,NONE
но,CCONJ,,cc,,,,,0.1091666796915731,NONE
это,PRON,,nsubj,Nom,Neut,Sing,Inan,0.0831767732872352,NONE
не,PART,,advmod,,,,,0.1814071452929185,NONE
должно,ADJ,,conj,,Neut,Sing,,0.072748651983674,NONE
отпугнуть,VERB,,xcomp,,,,,0.2864980598458496,NONE
вас,PRON,,obj,Acc,,Plur,,0.185443000363706,NONE
от,ADP,,case,,,,,0.3386045168976512,NONE
покупки,NOUN,,obl,Gen,Fem,Sing,Inan,-0.0103876981500742,NONE
акций,NOUN,,nmod,Gen,Fem,Plur,Inan,0.0261776662465041,NONE
двух,NUM,,nummod,Gen,,,,-0.020754871841756,NONE
компаний,NOUN,,nmod,Gen,Fem,Plur,Inan,-0.0138701827037055,NONE
по,ADP,,case,,,,,0.1677022183216572,NONE
производству,NOUN,,nmod,Dat,Neut,Sing,Inan,0.0663195455451852,NONE
офисной,ADJ,,amod,Gen,Fem,Sing,,0.0986551161948287,NONE
мебели,NOUN,,nmod,Gen,Fem,Sing,Inan,0.0421046428306324,NONE
",",PUNCT,,punct,,,,,0.0925585874785245,NONE
заявил,VERB,,parataxis,,Masc,Sing,,-0.2059406147905403,NONE
в,ADP,,case,,,,,0.1690332165447375,NONE
четверг,NOUN,,obl,Acc,Masc,Sing,Inan,0.2046876069006148,NONE
Джим,PROPN,,nsubj,Nom,Masc,Sing,Anim,0.154437835707009,PER
Кремер,PROPN,,flat:name,Nom,Masc,Sing,Anim,0.1913177786302284,PER
из,ADP,,case,,,,,0.2734188313474958,NONE
CNBC,PROPN,,flat:foreign,,,,,0.1718658930098206,ORG
.,PUNCT,,punct,,,,,-0.1850086665082051,NONE
Полиция,NOUN,,nsubj:pass,Nom,Fem,Sing,Inan,0.3999525600927753,NONE
была,AUX,,aux:pass,,Fem,Sing,,-0.0460365606371365,NONE
вызвана,VERB,,root,,Fem,Sing,,-0.0075987250582738,NONE
в,ADP,,case,,,,,-0.0113973989929134,NONE
Мамбурин,PROPN,,obl,Acc,Masc,Sing,Inan,0.1075945430130727,LOC
",",PUNCT,,punct,,,,,0.0354372476038097,NONE
недалеко,ADV,,conj,,,,,-0.137824802806336,NONE
от,ADP,,case,,,,,-0.0103379667401461,NONE
Верриби,PROPN,,obl,Gen,Masc,Sing,Inan,0.0407750257694657,LOC
",",PUNCT,,punct,,,,,0.1914499691640851,NONE
около,ADP,,case,,,,,0.0913255510689161,NONE
8,NUM,,conj,,,,,-0.0959409867077613,NONE
вечера,NOUN,,flat,Gen,Masc,Sing,Inan,-0.1164267130327903,NONE
",",PUNCT,,punct,,,,,0.3272231534479737,NONE
где,ADV,,advmod,,,,,-0.0349245331240518,NONE
они,PRON,,nsubj,Nom,,Plur,,-0.1016108269044984,NONE
нашли,VERB,,acl:relcl,,,Plur,,0.067522571295403,NONE
мужчину,NOUN,,obj,Acc,Masc,Sing,Anim,0.1232162039633726,NONE
в,ADP,,case,,,,,-0.0443941417902596,NONE
возрасте,NOUN,,nmod,Loc,Masc,Sing,Inan,-0.0439442102731295,NONE
20,NUM,,nummod,,,,,0.0703320961863352,NONE
лет,NOUN,,nmod,Gen,Masc,Plur,Inan,-0.0304784247717953,NONE
с,ADP,,case,,,,,-0.0656779395105926,NONE
подозреваемыми,VERB,,amod,Ins,,Plur,,0.1395008946256,NONE
огнестрельными,ADJ,,amod,Ins,,Plur,,0.1148729880570508,NONE
ранениями,NOUN,,nmod,Ins,Neut,Plur,Inan,0.073876643131391,NONE
нижней,ADJ,,amod,Gen,Fem,Sing,,0.0132328952936824,NONE
части,NOUN,,nmod,Gen,Fem,Sing,Inan,-0.0371346179204176,NONE
тела,NOUN,,nmod,Gen,Neut,Sing,Inan,0.0382218811961174,NONE
в,ADP,,case,,,,,0.0757569388060738,NONE
Yard,PROPN,,flat:foreign,,,,,0.393411606797942,NONE
St,PROPN,,flat:foreign,,,,,-0.1227080313695992,NONE
.,PUNCT,,punct,,,,,-0.2772382922970457,NONE
Фрэнк,PROPN,,nsubj,Nom,Masc,Sing,Anim,0.019744971561578,PER
Деберри,PROPN,,appos,Nom,Masc,Sing,Anim,0.0230428748113747,PER
",",PUNCT,,punct,,,,,0.0930574322530372,NONE
президент,NOUN,,appos,Nom,Masc,Sing,Anim,-0.0381300875689736,NONE
и,CCONJ,,cc,,,,,0.0103140927530734,NONE
генеральный,ADJ,,amod,Nom,Masc,Sing,,-0.0074014322891942,NONE
директор,NOUN,,conj,Nom,Masc,Sing,Anim,-0.0295682364529839,NONE
курорта,NOUN,,nmod,Gen,Masc,Sing,Inan,0.1661826470019847,NONE
",",PUNCT,,punct,,,,,0.1422989679899331,NONE
сказал,VERB,,root,,Masc,Sing,,-0.0245252883108923,NONE
",",PUNCT,,punct,,,,,0.1268059340849359,NONE
что,SCONJ,,mark,,,,,-0.0812891180313317,NONE
все,DET,,det,Nom,,Plur,,0.0168803899931958,NONE
шесть,NUM,,nummod:gov,Nom,,,,-0.008175177611925,NONE
человек,NOUN,,nsubj,Gen,Masc,Plur,Anim,0.0394242503222533,NONE
имели,VERB,,ccomp,,,Plur,,0.0152852448617851,NONE
пропуски,NOUN,,obj,Acc,Masc,Plur,Inan,0.0586100094536856,NONE
на,ADP,,case,,,,,0.1954043422190258,NONE
горнолыжный,ADJ,,amod,Acc,Masc,Sing,Inan,0.0305265375174675,NONE
курорт,NOUN,,nmod,Acc,Masc,Sing,Inan,0.185965775152848,NONE
",",PUNCT,,punct,,,,,0.1409048477695938,NONE
что,PRON,,nsubj,Nom,,,,-0.0962138123312368,NONE
означает,VERB,,parataxis,,,Sing,,-0.0501435402315089,NONE
",",PUNCT,,punct,,,,,0.065967911441479,NONE
что,SCONJ,,mark,,,,,0.0248492856720127,NONE
они,PRON,,nsubj:pass,Nom,,Plur,,0.1901153722453867,NONE
были,AUX,,aux:pass,,,Plur,,0.0788299268945379,NONE
зарегистрированы,VERB,,ccomp,,,Plur,,0.1542788491896206,NONE
в,ADP,,case,,,,,0.3384265960072444,NONE
лыжном,ADJ,,amod,Loc,Masc,Sing,,0.0104541499814155,NONE
патруле,NOUN,,obl,Loc,Masc,Sing,Inan,0.064256695729739,NONE
",",PUNCT,,punct,,,,,0.0696314958256823,NONE
участвовали,VERB,,conj,,,Plur,,0.0992547463693234,NONE
в,ADP,,case,,,,,0.0449634065831589,NONE
инструктаже,NOUN,,obl,Loc,Masc,Sing,Inan,0.0156283832132329,NONE
о,ADP,,case,,,,,0.0579997132826562,NONE
том,PRON,,nmod,Loc,Neut,Sing,Inan,-0.0087825446111855,NONE
",",PUNCT,,punct,,,,,0.1218822695230769,NONE
как,ADV,,advmod,,,,,-0.040064954750187,NONE
и,CCONJ,,cc,,,,,0.0059392155614075,NONE
где,ADV,,conj,,,,,-0.0996300197118668,NONE
получить,VERB,,acl,,,,,0.0154518377784236,NONE
доступ,NOUN,,obj,Acc,Masc,Sing,Inan,0.0072664029132642,NONE
к,ADP,,case,,,,,-0.036608604202278,NONE
лыжам,NOUN,,nmod,Dat,Fem,Plur,Inan,0.0566177469830862,NONE
через,ADP,,case,,,,,0.0331786599800803,NONE
собственность,NOUN,,obl,Acc,Fem,Sing,Inan,-0.0232584000929401,NONE
курорта,NOUN,,nmod,Gen,Masc,Sing,Inan,0.0883495204617373,NONE
и,CCONJ,,cc,,,,,-0.0079586279549702,NONE
были,AUX,,cop,,,Plur,,0.0002439277035153,NONE
обязаны,ADJ,,conj,,,Plur,,0.0881395836655052,NONE
проверить,VERB,,xcomp,,,,,0.066281562814098,NONE
состояние,NOUN,,obj,Acc,Neut,Sing,Inan,-0.0108207055153136,NONE
снега,NOUN,,nmod,Gen,Masc,Sing,Inan,0.0791428058367167,NONE
перед,ADP,,case,,,,,0.0737229405566934,NONE
их,DET,,det,,,,,0.0715935430477087,NONE
экскурсией,NOUN,,obl,Ins,Fem,Sing,Inan,0.2218694946380155,NONE
.,PUNCT,,punct,,,,,0.437575784492968,NONE
Поведение,NOUN,,nsubj,Nom,Neut,Sing,Inan,-0.0106512548247657,NONE
наших,DET,,det,Gen,,Plur,,0.053600246141882,NONE
служб,NOUN,,nmod,Gen,Fem,Plur,Inan,-0.0321928805795115,NONE
безопасности,NOUN,,nmod,Gen,Fem,Sing,Inan,-0.0318199193684451,NONE
в,ADP,,case,,,,,-0.009020003782358,NONE
связи,NOUN,,fixed,Loc,Fem,Sing,Inan,-0.0486528923552617,NONE
с,ADP,,fixed,,,,,-0.0167528533042156,NONE
прослушиванием,NOUN,,nmod,Ins,Neut,Sing,Inan,0.0038082467674325,NONE
парламента,NOUN,,nmod,Gen,Masc,Sing,Inan,0.0479125424334093,NONE
Восточного,ADJ,,amod,Gen,Masc,Sing,,0.028607332381593,LOC
Тимора,PROPN,,nmod,Gen,Masc,Sing,Inan,0.1351864651383177,LOC
",",PUNCT,,punct,,,,,0.0248986577985341,NONE
судебными,ADJ,,amod,Ins,,Plur,,0.0107727589492323,NONE
процессами,NOUN,,conj,Ins,Masc,Plur,Inan,0.0037661417660439,NONE
над,ADP,,case,,,,,-0.0094037999591807,NONE
свидетелем,NOUN,,nmod,Ins,Masc,Sing,Anim,0.0111561570172824,NONE
К,PROPN,,appos,Ins,Masc,Sing,Anim,-0.0006390172128231,PER
.,PUNCT,Z:-------------,punct,,,,,0.0296817238122985,PER
и,CCONJ,,cc,,,,,0.0032298039895125,NONE
Бернаром,PROPN,,conj,Ins,Masc,Sing,Anim,0.0627738990063333,PER
Коллери,PROPN,,flat:name,Ins,Masc,Sing,Anim,0.0265683873773577,PER
",",PUNCT,,punct,,,,,-0.0126192421492693,NONE
секретным,ADJ,,amod,Ins,Masc,Sing,,0.0056404611843373,NONE
судебным,ADJ,,amod,Ins,Masc,Sing,,0.0021161022412671,NONE
процессом,NOUN,,conj,Ins,Masc,Sing,Inan,0.0011003082922122,NONE
и,CCONJ,,cc,,,,,0.0528890417527299,NONE
тюремным,ADJ,,amod,Ins,Neut,Sing,,-0.0169419982895065,NONE
заключением,NOUN,,conj,Ins,Neut,Sing,Inan,0.0131590928422776,NONE
бывшего,ADJ,,amod,Gen,Masc,Sing,,-0.0004475824041419,NONE
офицера,NOUN,,nmod,Gen,Masc,Sing,Anim,-0.0180876011849617,NONE
разведки,NOUN,,nmod,Gen,Fem,Sing,Inan,0.004127308365169,NONE
",",PUNCT,,punct,,,,,0.0186749955355769,NONE
недавними,ADJ,,amod,Ins,,Plur,,-0.0125691894313335,NONE
ордерами,NOUN,,conj,Ins,Masc,Plur,Inan,0.0256960499771067,NONE
на,ADP,,case,,,,,0.0416855446787676,NONE
обыск,NOUN,,nmod,Acc,Masc,Sing,Inan,0.0457986215892316,NONE
",",PUNCT,,punct,,,,,0.0468334458802413,NONE
выполненными,VERB,,acl,Ins,,Plur,,0.0114745752732327,NONE
в,ADP,,case,,,,,0.0181928399687551,NONE
отношении,NOUN,,fixed,Loc,Neut,Sing,Inan,-0.0440484561324512,NONE
двух,NUM,,nummod,Gen,,,,-0.0677835613528753,NONE
журналистов,NOUN,,obl,Gen,Masc,Plur,Anim,0.0088907557362634,NONE
",",PUNCT,,punct,,,,,0.0344076210949297,NONE
и,CCONJ,,cc,,,,,0.0675479540299206,NONE
перспективой,NOUN,,conj,Ins,Fem,Sing,Inan,0.0225464126384163,NONE
Обвинения,PROPN,,nmod,Gen,Neut,Sing,Inan,0.0120174553247538,NONE
",",PUNCT,,punct,,,,,0.0600713601631208,NONE
выдвинутые,VERB,,acl,Nom,,Plur,,0.0933567318750691,NONE
против,ADP,,case,,,,,-0.0436840228970264,NONE
одного,NUM,,obl,Gen,Masc,,,0.0407970558716155,NONE
из,ADP,,case,,,,,0.0158547264580712,NONE
них,PRON,,nmod,Gen,,Plur,,-0.0224028314868893,NONE
в,ADP,,case,,,,,0.0095904471085111,NONE
связи,NOUN,,fixed,Loc,Fem,Sing,Inan,-0.0573294308243493,NONE
с,ADP,,fixed,,,,,0.0474774978554088,NONE
историями,NOUN,,obl,Ins,Fem,Plur,Inan,0.0624270374134319,NONE
о,ADP,,case,,,,,0.0121271100435118,NONE
предполагаемых,VERB,,amod,Loc,,Plur,,0.0180737759256811,NONE
убийствах,NOUN,,nmod,Loc,Neut,Plur,Inan,0.0220636828979555,NONE
австралийских,ADJ,,amod,Gen,,Plur,,0.0099826281407051,NONE
солдат,NOUN,,nmod,Gen,Masc,Plur,Anim,-0.0711369963056615,NONE
в,ADP,,case,,,,,-0.319014872269144,NONE
Афганистане,PROPN,,nmod,Loc,Masc,Sing,Inan,0.1066471826283261,LOC
",",PUNCT,,punct,,,,,0.021384163518149,NONE
показывают,VERB,,root,,,Plur,,0.0219858768534713,NONE
",",PUNCT,,punct,,,,,0.0161938466267033,NONE
почему,ADV,,advmod,,,,,-0.0116412094430902,NONE
нам,PRON,,iobj,Dat,,Plur,,0.0796316168638102,NONE
не,PART,,advmod,,,,,0.7465467458967512,NONE
следует,VERB,,ccomp,,,Sing,,0.0393009045205037,NONE
снижать,VERB,,csubj,,,,,0.0127072213928654,NONE
бдительность,NOUN,,obj,Acc,Fem,Sing,Inan,0.0425118883533748,NONE
.,PUNCT,,punct,,,,,-0.0506368628804412,NONE
Находясь,VERB,,advcl,,,,,-0.0239445089426288,NONE
на,ADP,,case,,,,,-0.0610108615537378,NONE
блокчейне,NOUN,,obl,Loc,Masc,Sing,Inan,0.0663179180769341,NONE
Ethereum,PROPN,,flat:foreign,,,,,0.2171699672851503,NONE
",",PUNCT,,punct,,,,,0.1220850552371472,NONE
было,VERB,,root,,Neut,Sing,,-0.0904828456041581,NONE
бы,AUX,,aux,,,,,-0.0934210200282781,NONE
много,ADV,,nsubj,,,,,-0.0091011802809965,NONE
возможностей,NOUN,,obl,Gen,Fem,Plur,Inan,-0.0679953537434022,NONE
для,ADP,,case,,,,,-0.0240952382659719,NONE
развития,NOUN,,nmod,Gen,Neut,Sing,Inan,-0.2603862350205419,NONE
",",PUNCT,,punct,,,,,0.2458998741794192,NONE
если,SCONJ,,mark,,,,,-0.0511628244110293,NONE
бы,AUX,,aux,,,,,-0.1258841250499221,NONE
команда,NOUN,,nsubj:pass,Nom,Fem,Sing,Inan,0.0583313995012467,NONE
",",PUNCT,,punct,,,,,0.3915516241254593,NONE
стоящая,VERB,,acl,Nom,Fem,Sing,,0.0077699878029723,NONE
за,ADP,,case,,,,,-0.1377831995251162,NONE
Shiba,PROPN,,flat:foreign,,,,,-0.0095071035250628,ORG
Inu,PROPN,,flat:foreign,,,,,0.1356904231208739,ORG
",",PUNCT,,punct,,,,,0.3090920140340785,NONE
была,AUX,,aux:pass,,Fem,Sing,,-0.0732418318374631,NONE
мотивирована,VERB,,advcl,,Fem,Sing,,0.0071402158843715,NONE
на,ADP,,case,,,,,0.0471645046051428,NONE
это,PRON,,obl,Acc,Neut,Sing,Inan,-0.1594460092721991,NONE
.,PUNCT,,punct,,,,,-0.3882328926383148,NONE
Преподаватель,NOUN,,nsubj,Nom,Masc,Sing,Anim,0.9578733033785738,NONE
Дэвид,PROPN,,appos,Nom,Masc,Sing,Anim,-0.0115778341054804,PER
Клиффорд,PROPN,,flat:name,Nom,Masc,Sing,Anim,-0.0112121957700499,PER
",",PUNCT,,punct,,,,,-0.0026546587788598,NONE
который,PRON,,nsubj,Nom,,,,-0.0373403673014412,NONE
ранее,ADV,,advmod,,,,,-0.0247257929761102,NONE
принял,VERB,,acl:relcl,,Masc,Sing,,-0.0068633061409089,NONE
от,ADP,,case,,,,,-0.0085664245414503,NONE
имени,NOUN,,obl,Gen,Neut,Sing,Inan,-0.0133645696959273,NONE
школы,NOUN,,nmod,Gen,Fem,Sing,Inan,-0.0071790398024283,NONE
награду,NOUN,,obj,Acc,Fem,Sing,Inan,-0.0069637100102181,NONE
британского,ADJ,,amod,Gen,Neut,Sing,,0.0170079262081325,NONE
правительства,NOUN,,nmod,Gen,Neut,Sing,Inan,0.000795182025422,NONE
Point,PROPN,,flat:foreign,,,,,-0.0282975786048398,ORG
of,X,,flat:foreign,,,,,0.0119258538576625,ORG
Light,PROPN,,flat:foreign,,,,,0.0329135714837706,ORG
на,ADP,,case,,,,,-0.0341731146997216,NONE
Даунинг-стрит,NOUN,,nmod,Acc,Masc,Sing,Inan,0.0205755708601417,LOC
",",PUNCT,,punct,,,,,0.0372356432053029,NONE
10,NUM,,appos,,,,,0.0568187632092657,NONE
",",PUNCT,,punct,,,,,0.0528704615885269,NONE
сказал,VERB,,root,,Masc,Sing,,-0.0035149501860035,NONE
:,PUNCT,,punct,,,,,-0.0307886036119891,NONE
"""",PUNCT,,punct,,,,,-0.0352417383498638,NONE
"""",PUNCT,,punct,,,,,0.0116592550557644,NONE
В,ADP,,case,,,,,0.0341423179952434,NONE
этом,DET,,det,Loc,Masc,Sing,,-0.0146667692126897,NONE
году,NOUN,,obl,Loc,Masc,Sing,Inan,-0.0176626234305248,NONE
все,PRON,,nsubj,Nom,Neut,Sing,Inan,-0.0068734308898244,NONE
прошло,VERB,,parataxis,,Neut,Sing,,-0.0068341269688601,NONE
хорошо,ADV,,advmod,,,,,0.0030591197350329,NONE
"""",PUNCT,,punct,,,,,-0.0986337875551999,NONE
"""",PUNCT,,punct,,,,,0.0161449282928432,NONE
.,PUNCT,,punct,,,,,-0.0210001993123131,NONE
"""",PUNCT,,punct,,,,,0.0006524283677087,NONE
По,ADP,,case,,,,,0.3374827729877729,NONE
словам,NOUN,,parataxis,Dat,Neut,Plur,Inan,0.0570226674010343,NONE
профессора,NOUN,,nmod,Gen,Masc,Sing,Anim,0.0754071189542565,NONE
Ли,PROPN,,appos,Gen,Masc,Sing,Anim,-0.0067509709374045,PER
",",PUNCT,,punct,,,,,0.0332378803122884,NONE
"""",PUNCT,,punct,,,,,0.1010336520698936,NONE
"""",PUNCT,,punct,,,,,0.0240883605370194,NONE
Омикрон,PROPN,,nsubj,,,,,0.1762201056196617,ORG
"""",PUNCT,,punct,,,,,0.0279466370375677,NONE
"""",PUNCT,,punct,,,,,0.058716152615943,NONE
имеет,VERB,,root,,,Sing,,0.0408852687641311,NONE
сильный,ADJ,,amod,Acc,Masc,Sing,Inan,0.1370042519642892,NONE
сигнал,NOUN,,obj,Acc,Masc,Sing,Inan,0.0208392460639883,NONE
для,ADP,,case,,,,,0.0386099017488597,NONE
N-генов,NOUN,,nmod,Gen,Masc,Plur,Inan,0.0654971720163962,ORG
в,ADP,,case,,,,,0.0902673800791965,NONE
тестах,NOUN,,nmod,Loc,Masc,Plur,Inan,0.1105597472765103,NONE
ПЦР,PROPN,,nmod,Gen,Masc,Sing,Inan,0.0509681738433867,NONE
",",PUNCT,,punct,,,,,0.0992075607178277,NONE
но,CCONJ,,cc,,,,,0.0377916749373155,NONE
слабый,ADJ,,amod,Acc,Masc,Sing,Inan,0.0159333030269874,NONE
сигнал,NOUN,,conj,Acc,Masc,Sing,Inan,0.0476948335536319,NONE
для,ADP,,case,,,,,0.2948834253637943,NONE
S-генов,NOUN,,nmod,Gen,Masc,Plur,Inan,0.0866336287649901,ORG
.,PUNCT,,punct,,,,,-0.0891833719740787,NONE
"""",PUNCT,,punct,,,,,0.4606414070403093,NONE
Apple,PROPN,,root,,,,,-0.0733848300093104,ORG
Музыка,PROPN,,appos,Nom,Fem,Sing,Inan,0.1685568643836986,PER
Документы,PROPN,,appos,Nom,Masc,Plur,Inan,4.488484667732963,PER
и,CCONJ,,cc,,,,,-0.4356392954334583,NONE
Хранение,PROPN,,conj,Nom,Neut,Sing,Inan,0.0449255767606057,NONE
данных,NOUN,,nmod,Gen,,Plur,Inan,0.3249908846293388,NONE
Размер,PROPN,,appos,Nom,Masc,Sing,Inan,0.5456291567581745,NONE
Сегодня,ADV,,advmod,,,,,0.0382163541443397,NONE
нет,VERB,,root,,,Sing,,0.3542431407730231,NONE
ни,CCONJ,,cc,,,,,-0.0936438647692436,NONE
опасений,NOUN,,nsubj,Gen,Neut,Plur,Inan,0.1629258780889292,NONE
",",PUNCT,,punct,,,,,0.0247653814105047,NONE
ни,CCONJ,,cc,,,,,-0.0539128871831043,NONE
дефицита,NOUN,,conj,Gen,Masc,Sing,Inan,0.0217853501666365,NONE
в,ADP,,case,,,,,0.0192112796251438,NONE
поставках,NOUN,,nmod,Loc,Fem,Plur,Inan,0.0543997209232194,NONE
вакцины,NOUN,,nmod,Gen,Fem,Sing,Inan,0.1206894384347685,NONE
",",PUNCT,,punct,,,,,0.0204524986659537,NONE
и,CCONJ,,cc,,,,,-0.1836369129699246,NONE
земля,NOUN,,nsubj,Nom,Fem,Sing,Inan,0.0323457398312571,NONE
готова,ADJ,,conj,,Fem,Sing,,-0.2312154797541057,NONE
к,ADP,,case,,,,,-0.0470335263687269,NONE
вакцинации,NOUN,,obl,Dat,Fem,Sing,Inan,0.0653453497821245,NONE
третьей,ADJ,,amod,Gen,Fem,Sing,,0.5537660826907673,NONE
и,CCONJ,,cc,,,,,-0.2482278848925115,NONE
четвертой,ADJ,,conj,Gen,Fem,Sing,,0.148413620233,NONE
доз,NOUN,,nmod,Gen,Fem,Plur,Inan,0.0371479444766064,NONE
",",PUNCT,,punct,,,,,0.1179871070240432,NONE
-,PUNCT,,punct,,,,,0.1794332737952214,NONE
добавил,VERB,,parataxis,,Masc,Sing,,0.1430812935227548,NONE
Мохбер,PROPN,,nsubj,Nom,Masc,Sing,Anim,0.1395943137194408,PER
.,PUNCT,,punct,,,,,0.19593117147785,NONE
Это,PRON,,nsubj,Nom,Neut,Sing,Inan,-0.2689077463415282,NONE
всегда,ADV,,advmod,,,,,0.0349416327290346,NONE
хорошо,ADJ,,root,,Neut,Sing,,0.4942630960422526,NONE
для,ADP,,case,,,,,0.427587810275889,NONE
сна»,NOUN,,obl,Gen,Fem,Plur,Inan,0.1572225619251542,NONE
.,PUNCT,,punct,,,,,0.6591487799367974,NONE
Я,PRON,,nsubj,Nom,,Sing,,-0.0815040888295817,NONE
не,PART,,advmod,,,,,-0.2015466343624487,NONE
знаю,VERB,,root,,,Sing,,0.0012872914203208,NONE
",",PUNCT,,punct,,,,,0.1338947182919387,NONE
был,AUX,,cop,,Masc,Sing,,0.0384407998804412,NONE
ли,PART,,advmod,,,,,-0.0763950776472986,NONE
он,PRON,,nsubj,Nom,Masc,Sing,,-0.0575541920814462,NONE
одним,NUM,,ccomp,Ins,Masc,,,0.0819515099415231,NONE
из,ADP,,case,,,,,-0.0079991177672499,NONE
тех,DET,,det,Gen,,Plur,,-0.0104101768814,NONE
парней,NOUN,,nmod,Gen,Masc,Plur,Anim,-0.0624941520802621,NONE
",",PUNCT,,punct,,,,,0.0676423411288399,NONE
которые,PRON,,nsubj,Nom,,Plur,,0.0642799296103644,NONE
любили,VERB,,acl:relcl,,,Plur,,-0.0078750366922811,NONE
носить,VERB,,xcomp,,,,,0.1827380814456169,NONE
брюки,NOUN,,obj,Acc,Fem,Plur,Inan,0.634834586896858,NONE
низко,ADV,,advmod,,,,,0.1735571609998512,NONE
",",PUNCT,,punct,,,,,-0.0318989169069078,NONE
или,CCONJ,,cc,,,,,0.0015403817799126,NONE
он,PRON,,nsubj,Nom,Masc,Sing,,0.1926557523814846,NONE
был,AUX,,cop,,Masc,Sing,,0.0085114387583228,NONE
без,ADP,,case,,,,,0.1031265611772702,NONE
ремня,NOUN,,conj,Gen,Masc,Sing,Inan,0.0156490022828826,NONE
.,PUNCT,,punct,,,,,-0.2162956079853243,NONE
Сен,NOUN,,nsubj,Nom,Masc,Sing,Anim,0.0713365426822863,NONE
.,PUNCT,,punct,,,,,-0.0051253124018764,NONE
Камала,PROPN,,appos,Nom,Fem,Sing,Anim,-0.0035262016761151,PER
Харрис,PROPN,,flat:name,Nom,Fem,Sing,Anim,-0.0084642768733645,PER
(,PUNCT,,punct,,,,,-0.0216349441537386,NONE
Д-Калиф,PROPN,,parataxis,Nom,Masc,Sing,Anim,0.0069653726032373,LOC
),PUNCT,,punct,,,,,0.0054502231746233,NONE
в,ADP,,case,,,,,0.015791833743532,NONE
четверг,NOUN,,obl,Acc,Masc,Sing,Inan,-0.0003328588964957,NONE
попросила,VERB,,root,,Fem,Sing,,-0.002129180676895,NONE
генерального,ADJ,,amod,Acc,Masc,Sing,Anim,-0.0046003036437703,NONE
инспектора,NOUN,,obj,Acc,Masc,Sing,Anim,0.0095208617127789,NONE
Госдепа,PROPN,,nmod,Gen,Masc,Sing,Inan,0.0171448120077436,ORG
выяснить,VERB,,xcomp,,,,,-0.0085819722850623,NONE
",",PUNCT,,punct,,,,,0.0251218183847525,NONE
работали,VERB,,ccomp,,,Plur,,0.0151493121828166,NONE
ли,PART,,advmod,,,,,0.0002513283445412,NONE
его,PRON,,nmod,Gen,Masc,Sing,,-0.0160180495645594,NONE
чиновники,NOUN,,nsubj,Nom,Masc,Plur,Anim,0.0070833486814634,NONE
",",PUNCT,,punct,,,,,0.015889688280039,NONE
включая,ADV,,advmod,,,,,0.0008506874257526,NONE
госсекретаря,NOUN,,obj,Acc,Masc,Sing,Anim,0.0136135600852818,NONE
Майка,PROPN,,appos,Acc,Masc,Sing,Anim,0.0144847250745147,PER
Помпео,PROPN,,flat:name,Acc,Masc,Sing,Anim,0.031378998916033,PER
",",PUNCT,,punct,,,,,0.0245178844557642,NONE
с,ADP,,case,,,,,0.0035769693825725,NONE
Руди,PROPN,,obl,Ins,Masc,Sing,Anim,0.0093688521513933,PER
Джулиани,PROPN,,flat:name,Ins,Masc,Sing,Anim,0.0264114454509164,PER
над,ADP,,case,,,,,0.0039340844510393,NONE
какой-либо,DET,,det,Ins,Fem,Sing,,0.0205196092705098,NONE
"""",PUNCT,,punct,,,,,-0.0159890449903136,NONE
партизанской,ADJ,,amod,Ins,Fem,Sing,,0.0102935584997822,NONE
политической,ADJ,,amod,Ins,Fem,Sing,,0.0306468403717307,NONE
деятельностью,NOUN,,obl,Ins,Fem,Sing,Inan,0.0063125134203637,NONE
.,PUNCT,,punct,,,,,0.0046395807965285,NONE
"""",PUNCT,,punct,,,,,-0.0032391822745186,NONE
"""",PUNCT,,root,,,,,0.0135750894739786,NONE
"""",PUNCT,,punct,,,,,0.0251156399915934,NONE
В,ADP,,case,,,,,0.3949366110372992,NONE
продуктовом,ADJ,,amod,Loc,Masc,Sing,,0.0848815237992351,NONE
магазине,NOUN,,obl,Loc,Masc,Sing,Inan,0.0722459156665128,NONE
",",PUNCT,,punct,,,,,0.2023042982258733,NONE
где,ADV,,advmod,,,,,-0.2591535784673544,NONE
я,PRON,,nsubj,Nom,,Sing,,0.1657711717448795,NONE
работал,VERB,,acl:relcl,,Masc,Sing,,-0.2752605925369074,NONE
",",PUNCT,,punct,,,,,0.1667142700007067,NONE
проводилась,VERB,,root,,Fem,Sing,,-0.0220644403031684,NONE
полная,ADJ,,amod,Nom,Fem,Sing,,0.0589742389731859,NONE
и,CCONJ,,cc,,,,,0.0290401830345638,NONE
тотальная,ADJ,,conj,Nom,Fem,Sing,,0.1667200862193902,NONE
реорганизация,NOUN,,nsubj:pass,Nom,Fem,Sing,Inan,0.0213011675086935,NONE
.,PUNCT,,punct,,,,,0.1935459370445827,NONE
Я,PRON,,nsubj,Nom,,Sing,,0.2227121144138328,NONE
призываю,VERB,,root,,,Sing,,0.2037825213610571,NONE
отозвать,VERB,,xcomp,,,,,0.0425569201253594,NONE
выборщиков,NOUN,,obj,Acc,Masc,Plur,Anim,0.1670003000704581,NONE
Байдена,PROPN,,nmod,Acc,Masc,Sing,Anim,0.2046738116295411,PER
в,ADP,,case,,,,,-0.0093108709919314,NONE
Аризону,PROPN,,obl,Acc,Fem,Sing,Inan,0.1924358425615197,LOC
и,CCONJ,,cc,,,,,-0.0456015550382515,NONE
провести,VERB,,conj,,,,,-0.0067787207671063,NONE
новые,ADJ,,amod,Acc,,Plur,Inan,0.0107688136926178,NONE
выборы,NOUN,,obj,Acc,Masc,Plur,Inan,-0.0394263472019352,NONE
.,PUNCT,,punct,,,,,0.1800102553786304,NONE
Выборщики,NOUN,,nsubj:pass,Nom,Masc,Plur,Anim,0.2948278348201726,NONE
Аризоны,PROPN,,nmod,Gen,Fem,Sing,Inan,0.091562640785957,LOC
не,PART,,advmod,,,,,-0.096453825831754,NONE
должны,ADJ,,root,,,Plur,,-0.0386998587482516,NONE
быть,AUX,,aux:pass,,,,,-0.0274940618804114,NONE
награждены,VERB,,xcomp,,,Plur,,0.0835571024059294,NONE
мошенническим,ADJ,,amod,Ins,Masc,Sing,,0.1408277011049314,NONE
путем,NOUN,,obl,Ins,Masc,Sing,Inan,0.0247582727990984,NONE
.,PUNCT,,punct,,,,,0.070159232153397,NONE
.,PUNCT,,punct,,,,,-0.3307328743282509,NONE
.,PUNCT,,punct,,,,,-0.1708795939414926,NONE
",",PUNCT,,punct,,,,,0.3878882194897842,NONE
-,PUNCT,,punct,,,,,-0.242795672241543,NONE
написал,VERB,,parataxis,,Masc,Sing,,0.0943799940247167,NONE
сенатор,NOUN,,nsubj,Nom,Masc,Sing,Anim,-0.001794131321063,NONE
в,ADP,,case,,,,,0.1356870236907504,NONE
твиттере,NOUN,,obl,Loc,Masc,Sing,Inan,0.1628713816506688,NONE
в,ADP,,case,,,,,-0.0442114761780214,NONE
июле,NOUN,,obl,Loc,Masc,Sing,Inan,-0.0828348260007338,NONE
.,PUNCT,,punct,,,,,-0.3175082556685829,NONE
"""",PUNCT,,root,,,,,0.0887673220264093,NONE
Это,DET,,det,Nom,Neut,Sing,,0.0309620491898024,NONE
разъяснение,NOUN,,nsubj,Nom,Neut,Sing,Inan,0.390599865277304,NONE
помогло,VERB,,root,,Neut,Sing,,-0.0688514226454259,NONE
Погба,PROPN,,iobj,Dat,Masc,Sing,Anim,0.0377563716725343,PER
в,ADP,,case,,,,,0.1437868019992811,NONE
последние,ADJ,,amod,Acc,,Plur,Inan,-0.0426814485469759,NONE
недели,NOUN,,obl,Acc,Fem,Plur,Inan,-0.094621292470634,NONE
",",PUNCT,,punct,,,,,0.0395735771262997,NONE
так,ADV,,mark,,,,,-0.0642294228861353,NONE
как,SCONJ,,fixed,,,,,0.0286446073998793,NONE
его,DET,,det,,,,,-0.1216438664867178,NONE
выступления,NOUN,,nsubj,Nom,Neut,Plur,Inan,-0.0896130106158838,NONE
",",PUNCT,,punct,,,,,0.0233056106530546,NONE
а,CCONJ,,cc,,,,,0.0336919811825822,NONE
также,PART,,fixed,,,,,-0.0209222547518944,NONE
язык,NOUN,,conj,Nom,Masc,Sing,Inan,-0.0098798492339029,NONE
его,DET,,det,,,,,-0.0312090987170247,NONE
тела,NOUN,,nmod,Gen,Neut,Sing,Inan,0.109379926292976,NONE
улучшились,VERB,,advcl,,,Plur,,0.1784720404539515,NONE
.,PUNCT,,punct,,,,,0.5160207483823753,NONE
Это,PRON,,nsubj,Nom,Neut,Sing,Inan,0.1732172802123802,NONE
дешевый,ADJ,,amod,Nom,Masc,Sing,,0.3479920818176377,NONE
продукт,NOUN,,root,Nom,Masc,Sing,Inan,0.0860734981872497,NONE
и,CCONJ,,cc,,,,,0.0165955645875886,NONE
более,ADV,,obl,,,,,-0.2590549437807432,NONE
безопасный,ADJ,,conj,Nom,Masc,Sing,,0.126584996796788,NONE
",",PUNCT,,punct,,,,,-0.0439708068352182,NONE
чем,SCONJ,,mark,,,,,0.0686779915567612,NONE
многие,NUM,,amod,,,,,-0.1473668309258215,NONE
другие,ADJ,,amod,Nom,,Plur,,-0.0728442775232807,NONE
методы,NOUN,,advcl,Nom,Masc,Plur,Inan,-0.0592266356815047,NONE
",",PUNCT,,punct,,,,,-0.0162445978894445,NONE
такие,DET,,det,Nom,,Plur,,0.0083255229736687,NONE
как,SCONJ,,mark,,,,,0.0274590124962345,NONE
втирание,NOUN,,obl,Nom,Neut,Sing,Inan,0.15557211209808,NONE
спиртов,NOUN,,nmod,Gen,Masc,Plur,Inan,0.0619766164139107,NONE
",",PUNCT,,punct,,,,,0.3315220074598228,NONE
зубочистки,NOUN,,conj,Nom,Fem,Plur,Inan,0.2394753870276952,NONE
",",PUNCT,,punct,,,,,-0.0278741602534541,NONE
булавки,NOUN,,conj,Nom,Fem,Plur,Inan,0.1279782986049434,NONE
и,CCONJ,,cc,,,,,-0.0261599966783798,NONE
иглы,NOUN,,conj,Nom,Fem,Plur,Inan,0.0387337538362302,NONE
.,PUNCT,,punct,,,,,0.514602549675499,NONE
Я,PRON,,nsubj,Nom,,Sing,,0.0092524047970682,NONE
знаю,VERB,,root,,,Sing,,0.3124217159344673,NONE
",",PUNCT,,punct,,,,,-0.1415765445351689,NONE
что,SCONJ,,mark,,,,,0.0017736166814626,NONE
сделал,VERB,,ccomp,,Masc,Sing,,-0.0139500357143668,NONE
то,PRON,,obj,Acc,Neut,Sing,Inan,0.2045164273416108,NONE
",",PUNCT,,punct,,,,,-0.094928506144313,NONE
чего,PRON,,obl,Gen,,,,0.0420141255168399,NONE
не,PART,,advmod,,,,,0.1500003317749108,NONE
делали,VERB,,acl,,,Plur,,0.0877455052230241,NONE
предыдущие,ADJ,,amod,Nom,,Plur,,0.2422888268502473,NONE
премьер-министры,NOUN,,nsubj,Nom,Masc,Plur,Anim,0.2011082291528965,NONE
",",PUNCT,,punct,,,,,0.2732483388993804,NONE
но,CCONJ,,cc,,,,,0.3829075787415461,NONE
в,ADP,,case,,,,,0.1367643857639188,NONE
будущем,NOUN,,obl,Loc,Neut,Sing,Inan,0.0879856946540386,NONE
",",PUNCT,,punct,,,,,-0.0231950145420865,NONE
я,PRON,,nsubj,Nom,,Sing,,0.215962566226868,NONE
предсказываю,VERB,,parataxis,,,Sing,,0.3550836556908986,NONE
",",PUNCT,,punct,,,,,-0.090843816845307,NONE
многие,NUM,,amod,,,,,-0.0091697550781747,NONE
другие,ADJ,,nsubj,Nom,,Plur,,0.0293443065575742,NONE
попытаются,VERB,,conj,,,Plur,,0.0523442824778185,NONE
сделать,VERB,,xcomp,,,,,-0.0324853064503003,NONE
это,PRON,,obj,Acc,Neut,Sing,Inan,0.1301265525475576,NONE
.,PUNCT,,punct,,,,,-0.2062623359607467,NONE
"""",PUNCT,,punct,,,,,-0.1317279812410501,NONE
"""",PUNCT,,root,,,,,-0.0468978431590718,NONE
"""",PUNCT,,punct,,,,,-0.0964389573842776,NONE
Чиновник,NOUN,,nsubj,Nom,Masc,Sing,Anim,-0.0013207571767716,NONE
",",PUNCT,,punct,,,,,0.1097402851281179,NONE
который,PRON,,nsubj,Nom,,,,-0.0965759006591777,NONE
говорил,VERB,,acl:relcl,,Masc,Sing,,-0.0857405218348409,NONE
на,ADP,,case,,,,,-0.1860779800565285,NONE
условиях,NOUN,,obl,Loc,Neut,Plur,Inan,-0.1563918107378858,NONE
анонимности,NOUN,,nmod,Gen,Fem,Sing,Inan,-0.0687223572480822,NONE
из-за,ADP,,case,,,,,0.0062488484042445,NONE
проблем,NOUN,,obl,Gen,Fem,Plur,Inan,-0.0395716520131698,NONE
безопасности,NOUN,,nmod,Gen,Fem,Sing,Inan,-0.0058187826417146,NONE
",",PUNCT,,punct,,,,,0.0366044933907515,NONE
сказал,VERB,,root,,Masc,Sing,,-0.0982986616708578,NONE
",",PUNCT,,punct,,,,,0.0156028139328105,NONE
что,SCONJ,,mark,,,,,0.0754223369810163,NONE
о,ADP,,case,,,,,0.2809573648811933,NONE
китайской,ADJ,,amod,Loc,Fem,Sing,,-0.0265273516589387,NONE
деятельности,NOUN,,obl,Loc,Fem,Sing,Inan,-0.0469703320387026,NONE
сообщили,VERB,,ccomp,,,Plur,,-0.0474986927148368,NONE
в,ADP,,case,,,,,0.1168273647887704,NONE
ФБР,PROPN,,obl,Loc,Neut,Sing,Inan,0.2600672971370462,ORG
",",PUNCT,,punct,,,,,0.1263070777360122,NONE
которое,PRON,,nsubj,Nom,,,,-0.0584075065282132,NONE
расследовало,VERB,,acl:relcl,,Neut,Sing,,-0.0157888288049579,NONE
попытки,NOUN,,obj,Acc,Fem,Plur,Inan,-0.0736153244344453,NONE
России,PROPN,,nmod,Gen,Fem,Sing,Inan,0.0380981950522261,LOC
вмешаться,VERB,,obl,,,,,0.0408220040157084,NONE
в,ADP,,case,,,,,0.0814779986074431,NONE
президентские,ADJ,,amod,Acc,,Plur,Inan,-0.0184535553519426,NONE
выборы,NOUN,,obl,Acc,Masc,Plur,Inan,-0.0779179892567583,NONE
2016,ADJ,,amod,,,,,-0.0040463483103647,NONE
года,NOUN,,nmod,Gen,Masc,Sing,Inan,-0.0416992351564586,NONE
в,ADP,,case,,,,,0.2012254188199537,NONE
США,PROPN,,nmod,Loc,,Plur,Inan,0.0638064460241203,LOC
через,ADP,,case,,,,,-0.0190299238189014,NONE
социальные,ADJ,,amod,Acc,,Plur,Inan,0.109754646167221,NONE
сети,NOUN,,obl,Acc,Fem,Plur,Inan,-0.0126534262134258,NONE
.,PUNCT,,punct,,,,,0.6322841507357434,NONE
Для,ADP,,case,,,,,-0.1210244288657997,NONE
прекращения,NOUN,,obl,Gen,Neut,Sing,Inan,0.1610562498465728,NONE
террористического,ADJ,,amod,Gen,Neut,Sing,,0.0306209361168718,NONE
и,CCONJ,,cc,,,,,-0.0938254527524148,NONE
агрессивного,ADJ,,conj,Gen,Neut,Sing,,0.1004935728718736,NONE
поведения,NOUN,,nmod,Gen,Neut,Sing,Inan,-0.1035907177365789,NONE
иранского,ADJ,,amod,Gen,Masc,Sing,,0.01471641680024,NONE
режима,NOUN,,nmod,Gen,Masc,Sing,Inan,-0.0871081191877115,NONE
следует,VERB,,root,,,Sing,,-0.3439369276988601,NONE
оказывать,VERB,,csubj,,,,,-0.009311612314616,NONE
максимальное,ADJ,,amod,Acc,Neut,Sing,,0.1609007771132066,NONE
давление,NOUN,,obj,Acc,Neut,Sing,Inan,0.0807606252522078,NONE
с,ADP,,case,,,,,0.0220186351708838,NONE
помощью,NOUN,,fixed,Ins,Fem,Sing,Inan,0.0079667746977883,NONE
всех,DET,,det,Gen,,Plur,,-0.011749339152985,NONE
имеющихся,VERB,,amod,Gen,,Plur,,-0.0243305840177029,NONE
инструментов,NOUN,,obl,Gen,Masc,Plur,Inan,0.0901805060181133,NONE
.,PUNCT,,punct,,,,,0.6080362979430877,NONE
Согласно,ADP,,case,,,,,-0.2086875570065142,NONE
последним,ADJ,,amod,Dat,,Plur,,0.0646428330645812,NONE
данным,NOUN,,parataxis,Dat,,Plur,Inan,-0.1340196508958043,NONE
",",PUNCT,,punct,,,,,0.3994140396163698,NONE
восемь,NUM,,nummod:gov,Nom,,,,-0.117559305874979,NONE
городов,NOUN,,nsubj,Gen,Masc,Plur,Inan,0.0276171091525775,NONE
находятся,VERB,,root,,,Plur,,0.4071549675257151,NONE
в,ADP,,case,,,,,0.0510319292334628,NONE
оранжевых,ADJ,,amod,Loc,,Plur,,0.0393627477627349,NONE
зонах,NOUN,,obl,Loc,Fem,Plur,Inan,0.1181454913654178,NONE
",",PUNCT,,punct,,,,,0.2112518809452766,NONE
119,NUM,,nsubj,,,,,0.1529327492209687,NONE
-,PUNCT,,punct,,,,,0.0278429376505178,NONE
в,ADP,,case,,,,,0.0758343385987337,NONE
желтой,ADJ,,amod,Loc,Fem,Sing,,0.0889497087810773,NONE
категории,NOUN,,conj,Loc,Fem,Sing,Inan,-0.0167709996851093,NONE
",",PUNCT,,punct,,,,,0.0410662887081159,NONE
321,NUM,,nummod,,,,,0.1035022095781849,NONE
город,NOUN,,nsubj,Nom,Masc,Sing,Inan,-0.0551705986143136,NONE
-,PUNCT,,punct,,,,,-0.0325185837531018,NONE
в,ADP,,case,,,,,0.0342852604313978,NONE
синих,ADJ,,amod,Loc,,Plur,,0.0702357262125885,NONE
зонах,NOUN,,conj,Loc,Fem,Plur,Inan,0.3910140098798451,NONE
.,PUNCT,,punct,,,,,0.1715116884771731,NONE
БДП,NOUN,,nsubj,Nom,Fem,Sing,Inan,0.0371602797087732,ORG
имеет,VERB,,root,,,Sing,,0.038104007607416,NONE
72,NUM,,obl,,,,,-0.0778824407738435,NONE
и,CCONJ,,cc,,,,,0.062932855195074,NONE
включая,ADV,,conj,,,,,0.0810896591220786,NONE
союзников,NOUN,,obj,Acc,Masc,Plur,Anim,0.1037930551808115,NONE
и,CCONJ,,cc,,,,,-0.2002424170761258,NONE
независимых,ADJ,,conj,Acc,,Plur,Anim,0.1558444787127358,NONE
",",PUNCT,,punct,,,,,0.3832480417428875,NONE
она,PRON,,nsubj,Nom,Fem,Sing,,0.3948295413482607,NONE
составляет,VERB,,conj,,,Sing,,-0.10809831076095,NONE
97,NUM,,obl,,,,,-0.4993015577414135,NONE
.,PUNCT,,punct,,,,,0.2781714952528737,NONE
Companion,PROPN,,root,,,,,0.0240419211107022,NONE
AFV,PROPN,,flat:foreign,,,,,-0.0875882997698943,NONE
(,PUNCT,,punct,,,,,-0.0686763238160967,NONE
Audio-Follow-Video,PROPN,,flat:foreign,,,,,-0.0352112433317919,NONE
),PUNCT,,punct,,,,,0.0025402042111475,NONE
—,PUNCT,,punct,,,,,-0.1493041859813386,NONE
для,ADP,,case,,,,,-0.1233255266550097,NONE
каждого,DET,,det,Gen,Masc,Sing,,0.2020094360113462,NONE
аналогового,ADJ,,amod,Gen,Masc,Sing,,0.2056027307286002,NONE
видеовхода,NOUN,,obl,Gen,Masc,Sing,Inan,-0.0172638855522646,NONE
поддерживается,VERB,,parataxis,,,Sing,,-0.0001007633446565,NONE
эмбедированное,VERB,,amod,Nom,Neut,Sing,,0.242470623555208,NONE
аудио,NOUN,,nsubj:pass,Nom,Neut,Sing,Inan,0.0121507960824668,NONE
на,ADP,,case,,,,,-0.0417808559086871,NONE
2,NUM,,nummod,,,,,-0.1359917560182451,NONE
входах,NOUN,,nmod,Loc,Masc,Plur,Inan,0.1683886285319298,NONE
и,CCONJ,,cc,,,,,0.0388128885726343,NONE
выходах,NOUN,,conj,Loc,Masc,Plur,Inan,0.1108727478204582,NONE
HDMI,PROPN,,flat:foreign,,,,,0.0042443700109701,NONE
.,PUNCT,,punct,,,,,0.2740778549923521,NONE
Но,CCONJ,,cc,,,,,-0.2139452066797894,NONE
миланский,ADJ,,amod,Nom,Masc,Sing,,0.0549804847169979,NONE
"""",PUNCT,,punct,,,,,-0.1525294966097468,NONE
"""",PUNCT,,punct,,,,,0.0086841095587332,NONE
Интер,PROPN,,nsubj,,,,,0.112437008618117,ORG
"""",PUNCT,,punct,,,,,0.0784844545483328,NONE
"""",PUNCT,,punct,,,,,0.0441502768587189,NONE
продолжает,VERB,,root,,,Sing,,0.1960817518531163,NONE
требовать,VERB,,xcomp,,,,,0.1537509749884088,NONE
",",PUNCT,,punct,,,,,0.3276717501918399,NONE
чтобы,SCONJ,,mark,,,,,0.1096976406538231,NONE
его,DET,,det,,,,,0.1276356829523098,NONE
отступные,ADJ,,nsubj:pass,Nom,,Plur,,0.1230045207732553,NONE
в,ADP,,case,,,,,0.0054089344947599,NONE
размере,NOUN,,nmod,Loc,Masc,Sing,Inan,-0.0633966314838242,NONE
101,NUM,,nummod,,,,,0.0613444111097212,NONE
млн,NOUN,,nummod,Gen,Masc,Plur,Inan,0.0946970388505178,NONE
.,PUNCT,,punct,,,,,-0.0595851189579492,NONE
фунтов,NOUN,,nmod,Gen,Masc,Plur,Inan,0.2473231461483435,NONE
стерлингов,NOUN,,nmod,Gen,Masc,Plur,Inan,0.0640076263468806,NONE
были,AUX,,aux:pass,,,Plur,,0.0134964815620166,NONE
выполнены,VERB,,ccomp,,,Plur,,0.0616632720503342,NONE
",",PUNCT,,punct,,,,,0.089148962459979,NONE
прежде,ADV,,mark,,,,,0.0710683882879246,NONE
чем,SCONJ,,fixed,,,,,0.1162640229895833,NONE
вести,VERB,,advcl,,,,,0.1116927282067223,NONE
переговоры,NOUN,,obj,Acc,Masc,Plur,Inan,0.1170490035205383,NONE
с,ADP,,case,,,,,0.0868535481393658,NONE
каталонцами,NOUN,,nmod,Ins,Masc,Plur,Anim,0.110418234277889,NONE
.,PUNCT,,punct,,,,,0.1570567747665845,NONE
"""",PUNCT,,root,,,,,-0.3623073746025339,NONE
У,ADP,,case,,,,,-0.3957804022304871,NONE
платформы,NOUN,,obl,Gen,Fem,Sing,Inan,0.3164215798964275,NONE
могут,VERB,,root,,,Plur,,0.0388017895511365,NONE
быть,VERB,,xcomp,,,,,-0.2519865890385386,NONE
некоторые,DET,,det,Nom,,Plur,,-0.5278716573640875,NONE
проблемы,NOUN,,nsubj,Nom,Fem,Plur,Inan,0.3736182045436003,NONE
.,PUNCT,,punct,,,,,0.2190124069202882,NONE
Как,SCONJ,,mark,,,,,-0.4820672009175542,NONE
председатель,NOUN,,advcl,Nom,Masc,Sing,Anim,-0.4822830869664183,NONE
Midway,PROPN,,flat:foreign,,,,,0.0215517326788257,ORG
Broadcasting,PROPN,,flat:foreign,,,,,0.0636563815049585,ORG
Corporation,PROPN,,flat:foreign,,,,,0.010679676555563,ORG
",",PUNCT,,punct,,,,,0.2806407302024405,NONE
она,PRON,,nsubj,Nom,Fem,Sing,,0.0354751012952765,NONE
вошла,VERB,,root,,Fem,Sing,,0.0443265889150359,NONE
в,ADP,,case,,,,,0.0510774181947668,NONE
элитный,ADJ,,amod,Acc,Masc,Sing,Inan,0.3213720958589967,NONE
список,NOUN,,obl,Acc,Masc,Sing,Inan,0.0520887348825539,NONE
американских,ADJ,,amod,Gen,,Plur,,0.1802838529296795,NONE
женщин,NOUN,,nmod,Gen,Fem,Plur,Anim,0.0010548773410604,NONE
-,PUNCT,,punct,,,,,-0.0446006405578535,NONE
владельцев,NOUN,,appos,Gen,Masc,Plur,Anim,0.0355467608528129,NONE
вещания,NOUN,,nmod,Gen,Neut,Sing,Inan,0.0681097351060855,NONE
после,ADP,,case,,,,,0.0015001967957547,NONE
покупки,NOUN,,nmod,Gen,Fem,Sing,Inan,0.0258248579055532,NONE
контрольного,ADJ,,amod,Gen,Masc,Sing,,0.0130781043014223,NONE
пакета,NOUN,,nmod,Gen,Masc,Sing,Inan,0.1031065574172782,NONE
акций,NOUN,,nmod,Gen,Fem,Plur,Inan,0.0290284647790198,NONE
компании,NOUN,,nmod,Gen,Fem,Sing,Inan,0.0370569272471395,NONE
в,ADP,,case,,,,,0.0861341255926443,NONE
1999,ADJ,,amod,,,,,-0.2154784179580059,NONE
году,NOUN,,nmod,Loc,Masc,Sing,Inan,-0.0060521076360919,NONE
.,PUNCT,,punct,,,,,-0.3844793266377337,NONE
Скотт,PROPN,,nsubj,Nom,Masc,Sing,Anim,0.1404247798754383,PER
Моррисон,PROPN,,appos,Nom,Masc,Sing,Anim,-0.0778937829284611,PER
будет,AUX,,aux,,,Sing,,0.2152676687429858,NONE
рассматривать,VERB,,root,,,,,-0.1668846680146204,NONE
формулу,NOUN,,obj,Acc,Fem,Sing,Inan,-0.064177100389901,NONE
Дональда,PROPN,,nmod,Gen,Masc,Sing,Anim,0.1393590967638409,PER
Трампа,PROPN,,flat:name,Gen,Masc,Sing,Anim,0.1805236483707119,PER
",",PUNCT,,punct,,,,,0.1506020453443728,NONE
но,CCONJ,,cc,,,,,-0.0694979347834137,NONE
это,PRON,,obj,Acc,Neut,Sing,Inan,0.0528692651823815,NONE
вряд,ADV,,advmod,,,,,0.3790301108676175,NONE
ли,PART,,fixed,,,,,0.0326794395575764,NONE
он,PRON,,nsubj,Nom,Masc,Sing,,0.0689726655845004,NONE
будет,AUX,,aux,,,Sing,,0.6582172738046752,NONE
следовать,VERB,,conj,,,,,0.1305588455522711,NONE
ему,PRON,,iobj,Dat,Masc,Sing,,0.0574741056442502,NONE
Понимаете,VERB,,parataxis,,,Plur,,0.2818717215815424,NONE
",",PUNCT,,punct,,,,,0.1624005147133814,NONE
два,NUM,,nummod:gov,Nom,Masc,,,0.1098838854908235,NONE
моих,DET,,det,Gen,,Plur,,0.0317184232772697,NONE
близких,ADJ,,amod,Gen,,Plur,,0.0601017820543865,NONE
друга,NOUN,,nsubj,Gen,Masc,Sing,Anim,0.0556505718462712,NONE
и,CCONJ,,cc,,,,,0.1547241048814889,NONE
члены,NOUN,,conj,Nom,Masc,Plur,Anim,0.0145424852055318,NONE
их,DET,,det,,,,,-0.006275646923217,NONE
семей,NOUN,,nmod,Gen,Fem,Plur,Inan,-0.0280572348225059,NONE
страдают,VERB,,root,,,Plur,,0.0878437393526269,NONE
рассеянным,ADJ,,amod,Ins,Neut,Sing,,0.300602229104235,NONE
заболеванием,NOUN,,obl,Ins,Neut,Sing,Inan,-0.0944378646833505,NONE
центральной,ADJ,,amod,Gen,Fem,Sing,,0.1730784964050441,NONE
нервной,ADJ,,amod,Gen,Fem,Sing,,0.2234700038822232,NONE
системы,NOUN,,nmod,Gen,Fem,Sing,Inan,0.1336852032589712,NONE
",",PUNCT,,punct,,,,,0.1456885262271018,NONE
которое,PRON,,nsubj,Nom,,,,0.0615667682132077,NONE
прерывает,VERB,,acl:relcl,,,Sing,,0.2008010212130545,NONE
связь,NOUN,,obj,Acc,Fem,Sing,Inan,-0.0168370793291056,NONE
между,ADP,,case,,,,,0.2779704368873067,NONE
мозгом,NOUN,,nmod,Ins,Masc,Sing,Inan,0.0599286174320135,NONE
и,CCONJ,,cc,,,,,0.2364515618157567,NONE
телом,NOUN,,conj,Ins,Neut,Sing,Inan,0.0159301421358484,NONE
.,PUNCT,,punct,,,,,-0.1981749562181292,NONE
Полиция,NOUN,,nsubj:pass,Nom,Fem,Sing,Inan,0.5417624220818904,NONE
была,AUX,,aux:pass,,Fem,Sing,,-0.0322091092350088,NONE
вызвана,VERB,,root,,Fem,Sing,,-0.0148309732831751,NONE
в,ADP,,case,,,,,0.0054673451211549,NONE
Мамбурин,PROPN,,obl,Acc,Masc,Sing,Inan,0.1136745282554984,LOC
",",PUNCT,,punct,,,,,0.0393302634498998,NONE
недалеко,ADV,,conj,,,,,-0.043512186382678,NONE
от,ADP,,case,,,,,0.0221227366691667,NONE
Верриби,PROPN,,obl,Gen,Masc,Sing,Inan,0.1094757553927681,LOC
",",PUNCT,,punct,,,,,0.1545548363277632,NONE
около,ADP,,case,,,,,0.1492505783286218,NONE
8,NUM,,obl,,,,,-0.0253417317937436,NONE
вечера,NOUN,,flat,Gen,Masc,Sing,Inan,0.1081322127908762,NONE
",",PUNCT,,punct,,,,,0.2006543327389409,NONE
где,ADV,,advmod,,,,,-0.0399347482760039,NONE
они,PRON,,nsubj,Nom,,Plur,,-0.0506834407883086,NONE
обнаружили,VERB,,acl:relcl,,,Plur,,0.1648870744730639,NONE
мужчину,NOUN,,obj,Acc,Masc,Sing,Anim,0.1452782878583216,NONE
в,ADP,,case,,,,,0.0062103653722798,NONE
возрасте,NOUN,,nmod,Loc,Masc,Sing,Inan,-0.0645531454496055,NONE
20,NUM,,nummod,,,,,-0.126192792895529,NONE
лет,NOUN,,nmod,Gen,Masc,Plur,Inan,0.0562532010840269,NONE
с,ADP,,case,,,,,0.002411282392271,NONE
подозрением,NOUN,,nmod,Ins,Neut,Sing,Inan,-0.00399943845736,NONE
на,ADP,,case,,,,,0.0247654269628141,NONE
огнестрельные,ADJ,,amod,Acc,,Plur,Inan,0.2852606141405784,NONE
ранения,NOUN,,nmod,Acc,Neut,Plur,Inan,0.0641139517047689,NONE
нижней,ADJ,,amod,Gen,Fem,Sing,,0.0751073242172549,NONE
части,NOUN,,nmod,Gen,Fem,Sing,Inan,-0.0138866467554913,NONE
тела,NOUN,,nmod,Gen,Neut,Sing,Inan,0.0830680936081053,NONE
в,ADP,,case,,,,,0.168963746602734,NONE
Ярд-Ст,PROPN,,nmod,Loc,Masc,Sing,Inan,0.2544983276184122,LOC
.,PUNCT,,punct,,,,,-0.2857947504053194,NONE
Бразильская,ADJ,,amod,Nom,Fem,Sing,,0.1856861834087354,NONE
бантамистка,NOUN,,nsubj,Nom,Fem,Sing,Anim,0.1359207398123159,NONE
Бета,PROPN,,appos,Nom,Fem,Sing,Anim,0.0450538886846322,PER
Коррея,PROPN,,flat:name,Nom,Fem,Sing,Anim,-0.0131009743763376,PER
-,PUNCT,,punct,,,,,0.1930126507776136,NONE
ветеран,NOUN,,root,Nom,Masc,Sing,Anim,-0.0536755817884465,NONE
UFC,PROPN,,flat:foreign,,,,,0.0140225707543191,ORG
",",PUNCT,,punct,,,,,0.2286834591758169,NONE
но,CCONJ,,cc,,,,,0.0435410567487893,NONE
совершила,VERB,,conj,,Fem,Sing,,-0.005200677487367,NONE
любительскую,ADJ,,amod,Acc,Fem,Sing,,0.0446573519124138,NONE
ошибку,NOUN,,obj,Acc,Fem,Sing,Inan,0.045204302222431,NONE
",",PUNCT,,punct,,,,,0.2102079405633039,NONE
повернувшись,VERB,,advcl,,,,,0.052700592459222,NONE
спиной,NOUN,,obl,Ins,Fem,Sing,Inan,-0.0050205295533015,NONE
к,ADP,,case,,,,,-0.0394382208710484,NONE
оппоненту,NOUN,,obl,Dat,Masc,Sing,Anim,0.0083042249544274,NONE
Панни,PROPN,,appos,Dat,Masc,Sing,Anim,0.0278731047888578,PER
Кианзаду,PROPN,,flat:name,Dat,Masc,Sing,Anim,0.0398960821627749,PER
и,CCONJ,,cc,,,,,-0.1053718462945784,NONE
ошибочно,ADV,,advmod,,,,,0.0390567900711791,NONE
подумав,VERB,,conj,,,,,0.0070288956125828,NONE
",",PUNCT,,punct,,,,,0.0457954976172306,NONE
что,SCONJ,,mark,,,,,-0.0354791370765832,NONE
раунд,NOUN,,nsubj,Nom,Masc,Sing,Inan,0.1608108501148437,NONE
закончился,VERB,,ccomp,,Masc,Sing,,0.0426815332060139,NONE
в,ADP,,case,,,,,-0.0283658851026924,NONE
их,DET,,det,,,,,-0.0115169867900847,NONE
поединке,NOUN,,obl,Loc,Masc,Sing,Inan,-0.0572353683359991,NONE
на,ADP,,case,,,,,-0.1366734064225899,NONE
Бойцовском,ADJ,,amod,Loc,Masc,Sing,,-0.0525166634480678,LOC
острове,NOUN,,nmod,Loc,Masc,Sing,Inan,0.0858250870401796,LOC
",",PUNCT,,punct,,,,,0.1308013777406888,NONE
и,CCONJ,,cc,,,,,-0.0761956750898397,NONE
в,ADP,,case,,,,,-0.0314039388461485,NONE
результате,NOUN,,obl,Loc,Masc,Sing,Inan,0.0299374296624046,NONE
была,AUX,,aux:pass,,Fem,Sing,,-0.0137499899163247,NONE
помечена,VERB,,conj,,Fem,Sing,,-0.0361158915890127,NONE
.,PUNCT,,punct,,,,,-0.1900311248830341,NONE
Она,PRON,,nsubj,Nom,Fem,Sing,,0.0531766802083557,NONE
освободила,VERB,,root,,Fem,Sing,,0.3697300941549954,NONE
меня,PRON,,obj,Acc,,Sing,,-0.0343633683590345,NONE
к,ADP,,case,,,,,-0.1102669535676669,NONE
жизни,NOUN,,obl,Dat,Fem,Sing,Inan,0.1049826194521927,NONE
.,PUNCT,,punct,,,,,-0.0778386556819463,NONE
"""",PUNCT,,punct,,,,,0.0153900787386395,NONE
"""",PUNCT,,punct,,,,,0.3270404001687689,NONE
-,PUNCT,,punct,,,,,-0.132389967718242,NONE
Ли,PROPN,,root,Nom,Fem,Sing,Anim,-0.1506701115951818,PER
Ньюман,PROPN,,flat:name,Nom,Fem,Sing,Anim,0.2972129346741675,PER
"""",PUNCT,,punct,,,,,0.1043726345422511,NONE
«Я,PRON,,nsubj,Nom,,Sing,,0.1490333007043834,NONE
имею,VERB,,root,,,Sing,,-0.1931622292972837,NONE
в,ADP,,advmod,,,,,-0.2003584914475886,NONE
виду,NOUN,,fixed,Loc,Masc,Sing,Inan,0.1126772854823046,NONE
",",PUNCT,,punct,,,,,-0.1430197310405701,NONE
что,SCONJ,,mark,,,,,0.2277244109467415,NONE
он,PRON,,nsubj,Nom,Masc,Sing,,0.0294130149047198,NONE
действительно,ADV,,parataxis,,,,,0.1076326503369151,NONE
",",PUNCT,,punct,,,,,-0.1259081817928357,NONE
он,PRON,,nsubj,Nom,Masc,Sing,,0.0469571326066023,NONE
снова,ADV,,advmod,,,,,-0.0007886092387243,NONE
сделал,VERB,,ccomp,,Masc,Sing,,0.0805840429051757,NONE
Лейбористскую,ADJ,,amod,Acc,Fem,Sing,,0.2285236251446302,ORG
партию,NOUN,,obj,Acc,Fem,Sing,Inan,0.1911292885826702,ORG
конкурентоспособной,ADJ,,obl,Ins,Fem,Sing,,0.1945282260178727,NONE
.,PUNCT,,punct,,,,,0.6537561698370644,NONE
Вниманию,NOUN,,root,Dat,Neut,Sing,Inan,0.2495435584738555,NONE
продавцов,NOUN,,nmod,Gen,Masc,Plur,Anim,0.1416096409936902,NONE
-,PUNCT,,punct,,,,,0.0575331932778367,NONE
получите,VERB,,parataxis,,,Plur,,0.1828072618749296,NONE
шаблоны,NOUN,,obj,Acc,Masc,Plur,Inan,0.1330686360551673,NONE
Хостинг,PROPN,,appos,Nom,Masc,Sing,Inan,0.5361912736709564,NONE
изображений,NOUN,,nmod,Gen,Neut,Plur,Inan,0.1127952367628008,NONE
",",PUNCT,,punct,,,,,0.1307668494330052,NONE
планирование,NOUN,,conj,Acc,Neut,Sing,Inan,0.1166166614539973,NONE
на,ADP,,case,,,,,-0.0124537493397452,NONE
Auctiva,PROPN,,flat:foreign,,,,,0.3687211327367208,ORG
.,PUNCT,,punct,,,,,0.1738070337194208,ORG
com,X,,flat:foreign,,,,,0.0810961416808579,ORG
.,PUNCT,,punct,,,,,0.1472254669138751,NONE
Обновление,NOUN,,root,Nom,Neut,Sing,Inan,0.0104638305815357,NONE
о,ADP,,case,,,,,0.0273747965693435,NONE
путешествиях,NOUN,,nmod,Loc,Neut,Plur,Inan,0.0538204652120732,NONE
по,ADP,,case,,,,,-0.0074121500410771,NONE
коронавирусу,NOUN,,nmod,Dat,Masc,Sing,Inan,0.3842564128383246,NONE
:,PUNCT,,punct,,,,,-0.0861414728095999,NONE
в,ADP,,case,,,,,0.2428208247337613,NONE
каких,DET,,det,Loc,,Plur,,-0.0244894122236465,NONE
странах,NOUN,,obl,Loc,Fem,Plur,Inan,-0.136743747324702,NONE
действуют,VERB,,parataxis,,,Plur,,0.0181647668319995,NONE
ограничения,NOUN,,nsubj,Nom,Neut,Plur,Inan,-0.0551866172917166,NONE
на,ADP,,case,,,,,-0.0171990860785768,NONE
поездки,NOUN,,nmod,Acc,Fem,Plur,Inan,0.0602607108308078,NONE
для,ADP,,case,,,,,0.6598292360220412,NONE
болгар,NOUN,,nmod,Gen,Masc,Plur,Anim,-0.2287566291326215,NONE
при,ADP,,case,,,,,0.0449907263571596,NONE
въезде,NOUN,,nmod,Loc,Masc,Sing,Inan,0.0131296830163365,NONE
Никаких,DET,,det,Gen,,Plur,,0.3189371724619927,NONE
правил,NOUN,,nsubj:pass,Gen,Neut,Plur,Inan,-0.2534778888835164,NONE
для,ADP,,case,,,,,-0.087192958590092,NONE
британских,ADJ,,amod,Gen,,Plur,,-0.01341767299766,NONE
путешественников,NOUN,,nmod,Gen,Masc,Plur,Anim,-0.0313453483407672,NONE
",",PUNCT,,punct,,,,,0.0068321495208733,NONE
прибывающих,VERB,,acl,Gen,,Plur,,0.5483626721489618,NONE
в,ADP,,case,,,,,0.1215133703240758,NONE
Испанию,PROPN,,obl,Acc,Fem,Sing,Inan,0.0728103872508025,LOC
",",PUNCT,,punct,,,,,0.021380985796439,NONE
не,PART,,advmod,,,,,0.0829703332926677,NONE
было,AUX,,aux:pass,,Neut,Sing,,-0.0663297133492699,NONE
объявлено,VERB,,root,,Neut,Sing,,0.0551305359653958,NONE
",",PUNCT,,punct,,,,,0.0661978705147655,NONE
однако,ADV,,parataxis,,,,,-0.0436368096063703,NONE
",",PUNCT,,punct,,,,,0.0305186235456975,NONE
если,SCONJ,,mark,,,,,-0.0671068600252212,NONE
вы,PRON,,nsubj,Nom,,Plur,,-0.1119917701068923,NONE
едете,VERB,,advcl,,,Plur,,-0.0141664708121085,NONE
в,ADP,,case,,,,,0.1553111726659437,NONE
Испанию,PROPN,,obl,Acc,Fem,Sing,Inan,0.0830306210439148,LOC
",",PUNCT,,punct,,,,,-0.2200466107661853,NONE
вы,PRON,,nsubj,Nom,,Plur,,0.1769303549108561,NONE
должны,ADJ,,conj,,,Plur,,-0.0081749529966153,NONE
проверить,VERB,,xcomp,,,,,0.1383062509362323,NONE
местные,ADJ,,amod,Acc,,Plur,Inan,-0.0576092304716794,NONE
правила,NOUN,,obj,Acc,Neut,Plur,Inan,0.0202161316512832,NONE
в,ADP,,case,,,,,0.156180488384224,NONE
вашем,DET,,det,Loc,Masc,Sing,,-0.0810715908889864,NONE
районе,NOUN,,obl,Loc,Masc,Sing,Inan,0.0375465516649099,NONE
.,PUNCT,,punct,,,,,0.4266091930502158,NONE
Вирджиния-Бич,PROPN,,nsubj,Nom,Fem,Sing,Inan,0.430911644649341,PER
снимает,VERB,,root,,,Sing,,-0.2797209830247493,NONE
памятник,NOUN,,obj,Acc,Masc,Sing,Inan,-0.2345279918397897,NONE
Конфедерации,PROPN,,nmod,Gen,Fem,Sing,Inan,0.4896416131735451,LOC
Лоббист,NOUN,,nsubj:pass,Nom,Masc,Sing,Anim,0.0979394275383671,PER
был,AUX,,aux:pass,,Masc,Sing,,0.0963159816779728,NONE
депортирован,VERB,,root,,Masc,Sing,,0.110309247714073,NONE
из,ADP,,case,,,,,-0.0370542575483367,NONE
Дубая,PROPN,,obl,Gen,Masc,Sing,Inan,0.0044242755023017,LOC
в,ADP,,case,,,,,0.21851517232588,NONE
январе,NOUN,,obl,Loc,Masc,Sing,Inan,0.0722938569850103,NONE
и,CCONJ,,cc,,,,,-0.022666100783398,NONE
арестован,VERB,,conj,,Masc,Sing,,0.0408527369796759,NONE
агентством,NOUN,,obl,Ins,Neut,Sing,Inan,0.033149569745127,NONE
по,ADP,,case,,,,,0.024307943530589,NONE
делу,NOUN,,nmod,Dat,Neut,Sing,Inan,-0.0617715302644434,NONE
PMLA,PROPN,,flat:foreign,,,,,0.0668770832882979,ORG
",",PUNCT,,punct,,,,,0.2915710085309307,NONE
забронированному,VERB,,acl,Dat,Masc,Sing,,0.1599088239191392,NONE
против,ADP,,case,,,,,0.0499982170790636,NONE
него,PRON,,obl,Gen,Masc,Sing,,-0.0521020260364107,NONE
и,CCONJ,,cc,,,,,-0.0184610214599854,NONE
других,ADJ,,conj,Gen,,Plur,,-0.0644049899111262,NONE
.,PUNCT,,punct,,,,,0.39451090038087,NONE
Появились,VERB,,root,,,Plur,,0.0715825802345701,NONE
отвратительные,ADJ,,amod,Nom,,Plur,,-0.0061190990983543,NONE
видеокадры,NOUN,,nsubj,Nom,Masc,Plur,Inan,-0.0228284065876557,NONE
",",PUNCT,,punct,,,,,0.0061552475412229,NONE
на,ADP,,case,,,,,-0.1005634103670605,NONE
которых,PRON,,obl,Loc,,,,-0.1157167751023396,NONE
пассажир,NOUN,,nsubj,Nom,Masc,Sing,Anim,0.0203486191756651,NONE
мочится,VERB,,acl:relcl,,,Sing,,0.033000496013925,NONE
в,ADP,,case,,,,,-0.0785996881575431,NONE
поезде,NOUN,,obl,Loc,Masc,Sing,Inan,0.2488461450770112,NONE
в,ADP,,case,,,,,-0.1652100135694769,NONE
Сиднее,PROPN,,nmod,Loc,Masc,Sing,Inan,-0.0330349884097502,LOC
",",PUNCT,,punct,,,,,0.0306704280031641,NONE
в,ADP,,cc,,,,,-0.0997901628867406,NONE
то,DET,,fixed,Acc,Neut,Sing,Inan,-0.0921761177924575,NONE
время,NOUN,,fixed,Acc,Neut,Sing,Inan,-0.008001176437589,NONE
как,SCONJ,,fixed,,,,,-0.0715337035281891,NONE
ужасные,ADJ,,amod,Nom,,Plur,,-0.0426952912607089,NONE
школьники,NOUN,,nsubj,Nom,Masc,Plur,Anim,-0.0040093055999999,NONE
смотрят,VERB,,advcl,,,Plur,,-0.0738841245649672,NONE
в,ADP,,case,,,,,0.0010305432394714,NONE
нескольких,NUM,,nummod,Loc,,,,-0.0436731872350603,NONE
метрах,NOUN,,obl,Loc,Masc,Plur,Inan,0.2010616469652305,NONE
от,ADP,,case,,,,,-0.2665029025611909,NONE
него,PRON,,nmod,Gen,Masc,Sing,,-0.7069837214703116,NONE
.,PUNCT,,punct,,,,,0.2585920630388222,NONE
В,ADP,,cc,,,,,-0.0631625031079601,NONE
то,DET,,fixed,Acc,Neut,Sing,Inan,-0.1551755386048493,NONE
время,NOUN,,fixed,Acc,Neut,Sing,Inan,-0.2225677498166294,NONE
как,SCONJ,,fixed,,,,,-0.0001867987732863,NONE
его,DET,,det,,,,,-0.147553439284318,NONE
команда,NOUN,,nsubj,Nom,Fem,Sing,Inan,0.0889826330749066,NONE
проиграла,VERB,,advcl,,Fem,Sing,,-0.010872739035468,NONE
",",PUNCT,,punct,,,,,0.3241807831987023,NONE
сам,ADJ,,amod,Nom,Masc,Sing,,0.1957627590707255,NONE
Варди,PROPN,,nsubj,Nom,Masc,Sing,Anim,0.1124041818107766,PER
закончил,VERB,,root,,Masc,Sing,,-0.0111690778632387,NONE
сезон,NOUN,,obj,Acc,Masc,Sing,Inan,-0.0112299282554319,NONE
лучшим,ADJ,,amod,Ins,Masc,Sing,,-0.0021888978290558,NONE
бомбардиром,NOUN,,obl,Ins,Masc,Sing,Anim,0.0354468872607124,NONE
Премьер-лиги,NOUN,,nmod,Gen,Fem,Sing,Inan,0.519097633937319,ORG
в,ADP,,case,,,,,0.2358720404578922,NONE
возрасте,NOUN,,nmod,Loc,Masc,Sing,Inan,0.1085525218886269,NONE
33,NUM,,nummod,,,,,0.1695463722845606,NONE
лет,NOUN,,nmod,Gen,Masc,Plur,Inan,-0.073811408016674,NONE
",",PUNCT,,punct,,,,,0.2653504537284266,NONE
забив,VERB,,advcl,,,,,0.2874112029307481,NONE
23,NUM,,nummod,,,,,0.0643662971226574,NONE
раза,NOUN,,obl,Gen,Masc,Sing,Inan,-0.0880208616465636,NONE
.,PUNCT,,punct,,,,,0.0601268493322258,NONE
Индия,PROPN,,nsubj,Nom,Fem,Sing,Inan,0.0182394202612639,LOC
зафиксировала,VERB,,root,,Fem,Sing,,0.025065310063755,NONE
всплеск,NOUN,,obj,Acc,Masc,Sing,Inan,0.0084692745841793,NONE
случаев,NOUN,,nmod,Gen,Masc,Plur,Inan,0.0525202020486891,NONE
COVID-19,PROPN,,flat:foreign,,,,,0.0257912535275088,NONE
в,ADP,,case,,,,,0.0995934985559586,NONE
последние,ADJ,,amod,Acc,,Plur,Inan,0.1195114154463446,NONE
недели,NOUN,,obl,Acc,Fem,Plur,Inan,0.030426434859867,NONE
",",PUNCT,,punct,,,,,0.2692402096757119,NONE
и,CCONJ,,cc,,,,,0.0908520576610853,NONE
с,ADP,,case,,,,,0.0863682104964736,NONE
23,NUM,,obl,,,,,0.2391993183783524,NONE
июля,NOUN,,flat,Gen,Masc,Sing,Inan,-0.0806603237517035,NONE
ежедневно,ADV,,advmod,,,,,0.2092113450922145,NONE
выявляется,VERB,,conj,,,Sing,,0.1527634287977071,NONE
более,ADV,,nsubj:pass,,,,,0.0883689105945199,NONE
45,NUM,,nummod,,,,,0.2403521780581843,NONE
000,NUM,,nummod,,,,,0.0100453621196534,NONE
новых,ADJ,,amod,Gen,,Plur,,-0.029298652155923,NONE
случаев,NOUN,,obl,Gen,Masc,Plur,Inan,0.0872059862052664,NONE
.,PUNCT,,punct,,,,,0.4095334358948103,NONE
Как,SCONJ,,mark,,,,,0.2376266046931978,NONE
только,PART,,fixed,,,,,-0.5040688983777144,NONE
у,ADP,,case,,,,,0.2432180050034033,NONE
нас,PRON,,advcl,Gen,,Plur,,-0.0727410088586028,NONE
будет,VERB,,advcl,,,Sing,,0.1008877738269612,NONE
информация,NOUN,,nsubj,Nom,Fem,Sing,Inan,0.086597580554355,NONE
",",PUNCT,,punct,,,,,0.290099806691514,NONE
мы,PRON,,nsubj,Nom,,Plur,,0.084829367812608,NONE
сможем,VERB,,root,,,Plur,,-0.1728179334146664,NONE
сообщить,VERB,,xcomp,,,,,-0.1156238456669311,NONE
вам,PRON,,iobj,Dat,,Plur,,-0.0551028322684656,NONE
о,ADP,,case,,,,,-0.2159811720038491,NONE
местонахождении,NOUN,,obl,Loc,Neut,Sing,Inan,0.2789806279098079,NONE
вашего,DET,,det,Gen,Masc,Sing,,0.162256177792241,NONE
заказа,NOUN,,nmod,Gen,Masc,Sing,Inan,-0.0504358768416504,NONE
Но,CCONJ,,cc,,,,,-0.8819342729170974,NONE
миланский,ADJ,,amod,Nom,Masc,Sing,,0.1001305364875857,NONE
«Интер»,NOUN,,nsubj,Nom,Masc,Sing,Inan,0.0157392103383931,ORG
продолжает,VERB,,root,,,Sing,,0.0089844502498584,NONE
просить,VERB,,xcomp,,,,,0.0745586167730931,NONE
",",PUNCT,,punct,,,,,0.1048883936030499,NONE
чтобы,SCONJ,,mark,,,,,-0.1037518852667894,NONE
его,DET,,det,,,,,-0.0466072237570811,NONE
пункт,NOUN,,nsubj:pass,Nom,Masc,Sing,Inan,0.008759997052968,NONE
об,ADP,,case,,,,,-0.0499558700228658,NONE
освобождении,NOUN,,nmod,Loc,Neut,Sing,Inan,0.0160865270910571,NONE
в,ADP,,case,,,,,0.0108633525510832,NONE
размере,NOUN,,nmod,Loc,Masc,Sing,Inan,-0.0889981401335818,NONE
101,NUM,,nummod,,,,,0.0156461477372034,NONE
миллиона,NOUN,,nummod,Gen,Masc,Sing,Inan,0.0058179861852267,NONE
фунтов,NOUN,,nmod,Gen,Masc,Plur,Inan,0.1003157899039465,NONE
стерлингов,NOUN,,nmod,Gen,Masc,Plur,Inan,0.0619080867372542,NONE
был,AUX,,aux:pass,,Masc,Sing,,-0.0693783501376321,NONE
выполнен,VERB,,ccomp,,Masc,Sing,,0.0025865930085009,NONE
до,ADP,,case,,,,,0.0129658684738053,NONE
начала,NOUN,,obl,Gen,Neut,Sing,Inan,0.0497941095706244,NONE
переговоров,NOUN,,nmod,Gen,Masc,Plur,Inan,0.0785498665422706,NONE
с,ADP,,case,,,,,0.0572456976609484,NONE
каталонцами,NOUN,,nmod,Ins,Masc,Plur,Anim,0.1058828989717414,NONE
.,PUNCT,,punct,,,,,0.2989344907518538,NONE
CCCC,PROPN,,nsubj,,,,,0.1845817914641317,ORG
предложил,VERB,,root,,Masc,Sing,,0.0850491140522694,NONE
два,NUM,,nummod,Acc,Masc,,Inan,0.0068940032512625,NONE
отдельных,ADJ,,amod,Gen,,Plur,,-0.0117407816475634,NONE
запрета,NOUN,,obl,Gen,Masc,Sing,Inan,0.0425263968485985,NONE
на,ADP,,case,,,,,0.1327327290042163,NONE
том,DET,,det,Loc,Neut,Sing,,0.0205739089837724,NONE
основании,NOUN,,nmod,Loc,Neut,Sing,Inan,0.0473582155686631,NONE
",",PUNCT,,punct,,,,,0.1124659567391215,NONE
что,SCONJ,,mark,,,,,0.0015491108240675,NONE
Брислейн,PROPN,,nsubj,Nom,Masc,Sing,Anim,0.046996277235176,PER
использовал,VERB,,acl,,Masc,Sing,,0.0490097943765242,NONE
оскорбительные,ADJ,,amod,Acc,,Plur,Inan,0.0458672520716515,NONE
выражения,NOUN,,obj,Acc,Neut,Plur,Inan,0.0584512772288387,NONE
в,ADP,,case,,,,,-0.0951399811707098,NONE
отношении,NOUN,,fixed,Loc,Neut,Sing,Inan,-0.0005719574291956,NONE
рефери,NOUN,,nmod,Gen,Masc,Sing,Anim,0.0168735014105549,NONE
и,CCONJ,,cc,,,,,-0.0203575382800881,NONE
для,ADP,,case,,,,,-0.0323299356196113,NONE
"""",PUNCT,,punct,,,,,0.0968422382241758,NONE
"""",PUNCT,,punct,,,,,0.7439125292590769,NONE
любого,DET,,det,Gen,Masc,Sing,,-0.012132646296079,NONE
типа,NOUN,,conj,Gen,Masc,Sing,Inan,0.027480695953321,NONE
нападения,NOUN,,nmod,Gen,Neut,Sing,Inan,0.018563428865911,NONE
на,ADP,,case,,,,,0.0070977519635856,NONE
рефери,NOUN,,nmod,Acc,Masc,Sing,Anim,0.0084765296431063,NONE
"""",PUNCT,,punct,,,,,0.047796300862515,NONE
"""",PUNCT,,punct,,,,,0.0439168523225121,NONE
в,ADP,,case,,,,,-0.0908240860972181,NONE
соответствии,NOUN,,fixed,Loc,Neut,Sing,Inan,0.0241445140559045,NONE
с,ADP,,fixed,,,,,-0.0210621986577426,NONE
правилом,NOUN,,obl,Ins,Neut,Sing,Inan,-0.0085364136478779,NONE
7,NUM,,nummod:entity,,,,,0.0176539717914153,NONE
.,PUNCT,,punct,,,,,-0.0004805554292183,NONE
2,NUM,,nmod,,,,,0.0270720224243209,NONE
(,PUNCT,,punct,,,,,-0.0041765868588078,NONE
c,X,,parataxis,,,,,-0.0074371437478805,NONE
),PUNCT,,punct,,,,,-0.0068295844686508,NONE
официального,ADJ,,amod,Gen,Neut,Sing,,0.0312951357229491,NONE
руководства,NOUN,,nmod,Gen,Neut,Sing,Inan,-0.0132657774379558,NONE
.,PUNCT,,punct,,,,,0.0241609215061514,NONE
"""",PUNCT,,root,,,,,0.0599501471933588,NONE
Один,NUM,,nsubj,Nom,Masc,,,0.1563500362552269,NONE
из,ADP,,case,,,,,0.044594977968978,NONE
адвокатов,NOUN,,nmod,Gen,Masc,Plur,Anim,0.0762943398139642,NONE
Mediene,PROPN,,flat:foreign,,,,,0.0230170661767079,ORG
заявил,VERB,,root,,Masc,Sing,,0.0346862451035291,NONE
",",PUNCT,,punct,,,,,0.0759264736812314,NONE
что,SCONJ,,mark,,,,,-0.0228040108828941,NONE
"""",PUNCT,,punct,,,,,0.0224425414733457,NONE
"""",PUNCT,,punct,,,,,0.0545533720781035,NONE
удивлен,VERB,,ccomp,,Masc,Sing,,0.0562366044401362,NONE
суровостью,NOUN,,obl,Ins,Fem,Sing,Inan,0.0789944190178495,NONE
приговора,NOUN,,nmod,Gen,Masc,Sing,Inan,0.078259498442322,NONE
"""",PUNCT,,punct,,,,,0.0675285320811587,NONE
"""",PUNCT,,punct,,,,,0.0863636481188947,NONE
",",PUNCT,,punct,,,,,0.1843077835203312,NONE
в,ADP,,cc,,,,,-0.0164031659361677,NONE
то,DET,,fixed,Acc,Neut,Sing,Inan,0.0106921484015261,NONE
время,NOUN,,fixed,Acc,Neut,Sing,Inan,0.0356057728483079,NONE
как,SCONJ,,fixed,,,,,-0.002578434176829,NONE
другой,ADJ,,amod,Nom,Masc,Sing,,-0.0196995064718972,NONE
адвокат,NOUN,,nsubj,Nom,Masc,Sing,Anim,0.0223348768895409,NONE
заявил,VERB,,advcl,,Masc,Sing,,0.0088382032811747,NONE
",",PUNCT,,punct,,,,,-0.0017120457796954,NONE
что,SCONJ,,mark,,,,,-0.0330181391646784,NONE
судебный,ADJ,,amod,Nom,Masc,Sing,,0.0341261194848935,NONE
процесс,NOUN,,nsubj,Nom,Masc,Sing,Inan,0.0279672697792255,NONE
был,AUX,,cop,,Masc,Sing,,-0.0045569602019399,NONE
"""",PUNCT,,punct,,,,,0.147837488399456,NONE
"""",PUNCT,,punct,,,,,0.0489517289196614,NONE
политическим,ADJ,,ccomp,Ins,Masc,Sing,,0.0286551091836392,NONE
"""",PUNCT,,punct,,,,,0.0356237827503765,NONE
"""",PUNCT,,punct,,,,,0.0311228322804444,NONE
и,CCONJ,,cc,,,,,-0.0165325932260371,NONE
"""",PUNCT,,punct,,,,,0.1828475746938438,NONE
"""",PUNCT,,punct,,,,,0.0206640158717911,NONE
нападением,NOUN,,conj,Ins,Neut,Sing,Inan,0.0211823918366956,NONE
на,ADP,,case,,,,,-0.0302092004301987,NONE
демократию,NOUN,,nmod,Acc,Fem,Sing,Inan,0.0149021890692092,NONE
"""",PUNCT,,punct,,,,,-0.1128184206006663,NONE
"""",PUNCT,,punct,,,,,-0.1069581061380291,NONE
.,PUNCT,,punct,,,,,-2.748311095435264,NONE
"""",PUNCT,,root,,,,,0.0167484081450424,NONE
Во-первых,ADV,,parataxis,,,,,0.1471214007426401,NONE
",",PUNCT,,punct,,,,,0.0492346879346841,NONE
и,CCONJ,,cc,,,,,-0.5355768608941875,NONE
",",PUNCT,,punct,,,,,0.0623742560709433,NONE
вероятно,ADV,,parataxis,,,,,-0.2779506871119857,NONE
",",PUNCT,,punct,,,,,0.0392486186527496,NONE
самый,ADJ,,amod,Nom,Masc,Sing,,-0.0401964406829525,NONE
худший,ADJ,,amod,Nom,Masc,Sing,,0.0661310021524497,NONE
нарушитель,NOUN,,root,Nom,Masc,Sing,Anim,-0.037343627299021,NONE
",",PUNCT,,punct,,,,,-0.1737086592600565,NONE
привитые,VERB,,amod,Nom,,Plur,,-0.0818239995484214,NONE
томатно-картофельные,ADJ,,amod,Nom,,Plur,,0.4010040167380599,NONE
растения,NOUN,,conj,Nom,Neut,Plur,Inan,-0.1191932308614875,NONE
.,PUNCT,,punct,,,,,0.1244480263976425,NONE
В,ADP,,case,,,,,0.3249540978432034,NONE
рамках,NOUN,,obl,Loc,Fem,Plur,Inan,0.0439264237490654,NONE
учебной,ADJ,,amod,Gen,Fem,Sing,,0.1098330697072335,NONE
программы,NOUN,,nmod,Gen,Fem,Sing,Inan,0.1300720954478837,NONE
первый,ADJ,,amod,Nom,Masc,Sing,,-0.2359815922955459,NONE
класс,NOUN,,nsubj:pass,Nom,Masc,Sing,Inan,0.0388284617623294,NONE
проводится,VERB,,root,,,Sing,,-0.3411456098313853,NONE
в,ADP,,case,,,,,-0.0995299572588212,NONE
Такоте,PROPN,,obl,Loc,Masc,Sing,Inan,0.2478574773754017,LOC
",",PUNCT,,punct,,,,,0.0422764486047233,NONE
а,CCONJ,,cc,,,,,-0.0770333523129678,NONE
затем,ADV,,orphan,,,,,0.144153505336174,NONE
в,ADP,,case,,,,,-0.1741740181429945,NONE
Мурдайке,PROPN,,conj,Loc,Masc,Sing,Inan,0.1139462689960349,LOC
.,PUNCT,,punct,,,,,0.180595762277352,NONE
Таким,DET,,det,Ins,Masc,Sing,,-0.1091376679542505,NONE
образом,NOUN,,parataxis,Ins,Masc,Sing,Inan,0.2460888648269295,NONE
",",PUNCT,,punct,,,,,-0.1098079745193356,NONE
программа,NOUN,,nsubj,Nom,Fem,Sing,Inan,-0.0815017343810366,NONE
«Восстановление»,NOUN,,nmod,Gen,Neut,Sing,Inan,0.220449601388864,ORG
смогла,VERB,,root,,Fem,Sing,,-0.2400584586351772,NONE
продемонстрировать,VERB,,xcomp,,,,,-0.0878189991827203,NONE
",",PUNCT,,punct,,,,,0.1975400819449078,NONE
что,SCONJ,,mark,,,,,0.1185123220092556,NONE
стероидный,ADJ,,amod,Nom,Masc,Sing,,0.2320523388659467,NONE
дексаметазон,NOUN,,nsubj,Nom,Masc,Sing,Inan,0.1705365740563373,NONE
уменьшил,VERB,,ccomp,,Masc,Sing,,-0.0614477162761816,NONE
смертность,NOUN,,obj,Acc,Fem,Sing,Inan,0.2782678020104154,NONE
на,ADP,,case,,,,,0.0442292704395997,NONE
треть,NOUN,,nmod,Acc,Fem,Sing,Inan,0.0757905938006928,NONE
у,ADP,,case,,,,,-0.1100360308456717,NONE
пациентов,NOUN,,obl,Gen,Masc,Plur,Anim,0.0854095801509992,NONE
с,ADP,,case,,,,,0.2341966862031286,NONE
препаратом,NOUN,,nmod,Ins,Masc,Sing,Inan,0.0487510187024736,NONE
Ковид-19,PROPN,,appos,Nom,Masc,Sing,Inan,0.15855521899967,PER
на,ADP,,case,,,,,0.4112344563825023,NONE
ИВЛ,PROPN,,nmod,Loc,Masc,Sing,Inan,0.1138060275547762,NONE
.,PUNCT,,punct,,,,,0.0263601130396983,NONE
Я,PRON,,nsubj,Nom,,Sing,,-0.8554065505867307,NONE
тебе,PRON,,iobj,Dat,,Sing,,-0.0857316434379591,NONE
так,ADV,,advmod,,,,,0.1359873204821017,NONE
сказал,VERB,,root,,Masc,Sing,,-0.112964285539685,NONE
.,PUNCT,,punct,,,,,0.0073623421487314,NONE
.,PUNCT,,punct,,,,,-0.0412187485726525,NONE
.,PUNCT,,punct,,,,,-0.4090533004956794,NONE
.,PUNCT,,punct,,,,,-0.0509932642343408,NONE
NEW,PROPN,,root,,,,,-0.391140484648464,NONE
YORK,PROPN,,flat:foreign,,,,,0.5387191182401895,NONE
(,PUNCT,,punct,,,,,-0.160512962725445,NONE
AP,PROPN,,flat:foreign,,,,,0.4098975744076077,NONE
),PUNCT,,punct,,,,,-0.079495026620837,NONE
-,PUNCT,,punct,,,,,0.0645948727500139,NONE
Дженнифер,PROPN,,nsubj,Nom,Fem,Sing,Anim,0.0211921476659418,PER
Лопес,PROPN,,flat:name,Nom,Fem,Sing,Anim,-0.0521171449690172,PER
и,CCONJ,,cc,,,,,-0.0664513857921696,NONE
Шакира,PROPN,,conj,Nom,Fem,Sing,Anim,-0.006275146060963,PER
собираются,VERB,,parataxis,,,Plur,,-0.0859203273078476,NONE
принести,VERB,,xcomp,,,,,-0.0678606283712228,NONE
тепло,NOUN,,obj,Acc,Neut,Sing,Inan,0.0869902571313988,NONE
в,ADP,,case,,,,,0.1832148070052765,NONE
2020,NUM,,obl,,,,,0.084381366779295,NONE
Pepsi,PROPN,,flat:foreign,,,,,0.0440839290761423,NONE
Super,PROPN,,flat:foreign,,,,,0.1080105930801645,NONE
Bowl,PROPN,,flat:foreign,,,,,0.1291152985763312,NONE
Halftime,PROPN,,flat:foreign,,,,,0.2609382217988546,NONE
Show,PROPN,,flat:foreign,,,,,-0.0466901031713619,NONE
.,PUNCT,,punct,,,,,-0.1363985405867968,NONE
Британские,ADJ,,amod,Nom,,Plur,,0.185463659424359,NONE
СМИ,NOUN,,nsubj,Nom,Neut,Plur,Inan,0.0361094957219166,ORG
сообщили,VERB,,root,,,Plur,,-0.1546266978924577,NONE
",",PUNCT,,punct,,,,,0.0626585701172468,NONE
что,SCONJ,,mark,,,,,0.3408743329091099,NONE
«тысячи»,NOUN,,nsubj,Nom,Masc,Plur,Anim,0.0517567525923352,NONE
стремились,VERB,,ccomp,,,Plur,,0.0728055689902114,NONE
собрать,VERB,,xcomp,,,,,-0.0636950096815985,NONE
деньги,NOUN,,obj,Acc,Fem,Plur,Inan,0.1435637642825733,NONE
для,ADP,,mark,,,,,0.03846886829443,NONE
протестующих,VERB,,acl,Gen,,Plur,,0.1249790142454227,NONE
",",PUNCT,,punct,,,,,0.6107433106946727,NONE
купив,VERB,,advcl,,,,,0.1023841011541613,NONE
серую,ADJ,,amod,Acc,Fem,Sing,,0.1350288545571544,NONE
футболку,NOUN,,obj,Acc,Fem,Sing,Inan,0.0332401139619889,NONE
",",PUNCT,,punct,,,,,0.0809151557651716,NONE
на,ADP,,case,,,,,-0.0811875021258419,NONE
которой,PRON,,obl,Loc,,,,0.09351650958927,NONE
изображен,VERB,,acl:relcl,,Masc,Sing,,0.0103380221685891,NONE
пустой,ADJ,,amod,Nom,Masc,Sing,,0.0846128379138096,NONE
плинтус,NOUN,,nsubj:pass,Nom,Masc,Sing,Inan,0.0094444194899421,NONE
с,ADP,,case,,,,,-0.0381535794718616,NONE
надписью,NOUN,,nmod,Ins,Fem,Sing,Inan,0.1154110203109203,NONE
«Бристоль»,NOUN,,appos,Nom,Masc,Sing,Inan,0.1134832239151328,NONE
над,ADP,,case,,,,,0.0735932548436583,NONE
ним,PRON,,nmod,Ins,Masc,Sing,,0.0316840616717904,NONE
.,PUNCT,,punct,,,,,0.0278380455365568,NONE
Тем,PRON,,discourse,Ins,Neut,Sing,Inan,-0.0942541300551647,NONE
не,PART,,fixed,,,,,0.3403749359114628,NONE
менее,ADV,,fixed,,,,,-0.2572763831075826,NONE
",",PUNCT,,punct,,,,,-0.2403591518388473,NONE
EverGrow,PROPN,,nsubj,,,,,-0.0039159245314044,NONE
все,PART,,advmod,,,,,-0.2284003057290615,NONE
еще,ADV,,advmod,,,,,-0.4872920739985983,NONE
остается,VERB,,root,,,Sing,,0.0355460325525714,NONE
намного,ADV,,advmod,,,,,-0.030897331178248,NONE
ниже,ADV,,advmod,,,,,-0.1132275483533896,NONE
максимумов,NOUN,,obl,Gen,Masc,Plur,Inan,-0.0127211014077462,NONE
",",PUNCT,,punct,,,,,-0.2485585548981966,NONE
достигнутых,VERB,,acl,Gen,,Plur,,0.0506991520911966,NONE
до,ADP,,case,,,,,-0.0504244647994595,NONE
этой,DET,,det,Gen,Fem,Sing,,0.1166586186197395,NONE
ошибки,NOUN,,obl,Gen,Fem,Sing,Inan,0.0450602393236879,NONE
.,PUNCT,,punct,,,,,0.396653267166086,NONE
В,ADP,,case,,,,,0.3554801235407345,NONE
августе,NOUN,,obl,Loc,Masc,Sing,Inan,0.1510143187076461,NONE
компания,NOUN,,nsubj,Nom,Fem,Sing,Inan,0.1331054583345473,NONE
отчиталась,VERB,,root,,Fem,Sing,,0.0325915139586553,NONE
о,ADP,,case,,,,,0.1390960471370076,NONE
своем,DET,,det,Loc,Masc,Sing,,0.0806735368809412,NONE
крупнейшем,ADJ,,amod,Loc,Masc,Sing,,0.1036752778099462,NONE
квартальном,ADJ,,amod,Loc,Masc,Sing,,0.5646313454425924,NONE
убытке,NOUN,,obl,Loc,Masc,Sing,Inan,0.1012438259207961,NONE
:,PUNCT,,punct,,,,,0.0108411259104914,NONE
$5,NUM,,nummod,,,,,0.08041087232575,NONE
млрд,NOUN,,nummod,Gen,Masc,Plur,Inan,-0.125352496626856,NONE
за,ADP,,case,,,,,-0.4015327408100853,NONE
три,NUM,,nummod,Acc,,,Inan,-0.0870571602282828,NONE
месяца,NOUN,,nmod,Gen,Masc,Sing,Inan,-0.0895332245030436,NONE
.,PUNCT,,punct,,,,,0.3688148464592135,NONE
Ближе,ADV,,advmod,,,,,0.3446423407203022,NONE
к,ADP,,case,,,,,-0.067874046137182,NONE
концу,NOUN,,obl,Dat,Masc,Sing,Inan,-0.0557368426473725,NONE
он,PRON,,nsubj,Nom,Masc,Sing,,0.1078300652058066,NONE
коснулся,VERB,,root,,Masc,Sing,,0.1001831791578818,NONE
того,PRON,,obl,Gen,Neut,Sing,Inan,-0.1342379366675593,NONE
",",PUNCT,,punct,,,,,-0.0738086193794853,NONE
что,SCONJ,,mark,,,,,0.1744898689130457,NONE
Mindcrack,PROPN,,nsubj,,,,,0.5570790769885345,NONE
становится,VERB,,acl,,,Sing,,-0.0598952045830094,NONE
коммерческим,ADJ,,obl,Ins,Masc,Sing,,0.0174551784882478,NONE
.,PUNCT,,punct,,,,,-0.4285723938338683,NONE
С,ADP,,advmod,,,,,-0.4185331243599265,NONE
тех,DET,,fixed,Gen,,Plur,,0.2555568284157564,NONE
пор,NOUN,,fixed,Gen,Fem,Plur,Inan,0.1980395003112963,NONE
я,PRON,,nsubj,Nom,,Sing,,-0.2819537144995032,NONE
покупаю,VERB,,root,,,Sing,,0.1509791085936079,NONE
шины,NOUN,,obj,Acc,Fem,Plur,Inan,0.2264150339286277,NONE
у,ADP,,case,,,,,-0.4490835411789047,NONE
них,PRON,,obl,Gen,,Plur,,-0.2670653223194389,NONE
.,PUNCT,,punct,,,,,0.2082676179912831,NONE
Это,PRON,,nsubj,Nom,Neut,Sing,Inan,-0.357080222203355,NONE
помогло,VERB,,root,,Neut,Sing,,0.1551576598051543,NONE
мне,PRON,,iobj,Dat,,Sing,,-0.2625893895142511,NONE
быстрее,ADV,,advmod,,,,,0.0376755903121488,NONE
созреть,VERB,,xcomp,,,,,0.3086816694659803,NONE
в,ADP,,case,,,,,0.0547290466408562,NONE
бизнесе,NOUN,,obl,Loc,Masc,Sing,Inan,0.0151087391174007,NONE
.,PUNCT,,punct,,,,,0.117535573075388,NONE
Однако,ADV,,advmod,,,,,-0.1882183220158058,NONE
имейте,VERB,,root,,,Plur,,0.1089075714965426,NONE
в,ADP,,advmod,,,,,0.0784800279217656,NONE
виду,NOUN,,fixed,Loc,Masc,Sing,Inan,0.0003112482774342,NONE
",",PUNCT,,punct,,,,,0.1477367852675115,NONE
что,SCONJ,,mark,,,,,0.0323530920633314,NONE
за,ADP,,case,,,,,-0.0030353559532791,NONE
креплениями,NOUN,,obl,Ins,Neut,Plur,Inan,0.09982581734092,NONE
нужно,ADJ,,ccomp,,Neut,Sing,,-0.0456727940756935,NONE
будет,AUX,,cop,,,Sing,,0.0082649872382513,NONE
ухаживать,VERB,,csubj,,,,,0.0650419995021024,NONE
",",PUNCT,,punct,,,,,0.1428710196006635,NONE
размещать,VERB,,conj,,,,,0.4024513461103615,NONE
и,CCONJ,,cc,,,,,0.0130388826191941,NONE
защищать,VERB,,conj,,,,,0.1594919538327624,NONE
их,PRON,,obj,Acc,,Plur,,0.0685481039674499,NONE
",",PUNCT,,punct,,,,,0.1804124993123562,NONE
поскольку,SCONJ,,mark,,,,,-0.039268141028832,NONE
они,PRON,,nsubj,Nom,,Plur,,-0.1837527811017059,NONE
могут,VERB,,advcl,,,Plur,,0.0676211368715243,NONE
умереть,VERB,,xcomp,,,,,-0.0133634470279587,NONE
в,ADP,,case,,,,,0.2255810034126414,NONE
бою,NOUN,,obl,Loc,Masc,Sing,Inan,-0.0215510951669846,NONE
.,PUNCT,,punct,,,,,0.5286564114488329,NONE
Лучшая,ADJ,,amod,Nom,Fem,Sing,,-0.0484212512899849,NONE
команда,NOUN,,root,Nom,Fem,Sing,Inan,-0.0041725888366873,NONE
:,PUNCT,,punct,,,,,0.1653121452836017,NONE
эпическим,ADJ,,amod,Ins,Masc,Sing,,-0.0224070787275007,NONE
сбором,NOUN,,obl,Ins,Masc,Sing,Inan,-0.0247329411582844,NONE
средств,NOUN,,nmod,Gen,Neut,Plur,Inan,-0.0462353755230662,NONE
руководит,VERB,,parataxis,,,Sing,,0.0454232460130364,NONE
благотворительный,ADJ,,amod,Nom,Masc,Sing,,0.0536348712681032,NONE
комитет,NOUN,,nsubj,Nom,Masc,Sing,Inan,0.0451881654299266,NONE
",",PUNCT,,punct,,,,,0.3487329326580232,NONE
в,ADP,,case,,,,,0.0772269168763467,NONE
который,PRON,,obl,Acc,Masc,Sing,Inan,0.0975309893654978,NONE
входят,VERB,,acl:relcl,,,Plur,,-0.1190096360964953,NONE
Дэвид,PROPN,,nsubj,Nom,Masc,Sing,Anim,0.0460754888680933,PER
Клиффорд,PROPN,,flat:name,Nom,Masc,Sing,Anim,0.089690118198074,PER
",",PUNCT,,punct,,,,,0.1405116222425286,NONE
Кирсти,PROPN,,conj,Nom,Masc,Sing,Anim,0.0792626222214729,PER
Клиффорд,PROPN,,flat:name,Nom,Masc,Sing,Anim,0.0769053397233509,PER
и,CCONJ,,cc,,,,,-0.0420156882937092,NONE
Шиона,PROPN,,conj,Nom,Fem,Sing,Anim,0.0059601538523775,PER
Финн,PROPN,,flat:name,Nom,Fem,Sing,Anim,0.0581164208228779,PER
.,PUNCT,,punct,,,,,-0.4502984723058969,NONE
Имам-Уль-Хак,PROPN,,appos,Nom,Masc,Sing,Anim,0.1384143450809528,NONE
из,ADP,,case,,,,,0.1443832007135024,NONE
Пакистана,PROPN,,nmod,Gen,Masc,Sing,Inan,0.0562533433577394,LOC
признан,VERB,,root,,Masc,Sing,,0.1167869580407587,NONE
годным,ADJ,,obl,Ins,Masc,Sing,,0.6311592717301755,NONE
к,ADP,,case,,,,,0.1159752733143816,NONE
игре,NOUN,,obl,Dat,Fem,Sing,Inan,-0.0165741843937014,NONE
после,ADP,,case,,,,,0.1181583488496462,NONE
травмы,NOUN,,obl,Gen,Fem,Sing,Inan,0.1204199680873728,NONE
на,ADP,,case,,,,,0.1569330166355119,NONE
разминке,NOUN,,nmod,Loc,Fem,Sing,Inan,0.1232802718424915,NONE
Против,ADP,,case,,,,,-0.1322149130305077,NONE
японской,ADJ,,amod,Gen,Fem,Sing,,0.0417306959128034,NONE
команды,NOUN,,obl,Gen,Fem,Sing,Inan,-0.0342818772988265,NONE
",",PUNCT,,punct,,,,,0.0705312525758018,NONE
которая,PRON,,nsubj,Nom,Fem,Sing,,-0.1800049496830743,NONE
выйдет,VERB,,acl:relcl,,,Sing,,-0.0128317871507539,NONE
из,ADP,,case,,,,,-0.1791333138304475,NONE
стрельбы,NOUN,,obl,Gen,Fem,Sing,Inan,0.1017302887499046,NONE
",",PUNCT,,punct,,,,,0.2049045755453381,NONE
они,PRON,,nsubj,Nom,,Plur,,0.0876506684698375,NONE
окажут,VERB,,root,,,Plur,,0.5621812725125938,NONE
огромную,ADJ,,amod,Acc,Fem,Sing,,0.1239336062383301,NONE
поддержку,NOUN,,obj,Acc,Fem,Sing,Inan,-0.0447815260648092,NONE
",",PUNCT,,punct,,,,,0.1857253348375851,NONE
возможно,ADV,,parataxis,,,,,0.0429662508416249,NONE
",",PUNCT,,punct,,,,,0.1626874187598806,NONE
это,PRON,,nsubj,Nom,Neut,Sing,Inan,0.1591159929513164,NONE
та,DET,,det,Nom,Fem,Sing,,-0.1080254263341397,NONE
постоянная,ADJ,,amod,Nom,Fem,Sing,,0.1225298815554944,NONE
рука,NOUN,,conj,Nom,Fem,Sing,Inan,0.0330568047031764,NONE
",",PUNCT,,punct,,,,,0.3146846271553691,NONE
которая,PRON,,nsubj,Nom,Fem,Sing,,0.0951231198390704,NONE
вам,PRON,,iobj,Dat,,Plur,,0.1604236988825904,NONE
нужна,ADJ,,acl:relcl,,Fem,Sing,,-0.0177798170206217,NONE
.,PUNCT,,punct,,,,,-0.2369218741915445,NONE
И,CCONJ,,cc,,,,,-0.1296634130903044,NONE
существует,VERB,,root,,,Sing,,0.4693646998501477,NONE
разрыв,NOUN,,nsubj,Nom,Masc,Sing,Inan,-0.0214632890918655,NONE
между,ADP,,case,,,,,-0.0427925026587007,NONE
двумя,NUM,,nummod,Ins,,,,-0.225943708521855,NONE
лидерами,NOUN,,nmod,Ins,Masc,Plur,Anim,0.1668881495783444,NONE
по,ADP,,case,,,,,-0.0318028735647213,NONE
поводу,NOUN,,fixed,Dat,Masc,Sing,Inan,-0.0574821989613326,NONE
права,NOUN,,nmod,Gen,Neut,Sing,Inan,-0.0831307637394265,NONE
сверхдержавы,NOUN,,nmod,Gen,Fem,Sing,Inan,0.3879584358367511,NONE
диктовать,VERB,,obl,,,,,0.04065985719183,NONE
условия,NOUN,,obj,Acc,Neut,Plur,Inan,0.127623407146804,NONE
в,ADP,,case,,,,,0.114005946476402,NONE
мире,NOUN,,nmod,Loc,Masc,Sing,Inan,-0.2026613895420563,NONE
.,PUNCT,,punct,,,,,0.5994534883791924,NONE
Лисы,NOUN,,nsubj,Nom,Masc,Plur,Anim,-0.0439565445254706,NONE
были,AUX,,cop,,,Plur,,-0.1622501398745985,NONE
вторыми,ADJ,,root,Ins,,Plur,,-0.111497520759834,NONE
в,ADP,,case,,,,,-0.0196409427855881,NONE
декабре,NOUN,,nmod,Loc,Masc,Sing,Inan,-0.1108220286168146,NONE
и,CCONJ,,cc,,,,,0.0291612493862516,NONE
третьими,ADJ,,conj,Ins,,Plur,,-0.0151647368031836,NONE
",",PUNCT,,punct,,,,,0.0109178766567369,NONE
когда,SCONJ,,mark,,,,,-0.0371715614719607,NONE
футбол,NOUN,,nsubj,Nom,Masc,Sing,Inan,0.2130449884704987,NONE
возобновился,VERB,,advcl,,Masc,Sing,,0.1728695841971297,NONE
после,ADP,,case,,,,,0.1678979814618581,NONE
блокировки,NOUN,,obl,Gen,Fem,Sing,Inan,0.1968783570528552,NONE
",",PUNCT,,punct,,,,,0.3861172570533141,NONE
но,CCONJ,,cc,,,,,0.2922557219410315,NONE
они,PRON,,nsubj,Nom,,Plur,,0.0484127121663803,NONE
взяли,VERB,,conj,,,Plur,,0.0046107311225048,NONE
всего,PART,,advmod,,,,,0.0560630320558233,NONE
четыре,NUM,,nummod,Acc,,,Inan,0.1434088353470612,NONE
очка,NOUN,,obl,Gen,Neut,Sing,Inan,0.0050474010632584,NONE
в,ADP,,case,,,,,0.140295352354983,NONE
последних,ADJ,,amod,Loc,,Plur,,-0.019429627135671,NONE
пяти,NUM,,nummod,Loc,,,,0.1138211522284441,NONE
играх,NOUN,,obl,Loc,Fem,Plur,Inan,0.2113405916842379,NONE
",",PUNCT,,punct,,,,,0.0662238037048101,NONE
чтобы,SCONJ,,mark,,,,,-0.0966395119020613,NONE
занять,VERB,,advcl,,,,,0.0712879841545225,NONE
пятое,ADJ,,amod,Acc,Neut,Sing,,0.1031197745344439,NONE
место,NOUN,,obj,Acc,Neut,Sing,Inan,0.0412499909329961,NONE
в,ADP,,case,,,,,0.3327640416608703,NONE
Премьер-лиге,NOUN,,nmod,Loc,Fem,Sing,Inan,0.2919602774770714,ORG
.,PUNCT,,punct,,,,,-0.2959381412515853,NONE
Чиновники,NOUN,,nsubj,Nom,Masc,Plur,Anim,0.3135222016599534,NONE
ЕС,PROPN,,nmod,Gen,Masc,Sing,Inan,-0.0182177267182666,LOC
обратились,VERB,,root,,,Plur,,-0.1129890341388882,NONE
к,ADP,,case,,,,,-0.0975132277900525,NONE
Японии,PROPN,,obl,Dat,Fem,Sing,Inan,0.1077322422235023,LOC
в,ADP,,case,,,,,0.0404017616221844,NONE
явном,ADJ,,amod,Loc,Neut,Sing,,0.019826927815029,NONE
движении,NOUN,,obl,Loc,Neut,Sing,Inan,0.0394175187823998,NONE
",",PUNCT,,punct,,,,,-0.0430860066885883,NONE
чтобы,SCONJ,,mark,,,,,0.0136311301916402,NONE
уклониться,VERB,,advcl,,,,,0.0603786109987613,NONE
от,ADP,,case,,,,,0.1701613743731396,NONE
привлечения,NOUN,,obl,Gen,Neut,Sing,Inan,0.11748729982874,NONE
китайского,ADJ,,amod,Gen,Neut,Sing,,0.0406023290994792,NONE
финансирования,NOUN,,nmod,Gen,Neut,Sing,Inan,0.123729612438301,NONE
",",PUNCT,,punct,,,,,0.0234794674263703,NONE
опасаясь,VERB,,advcl,,,,,0.0900087340764493,NONE
того,PRON,,obl,Gen,Neut,Sing,Inan,0.0916911119062117,NONE
",",PUNCT,,punct,,,,,0.1277473560752771,NONE
что,SCONJ,,obj,,,,,0.1880643116282113,NONE
они,PRON,,nsubj,Nom,,Plur,,0.0913815047415964,NONE
считают,VERB,,acl,,,Plur,,-0.0732880332381092,NONE
доминирующим,VERB,,amod,Ins,Neut,Sing,,0.0893954333280074,NONE
положением,NOUN,,obl,Ins,Neut,Sing,Inan,0.0952913011333266,NONE
Китая,PROPN,,nmod,Gen,Masc,Sing,Inan,0.0810285465625202,LOC
в,ADP,,case,,,,,0.1843092605238455,NONE
строительстве,NOUN,,nmod,Loc,Neut,Sing,Inan,-0.0473855628418413,NONE
инфраструктуры,NOUN,,nmod,Gen,Fem,Sing,Inan,0.0101592635923114,NONE
в,ADP,,case,,,,,0.1087330345878554,NONE
Восточной,ADJ,,amod,Loc,Fem,Sing,,0.0629131672078655,LOC
Европе,PROPN,,nmod,Loc,Fem,Sing,Inan,0.0950301458098114,LOC
",",PUNCT,,punct,,,,,0.0806538894844236,NONE
Африке,PROPN,,conj,Loc,Fem,Sing,Inan,-0.0068965958926242,LOC
и,CCONJ,,cc,,,,,0.1296250727776894,NONE
Азии,PROPN,,conj,Loc,Fem,Sing,Inan,0.0809412101249479,LOC
.,PUNCT,,punct,,,,,-0.1872849900313242,NONE
Что,SCONJ,,mark,,,,,-0.0724552443652444,NONE
вы,PRON,,nsubj,Nom,,Plur,,-0.1617807389499312,NONE
должны,ADJ,,root,,,Plur,,-0.1761583541229676,NONE
быть,AUX,,cop,,,,,0.3460389836618746,NONE
верны,ADJ,,xcomp,,,Plur,,0.1588286416495522,NONE
тому,DET,,det,Dat,Masc,Sing,,-0.0337918272919408,NONE
",",PUNCT,,punct,,,,,0.2587106111911342,NONE
кто,PRON,,acl:relcl,Nom,Masc,Sing,Anim,0.3047241097994678,NONE
вы,PRON,,nsubj,Nom,,Plur,,0.295760477946046,NONE
есть,VERB,,cop,,,Sing,,0.2031120691102057,NONE
.,PUNCT,,punct,,,,,0.5946701293903413,NONE
Генеральный,ADJ,,amod,Nom,Masc,Sing,,0.6990289091908459,NONE
директор,NOUN,,nsubj,Nom,Masc,Sing,Anim,-0.1845655294452556,NONE
банка,NOUN,,nmod,Gen,Masc,Sing,Inan,-0.1079718801349029,NONE
сказал,VERB,,root,,Masc,Sing,,-0.1142672098078189,NONE
",",PUNCT,,punct,,,,,-0.0052049238981571,NONE
что,SCONJ,,mark,,,,,-0.081455426762717,NONE
капитальный,ADJ,,amod,Nom,Masc,Sing,,-0.0308651154727063,NONE
ремонт,NOUN,,nsubj,Nom,Masc,Sing,Inan,-0.0458871380234274,NONE
позволит,VERB,,ccomp,,,Sing,,-0.0162185093690233,NONE
Коммерцбанку,PROPN,,iobj,Dat,Masc,Sing,Inan,0.1431457055406191,PER
встать,VERB,,xcomp,,,,,0.120049698951514,NONE
на,ADP,,case,,,,,0.0454879969220158,NONE
ноги,NOUN,,obl,Acc,Fem,Plur,Inan,-0.050542946345562,NONE
",",PUNCT,,punct,,,,,0.0305449974039872,NONE
но,CCONJ,,cc,,,,,0.0395133300142069,NONE
оставил,VERB,,conj,,Masc,Sing,,0.0691141559262636,NONE
дверь,NOUN,,obj,Acc,Fem,Sing,Inan,-0.0215778000751416,NONE
открытой,ADJ,,amod,Ins,Fem,Sing,,0.0414284001916875,NONE
для,ADP,,case,,,,,-0.0657541377665024,NONE
будущих,ADJ,,amod,Gen,,Plur,,0.1193423341934813,NONE
сделок,NOUN,,obl,Gen,Fem,Plur,Inan,-0.020549349610709,NONE
",",PUNCT,,punct,,,,,0.0891741127941581,NONE
заявив,VERB,,advcl,,,,,-0.0669723027580594,NONE
",",PUNCT,,punct,,,,,-0.0003986891109441,NONE
что,SCONJ,,mark,,,,,-0.0208419471719331,NONE
кредитор,NOUN,,nsubj,Nom,Masc,Sing,Anim,-0.0599505905203233,NONE
должен,ADJ,,ccomp,,Masc,Sing,,0.0576137163327078,NONE
быть,AUX,,cop,,,,,-0.012257873935538,NONE
"""",PUNCT,,punct,,,,,-0.2453373990283072,NONE
"""",PUNCT,,punct,,,,,-0.0827674726473751,NONE
активным,ADJ,,amod,Ins,Masc,Sing,,0.1429172401732919,NONE
игроком,NOUN,,obl,Ins,Masc,Sing,Anim,0.1148105274629639,NONE
"""",PUNCT,,punct,,,,,0.0089730494585907,NONE
"""",PUNCT,,punct,,,,,-0.0012189024698538,NONE
в,ADP,,case,,,,,0.1178853600178596,NONE
консолидации,NOUN,,nmod,Loc,Fem,Sing,Inan,0.029755022030717,NONE
банков,NOUN,,nmod,Gen,Masc,Plur,Inan,-0.0218473482617277,NONE
.,PUNCT,,punct,,,,,-0.0015802444885457,NONE
"""",PUNCT,,punct,,,,,0.2761857818468654,NONE
Выступая,VERB,,advcl,,,,,0.3417389783291108,NONE
по,ADP,,case,,,,,0.008789797360567,NONE
этому,DET,,det,Dat,Masc,Sing,,-0.0526302505915776,NONE
случаю,NOUN,,obl,Dat,Masc,Sing,Inan,0.0683871109998638,NONE
",",PUNCT,,punct,,,,,0.1382824474177119,NONE
главный,ADJ,,amod,Nom,Masc,Sing,,0.0662233350219279,NONE
советник,NOUN,,nsubj,Nom,Masc,Sing,Anim,0.1046640597757458,NONE
AASU,PROPN,,flat:foreign,,,,,0.2079672504726324,ORG
Самуджал,PROPN,,appos,Nom,Masc,Sing,Anim,0.1001605218553428,PER
Кумар,PROPN,,flat:name,Nom,Masc,Sing,Anim,0.1607915575814823,PER
Бхаттачарья,PROPN,,flat:name,Nom,Masc,Sing,Anim,0.380513389797568,PER
сказал,VERB,,root,,Masc,Sing,,0.2514176269955648,NONE
:,PUNCT,,punct,,,,,0.0247426537757706,NONE
"""",PUNCT,,punct,,,,,0.1167087568554489,NONE
"""",PUNCT,,punct,,,,,0.0554693058108176,NONE
Неправильно,ADJ,,parataxis,,Neut,Sing,,0.0322312095156121,NONE
говорить,VERB,,csubj,,,,,-0.0981790755436248,NONE
",",PUNCT,,punct,,,,,0.1828667368729175,NONE
что,SCONJ,,mark,,,,,0.0073216546393471,NONE
движение,NOUN,,nsubj,Nom,Neut,Sing,Inan,0.1126738525245245,NONE
против,ADP,,case,,,,,0.1056333387675842,NONE
CAA,PROPN,,flat:foreign,,,,,0.046810490785992,ORG
вымерло,VERB,,ccomp,,Neut,Sing,,0.0750437110597481,NONE
.,PUNCT,,punct,,,,,-0.2276996033002562,NONE
"""",PUNCT,,root,,,,,0.4630342372991004,NONE
Онлайн-кредиторы,NOUN,,nsubj,Nom,Masc,Plur,Anim,0.1132225006404274,PER
предупреждают,VERB,,root,,,Plur,,0.4620203050205386,NONE
",",PUNCT,,punct,,,,,-0.0135007135990167,NONE
что,SCONJ,,mark,,,,,-0.0575488636856129,NONE
схема,NOUN,,nsubj,Nom,Fem,Sing,Inan,0.0710276207227194,NONE
кредитования,NOUN,,nmod,Gen,Neut,Sing,Inan,0.3683995513650436,NONE
МСП,PROPN,,nmod,Gen,Masc,Sing,Inan,0.2660331732171401,ORG
может,VERB,,ccomp,,,Sing,,-0.179092187416798,NONE
пропустить,VERB,,xcomp,,,,,0.1458254337100754,NONE
отметку,NOUN,,obj,Acc,Fem,Sing,Inan,0.230388867386824,NONE
Сара,PROPN,,nsubj,Nom,Fem,Sing,Anim,-0.1800009396556929,PER
Ривест,PROPN,,appos,Nom,Fem,Sing,Anim,0.0833719542347501,PER
отреагировала,VERB,,root,,Fem,Sing,,0.0440571209501612,NONE
на,ADP,,case,,,,,-0.1234169717203415,NONE
попытку,NOUN,,obl,Acc,Fem,Sing,Inan,-0.0989640989811683,NONE
мужчины,NOUN,,nmod,Gen,Masc,Sing,Anim,0.1469016435312833,NONE
обнять,VERB,,obl,,,,,-0.0068048842621695,NONE
ее,PRON,,obj,Acc,Fem,Sing,,0.0747540065222514,NONE
во,ADP,,case,,,,,-0.125504405279192,NONE
время,NOUN,,fixed,Acc,Neut,Sing,Inan,0.1637858214581531,NONE
репортажа,NOUN,,obl,Gen,Masc,Sing,Inan,0.1190864624781598,NONE
о,ADP,,case,,,,,0.1303455546080503,NONE
фестивале,NOUN,,nmod,Loc,Masc,Sing,Inan,0.0867713972837255,NONE
бурбона,NOUN,,nmod,Gen,Masc,Sing,Inan,0.1043744829093373,NONE
в,ADP,,case,,,,,-0.2737714404694349,NONE
Луисвилле,PROPN,,nmod,Loc,Masc,Sing,Inan,0.1281307970152996,LOC
",",PUNCT,,punct,,,,,0.2060383819788344,NONE
штат,NOUN,,appos,Nom,Masc,Sing,Inan,-0.0047663220636863,NONE
Кентукки,PROPN,,appos,Gen,Fem,Sing,Inan,0.3442796471244163,LOC
",",PUNCT,,punct,,,,,0.0325098947450955,NONE
в,ADP,,case,,,,,0.0486819536462419,NONE
среду,NOUN,,obl,Acc,Fem,Sing,Inan,0.2173320805149859,NONE
.,PUNCT,,punct,,,,,0.2055019693617134,NONE
Смотрите,VERB,,root,,,Plur,,-0.0262835463905824,NONE
веб-сайт,NOUN,,obj,Acc,Masc,Sing,Inan,0.515418833103164,NONE
Norton,PROPN,,flat:foreign,,,,,0.5379806548785842,ORG
для,ADP,,case,,,,,-0.0614220661500931,NONE
более,ADV,,obl,,,,,0.280629299019151,NONE
подробной,ADJ,,amod,Gen,Fem,Sing,,0.0160844074738156,NONE
информации,NOUN,,obl,Gen,Fem,Sing,Inan,-0.0469157421000394,NONE
.,PUNCT,,punct,,,,,0.444135347255232,NONE
Парк,NOUN,,nsubj,Nom,Masc,Sing,Inan,-0.5384784372339174,NONE
площадью,NOUN,,nmod,Ins,Fem,Sing,Inan,0.1940964498065847,NONE
550,NUM,,nummod,,,,,0.0940847266056086,NONE
акров,NOUN,,nmod,Gen,Masc,Plur,Inan,0.032637069105815,NONE
",",PUNCT,,punct,,,,,0.0445330586736704,NONE
где,ADV,,advmod,,,,,-0.2714600728099287,NONE
живут,VERB,,acl:relcl,,,Plur,,-0.1289439134123786,NONE
львы,NOUN,,nsubj,Nom,Masc,Plur,Anim,-0.0376863610526858,NONE
",",PUNCT,,punct,,,,,0.1759392080722161,NONE
тигры,NOUN,,conj,Nom,Masc,Plur,Anim,0.05824386230952,NONE
",",PUNCT,,punct,,,,,0.1678223865323915,NONE
носороги,NOUN,,conj,Nom,Masc,Plur,Anim,0.1506254964197882,NONE
",",PUNCT,,punct,,,,,0.2922150495204819,NONE
дикие,ADJ,,amod,Nom,,Plur,,0.1102728441929241,NONE
животные,NOUN,,conj,Nom,Neut,Plur,Anim,0.2403404322053333,NONE
и,CCONJ,,cc,,,,,-0.0712302478484822,NONE
верблюды,NOUN,,conj,Nom,Masc,Plur,Anim,0.1412122312026965,NONE
",",PUNCT,,punct,,,,,0.0670187622278521,NONE
опроверг,VERB,,root,,Masc,Sing,,0.1046996521400576,NONE
сообщения,NOUN,,obj,Acc,Neut,Plur,Inan,-0.1459686867355646,NONE
о,ADP,,case,,,,,0.0035644387570666,NONE
вооруженных,VERB,,amod,Loc,,Plur,,0.0439592170561565,NONE
обезьянах,NOUN,,nmod,Loc,Fem,Plur,Anim,0.043373848754723,NONE
как,SCONJ,,mark,,,,,-0.0058946812462392,NONE
городской,ADJ,,amod,Acc,Masc,Sing,Inan,0.1989158101006401,NONE
миф,NOUN,,nmod,Acc,Masc,Sing,Inan,0.2219101901089271,NONE
.,PUNCT,,punct,,,,,-0.0067085955075966,NONE
Приглашение,NOUN,,nsubj,Nom,Neut,Sing,Inan,0.1937787664799787,NONE
азиатским,ADJ,,amod,Dat,,Plur,,0.0123811888251782,NONE
министрам,NOUN,,nmod,Dat,Masc,Plur,Anim,0.055670965789833,NONE
последовало,VERB,,root,,Neut,Sing,,0.0138492142036632,NONE
после,ADP,,case,,,,,-0.0037747636334665,NONE
того,PRON,,obl,Gen,Neut,Sing,Inan,-0.1348323847391822,NONE
",",PUNCT,,punct,,,,,0.0861639919173781,NONE
как,SCONJ,,mark,,,,,-0.1158066936049428,NONE
в,ADP,,case,,,,,0.0992508465015382,NONE
марте,NOUN,,obl,Loc,Masc,Sing,Inan,0.0709987509176859,NONE
комплексный,ADJ,,amod,Nom,Masc,Sing,,-0.216664638341073,NONE
обзор,NOUN,,nsubj,Nom,Masc,Sing,Inan,0.0736306984117606,NONE
внешней,ADJ,,amod,Gen,Fem,Sing,,0.0459193989724301,NONE
политики,NOUN,,nmod,Gen,Fem,Sing,Inan,0.1544137415188784,NONE
Великобритании,PROPN,,nmod,Gen,Fem,Sing,Inan,0.0398593788272647,LOC
объявил,VERB,,acl,,Masc,Sing,,-0.1576865069073258,NONE
о,ADP,,case,,,,,0.1522402172790355,NONE
«наклоне»,NOUN,,obl,Loc,Masc,Sing,Inan,0.0708214126167945,NONE
в,ADP,,case,,,,,0.1525790686357655,NONE
сторону,NOUN,,nmod,Acc,Fem,Sing,Inan,0.0698113527091947,NONE
Индо-Тихоокеанского,ADJ,,amod,Gen,Masc,Sing,,0.098425591387488,LOC
региона,NOUN,,nmod,Gen,Masc,Sing,Inan,0.0781149047907609,LOC
",",PUNCT,,punct,,,,,0.0925343441191629,NONE
что,PRON,,nsubj:pass,Nom,,,,0.2572340481112547,NONE
считается,VERB,,parataxis,,,Sing,,-0.2791271490857429,NONE
шагом,NOUN,,obl,Ins,Masc,Sing,Inan,0.0276690148163449,NONE
",",PUNCT,,punct,,,,,0.038662969775157,NONE
направленным,VERB,,acl,Ins,Masc,Sing,,0.1490085480263587,NONE
на,ADP,,case,,,,,-0.0314654059541228,NONE
противодействие,NOUN,,obl,Acc,Neut,Sing,Inan,0.1713212796683228,NONE
растущему,VERB,,amod,Dat,Neut,Sing,,0.1355444295521405,NONE
влиянию,NOUN,,iobj,Dat,Neut,Sing,Inan,0.0240009142417732,NONE
Китая,PROPN,,nmod,Gen,Masc,Sing,Inan,0.0180787912430653,LOC
в,ADP,,case,,,,,-0.0365437137288765,NONE
регионе,NOUN,,nmod,Loc,Masc,Sing,Inan,0.2260951896434846,NONE
.,PUNCT,,punct,,,,,-0.1250789364511345,NONE
Тем,PRON,,discourse,Ins,Neut,Sing,Inan,0.0812876866623055,NONE
не,PART,,fixed,,,,,-0.2474389284538742,NONE
менее,ADV,,fixed,,,,,0.019282982816945,NONE
",",PUNCT,,punct,,,,,0.1392180652028794,NONE
FDA,PROPN,,nsubj,,,,,0.0486361770040661,ORG
отметило,VERB,,root,,Neut,Sing,,0.1218390725887681,NONE
",",PUNCT,,punct,,,,,0.298059343824654,NONE
что,SCONJ,,mark,,,,,-0.1032263661255488,NONE
это,PRON,,nsubj,Nom,Neut,Sing,Inan,0.0261596805141744,NONE
не,PART,,advmod,,,,,0.2901401065596318,NONE
обязательно,ADV,,advmod,,,,,0.0869352413349828,NONE
означает,VERB,,ccomp,,,Sing,,-0.0077017917077002,NONE
",",PUNCT,,punct,,,,,0.1423997918323273,NONE
что,SCONJ,,mark,,,,,-0.00775790698675,NONE
имплантат,NOUN,,nsubj,Nom,Masc,Sing,Inan,0.2017059774279883,NONE
вызывает,VERB,,ccomp,,,Sing,,-0.0464225107213648,NONE
его,PRON,,obj,Acc,Masc,Sing,,0.1138020076994542,NONE
",",PUNCT,,punct,,,,,0.0946657315803579,NONE
и,CCONJ,,cc,,,,,0.0521012709356472,NONE
необходимы,ADJ,,conj,,,Plur,,0.0528357688124561,NONE
дальнейшие,ADJ,,amod,Nom,,Plur,,-0.0223869174134049,NONE
исследования,NOUN,,nsubj,Nom,Neut,Plur,Inan,-0.2000314671374991,NONE
",",PUNCT,,punct,,,,,-0.0884033410945234,NONE
чтобы,SCONJ,,mark,,,,,-0.0141436052834822,NONE
понять,VERB,,advcl,,,,,-0.1188552765578453,NONE
связь,NOUN,,obj,Acc,Fem,Sing,Inan,0.0326139841239552,NONE
между,ADP,,case,,,,,-0.0325694985627741,NONE
состоянием,NOUN,,nmod,Ins,Neut,Sing,Inan,0.2066975155882124,NONE
и,CCONJ,,cc,,,,,0.243612808083764,NONE
грудными,ADJ,,amod,Ins,,Plur,,0.4457295838868006,NONE
имплантатами,NOUN,,conj,Ins,Masc,Plur,Inan,0.1967352818367702,NONE
.,PUNCT,,punct,,,,,-0.0101709057915736,NONE
Выступая,VERB,,advcl,,,,,-0.0048422025859385,NONE
с,ADP,,case,,,,,0.100780591677333,NONE
AFP,PROPN,,flat:foreign,,,,,-0.1059479960115992,ORG
по,ADP,,case,,,,,0.0670104435413362,NONE
телефону,NOUN,,obl,Dat,Masc,Sing,Inan,0.0569451241106858,NONE
из,ADP,,case,,,,,0.010280798801348,NONE
Перта,PROPN,,nmod,Gen,Masc,Sing,Inan,0.0176229896204978,LOC
",",PUNCT,,punct,,,,,0.0064519967777961,NONE
сказал,VERB,,root,,Masc,Sing,,-0.0873225093679043,NONE
",",PUNCT,,punct,,,,,0.0454149601964667,NONE
что,SCONJ,,mark,,,,,0.8801002922928589,NONE
имеет,VERB,,ccomp,,,Sing,,0.0499588268917341,NONE
право,NOUN,,obj,Acc,Neut,Sing,Inan,0.0090950099087187,NONE
говорить,VERB,,obl,,,,,0.0040741927967559,NONE
свое,DET,,det,Acc,Neut,Sing,,0.1346679182152733,NONE
мнение,NOUN,,obj,Acc,Neut,Sing,Inan,-0.0357422509154245,NONE
после,ADP,,case,,,,,0.010347660800637,NONE
того,PRON,,obl,Gen,Neut,Sing,Inan,0.0372492811503098,NONE
",",PUNCT,,punct,,,,,0.0682634839353641,NONE
как,SCONJ,,mark,,,,,0.0134391835964495,NONE
три,NUM,,nummod,Acc,,,Inan,-0.0324873802954244,NONE
года,NOUN,,obl,Gen,Masc,Sing,Inan,0.1564443588677853,NONE
верно,ADV,,advmod,,,,,0.0428182858718789,NONE
служил,VERB,,acl,,Masc,Sing,,0.0290556513213707,NONE
команде,NOUN,,iobj,Dat,Fem,Sing,Inan,-0.0140907871715777,NONE
.,PUNCT,,punct,,,,,-0.1818864216903056,NONE
Фанаты,NOUN,,nsubj,Nom,Masc,Plur,Anim,-0.0107458145371214,NONE
Cowboys,PROPN,,flat:foreign,,,,,0.1857331881652127,ORG
составляли,VERB,,root,,,Plur,,-0.1097097289446072,NONE
более,ADV,,advmod,,,,,-0.462689257387856,NONE
половины,NOUN,,obl,Gen,Fem,Sing,Inan,-0.1415677421053547,NONE
толпы,NOUN,,nmod,Gen,Fem,Sing,Inan,-0.103431257277987,NONE
на,ADP,,case,,,,,-0.0624349647114518,NONE
поле,NOUN,,nmod,Loc,Neut,Sing,Inan,0.0213843385157718,NONE
FedEx,PROPN,,flat:foreign,,,,,0.2897121753121906,ORG
",",PUNCT,,punct,,,,,-0.0425350815120771,NONE
что,PRON,,nsubj,Nom,,,,-0.1451755255509287,NONE
было,AUX,,cop,,Neut,Sing,,-0.0360628208043849,NONE
видно,ADJ,,parataxis,,Neut,Sing,,-0.2278905636178645,NONE
по,ADP,,case,,,,,-0.0924882168464965,NONE
сине-белым,ADJ,,amod,Dat,,Plur,,0.0897879888909375,NONE
футболкам,NOUN,,obl,Dat,Fem,Plur,Inan,-0.0850123153383869,NONE
на,ADP,,case,,,,,-0.0721020952690388,NONE
трибунах,NOUN,,nmod,Loc,Fem,Plur,Inan,-0.0315377141340624,NONE
.,PUNCT,,punct,,,,,0.0643447199425971,NONE
Bayer,PROPN,,nsubj,,,,,0.0474241810177212,ORG
",",PUNCT,,punct,,,,,0.0054375895016871,NONE
которому,PRON,,iobj,Dat,,,,0.0152609226318712,NONE
принадлежит,VERB,,acl:relcl,,,Sing,,-0.0161671154782208,NONE
Monsanto,PROPN,,nsubj,,,,,0.3992931258389725,ORG
",",PUNCT,,punct,,,,,0.1312147343106936,NONE
говорит,VERB,,root,,,Sing,,0.0397684834270974,NONE
",",PUNCT,,punct,,,,,0.1072332768639372,NONE
что,SCONJ,,mark,,,,,0.4543388128179539,NONE
гербицид,NOUN,,nsubj,Nom,Masc,Sing,Inan,0.0841069412398893,NONE
безопасен,ADJ,,ccomp,,Masc,Sing,,0.0761008211692088,NONE
при,ADP,,case,,,,,-0.0591411026092993,NONE
правильном,ADJ,,amod,Loc,Neut,Sing,,0.0440061069902952,NONE
использовании,NOUN,,obl,Loc,Neut,Sing,Inan,-0.0005434683592904,NONE
",",PUNCT,,punct,,,,,0.2351402953636887,NONE
как,SCONJ,,mark,,,,,0.0260339624780598,NONE
и,PART,,advmod,,,,,0.0808125650499802,NONE
Агентство,PROPN,,obl,Nom,Neut,Sing,Inan,0.094341329215956,ORG
по,ADP,,case,,,,,0.0137995956602832,ORG
охране,NOUN,,nmod,Dat,Fem,Sing,Inan,-0.0195086978740307,ORG
окружающей,VERB,,amod,Gen,Fem,Sing,,0.0349526793244365,ORG
среды,NOUN,,nmod,Gen,Fem,Sing,Inan,0.0764043644512803,ORG
США,PROPN,,nmod,Gen,,Plur,Inan,0.1045913607622923,LOC
.,PUNCT,,punct,,,,,0.676059956839974,NONE
Пакистанский,ADJ,,amod,Nom,Masc,Sing,,0.1021695269564634,NONE
бэтсмен,NOUN,,nsubj:pass,Nom,Masc,Sing,Anim,0.072937934717234,NONE
Имам-уль-Хак,PROPN,,appos,Nom,Masc,Sing,Anim,0.0984517291016893,PER
был,AUX,,aux:pass,,Masc,Sing,,0.0227371475148234,NONE
признан,VERB,,root,,Masc,Sing,,0.0227137747921445,NONE
врачом,NOUN,,obl,Ins,Masc,Sing,Anim,0.0998586238640483,NONE
команды,NOUN,,nmod,Gen,Fem,Sing,Inan,0.0444571735776221,NONE
пригодным,ADJ,,obl,Ins,Masc,Sing,,0.0098472672758079,NONE
для,ADP,,case,,,,,-0.0531186480498482,NONE
игры,NOUN,,obl,Gen,Fem,Sing,Inan,-0.0654954759636693,NONE
в,ADP,,case,,,,,-0.0327121394395427,NONE
биту,NOUN,,nmod,Acc,Fem,Sing,Inan,0.0476080015519647,NONE
после,ADP,,case,,,,,0.1485193552261829,NONE
того,PRON,,obl,Gen,Neut,Sing,Inan,0.0324006963433928,NONE
",",PUNCT,,punct,,,,,0.27563930825486,NONE
как,SCONJ,,mark,,,,,0.1422148584265876,NONE
он,PRON,,nsubj,Nom,Masc,Sing,,0.0399865653093983,NONE
получил,VERB,,acl,,Masc,Sing,,-0.0196823306583462,NONE
удар,NOUN,,obj,Acc,Masc,Sing,Inan,-0.0234165269344595,NONE
по,ADP,,case,,,,,-0.0607159919024591,NONE
левой,ADJ,,amod,Dat,Fem,Sing,,0.0320836536345828,NONE
руке,NOUN,,nmod,Dat,Fem,Sing,Inan,0.0448873686326197,NONE
во,ADP,,case,,,,,-0.0921947185076474,NONE
время,NOUN,,fixed,Acc,Neut,Sing,Inan,-0.1380645568324462,NONE
разминки,NOUN,,obl,Gen,Fem,Sing,Inan,0.1241998117893523,NONE
в,ADP,,case,,,,,0.1263957917399433,NONE
Дерби,PROPN,,nmod,Loc,Masc,Sing,Inan,0.1039745182462757,LOC
.,PUNCT,,punct,,,,,-0.6314866090227245,NONE
Если,SCONJ,,mark,,,,,-0.0270127239257267,NONE
шайба,NOUN,,nsubj,Nom,Fem,Sing,Inan,0.2220691527589007,NONE
попадает,VERB,,advcl,,,Sing,,0.1974960047457369,NONE
в,ADP,,case,,,,,0.0402360827907899,NONE
людей,NOUN,,obl,Acc,Masc,Plur,Anim,-0.0805060264053329,NONE
",",PUNCT,,punct,,,,,0.1295080129869654,NONE
люди,NOUN,,nsubj,Nom,Masc,Plur,Anim,0.0054702291999136,NONE
быстро,ADV,,advmod,,,,,0.2710572951003773,NONE
обвиняют,VERB,,root,,,Plur,,0.0952498548808095,NONE
вратаря,NOUN,,obj,Acc,Masc,Sing,Anim,0.0549262385981248,NONE
или,CCONJ,,cc,,,,,-0.1142188897105493,NONE
защитников,NOUN,,conj,Acc,Masc,Plur,Anim,0.3618812464756881,NONE
",",PUNCT,,punct,,,,,0.1403012086268152,NONE
но,CCONJ,,cc,,,,,0.4001407136841456,NONE
это,PRON,,nsubj,Nom,Neut,Sing,Inan,-0.2739109224157515,NONE
последние,ADJ,,amod,Nom,,Plur,,-0.0881853683258627,NONE
линии,NOUN,,conj,Nom,Fem,Plur,Inan,-0.0138362945756717,NONE
обороны,NOUN,,nmod,Gen,Fem,Sing,Inan,0.3778945393279971,NONE
.,PUNCT,,punct,,,,,0.0533717129241136,NONE
Пэлтроу,PROPN,,nsubj,Nom,Fem,Sing,Anim,0.0252271882088112,PER
также,ADV,,advmod,,,,,0.0167183664802939,NONE
предприняла,VERB,,root,,Fem,Sing,,-0.0044688039062445,NONE
шаги,NOUN,,obj,Acc,Masc,Plur,Inan,0.0598978412387976,NONE
",",PUNCT,,punct,,,,,0.2880844853068105,NONE
чтобы,SCONJ,,mark,,,,,0.1558412794854161,NONE
позволить,VERB,,advcl,,,,,-0.0815602399762272,NONE
своим,DET,,det,Dat,,Plur,,0.0265807990141624,NONE
детям,NOUN,,iobj,Dat,Masc,Plur,Anim,0.0817226707323661,NONE
жить,VERB,,xcomp,,,,,0.1908562876749771,NONE
как,ADV,,advmod,,,,,-0.1728544966179023,NONE
можно,ADV,,fixed,,,,,0.0692795790980015,NONE
более,ADV,,advmod,,,,,-0.0261031320656497,NONE
уединенно,ADV,,advmod,,,,,0.0865943476963441,NONE
",",PUNCT,,punct,,,,,-0.317525706770098,NONE
и,CCONJ,,cc,,,,,0.0990437832512459,NONE
гарантирует,VERB,,conj,,,Sing,,0.0815932333464431,NONE
",",PUNCT,,punct,,,,,0.1581976684137455,NONE
что,SCONJ,,mark,,,,,-0.197430461919067,NONE
они,PRON,,nsubj,Nom,,Plur,,0.279844448627616,NONE
сохранят,VERB,,ccomp,,,Plur,,0.1477948302624612,NONE
свои,DET,,det,Acc,,Plur,,-0.0035707762025185,NONE
учетные,ADJ,,amod,Acc,,Plur,Inan,0.0900777682980726,NONE
записи,NOUN,,obj,Acc,Fem,Plur,Inan,0.0853627217082475,NONE
в,ADP,,case,,,,,0.1325265804509937,NONE
социальных,ADJ,,amod,Loc,,Plur,,0.0412558743465774,NONE
сетях,NOUN,,obl,Loc,Fem,Plur,Inan,0.1233088470846311,NONE
в,ADP,,case,,,,,0.1286531849794915,NONE
тайне,NOUN,,obl,Loc,Fem,Sing,Inan,0.1222183215248547,NONE
.,PUNCT,,punct,,,,,-0.111831917946729,NONE
Если,SCONJ,,mark,,,,,-0.4079206403469293,NONE
ошибка,NOUN,,nsubj,Nom,Fem,Sing,Inan,0.1074952607675524,NONE
произошла,VERB,,advcl,,Fem,Sing,,0.1160331613807311,NONE
",",PUNCT,,punct,,,,,0.2955147500076688,NONE
пожалуйста,ADV,,parataxis,,,,,-0.073108076765365,NONE
",",PUNCT,,punct,,,,,0.3218752383944109,NONE
сообщите,VERB,,root,,,Plur,,0.1853965359444902,NONE
нам,PRON,,iobj,Dat,,Plur,,0.0147403287285807,NONE
об,ADP,,case,,,,,0.0370993573451568,NONE
этом,PRON,,obl,Loc,Neut,Sing,Inan,-0.0128008190318997,NONE
как,ADV,,advmod,,,,,0.0439076606972232,NONE
можно,ADV,,fixed,,,,,0.0550164685074291,NONE
быстрее,ADV,,advmod,,,,,-0.0383076246104681,NONE
",",PUNCT,,punct,,,,,0.4023206085865525,NONE
чтобы,SCONJ,,mark,,,,,-0.0297053652951722,NONE
мы,PRON,,nsubj,Nom,,Plur,,0.1398842905648459,NONE
могли,VERB,,advcl,,,Plur,,0.1374292056057014,NONE
отменить,VERB,,xcomp,,,,,0.272852824412199,NONE
заказ,NOUN,,obj,Acc,Masc,Sing,Inan,0.0685049666675458,NONE
и,CCONJ,,cc,,,,,-0.1249392963102263,NONE
чтобы,SCONJ,,mark,,,,,-0.1079289565063372,NONE
Вы,PRON,,nsubj,Nom,,Plur,,0.0426372032342763,NONE
могли,VERB,,conj,,,Plur,,0.0186449165745906,NONE
повторно,ADV,,advmod,,,,,0.0565773051300144,NONE
купить,VERB,,xcomp,,,,,-0.1834709536042368,NONE
товар,NOUN,,obj,Acc,Masc,Sing,Inan,-0.1760826653181491,NONE
с,ADP,,case,,,,,-0.0784412548149084,NONE
правильным,ADJ,,amod,Ins,Masc,Sing,,0.2038089096330393,NONE
адресом,NOUN,,nmod,Ins,Masc,Sing,Inan,-0.0394375961361637,NONE
.,PUNCT,,punct,,,,,-0.2206644911456378,NONE
это,PRON,,nsubj,Nom,Neut,Sing,Inan,-0.1773305523836472,NONE
было,AUX,,cop,,Neut,Sing,,0.1691925844589727,NONE
бы,AUX,,aux,,,,,-0.3029417628683665,NONE
нормально,ADJ,,conj,,Neut,Sing,,0.9209527853617744,NONE
Крупнейший,ADJ,,amod,Nom,Masc,Sing,,0.1717903743241607,NONE
туроператор,NOUN,,nsubj,Nom,Masc,Sing,Anim,0.0234687139732282,NONE
Великобритании,PROPN,,nmod,Gen,Fem,Sing,Inan,-0.0010130311774542,LOC
Tui,PROPN,,flat:foreign,,,,,0.0272391894061146,ORG
отменил,VERB,,root,,Masc,Sing,,0.0132452692649525,NONE
свои,DET,,det,Acc,,Plur,,-0.0704797232961401,NONE
рейсы,NOUN,,obj,Acc,Masc,Plur,Inan,0.0350471690605997,NONE
из-за,ADP,,case,,,,,0.1146143506737834,NONE
вылета,NOUN,,obl,Gen,Masc,Sing,Inan,0.0068747039189245,NONE
в,ADP,,case,,,,,0.0581112947071215,NONE
материковую,ADJ,,amod,Acc,Fem,Sing,,0.1054744490501621,NONE
часть,NOUN,,nmod,Acc,Fem,Sing,Inan,0.0263266536388342,NONE
Испании,PROPN,,nmod,Gen,Fem,Sing,Inan,0.0294401716366384,LOC
и,CCONJ,,cc,,,,,-0.0032682847759154,NONE
на,ADP,,case,,,,,0.0878239853138045,NONE
Канарские,ADJ,,amod,Acc,,Plur,Inan,0.0895625394002026,LOC
острова,NOUN,,conj,Acc,Masc,Plur,Inan,0.0186146854243194,LOC
в,ADP,,case,,,,,0.1545639457079073,NONE
воскресенье,NOUN,,nmod,Acc,Neut,Sing,Inan,-0.0156145482043598,NONE
.,PUNCT,,punct,,,,,0.8465393030256246,NONE
Если,SCONJ,,mark,,,,,0.2789761994452741,NONE
вам,PRON,,iobj,Dat,,Plur,,-0.0182867193019814,NONE
нужен,ADJ,,advcl,,Masc,Sing,,0.1676183532009297,NONE
принт,NOUN,,nsubj,Nom,Masc,Sing,Inan,0.1357992175392465,NONE
с,ADP,,case,,,,,-0.047859463554536,NONE
рамками,NOUN,,nmod,Ins,Fem,Plur,Inan,-0.1208409654520727,NONE
или,CCONJ,,cc,,,,,-0.3265461329654366,NONE
без,ADP,,case,,,,,0.2347602568203171,NONE
них,PRON,,conj,Gen,,Plur,,-0.1676818867955683,NONE
",",PUNCT,,punct,,,,,0.02660585920702,NONE
пожалуйста,ADV,,parataxis,,,,,0.3169819559442721,NONE
",",PUNCT,,punct,,,,,0.1242980585549709,NONE
оставьте,VERB,,root,,,Plur,,0.2640650281106746,NONE
нам,PRON,,iobj,Dat,,Plur,,0.3626438307610253,NONE
сообщение,NOUN,,obj,Acc,Neut,Sing,Inan,0.2053103536052341,NONE
.,PUNCT,,punct,,,,,0.0067804627578107,NONE
"""",PUNCT,Z:-------------,punct,,,,,-0.0615857874847946,NONE
Спасибо,PART,,root,,,,,0.0354742690223249,NONE
",",PUNCT,,punct,,,,,0.0564512823900039,NONE
@JAL,PROPN,,flat:foreign,,,,,0.1770181245796847,ORG
_,SYM,,flat:foreign,,,,,0.1259800153196018,NONE
Official,PROPN,,flat:foreign,,,,,-0.2309898401270705,NONE
_,SYM,,flat:foreign,,,,,0.2619564267993794,NONE
jp,X,,flat:foreign,,,,,-0.0939567951031518,NONE
",",PUNCT,,punct,,,,,0.1110483648394315,NONE
что,SCONJ,,mark,,,,,0.082332967933217,NONE
предупредила,VERB,,ccomp,,Fem,Sing,,-0.1103475881882776,NONE
меня,PRON,,obj,Acc,,Sing,,-0.1585382575550247,NONE
о,ADP,,case,,,,,0.0082909242500024,NONE
том,PRON,,obl,Loc,Neut,Sing,Inan,-0.2335013664770143,NONE
",",PUNCT,,punct,,,,,0.2123518061376025,NONE
где,ADV,,advmod,,,,,0.013586126120198,NONE
малыши,NOUN,,nsubj,Nom,Masc,Plur,Anim,0.0088180510073157,NONE
планируют,VERB,,acl,,,Plur,,-0.0263167558313061,NONE
кричать,VERB,,xcomp,,,,,0.1035862430620529,NONE
и,CCONJ,,cc,,,,,-0.2597448879623921,NONE
кричать,VERB,,conj,,,,,-0.0201373190257506,NONE
во,ADP,,case,,,,,-0.2603453801991263,NONE
время,NOUN,,fixed,Acc,Neut,Sing,Inan,-0.161153980418056,NONE
13-часовой,ADJ,,amod,Gen,Fem,Sing,,0.245218286777127,NONE
поездки,NOUN,,obl,Gen,Fem,Sing,Inan,0.0408082897635565,NONE
.,PUNCT,,punct,,,,,0.1686429704602876,NONE
(,PUNCT,,punct,,,,,0.2865501903056168,NONE
При,ADP,,case,,,,,-0.2473681230647181,NONE
размещении,NOUN,,obl,Loc,Neut,Sing,Inan,0.0813927327354437,NONE
нескольких,NUM,,nummod,Gen,,,,0.0905641691373337,NONE
заказов,NOUN,,nmod,Gen,Masc,Plur,Inan,0.1480529924958321,NONE
запросите,VERB,,root,,,Plur,,0.1506475781218049,NONE
счет-фактуру,PROPN,,nmod,Acc,Fem,Sing,Inan,0.2191658087639019,NONE
на,ADP,,case,,,,,0.0828119297455477,NONE
указанную,VERB,,amod,Acc,Fem,Sing,,0.1634919281890848,NONE
сумму,NOUN,,nmod,Acc,Fem,Sing,Inan,0.0339935264546681,NONE
ПЕРЕД,ADP,,case,,,,,0.0714737272011242,ORG
оплатой,NOUN,,nmod,Ins,Fem,Sing,Inan,0.288514770283313,NONE
.,PUNCT,,punct,,,,,0.1587196620994042,NONE
),PUNCT,,root,,,,,0.2277569331528449,NONE
Если,SCONJ,,mark,,,,,0.0680462119200455,NONE
шайба,NOUN,,nsubj,Nom,Fem,Sing,Inan,0.5174953968149238,NONE
идет,VERB,,advcl,,,Sing,,-0.0119520011065868,NONE
в,ADP,,case,,,,,-0.1198668426496794,NONE
люди,NOUN,,obl,Nom,Masc,Plur,Anim,-0.5350683751280192,NONE
быстро,ADV,,advmod,,,,,0.2234667901834977,NONE
обвинить,VERB,,xcomp,,,,,0.0825227180890574,NONE
вратаря,NOUN,,obj,Acc,Masc,Sing,Anim,-0.0100198946670505,NONE
или,CCONJ,,cc,,,,,0.1291437720044778,NONE
оборонцев,NOUN,,conj,Acc,Masc,Plur,Anim,0.1711284833521517,NONE
",",PUNCT,,punct,,,,,-0.2842450253594996,NONE
но,CCONJ,,cc,,,,,0.1008329935248613,NONE
это,PRON,,nsubj,Nom,Neut,Sing,Inan,-0.2140194813932514,NONE
последние,ADJ,,amod,Nom,,Plur,,0.1059322070683972,NONE
линии,NOUN,,root,Nom,Fem,Plur,Inan,-0.0538928999883741,NONE
обороны,NOUN,,nmod,Gen,Fem,Sing,Inan,0.1163988162322199,NONE
.,PUNCT,,punct,,,,,0.1447867188817039,NONE
Norton,PROPN,,nsubj,,,,,0.0469553870457704,NONE
превосходил,VERB,,root,,Masc,Sing,,0.0115338834909322,NONE
конкурентов,NOUN,,obj,Acc,Masc,Plur,Anim,0.0175657122518629,NONE
во,ADP,,case,,,,,-0.002632973759104,NONE
многих,NUM,,amod,,,,,-0.0090128477220154,NONE
солидных,ADJ,,amod,Loc,,Plur,,0.0051907761993952,NONE
очных,ADJ,,amod,Loc,,Plur,,0.0141247245757364,NONE
тестах,NOUN,,obl,Loc,Masc,Plur,Inan,0.0204348773434792,NONE
",",PUNCT,,punct,,,,,0.0213162036395654,NONE
и,CCONJ,,cc,,,,,-0.0013225955719671,NONE
только,PART,,advmod,,,,,0.0148870134051579,NONE
Norton,PROPN,,nsubj,,,,,0.0113982699827168,NONE
34,NUM,,nummod,,,,,0.0013183479742059,NONE
раза,NOUN,,obl,Gen,Masc,Sing,Inan,-0.0206475941156145,NONE
получал,VERB,,conj,,Masc,Sing,,-2.1010503790640147,NONE
награду,NOUN,,obj,Acc,Fem,Sing,Inan,0.0013343393364938,NONE
PC,PROPN,,flat:foreign,,,,,-0.0011533766861183,NONE
Magazine,PROPN,,flat:foreign,,,,,0.01674821115246,NONE
Editors,PROPN,,flat:foreign,,,,,0.0181608587124546,NONE
"""",PUNCT,,punct,,,,,-0.0058052220258778,NONE
"""",PUNCT,,punct,,,,,-0.0283547631341813,NONE
Choice,PROPN,,flat:foreign,,,,,0.0244649101019975,NONE
Award,PROPN,,flat:foreign,,,,,0.012384015290924,NONE
",",PUNCT,,punct,,,,,0.0059699043624882,NONE
включая,ADV,,advmod,,,,,-0.0106828330644403,NONE
11,NUM,,nummod,,,,,0.0057579465573237,NONE
лет,NOUN,,obl,Gen,Masc,Plur,Inan,0.0107268695963444,NONE
подряд,ADV,,advmod,,,,,0.0220810828807063,NONE
-,PUNCT,,punct,,,,,0.0262276865464948,NONE
больше,ADV,,parataxis,,,,,0.0096124733756679,NONE
",",PUNCT,,punct,,,,,0.0253937519593918,NONE
чем,SCONJ,,mark,,,,,0.0019796567511198,NONE
любая,DET,,det,Nom,Fem,Sing,,-0.0371865703835412,NONE
другая,ADJ,,amod,Nom,Fem,Sing,,-0.0198681736806547,NONE
компания,NOUN,,advcl,Nom,Fem,Sing,Inan,0.02421998727035,NONE
",",PUNCT,,punct,,,,,0.0143000686922992,NONE
занимающаяся,VERB,,acl,Nom,Fem,Sing,,0.016639720355423,NONE
вопросами,NOUN,,obl,Ins,Masc,Plur,Inan,0.009194758594025,NONE
безопасности,NOUN,,nmod,Gen,Fem,Sing,Inan,-0.0085852694496612,NONE
.,PUNCT,,punct,,,,,0.0016367862834125,NONE
"""",PUNCT,,root,,,,,0.0099458127352339,NONE
Министр,NOUN,,nsubj,Nom,Masc,Sing,Anim,0.2051810104290356,NONE
иностранных,ADJ,,amod,Gen,,Plur,,-0.0203012568659472,NONE
дел,NOUN,,nmod,Gen,Neut,Plur,Inan,-0.0072784215669201,NONE
подчеркнет,VERB,,root,,,Sing,,-0.0162060391854607,NONE
важность,NOUN,,obj,Acc,Fem,Sing,Inan,-0.0828671976627711,NONE
сотрудничества,NOUN,,nmod,Gen,Neut,Sing,Inan,-0.1068667398458298,NONE
с,ADP,,case,,,,,-0.0841227965624202,NONE
"""",PUNCT,,punct,,,,,-0.0693218907514546,NONE
"""",PUNCT,,punct,,,,,-0.0543112889826197,NONE
экономиками,NOUN,,nmod,Ins,Fem,Plur,Inan,-0.0178023989570252,NONE
будущего,NOUN,,nmod,Gen,Neut,Sing,Inan,-0.0361433007293398,NONE
"""",PUNCT,,punct,,,,,0.055218423747393,NONE
"""",PUNCT,,punct,,,,,0.0753262888559296,NONE
Юго-Восточной,PROPN,,amod,,,,,0.0403252529489956,ORG
Азии,PROPN,,nmod,Gen,Fem,Sing,Inan,0.0023684616130678,ORG
для,ADP,,case,,,,,0.088601354796521,NONE
решения,NOUN,,nmod,Gen,Neut,Sing,Inan,-0.0268455600023116,NONE
текущих,ADJ,,amod,Gen,,Plur,,0.0508838982805843,NONE
проблем,NOUN,,nmod,Gen,Fem,Plur,Inan,0.0122367912111748,NONE
",",PUNCT,,punct,,,,,-0.5803219938984284,NONE
стоящих,VERB,,acl,Gen,,Plur,,-0.0067721048626885,NONE
перед,ADP,,case,,,,,-0.0073528227333484,NONE
Западом,PROPN,,obl,Ins,Masc,Sing,Inan,-0.0139385978916032,LOC
",",PUNCT,,punct,,,,,-0.0354950274199214,NONE
говорится,VERB,,parataxis,,,Sing,,0.006105749268824,NONE
в,ADP,,case,,,,,0.1042955164136146,NONE
сообщении,NOUN,,obl,Loc,Neut,Sing,Inan,0.0224648206404702,NONE
FCDO,PROPN,,flat:foreign,,,,,0.0639556724539798,ORG
.,PUNCT,,punct,,,,,-0.1356255508324179,NONE
"""",PUNCT,,punct,,,,,-0.0396080509179825,NONE
Dallas,PROPN,,nsubj,,,,,0.0212395522276027,ORG
Cowboys,PROPN,,flat:foreign,,,,,0.2283659411726628,ORG
привозят,VERB,,parataxis,,,Plur,,0.070380984499718,NONE
в,ADP,,case,,,,,-0.2212689944726984,NONE
Вашингтон,PROPN,,obl,Acc,Masc,Sing,Inan,0.2627055033864811,LOC
скамейки,NOUN,,obj,Acc,Fem,Plur,Inan,0.3259934482839696,NONE
",",PUNCT,,punct,,,,,0.3691720289386825,NONE
соперничество,NOUN,,nsubj,Nom,Neut,Sing,Inan,0.4533526482434628,NONE
накаляется,VERB,,conj,,,Sing,,0.0017982196361356,NONE
В,ADP,,cc,,,,,-0.3170336789775247,NONE
то,DET,,fixed,Acc,Neut,Sing,,-0.0341380727300627,NONE
время,NOUN,,fixed,Acc,Neut,Sing,Inan,0.013168036726238,NONE
как,SCONJ,,fixed,,,,,-0.0877015227453611,NONE
демократы,NOUN,,nsubj,Nom,Masc,Plur,Anim,-0.0872073341307294,NONE
хотят,VERB,,advcl,,,Plur,,-0.0882266336438028,NONE
",",PUNCT,,punct,,,,,0.230403207295356,NONE
чтобы,SCONJ,,mark,,,,,-0.0858577466107005,NONE
пакет,NOUN,,nsubj,Nom,Masc,Sing,Inan,-0.013770812761233,NONE
«четвертой,ADJ,,amod,Gen,Fem,Sing,,0.0755533439281726,NONE
фазы»,NOUN,,nmod,Gen,Fem,Plur,Inan,0.0711688513396112,NONE
коронавируса,NOUN,,nmod,Gen,Masc,Sing,Inan,0.4109970865043202,NONE
позволил,VERB,,ccomp,,Masc,Sing,,0.0259767221598236,NONE
увеличить,VERB,,xcomp,,,,,-0.0231387794351494,NONE
выгоды,NOUN,,obj,Acc,Fem,Plur,Inan,0.0598957910052587,NONE
на,ADP,,case,,,,,-0.0541773585063446,NONE
600,NUM,,nummod:gov,,,,,-0.0472141874248998,NONE
долларов,NOUN,,obl,Gen,Masc,Plur,Inan,-0.0448684180739727,NONE
",",PUNCT,,punct,,,,,0.2660797058942021,NONE
республиканцы,NOUN,,nsubj,Nom,Masc,Plur,Anim,-0.0736061156548427,NONE
призывают,VERB,,root,,,Plur,,0.065062338351169,NONE
к,ADP,,case,,,,,0.0055631713617499,NONE
его,DET,,det,,,,,0.019487268617181,NONE
сокращению,NOUN,,obl,Dat,Neut,Sing,Inan,0.0671961259571436,NONE
и,CCONJ,,cc,,,,,-0.0169213265043932,NONE
утверждают,VERB,,conj,,,Plur,,0.0319898378806816,NONE
",",PUNCT,,punct,,,,,0.1502922784749832,NONE
что,SCONJ,,mark,,,,,0.0640854385638236,NONE
некоторые,DET,,det,Nom,,Plur,,0.2482229331548188,NONE
американцы,NOUN,,nsubj,Nom,Masc,Plur,Anim,0.1132606784521211,NONE
зарабатывают,VERB,,ccomp,,,Plur,,0.0941062951756198,NONE
больше,ADV,,advmod,,,,,0.0794734675919435,NONE
на,ADP,,case,,,,,-0.071679891556409,NONE
безработице,NOUN,,obl,Loc,Fem,Sing,Inan,0.2136944405697076,NONE
",",PUNCT,,punct,,,,,0.2062416068864141,NONE
чем,SCONJ,,mark,,,,,-0.052637673912839,NONE
на,ADP,,case,,,,,-0.0209211125951249,NONE
заработной,ADJ,,amod,Loc,Fem,Sing,,-0.0167336498960548,NONE
плате,NOUN,,obl,Loc,Fem,Sing,Inan,0.0039643072561579,NONE
.,PUNCT,,punct,,,,,-0.1173517882292187,NONE
Проблема,NOUN,,root,Nom,Fem,Sing,Inan,-0.2309822625391131,NONE
с,ADP,,case,,,,,0.0067122879591325,NONE
температурой,NOUN,,nmod,Ins,Fem,Sing,Inan,0.036879618309029,NONE
водонагревателя,NOUN,,nmod,Gen,Masc,Sing,Anim,0.0396092828651115,NONE
и,CCONJ,,cc,,,,,-0.0578176847330158,NONE
ванной,NOUN,,conj,Ins,Fem,Sing,Inan,0.0331832972123527,NONE
.,PUNCT,,punct,,,,,0.9511844656019552,NONE
Он,PRON,,nsubj,Nom,Masc,Sing,,-0.0230617606921426,NONE
поддерживает,VERB,,root,,,Sing,,0.6758542647620092,NONE
нормальную,ADJ,,amod,Acc,Fem,Sing,,0.0275329179706222,NONE
ферментативную,ADJ,,amod,Acc,Fem,Sing,,0.1174081994682403,NONE
активность,NOUN,,obj,Acc,Fem,Sing,Inan,0.0679370211588005,NONE
и,CCONJ,,cc,,,,,-0.2509578961904856,NONE
способность,NOUN,,conj,Acc,Fem,Sing,Inan,-0.2823776649389953,NONE
удерживать,VERB,,obl,,,,,0.1042769823018928,NONE
воду,NOUN,,obj,Acc,Fem,Sing,Inan,-0.0048471125503778,NONE
",",PUNCT,,punct,,,,,-0.1486438865529063,NONE
чтобы,SCONJ,,mark,,,,,-0.2948854847532256,NONE
обеспечить,VERB,,advcl,,,,,-0.0287847765357317,NONE
здоровую,ADJ,,amod,Acc,Fem,Sing,,0.1997882864941408,NONE
устойчивость,NOUN,,obj,Acc,Fem,Sing,Inan,0.0209553537820116,NONE
к,ADP,,case,,,,,-0.1257566346371181,NONE
сжатию,NOUN,,nmod,Dat,Neut,Sing,Inan,0.0870076012989047,NONE
.,PUNCT,,punct,,,,,0.2789913020078617,NONE
В,ADP,,case,,,,,0.0252241120055355,NONE
целом,NOUN,,obl,Loc,Neut,Sing,Inan,-0.2450871051184286,NONE
",",PUNCT,,punct,,,,,0.065823489244599,NONE
что,PRON,,nsubj,Nom,,,,-0.102782642687392,NONE
касается,VERB,,advcl,,,Sing,,-0.0718498993662597,NONE
спроса,NOUN,,obl,Gen,Masc,Sing,Inan,0.0579073425263067,NONE
",",PUNCT,,punct,,,,,0.1911519401304843,NONE
то,SCONJ,,mark,,,,,0.0292550589743071,NONE
мы,PRON,,nsubj,Nom,,Plur,,0.1567877501027261,NONE
не,PART,,advmod,,,,,0.2011223115816453,NONE
вернулись,VERB,,root,,,Plur,,-0.0162346767379332,NONE
к,ADP,,case,,,,,0.1395707408384339,NONE
уровню,NOUN,,obl,Dat,Masc,Sing,Inan,0.3166467432644124,NONE
",",PUNCT,,punct,,,,,0.040163563752517,NONE
существовавшему,VERB,,acl,Dat,Masc,Sing,,0.0730883262017622,NONE
до,ADP,,case,,,,,0.0329551963213336,NONE
вступления,NOUN,,obl,Gen,Neut,Sing,Inan,0.1854457883447391,NONE
в,ADP,,case,,,,,0.2544183498681414,NONE
силу,NOUN,,nmod,Acc,Fem,Sing,Inan,-0.1685201615812907,NONE
закона,NOUN,,nmod,Gen,Masc,Sing,Inan,0.092032285938346,NONE
COVID,PROPN,,flat:foreign,,,,,0.2138016506425698,NONE
",",PUNCT,,punct,,,,,0.0242765079903601,NONE
хотя,SCONJ,,mark,,,,,-0.0530181446094479,NONE
аппетит,NOUN,,nsubj,Nom,Masc,Sing,Inan,0.2689829774556311,NONE
растет,VERB,,advcl,,,Sing,,0.3355988950229147,NONE
.,PUNCT,,punct,,,,,0.2585504645644849,NONE
Пресс-клуб,NOUN,,nsubj,Nom,Masc,Sing,Inan,0.2047821220343551,NONE
Indore,PROPN,,flat:foreign,,,,,0.0688266034544109,ORG
также,ADV,,advmod,,,,,-0.2064170108561673,NONE
предоставил,VERB,,root,,Masc,Sing,,0.0083417322823801,NONE
мальчику,NOUN,,iobj,Dat,Masc,Sing,Anim,0.11364143879579,NONE
паек,NOUN,,obj,Acc,Masc,Sing,Inan,0.2244322624361285,NONE
и,CCONJ,,cc,,,,,0.2955225600973818,NONE
деньги,NOUN,,conj,Acc,Fem,Plur,Inan,0.0103593328067126,NONE
.,PUNCT,,punct,,,,,0.3999080679921226,NONE
Вероятно,ADV,,parataxis,,,,,-0.3070487537454937,NONE
",",PUNCT,,punct,,,,,-0.0125583062830498,NONE
у,ADP,,case,,,,,-0.1502718036505061,NONE
нас,PRON,,root,Gen,,Plur,,-0.1034062680250376,NONE
есть,VERB,,cop,,,Sing,,-0.0606282474015025,NONE
то,PRON,,nsubj,Nom,Neut,Sing,Inan,0.0152150526073977,NONE
",",PUNCT,,punct,,,,,0.1064722537446865,NONE
что,PRON,,obj,Acc,,,,-0.3329447358732182,NONE
вы,PRON,,nsubj,Nom,,Plur,,0.2028490927368695,NONE
ищете,VERB,,acl,,,Plur,,0.5568884683432549,NONE
!,PUNCT,,punct,,,,,0.2025815995590947,NONE
Формулирован,VERB,,root,,Masc,Sing,,0.0320545195556745,NONE
с,ADP,,case,,,,,0.0088114735004831,NONE
использованием,NOUN,,obl,Ins,Neut,Sing,Inan,0.0473665355259729,NONE
смеси,NOUN,,nmod,Gen,Fem,Sing,Inan,0.0932455278257835,NONE
шведских,ADJ,,amod,Gen,,Plur,,0.0498498160732495,NONE
натуральных,ADJ,,amod,Gen,,Plur,,0.1262063345203931,NONE
ингредиентов,NOUN,,nmod,Gen,Masc,Plur,Inan,0.1090236264260163,NONE
красных,ADJ,,amod,Gen,,Plur,,0.0319182273995581,NONE
водорослей,NOUN,,nmod,Gen,Fem,Plur,Inan,0.0716329830747361,NONE
",",PUNCT,,punct,,,,,0.1791159892772311,NONE
коричневых,ADJ,,amod,Gen,,Plur,,0.0666042372098014,NONE
водорослей,NOUN,,conj,Gen,Fem,Plur,Inan,0.0062008369731319,NONE
и,CCONJ,,cc,,,,,0.1074322284510129,NONE
минералов,NOUN,,conj,Gen,Masc,Plur,Inan,0.0477665985963574,NONE
Aqua,PROPN,,flat:foreign,,,,,0.0502335025249391,NONE
с,ADP,,case,,,,,0.03866547938211,NONE
витамином,NOUN,,nmod,Ins,Masc,Sing,Inan,0.0441928783376504,NONE
С,PROPN,,appos,Nom,Masc,Sing,Inan,0.0720096147609586,NONE
и,CCONJ,,cc,,,,,0.1725713434813151,NONE
антизагрязнением,NOUN,,conj,Ins,Neut,Sing,Inan,0.1180524165973558,NONE
.,PUNCT,,punct,,,,,-0.7890348048687774,NONE
Конечно,ADV,,parataxis,,,,,-0.4834569123141815,NONE
",",PUNCT,,punct,,,,,-0.0062827907748565,NONE
мне,PRON,,iobj,Dat,,Sing,,-0.0507210350045036,NONE
",",PUNCT,,punct,,,,,0.0885200166126457,NONE
вероятно,ADV,,parataxis,,,,,0.3989403058749132,NONE
",",PUNCT,,punct,,,,,0.2516518279654434,NONE
придется,VERB,,root,,,Sing,,0.1372012211059275,NONE
заставить,VERB,,csubj,,,,,0.3309968595505875,NONE
вас,PRON,,obj,Acc,,Plur,,0.3228141043475819,NONE
подписать,VERB,,xcomp,,,,,0.1344750857501118,NONE
соглашение,NOUN,,obj,Acc,Neut,Sing,Inan,0.0661963434375496,NONE
.,PUNCT,,punct,,,,,-0.4306583217911205,NONE
Кабмин,NOUN,,nsubj,Nom,Masc,Sing,Anim,0.0860943413125422,ORG
Кардиффского,PROPN,,amod,,,,,0.1561308033270974,ORG
совета,NOUN,,nmod,Gen,Masc,Sing,Inan,-0.0034191799454648,ORG
надеется,VERB,,root,,,Sing,,0.1449595591751712,NONE
",",PUNCT,,punct,,,,,0.0229123633552173,NONE
что,SCONJ,,mark,,,,,0.1448223393977657,NONE
этот,DET,,det,Nom,Masc,Sing,,0.0124756202085144,NONE
переезд,NOUN,,nsubj,Nom,Masc,Sing,Inan,0.2074271212753347,NONE
в,ADP,,case,,,,,0.1780233240632317,NONE
конечном,ADJ,,amod,Loc,Masc,Sing,,0.1763457516185747,NONE
итоге,NOUN,,obl,Loc,Masc,Sing,Inan,-0.0421795387931199,NONE
означит,VERB,,ccomp,,,Sing,,0.056095167779921,NONE
",",PUNCT,,punct,,,,,0.2039066371021137,NONE
что,SCONJ,,mark,,,,,0.0759177195113093,NONE
в,ADP,,case,,,,,0.2526891564024643,NONE
городе,NOUN,,ccomp,Loc,Masc,Sing,Inan,-0.0785371775653472,NONE
столько,ADV,,nsubj,,,,,-0.252986510311722,NONE
же,PART,,advmod,,,,,-0.0731604178174759,NONE
названий,NOUN,,obl,Gen,Neut,Plur,Inan,0.0281170551146497,NONE
улиц,NOUN,,nmod,Gen,Fem,Plur,Inan,0.1366074690940191,NONE
Уэльса,PROPN,,nmod,Gen,Masc,Sing,Inan,0.15311701436258,LOC
",",PUNCT,,punct,,,,,0.0716917304695214,NONE
сколько,SCONJ,,cc,,,,,-0.0656870408846416,NONE
английских,ADJ,,conj,Gen,,Plur,,0.2126702923976617,NONE
",",PUNCT,,punct,,,,,0.1129333283419651,NONE
и,CCONJ,,cc,,,,,-0.1020337044663222,NONE
укрепляет,VERB,,conj,,,Sing,,-0.1069990165261326,NONE
язык,NOUN,,obj,Acc,Masc,Sing,Inan,0.106130286895845,NONE
.,PUNCT,,punct,,,,,-0.5902248989887301,NONE
Паралимпийец,NOUN,,nsubj,Nom,Masc,Sing,Anim,0.0174897403886738,NONE
станет,VERB,,root,,,Sing,,0.0096259229445012,NONE
первым,ADJ,,amod,Ins,Masc,Sing,,-0.0799098514441835,NONE
слепым,ADJ,,amod,Ins,Masc,Sing,,-0.1348259347517093,NONE
участником,NOUN,,obl,Ins,Masc,Sing,Anim,0.1263958766168453,NONE
танцев,NOUN,,nmod,Gen,Masc,Plur,Inan,0.5405063660782481,NONE
на,ADP,,case,,,,,-0.014849980448521,NONE
льду,NOUN,,nmod,Loc,Masc,Sing,Inan,0.4911910669371991,NONE
Реальная,ADJ,,amod,Nom,Fem,Sing,,0.1944653192173337,NONE
упаковка,NOUN,,nsubj,Nom,Fem,Sing,Inan,0.0041710829638587,NONE
и,CCONJ,,cc,,,,,-0.0583921075923251,NONE
материалы,NOUN,,conj,Nom,Masc,Plur,Inan,-0.0358085054623102,NONE
продукта,NOUN,,nmod,Gen,Masc,Sing,Inan,0.0324900823974865,NONE
могут,VERB,,root,,,Plur,,-0.0474790144109244,NONE
содержать,VERB,,xcomp,,,,,-0.0673774311151516,NONE
больше,ADV,,advmod,,,,,-0.0349646183645375,NONE
и,CCONJ,,cc,,,,,0.0538312567080327,NONE
/,PUNCT,,punct,,,,,0.004989901081856,NONE
или,CCONJ,,cc,,,,,0.0579756700535833,NONE
другую,ADJ,,conj,Acc,Fem,Sing,,0.0035770196529157,NONE
информацию,NOUN,,obj,Acc,Fem,Sing,Inan,-0.0404054622747496,NONE
",",PUNCT,,punct,,,,,0.0063238492515042,NONE
чем,SCONJ,,mark,,,,,-0.0169895293663304,NONE
та,DET,,det,Nom,Fem,Sing,,-0.034647573773271,NONE
",",PUNCT,,punct,,,,,0.3459761564179664,NONE
что,PRON,,nsubj:pass,Nom,,,,-0.5464765070026688,NONE
представлена,VERB,,acl:relcl,,Fem,Sing,,-0.1274537104264297,NONE
на,ADP,,case,,,,,-0.0860674646661217,NONE
нашем,DET,,det,Loc,Masc,Sing,,-0.016489483443936,NONE
веб-сайте,NOUN,,obl,Loc,Masc,Sing,Inan,0.0722916611491064,NONE
.,PUNCT,,punct,,,,,0.0965895652209666,NONE
Коутиньо,PROPN,,nsubj:pass,Nom,Masc,Sing,Anim,-0.0148009012169925,NONE
и,CCONJ,,cc,,,,,-0.2287792686838005,NONE
Умтити,PROPN,,conj,Nom,Masc,Sing,Anim,0.035666910748887,PER
были,AUX,,aux:pass,,,Plur,,0.3225829713803667,NONE
связаны,VERB,,root,,,Plur,,-0.0623586374069461,NONE
с,ADP,,case,,,,,-0.0150027241169847,NONE
переездами,NOUN,,obl,Ins,Masc,Plur,Inan,0.2192164813611333,NONE
в,ADP,,case,,,,,-0.0328347542509608,NONE
«Арсенал»,NOUN,,nmod,Acc,Masc,Sing,Inan,0.1945040483169227,ORG
",",PUNCT,,punct,,,,,0.2625238846086987,NONE
а,CCONJ,,cc,,,,,-0.1381408024210872,NONE
«Челси»,NOUN,,nsubj,Nom,Masc,Sing,Inan,0.2598814610760299,ORG
следит,VERB,,conj,,,Sing,,0.2110666239341834,NONE
за,ADP,,case,,,,,-0.1873068890123166,NONE
бразильцами,NOUN,,obl,Ins,Masc,Plur,Anim,0.1243907634330875,NONE
.,PUNCT,,punct,,,,,0.3765671615380356,NONE
Передняя,ADJ,,root,Nom,Fem,Sing,,-0.047545545905812,NONE
:,PUNCT,,punct,,,,,0.6622128578342474,NONE
1,NUM,,nummod,,,,,0.1848296080991439,NONE
большой,ADJ,,amod,Nom,Masc,Sing,,0.0570935238316479,NONE
карман,NOUN,,parataxis,Nom,Masc,Sing,Inan,0.1702337524849063,NONE
и,CCONJ,,cc,,,,,-0.4588781199980254,NONE
1,NUM,,nummod,,,,,0.3578469132031396,NONE
карман,NOUN,,conj,Nom,Masc,Sing,Inan,0.0222343123594122,NONE
на,ADP,,case,,,,,-0.27157699702424,NONE
молнии,NOUN,,nmod,Loc,Fem,Sing,Inan,-0.1256309335399786,NONE
По,ADP,,case,,,,,-0.1451287927320194,NONE
данным,NOUN,,parataxis,Dat,,Plur,Inan,-0.5263748848902269,NONE
источников,NOUN,,nmod,Gen,Masc,Plur,Inan,0.0824598437489038,NONE
",",PUNCT,,punct,,,,,0.2315329470262811,NONE
Совет,PROPN,,nsubj,Nom,Masc,Sing,Inan,-0.0403215507812873,ORG
рассмотрит,VERB,,root,,,Sing,,-0.0693174918586209,NONE
предложение,NOUN,,obj,Acc,Neut,Sing,Inan,0.0214301047861681,NONE
о,ADP,,case,,,,,-0.16860910631167,NONE
расширении,NOUN,,nmod,Loc,Neut,Sing,Inan,0.0475727407546877,NONE
полномочий,NOUN,,nmod,Gen,Neut,Plur,Inan,0.08877071455691,NONE
советов,NOUN,,nmod,Gen,Masc,Plur,Inan,0.1328573244118394,NONE
управляющих,VERB,,amod,Gen,,Plur,,0.0718699051907222,NONE
ИТ,PROPN,,nmod,Gen,Neut,Sing,Inan,-0.0284736156840411,ORG
в,ADP,,case,,,,,-0.0481003788139804,NONE
выборе,NOUN,,nmod,Loc,Masc,Sing,Inan,0.1510851857002876,NONE
своих,DET,,det,Gen,,Plur,,0.0492739433468261,NONE
соответствующих,ADJ,,amod,Gen,,Plur,,0.1785743507023827,NONE
членов,NOUN,,nmod,Gen,Masc,Plur,Anim,0.4542592632853785,NONE
и,CCONJ,,cc,,,,,0.1060856717675401,NONE
председателей,NOUN,,conj,Gen,Masc,Plur,Anim,-0.0555107374716924,NONE
.,PUNCT,,punct,,,,,0.3591146188139743,NONE
Дальнейший,ADJ,,amod,Nom,Masc,Sing,,0.0085989278271974,NONE
анализ,NOUN,,nsubj,Nom,Masc,Sing,Inan,-0.0379519318904846,NONE
показал,VERB,,root,,Masc,Sing,,-0.4111004146083579,NONE
",",PUNCT,,punct,,,,,0.0104080952179939,NONE
что,SCONJ,,mark,,,,,0.036658075219859,NONE
из,ADP,,case,,,,,-0.1243214544300065,NONE
трех,NUM,,nummod,Gen,,,,-0.0799741233427248,NONE
загрязнителей,NOUN,,obl,Gen,Masc,Plur,Anim,0.0597372438748287,NONE
только,PART,,advmod,,,,,-0.0523273414522349,NONE
SO2,PROPN,,nsubj:pass,,,,,0.0742030913841247,NONE
было,AUX,,aux:pass,,Neut,Sing,,-0.0308719015242059,NONE
связано,VERB,,ccomp,,Neut,Sing,,-0.3133803631805898,NONE
со,ADP,,case,,,,,-0.0835822400510486,NONE
смертельным,ADJ,,amod,Ins,Masc,Sing,,-0.3357223862172782,NONE
исходом,NOUN,,obl,Ins,Masc,Sing,Inan,-0.0932967231818386,NONE
в,ADP,,case,,,,,0.0414701289677261,NONE
течение,NOUN,,fixed,Acc,Neut,Sing,Inan,0.084161873581543,NONE
первых,ADJ,,amod,Gen,,Plur,,-0.1347587822306648,NONE
28,NUM,,nummod,,,,,-0.265633685968913,NONE
дней,NOUN,,nmod,Gen,Masc,Plur,Inan,0.1276428605495305,NONE
жизни,NOUN,,nmod,Gen,Fem,Sing,Inan,-0.0752422751295053,NONE
ребенка,NOUN,,nmod,Gen,Masc,Sing,Anim,-0.0348471044581815,NONE
.,PUNCT,,punct,,,,,0.1893969054807331,NONE
Эмит,PROPN,,nsubj,Nom,Masc,Sing,Anim,0.0901054825973292,PER
Йоран,PROPN,,appos,Nom,Masc,Sing,Anim,0.0026055874146794,PER
",",PUNCT,,punct,,,,,0.0070887667446848,NONE
генеральный,ADJ,,amod,Nom,Masc,Sing,,0.072136877904144,NONE
директор,NOUN,,appos,Nom,Masc,Sing,Anim,0.0463674105858784,NONE
фирмы,NOUN,,nmod,Gen,Fem,Sing,Inan,-0.0002843813028496,NONE
по,ADP,,case,,,,,0.0800328593653135,NONE
кибербезопасности,NOUN,,nmod,Dat,Fem,Sing,Inan,0.0763526148844557,NONE
Tenable,PROPN,,flat:foreign,,,,,0.4988761549272477,ORG
",",PUNCT,,punct,,,,,0.1486969395566407,NONE
назвал,VERB,,root,,Masc,Sing,,-0.0245509996614397,NONE
это,PRON,,obj,Acc,Neut,Sing,Inan,0.0579066929113327,NONE
"""",PUNCT,,punct,,,,,0.1408674585541419,NONE
"""",PUNCT,,punct,,,,,0.1751919918738016,NONE
самой,ADJ,,amod,Ins,Fem,Sing,,0.1542818856081964,NONE
крупной,ADJ,,amod,Ins,Fem,Sing,,0.1098105313840574,NONE
и,CCONJ,,cc,,,,,-0.0308984285884526,NONE
критической,ADJ,,conj,Ins,Fem,Sing,,0.0799954560738497,NONE
уязвимостью,NOUN,,obl,Ins,Fem,Sing,Inan,0.0503140835273496,NONE
за,ADP,,case,,,,,-0.001756572273291,NONE
последнее,ADJ,,amod,Acc,Neut,Sing,,0.0198010781011068,NONE
десятилетие,NOUN,,nmod,Acc,Neut,Sing,Inan,0.0230849313691948,NONE
"""",PUNCT,,punct,,,,,0.0635386711412315,NONE
"""",PUNCT,,punct,,,,,0.0558043131885176,NONE
-,PUNCT,,punct,,,,,0.1283337936121222,NONE
и,CCONJ,,cc,,,,,-0.1742182935410763,NONE
",",PUNCT,,punct,,,,,0.0487416072852385,NONE
возможно,ADV,,parataxis,,,,,0.0204223559485783,NONE
",",PUNCT,,punct,,,,,0.0698283074277873,NONE
самой,ADJ,,amod,Ins,Fem,Sing,,-0.0344997501775744,NONE
крупной,ADJ,,conj,Ins,Fem,Sing,,0.0281205506831634,NONE
в,ADP,,case,,,,,-0.1104174488022268,NONE
истории,NOUN,,nmod,Loc,Fem,Sing,Inan,0.0500903575834491,NONE
современных,ADJ,,amod,Gen,,Plur,,0.0296542451818343,NONE
вычислений,NOUN,,nmod,Gen,Neut,Plur,Inan,0.0284004520495749,NONE
.,PUNCT,,punct,,,,,-0.0442570377737218,NONE
"""",PUNCT,,root,,,,,-0.3463297718047431,NONE
Это,PRON,,nsubj,Nom,Neut,Sing,Inan,-0.6796108863723079,NONE
по,ADP,,case,,,,,0.1784316507447135,NONE
словам,NOUN,,root,Dat,Neut,Plur,Inan,0.0479762075546845,NONE
главного,ADJ,,amod,Gen,Masc,Sing,,0.0717629261106738,NONE
тренера,NOUN,,nmod,Gen,Masc,Sing,Anim,0.0129548534680731,NONE
Тодда,PROPN,,appos,Gen,Masc,Sing,Anim,-0.0138943532739691,PER
Дютиауме,PROPN,,flat:name,Gen,Masc,Sing,Anim,0.0361870878671472,PER
",",PUNCT,,punct,,,,,0.2179586195492424,NONE
который,PRON,,nsubj,Nom,,,,-0.0148654975677443,NONE
хочет,VERB,,acl:relcl,,,Sing,,0.0341647354887137,NONE
",",PUNCT,,punct,,,,,0.1757434417564547,NONE
чтобы,SCONJ,,mark,,,,,0.09411541657462,NONE
его,DET,,det,,,,,-0.0284015520229648,NONE
команда,NOUN,,nsubj,Nom,Fem,Sing,Inan,0.0052964177105034,NONE
приняла,VERB,,ccomp,,Fem,Sing,,-0.0112856615863766,NONE
вызов,NOUN,,obj,Acc,Masc,Sing,Inan,0.1047989373561293,NONE
против,ADP,,case,,,,,-0.0211948549825121,NONE
чемпионов,NOUN,,nmod,Gen,Masc,Plur,Anim,0.0541985289569441,NONE
Элитной,ADJ,,amod,Gen,Fem,Sing,,0.1644545731809593,NONE
лиги,NOUN,,nmod,Gen,Fem,Sing,Inan,0.1050939892165431,NONE
прошлого,ADJ,,amod,Gen,Masc,Sing,,0.006033909889398,NONE
сезона,NOUN,,nmod,Gen,Masc,Sing,Inan,0.0333030315221759,NONE
",",PUNCT,,punct,,,,,0.1228898640006067,NONE
с,ADP,,case,,,,,0.0652329175245176,NONE
поездкой,NOUN,,obl,Ins,Fem,Sing,Inan,0.0186888636136862,NONE
на,ADP,,case,,,,,0.0193101488325205,NONE
пароме,NOUN,,nmod,Loc,Masc,Sing,Inan,0.0109576161406712,NONE
в,ADP,,case,,,,,0.0236447447148561,NONE
столицу,NOUN,,nmod,Acc,Fem,Sing,Inan,0.0847555894106404,NONE
Северной,PROPN,,amod,,,,,0.1124977052078706,LOC
Ирландии,PROPN,,nmod,Gen,Fem,Sing,Inan,0.0945298842046612,LOC
в,ADP,,case,,,,,0.0364298333568407,NONE
субботу,NOUN,,nmod,Acc,Fem,Sing,Inan,0.0094509774655266,NONE
",",PUNCT,,punct,,,,,-0.0112427884130564,NONE
за,ADP,,case,,,,,-0.0938729131774801,NONE
которой,PRON,,obl,Ins,,,,-0.0958951882725085,NONE
последует,VERB,,acl:relcl,,,Sing,,-0.0459976244169058,NONE
ответный,ADJ,,amod,Nom,Masc,Sing,,0.053953863219237,NONE
матч,NOUN,,nsubj,Nom,Masc,Sing,Inan,-0.0114382689788159,NONE
на,ADP,,case,,,,,-0.0380501324328378,NONE
ледовой,ADJ,,amod,Loc,Fem,Sing,,0.1527876833167759,NONE
арене,NOUN,,nmod,Loc,Fem,Sing,Inan,0.0365110928657123,NONE
Файф,PROPN,,appos,Nom,Masc,Sing,Inan,0.1736242928702978,LOC
в,ADP,,case,,,,,0.1919568731346914,NONE
воскресенье,NOUN,,obl,Acc,Neut,Sing,Inan,0.1621798465876125,NONE
.,PUNCT,,punct,,,,,-0.0024899143344047,NONE
Министерство,NOUN,,nsubj,Nom,Neut,Sing,Inan,0.1743293688465693,ORG
юстиции,NOUN,,nmod,Gen,Fem,Sing,Inan,0.1482108132846921,ORG
откроет,VERB,,root,,,Sing,,0.4243320000249795,NONE
антимонопольное,ADJ,,amod,Acc,Neut,Sing,,0.1964528384840105,NONE
расследование,NOUN,,obj,Acc,Neut,Sing,Inan,0.3301532201084668,NONE
Facebook,PROPN,,nmod,Nom,Masc,Sing,Inan,0.1454283193189661,ORG
",",PUNCT,,punct,,,,,0.1607246229746289,NONE
утверждает,VERB,,parataxis,,,Sing,,-0.4224274725054435,NONE
источник,NOUN,,nsubj,Nom,Masc,Sing,Inan,-0.0827095093169505,NONE
Дальнейший,ADJ,,amod,Nom,Masc,Sing,,0.0085989278271974,NONE
анализ,NOUN,,nsubj,Nom,Masc,Sing,Inan,-0.0379519318904846,NONE
показал,VERB,,root,,Masc,Sing,,-0.4111004146083579,NONE
",",PUNCT,,punct,,,,,0.0104080952179939,NONE
что,SCONJ,,mark,,,,,0.036658075219859,NONE
из,ADP,,case,,,,,-0.1243214544300065,NONE
трех,NUM,,nummod,Gen,,,,-0.0799741233427248,NONE
загрязнителей,NOUN,,obl,Gen,Masc,Plur,Anim,0.0597372438748287,NONE
только,PART,,advmod,,,,,-0.0523273414522349,NONE
SO2,PROPN,,nsubj:pass,,,,,0.0742030913841247,NONE
было,AUX,,aux:pass,,Neut,Sing,,-0.0308719015242059,NONE
связано,VERB,,ccomp,,Neut,Sing,,-0.3133803631805898,NONE
со,ADP,,case,,,,,-0.0835822400510486,NONE
смертельным,ADJ,,amod,Ins,Masc,Sing,,-0.3357223862172782,NONE
исходом,NOUN,,obl,Ins,Masc,Sing,Inan,-0.0932967231818386,NONE
в,ADP,,case,,,,,0.0414701289677261,NONE
течение,NOUN,,fixed,Acc,Neut,Sing,Inan,0.084161873581543,NONE
первых,ADJ,,amod,Gen,,Plur,,-0.1347587822306648,NONE
28,NUM,,nummod,,,,,-0.265633685968913,NONE
дней,NOUN,,nmod,Gen,Masc,Plur,Inan,0.1276428605495305,NONE
жизни,NOUN,,nmod,Gen,Fem,Sing,Inan,-0.0752422751295053,NONE
ребенка,NOUN,,nmod,Gen,Masc,Sing,Anim,-0.0348471044581815,NONE
.,PUNCT,,punct,,,,,0.1893969054807331,NONE
Эмит,PROPN,,nsubj,Nom,Masc,Sing,Anim,0.0901054825973292,PER
Йоран,PROPN,,appos,Nom,Masc,Sing,Anim,0.0026055874146794,PER
",",PUNCT,,punct,,,,,0.0070887667446848,NONE
генеральный,ADJ,,amod,Nom,Masc,Sing,,0.072136877904144,NONE
директор,NOUN,,appos,Nom,Masc,Sing,Anim,0.0463674105858784,NONE
фирмы,NOUN,,nmod,Gen,Fem,Sing,Inan,-0.0002843813028496,NONE
по,ADP,,case,,,,,0.0800328593653135,NONE
кибербезопасности,NOUN,,nmod,Dat,Fem,Sing,Inan,0.0763526148844557,NONE
Tenable,PROPN,,flat:foreign,,,,,0.4988761549272477,ORG
",",PUNCT,,punct,,,,,0.1486969395566407,NONE
назвал,VERB,,root,,Masc,Sing,,-0.0245509996614397,NONE
это,PRON,,obj,Acc,Neut,Sing,Inan,0.0579066929113327,NONE
"""",PUNCT,,punct,,,,,0.1408674585541419,NONE
"""",PUNCT,,punct,,,,,0.1751919918738016,NONE
самой,ADJ,,amod,Ins,Fem,Sing,,0.1542818856081964,NONE
крупной,ADJ,,amod,Ins,Fem,Sing,,0.1098105313840574,NONE
и,CCONJ,,cc,,,,,-0.0308984285884526,NONE
критической,ADJ,,conj,Ins,Fem,Sing,,0.0799954560738497,NONE
уязвимостью,NOUN,,obl,Ins,Fem,Sing,Inan,0.0503140835273496,NONE
за,ADP,,case,,,,,-0.001756572273291,NONE
последнее,ADJ,,amod,Acc,Neut,Sing,,0.0198010781011068,NONE
десятилетие,NOUN,,nmod,Acc,Neut,Sing,Inan,0.0230849313691948,NONE
"""",PUNCT,,punct,,,,,0.0635386711412315,NONE
"""",PUNCT,,punct,,,,,0.0558043131885176,NONE
-,PUNCT,,punct,,,,,0.1283337936121222,NONE
и,CCONJ,,cc,,,,,-0.1742182935410763,NONE
",",PUNCT,,punct,,,,,0.0487416072852385,NONE
возможно,ADV,,parataxis,,,,,0.0204223559485783,NONE
",",PUNCT,,punct,,,,,0.0698283074277873,NONE
самой,ADJ,,amod,Ins,Fem,Sing,,-0.0344997501775744,NONE
крупной,ADJ,,conj,Ins,Fem,Sing,,0.0281205506831634,NONE
в,ADP,,case,,,,,-0.1104174488022268,NONE
истории,NOUN,,nmod,Loc,Fem,Sing,Inan,0.0500903575834491,NONE
современных,ADJ,,amod,Gen,,Plur,,0.0296542451818343,NONE
вычислений,NOUN,,nmod,Gen,Neut,Plur,Inan,0.0284004520495749,NONE
.,PUNCT,,punct,,,,,-0.0442570377737218,NONE
"""",PUNCT,,root,,,,,-0.3463297718047431,NONE
Это,PRON,,nsubj,Nom,Neut,Sing,Inan,-0.6796108863723079,NONE
по,ADP,,case,,,,,0.1784316507447135,NONE
словам,NOUN,,root,Dat,Neut,Plur,Inan,0.0479762075546845,NONE
главного,ADJ,,amod,Gen,Masc,Sing,,0.0717629261106738,NONE
тренера,NOUN,,nmod,Gen,Masc,Sing,Anim,0.0129548534680731,NONE
Тодда,PROPN,,appos,Gen,Masc,Sing,Anim,-0.0138943532739691,PER
Дютиауме,PROPN,,flat:name,Gen,Masc,Sing,Anim,0.0361870878671472,PER
",",PUNCT,,punct,,,,,0.2179586195492424,NONE
который,PRON,,nsubj,Nom,,,,-0.0148654975677443,NONE
хочет,VERB,,acl:relcl,,,Sing,,0.0341647354887137,NONE
",",PUNCT,,punct,,,,,0.1757434417564547,NONE
чтобы,SCONJ,,mark,,,,,0.09411541657462,NONE
его,DET,,det,,,,,-0.0284015520229648,NONE
команда,NOUN,,nsubj,Nom,Fem,Sing,Inan,0.0052964177105034,NONE
приняла,VERB,,ccomp,,Fem,Sing,,-0.0112856615863766,NONE
вызов,NOUN,,obj,Acc,Masc,Sing,Inan,0.1047989373561293,NONE
против,ADP,,case,,,,,-0.0211948549825121,NONE
чемпионов,NOUN,,nmod,Gen,Masc,Plur,Anim,0.0541985289569441,NONE
Элитной,ADJ,,amod,Gen,Fem,Sing,,0.1644545731809593,NONE
лиги,NOUN,,nmod,Gen,Fem,Sing,Inan,0.1050939892165431,NONE
прошлого,ADJ,,amod,Gen,Masc,Sing,,0.006033909889398,NONE
сезона,NOUN,,nmod,Gen,Masc,Sing,Inan,0.0333030315221759,NONE
",",PUNCT,,punct,,,,,0.1228898640006067,NONE
с,ADP,,case,,,,,0.0652329175245176,NONE
поездкой,NOUN,,obl,Ins,Fem,Sing,Inan,0.0186888636136862,NONE
на,ADP,,case,,,,,0.0193101488325205,NONE
пароме,NOUN,,nmod,Loc,Masc,Sing,Inan,0.0109576161406712,NONE
в,ADP,,case,,,,,0.0236447447148561,NONE
столицу,NOUN,,nmod,Acc,Fem,Sing,Inan,0.0847555894106404,NONE
Северной,PROPN,,amod,,,,,0.1124977052078706,LOC
Ирландии,PROPN,,nmod,Gen,Fem,Sing,Inan,0.0945298842046612,LOC
в,ADP,,case,,,,,0.0364298333568407,NONE
субботу,NOUN,,nmod,Acc,Fem,Sing,Inan,0.0094509774655266,NONE
",",PUNCT,,punct,,,,,-0.0112427884130564,NONE
за,ADP,,case,,,,,-0.0938729131774801,NONE
которой,PRON,,obl,Ins,,,,-0.0958951882725085,NONE
последует,VERB,,acl:relcl,,,Sing,,-0.0459976244169058,NONE
ответный,ADJ,,amod,Nom,Masc,Sing,,0.053953863219237,NONE
матч,NOUN,,nsubj,Nom,Masc,Sing,Inan,-0.0114382689788159,NONE
на,ADP,,case,,,,,-0.0380501324328378,NONE
ледовой,ADJ,,amod,Loc,Fem,Sing,,0.1527876833167759,NONE
арене,NOUN,,nmod,Loc,Fem,Sing,Inan,0.0365110928657123,NONE
Файф,PROPN,,appos,Nom,Masc,Sing,Inan,0.1736242928702978,LOC
в,ADP,,case,,,,,0.1919568731346914,NONE
воскресенье,NOUN,,obl,Acc,Neut,Sing,Inan,0.1621798465876125,NONE
.,PUNCT,,punct,,,,,-0.0024899143344047,NONE
Министерство,NOUN,,nsubj,Nom,Neut,Sing,Inan,0.1743293688465693,ORG
юстиции,NOUN,,nmod,Gen,Fem,Sing,Inan,0.1482108132846921,ORG
откроет,VERB,,root,,,Sing,,0.4243320000249795,NONE
антимонопольное,ADJ,,amod,Acc,Neut,Sing,,0.1964528384840105,NONE
расследование,NOUN,,obj,Acc,Neut,Sing,Inan,0.3301532201084668,NONE
Facebook,PROPN,,nmod,Nom,Masc,Sing,Inan,0.1454283193189661,ORG
",",PUNCT,,punct,,,,,0.1607246229746289,NONE
утверждает,VERB,,parataxis,,,Sing,,-0.4224274725054435,NONE
источник,NOUN,,nsubj,Nom,Masc,Sing,Inan,-0.0827095093169505,NONE
Неясно,ADJ,,root,,Neut,Sing,,0.1611029121384678,NONE
",",PUNCT,,punct,,,,,0.3970168003567337,NONE
сколько,NUM,,nummod:gov,,,,,-0.122883258345957,NONE
зарегистрированных,VERB,,amod,Gen,,Plur,,0.0224819114884394,NONE
смертей,NOUN,,nsubj,Gen,Fem,Plur,Inan,-0.0727963945592615,NONE
было,AUX,,cop,,Neut,Sing,,0.167512920757517,NONE
на,ADP,,case,,,,,-0.1441807887014215,NONE
смарт-автоматах,NOUN,,csubj,Loc,Masc,Plur,Inan,0.1176779506026717,NONE
",",PUNCT,,punct,,,,,0.1709941742852866,NONE
которые,PRON,,nsubj:pass,Nom,,,,-0.0570576113554237,NONE
должны,ADJ,,acl:relcl,,,Plur,,0.0667229883640532,NONE
быть,AUX,,aux:pass,,,,,0.0058489007998835,NONE
переименованы,VERB,,xcomp,,,Plur,,-0.0234205384114206,NONE
в,ADP,,case,,,,,0.0651200877142939,NONE
«цифровые,ADJ,,amod,Acc,,Plur,Inan,0.4758278933320015,NONE
дороги»,NOUN,,obl,Acc,Fem,Plur,Inan,0.1048406852122973,NONE
и,CCONJ,,cc,,,,,-0.0996828780500638,NONE
в,ADP,,advmod,,,,,-0.0524864015215913,NONE
настоящее,ADJ,,fixed,Acc,Neut,Sing,Inan,-0.0898499351067576,NONE
время,NOUN,,fixed,Acc,Neut,Sing,Inan,0.0511683970926222,NONE
составляют,VERB,,conj,,,Plur,,-0.0963418758457335,NONE
не,PART,,advmod,,,,,0.0787097175162069,NONE
менее,ADV,,advmod,,,,,-0.0440764435126918,NONE
416,NUM,,nummod,,,,,0.2846836669321635,NONE
миль,NOUN,,obl,Gen,Fem,Plur,Inan,0.0309213715533471,NONE
британских,ADJ,,amod,Gen,,Plur,,0.2273705716801525,NONE
автомагистралей,NOUN,,nmod,Gen,Fem,Plur,Inan,-0.079417378757941,NONE
.,PUNCT,,punct,,,,,0.193369144414854,NONE
Существующая,VERB,,amod,Nom,Fem,Sing,,0.2203793650272211,NONE
технология,NOUN,,nsubj,Nom,Fem,Sing,Inan,0.0633714932590034,NONE
проверяет,VERB,,root,,,Sing,,0.0602259101732972,NONE
только,PART,,advmod,,,,,-0.0068547160010038,NONE
определенные,ADJ,,amod,Acc,,Plur,Inan,-0.0550562114371542,NONE
области,NOUN,,obj,Acc,Fem,Plur,Inan,-0.2316795400204988,NONE
вируса,NOUN,,nmod,Gen,Masc,Sing,Inan,0.1389819128334312,NONE
",",PUNCT,,punct,,,,,0.1708100284856533,NONE
но,CCONJ,,cc,,,,,0.0764836040273559,NONE
технология,NOUN,,nsubj:pass,Nom,Fem,Sing,Inan,-0.0506747653969376,NONE
молекулярной,ADJ,,amod,Gen,Fem,Sing,,0.3256586328064481,NONE
диагностики,NOUN,,nmod,Gen,Fem,Sing,Inan,0.1430807876949885,NONE
была,AUX,,aux:pass,,Fem,Sing,,0.1248493349769837,NONE
разработана,VERB,,conj,,Fem,Sing,,0.1086476643513776,NONE
так,ADV,,advmod,,,,,0.0064567994656005,NONE
",",PUNCT,,punct,,,,,0.3591030179140662,NONE
чтобы,SCONJ,,mark,,,,,-0.0308387771941892,NONE
вызывать,VERB,,advcl,,,,,0.0234855376169287,NONE
реакции,NOUN,,obj,Acc,Fem,Plur,Inan,0.006623776064665,NONE
связывания,NOUN,,nmod,Gen,Neut,Sing,Inan,0.0893011254131113,NONE
нуклеиновых,ADJ,,amod,Gen,,Plur,,0.2859135112884628,NONE
кислот,NOUN,,nmod,Gen,Fem,Plur,Inan,0.0432122896854991,NONE
только,PART,,advmod,,,,,0.0844622315045312,NONE
тогда,ADV,,advmod,,,,,-0.079746525453406,NONE
",",PUNCT,,punct,,,,,0.1006014094463155,NONE
когда,ADV,,advmod,,,,,0.0685534693287048,NONE
существует,VERB,,acl:relcl,,,Sing,,0.0545953656513422,NONE
РНК,PROPN,,nsubj,Nom,Fem,Sing,Inan,-0.0138248903284081,NONE
COVID-19,PROPN,,flat:foreign,,,,,-0.0316368015109596,NONE
",",PUNCT,,punct,,,,,0.2135326766606851,NONE
что,PRON,,nsubj,Nom,,,,0.140072935046221,NONE
позволяет,VERB,,parataxis,,,Sing,,-0.1817346912019327,NONE
быстро,ADV,,advmod,,,,,-0.043895277787185,NONE
обнаруживать,VERB,,xcomp,,,,,0.1531592652831903,NONE
.,PUNCT,,punct,,,,,-0.3339313383802016,NONE
Их,DET,,det,,,,,-0.7731971654488127,NONE
грандиозный,ADJ,,amod,Nom,Masc,Sing,,0.1509953964560239,NONE
сбор,NOUN,,nsubj,Nom,Masc,Sing,Inan,0.16807462068481,NONE
средств,NOUN,,nmod,Gen,Neut,Plur,Inan,-0.0203747531125777,NONE
завершится,VERB,,root,,,Sing,,-0.0845344530203218,NONE
после,ADP,,case,,,,,0.134237528337958,NONE
кофейного,ADJ,,amod,Gen,Neut,Sing,,0.2643651270461057,NONE
утра,NOUN,,obl,Gen,Neut,Sing,Inan,-0.0440147055774675,NONE
.,PUNCT,,punct,,,,,0.2081138840252162,NONE
Заказ,NOUN,,nsubj:pass,Nom,Masc,Sing,Inan,0.0270199159299921,NONE
был,AUX,,aux:pass,,Masc,Sing,,-0.0218578866694784,NONE
обработан,VERB,,root,,Masc,Sing,,0.1186727251723509,NONE
как,SCONJ,,mark,,,,,-0.0066923550723191,NONE
заказ,NOUN,,advcl,Nom,Masc,Sing,Inan,-0.0130162829223343,NONE
на,ADP,,case,,,,,-0.0224812923668412,NONE
получение,NOUN,,nmod,Acc,Neut,Sing,Inan,0.0103947152542363,NONE
",",PUNCT,,punct,,,,,-0.0273265889354246,NONE
что,PRON,,nsubj,Nom,,,,0.1265252137278517,NONE
означает,VERB,,parataxis,,,Sing,,0.0118133779890116,NONE
",",PUNCT,,punct,,,,,0.0267126084413767,NONE
что,SCONJ,,mark,,,,,0.9332578468196558,NONE
вы,PRON,,nsubj,Nom,,Plur,,0.031470594073445,NONE
выбрали,VERB,,ccomp,,,Plur,,0.121596898151521,NONE
его,PRON,,obj,Acc,Masc,Sing,,0.0204912739840036,NONE
для,ADP,,case,,,,,0.0338576679552472,NONE
получения,NOUN,,obl,Gen,Neut,Sing,Inan,0.0237355182309905,NONE
вами,PRON,,nmod,Ins,,Plur,,-0.0139395550798283,NONE
.,PUNCT,,punct,,,,,0.2644532453483435,NONE
Вы,PRON,,nsubj,Nom,,Plur,,-0.1396538580866963,NONE
честно,ADV,,advmod,,,,,0.2038020903236574,NONE
думаете,VERB,,root,,,Plur,,-0.1731553898928196,NONE
",",PUNCT,,punct,,,,,-0.0410434145684929,NONE
что,SCONJ,,mark,,,,,0.5298953556033625,NONE
трескун,NOUN,,nsubj,Nom,Masc,Sing,Inan,-0.0973139382842697,NONE
владел,VERB,,ccomp,,Masc,Sing,,-0.0113011905973346,NONE
бы,AUX,,aux,,,,,-0.0803634184731001,NONE
дорогим,ADJ,,amod,Ins,Neut,Sing,,-0.0075891832652502,NONE
ружьем,NOUN,,obl,Ins,Neut,Sing,Inan,0.1414142714724133,NONE
",",PUNCT,,punct,,,,,0.5414224075228762,NONE
а,CCONJ,,cc,,,,,-0.1131729212961793,NONE
потом,ADV,,advmod,,,,,0.0140288248832867,NONE
копил,VERB,,conj,,Masc,Sing,,0.0380877830745371,NONE
бы,AUX,,aux,,,,,0.0140830285945074,NONE
достаточно,ADV,,advmod,,,,,-0.3805337465415928,NONE
денег,NOUN,,obl,Gen,Fem,Plur,Inan,0.1963149951667019,NONE
на,ADP,,case,,,,,-0.0418140922127422,NONE
патроны,NOUN,,obl,Acc,Masc,Plur,Inan,0.0459619412522513,NONE
?,PUNCT,,punct,,,,,0.0402573501554434,NONE
Готов,ADJ,,root,,Masc,Sing,,-0.3881772696993463,NONE
к,ADP,,case,,,,,0.1144746994357109,NONE
использованию,NOUN,,obl,Dat,Neut,Sing,Inan,0.1681897165970969,NONE
с,ADP,,case,,,,,0.4070422680091409,NONE
одной,NUM,,nummod,Ins,Fem,,,0.4974594357427868,NONE
упаковкой,NOUN,,nmod,Ins,Fem,Sing,Inan,0.1350573933225373,NONE
лезвий,NOUN,,nmod,Gen,Neut,Plur,Inan,0.2877973562737982,NONE
Министр,NOUN,,nsubj,Nom,Masc,Sing,Anim,-0.2591770317554195,NONE
иностранных,ADJ,,amod,Gen,,Plur,,0.0456356934917118,NONE
дел,NOUN,,nmod,Gen,Neut,Plur,Inan,0.0961846748866218,NONE
Германии,PROPN,,nmod,Gen,Fem,Sing,Inan,0.0157798121129958,LOC
предупредила,VERB,,root,,Fem,Sing,,0.0268986700275128,NONE
в,ADP,,case,,,,,0.2214697149389842,NONE
субботу,NOUN,,obl,Acc,Fem,Sing,Inan,-0.1022457969760945,NONE
",",PUNCT,,punct,,,,,-0.0247508928528577,NONE
что,SCONJ,,mark,,,,,-0.0846846379632267,NONE
время,NOUN,,nsubj,Nom,Neut,Sing,Inan,-0.0383003953320663,NONE
поджимает,VERB,,ccomp,,,Sing,,0.2161406963503734,NONE
",",PUNCT,,punct,,,,,0.1943603250360978,NONE
чтобы,SCONJ,,mark,,,,,0.0750318131016061,NONE
найти,VERB,,advcl,,,,,0.1993551978674242,NONE
способ,NOUN,,obj,Acc,Masc,Sing,Inan,-0.0443201143978099,NONE
реанимировать,VERB,,obl,,,,,0.0736775772329908,NONE
ядерную,ADJ,,amod,Acc,Fem,Sing,,0.1280550721624422,NONE
сделку,NOUN,,obj,Acc,Fem,Sing,Inan,0.1442442442932505,NONE
2015,ADJ,,amod,,,,,0.2296706088465098,NONE
года,NOUN,,nmod,Gen,Masc,Sing,Inan,-0.0388738901724785,NONE
между,ADP,,case,,,,,0.0121334002216,NONE
мировыми,ADJ,,amod,Ins,,Plur,,0.063009908103491,NONE
державами,NOUN,,nmod,Ins,Fem,Plur,Inan,0.0421960085601643,NONE
и,CCONJ,,cc,,,,,0.0107089899209243,NONE
Ираном,PROPN,,conj,Ins,Masc,Sing,Inan,0.0843920959285616,LOC
",",PUNCT,,punct,,,,,0.1218360327260177,NONE
выступая,VERB,,advcl,,,,,0.0789965321281662,NONE
после,ADP,,case,,,,,0.099326151523624,NONE
встреч,NOUN,,obl,Gen,Fem,Plur,Inan,0.1387310328956329,NONE
со,ADP,,case,,,,,0.1305549960646955,NONE
своими,DET,,det,Ins,,Plur,,0.0813354333111566,NONE
коллегами,NOUN,,nmod,Ins,Masc,Plur,Anim,0.2383696864959917,NONE
из,ADP,,case,,,,,-0.0824421372045857,NONE
стран,NOUN,,nmod,Gen,Fem,Plur,Inan,0.2563488994271131,NONE
G7,PROPN,,flat:foreign,,,,,-0.0068064580594784,ORG
.,PUNCT,,punct,,,,,0.1823680393543983,NONE
«То,PRON,,nsubj,,,,,-0.1877014785861044,NONE
",",PUNCT,,punct,,,,,-0.0683538248211517,NONE
что,PRON,,nsubj,Nom,,,,0.0443971767947162,NONE
нам,PRON,,iobj,Dat,,Plur,,0.0418922689733456,NONE
не,PART,,advmod,,,,,-0.0545810745283827,NONE
нужно,ADJ,,acl:relcl,,Neut,Sing,,-0.122106331028055,NONE
",",PUNCT,,punct,,,,,0.1015461174639597,NONE
-,PUNCT,,punct,,,,,0.3021416590449075,NONE
это,PRON,,expl,,,,,0.1331507736214343,NONE
еще,ADV,,advmod,,,,,0.037631792098242,NONE
больше,ADV,,advmod,,,,,0.0502117885994523,NONE
масла,NOUN,,obl,Gen,Neut,Sing,Inan,0.0090497267729568,NONE
в,ADP,,case,,,,,0.1634926313378444,NONE
огне,NOUN,,nmod,Loc,Masc,Sing,Inan,0.0598350192991176,NONE
со,ADP,,case,,,,,0.2263277538456924,NONE
стороны,NOUN,,fixed,Gen,Fem,Sing,Inan,0.0948135087354764,NONE
федеральных,ADJ,,amod,Gen,,Plur,,0.0038373903777015,NONE
агентов,NOUN,,nmod,Gen,Masc,Plur,Anim,0.3062975786461185,NONE
",",PUNCT,,punct,,,,,0.1657444783880652,NONE
чтобы,SCONJ,,mark,,,,,0.0737397918669304,NONE
создать,VERB,,advcl,,,,,0.0940572644291935,NONE
",",PUNCT,,punct,,,,,0.1002522637823788,NONE
я,PRON,,nsubj,Nom,,Sing,,0.0716899485467485,NONE
думаю,VERB,,parataxis,,,Sing,,0.0818411511548694,NONE
",",PUNCT,,punct,,,,,0.0920392669476349,NONE
волнующий,VERB,,amod,Acc,Masc,Sing,Inan,0.0513656178922363,NONE
политический,ADJ,,amod,Acc,Masc,Sing,Inan,0.100302489918955,NONE
вопрос»,NOUN,,obj,Acc,Masc,Sing,Inan,0.0591869076935524,NONE
",",PUNCT,,punct,,,,,0.1666211796943215,NONE
-,PUNCT,,punct,,,,,0.3099200454920739,NONE
сказал,VERB,,parataxis,,Masc,Sing,,0.1023818792679668,NONE
он,PRON,,nsubj,Nom,Masc,Sing,,0.0519736494193884,NONE
.,PUNCT,,punct,,,,,-0.5698241246011757,NONE
Даймон,PROPN,,nsubj,Nom,Masc,Sing,Anim,0.1191910464515466,NONE
",",PUNCT,,punct,,,,,-0.068878876696898,NONE
наставник,NOUN,,appos,Nom,Masc,Sing,Anim,0.0896451329563593,NONE
",",PUNCT,,punct,,,,,-0.0436578923610825,NONE
превратившийся,VERB,,acl,Nom,Masc,Sing,,-0.0249824010736774,NONE
в,ADP,,case,,,,,-0.0470029900048015,NONE
соперника,NOUN,,obl,Acc,Masc,Sing,Anim,0.088733630966379,NONE
",",PUNCT,,punct,,,,,0.09777717809518,NONE
казалось,VERB,,parataxis,,Neut,Sing,,0.0202842775643081,NONE
",",PUNCT,,punct,,,,,0.0373844797228128,NONE
был,AUX,,cop,,Masc,Sing,,0.1690709034723597,NONE
доволен,ADJ,,root,,Masc,Sing,,-0.1052601923020474,NONE
тем,PRON,,obl,Ins,Neut,Sing,Inan,0.0267837887518651,NONE
",",PUNCT,,punct,,,,,0.2385616374445249,NONE
что,SCONJ,,mark,,,,,0.0166405907022816,NONE
его,DET,,det,,,,,0.0247331549036592,NONE
бывший,ADJ,,amod,Nom,Masc,Sing,,0.0821877867923674,NONE
протеже,NOUN,,nsubj,Nom,Masc,Sing,Inan,0.0424601646070917,NONE
попал,VERB,,acl,,Masc,Sing,,0.1639670462403156,NONE
в,ADP,,case,,,,,0.0342730470305371,NONE
высшую,ADJ,,amod,Acc,Fem,Sing,,0.1104551466336266,NONE
лигу,NOUN,,obl,Acc,Fem,Sing,Inan,0.1430113926853768,NONE
.,PUNCT,,punct,,,,,-0.6860394355137396,NONE
Покупая,VERB,,advcl,,,,,0.1484663150567899,NONE
NT,PROPN,,flat:foreign,,,,,-0.0985214683835019,NONE
Security,PROPN,,flat:foreign,,,,,-0.0563852841153793,NONE
",",PUNCT,,punct,,,,,-0.4454927842565568,NONE
вы,PRON,,nsubj,Nom,,Plur,,0.0227032197611038,NONE
получаете,VERB,,root,,,Plur,,0.1203444900969922,NONE
один,NUM,,obj,Acc,Masc,,Inan,0.1498392271622774,NONE
из,ADP,,case,,,,,-0.0443215809407107,NONE
лучших,ADJ,,amod,Gen,,Plur,,0.0974310436712209,NONE
продуктов,NOUN,,nmod,Gen,Masc,Plur,Inan,0.2469592151486767,NONE
безопасности,NOUN,,nmod,Gen,Fem,Sing,Inan,0.2738160341783717,NONE
на,ADP,,case,,,,,0.1567168292807158,NONE
рынке,NOUN,,nmod,Loc,Masc,Sing,Inan,0.2062835512201204,NONE
сегодня,ADV,,advmod,,,,,0.5309353128395222,NONE
.,PUNCT,,punct,,,,,-0.1082552891123233,NONE
Пожалуйста,ADV,,parataxis,,,,,0.1860773997253971,NONE
",",PUNCT,,punct,,,,,0.3268494708713074,NONE
продолжайте,VERB,,root,,,Plur,,-0.0875635331106708,NONE
нажимать,VERB,,xcomp,,,,,0.0151524442706352,NONE
",",PUNCT,,punct,,,,,0.2012078352678008,NONE
где,ADV,,advmod,,,,,-0.1618868434365221,NONE
отображаются,VERB,,ccomp,,,Plur,,0.0744649009213157,NONE
изображения,NOUN,,nsubj:pass,Nom,Neut,Plur,Inan,-0.1562437416784906,NONE
",",PUNCT,,punct,,,,,0.1424781089224777,NONE
можете,VERB,,conj,,,Plur,,0.0860083070779373,NONE
ли,PART,,advmod,,,,,-0.2362651268263687,NONE
вы,PRON,,nsubj,Nom,,Plur,,-0.0527469711768425,NONE
видеть,VERB,,xcomp,,,,,-0.2306335000884793,NONE
изображения,NOUN,,obj,Acc,Neut,Plur,Inan,0.312847734259561,NONE
и,CCONJ,,cc,,,,,-0.4896450799847669,NONE
отслеживать,VERB,,conj,,,,,0.0399983148447969,NONE
",",PUNCT,,punct,,,,,0.0339760807330976,NONE
куда,ADV,,advmod,,,,,0.0885481521257046,NONE
нажимать,VERB,,xcomp,,,,,0.1178846885662001,NONE
?,PUNCT,,punct,,,,,0.0142932092998464,NONE
Существуют,VERB,,root,,,Plur,,0.4087770264861543,NONE
акустические,ADJ,,amod,Nom,,Plur,,-0.0145559919108292,NONE
устройства,NOUN,,nsubj,Nom,Neut,Plur,Inan,-0.0838633749080751,NONE
дальнего,ADJ,,amod,Gen,Masc,Sing,,-0.0003895918859186,NONE
радиуса,NOUN,,nmod,Gen,Masc,Sing,Inan,0.0154088864472479,NONE
действия,NOUN,,nmod,Gen,Neut,Sing,Inan,0.0624905030275215,NONE
",",PUNCT,,punct,,,,,0.1610424730770601,NONE
также,ADV,,obl,,,,,-0.0163232553579769,NONE
известные,ADJ,,amod,Nom,,Plur,,-0.0137638251715741,NONE
как,SCONJ,,mark,,,,,-0.0470066013244469,NONE
звуковые,ADJ,,amod,Nom,,Plur,,0.0470931640865748,NONE
каноны,NOUN,,obl,Nom,Masc,Plur,Inan,0.0701039355933223,NONE
",",PUNCT,,punct,,,,,0.2626404855466105,NONE
оружие,NOUN,,conj,Nom,Neut,Sing,Inan,0.0598386532267966,NONE
направленной,VERB,,amod,Gen,Fem,Sing,,0.0077033935137251,NONE
энергии,NOUN,,nmod,Gen,Fem,Sing,Inan,-0.1803781623885299,NONE
",",PUNCT,,punct,,,,,0.1709136863957878,NONE
использующее,VERB,,acl,Nom,Neut,Sing,,0.078669561079586,NONE
лазеры,NOUN,,obj,Acc,Masc,Plur,Inan,-0.0298467977868487,NONE
для,ADP,,case,,,,,-0.0235193939719974,NONE
нагрева,NOUN,,nmod,Gen,Masc,Sing,Inan,0.0112900791313463,NONE
кожи,NOUN,,nmod,Gen,Fem,Sing,Inan,-0.0202517777335166,NONE
человека,NOUN,,nmod,Gen,Masc,Sing,Anim,-0.0077833371192269,NONE
",",PUNCT,,punct,,,,,0.0834410019687394,NONE
новые,ADJ,,amod,Nom,,Plur,,0.0805148319815391,NONE
снаряды,NOUN,,conj,Nom,Masc,Plur,Inan,0.1389085233200659,NONE
из,ADP,,case,,,,,0.0644555006876958,NONE
пенопласта,NOUN,,nmod,Gen,Masc,Sing,Inan,0.1036016724857143,NONE
и,CCONJ,,cc,,,,,-0.0148546069778852,NONE
мела,NOUN,,conj,Gen,Masc,Sing,Inan,0.0123297020485726,NONE
",",PUNCT,,punct,,,,,-0.0229001548545139,NONE
вонющие,VERB,,amod,Nom,,Plur,,-0.0372004991983325,NONE
бомбы,NOUN,,conj,Nom,Fem,Plur,Inan,0.0230402539739614,NONE
и,CCONJ,,cc,,,,,0.0151527340406129,NONE
",",PUNCT,,punct,,,,,0.088427331003948,NONE
конечно,ADV,,parataxis,,,,,0.057242784587298,NONE
же,PART,,advmod,,,,,-0.005172745970719,NONE
",",PUNCT,,punct,,,,,0.0939486959321568,NONE
электрошокер,NOUN,,conj,Nom,Masc,Sing,Inan,0.0321129495002661,NONE
.,PUNCT,,punct,,,,,-0.242856217405897,NONE
Есть,VERB,,root,,,Plur,,-0.2701701255454055,NONE
акустические,ADJ,,amod,Nom,,Plur,,0.3384418158641435,NONE
устройства,NOUN,,nsubj,Nom,Neut,Plur,Inan,0.0516569852876633,NONE
дальнего,ADJ,,amod,Gen,Masc,Sing,,0.0292031449900977,NONE
радиуса,NOUN,,nmod,Gen,Masc,Sing,Inan,0.0206912134537689,NONE
действия,NOUN,,nmod,Gen,Neut,Sing,Inan,-0.007620765594209,NONE
",",PUNCT,,punct,,,,,-0.0105030710786709,NONE
также,ADV,,obl,,,,,0.0498397707852005,NONE
известные,ADJ,,amod,Nom,,Plur,,0.063881130029534,NONE
как,SCONJ,,mark,,,,,0.0615691022340356,NONE
звуковые,ADJ,,amod,Nom,,Plur,,0.2128513531188298,NONE
пушки,NOUN,,obl,Nom,Fem,Plur,Inan,0.0980435598840002,NONE
",",PUNCT,,punct,,,,,-0.0234063991264713,NONE
оружие,NOUN,,conj,Nom,Neut,Sing,Inan,0.2208279595019008,NONE
направленной,VERB,,amod,Gen,Fem,Sing,,0.0701841155460081,NONE
энергии,NOUN,,nmod,Gen,Fem,Sing,Inan,0.004543926046187,NONE
",",PUNCT,,punct,,,,,0.2642427264010821,NONE
которое,PRON,,nsubj,Nom,,,,-0.0195189774372776,NONE
использует,VERB,,acl:relcl,,,Sing,,0.0160363492551606,NONE
лазеры,NOUN,,obj,Acc,Masc,Plur,Inan,0.1345760360856679,NONE
для,ADP,,case,,,,,-0.0183080332456807,NONE
нагрева,NOUN,,nmod,Gen,Masc,Sing,Inan,0.0888571769169233,NONE
кожи,NOUN,,nmod,Gen,Fem,Sing,Inan,0.0560676375807283,NONE
человека,NOUN,,nmod,Gen,Masc,Sing,Anim,-0.0754409252043327,NONE
",",PUNCT,,punct,,,,,0.0356118096879779,NONE
новые,ADJ,,amod,Nom,,Plur,,-0.0318386833992275,NONE
снаряды,NOUN,,conj,Nom,Masc,Plur,Inan,0.2319851310085853,NONE
",",PUNCT,,punct,,,,,0.076034081742038,NONE
сделанные,VERB,,acl,Nom,,Plur,,0.0895972952328162,NONE
из,ADP,,case,,,,,0.0429063135517505,NONE
таких,DET,,det,Gen,,Plur,,0.0625950664941419,NONE
вещей,NOUN,,obl,Gen,Fem,Plur,Inan,0.152780284742655,NONE
",",PUNCT,,punct,,,,,0.134898698688812,NONE
как,SCONJ,,mark,,,,,0.0544562406619749,NONE
пена,NOUN,,obl,Nom,Fem,Sing,Inan,0.1296040626520291,NONE
и,CCONJ,,cc,,,,,0.1427591444298186,NONE
мел,NOUN,,conj,Nom,Masc,Sing,Inan,0.1025749715235971,NONE
",",PUNCT,,punct,,,,,0.0649197071901396,NONE
вонючие,ADJ,,amod,Nom,,Plur,,0.0612075305660492,NONE
бомбы,NOUN,,conj,Nom,Fem,Plur,Inan,0.0872456208222278,NONE
и,CCONJ,,cc,,,,,0.1424046732505261,NONE
",",PUNCT,,punct,,,,,0.0351925198348018,NONE
конечно,ADV,,parataxis,,,,,-0.0180033462722153,NONE
же,PART,,advmod,,,,,-0.0074424877393316,NONE
",",PUNCT,,punct,,,,,0.0780695549965933,NONE
электрошокер,NOUN,,conj,Nom,Masc,Sing,Inan,0.0935526327514697,NONE
.,PUNCT,,punct,,,,,-0.5298851798423883,NONE
Я,PRON,,nsubj,Nom,,Sing,,0.6047837455522878,NONE
действительно,ADV,,advmod,,,,,0.0260670326077367,NONE
считаю,VERB,,root,,,Sing,,-0.0262996405475348,NONE
",",PUNCT,,punct,,,,,-0.0579795569196132,NONE
что,SCONJ,,mark,,,,,-0.0706799826503271,NONE
это,PRON,,nsubj,Nom,Neut,Sing,Inan,-0.0828928948363924,NONE
подсознательная,ADJ,,amod,Nom,Fem,Sing,,0.0133037134720628,NONE
предвзятость,NOUN,,ccomp,Nom,Fem,Sing,Inan,0.2909446425084812,NONE
",",PUNCT,,punct,,,,,0.1442408176499202,NONE
воспитанная,ADJ,,acl,Nom,Fem,Sing,,0.0847573003054569,NONE
и,CCONJ,,cc,,,,,0.0505359901545769,NONE
усугубленная,VERB,,conj,Nom,Fem,Sing,,0.1869665816471873,NONE
изображением,NOUN,,obl,Ins,Neut,Sing,Inan,0.083791053216378,NONE
и,CCONJ,,cc,,,,,0.0285877916330895,NONE
обращением,NOUN,,conj,Ins,Neut,Sing,Inan,0.0252083112657289,NONE
с,ADP,,case,,,,,0.0430895738777574,NONE
людьми,NOUN,,nmod,Ins,Masc,Plur,Anim,0.0152506473233711,NONE
с,ADP,,case,,,,,0.0927432728226497,NONE
избыточным,ADJ,,amod,Ins,Masc,Sing,,0.0419497142511518,NONE
весом,NOUN,,nmod,Ins,Masc,Sing,Inan,-0.0006437695025594,NONE
в,ADP,,case,,,,,0.2102647434936705,NONE
СМИ,NOUN,,nmod,Loc,Neut,Plur,Inan,0.069525009295467,ORG
",",PUNCT,,punct,,,,,0.1171833791024275,NONE
многие,NUM,,amod,,,,,0.0532814139921547,NONE
люди,NOUN,,nsubj,Nom,Masc,Plur,Anim,0.0078331460473874,NONE
просто,PART,,advmod,,,,,0.131258693731208,NONE
не,PART,,advmod,,,,,0.1891962691988747,NONE
осознают,VERB,,conj,,,Plur,,-0.0023951403236043,NONE
",",PUNCT,,punct,,,,,0.2271017784595352,NONE
что,PRON,,obj,Acc,,,,0.1180064217425564,NONE
они,PRON,,nsubj,Nom,,Plur,,-0.0325830513759025,NONE
проецируют,VERB,,ccomp,,,Plur,,0.0887612655485026,NONE
.,PUNCT,,punct,,,,,-0.1820683989004747,NONE
Согласно,ADP,,case,,,,,0.1971406337197293,NONE
местным,ADJ,,amod,Dat,,Plur,,0.0250943664185178,NONE
новостям,NOUN,,parataxis,Dat,Fem,Plur,Inan,0.0265426867561,NONE
со,ADP,,case,,,,,-0.0699467082453293,NONE
ссылкой,NOUN,,nmod,Ins,Fem,Sing,Inan,-0.0063140358957814,NONE
на,ADP,,case,,,,,-0.070239154378082,NONE
Милуда,PROPN,,nmod,Acc,Masc,Sing,Anim,0.0899888805861339,PER
Брахими,PROPN,,flat:name,Acc,Masc,Sing,Anim,0.0913057051535929,PER
",",PUNCT,,punct,,,,,0.1308582085925502,NONE
одного,NUM,,appos,Acc,Masc,,Anim,-0.0405267671233684,NONE
из,ADP,,case,,,,,0.0027794789980222,NONE
адвокатов,NOUN,,nmod,Gen,Masc,Plur,Anim,0.1022511364570704,NONE
защиты,NOUN,,nmod,Gen,Fem,Sing,Inan,0.0038829197739873,NONE
",",PUNCT,,punct,,,,,0.1433101940907247,NONE
шесть,NUM,,nummod:gov,Nom,,,,0.0081332819034866,NONE
человек,NOUN,,nsubj:pass,Gen,Masc,Plur,Anim,0.0705742845244245,NONE
были,AUX,,aux:pass,,,Plur,,0.0226055574010231,NONE
осуждены,VERB,,root,,,Plur,,0.0877602446479063,NONE
за,ADP,,case,,,,,0.0296547809640015,NONE
ночь,NOUN,,obl,Acc,Fem,Sing,Inan,0.0446058955270278,NONE
на,ADP,,case,,,,,-0.0489348487985892,NONE
закрытом,VERB,,amod,Loc,Masc,Sing,,0.1030457353522932,NONE
судебном,ADJ,,amod,Loc,Masc,Sing,,0.1030075567742279,NONE
процессе,NOUN,,obl,Loc,Masc,Sing,Inan,-0.0712522406761532,NONE
в,ADP,,case,,,,,-0.0597933678260628,NONE
Блиде,PROPN,,nmod,Loc,Masc,Sing,Inan,0.0729347882198691,LOC
.,PUNCT,,punct,,,,,-0.276380458446159,NONE
Чарли,PROPN,,nsubj,Nom,Masc,Sing,Anim,-0.0293961743803796,PER
-,PUNCT,,punct,,,,,0.2024473687341467,NONE
отличный,ADJ,,amod,Nom,Masc,Sing,,-0.030867277894527,NONE
выбор,NOUN,,root,Nom,Masc,Sing,Inan,0.049264828454236,NONE
",",PUNCT,,punct,,,,,0.0722533584693847,NONE
-,PUNCT,,punct,,,,,0.8137464996921773,NONE
говорится,VERB,,parataxis,,,Sing,,-0.0356727661285655,NONE
в,ADP,,case,,,,,0.055223706483837,NONE
заявлении,NOUN,,obl,Loc,Neut,Sing,Inan,0.0040449271844266,NONE
Даймона,PROPN,,nmod,Gen,Masc,Sing,Anim,0.1547144279095599,PER
.,PUNCT,,punct,,,,,0.2931656604225595,NONE
Это,PRON,,nsubj,Nom,Neut,Sing,Inan,0.1489813026420844,NONE
была,AUX,,cop,,Fem,Sing,,0.4594856909438823,NONE
попытка,NOUN,,root,Nom,Fem,Sing,Inan,0.1234589333437397,NONE
власти,NOUN,,nmod,Gen,Fem,Sing,Inan,-0.0779256649960985,NONE
над,ADP,,case,,,,,-0.2106040443592372,NONE
мной,PRON,,nmod,Ins,,Sing,,-0.2979017896868781,NONE
",",PUNCT,,punct,,,,,-0.1580414260345075,NONE
женщиной,NOUN,,conj,Ins,Fem,Sing,Anim,0.4054090788499656,NONE
",",PUNCT,,punct,,,,,0.0809245610100027,NONE
которая,PRON,,nsubj,Nom,,,,-0.1170296733120616,NONE
пыталась,VERB,,acl:relcl,,Fem,Sing,,0.1134471164538699,NONE
сделать,VERB,,xcomp,,,,,-0.0487696094113422,NONE
свою,DET,,det,Acc,Fem,Sing,,-0.0293346674530934,NONE
работу,NOUN,,obj,Acc,Fem,Sing,Inan,-0.0268350744845677,NONE
",",PUNCT,,punct,,,,,0.2297700468228276,NONE
которая,PRON,,nsubj,Nom,,,,0.0010522017073778,NONE
не,PART,,advmod,,,,,0.0098682778377186,NONE
могла,VERB,,acl:relcl,,Fem,Sing,,0.0333257117953237,NONE
его,PRON,,obj,Acc,Masc,Sing,,-0.4931558350918836,NONE
остановить,VERB,,xcomp,,,,,0.0866421106369316,NONE
.,PUNCT,,punct,,,,,0.1714277177206689,NONE
Г-н,NOUN,,nsubj,Nom,Masc,Sing,Anim,0.0330201606069821,NONE
Фигурс,PROPN,,appos,Nom,Masc,Sing,Anim,0.0837521471733313,PER
сказал,VERB,,root,,Masc,Sing,,0.034015635268289,NONE
",",PUNCT,,punct,,,,,0.1545660864189069,NONE
что,SCONJ,,mark,,,,,-0.2652216096717397,NONE
управляющий,VERB,,amod,Nom,Masc,Sing,,-0.0158772374412527,NONE
агент,NOUN,,nsubj,Nom,Masc,Sing,Anim,0.1298332872980327,NONE
его,DET,,det,,,,,0.1602766332989128,NONE
здания,NOUN,,nmod,Gen,Neut,Sing,Inan,0.1408951520495867,NONE
обратился,VERB,,ccomp,,Masc,Sing,,-0.0268127240679137,NONE
к,ADP,,case,,,,,-0.145697587544984,NONE
арендодателю,NOUN,,obl,Dat,Masc,Sing,Anim,0.1276080607077736,NONE
по,ADP,,case,,,,,0.022427881793037,NONE
поводу,NOUN,,fixed,Dat,Masc,Sing,Inan,0.0697312094008453,NONE
доступа,NOUN,,obl,Gen,Masc,Sing,Inan,0.089799071889551,NONE
для,ADP,,case,,,,,0.107861595212688,NONE
Openreach,PROPN,,flat:foreign,,,,,0.2011169884169767,ORG
",",PUNCT,,punct,,,,,0.4036691935440869,NONE
но,CCONJ,,cc,,,,,0.0294828286304106,NONE
он,PRON,,nsubj,Nom,Masc,Sing,,0.0008276520301196,NONE
отказался,VERB,,conj,,Masc,Sing,,0.1274861683246033,NONE
подписать,VERB,,xcomp,,,,,0.1624182404264702,NONE
соглашение,NOUN,,obj,Acc,Neut,Sing,Inan,0.1482516272790711,NONE
об,ADP,,case,,,,,-0.028538371192944,NONE
отпуске,NOUN,,nmod,Loc,Masc,Sing,Inan,0.1527956823813682,NONE
.,PUNCT,,punct,,,,,0.4455817890636857,NONE
Из-за,ADP,,case,,,,,-0.0158074009624285,NONE
отсутствия,NOUN,,obl,Gen,Neut,Sing,Inan,-0.0689558619147746,NONE
ответа,NOUN,,nmod,Gen,Masc,Sing,Inan,-0.1147462094807279,NONE
",",PUNCT,,punct,,,,,0.1041991221570389,NONE
и,CCONJ,,cc,,,,,-0.1675183376112382,NONE
для,ADP,,case,,,,,-0.0473948488084683,NONE
качественных,ADJ,,amod,Gen,,Plur,,0.0284951974245844,NONE
целей,NOUN,,conj,Gen,Fem,Plur,Inan,-0.0725041868095156,NONE
",",PUNCT,,punct,,,,,0.0856088597482112,NONE
я,PRON,,nsubj,Nom,,Sing,,0.0384430428803507,NONE
должен,ADJ,,root,,Masc,Sing,,0.0186946209262476,NONE
выпустить,VERB,,xcomp,,,,,0.0394313629698187,NONE
этот,DET,,det,Acc,Masc,Sing,,-9.522912518087688,NONE
чат,NOUN,,obj,Acc,Masc,Sing,Inan,0.3374183481472104,NONE
",",PUNCT,,punct,,,,,0.1240341236085866,NONE
пожалуйста,ADV,,parataxis,,,,,-0.0823821357548151,NONE
",",PUNCT,,punct,,,,,0.1890217411299222,NONE
не,PART,,advmod,,,,,-0.0477229863390119,NONE
стесняйтесь,VERB,,conj,,,Plur,,0.0650365601951415,NONE
связаться,VERB,,xcomp,,,,,-0.1190481675508282,NONE
с,ADP,,case,,,,,-0.0182500134781788,NONE
нами,PRON,,obl,Ins,,Plur,,-0.0307955824134869,NONE
для,ADP,,case,,,,,0.0717239467846008,NONE
любого,DET,,det,Gen,Masc,Sing,,-0.0165560445011549,NONE
запроса,NOUN,,obl,Gen,Masc,Sing,Inan,0.1127632618881215,NONE
или,CCONJ,,cc,,,,,0.1293657268250152,NONE
вопроса,NOUN,,conj,Gen,Masc,Sing,Inan,0.0466146678725357,NONE
",",PUNCT,,punct,,,,,0.1997804013516445,NONE
мы,PRON,,nsubj,Nom,,Plur,,0.0608157388082061,NONE
будем,AUX,,cop,,,Plur,,0.0488746237289417,NONE
более,ADV,,case,,,,,0.1072929281973377,NONE
чем,SCONJ,,fixed,,,,,0.1232071106776154,NONE
рады,ADJ,,conj,,,Plur,,-0.0449326081605393,NONE
предоставить,VERB,,xcomp,,,,,-0.0038635168589623,NONE
вам,PRON,,iobj,Dat,,Plur,,0.0543261805624907,NONE
помощь,NOUN,,obj,Acc,Fem,Sing,Inan,0.1268857610078979,NONE
с,ADP,,case,,,,,-0.01365672926459,NONE
ним,PRON,,nmod,Ins,Masc,Sing,,-0.0939984989832391,NONE
.,PUNCT,,punct,,,,,-0.1469342860854385,NONE
У,ADP,,case,,,,,0.1886193738933565,NONE
нас,PRON,,root,Gen,,Plur,,0.0709489863241426,NONE
было,AUX,,cop,,Neut,Sing,,-0.5455328659134553,NONE
рекордное,ADJ,,amod,Nom,Neut,Sing,,0.0558689720961265,NONE
количество,NOUN,,nsubj,Nom,Neut,Sing,Inan,-0.041665943213375,NONE
спонсируемых,VERB,,amod,Gen,,Plur,,0.0357011728443412,NONE
мероприятий,NOUN,,nmod,Gen,Neut,Plur,Inan,-0.0101481539991603,NONE
",",PUNCT,,punct,,,,,0.0297114092153265,NONE
включая,ADV,,advmod,,,,,0.0655541541601313,NONE
массовый,ADJ,,amod,Acc,Masc,Sing,Inan,0.0749060744397694,NONE
лыжный,ADJ,,amod,Acc,Masc,Sing,Inan,0.0318160662675274,NONE
трамвай,NOUN,,obj,Acc,Masc,Sing,Inan,0.13294623732487,NONE
",",PUNCT,,punct,,,,,-0.1764393172823864,NONE
купание,NOUN,,conj,Acc,Neut,Sing,Inan,0.0111685994721392,NONE
",",PUNCT,,punct,,,,,0.1173252048792365,NONE
прогулку,NOUN,,conj,Acc,Fem,Sing,Inan,0.0804364052171153,NONE
по,ADP,,case,,,,,-0.1146581382474231,NONE
Бен-Невису,PROPN,,nmod,Dat,Masc,Sing,Inan,-0.0431638678534035,LOC
",",PUNCT,,punct,,,,,-0.0256489304047801,NONE
прыжки,NOUN,,conj,Acc,Masc,Plur,Inan,-0.0297438035679179,NONE
с,ADP,,case,,,,,-0.0294275699233922,NONE
бунгало,NOUN,,nmod,Ins,Neut,Sing,Inan,-0.046302074352147,NONE
",",PUNCT,,punct,,,,,-0.00218528961172,NONE
прогулку,NOUN,,conj,Acc,Fem,Sing,Inan,0.0622258600834751,NONE
по,ADP,,case,,,,,-0.0812306845223502,NONE
собакам,NOUN,,nmod,Dat,Fem,Plur,Anim,0.0741300028992124,NONE
",",PUNCT,,punct,,,,,-0.0455525511632988,NONE
дни,NOUN,,conj,Acc,Masc,Plur,Inan,-0.0166300646421223,NONE
танца,NOUN,,nmod,Gen,Masc,Sing,Inan,-0.0100096990312094,NONE
",",PUNCT,,punct,,,,,-0.0821301295680388,NONE
футбол,NOUN,,conj,Acc,Masc,Sing,Inan,0.1037742560543052,NONE
и,CCONJ,,cc,,,,,-0.2468850234838745,NONE
чтениефон,NOUN,,conj,Acc,Masc,Sing,Inan,0.0245529128275717,NONE
.,PUNCT,,punct,,,,,-0.1340172257317248,NONE
Коктейль-бар,NOUN,,nsubj,Nom,Masc,Sing,Inan,0.1357433754931336,NONE
Ball,PROPN,,flat:foreign,,,,,0.1224601017688889,NONE
Pool,PROPN,,flat:foreign,,,,,0.1678540464217626,NONE
открывает,VERB,,root,,,Sing,,-0.0224275777389155,NONE
новую,ADJ,,amod,Acc,Fem,Sing,,0.0596248505296966,NONE
площадку,NOUN,,obj,Acc,Fem,Sing,Inan,0.1274424872007508,NONE
на,ADP,,case,,,,,0.0827168322222065,NONE
Берик-,NOUN,,compound,Loc,Masc,Sing,Inan,0.1212061548445036,LOC
стрит,NOUN,,nmod,Nom,Masc,Sing,Inan,0.0163168133539274,LOC
с,ADP,,case,,,,,0.1914263744607291,NONE
6 000,NUM,,nummod,,,,,-0.0690862248895896,NONE
квадратных,ADJ,,amod,Gen,,Plur,,0.1552826299814954,NONE
футов,NOUN,,nmod,Gen,Masc,Plur,Inan,0.1373664338128815,NONE
шариковых,ADJ,,amod,Gen,,Plur,,0.0353013484821495,NONE
ям,NOUN,,nmod,Gen,Fem,Plur,Inan,0.0225636856783075,NONE
.,PUNCT,,punct,,,,,0.7463396827815335,NONE
Я,PRON,,nsubj,Nom,,Sing,,0.0236567183300423,NONE
из,ADP,,case,,,,,-0.3296020176145466,NONE
страны,NOUN,,root,Gen,Fem,Sing,Inan,-0.09158431309959,NONE
",",PUNCT,,punct,,,,,-0.033287850552204,NONE
где,ADV,,advmod,,,,,-0.0486090770518807,NONE
военная,ADJ,,amod,Nom,Fem,Sing,,-0.1023268143373559,NONE
служба,NOUN,,nsubj,Nom,Fem,Sing,Inan,-0.1122780415381997,NONE
обязательна,ADJ,,acl:relcl,,Fem,Sing,,-0.0412438655011208,NONE
",",PUNCT,,punct,,,,,0.0859769883749809,NONE
и,CCONJ,,cc,,,,,-0.2105907907534005,NONE
мне,PRON,,iobj,Dat,,Sing,,-0.2577700331041597,NONE
просто,PART,,advmod,,,,,0.0588261608040944,NONE
интересно,ADJ,,conj,,Neut,Sing,,0.3454255850415241,NONE
",",PUNCT,,punct,,,,,0.314211739388294,NONE
как,ADV,,advmod,,,,,0.0883370611693486,NONE
это,PRON,,nsubj,Nom,Neut,Sing,Inan,0.1238610391133531,NONE
происходит,VERB,,csubj,,,Sing,,0.10715595184299,NONE
в,ADP,,case,,,,,0.0997086660382401,NONE
других,ADJ,,amod,Loc,,Plur,,0.0679982681911229,NONE
странах,NOUN,,obl,Loc,Fem,Plur,Inan,0.0250395647747906,NONE
.,PUNCT,,punct,,,,,0.4686361787651923,NONE
Размеры,NOUN,,nsubj,Nom,Masc,Plur,Inan,0.1382750508013927,NONE
циферблата,NOUN,,nmod,Gen,Masc,Sing,Inan,0.0523053938547185,NONE
37,NUM,,nummod,,,,,0.3529966485509312,NONE
мм,NOUN,,root,Gen,Masc,Plur,Inan,-0.1137107067833593,NONE
в,ADP,,case,,,,,0.0197961842378498,NONE
диаметре,NOUN,,nmod,Loc,Masc,Sing,Inan,-0.1581081195474231,NONE
и,CCONJ,,cc,,,,,0.0687114226217553,NONE
ножки,NOUN,,nsubj,Nom,Fem,Plur,Inan,0.160159817700861,NONE
циферблата,NOUN,,nmod,Gen,Masc,Sing,Inan,0.1446207245232141,NONE
примерно,ADV,,advmod,,,,,-0.2421185195266686,NONE
7,NUM,,conj,,,,,0.1151521310611713,NONE
и,CCONJ,,cc,,,,,0.0011462021347461,NONE
37,NUM,,conj,,,,,0.5634149243285588,NONE
.,PUNCT,,punct,,,,,-0.2636623729348689,NONE
Facebook,PROPN,,nsubj,Nom,Masc,Sing,Inan,-0.1059763360791257,ORG
также,ADV,,advmod,,,,,-0.1146838613004876,NONE
сталкивается,VERB,,root,,,Sing,,0.0179397218685314,NONE
с,ADP,,case,,,,,0.0107714112831984,NONE
зондами,NOUN,,obl,Ins,Masc,Plur,Inan,0.0650727420862748,NONE
Федеральной,ADJ,,amod,Gen,Fem,Sing,,-0.0706973251849675,ORG
торговой,ADJ,,amod,Gen,Fem,Sing,,-0.0125027852521681,ORG
комиссии,NOUN,,nmod,Gen,Fem,Sing,Inan,-0.0199617910163529,ORG
(,PUNCT,,punct,,,,,-0.0052619092745431,ORG
FTC,PROPN,,flat:foreign,,,,,0.0144209855895315,ORG
),PUNCT,,punct,,,,,0.0781159681880151,ORG
",",PUNCT,,punct,,,,,0.2224499449205674,NONE
группы,NOUN,,conj,Gen,Fem,Sing,Inan,0.0207858241104955,NONE
генеральных,ADJ,,amod,Gen,,Plur,,0.0180875787362076,NONE
прокуроров,NOUN,,nmod,Gen,Masc,Plur,Anim,0.8603839118152169,NONE
штата,NOUN,,nmod,Gen,Masc,Sing,Inan,0.0948602418290751,NONE
во,ADP,,case,,,,,-0.034462715818995,NONE
главе,NOUN,,fixed,Loc,Fem,Sing,Inan,0.0062096689038473,NONE
с,ADP,,case,,,,,0.0992121165948196,NONE
Нью-Йорком,PROPN,,obl,Ins,Masc,Sing,Inan,0.1176560077394173,LOC
и,CCONJ,,cc,,,,,-0.0040706004781252,NONE
Судебного,ADJ,,amod,Gen,Masc,Sing,,0.0478894597657452,ORG
комитета,NOUN,,conj,Gen,Masc,Sing,Inan,-0.1368931500018949,ORG
Палаты,PROPN,,nmod,Gen,Fem,Sing,Inan,0.0334776377823198,ORG
представителей,NOUN,,nmod,Gen,Masc,Plur,Anim,-0.102458493164306,ORG
.,PUNCT,,punct,,,,,0.0300075393943031,NONE
Лидер,NOUN,,nsubj,Nom,Masc,Sing,Anim,-0.7107026988472405,NONE
Северной,PROPN,,amod,,,,,0.2646618203799297,LOC
Кореи,PROPN,,nmod,Gen,Fem,Sing,Inan,-0.0344417214731077,LOC
Ким,PROPN,,appos,Nom,Masc,Sing,Anim,-0.0027672364114294,PER
Чен,PROPN,,flat:name,Nom,Masc,Sing,Anim,-0.0299262039316989,PER
Ын,PROPN,,flat:name,Nom,Masc,Sing,Anim,-0.0291000111321948,PER
созвал,VERB,,root,,Masc,Sing,,0.0180290677655737,NONE
экстренное,ADJ,,amod,Acc,Neut,Sing,,0.0085277398837224,NONE
заседание,NOUN,,obj,Acc,Neut,Sing,Inan,0.043200547408747,NONE
политбюро,NOUN,,nmod,Gen,Neut,Sing,Inan,0.0516568157000427,NONE
после,ADP,,case,,,,,0.0714393107835579,NONE
того,PRON,,obl,Gen,Neut,Sing,Inan,-0.0018807782616707,NONE
",",PUNCT,,punct,,,,,0.243996463167216,NONE
как,SCONJ,,mark,,,,,0.2331921537158559,NONE
человек,NOUN,,nsubj,Nom,Masc,Sing,Anim,-0.0341890900586229,NONE
с,ADP,,case,,,,,0.1406808316560743,NONE
подозрением,NOUN,,nmod,Ins,Neut,Sing,Inan,-0.0877578111755042,NONE
на,ADP,,case,,,,,-0.0557659037194316,NONE
Covid-19,PROPN,,flat:foreign,,,,,0.0551595021988531,ORG
вернулся,VERB,,acl,,Masc,Sing,,-0.067448868832675,NONE
из,ADP,,case,,,,,0.0423149330945446,NONE
Южной,PROPN,,amod,,,,,0.0176339705699175,LOC
Кореи,PROPN,,obl,Gen,Fem,Sing,Inan,0.0031952646863844,LOC
после,ADP,,case,,,,,0.0830325923722906,NONE
незаконного,ADJ,,amod,Gen,Neut,Sing,,0.0328703063110695,NONE
пересечения,NOUN,,obl,Gen,Neut,Sing,Inan,0.1639484702466198,NONE
границы,NOUN,,nmod,Gen,Fem,Sing,Inan,-0.0064066210866527,NONE
в,ADP,,case,,,,,0.0214390743984457,NONE
этом,DET,,det,Loc,Masc,Sing,,-0.0946520254964834,NONE
месяце,NOUN,,nmod,Loc,Masc,Sing,Inan,0.1464530663363464,NONE
",",PUNCT,,punct,,,,,0.1860335352572269,NONE
сообщили,VERB,,parataxis,,,Plur,,0.039533561067858,NONE
в,ADP,,case,,,,,-0.002923428171829,NONE
воскресенье,NOUN,,obl,Acc,Neut,Sing,Inan,0.012832935554096,NONE
государственные,ADJ,,amod,Nom,,Plur,,0.0336283370637199,NONE
СМИ,NOUN,,nsubj,Nom,Neut,Plur,Inan,-0.0114274974781534,ORG
.,PUNCT,,punct,,,,,0.029888486911582,NONE
Это,PRON,,nsubj,Nom,Neut,Sing,Inan,0.2135670159486447,NONE
работа,NOUN,,root,Nom,Fem,Sing,Inan,-0.132346612806233,NONE
в,ADP,,case,,,,,0.2013142750728238,NONE
процессе,NOUN,,nmod,Loc,Masc,Sing,Inan,0.5986655573663371,NONE
.,PUNCT,,punct,,,,,0.4854269342892767,NONE
Даже,PART,,advmod,,,,,-0.0039536011930306,NONE
если,SCONJ,,mark,,,,,0.264957897471804,NONE
Apple,PROPN,,nsubj,Nom,Fem,Sing,Inan,0.0181209820184505,ORG
увеличила,VERB,,advcl,,Fem,Sing,,-0.0434161350446376,NONE
частоту,NOUN,,obj,Acc,Fem,Sing,Inan,-0.07713824383367,NONE
обновлений,NOUN,,nmod,Gen,Neut,Plur,Inan,-0.0551109209629191,NONE
ОС,PROPN,,nmod,Gen,Fem,Sing,Inan,-0.0607731076687348,NONE
",",PUNCT,,punct,,,,,0.0240683481272089,NONE
чтобы,SCONJ,,mark,,,,,-0.0194648892809005,NONE
учесть,VERB,,advcl,,,,,-0.049897155946465,NONE
незначительные,ADJ,,amod,Acc,,Plur,Inan,0.0622866379494899,NONE
исправления,NOUN,,obj,Acc,Neut,Plur,Inan,-0.2125110907341675,NONE
ошибок,NOUN,,nmod,Gen,Fem,Plur,Inan,0.0312569551788998,NONE
в,ADP,,case,,,,,-0.1420689689174875,NONE
нескольких,NUM,,nummod,Loc,,,,-0.1329594527239882,NONE
приложениях,NOUN,,nmod,Loc,Neut,Plur,Inan,0.0344496428572087,NONE
",",PUNCT,,punct,,,,,0.0707544754655173,NONE
почему,ADV,,advmod,,,,,0.1150945347197445,NONE
пользователю,NOUN,,iobj,Dat,Masc,Sing,Anim,0.0126803019926986,NONE
нужно,ADJ,,root,,Neut,Sing,,0.0266564586993901,NONE
каждый,DET,,det,Acc,Masc,Sing,,0.0449556076095437,NONE
раз,NOUN,,obl,Acc,Masc,Sing,Inan,-0.0292178377347015,NONE
выполнять,VERB,,csubj,,,,,0.0347277272704563,NONE
*,PUNCT,,punct,,,,,0.0478531096630635,NONE
полное,ADJ,,amod,Acc,Neut,Sing,,0.0738301640921624,NONE
обновление,NOUN,,obj,Acc,Neut,Sing,Inan,0.0391992823243591,NONE
ОС,PROPN,,nmod,Gen,Fem,Sing,Inan,0.0708108198968857,NONE
*,PUNCT,,punct,,,,,-0.0381775711647153,NONE
?,PUNCT,,punct,,,,,-0.7618456035544504,NONE
Решение,NOUN,,nsubj:pass,Nom,Neut,Sing,Inan,-0.1470010348647493,NONE
не,PART,,advmod,,,,,0.0467874271188068,NONE
будет,AUX,,aux:pass,,,Sing,,0.2180857304454512,NONE
приниматься,VERB,,root,,,,,0.1435052583572827,NONE
в,ADP,,case,,,,,-0.0894537789026195,NONE
течение,NOUN,,fixed,Acc,Neut,Sing,Inan,-0.2239992558085094,NONE
еще,ADV,,advmod,,,,,-0.328062661093597,NONE
нескольких,NUM,,nummod,Gen,,,,-0.188133743707994,NONE
недель,NOUN,,obl,Gen,Fem,Plur,Inan,-0.302506932626791,NONE
",",PUNCT,,punct,,,,,-0.0299028343014847,NONE
поэтому,ADV,,advmod,,,,,-0.1457320278505333,NONE
в,ADP,,case,,,,,0.0001689066047922,NONE
то,DET,,det,Acc,Neut,Sing,,-0.0098871916942929,NONE
же,PART,,advmod,,,,,-0.103811405069826,NONE
время,NOUN,,obl,Acc,Neut,Sing,Inan,-0.1573692877142327,NONE
мы,PRON,,nsubj,Nom,,Plur,,-0.1903216412020032,NONE
оставляем,VERB,,conj,,,Plur,,-0.0816803785308424,NONE
задаться,VERB,,xcomp,,,,,-0.1056030438092435,NONE
вопросом,NOUN,,obl,Ins,Masc,Sing,Inan,-0.1618933477493543,NONE
",",PUNCT,,punct,,,,,-0.0198399170341719,NONE
является,VERB,,acl,,,Sing,,-0.0726830175787813,NONE
ли,PART,,advmod,,,,,-0.1881945721016272,NONE
это,PRON,,nsubj,Nom,Neut,Sing,Inan,0.0911378819499617,NONE
хорошей,ADJ,,amod,Ins,Fem,Sing,,0.1294672383739407,NONE
идеей,NOUN,,obl,Ins,Fem,Sing,Inan,-0.1574637457593479,NONE
.,PUNCT,,punct,,,,,-0.2378314149596293,NONE
Пожалуйста,ADV,,parataxis,,,,,0.2445811654168366,NONE
",",PUNCT,,punct,,,,,-0.0080830234076624,NONE
выберите,VERB,,root,,,Plur,,0.0054221269474796,NONE
все,DET,,det,Acc,,Plur,,0.0652626492030829,NONE
фотографии,NOUN,,obj,Acc,Fem,Plur,Inan,0.1270294726821843,NONE
",",PUNCT,,punct,,,,,-0.0277377834120495,NONE
которые,PRON,,obj,Acc,,,,0.1307624889378264,NONE
вы,PRON,,nsubj,Nom,,Plur,,0.1465881615168024,NONE
хотите,VERB,,acl:relcl,,,Plur,,0.1524869415461831,NONE
",",PUNCT,,punct,,,,,-0.1107427929321422,NONE
и,CCONJ,,cc,,,,,-0.0109954931379233,NONE
",",PUNCT,,punct,,,,,-0.1367553104957224,NONE
как,SCONJ,,mark,,,,,0.2090955752739651,NONE
только,PART,,fixed,,,,,0.0317590798243371,NONE
закончите,VERB,,advcl,,,Plur,,0.0139005756268965,NONE
",",PUNCT,,punct,,,,,-0.2086462298011027,NONE
зарегистрируйтесь,VERB,,conj,,,Plur,,0.2033046905617634,NONE
только,PART,,advmod,,,,,-0.0218420714246999,NONE
один,NUM,,nummod,Acc,Masc,,Inan,0.0813802438824203,NONE
раз,NOUN,,obl,Acc,Masc,Sing,Inan,-0.0134192556525503,NONE
",",PUNCT,,punct,,,,,-0.1264655156254239,NONE
чтобы,SCONJ,,mark,,,,,0.2202335788138671,NONE
автоматически,ADV,,advmod,,,,,0.0743868086163443,NONE
получить,VERB,,advcl,,,,,-0.0943481249801728,NONE
скидку,NOUN,,obj,Acc,Fem,Sing,Inan,0.1644496921155047,NONE
на,ADP,,case,,,,,0.2581144932094197,NONE
почтовые,ADJ,,amod,Acc,,Plur,Inan,0.1732335869638665,NONE
расходы,NOUN,,nmod,Acc,Masc,Plur,Inan,0.122047523722605,NONE
.,PUNCT,,punct,,,,,0.2623043574658781,NONE
В,ADP,,case,,,,,0.372101462090515,NONE
интервью,NOUN,,obl,Loc,Neut,Sing,Inan,-0.0586516586233358,NONE
",",PUNCT,,punct,,,,,0.0804487170421664,NONE
информационный,ADJ,,amod,Nom,Masc,Sing,,0.0677487629809524,NONE
секретарь,NOUN,,nsubj,Nom,Masc,Sing,Anim,0.0691620037824816,NONE
",",PUNCT,,punct,,,,,0.3591305575332296,NONE
Ник,PROPN,,appos,Nom,Masc,Sing,Anim,0.083868317190365,PER
Mangwana,PROPN,,flat:foreign,,,,,0.1608347816938003,PER
",",PUNCT,,punct,,,,,0.2797794683774199,NONE
сказал,VERB,,root,,Masc,Sing,,0.0171162594363935,NONE
",",PUNCT,,punct,,,,,0.1524412086692943,NONE
что,SCONJ,,mark,,,,,0.0319831317350721,NONE
семья,NOUN,,nsubj,Nom,Fem,Sing,Inan,0.1102751994773475,NONE
имеет,VERB,,ccomp,,,Sing,,0.1395129976593417,NONE
право,NOUN,,obj,Acc,Neut,Sing,Inan,0.0834330080362379,NONE
назначить,VERB,,obl,,,,,0.0571005996733971,NONE
место,NOUN,,obj,Acc,Neut,Sing,Inan,0.0064337344886533,NONE
захоронения,NOUN,,nmod,Gen,Neut,Sing,Inan,0.1539185736427373,NONE
бывшего,ADJ,,amod,Gen,Masc,Sing,,0.0894004131034806,NONE
лидера,NOUN,,nmod,Gen,Masc,Sing,Anim,-0.0463810269789471,NONE
Зимбабве,PROPN,,nmod,Gen,Neut,Sing,Inan,0.1387689459759562,LOC
",",PUNCT,,punct,,,,,-0.0125976769929056,NONE
который,PRON,,nsubj,Nom,,,,-0.009345803837606,NONE
умер,VERB,,acl:relcl,,Masc,Sing,,0.0326284539174503,NONE
от,ADP,,case,,,,,-0.0983823743832444,NONE
рака,NOUN,,obl,Gen,Masc,Sing,Inan,0.2993281064598073,NONE
6,NUM,,obl,,,,,-0.1744915490403207,NONE
сентября,NOUN,,flat,Gen,Masc,Sing,Inan,0.0024521096977189,NONE
в,ADP,,case,,,,,-0.0287239942860244,NONE
Сингапуре,PROPN,,obl,Loc,Masc,Sing,Inan,0.0915657247966959,LOC
.,PUNCT,,punct,,,,,-0.1148067981950397,NONE
По,ADP,,mark,,,,,0.2010002517998302,NONE
мере,NOUN,,fixed,Dat,Fem,Sing,Inan,-0.1281674802904298,NONE
того,PRON,,fixed,Gen,Neut,Sing,Inan,-0.0235104024316006,NONE
",",PUNCT,,punct,,,,,0.2058489117627864,NONE
как,SCONJ,,mark,,,,,-0.0149301856093502,NONE
угрозы,NOUN,,nsubj,Nom,Fem,Plur,Inan,0.1068210597002721,NONE
становятся,VERB,,advcl,,,Plur,,-0.5760709910219665,NONE
все,PART,,advmod,,,,,0.0494033070423137,NONE
хуже,ADJ,,obl,,,,,-0.0528175382125299,NONE
",",PUNCT,,punct,,,,,0.0915698711552936,NONE
мы,PRON,,nsubj,Nom,,Plur,,0.1969570431547231,NONE
продолжаем,VERB,,root,,,Plur,,-0.1171357621985479,NONE
становиться,VERB,,xcomp,,,,,0.4748973014641849,NONE
лучше,ADV,,advmod,,,,,0.1914043643450803,NONE
.,PUNCT,,punct,,,,,-0.1846854963701619,NONE
Поставляется,VERB,,root,,,Sing,,0.0389410439538709,NONE
в,ADP,,case,,,,,0.0245298002385821,NONE
комплекте,NOUN,,obl,Loc,Masc,Sing,Inan,0.006291504037296,NONE
с,ADP,,case,,,,,-0.0186677920280242,NONE
компрессионным,ADJ,,amod,Ins,Masc,Sing,,0.0382089800353651,NONE
мешком,NOUN,,nmod,Ins,Masc,Sing,Inan,-0.1150911298930392,NONE
для,ADP,,case,,,,,0.0364163730779817,NONE
вещей,NOUN,,nmod,Gen,Fem,Plur,Inan,-0.013671428912931,NONE
",",PUNCT,,punct,,,,,0.3321760119314031,NONE
чтобы,SCONJ,,mark,,,,,0.040965684504727,NONE
сделать,VERB,,advcl,,,,,0.0874491037369299,NONE
сумку,NOUN,,obj,Acc,Fem,Sing,Inan,-0.0131433794071705,NONE
меньше,ADV,,advmod,,,,,-0.014534481189017,NONE
",",PUNCT,,punct,,,,,0.5038177806502238,NONE
когда,SCONJ,,mark,,,,,-0.0757745723000558,NONE
она,PRON,,nsubj:pass,Nom,Fem,Sing,,0.020235131590085,NONE
не,PART,,advmod,,,,,0.0524934052721244,NONE
используется,VERB,,advcl,,,Sing,,0.0990556929215269,NONE
.,PUNCT,,punct,,,,,-0.3389267357409064,NONE
Он,PRON,,nsubj,Nom,Masc,Sing,,-0.1194146351921708,NONE
не,PART,,advmod,,,,,-0.1490781527260793,NONE
только,PART,,advmod,,,,,0.2374248710907554,NONE
пропустит,VERB,,root,,,Sing,,-0.1255722640299783,NONE
саммит,NOUN,,obj,Acc,Masc,Sing,Inan,-0.0604158892644718,NONE
ООН,PROPN,,nmod,Gen,Fem,Sing,Inan,0.2927850491364184,ORG
по,ADP,,case,,,,,-0.1432818513951255,NONE
климату,NOUN,,nmod,Dat,Masc,Sing,Inan,0.189729809449751,NONE
.,PUNCT,,punct,,,,,0.1911794513484581,NONE
"""",PUNCT,,punct,,,,,0.3546818461991327,NONE
Я,PRON,,nsubj,Nom,,Sing,,0.0048373563907718,NONE
узнал,VERB,,root,,Masc,Sing,,0.0007081431035371,NONE
",",PUNCT,,punct,,,,,0.0346046126533321,NONE
что,SCONJ,,mark,,,,,-0.0279561201589943,NONE
президент,NOUN,,nsubj,Nom,Masc,Sing,Anim,-0.0395578040058032,NONE
Трамп,PROPN,,appos,Nom,Masc,Sing,Anim,0.0235529357759774,PER
отличается,VERB,,ccomp,,,Sing,,-0.0178090598152072,NONE
от,ADP,,case,,,,,-0.0103673566722233,NONE
своих,DET,,det,Gen,,Plur,,-0.0150211560831307,NONE
предшественников,NOUN,,obl,Gen,Masc,Plur,Anim,0.0869814457470202,NONE
политическим,ADJ,,amod,Ins,Masc,Sing,,0.0217501800137652,NONE
смыслом,NOUN,,obl,Ins,Masc,Sing,Inan,-0.0088101830979601,NONE
и,CCONJ,,cc,,,,,-0.0198933940935603,NONE
решением,NOUN,,conj,Ins,Neut,Sing,Inan,-0.0027708636942461,NONE
",",PUNCT,,punct,,,,,0.3129299799903724,NONE
наблюдая,VERB,,advcl,,,,,0.0025705183468992,NONE
за,ADP,,case,,,,,-0.0300372474428089,NONE
его,DET,,det,,,,,-0.0078126430246689,NONE
подходом,NOUN,,obl,Ins,Masc,Sing,Inan,-0.0104378687633705,NONE
к,ADP,,case,,,,,-0.0140770060573933,NONE
КНДР,PROPN,,nmod,Dat,Fem,Sing,Inan,-0.0279532951542674,LOC
",",PUNCT,,punct,,,,,0.0286645562652201,NONE
поэтому,ADV,,advmod,,,,,-0.0286813733984302,NONE
я,PRON,,nsubj,Nom,,Sing,,-0.0082656805703438,NONE
хотел,VERB,,conj,,Masc,Sing,,0.0004739514565585,NONE
бы,AUX,,aux,,,,,-0.0457134736715018,NONE
возложить,VERB,,xcomp,,,,,-0.0255450220714271,NONE
надежду,NOUN,,obj,Acc,Fem,Sing,Inan,0.0202350244336044,NONE
на,ADP,,case,,,,,-0.0321751898236545,NONE
мудрый,ADJ,,amod,Acc,Masc,Sing,Inan,-0.008368748440367,NONE
вариант,NOUN,,nmod,Acc,Masc,Sing,Inan,0.0148882249653083,NONE
президента,NOUN,,nmod,Gen,Masc,Sing,Anim,-0.0084711459487285,NONE
Трампа,PROPN,,appos,Gen,Masc,Sing,Anim,0.0210318754103344,PER
и,CCONJ,,cc,,,,,0.0199121808637153,NONE
смелое,ADJ,,amod,Acc,Neut,Sing,,0.0339708259687982,NONE
решение,NOUN,,conj,Acc,Neut,Sing,Inan,0.0335419778604999,NONE
",",PUNCT,,punct,,,,,0.176520800417686,NONE
"""",PUNCT,,punct,,,,,-0.0935088855065073,NONE
"""",PUNCT,,punct,,,,,-0.0165142864595298,NONE
сказал,VERB,,parataxis,,Masc,Sing,,0.0514534646358162,NONE
он,PRON,,nsubj,Nom,Masc,Sing,,0.0506159065203608,NONE
.,PUNCT,,punct,,,,,-0.0078518150498513,NONE
"""",PUNCT,,root,,,,,0.3102744604351001,NONE
Первоначально,ADV,,advmod,,,,,0.033917307256037,NONE
обнаруженный,VERB,,acl,Nom,Masc,Sing,,0.0515710528262029,NONE
в,ADP,,case,,,,,0.0118199946529666,NONE
1992,ADJ,,amod,,,,,-0.0300564114253679,NONE
году,NOUN,,obl,Loc,Masc,Sing,Inan,-0.0263037883852197,NONE
",",PUNCT,,punct,,,,,-0.0892335441735177,NONE
археологический,ADJ,,amod,Nom,Masc,Sing,,0.0535539925346808,NONE
клад,NOUN,,nsubj:pass,Nom,Masc,Sing,Inan,-0.0827261375425359,NONE
недавно,ADV,,advmod,,,,,0.0607491438232935,NONE
был,AUX,,aux:pass,,Masc,Sing,,-0.033039762216501,NONE
открыт,VERB,,root,,Masc,Sing,,0.1900212342205395,NONE
для,ADP,,case,,,,,0.0204408060712172,NONE
публики,NOUN,,obl,Gen,Fem,Sing,Inan,0.1215542613758133,NONE
.,PUNCT,,punct,,,,,-0.9490345541077172,NONE
Новая,ADJ,,amod,Nom,Fem,Sing,,-0.0989057276844743,NONE
модель,NOUN,,nsubj:pass,Nom,Fem,Sing,Inan,0.2430650522667696,NONE
финансовой,ADJ,,amod,Gen,Fem,Sing,,0.1514773888279315,NONE
автономии,NOUN,,nmod,Gen,Fem,Sing,Inan,0.3455693915693369,NONE
также,ADV,,advmod,,,,,0.0711455126882445,NONE
будет,AUX,,aux:pass,,,Sing,,0.1874756978306956,NONE
обсуждаться,VERB,,root,,,,,0.1956845611601181,NONE
на,ADP,,case,,,,,0.0998480997467317,NONE
сегодняшнем,ADJ,,amod,Loc,Neut,Sing,,0.0349780002182428,NONE
заседании,NOUN,,obl,Loc,Neut,Sing,Inan,-0.2444754704081901,NONE
.,PUNCT,,punct,,,,,0.4397975301997741,NONE
Сенат,NOUN,,nsubj,Nom,Masc,Sing,Inan,-0.0611106763221261,ORG
будет,AUX,,aux,,,Sing,,0.4328387498942295,NONE
состоять,VERB,,root,,,,,-0.0674197567709125,NONE
из,ADP,,case,,,,,-0.0112801199175114,NONE
300,NUM,,nummod,,,,,-0.0214146551347644,NONE
членов,NOUN,,obl,Gen,Masc,Plur,Anim,-0.0505176908711778,NONE
",",PUNCT,,punct,,,,,0.175672751318096,NONE
100,NUM,,nsubj:pass,,,,,0.0843030893100256,NONE
из,ADP,,case,,,,,-0.073728713735426,NONE
которых,PRON,,nmod,Gen,,,,-0.294307834928434,NONE
избираются,VERB,,acl:relcl,,,Plur,,-0.0556709789034338,NONE
по,ADP,,case,,,,,-0.0340756128642596,NONE
закрытой,VERB,,amod,Dat,Fem,Sing,,0.003475016128105,NONE
системе,NOUN,,obl,Dat,Fem,Sing,Inan,-0.0170263369987509,NONE
списков,NOUN,,nmod,Gen,Masc,Plur,Inan,0.0810333143572662,NONE
",",PUNCT,,punct,,,,,0.4127885167525749,NONE
100,NUM,,nsubj:pass,,,,,0.1129047446444486,NONE
избираются,VERB,,conj,,,Plur,,0.1200410329346209,NONE
по,ADP,,case,,,,,-0.0398168670348181,NONE
индивидуальной,ADJ,,amod,Dat,Fem,Sing,,0.1019478957902215,NONE
системе,NOUN,,obl,Dat,Fem,Sing,Inan,0.0018158407360564,NONE
и,CCONJ,,cc,,,,,0.0588389869125032,NONE
100,NUM,,nummod,,,,,0.0701047366825281,NONE
членов,NOUN,,nsubj:pass,Gen,Masc,Plur,Anim,-0.0168606093953004,NONE
назначаются,VERB,,conj,,,Plur,,-0.085695912216145,NONE
Президентом,PROPN,,obl,Ins,Masc,Sing,Anim,0.0047453185448803,NONE
Республики,PROPN,,nmod,Gen,Fem,Sing,Inan,0.0436310311264008,LOC
.,PUNCT,,punct,,,,,-0.5201903623824385,NONE
Подразделение,NOUN,,nsubj,Nom,Neut,Sing,Inan,0.6964694002019769,NONE
"""",PUNCT,,punct,,,,,0.3944557113140162,NONE
"""",PUNCT,,punct,,,,,0.2086064720404632,NONE
Brilliant,PROPN,,flat:foreign,,,,,-0.0001776461613225,NONE
Travel,PROPN,,flat:foreign,,,,,-0.0560062116433122,NONE
"""",PUNCT,,punct,,,,,0.1165996587032514,NONE
"""",PUNCT,,punct,,,,,0.0441503899719283,NONE
также,ADV,,advmod,,,,,-0.0647313103973481,NONE
предоставляет,VERB,,root,,,Sing,,-0.0763673192196764,NONE
приложения,NOUN,,obj,Acc,Neut,Plur,Inan,-0.0521400461901398,NONE
для,ADP,,case,,,,,0.0264416700372494,NONE
быстрого,ADJ,,amod,Gen,Neut,Sing,,-0.0288407004828316,NONE
отслеживания,NOUN,,nmod,Gen,Neut,Sing,Inan,0.0245829744241516,NONE
до,ADP,,case,,,,,0.0365677738890148,NONE
100,NUM,,nummod,,,,,0.0200507618036908,NONE
дополнительных,ADJ,,amod,Gen,,Plur,,0.0165102145343215,NONE
надомных,ADJ,,amod,Gen,,Plur,,0.0346050164533307,NONE
работников,NOUN,,nmod,Gen,Masc,Plur,Anim,-0.0018399879862554,NONE
или,CCONJ,,cc,,,,,-0.0164871123931443,NONE
тех,DET,,det,Gen,,Plur,,-0.0088489922242809,NONE
",",PUNCT,,punct,,,,,0.1363164484244161,NONE
кто,PRON,,nsubj,Nom,,,,-0.0022206996405344,NONE
хочет,VERB,,acl:relcl,,,Sing,,0.0056584077982994,NONE
создать,VERB,,xcomp,,,,,-0.0839746348040449,NONE
собственное,ADJ,,amod,Acc,Neut,Sing,,0.0492695425798492,NONE
независимое,ADJ,,amod,Acc,Neut,Sing,,0.0165847968491717,NONE
агентство,NOUN,,obj,Acc,Neut,Sing,Inan,0.0670072023203372,NONE
.,PUNCT,,punct,,,,,-0.0791653253159705,NONE
"""",PUNCT,,root,,,,,-0.3732675170349619,NONE
Секретарь,NOUN,,nsubj,Nom,Masc,Sing,Anim,0.581318595554379,NONE
теневого,ADJ,,amod,Gen,Neut,Sing,,0.1360652028320049,NONE
здравоохранения,NOUN,,nmod,Gen,Neut,Sing,Inan,-0.0405698631702025,NONE
Джонатан,PROPN,,appos,Nom,Masc,Sing,Anim,0.0136276580984545,PER
Эшворт,PROPN,,flat:name,Nom,Masc,Sing,Anim,0.0373626215144508,PER
осудил,VERB,,root,,Masc,Sing,,0.0219154068523637,NONE
правительство,NOUN,,obj,Acc,Neut,Sing,Inan,0.1977276853205927,NONE
за,ADP,,case,,,,,-0.0781635522934184,NONE
«откровенно,ADV,,obl,,,,,0.1695127177722658,NONE
бессмысленное»,ADJ,,amod,Acc,Neut,Sing,,0.1036679839561065,NONE
обращение,NOUN,,obl,Acc,Neut,Sing,Inan,-0.14755682902008,NONE
с,ADP,,case,,,,,-0.143217253601239,NONE
этой,DET,,det,Ins,Fem,Sing,,-0.2047035665973855,NONE
мерой,NOUN,,nmod,Ins,Fem,Sing,Inan,-0.001534521991364,NONE
.,PUNCT,,punct,,,,,-0.088871755293021,NONE
У,ADP,,case,,,,,-0.7084573487898211,NONE
меня,PRON,,obl,Gen,,Sing,,0.0382866799523837,NONE
есть,VERB,,root,,,Sing,,-0.0460302254577224,NONE
разрешение,NOUN,,nsubj,Nom,Neut,Sing,Inan,0.0038763471276378,NONE
на,ADP,,case,,,,,-0.0514150014384179,NONE
использование,NOUN,,nmod,Acc,Neut,Sing,Inan,-0.0355801166870603,NONE
этого,DET,,det,Gen,Masc,Sing,,-0.0870617951238009,NONE
аккаунта,NOUN,,nmod,Gen,Masc,Sing,Inan,0.0194020554073902,NONE
",",PUNCT,,punct,,,,,0.0533529899283885,NONE
потому,ADV,,mark,,,,,0.036217795142209,NONE
что,SCONJ,,fixed,,,,,-0.0734260933596527,NONE
я,PRON,,nsubj,Nom,,Sing,,-0.0198401185222942,NONE
просто,PART,,advmod,,,,,-0.0237059375982218,NONE
сосу,VERB,,advcl,,,Sing,,0.0226152372541575,NONE
технологии,NOUN,,obl,Gen,Fem,Sing,Inan,-0.010139209327852,NONE
",",PUNCT,,punct,,,,,0.0228880779411625,NONE
и,CCONJ,,cc,,,,,0.0362747115221332,NONE
это,PRON,,nsubj,Nom,Neut,Sing,Inan,0.0419209631944234,NONE
как,ADV,,advmod,,,,,0.1278992939275958,NONE
бы,PART,,fixed,,,,,-0.0426545334358881,NONE
помогает,VERB,,conj,,,Sing,,-0.0004841335797006,NONE
мне,PRON,,iobj,Dat,,Sing,,-0.0377576137432924,NONE
с,ADP,,case,,,,,-0.0781905152793907,NONE
проблемами,NOUN,,obl,Ins,Fem,Plur,Inan,0.0476628466348686,NONE
психического,ADJ,,amod,Gen,Neut,Sing,,0.0032210147564711,NONE
здоровья,NOUN,,nmod,Gen,Neut,Sing,Inan,-0.0183175476786106,NONE
(,PUNCT,,punct,,,,,-0.0285058862689802,NONE
и,CCONJ,,cc,,,,,0.0075661914278099,NONE
я,PRON,,nsubj,Nom,,Sing,,0.0461941184412257,NONE
вижу,VERB,,parataxis,,,Sing,,0.0234556564232032,NONE
иронию,NOUN,,obj,Acc,Fem,Sing,Inan,0.0101863684206343,NONE
технофоба,NOUN,,nmod,Gen,Masc,Sing,Inan,0.0629249353360406,NONE
",",PUNCT,,punct,,,,,0.0723377050881066,NONE
спрашивающего,VERB,,acl,Gen,Masc,Sing,,0.0369178584042582,NONE
о,ADP,,case,,,,,0.0110404005473137,NONE
титане-краснокаменце,NOUN,,appos,Loc,Masc,Sing,Anim,0.1004449165107222,NONE
:,PUNCT,,punct,,,,,0.1789197594577123,NONE
P,PROPN,,parataxis,,,,,-0.0286330856154277,NONE
),PUNCT,,punct,,,,,-0.4695837512999705,NONE
В,ADP,,advmod,,,,,0.100929429371494,NONE
настоящее,ADJ,,fixed,Acc,Neut,Sing,Inan,0.4113581132948817,NONE
время,NOUN,,fixed,Acc,Neut,Sing,Inan,0.2871483021080945,NONE
у,ADP,,case,,,,,-0.1467447015466981,NONE
нас,PRON,,obl,Gen,,Plur,,-0.0149646062462691,NONE
нет,VERB,,root,,,Sing,,-0.1449780028221375,NONE
точной,ADJ,,amod,Gen,Fem,Sing,,-0.1100334138488627,NONE
информации,NOUN,,nsubj,Gen,Fem,Sing,Inan,-0.1348603404655937,NONE
о,ADP,,case,,,,,-0.0424925868433254,NONE
том,PRON,,nmod,Loc,Neut,Sing,Inan,-0.1247006992927593,NONE
",",PUNCT,,punct,,,,,0.082520322111197,NONE
что,PRON,,nsubj,Nom,,,,-0.0481493226331996,NONE
случилось,VERB,,acl,,Neut,Sing,,-0.1157732708433816,NONE
с,ADP,,case,,,,,-0.009218854913946,NONE
гонщиком,NOUN,,obl,Ins,Masc,Sing,Anim,0.1693244409018313,NONE
",",PUNCT,,punct,,,,,0.5394398415962044,NONE
а,CCONJ,,cc,,,,,0.0866991241594156,NONE
также,PART,,fixed,,,,,-0.3866623466278385,NONE
с,ADP,,case,,,,,0.0041461827331291,NONE
вашим,DET,,det,Ins,Masc,Sing,,0.0476401769371338,NONE
заказом,NOUN,,conj,Ins,Masc,Sing,Inan,0.1327184353669909,NONE
.,PUNCT,,punct,,,,,0.0095112371373099,NONE
Uber,PROPN,,nsubj,,,,,-0.3154638469925376,ORG
Eats,PROPN,,flat:foreign,,,,,0.1210184874194313,ORG
также,ADV,,advmod,,,,,0.0603684555175235,NONE
откроет,VERB,,root,,,Sing,,0.1255050348409745,NONE
больше,ADV,,advmod,,,,,-0.0720697829528138,NONE
«цифровых,ADJ,,amod,Gen,,Plur,,0.2007081717672571,NONE
ресторанов»,NOUN,,obl,Gen,Masc,Plur,Inan,0.0461969921199656,NONE
-,PUNCT,,punct,,,,,0.0548756301890494,NONE
предприятий,NOUN,,parataxis,Gen,Neut,Plur,Inan,-0.0060325138497842,NONE
без,ADP,,case,,,,,0.1381651849954689,NONE
розничной,ADJ,,amod,Gen,Fem,Sing,,0.0134413813930849,NONE
торговли,NOUN,,nmod,Gen,Fem,Sing,Inan,0.0767657661074719,NONE
",",PUNCT,,punct,,,,,0.1655751176053223,NONE
где,ADV,,advmod,,,,,0.0712441658760936,NONE
клиенты,NOUN,,nsubj,Nom,Masc,Plur,Anim,0.2262687965414049,NONE
могут,VERB,,acl:relcl,,,Plur,,0.3351789082375102,NONE
заказывать,VERB,,xcomp,,,,,0.1912251554273743,NONE
еду,NOUN,,obj,Acc,Fem,Sing,Inan,0.1778001630223904,NONE
только,PART,,advmod,,,,,0.2176546916974094,NONE
из,ADP,,case,,,,,0.2075195763548257,NONE
приложения,NOUN,,obl,Gen,Neut,Sing,Inan,0.2555809063522187,NONE
.,PUNCT,,punct,,,,,0.4808680408171411,NONE
Угроза,NOUN,,nsubj:pass,Nom,Fem,Sing,Inan,0.3363855341603288,NONE
была,AUX,,aux:pass,,Fem,Sing,,-0.086499119757135,NONE
высказана,VERB,,root,,Fem,Sing,,0.0670964135099317,NONE
в,ADP,,case,,,,,-0.0403021874088041,NONE
субботу,NOUN,,obl,Acc,Fem,Sing,Inan,-0.0346526114609862,NONE
через,ADP,,case,,,,,-0.1865579973563321,NONE
несколько,NUM,,nummod,Acc,,,Inan,0.0886315770365619,NONE
часов,NOUN,,obl,Gen,Masc,Plur,Inan,-0.1365977493625624,NONE
после,ADP,,case,,,,,-0.0373705573500472,NONE
того,PRON,,nmod,Gen,Neut,Sing,Inan,0.0267640147553299,NONE
",",PUNCT,,punct,,,,,0.0873435704833685,NONE
как,SCONJ,,mark,,,,,-0.0438524961137613,NONE
Британия,PROPN,,nsubj,Nom,Fem,Sing,Inan,0.1146073922722935,LOC
согласилась,VERB,,acl,,Fem,Sing,,-0.0470938810364862,NONE
выдать,VERB,,xcomp,,,,,0.0150405486709276,NONE
еще,ADV,,advmod,,,,,0.0374956985639178,NONE
23,NUM,,nummod,,,,,0.0610853179890112,NONE
лицензии,NOUN,,obl,Gen,Fem,Sing,Inan,0.0319200337096359,NONE
французским,ADJ,,amod,Dat,,Plur,,0.108487372422029,NONE
рыбакам,NOUN,,iobj,Dat,Masc,Plur,Anim,0.2841278441301154,NONE
",",PUNCT,,punct,,,,,0.1224078926448996,NONE
чтобы,SCONJ,,mark,,,,,0.0780048009784355,NONE
ослабить,VERB,,advcl,,,,,0.2586057854828766,NONE
напряженность,NOUN,,obj,Acc,Fem,Sing,Inan,0.0681086205941852,NONE
между,ADP,,case,,,,,-0.03483852787012,NONE
двумя,NUM,,nummod,Ins,,,,0.1126923926112306,NONE
соседями,NOUN,,nmod,Ins,Masc,Plur,Anim,0.0929379462409765,NONE
",",PUNCT,,punct,,,,,0.0735096258932856,NONE
которые,PRON,,nsubj,Nom,,,,0.1898166059399068,NONE
были,AUX,,cop,,,Plur,,0.099232402529923,NONE
в,ADP,,case,,,,,0.1369890066872939,NONE
ссоре,NOUN,,acl:relcl,Loc,Fem,Sing,Inan,0.2709556145196105,NONE
из-за,ADP,,case,,,,,0.1329695359645648,NONE
рыболовного,ADJ,,amod,Gen,Masc,Sing,,0.0990148849079275,NONE
ряда,NOUN,,nmod,Gen,Masc,Sing,Inan,0.1010641048310996,NONE
в,ADP,,case,,,,,-0.0639447146285135,NONE
течение,NOUN,,fixed,Acc,Neut,Sing,Inan,0.0952688906489163,NONE
последних,ADJ,,amod,Gen,,Plur,,-0.0146670932716025,NONE
шести,NUM,,nummod,Gen,,,,0.0810670466208534,NONE
месяцев,NOUN,,nmod,Gen,Masc,Plur,Inan,0.4460027454828774,NONE
.,PUNCT,,punct,,,,,-0.1168627306172918,NONE
Шольц,PROPN,,nsubj,Nom,Masc,Sing,Anim,0.1317834990835653,NONE
и,CCONJ,,cc,,,,,0.0519943049606368,NONE
Моравецки,PROPN,,conj,Nom,Masc,Sing,Anim,0.2172578380372853,PER
также,ADV,,advmod,,,,,-0.2436131435860622,NONE
обсудят,VERB,,root,,,Plur,,0.1204021992417879,NONE
сложные,ADJ,,amod,Acc,,Plur,Inan,0.0034467974034311,NONE
двусторонние,ADJ,,amod,Acc,,Plur,Inan,0.1327957043746385,NONE
отношения,NOUN,,obj,Acc,Neut,Plur,Inan,-0.0970937952434654,NONE
при,ADP,,case,,,,,-0.1445964399149394,NONE
новом,ADJ,,amod,Loc,Neut,Sing,,0.2001533811942621,NONE
правительстве,NOUN,,obl,Loc,Neut,Sing,Inan,0.0866725460715951,NONE
Германии,PROPN,,nmod,Gen,Fem,Sing,Inan,-0.2112458293764888,LOC
.,PUNCT,,punct,,,,,0.4451228469843604,NONE
Посмотрите,VERB,,root,,,Plur,,0.0882656962171704,NONE
видео,NOUN,,obj,Acc,Neut,Sing,Inan,0.2064623974475755,NONE
",",PUNCT,,punct,,,,,0.085979218794373,NONE
чтобы,SCONJ,,mark,,,,,-0.092163924262546,NONE
взглянуть,VERB,,advcl,,,,,0.1288177228521809,NONE
на,ADP,,case,,,,,-0.2053303896009154,NONE
новые,ADJ,,amod,Acc,,Plur,Inan,-0.1526172171052802,NONE
высокотехнологичные,ADJ,,amod,Acc,,Plur,Inan,0.079093148543922,NONE
инструменты,NOUN,,obl,Acc,Masc,Plur,Inan,0.0972688359105655,NONE
",",PUNCT,,punct,,,,,0.145567931765583,NONE
которые,PRON,,obj,Acc,,,,0.090044547108954,NONE
полиция,NOUN,,nsubj,Nom,Fem,Sing,Inan,0.0319140002381393,NONE
использует,VERB,,acl:relcl,,,Sing,,0.0927633308516598,NONE
для,ADP,,case,,,,,0.1252159167302234,NONE
менее,ADV,,obl,,,,,-0.0691650534699301,NONE
смертоносной,ADJ,,amod,Gen,Fem,Sing,,0.1471886463582375,NONE
силы,NOUN,,obl,Gen,Fem,Sing,Inan,0.0879579724980231,NONE
",",PUNCT,,punct,,,,,0.2445586790515835,NONE
как,SCONJ,,mark,,,,,0.0543201911323871,NONE
они,PRON,,nsubj:pass,Nom,,Plur,,0.1150707944560918,NONE
регулируются,VERB,,advcl,,,Plur,,0.0002039373170021,NONE
",",PUNCT,,punct,,,,,-0.0056327506874186,NONE
и,CCONJ,,cc,,,,,0.0316787722269635,NONE
что,PRON,,nsubj:pass,Nom,,,,0.0412956933612235,NONE
поставлено,VERB,,conj,,Neut,Sing,,0.0760285575475442,NONE
на,ADP,,case,,,,,0.1779549807495553,NONE
карту,NOUN,,obl,Acc,Fem,Sing,Inan,-0.0196683271020334,NONE
для,ADP,,case,,,,,0.1137613482924033,NONE
будущего,ADJ,,amod,Gen,Neut,Sing,Inan,-0.010241453284012,NONE
полицейской,ADJ,,amod,Gen,Fem,Sing,,0.2275102114541977,NONE
деятельности,NOUN,,nmod,Gen,Fem,Sing,Inan,0.0464473819672639,NONE
и,CCONJ,,cc,,,,,0.0397620991157644,NONE
сообществ,NOUN,,conj,Gen,Neut,Plur,Inan,0.1514794454285139,NONE
",",PUNCT,,punct,,,,,0.1141507086419943,NONE
которым,PRON,,obl,Ins,,,,-0.0068803443223915,NONE
они,PRON,,nsubj,Nom,,Plur,,-0.0423528615451772,NONE
служат,VERB,,acl:relcl,,,Plur,,-0.2039937414669528,NONE
.,PUNCT,,punct,,,,,-0.0564297920785547,NONE
Рабочие,NOUN,,nsubj,Nom,Masc,Plur,Anim,0.0369084281317976,NONE
опасаются,VERB,,root,,,Plur,,0.0499849892425057,NONE
",",PUNCT,,punct,,,,,0.2164594264798724,NONE
что,SCONJ,,mark,,,,,-0.1386110836972257,NONE
шутники,NOUN,,nsubj,Nom,Masc,Plur,Inan,0.0157969221987201,NONE
вооружат,VERB,,ccomp,,,Plur,,0.0572853885359187,NONE
надоедливых,ADJ,,amod,Acc,,Plur,Anim,0.2009057241760482,NONE
приматов,NOUN,,obj,Acc,Masc,Plur,Anim,0.1736587887098201,NONE
",",PUNCT,,punct,,,,,0.2967182112633925,NONE
которые,PRON,,nsubj,Nom,,,,-0.0940896681567307,NONE
",",PUNCT,,punct,,,,,0.5412184464937018,NONE
как,SCONJ,,mark,,,,,-0.0402393632894619,NONE
известно,ADJ,,parataxis,,Neut,Sing,,0.12222465566483,NONE
",",PUNCT,,punct,,,,,0.2642381270270335,NONE
набросились,VERB,,acl:relcl,,,Plur,,0.0173254224199099,NONE
на,ADP,,case,,,,,-0.0590282602522146,NONE
всех,PRON,,obl,Acc,,Plur,Anim,-0.121427570078971,NONE
",",PUNCT,,punct,,,,,0.1461739327340278,NONE
кто,PRON,,nsubj,Nom,,,,-0.0294794187532828,NONE
делает,VERB,,acl:relcl,,,Sing,,-0.2382370036053676,NONE
паузу,NOUN,,obj,Acc,Fem,Sing,Inan,0.0081175353883694,NONE
и,CCONJ,,cc,,,,,0.0302237553968597,NONE
отрывает,VERB,,conj,,,Sing,,0.1300287574824273,NONE
стеклоочистители,NOUN,,obj,Acc,Masc,Plur,Inan,0.1367874914638138,NONE
и,CCONJ,,cc,,,,,0.0645145090858926,NONE
зеркала,NOUN,,conj,Acc,Neut,Plur,Inan,0.1292293078553463,NONE
.,PUNCT,,punct,,,,,0.031663342340959,NONE
Часть,NOUN,,nsubj,Nom,Fem,Sing,Inan,-0.000524530262842,NONE
поля,NOUN,,nmod,Gen,Neut,Sing,Inan,-0.0635677859629267,NONE
вмешивалась,VERB,,root,,Fem,Sing,,0.3672299458447023,NONE
в,ADP,,case,,,,,0.0388881957361479,NONE
зону,NOUN,,obl,Acc,Fem,Sing,Inan,-0.1101633585434429,NONE
ворот,NOUN,,nmod,Gen,Neut,Plur,Inan,-0.141588190586005,NONE
",",PUNCT,,punct,,,,,0.2639687872306885,NONE
тем,PRON,,obl,Ins,Neut,Sing,Inan,0.1029321926747792,NONE
самым,ADJ,,amod,Ins,Neut,Sing,,-0.1372854342316705,NONE
становясь,VERB,,advcl,,,,,0.0075204383640571,NONE
опасной,ADJ,,obl,Ins,Fem,Sing,,-0.0648248802137066,NONE
для,ADP,,case,,,,,0.091704572844286,NONE
игроков,NOUN,,obl,Gen,Masc,Plur,Anim,-0.1079416941965464,NONE
",",PUNCT,,punct,,,,,0.0768806442250953,NONE
поскольку,SCONJ,,mark,,,,,-0.0114167830226781,NONE
поле,NOUN,,nsubj:pass,Nom,Neut,Sing,Inan,-0.1821306927070755,NONE
все,PART,,advmod,,,,,0.1236627284645686,NONE
еще,ADV,,advmod,,,,,-0.0296489133743898,NONE
используется,VERB,,advcl,,,Sing,,0.119121309322925,NONE
.,PUNCT,,punct,,,,,-0.4030432407340377,NONE
Его,PRON,,obj,Acc,Masc,Sing,,0.0439798329175747,NONE
с,ADP,,case,,,,,0.0190804176554148,NONE
воинскими,ADJ,,amod,Ins,,Plur,,0.0522123756481379,NONE
почестями,NOUN,,obl,Ins,Fem,Plur,Inan,-0.0616840811782851,NONE
встретил,VERB,,root,,Masc,Sing,,0.0805093514418868,NONE
Моравецкий,PROPN,,nsubj,Nom,Masc,Sing,Anim,0.0402394805626009,PER
перед,ADP,,case,,,,,-0.0091471422416005,NONE
кабинетом,NOUN,,obl,Ins,Masc,Sing,Inan,0.1466438797812648,NONE
польского,ADJ,,amod,Gen,Masc,Sing,,3.081817992979699,NONE
премьера,NOUN,,nmod,Gen,Masc,Sing,Anim,0.0760396326179223,NONE
.,PUNCT,,punct,,,,,-0.0264787443141931,NONE
Лавина,NOUN,,nsubj,Nom,Fem,Sing,Inan,0.1634597767241488,NONE
на,ADP,,case,,,,,-0.0709746201032883,NONE
горнолыжном,ADJ,,amod,Loc,Masc,Sing,,0.0198856899256588,NONE
курорте,NOUN,,nmod,Loc,Masc,Sing,Inan,-0.0458615181187229,NONE
штата,NOUN,,nmod,Gen,Masc,Sing,Inan,-0.0726784705655412,NONE
Вашингтон,PROPN,,appos,Nom,Masc,Sing,Inan,-0.0689284332636413,LOC
унесла,VERB,,root,,Fem,Sing,,0.1624907831411473,NONE
жизни,NOUN,,obj,Acc,Fem,Plur,Inan,-0.0928571972083591,NONE
1,NUM,,nummod,,,,,-0.374894890867834,NONE
человека,NOUN,,obj,Acc,Masc,Sing,Anim,-0.068874409885269,NONE
",",PUNCT,,punct,,,,,0.4450275824453829,NONE
5,NUM,,nsubj,,,,,0.4948884111934556,NONE
попали,VERB,,conj,,,Plur,,0.1176356874035839,NONE
в,ADP,,case,,,,,0.004299089134452,NONE
ловушку,NOUN,,obl,Acc,Fem,Sing,Inan,-0.0229255410539394,NONE
Тогда,ADV,,advmod,,,,,0.1720129231797258,NONE
совпадения,NOUN,,nsubj,Nom,Neut,Plur,Inan,0.0361231599023865,NONE
",",PUNCT,,punct,,,,,0.2629681239076356,NONE
прозорливость,NOUN,,conj,Nom,Fem,Sing,Inan,0.0896320950675456,NONE
и,CCONJ,,cc,,,,,-0.151375925331052,NONE
т,ADV,,conj,,,,,0.1438172901360371,NONE
.,PUNCT,,punct,,,,,0.1154814317811294,NONE
д,ADV,,fixed,,,,,-0.2520516259917938,NONE
.,PUNCT,,punct,,,,,0.2413870762523379,NONE
встречаются,VERB,,root,,,Plur,,0.1783866879006089,NONE
редко,ADV,,advmod,,,,,0.6871712834313868,NONE
.,PUNCT,,punct,,,,,-0.0787802040800832,NONE
Компаниям,NOUN,,iobj,Dat,Fem,Plur,Inan,-0.0166840965678139,NONE
не,PART,,advmod,,,,,-0.2062535648608236,NONE
удалось,VERB,,root,,Neut,Sing,,-0.1786804837442614,NONE
договориться,VERB,,csubj,,,,,-0.0519056037398024,NONE
с,ADP,,case,,,,,0.0243449509009347,NONE
правительством,NOUN,,obl,Ins,Neut,Sing,Inan,0.004507377442533,NONE
о,ADP,,case,,,,,-0.0370855822888038,NONE
налоге,NOUN,,obl,Loc,Masc,Sing,Inan,0.0045954897648156,NONE
и,CCONJ,,cc,,,,,-0.0904257149591562,NONE
о,ADP,,case,,,,,-0.0646970051179022,NONE
том,PRON,,conj,Loc,Neut,Sing,Inan,-0.2045134328346772,NONE
",",PUNCT,,punct,,,,,0.1239173313550578,NONE
сколько,NUM,,nummod:gov,Acc,,,,-0.0891986280764609,NONE
денег,NOUN,,obl,Gen,Fem,Plur,Inan,0.0313610133654524,NONE
нужно,ADJ,,acl,,Neut,Sing,,-0.1466174420040386,NONE
считать,VERB,,csubj,,,,,-0.109853771478202,NONE
возмещаемыми,VERB,,amod,Ins,,Plur,,0.0919528557495319,NONE
затратами,NOUN,,obl,Ins,Fem,Plur,Inan,0.0034645717650507,NONE
.,PUNCT,,punct,,,,,0.5481511703557302,NONE
Если,SCONJ,,mark,,,,,0.1008596745266647,NONE
мы,PRON,,nsubj,Nom,,Plur,,0.1373494635514964,NONE
говорим,VERB,,advcl,,,Plur,,-0.0166941449943824,NONE
о,ADP,,case,,,,,-0.094855273666456,NONE
количестве,NOUN,,obl,Loc,Neut,Sing,Inan,0.0371403213526915,NONE
российских,ADJ,,amod,Gen,,Plur,,0.02881347398581,NONE
компаний,NOUN,,nmod,Gen,Fem,Plur,Inan,0.0096490661963296,NONE
в,ADP,,case,,,,,0.0233767409173234,NONE
ОАЭ,PROPN,,nmod,Loc,Masc,Sing,Inan,0.0282725089298065,LOC
",",PUNCT,,punct,,,,,-0.1089597150757835,NONE
то,SCONJ,,mark,,,,,-0.1531698708748253,NONE
оно,PRON,,nsubj,Nom,Neut,Sing,,-0.0647194994417168,NONE
достигло,VERB,,root,,Neut,Sing,,-0.1089517598282329,NONE
почти,ADV,,advmod,,,,,-0.1247378142634648,NONE
4000,NUM,,obl,,,,,-0.2881066016794834,NONE
",",PUNCT,,punct,,,,,0.3423345534240634,NONE
-,PUNCT,,punct,,,,,0.4174790949757349,NONE
заявил,VERB,,parataxis,,Masc,Sing,,0.3398114498701566,NONE
Аль-Зейуди,PROPN,,nsubj,Nom,Masc,Sing,Anim,0.1200074246557329,PER
.,PUNCT,,punct,,,,,0.1621127576134204,NONE
Как,SCONJ,,mark,,,,,-0.052883512967123,NONE
только,PART,,fixed,,,,,0.3283674166754526,NONE
Perseverance,PROPN,,nsubj,,,,,-0.0077032075161218,ORG
выберет,VERB,,advcl,,,Sing,,-0.0441784311558544,NONE
наиболее,ADV,,obl,,,,,-0.0485778038208344,NONE
перспективные,ADJ,,amod,Acc,,Plur,Inan,-0.0802839430148104,NONE
породы,NOUN,,obj,Acc,Fem,Plur,Inan,0.0033851896672361,NONE
",",PUNCT,,punct,,,,,-0.0855828148322932,NONE
которые,PRON,,obj,Acc,,,,-0.0953808506648495,NONE
сможет,VERB,,acl:relcl,,,Sing,,-0.0974400645352538,NONE
найти,VERB,,xcomp,,,,,0.0129997374547755,NONE
",",PUNCT,,punct,,,,,-0.1189654407256652,NONE
он,PRON,,nsubj,Nom,Masc,Sing,,0.0530696231351524,NONE
сбросит,VERB,,root,,,Sing,,-0.0033517745921575,NONE
их,PRON,,obj,Acc,,Plur,,-0.2302396033722849,NONE
в,ADP,,case,,,,,-0.0490637373886626,NONE
тайники,NOUN,,obl,Acc,Masc,Plur,Inan,0.0872990353798459,NONE
на,ADP,,case,,,,,-0.1113214457852575,NONE
марсианской,ADJ,,amod,Loc,Fem,Sing,,-0.0132540419266438,NONE
поверхности,NOUN,,nmod,Loc,Fem,Sing,Inan,-0.0438804013553109,NONE
.,PUNCT,,punct,,,,,0.0215120287611905,NONE
Но,CCONJ,,cc,,,,,-0.3156687435351028,NONE
они,PRON,,nsubj,Nom,,Plur,,0.0511269360095648,NONE
борются,VERB,,root,,,Plur,,0.0937606444374614,NONE
с,ADP,,case,,,,,-0.2180206160375898,NONE
последствиями,NOUN,,obl,Ins,Neut,Plur,Inan,-0.0408101582925165,NONE
изменения,NOUN,,nmod,Gen,Neut,Sing,Inan,-0.025091485345253,NONE
климата,NOUN,,nmod,Gen,Masc,Sing,Inan,-0.0055881909622481,NONE
",",PUNCT,,punct,,,,,-0.0601831936261365,NONE
развития,NOUN,,conj,Gen,Neut,Sing,Inan,-0.214841762760331,NONE
вокруг,ADP,,case,,,,,0.0604938755117033,NONE
озера,NOUN,,nmod,Gen,Neut,Sing,Inan,0.2461853534435386,NONE
и,CCONJ,,cc,,,,,-0.003758625867257,NONE
кое-что,NOUN,,conj,Acc,Neut,Sing,Inan,0.0238133437001556,NONE
добавленного,VERB,,acl,Gen,Neut,Sing,,-0.0022229536315027,NONE
к,ADP,,case,,,,,0.0257781406385048,NONE
озеру,NOUN,,obl,Dat,Neut,Sing,Inan,0.2595793835326689,NONE
в,ADP,,case,,,,,-0.1484781017489489,NONE
1960-х,ADJ,,amod,Loc,,Plur,,0.1319318229451988,NONE
годах,NOUN,,obl,Loc,Masc,Plur,Inan,0.4267418292633914,NONE
:,PUNCT,,punct,,,,,0.0053997171656505,NONE
крошечной,ADJ,,amod,Gen,Fem,Sing,,0.2172352149993664,NONE
инвазивной,ADJ,,amod,Gen,Fem,Sing,,0.2023727588306511,NONE
креветки,NOUN,,parataxis,Gen,Fem,Sing,Inan,0.0423812747242264,NONE
",",PUNCT,,punct,,,,,0.1309069151590296,NONE
которую,PRON,,obj,Acc,,,,0.0330630779795116,NONE
принесли,VERB,,acl:relcl,,,Plur,,0.1132813271419029,NONE
",",PUNCT,,punct,,,,,0.1408440017628988,NONE
чтобы,SCONJ,,mark,,,,,0.100280840747812,NONE
кормить,VERB,,advcl,,,,,0.0852347889607766,NONE
рыбу,NOUN,,obj,Acc,Fem,Sing,Anim,0.109969904383515,NONE
.,PUNCT,,punct,,,,,-0.2875282984759423,NONE
Еще,ADV,,advmod,,,,,-0.0729149959986889,NONE
936,NUM,,nummod,,,,,-0.0586313414700253,NONE
основных,ADJ,,amod,Gen,,Plur,,0.01566240453602,NONE
аккаунтов,NOUN,,nsubj,Gen,Masc,Plur,Anim,0.1484646315364158,NONE
Twitter,PROPN,,flat:foreign,,,,,0.0444948137821955,ORG
считают,VERB,,root,,,Plur,,-0.0683892225250694,NONE
",",PUNCT,,punct,,,,,0.024033233786755,NONE
что,SCONJ,,mark,,,,,0.2334491746413712,NONE
происходящие,VERB,,nsubj,Nom,,Plur,,0.0636620617431271,NONE
из,ADP,,case,,,,,-0.0489659099263328,NONE
Китая,PROPN,,obl,Gen,Masc,Sing,Inan,0.0050348312476154,LOC
пытались,VERB,,ccomp,,,Plur,,0.0695302163044797,NONE
посеять,VERB,,xcomp,,,,,-0.0503004133593078,NONE
политическую,ADJ,,amod,Acc,Fem,Sing,,0.6458208998908161,NONE
рознь,NOUN,,obj,Acc,Fem,Sing,Inan,0.0990453666373557,NONE
в,ADP,,case,,,,,0.2452897600238926,NONE
Гонконге,PROPN,,nmod,Loc,Masc,Sing,Inan,0.0927609748593067,LOC
",",PUNCT,,punct,,,,,0.0047696092324551,NONE
подрывая,VERB,,advcl,,,,,0.1425164596207141,NONE
легитимность,NOUN,,obj,Acc,Fem,Sing,Inan,-0.0008834471937421,NONE
и,CCONJ,,cc,,,,,-0.0342405261305066,NONE
политические,ADJ,,amod,Acc,,Plur,Inan,0.1772835563845871,NONE
позиции,NOUN,,conj,Acc,Fem,Plur,Inan,-0.0229273285547518,NONE
протестного,ADJ,,amod,Gen,Neut,Sing,,0.0895641931803249,NONE
движения,NOUN,,nmod,Gen,Neut,Sing,Inan,0.1020410872135085,NONE
.,PUNCT,,punct,,,,,-0.399125512038858,NONE
Региональные,ADJ,,amod,Nom,,Plur,,0.2645497747783357,NONE
органы,NOUN,,nsubj,Nom,Masc,Plur,Inan,0.0076005428184672,NONE
здравоохранения,NOUN,,nmod,Gen,Neut,Sing,Inan,-0.1487675643690217,NONE
призывают,VERB,,root,,,Plur,,-0.060406793450025,NONE
правительство,NOUN,,obj,Acc,Neut,Sing,Inan,-0.0142969099384177,NONE
Италии,PROPN,,nmod,Gen,Fem,Sing,Inan,-0.0832946242234101,LOC
разрешить,VERB,,xcomp,,,,,-0.0305661306293207,NONE
им,PRON,,iobj,Dat,,Plur,,-0.0562245310734823,NONE
нанимать,VERB,,xcomp,,,,,0.0108608720665057,NONE
вышедших,VERB,,acl,Acc,,Plur,Anim,-0.0416311355745405,NONE
на,ADP,,case,,,,,-0.0295456680085611,NONE
пенсию,NOUN,,obl,Acc,Fem,Sing,Inan,-0.0156761030195846,NONE
врачей,NOUN,,obj,Acc,Masc,Plur,Anim,-0.0968586813621281,NONE
и,CCONJ,,cc,,,,,-0.135173412936199,NONE
заставлять,VERB,,conj,,,,,0.0904590889540831,NONE
лиц,NOUN,,obj,Acc,Neut,Plur,Anim,0.1090089000202407,NONE
старше,ADJ,,obl,,,,,-0.0436918190309441,NONE
65,NUM,,nummod,,,,,0.1212307386797207,NONE
лет,NOUN,,obl,Gen,Masc,Plur,Inan,0.0372329961089908,NONE
работать,VERB,,xcomp,,,,,-0.1516597014803308,NONE
до,ADP,,case,,,,,-0.0058282151374993,NONE
тех,DET,,det,Gen,,Plur,,0.0286661974006234,NONE
пор,NOUN,,obl,Gen,Fem,Plur,Inan,0.0869743572643664,NONE
",",PUNCT,,punct,,,,,0.2767144925922667,NONE
пока,SCONJ,,mark,,,,,-0.0164111468366993,NONE
им,PRON,,iobj,Dat,,Plur,,-0.0399331813414652,NONE
не,PART,,advmod,,,,,0.0979624869700326,NONE
исполнится,VERB,,acl,,,Sing,,0.0231224078999768,NONE
70,NUM,,nummod:gov,,,,,0.1335883296195167,NONE
лет,NOUN,,nsubj,Gen,Masc,Plur,Inan,-0.0661111374804509,NONE
",",PUNCT,,punct,,,,,0.3418467460306694,NONE
в,ADP,,case,,,,,-0.0003432515368686,NONE
качестве,NOUN,,fixed,Loc,Neut,Sing,Inan,0.0326710389351695,NONE
средства,NOUN,,obl,Gen,Neut,Sing,Inan,0.0093047285054552,NONE
для,ADP,,case,,,,,0.0423399008056223,NONE
решения,NOUN,,nmod,Gen,Neut,Sing,Inan,0.0064146091385564,NONE
проблемы,NOUN,,nmod,Gen,Fem,Sing,Inan,-0.0208162458662948,NONE
серьезной,ADJ,,amod,Gen,Fem,Sing,,0.1799548764443523,NONE
нехватки,NOUN,,nmod,Gen,Fem,Sing,Inan,0.0953927227367366,NONE
врачей,NOUN,,nmod,Gen,Masc,Plur,Anim,0.0279096462158208,NONE
.,PUNCT,,punct,,,,,0.2651900932503735,NONE
Он,PRON,,nsubj,Nom,Masc,Sing,,0.0268341727838374,NONE
сказал,VERB,,root,,Masc,Sing,,-0.0845564471096506,NONE
:,PUNCT,,punct,,,,,0.1502308684970361,NONE
«Мой,DET,,det,Nom,Masc,Sing,,0.0130918885554933,NONE
опыт,NOUN,,nsubj,Nom,Masc,Sing,Inan,-0.0328220573150441,NONE
работы,NOUN,,nmod,Gen,Fem,Sing,Inan,-0.0431592953391914,NONE
с,ADP,,case,,,,,-0.023481965229678,NONE
налогами,NOUN,,nmod,Ins,Masc,Plur,Inan,0.0341002218193321,NONE
",",PUNCT,,punct,,,,,0.0898672874573738,NONE
когда,SCONJ,,mark,,,,,0.0258908284300811,NONE
вы,PRON,,nsubj,Nom,,Plur,,0.0469924373244076,NONE
состоите,VERB,,advcl,,,Plur,,0.0800312490487979,NONE
в,ADP,,case,,,,,0.0535915090663472,NONE
Лейбористской,ADJ,,amod,Loc,Fem,Sing,,0.1447033577563657,ORG
партии,NOUN,,obl,Loc,Fem,Sing,Inan,0.0949574680515352,ORG
",",PUNCT,,punct,,,,,0.1998077081999077,NONE
заключается,VERB,,parataxis,,,Sing,,-0.0340135580215481,NONE
в,ADP,,case,,,,,0.1111800280431563,NONE
том,PRON,,obl,Loc,Neut,Sing,Inan,0.0091173413438276,NONE
",",PUNCT,,punct,,,,,0.1697270436121756,NONE
чтобы,SCONJ,,mark,,,,,-0.0953824442212925,NONE
быть,AUX,,cop,,,,,0.0075899315742079,NONE
очень,ADV,,obl,,,,,0.0398042616991073,NONE
осторожным,ADJ,,advcl,Ins,Masc,Sing,,0.1012804433605797,NONE
",",PUNCT,,punct,,,,,0.1364676993085955,NONE
потому,ADV,,mark,,,,,0.0364017837097149,NONE
что,SCONJ,,fixed,,,,,-0.1615982819154466,NONE
общественность,NOUN,,nsubj,Nom,Fem,Sing,Inan,0.042100796033144,NONE
там,ADV,,advmod,,,,,-0.1906640385443767,NONE
не,PART,,advmod,,,,,0.0884272606898747,NONE
беспокоится,VERB,,advcl,,,Sing,,0.2154694245573007,NONE
о,ADP,,case,,,,,0.4726175159182322,NONE
том,PRON,,obl,Loc,Neut,Sing,Inan,0.1372878950509353,NONE
",",PUNCT,,punct,,,,,0.0442848925708034,NONE
собираетесь,VERB,,acl,,,Plur,,0.0281244655348616,NONE
ли,PART,,advmod,,,,,0.0271922651271655,NONE
вы,PRON,,nsubj,Nom,,Plur,,0.0074795649439118,NONE
повышать,VERB,,xcomp,,,,,0.1373550332962696,NONE
налоги,NOUN,,obj,Acc,Masc,Plur,Inan,0.0156982362396671,NONE
или,CCONJ,,cc,,,,,0.053816683129809,NONE
нет,PART,,conj,,,,,-0.0032128749264535,NONE
",",PUNCT,,punct,,,,,0.1024584119365774,NONE
они,PRON,,nsubj:pass,Nom,,Plur,,-0.1939898047795685,NONE
",",PUNCT,,punct,,,,,0.1034418695757675,NONE
вероятно,ADV,,parataxis,,,,,0.0848320139620603,NONE
",",PUNCT,,punct,,,,,0.0915001103341545,NONE
обеспокоены,VERB,,conj,,,Plur,,0.1226191208265242,NONE
тем,PRON,,obl,Ins,Neut,Sing,Inan,0.0498604244785202,NONE
",",PUNCT,,punct,,,,,0.0913987145326124,NONE
что,SCONJ,,mark,,,,,-0.0519346298613504,NONE
вы,PRON,,nsubj,Nom,,Plur,,-0.0100869374284183,NONE
собираетесь,VERB,,acl,,,Plur,,0.0460495561765586,NONE
повысить,VERB,,xcomp,,,,,-0.004759489012961,NONE
налоги,NOUN,,obj,Acc,Masc,Plur,Inan,0.0939111109042248,NONE
",",PUNCT,,punct,,,,,0.1223724595588858,NONE
поэтому,ADV,,advmod,,,,,0.0349270583438852,NONE
вы,PRON,,nsubj,Nom,,Plur,,0.025487247625096,NONE
просто,PART,,advmod,,,,,-0.0227574981997887,NONE
должны,ADJ,,conj,,,Plur,,0.0250068772068504,NONE
помнить,VERB,,xcomp,,,,,0.0118504287152749,NONE
об,ADP,,case,,,,,-0.021973712980144,NONE
этой,DET,,det,Loc,Fem,Sing,,-0.0017875793558897,NONE
проблеме»,NOUN,,obl,Loc,Fem,Sing,Inan,0.1189721899690997,NONE
.,PUNCT,,punct,,,,,-0.1584331184657263,NONE
Отличный,ADJ,,amod,Nom,Masc,Sing,,0.0358687718992079,NONE
вариант,NOUN,,root,Nom,Masc,Sing,Inan,-0.1022749179460052,NONE
для,ADP,,case,,,,,-0.0505626530606831,NONE
тех,DET,,det,Gen,,Plur,,0.0405067811298167,NONE
",",PUNCT,,punct,,,,,0.1238375286697029,NONE
кто,PRON,,nsubj,Nom,,,,-0.0094611095136947,NONE
хочет,VERB,,acl:relcl,,,Sing,,0.0064459237216782,NONE
попробовать,VERB,,xcomp,,,,,0.0107795035841543,NONE
себя,PRON,,obj,Acc,,,,0.0343376970389193,NONE
в,ADP,,case,,,,,-0.0516901223377699,NONE
искусстве,NOUN,,obl,Loc,Neut,Sing,Inan,0.1381153189094609,NONE
бритья,NOUN,,nmod,Gen,Neut,Sing,Inan,-0.0901318354305233,NONE
с,ADP,,case,,,,,0.10242377134503,NONE
помощью,NOUN,,fixed,Ins,Fem,Sing,Inan,-0.410842692874266,NONE
стрижек,NOUN,,obl,Gen,Fem,Plur,Inan,0.0573372280534562,NONE
.,PUNCT,,punct,,,,,0.493780814155329,NONE
В,ADP,,case,,,,,-0.0624727878395737,NONE
случае,NOUN,,obl,Loc,Masc,Sing,Inan,0.158010724974838,NONE
возникновения,NOUN,,nmod,Gen,Neut,Sing,Inan,-0.1175530253186684,NONE
каких-либо,DET,,det,Gen,,Plur,,0.0890951602369663,NONE
проблем,NOUN,,nmod,Gen,Fem,Plur,Inan,0.0407041593139309,NONE
с,ADP,,case,,,,,-0.0321314215623474,NONE
безопасностью,NOUN,,nmod,Ins,Fem,Sing,Inan,0.00022121616444,NONE
или,CCONJ,,cc,,,,,-0.1014737445892432,NONE
для,ADP,,case,,,,,-0.0429205035336118,NONE
получения,NOUN,,conj,Gen,Neut,Sing,Inan,-0.0104373958786533,NONE
любой,DET,,det,Gen,Fem,Sing,,-0.0368698928983261,NONE
другой,ADJ,,amod,Gen,Fem,Sing,,0.056096305142181,NONE
информации,NOUN,,nmod,Gen,Fem,Sing,Inan,0.120421917544879,NONE
о,ADP,,case,,,,,0.0774565036788969,NONE
продукте,NOUN,,nmod,Loc,Masc,Sing,Inan,0.1848986850855553,NONE
",",PUNCT,,punct,,,,,0.0688102050401918,NONE
пожалуйста,ADV,,parataxis,,,,,-0.038279847925923,NONE
",",PUNCT,,punct,,,,,0.1042993914423335,NONE
внимательно,ADV,,advmod,,,,,-0.00329017539319,NONE
прочитайте,VERB,,root,,,Plur,,0.031409872410756,NONE
все,DET,,det,Acc,,Plur,,-0.0056546135368739,NONE
инструкции,NOUN,,obj,Acc,Fem,Plur,Inan,0.0332446851458574,NONE
",",PUNCT,,punct,,,,,0.0071404675279465,NONE
приведенные,VERB,,acl,Acc,,Plur,Inan,-0.0290748913428965,NONE
на,ADP,,case,,,,,-0.0203493274679105,NONE
этикетке,NOUN,,obl,Loc,Fem,Sing,Inan,0.0261148897166262,NONE
или,CCONJ,,cc,,,,,0.0183513641619542,NONE
упаковке,NOUN,,conj,Loc,Fem,Sing,Inan,0.1360752662417991,NONE
",",PUNCT,,punct,,,,,0.0303197550005977,NONE
и,CCONJ,,cc,,,,,-0.0403024075477211,NONE
свяжитесь,VERB,,conj,,,Plur,,0.2843493068937646,NONE
с,ADP,,case,,,,,0.0720743433380392,NONE
производителем,NOUN,,obl,Ins,Masc,Sing,Anim,0.1447730898706711,NONE
.,PUNCT,,punct,,,,,-0.0271427476751443,NONE
На,ADP,,case,,,,,-0.4094653700598441,NONE
всех,PRON,,root,Loc,,Plur,,0.0048497961906508,NONE
были,AUX,,cop,,,Plur,,0.009648154899453,NONE
лавинные,ADJ,,amod,Nom,,Plur,,-0.0569348128089883,NONE
маяки,NOUN,,nsubj,Nom,Masc,Plur,Inan,0.4097008999873813,NONE
.,PUNCT,,punct,,,,,0.6697685709723066,NONE
Доктор,NOUN,,nsubj,Nom,Masc,Sing,Anim,-0.1618056254533951,NONE
Пенни,PROPN,,appos,Nom,Fem,Sing,Anim,0.0271577049434385,PER
Вудс,PROPN,,flat:name,Nom,Fem,Sing,Anim,-0.0574382510993542,PER
",",PUNCT,,punct,,,,,-0.0443382102444471,NONE
исполнительный,ADJ,,amod,Nom,Masc,Sing,,-0.0804176031959047,NONE
директор,NOUN,,appos,Nom,Masc,Sing,Anim,-0.0072766541489144,NONE
Британского,ADJ,,amod,Gen,Masc,Sing,,0.0964925571293853,ORG
фонда,NOUN,,nmod,Gen,Masc,Sing,Inan,-0.0239503132341692,ORG
легких,NOUN,,nmod,Gen,Neut,Plur,Inan,-0.0103317143131917,ORG
",",PUNCT,,punct,,,,,0.1714495882613268,NONE
сказала,VERB,,root,,Fem,Sing,,0.0706862989533331,NONE
",",PUNCT,,punct,,,,,0.1692924477443457,NONE
что,SCONJ,,mark,,,,,-0.0750750075863852,NONE
необходимо,ADJ,,ccomp,,Neut,Sing,,0.0582125867500746,NONE
принять,VERB,,csubj,,,,,0.1032874384278142,NONE
меры,NOUN,,obj,Acc,Fem,Plur,Inan,0.1724177857215758,NONE
для,ADP,,case,,,,,0.0911804781616808,NONE
преодоления,NOUN,,nmod,Gen,Neut,Sing,Inan,0.0962098121908635,NONE
кризиса,NOUN,,nmod,Gen,Masc,Sing,Inan,0.1903078871602178,NONE
общественного,ADJ,,amod,Gen,Neut,Sing,,0.143724316852486,NONE
здравоохранения,NOUN,,nmod,Gen,Neut,Sing,Inan,0.0682666033944347,NONE
",",PUNCT,,punct,,,,,0.0992060082574964,NONE
связанного,VERB,,acl,Gen,Neut,Sing,,0.1244425249843876,NONE
с,ADP,,case,,,,,0.0122054949268779,NONE
загрязнением,NOUN,,obl,Ins,Neut,Sing,Inan,0.032814031224886,NONE
воздуха,NOUN,,nmod,Gen,Masc,Sing,Inan,0.0530556009677702,NONE
",",PUNCT,,punct,,,,,0.1246366052225101,NONE
включая,ADV,,advmod,,,,,0.0808181660802773,NONE
введение,NOUN,,obj,Acc,Neut,Sing,Inan,0.1352424961958062,NONE
зон,NOUN,,nmod,Gen,Fem,Plur,Inan,0.0472436705596322,NONE
чистого,ADJ,,amod,Gen,Masc,Sing,,0.0131067837491451,NONE
воздуха,NOUN,,nmod,Gen,Masc,Sing,Inan,0.3002342325815154,NONE
в,ADP,,case,,,,,0.0879277854923681,NONE
наиболее,ADV,,advmod,,,,,0.0204478804201657,NONE
загрязненных,VERB,,acl,Loc,,Plur,,0.1207291505835917,NONE
городах,NOUN,,nmod,Loc,Masc,Plur,Inan,0.0800163532987402,NONE
.,PUNCT,,punct,,,,,-0.6068747832620792,NONE
Это,PRON,,nsubj,Nom,Neut,Sing,Inan,-0.0636537077714594,NONE
то,PRON,,root,Nom,Neut,Sing,Inan,0.0274347010408536,NONE
",",PUNCT,,punct,,,,,0.1842343922501226,NONE
что,PRON,,obj,Acc,Neut,Sing,Inan,0.1711773252730561,NONE
они,PRON,,nsubj,Nom,,Plur,,-0.2548104145658314,NONE
говорили,VERB,,acl,,,Plur,,-0.0373718008987569,NONE
с,ADP,,case,,,,,-0.023238695794423,NONE
того,DET,,det,Gen,Masc,Sing,,0.1057924630463193,NONE
самого,DET,,det,Gen,Masc,Sing,,0.0734626407402501,NONE
дня,NOUN,,obl,Gen,Masc,Sing,Inan,0.0957036520770614,NONE
",",PUNCT,,punct,,,,,0.2108136344500997,NONE
как,SCONJ,,mark,,,,,0.0640502479268826,NONE
его,PRON,,obj,Acc,Masc,Sing,,-0.0408720936407313,NONE
объявили,VERB,,acl,,,Plur,,-0.0557869611859723,NONE
мертвым,ADJ,,xcomp,Ins,Masc,Sing,,0.0687798975219021,NONE
.,PUNCT,,punct,,,,,-0.6995258436297527,NONE
Они,PRON,,nsubj,Nom,,Plur,,0.2444453928113616,NONE
не,PART,,advmod,,,,,0.1208002467558574,NONE
должны,ADJ,,root,,,Plur,,0.1145670013542323,NONE
были,AUX,,cop,,,Plur,,-0.0342610674372745,NONE
так,ADV,,advmod,,,,,-0.1182516121183869,NONE
долго,ADV,,advmod,,,,,0.0710502811097661,NONE
оставаться,VERB,,xcomp,,,,,-0.1330857167212619,NONE
в,ADP,,case,,,,,0.043295352337522,NONE
Twitter,PROPN,,obl,,,,,0.18525853026013,ORG
и,CCONJ,,cc,,,,,0.091734563310606,NONE
Instagram,PROPN,,conj,,,,,-0.0233519546114075,ORG
",",PUNCT,,punct,,,,,0.5054465194160329,NONE
и,CCONJ,,cc,,,,,0.1857488360072661,NONE
я,PRON,,nsubj,Nom,,Sing,,0.2122014560097996,NONE
попросил,VERB,,conj,,Masc,Sing,,0.0438178522332265,NONE
их,PRON,,obj,Acc,,Plur,,-0.0863577453229038,NONE
дать,VERB,,xcomp,,,,,-0.1665404718297448,NONE
полное,ADJ,,amod,Acc,Neut,Sing,,0.1882841414564317,NONE
объяснение,NOUN,,obj,Acc,Neut,Sing,Inan,0.1038760382507514,NONE
.,PUNCT,,punct,,,,,0.4586888777797454,NONE
Компании,NOUN,,nsubj,Nom,Fem,Plur,Inan,0.5155796506007502,NONE
социальных,ADJ,,amod,Gen,,Plur,,-0.0389300656304808,NONE
сетей,NOUN,,nmod,Gen,Fem,Plur,Inan,0.0346338677129806,NONE
должны,ADJ,,root,,,Plur,,-0.2355024817765425,NONE
действовать,VERB,,xcomp,,,,,-0.0326606949592152,NONE
намного,ADV,,advmod,,,,,0.016853024404175,NONE
быстрее,ADV,,advmod,,,,,-0.0987312759012047,NONE
",",PUNCT,,punct,,,,,-0.0220398739670245,NONE
чтобы,SCONJ,,mark,,,,,-0.0932364895564213,NONE
удалить,VERB,,advcl,,,,,-0.0804285272809261,NONE
такую,DET,,det,Acc,Fem,Sing,,0.0110891069723149,NONE
ужасающую,VERB,,amod,Acc,Fem,Sing,,0.0592894666074845,NONE
ненависть,NOUN,,obj,Acc,Fem,Sing,Inan,0.0945359722631108,NONE
со,ADP,,case,,,,,-0.1224585571618834,NONE
своих,DET,,det,Gen,,Plur,,0.1852884132455861,NONE
платформ,NOUN,,obl,Gen,Fem,Plur,Inan,0.0306136788360481,NONE
"""",PUNCT,,punct,,,,,-0.0206872671151824,NONE
"""",PUNCT,,punct,,,,,0.0307294006474033,NONE
.,PUNCT,,punct,,,,,-0.3683522305517175,NONE
"""",PUNCT,,root,,,,,0.6166727559368292,NONE
-,PUNCT,,punct,,,,,-0.0596449213151239,NONE
Выйдите,VERB,,root,,,Plur,,0.1481636816671232,NONE
из,ADP,,case,,,,,-0.0102561589823393,NONE
системы,NOUN,,obl,Gen,Fem,Sing,Inan,0.1687780567594112,NONE
и,CCONJ,,cc,,,,,-0.0758941703312793,NONE
снова,ADV,,advmod,,,,,0.0978385027732096,NONE
войдите,VERB,,conj,,,Plur,,-0.1282545714274391,NONE
в,ADP,,case,,,,,-0.2003555494637381,NONE
eReader,PROPN,,flat:foreign,,,,,0.3899811978088479,ORG
.,PUNCT,,punct,,,,,0.743891786889172,NONE
С,ADP,,case,,,,,0.374309100529548,NONE
такими,DET,,det,Ins,,Plur,,0.1539110232830722,NONE
табличками,NOUN,,obl,Ins,Fem,Plur,Inan,0.1362856148329642,NONE
",",PUNCT,,punct,,,,,0.2263584578803183,NONE
как,SCONJ,,mark,,,,,0.0111091668079426,NONE
«Федералы,NOUN,,nsubj,Nom,Masc,Plur,Anim,0.1577639425292303,NONE
идут,VERB,,acl,,,Plur,,-0.012081650493348,NONE
домой»,ADV,,advmod,,,,,0.0334435556031642,NONE
и,CCONJ,,cc,,,,,-0.0196516358157201,NONE
кричали,VERB,,conj,,,Plur,,0.1772345722565027,NONE
«Нет,NOUN,,obj,Acc,Masc,Sing,Inan,0.1045653910530219,NONE
справедливости,NOUN,,nmod,Gen,Fem,Sing,Inan,0.1342142909195453,NONE
",",PUNCT,,punct,,,,,0.2209591889568869,NONE
нет,VERB,,conj,,,Sing,,-0.1585247536303201,NONE
мира»,NOUN,,nsubj,Gen,Fem,Plur,Inan,0.0474581549116056,NONE
",",PUNCT,,punct,,,,,0.2676287946250854,NONE
протестующие,VERB,,nsubj,Nom,,Plur,,0.1323332849964781,NONE
остановились,VERB,,root,,,Plur,,-0.0279614612380742,NONE
на,ADP,,case,,,,,-0.0492715182013229,NONE
месте,NOUN,,obl,Loc,Neut,Sing,Inan,-0.0220269776255304,NONE
будущего,ADJ,,amod,Gen,Masc,Sing,,-0.0335421604294087,NONE
молодежного,ADJ,,amod,Gen,Masc,Sing,,0.0375888111198958,NONE
изолятора,NOUN,,nmod,Gen,Masc,Sing,Inan,0.0482672520412489,NONE
и,CCONJ,,cc,,,,,-0.2049341256587477,NONE
зажгли,VERB,,conj,,,Plur,,0.120220140818011,NONE
там,ADV,,advmod,,,,,-0.0268915762541661,NONE
здания,NOUN,,obj,Acc,Neut,Plur,Inan,0.0494896135399712,NONE
в,ADP,,case,,,,,-0.0567500207169421,NONE
огне,NOUN,,nmod,Loc,Masc,Sing,Inan,0.1162706876725621,NONE
.,PUNCT,,punct,,,,,-0.0848287645175228,NONE
Некоторые,DET,,nsubj,Nom,,Plur,,-0.0304801575048735,NONE
разбили,VERB,,root,,,Plur,,0.0880731908623947,NONE
окна,NOUN,,obj,Acc,Neut,Plur,Inan,0.0766123721874449,NONE
близлежащих,ADJ,,amod,Gen,,Plur,,0.118188930315628,NONE
предприятий,NOUN,,nmod,Gen,Neut,Plur,Inan,-0.0345932157202875,NONE
.,PUNCT,,punct,,,,,-0.4376645423025385,NONE
Я,PRON,,nsubj,Nom,,Sing,,0.1248177558538043,NONE
в,ADP,,case,,,,,-0.1973236393675281,NONE
восторге,NOUN,,root,Loc,Masc,Sing,Inan,0.3913949625434993,NONE
",",PUNCT,,punct,,,,,0.025778060224077,NONE
все,DET,,det,Nom,Neut,Sing,,0.1780250761155142,NONE
дело,NOUN,,nsubj,Nom,Neut,Sing,Inan,-0.0078196624403353,NONE
в,ADP,,case,,,,,0.1947636008847932,NONE
команде,NOUN,,conj,Loc,Fem,Sing,Inan,0.0723373023755233,NONE
.,PUNCT,,punct,,,,,-0.0044679721307754,NONE
Без,ADP,,case,,,,,0.3457849237673864,NONE
них,PRON,,obl,Gen,,Plur,,-0.0250523448527855,NONE
я,PRON,,nsubj,Nom,,Sing,,0.0334957692851954,NONE
бы,AUX,,aux,,,,,0.031801715146782,NONE
не,PART,,advmod,,,,,0.0580163523124346,NONE
оказался,VERB,,root,,Masc,Sing,,0.057432020630012,NONE
в,ADP,,case,,,,,0.1605170514189396,NONE
том,DET,,det,Loc,Neut,Sing,,-0.0743801329965518,NONE
положении,NOUN,,obl,Loc,Neut,Sing,Inan,0.0039825461039196,NONE
",",PUNCT,,punct,,,,,0.093210877279883,NONE
в,ADP,,case,,,,,0.4404718930284751,NONE
котором,PRON,,obl,Loc,,,,0.1008747909146139,NONE
оказался,VERB,,acl:relcl,,Masc,Sing,,0.1010732779863789,NONE
",",PUNCT,,punct,,,,,0.2328747754334415,NONE
и,CCONJ,,cc,,,,,0.2089481503333617,NONE
я,PRON,,nsubj,Nom,,Sing,,0.0755009121292421,NONE
забил,VERB,,conj,,Masc,Sing,,0.0248217720795526,NONE
немало,ADV,,advmod,,,,,0.084207425525231,NONE
голов,NOUN,,obl,Gen,Fem,Plur,Inan,0.207326202254099,NONE
.,PUNCT,,punct,,,,,0.3567179617645147,NONE
У,ADP,,case,,,,,0.0223711722062541,NONE
нас,PRON,,obl,Gen,,Plur,,-0.1040354832340771,NONE
было,VERB,,root,,Neut,Sing,,0.3011462645949118,NONE
отличное,ADJ,,amod,Nom,Neut,Sing,,-0.0194194162823901,NONE
начало,NOUN,,nsubj,Nom,Neut,Sing,Inan,-0.0802704593909207,NONE
сезона,NOUN,,nmod,Gen,Masc,Sing,Inan,-0.002633190692926,NONE
",",PUNCT,,punct,,,,,0.030768432567256,NONE
но,CCONJ,,cc,,,,,0.2528866570565719,NONE
мы,PRON,,nsubj,Nom,,Plur,,-0.0243444465240831,NONE
все,PRON,,advmod,Nom,Neut,Sing,Inan,0.099469599170621,NONE
равно,ADJ,,fixed,,Neut,Sing,,-0.1801032068733733,NONE
хотели,VERB,,conj,,,Plur,,-0.1135279446242942,NONE
бы,AUX,,aux,,,,,-0.033119926298024,NONE
лучше,ADV,,advmod,,,,,-0.0636469360013741,NONE
владеть,VERB,,xcomp,,,,,-0.0259063485491172,NONE
шайбой,NOUN,,obl,Ins,Fem,Sing,Inan,0.0078490072680705,NONE
в,ADP,,case,,,,,-0.0971016574049397,NONE
обороне,NOUN,,nmod,Loc,Fem,Sing,Inan,0.0960175055879375,NONE
во,ADP,,case,,,,,-0.1589967657609068,NONE
всех,DET,,det,Loc,,Plur,,-0.3316213345231031,NONE
трех,NUM,,nummod,Loc,,,,0.0046707818574728,NONE
областях,NOUN,,obl,Loc,Fem,Plur,Inan,0.0371306330068023,NONE
льда,NOUN,,nmod,Gen,Masc,Sing,Inan,0.2126581816131513,NONE
",",PUNCT,,punct,,,,,0.2548900908403379,NONE
-,PUNCT,,punct,,,,,0.3497364302898155,NONE
пояснил,VERB,,parataxis,,Masc,Sing,,-0.0884979030997259,NONE
он,PRON,,nsubj,Nom,Masc,Sing,,0.0157687009798556,NONE
.,PUNCT,,punct,,,,,0.077714024386651,NONE
Новейшие,ADJ,,amod,Nom,,Plur,,0.0496914648197611,NONE
модели,NOUN,,nsubj,Nom,Fem,Plur,Inan,0.1796088995044585,NONE
продаются,VERB,,root,,,Plur,,0.0692550417702254,NONE
только,PART,,advmod,,,,,-0.3579367404182264,NONE
в,ADP,,case,,,,,-0.2772098696654408,NONE
мешках,NOUN,,obl,Loc,Masc,Plur,Inan,0.4173216254154175,NONE
.,PUNCT,,punct,,,,,0.4520283493144108,NONE
Закрытие,NOUN,,nsubj,Nom,Neut,Sing,Inan,-0.0404266872899876,NONE
контрольно-пропускных,ADJ,,amod,Gen,,Plur,,0.0753267184467177,NONE
пунктов,NOUN,,nmod,Gen,Masc,Plur,Inan,-0.0721486130930243,NONE
«Илинден»,PROPN,,appos,Nom,Masc,Sing,Inan,0.0361830141855866,NONE
",",PUNCT,,punct,,,,,0.154564432719592,NONE
«Капитан,NOUN,,conj,Nom,Masc,Sing,Inan,0.0719325096757142,NONE
Петко,PROPN,,appos,Nom,Masc,Sing,Anim,0.1404099727122561,NONE
Воевода»,PROPN,,flat:name,Nom,Masc,Sing,Anim,0.1089068494128647,NONE
и,CCONJ,,cc,,,,,0.2381591439261477,NONE
«Маказа»,NOUN,,conj,Nom,Masc,Sing,Inan,0.0914268373272765,ORG
увеличило,VERB,,root,,Neut,Sing,,0.0189417671158354,NONE
движение,NOUN,,obj,Acc,Neut,Sing,Inan,0.0462204012222916,NONE
через,ADP,,case,,,,,-0.0416534245896339,NONE
границу,NOUN,,nmod,Acc,Fem,Sing,Inan,0.0135499517762336,NONE
вблизи,ADP,,case,,,,,0.1006611570041169,NONE
Петрича,PROPN,,nmod,Gen,Masc,Sing,Inan,0.0731147233742021,LOC
.,PUNCT,,punct,,,,,-0.1215036437162425,NONE
Проблем,NOUN,,nsubj,Gen,Fem,Plur,Inan,0.0028829171733197,NONE
с,ADP,,case,,,,,0.0725569371907904,NONE
переходом,NOUN,,nmod,Ins,Masc,Sing,Inan,0.076560451755248,NONE
нет,VERB,,root,,,Sing,,-0.0103014261289959,NONE
.,PUNCT,,punct,,,,,-0.1110462851869743,NONE
Очередей,NOUN,,nsubj,Gen,Fem,Plur,Inan,0.0800378311633705,NONE
из,ADP,,case,,,,,0.0501602105646884,NONE
грузовиков,NOUN,,nmod,Gen,Masc,Plur,Inan,-0.0018695773265676,NONE
нет,VERB,,root,,,Sing,,-0.0948929420770605,NONE
.,PUNCT,,punct,,,,,0.0595804287285843,NONE
Все,PRON,,nsubj,Nom,,Plur,Anim,0.1404009368610097,NONE
ожидающие,VERB,,nsubj,Nom,,Plur,,0.08347091628506,NONE
отправляются,VERB,,root,,,Plur,,-0.0061772327868996,NONE
в,ADP,,case,,,,,0.0272987024058763,NONE
море,NOUN,,obl,Acc,Neut,Sing,Inan,0.0693645510105677,NONE
в,ADP,,case,,,,,0.0352281134235017,NONE
Грецию,PROPN,,obl,Acc,Fem,Sing,Inan,0.1208761128596093,LOC
.,PUNCT,,punct,,,,,0.1089450381261686,NONE
Путешественники,NOUN,,nsubj,Nom,Masc,Plur,Anim,0.0519681440711467,NONE
ждут,VERB,,root,,,Plur,,-0.0544307481338476,NONE
около,ADP,,case,,,,,0.0534395889388686,NONE
полутора,NUM,,nummod,Gen,,,,-0.0106423891063337,NONE
часов,NOUN,,obl,Gen,Masc,Plur,Inan,0.1197587045041429,NONE
",",PUNCT,,punct,,,,,0.2170925390811719,NONE
чтобы,SCONJ,,mark,,,,,-0.0042251056617233,NONE
пересечь,VERB,,advcl,,,,,0.1080718049071877,NONE
башню,NOUN,,obj,Acc,Fem,Sing,Inan,0.1606744009686236,NONE
.,PUNCT,,punct,,,,,0.4309842463992588,NONE
В,ADP,,case,,,,,0.4419240657157467,NONE
своем,DET,,det,Loc,Masc,Sing,,0.022718319191426,NONE
докладе,NOUN,,obl,Loc,Masc,Sing,Inan,0.106568714693707,NONE
IFS,PROPN,,nsubj,,,,,0.0966190959379576,ORG
заявила,VERB,,root,,Fem,Sing,,0.1253803990952625,NONE
",",PUNCT,,punct,,,,,-0.0046088815502621,NONE
что,SCONJ,,mark,,,,,0.1097283658449101,NONE
предлагаемое,VERB,,acl,Nom,Neut,Sing,,0.053190985447381,NONE
премьер-министром,NOUN,,obl,Ins,Masc,Sing,Anim,0.0935669379485771,NONE
снижение,NOUN,,nsubj,Nom,Neut,Sing,Inan,0.1485426577808451,NONE
налогов,NOUN,,nmod,Gen,Masc,Plur,Inan,0.0550485247125856,NONE
обойдется,VERB,,ccomp,,,Sing,,0.1944089044862423,NONE
казне,NOUN,,iobj,Dat,Fem,Sing,Inan,0.1078057912943542,NONE
до,ADP,,case,,,,,0.2283188066276679,NONE
9,NUM,,nummod,,,,,0.0649885648448881,NONE
миллиардов,NOUN,,nummod,Gen,Masc,Plur,Inan,0.2353653247873435,NONE
фунтов,NOUN,,obl,Gen,Masc,Plur,Inan,0.1917406521285683,NONE
стерлингов,NOUN,,nmod,Gen,Masc,Plur,Inan,0.1422585426211307,NONE
в,ADP,,case,,,,,0.0590377008181693,NONE
год,NOUN,,nmod,Acc,Masc,Sing,Inan,0.0573360049283919,NONE
",",PUNCT,,punct,,,,,0.166615282518408,NONE
если,SCONJ,,mark,,,,,0.0428579722214244,NONE
оно,PRON,,nsubj:pass,Nom,Neut,Sing,,0.1787425211258733,NONE
будет,AUX,,aux:pass,,,Sing,,0.1047790235739631,NONE
введено,VERB,,advcl,,Neut,Sing,,0.0254315628275593,NONE
немедленно,ADV,,advmod,,,,,0.0758192092752937,NONE
",",PUNCT,,punct,,,,,0.0976184777111514,NONE
и,CCONJ,,cc,,,,,0.1018961042120864,NONE
отнимет,VERB,,conj,,,Sing,,0.0856751394458051,NONE
2,NUM,,nummod,,,,,-0.0008584129130121,NONE
",",PUNCT,,punct,,,,,0.1796825474686119,NONE
5,NUM,,nmod,,,,,-0.0007333986072328,NONE
миллиона,NOUN,,nummod,Gen,Masc,Sing,Inan,0.0357416377686679,NONE
человек,NOUN,,obl,Gen,Masc,Plur,Anim,-0.1447863360167511,NONE
от,ADP,,case,,,,,0.0487283895371576,NONE
уплаты,NOUN,,obl,Gen,Fem,Sing,Inan,0.0451450749223615,NONE
40-процентного,ADJ,,amod,Gen,Masc,Sing,,0.0344710367157487,NONE
налога,NOUN,,nmod,Gen,Masc,Sing,Inan,0.0181933965337829,NONE
с,ADP,,case,,,,,-0.0157250942540054,NONE
более,ADV,,obl,,,,,0.3748008909925571,NONE
высокой,ADJ,,amod,Ins,Fem,Sing,,-0.0267996073150795,NONE
ставкой,NOUN,,nmod,Ins,Fem,Sing,Inan,-0.0523556380352353,NONE
.,PUNCT,,punct,,,,,-0.1702944230633134,NONE
Самые,ADJ,,amod,Nom,,Plur,,0.6463349194168605,NONE
худшие,ADJ,,amod,Nom,,Plur,,-0.1151141599275584,NONE
впечатления,NOUN,,root,Nom,Neut,Plur,Inan,0.0727029594824753,NONE
от,ADP,,case,,,,,-0.1764539635938503,NONE
машины,NOUN,,nmod,Gen,Fem,Sing,Inan,-0.2539817865564491,NONE
.,PUNCT,,punct,,,,,0.1553384104493729,NONE
Портленд,PROPN,,nsubj,Nom,Masc,Sing,Inan,0.5443344618632912,LOC
",",PUNCT,,punct,,,,,0.0554476919509334,NONE
тем,DET,,det,Ins,Neut,Sing,,0.0078826835601596,NONE
временем,NOUN,,parataxis,Ins,Neut,Sing,Inan,0.0161929911785713,NONE
",",PUNCT,,punct,,,,,0.0238789766617898,NONE
продолжал,VERB,,root,,Masc,Sing,,-0.0442218113717982,NONE
протестовать,VERB,,xcomp,,,,,0.0174135971001413,NONE
",",PUNCT,,punct,,,,,0.0617602927573371,NONE
причем,CCONJ,,cc,,,,,0.0189680214159692,NONE
одни,NUM,,nsubj,Nom,,Plur,,0.001918084740461,NONE
из,ADP,,case,,,,,-0.0165639094389621,NONE
самых,DET,,det,Gen,,Plur,,-0.0248000778182519,NONE
сильных,ADJ,,amod,Gen,,Plur,,0.0195498892975861,NONE
протестов,NOUN,,nmod,Gen,Masc,Plur,Inan,0.0500807084336505,NONE
проходили,VERB,,conj,,,Plur,,0.0620256736041346,NONE
вокруг,ADP,,case,,,,,0.0293096359436893,NONE
федеральных,ADJ,,amod,Gen,,Plur,,0.0045812470098889,NONE
зданий,NOUN,,obl,Gen,Neut,Plur,Inan,0.0500050047589273,NONE
в,ADP,,case,,,,,-0.1018998373058789,NONE
городе,NOUN,,nmod,Loc,Masc,Sing,Inan,0.056208487252284,NONE
.,PUNCT,,punct,,,,,-0.2050174500766505,NONE
После,ADP,,case,,,,,-0.0771713693562759,NONE
того,PRON,,obl,Gen,Neut,Sing,Inan,0.0376586959895668,NONE
",",PUNCT,,punct,,,,,0.1086978659525007,NONE
как,SCONJ,,mark,,,,,-0.0137949870314308,NONE
президент,NOUN,,nsubj,Nom,Masc,Sing,Anim,0.005268435152751,NONE
Трамп,PROPN,,appos,Nom,Masc,Sing,Anim,0.0275072263824445,PER
издал,VERB,,acl,,Masc,Sing,,-0.0252521255789869,NONE
указ,NOUN,,obj,Acc,Masc,Sing,Inan,0.0393336006045788,NONE
о,ADP,,case,,,,,-0.0129801806170804,NONE
защите,NOUN,,nmod,Loc,Fem,Sing,Inan,0.0272637056617445,NONE
памятников,NOUN,,nmod,Gen,Masc,Plur,Inan,0.0111812538178251,NONE
и,CCONJ,,cc,,,,,0.0506265190619566,NONE
федеральной,ADJ,,amod,Gen,Fem,Sing,,0.0148748172144471,NONE
собственности,NOUN,,conj,Gen,Fem,Sing,Inan,0.0113666450101329,NONE
",",PUNCT,,punct,,,,,0.0686928485274712,NONE
Министерство,PROPN,,nsubj,Nom,Neut,Sing,Inan,0.0283616645781593,ORG
внутренней,ADJ,,amod,Gen,Fem,Sing,,0.0470593925844087,ORG
безопасности,NOUN,,nmod,Gen,Fem,Sing,Inan,0.0396352412576158,ORG
направило,VERB,,root,,Neut,Sing,,0.014154108961485,NONE
в,ADP,,case,,,,,-0.1046459466128661,NONE
город,NOUN,,obl,Acc,Masc,Sing,Inan,-0.0168451617613966,NONE
тактические,ADJ,,amod,Acc,,Plur,Inan,-0.0414362038397391,NONE
группы,NOUN,,obj,Acc,Fem,Plur,Inan,-0.027776336000557,NONE
",",PUNCT,,punct,,,,,-0.00388396959037,NONE
начав,VERB,,advcl,,,,,0.0848672295587841,NONE
серию,NOUN,,obj,Acc,Fem,Sing,Inan,0.005741849780027,NONE
столкновений,NOUN,,nmod,Gen,Neut,Plur,Inan,0.0830313558580142,NONE
",",PUNCT,,punct,,,,,0.024835282324836,NONE
в,ADP,,case,,,,,0.00751842866083,NONE
результате,NOUN,,obl,Loc,Masc,Sing,Inan,-0.0429434301609506,NONE
которых,PRON,,nmod,Gen,,,,-0.0993567079283563,NONE
были,AUX,,aux:pass,,,Plur,,-0.078785428184147,NONE
ранены,VERB,,acl:relcl,,,Plur,,0.0438966705289875,NONE
протестующие,VERB,,nsubj:pass,Nom,,Plur,,0.0423416798490598,NONE
",",PUNCT,,punct,,,,,0.0595416869266027,NONE
генеральный,ADJ,,amod,Nom,Masc,Sing,,0.0160363985038711,NONE
инспектор,NOUN,,nsubj,Nom,Masc,Sing,Anim,0.0071555862330755,NONE
расследует,VERB,,conj,,,Sing,,0.0379600012942939,NONE
и,CCONJ,,cc,,,,,-0.0191133258183848,NONE
призывал,VERB,,conj,,Masc,Sing,,-0.0029294668959572,NONE
местных,ADJ,,amod,Acc,,Plur,Anim,0.0316921040919635,NONE
лидеров,NOUN,,obj,Acc,Masc,Plur,Anim,0.078500437727388,NONE
федеральным,ADJ,,amod,Dat,,Plur,,-0.0251517729023334,NONE
агентам,NOUN,,iobj,Dat,Masc,Plur,Anim,0.044242215873181,NONE
покинуть,VERB,,xcomp,,,,,0.0491826532530413,NONE
.,PUNCT,,punct,,,,,-0.0836110994506461,NONE
Британская,ADJ,,amod,Nom,Fem,Sing,,0.1833059671084732,NONE
программа,NOUN,,nsubj,Nom,Fem,Sing,Inan,-0.0227932088999615,NONE
восстановления,NOUN,,nmod,Gen,Neut,Sing,Inan,-0.0374299163231861,NONE
",",PUNCT,,punct,,,,,0.0468545837257241,NONE
в,ADP,,case,,,,,0.0209792347743042,NONE
которой,PRON,,obl,Loc,,,,-0.0387786925757587,NONE
приняли,VERB,,acl:relcl,,,Plur,,0.0006300987403106,NONE
участие,NOUN,,obj,Acc,Neut,Sing,Inan,-0.0196852478570589,NONE
12,NUM,,nummod,,,,,0.0133708203883459,NONE
000,NUM,,nummod,,,,,0.0072396191592364,NONE
пациентов,NOUN,,nsubj,Gen,Masc,Plur,Anim,0.0185582411358726,NONE
в,ADP,,case,,,,,0.0128402768925172,NONE
нескольких,NUM,,nummod,Loc,,,,-0.0173939379885025,NONE
сотнях,NOUN,,obl,Loc,Fem,Plur,Inan,0.04165573045199,NONE
британских,ADJ,,amod,Gen,,Plur,,0.0400867411460972,NONE
больниц,NOUN,,nmod,Gen,Fem,Plur,Inan,-0.0289268072942959,NONE
",",PUNCT,,punct,,,,,0.9414475576965452,NONE
уже,ADV,,advmod,,,,,0.0106249700765625,NONE
определила,VERB,,root,,Fem,Sing,,0.010782655344163,NONE
один,NUM,,nummod,Acc,Masc,,Inan,0.0083532514191174,NONE
многообещающий,ADJ,,amod,Acc,Masc,Sing,Inan,0.0062713491845459,NONE
новый,ADJ,,amod,Acc,Masc,Sing,Inan,-0.0144207416742088,NONE
препарат,NOUN,,obj,Acc,Masc,Sing,Inan,0.0054202319999169,NONE
для,ADP,,case,,,,,-0.0333601305096934,NONE
борьбы,NOUN,,nmod,Gen,Fem,Sing,Inan,0.0058742914038185,NONE
с,ADP,,case,,,,,0.0114882197054352,NONE
болезнью,NOUN,,nmod,Ins,Fem,Sing,Inan,0.0220996723650333,NONE
",",PUNCT,,punct,,,,,0.0703795800228954,NONE
а,CCONJ,,cc,,,,,0.0247265876794504,NONE
также,PART,,fixed,,,,,-0.0125781360952116,NONE
выделила,VERB,,conj,,Fem,Sing,,0.021373873400543,NONE
два,NUM,,nummod,Acc,Masc,,Inan,-0.0310120190841964,NONE
других,ADJ,,obl,Gen,,Plur,,0.0144207077834736,NONE
-,PUNCT,,punct,,,,,-0.0025768674682138,NONE
которые,PRON,,nsubj:pass,Nom,,,,-0.0452830781931585,NONE
ранее,ADV,,advmod,,,,,0.0011944829689235,NONE
считались,VERB,,acl:relcl,,,Plur,,0.0323680754730609,NONE
потенциальными,ADJ,,amod,Ins,,Plur,,0.0084395624563662,NONE
спасателями,NOUN,,obl,Ins,Masc,Plur,Anim,0.0037463057472225,NONE
жизни,NOUN,,nmod,Gen,Fem,Sing,Inan,0.01639040847729,NONE
-,PUNCT,,punct,,,,,-0.0225158140300457,NONE
как,SCONJ,,mark,,,,,0.0082774018322454,NONE
бесполезные,ADJ,,advcl,Nom,,Plur,,0.0383084530785586,NONE
.,PUNCT,,punct,,,,,-0.0167433773271465,NONE
Но,CCONJ,,cc,,,,,-0.1255744578005302,NONE
все,PRON,,nsubj,Nom,,Plur,Anim,-0.0421378346468284,NONE
были,AUX,,cop,,,Plur,,0.0067549590614729,NONE
так,ADV,,obl,,,,,-0.0335535909497595,NONE
рады,ADJ,,root,,,Plur,,-0.0840072221238904,NONE
тому,PRON,,iobj,Dat,Neut,Sing,Inan,-0.0410083114404937,NONE
",",PUNCT,,punct,,,,,0.2817797110895449,NONE
что,SCONJ,,mark,,,,,0.0347732395395004,NONE
это,PRON,,nsubj,Nom,Neut,Sing,Inan,-0.1233722793693842,NONE
произошло,VERB,,acl,,Neut,Sing,,-0.132467303501831,NONE
",",PUNCT,,punct,,,,,0.2944634807315064,NONE
когда,SCONJ,,mark,,,,,0.0356632044338612,NONE
так,ADV,,advmod,,,,,0.1618930760768451,NONE
много,ADV,,nsubj:pass,,,,,0.1576767788420358,NONE
других,ADJ,,amod,Gen,,Plur,,0.1112316102492223,NONE
рождественских,ADJ,,amod,Gen,,Plur,,0.1265716981750854,NONE
мероприятий,NOUN,,obl,Gen,Neut,Plur,Inan,-0.0013887452474524,NONE
были,AUX,,aux:pass,,,Plur,,-0.0826539734227365,NONE
отменены,VERB,,advcl,,,Plur,,0.1790027900726109,NONE
",",PUNCT,,punct,,,,,0.2636976446994881,NONE
поскольку,SCONJ,,mark,,,,,0.0672169623239824,NONE
в,ADP,,case,,,,,0.0710011843621111,NONE
поле,NOUN,,obl,Loc,Neut,Sing,Inan,0.0052506655749765,NONE
зрения,NOUN,,nmod,Gen,Neut,Sing,Inan,0.0281018845286833,NONE
появился,VERB,,advcl,,Masc,Sing,,-0.0143371359922459,NONE
еще,ADV,,advmod,,,,,-0.1125442074336764,NONE
один,NUM,,nummod,Nom,Masc,,,-0.141042651937926,NONE
вариант,NOUN,,nsubj,Nom,Masc,Sing,Inan,-0.1848160161283897,NONE
Covid,PROPN,,flat:foreign,,,,,-0.0411981029401347,NONE
.,PUNCT,,punct,,,,,0.4899834604685493,NONE
Krishak,PROPN,,nsubj,,,,,0.0593322803860527,ORG
Mukti,PROPN,,flat:foreign,,,,,0.0847994857161082,ORG
Sangram,PROPN,,flat:foreign,,,,,0.1228912131056934,ORG
Samiti,PROPN,,flat:foreign,,,,,0.3602926416119968,ORG
(,PUNCT,,punct,,,,,0.0592187801921345,ORG
KMSS,PROPN,,flat:foreign,,,,,0.141414293859262,ORG
),PUNCT,,punct,,,,,0.0850325639717596,ORG
",",PUNCT,,punct,,,,,0.0856321571682285,NONE
которая,PRON,,nsubj,Nom,,,,-0.1272799970644888,NONE
была,AUX,,cop,,Fem,Sing,,-0.0402973427781649,NONE
одной,NUM,,acl:relcl,Ins,Fem,,,0.1354310356849493,NONE
из,ADP,,case,,,,,0.0652804652517395,NONE
первых,ADJ,,amod,Gen,,Plur,,-0.2643105567851754,NONE
групп,NOUN,,nmod,Gen,Fem,Plur,Inan,0.0851069308229227,NONE
",",PUNCT,,punct,,,,,0.2783559440044481,NONE
организовавших,VERB,,acl,Gen,,Plur,,0.0700102930996694,NONE
протесты,NOUN,,obj,Acc,Masc,Plur,Inan,0.1204538406560689,NONE
против,ADP,,case,,,,,0.0373911510722232,NONE
CAA,PROPN,,flat:foreign,,,,,0.0116706957706622,ORG
после,ADP,,case,,,,,-0.0628630247052423,NONE
его,PRON,,nmod,Gen,Masc,Sing,,-0.1938761823710399,NONE
принятия,NOUN,,obl,Gen,Neut,Sing,Inan,-0.1688989971348885,NONE
в,ADP,,case,,,,,0.1155719701090278,NONE
парламенте,NOUN,,nmod,Loc,Masc,Sing,Inan,0.0880782229150814,NONE
",",PUNCT,,punct,,,,,-0.031608812322067,NONE
почтила,VERB,,root,,Fem,Sing,,0.0043473464344856,NONE
память,NOUN,,obj,Acc,Fem,Sing,Inan,0.0758964001500658,NONE
агитаторов,NOUN,,nmod,Gen,Masc,Plur,Anim,-0.0223359231261447,NONE
в,ADP,,case,,,,,0.0390196843934807,NONE
резиденции,NOUN,,nmod,Loc,Fem,Sing,Inan,0.0498174735295087,NONE
Сэма,PROPN,,nmod,Gen,Masc,Sing,Anim,-0.0098237781165167,PER
Стаффорда,PROPN,,flat:name,Gen,Masc,Sing,Anim,0.0362122278076536,PER
в,ADP,,case,,,,,0.2227750528661728,NONE
Хатигаоне,PROPN,,nmod,Loc,Masc,Sing,Inan,0.0546661169898268,LOC
.,PUNCT,,punct,,,,,-0.349643477719356,NONE
Как,SCONJ,,mark,,,,,0.3362741685021382,NONE
правило,NOUN,,parataxis,Nom,Neut,Sing,Inan,0.1373013423206318,NONE
",",PUNCT,,punct,,,,,0.0253905628589167,NONE
чтобы,SCONJ,,mark,,,,,0.0277525885040482,NONE
получить,VERB,,advcl,,,,,0.1525631251842939,NONE
скидку,NOUN,,obj,Acc,Fem,Sing,Inan,0.1677895365516751,NONE
",",PUNCT,,punct,,,,,0.052856822849046,NONE
стоит,VERB,,root,,,Sing,,0.0963469997980264,NONE
начать,VERB,,csubj,,,,,0.3809108591244224,NONE
с,ADP,,case,,,,,0.0971875100990438,NONE
3,NUM,,nummod,,,,,-0.2834353287278416,NONE
или,CCONJ,,cc,,,,,0.1972188532625237,NONE
более,ADV,,conj,,,,,0.2291539768263629,NONE
товаров,NOUN,,obl,Gen,Masc,Plur,Inan,0.2379862139366541,NONE
.,PUNCT,,punct,,,,,0.2577970537027279,NONE
В,ADP,,case,,,,,-0.1905228581900957,NONE
течение,NOUN,,fixed,Acc,Neut,Sing,Inan,0.1402723199036054,NONE
следующего,ADJ,,amod,Gen,Masc,Sing,,0.1248337911492856,NONE
месяца,NOUN,,obl,Gen,Masc,Sing,Inan,-0.2083412501947082,NONE
ошибки,NOUN,,nsubj:pass,Nom,Fem,Plur,Inan,-0.0606742797024459,NONE
не,PART,,advmod,,,,,0.0351950667375092,NONE
были,AUX,,aux:pass,,,Plur,,-0.3778870995456929,NONE
исправлены,VERB,,root,,,Plur,,-0.2019794372845337,NONE
",",PUNCT,,punct,,,,,0.2695683420690978,NONE
и,CCONJ,,cc,,,,,-0.1008924146295827,NONE
оценка,NOUN,,nsubj,Nom,Fem,Sing,Inan,0.0943734188529511,NONE
EverGrow,PROPN,,flat:foreign,,,,,0.062408560973566,NONE
опустилась,VERB,,conj,,Fem,Sing,,0.2262108970235787,NONE
ниже,ADV,,advmod,,,,,-0.0327436731272795,NONE
300,NUM,,nummod,,,,,0.2838690996344182,NONE
миллионов,NOUN,,nummod,Gen,Masc,Plur,Inan,0.1000451175545408,NONE
долларов,NOUN,,obl,Gen,Masc,Plur,Inan,0.172121235575231,NONE
.,PUNCT,,punct,,,,,0.4062095103214546,NONE
Он,PRON,,nsubj,Nom,Masc,Sing,,0.2449463278451377,NONE
сказал,VERB,,root,,Masc,Sing,,0.22479240618081,NONE
:,PUNCT,,punct,,,,,-0.0621520203033636,NONE
"""",PUNCT,,punct,,,,,-0.1564169111210009,NONE
"""",PUNCT,,punct,,,,,0.0177830571282324,NONE
В,ADP,,case,,,,,-0.2513648431951432,NONE
демократии,NOUN,,obl,Loc,Fem,Sing,Inan,-0.1636375579681951,NONE
",",PUNCT,,punct,,,,,0.282990429354177,NONE
где,ADV,,advmod,,,,,0.0379280261665304,NONE
законы,NOUN,,nsubj:pass,Nom,Masc,Plur,Inan,0.0447414524582326,NONE
принимаются,VERB,,acl:relcl,,,Plur,,-0.0391815722568187,NONE
и,CCONJ,,cc,,,,,0.0020001159133795,NONE
правильно,ADV,,advmod,,,,,-0.2121595835014968,NONE
толкуются,VERB,,conj,,,Plur,,-0.1366938024118822,NONE
",",PUNCT,,punct,,,,,-0.0273241586235334,NONE
конечно,ADV,,parataxis,,,,,-0.11611577409614,NONE
",",PUNCT,,punct,,,,,0.1581726494269297,NONE
мы,PRON,,nsubj,Nom,,Plur,,-0.0771085148539688,NONE
должны,ADJ,,parataxis,,,Plur,,0.1350160352822987,NONE
подчиняться,VERB,,xcomp,,,,,-0.0034003957731909,NONE
закону,NOUN,,iobj,Dat,Masc,Sing,Inan,-0.2107935516366805,NONE
.,PUNCT,,punct,,,,,0.215648892132004,NONE
"""",PUNCT,,root,,,,,0.5556868186502925,NONE
Это,PRON,,nsubj,Nom,Neut,Sing,Inan,0.017821452096058,NONE
была,AUX,,cop,,Fem,Sing,,-0.0768348772744346,NONE
большая,ADJ,,amod,Nom,Fem,Sing,,0.0276740056333108,NONE
проверка,NOUN,,root,Nom,Fem,Sing,Inan,0.345688076006606,NONE
реальности,NOUN,,nmod,Gen,Fem,Sing,Inan,0.337916535345711,NONE
",",PUNCT,,punct,,,,,0.1730151908351523,NONE
когда,SCONJ,,mark,,,,,-0.2204057552139914,NONE
я,PRON,,nsubj,Nom,,Sing,,-0.0704813731543327,NONE
приехал,VERB,,advcl,,Masc,Sing,,0.0260124054487841,NONE
в,ADP,,case,,,,,0.1152924120384803,NONE
Канаду,PROPN,,obl,Acc,Fem,Sing,Inan,0.1736422895245404,LOC
просто,PART,,advmod,,,,,0.0500086333452262,NONE
как,ADV,,advmod,,,,,-0.0152229552537653,NONE
трудно,ADJ,,obl,,Neut,Sing,,0.2855090650092297,NONE
было,AUX,,cop,,Neut,Sing,,0.361712358533361,NONE
собрать,VERB,,csubj,,,,,0.2834318672121262,NONE
игроков,NOUN,,obj,Acc,Masc,Plur,Anim,0.1009347613924133,NONE
вместе,ADV,,advmod,,,,,0.0271109312637413,NONE
.,PUNCT,,punct,,,,,0.2223679673021832,NONE
Подчеркивая,VERB,,advcl,,,,,0.2982421315098084,NONE
",",PUNCT,,punct,,,,,0.0925192409790407,NONE
что,SCONJ,,mark,,,,,-0.0711804621207098,NONE
Франция,PROPN,,nsubj,Nom,Fem,Sing,Inan,0.0504409536800211,LOC
имеет,VERB,,ccomp,,,Sing,,-0.0071849184376632,NONE
право,NOUN,,obj,Acc,Neut,Sing,Inan,-0.0695165341316114,NONE
на,ADP,,case,,,,,-0.0398484864503926,NONE
еще,ADV,,obl,,,,,-0.1243490990941757,NONE
около,ADP,,case,,,,,-0.1554372271300105,NONE
80,NUM,,nummod,,,,,-0.0767975439069699,NONE
британских,ADJ,,amod,Gen,,Plur,,0.1958564987727213,NONE
лицензий,NOUN,,nmod,Gen,Fem,Plur,Inan,0.1298185104615997,NONE
",",PUNCT,,punct,,,,,0.2301515927384002,NONE
группа,NOUN,,nsubj,Nom,Fem,Sing,Inan,0.0783898383609122,NONE
",",PUNCT,,punct,,,,,0.3157985314059284,NONE
представляющая,VERB,,acl,Nom,Fem,Sing,,0.124059484627229,NONE
рыбаков,NOUN,,obj,Acc,Masc,Plur,Anim,0.052325211945465,NONE
в,ADP,,case,,,,,0.1344906646874664,NONE
ключевом,ADJ,,amod,Loc,Masc,Sing,,0.044321265880926,NONE
порту,NOUN,,obl,Loc,Masc,Sing,Inan,0.0860967614479998,NONE
Булонь-сюр-Мер,PROPN,,appos,Nom,Masc,Sing,Inan,0.2803839902446369,LOC
и,CCONJ,,cc,,,,,-0.0416783523588515,NONE
других,ADJ,,conj,Loc,,Plur,,0.0602929280198998,NONE
вдоль,ADP,,case,,,,,0.0299331549698421,NONE
северного,ADJ,,amod,Gen,Neut,Sing,,0.0815484892197977,NONE
побережья,NOUN,,nmod,Gen,Neut,Sing,Inan,0.0548182691250714,NONE
",",PUNCT,,punct,,,,,0.1658177036883368,NONE
пригрозила,VERB,,root,,Fem,Sing,,0.1556286171674704,NONE
поздно,ADV,,obl,,,,,-0.0428018899937701,NONE
вечером,NOUN,,obl,Ins,Masc,Sing,Inan,-0.0261523587291823,NONE
в,ADP,,case,,,,,-0.0267502054336104,NONE
субботу,NOUN,,nmod,Acc,Fem,Sing,Inan,-0.0361789028633288,NONE
начать,VERB,,xcomp,,,,,-0.0360632749591492,NONE
протесты,NOUN,,obj,Acc,Masc,Plur,Inan,0.028290779956445,NONE
.,PUNCT,,punct,,,,,-0.4067445144918877,NONE
Делаю,VERB,,root,,,Sing,,-0.1380679577230498,NONE
это,PRON,,obj,Acc,Neut,Sing,Inan,-0.3204620099383279,NONE
перед,ADP,,case,,,,,-0.1799274687049489,NONE
детьми,NOUN,,obl,Ins,Masc,Plur,Anim,-0.0611069332501981,NONE
по,ADP,,case,,,,,-0.219188196864548,NONE
пути,NOUN,,obl,Dat,Masc,Sing,Inan,-0.2481405514485734,NONE
в,ADP,,case,,,,,-0.0732902204462931,NONE
школу,NOUN,,nmod,Acc,Fem,Sing,Inan,-0.0640832606329941,NONE
сегодня,ADV,,advmod,,,,,-0.2323439939223901,NONE
утром,NOUN,,obl,Ins,Neut,Sing,Inan,-0.2731093035951373,NONE
.,PUNCT,,punct,,,,,-0.4437905823905529,NONE
Перейдите,VERB,,root,,,Plur,,0.5217497929841176,NONE
на,ADP,,case,,,,,-0.1986894392919762,NONE
главный,ADJ,,amod,Acc,Masc,Sing,Inan,0.090663801048399,NONE
экран,NOUN,,obl,Acc,Masc,Sing,Inan,0.2647291468283676,NONE
.,PUNCT,,punct,,,,,0.6622777898304134,NONE
Спасибо,PART,,parataxis,,,,,0.0329623992126661,NONE
",",PUNCT,,punct,,,,,0.1042532768332545,NONE
пожалуйста,ADV,,parataxis,,,,,0.1192626177147064,NONE
",",PUNCT,,punct,,,,,0.1714167503787317,NONE
потерпите,VERB,,root,,,Plur,,0.0716032013440234,NONE
со,ADP,,case,,,,,0.5183685203508044,NONE
мной,PRON,,obl,Ins,,Sing,,0.0168733328617114,NONE
мгновение,NOUN,,obj,Acc,Neut,Sing,Inan,0.1136008865349438,NONE
",",PUNCT,,punct,,,,,0.2406231902185646,NONE
пока,SCONJ,,mark,,,,,0.0812232223035972,NONE
я,PRON,,nsubj,Nom,,Sing,,0.0519052253723631,NONE
смотрю,VERB,,advcl,,,Sing,,0.0949124815031802,NONE
в,ADP,,case,,,,,-0.237125527345609,NONE
это,PRON,,obl,Acc,Neut,Sing,Inan,0.1368489734499885,NONE
для,ADP,,case,,,,,0.0987726029331961,NONE
вас,PRON,,obl,Gen,,Plur,,-0.5436079695766483,NONE
Советник,NOUN,,nsubj,Nom,Masc,Sing,Anim,0.0530093011018306,NONE
Министерства,PROPN,,nmod,Gen,Neut,Sing,Inan,-0.0096178612566929,ORG
иностранных,ADJ,,amod,Gen,,Plur,,-0.0132912607144592,ORG
дел,NOUN,,nmod,Gen,Neut,Plur,Inan,0.0196672850515304,ORG
заявил,VERB,,root,,Masc,Sing,,0.0017237756223865,NONE
",",PUNCT,,punct,,,,,-0.0584402125120675,NONE
что,SCONJ,,mark,,,,,-0.0224814341128398,NONE
Северная,PROPN,,amod,,,,,0.0063196687082298,LOC
Корея,PROPN,,nsubj,Nom,Fem,Sing,Inan,0.0183787968926277,LOC
"""",PUNCT,,punct,,,,,0.1271687947587572,NONE
"""",PUNCT,,punct,,,,,0.0469610108660925,NONE
приложила,VERB,,ccomp,,Fem,Sing,,0.0450871421218846,NONE
искренние,ADJ,,amod,Acc,,Plur,Inan,0.0368749826109434,NONE
усилия,NOUN,,obj,Acc,Neut,Plur,Inan,0.0101804522147618,NONE
для,ADP,,case,,,,,-0.0139023370622338,NONE
укрепления,NOUN,,nmod,Gen,Neut,Sing,Inan,-0.0003912829577109,NONE
доверия,NOUN,,nmod,Gen,Neut,Sing,Inan,0.0195817334388328,NONE
"""",PUNCT,,punct,,,,,0.0431044686857028,NONE
"""",PUNCT,,punct,,,,,0.0068944180792336,NONE
и,CCONJ,,cc,,,,,0.0230886706340168,NONE
реализации,NOUN,,conj,Gen,Fem,Sing,Inan,0.0066013239112837,NONE
совместного,ADJ,,amod,Gen,Neut,Sing,,-0.0096713054114062,NONE
заявления,NOUN,,nmod,Gen,Neut,Sing,Inan,0.017044041681719,NONE
Вашингтона,PROPN,,nmod,Gen,Masc,Sing,Inan,0.0142209731087609,LOC
и,CCONJ,,cc,,,,,0.0275673849626439,NONE
Пхеньяна,PROPN,,conj,Gen,Masc,Sing,Inan,0.0206312330394015,LOC
",",PUNCT,,punct,,,,,0.0251134840981749,NONE
опубликованного,VERB,,acl,Gen,Masc,Sing,,0.0045543296009161,NONE
после,ADP,,case,,,,,0.0792675618855717,NONE
первого,ADJ,,amod,Gen,Masc,Sing,,-0.001333669372935,NONE
саммита,NOUN,,obl,Gen,Masc,Sing,Inan,0.0436369795709921,NONE
Кима,PROPN,,nmod,Gen,Masc,Sing,Anim,0.0133520689263427,PER
и,CCONJ,,cc,,,,,-0.0221527210439576,NONE
Трампа,PROPN,,conj,Gen,Masc,Sing,Anim,0.014644206823689,PER
в,ADP,,case,,,,,-0.0074157626754036,NONE
Сингапуре,PROPN,,nmod,Loc,Masc,Sing,Inan,-0.0219230275417154,LOC
в,ADP,,case,,,,,-0.0127822319861472,NONE
прошлом,ADJ,,amod,Loc,Masc,Sing,,-0.0302968733191172,NONE
году,NOUN,,nmod,Loc,Masc,Sing,Inan,-0.0185092443676427,NONE
.,PUNCT,,punct,,,,,0.0698614524014153,NONE
"""",PUNCT,,root,,,,,0.0426979555274599,NONE
Господин,NOUN,,nsubj,Nom,Masc,Sing,Anim,-0.264575656391261,NONE
Джонсон,PROPN,,appos,Nom,Masc,Sing,Anim,0.0103794263113512,PER
пообещал,VERB,,root,,Masc,Sing,,-0.0136602467244578,NONE
повысить,VERB,,xcomp,,,,,-0.1004919784314175,NONE
порог,NOUN,,obj,Acc,Masc,Sing,Inan,-0.0686284046243164,NONE
для,ADP,,case,,,,,-0.0526900591869589,NONE
уплаты,NOUN,,nmod,Gen,Fem,Sing,Inan,0.0482053794710201,NONE
более,ADV,,obl,,,,,0.186312083136517,NONE
высокого,ADJ,,amod,Gen,Masc,Sing,,0.1333638314304205,NONE
подоходного,ADJ,,amod,Gen,Masc,Sing,,0.1183400107461624,NONE
налога,NOUN,,nmod,Gen,Masc,Sing,Inan,0.213941147116099,NONE
в,ADP,,case,,,,,0.1045825526337978,NONE
Англии,PROPN,,nmod,Loc,Fem,Sing,Inan,0.0899149682086194,LOC
",",PUNCT,,punct,,,,,0.4915263363719646,NONE
Уэльсе,PROPN,,conj,Loc,Masc,Sing,Inan,0.1811496820230614,LOC
и,CCONJ,,cc,,,,,0.1011242217808757,NONE
Северной,PROPN,,amod,,,,,0.116020581320836,LOC
Ирландии,PROPN,,conj,Loc,Fem,Sing,Inan,0.0899032490735312,LOC
с,ADP,,case,,,,,-0.1391342757891416,NONE
£,SYM,,nmod,,,,,0.1540493248524706,NONE
50,NUM,,nummod,,,,,0.1754116913165996,NONE
000,NUM,,nummod,,,,,0.0880074699079531,NONE
до,ADP,,case,,,,,0.0558714586178387,NONE
£,SYM,,nmod,,,,,0.0180009886920519,NONE
80,NUM,,nummod,,,,,-0.0767172083161089,NONE
000,NUM,,nummod,,,,,0.1732648261859771,NONE
.,PUNCT,,punct,,,,,0.0897225214137326,NONE
Четыре,NUM,,nummod:gov,Nom,,,,0.1554013584046236,NONE
человека,NOUN,,nsubj,Gen,Masc,Sing,Anim,-0.2278326182397654,NONE
в,ADP,,case,,,,,0.0131213674192277,NONE
автомобиле,NOUN,,nmod,Loc,Masc,Sing,Inan,0.0704228072786025,NONE
Альфорда,PROPN,,nmod,Gen,Masc,Sing,Anim,-0.0119383236487907,PER
выскочили,VERB,,root,,,Plur,,0.0782849827502304,NONE
и,CCONJ,,cc,,,,,-0.0768989728397417,NONE
побежали,VERB,,conj,,,Plur,,0.0208044055715639,NONE
.,PUNCT,,punct,,,,,0.4493070343468515,NONE
Другие,ADJ,,amod,Nom,,Plur,,0.0397962853487529,NONE
лыжники,NOUN,,nsubj,Nom,Masc,Plur,Anim,-0.0305219381524749,NONE
в,ADP,,case,,,,,-0.0363796071354985,NONE
его,DET,,det,,,,,-0.0718268482696749,NONE
группе,NOUN,,nmod,Loc,Fem,Sing,Inan,-0.0405689988534618,NONE
спасли,VERB,,root,,,Plur,,-0.0154473612643385,NONE
себя,PRON,,obj,Acc,,,,-0.0060308325461833,NONE
с,ADP,,case,,,,,0.0021436748391547,NONE
помощью,NOUN,,fixed,Ins,Fem,Sing,Inan,0.0704850303684262,NONE
двух,NUM,,nummod,Gen,,,,-0.0117988228376621,NONE
свидетелей,NOUN,,obl,Gen,Masc,Plur,Anim,0.9798340996911762,NONE
",",PUNCT,,punct,,,,,0.008670028244354,NONE
которые,PRON,,nsubj,Nom,,,,-0.0178812431755056,NONE
видели,VERB,,acl:relcl,,,Plur,,0.0015979295412239,NONE
",",PUNCT,,punct,,,,,0.0238352927496036,NONE
как,ADV,,advmod,,,,,-0.0148786811241777,NONE
их,PRON,,obj,Acc,,Plur,,-0.020186701650323,NONE
поглощает,VERB,,ccomp,,,Sing,,-0.0267282602981012,NONE
снег,NOUN,,nsubj,Nom,Masc,Sing,Inan,-0.0092233226157373,NONE
.,PUNCT,,punct,,,,,-0.0126921836302647,NONE
В,ADP,,case,,,,,0.0114531694490862,NONE
2014,ADJ,,amod,,,,,-0.0947128026963444,NONE
году,NOUN,,obl,Loc,Masc,Sing,Inan,0.0115918489976669,NONE
Россия,PROPN,,nsubj,Nom,Fem,Sing,Inan,0.0364862578423366,LOC
отняла,VERB,,root,,Fem,Sing,,0.0165640470811301,NONE
у,ADP,,case,,,,,-0.0060838417216636,NONE
Украины,PROPN,,obl,Gen,Fem,Sing,Inan,0.0459271844497238,LOC
черноморский,ADJ,,amod,Acc,Masc,Sing,Inan,0.3308857280953855,NONE
полуостров,NOUN,,obj,Acc,Masc,Sing,Inan,-0.0071313017642121,NONE
Крым,PROPN,,appos,Nom,Masc,Sing,Inan,0.11191532663998,LOC
",",PUNCT,,punct,,,,,0.0489574672145207,NONE
что,PRON,,nsubj,Nom,Neut,Sing,Inan,0.8927803772570075,NONE
побудило,VERB,,acl,,Neut,Sing,,0.0215300519186791,NONE
Запад,PROPN,,obj,Acc,Masc,Sing,Inan,0.0084898293765776,LOC
шлепнуть,VERB,,xcomp,,,,,0.1225837695976891,NONE
санкции,NOUN,,obj,Acc,Fem,Plur,Inan,0.0407679486263885,NONE
по,ADP,,case,,,,,0.0684879803921909,NONE
отношению,NOUN,,fixed,Dat,Neut,Sing,Inan,0.0936518334017058,NONE
к,ADP,,fixed,,,,,0.0508502018064472,NONE
России,PROPN,,nmod,Dat,Fem,Sing,Inan,0.0629470048923166,LOC
.,PUNCT,,punct,,,,,-0.0954851449196432,NONE
Мы,PRON,,nsubj,Nom,,Plur,,0.2155493283479063,NONE
фокусируемся,VERB,,root,,,Plur,,0.3349147126881178,NONE
исключительно,ADV,,obl,,,,,0.0505104629043604,NONE
на,ADP,,case,,,,,0.1833513163264565,NONE
безопасности,NOUN,,obl,Loc,Fem,Sing,Inan,0.0191027173382498,NONE
и,CCONJ,,cc,,,,,0.683914782051704,NONE
являемся,VERB,,conj,,,Plur,,0.1442152634201292,NONE
лучшими,ADJ,,obl,Ins,,Plur,,0.4946581516753639,NONE
в,ADP,,case,,,,,0.162147678203454,NONE
этом,PRON,,nmod,Loc,Neut,Sing,Inan,-0.0669706036029415,NONE
Было,AUX,,aux:pass,,Neut,Sing,,-0.1727034450673679,NONE
установлено,VERB,,root,,Neut,Sing,,0.3048718367297379,NONE
",",PUNCT,,punct,,,,,-0.0991115451365736,NONE
что,SCONJ,,mark,,,,,-0.0828921818387215,NONE
Али,PROPN,,nsubj,Nom,Masc,Sing,Anim,-0.0676687288825419,PER
бессвязно,ADV,,advmod,,,,,-0.0014875990400656,NONE
болтал,VERB,,ccomp,,Masc,Sing,,0.131081740821943,NONE
во,ADP,,case,,,,,-0.1521775199022035,NONE
время,NOUN,,fixed,Acc,Neut,Sing,Inan,0.0590436400816483,NONE
расследования,NOUN,,obl,Gen,Neut,Sing,Inan,-0.0213274871354808,NONE
",",PUNCT,,punct,,,,,0.1343012457904692,NONE
что,PRON,,nsubj,Nom,,,,-0.0479195010032171,NONE
привело,VERB,,parataxis,,Neut,Sing,,-0.3913163676168068,NONE
к,ADP,,case,,,,,-0.0370671536460236,NONE
подозрению,NOUN,,obl,Dat,Neut,Sing,Inan,-0.1391592536840429,NONE
",",PUNCT,,punct,,,,,0.3730891012097391,NONE
что,SCONJ,,mark,,,,,-0.0886147392447822,NONE
он,PRON,,nsubj,Nom,Masc,Sing,,-0.0821883101979566,NONE
страдает,VERB,,acl,,,Sing,,0.1072386535351101,NONE
психическим,ADJ,,amod,Ins,Neut,Sing,,0.0465142818129106,NONE
расстройством,NOUN,,obl,Ins,Neut,Sing,Inan,-0.0133906604757207,NONE
.,PUNCT,,punct,,,,,-0.1663671482158125,NONE
«В,ADP,,cc,,,,,0.0645335451857472,NONE
противном,ADJ,,fixed,Loc,Masc,Sing,,0.0119622697212874,NONE
случае,NOUN,,fixed,Loc,Masc,Sing,Inan,0.0017632245305508,NONE
мы,PRON,,nsubj,Nom,,Plur,,0.0612019014112084,NONE
рискуем,VERB,,root,,,Plur,,0.0062287563221302,NONE
повторно,ADV,,advmod,,,,,0.0043416411201283,NONE
заразиться,VERB,,xcomp,,,,,0.1008601395838541,NONE
в,ADP,,case,,,,,0.1828280150479367,NONE
Великобритании,PROPN,,obl,Loc,Fem,Sing,Inan,0.0051876155727524,LOC
",",PUNCT,,punct,,,,,0.1148266492872768,NONE
потенциально,ADV,,obl,,,,,0.1118150740043711,NONE
второй,ADJ,,amod,Ins,Fem,Sing,,-0.0017313969625665,NONE
волной,NOUN,,conj,Ins,Fem,Sing,Inan,-0.0636878834666486,NONE
здесь,ADV,,advmod,,,,,-0.4978941572652837,NONE
",",PUNCT,,punct,,,,,0.1032288748260361,NONE
а,CCONJ,,cc,,,,,0.0549203276572702,NONE
затем,ADV,,advmod,,,,,0.0823343982839419,NONE
еще,ADV,,advmod,,,,,0.0647343927849288,NONE
одной,NUM,,nummod,Ins,Fem,,,-0.0315235791044584,NONE
блокировкой»,NOUN,,conj,Ins,Fem,Sing,Inan,-0.0214905038728899,NONE
.,PUNCT,,punct,,,,,-0.1575437954388288,NONE
Она,PRON,,nsubj,Nom,Fem,Sing,,0.0676850435207823,NONE
сказала,VERB,,root,,Fem,Sing,,0.0177305600989071,NONE
:,PUNCT,,punct,,,,,0.0260980524692683,NONE
"""",PUNCT,,punct,,,,,-0.0406337692447646,NONE
"""",PUNCT,,punct,,,,,-0.0481302354797149,NONE
Он,PRON,,nsubj,Nom,Masc,Sing,,0.0008141987481993,NONE
блестящий,ADJ,,amod,Nom,Masc,Sing,,0.0255882923874485,NONE
",",PUNCT,,punct,,,,,0.0048973326019368,NONE
но,CCONJ,,cc,,,,,-0.017845035348816,NONE
сложный,ADJ,,conj,Nom,Masc,Sing,,0.0044068245441507,NONE
человек,NOUN,,parataxis,Nom,Masc,Sing,Anim,-0.0122262749057002,NONE
",",PUNCT,,punct,,,,,0.0458921413909731,NONE
который,PRON,,nsubj,Nom,,,,-0.0406883218416566,NONE
",",PUNCT,,punct,,,,,0.0415685656461683,NONE
помимо,ADP,,case,,,,,-0.0069345786748115,NONE
давления,NOUN,,obl,Gen,Neut,Sing,Inan,-0.0321247615110862,NONE
",",PUNCT,,punct,,,,,0.0846101069715123,NONE
оказываемого,VERB,,acl,Gen,Masc,Sing,,0.076699348654411,NONE
на,ADP,,case,,,,,-0.062545560725636,NONE
него,PRON,,obl,Acc,Masc,Sing,,-0.0365736141295202,NONE
как,SCONJ,,mark,,,,,-0.0307942068860382,NONE
на,ADP,,case,,,,,-0.0626750791873069,NONE
артиста,NOUN,,obl,Acc,Masc,Sing,Anim,0.0276552223296435,NONE
и,CCONJ,,cc,,,,,-0.0368533050020414,NONE
чернокожего,ADJ,,amod,Acc,Masc,Sing,Anim,0.039134238595066,NONE
мужчину,NOUN,,conj,Acc,Masc,Sing,Anim,0.0232165142954699,NONE
",",PUNCT,,punct,,,,,0.0187128387783393,NONE
пережил,VERB,,acl:relcl,,Masc,Sing,,0.1754193050778029,NONE
болезненную,ADJ,,amod,Acc,Fem,Sing,,-0.0277848753790495,NONE
потерю,NOUN,,obj,Acc,Fem,Sing,Inan,-0.0125316279271875,NONE
матери,NOUN,,nmod,Gen,Fem,Sing,Anim,-0.020212789179429,NONE
и,CCONJ,,cc,,,,,-0.1493850500812607,NONE
вынужден,ADJ,,conj,,Masc,Sing,,-0.0142120748324268,NONE
справляться,VERB,,xcomp,,,,,-0.0651141627252576,NONE
с,ADP,,case,,,,,-0.0210053811217964,NONE
давлением,NOUN,,obl,Ins,Neut,Sing,Inan,-0.0125804699656643,NONE
и,CCONJ,,cc,,,,,-0.0796011315615333,NONE
изоляцией,NOUN,,conj,Ins,Fem,Sing,Inan,-0.0244552622975779,NONE
",",PUNCT,,punct,,,,,-0.0492486988107414,NONE
которые,PRON,,nsubj,Nom,,,,-0.0561642565711588,NONE
усиливаются,VERB,,acl:relcl,,,Plur,,-0.0043266314454796,NONE
из-за,ADP,,case,,,,,-0.0045990751495189,NONE
его,DET,,det,,,,,-0.080319868665784,NONE
биполярного,ADJ,,amod,Gen,Neut,Sing,,0.0260250636807353,NONE
расстройства,NOUN,,obl,Gen,Neut,Sing,Inan,0.0506427196491391,NONE
"""",PUNCT,,punct,,,,,0.1030828000040399,NONE
"""",PUNCT,,punct,,,,,0.0396112488941837,NONE
.,PUNCT,,punct,,,,,0.1250954995890994,NONE
"""",PUNCT,,punct,,,,,-0.0084456814496648,NONE
Важно,ADJ,,root,,Neut,Sing,,-0.2319564089872711,NONE
",",PUNCT,,punct,,,,,0.0160310675569107,NONE
однако,ADV,,parataxis,,,,,-0.0362914684712178,NONE
",",PUNCT,,punct,,,,,0.030453017814765,NONE
что,SCONJ,,mark,,,,,-0.0853720145656542,NONE
ирландские,ADJ,,amod,Nom,,Plur,,-0.0276284361000065,NONE
звезды,NOUN,,nsubj,Nom,Fem,Plur,Anim,0.1789328667462679,NONE
",",PUNCT,,punct,,,,,0.0738953455519573,NONE
такие,DET,,det,Nom,,Plur,,-0.0258829941902085,NONE
как,SCONJ,,mark,,,,,0.0461902661480153,NONE
Тадг,PROPN,,obl,Nom,Masc,Sing,Anim,0.0453925321410754,PER
Бейрн,PROPN,,flat:name,Nom,Masc,Sing,Anim,-0.0212239439832614,PER
",",PUNCT,,punct,,,,,0.0462493963339635,NONE
Питер,PROPN,,conj,Nom,Masc,Sing,Anim,0.0307673378098169,PER
О,PROPN,,flat:name,,,,,0.0130786081468517,PER
',PUNCT,,punct,,,,,-0.054635894403878,PER
Махони,PROPN,,flat:name,Nom,Masc,Sing,Anim,0.1158139276603278,PER
",",PUNCT,,punct,,,,,0.123538577506804,NONE
Конор,PROPN,,conj,Nom,Masc,Sing,Anim,-0.0154409612207367,PER
Мюррей,PROPN,,flat:name,Nom,Masc,Sing,Anim,0.0213665235658016,PER
и,CCONJ,,cc,,,,,0.0600558557744986,NONE
Кит,PROPN,,conj,Nom,Masc,Sing,Anim,-0.0312522804705681,PER
Эрлс,PROPN,,flat:name,Nom,Masc,Sing,Anim,0.1829556243933232,PER
",",PUNCT,,punct,,,,,0.0430863231504763,NONE
присутствовали,VERB,,ccomp,,,Plur,,0.291164251809906,NONE
",",PUNCT,,punct,,,,,0.0566166276595084,NONE
чтобы,SCONJ,,mark,,,,,0.0148187097454267,NONE
укрепить,VERB,,advcl,,,,,0.0348543969984191,NONE
свои,DET,,det,Acc,,Plur,,-0.0429775050628832,NONE
ряды,NOUN,,obj,Acc,Masc,Plur,Inan,-0.1191996255389234,NONE
.,PUNCT,,punct,,,,,0.7288059239753639,NONE
Но,CCONJ,,cc,,,,,-0.1671115276761688,NONE
мне,PRON,,iobj,Dat,,Sing,,0.467612965327081,NONE
сказали,VERB,,root,,,Plur,,-0.2746388440587849,NONE
",",PUNCT,,punct,,,,,0.2657548033563622,NONE
что,SCONJ,,mark,,,,,0.0918606656410341,NONE
его,DET,,det,,,,,0.063890374421014,NONE
штаны,NOUN,,nsubj,Nom,Masc,Plur,Inan,-0.1988826143740751,NONE
начали,VERB,,ccomp,,,Plur,,0.0334294443559325,NONE
падать,VERB,,xcomp,,,,,0.0139298698732127,NONE
",",PUNCT,,punct,,,,,0.1921460052337955,NONE
и,CCONJ,,cc,,,,,0.1081806677048584,NONE
он,PRON,,nsubj,Nom,Masc,Sing,,0.083734394686228,NONE
с,ADP,,case,,,,,0.160018351435245,NONE
трудом,NOUN,,obl,Ins,Masc,Sing,Inan,-0.0052120696900564,NONE
тянул,VERB,,conj,,Masc,Sing,,0.2021729245375785,NONE
их,PRON,,obj,Acc,,Plur,,-0.0919112067295087,NONE
вверх,ADV,,advmod,,,,,0.2330728391887905,NONE
во,ADP,,case,,,,,0.0015836317412762,NONE
время,NOUN,,fixed,Acc,Neut,Sing,Inan,-0.0624556699659527,NONE
бега,NOUN,,obl,Gen,Masc,Sing,Inan,0.0769336000385566,NONE
и,CCONJ,,cc,,,,,-0.0254637586330996,NONE
толкания,NOUN,,conj,Gen,Neut,Sing,Inan,0.1782390332451552,NONE
тележки,NOUN,,nmod,Gen,Fem,Sing,Inan,0.1839777549082277,NONE
с,ADP,,case,,,,,0.052478007545725,NONE
тяжелым,ADJ,,amod,Ins,Masc,Sing,,0.1380089637009031,NONE
набором,NOUN,,nmod,Ins,Masc,Sing,Inan,0.1379944003748885,NONE
розеток,NOUN,,nmod,Gen,Fem,Plur,Inan,0.2368005067644609,NONE
.,PUNCT,,punct,,,,,0.1885437658383446,NONE
Теперь,ADV,,advmod,,,,,-0.1390831196513711,NONE
он,PRON,,nsubj,Nom,Masc,Sing,,0.2324524041598918,NONE
сказал,VERB,,root,,Masc,Sing,,-0.0485528682787512,NONE
бы,AUX,,aux,,,,,0.0554072740467655,NONE
это,PRON,,obj,Acc,Neut,Sing,Inan,0.1021430432223833,NONE
",",PUNCT,,punct,,,,,0.2124793286217677,NONE
если,SCONJ,,mark,,,,,-0.130442737106905,NONE
бы,AUX,,aux,,,,,-0.1178458562864987,NONE
это,PRON,,nsubj,Nom,Neut,Sing,Inan,0.0377752590477838,NONE
было,AUX,,cop,,Neut,Sing,,-0.1471928317173988,NONE
наоборот,ADV,,advcl,,,,,-0.1231490301922476,NONE
?,PUNCT,,punct,,,,,0.862337295360154,NONE
Эти,DET,,det,Nom,,Plur,,-0.1011960536330329,NONE
комментарии,NOUN,,nsubj,Nom,Masc,Plur,Inan,-0.0727781339241493,NONE
вызвали,VERB,,root,,,Plur,,0.0854903818401254,NONE
ажиотаж,NOUN,,obj,Acc,Masc,Sing,Inan,-0.0085732677476789,NONE
в,ADP,,case,,,,,-0.0306723749238607,NONE
пакистанских,ADJ,,amod,Loc,,Plur,,0.0274470048191204,NONE
СМИ,NOUN,,obl,Loc,Neut,Plur,Inan,-0.0960258821517542,ORG
",",PUNCT,,punct,,,,,0.1853629692731149,NONE
где,ADV,,advmod,,,,,0.0056962484434691,NONE
широко,ADV,,advmod,,,,,0.2099594427092973,NONE
освещаются,VERB,,acl:relcl,,,Plur,,-0.2080528568279966,NONE
крикетные,ADJ,,amod,Nom,,Plur,,0.1899440580542813,NONE
сплетни,NOUN,,nsubj:pass,Nom,Fem,Plur,Inan,0.4340402662473521,NONE
.,PUNCT,,punct,,,,,0.1007132269924022,NONE
Ранее,ADV,,advmod,,,,,0.2542395594308433,NONE
он,PRON,,nsubj,Nom,Masc,Sing,,0.0673199634366586,NONE
был,AUX,,cop,,Masc,Sing,,-0.1953926813085597,NONE
руководителем,NOUN,,root,Ins,Masc,Sing,Anim,0.1258853011565612,NONE
аппарата,NOUN,,nmod,Gen,Masc,Sing,Inan,0.1481210097217068,NONE
Министерства,PROPN,,nmod,Gen,Neut,Sing,Inan,0.0475307156245129,ORG
транспорта,NOUN,,nmod,Gen,Masc,Sing,Inan,0.1230995795555469,ORG
",",PUNCT,,punct,,,,,-0.4153730239082602,NONE
а,CCONJ,,cc,,,,,0.2673861699849915,NONE
также,PART,,fixed,,,,,-0.2207055796733663,NONE
работал,VERB,,conj,,Masc,Sing,,-0.4020105966340848,NONE
в,ADP,,case,,,,,0.1951015934190161,NONE
Министерстве,PROPN,,obl,Loc,Neut,Sing,Inan,0.008867165288892,ORG
социальных,ADJ,,amod,Gen,,Plur,,0.0726531334545485,ORG
дел,NOUN,,nmod,Gen,Neut,Plur,Inan,0.2506904809216762,ORG
.,PUNCT,,punct,,,,,0.3674763986185509,NONE
Самостоятельно,ADV,,advmod,,,,,0.1196051594170906,NONE
изданная,VERB,,acl,Nom,Fem,Sing,,-0.0296572500356539,NONE
книга,NOUN,,nsubj,Nom,Fem,Sing,Inan,0.0114813983688688,NONE
является,VERB,,root,,,Sing,,-0.0043962943323723,NONE
результатом,NOUN,,obl,Ins,Masc,Sing,Inan,-0.0173080764059545,NONE
новаторской,ADJ,,amod,Gen,Fem,Sing,,0.0205658075854773,NONE
самозваной,ADJ,,amod,Gen,Fem,Sing,,0.0203346139258958,NONE
речи,NOUN,,nmod,Gen,Fem,Sing,Inan,0.0869226881557931,NONE
",",PUNCT,,punct,,,,,-0.0902302402204963,NONE
с,ADP,,case,,,,,-0.0853068440200011,NONE
которой,PRON,,obl,Gen,,,,-0.124128176111021,NONE
Спанн,PROPN,,nsubj,Nom,Fem,Sing,Anim,-0.0259238910034103,PER
Купер,PROPN,,flat:name,Nom,Fem,Sing,Anim,0.052231174967215,PER
выступила,VERB,,acl:relcl,,Fem,Sing,,0.0036520802011784,NONE
с,ADP,,case,,,,,-0.0523083658737046,NONE
основным,ADJ,,amod,Ins,Masc,Sing,,-0.0255994632157966,NONE
докладом,NOUN,,obl,Ins,Masc,Sing,Inan,-0.0513482110774192,NONE
на,ADP,,case,,,,,-0.041748869293928,NONE
конференции,NOUN,,obl,Loc,Fem,Sing,Inan,-0.0540463655146265,NONE
Национальной,ADJ,,amod,Gen,Fem,Sing,,-0.0201828267418514,ORG
ассоциации,NOUN,,nmod,Gen,Fem,Sing,Inan,-0.0258663211988113,ORG
женщин-предпринимателей,NOUN,,appos,Gen,Fem,Plur,Anim,0.0444365452736304,ORG
в,ADP,,case,,,,,-0.8292078441184403,NONE
Чикаго,PROPN,,nmod,Loc,Masc,Sing,Inan,-0.0074269865524418,LOC
в,ADP,,case,,,,,-0.1289311972355192,NONE
2017,ADJ,,amod,,,,,0.0276031902309309,NONE
году,NOUN,,nmod,Loc,Masc,Sing,Inan,-0.042246373049762,NONE
.,PUNCT,,punct,,,,,0.0934334311329391,NONE
В,ADP,,case,,,,,0.2443056178958738,NONE
марте,NOUN,,obl,Loc,Masc,Sing,Inan,0.0756472400455284,NONE
он,PRON,,nsubj,Nom,Masc,Sing,,0.1144962430299956,NONE
потерял,VERB,,root,,Masc,Sing,,-0.0086402853360187,NONE
возглавляемое,VERB,,acl,Acc,Neut,Sing,,0.2892487806304484,NONE
Камалем,PROPN,,obl,Ins,Masc,Sing,Anim,0.0530090411369528,PER
Натхом,PROPN,,flat:name,Ins,Masc,Sing,Anim,0.0291891624770965,PER
правительство,NOUN,,obj,Acc,Neut,Sing,Inan,0.0751820619466356,NONE
в,ADP,,case,,,,,0.1220575773124788,NONE
Мадхья-Прадеше,PROPN,,appos,Loc,Masc,Sing,Inan,0.2597656352767753,LOC
после,ADP,,case,,,,,-0.1522009558743824,NONE
того,PRON,,obl,Gen,Neut,Sing,Inan,0.173623555835692,NONE
",",PUNCT,,punct,,,,,0.1891513052603071,NONE
как,SCONJ,,mark,,,,,-0.0639370757498034,NONE
Джйотирадитья,PROPN,,nsubj,Nom,Masc,Sing,Anim,0.1848477636669681,PER
Синдиа,PROPN,,flat:name,Nom,Masc,Sing,Anim,0.2437226561451341,PER
присоединился,VERB,,acl,,Masc,Sing,,0.054835379047533,NONE
к,ADP,,case,,,,,-0.1799833746069395,NONE
БДП,PROPN,,obl,Dat,Masc,Sing,Inan,0.2171515266783908,ORG
с,ADP,,case,,,,,-0.0432956091947604,NONE
22,NUM,,nummod,,,,,0.1574314815027631,NONE
его,DET,,det,,,,,-0.2766154911858884,NONE
ГНД,PROPN,,obl,Ins,Masc,Sing,Inan,0.075571798013518,NONE
.,PUNCT,,punct,,,,,-0.3036589167450096,NONE
Саудовская,ADJ,,amod,Nom,Fem,Sing,,0.4503551723713079,LOC
Аравия,PROPN,,nsubj,Nom,Fem,Sing,Inan,0.116145604188744,LOC
растла,VERB,,root,,Fem,Sing,,-0.0171513299886113,NONE
миллиарды,NOUN,,obj,Acc,Masc,Plur,Inan,0.0677205932239279,NONE
в,ADP,,case,,,,,0.2511944817269094,NONE
попытке,NOUN,,obl,Loc,Fem,Sing,Inan,0.0841008877035796,NONE
построить,VERB,,obl,,,,,-0.0510348503888819,NONE
индустрию,NOUN,,obj,Acc,Fem,Sing,Inan,-0.0100983694704766,NONE
туризма,NOUN,,nmod,Gen,Masc,Sing,Inan,-0.0375584184221244,NONE
с,ADP,,case,,,,,0.0424876281267726,NONE
нуля,NOUN,,obl,Gen,Masc,Sing,Inan,-0.0117408419276797,NONE
.,PUNCT,,punct,,,,,0.3202605484644789,NONE
Насколько,ADV,,advmod,,,,,0.033762499933982,NONE
вам,PRON,,iobj,Dat,,Plur,,0.1187630253099912,NONE
было,AUX,,cop,,Neut,Sing,,-0.1518760101544838,NONE
бы,AUX,,aux,,,,,-0.0255502185040764,NONE
комфортно,ADJ,,root,,Neut,Sing,,0.0068588585541442,NONE
",",PUNCT,,punct,,,,,0.1222149549210804,NONE
если,SCONJ,,mark,,,,,-0.0569970751465268,NONE
бы,AUX,,aux,,,,,-0.0839230089671624,NONE
кто-то,PRON,,nsubj,Nom,,,,0.099982040041475,NONE
появился,VERB,,advcl,,Masc,Sing,,-0.0780913525903427,NONE
",",PUNCT,,punct,,,,,-0.5041371128222304,NONE
чтобы,SCONJ,,mark,,,,,-0.0608910532611451,NONE
спросить,VERB,,advcl,,,,,0.12734687217278,NONE
вас,PRON,,obj,Acc,,Plur,,-0.0195738926897823,NONE
",",PUNCT,,punct,,,,,0.2266128120136507,NONE
за,ADP,,case,,,,,-0.0096827675782707,NONE
кого,PRON,,obl,Acc,,,,0.1117381023618874,NONE
вы,PRON,,nsubj,Nom,,Plur,,0.11323362535367,NONE
голосовали,VERB,,ccomp,,,Plur,,0.0233842848893996,NONE
на,ADP,,case,,,,,-0.0403338903459623,NONE
последних,ADJ,,amod,Loc,,Plur,,-0.0319072909009418,NONE
выборах,NOUN,,obl,Loc,Masc,Plur,Inan,0.3628372795875583,NONE
",",PUNCT,,punct,,,,,0.128506444699692,NONE
зная,VERB,,advcl,,,,,0.1526286204863257,NONE
",",PUNCT,,punct,,,,,0.1861180857858604,NONE
что,SCONJ,,mark,,,,,-0.0490537273000546,NONE
если,SCONJ,,mark,,,,,0.0727970994146438,NONE
вы,PRON,,nsubj,Nom,,Plur,,0.2204788892154995,NONE
не,PART,,advmod,,,,,0.1607090604960234,NONE
скажете,VERB,,advcl,,,Plur,,0.2024628328635896,NONE
им,PRON,,iobj,Dat,,Plur,,0.0716792152863318,NONE
",",PUNCT,,punct,,,,,0.1893394529804672,NONE
ваш,DET,,det,Nom,Masc,Sing,,0.1480801823438702,NONE
голос,NOUN,,nsubj:pass,Nom,Masc,Sing,Inan,0.2120384350175304,NONE
может,VERB,,ccomp,,,Sing,,-0.1222684722155756,NONE
быть,AUX,,aux:pass,,,,,0.0700658621546957,NONE
помечен,VERB,,xcomp,,Masc,Sing,,0.0479084648017269,NONE
и,CCONJ,,cc,,,,,-0.0497823433143745,NONE
отброшен,VERB,,conj,,Masc,Sing,,0.1581948936075656,NONE
?,PUNCT,,punct,,,,,0.0710311670867576,NONE
Вступите,VERB,,root,,,Plur,,0.098727771530148,NONE
в,ADP,,case,,,,,0.1863945324240797,NONE
гильдию,NOUN,,obl,Acc,Fem,Sing,Inan,0.0166729489246493,NONE
и,CCONJ,,cc,,,,,0.0439572152020992,NONE
участвуйте,VERB,,conj,,,Plur,,-0.0499226854969747,NONE
в,ADP,,case,,,,,0.0430015664488254,NONE
ежедневных,ADJ,,amod,Loc,,Plur,,0.1741225065968244,NONE
войнах,NOUN,,obl,Loc,Fem,Plur,Inan,0.2294648301744224,NONE
узлов,NOUN,,nmod,Gen,Masc,Plur,Inan,0.5078009200678539,NONE
или,CCONJ,,cc,,,,,0.2751869779197183,NONE
еженедельных,ADJ,,amod,Loc,,Plur,,0.0352766859759737,NONE
завоевательных,ADJ,,amod,Loc,,Plur,,0.056258604364166,NONE
войнах,NOUN,,conj,Loc,Fem,Plur,Inan,0.2483224019192991,NONE
против,ADP,,case,,,,,0.0707509038187475,NONE
многих,NUM,,amod,,,,,0.0147158784756209,NONE
других,ADJ,,amod,Gen,,Plur,,0.1171593106258206,NONE
конкурирующих,VERB,,amod,Gen,,Plur,,0.1215730325725826,NONE
гильдий,NOUN,,nmod,Gen,Fem,Plur,Inan,0.088721350137029,NONE
.,PUNCT,,punct,,,,,0.3678102519986072,NONE
После,ADP,,case,,,,,0.2107458706545183,NONE
того,PRON,,obl,Gen,Neut,Sing,Inan,0.0219417786217318,NONE
",",PUNCT,,punct,,,,,0.0008165123737032,NONE
как,SCONJ,,mark,,,,,-0.0154269314717084,NONE
хукер,NOUN,,nsubj:pass,Nom,Masc,Sing,Anim,0.0220668048075898,NONE
Дэн,PROPN,,appos,Nom,Masc,Sing,Anim,0.0696018292441158,PER
Фрост,PROPN,,flat:name,Nom,Masc,Sing,Anim,0.0258963952374412,PER
был,AUX,,aux:pass,,Masc,Sing,,0.0808029882787346,NONE
удален,VERB,,acl,,Masc,Sing,,0.0493031014843432,NONE
с,ADP,,case,,,,,0.0032554137371668,NONE
поля,NOUN,,obl,Gen,Neut,Sing,Inan,0.0106388027635974,NONE
в,ADP,,case,,,,,-0.0433573731643465,NONE
перерыве,NOUN,,obl,Loc,Masc,Sing,Inan,0.059112563311902,NONE
",",PUNCT,,punct,,,,,0.3714741661697299,NONE
их,DET,,det,,,,,0.0127206366198268,NONE
13,NUM,,nummod,,,,,0.0009721205565154,NONE
человек,NOUN,,nsubj,Gen,Masc,Plur,Anim,0.0329463792250157,NONE
оказались,VERB,,root,,,Plur,,0.0296732635583401,NONE
на,ADP,,case,,,,,0.0210176427105919,NONE
канатах,NOUN,,obl,Loc,Fem,Plur,Inan,0.0263438334652888,NONE
",",PUNCT,,punct,,,,,0.4763207557784851,NONE
и,CCONJ,,cc,,,,,0.0223379686119035,NONE
"""",PUNCT,,punct,,,,,0.0164671179071045,NONE
"""",PUNCT,,punct,,,,,-0.024952827312014,NONE
Мюнстер,PROPN,,nsubj,,,,,0.021235823214826,NONE
"""",PUNCT,,punct,,,,,0.0189454176229045,NONE
"""",PUNCT,,punct,,,,,0.0250515572929963,NONE
отреагировал,VERB,,conj,,Masc,Sing,,0.0460594287209324,NONE
на,ADP,,case,,,,,-0.0258653903267247,NONE
это,PRON,,obl,Acc,Neut,Sing,Inan,0.0017974600203161,NONE
попытками,NOUN,,obl,Ins,Fem,Plur,Inan,0.0200192868901631,NONE
дебютанта,NOUN,,nmod,Gen,Masc,Sing,Anim,0.0401415500656128,NONE
Патрика,PROPN,,appos,Gen,Masc,Sing,Anim,0.0307161006238561,PER
Кэмпбелла,PROPN,,flat:name,Gen,Masc,Sing,Anim,0.0653968479016329,PER
и,CCONJ,,cc,,,,,-0.0316457252943355,NONE
Эндрю,PROPN,,conj,Gen,Masc,Sing,Anim,0.0105282348771176,PER
Конвея,PROPN,,flat:name,Gen,Masc,Sing,Anim,0.0398103009516635,PER
.,PUNCT,,punct,,,,,-0.0617077879472117,NONE
"""",PUNCT,,root,,,,,0.2817404243519086,NONE
Обработка,NOUN,,nsubj,Nom,Fem,Sing,Inan,0.0633679594288665,NONE
видео,NOUN,,nmod,Gen,Neut,Sing,Inan,0.0781776742175319,NONE
HQV®,PROPN,,flat:foreign,,,,,0.0066906579300492,ORG
—,PUNCT,,punct,,,,,-0.3185782130815103,NONE
обработка,NOUN,,appos,Nom,Fem,Sing,Inan,-0.0960253057095327,NONE
HQV,PROPN,,flat:foreign,,,,,0.0643944929970862,NONE
(,PUNCT,,punct,,,,,-0.0226922205699302,NONE
голливудское,ADJ,,amod,Nom,Neut,Sing,,0.0064566169112792,NONE
качество,NOUN,,parataxis,Nom,Neut,Sing,Inan,0.0012561427041624,NONE
видео,NOUN,,nmod,Gen,Neut,Sing,Inan,0.0942809779447637,NONE
),PUNCT,,punct,,,,,0.0922624432315219,NONE
представляет,VERB,,root,,,Sing,,0.0439227474527554,NONE
собой,PRON,,fixed,Ins,,,,-0.0215241836407428,NONE
современную,ADJ,,amod,Acc,Fem,Sing,,0.049545254008929,NONE
технологию,NOUN,,obj,Acc,Fem,Sing,Inan,0.0922803805691828,NONE
обработки,NOUN,,nmod,Gen,Fem,Sing,Inan,-0.0467620832557098,NONE
видео,NOUN,,nmod,Gen,Neut,Sing,Inan,0.0237674707735829,NONE
с,ADP,,case,,,,,-0.019885889863604,NONE
деинтерлейсингом,NOUN,,nmod,Ins,Masc,Sing,Inan,0.0146016037007596,NONE
высочайшего,ADJ,,amod,Gen,Neut,Sing,,0.0558820991955734,NONE
качества,NOUN,,nmod,Gen,Neut,Sing,Inan,-0.0382016564494481,NONE
(,PUNCT,,punct,,,,,-0.041529503804708,NONE
с,ADP,,case,,,,,-0.0036531546554904,NONE
3:2,NUM,,parataxis,,,,,0.1044587681418558,NONE
и,CCONJ,,cc,,,,,0.1763922813670174,NONE
2:2,NUM,,conj,,,,,0.2110023276229564,NONE
pull,X,,flat:foreign,,,,,0.1830364812756969,NONE
down,X,,flat:foreign,,,,,0.0806140753095585,NONE
),PUNCT,,punct,,,,,0.156133897632054,NONE
",",PUNCT,,punct,,,,,0.2378599094523973,NONE
шумоподавлением,NOUN,,conj,Ins,Neut,Sing,Inan,0.0569438381943683,NONE
и,CCONJ,,cc,,,,,-0.0220553830841059,NONE
производительность,NOUN,,conj,Acc,Fem,Sing,Inan,0.0087172655689487,NONE
масштабирования,NOUN,,nmod,Gen,Neut,Sing,Inan,0.0543306477020766,NONE
как,SCONJ,,cc,,,,,0.0193175252753474,NONE
для,ADP,,case,,,,,-0.016336591660834,NONE
сигналов,NOUN,,nmod,Gen,Masc,Plur,Inan,0.1468415200867296,NONE
стандартной,ADJ,,amod,Gen,Fem,Sing,,0.0672914453561834,NONE
четкости,NOUN,,nmod,Gen,Fem,Sing,Inan,0.0036092750071237,NONE
",",PUNCT,,punct,,,,,0.1353233090519963,NONE
так,ADV,,cc,,,,,0.0705150963966058,NONE
и,PART,,fixed,,,,,0.0200767944870363,NONE
для,ADP,,case,,,,,0.0406215360939487,NONE
сигналов,NOUN,,conj,Gen,Masc,Plur,Inan,0.0447151443136829,NONE
высокой,ADJ,,amod,Gen,Fem,Sing,,0.0629601382519896,NONE
четкости,NOUN,,nmod,Gen,Fem,Sing,Inan,0.0672688175534265,NONE
.,PUNCT,,punct,,,,,-0.2364943002486441,NONE
Я,PRON,,nsubj,Nom,,Sing,,0.2606092974181461,NONE
не,PART,,advmod,,,,,0.0629179991618156,NONE
хотел,VERB,,root,,Masc,Sing,,-0.3914558749644126,NONE
создавать,VERB,,xcomp,,,,,-0.0140793526575054,NONE
сцену,NOUN,,obj,Acc,Fem,Sing,Inan,0.1650432743915998,NONE
или,CCONJ,,cc,,,,,-0.1357069888996836,NONE
что-то,PRON,,conj,Acc,,,,-0.0154380896200822,NONE
еще,ADV,,obl,,,,,-0.1107986590165852,NONE
",",PUNCT,,punct,,,,,0.1264829402501727,NONE
но,CCONJ,,cc,,,,,0.0631271327082866,NONE
я,PRON,,nsubj,Nom,,Sing,,0.1136589554849447,NONE
был,AUX,,cop,,Masc,Sing,,-0.1103203574190381,NONE
очень,ADV,,obl,,,,,0.0409606156873304,NONE
обижен,ADJ,,conj,,Masc,Sing,,0.106137590049673,NONE
и,CCONJ,,cc,,,,,-0.0657600041762023,NONE
довольно,ADV,,obl,,,,,-0.0098305602458168,NONE
смущен,ADJ,,conj,,Masc,Sing,,0.189844295496296,NONE
.,PUNCT,,punct,,,,,0.4042923088732669,NONE
Они,PRON,,nsubj,Nom,,Plur,,0.001596361624279,NONE
устраняют,VERB,,root,,,Plur,,0.2769677123531853,NONE
бессознательные,ADJ,,amod,Acc,,Plur,Inan,0.1068400300933209,NONE
предубеждения,NOUN,,obj,Acc,Neut,Plur,Inan,0.0426912525369296,NONE
",",PUNCT,,punct,,,,,0.2145550710291382,NONE
которые,PRON,,nsubj,Nom,,,,0.5259773543378327,NONE
могут,VERB,,acl:relcl,,,Plur,,0.2300950551755805,NONE
затуманивать,VERB,,xcomp,,,,,0.2739916106689009,NONE
суждения,NOUN,,obj,Acc,Neut,Plur,Inan,0.1309950058157277,NONE
клиницистов,NOUN,,nmod,Gen,Masc,Plur,Anim,0.1924630780572627,NONE
.,PUNCT,,punct,,,,,0.2077203521949985,NONE
Крупные,ADJ,,amod,Nom,,Plur,,0.4495740035653054,NONE
технологические,ADJ,,amod,Nom,,Plur,,-0.0416484506185529,NONE
компании,NOUN,,nsubj,Nom,Fem,Plur,Inan,-0.0589364397214081,NONE
",",PUNCT,,punct,,,,,-0.0234642914974981,NONE
в,ADP,,case,,,,,-0.1085273314983463,NONE
том,DET,,det,Loc,Neut,Sing,,-0.0265581773735407,NONE
числе,NOUN,,nmod,Loc,Neut,Sing,Inan,-0.2685463065856991,NONE
Apple,PROPN,,appos,,,,,-0.1003892423502979,ORG
Inc,PROPN,,flat:foreign,,,,,0.2509995579114958,ORG
",",PUNCT,,punct,,,,,0.08050114593298,NONE
Amazon,PROPN,,flat:foreign,,,,,-0.1028856409575839,ORG
.,PUNCT,,punct,,,,,0.0836220915649255,ORG
com,X,,flat:foreign,,,,,-0.0843186027020294,ORG
Inc,PROPN,,flat:foreign,,,,,0.2026925889209679,ORG
и,CCONJ,,cc,,,,,-0.2026373580990311,NONE
Google,PROPN,,flat:foreign,,,,,-0.0558552496039464,ORG
Alphabet,PROPN,,flat:foreign,,,,,0.0547127518505887,ORG
Inc,PROPN,,flat:foreign,,,,,0.3371391772991513,ORG
",",PUNCT,,punct,,,,,0.22570923681613,NONE
в,ADP,,case,,,,,0.1665754409361426,NONE
последние,ADJ,,amod,Acc,,Plur,Inan,0.0251661390462736,NONE
годы,NOUN,,obl,Acc,Masc,Plur,Inan,0.0218937131102227,NONE
все,PART,,advmod,,,,,-0.0032615001906659,NONE
активнее,ADV,,advmod,,,,,0.0721410118961766,NONE
защищались,VERB,,root,,,Plur,,-0.00795589474365,NONE
от,ADP,,case,,,,,0.0410071490690866,NONE
таких,DET,,det,Gen,,Plur,,0.0934364815435544,NONE
проблем,NOUN,,obl,Gen,Fem,Plur,Inan,0.1536646920502513,NONE
",",PUNCT,,punct,,,,,0.0480841816619088,NONE
как,SCONJ,,mark,,,,,-0.0095684147801563,NONE
нарушения,NOUN,,obl,Nom,Neut,Plur,Inan,0.0949357168967788,NONE
конфиденциальности,NOUN,,nmod,Gen,Fem,Sing,Inan,0.1162609516466243,NONE
и,CCONJ,,cc,,,,,0.0456957345918739,NONE
чрезмерное,ADJ,,amod,Nom,Neut,Sing,,0.0298132830789877,NONE
влияние,NOUN,,conj,Nom,Neut,Sing,Inan,0.0927010075275077,NONE
на,ADP,,case,,,,,0.1038242059199403,NONE
рынке,NOUN,,nmod,Loc,Masc,Sing,Inan,-0.1512131893153672,NONE
.,PUNCT,,punct,,,,,-0.1866037260544696,NONE
На,ADP,,case,,,,,0.1330554079571375,NONE
данном,ADJ,,amod,Loc,Masc,Sing,,-0.0811343617306823,NONE
этапе,NOUN,,obl,Loc,Masc,Sing,Inan,-0.4206004957193667,NONE
это,PRON,,nsubj:pass,Nom,Neut,Sing,Inan,0.0924270973383516,NONE
не,PART,,advmod,,,,,-0.079070250565638,NONE
считается,VERB,,root,,,Sing,,0.0200591336235348,NONE
серьезной,ADJ,,amod,Ins,Fem,Sing,,0.1154196284152055,NONE
вспышкой,NOUN,,obl,Ins,Fem,Sing,Inan,0.084500918585774,NONE
",",PUNCT,,punct,,,,,0.2672146015625252,NONE
поскольку,SCONJ,,mark,,,,,0.1248632864819948,NONE
The,PROPN,,nsubj,,,,,-0.0715774729637643,ORG
Athletic,PROPN,,flat:foreign,,,,,0.1336073498690931,ORG
сообщает,VERB,,advcl,,,Sing,,0.0063787868307112,NONE
",",PUNCT,,punct,,,,,0.439442917789445,NONE
что,SCONJ,,mark,,,,,0.0971819101665409,NONE
только,PART,,advmod,,,,,0.0206166359947339,NONE
один,NUM,,nummod,Nom,Masc,,,0.101253143771944,NONE
игрок,NOUN,,nsubj,Nom,Masc,Sing,Anim,0.1091557997227029,NONE
дал,VERB,,ccomp,,Masc,Sing,,-0.0017860991493888,NONE
положительный,ADJ,,amod,Acc,Masc,Sing,Inan,0.0223315682547417,NONE
результат,NOUN,,obj,Acc,Masc,Sing,Inan,0.1943787496831738,NONE
",",PUNCT,,punct,,,,,0.3817821604914839,NONE
а,CCONJ,,cc,,,,,0.0551411018434043,NONE
остальные,ADJ,,nsubj,Nom,,Plur,,-0.1473824434724652,NONE
являются,VERB,,conj,,,Plur,,-0.1592218328357337,NONE
персоналом,NOUN,,obl,Ins,Masc,Sing,Inan,0.1072792548226175,NONE
на,ADP,,case,,,,,0.2873781189720318,NONE
тренировочной,ADJ,,amod,Loc,Fem,Sing,,0.118325310390983,NONE
площадке,NOUN,,obl,Loc,Fem,Sing,Inan,0.0781496158000101,NONE
.,PUNCT,,punct,,,,,-0.0169871436672616,NONE
Какое,DET,,det,Acc,Neut,Sing,,0.4568284461373335,NONE
послание,NOUN,,obj,Acc,Neut,Sing,Inan,-0.025463781782602,NONE
это,PRON,,nsubj,Nom,Neut,Sing,Inan,-0.0151318978142732,NONE
посылает,VERB,,root,,,Sing,,-0.0354986568514085,NONE
восприимчивому,ADJ,,amod,Dat,Masc,Sing,,0.0898881431977356,NONE
",",PUNCT,,punct,,,,,-0.0240495176576702,NONE
сверхбдительному,ADJ,,conj,Dat,Masc,Sing,,-0.0104014711860699,NONE
мозгу,NOUN,,iobj,Dat,Masc,Sing,Inan,0.5222984065382164,NONE
крошечного,ADJ,,amod,Gen,Masc,Sing,,-0.0054455701774079,NONE
ребенка,NOUN,,nmod,Gen,Masc,Sing,Anim,-0.0029446657901524,NONE
?,PUNCT,,punct,,,,,0.5546571663238222,NONE
Мистер,NOUN,,nsubj,Nom,Masc,Sing,Anim,0.3028045107123699,PER
Харви,PROPN,,appos,Nom,Masc,Sing,Anim,0.0833959287511381,PER
сказал,VERB,,root,,Masc,Sing,,0.0207592031788171,NONE
",",PUNCT,,punct,,,,,0.0438766746034184,NONE
что,SCONJ,,mark,,,,,-0.2540076753128492,NONE
покупатели,NOUN,,nsubj,Nom,Masc,Plur,Anim,0.125360482344251,NONE
должны,ADJ,,ccomp,,,Plur,,-0.2294582183951951,NONE
также,ADV,,advmod,,,,,-0.1187793585711765,NONE
исследовать,VERB,,xcomp,,,,,0.1121182529048208,NONE
недавние,ADJ,,amod,Acc,,Plur,Inan,0.1930269253631713,NONE
сопоставимые,ADJ,,amod,Acc,,Plur,Inan,0.2472387931700061,NONE
продажи,NOUN,,obj,Acc,Fem,Plur,Inan,0.1045566558792815,NONE
и,CCONJ,,cc,,,,,-0.0700713379413592,NONE
знать,VERB,,conj,,,,,-0.24953027648032,NONE
",",PUNCT,,punct,,,,,0.2788383072563968,NONE
как,ADV,,advmod,,,,,0.1510233305128551,NONE
работает,VERB,,ccomp,,,Sing,,0.1205606556338147,NONE
территория,NOUN,,nsubj,Nom,Fem,Sing,Inan,0.1304540619990271,NONE
",",PUNCT,,punct,,,,,0.171288355579931,NONE
чтобы,SCONJ,,mark,,,,,0.007821539779152,NONE
не,PART,,advmod,,,,,-0.0601181993797372,NONE
переплачивать,VERB,,advcl,,,,,0.158870564073032,NONE
за,ADP,,case,,,,,-0.0225063220118067,NONE
недвижимость,NOUN,,obl,Acc,Fem,Sing,Inan,0.0921602418869893,NONE
.,PUNCT,,punct,,,,,-0.3388140273705474,NONE
Любой,DET,,det,Acc,Masc,Sing,,0.0545467572242199,NONE
источник,NOUN,,obj,Acc,Masc,Sing,Inan,0.0999424663205089,NONE
видео,NOUN,,nmod,Gen,Neut,Sing,Inan,0.0177548512284055,NONE
можно,ADV,,root,,,,,-0.1120604485845212,NONE
вставить,VERB,,csubj,,,,,0.0666794740398553,NONE
или,CCONJ,,cc,,,,,-0.0482573151994081,NONE
расположить,VERB,,conj,,,,,-0.0301161627602648,NONE
рядом,ADV,,advmod,,,,,0.0404005363680871,NONE
с,ADP,,case,,,,,-0.0004231577625579,NONE
источником,NOUN,,obl,Ins,Masc,Sing,Inan,0.0074288924900485,NONE
видео,NOUN,,nmod,Gen,Neut,Sing,Inan,-0.026545878217457,NONE
на,ADP,,case,,,,,0.0667194549153619,NONE
компьютере,NOUN,,nmod,Loc,Masc,Sing,Inan,0.0249262637891182,NONE
",",PUNCT,,punct,,,,,0.1455597266426157,NONE
или,CCONJ,,cc,,,,,0.1650727272628289,NONE
наоборот,ADV,,parataxis,,,,,-0.0438321487182472,NONE
",",PUNCT,,punct,,,,,0.3507686575419044,NONE
с,ADP,,case,,,,,0.106390765812995,NONE
помощью,NOUN,,fixed,Ins,Fem,Sing,Inan,-0.0736783036318253,NONE
элементов,NOUN,,conj,Gen,Masc,Plur,Inan,0.0440125773432765,NONE
управления,NOUN,,nmod,Gen,Neut,Sing,Inan,-0.2539633019995881,NONE
расположением,NOUN,,nmod,Ins,Neut,Sing,Inan,0.0750460141685752,NONE
и,CCONJ,,cc,,,,,-0.0707329587826829,NONE
размером,NOUN,,conj,Ins,Masc,Sing,Inan,0.0851170360852133,NONE
окна,NOUN,,nmod,Gen,Neut,Sing,Inan,-0.0570729767241704,NONE
.,PUNCT,,punct,,,,,0.1522474989555462,NONE
Гражданский,ADJ,,amod,Nom,Masc,Sing,,0.324196170110399,NONE
служащий,NOUN,,nsubj,Nom,Masc,Sing,Anim,0.0926779641239839,NONE
Тим,PROPN,,appos,Nom,Masc,Sing,Anim,0.2755936394645669,PER
Фигурес,PROPN,,flat:name,Nom,Masc,Sing,Anim,0.2019345692438967,PER
",",PUNCT,,punct,,,,,0.2071753547016133,NONE
который,PRON,,nsubj,Nom,,,,-0.0254077265188547,NONE
живет,VERB,,acl:relcl,,,Sing,,-0.0383753624664673,NONE
в,ADP,,case,,,,,0.1736336713091577,NONE
квартире,NOUN,,obl,Loc,Fem,Sing,Inan,0.1227711256381295,NONE
возле,ADP,,case,,,,,0.0623931910236426,NONE
башни,NOUN,,nmod,Gen,Fem,Sing,Inan,0.0927046664470005,NONE
Геркин,PROPN,,appos,Nom,Masc,Sing,Inan,0.1850247087702873,LOC
",",PUNCT,,punct,,,,,0.2604251496063907,NONE
сказал,VERB,,root,,Masc,Sing,,0.0071354272064462,NONE
",",PUNCT,,punct,,,,,0.1763934758007019,NONE
что,SCONJ,,mark,,,,,-0.050094858697215,NONE
он,PRON,,nsubj,Nom,Masc,Sing,,-0.1251003873270481,NONE
может,VERB,,ccomp,,,Sing,,-0.0827979299693587,NONE
получить,VERB,,xcomp,,,,,-0.1272362642081083,NONE
доступ,NOUN,,obj,Acc,Masc,Sing,Inan,0.0169413030235475,NONE
только,PART,,advmod,,,,,-0.0165143705625016,NONE
к,ADP,,case,,,,,0.0776715540786971,NONE
"""",PUNCT,,punct,,,,,0.1536926745734478,NONE
"""",PUNCT,,punct,,,,,0.0929399057427468,NONE
основным,ADJ,,amod,Dat,,Plur,,0.1043296956626874,NONE
"""",PUNCT,,punct,,,,,0.1045250562733712,NONE
"""",PUNCT,,punct,,,,,-0.0205486972097427,NONE
широкополосным,ADJ,,amod,Dat,,Plur,,0.2064034578329194,NONE
услугам,NOUN,,nmod,Dat,Fem,Plur,Inan,0.2508761711349064,NONE
",",PUNCT,,punct,,,,,0.1599631773449694,NONE
несмотря,ADV,,case,,,,,0.0406317057752629,NONE
на,ADP,,fixed,,,,,0.0453156151484168,NONE
лоббирование,NOUN,,obl,Acc,Neut,Sing,Inan,0.0155472575931866,NONE
в,ADP,,case,,,,,0.0075389395589235,NONE
течение,NOUN,,fixed,Acc,Neut,Sing,Inan,-0.0074251198120974,NONE
более,ADV,,advmod,,,,,-0.0614915395331261,NONE
года,NOUN,,nmod,Gen,Masc,Sing,Inan,-0.0605385486086496,NONE
для,ADP,,case,,,,,-0.0673314884398058,NONE
волокна,NOUN,,nmod,Gen,Neut,Sing,Inan,0.0855787062775653,NONE
",",PUNCT,,punct,,,,,0.1782603278540309,NONE
который,PRON,,nsubj:pass,Nom,,,,-0.0054673912897631,NONE
должен,ADJ,,acl:relcl,,Masc,Sing,,0.1093813409949839,NONE
быть,AUX,,aux:pass,,,,,0.0220540549963115,NONE
установлен,VERB,,xcomp,,Masc,Sing,,-0.0531784238548173,NONE
.,PUNCT,,punct,,,,,0.0714013821659601,NONE
"""",PUNCT,,root,,,,,-0.1487252998170866,NONE
Теперь,ADV,,advmod,,,,,-0.1928875248821188,NONE
Шарф,PROPN,,nsubj,Nom,Masc,Sing,Anim,0.3789834410963352,PER
становится,VERB,,root,,,Sing,,0.020953532009644,NONE
первым,ADJ,,obl,Ins,Masc,Sing,,0.0709433169182288,NONE
из,ADP,,case,,,,,-0.0410125636132958,NONE
протеже,NOUN,,nmod,Gen,Masc,Plur,Inan,0.0175316275203117,NONE
Даймона,PROPN,,nmod,Gen,Masc,Sing,Anim,0.0852262423549932,PER
",",PUNCT,,punct,,,,,0.0380773974942591,NONE
который,PRON,,nsubj,Nom,,,,0.0439170850317115,NONE
взял,VERB,,acl:relcl,,Masc,Sing,,0.2123626732303146,NONE
на,ADP,,case,,,,,-0.1080978902686391,NONE
себя,PRON,,obl,Acc,,,,0.0950697967550172,NONE
прямого,ADJ,,amod,Acc,Masc,Sing,Anim,0.1405025107328284,NONE
конкурента,NOUN,,obj,Acc,Masc,Sing,Anim,0.1042322652323627,NONE
J,PROPN,,appos,,,,,-0.0163134817011363,ORG
.,PUNCT,,punct,,,,,-0.2636989084375515,ORG
P,PROPN,,flat:foreign,,,,,-0.0109712588578009,ORG
.,PUNCT,,punct,,,,,-0.3686514722019361,ORG
Morgan,PROPN,,flat:foreign,,,,,0.2544503040142146,ORG
Chase,PROPN,,flat:foreign,,,,,0.0231480481539402,ORG
",",PUNCT,,punct,,,,,0.1520748007790341,NONE
американского,ADJ,,amod,Gen,Masc,Sing,,0.1457947443617009,NONE
гиганта,NOUN,,appos,Acc,Masc,Sing,Anim,0.0882237360474565,NONE
финансовых,ADJ,,amod,Gen,,Plur,,-0.010724778701044,NONE
услуг,NOUN,,nmod,Gen,Fem,Plur,Inan,-0.136930770997592,NONE
и,CCONJ,,cc,,,,,-0.0512485341260046,NONE
самого,ADJ,,amod,Gen,Masc,Sing,,0.044036948053397,NONE
ценного,ADJ,,amod,Gen,Masc,Sing,,0.0378558134119424,NONE
банка,NOUN,,conj,Gen,Masc,Sing,Inan,0.0384811341868322,NONE
в,ADP,,case,,,,,-0.0017228634575657,NONE
мире,NOUN,,nmod,Loc,Masc,Sing,Inan,0.1494603989250625,NONE
по,ADP,,case,,,,,0.0594322790888979,NONE
рыночной,ADJ,,amod,Dat,Fem,Sing,,0.061384883718124,NONE
капитализации,NOUN,,nmod,Dat,Fem,Sing,Inan,0.1812611599197745,NONE
.,PUNCT,,punct,,,,,-0.3508345573031212,NONE
Чтобы,SCONJ,,mark,,,,,-0.7852525458944706,NONE
помочь,VERB,,advcl,,,,,0.1062196451651275,NONE
обеспечить,VERB,,xcomp,,,,,-0.1136777061365724,NONE
",",PUNCT,,punct,,,,,0.0634643151096076,NONE
чтобы,SCONJ,,mark,,,,,-0.1545131261522568,NONE
внешние,ADJ,,amod,Nom,,Plur,,-0.0313688731497955,NONE
отношения,NOUN,,nsubj:pass,Nom,Neut,Plur,Inan,-0.0149475356295862,NONE
США,PROPN,,nmod,Gen,,Plur,Inan,-0.057589527875841,LOC
осуществлялись,VERB,,ccomp,,,Plur,,-0.0079449428212985,NONE
добросовестно,ADV,,advmod,,,,,0.150332880672293,NONE
",",PUNCT,,punct,,,,,0.0950052536264678,NONE
я,PRON,,nsubj,Nom,,Sing,,0.1111893394535379,NONE
прошу,VERB,,root,,,Sing,,0.0015097187448804,NONE
вас,PRON,,obj,Acc,,Plur,,-0.045218270606373,NONE
расследовать,VERB,,xcomp,,,,,0.0826832434344063,NONE
эти,DET,,det,Acc,,Plur,,0.0370191380427389,NONE
и,CCONJ,,cc,,,,,-0.01649683781854,NONE
другие,ADJ,,conj,Acc,,Plur,Inan,-0.0749264137282858,NONE
обстоятельства,NOUN,,obj,Acc,Neut,Plur,Inan,0.0301901487158857,NONE
",",PUNCT,,punct,,,,,0.078527685588808,NONE
описанные,VERB,,acl,Acc,,Plur,Inan,0.065192555057551,NONE
в,ADP,,case,,,,,0.0443024536010211,NONE
жалобе,NOUN,,obl,Loc,Fem,Sing,Inan,0.116901525606663,NONE
",",PUNCT,,punct,,,,,-0.018400766518331,NONE
и,CCONJ,,cc,,,,,0.0197593823956943,NONE
сохранить,VERB,,conj,,,,,0.0435435383854421,NONE
все,DET,,det,Acc,,Plur,,0.0449023360446726,NONE
соответствующие,ADJ,,amod,Acc,,Plur,Inan,0.0837338108743909,NONE
записи,NOUN,,obj,Acc,Fem,Plur,Inan,0.0881833401197114,NONE
",",PUNCT,,punct,,,,,0.0943922141423496,NONE
-,PUNCT,,punct,,,,,0.0915022190191777,NONE
написал,VERB,,parataxis,,Masc,Sing,,0.0635736758258397,NONE
другой,ADJ,,amod,Nom,Masc,Sing,,0.0614136982637517,NONE
претендент,NOUN,,nsubj,Nom,Masc,Sing,Anim,0.0912818164885949,NONE
на,ADP,,case,,,,,-0.0023040299609177,NONE
пост,NOUN,,nmod,Acc,Masc,Sing,Inan,0.0657511091590986,NONE
президента,NOUN,,nmod,Gen,Masc,Sing,Anim,-0.0089800077908461,NONE
в,ADP,,case,,,,,0.0163483386934617,NONE
2020,ADJ,,amod,,,,,0.004089448104227,NONE
году,NOUN,,nmod,Loc,Masc,Sing,Inan,0.0312177296757449,NONE
Харрис,PROPN,,appos,Nom,Masc,Sing,Anim,0.0428937976672516,PER
.,PUNCT,,punct,,,,,-0.1270388843166018,NONE
Позже,ADV,,advmod,,,,,0.107340064718324,NONE
в,ADP,,case,,,,,0.0018131175286544,NONE
тот,DET,,det,Acc,Masc,Sing,,-0.0167553777756148,NONE
же,PART,,advmod,,,,,0.0154160316306604,NONE
день,NOUN,,obl,Acc,Masc,Sing,Inan,0.0042062371255453,NONE
Джабир,PROPN,,nsubj,Nom,Masc,Sing,Anim,-0.0039490778660154,PER
финишировал,VERB,,root,,Masc,Sing,,0.0243798628615495,NONE
третьим,ADJ,,obl,Ins,Masc,Sing,,0.0104306646270814,NONE
в,ADP,,case,,,,,0.031135267756591,NONE
заплыве,NOUN,,nmod,Loc,Masc,Sing,Inan,0.023291485395679,NONE
номер,NOUN,,appos,Nom,Masc,Sing,Inan,-0.0030396327927645,NONE
один,NUM,,nummod:entity,Nom,Masc,,,0.0252205836415179,NONE
и,CCONJ,,cc,,,,,0.0517596770027548,NONE
11-м,ADJ,,conj,Ins,Masc,Sing,,0.0004470565534019,NONE
в,ADP,,case,,,,,0.0618347289608634,NONE
общем,ADJ,,amod,Loc,Masc,Sing,,0.0261411961314338,NONE
зачете,NOUN,,nmod,Loc,Masc,Sing,Inan,0.0432826903712764,NONE
в,ADP,,case,,,,,0.0734473835603227,NONE
беге,NOUN,,nmod,Loc,Masc,Sing,Inan,0.0302477348096209,NONE
на,ADP,,case,,,,,0.0228634381985957,NONE
400,NUM,,nummod,,,,,0.0260042460309883,NONE
метров,NOUN,,nmod,Gen,Masc,Plur,Inan,0.0372092672236203,NONE
с,ADP,,case,,,,,0.0219887527666299,NONE
барьерами,NOUN,,nmod,Ins,Masc,Plur,Inan,0.0599644133378432,NONE
среди,ADP,,case,,,,,0.0205847004750167,NONE
мужчин,NOUN,,nmod,Gen,Masc,Plur,Anim,-0.0135134187235157,NONE
с,ADP,,case,,,,,0.0615993044763745,NONE
результатом,NOUN,,obl,Ins,Masc,Sing,Inan,0.0364805359464764,NONE
49,NUM,,nummod,,,,,0.1496842745332334,NONE
",",PUNCT,,punct,,,,,0.126063724752848,NONE
62,NUM,,nmod,,,,,0.1936545211185079,NONE
секунды,NOUN,,nmod,Gen,Fem,Sing,Inan,0.0813186505402456,NONE
",",PUNCT,,punct,,,,,0.100453102541818,NONE
чтобы,SCONJ,,mark,,,,,0.0409203036798699,NONE
квалифицироваться,VERB,,advcl,,,,,0.0644164788399174,NONE
в,ADP,,case,,,,,-0.0400034901328784,NONE
полуфинал,NOUN,,obl,Acc,Masc,Sing,Inan,-0.0622466025139274,NONE
",",PUNCT,,punct,,,,,0.131272163760332,NONE
который,PRON,,nsubj,Nom,,,,-0.0148062512566218,NONE
состоится,VERB,,acl:relcl,,,Sing,,-0.0359403672178327,NONE
в,ADP,,case,,,,,0.0626193970383277,NONE
субботу,NOUN,,obl,Acc,Fem,Sing,Inan,-0.1022806070976657,NONE
.,PUNCT,,punct,,,,,0.2486739821796104,NONE
Также,ADV,,advmod,,,,,-0.1819911417001067,NONE
«Саутгемптон»,NOUN,,nsubj,Nom,Masc,Sing,Inan,0.319820155031321,ORG
обыграл,VERB,,root,,Masc,Sing,,0.0830061786336712,NONE
«Шеффилд,NOUN,,obj,Acc,Masc,Sing,Inan,0.0403633945460717,ORG
Юнайтед»,PROPN,,appos,Nom,Masc,Sing,Inan,0.168924409617334,ORG
3-1,NUM,,obl,,,,,-0.2800327180311089,NONE
",",PUNCT,,punct,,,,,0.2586124286489224,NONE
а,CCONJ,,cc,,,,,-0.0250380434971326,NONE
Дэнни,PROPN,,nsubj,Nom,Masc,Sing,Anim,-0.0255882195998996,PER
Ингс,PROPN,,flat:name,Nom,Masc,Sing,Anim,0.1161297734160384,PER
забил,VERB,,conj,,Masc,Sing,,-0.089547703182468,NONE
свой,DET,,det,Acc,Masc,Sing,,-0.458210698969108,NONE
22-й,ADJ,,amod,Acc,Masc,Sing,Inan,0.2173323746620813,NONE
гол,NOUN,,obj,Acc,Masc,Sing,Inan,0.0427735938628751,NONE
в,ADP,,case,,,,,0.196883485504671,NONE
сезоне,NOUN,,nmod,Loc,Masc,Sing,Inan,-0.0132169235816348,NONE
.,PUNCT,,punct,,,,,-0.1887921437209811,NONE
Еще,ADV,,advmod,,,,,-0.0904425878304794,NONE
одно,NUM,,nummod,Nom,Neut,,,-0.2922769345248687,NONE
предупреждение,NOUN,,nsubj,Nom,Neut,Sing,Inan,0.6244823787228942,NONE
вступает,VERB,,root,,,Sing,,0.3020963819442633,NONE
в,ADP,,case,,,,,0.2762316944411353,NONE
силу,NOUN,,obl,Acc,Fem,Sing,Inan,-0.0551274030177438,NONE
в,ADP,,case,,,,,0.2252525465268346,NONE
полночь,NOUN,,obl,Acc,Fem,Sing,Inan,0.0866397049569468,NONE
воскресенья,NOUN,,nmod,Gen,Neut,Sing,Inan,0.1606440765027337,NONE
",",PUNCT,,punct,,,,,0.1240322279285785,NONE
касающееся,VERB,,acl,Acc,Neut,Sing,,0.0166940036299224,NONE
Оркнейских,PROPN,,amod,,,,,0.1386298443196183,LOC
островов,NOUN,,obl,Gen,Masc,Plur,Inan,0.1241252304255289,LOC
и,CCONJ,,cc,,,,,0.1403242390525734,NONE
Шетландских,ADJ,,amod,Gen,,Plur,,0.1850484777483298,LOC
островов,NOUN,,conj,Gen,Masc,Plur,Inan,0.0578712163776041,LOC
.,PUNCT,,punct,,,,,-0.0118530685482035,NONE
A,X,,root,,,,,-0.0084956785427362,NONE
.,PUNCT,,punct,,,,,0.0676799553604404,NONE
Если,SCONJ,,mark,,,,,0.549667199867232,NONE
не,PART,,advmod,,,,,0.1053351176188891,NONE
указано,VERB,,advcl,,Neut,Sing,,-0.0348450463832297,NONE
иное,ADJ,,nsubj:pass,Nom,Neut,Sing,,0.043554676394627,NONE
",",PUNCT,,punct,,,,,0.3619637861491134,NONE
все,DET,,det,Nom,,Plur,,0.1745867660887106,NONE
товары,NOUN,,nsubj:pass,Nom,Masc,Plur,Inan,-0.0017991841631957,NONE
предназначались,VERB,,root,,,Plur,,0.0647102287099504,NONE
для,ADP,,case,,,,,0.0300543011666127,NONE
рынка,NOUN,,obl,Gen,Masc,Sing,Inan,-0.014396760707545,NONE
Соединенного,VERB,,amod,Gen,Neut,Sing,,0.0100411559414312,LOC
Королевства,PROPN,,nmod,Gen,Neut,Sing,Inan,0.0221948300433364,LOC
.,PUNCT,,punct,,,,,-0.5874374453502055,NONE
С,ADP,,advmod,,,,,0.1226735239213396,NONE
тех,DET,,fixed,Gen,,Plur,,0.0115121521292713,NONE
пор,NOUN,,fixed,Gen,Fem,Plur,Inan,0.1001953205599844,NONE
был,AUX,,aux:pass,,Masc,Sing,,0.0773007657293304,NONE
удален,VERB,,root,,Masc,Sing,,0.0332796299900279,NONE
ряд,NOUN,,nsubj:pass,Nom,Masc,Sing,Inan,-0.196379719388674,NONE
твитов,NOUN,,nmod,Gen,Masc,Plur,Inan,0.1301494175738021,NONE
",",PUNCT,,punct,,,,,0.4325570390662852,NONE
и,CCONJ,,cc,,,,,0.0943814741269624,NONE
41-летний,ADJ,,amod,Nom,Masc,Sing,,0.1001798098859406,NONE
сайт,NOUN,,nsubj,Nom,Masc,Sing,Inan,0.1611180019429233,NONE
получил,VERB,,conj,,Masc,Sing,,0.1898053611257579,NONE
семидневный,ADJ,,amod,Acc,Masc,Sing,Inan,0.2838688580422928,NONE
запрет,NOUN,,obj,Acc,Masc,Sing,Inan,0.1443689377963713,NONE
на,ADP,,case,,,,,0.3866381487851453,NONE
сайте,NOUN,,nmod,Loc,Masc,Sing,Inan,-0.1948905692812729,NONE
.,PUNCT,,punct,,,,,0.3233839947608676,NONE
За,ADP,,case,,,,,-0.0534345509416755,NONE
пределами,NOUN,,nmod,Ins,Masc,Plur,Inan,-0.0386991317756662,NONE
Техаса,PROPN,,nmod,Gen,Masc,Sing,Inan,0.0063378329656178,LOC
Вашингтон,PROPN,,nsubj,Nom,Masc,Sing,Inan,0.0731859452531285,LOC
-,PUNCT,,punct,,,,,0.2046370385122818,NONE
это,PRON,,expl,,,,,-0.0811634409046179,NONE
то,DET,,det,Nom,Neut,Sing,,-0.1685236041240542,NONE
место,NOUN,,root,Nom,Neut,Sing,Inan,0.0142763254252538,NONE
",",PUNCT,,punct,,,,,0.011965137879365,NONE
где,ADV,,advmod,,,,,-0.0290224440070429,NONE
у,ADP,,case,,,,,-0.0818091296927074,NONE
нас,PRON,,obl,Gen,,Plur,,-0.0713951226817262,NONE
есть,VERB,,acl:relcl,,,Sing,,0.2411828356372569,NONE
наибольшая,ADJ,,amod,Nom,Fem,Sing,,0.1054631113491254,NONE
поддержка,NOUN,,nsubj,Nom,Fem,Sing,Inan,0.0603834904295015,NONE
",",PUNCT,,punct,,,,,0.1041232323538263,NONE
когда,SCONJ,,mark,,,,,0.0820287561013267,NONE
дело,NOUN,,nsubj,Nom,Neut,Sing,Inan,0.036830646859171,NONE
доходит,VERB,,advcl,,,Sing,,-0.0019745707724888,NONE
до,ADP,,case,,,,,-0.1152670809089568,NONE
всех,DET,,det,Gen,,Plur,,0.0241533357669721,NONE
вещей,NOUN,,obl,Gen,Fem,Plur,Inan,0.0304241184575777,NONE
",",PUNCT,,punct,,,,,0.0140297486584466,NONE
на,ADP,,case,,,,,-0.0160977048281231,NONE
которые,PRON,,obl,Acc,,,,-0.0375670988136782,NONE
вы,PRON,,nsubj,Nom,,Plur,,-0.0554792211829326,NONE
можете,VERB,,acl:relcl,,,Plur,,-0.0666439909878684,NONE
рассчитывать»,VERB,,xcomp,,,,,0.0018841458156592,NONE
.,PUNCT,,punct,,,,,-0.8043456020751912,NONE
В,ADP,,case,,,,,-0.4900554860088479,NONE
интервью,NOUN,,obl,Loc,Neut,Sing,Inan,0.1679733678076582,NONE
Артур,PROPN,,nsubj,Nom,Masc,Sing,Anim,0.1285891573877466,PER
отказался,VERB,,root,,Masc,Sing,,0.2290470860684283,NONE
говорить,VERB,,xcomp,,,,,0.2353069434609368,NONE
о,ADP,,case,,,,,0.1533915226879253,NONE
мисбе,NOUN,,obl,Loc,Fem,Sing,Inan,0.0606390892845433,NONE
.,PUNCT,,punct,,,,,0.3075261218717471,NONE
Айдахо,PROPN,,nsubj,Nom,Masc,Sing,Inan,-0.0124616409019246,LOC
получил,VERB,,root,,Masc,Sing,,0.0352042707773763,NONE
земли,NOUN,,obj,Acc,Fem,Plur,Inan,0.0367397119569025,NONE
дара,NOUN,,nmod,Gen,Masc,Sing,Inan,-0.0028002008187624,NONE
в,ADP,,case,,,,,-0.053917327535905,NONE
1890,ADJ,,amod,,,,,0.2600951639694262,NONE
году,NOUN,,obl,Loc,Masc,Sing,Inan,-0.0679739916290321,NONE
",",PUNCT,,punct,,,,,0.1011078136359622,NONE
когда,ADV,,advmod,,,,,-0.0197568199275998,NONE
он,PRON,,nsubj,Nom,Masc,Sing,,0.134155688154525,NONE
стал,VERB,,advcl,,Masc,Sing,,0.0377278677849973,NONE
государством,NOUN,,obl,Ins,Neut,Sing,Inan,0.1376623045397633,NONE
.,PUNCT,,punct,,,,,0.7917837289774029,NONE
В,ADP,,case,,,,,-0.1944803610536378,NONE
CRPMEM,PROPN,,root,,,,,0.0577858266877441,ORG
заявили,VERB,,flat:foreign,,,Plur,,-0.0167396350283685,NONE
",",PUNCT,,punct,,,,,0.0808101893195005,NONE
что,SCONJ,,mark,,,,,0.3874072441455857,NONE
протесты,NOUN,,nsubj,Nom,Masc,Plur,Inan,0.1457030522210618,NONE
будут,AUX,,cop,,,Plur,,0.1137147596587493,NONE
«в,PUNCT,,punct,,,,,-0.0339079894690106,NONE
соответствии,NOUN,,fixed,Loc,Neut,Sing,Inan,-0.0315005892667888,NONE
с,ADP,,fixed,,,,,-0.0120045331339581,NONE
блокадой,NOUN,,obl,Ins,Fem,Sing,Inan,0.0894352068204413,NONE
портов,NOUN,,nmod,Gen,Masc,Plur,Inan,0.0161457429606713,NONE
в,ADP,,case,,,,,0.0283891688071846,NONE
Британии,PROPN,,nmod,Loc,Fem,Sing,Inan,0.097043183763917,LOC
",",PUNCT,,punct,,,,,0.1352797856378615,NONE
Нормандии,PROPN,,conj,Loc,Fem,Sing,Inan,0.1189697193948551,LOC
и,CCONJ,,cc,,,,,-0.0431099342086512,NONE
на,ADP,,case,,,,,0.1154765913179062,NONE
севере,NOUN,,conj,Loc,Masc,Sing,Inan,0.0168782286488436,NONE
Франции,PROPN,,nmod,Gen,Fem,Sing,Inan,0.1360604752610367,LOC
",",PUNCT,,punct,,,,,0.5523156160047531,NONE
которая,PRON,,nsubj,Nom,,,,-0.1779789587714752,NONE
состоялась,VERB,,acl:relcl,,Fem,Sing,,-0.0180416735876999,NONE
26,NUM,,obl,,,,,0.0095442253481647,NONE
ноября»,NOUN,,flat,Gen,Masc,Sing,Inan,0.1460781675787493,NONE
.,PUNCT,,punct,,,,,-0.3775062991916824,NONE
Все,DET,,det,Nom,,Plur,,-0.2529331211077476,NONE
американцы,NOUN,,nsubj,Nom,Masc,Plur,Anim,-0.0184968696985171,NONE
должны,ADJ,,root,,,Plur,,-0.2067244538766594,NONE
осудить,VERB,,xcomp,,,,,0.1674997899830026,NONE
такое,DET,,det,Acc,Neut,Sing,,0.1866124386416465,NONE
запугивание,NOUN,,obj,Acc,Neut,Sing,Inan,-0.0398912006146718,NONE
свидетелей,NOUN,,nmod,Gen,Masc,Plur,Anim,0.0920425987969909,NONE
.,PUNCT,,punct,,,,,0.6816232041761853,NONE
В,ADP,,advmod,,,,,0.1138426222748941,NONE
общей,ADJ,,fixed,Ins,Fem,Sing,,0.0724290757332797,NONE
сложности,NOUN,,fixed,Loc,Fem,Sing,Inan,0.0920840598063853,NONE
$,SYM,,nsubj:pass,,,,,0.1855185235582139,NONE
100000,NUM,,nummod,,,,,0.5087892879995637,NONE
денежных,ADJ,,amod,Gen,,Plur,,-0.08343879596872,NONE
призов,NOUN,,nmod,Gen,Masc,Plur,Inan,-0.0234251467985797,NONE
будут,AUX,,aux:pass,,,Plur,,-0.1261542787401049,NONE
разделены,VERB,,root,,,Plur,,-0.0008003612322492,NONE
между,ADP,,case,,,,,-0.036338311244477,NONE
четвертьфиналистов,NOUN,,obl,Acc,Masc,Plur,Anim,0.2592998726468365,NONE
",",PUNCT,,punct,,,,,-0.1120717044408553,NONE
в,ADP,,case,,,,,0.2409581577086045,NONE
том,DET,,det,Loc,Neut,Sing,,0.0874033268090817,NONE
числе,NOUN,,nmod,Loc,Neut,Sing,Inan,0.0128733221729097,NONE
$,SYM,,conj,,,,,0.5057609832388014,NONE
40000,NUM,,nummod,,,,,0.2973459549588622,NONE
для,ADP,,case,,,,,0.0921528874809475,NONE
победителей,NOUN,,nmod,Gen,Masc,Plur,Anim,0.0343403540089414,NONE
.,PUNCT,,punct,,,,,0.2955580244267881,NONE
Французские,ADJ,,amod,Nom,,Plur,,0.602202542379881,NONE
рыбаки,NOUN,,nsubj,Nom,Masc,Plur,Anim,0.0442433027317677,NONE
пригрозили,VERB,,root,,,Plur,,0.0514703514744082,NONE
прервать,VERB,,xcomp,,,,,-0.0098401313969336,NONE
британский,ADJ,,amod,Acc,Masc,Sing,Inan,-0.0315839975227761,NONE
импорт,NOUN,,obj,Acc,Masc,Sing,Inan,0.0310530596365105,NONE
в,ADP,,case,,,,,0.0296090705251449,NONE
попытке,NOUN,,obl,Loc,Fem,Sing,Inan,0.0524314994309522,NONE
оказать,VERB,,obl,,,,,0.0779913201346967,NONE
давление,NOUN,,obj,Acc,Neut,Sing,Inan,0.0351205844248667,NONE
на,ADP,,case,,,,,0.056794733495276,NONE
Лондон,PROPN,,nmod,Acc,Masc,Sing,Inan,0.0284760950597036,LOC
",",PUNCT,,punct,,,,,0.2563274311734095,NONE
чтобы,SCONJ,,mark,,,,,-0.0125153631681572,NONE
получить,VERB,,advcl,,,,,0.0335091517964836,NONE
больше,ADV,,advmod,,,,,-0.0200823774747051,NONE
лицензий,NOUN,,obl,Gen,Fem,Plur,Inan,0.0100366571356314,NONE
",",PUNCT,,punct,,,,,0.2061562580437732,NONE
поскольку,SCONJ,,mark,,,,,-0.0660965781162286,NONE
напряженность,NOUN,,nsubj,Nom,Fem,Sing,Inan,0.0625371065446729,NONE
между,ADP,,case,,,,,-0.0012884468423223,NONE
Францией,PROPN,,nmod,Ins,Fem,Sing,Inan,0.0407730714847439,LOC
и,CCONJ,,cc,,,,,-0.0034270792838976,NONE
Великобританией,PROPN,,conj,Ins,Fem,Sing,Inan,0.0598179069246528,LOC
обостряется,VERB,,advcl,,,Sing,,0.0869815711726794,NONE
из-за,ADP,,case,,,,,0.0367534435031821,NONE
прав,NOUN,,obl,Gen,Neut,Plur,Inan,-0.0015184340788844,NONE
на,ADP,,case,,,,,0.048406730553004,NONE
рыбный,ADJ,,amod,Acc,Masc,Sing,Inan,0.024373837403872,NONE
промысел,NOUN,,nmod,Acc,Masc,Sing,Inan,-0.0098644182268227,NONE
после,ADP,,case,,,,,-0.0132939725512381,NONE
Брексита,PROPN,,nmod,Gen,Masc,Sing,Inan,0.0238904626472243,PER
.,PUNCT,,punct,,,,,0.1771943162311227,NONE
Сатанинский,ADJ,,amod,Nom,Masc,Sing,,0.0439986245784766,NONE
храм,NOUN,,nsubj,Nom,Masc,Sing,Inan,-0.1285996214562547,NONE
также,ADV,,advmod,,,,,-0.1701864341816402,NONE
делает,VERB,,root,,,Sing,,-0.2619983492341165,NONE
хорошие,ADJ,,amod,Acc,,Plur,Inan,0.0758834792606971,NONE
вещи,NOUN,,obj,Acc,Fem,Plur,Inan,0.2059938593177341,NONE
.,PUNCT,,punct,,,,,0.6895607481478322,NONE
Она,PRON,,nsubj,Nom,Fem,Sing,,-0.4967366031480389,NONE
разделит,VERB,,root,,,Sing,,0.0681216274690342,NONE
участвующие,VERB,,amod,Acc,,Plur,Inan,-0.010217664013815,NONE
страны,NOUN,,obj,Acc,Fem,Plur,Inan,-0.0381165683172319,NONE
на,ADP,,case,,,,,-0.0930553960729359,NONE
10,NUM,,nummod,,,,,-0.3777230827219918,NONE
групп,NOUN,,obl,Gen,Fem,Plur,Inan,0.033695270798531,NONE
для,ADP,,case,,,,,-0.051582287228961,NONE
онлайнового,ADJ,,amod,Gen,Masc,Sing,,-0.0405481171671705,NONE
отборочного,ADJ,,amod,Gen,Masc,Sing,,-0.0465117492454732,NONE
этапа,NOUN,,nmod,Gen,Masc,Sing,Inan,0.0924866678881719,NONE
",",PUNCT,,punct,,,,,0.3468333582868489,NONE
который,PRON,,nsubj:pass,Nom,,,,0.003966342268942,NONE
будет,AUX,,aux:pass,,,Sing,,-0.322022331905681,NONE
оспариваться,VERB,,acl:relcl,,,,,0.1569966304551107,NONE
в,ADP,,case,,,,,0.0508421845396838,NONE
период,NOUN,,obl,Acc,Masc,Sing,Inan,0.0271845722870166,NONE
с,ADP,,case,,,,,-0.1156219346031272,NONE
марта,NOUN,,nmod,Gen,Masc,Sing,Inan,0.0754875715161015,NONE
по,ADP,,case,,,,,0.1834202979560284,NONE
май,NOUN,,nmod,Acc,Masc,Sing,Inan,0.2024426279009986,NONE
2020,ADJ,,amod,,,,,0.1794213304695612,NONE
года,NOUN,,nmod,Gen,Masc,Sing,Inan,-0.0564644836430731,NONE
.,PUNCT,,punct,,,,,0.1672791318671775,NONE
Тем,PRON,,parataxis,Ins,Neut,Sing,Inan,-0.0020695890447099,NONE
не,PART,,fixed,,,,,0.1032805620083149,NONE
менее,ADV,,fixed,,,,,-0.0284608513800694,NONE
",",PUNCT,,punct,,,,,0.1155342651508692,NONE
это,PRON,,nsubj,Nom,Neut,Sing,Inan,0.0707570969531189,NONE
сюжет,NOUN,,root,Nom,Masc,Sing,Inan,0.0902108999272367,NONE
",",PUNCT,,punct,,,,,0.0890494271308298,NONE
достойный,ADJ,,amod,Nom,Masc,Sing,,0.003061051619058,NONE
одноактной,ADJ,,amod,Gen,Fem,Sing,,0.0101822221280815,NONE
пьесы,NOUN,,obl,Gen,Fem,Sing,Inan,0.0608639362018098,NONE
",",PUNCT,,punct,,,,,0.1454331052139263,NONE
и,CCONJ,,cc,,,,,0.1771501234685161,NONE
",",PUNCT,,punct,,,,,0.2748722420104501,NONE
возможно,ADV,,parataxis,,,,,0.1067174415158844,NONE
",",PUNCT,,punct,,,,,0.2252414679466608,NONE
не,PART,,advmod,,,,,0.0522032802479626,NONE
один,NUM,,conj,Nom,Masc,,,-0.0002435165097047,NONE
из,ADP,,case,,,,,0.0625771284926023,NONE
тех,DET,,det,Gen,,Plur,,0.0651456767641584,NONE
веселых,ADJ,,nmod,Gen,,Plur,,0.0728741068026488,NONE
",",PUNCT,,punct,,,,,0.2422580970260029,NONE
успокаивающих,VERB,,conj,Gen,,Plur,,0.1349711098549939,NONE
",",PUNCT,,punct,,,,,0.0366464859331077,NONE
в,ADP,,case,,,,,0.091543346625698,NONE
которых,PRON,,obl,Loc,,Plur,,-0.0821775173156345,NONE
Королева,PROPN,,nsubj:pass,Nom,Fem,Sing,Anim,0.0138583889508287,PER
изображается,VERB,,acl:relcl,,,Sing,,0.178265387101516,NONE
как,SCONJ,,case,,,,,-0.04696191058798,NONE
бесконечно,ADV,,advmod,,,,,0.0468316763530996,NONE
мудрая,ADJ,,amod,Nom,Fem,Sing,,0.1197590024758407,NONE
и,CCONJ,,cc,,,,,-0.0082944795677115,NONE
проницательная,ADJ,,conj,Nom,Fem,Sing,,0.1579871601683029,NONE
старая,ADJ,,amod,Nom,Fem,Sing,,0.02462248955472,NONE
леди,NOUN,,obl,Nom,Fem,Sing,Anim,0.1181383060607279,NONE
",",PUNCT,,punct,,,,,0.1307038879903362,NONE
которая,PRON,,nsubj,Nom,Fem,Sing,,0.0191985159020535,NONE
видела,VERB,,acl:relcl,,Fem,Sing,,-0.0892612027451293,NONE
",",PUNCT,,punct,,,,,0.0289386729651049,NONE
как,SCONJ,,mark,,,,,-0.1012271140038577,NONE
приходили,VERB,,ccomp,,,Plur,,-0.1406893220015402,NONE
и,CCONJ,,cc,,,,,-0.0616691549694552,NONE
уходили,VERB,,conj,,,Plur,,-0.1098968844106214,NONE
13,NUM,,nummod:gov,,,,,-0.1110317467208466,NONE
премьер-министров,NOUN,,nsubj,Gen,Masc,Plur,Anim,0.1807024522989405,NONE
",",PUNCT,,punct,,,,,0.0960406703771459,NONE
и,CCONJ,,cc,,,,,0.0136980259615145,NONE
",",PUNCT,,punct,,,,,0.1275783054333658,NONE
несомненно,ADV,,parataxis,,,,,-0.1033706404600019,NONE
",",PUNCT,,punct,,,,,0.1447220287495132,NONE
переживет,VERB,,conj,,,Sing,,0.2479945853410249,NONE
14-го,ADJ,,obj,Acc,Masc,Sing,Anim,0.097161635733375,NONE
.,PUNCT,,punct,,,,,-0.0768062642427747,NONE
Несмотря,ADV,,case,,,,,-0.6101688091006039,NONE
на,ADP,,fixed,,,,,-0.0237511717309545,NONE
его,DET,,det,,,,,-0.0563316623720272,NONE
предполагаемое,VERB,,amod,Acc,Neut,Sing,,0.1603189859737052,NONE
улучшение,NOUN,,obl,Acc,Neut,Sing,Inan,-0.0944093530765519,NONE
",",PUNCT,,punct,,,,,0.1837799342789051,NONE
все,PART,,advmod,,,,,0.3268670159751206,NONE
еще,ADV,,advmod,,,,,0.0962510706355878,NONE
существует,VERB,,root,,,Sing,,0.0101492300799682,NONE
риск,NOUN,,nsubj,Nom,Masc,Sing,Inan,0.071595139186411,NONE
повторного,ADJ,,amod,Gen,Neut,Sing,,0.0290452752950312,NONE
нарушения,NOUN,,nmod,Gen,Neut,Sing,Inan,-0.0380495666629218,NONE
.,PUNCT,,punct,,,,,0.0034682530164986,NONE
Возмещение,NOUN,,nsubj,Nom,Neut,Sing,Inan,0.2769333285023679,NONE
НЕ,PART,,advmod,,,,,0.1436284708761381,NONE
распространяется,VERB,,root,,,Sing,,0.1044383168981639,NONE
на,ADP,,case,,,,,0.1384429016617988,NONE
любые,DET,,det,Acc,,Plur,,-0.1098235181460529,NONE
повреждения,NOUN,,obl,Acc,Neut,Plur,Inan,0.0495165978097998,NONE
",",PUNCT,,punct,,,,,-0.4306075871630334,NONE
вызванные,VERB,,acl,Acc,,Plur,Inan,0.1922222989481684,NONE
вирусами,NOUN,,obl,Ins,Masc,Plur,Inan,0.4268690874078041,NONE
.,PUNCT,,punct,,,,,0.5665703877890366,NONE
Шведский,ADJ,,amod,Nom,Masc,Sing,,0.0623401181530881,NONE
боец,NOUN,,nsubj,Nom,Masc,Sing,Anim,-0.0523315301143698,NONE
без,ADP,,case,,,,,0.1002476838449452,NONE
колебаний,NOUN,,obl,Gen,Neut,Plur,Inan,-0.0315443552564832,NONE
выиграл,VERB,,root,,Masc,Sing,,-0.0906896699722526,NONE
",",PUNCT,,punct,,,,,0.0537305888814823,NONE
пометив,VERB,,advcl,,,,,0.1019235962470648,NONE
оппонента,NOUN,,obj,Acc,Masc,Sing,Anim,0.0394179262018125,NONE
правой,ADJ,,amod,Ins,Fem,Sing,,0.1137662211252472,NONE
рукой,NOUN,,obl,Ins,Fem,Sing,Inan,0.0126353145711423,NONE
",",PUNCT,,punct,,,,,0.1456102851938592,NONE
прежде,ADV,,mark,,,,,-0.0265773798671216,NONE
чем,SCONJ,,fixed,,,,,-0.1223590806933316,NONE
продолжить,VERB,,advcl,,,,,-0.0532550857836276,NONE
серию,NOUN,,obj,Acc,Fem,Sing,Inan,0.1046388276213312,NONE
ударов,NOUN,,nmod,Gen,Masc,Plur,Inan,-0.0178823770447852,NONE
в,ADP,,case,,,,,-0.1552277356146735,NONE
спину,NOUN,,nmod,Acc,Fem,Sing,Inan,0.2596960073707565,NONE
Коррейе,PROPN,,nmod,Gen,Masc,Sing,Anim,0.5003423430647753,PER
против,ADP,,case,,,,,-0.00370397794117,NONE
клетки,NOUN,,nmod,Gen,Fem,Sing,Inan,-0.0680047051918967,NONE
.,PUNCT,,punct,,,,,0.2309912017298343,NONE
Согласно,ADP,,case,,,,,0.4923406641945677,NONE
CoreLogic,PROPN,,parataxis,,,,,0.0510638024354521,NONE
",",PUNCT,,punct,,,,,0.0441144365212098,NONE
с,ADP,,case,,,,,0.0324907810838194,NONE
2015,ADJ,,amod,,,,,0.1436068669984502,NONE
года,NOUN,,obl,Gen,Masc,Sing,Inan,-0.1977993227619336,NONE
в,ADP,,case,,,,,0.0158491983882485,NONE
Трионе,PROPN,,obl,Loc,Masc,Sing,Inan,-0.0524529231205568,LOC
не,PART,,advmod,,,,,0.1429697016221091,NONE
было,VERB,,root,,Neut,Sing,,0.1227523942323005,NONE
продажи,NOUN,,nsubj,Gen,Fem,Sing,Inan,0.3959494657026001,NONE
дома,NOUN,,nmod,Gen,Masc,Sing,Inan,-0.0035328281966682,NONE
.,PUNCT,,punct,,,,,0.315371396395404,NONE
Министр,NOUN,,nsubj,Nom,Masc,Sing,Anim,0.0662632255621501,NONE
экономики,NOUN,,nmod,Gen,Fem,Sing,Inan,-0.1015140365664655,NONE
Фиона,PROPN,,appos,Nom,Fem,Sing,Anim,0.088154346815862,PER
Хислоп,PROPN,,flat:name,Nom,Fem,Sing,Anim,0.0773762737641924,PER
заявила,VERB,,root,,Fem,Sing,,-0.0553392635963725,NONE
",",PUNCT,,punct,,,,,0.0538828997837152,NONE
что,SCONJ,,mark,,,,,-0.0522549265466993,NONE
пандемия,NOUN,,nsubj,Nom,Fem,Sing,Inan,-0.0115773974539129,NONE
коронавируса,NOUN,,nmod,Gen,Masc,Sing,Inan,0.079825826025193,NONE
оказала,VERB,,ccomp,,Fem,Sing,,-0.1365719916861568,NONE
"""",PUNCT,,punct,,,,,0.2139359223223798,NONE
"""",PUNCT,,punct,,,,,0.0466218081307055,NONE
разрушительное,ADJ,,amod,Acc,Neut,Sing,,0.2386736257328137,NONE
воздействие,NOUN,,obj,Acc,Neut,Sing,Inan,-0.0254431697185756,NONE
"""",PUNCT,,punct,,,,,0.0287851272852676,NONE
"""",PUNCT,,punct,,,,,0.0504495336689298,NONE
на,ADP,,case,,,,,-0.0990042524669777,NONE
сектор,NOUN,,nmod,Acc,Masc,Sing,Inan,0.0358984014689379,NONE
.,PUNCT,,punct,,,,,0.1375636054512361,NONE
"""",PUNCT,,root,,,,,-0.0164794143880241,NONE
GOOGLE,PROPN,,nsubj,,,,,-0.008464039796051,ORG
удалил,VERB,,root,,Masc,Sing,,-0.0077258595188309,NONE
по,ADP,,advmod,,,,,-0.0233634923839613,NONE
крайней,ADJ,,fixed,Dat,Fem,Sing,,-0.0095948769521403,NONE
мере,NOUN,,fixed,Dat,Fem,Sing,Inan,0.0793316301618348,NONE
46,NUM,,nummod,,,,,0.0647149826127054,NONE
Android,PROPN,,obl,,,,,-0.0087596624940451,NONE
приложений,NOUN,,nmod,Gen,Neut,Plur,Inan,0.065578171605431,NONE
",",PUNCT,,punct,,,,,0.1400068682293543,NONE
используемых,VERB,,acl,Gen,,Plur,,0.0437025025707578,NONE
миллионами,NOUN,,obl,Ins,Masc,Plur,Inan,0.0333047163055157,NONE
из,ADP,,case,,,,,0.0298610696092737,NONE
своего,DET,,det,Gen,Masc,Sing,,-0.0816115803729844,NONE
магазина,NOUN,,obl,Gen,Masc,Sing,Inan,0.0172940922580277,NONE
Play,PROPN,,flat:foreign,,,,,-0.0010164468027944,ORG
и,CCONJ,,cc,,,,,0.0143493250354076,NONE
",",PUNCT,,punct,,,,,0.1241064364448519,NONE
как,SCONJ,,mark,,,,,0.0702321159387122,NONE
сообщается,VERB,,parataxis,,,Sing,,0.1554693988137238,NONE
",",PUNCT,,punct,,,,,0.0679620489679295,NONE
не,PART,,advmod,,,,,0.0350140878693275,NONE
скажет,VERB,,conj,,,Sing,,-0.024882663829174,NONE
",",PUNCT,,punct,,,,,0.0789676101234931,NONE
почему,ADV,,advmod,,,,,-0.0338649427590254,NONE
.,PUNCT,,punct,,,,,-0.8564731481637162,NONE
Он,PRON,,nsubj,Nom,Masc,Sing,,0.1325991374578978,NONE
отметил,VERB,,root,,Masc,Sing,,-0.0407270740870748,NONE
",",PUNCT,,punct,,,,,0.3805551191323935,NONE
что,SCONJ,,mark,,,,,-0.0468588320508028,NONE
до,ADP,,case,,,,,-0.0794346088135722,NONE
90%,NUM,,nummod,,,,,-0.0626960095361832,NONE
всех,DET,,det,Gen,,Plur,,-0.2306357070840254,NONE
российских,ADJ,,amod,Gen,,Plur,,-0.1501904764948663,NONE
инвестиций,NOUN,,nmod,Gen,Fem,Plur,Inan,-0.1770759976128954,NONE
в,ADP,,case,,,,,-0.1653587620977389,NONE
арабский,ADJ,,amod,Acc,Masc,Sing,Inan,0.0393752167220481,NONE
мир,NOUN,,nmod,Acc,Masc,Sing,Inan,0.0307527866131807,NONE
осуществляется,VERB,,ccomp,,,Sing,,-0.04364944869892,NONE
в,ADP,,case,,,,,-0.2316866457652352,NONE
ОАЭ,PROPN,,obl,Loc,Masc,Sing,Inan,0.1633165696459794,LOC
.,PUNCT,,punct,,,,,0.5053811046053288,NONE
Вот,PART,,advmod,,,,,-0.8041062792671534,NONE
куда,ADV,,advmod,,,,,-0.104108617322756,NONE
ты,PRON,,nsubj,Nom,,Sing,,-0.022494952982812,NONE
входишь,VERB,,root,,,Sing,,0.2802341300226056,NONE
.,PUNCT,,punct,,,,,0.4688493622787121,NONE
Будет,AUX,,aux,,,Sing,,-0.0056280702446019,NONE
ли,PART,,advmod,,,,,-0.1307909127776912,NONE
он,PRON,,nsubj,Nom,Masc,Sing,,0.0277062314139401,NONE
говорить,VERB,,root,,,,,-0.0150920443739463,NONE
",",PUNCT,,punct,,,,,0.1404770522953758,NONE
что,SCONJ,,mark,,,,,-0.0581341176497735,NONE
мы,PRON,,nsubj,Nom,,Plur,,-0.0471030094203832,NONE
должны,ADJ,,ccomp,,,Plur,,0.0657856710050802,NONE
покинуть,VERB,,xcomp,,,,,0.220848421562431,NONE
ЕС,PROPN,,obj,Acc,Masc,Sing,Inan,-0.0485766017473808,LOC
и,CCONJ,,cc,,,,,0.0288021239584322,NONE
присоединиться,VERB,,conj,,,,,-0.0634118717930575,NONE
к,ADP,,case,,,,,-0.0778623874921342,NONE
ЕЭП,PROPN,,obl,Dat,Fem,Sing,Inan,0.0507617432546647,NONE
",",PUNCT,,punct,,,,,-0.0147337770175458,NONE
чтобы,SCONJ,,mark,,,,,-0.0267079443346127,NONE
противостоять,VERB,,advcl,,,,,0.11461634703379,NONE
этим,DET,,det,Dat,,Plur,,-0.0102960655160623,NONE
48,NUM,,nummod,,,,,0.1315287110690768,NONE
процентам,NOUN,,iobj,Dat,Masc,Plur,Inan,0.0425679144880937,NONE
?,PUNCT,,punct,,,,,0.7802333751733549,NONE
Это,PRON,,nsubj,Nom,Neut,Sing,Inan,0.0007090081846551,NONE
тренировочная,ADJ,,amod,Nom,Fem,Sing,,0.0201222532771615,NONE
техника,NOUN,,root,Nom,Fem,Sing,Inan,-0.0420104795625354,NONE
",",PUNCT,,punct,,,,,0.061932674451933,NONE
используемая,VERB,,acl,Nom,Fem,Sing,,0.1130832366815128,NONE
для,ADP,,case,,,,,-0.1080204569917329,NONE
создания,NOUN,,obl,Gen,Neut,Sing,Inan,-0.0500817393923094,NONE
иллюзии,NOUN,,nmod,Gen,Fem,Sing,Inan,-0.0129534382489099,NONE
древних,ADJ,,amod,Gen,,Plur,,0.1208051432155932,NONE
деревьев,NOUN,,nmod,Gen,Neut,Plur,Inan,0.0178892405657791,NONE
на,ADP,,case,,,,,0.0121152068758062,NONE
далеких,ADJ,,amod,Loc,,Plur,,0.0830467539940574,NONE
горных,ADJ,,amod,Loc,,Plur,,0.0488519967866902,NONE
вершинах,NOUN,,nmod,Loc,Fem,Plur,Inan,0.137446822067797,NONE
.,PUNCT,,punct,,,,,0.6319332990031344,NONE
Защитите,VERB,,root,,,Plur,,-0.0076262625129423,NONE
то,PRON,,obj,Acc,Neut,Sing,Inan,0.0748936688347852,NONE
",",PUNCT,,punct,,,,,0.404298471215692,NONE
что,PRON,,nsubj,Nom,,,,0.3612035983781662,NONE
имеет,VERB,,acl,,,Sing,,-0.0148275682977368,NONE
значение,NOUN,,obj,Acc,Neut,Sing,Inan,0.1754952271675749,NONE
",",PUNCT,,punct,,,,,0.2994121907887778,NONE
с,ADP,,case,,,,,-0.0026962256408544,NONE
помощью,NOUN,,fixed,Ins,Fem,Sing,Inan,0.0016755616628179,NONE
первоклассной,ADJ,,amod,Gen,Fem,Sing,,0.126339349240936,NONE
службы,NOUN,,obl,Gen,Fem,Sing,Inan,0.0800777790158021,NONE
безопасности,NOUN,,nmod,Gen,Fem,Sing,Inan,0.3854235672025321,NONE
Натяжные,ADJ,,amod,Nom,,Plur,,-0.0122642527951366,NONE
полосы,NOUN,,nsubj,Nom,Fem,Plur,Inan,0.1369833368662817,NONE
",",PUNCT,,punct,,,,,0.0640633920593392,NONE
также,ADV,,obl,,,,,-0.2298321017073563,NONE
известные,ADJ,,amod,Nom,,Plur,,0.0779048054503067,NONE
как,SCONJ,,mark,,,,,0.0058054200297235,NONE
кольца,NOUN,,obl,Nom,Neut,Plur,Inan,0.074830574128174,NONE
пениса,NOUN,,nmod,Gen,Masc,Sing,Inan,-0.0151299461556323,NONE
",",PUNCT,,punct,,,,,0.158640956308503,NONE
помогают,VERB,,root,,,Plur,,-0.1560232795862022,NONE
поддерживать,VERB,,xcomp,,,,,-0.067179863662149,NONE
эрекцию,NOUN,,obj,Acc,Fem,Sing,Inan,0.1463611882588051,NONE
после,ADP,,case,,,,,0.2080924090040559,NONE
того,PRON,,obl,Gen,Neut,Sing,Inan,0.1893210209573896,NONE
",",PUNCT,,punct,,,,,0.1592130730514785,NONE
как,SCONJ,,mark,,,,,0.0689113213972892,NONE
она,PRON,,nsubj:pass,Nom,Fem,Sing,,0.0962740517679562,NONE
была,AUX,,aux:pass,,Fem,Sing,,-0.079228551354761,NONE
достигнута,VERB,,acl,,Fem,Sing,,-0.071484389388403,NONE
с,ADP,,case,,,,,0.1057914367873477,NONE
помощью,NOUN,,fixed,Ins,Fem,Sing,Inan,-0.5695857096311601,NONE
насоса,NOUN,,obl,Gen,Masc,Sing,Inan,0.0654624157942879,NONE
.,PUNCT,,punct,,,,,0.277006379631561,NONE
Это,PRON,,nsubj,Nom,Neut,Sing,Inan,-0.2245628396092534,NONE
также,ADV,,advmod,,,,,0.0452266207387833,NONE
приводит,VERB,,root,,,Sing,,0.1406943105387178,NONE
к,ADP,,case,,,,,-0.0677091395935328,NONE
ужасному,ADJ,,amod,Dat,Masc,Sing,,0.7490080314953623,NONE
UX,PROPN,,obl,,,,,0.4202704850435942,NONE
.,PUNCT,,punct,,,,,0.2749781702658038,NONE
«Чарли,NOUN,,nsubj,Nom,Fem,Sing,Inan,0.1685913113506629,PER
-,PUNCT,,punct,,,,,0.4756377772750519,NONE
отличный,ADJ,,amod,Nom,Masc,Sing,,0.1078373700579709,NONE
выбор»,NOUN,,root,Nom,Masc,Sing,Inan,-0.0117095192318144,NONE
",",PUNCT,,punct,,,,,0.2275732550001839,NONE
-,PUNCT,,punct,,,,,0.230836414388574,NONE
сказал,VERB,,parataxis,,Masc,Sing,,0.0787151573274326,NONE
Даймон,PROPN,,nsubj,Nom,Masc,Sing,Anim,0.1913668814906997,PER
в,ADP,,case,,,,,0.4387320327581869,NONE
своем,DET,,det,Loc,Neut,Sing,,0.2266514941909258,NONE
заявлении,NOUN,,obl,Loc,Neut,Sing,Inan,0.1761892030079019,NONE
.,PUNCT,,punct,,,,,0.3516072341583666,NONE
На,ADP,,case,,,,,-0.0499221717037041,NONE
изображении,NOUN,,obl,Loc,Neut,Sing,Inan,0.0124181400764754,NONE
",",PUNCT,,punct,,,,,0.0724700602582139,NONE
предоставленном,VERB,,acl,Loc,Neut,Sing,,0.0543398031515082,NONE
Sunday,PROPN,,flat:foreign,,,,,-0.0029900278834236,ORG
Mirror,PROPN,,flat:foreign,,,,,-0.0081099900721238,ORG
",",PUNCT,,punct,,,,,0.0330408884393226,NONE
Джонсон,PROPN,,nsubj:pass,Nom,Masc,Sing,Anim,0.0230921448187566,PER
изображен,VERB,,root,,Masc,Sing,,0.0285505553282639,NONE
с,ADP,,case,,,,,0.0136924726760637,NONE
двумя,NUM,,nummod,Ins,,,,0.0019214123109321,NONE
помощниками,NOUN,,obl,Ins,Masc,Plur,Anim,0.0418234056336376,NONE
в,ADP,,case,,,,,0.1000587190706813,NONE
мишуре,NOUN,,nmod,Loc,Fem,Sing,Inan,0.0151008409828722,NONE
и,CCONJ,,cc,,,,,0.0153963879949025,NONE
в,ADP,,case,,,,,-0.0309236834331719,NONE
шапке,NOUN,,conj,Loc,Fem,Sing,Inan,-0.0009455002678616,NONE
Санты,PROPN,,nmod,Gen,Fem,Sing,Inan,0.1631794139502881,PER
",",PUNCT,,punct,,,,,0.072473974131846,NONE
которые,PRON,,nsubj:pass,Nom,,,,-0.0468765954692768,NONE
не,PART,,advmod,,,,,-0.020154382011099,NONE
дистанцируются,VERB,,acl:relcl,,,Plur,,0.0163281895309816,NONE
друг,NOUN,,obl,Nom,Masc,Sing,Anim,-0.0219933442473432,NONE
от,ADP,,case,,,,,-0.0189309554716742,NONE
друга,NOUN,,fixed,Gen,Masc,Sing,Anim,-0.0219568928753915,NONE
в,ADP,,case,,,,,-0.0693704615098163,NONE
социальном,ADJ,,amod,Loc,Masc,Sing,,-0.0015468443776506,NONE
плане,NOUN,,obl,Loc,Masc,Sing,Inan,0.0388107154226382,NONE
и,CCONJ,,cc,,,,,-0.0151020363898705,NONE
явно,ADV,,advmod,,,,,0.056393412281242,NONE
заняты,VERB,,conj,,,Plur,,0.0394429649034006,NONE
общим,ADJ,,amod,Ins,Neut,Sing,,0.0005109955028239,NONE
делом,NOUN,,obl,Ins,Neut,Sing,Inan,0.0344309076131229,NONE
",",PUNCT,,punct,,,,,0.1345023487569345,NONE
одновременно,ADV,,advmod,,,,,-0.0402683345577451,NONE
ведя,VERB,,advcl,,,,,0.1449675712949362,NONE
разные,ADJ,,amod,Acc,,Plur,Inan,-0.0239597155626097,NONE
хозяйства,NOUN,,obj,Acc,Neut,Plur,Inan,-0.0202881235036981,NONE
.,PUNCT,,punct,,,,,0.8862977946847269,NONE
В,ADP,,cc,,,,,0.1803982874183969,NONE
то,DET,,fixed,Acc,Neut,Sing,Inan,-0.1103372344430949,NONE
время,NOUN,,fixed,Acc,Neut,Sing,Inan,0.0155468094190838,NONE
как,SCONJ,,fixed,,,,,-0.0049128135753377,NONE
продолжаются,VERB,,advcl,,,Plur,,-0.1217465543733858,NONE
ожесточенные,ADJ,,amod,Nom,,Plur,,-0.0038099407753259,NONE
столкновения,NOUN,,nsubj,Nom,Neut,Plur,Inan,0.1273746043866263,NONE
между,ADP,,case,,,,,0.0936489182401776,NONE
правоохранительными,ADJ,,amod,Ins,,Plur,,0.2792149954041669,NONE
органами,NOUN,,nmod,Ins,Masc,Plur,Inan,0.2232039462490169,NONE
и,CCONJ,,cc,,,,,-0.0143856490498599,NONE
протестующими,VERB,,conj,Ins,,Plur,,0.3326642932908341,NONE
в,ADP,,case,,,,,0.2723995291603601,NONE
Портленде,PROPN,,obl,Loc,Masc,Sing,Inan,0.0345733220302869,LOC
и,CCONJ,,cc,,,,,-0.0006481320632802,NONE
по,ADP,,case,,,,,-0.165175377282475,NONE
всей,DET,,det,Dat,Fem,Sing,,-0.0918516493665287,NONE
стране,NOUN,,conj,Dat,Fem,Sing,Inan,-0.0441122635625131,NONE
",",PUNCT,,punct,,,,,0.140970821370009,NONE
ведутся,VERB,,root,,,Plur,,-0.0097917801789692,NONE
дебаты,NOUN,,nsubj:pass,Nom,Masc,Plur,Inan,0.0342335703336163,NONE
о,ADP,,case,,,,,-0.0697363068611082,NONE
том,PRON,,nmod,Loc,Neut,Sing,Inan,-0.1283900366710282,NONE
",",PUNCT,,punct,,,,,0.2638044390281106,NONE
как,ADV,,advmod,,,,,0.2400955281389803,NONE
полиция,NOUN,,nsubj,Nom,Fem,Sing,Inan,0.2823717235081247,NONE
может,VERB,,acl,,,Sing,,0.0646247994153957,NONE
сократить,VERB,,xcomp,,,,,0.1531705394610108,NONE
применение,NOUN,,obj,Acc,Neut,Sing,Inan,-0.1514882604874734,NONE
смертоносной,ADJ,,amod,Gen,Fem,Sing,,0.10540290633486,NONE
силы,NOUN,,nmod,Gen,Fem,Sing,Inan,-0.0156482085618191,NONE
.,PUNCT,,punct,,,,,-0.2013721283616559,NONE
Это,PRON,,nsubj,Nom,Neut,Sing,Inan,0.0660135020277608,NONE
не,PART,,advmod,,,,,-0.4569499832921432,NONE
первая,ADJ,,amod,Nom,Fem,Sing,,0.1334332457183562,NONE
попытка,NOUN,,root,Nom,Fem,Sing,Inan,0.0945161074152235,NONE
привлечь,VERB,,obl,,,,,0.1733140352869048,NONE
французский,ADJ,,amod,Acc,Masc,Sing,Inan,0.4215101655030416,NONE
бизнес,NOUN,,obj,Acc,Masc,Sing,Inan,0.1559652874891641,NONE
к,ADP,,case,,,,,0.1446941224280742,NONE
ответственности,NOUN,,obl,Dat,Fem,Sing,Inan,0.1196447216755517,NONE
за,ADP,,case,,,,,0.0472632395734967,NONE
нарушения,NOUN,,nmod,Acc,Neut,Plur,Inan,0.0149632662310645,NONE
прав,NOUN,,nmod,Gen,Neut,Plur,Inan,-0.0311778471067294,NONE
",",PUNCT,,punct,,,,,0.4058609165409174,NONE
совершенные,VERB,,acl,Acc,,Plur,Inan,0.0759254955994597,NONE
за,ADP,,advmod,,,,,0.1227467958077248,NONE
рубежом,NOUN,,fixed,Ins,Masc,Sing,Inan,0.2979258271676511,NONE
.,PUNCT,,punct,,,,,0.2777513721622364,NONE
Лестер,PROPN,,nsubj,Nom,Masc,Sing,Anim,0.0139520947231979,LOC
счастлив,ADJ,,root,,Masc,Sing,,0.1635723499503246,NONE
попасть,VERB,,xcomp,,,,,0.2030108127828274,NONE
в,ADP,,case,,,,,0.0191523445898196,NONE
цель,NOUN,,obl,Acc,Fem,Sing,Inan,0.1439697547672846,NONE
европейского,ADJ,,amod,Gen,Masc,Sing,,0.2066811699684944,NONE
футбола,NOUN,,nmod,Gen,Masc,Sing,Inan,-0.1805844838498771,NONE
",",PUNCT,,punct,,,,,0.4950101124833526,NONE
говорит,VERB,,parataxis,,,Sing,,0.0186334370551114,NONE
победитель,NOUN,,nsubj,Nom,Masc,Sing,Anim,0.0329536253809917,NONE
«Золотой,ADJ,,amod,Gen,Fem,Sing,,0.1881614660739124,NONE
бутсы»,NOUN,,nmod,Gen,Fem,Sing,Inan,0.0435378146737489,NONE
Джейми,PROPN,,appos,Nom,Masc,Sing,Anim,0.0910112123163403,PER
Варди,PROPN,,flat:name,Nom,Masc,Sing,Anim,-0.090643785292436,PER
Любой,DET,,nsubj,Nom,Masc,Sing,,0.2943189512858822,NONE
",",PUNCT,,punct,,,,,0.0316475165067828,NONE
у,ADP,,case,,,,,-0.0559076391596874,NONE
кого,PRON,,obl,Gen,,,,-0.0863453344616631,NONE
есть,VERB,,acl:relcl,,,Sing,,-0.244714126368652,NONE
какая-либо,DET,,det,Nom,Fem,Sing,,-0.1326380977356107,NONE
информация,NOUN,,nsubj,Nom,Fem,Sing,Inan,-0.0279832183713471,NONE
",",PUNCT,,punct,,,,,0.0847484618620518,NONE
должен,ADJ,,root,,Masc,Sing,,0.035489402920507,NONE
позвонить,VERB,,xcomp,,,,,0.0719701938080299,NONE
по,ADP,,case,,,,,0.0682557896176337,NONE
номеру,NOUN,,obl,Dat,Masc,Sing,Inan,0.0413075450681796,NONE
101,NUM,,nummod:entity,,,,,0.0079068663477136,NONE
",",PUNCT,,punct,,,,,0.466032111420361,NONE
сославшись,VERB,,advcl,,,,,0.2751209276418281,NONE
на,ADP,,case,,,,,-0.0680893496692589,NONE
справочный,ADJ,,amod,Acc,Masc,Sing,Inan,-0.0399645258811414,NONE
номер,NOUN,,obl,Acc,Masc,Sing,Inan,0.0381457912861722,NONE
3643,NUM,,nummod:entity,,,,,0.0823976680882226,NONE
10/12/21,NUM,,nummod:entity,,,,,0.0865400499613644,NONE
.,PUNCT,,punct,,,,,0.2508818271933383,NONE
Сара,PROPN,,nsubj,Nom,Fem,Sing,Anim,0.0262338974200181,PER
Ривест,PROPN,,appos,Nom,Fem,Sing,Anim,0.1791728468197916,PER
вспомнила,VERB,,root,,Fem,Sing,,-0.0246990915110895,NONE
попытку,NOUN,,obj,Acc,Fem,Sing,Inan,-0.0580413762706257,NONE
объятия,NOUN,,nmod,Gen,Neut,Sing,Inan,-0.0367884044412234,NONE
мужчины,NOUN,,nmod,Gen,Masc,Sing,Anim,-0.0011493543505865,NONE
во,ADP,,case,,,,,-0.0672215315152337,NONE
время,NOUN,,fixed,Acc,Neut,Sing,Inan,0.0733903844788307,NONE
репортажа,NOUN,,obl,Gen,Masc,Sing,Inan,0.0569183010556882,NONE
о,ADP,,case,,,,,0.0429960851015363,NONE
фестивале,NOUN,,nmod,Loc,Masc,Sing,Inan,0.0306757264166647,NONE
бурбонов,NOUN,,nmod,Gen,Masc,Plur,Inan,0.1433341350204665,NONE
в,ADP,,case,,,,,0.0739767316361414,NONE
Луисвилле,PROPN,,nmod,Loc,Masc,Sing,Inan,0.0903845842341575,LOC
",",PUNCT,,punct,,,,,0.1513382334075686,NONE
штат,NOUN,,appos,Nom,Masc,Sing,Inan,0.0910563465747825,NONE
Кентукки,PROPN,,appos,Gen,Fem,Sing,Inan,0.0306015402335178,LOC
",",PUNCT,,punct,,,,,0.2115235439949372,NONE
в,ADP,,case,,,,,0.0457763788500468,NONE
среду,NOUN,,obl,Acc,Fem,Sing,Inan,0.0352845463220009,NONE
.,PUNCT,,punct,,,,,0.7188109893830655,NONE
В,ADP,,case,,,,,-0.2207065457403264,NONE
районе,NOUN,,obl,Loc,Masc,Sing,Inan,-0.1234818686042219,NONE
теперь,ADV,,advmod,,,,,-0.117018860119319,NONE
удивительно,ADV,,advmod,,,,,-0.0946354910614189,NONE
тихо,ADJ,,root,,Neut,Sing,,0.1199819868640924,NONE
.,PUNCT,,punct,,,,,0.7624055826780661,NONE
Джейми,PROPN,,nsubj,Nom,Masc,Sing,Anim,-0.0087424782346887,PER
Варди,PROPN,,appos,Nom,Masc,Sing,Anim,-0.0198028574329364,PER
признал,VERB,,root,,Masc,Sing,,-0.0004697910445582,NONE
свое,DET,,det,Acc,Neut,Sing,,-0.0219516041142619,NONE
разочарование,NOUN,,obj,Acc,Neut,Sing,Inan,0.0040607395970395,NONE
в,ADP,,case,,,,,0.002305436014801,NONE
связи,NOUN,,fixed,Loc,Fem,Sing,Inan,0.0075080304577047,NONE
с,ADP,,fixed,,,,,-0.000756441042189,NONE
пропуском,NOUN,,obl,Ins,Masc,Sing,Inan,-0.0081282767284434,NONE
футбола,NOUN,,nmod,Gen,Masc,Sing,Inan,0.0367620938148634,NONE
Лиги,PROPN,,nmod,Gen,Fem,Sing,Inan,0.045930709426789,NONE
чемпионов,NOUN,,nmod,Gen,Masc,Plur,Anim,0.0043751674376106,NONE
",",PUNCT,,punct,,,,,-0.1601880410751704,NONE
но,CCONJ,,cc,,,,,0.9437570881916733,NONE
сказал,VERB,,conj,,Masc,Sing,,-0.0339455687091864,NONE
",",PUNCT,,punct,,,,,0.0034338222060611,NONE
что,SCONJ,,mark,,,,,-0.0101429970828245,NONE
Лестер,PROPN,,nsubj,Nom,Masc,Sing,Inan,-0.0161223802423512,PER
Сити,PROPN,,flat:name,Nom,Masc,Sing,Inan,-0.0308040842350091,PER
достиг,VERB,,ccomp,,Masc,Sing,,-0.0063646063587841,NONE
своей,DET,,det,Gen,Fem,Sing,,0.0177554159596154,NONE
цели,NOUN,,obl,Gen,Fem,Sing,Inan,0.0104274005198415,NONE
раннего,ADJ,,amod,Gen,Masc,Sing,,-0.0059340389890184,NONE
сезона,NOUN,,nmod,Gen,Masc,Sing,Inan,-0.0089635320042818,NONE
квалификации,NOUN,,nmod,Gen,Fem,Sing,Inan,-0.0279699558358736,NONE
за,ADP,,case,,,,,-0.025351711471365,NONE
Европу,PROPN,,nmod,Acc,Fem,Sing,Inan,-0.0109778636858563,LOC
.,PUNCT,,punct,,,,,-0.0064203203206013,NONE
Сайт,NOUN,,nsubj,Nom,Masc,Sing,Inan,0.5862259417109238,NONE
Ballie,PROPN,,flat:foreign,,,,,0.0419972418658914,ORG
Ballerson,PROPN,,flat:foreign,,,,,-0.0055809116696593,ORG
",",PUNCT,,punct,,,,,-0.0963489047591149,NONE
принадлежащий,VERB,,acl,Nom,Masc,Sing,,0.0179840180186495,NONE
Shoreditch,PROPN,,flat:foreign,,,,,0.0441062199969958,ORG
",",PUNCT,,punct,,,,,0.0577419155961434,NONE
быстро,ADV,,advmod,,,,,0.1102616806787888,NONE
стал,VERB,,root,,Masc,Sing,,0.0297938758574728,NONE
фаворитом,NOUN,,obl,Ins,Masc,Sing,Anim,0.1138937376176446,NONE
у,ADP,,case,,,,,-0.0083833274233096,NONE
лондонцев,NOUN,,nmod,Gen,Masc,Plur,Anim,0.078368206154031,NONE
после,ADP,,case,,,,,0.1106754729074212,NONE
открытия,NOUN,,obl,Gen,Neut,Sing,Inan,0.0987685092977038,NONE
в,ADP,,case,,,,,0.1442132722467649,NONE
2016,ADJ,,amod,,,,,-0.0189937197103297,NONE
году,NOUN,,nmod,Loc,Masc,Sing,Inan,-0.0085259025473266,NONE
.,PUNCT,,punct,,,,,-0.4008442586107874,NONE
Он,PRON,,nsubj,Nom,Masc,Sing,,0.1041878650195193,NONE
может,VERB,,root,,,Sing,,-0.0415719063946652,NONE
похвастаться,VERB,,xcomp,,,,,0.1602142472346661,NONE
крупнейшей,ADJ,,amod,Ins,Fem,Sing,,0.1427135034871537,NONE
в,ADP,,case,,,,,0.1459680109717111,NONE
мире,NOUN,,nmod,Loc,Masc,Sing,Inan,0.1707985513875421,NONE
постоянной,ADJ,,amod,Ins,Fem,Sing,,0.1330196107406283,NONE
ямой,NOUN,,obl,Ins,Fem,Sing,Inan,0.0672902001151021,NONE
для,ADP,,case,,,,,0.1624033447759179,NONE
шариков,NOUN,,nmod,Gen,Masc,Plur,Anim,0.1587134109290255,NONE
.,PUNCT,,punct,,,,,-0.1165404878852882,NONE
Тем,PRON,,discourse,Ins,Neut,Sing,Inan,-0.4611470727145833,NONE
не,PART,,fixed,,,,,0.1237665514131317,NONE
менее,ADV,,fixed,,,,,0.0250385831694778,NONE
",",PUNCT,,punct,,,,,0.0584308943576017,NONE
сейчас,ADV,,advmod,,,,,-0.0085203475074403,NONE
яростная,ADJ,,amod,Nom,Fem,Sing,,0.011565045355595,NONE
мечта,NOUN,,nsubj,Nom,Fem,Sing,Inan,0.0167273452041914,NONE
Англии,PROPN,,nmod,Gen,Fem,Sing,Inan,0.0011651754322333,LOC
о,ADP,,case,,,,,0.0639194221633543,NONE
славном,ADJ,,amod,Loc,Neut,Sing,,0.0047653780916584,NONE
прошлом,NOUN,,nmod,Loc,Neut,Sing,Inan,-0.0075332658237635,NONE
",",PUNCT,,punct,,,,,0.0870880311030165,NONE
просочившаяся,VERB,,acl,Nom,Fem,Sing,,0.0653987715529757,NONE
сквозь,ADP,,case,,,,,0.0740543183289988,NONE
слои,NOUN,,obl,Acc,Masc,Plur,Inan,0.0403983141843738,NONE
лжи,NOUN,,nmod,Gen,Fem,Sing,Inan,-0.0454528765106072,NONE
и,CCONJ,,cc,,,,,0.037135106600859,NONE
заблуждений,NOUN,,conj,Gen,Neut,Plur,Inan,0.0293741380785025,NONE
XXI,ADJ,,amod,,,,,0.0649009359477223,NONE
века,NOUN,,nmod,Gen,Masc,Sing,Inan,-0.0048364109225725,NONE
",",PUNCT,,punct,,,,,0.0317588009876789,NONE
начинает,VERB,,root,,,Sing,,-0.0365514521809953,NONE
формировать,VERB,,xcomp,,,,,-0.0074708752136599,NONE
все,DET,,det,Acc,Neut,Sing,,0.0680794316204221,NONE
наше,DET,,det,Acc,Neut,Sing,,4.182033164927905,NONE
будущее,NOUN,,obj,Acc,Neut,Sing,Inan,0.0048230238067039,NONE
на,ADP,,case,,,,,-0.0273357821927759,NONE
этих,DET,,det,Loc,,Plur,,-0.0310345875874223,NONE
островах,NOUN,,obl,Loc,Masc,Plur,Inan,0.1612699290022175,NONE
;,PUNCT,,punct,,,,,0.017972977980065,NONE
и,CCONJ,,cc,,,,,-0.0707953841053938,NONE
нам,PRON,,iobj,Dat,,Plur,,0.0636001704284188,NONE
всем,DET,,det,Dat,,Plur,,0.013962657431513,NONE
придется,VERB,,conj,,,Sing,,0.0038250153983724,NONE
жить,VERB,,csubj,,,,,-0.0122849033564743,NONE
в,ADP,,case,,,,,-0.057127367805503,NONE
этом,DET,,det,Loc,Masc,Sing,,-0.0931071809838158,NONE
ландшафте,NOUN,,obl,Loc,Masc,Sing,Inan,0.0320767579911189,NONE
мечты,NOUN,,nmod,Gen,Fem,Sing,Inan,0.0224621106549419,NONE
или,CCONJ,,cc,,,,,0.0812527646714652,NONE
кошмара,NOUN,,conj,Gen,Masc,Sing,Inan,0.0326379183699737,NONE
",",PUNCT,,punct,,,,,0.1087483474301599,NONE
пока,SCONJ,,mark,,,,,-9.72716907631429,NONE
мы,PRON,,nsubj,Nom,,Plur,,0.0564283460454902,NONE
не,PART,,advmod,,,,,0.0647065665764879,NONE
найдем,VERB,,advcl,,,Plur,,0.053045395923066,NONE
свои,DET,,det,Acc,,Plur,,0.0005930976959534,NONE
собственные,ADJ,,amod,Acc,,Plur,Inan,-0.0139304437596745,NONE
пути,NOUN,,obj,Acc,Masc,Plur,Inan,0.0582300436776018,NONE
-,PUNCT,,punct,,,,,0.0759385688808006,NONE
с,ADP,,case,,,,,0.0401653172449199,NONE
королевой,NOUN,,parataxis,Ins,Fem,Sing,Anim,0.0162814494257897,NONE
или,CCONJ,,cc,,,,,0.0197557834085123,NONE
без,ADP,,case,,,,,0.1451363634756813,NONE
нее,PRON,,conj,Gen,Fem,Sing,,0.0111057124137182,NONE
",",PUNCT,,punct,,,,,0.0869537875255272,NONE
а,CCONJ,,cc,,,,,-0.0510611968908472,NONE
также,PART,,fixed,,,,,0.0089472327570405,NONE
внутри,ADV,,conj,,,,,0.0044428973558853,NONE
или,CCONJ,,cc,,,,,0.0399732498231901,NONE
за,ADP,,case,,,,,0.0159917171934583,NONE
пределами,NOUN,,conj,Ins,Masc,Plur,Inan,0.0216807698367836,NONE
Великобритании,PROPN,,nmod,Gen,Fem,Sing,Inan,0.0244882453136365,LOC
-,PUNCT,,punct,,,,,0.052181822476441,NONE
сопротивляться,VERB,,xcomp,,,,,0.1516659426575287,NONE
лжи,NOUN,,iobj,Dat,Fem,Sing,Inan,0.1094500302620219,NONE
",",PUNCT,,punct,,,,,0.0338691142256621,NONE
отвергать,VERB,,conj,,,,,0.3670123796335098,NONE
иллюзии,NOUN,,obj,Acc,Fem,Plur,Inan,0.0705760502452418,NONE
и,CCONJ,,cc,,,,,0.0287611521547852,NONE
собираться,VERB,,conj,,,,,0.0366603036447964,NONE
вместе,ADV,,advmod,,,,,-0.0548902834354406,NONE
",",PUNCT,,punct,,,,,-0.0399516166051513,NONE
чтобы,SCONJ,,mark,,,,,0.0720491544795861,NONE
вернуться,VERB,,advcl,,,,,0.0801824716453159,NONE
к,ADP,,case,,,,,-0.0011146432874423,NONE
реальности,NOUN,,obl,Dat,Fem,Sing,Inan,-0.0060644985982934,NONE
нашей,DET,,det,Gen,Fem,Sing,,-0.0186324100694136,NONE
жизни,NOUN,,nmod,Gen,Fem,Sing,Inan,0.0130611176739854,NONE
",",PUNCT,,punct,,,,,-0.0055060034095782,NONE
как,SCONJ,,mark,,,,,0.1438795044351313,NONE
граждане,NOUN,,advcl,Nom,Masc,Plur,Anim,0.1886267579245501,NONE
XXI,ADJ,,amod,,,,,-0.0246706949658273,NONE
века,NOUN,,nmod,Gen,Masc,Sing,Inan,0.0250204255306582,NONE
.,PUNCT,,punct,,,,,-0.4891062456627068,NONE
Шаг,NOUN,,root,Nom,Masc,Sing,Inan,0.1460632391058184,NONE
4:,NUM,,nummod:entity,,,,,0.0815765074445044,NONE
Пройдитесь,VERB,,parataxis,,,Plur,,0.1344436540097974,NONE
по,ADP,,case,,,,,-0.0966604488970886,NONE
всему,DET,,det,Dat,Masc,Sing,,-0.1348777757142502,NONE
магазину,NOUN,,obl,Dat,Masc,Sing,Inan,0.0728192246957665,NONE
и,CCONJ,,cc,,,,,-0.1383948971898896,NONE
заставьте,VERB,,conj,,,Plur,,0.069801813534928,NONE
всех,DET,,det,Acc,,Plur,,-0.0416753368426265,NONE
несотрудников,NOUN,,obj,Acc,Masc,Plur,Anim,0.099240495774441,NONE
покинуть,VERB,,xcomp,,,,,-0.0141125262329724,NONE
помещение,NOUN,,obj,Acc,Neut,Sing,Inan,0.1794008374891106,NONE
.,PUNCT,,punct,,,,,0.5076510498854155,NONE
ИСЛАМАБАД,NOUN,,root,Nom,Masc,Sing,Inan,0.0271660283583229,LOC
.,PUNCT,,punct,,,,,0.0867281871826781,NONE
В,ADP,,case,,,,,-0.0064487782283004,NONE
сообщении,NOUN,,obl,Loc,Neut,Sing,Inan,0.063027769310171,NONE
ООН,PROPN,,nmod,Gen,Fem,Sing,Inan,-0.1070179827942253,ORG
говорится,VERB,,root,,,Sing,,-0.2236047183215319,NONE
",",PUNCT,,punct,,,,,0.0822020335476624,NONE
что,SCONJ,,mark,,,,,0.3627483534878614,NONE
в,ADP,,case,,,,,0.0134722009780689,NONE
Афганистане,PROPN,,obl,Loc,Masc,Sing,Inan,0.0812764554183846,LOC
скрываются,VERB,,ccomp,,,Plur,,-0.0096248701410041,NONE
более,ADV,,nsubj,,,,,-0.0015548176377367,NONE
6000,NUM,,nummod,,,,,-0.0060168755562154,NONE
пакистанских,ADJ,,amod,Gen,,Plur,,-0.0167524570189596,NONE
повстанцев,NOUN,,obl,Gen,Masc,Plur,Anim,-0.0262333687654323,NONE
",",PUNCT,,punct,,,,,-0.0582332355634932,NONE
большинство,NOUN,,nsubj,Nom,Neut,Sing,Inan,-0.0568076306015361,NONE
из,ADP,,case,,,,,-0.0753699178078512,NONE
которых,PRON,,nmod,Gen,,,,-0.047539563457947,NONE
принадлежат,VERB,,acl:relcl,,,Plur,,0.1419575247414081,NONE
к,ADP,,case,,,,,-0.0244351103711079,NONE
запрещенной,VERB,,amod,Dat,Fem,Sing,,-0.0271178439268617,NONE
пакистанской,ADJ,,amod,Dat,Fem,Sing,,0.0101785328138793,NONE
группировке,NOUN,,obl,Dat,Fem,Sing,Inan,-0.0028670952583527,NONE
«Талибан»,NOUN,,appos,Nom,Masc,Sing,Inan,0.0950076517873766,ORG
",",PUNCT,,punct,,,,,-0.0642730218400865,NONE
ответственной,ADJ,,amod,Dat,Fem,Sing,,0.0109674410241555,NONE
за,ADP,,case,,,,,-0.0266848667413773,NONE
нападения,NOUN,,obl,Acc,Neut,Plur,Inan,0.0024554899432438,NONE
на,ADP,,case,,,,,0.018893223949017,NONE
пакистанские,ADJ,,amod,Acc,,Plur,Inan,0.0034941438558923,NONE
военные,ADJ,,amod,Acc,,Plur,Inan,-0.0400457997430612,NONE
и,CCONJ,,cc,,,,,-0.0425786461852618,NONE
гражданские,ADJ,,conj,Acc,,Plur,Inan,0.0880456776367121,NONE
объекты,NOUN,,nmod,Acc,Masc,Plur,Inan,-0.0619005377833505,NONE
.,PUNCT,,punct,,,,,-0.2431266376802266,NONE
О,ADP,,case,,,,,0.9603589567469,NONE
пожаре,NOUN,,obl,Loc,Masc,Sing,Inan,0.0748770304897046,NONE
Карен,PROPN,,nmod,Gen,Fem,Sing,Anim,0.077341826654227,PER
сообщили,VERB,,root,,,Plur,,-0.0025130583106256,NONE
сразу,ADV,,obl,,,,,-0.1103894188280344,NONE
после,ADP,,case,,,,,-0.0468873712138481,NONE
15:00,NUM,,obl,,,,,0.0256052953431137,NONE
на,ADP,,case,,,,,-0.0558643481112676,NONE
Сьерра-авеню,PROPN,,amod,Acc,Fem,Sing,Inan,0.1018686916955585,LOC
и,CCONJ,,cc,,,,,-0.0235913751393422,NONE
Карен-лейн,NOUN,,conj,Acc,Masc,Sing,Inan,0.0704723454316967,LOC
.,PUNCT,,punct,,,,,0.0308639514035007,NONE
«Если,SCONJ,,mark,,,,,0.0344491036276581,NONE
все,DET,,det,Nom,,Plur,,-0.130419168027369,NONE
эти,DET,,det,Nom,,Plur,,0.0816066802430223,NONE
идеи,NOUN,,nsubj,Nom,Fem,Plur,Inan,0.1232808976520995,NONE
],PUNCT,,punct,,,,,-0.038401673275621,NONE
невозможны,ADJ,,advcl,,,Plur,,0.1146173020249862,NONE
",",PUNCT,,punct,,,,,0.0950836445604576,NONE
мы,PRON,,nsubj,Nom,,Plur,,0.0444722162868158,NONE
полагаем,VERB,,root,,,Plur,,0.1352364371249806,NONE
",",PUNCT,,punct,,,,,-0.2916071847272774,NONE
что,SCONJ,,mark,,,,,-0.398643862255969,NONE
ответчику,NOUN,,iobj,Dat,Masc,Sing,Anim,-0.0030559224252933,NONE
поручили,VERB,,ccomp,,,Plur,,0.2048137974562322,NONE
выполнить,VERB,,xcomp,,,,,-0.038908395873457,NONE
эту,DET,,det,Acc,Fem,Sing,,-0.0217879854631299,NONE
важную,ADJ,,amod,Acc,Fem,Sing,,0.2209015426505338,NONE
обязанность,NOUN,,obj,Acc,Fem,Sing,Inan,0.0555421740781968,NONE
заново,ADV,,advmod,,,,,-0.0170822832968589,NONE
запустить,VERB,,obl,,,,,0.106840563376669,NONE
всю,DET,,det,Acc,Fem,Sing,,0.0057282374396852,NONE
систему»,NOUN,,obj,Acc,Fem,Sing,Inan,0.097179134748139,NONE
",",PUNCT,,punct,,,,,0.0371750873251585,NONE
-,PUNCT,,punct,,,,,0.1950059306029835,NONE
сказал,VERB,,parataxis,,Masc,Sing,,0.0187410296454439,NONE
он,PRON,,nsubj,Nom,Masc,Sing,,0.3016105984008084,NONE
.,PUNCT,,punct,,,,,-0.2644443410916266,NONE
Карен,PROPN,,nsubj,Nom,Fem,Sing,Anim,0.2592952428079884,PER
Пенс,PROPN,,appos,Nom,Fem,Sing,Anim,0.0172008824673846,PER
",",PUNCT,,punct,,,,,-0.0208435341666007,NONE
жена,NOUN,,appos,Nom,Fem,Sing,Anim,-0.1433832114245271,NONE
вице-президента,NOUN,,nmod,Gen,Masc,Sing,Anim,0.0444905576977026,NONE
Майка,PROPN,,appos,Gen,Masc,Sing,Anim,0.0250167984518482,PER
Пенса,PROPN,,flat:name,Gen,Masc,Sing,Anim,-0.0416432706427119,PER
",",PUNCT,,punct,,,,,0.1077047726563473,NONE
по,ADP,,case,,,,,0.0245201635326109,NONE
сообщениям,NOUN,,parataxis,Dat,Neut,Plur,Inan,0.1369139921399693,NONE
",",PUNCT,,punct,,,,,0.1722678347453076,NONE
была,AUX,,cop,,Fem,Sing,,-0.1411182326569425,NONE
«,PUNCT,,punct,,,,,0.076022833143102,NONE
живой,ADJ,,root,Ins,Fem,Sing,,0.2331811645120436,NONE
»,PUNCT,,punct,,,,,0.0841797087901272,NONE
об,ADP,,case,,,,,0.2115754663616001,NONE
этой,DET,,det,Loc,Fem,Sing,,0.186008590133017,NONE
печально,ADV,,advmod,,,,,0.0571972927829799,NONE
известной,ADJ,,amod,Loc,Fem,Sing,,0.1059052432286295,NONE
ленте,NOUN,,obl,Loc,Fem,Sing,Inan,0.1689898346977481,NONE
«,PUNCT,,punct,,,,,-0.1386454703133224,NONE
Доступ,NOUN,,appos,Nom,Masc,Sing,Inan,0.2178995872998199,NONE
Голливуда,PROPN,,nmod,Gen,Masc,Sing,Inan,0.0748589669294654,NONE
»,PUNCT,,punct,,,,,-0.1488039541472898,NONE
",",PUNCT,,punct,,,,,0.1833733585106442,NONE
которая,PRON,,nsubj,Nom,Fem,Sing,,0.2504702209394991,NONE
появилась,VERB,,acl:relcl,,Fem,Sing,,0.2236836825957329,NONE
за,ADP,,case,,,,,0.0222190698008765,NONE
месяц,NOUN,,obl,Acc,Masc,Sing,Inan,-0.2113215988830241,NONE
до,ADP,,case,,,,,-0.0471286990271484,NONE
президентских,ADJ,,amod,Gen,,Plur,,0.1713303512188171,NONE
выборов,NOUN,,nmod,Gen,Masc,Plur,Inan,0.072218704084536,NONE
2016,ADJ,,amod,,,,,0.3783278656869425,NONE
года,NOUN,,nmod,Gen,Masc,Sing,Inan,0.1180037501494424,NONE
.,PUNCT,,punct,,,,,-0.2029878763075603,NONE
Несколько,NUM,,nummod:gov,Acc,,,Inan,-0.3854781297023757,NONE
лет,NOUN,,obl:tmod,Gen,Masc,Plur,Inan,-0.0448218348500559,NONE
назад,ADV,,advmod,,,,,-0.1672088062722533,NONE
я,PRON,,nsubj,Nom,,Sing,,-0.0614226649860223,NONE
работал,VERB,,root,,Masc,Sing,,-0.2578596673514221,NONE
в,ADP,,case,,,,,-0.1271970104941318,NONE
кабинете,NOUN,,obl,Loc,Masc,Sing,Inan,0.0897918040557976,NONE
магазина,NOUN,,nmod,Gen,Masc,Sing,Inan,0.2085159571939085,NONE
.,PUNCT,,punct,,,,,0.4247122947192624,NONE
Короче,ADV,,advmod,,,,,0.0172264836053776,NONE
говоря,VERB,,parataxis,,,,,-0.0662588291826289,NONE
",",PUNCT,,punct,,,,,0.0743733389961006,NONE
она,PRON,,nsubj,Nom,Fem,Sing,,-0.1411888805764238,NONE
возвращается,VERB,,root,,,Sing,,0.2155217952096774,NONE
к,ADP,,case,,,,,0.0512209961195692,NONE
кассе,NOUN,,obl,Dat,Fem,Sing,Inan,0.1696086296842149,NONE
",",PUNCT,,punct,,,,,0.3087093061097304,NONE
но,CCONJ,,cc,,,,,0.1991109813237188,NONE
идет,VERB,,conj,,,Sing,,0.1580572137812718,NONE
к,ADP,,case,,,,,0.1022508287274074,NONE
другой,ADJ,,amod,Dat,Fem,Sing,,0.144830063516255,NONE
очереди,NOUN,,obl,Dat,Fem,Sing,Inan,-0.2693946681238846,NONE
.,PUNCT,,punct,,,,,-0.0716746283531788,NONE
Если,SCONJ,,mark,,,,,-0.0590535150985669,NONE
суд,NOUN,,nsubj,Nom,Masc,Sing,Inan,0.010847522361689,NONE
примет,VERB,,advcl,,,Sing,,-0.043768419850582,NONE
решение,NOUN,,obj,Acc,Neut,Sing,Inan,-0.0910253531839179,NONE
в,ADP,,case,,,,,0.0146274686894674,NONE
пользу,NOUN,,nmod,Acc,Fem,Sing,Inan,-0.1188190640616957,NONE
г-на,NOUN,,nmod,Gen,Masc,Sing,Anim,0.003475474303288,NONE
Пилота,PROPN,,appos,Gen,Masc,Sing,Anim,0.266367435547621,PER
",",PUNCT,,punct,,,,,0.0020493792520958,NONE
Конгресс,PROPN,,nsubj,Nom,Masc,Sing,Inan,0.0939715401999826,ORG
может,VERB,,root,,,Sing,,0.0361997859010161,NONE
проиграть,VERB,,xcomp,,,,,0.1283941640948185,NONE
второе,ADJ,,obj,Acc,Neut,Sing,,0.2817968335107389,NONE
из,ADP,,case,,,,,-0.0894977115610019,NONE
трех,NUM,,nummod,Gen,,,,0.008753861437547,NONE
правительств,NOUN,,nmod,Gen,Neut,Plur,Inan,-0.0144983243814633,NONE
",",PUNCT,,punct,,,,,0.0613453851974852,NONE
которые,PRON,,obj,Acc,,,,-0.2781687304598284,NONE
он,PRON,,nsubj,Nom,Masc,Sing,,-0.0123130426652409,NONE
сформировал,VERB,,acl:relcl,,Masc,Sing,,-0.0494947656905934,NONE
в,ADP,,case,,,,,0.0151163136051569,NONE
центральных,ADJ,,amod,Loc,,Plur,,-0.1136952827868766,NONE
штатах,NOUN,,obl,Loc,Masc,Plur,Inan,0.0665876176290507,NONE
после,ADP,,case,,,,,-0.094269049770567,NONE
выборов,NOUN,,obl,Gen,Masc,Plur,Inan,0.0413028625309221,NONE
в,ADP,,case,,,,,0.6098421769637858,NONE
ассамблею,NOUN,,nmod,Acc,Fem,Sing,Inan,0.0838385760436239,NONE
2018,ADJ,,amod,,,,,-0.316959029015638,NONE
года,NOUN,,nmod,Gen,Masc,Sing,Inan,-0.0231697309979499,NONE
.,PUNCT,,punct,,,,,-0.3001006198891817,NONE
После,ADP,,case,,,,,0.4757206468331306,NONE
федеральных,ADJ,,amod,Gen,,Plur,,0.1904580063608329,NONE
выборов,NOUN,,obl,Gen,Masc,Plur,Inan,0.2144173781841593,NONE
",",PUNCT,,punct,,,,,0.2877287075750852,NONE
рекордно,ADV,,obl,,,,,0.1605512052314372,NONE
низких,ADJ,,amod,Gen,,Plur,,0.0778569646603364,NONE
процентных,ADJ,,amod,Gen,,Plur,,-0.0777247609305895,NONE
ставок,NOUN,,conj,Gen,Fem,Plur,Inan,-0.0154711399018336,NONE
и,CCONJ,,cc,,,,,0.1171500308796329,NONE
ослабления,NOUN,,conj,Gen,Neut,Sing,Inan,0.1853456066846489,NONE
требований,NOUN,,nmod,Gen,Neut,Plur,Inan,-0.0366697339897715,NONE
к,ADP,,case,,,,,-0.082029712900423,NONE
кредитованию,NOUN,,nmod,Dat,Neut,Sing,Inan,0.0334103558797447,NONE
рынок,NOUN,,nsubj,Nom,Masc,Sing,Inan,0.1097096284697955,NONE
Сиднея,PROPN,,nmod,Gen,Masc,Sing,Inan,0.1464361359961229,LOC
получил,VERB,,root,,Masc,Sing,,0.0237123606380178,NONE
множество,NOUN,,obj,Acc,Neut,Sing,Inan,-0.0343905403695991,NONE
неоднозначных,ADJ,,amod,Gen,,Plur,,0.0142887368665207,NONE
результатов,NOUN,,nmod,Gen,Masc,Plur,Inan,0.0280106076806471,NONE
:,PUNCT,,punct,,,,,0.0725493378903392,NONE
многие,NUM,,amod,,,,,-0.0952513092028463,NONE
дома,NOUN,,nsubj,Nom,Masc,Plur,Inan,0.0105848405731274,NONE
продаются,VERB,,parataxis,,,Plur,,-0.1023597336211479,NONE
за,ADP,,case,,,,,0.0523051781509087,NONE
сотни,NOUN,,obl,Acc,Fem,Plur,Inan,0.0288226687020742,NONE
тысяч,NOUN,,nummod,Gen,Fem,Plur,Inan,0.0529826613965466,NONE
долларов,NOUN,,nmod,Gen,Masc,Plur,Inan,0.1494799066245133,NONE
выше,ADV,,advmod,,,,,-0.0761073259621661,NONE
резерва,NOUN,,obl,Gen,Masc,Sing,Inan,0.0329159482244894,NONE
",",PUNCT,,punct,,,,,0.1616674313554041,NONE
в,ADP,,cc,,,,,0.3499473481390178,NONE
то,DET,,fixed,Acc,Neut,Sing,Inan,0.0117630582132266,NONE
время,NOUN,,fixed,Acc,Neut,Sing,Inan,0.084777331345523,NONE
как,SCONJ,,fixed,,,,,0.0553459761697352,NONE
другие,ADJ,,nsubj,Nom,,Plur,,0.1656953886752882,NONE
только,PART,,advmod,,,,,0.0243949625069538,NONE
продаются,VERB,,advcl,,,Plur,,0.0642887423440329,NONE
.,PUNCT,,punct,,,,,-0.0002503412727851,NONE
Гебриды,NOUN,,nsubj:pass,Nom,Masc,Plur,Inan,0.390911169688631,LOC
и,CCONJ,,cc,,,,,-0.0268372806498698,NONE
западное,ADJ,,amod,Nom,Neut,Sing,,0.027196101616351,NONE
побережье,NOUN,,conj,Nom,Neut,Sing,Inan,0.1333730105706463,NONE
нагорья,NOUN,,nmod,Gen,Neut,Sing,Inan,-0.0120269922990378,NONE
и,CCONJ,,cc,,,,,-0.0693705665425143,NONE
части,NOUN,,conj,Nom,Fem,Plur,Inan,-0.0937396793201599,NONE
Аргайла,PROPN,,nmod,Gen,Masc,Sing,Inan,0.0954140920252196,LOC
и,CCONJ,,cc,,,,,0.0428207223300122,NONE
Бьюта,PROPN,,conj,Gen,Masc,Sing,Inan,0.2154444295262414,PER
были,AUX,,aux:pass,,,Plur,,0.1932551791629066,NONE
предупреждены,VERB,,root,,,Plur,,0.1136780677554284,NONE
",",PUNCT,,punct,,,,,0.5114770768902073,NONE
чтобы,SCONJ,,mark,,,,,0.0011914141865547,NONE
быть,AUX,,cop,,,,,-0.0020934390607033,NONE
готовыми,ADJ,,advcl,Ins,,Plur,,0.0703685399592554,NONE
к,ADP,,case,,,,,-0.0752130298142756,NONE
летающему,VERB,,amod,Dat,Masc,Sing,,0.022243105975162,NONE
мусору,NOUN,,obl,Dat,Masc,Sing,Inan,0.0824191956638524,NONE
",",PUNCT,,punct,,,,,0.1609988060918462,NONE
представляющему,VERB,,acl,Dat,Masc,Sing,,0.1343887492611314,NONE
«опасность,NOUN,,obj,Acc,Fem,Sing,Inan,0.1624028991111651,NONE
для,ADP,,case,,,,,0.1109610757465323,NONE
жизни»,NOUN,,nmod,Gen,Fem,Plur,Inan,-0.0287401924407285,NONE
и,CCONJ,,cc,,,,,-0.0970269751334413,NONE
наносящему,VERB,,conj,Dat,Masc,Sing,,0.0937597437466523,NONE
ущерб,NOUN,,obj,Acc,Masc,Sing,Inan,0.029347285632908,NONE
зданиям,NOUN,,iobj,Dat,Neut,Plur,Inan,-0.0132692828025664,NONE
.,PUNCT,,punct,,,,,-0.2089098905646733,NONE
Sailesh,PROPN,,root,,,,,0.6415784206046585,ORG
Mehta,PROPN,,flat:foreign,,,,,0.2855386866935434,ORG
",",PUNCT,,punct,,,,,-0.0886786810499912,NONE
судебное,ADJ,,amod,Nom,Neut,Sing,,0.0529119013030116,NONE
преследование,NOUN,,parataxis,Nom,Neut,Sing,Inan,0.0839141967701714,NONE
",",PUNCT,,punct,,,,,0.0061864783187301,NONE
сказал,VERB,,parataxis,,Masc,Sing,,-0.0196797418203911,NONE
загрязняющих,VERB,,amod,Acc,,Plur,Anim,0.0646199604837339,NONE
веществ,NOUN,,obj,Gen,Neut,Plur,Inan,-0.0001134810654868,NONE
можно,ADV,,advmod,,,,,0.0695752846642959,NONE
было,AUX,,cop,,Neut,Sing,,0.2611570758713284,NONE
увидеть,VERB,,csubj,,,,,0.1024079951865079,NONE
тыкать,VERB,,xcomp,,,,,0.306334859103101,NONE
из,ADP,,case,,,,,0.0029396223723001,NONE
тюков,NOUN,,obl,Gen,Masc,Plur,Inan,-0.0085735347491715,NONE
",",PUNCT,,punct,,,,,0.0803620867201995,NONE
которые,PRON,,nsubj:pass,Nom,,,,-0.0674944409210148,NONE
не,PART,,advmod,,,,,-0.0799475991265696,NONE
были,AUX,,aux:pass,,,Plur,,-0.0096127763668661,NONE
разбиты,VERB,,acl:relcl,,,Plur,,0.0900454378189868,NONE
инспекторами,NOUN,,obl,Ins,Masc,Plur,Anim,0.0077437415551008,NONE
.,PUNCT,,punct,,,,,-0.2227309364626988,NONE
Редактор,NOUN,,nsubj,Nom,Masc,Sing,Anim,0.4007032332424121,NONE
китайского,ADJ,,amod,Gen,Masc,Sing,,-0.0483829868142999,NONE
таблоида,NOUN,,nmod,Gen,Masc,Sing,Inan,0.0602853709672753,NONE
Global,PROPN,,flat:foreign,,,,,0.1314555329003235,ORG
Times,PROPN,,flat:foreign,,,,,0.0490994392993109,ORG
написал,VERB,,root,,Masc,Sing,,-0.1732074144570489,NONE
в,ADP,,case,,,,,-0.0114076970412103,NONE
Твиттере,PROPN,,obl,Loc,Masc,Sing,Inan,0.0564987149244857,ORG
",",PUNCT,,punct,,,,,0.2762089324365225,NONE
что,SCONJ,,mark,,,,,0.0214688820929694,NONE
консульству,NOUN,,iobj,Dat,Neut,Sing,Inan,-0.0075485216768763,NONE
США,PROPN,,nmod,Gen,,Plur,Inan,0.1266984765803747,LOC
в,ADP,,case,,,,,0.0456314510071997,NONE
Чэнду,PROPN,,nmod,Loc,Masc,Sing,Inan,0.0003619995854705,LOC
было,AUX,,aux:pass,,Neut,Sing,,0.0537173510691547,NONE
дано,VERB,,ccomp,,Neut,Sing,,0.0540432111849189,NONE
72,NUM,,nummod,,,,,-0.1330497175266854,NONE
часа,NOUN,,nsubj:pass,Gen,Masc,Sing,Inan,0.1834837115441649,NONE
на,ADP,,case,,,,,0.0363834118106455,NONE
закрытие,NOUN,,nmod,Acc,Neut,Sing,Inan,-0.0124174846266208,NONE
",",PUNCT,,punct,,,,,0.3116630079422542,NONE
или,CCONJ,,cc,,,,,-0.1366921403366747,NONE
до,ADP,,case,,,,,0.0300730038872826,NONE
10,NUM,,nummod,,,,,-0.1132363414311452,NONE
часов,NOUN,,conj,Gen,Masc,Plur,Inan,-0.0309381825884966,NONE
утра,NOUN,,nmod,Gen,Neut,Sing,Inan,-0.0160424543860137,NONE
(,PUNCT,,punct,,,,,-0.1587081128433491,NONE
0200,NUM,,parataxis,,,,,0.1651266945041382,NONE
по,ADP,,case,,,,,0.0566189356889891,NONE
Гринвичу,PROPN,,nmod,Dat,Masc,Sing,Inan,0.2220800063788471,LOC
),PUNCT,,punct,,,,,0.0828028480946431,NONE
понедельника,NOUN,,nmod,Gen,Masc,Sing,Inan,0.0072232403145504,NONE
",",PUNCT,,punct,,,,,0.32349801392539,NONE
27,NUM,,nmod,,,,,-0.1589360863249755,NONE
июля,NOUN,,flat,Gen,Masc,Sing,Inan,-0.0440183354247913,NONE
.,PUNCT,,punct,,,,,0.0681818148003608,NONE
Среди,ADP,,case,,,,,0.0216073525678581,NONE
тех,DET,,root,Gen,,Plur,,0.0332973965457193,NONE
",",PUNCT,,punct,,,,,0.0211313271087812,NONE
кто,PRON,,nsubj,Nom,,,,-0.0367111103892511,NONE
в,ADP,,advmod,,,,,0.0060171100318437,NONE
настоящее,ADJ,,fixed,Acc,Neut,Sing,Inan,-0.0112702567361831,NONE
время,NOUN,,fixed,Acc,Neut,Sing,Inan,-0.0241083019265397,NONE
находится,VERB,,acl:relcl,,,Sing,,-0.0589115830494865,NONE
в,ADP,,case,,,,,0.0038695014806785,NONE
Алжире,PROPN,,obl,Loc,Masc,Sing,Inan,0.0464351007493603,LOC
",",PUNCT,,punct,,,,,0.0242323285757582,NONE
Саид,PROPN,,nsubj,Nom,Masc,Sing,Anim,0.0499229158568925,PER
Бутефлика,PROPN,,flat:name,Nom,Masc,Sing,Anim,0.0468973888861737,PER
",",PUNCT,,punct,,,,,0.0152488703920366,NONE
а,CCONJ,,cc,,,,,0.0335814014531839,NONE
также,PART,,fixed,,,,,-0.0282262805860664,NONE
Луиза,PROPN,,conj,Nom,Fem,Sing,Anim,0.0690271773403386,PER
Ханун,PROPN,,flat:name,Nom,Fem,Sing,Anim,0.0432960796562045,PER
",",PUNCT,,punct,,,,,0.0363206351342316,NONE
глава,NOUN,,appos,Nom,Masc,Sing,Anim,0.0088725120265667,NONE
партии,NOUN,,nmod,Gen,Fem,Sing,Inan,0.0245824745832704,NONE
"""",PUNCT,,punct,,,,,0.0337784615149591,NONE
"""",PUNCT,,punct,,,,,0.0246280241113112,NONE
Юристы,NOUN,,appos,Nom,Masc,Plur,Anim,0.0219738633207319,NONE
за,ADP,,case,,,,,0.0415648508151023,NONE
трудящихся,NOUN,,nmod,Acc,Masc,Plur,Anim,-0.0071369010150115,NONE
"""",PUNCT,,punct,,,,,-0.0493524029706025,NONE
"""",PUNCT,,punct,,,,,0.0143018807314754,NONE
",",PUNCT,,punct,,,,,0.0118975015819795,NONE
и,CCONJ,,cc,,,,,-0.0149141711683306,NONE
два,NUM,,nummod:gov,Nom,Masc,,,-0.0317706744335715,NONE
шефа,NOUN,,conj,Gen,Masc,Sing,Anim,0.0452852616180098,NONE
разведки,NOUN,,nmod,Gen,Fem,Sing,Inan,0.0031132011805222,NONE
",",PUNCT,,punct,,,,,0.0094118533570472,NONE
генерал,NOUN,,appos,Nom,Masc,Sing,Anim,0.0047816487400241,NONE
Мохамед,PROPN,,appos,Nom,Masc,Sing,Anim,0.0621825880569779,PER
Медиен,PROPN,,flat:name,Nom,Masc,Sing,Anim,0.0331894601516232,PER
",",PUNCT,,punct,,,,,0.0340035422628019,NONE
возглавлявший,VERB,,acl,Nom,Masc,Sing,,0.015518942354808,NONE
секретную,ADJ,,amod,Acc,Fem,Sing,,0.0008653257339673,NONE
службу,NOUN,,obj,Acc,Fem,Sing,Inan,-0.0089195084797405,NONE
в,ADP,,case,,,,,0.0183118053497437,NONE
течение,NOUN,,fixed,Acc,Neut,Sing,Inan,0.0022829180009523,NONE
25,NUM,,nummod,,,,,0.0068061801789682,NONE
лет,NOUN,,obl,Gen,Masc,Plur,Inan,-0.0320353859184509,NONE
",",PUNCT,,punct,,,,,0.0126141243911443,NONE
и,CCONJ,,cc,,,,,0.0602282222049386,NONE
генерал,NOUN,,conj,Nom,Masc,Sing,Anim,-0.0553278938337259,NONE
Атман,PROPN,,appos,Nom,Masc,Sing,Anim,0.0332268296687603,PER
Тартаг,PROPN,,flat:name,Nom,Masc,Sing,Anim,0.0628375697242281,PER
",",PUNCT,,punct,,,,,0.0534406216681366,NONE
бывший,ADJ,,amod,Nom,Masc,Sing,,0.0019212892100819,NONE
шеф,NOUN,,appos,Nom,Masc,Sing,Anim,-0.0137866420319513,NONE
шпионажа,NOUN,,nmod,Gen,Masc,Sing,Inan,0.1198810389295127,NONE
.,PUNCT,,punct,,,,,-0.0479623172135393,NONE
"""",PUNCT,,root,,,,,-0.0522698843662005,NONE
Она,PRON,,nsubj,Nom,Fem,Sing,,-0.069342792046995,NONE
признала,VERB,,root,,Fem,Sing,,0.1342652116810045,NONE
",",PUNCT,,punct,,,,,0.0581881799362063,NONE
что,SCONJ,,mark,,,,,-0.6041402415555521,NONE
люди,NOUN,,nsubj,Nom,Masc,Plur,Anim,-0.2048796618170394,NONE
имели,VERB,,ccomp,,,Plur,,-0.0816106956187423,NONE
полное,ADJ,,amod,Acc,Neut,Sing,,-0.0780465936009239,NONE
право,NOUN,,obj,Acc,Neut,Sing,Inan,-0.1908848696211912,NONE
вести,VERB,,obl,,,,,0.1185598044178777,NONE
себя,PRON,,obj,Acc,,,,-0.0719001715163471,NONE
глупо,ADV,,advmod,,,,,0.0635956698015276,NONE
",",PUNCT,,punct,,,,,0.3023704097218779,NONE
когда,SCONJ,,mark,,,,,-0.2036533823568393,NONE
она,PRON,,nsubj,Nom,Fem,Sing,,-0.0428536722290387,NONE
снимала,VERB,,advcl,,Fem,Sing,,0.180298104763425,NONE
репортаж,NOUN,,obj,Acc,Masc,Sing,Inan,0.1820590652993398,NONE
из,ADP,,case,,,,,0.0469632568998123,NONE
общественного,ADJ,,amod,Gen,Neut,Sing,,-0.0112155974874084,NONE
места,NOUN,,obl,Gen,Neut,Sing,Inan,-0.0037143218169494,NONE
.,PUNCT,,punct,,,,,0.2129135676539673,NONE
Но,CCONJ,,cc,,,,,0.5163019980137982,NONE
только,PART,,advmod,,,,,-0.0570411645041482,NONE
обновление,NOUN,,nsubj,Nom,Neut,Sing,Inan,0.0701511619014339,NONE
есть,VERB,,root,,,Sing,,-0.2424061235786697,NONE
теперь,ADV,,advmod,,,,,-0.215600394821904,NONE
всадник,NOUN,,nsubj,Nom,Masc,Sing,Anim,-0.1237437079135805,NONE
",",PUNCT,,punct,,,,,-0.0470680833722249,NONE
который,PRON,,nsubj,Nom,Masc,Sing,,-0.3454451350460331,NONE
подтвердил,VERB,,acl:relcl,,Masc,Sing,,-0.1621741757908601,NONE
свое,DET,,det,Acc,Neut,Sing,,-0.0350386428310243,NONE
прибытие,NOUN,,obj,Acc,Neut,Sing,Inan,-0.0292896580937737,NONE
в,ADP,,case,,,,,0.1580927157549496,NONE
ресторан,NOUN,,nmod,Acc,Masc,Sing,Inan,0.0783665366703258,NONE
.,PUNCT,,punct,,,,,0.1920762343412878,NONE
В,ADP,,case,,,,,-0.3347057035370765,NONE
это,DET,,det,Acc,Neut,Sing,,0.2689268209995323,NONE
время,NOUN,,obl,Acc,Neut,Sing,Inan,-0.0027288599311433,NONE
Силы,PROPN,,nsubj,Nom,Fem,Plur,Inan,0.1078124293590528,ORG
обороны,NOUN,,nmod,Gen,Fem,Sing,Inan,0.0144331758140165,ORG
имеют,VERB,,root,,,Plur,,-0.1040410005643367,NONE
право,NOUN,,obj,Acc,Neut,Sing,Inan,-0.0526655803298159,NONE
потребовать,VERB,,acl,,,,,-0.0149387135845101,NONE
от,ADP,,case,,,,,0.0100599766694802,NONE
вас,PRON,,obl,Gen,,Plur,,0.0167726902100003,NONE
принять,VERB,,xcomp,,,,,0.0063901103660919,NONE
участие,NOUN,,obj,Acc,Neut,Sing,Inan,-0.0618713029031741,NONE
в,ADP,,case,,,,,0.0093569235311638,NONE
некоторых,DET,,det,Loc,,Plur,,-0.0708137274585807,NONE
военных,ADJ,,amod,Loc,,Plur,,0.0409761877117941,NONE
учениях,NOUN,,nmod,Loc,Neut,Plur,Inan,0.0646112117986913,NONE
один,NUM,,nummod,Acc,Masc,,Inan,-0.0695237632601107,NONE
или,CCONJ,,cc,,,,,0.082449661589017,NONE
два,NUM,,conj,Acc,Masc,,Inan,0.0187941549209047,NONE
раза,NOUN,,nmod,Gen,Masc,Sing,Inan,-0.0378922959245367,NONE
в,ADP,,case,,,,,-0.0231895284047675,NONE
год,NOUN,,nmod,Acc,Masc,Sing,Inan,0.244006233025735,NONE
в,ADP,,case,,,,,-0.0083222465262403,NONE
течение,NOUN,,fixed,Acc,Neut,Sing,Inan,-0.1047652382166988,NONE
примерно,ADV,,advmod,,,,,0.2594643671639973,NONE
2,NUM,,nummod,,,,,0.3199656514394488,NONE
недель,NOUN,,obl,Gen,Fem,Plur,Inan,-0.0992989197976123,NONE
в,ADP,,case,,,,,-0.063453421363435,NONE
году,NOUN,,nmod,Loc,Masc,Sing,Inan,0.0618905512988372,NONE
.,PUNCT,,punct,,,,,0.7061767165336184,NONE
Поэтому,ADV,,advmod,,,,,0.0146560564237187,NONE
мы,PRON,,nsubj,Nom,,Plur,,0.3475313718620993,NONE
можем,VERB,,root,,,Plur,,-0.30133558774921,NONE
отправить,VERB,,xcomp,,,,,0.1412466557236365,NONE
товар,NOUN,,obj,Acc,Masc,Sing,Inan,0.0464464665403147,NONE
сразу,ADV,,advmod,,,,,-0.1266361534083129,NONE
и,CCONJ,,cc,,,,,-0.3402753141615401,NONE
в,ADP,,case,,,,,0.0144253531473276,NONE
кратчайшие,ADJ,,amod,Acc,,Plur,Inan,-0.0846662802773342,NONE
сроки,NOUN,,conj,Acc,Masc,Plur,Inan,-0.0118319370065658,NONE
после,ADP,,case,,,,,-0.1781269951573628,NONE
его,PRON,,nmod,Gen,Masc,Sing,,-0.0795863560558615,NONE
приобретения,NOUN,,obl,Gen,Neut,Sing,Inan,0.1374117275457356,NONE
.,PUNCT,,punct,,,,,0.0232990519792053,NONE
Жаркое,ADJ,,amod,Nom,Neut,Sing,,0.6605628549869512,NONE
выступление,NOUN,,nsubj,Nom,Neut,Sing,Inan,-0.0413062968412455,NONE
бывшего,ADJ,,amod,Gen,Masc,Sing,,-0.0301158352725331,NONE
пресс-секретаря,NOUN,,nmod,Gen,Masc,Sing,Anim,0.0214698814111121,NONE
Сары,PROPN,,appos,Gen,Fem,Sing,Anim,0.0253728668651799,PER
Хакаби,PROPN,,flat:name,Gen,Fem,Sing,Anim,0.0477084560383369,PER
Сандерс,PROPN,,flat:name,Gen,Fem,Sing,Anim,0.053028510954408,PER
от,ADP,,case,,,,,-0.0112043129852643,NONE
комика,NOUN,,nmod,Gen,Masc,Sing,Anim,0.0592061336344884,NONE
Мишель,PROPN,,appos,Gen,Fem,Sing,Anim,0.0763899218167003,PER
Вольф,PROPN,,flat:name,Gen,Fem,Sing,Anim,-0.0001082720689893,PER
на,ADP,,case,,,,,-0.0111402023664813,NONE
ужине,NOUN,,nmod,Loc,Masc,Sing,Inan,0.0004395474260704,NONE
корреспондентов,NOUN,,nmod,Gen,Masc,Plur,Anim,0.6241298252954502,NONE
Белого,ADJ,,amod,Gen,Masc,Sing,,0.0379479873536357,LOC
дома,NOUN,,nmod,Gen,Masc,Sing,Inan,0.0428677636062903,LOC
в,ADP,,case,,,,,0.0115916153075788,NONE
апреле,NOUN,,nmod,Loc,Masc,Sing,Inan,0.0009714042425034,NONE
2018,ADJ,,amod,,,,,0.0206139698625465,NONE
года,NOUN,,nmod,Gen,Masc,Sing,Inan,-0.0396396795649907,NONE
было,AUX,,cop,,Neut,Sing,,-0.0083004282561958,NONE
настолько,ADV,,obl,,,,,-0.0001135815940079,NONE
жестоким,ADJ,,root,Ins,Neut,Sing,,-0.0180180315892769,NONE
",",PUNCT,,punct,,,,,0.0617704631078088,NONE
что,SCONJ,,mark,,,,,-0.0408514953490065,NONE
даже,PART,,advmod,,,,,-0.0331975227613391,NONE
ведущая,NOUN,,nsubj,Nom,Fem,Sing,Anim,0.0067092884390298,NONE
MSNBC,PROPN,,flat:foreign,,,,,0.0504167888108504,ORG
Мика,PROPN,,appos,Nom,Fem,Sing,Anim,0.0216609430954489,PER
Бжезински,PROPN,,flat:name,Nom,Fem,Sing,Anim,0.0141122999194572,PER
назвала,VERB,,advcl,,Fem,Sing,,-0.0012126558336868,NONE
его,PRON,,obj,Acc,Masc,Sing,,0.0592982404075956,NONE
"""",PUNCT,,punct,,,,,0.1074906928602261,NONE
"""",PUNCT,,punct,,,,,-0.0371027766574498,NONE
плачевным,ADJ,,obl,Ins,Neut,Sing,,0.0982450147644616,NONE
"""",PUNCT,,punct,,,,,0.0330704362966855,NONE
"""",PUNCT,,punct,,,,,0.0001154037114989,NONE
.,PUNCT,,punct,,,,,0.1468169264522361,NONE
"""",PUNCT,,root,,,,,-0.2167309133601091,NONE
Я,PRON,,nsubj,Nom,,Sing,,0.0221485384893887,NONE
из,ADP,,case,,,,,-0.1229517789713679,NONE
страны,NOUN,,root,Gen,Fem,Sing,Inan,0.1315230939498798,NONE
",",PUNCT,,punct,,,,,-0.0224028286631784,NONE
где,ADV,,advmod,,,,,-0.2461711624981052,NONE
воинская,ADJ,,amod,Nom,Fem,Sing,,0.0787251654731723,NONE
повинность,NOUN,,nsubj,Nom,Fem,Sing,Inan,-0.0491970416329094,NONE
обязательна,ADJ,,acl:relcl,,Fem,Sing,,0.1345890823435551,NONE
",",PUNCT,,punct,,,,,0.1143184354045529,NONE
и,CCONJ,,cc,,,,,0.0242969799238701,NONE
мне,PRON,,iobj,Dat,,Sing,,0.183652564713635,NONE
просто,PART,,advmod,,,,,-0.0209413672399691,NONE
интересно,ADJ,,conj,,Neut,Sing,,0.002638533529692,NONE
",",PUNCT,,punct,,,,,0.1166129612769542,NONE
как,ADV,,advmod,,,,,-0.1139054691121488,NONE
обстоят,VERB,,csubj,,,Plur,,0.1028277854335377,NONE
дела,NOUN,,nsubj,Nom,Neut,Plur,Inan,-0.0548733562544383,NONE
в,ADP,,case,,,,,0.3872997638847626,NONE
других,ADJ,,amod,Loc,,Plur,,-0.1381356938649648,NONE
странах,NOUN,,obl,Loc,Fem,Plur,Inan,-0.0660883974279288,NONE
.,PUNCT,,punct,,,,,-0.7120548366007191,NONE
«Что,PRON,,nsubj,Nom,,,,0.6820865345850822,NONE
там,ADV,,advmod,,,,,0.123599428567144,NONE
произошло,VERB,,root,,Neut,Sing,,-0.0720200377547309,NONE
?,PUNCT,,punct,,,,,0.0012971646994572,NONE
О,INTJ,,discourse,,,,,-0.008221689725652,NONE
",",PUNCT,,punct,,,,,0.0943795118056177,NONE
слово,NOUN,,parataxis,Nom,Neut,Sing,Inan,-0.0734965339473522,NONE
",",PUNCT,,punct,,,,,0.2551232662204081,NONE
—,PUNCT,,punct,,,,,-0.2952054736890426,NONE
прозвучали,VERB,,root,,,Plur,,0.2138471120751579,NONE
восклицания,NOUN,,nsubj,Nom,Neut,Plur,Inan,0.1659836157470456,NONE
группы,NOUN,,nmod,Gen,Fem,Sing,Inan,-0.0121888872646066,NONE
комментариев,NOUN,,nmod,Gen,Masc,Plur,Inan,0.0664178726018096,NONE
на,ADP,,case,,,,,-0.0539336848901898,NONE
ESPN,PROPN,,flat:foreign,,,,,-0.0173880892643031,ORG
+,SYM,,flat:foreign,,,,,-0.2126430530199143,ORG
.,PUNCT,,punct,,,,,-0.0453364060354151,NONE
Г-н,NOUN,,nsubj,Nom,Masc,Sing,Anim,0.1732004431439955,PER
Сингх,PROPN,,appos,Nom,Masc,Sing,Anim,0.0783106293750598,PER
заявил,VERB,,root,,Masc,Sing,,-0.0235826886854392,NONE
",",PUNCT,,punct,,,,,-0.065319442746336,NONE
что,SCONJ,,mark,,,,,-0.1547315995148777,NONE
необходимо,ADJ,,ccomp,,Neut,Sing,,-0.1499709641050364,NONE
народное,ADJ,,amod,Nom,Neut,Sing,,-0.0303032239656418,NONE
движение,NOUN,,nsubj,Nom,Neut,Sing,Inan,-0.0357911625225998,NONE
",",PUNCT,,punct,,,,,-0.0517384784431856,NONE
чтобы,SCONJ,,mark,,,,,-0.1657328168460845,NONE
добиться,VERB,,advcl,,,,,0.0254075344345626,NONE
принятия,NOUN,,obl,Gen,Neut,Sing,Inan,-0.0168759211723803,NONE
законодательства,NOUN,,nmod,Gen,Neut,Sing,Inan,-0.0872332238615457,NONE
о,ADP,,case,,,,,0.0666110631775435,NONE
контроле,NOUN,,nmod,Loc,Masc,Sing,Inan,0.0901420549879213,NONE
над,ADP,,case,,,,,0.0861348100798512,NONE
населением,NOUN,,nmod,Ins,Neut,Sing,Inan,0.0884444741835073,NONE
",",PUNCT,,punct,,,,,0.1275776126162049,NONE
добавив,VERB,,advcl,,,,,-0.001871614888444,NONE
",",PUNCT,,punct,,,,,-0.2806903820187756,NONE
что,SCONJ,,mark,,,,,-0.0330867943711568,NONE
он,PRON,,nsubj,Nom,Masc,Sing,,-0.0709865455343026,NONE
предпримет,VERB,,ccomp,,,Sing,,0.0480687472255081,NONE
такую,DET,,det,Acc,Fem,Sing,,-0.1203371398375962,NONE
ятру,NOUN,,obj,Acc,Fem,Sing,Inan,0.0924343109975217,NONE
",",PUNCT,,punct,,,,,0.0264404122864535,NONE
которая,PRON,,nsubj,Nom,,,,-0.0638532514324831,NONE
будет,AUX,,aux,,,Sing,,0.0274811668463725,NONE
проходить,VERB,,acl:relcl,,,,,-0.0767710449054704,NONE
от,ADP,,case,,,,,-0.0173067765980365,NONE
Меерута,PROPN,,obl,Gen,Masc,Sing,Inan,0.0120995904416332,LOC
до,ADP,,case,,,,,0.0920065593134525,NONE
Дели,PROPN,,nmod,Gen,Masc,Sing,Inan,-0.0085196573314444,LOC
в,ADP,,case,,,,,0.0680334622658343,NONE
течение,NOUN,,fixed,Acc,Neut,Sing,Inan,0.0072888866897452,NONE
11-13,NUM,,obl,,,,,0.0284902610223313,NONE
октября,NOUN,,flat,Gen,Masc,Sing,Inan,-0.0513975107982853,NONE
.,PUNCT,,punct,,,,,0.785566029125342,NONE
Родители,NOUN,,nsubj:pass,Nom,Masc,Plur,Anim,-0.0132370934954305,NONE
арестованы,VERB,,root,,,Plur,,0.0590426057274012,NONE
в,ADP,,case,,,,,0.0169388942211455,NONE
подозрительной,ADJ,,amod,Loc,Fem,Sing,,-0.0274422715518665,NONE
смерти,NOUN,,obl,Loc,Fem,Sing,Inan,-0.0911341377211182,NONE
4-летнего,ADJ,,amod,Gen,Masc,Sing,,0.0307240166913313,NONE
мальчика,NOUN,,nmod,Gen,Masc,Sing,Anim,-0.0235194723293247,NONE
Палмдейл,PROPN,,appos,Nom,Masc,Sing,Anim,-0.0052058195358495,PER
Ноах,PROPN,,flat:name,Gen,Masc,Sing,Anim,0.0525614350729095,PER
Куатро,PROPN,,flat:name,Gen,Masc,Sing,Anim,0.9784489168763096,PER
-,PUNCT,,punct,,,,,0.0271688423835719,NONE
CBS,PROPN,,flat:foreign,,,,,-0.014846271714204,ORG
Лос-Анджелес,PROPN,,appos,Nom,Masc,Sing,Inan,-0.0095157168689477,ORG
За,ADP,,case,,,,,-0.0616057427774876,NONE
последний,ADJ,,amod,Acc,Masc,Sing,Inan,-0.0431720386667039,NONE
год,NOUN,,obl,Acc,Masc,Sing,Inan,0.0389688326557805,NONE
у,ADP,,case,,,,,-0.1050089514035794,NONE
Джонни,PROPN,,obl,Gen,Masc,Sing,Anim,0.1132568546248626,PER
было,VERB,,root,,Neut,Sing,,0.0875502899692456,NONE
несколько,NUM,,nummod:gov,Nom,,,,-0.1668950423148315,NONE
плохих,ADJ,,amod,Gen,,Plur,,0.3423181254724692,NONE
игр,NOUN,,nsubj,Gen,Fem,Plur,Inan,-0.0722926178572545,NONE
.,PUNCT,,punct,,,,,0.6249752981911485,NONE
Это,PRON,,nsubj,Nom,Neut,Sing,Inan,-0.0420454984350721,NONE
было,AUX,,cop,,Neut,Sing,,-0.2151717418124835,NONE
особенно,ADV,,obl,,,,,-0.0211908580408875,NONE
очевидно,ADJ,,root,,Neut,Sing,,0.0134339334683245,NONE
в,ADP,,case,,,,,0.0845594885416313,NONE
бизнесе,NOUN,,obl,Loc,Masc,Sing,Inan,0.0396997510458086,NONE
корпоративных,ADJ,,amod,Gen,,Plur,,0.0671630086932363,NONE
клиентов,NOUN,,nmod,Gen,Masc,Plur,Anim,-0.0153453871390029,NONE
»,PUNCT,,punct,,,,,-0.0750357482278509,NONE
",",PUNCT,,punct,,,,,0.0441154022052466,NONE
сказали,VERB,,parataxis,,,Plur,,0.2252608052655727,NONE
в,ADP,,case,,,,,0.2915142089074102,NONE
банке,NOUN,,obl,Loc,Masc,Sing,Inan,-0.0531121578667135,NONE
",",PUNCT,,punct,,,,,0.3157499614656826,NONE
объяснив,VERB,,advcl,,,,,0.0355042490484781,NONE
понижение,NOUN,,obj,Acc,Neut,Sing,Inan,0.0957045079432941,NONE
ожидаемых,VERB,,amod,Gen,,Plur,,0.1995846009866633,NONE
доходов,NOUN,,nmod,Gen,Masc,Plur,Inan,0.0968988397018666,NONE
.,PUNCT,,punct,,,,,0.6909970566548362,NONE
Позвонив,VERB,,advcl,,,,,0.4422025362872492,NONE
в,ADP,,case,,,,,-0.0441406481974015,NONE
шоу,NOUN,,obl,Loc,Neut,Sing,Inan,-0.0114415675310615,NONE
Майка,PROPN,,nmod,Gen,Masc,Sing,Anim,-0.0112048740289472,PER
Грэма,PROPN,,flat:name,Gen,Masc,Sing,Anim,-0.0061427687391037,PER
на,ADP,,case,,,,,-0.198888159224097,NONE
talkRADIO,X,,flat:foreign,,,,,-0.0849290194969213,ORG
",",PUNCT,,punct,,,,,0.2708549812232381,NONE
Боб,PROPN,,nsubj,Nom,Masc,Sing,Anim,0.0566931802981071,PER
сказал,VERB,,root,,Masc,Sing,,-0.0236777160862375,NONE
:,PUNCT,,punct,,,,,-0.0669778626620045,NONE
"""",PUNCT,,punct,,,,,0.1206176106795417,NONE
"""",PUNCT,,punct,,,,,0.057130377673765,NONE
Я,PRON,,nsubj,Nom,,Sing,,0.0640466378971784,NONE
думаю,VERB,,parataxis,,,Sing,,-0.0798897817569113,NONE
",",PUNCT,,punct,,,,,0.3562811630198325,NONE
что,SCONJ,,mark,,,,,-0.1030396756536525,NONE
это,PRON,,nsubj,Nom,Neut,Sing,Inan,0.0409023700986915,NONE
переломный,ADJ,,amod,Nom,Masc,Sing,,0.0021391880326611,NONE
момент,NOUN,,ccomp,Nom,Masc,Sing,Inan,-0.0375429256650479,NONE
",",PUNCT,,punct,,,,,0.3466515079114862,NONE
потому,ADV,,mark,,,,,-0.073697591263805,NONE
что,SCONJ,,fixed,,,,,-0.0627321107591408,NONE
блокаторы,NOUN,,nsubj,Nom,Masc,Plur,Anim,0.0655010816949086,NONE
Brexit,PROPN,,flat:foreign,,,,,-0.0271364076910491,NONE
в,ADP,,case,,,,,0.0420363078618579,NONE
парламенте,NOUN,,obl,Loc,Masc,Sing,Inan,0.0985638938572408,NONE
начинают,VERB,,advcl,,,Plur,,-0.0075737180557536,NONE
показывать,VERB,,xcomp,,,,,0.0422522582831826,NONE
свои,DET,,det,Acc,,Plur,,0.0050273314700361,NONE
истинные,ADJ,,amod,Acc,,Plur,Inan,0.0504668485513768,NONE
цвета,NOUN,,obj,Acc,Masc,Plur,Inan,0.0781884995694644,NONE
"""",PUNCT,,punct,,,,,0.0172874211009764,NONE
"""",PUNCT,,punct,,,,,0.1490280228300012,NONE
.,PUNCT,,punct,,,,,-0.1753195949147042,NONE
"""",PUNCT,,punct,,,,,0.2781268618489534,NONE
Shiba,PROPN,,nsubj,,,,,-0.0658901464652396,ORG
Inu,PROPN,,flat:foreign,,,,,-0.1047386794873075,ORG
является,VERB,,root,,,Sing,,-0.1440734730810419,NONE
последним,ADJ,,amod,Ins,Masc,Sing,,0.0412296692892485,NONE
мемом-крипто,NOUN,,obl,Ins,Masc,Sing,Inan,0.0934400572989696,NONE
",",PUNCT,,punct,,,,,0.0869542797974315,NONE
который,PRON,,nsubj,Nom,,,,-0.0963805851008478,NONE
стал,VERB,,acl:relcl,,Masc,Sing,,-0.085909744881849,NONE
вирусным,ADJ,,obl,Ins,Masc,Sing,,0.0197778262264361,NONE
",",PUNCT,,punct,,,,,0.1580141170464941,NONE
и,CCONJ,,cc,,,,,0.0488936761172054,NONE
",",PUNCT,,punct,,,,,0.2370596610425148,NONE
несмотря,ADV,,case,,,,,0.0106843837140053,NONE
на,ADP,,fixed,,,,,0.0648023619139832,NONE
то,PRON,,obl,Acc,Neut,Sing,Inan,0.0103592558249857,NONE
",",PUNCT,,punct,,,,,0.08502842777937,NONE
что,SCONJ,,mark,,,,,-0.0231119288986945,NONE
он,PRON,,nsubj,Nom,Masc,Sing,,-0.056695601318204,NONE
упал,VERB,,acl,,Masc,Sing,,0.013985883990225,NONE
почти,ADV,,obl,,,,,-0.2022543676652464,NONE
на,ADP,,case,,,,,0.0494851051081774,NONE
60%,NUM,,nummod,,,,,-0.0268041535404898,NONE
от,ADP,,case,,,,,-0.0126137640451658,NONE
своего,DET,,det,Gen,Masc,Sing,,-0.0665574008754404,NONE
исторического,ADJ,,amod,Gen,Masc,Sing,,-0.0092802184806709,NONE
максимума,NOUN,,nmod,Gen,Masc,Sing,Inan,0.1219863448375772,NONE
",",PUNCT,,punct,,,,,-0.0269860642370321,NONE
рыночная,ADJ,,amod,Nom,Fem,Sing,,0.1012426268976542,NONE
капитализация,NOUN,,nsubj,Nom,Fem,Sing,Inan,-0.0674171940225519,NONE
по-прежнему,ADV,,advmod,,,,,0.0001507032259434,NONE
составляет,VERB,,conj,,,Sing,,-0.2111030538665884,NONE
сногсшибательные,ADJ,,amod,Acc,,Plur,Inan,0.1258274217957408,NONE
20,NUM,,nummod,,,,,-0.0606798728833455,NONE
миллиардов,NOUN,,nummod,Gen,Masc,Plur,Inan,0.1705215653519347,NONE
долларов,NOUN,,obl,Gen,Masc,Plur,Inan,-0.0518871774373946,NONE
",",PUNCT,,punct,,,,,0.1217314677751341,NONE
что,PRON,,nsubj,Nom,,,,-0.1551091802267392,NONE
делает,VERB,,parataxis,,,Sing,,-0.0945028451344463,NONE
ее,PRON,,obj,Acc,Fem,Sing,,-0.078598779150193,NONE
12-й,ADJ,,amod,Ins,Fem,Sing,,-0.003754270297845,NONE
по,ADP,,case,,,,,0.1312884321341418,NONE
величине,NOUN,,nmod,Dat,Fem,Sing,Inan,-0.092176590791824,NONE
криптовалютой,NOUN,,obl,Ins,Fem,Sing,Inan,0.0518183529392444,NONE
в,ADP,,case,,,,,0.1235671835378741,NONE
мире,NOUN,,nmod,Loc,Masc,Sing,Inan,-0.2610483947085212,NONE
по,ADP,,case,,,,,0.1763969466678994,NONE
оценке,NOUN,,obl,Dat,Fem,Sing,Inan,-0.0994816282668388,NONE
.,PUNCT,,punct,,,,,-0.2382915586609666,NONE
В,ADP,,case,,,,,0.108492186983237,NONE
сентябре,NOUN,,obl,Loc,Masc,Sing,Inan,-0.1888046955441286,NONE
она,PRON,,nsubj,Nom,Fem,Sing,,-0.0529976263798467,NONE
назвала,VERB,,root,,Fem,Sing,,0.1134664373991611,NONE
День,PROPN,,obj,Acc,Masc,Sing,Inan,-0.1202894511916599,NONE
труда,NOUN,,nmod,Gen,Masc,Sing,Inan,-0.1936906875364102,NONE
"""",PUNCT,,punct,,,,,0.2728312901053819,NONE
"""",PUNCT,,punct,,,,,0.2432593755013646,NONE
коммунистическим,ADJ,,amod,Ins,Masc,Sing,,0.0373246727986949,NONE
праздником,NOUN,,obl,Ins,Masc,Sing,Inan,-0.1937444410018933,NONE
"""",PUNCT,,punct,,,,,0.1532449347172676,NONE
"""",PUNCT,,punct,,,,,0.0341722379012903,NONE
без,ADP,,case,,,,,0.0997298531615978,NONE
дальнейших,ADJ,,amod,Gen,,Plur,,-0.0151384979218582,NONE
объяснений,NOUN,,nmod,Gen,Neut,Plur,Inan,-0.1262561526284528,NONE
.,PUNCT,,punct,,,,,0.3987322727542556,NONE
"""",PUNCT,,punct,,,,,0.3719287725406818,NONE
Г-н,NOUN,,nsubj,Nom,Masc,Sing,Anim,-0.022109798386128,PER
Харви,PROPN,,appos,Nom,Masc,Sing,Anim,0.045134199615762,PER
сказал,VERB,,root,,Masc,Sing,,0.012228290154061,NONE
",",PUNCT,,punct,,,,,-0.0545807033322819,NONE
что,SCONJ,,mark,,,,,-0.5693807737254173,NONE
покупатели,NOUN,,nsubj,Nom,Masc,Plur,Anim,0.1637246701150995,NONE
также,ADV,,obl,,,,,-0.1551108635003615,NONE
должны,ADJ,,ccomp,,,Plur,,-0.1655783769318101,NONE
изучить,VERB,,xcomp,,,,,-0.0188000454106685,NONE
последние,ADJ,,amod,Acc,,Plur,Inan,0.0307206896967859,NONE
сопоставимые,ADJ,,amod,Acc,,Plur,Inan,0.0870796068056891,NONE
продажи,NOUN,,obj,Acc,Fem,Plur,Inan,0.2895695920589216,NONE
и,CCONJ,,cc,,,,,-0.0864336765474174,NONE
знать,VERB,,conj,,,,,0.198441167476574,NONE
",",PUNCT,,punct,,,,,0.0422394841695935,NONE
как,ADV,,advmod,,,,,0.0236553444425559,NONE
работает,VERB,,ccomp,,,Sing,,-0.1267497476684015,NONE
район,NOUN,,nsubj,Nom,Masc,Sing,Inan,-0.0433039567347832,NONE
",",PUNCT,,punct,,,,,-0.2520144377476654,NONE
чтобы,SCONJ,,mark,,,,,-0.0525848426135265,NONE
избежать,VERB,,advcl,,,,,0.0216371425185767,NONE
переплаты,NOUN,,obl,Gen,Fem,Sing,Inan,0.1229419289880716,NONE
за,ADP,,case,,,,,-0.0668605079639972,NONE
недвижимость,NOUN,,nmod,Acc,Fem,Sing,Inan,-0.0152419298471953,NONE
.,PUNCT,,punct,,,,,0.3481781365842724,NONE
Непобедимый,ADJ,,amod,Nom,Masc,Sing,,0.0854406078175075,PER
28-летний,ADJ,,amod,Nom,Masc,Sing,,0.1452598655402084,NONE
подросток,NOUN,,nsubj,Nom,Masc,Sing,Anim,0.0082695388450786,NONE
сказал,VERB,,root,,Masc,Sing,,0.0791721122186084,NONE
",",PUNCT,,punct,,,,,0.0265578019873943,NONE
что,SCONJ,,mark,,,,,0.8650504568212144,NONE
благодаря,ADP,,case,,,,,0.0244710986910392,NONE
шлифовальным,ADJ,,amod,Dat,,Plur,,0.0340321858489051,NONE
работам,NOUN,,obl,Dat,Fem,Plur,Inan,0.0277486904153232,NONE
он,PRON,,nsubj,Nom,Masc,Sing,,0.0282053297685527,NONE
готов,ADJ,,ccomp,,Masc,Sing,,-0.0218526381987638,NONE
вывезти,VERB,,xcomp,,,,,0.0206716383335037,NONE
монгольского,ADJ,,amod,Acc,Masc,Sing,Anim,0.0237463456501504,NONE
Амарсанаа,PROPN,,obj,Acc,Masc,Sing,Anim,0.0439832751060553,PER
Цогоохуу,PROPN,,flat:name,Acc,Masc,Sing,Anim,0.0033360182560675,PER
в,ADP,,case,,,,,-0.0447075176739746,NONE
Джакарте,PROPN,,obl,Loc,Masc,Sing,Inan,0.0379243013371751,LOC
25,NUM,,obl,,,,,-0.1362762839268729,NONE
октября,NOUN,,flat,Gen,Masc,Sing,Inan,0.0038467529356465,NONE
.,PUNCT,,punct,,,,,-0.3675216773327982,NONE
Шамата,NOUN,,nsubj,Nom,Fem,Sing,Inan,0.0353978543551883,LOC
находится,VERB,,root,,,Sing,,0.2243818743902057,NONE
в,ADP,,case,,,,,0.248537181688099,NONE
округе,NOUN,,obl,Loc,Masc,Sing,Inan,0.094089793882172,NONE
Ндарагва,PROPN,,appos,Nom,Fem,Sing,Inan,0.2450661416445183,LOC
",",PUNCT,,punct,,,,,0.0255024464542796,NONE
чей,DET,,det,Nom,Masc,Sing,,0.0816991776012435,NONE
депутат,NOUN,,nsubj,Nom,Masc,Sing,Anim,0.0488393693334997,NONE
",",PUNCT,,punct,,,,,0.2073967724520634,NONE
Джеремия,PROPN,,appos,Nom,Masc,Sing,Anim,0.1361863593566861,PER
Киони,PROPN,,flat:name,Nom,Masc,Sing,Anim,0.1009501905151144,PER
",",PUNCT,,punct,,,,,0.3798871497805534,NONE
когда-то,ADV,,advmod,,,,,0.2325609973829454,NONE
угрожал,VERB,,acl:relcl,,Masc,Sing,,0.1760142182728382,NONE
добиться,VERB,,xcomp,,,,,0.4065519939580153,NONE
присоединения,NOUN,,obl,Gen,Neut,Sing,Inan,0.083752663011948,NONE
этого,DET,,det,Gen,Masc,Sing,,-0.1547262966206899,NONE
района,NOUN,,nmod,Gen,Masc,Sing,Inan,-0.0338657656124534,NONE
к,ADP,,case,,,,,0.0396288155916996,NONE
соседнему,ADJ,,amod,Dat,Masc,Sing,,0.116692260186451,NONE
округу,NOUN,,nmod,Dat,Masc,Sing,Inan,0.0595315513247554,NONE
Лайкипия,PROPN,,appos,Nom,Fem,Sing,Inan,0.2223579112138831,LOC
.,PUNCT,,punct,,,,,0.0645161434270356,NONE
Я,PRON,,nsubj,Nom,,Sing,,-0.0985843845836929,NONE
также,ADV,,advmod,,,,,0.0194508557979652,NONE
молюсь,VERB,,root,,,Sing,,0.021817656308416,NONE
Богу,PROPN,,iobj,Dat,Masc,Sing,Anim,-0.0134308284095046,NONE
",",PUNCT,,punct,,,,,0.0552744362374594,NONE
чтобы,SCONJ,,mark,,,,,-0.0183196726962589,NONE
он,PRON,,nsubj,Nom,Masc,Sing,,0.0726709262432458,NONE
дал,VERB,,ccomp,,Masc,Sing,,-0.0157452979572128,NONE
своей,DET,,det,Dat,Fem,Sing,,0.0669217468856483,NONE
семье,NOUN,,iobj,Dat,Fem,Sing,Inan,0.0645633871370205,NONE
и,CCONJ,,cc,,,,,0.0738445027727708,NONE
близким,NOUN,,conj,Dat,Masc,Plur,Anim,0.0725962827589834,NONE
терпение,NOUN,,obj,Acc,Neut,Sing,Inan,0.2320696747412992,NONE
и,CCONJ,,cc,,,,,0.0335761271078259,NONE
утешение,NOUN,,conj,Acc,Neut,Sing,Inan,0.1107222001886913,NONE
.,PUNCT,,punct,,,,,0.0381958349541719,NONE
.,PUNCT,,punct,,,,,0.1230397922420734,NONE
.,PUNCT,,punct,,,,,0.1234899609063967,NONE
нет,VERB,,parataxis,,,Sing,,-0.0002745573955226,NONE
никакой,DET,,det,Gen,Fem,Sing,,-0.0845290730246647,NONE
силы,NOUN,,nsubj,Gen,Fem,Sing,Inan,0.0036966762154637,NONE
или,CCONJ,,cc,,,,,-0.0082030378751231,NONE
силы,NOUN,,conj,Gen,Fem,Sing,Inan,0.0486822443268932,NONE
",",PUNCT,,punct,,,,,0.0488135826279902,NONE
кроме,ADP,,case,,,,,0.0290702826654406,NONE
Бога»,PROPN,,obl,Gen,Masc,Sing,Anim,0.1529765923115965,NONE
",",PUNCT,,punct,,,,,-0.1041642571957435,NONE
-,PUNCT,,punct,,,,,0.1333545329510541,NONE
заключил,VERB,,parataxis,,Masc,Sing,,0.0408285245557493,NONE
Президент,PROPN,,nsubj,Nom,Masc,Sing,Anim,0.0670196539241175,NONE
Республики,PROPN,,nmod,Gen,Fem,Sing,Inan,0.0522662797695452,LOC
.,PUNCT,,punct,,,,,-0.6620539058293676,NONE
В,ADP,,case,,,,,-0.146819070127443,NONE
1977,ADJ,,amod,,,,,-0.3536976513300298,NONE
году,NOUN,,obl,Loc,Masc,Sing,Inan,0.1225257138810484,NONE
Лидон,PROPN,,nsubj,Nom,Masc,Sing,Anim,-0.0147755873800721,PER
и,CCONJ,,cc,,,,,-0.1603927736712785,NONE
Sex,PROPN,,flat:foreign,,,,,0.0077216271992927,ORG
Pistols,PROPN,,flat:foreign,,,,,-0.0720881065038491,ORG
лихо,ADV,,advmod,,,,,0.0480935817803843,NONE
предупредили,VERB,,root,,,Plur,,-0.0083001275340582,NONE
",",PUNCT,,punct,,,,,-0.0353492347283491,NONE
что,SCONJ,,mark,,,,,-0.220329742892414,NONE
«у,ADP,,case,,,,,-0.1530709954682897,NONE
вас,PRON,,obl,Gen,,Plur,,-0.1125851002370386,NONE
нет,VERB,,ccomp,,,Sing,,0.0859579395134456,NONE
будущего,NOUN,,nsubj,Gen,Neut,Sing,Inan,-0.1380938471786992,NONE
",",PUNCT,,punct,,,,,-0.0373673789815447,NONE
в,ADP,,case,,,,,0.0104880560560051,NONE
мечтах,NOUN,,conj,Loc,Fem,Plur,Inan,-0.0370555022364798,NONE
Англии»,PROPN,,nmod,Gen,Fem,Plur,Inan,0.0679827156978287,LOC
.,PUNCT,,punct,,,,,-0.7414981353931046,NONE
Экономический,ADJ,,amod,Nom,Masc,Sing,,0.0146116989057858,NONE
советник,NOUN,,nsubj,Nom,Masc,Sing,Anim,0.0485441734974413,NONE
Белого,ADJ,,amod,Gen,Masc,Sing,,0.1055325936037853,LOC
дома,NOUN,,nmod,Gen,Masc,Sing,Inan,0.0153114441681315,LOC
Ларри,PROPN,,appos,Nom,Masc,Sing,Anim,0.0028711910494708,PER
Кудлоу,PROPN,,flat:name,Nom,Masc,Sing,Anim,0.1670076115195557,PER
пообещал,VERB,,root,,Masc,Sing,,0.0513148591894233,NONE
в,ADP,,case,,,,,0.0309585465403649,NONE
воскресенье,NOUN,,obl,Acc,Neut,Sing,Inan,-0.0707802941329363,NONE
",",PUNCT,,punct,,,,,0.2160817804786595,NONE
что,SCONJ,,mark,,,,,0.2991398687849504,NONE
федеральное,ADJ,,amod,Nom,Neut,Sing,,0.1184588124106107,NONE
правительство,NOUN,,nsubj,Nom,Neut,Sing,Inan,0.0683635826947974,NONE
продлит,VERB,,ccomp,,,Sing,,-0.0215003420692611,NONE
мораторий,NOUN,,obj,Acc,Masc,Sing,Inan,0.2732591834888578,NONE
на,ADP,,case,,,,,0.061777930758637,NONE
выселения,NOUN,,nmod,Acc,Neut,Plur,Inan,0.0671761313567359,NONE
и,CCONJ,,cc,,,,,-0.1257582113233171,NONE
отправит,VERB,,conj,,,Sing,,0.1464992876422769,NONE
еще,PART,,advmod,,,,,-0.0203130087868,NONE
один,NUM,,nummod,Acc,Masc,,Inan,0.0675220345675184,NONE
раунд,NOUN,,obj,Acc,Masc,Sing,Inan,0.0019146927750582,NONE
проверок,NOUN,,nmod,Gen,Fem,Plur,Inan,0.0818443877444603,NONE
в,ADP,,case,,,,,-0.0569674398160257,NONE
рамках,NOUN,,obl,Loc,Fem,Plur,Inan,-0.1027966347679685,NONE
следующего,ADJ,,amod,Gen,Masc,Sing,,0.0262896043927159,NONE
пакета,NOUN,,nmod,Gen,Masc,Sing,Inan,0.1677848352628198,NONE
мер,NOUN,,nmod,Gen,Fem,Plur,Inan,-0.0245445270250017,NONE
по,ADP,,case,,,,,-0.0079520975232417,NONE
стимулированию,NOUN,,nmod,Dat,Neut,Sing,Inan,0.0587887072830067,NONE
коронавируса,NOUN,,nmod,Gen,Masc,Sing,Inan,0.1210523548532948,NONE
.,PUNCT,,punct,,,,,0.475910533021164,NONE
Некоторые,DET,,det,Nom,,Plur,,-0.3445672797252336,NONE
тренажерные,ADJ,,amod,Nom,,Plur,,0.0404806824274815,NONE
залы,NOUN,,nsubj,Nom,Masc,Plur,Inan,-0.0400484773211443,NONE
позволяют,VERB,,root,,,Plur,,-0.0070220357421056,NONE
вам,PRON,,iobj,Dat,,Plur,,0.1018188383316426,NONE
арендовать,VERB,,xcomp,,,,,0.5409139225422986,NONE
шкафчики,NOUN,,obj,Acc,Masc,Plur,Inan,0.3269109133840444,NONE
.,PUNCT,,punct,,,,,0.286463920343207,NONE
>,PUNCT,,punct,,,,,0.0431470463874301,NONE
Это,PRON,,nsubj,Nom,Neut,Sing,Inan,-0.1495184798763792,NONE
позволяет,VERB,,root,,,Sing,,0.1373140617806321,NONE
Ури,PROPN,,iobj,Dat,Masc,Sing,Anim,0.1944135723351359,PER
Геллеру,PROPN,,flat:name,Dat,Masc,Sing,Anim,0.1626324025101669,PER
натравить,VERB,,xcomp,,,,,0.1343454093658484,NONE
свое,DET,,det,Acc,Neut,Sing,,0.0575722530861283,NONE
дерьмо,NOUN,,obj,Acc,Neut,Sing,Inan,0.0721242862894743,NONE
на,ADP,,case,,,,,0.267460143452536,NONE
Джеймса,PROPN,,obl,Acc,Masc,Sing,Anim,-0.0024338388567855,PER
Рэнди,PROPN,,flat:name,Acc,Masc,Sing,Anim,0.1045607458647001,PER
.,PUNCT,,punct,,,,,0.7624818000101385,NONE
Шкипер,NOUN,,nsubj,Nom,Masc,Sing,Anim,0.0936586875364984,NONE
из,ADP,,case,,,,,-0.0579719863175239,NONE
Уэльса,PROPN,,nmod,Gen,Masc,Sing,Inan,0.0136972066217572,LOC
выигрывает,VERB,,root,,,Sing,,0.069581860233976,NONE
свой,DET,,det,Acc,Masc,Sing,,-0.2411461018872956,NONE
130-й,ADJ,,amod,Acc,Masc,Sing,Inan,0.1689114730679363,NONE
матч,NOUN,,obj,Acc,Masc,Sing,Inan,-0.0025098676974848,NONE
",",PUNCT,,punct,,,,,0.1061677523078897,NONE
побив,VERB,,advcl,,,,,0.0199354532492555,NONE
предыдущий,ADJ,,amod,Acc,Masc,Sing,Inan,0.131707131680646,NONE
рекорд,NOUN,,obj,Acc,Masc,Sing,Inan,-0.3284458153959286,NONE
",",PUNCT,,punct,,,,,0.1898197799098685,NONE
принадлежавший,VERB,,acl,Acc,Masc,Sing,Inan,0.2352862142680732,NONE
реквизитору,NOUN,,iobj,Dat,Masc,Sing,Anim,0.1698762229376241,NONE
Гетину,PROPN,,appos,Dat,Masc,Sing,Anim,-0.0739606588981007,PER
Дженкинсу,PROPN,,flat:name,Dat,Masc,Sing,Anim,0.0192369097477858,PER
.,PUNCT,,punct,,,,,0.186130701797171,NONE
Можете,VERB,,root,,,Plur,,-0.069596226872172,NONE
ли,PART,,advmod,,,,,-0.136127612455681,NONE
вы,PRON,,nsubj,Nom,,Plur,,0.0036042989425523,NONE
представить,VERB,,xcomp,,,,,0.2927940480710569,NONE
себе,PRON,,iobj,Dat,,,,0.2425609336291693,NONE
всех,DET,,det,Acc,,Plur,Anim,0.1041979422843819,NONE
тех,DET,,det,Acc,,Plur,Anim,0.270144472106272,NONE
людей,NOUN,,obj,Acc,Masc,Plur,Anim,0.1557411902224553,NONE
",",PUNCT,,punct,,,,,0.1521825345623284,NONE
которые,PRON,,nsubj,Nom,,Plur,,0.2374276326146004,NONE
пытались,VERB,,acl:relcl,,,Plur,,0.3612846940813635,NONE
выйти,VERB,,xcomp,,,,,0.2591464010295751,NONE
из,ADP,,case,,,,,0.2635755731733828,NONE
парковочного,ADJ,,amod,Gen,Neut,Sing,,0.218459742366006,NONE
места,NOUN,,obl,Gen,Neut,Sing,Inan,0.0026811103811225,NONE
",",PUNCT,,punct,,,,,0.1306494477699379,NONE
когда,SCONJ,,mark,,,,,0.0853082639974496,NONE
это,PRON,,nsubj,Nom,Neut,Sing,Inan,0.1621660741376133,NONE
случилось,VERB,,advcl,,Neut,Sing,,-0.0440698344491123,NONE
?,PUNCT,,punct,,,,,-0.2443895076869862,NONE
Это,PRON,,nsubj,Nom,Neut,Sing,Inan,-0.1396177493148193,NONE
была,AUX,,cop,,Fem,Sing,,-0.0989047857378319,NONE
часть,NOUN,,root,Nom,Fem,Sing,Inan,0.1143565665345421,NONE
цепи,NOUN,,nmod,Gen,Fem,Sing,Inan,0.1448756311680216,NONE
.,PUNCT,,punct,,,,,0.8566673764294537,NONE
Персонал,NOUN,,nsubj,Nom,Masc,Sing,Inan,0.7691231069374074,NONE
",",PUNCT,,punct,,,,,-0.0512197034802614,NONE
звонящий,VERB,,acl,Nom,Masc,Sing,,-0.0710814398523852,NONE
из,ADP,,case,,,,,-0.137958869307759,NONE
других,ADJ,,amod,Gen,,Plur,,-0.1247231611298394,NONE
номеров,NOUN,,obl,Gen,Masc,Plur,Inan,-0.0005579524428131,NONE
в,ADP,,case,,,,,0.1182763348252058,NONE
No,SYM,,nmod,,,,,-0.0496835598503044,ORG
10,NUM,,nummod:entity,,,,,-0.1270928967498589,ORG
во,ADP,,case,,,,,0.0007937271486237,NONE
время,NOUN,,fixed,Acc,Neut,Sing,Inan,-0.2650337591009113,NONE
питья,NOUN,,obl,Gen,Neut,Sing,Inan,0.0815301438279527,NONE
и,CCONJ,,cc,,,,,-0.1256501055454589,NONE
не,PART,,advmod,,,,,0.0276562789080178,NONE
дистанцирующийся,VERB,,conj,Nom,Masc,Sing,,0.0037157198806751,NONE
от,ADP,,case,,,,,0.0268833543482308,NONE
общества,NOUN,,obl,Gen,Neut,Sing,Inan,-0.0760233722002679,NONE
",",PUNCT,,punct,,,,,0.0109857327276239,NONE
не,PART,,advmod,,,,,0.0815733731373216,NONE
виден,ADJ,,root,,Masc,Sing,,0.0352162935035928,NONE
.,PUNCT,,punct,,,,,0.2182261365924563,NONE
И,CCONJ,,cc,,,,,0.0222154627879145,NONE
к,ADP,,case,,,,,-0.1900036197642116,NONE
ним,PRON,,obl,Dat,,Plur,,-0.0765551152880104,NONE
относятся,VERB,,root,,,Plur,,-0.1558976083243503,NONE
Филиппе,PROPN,,nsubj,Nom,Masc,Sing,Anim,0.0387603207361246,PER
Коутиньо,PROPN,,flat:name,Nom,Masc,Sing,Anim,0.0279834407647823,PER
",",PUNCT,,punct,,,,,-0.0560580601541653,NONE
Усман,PROPN,,conj,Nom,Masc,Sing,Anim,0.1341843588575526,PER
Дембеле,PROPN,,flat:name,Nom,Masc,Sing,Anim,0.0401028665546159,PER
",",PUNCT,,punct,,,,,0.2333474807457064,NONE
Иван,PROPN,,conj,Nom,Masc,Sing,Anim,-0.1672765719717812,PER
Ракитич,PROPN,,flat:name,Nom,Masc,Sing,Anim,0.1502064551855562,PER
и,CCONJ,,cc,,,,,0.23923619780471,NONE
Самуэль,PROPN,,conj,Nom,Masc,Sing,Anim,0.1828568342955915,PER
Умтити,PROPN,,flat:name,Nom,Masc,Sing,Anim,0.2375199107614848,PER
.,PUNCT,,punct,,,,,0.6909456457053557,NONE
Имейте,VERB,,root,,,Plur,,0.4059413637827274,NONE
в,ADP,,advmod,,,,,-0.0395095415067102,NONE
виду,NOUN,,fixed,Loc,Masc,Sing,Inan,-0.0776746967600408,NONE
",",PUNCT,,punct,,,,,-0.1185964314843205,NONE
что,SCONJ,,mark,,,,,-0.0110802036245589,NONE
это,PRON,,nsubj,Nom,Neut,Sing,Inan,-0.008862112450953,NONE
не,PART,,advmod,,,,,0.0546368304674391,NONE
какой-то,DET,,det,Nom,Masc,Sing,,0.1660804600504607,NONE
парень,NOUN,,ccomp,Nom,Masc,Sing,Anim,-0.0842869595776225,NONE
",",PUNCT,,punct,,,,,-0.0415365557185335,NONE
болтающий,VERB,,acl,Nom,Masc,Sing,,-0.0518765135652831,NONE
в,ADP,,case,,,,,-0.0452082883664135,NONE
мужской,ADJ,,amod,Loc,Fem,Sing,,-0.0210096509517655,NONE
комнате,NOUN,,obl,Loc,Fem,Sing,Inan,-0.1752080700337609,NONE
в,ADP,,case,,,,,-0.1363758800005735,NONE
Starbucks,PROPN,,flat:foreign,,,,,0.083462828982809,ORG
.,PUNCT,,punct,,,,,0.2417952130793184,NONE
Демократы,NOUN,,nsubj,Nom,Masc,Plur,Anim,0.1682130932614982,NONE
обвинили,VERB,,root,,,Plur,,-0.0084645800069137,NONE
Трампа,PROPN,,obj,Acc,Masc,Sing,Anim,0.0039941623053232,PER
как,SCONJ,,cc,,,,,-0.0233707791104381,NONE
в,ADP,,case,,,,,-0.6188297938355902,NONE
обходе,NOUN,,obl,Loc,Masc,Sing,Inan,-0.0068739727540686,NONE
полномочий,NOUN,,nmod,Gen,Neut,Plur,Inan,-0.0352790482063213,NONE
Конгресса,PROPN,,nmod,Gen,Masc,Sing,Inan,-0.0092934585210465,ORG
по,ADP,,case,,,,,-0.0164102041487227,NONE
кошельку,NOUN,,nmod,Dat,Masc,Sing,Inan,0.044632179530359,NONE
",",PUNCT,,punct,,,,,0.0920818206005469,NONE
так,ADV,,cc,,,,,0.0111599971271059,NONE
и,PART,,fixed,,,,,0.0462115241491197,NONE
в,ADP,,case,,,,,0.719920329574719,NONE
растрате,NOUN,,conj,Loc,Fem,Sing,Inan,0.0122516957803258,NONE
ключевых,ADJ,,amod,Gen,,Plur,,-0.0132885954162929,NONE
оборонных,ADJ,,amod,Gen,,Plur,,-0.0010633767025374,NONE
средств,NOUN,,nmod,Gen,Neut,Plur,Inan,-0.0208513846854286,NONE
на,ADP,,case,,,,,-0.0107259250892735,NONE
ненужные,ADJ,,amod,Acc,,Plur,Inan,-0.0096354994670505,NONE
барьеры,NOUN,,nmod,Acc,Masc,Plur,Inan,0.0154405059421044,NONE
.,PUNCT,,punct,,,,,-0.137898072710693,NONE
Далласские,ADJ,,amod,Nom,,Plur,,0.058081964560597,NONE
ковбои,NOUN,,nsubj,Nom,Masc,Plur,Anim,-0.0205835080070248,NONE
приносят,VERB,,root,,,Plur,,0.0702940999483508,NONE
скамейки,NOUN,,obj,Acc,Fem,Plur,Inan,0.0028291944631251,NONE
в,ADP,,case,,,,,0.0111280823566097,NONE
Вашингтон,PROPN,,obl,Acc,Masc,Sing,Inan,0.1678761769929442,LOC
",",PUNCT,,punct,,,,,0.0259340816051365,NONE
соперничество,NOUN,,nsubj,Nom,Neut,Sing,Inan,-0.0143447951235686,NONE
накаляется,VERB,,conj,,,Sing,,0.1055012815915172,NONE
Мы,PRON,,nsubj,Nom,,Plur,,-0.2254877209358797,NONE
благодарим,VERB,,root,,,Plur,,0.0656389110337866,NONE
вас,PRON,,obj,Acc,,Plur,,0.1037676665296451,NONE
за,ADP,,case,,,,,-0.5552804015638987,NONE
ваш,DET,,det,Acc,Masc,Sing,,-0.0495268809842692,NONE
обычай,NOUN,,obl,Acc,Masc,Sing,Inan,0.2746381230454581,NONE
.,PUNCT,,punct,,,,,-0.1996024486854614,NONE
Еще,ADV,,advmod,,,,,-0.1924764605536156,NONE
одна,NUM,,nummod,Nom,Fem,,,-0.2024556703126889,NONE
вещь,NOUN,,nsubj,Nom,Fem,Sing,Inan,-0.1733394251873148,NONE
",",PUNCT,,punct,,,,,0.0232590659660133,NONE
которую,PRON,,obj,Acc,,,,-0.0338809363020411,NONE
вы,PRON,,nsubj,Nom,,Plur,,-0.0559042166054154,NONE
можете,VERB,,acl:relcl,,,Plur,,-0.0542633962658135,NONE
попробовать,VERB,,xcomp,,,,,-0.0760086032345142,NONE
",",PUNCT,,punct,,,,,-0.0149106647301407,NONE
—,PUNCT,,punct,,,,,-0.2083771148664955,NONE
это,PART,,expl,,,,,-0.1241692774585414,NONE
выполнить,VERB,,root,,,,,-0.0159755156506936,NONE
сброс,NOUN,,obj,Acc,Masc,Sing,Inan,0.0226194661472048,NONE
к,ADP,,case,,,,,-0.0276781584908414,NONE
заводским,ADJ,,amod,Dat,,Plur,,0.0245537775387697,NONE
настройкам,NOUN,,nmod,Dat,Fem,Plur,Inan,0.0430825751464185,NONE
на,ADP,,case,,,,,-0.1297604182549623,NONE
вашем,DET,,det,Loc,Neut,Sing,,0.0169169602553909,NONE
устройстве,NOUN,,nmod,Loc,Neut,Sing,Inan,0.0861607471785409,NONE
",",PUNCT,,punct,,,,,0.1299964234263982,NONE
а,CCONJ,,cc,,,,,0.0641942384022219,NONE
затем,ADV,,advmod,,,,,0.0067022753732043,NONE
проверить,VERB,,conj,,,,,0.0402409288752909,NONE
",",PUNCT,,punct,,,,,-0.0185216680152642,NONE
обнаруживает,VERB,,ccomp,,,Sing,,0.0600242510312889,NONE
ли,PART,,advmod,,,,,-0.1141774935576366,NONE
он,PRON,,nsubj,Nom,Masc,Sing,,0.0302989125970318,NONE
ваш,DET,,det,Acc,Masc,Sing,,0.0404395001827076,NONE
компьютер,NOUN,,obj,Acc,Masc,Sing,Inan,-0.0044911344468628,NONE
.,PUNCT,,punct,,,,,0.1407882167792325,NONE
Это,PRON,,nsubj,Nom,Neut,Sing,Inan,-0.0529704537757148,NONE
заставило,VERB,,root,,Neut,Sing,,0.3201629616882836,NONE
некоторых,DET,,det,Acc,,Plur,,0.0038593005730345,NONE
отраслевых,ADJ,,amod,Acc,,Plur,Anim,-0.0081439936023169,NONE
наблюдателей,NOUN,,obj,Acc,Masc,Plur,Anim,0.2321718410538273,NONE
усомниться,VERB,,xcomp,,,,,0.1171222046943378,NONE
в,ADP,,case,,,,,0.1025048124947157,NONE
том,PRON,,obl,Loc,Neut,Sing,Inan,-0.0485541625681082,NONE
",",PUNCT,,punct,,,,,-0.1278223128025204,NONE
что,SCONJ,,mark,,,,,0.1717033272925805,NONE
два,NUM,,nummod:gov,Nom,Neut,,,-0.2832014776988584,NONE
федеральных,ADJ,,amod,Gen,,Plur,,-0.1936311818658473,NONE
расследования,NOUN,,nsubj,Gen,Neut,Sing,Inan,0.5384126823794579,NONE
будут,AUX,,aux,,,Plur,,0.3594399705066597,NONE
пересекаться,VERB,,acl,,,,,0.3461964010921138,NONE
.,PUNCT,,punct,,,,,-0.0033016528572076,NONE
Поскольку,SCONJ,,mark,,,,,0.1005635495495782,NONE
Конституция,PROPN,,nsubj,Nom,Fem,Sing,Inan,0.0345330783182703,NONE
Айдахо,PROPN,,appos,Gen,Masc,Sing,Inan,0.1831757280666784,LOC
требует,VERB,,advcl,,,Sing,,0.0965484286596104,NONE
",",PUNCT,,punct,,,,,0.0521838599033451,NONE
чтобы,SCONJ,,mark,,,,,-0.3249139840506277,NONE
государственные,ADJ,,amod,Nom,,Plur,,0.0100277523072196,NONE
земли,NOUN,,nsubj:pass,Nom,Fem,Plur,Inan,0.0573273999462839,NONE
использовались,VERB,,ccomp,,,Plur,,0.0775192509682574,NONE
для,ADP,,case,,,,,0.0474811265817543,NONE
получения,NOUN,,obl,Gen,Neut,Sing,Inan,0.0647257938100425,NONE
денег,NOUN,,nmod,Gen,Fem,Plur,Inan,0.1886736044941013,NONE
",",PUNCT,,punct,,,,,0.3004695639415465,NONE
существовала,VERB,,root,,Fem,Sing,,0.1394809387888378,NONE
некоторая,DET,,det,Nom,Fem,Sing,,0.1110008575613818,NONE
обеспокоенность,NOUN,,nsubj,Nom,Fem,Sing,Inan,0.0761563417101117,NONE
",",PUNCT,,punct,,,,,0.30488415474552,NONE
которую,PRON,,obj,Acc,,,,0.2463817657741912,NONE
отдельные,ADJ,,amod,Nom,,Plur,,0.0045104845255409,NONE
лица,NOUN,,nsubj,Nom,Neut,Plur,Anim,-0.0599986852597926,NONE
или,CCONJ,,cc,,,,,0.0132124317356415,NONE
компании,NOUN,,conj,Nom,Fem,Plur,Inan,-0.0591657497874967,NONE
могли,VERB,,acl:relcl,,,Plur,,0.0786122201510829,NONE
платить,VERB,,xcomp,,,,,0.1280288531285343,NONE
за,ADP,,case,,,,,-0.1030293852266157,NONE
аренду,NOUN,,obl,Acc,Fem,Sing,Inan,0.1224345264044628,NONE
государственных,ADJ,,amod,Gen,,Plur,,0.047978900211404,NONE
земель,NOUN,,nmod,Gen,Fem,Plur,Inan,0.0086668511908831,NONE
",",PUNCT,,punct,,,,,0.1393099929773061,NONE
перекрывая,VERB,,advcl,,,,,0.1579286062041238,NONE
доступ,NOUN,,obj,Acc,Masc,Sing,Inan,-0.0432297608586917,NONE
общественности,NOUN,,nmod,Gen,Fem,Sing,Inan,0.0647322063029988,NONE
.,PUNCT,,punct,,,,,-0.4044802394058078,NONE
Если,SCONJ,,mark,,,,,0.2782663201188879,NONE
вам,PRON,,iobj,Dat,,Plur,,-0.0551268085072807,NONE
нужна,ADJ,,advcl,,Fem,Sing,,0.1966947469200137,NONE
печать,NOUN,,nsubj,Nom,Fem,Sing,Inan,0.352894097489157,NONE
с,ADP,,case,,,,,-0.0744928601228889,NONE
границами,NOUN,,nmod,Ins,Fem,Plur,Inan,-0.107356356682978,NONE
или,CCONJ,,cc,,,,,-0.5622025368205219,NONE
без,ADP,,case,,,,,0.0056127312884778,NONE
них,PRON,,conj,Gen,,Plur,,-0.137190044847288,NONE
",",PUNCT,,punct,,,,,0.1911123607249657,NONE
пожалуйста,ADV,,parataxis,,,,,0.2002554120739501,NONE
",",PUNCT,,punct,,,,,0.2296926433064079,NONE
оставьте,VERB,,root,,,Plur,,0.1190338504171624,NONE
нам,PRON,,iobj,Dat,,Plur,,0.1456309673028849,NONE
сообщение,NOUN,,obj,Acc,Neut,Sing,Inan,0.2197903870491425,NONE
.,PUNCT,,punct,,,,,0.150649515904582,NONE
Крамер,PROPN,,nsubj,Nom,Masc,Sing,Anim,-0.0463463939376234,PER
сказал,VERB,,root,,Masc,Sing,,0.0735912256666853,NONE
",",PUNCT,,punct,,,,,0.0877639462452856,NONE
что,SCONJ,,mark,,,,,0.2855162657215787,NONE
есть,VERB,,ccomp,,,Plur,,0.0728740065321426,NONE
две,NUM,,nummod:gov,Nom,Fem,,,0.03538053217824,NONE
основные,ADJ,,amod,Nom,,Plur,,-0.047245171952016,NONE
причины,NOUN,,nsubj,Gen,Fem,Sing,Inan,-0.0798146068404429,NONE
успеха,NOUN,,nmod,Gen,Masc,Sing,Inan,-0.0250743450976004,NONE
компаний,NOUN,,nmod,Gen,Fem,Plur,Inan,-0.0072148060577635,NONE
",",PUNCT,,punct,,,,,0.1610455413241477,NONE
несмотря,ADV,,case,,,,,-0.0185770105366833,NONE
на,ADP,,fixed,,,,,0.0029632611047933,NONE
опасения,NOUN,,obl,Acc,Neut,Plur,Inan,0.104536915695321,NONE
рецессии,NOUN,,nmod,Gen,Fem,Sing,Inan,0.1889783013521402,NONE
и,CCONJ,,cc,,,,,0.1388557917726912,NONE
торговую,ADJ,,amod,Acc,Fem,Sing,,0.0239950686882194,NONE
войну,NOUN,,conj,Acc,Fem,Sing,Inan,-0.0057283245873864,NONE
между,ADP,,case,,,,,-0.0625126846605441,NONE
США,PROPN,,nmod,Ins,,Plur,Inan,0.0035335682449625,LOC
и,CCONJ,,cc,,,,,0.2067162308825672,NONE
Китаем,PROPN,,conj,Ins,Masc,Sing,Inan,0.1052976202212887,LOC
.,PUNCT,,punct,,,,,0.5460155998513078,NONE
Источники,NOUN,,nsubj,Nom,Masc,Plur,Inan,0.5447973640775943,NONE
сообщили,VERB,,root,,,Plur,,-0.0293723932189602,NONE
The,PROPN,,flat:foreign,,,,,-0.1265951492748524,ORG
Age,PROPN,,flat:foreign,,,,,0.2591716570814404,ORG
и,CCONJ,,cc,,,,,0.1345936524566981,NONE
The,PROPN,,flat:foreign,,,,,-0.0255270373172719,ORG
Sydney,PROPN,,flat:foreign,,,,,0.376663711671256,ORG
Morning,PROPN,,flat:foreign,,,,,0.106109542839744,ORG
Herald,PROPN,,flat:foreign,,,,,-0.0727075460566378,ORG
",",PUNCT,,punct,,,,,0.064066256792244,NONE
что,SCONJ,,mark,,,,,0.0888585016439966,NONE
Gabba,PROPN,,nsubj,,,,,-0.0210393529030734,ORG
является,VERB,,ccomp,,,Sing,,0.0669543627217642,NONE
единственным,ADJ,,amod,Ins,Masc,Sing,,0.0117730335846987,NONE
крупным,ADJ,,amod,Ins,Masc,Sing,,-0.1185867208861146,NONE
стадионом,NOUN,,obl,Ins,Masc,Sing,Inan,-0.1066246272522453,NONE
в,ADP,,case,,,,,0.0526843661291736,NONE
австралийском,ADJ,,amod,Loc,Masc,Sing,,0.096106572640964,NONE
крикете,NOUN,,nmod,Loc,Masc,Sing,Inan,0.1598627167059266,NONE
",",PUNCT,,punct,,,,,0.2205745107853522,NONE
где,ADV,,advmod,,,,,-0.172980597487424,NONE
сетевого,ADJ,,amod,Gen,Neut,Sing,,-0.0633957758181451,NONE
питания,NOUN,,nsubj,Gen,Neut,Sing,Inan,0.1838783650920706,NONE
на,ADP,,case,,,,,-0.1229314352638883,NONE
земле,NOUN,,nmod,Loc,Fem,Sing,Inan,0.0059843638482621,NONE
недостаточно,ADV,,acl:relcl,,,,,-0.0176242569339535,NONE
для,ADP,,case,,,,,0.0011183867257608,NONE
запуска,NOUN,,obl,Gen,Masc,Sing,Inan,0.1547924010385278,NONE
огромного,ADJ,,amod,Gen,Neut,Sing,,0.0638178415031399,NONE
количества,NOUN,,nmod,Gen,Neut,Sing,Inan,-0.1334982410898484,NONE
вещательных,ADJ,,amod,Gen,,Plur,,0.0982546797774369,NONE
грузовиков,NOUN,,nmod,Gen,Masc,Plur,Inan,-0.0202231385015325,NONE
и,CCONJ,,cc,,,,,-0.0158396376323424,NONE
устройств,NOUN,,conj,Gen,Neut,Plur,Inan,-0.01049632386093,NONE
",",PUNCT,,punct,,,,,0.1378626913802439,NONE
необходимых,ADJ,,amod,Gen,,Plur,,-0.0510137566759083,NONE
для,ADP,,case,,,,,-0.0193214312876469,NONE
передачи,NOUN,,obl,Gen,Fem,Sing,Inan,-0.0675966719934036,NONE
изображений,NOUN,,nmod,Gen,Neut,Plur,Inan,-0.0552639334056715,NONE
по,ADP,,case,,,,,-0.0182939204116294,NONE
всему,DET,,det,Dat,Masc,Sing,,0.048895920899655,NONE
миру,NOUN,,nmod,Dat,Masc,Sing,Inan,-0.0013667240000111,NONE
.,PUNCT,,punct,,,,,-0.0049344123239007,NONE
Это,PRON,,nsubj,Nom,Neut,Sing,Inan,-0.7219569501148558,NONE
было,AUX,,cop,,Neut,Sing,,0.0139122873812808,NONE
частью,NOUN,,root,Ins,Fem,Sing,Inan,0.28121317067309,NONE
цепочки,NOUN,,nmod,Gen,Fem,Sing,Inan,0.0048929255455823,NONE
.,PUNCT,,punct,,,,,0.5607960381119357,NONE
В,ADP,,case,,,,,-0.0036390837850301,NONE
ноябре,NOUN,,obl,Loc,Masc,Sing,Inan,0.1667810259538289,NONE
Верховный,ADJ,,amod,Nom,Masc,Sing,,0.065769002520689,ORG
суд,NOUN,,nsubj,Nom,Masc,Sing,Inan,0.0320536083036682,ORG
вынес,VERB,,root,,Masc,Sing,,0.0054546164219593,NONE
решение,NOUN,,obj,Acc,Neut,Sing,Inan,-0.1140335848157363,NONE
в,ADP,,case,,,,,0.0544373747210062,NONE
пользу,NOUN,,nmod,Acc,Fem,Sing,Inan,-0.086351071011031,NONE
храмового,ADJ,,amod,Gen,Masc,Sing,,0.0103920732048367,NONE
треста,NOUN,,nmod,Gen,Masc,Sing,Inan,0.306367521368742,NONE
",",PUNCT,,punct,,,,,0.1235038300978471,NONE
заявив,VERB,,advcl,,,,,-0.0387663383299004,NONE
",",PUNCT,,punct,,,,,0.1584084836656537,NONE
что,SCONJ,,mark,,,,,-0.1490699612548884,NONE
мусульманским,ADJ,,amod,Dat,,Plur,,0.1062245038990067,NONE
петициям,NOUN,,iobj,Dat,Fem,Plur,Inan,0.1384011970005399,NONE
будет,AUX,,aux:pass,,,Sing,,-0.111512923841684,NONE
предоставлено,VERB,,ccomp,,Neut,Sing,,-0.0610179885193768,NONE
пять,NUM,,nummod:gov,Nom,,,,-0.1623701140716702,NONE
акров,NOUN,,nsubj:pass,Gen,Masc,Plur,Inan,-0.0157355896772848,NONE
на,ADP,,case,,,,,-0.1287013312098947,NONE
альтернативном,ADJ,,amod,Loc,Masc,Sing,,-0.1011002432846259,NONE
участке,NOUN,,nmod,Loc,Masc,Sing,Inan,-0.0216623924581015,NONE
.,PUNCT,,punct,,,,,0.0810308558548418,NONE
Мэр,NOUN,,nsubj,Nom,Masc,Sing,Anim,0.7249094497452875,NONE
Сан-Франциско,PROPN,,nmod,Gen,Masc,Sing,Inan,0.0670500629209916,LOC
Лондон,PROPN,,appos,Nom,Masc,Sing,Anim,0.0411720335093218,LOC
Брид,PROPN,,flat:name,Nom,Masc,Sing,Anim,0.0818700109737391,PER
обвинил,VERB,,root,,Masc,Sing,,0.0708993137411712,NONE
Трампа,PROPN,,obj,Acc,Masc,Sing,Anim,0.0606140667589359,PER
в,ADP,,case,,,,,0.1027480303188234,NONE
"""",PUNCT,,punct,,,,,0.0824637013694247,NONE
"""",PUNCT,,punct,,,,,0.0549891498519576,NONE
нанесении,NOUN,,obl,Loc,Neut,Sing,Inan,0.0948665945690882,NONE
ударов,NOUN,,nmod,Gen,Masc,Plur,Inan,0.0830336142489408,NONE
"""",PUNCT,,punct,,,,,0.0425811537131609,NONE
"""",PUNCT,,punct,,,,,-0.0519341512512114,NONE
по,ADP,,case,,,,,0.2245684092886765,NONE
ее,DET,,det,,,,,-0.0089344647050646,NONE
городу,NOUN,,conj,Dat,Masc,Sing,Inan,0.0345295088534125,NONE
"""",PUNCT,,punct,,,,,0.1288930589128755,NONE
"""",PUNCT,,punct,,,,,0.0408424459905645,NONE
ни,PART,,advmod,,,,,-0.0619723741003459,NONE
по,ADP,,case,,,,,-0.0132027697573678,NONE
какой,DET,,det,Dat,Fem,Sing,,-0.0912104768967249,NONE
другой,DET,,det,Dat,Fem,Sing,,0.034376490499922,NONE
причине,NOUN,,conj,Dat,Fem,Sing,Inan,-0.1916784828587912,NONE
",",PUNCT,,punct,,,,,-0.2923521008620602,NONE
кроме,ADP,,case,,,,,0.0041125602135798,NONE
политики,NOUN,,nmod,Gen,Fem,Sing,Inan,0.1817327444686403,NONE
"""",PUNCT,,punct,,,,,-0.0317547853068698,NONE
"""",PUNCT,,punct,,,,,0.0465975213436292,NONE
.,PUNCT,,punct,,,,,-0.1309487210992603,NONE
"""",PUNCT,,root,,,,,-0.3056470078286389,NONE
В,ADP,,case,,,,,-0.0461842176704358,NONE
обвинительный,ADJ,,amod,Acc,Masc,Sing,Inan,0.0906989122850051,NONE
лист,NOUN,,obl,Acc,Masc,Sing,Inan,0.1619921662782538,NONE
также,ADV,,advmod,,,,,-0.0194724460791037,NONE
входило,VERB,,root,,Neut,Sing,,0.108458168351803,NONE
утверждение,NOUN,,nsubj,Nom,Neut,Sing,Inan,-0.0608027262710093,NONE
о,ADP,,case,,,,,0.1040526200199627,NONE
том,PRON,,nmod,Loc,Neut,Sing,Inan,-0.0078473470956983,NONE
",",PUNCT,,punct,,,,,0.1699888851017643,NONE
что,SCONJ,,mark,,,,,0.1376023310156113,NONE
г-н,NOUN,,nsubj,Nom,Masc,Sing,Anim,0.0862902850092397,NONE
Совор,PROPN,,appos,Nom,Masc,Sing,Anim,0.189121658552573,PER
и,CCONJ,,cc,,,,,0.0583230320202287,NONE
другой,ADJ,,amod,Nom,Masc,Sing,,0.0367296341223612,NONE
обвиняемый,NOUN,,conj,Nom,Masc,Sing,Anim,0.1273025678892075,NONE
Олавале,PROPN,,appos,Nom,Masc,Sing,Anim,0.2351414095313368,PER
Бакаре,PROPN,,flat:name,Nom,Masc,Sing,Anim,0.0510034948083129,PER
планировали,VERB,,acl,,,Plur,,0.0915076759249063,NONE
протест,NOUN,,obj,Acc,Masc,Sing,Inan,0.0991107320051329,NONE
",",PUNCT,,punct,,,,,0.0889025631085902,NONE
чтобы,SCONJ,,mark,,,,,-0.086766259603078,NONE
свергнуть,VERB,,advcl,,,,,0.1342630871195558,NONE
действующее,VERB,,amod,Acc,Neut,Sing,,0.0458486178628545,NONE
правительство,NOUN,,obj,Acc,Neut,Sing,Inan,0.0280891940494403,NONE
.,PUNCT,,punct,,,,,-0.6807423628410543,NONE
Люди,NOUN,,nsubj,Nom,Masc,Plur,Anim,0.2872289765449825,NONE
могут,VERB,,root,,,Plur,,-0.1201588091171563,NONE
по,ADP,,case,,,,,0.0202467755182674,NONE
своему,DET,,det,Dat,Neut,Sing,,0.2059004913971291,NONE
желанию,NOUN,,obl,Dat,Neut,Sing,Inan,0.1441482340867031,NONE
передвигаться,VERB,,xcomp,,,,,0.0395642793447325,NONE
по,ADP,,case,,,,,-0.1866998899804845,NONE
лесу,NOUN,,obl,Dat,Masc,Sing,Inan,0.1002683362734445,NONE
",",PUNCT,,punct,,,,,-0.1107515118690152,NONE
где,ADV,,advmod,,,,,-0.3174842728702561,NONE
им,PRON,,iobj,Dat,,Plur,,-0.1501917803829245,NONE
заблагорассудится,VERB,,acl:relcl,,,Sing,,0.0271170579220971,NONE
",",PUNCT,,punct,,,,,0.2242330861703489,NONE
-,PUNCT,,punct,,,,,0.3113220846157263,NONE
добавил,VERB,,parataxis,,Masc,Sing,,-0.0117914765080682,NONE
он,PRON,,nsubj,Nom,Masc,Sing,,0.2341737712592653,NONE
.,PUNCT,,punct,,,,,0.0992635178384714,NONE
Ряд,NOUN,,nsubj,Nom,Masc,Sing,Inan,-0.0791788515597531,NONE
женщин,NOUN,,nmod,Gen,Fem,Plur,Anim,0.1380436099801055,NONE
объявили,VERB,,root,,,Plur,,-0.0137905753344837,NONE
на,ADP,,case,,,,,0.0884396192097489,NONE
прошлой,ADJ,,amod,Loc,Fem,Sing,,-0.0495047176834966,NONE
неделе,NOUN,,obl,Loc,Fem,Sing,Inan,0.1246084309248168,NONE
",",PUNCT,,punct,,,,,0.3108022284178789,NONE
что,SCONJ,,mark,,,,,-0.1539375318667278,NONE
они,PRON,,nsubj,Nom,,Plur,,-0.0054995807234013,NONE
возбуждают,VERB,,ccomp,,,Plur,,0.0766796108843136,NONE
судебные,ADJ,,amod,Acc,,Plur,Inan,0.1839710101805529,NONE
иски,NOUN,,obj,Acc,Masc,Plur,Inan,0.2461799383678932,NONE
против,ADP,,case,,,,,0.0145748249276507,NONE
левых,ADJ,,amod,Gen,,Plur,,0.2482627549028702,NONE
водителей,NOUN,,nmod,Gen,Masc,Plur,Anim,-0.0381583495595097,NONE
за,ADP,,case,,,,,0.0436989131333144,NONE
сексуальное,ADJ,,amod,Acc,Neut,Sing,,0.0389960587292551,NONE
нападение,NOUN,,obl,Acc,Neut,Sing,Inan,-0.0137068050887417,NONE
на,ADP,,case,,,,,0.1378743291434314,NONE
них,PRON,,nmod,Acc,,Plur,,0.0501532299099464,NONE
.,PUNCT,,punct,,,,,0.69186156526661,NONE
A,X,,root,,,,,0.2238523280863031,NONE
.,PUNCT,,punct,,,,,0.0684250293531199,NONE
Пожалуйста,ADV,,parataxis,,,,,0.268891150987475,NONE
",",PUNCT,,punct,,,,,0.1615074028192522,NONE
проверьте,VERB,,root,,,Plur,,0.0722273184905407,NONE
как,SCONJ,,cc,,,,,-0.0765600079473739,NONE
описание,NOUN,,obj,Acc,Neut,Sing,Inan,0.531555555365841,NONE
объявления,NOUN,,nmod,Gen,Neut,Sing,Inan,0.253708843417833,NONE
",",PUNCT,,punct,,,,,0.1003794361635071,NONE
так,ADV,,cc,,,,,-0.450146952514213,NONE
и,PART,,fixed,,,,,0.0351626958174627,NONE
фотографии,NOUN,,conj,Acc,Fem,Plur,Inan,0.1147907907003731,NONE
в,ADP,,case,,,,,0.2451255521378774,NONE
объявлении,NOUN,,nmod,Loc,Neut,Sing,Inan,0.2714196463212741,NONE
.,PUNCT,,punct,,,,,-0.0501259184920957,NONE
Subaru,PROPN,,nsubj,,,,,0.5045406185201299,ORG
особенно,ADV,,obl,,,,,0.1067699328591098,NONE
сильна,ADJ,,root,,Fem,Sing,,0.0230167848868399,NONE
в,ADP,,case,,,,,0.0494261050149503,NONE
спортивно-полезных,ADJ,,amod,Loc,,Plur,,-0.0029372869556017,NONE
транспортных,ADJ,,amod,Loc,,Plur,,-0.0021902791552603,NONE
средствах,NOUN,,obl,Loc,Neut,Plur,Inan,0.2774697886932253,NONE
(,PUNCT,,punct,,,,,-0.0691722619492314,NONE
SUV,PROPN,,flat:foreign,,,,,0.1916553504199954,NONE
),PUNCT,,punct,,,,,0.1624916177556873,NONE
и,CCONJ,,cc,,,,,-0.080876101695361,NONE
полноприводных,ADJ,,amod,Loc,,Plur,,0.0160474517896266,NONE
технологиях,NOUN,,conj,Loc,Fem,Plur,Inan,0.1683147391618288,NONE
.,PUNCT,,punct,,,,,0.6824927748852037,NONE
Подписка,NOUN,,nsubj:pass,Nom,Fem,Sing,Inan,0.1241986181873508,NONE
Norton,PROPN,,flat:foreign,,,,,-0.0753896316149697,NONE
должна,ADJ,,root,,Fem,Sing,,-0.1638392193586045,NONE
быть,AUX,,aux:pass,,,,,-0.1207175797961944,NONE
установлена,VERB,,xcomp,,Fem,Sing,,-0.0406875458632911,NONE
и,CCONJ,,cc,,,,,-0.0910922795577192,NONE
активирована,VERB,,conj,,Fem,Sing,,0.0509713067151113,NONE
на,ADP,,case,,,,,-0.0749282160858142,NONE
вашем,DET,,det,Loc,Neut,Sing,,0.1854324704783426,NONE
устройстве,NOUN,,obl,Loc,Neut,Sing,Inan,0.2324626840475358,NONE
до,ADP,,case,,,,,-0.0392819603536724,NONE
того,PRON,,obl,Gen,Neut,Sing,Inan,0.0140857189001834,NONE
",",PUNCT,,punct,,,,,0.2569458092278806,NONE
как,SCONJ,,mark,,,,,0.1127425046209889,NONE
оно,PRON,,nsubj:pass,Nom,Neut,Sing,,0.1833192296268859,NONE
будет,AUX,,aux:pass,,,Sing,,0.246549168625204,NONE
заражено,VERB,,acl,,Neut,Sing,,0.1367734978036219,NONE
вирусом,NOUN,,obl,Ins,Masc,Sing,Inan,0.0653176110499016,NONE
.,PUNCT,,punct,,,,,-0.2322984265058124,NONE
Просто,PART,,advmod,,,,,0.1370847005873668,NONE
починить,VERB,,root,,,,,0.1316995831176503,NONE
дом,NOUN,,obj,Acc,Masc,Sing,Inan,-0.0292951748945572,NONE
",",PUNCT,,punct,,,,,0.2313662481535416,NONE
как,ADV,,mark,,,,,-0.1651203505952419,NONE
домовладелец,NOUN,,nsubj,Nom,Masc,Sing,Anim,0.0866061997305825,NONE
будет,AUX,,cop,,,Sing,,-0.239465082880703,NONE
и,CCONJ,,cc,,,,,-0.0285293908804942,NONE
должен,ADJ,,conj,,Masc,Sing,,-0.2463318828693829,NONE
",",PUNCT,,punct,,,,,0.2775072706527507,NONE
не,PART,,advmod,,,,,0.0848533386585583,NONE
имея,VERB,,advcl,,,,,-0.0392267550979963,NONE
ничего,PRON,,obl,Gen,,,,-0.2381407630166019,NONE
",",PUNCT,,punct,,,,,0.5198495720445964,NONE
кроме,ADP,,case,,,,,-0.0267071543032596,NONE
свободного,ADJ,,amod,Gen,Neut,Sing,,0.1116444194410194,NONE
времени,NOUN,,nmod,Gen,Neut,Sing,Inan,-0.1275849288906476,NONE
.,PUNCT,,punct,,,,,-0.1064201657008301,NONE
Они,PRON,,nsubj,Nom,,Plur,,0.227668696787202,NONE
являются,VERB,,root,,,Plur,,-0.3048793448429816,NONE
дешевым,ADJ,,amod,Ins,Masc,Sing,,0.1815217939291554,NONE
продуктом,NOUN,,obl,Ins,Masc,Sing,Inan,-0.006918734703176,NONE
и,CCONJ,,cc,,,,,-0.0540502724939581,NONE
более,ADV,,obl,,,,,-0.019350125769364,NONE
безопасными,ADJ,,conj,Ins,,Plur,,-0.0660952327394308,NONE
",",PUNCT,,punct,,,,,0.1635951700586377,NONE
чем,SCONJ,,mark,,,,,0.0089309997310748,NONE
многие,NUM,,amod,,,,,0.0913163051807477,NONE
другие,ADJ,,amod,Nom,,Plur,,0.2390949036030834,NONE
методы,NOUN,,advcl,Nom,Masc,Plur,Inan,0.2031364974299991,NONE
",",PUNCT,,punct,,,,,0.1699374203328438,NONE
такие,DET,,det,Nom,,Plur,,0.1781756263648307,NONE
как,SCONJ,,mark,,,,,0.0663574927479125,NONE
втирание,NOUN,,obl,Nom,Neut,Sing,Inan,0.4590647409672055,NONE
спиртных,ADJ,,amod,Gen,,Plur,,-0.040810503369369,NONE
напитков,NOUN,,nmod,Gen,Masc,Plur,Inan,0.0238739033144198,NONE
",",PUNCT,,punct,,,,,0.2582922199061135,NONE
зубные,ADJ,,amod,Nom,,Plur,,0.0764621279381848,NONE
пики,NOUN,,conj,Nom,Masc,Plur,Inan,-0.0175923431231453,NONE
",",PUNCT,,punct,,,,,0.2241989985176993,NONE
пины,NOUN,,conj,Nom,Fem,Plur,Inan,0.1259402075476837,NONE
и,CCONJ,,cc,,,,,-0.0656093001614341,NONE
иглы,NOUN,,conj,Nom,Fem,Plur,Inan,0.0417944549078611,NONE
.,PUNCT,,punct,,,,,0.0608467991244157,NONE
Протесты,NOUN,,nsubj,Nom,Masc,Plur,Inan,-0.1048214913016513,NONE
",",PUNCT,,punct,,,,,0.303728570079799,NONE
вызванные,VERB,,acl,Nom,,Plur,,0.3091094714314595,NONE
гибелью,NOUN,,obl:agent,Ins,Fem,Sing,Inan,-0.0014203675888257,NONE
25,NUM,,nmod,,,,,0.1398514441198406,NONE
мая,NOUN,,flat,Gen,Masc,Sing,Inan,0.1877983393753907,NONE
Джорджа,PROPN,,nmod,Gen,Masc,Sing,Anim,0.0433671991599069,PER
Флойда,PROPN,,flat:name,Gen,Masc,Sing,Anim,0.0503114822079712,PER
",",PUNCT,,punct,,,,,0.0871699890016069,NONE
чернокожего,ADJ,,amod,Gen,Masc,Sing,,0.1578832197198052,NONE
мужчины,NOUN,,appos,Gen,Masc,Sing,Anim,0.0021423772369666,NONE
в,ADP,,case,,,,,0.1559839354746383,NONE
Миннесоте,PROPN,,nmod,Loc,Fem,Sing,Inan,0.1065122479821943,LOC
",",PUNCT,,punct,,,,,0.1442198327683772,NONE
который,PRON,,nsubj,Nom,Masc,Sing,,-0.0646604607295442,NONE
умер,VERB,,acl:relcl,,Masc,Sing,,0.1787193139115047,NONE
после,ADP,,case,,,,,0.0037366051717645,NONE
того,PRON,,obl,Gen,Neut,Sing,Inan,-0.0597215687402451,NONE
",",PUNCT,,punct,,,,,0.0383754286361082,NONE
как,SCONJ,,mark,,,,,-0.1376787921582553,NONE
белый,ADJ,,amod,Nom,Masc,Sing,,0.2752291393897226,NONE
офицер,NOUN,,nsubj,Nom,Masc,Sing,Anim,0.1446180554414554,NONE
прижал,VERB,,acl,,Masc,Sing,,0.002330598568041,NONE
его,PRON,,obj,Acc,Masc,Sing,,0.2149312625303988,NONE
к,ADP,,case,,,,,0.0785842975846788,NONE
земле,NOUN,,obl,Dat,Fem,Sing,Inan,0.0176370284597462,NONE
с,ADP,,case,,,,,0.0577258111532302,NONE
коленом,NOUN,,obl,Ins,Neut,Sing,Inan,0.0768512547403827,NONE
к,ADP,,case,,,,,0.0028013481625683,NONE
шее,NOUN,,obl,Dat,Fem,Sing,Inan,0.0226033757865056,NONE
",",PUNCT,,punct,,,,,-0.0969090282418534,NONE
также,ADV,,advmod,,,,,0.0674788760515262,NONE
привлекли,VERB,,root,,,Plur,,0.0728062664249624,NONE
внимание,NOUN,,obj,Acc,Neut,Sing,Inan,0.100956481620005,NONE
к,ADP,,case,,,,,-0.0750540775968816,NONE
другим,DET,,amod,Dat,,Plur,,0.0040592413710901,NONE
случаям,NOUN,,nmod,Dat,Masc,Plur,Inan,0.0538151757572702,NONE
насилия,NOUN,,nmod,Gen,Neut,Sing,Inan,0.104555652710929,NONE
со,ADP,,case,,,,,-0.0005867476305547,NONE
стороны,NOUN,,fixed,Gen,Fem,Sing,Inan,-0.018065080277991,NONE
полиции,NOUN,,nmod,Gen,Fem,Sing,Inan,0.1072281560987939,NONE
со,ADP,,case,,,,,0.149275471956949,NONE
смертельным,ADJ,,amod,Ins,Masc,Sing,,0.0575638797536599,NONE
исходом,NOUN,,nmod,Ins,Masc,Sing,Inan,0.1636499259002573,NONE
.,PUNCT,,punct,,,,,-0.0096444752574814,NONE
Если,SCONJ,,mark,,,,,0.0622901653047865,NONE
аукцион,NOUN,,nsubj,Nom,Masc,Sing,Inan,0.2625624823177597,NONE
превысит,VERB,,advcl,,,Sing,,-0.0498738194805284,NONE
ваш,DET,,det,Acc,Masc,Sing,,-0.3192006796746082,NONE
бюджет,NOUN,,obj,Acc,Masc,Sing,Inan,-0.0381022282043558,NONE
",",PUNCT,,punct,,,,,-0.0623705099970988,NONE
а,CCONJ,,cc,,,,,0.0729104829960814,NONE
вы,PRON,,nsubj,Nom,,Plur,,0.1692637387850234,NONE
пропустите,VERB,,conj,,,Plur,,0.3209499040363275,NONE
",",PUNCT,,punct,,,,,0.0073815597959769,NONE
не,PART,,advmod,,,,,0.3755455984490317,NONE
переживайте,VERB,,root,,,Plur,,0.0195327495214882,NONE
",",PUNCT,,punct,,,,,0.2238959266364674,NONE
так,ADV,,mark,,,,,-0.0893994312401769,NONE
как,SCONJ,,fixed,,,,,0.0173844905458942,NONE
там,ADV,,advmod,,,,,-0.0752015514894969,NONE
будет,VERB,,advcl,,,Sing,,0.1907520568415844,NONE
еще,ADV,,advmod,,,,,-0.0126030379021657,NONE
один,NUM,,nummod,Nom,Masc,,,0.3408595673582543,NONE
дом,NOUN,,nsubj,Nom,Masc,Sing,Inan,0.0345827543568686,NONE
.,PUNCT,,punct,,,,,0.13229002927337,NONE
Вертолет,NOUN,,root,Nom,Masc,Sing,Inan,0.1683489844390343,NONE
в,ADP,,case,,,,,0.2401078718652734,NONE
Сенегале,PROPN,,nmod,Loc,Masc,Sing,Inan,0.2861049524201677,LOC
в,ADP,,case,,,,,0.0555755282872074,NONE
C,PROPN,,flat:foreign,,,,,-0.0156461480858894,NONE
.,PUNCT,,punct,,,,,0.2924274036718607,NONE
Африканской,PROPN,,amod,,,,,0.4100531704602367,LOC
Республике,PROPN,,nmod,Loc,Fem,Sing,Inan,0.1509255342235592,LOC
",",PUNCT,,punct,,,,,0.2761537836217276,NONE
убив,VERB,,advcl,,,,,-0.0563880208923889,NONE
3,NUM,,obl,,,,,0.1622773989073857,NONE
Однако,ADV,,advmod,,,,,-0.0558214342098905,NONE
есть,VERB,,root,,,Sing,,0.2683023141620463,NONE
несколько,NUM,,nummod:gov,Nom,,,,0.0390076014768016,NONE
криптовалют,NOUN,,nsubj,Gen,Fem,Plur,Inan,0.0743816022622883,NONE
",",PUNCT,,punct,,,,,-0.0117855309963509,NONE
которые,PRON,,nsubj,Nom,,,,-0.0232366062319166,NONE
работают,VERB,,acl:relcl,,,Plur,,-0.0156170374037391,NONE
над,ADP,,case,,,,,-0.0115226391846589,NONE
тем,PRON,,obl,Ins,Neut,Sing,Inan,-0.0335037021192835,NONE
",",PUNCT,,punct,,,,,-0.0134288810937642,NONE
чтобы,SCONJ,,mark,,,,,-0.0161613347164194,NONE
подняться,VERB,,advcl,,,,,0.0017797154234094,NONE
над,ADP,,case,,,,,-0.0041618988493334,NONE
пакетом,NOUN,,obl,Ins,Masc,Sing,Inan,-0.0145374472463211,NONE
и,CCONJ,,cc,,,,,4.326491399307292,NONE
поддержать,VERB,,conj,,,,,0.0016806659066253,NONE
свою,DET,,det,Acc,Fem,Sing,,-0.0660420691352022,NONE
популярность,NOUN,,obj,Acc,Fem,Sing,Inan,0.0066986792345399,NONE
реальной,ADJ,,amod,Ins,Fem,Sing,,0.277494797721572,NONE
полезностью,NOUN,,obl,Ins,Fem,Sing,Inan,-0.0331457063685685,NONE
и,CCONJ,,cc,,,,,0.011822592774795,NONE
фундаментальной,ADJ,,amod,Ins,Fem,Sing,,0.0238536456373294,NONE
ценностью,NOUN,,conj,Ins,Fem,Sing,Inan,-0.032602869144131,NONE
.,PUNCT,,punct,,,,,0.1653148771915246,NONE
Лейбористская,ADJ,,amod,Nom,Fem,Sing,,0.153653427739573,ORG
партия,NOUN,,nsubj,Nom,Fem,Sing,Inan,0.0072905253055051,ORG
пока,ADV,,advmod,,,,,-0.0236367475679709,NONE
отказывается,VERB,,root,,,Sing,,0.0635410363983132,NONE
комментировать,VERB,,xcomp,,,,,0.0875611155952902,NONE
это,DET,,det,Acc,Neut,Sing,,-0.1240973231824781,NONE
требование,NOUN,,obj,Acc,Neut,Sing,Inan,0.0267289592423424,NONE
.,PUNCT,,punct,,,,,0.8211548928220461,NONE
В,ADP,,case,,,,,-0.3451176166330506,NONE
ближайшие,ADJ,,amod,Acc,,Plur,Inan,0.2412151496294534,NONE
дни,NOUN,,obl,Acc,Masc,Plur,Inan,0.0229523006435598,NONE
морской,ADJ,,amod,Nom,Masc,Sing,,0.474570214331917,NONE
путь,NOUN,,nsubj,Nom,Masc,Sing,Inan,0.0905347111237584,NONE
будет,AUX,,cop,,,Sing,,-0.1485403598641833,NONE
наиболее,ADV,,obl,,,,,0.3737159810057796,NONE
предпочтительным,ADJ,,root,Ins,Masc,Sing,,0.3306226863352971,NONE
для,ADP,,case,,,,,0.1985936737927076,NONE
террористов,NOUN,,obl,Gen,Masc,Plur,Anim,0.1605323259473104,NONE
.,PUNCT,,punct,,,,,0.0120841989114668,NONE
Циферблат,NOUN,,root,Nom,Masc,Sing,Inan,0.0031592570903395,NONE
черного,ADJ,,amod,Gen,Masc,Sing,,0.0742776768882828,NONE
цвета,NOUN,,nmod,Gen,Masc,Sing,Inan,-0.3163933064917345,NONE
с,ADP,,case,,,,,-0.0847279607373696,NONE
белыми,ADJ,,amod,Ins,,Plur,,-0.2466316215769021,NONE
маркерами,NOUN,,nmod,Ins,Masc,Plur,Inan,-0.1108701834057418,NONE
и,CCONJ,,cc,,,,,-0.2619341308287713,NONE
апертурой,NOUN,,conj,Ins,Fem,Sing,Inan,-0.0870202448415888,NONE
даты,NOUN,,nmod,Gen,Fem,Sing,Inan,-0.0297656409922605,NONE
на,ADP,,case,,,,,0.106828175957452,NONE
нижнем,ADJ,,amod,Loc,Masc,Sing,,0.2410923926956028,NONE
дополнительном,ADJ,,amod,Loc,Masc,Sing,,0.0411039747390916,NONE
циферблате,NOUN,,nmod,Loc,Masc,Sing,Inan,0.3302774048864476,NONE
.,PUNCT,,punct,,,,,-0.0601928498261773,NONE
Адитьянатх,PROPN,,nsubj,Nom,Masc,Sing,Anim,0.3387483640974544,PER
сказал,VERB,,root,,Masc,Sing,,-0.1885647626683327,NONE
",",PUNCT,,punct,,,,,-0.1633931503272147,NONE
что,SCONJ,,mark,,,,,-0.3059926061920259,NONE
это,DET,,det,Nom,Neut,Sing,,-0.0185725365230913,NONE
событие,NOUN,,nsubj,Nom,Neut,Sing,Inan,0.134011079099127,NONE
положило,VERB,,ccomp,,Neut,Sing,,0.1820668879270887,NONE
конец,NOUN,,obj,Acc,Masc,Sing,Inan,0.0487126015515734,NONE
«500-летней,ADJ,,amod,Dat,Fem,Sing,,0.048550787871042,NONE
борьбе»,NOUN,,iobj,Dat,Fem,Sing,Inan,-0.2129805024969909,NONE
",",PUNCT,,punct,,,,,0.4647920685384272,NONE
сообщает,VERB,,parataxis,,,Sing,,-0.1099722557267014,NONE
PTI,PROPN,,nsubj,,,,,0.1822332040633374,ORG
.,PUNCT,,punct,,,,,-0.3030439200319795,NONE
Так,ADV,,advmod,,,,,0.1779420785726043,NONE
как,ADV,,root,,,,,-0.1517473854861182,NONE
же,PART,,advmod,,,,,0.4257327948887573,NONE
была,VERB,,cop,,Fem,Sing,,-0.2163162994735749,NONE
реакция,NOUN,,nsubj,Nom,Fem,Sing,Inan,-0.4515187176034296,NONE
«старой,ADJ,,amod,Gen,Fem,Sing,,0.3045690004867466,NONE
банды»,NOUN,,nmod,Gen,Fem,Sing,Inan,0.2967863761154362,NONE
?,PUNCT,,punct,,,,,0.2287338401619466,NONE
Премьер-министр,NOUN,,nsubj,Nom,Masc,Sing,Anim,0.0439581739124007,NONE
запутался,VERB,,root,,Masc,Sing,,0.0484008782054902,NONE
в,ADP,,case,,,,,0.1152602908650475,NONE
узлах,NOUN,,obl,Loc,Masc,Plur,Inan,0.0632404074327175,NONE
",",PUNCT,,punct,,,,,0.0083833208793561,NONE
неоднократно,ADV,,advmod,,,,,-0.0326806798201118,NONE
отрицая,VERB,,advcl,,,,,0.1470111950553608,NONE
",",PUNCT,,punct,,,,,0.0922761715452974,NONE
что,SCONJ,,mark,,,,,0.5300425249804568,NONE
какие-либо,DET,,det,Nom,,Plur,,0.1884374843204811,NONE
правила,NOUN,,nsubj:pass,Nom,Neut,Plur,Inan,-0.0286125071257173,NONE
были,AUX,,aux:pass,,,Plur,,0.0594897248322197,NONE
нарушены,VERB,,ccomp,,,Plur,,0.0530462679723598,NONE
",",PUNCT,,punct,,,,,0.0617920481693393,NONE
прежде,ADV,,mark,,,,,0.1160317805373657,NONE
чем,SCONJ,,fixed,,,,,-0.1009830604833631,NONE
появились,VERB,,advcl,,,Plur,,-0.0150695605227493,NONE
новые,ADJ,,amod,Nom,,Plur,,0.0782548007032822,NONE
сообщения,NOUN,,nsubj,Nom,Neut,Plur,Inan,0.0955368559902838,NONE
и,CCONJ,,cc,,,,,-0.0390008954200572,NONE
доказательства,NOUN,,conj,Nom,Neut,Plur,Inan,0.0960388205192846,NONE
",",PUNCT,,punct,,,,,0.105372031950594,NONE
предполагающие,VERB,,acl,Nom,,Plur,,0.1371253637950122,NONE
обратное,ADJ,,obj,Acc,Neut,Sing,,0.3376885607061848,NONE
.,PUNCT,,punct,,,,,-0.3049183410890435,NONE
В,ADP,,case,,,,,0.0209834283933521,NONE
четверг,NOUN,,obl,Acc,Masc,Sing,Inan,0.2043578685875477,NONE
полиция,NOUN,,nsubj,Nom,Fem,Sing,Inan,0.1540302844581979,NONE
объявила,VERB,,root,,Fem,Sing,,-0.0161226516089341,NONE
",",PUNCT,,punct,,,,,-0.0343667564618974,NONE
что,SCONJ,,mark,,,,,-0.0433864486084515,NONE
после,ADP,,case,,,,,0.002164024117597,NONE
того,PRON,,obl,Gen,Neut,Sing,Inan,-0.0111484860935914,NONE
",",PUNCT,,punct,,,,,-0.0169962884944806,NONE
как,SCONJ,,mark,,,,,0.1641711900211603,NONE
ее,PRON,,obj,Acc,Fem,Sing,,0.2172585981848856,NONE
доставили,VERB,,acl,,,Plur,,0.0168362544607272,NONE
в,ADP,,case,,,,,0.0863481580825943,NONE
больницу,NOUN,,obl,Acc,Fem,Sing,Inan,0.1607726350909549,NONE
с,ADP,,case,,,,,0.0049074822395465,NONE
разрушительными,ADJ,,amod,Ins,,Plur,,0.123758941578827,NONE
травмами,NOUN,,obl,Ins,Fem,Plur,Inan,0.1135677400618029,NONE
",",PUNCT,,punct,,,,,0.2073348486084625,NONE
маленькая,ADJ,,amod,Nom,Fem,Sing,,0.2049207335261167,NONE
девочка,NOUN,,nsubj,Nom,Fem,Sing,Anim,0.0301792385345203,NONE
",",PUNCT,,punct,,,,,0.0164180030626201,NONE
к,ADP,,case,,,,,0.232781736255415,NONE
сожалению,NOUN,,parataxis,Dat,Neut,Sing,Inan,0.0151367378560001,NONE
",",PUNCT,,punct,,,,,0.1065712451002897,NONE
умерла,VERB,,ccomp,,Fem,Sing,,0.0328513368458242,NONE
.,PUNCT,,punct,,,,,-0.5959171810441315,NONE
Тележка,NOUN,,nsubj:pass,Nom,Fem,Sing,Inan,0.291130688746025,NONE
Параса,PROPN,,nmod,Gen,Masc,Sing,Anim,0.0849942171478003,NONE
Райкара,PROPN,,flat:name,Gen,Masc,Sing,Anim,0.0370196548339207,NONE
",",PUNCT,,punct,,,,,-0.0849485258274121,NONE
перевозившую,VERB,,acl,Acc,Fem,Sing,,0.1408203522307511,NONE
яйца,NOUN,,obj,Acc,Neut,Plur,Inan,-0.0202979869474601,NONE
",",PUNCT,,punct,,,,,-0.0955262044505034,NONE
якобы,ADV,,advmod,,,,,-0.1895957322739049,NONE
была,AUX,,aux:pass,,Fem,Sing,,-0.2500739967237697,NONE
опрокинута,VERB,,root,,Fem,Sing,,0.2889301995156441,NONE
в,ADP,,case,,,,,0.1316276798179118,NONE
четверг,NOUN,,obl,Acc,Masc,Sing,Inan,0.0646814264560269,NONE
гражданскими,ADJ,,amod,Ins,,Plur,,0.0333355871987282,NONE
чиновниками,NOUN,,obl,Ins,Masc,Plur,Anim,0.1301806980846712,NONE
в,ADP,,case,,,,,0.2778899854044777,NONE
Индоре,PROPN,,nmod,Loc,Masc,Sing,Inan,0.0934221235445562,LOC
.,PUNCT,,punct,,,,,-0.5729869374521781,NONE
Понимаете,VERB,,parataxis,,,Plur,,0.345870309607334,NONE
",",PUNCT,,punct,,,,,0.0807114912530632,NONE
два,NUM,,nummod:gov,Nom,Masc,,,0.1548908578824382,NONE
моих,DET,,det,Gen,,Plur,,0.0243971952482777,NONE
близких,ADJ,,amod,Gen,,Plur,,0.0838398352051333,NONE
друга,NOUN,,nsubj,Gen,Masc,Sing,Anim,0.1145278530363814,NONE
и,CCONJ,,cc,,,,,-0.0068839372937502,NONE
члены,NOUN,,conj,Nom,Masc,Plur,Anim,0.2183199597261964,NONE
их,DET,,det,,,,,-0.204023086741098,NONE
семей,NOUN,,nmod,Gen,Fem,Plur,Inan,0.0940967123027062,NONE
страдают,VERB,,root,,,Plur,,-0.0107663735502415,NONE
рассеянным,VERB,,amod,Ins,Masc,Sing,,0.0014930146891585,NONE
склерозом,NOUN,,obl,Ins,Masc,Sing,Inan,0.1592330272475276,NONE
-,PUNCT,,punct,,,,,-0.0245305087150279,NONE
изнурительным,ADJ,,amod,Ins,Neut,Sing,,0.023771844872711,NONE
заболеванием,NOUN,,parataxis,Ins,Neut,Sing,Inan,0.2204816590154742,NONE
центральной,ADJ,,amod,Gen,Fem,Sing,,0.1161891952785187,NONE
нервной,ADJ,,amod,Gen,Fem,Sing,,-0.1260934388169916,NONE
системы,NOUN,,nmod,Gen,Fem,Sing,Inan,0.053559645556319,NONE
",",PUNCT,,punct,,,,,0.0870655628060417,NONE
которое,PRON,,nsubj,Nom,,,,0.1881945176280912,NONE
прерывает,VERB,,acl:relcl,,,Sing,,0.0830211762979711,NONE
связь,NOUN,,obj,Acc,Fem,Sing,Inan,0.2506211204162409,NONE
между,ADP,,case,,,,,0.0763154967317257,NONE
мозгом,NOUN,,nmod,Ins,Masc,Sing,Inan,0.1536030177618435,NONE
и,CCONJ,,cc,,,,,0.102639073297152,NONE
телом,NOUN,,conj,Ins,Neut,Sing,Inan,0.2998438135332145,NONE
.,PUNCT,,punct,,,,,-0.2500620565477764,NONE
У,ADP,,case,,,,,0.2288940992477661,NONE
нас,PRON,,obl,Gen,,Plur,,0.0643540313475588,NONE
было,VERB,,root,,Neut,Sing,,-0.326951135660279,NONE
рекордное,ADJ,,amod,Nom,Neut,Sing,,-0.0390111927412437,NONE
количество,NOUN,,nsubj,Nom,Neut,Sing,Inan,0.0167302538574459,NONE
спонсируемых,VERB,,amod,Gen,,Plur,,-0.054762203805149,NONE
мероприятий,NOUN,,nmod,Gen,Neut,Plur,Inan,-0.1237142993023446,NONE
",",PUNCT,,punct,,,,,-0.040259886570018,NONE
включая,ADV,,advmod,,,,,0.0711613603969772,NONE
массовый,ADJ,,amod,Acc,Masc,Sing,Inan,0.1156571073943566,NONE
лыжник,NOUN,,obj,Acc,Masc,Sing,Inan,0.0500330644309738,NONE
",",PUNCT,,punct,,,,,-0.0513963228610726,NONE
плавание,NOUN,,conj,Acc,Neut,Sing,Inan,-0.0645402485933628,NONE
",",PUNCT,,punct,,,,,0.0411981405854723,NONE
прогулку,NOUN,,conj,Acc,Fem,Sing,Inan,0.0280329154502144,NONE
Бен,PROPN,,nmod,,,,,-0.1401611385847785,PER
Невиса,PROPN,,flat:name,Gen,Masc,Sing,Anim,-0.0808049828375603,PER
",",PUNCT,,punct,,,,,-0.0464886327715262,NONE
прыжки,NOUN,,conj,Acc,Masc,Plur,Inan,-0.0069043984522456,NONE
с,ADP,,case,,,,,-0.2259080677852986,NONE
банджи,NOUN,,nmod,Gen,Fem,Sing,Inan,0.3273699515239324,NONE
",",PUNCT,,punct,,,,,-0.0591746486885846,NONE
прогулку,NOUN,,conj,Acc,Fem,Sing,Inan,0.0756966292030623,NONE
с,ADP,,case,,,,,-0.0715085856385954,NONE
собаками,NOUN,,nmod,Ins,Fem,Plur,Anim,-0.0640892856387378,NONE
",",PUNCT,,punct,,,,,-0.1278951314427316,NONE
дни,NOUN,,conj,Acc,Masc,Plur,Inan,-0.0905481056325118,NONE
танцев,NOUN,,nmod,Gen,Masc,Plur,Inan,0.0641423962917703,NONE
",",PUNCT,,punct,,,,,-0.0068912009712403,NONE
футбол,NOUN,,conj,Acc,Masc,Sing,Inan,0.3530272051695366,NONE
и,CCONJ,,cc,,,,,-0.2134585844263776,NONE
чтение,NOUN,,conj,Acc,Neut,Sing,Inan,-0.0149719542138459,NONE
.,PUNCT,,punct,,,,,0.2251720628670081,NONE
Национальное,ADJ,,amod,Nom,Neut,Sing,,0.358916332572572,ORG
избирательное,ADJ,,amod,Nom,Neut,Sing,,-0.1240505745708396,ORG
управление,NOUN,,nsubj,Nom,Neut,Sing,Inan,-0.1220667191039103,ORG
(,PUNCT,,punct,,,,,-0.0637535484423456,ORG
NEA,PROPN,,flat:foreign,,,,,0.0987126523499687,ORG
),PUNCT,,punct,,,,,-0.0729827659376134,ORG
в,ADP,,case,,,,,0.1389338581147299,NONE
субботу,NOUN,,obl,Acc,Fem,Sing,Inan,-0.1484385194360085,NONE
начало,VERB,,root,,Neut,Sing,,0.0724867806228696,NONE
регистрацию,NOUN,,obj,Acc,Fem,Sing,Inan,-0.1468391230978145,NONE
данных,NOUN,,amod,Gen,,Plur,Inan,-0.0351307529975222,NONE
избирателей,NOUN,,nmod,Gen,Masc,Plur,Anim,-0.0039062444574968,NONE
на,ADP,,case,,,,,-0.0343710586992652,NONE
борту,NOUN,,nmod,Loc,Masc,Sing,Inan,-0.0105068297495329,NONE
",",PUNCT,,punct,,,,,0.0360150819414045,NONE
чтобы,SCONJ,,mark,,,,,-0.2150946154186314,NONE
начать,VERB,,advcl,,,,,-0.0204206936670522,NONE
подавать,VERB,,xcomp,,,,,-0.0473680798898919,NONE
свои,DET,,det,Acc,,Plur,,-0.054826756662941,NONE
голоса,NOUN,,obj,Acc,Masc,Plur,Inan,0.0142188613850023,NONE
на,ADP,,case,,,,,-0.0659895486946205,NONE
выборах,NOUN,,obl,Loc,Masc,Plur,Inan,0.0339529485656152,NONE
в,ADP,,case,,,,,0.0022345677524985,NONE
сенат,NOUN,,nmod,Acc,Masc,Sing,Inan,0.0611016002769661,NONE
",",PUNCT,,punct,,,,,-0.0550270543628824,NONE
которые,PRON,,nsubj,Nom,,,,-0.2700458811144123,NONE
состоятся,VERB,,acl:relcl,,,Plur,,-0.1619345968023956,NONE
9,NUM,,obl,,,,,0.0053193422831041,NONE
и,CCONJ,,cc,,,,,-0.1464135850886631,NONE
10,NUM,,conj,,,,,-0.0191680366136383,NONE
августа,NOUN,,flat,Gen,Masc,Sing,Inan,-0.0120572972559844,NONE
",",PUNCT,,punct,,,,,0.1062311228203145,NONE
согласно,ADP,,case,,,,,-0.1249879247430747,NONE
официальному,ADJ,,amod,Dat,Masc,Sing,,-0.0559697676748928,NONE
сайту,NOUN,,obl,Dat,Masc,Sing,Inan,-0.0653604866968748,NONE
NEA,PROPN,,flat:foreign,,,,,0.1898678993477279,ORG
.,PUNCT,,punct,,,,,0.5021977760146549,NONE
Нажмите,VERB,,root,,,Plur,,0.0499355050490209,NONE
Восстановить,VERB,,xcomp,,,,,0.1480262895513372,NONE
свою,DET,,det,Acc,Fem,Sing,,0.1077171684674268,NONE
учетную,ADJ,,amod,Acc,Fem,Sing,,0.0821648356529329,NONE
запись,NOUN,,obj,Acc,Fem,Sing,Inan,0.3770897201464045,NONE
.,PUNCT,,punct,,,,,0.3296136536509106,NONE
После,ADP,,case,,,,,0.5499205248876299,NONE
их,DET,,det,,,,,0.0673361707778947,NONE
встречи,NOUN,,obl,Gen,Fem,Sing,Inan,-0.0950696282393425,NONE
Ривест,PROPN,,nsubj,Nom,Masc,Sing,Anim,0.1981990674518432,PER
поделился,VERB,,root,,Masc,Sing,,-0.0509408127241751,NONE
клипом,NOUN,,obl,Ins,Masc,Sing,Inan,0.0923074708307439,NONE
в,ADP,,case,,,,,0.0359060752682079,NONE
Twitter,PROPN,,flat:foreign,,,,,0.0552037384496583,ORG
",",PUNCT,,punct,,,,,0.2478931273904021,NONE
написав,VERB,,advcl,,,,,-0.0106109126690089,NONE
:,PUNCT,,punct,,,,,0.129860435493471,NONE
"""",PUNCT,,punct,,,,,0.0141265522984658,NONE
"""",PUNCT,,punct,,,,,-7.260852130423985,NONE
Эй,INTJ,,parataxis,,,,,0.052249289930622,NONE
",",PUNCT,,punct,,,,,0.2344414441939814,NONE
мистер,NOUN,,parataxis,Nom,Masc,Sing,Anim,0.0255485689102074,NONE
",",PUNCT,,punct,,,,,0.2138212617449833,NONE
вот,PART,,root,,,,,0.191345522210299,NONE
ваши,DET,,det,Nom,,Plur,,-0.050607038984433,NONE
3,NUM,,nummod,,,,,-0.1291920032859414,NONE
секунды,NOUN,,nsubj,Gen,Fem,Sing,Inan,0.1941093824394749,NONE
славы,NOUN,,nmod,Gen,Fem,Sing,Inan,0.1682078658087916,NONE
.,PUNCT,,punct,,,,,0.0059178887043295,NONE
Как,ADV,,advmod,,,,,0.0213577357272755,NONE
насчет,ADP,,case,,,,,0.0273681236251947,NONE
того,PRON,,root,Gen,Neut,Sing,Inan,0.0539534244638028,NONE
",",PUNCT,,punct,,,,,-0.0564506431643964,NONE
чтобы,SCONJ,,mark,,,,,-0.1731831065556402,NONE
не,PART,,advmod,,,,,0.0059800159867114,NONE
трогать,VERB,,advcl,,,,,-0.0457541126213722,NONE
меня,PRON,,obj,Gen,,Sing,,-0.1750340855712299,NONE
?,PUNCT,,punct,,,,,-0.2118505419617982,NONE
Спасибо,PART,,root,,,,,-0.0366891884952939,NONE
!,PUNCT,,punct,,,,,-0.1190222124034185,NONE
!,PUNCT,,punct,,,,,-0.0791862975597433,NONE
"""",PUNCT,,punct,,,,,-0.1028947060862463,NONE
"""",PUNCT,,punct,,,,,0.0374606625174375,NONE
"""",PUNCT,,punct,,,,,0.1740440172343048,NONE
Таким,DET,,det,Ins,Masc,Sing,,0.0361179543876533,NONE
образом,NOUN,,parataxis,Ins,Masc,Sing,Inan,0.0183476224318949,NONE
",",PUNCT,,punct,,,,,0.0233439400812786,NONE
"""",PUNCT,,punct,,,,,-0.0827873224119113,NONE
"""",PUNCT,,punct,,,,,-0.006461695434092,NONE
Восстановление,NOUN,,nsubj,Nom,Neut,Sing,Inan,0.1535544080868075,NONE
"""",PUNCT,,punct,,,,,0.0838036719291865,NONE
"""",PUNCT,,punct,,,,,0.0968836814498556,NONE
смогло,VERB,,root,,Neut,Sing,,0.0925417016760933,NONE
продемонстрировать,VERB,,xcomp,,,,,0.0257303921884954,NONE
",",PUNCT,,punct,,,,,0.1526322608486911,NONE
что,SCONJ,,mark,,,,,0.0166046874632138,NONE
стероид,NOUN,,nsubj,Nom,Masc,Sing,Inan,0.0241408966549068,NONE
дексаметазон,NOUN,,appos,Nom,Masc,Sing,Inan,0.0394502536813123,NONE
на,ADP,,case,,,,,-0.0170938662677258,NONE
треть,NOUN,,obl,Acc,Fem,Sing,Inan,0.0214597362150772,NONE
снизил,VERB,,ccomp,,Masc,Sing,,-0.0275795055562293,NONE
смертность,NOUN,,obj,Acc,Fem,Sing,Inan,0.0072476803867862,NONE
у,ADP,,case,,,,,-0.0317014865766274,NONE
пациентов,NOUN,,nmod,Gen,Masc,Plur,Anim,0.0213307626341295,NONE
с,ADP,,case,,,,,0.0255427775005568,NONE
Covid-19,PROPN,,flat:foreign,,,,,0.0256586606544517,NONE
на,ADP,,case,,,,,-0.0062364132354408,NONE
аппаратах,NOUN,,nmod,Loc,Masc,Plur,Inan,0.0421040037350494,NONE
ИВЛ,PROPN,,nmod,Gen,Masc,Sing,Inan,0.0184588972997522,NONE
.,PUNCT,,punct,,,,,0.0512215346872932,NONE
"""",PUNCT,,root,,,,,0.3000231198106598,NONE
Круз,PROPN,,nsubj,Nom,Masc,Sing,Anim,0.2063785265755316,PER
сказал,VERB,,root,,Masc,Sing,,-0.1970659304979883,NONE
",",PUNCT,,punct,,,,,0.3859410998801953,NONE
что,SCONJ,,mark,,,,,-0.2980040013570721,NONE
Конгресс,PROPN,,nsubj,Nom,Masc,Sing,Inan,0.008001248716681,ORG
должен,ADJ,,ccomp,,Masc,Sing,,-0.034407635485693,NONE
сосредоточиться,VERB,,xcomp,,,,,0.0613837215025443,NONE
на,ADP,,case,,,,,-0.0190011712960754,NONE
принятии,NOUN,,obl,Loc,Neut,Sing,Inan,0.0246728518877921,NONE
законопроекта,NOUN,,nmod,Gen,Masc,Sing,Inan,0.0130058161658327,NONE
о,ADP,,case,,,,,0.125399319634076,NONE
возмещении,NOUN,,nmod,Loc,Neut,Sing,Inan,0.0780357814060769,NONE
ущерба,NOUN,,nmod,Gen,Masc,Sing,Inan,0.0720619887055287,NONE
",",PUNCT,,punct,,,,,0.5666047206461575,NONE
который,PRON,,nsubj,Nom,,,,-0.049232884954001,NONE
упростит,VERB,,acl:relcl,,,Sing,,0.054795214881111,NONE
возвращение,NOUN,,obj,Acc,Neut,Sing,Inan,-0.0359295889339212,NONE
американцев,NOUN,,nmod,Gen,Masc,Plur,Anim,0.1847245456465443,NONE
к,ADP,,case,,,,,-0.1042115332102698,NONE
работе,NOUN,,nmod,Dat,Fem,Sing,Inan,-0.1650130877735609,NONE
за,ADP,,case,,,,,0.0312903980940863,NONE
счет,NOUN,,fixed,Acc,Masc,Sing,Inan,-0.1429068651412248,NONE
ослабления,NOUN,,nmod,Gen,Neut,Sing,Inan,0.1362743304869152,NONE
налогов,NOUN,,nmod,Gen,Masc,Plur,Inan,0.0636847341484736,NONE
и,CCONJ,,cc,,,,,-0.2342218355310786,NONE
регулирования,NOUN,,conj,Gen,Neut,Sing,Inan,0.1539953500573277,NONE
малого,ADJ,,amod,Gen,Masc,Sing,,0.0308844178198062,NONE
бизнеса,NOUN,,nmod,Gen,Masc,Sing,Inan,0.0200037773321354,NONE
:,PUNCT,,punct,,,,,-0.0507509168025464,NONE
Я,PRON,,nsubj,Nom,,Sing,,-0.0890229463828101,NONE
понимаю,VERB,,root,,,Sing,,0.1462591228293581,NONE
",",PUNCT,,punct,,,,,0.221221480819922,NONE
что,SCONJ,,mark,,,,,0.0489023151218104,NONE
имел,VERB,,ccomp,,Masc,Sing,,0.0077832897008351,NONE
в,ADP,,advmod,,,,,0.2068977093368698,NONE
виду,NOUN,,fixed,Loc,Masc,Sing,Inan,-0.0830651887039115,NONE
Дэйв,PROPN,,obj,Nom,Masc,Sing,Anim,0.8544130665850593,PER
.,PUNCT,,punct,,,,,0.0029705627785329,NONE
Второе,ADJ,,amod,Nom,Neut,Sing,,0.200381414468917,NONE
исследование,NOUN,,nsubj,Nom,Neut,Sing,Inan,0.0004124670969574,NONE
показало,VERB,,root,,Neut,Sing,,0.0287448906539446,NONE
",",PUNCT,,punct,,,,,0.0865322674251452,NONE
что,SCONJ,,mark,,,,,-0.2077981550125999,NONE
воздействие,NOUN,,nsubj:pass,Nom,Neut,Sing,Inan,-0.007940604763754,NONE
PM10,PROPN,,flat:foreign,,,,,0.0365108001238395,NONE
из-за,ADP,,case,,,,,-0.0153746568885449,NONE
движения,NOUN,,obl,Gen,Neut,Sing,Inan,0.0159984411428899,NONE
во,ADP,,case,,,,,0.0209323694946783,NONE
время,NOUN,,fixed,Acc,Neut,Sing,Inan,-0.1839708757679728,NONE
беременности,NOUN,,nmod,Gen,Fem,Sing,Inan,-0.0421537378454474,NONE
и,CCONJ,,cc,,,,,-0.1346688662478052,NONE
ранней,ADJ,,amod,Gen,Fem,Sing,,0.0014365521724243,NONE
жизни,NOUN,,conj,Gen,Fem,Sing,Inan,0.004722725997216,NONE
детей,NOUN,,nmod,Gen,Masc,Plur,Anim,-0.0346047802273596,NONE
было,AUX,,aux:pass,,Neut,Sing,,-0.0041990308197636,NONE
связано,VERB,,ccomp,,Neut,Sing,,0.0388373788551961,NONE
с,ADP,,case,,,,,-0.073223830206005,NONE
несколько,ADV,,advmod,,,,,0.1483898753455164,NONE
более,ADV,,obl,,,,,0.1153986700176979,NONE
низкой,ADJ,,amod,Ins,Fem,Sing,,-0.0312808094865308,NONE
функцией,NOUN,,obl,Ins,Fem,Sing,Inan,0.0352832665290139,NONE
легких,NOUN,,nmod,Gen,Neut,Plur,Inan,-0.0225230231273358,NONE
у,ADP,,case,,,,,-0.1166635661622628,NONE
детей,NOUN,,nmod,Gen,Masc,Plur,Anim,-0.0345896525809534,NONE
в,ADP,,case,,,,,-5.774981603899506,NONE
возрасте,NOUN,,nmod,Loc,Masc,Sing,Inan,-0.0298099778526103,NONE
восьми,NUM,,nummod,Gen,,,,-0.0166786492762872,NONE
лет,NOUN,,nmod,Gen,Masc,Plur,Inan,0.0296201087224187,NONE
-,PUNCT,,punct,,,,,0.2292586049132854,NONE
хотя,SCONJ,,mark,,,,,0.0819179615390558,NONE
к,ADP,,case,,,,,0.038005115415711,NONE
15,NUM,,nummod,,,,,-0.0002412394434596,NONE
годам,NOUN,,obl,Dat,Masc,Plur,Inan,0.1386024929543532,NONE
этот,DET,,det,Nom,Masc,Sing,,-0.0540807840397113,NONE
эффект,NOUN,,nsubj:pass,Nom,Masc,Sing,Inan,0.1686973525228644,NONE
уже,ADV,,advmod,,,,,-0.002780560913653,NONE
не,PART,,advmod,,,,,-0.2836596642247246,NONE
наблюдался,VERB,,advcl,,Masc,Sing,,0.1302357369933565,NONE
.,PUNCT,,punct,,,,,-0.696518964650313,NONE
Секретарь,NOUN,,nsubj,Nom,Masc,Sing,Anim,0.203890020704156,NONE
сказал,VERB,,root,,Masc,Sing,,-0.107149670613017,NONE
",",PUNCT,,punct,,,,,0.027411300313534,NONE
что,SCONJ,,mark,,,,,-0.171894327713746,NONE
администрация,NOUN,,nsubj,Nom,Fem,Sing,Inan,0.0488197355157165,NONE
Трампа,PROPN,,nmod,Gen,Masc,Sing,Anim,0.0916244120360385,PER
и,CCONJ,,cc,,,,,0.0091030790742692,NONE
республиканцы,NOUN,,conj,Nom,Masc,Plur,Anim,0.0157671818806955,NONE
в,ADP,,case,,,,,-0.0059531531445483,NONE
Сенате,PROPN,,nmod,Loc,Masc,Sing,Inan,-0.0475694295935571,ORG
находятся,VERB,,ccomp,,,Plur,,0.0396729266213019,NONE
на,ADP,,case,,,,,0.0853056937849251,NONE
одной,NUM,,nummod,Loc,Fem,,,0.0545343798136062,NONE
странице,NOUN,,obl,Loc,Fem,Sing,Inan,0.0674670596526452,NONE
с,ADP,,case,,,,,0.0616961736615187,NONE
пакетом,NOUN,,nmod,Ins,Masc,Sing,Inan,0.0717857495217911,NONE
в,ADP,,case,,,,,0.1714182104683731,NONE
1,NUM,,nummod,,,,,0.2837961973964059,NONE
триллион,NOUN,,nummod:gov,Acc,Masc,Sing,Inan,0.2349125123666171,NONE
долларов,NOUN,,nmod,Gen,Masc,Plur,Inan,0.0839152299920117,NONE
",",PUNCT,,punct,,,,,0.2638154647186579,NONE
но,CCONJ,,cc,,,,,0.0515791256039502,NONE
отметил,VERB,,conj,,Masc,Sing,,-0.0287694470219572,NONE
",",PUNCT,,punct,,,,,0.130328839935501,NONE
что,SCONJ,,mark,,,,,-0.0585067060624625,NONE
в,ADP,,case,,,,,0.0277921071925119,NONE
интересах,NOUN,,obl,Loc,Masc,Plur,Inan,0.1105431360167263,NONE
быстрого,ADJ,,amod,Gen,Neut,Sing,,0.034975276484691,NONE
принятия,NOUN,,nmod,Gen,Neut,Sing,Inan,0.060111922303141,NONE
законопроекта,NOUN,,nmod,Gen,Masc,Sing,Inan,0.1205046284126995,NONE
вопросы,NOUN,,nsubj:pass,Nom,Masc,Plur,Inan,0.2483896380321567,NONE
",",PUNCT,,punct,,,,,0.015435489504232,NONE
по,ADP,,case,,,,,-0.0440337468492746,NONE
которым,PRON,,obl,Dat,,,,0.0357287969230967,NONE
труднее,ADJ,,acl:relcl,,,,,0.0687335259786819,NONE
договориться,VERB,,csubj,,,,,0.0322108336620453,NONE
с,ADP,,case,,,,,-0.0074111021574211,NONE
демократами,NOUN,,obl,Ins,Masc,Plur,Anim,0.2242891349923291,NONE
",",PUNCT,,punct,,,,,0.1117783474649488,NONE
могут,VERB,,ccomp,,,Plur,,0.0286794701286437,NONE
быть,AUX,,aux:pass,,,,,0.0597771174258755,NONE
отложены,VERB,,xcomp,,,Plur,,0.0986275515391081,NONE
для,ADP,,case,,,,,0.0217441789845668,NONE
другого,ADJ,,amod,Gen,Masc,Sing,,0.0869392856639742,NONE
законопроекта,NOUN,,obl,Gen,Masc,Sing,Inan,0.1028505783639601,NONE
.,PUNCT,,punct,,,,,-0.4663646498318561,NONE
Они,PRON,,nsubj,Nom,,Plur,,0.239213960083514,NONE
не,PART,,advmod,,,,,0.0177734490357491,NONE
хотели,VERB,,root,,,Plur,,0.0163885051193003,NONE
здесь,ADV,,advmod,,,,,0.0593446444507804,NONE
работать,VERB,,xcomp,,,,,0.0863239897814468,NONE
.,PUNCT,,punct,,,,,0.1279693413667907,NONE
.,PUNCT,,punct,,,,,0.1236825387378084,NONE
.,PUNCT,,punct,,,,,0.9478751981404392,NONE
Не,PART,,advmod,,,,,-0.0022798709964887,NONE
то,PRON,,root,Nom,Neut,Sing,Inan,-0.3223061083647734,NONE
",",PUNCT,,punct,,,,,0.2781316069024026,NONE
чтобы,SCONJ,,mark,,,,,0.0888770500021194,NONE
это,PRON,,nsubj,Nom,Neut,Sing,Inan,0.1055251047361003,NONE
имеет,VERB,,acl,,,Sing,,0.086169389876279,NONE
значение,NOUN,,obj,Acc,Neut,Sing,Inan,-0.1051468052248684,NONE
сейчас,ADV,,advmod,,,,,-0.0850453664301143,NONE
",",PUNCT,,punct,,,,,0.2614232775801809,NONE
потому,ADV,,mark,,,,,-0.4022512187931955,NONE
что,SCONJ,,fixed,,,,,-0.0759669268403962,NONE
я,PRON,,nsubj,Nom,,Sing,,-0.045455892925292,NONE
получил,VERB,,advcl,,Masc,Sing,,0.1745751734198591,NONE
гораздо,ADV,,obl,,,,,0.3824937545919771,NONE
лучшую,ADJ,,amod,Acc,Fem,Sing,,-0.0448929903175508,NONE
удаленную,ADJ,,amod,Acc,Fem,Sing,,-0.0858526656583731,NONE
позицию,NOUN,,obj,Acc,Fem,Sing,Inan,-0.0578015878905151,NONE
.,PUNCT,,punct,,,,,-0.3536544848749812,NONE
Киберпреступники,NOUN,,nsubj,Nom,Masc,Plur,Anim,0.2093068824422791,NONE
изощреннее,ADJ,,root,,,,,0.0527803834610422,NONE
",",PUNCT,,punct,,,,,0.2450585897864166,NONE
чем,SCONJ,,mark,,,,,0.0744903877964264,NONE
когда-либо,ADV,,advmod,,,,,0.1393882985191252,NONE
прежде,ADV,,advcl,,,,,0.1478070723936671,NONE
",",PUNCT,,punct,,,,,0.2465879502808391,NONE
и,CCONJ,,cc,,,,,-0.0128706424408085,NONE
они,PRON,,nsubj,Nom,,Plur,,-0.1494757990343459,NONE
используют,VERB,,conj,,,Plur,,0.0910467011260391,NONE
разнообразный,ADJ,,amod,Acc,Masc,Sing,Inan,0.0075192647464572,NONE
арсенал,NOUN,,obj,Acc,Masc,Sing,Inan,0.0395777230822743,NONE
инструментов,NOUN,,nmod,Gen,Masc,Plur,Inan,0.1256678131817299,NONE
для,ADP,,case,,,,,-0.1712177810987657,NONE
получения,NOUN,,nmod,Gen,Neut,Sing,Inan,-0.1142630839165771,NONE
доступа,NOUN,,nmod,Gen,Masc,Sing,Inan,-0.0199681532442615,NONE
к,ADP,,case,,,,,0.0821299382985617,NONE
вашей,DET,,det,Dat,Fem,Sing,,0.0345735386231775,NONE
информации,NOUN,,nmod,Dat,Fem,Sing,Inan,-0.2015096527297239,NONE
.,PUNCT,,punct,,,,,-0.4906659992096749,NONE
Поэтому,ADV,,advmod,,,,,-0.7652483288418374,NONE
мы,PRON,,nsubj,Nom,,Plur,,0.2215529155934626,NONE
можем,VERB,,root,,,Plur,,-0.2864442707598192,NONE
отправить,VERB,,xcomp,,,,,0.1733867834463953,NONE
товар,NOUN,,obj,Acc,Masc,Sing,Inan,0.036782565426369,NONE
сразу,ADV,,advmod,,,,,0.2346809628087548,NONE
же,PART,,advmod,,,,,-0.130008125018108,NONE
и,CCONJ,,cc,,,,,-0.0760437861028585,NONE
как,ADV,,advmod,,,,,-0.1516363030848209,NONE
можно,ADV,,fixed,,,,,0.0830331478546325,NONE
скорее,ADV,,obl,,,,,0.1394143432964084,NONE
после,ADP,,case,,,,,0.0585079135058042,NONE
его,PRON,,nmod,Gen,Masc,Sing,,-0.0455474954729991,NONE
покупки,NOUN,,conj,Gen,Fem,Sing,Inan,0.3299052229568737,NONE
.,PUNCT,,punct,,,,,0.0365070384585765,NONE
Twitter,PROPN,,nsubj:pass,,,,,0.195191054648261,ORG
был,AUX,,aux:pass,,Masc,Sing,,0.101224479689568,NONE
обвинен,VERB,,root,,Masc,Sing,,0.0357454168281454,NONE
в,ADP,,case,,,,,0.0677299970984649,NONE
"""",PUNCT,,punct,,,,,0.15284889427862,NONE
"""",PUNCT,,punct,,,,,0.1538888297330462,NONE
игнорировании,NOUN,,obl,Loc,Neut,Sing,Inan,0.1161945818124421,NONE
антисемитизма,NOUN,,nmod,Gen,Masc,Sing,Inan,0.3345569061543766,NONE
"""",PUNCT,,punct,,,,,0.1956000219396271,NONE
"""",PUNCT,,punct,,,,,0.0890588703124305,NONE
",",PUNCT,,punct,,,,,0.2621050863785533,NONE
так,ADV,,mark,,,,,0.0653502915519211,NONE
как,SCONJ,,fixed,,,,,0.2538976400506234,NONE
твиты,NOUN,,nsubj,Nom,Masc,Plur,Inan,0.0907134225729059,NONE
Уайли,PROPN,,nmod,Gen,Masc,Sing,Anim,0.0273452597948949,PER
все,PART,,advmod,,,,,-0.0070145639616165,NONE
еще,ADV,,obl,,,,,-0.0690849664558988,NONE
были,AUX,,cop,,,Plur,,-0.0265337055984134,NONE
видны,ADJ,,advcl,,,Plur,,0.027653837419251,NONE
через,ADP,,case,,,,,-0.0212423810779758,NONE
12,NUM,,nummod,,,,,-0.01853954658716,NONE
часов,NOUN,,obl,Gen,Masc,Plur,Inan,-0.0018028487564313,NONE
после,ADP,,case,,,,,-0.2046415529067543,NONE
того,PRON,,nmod,Gen,Neut,Sing,Inan,0.014453648597127,NONE
",",PUNCT,,punct,,,,,0.1850904590278208,NONE
как,SCONJ,,mark,,,,,-0.0137319020584535,NONE
они,PRON,,nsubj:pass,Nom,,Plur,,0.0273963111581551,NONE
были,AUX,,aux:pass,,,Plur,,-0.0189167478584939,NONE
впервые,ADV,,advmod,,,,,0.083675645541544,NONE
опубликованы,VERB,,acl,,,Plur,,0.0784835839011663,NONE
.,PUNCT,,punct,,,,,-0.0833918114788136,NONE
"""",PUNCT,,root,,,,,0.6448529088076824,NONE
В,ADP,,case,,,,,0.049354885664501,NONE
ноябре,NOUN,,obl,Loc,Masc,Sing,Inan,0.0038166334684816,NONE
Верховный,ADJ,,amod,Nom,Masc,Sing,,0.0775880892479183,ORG
суд,NOUN,,nsubj,Nom,Masc,Sing,Inan,-0.0368893175802998,ORG
вынес,VERB,,root,,Masc,Sing,,-0.0669090074885458,NONE
решение,NOUN,,obj,Acc,Neut,Sing,Inan,-0.0336233221059917,NONE
в,ADP,,case,,,,,0.0290690756381499,NONE
пользу,NOUN,,nmod,Acc,Fem,Sing,Inan,0.0022622313219637,NONE
храмового,ADJ,,amod,Gen,Masc,Sing,,0.0633088177360669,NONE
треста,NOUN,,nmod,Gen,Masc,Sing,Inan,0.0636958363280209,NONE
",",PUNCT,,punct,,,,,0.1138871862843061,NONE
заявив,VERB,,advcl,,,,,0.0323787592614889,NONE
",",PUNCT,,punct,,,,,0.0062576756791192,NONE
что,SCONJ,,mark,,,,,0.8995772645959059,NONE
мусульманским,ADJ,,amod,Dat,,Plur,,0.1206290186567576,NONE
петициям,NOUN,,iobj,Dat,Fem,Plur,Inan,0.0236238642701361,NONE
будет,AUX,,aux:pass,,,Sing,,0.0409150465484881,NONE
выделено,VERB,,ccomp,,Neut,Sing,,0.1177500269413071,NONE
пять,NUM,,nummod:gov,Nom,,,,0.0084648951151279,NONE
акров,NOUN,,nsubj:pass,Gen,Masc,Plur,Inan,0.0524874102599805,NONE
на,ADP,,case,,,,,0.1188000790603294,NONE
альтернативном,ADJ,,amod,Loc,Neut,Sing,,0.0189111490685771,NONE
месте,NOUN,,obl,Loc,Neut,Sing,Inan,0.0559469213526239,NONE
.,PUNCT,,punct,,,,,0.2359731314048178,NONE
В,ADP,,case,,,,,0.1147839635349891,NONE
июле,NOUN,,obl,Loc,Masc,Sing,Inan,0.1851619106318169,NONE
Роджерс,PROPN,,nsubj,Nom,Fem,Sing,Anim,0.2184004298992397,PER
провела,VERB,,root,,Fem,Sing,,-0.0543522084018054,NONE
кампанию,NOUN,,obj,Acc,Fem,Sing,Inan,0.0019584660035348,NONE
за,ADP,,case,,,,,-0.0174210375920888,NONE
отмену,NOUN,,nmod,Acc,Fem,Sing,Inan,-0.0780960417678963,NONE
сертификации,NOUN,,nmod,Gen,Fem,Sing,Inan,0.2223510521952276,NONE
выборов,NOUN,,nmod,Gen,Masc,Plur,Inan,0.0526827710438111,NONE
и,CCONJ,,cc,,,,,-0.1604421774604467,NONE
ранее,ADV,,advmod,,,,,-0.0499484046280128,NONE
подала,VERB,,conj,,Fem,Sing,,-0.0691792122400188,NONE
петицию,NOUN,,obj,Acc,Fem,Sing,Inan,0.3928389152923375,NONE
",",PUNCT,,punct,,,,,0.0711535996167948,NONE
которая,PRON,,nsubj,Nom,,,,-0.1778389055134928,NONE
",",PUNCT,,punct,,,,,-0.0323059050821522,NONE
по,ADP,,case,,,,,-0.0511775732183068,NONE
ее,DET,,det,,,,,0.0260596570567747,NONE
утверждениям,NOUN,,parataxis,Dat,Neut,Plur,Inan,0.0974467223660611,NONE
",",PUNCT,,punct,,,,,0.1604612959991878,NONE
собрала,VERB,,acl:relcl,,Fem,Sing,,0.0166909965259214,NONE
663,NUM,,nummod,,,,,0.0071362199344778,NONE
000,NUM,,nummod,,,,,0.2749711211665578,NONE
подписей,NOUN,,obl,Gen,Fem,Plur,Inan,0.0718547281963423,NONE
.,PUNCT,,punct,,,,,-0.3780806266296977,NONE
Также,ADV,,advmod,,,,,-0.1322292379455116,NONE
упоминается,VERB,,root,,,Sing,,0.2185228225285615,NONE
в,ADP,,case,,,,,-0.0915936767304617,NONE
этой,DET,,det,Loc,Fem,Sing,,-0.107378378533856,NONE
статье,NOUN,,obl,Loc,Fem,Sing,Inan,-0.0777963143814111,NONE
:,PUNCT,,punct,,,,,0.0835132545247997,NONE
Эта,DET,,det,Nom,Fem,Sing,,0.1910145427128111,NONE
компания,NOUN,,nsubj,Nom,Fem,Sing,Inan,-0.1586215726570245,NONE
планирует,VERB,,parataxis,,,Sing,,0.0940159487394298,NONE
физически,ADV,,advmod,,,,,-0.0481569512295636,NONE
проверить,VERB,,xcomp,,,,,0.2051230384777886,NONE
некоторые,DET,,det,Acc,,Plur,,-0.0556092914805268,NONE
районы,NOUN,,obj,Acc,Masc,Plur,Inan,0.0617857482103552,NONE
округа,NOUN,,nmod,Gen,Masc,Sing,Inan,-0.0656034810536116,NONE
Марикопа,PROPN,,appos,Gen,Masc,Sing,Inan,0.098716049613946,LOC
",",PUNCT,,punct,,,,,-0.1565988497524931,NONE
чтобы,SCONJ,,mark,,,,,-0.3511805499270884,NONE
спросить,VERB,,advcl,,,,,-0.285348949541608,NONE
людей,NOUN,,obj,Acc,Masc,Plur,Anim,-0.1093509656953467,NONE
",",PUNCT,,punct,,,,,0.0417915773263588,NONE
совпадают,VERB,,ccomp,,,Plur,,0.0900576824121603,NONE
ли,PART,,advmod,,,,,0.0925523417636597,NONE
их,DET,,det,,,,,-0.0917806197645784,NONE
бюллетени,NOUN,,nsubj,Nom,Masc,Plur,Inan,0.0164839279095121,NONE
.,PUNCT,,punct,,,,,0.5740352345084533,NONE
Убивать,VERB,,csubj,,,,,0.0521920518709384,NONE
чернокожих,NOUN,,obj,Acc,Masc,Plur,Anim,0.2307304622726824,NONE
хуже,ADJ,,root,,,,,0.216098830326142,NONE
",",PUNCT,,punct,,,,,0.3159678886697437,NONE
чем,SCONJ,,mark,,,,,0.2671646901047102,NONE
смеяться,VERB,,advcl,,,,,0.0904352638483154,NONE
над,ADP,,case,,,,,-0.0182796755808878,NONE
транссексуалами,NOUN,,obl,Ins,Masc,Plur,Anim,0.3069569386750033,NONE
.,PUNCT,,punct,,,,,0.1606640307677818,NONE
Это,PRON,,nsubj,Nom,Neut,Sing,Inan,-0.1014138472650425,NONE
смелое,ADJ,,amod,Nom,Neut,Sing,,-0.0157016505143582,NONE
утверждение,NOUN,,root,Nom,Neut,Sing,Inan,0.0304303488358115,NONE
",",PUNCT,,punct,,,,,-0.0061138087776824,NONE
но,CCONJ,,cc,,,,,-0.0336002112687211,NONE
в,ADP,,case,,,,,-0.0186837901713943,NONE
любом,DET,,det,Loc,Masc,Sing,,-0.0494291529863236,NONE
случае,NOUN,,obl,Loc,Masc,Sing,Inan,-0.0664574287622772,NONE
оно,PRON,,nsubj,Nom,Neut,Sing,,-0.1134804469927423,NONE
все,PART,,advmod,,,,,-0.0518602004758191,NONE
еще,ADV,,advmod,,,,,-0.0935167361214127,NONE
не,PART,,advmod,,,,,-0.0663597969554756,NONE
объясняет,VERB,,conj,,,Sing,,-0.0698454153930766,NONE
",",PUNCT,,punct,,,,,-0.0197732946257547,NONE
как,ADV,,advmod,,,,,-0.7582496231059572,NONE
комплектация,NOUN,,nsubj,Nom,Fem,Sing,Inan,-0.0386229395308041,NONE
обновлений,NOUN,,nmod,Gen,Neut,Plur,Inan,0.0500754925289909,NONE
приложений,NOUN,,nmod,Gen,Neut,Plur,Inan,0.0838291233273809,NONE
как,SCONJ,,mark,,,,,0.0834207498994914,NONE
обновлений,NOUN,,acl,Gen,Neut,Plur,Inan,0.1300228633227515,NONE
ОС,PROPN,,nmod,Gen,Fem,Sing,Inan,-0.0813299403345862,NONE
«лучше»,ADJ,,ccomp,,,,,0.0887477867861829,NONE
для,ADP,,case,,,,,0.1952866410527714,NONE
разработчиков,NOUN,,obl,Gen,Masc,Plur,Anim,0.0150601269643611,NONE
или,CCONJ,,cc,,,,,-0.0448610873183002,NONE
конечного,ADJ,,amod,Gen,Masc,Sing,,0.0188583827383626,NONE
пользователя,NOUN,,conj,Gen,Masc,Sing,Anim,-0.0251346414756322,NONE
.,PUNCT,,punct,,,,,-0.3805587237692938,NONE
Я,PRON,,nsubj,Nom,,Sing,,-0.0184948251927979,NONE
вижу,VERB,,root,,,Sing,,-0.0935548634223207,NONE
",",PUNCT,,punct,,,,,0.1759277510239864,NONE
что,SCONJ,,mark,,,,,0.1747579163273922,NONE
Венди,PROPN,,nsubj,Nom,Masc,Sing,Anim,0.1057479838777733,PER
сегодня,ADV,,advmod,,,,,-0.0210051542433354,NONE
делает,VERB,,ccomp,,,Sing,,0.1408358061908121,NONE
все,PRON,,obj,Acc,Neut,Sing,Inan,-0.1095599909453515,NONE
возможное,ADJ,,amod,Acc,Neut,Sing,,0.1976623116936391,NONE
",",PUNCT,,punct,,,,,0.2211182932187324,NONE
пытаясь,VERB,,advcl,,,,,0.1407691857314367,NONE
конкурировать,VERB,,xcomp,,,,,0.1830444533637464,NONE
с,ADP,,case,,,,,-0.1318433075665085,NONE
самыми,DET,,det,Ins,,Plur,,0.1649766915398037,NONE
сумасшедшими,ADJ,,obl,Ins,,Plur,,0.0449842101526042,NONE
из,ADP,,case,,,,,0.0509543747716023,NONE
сумасшедших,NOUN,,nmod,Gen,Masc,Plur,Anim,0.0762869904956079,NONE
",",PUNCT,,punct,,,,,0.2692182153783115,NONE
-,PUNCT,,punct,,,,,0.2350895233948431,NONE
написал,VERB,,parataxis,,Masc,Sing,,0.0329695758139776,NONE
другой,DET,,det,Nom,Masc,Sing,,0.0232165778284401,NONE
человек,NOUN,,nsubj,Nom,Masc,Sing,Anim,-0.2085251159946166,NONE
в,ADP,,case,,,,,0.1710127021469024,NONE
твиттере,NOUN,,nmod,Loc,Masc,Sing,Inan,0.1745460737494215,NONE
.,PUNCT,,punct,,,,,0.4299063261182875,NONE
MTN,PROPN,,nsubj,,,,,-0.0298443584478537,ORG
Гана,PROPN,,appos,Nom,Fem,Sing,Inan,0.1826109832797754,LOC
выиграла,VERB,,root,,Fem,Sing,,0.1495446026048985,NONE
три,NUM,,nummod,Acc,,,Inan,-0.2499335939294772,NONE
награды,NOUN,,obl,Gen,Fem,Sing,Inan,-0.0174175570738908,NONE
на,ADP,,case,,,,,-0.0635936809005214,NONE
2-й,ADJ,,amod,Loc,Fem,Sing,,0.0867386865271628,NONE
Гане,PROPN,,obl,Loc,Fem,Sing,Inan,0.0584481300385794,NONE
закупок,NOUN,,nmod,Gen,Fem,Plur,Inan,-0.0635064067986436,NONE
и,CCONJ,,cc,,,,,0.034678055313707,NONE
цепочки,NOUN,,conj,Gen,Fem,Sing,Inan,-0.060518831204995,NONE
поставок,NOUN,,nmod,Gen,Fem,Plur,Inan,-0.0021347554950445,NONE
2019,ADJ,,amod,,,,,0.1658457619683843,NONE
года,NOUN,,nmod,Gen,Masc,Sing,Inan,-0.7081850172798634,NONE
",",PUNCT,,punct,,,,,0.0431919688442866,NONE
организованной,VERB,,acl,Loc,Fem,Sing,,-0.056446628786712,NONE
Instinct,PROPN,,flat:foreign,,,,,-0.0101522672239251,ORG
Wave,PROPN,,flat:foreign,,,,,-0.0913102713170486,ORG
.,PUNCT,,punct,,,,,0.3058483857018739,NONE
Это,PRON,,nsubj,Nom,Neut,Sing,Inan,-0.1406877094559381,NONE
ПУГАЮЩЕ,ADJ,,root,,Neut,Sing,,0.1665467148813572,NONE
.,PUNCT,,punct,,,,,-0.158380852342293,NONE
Но,CCONJ,,cc,,,,,-0.2462773401355291,NONE
Брексит,PROPN,,nsubj:pass,Nom,Masc,Sing,Inan,0.215044046067536,PER
блокируется,VERB,,root,,,Sing,,0.0478454045155001,NONE
людьми,NOUN,,obl,Ins,Masc,Plur,Anim,-0.1271062261994524,NONE
",",PUNCT,,punct,,,,,-0.033436187138993,NONE
которым,PRON,,iobj,Dat,,Plur,,-0.0481601257865323,NONE
не,PART,,advmod,,,,,0.1743955267455537,NONE
нравится,VERB,,acl:relcl,,,Sing,,-0.0654647406815553,NONE
Brexit,PROPN,,nsubj,,,,,-0.195693045807358,NONE
",",PUNCT,,punct,,,,,0.094993128582175,NONE
людьми,NOUN,,conj,Ins,Masc,Plur,Anim,0.0326549128350378,NONE
",",PUNCT,,punct,,,,,0.2676742258926143,NONE
проголосовавшими,VERB,,acl,Ins,,Plur,,0.2352203725209153,NONE
за,ADP,,case,,,,,0.0063616478085798,NONE
то,PRON,,obl,Acc,Neut,Sing,Inan,0.0572988403834509,NONE
",",PUNCT,,punct,,,,,0.2614562321084432,NONE
чтобы,SCONJ,,mark,,,,,-0.0706243493030121,NONE
остаться,VERB,,advcl,,,,,0.2139990134907933,NONE
",",PUNCT,,punct,,,,,0.0214485973153349,NONE
и,CCONJ,,cc,,,,,0.0624351093804279,NONE
думают,VERB,,conj,,,Plur,,0.1885807907535752,NONE
",",PUNCT,,punct,,,,,0.0874335747629995,NONE
что,SCONJ,,mark,,,,,0.0529877597004906,NONE
их,DET,,det,,,,,0.0523386910759119,NONE
мнение,NOUN,,nsubj,Nom,Neut,Sing,Inan,0.1840379678168981,NONE
больше,ADJ,,ccomp,,,,,0.2627828879361572,NONE
",",PUNCT,,punct,,,,,0.0705387676218884,NONE
чем,SCONJ,,mark,,,,,0.149031767781765,NONE
мнение,NOUN,,obl,Nom,Neut,Sing,Inan,0.1356120682787605,NONE
большинства,NOUN,,nmod,Gen,Neut,Sing,Inan,0.0883282364403513,NONE
",",PUNCT,,punct,,,,,0.0633871749432899,NONE
которые,PRON,,nsubj,Nom,,,,0.0080563861001748,NONE
проголосовали,VERB,,acl:relcl,,,Plur,,0.1038466550319244,NONE
за,ADP,,case,,,,,-0.0294495280007694,NONE
уход,NOUN,,obl,Acc,Masc,Sing,Inan,0.1071398184565286,NONE
.,PUNCT,,punct,,,,,0.1442476708118232,NONE
Многие,NUM,,amod,,,,,0.0639326650648784,NONE
люди,NOUN,,nsubj,Nom,Masc,Plur,Anim,0.0899523124248334,NONE
говорят,VERB,,root,,,Plur,,-0.0834457717769863,NONE
",",PUNCT,,punct,,,,,0.2133071750427272,NONE
что,SCONJ,,mark,,,,,-0.1695458563810769,NONE
у,ADP,,case,,,,,-0.0724912229153696,NONE
нас,PRON,,obl,Gen,,Plur,,0.048066194015693,NONE
нет,VERB,,ccomp,,,Sing,,-0.2270244238512434,NONE
Конституции,PROPN,,nsubj,Gen,Fem,Sing,Inan,0.1933059385219135,NONE
",",PUNCT,,punct,,,,,0.2677421251431444,NONE
ну,PART,,parataxis,,,,,0.2703930215866927,NONE
",",PUNCT,,punct,,,,,0.21113616811288,NONE
у,ADP,,case,,,,,0.1426513777236848,NONE
нас,PRON,,obl,Gen,,Plur,,0.3897082050492496,NONE
есть,VERB,,conj,,,Sing,,0.2958457646852498,NONE
.,PUNCT,,punct,,,,,-0.2444469298603,NONE
Но,CCONJ,,cc,,,,,-0.6886087712780252,NONE
некоторые,DET,,det,Nom,,Plur,,0.084094699721517,NONE
сайты,NOUN,,nsubj:pass,Nom,Masc,Plur,Inan,0.110072545271451,NONE
",",PUNCT,,punct,,,,,0.179620634133811,NONE
такие,DET,,det,Nom,,Plur,,-0.0490206290610747,NONE
как,SCONJ,,mark,,,,,-0.0340460806866722,NONE
рекламный,ADJ,,amod,Nom,Masc,Sing,,0.0758759677377745,NONE
щит,NOUN,,obl,Nom,Masc,Sing,Inan,0.0320752467390683,NONE
oOh,PROPN,,flat:foreign,,,,,0.048566521818124,NONE
!,PUNCT,,punct,,,,,-0.0054701851742363,NONE
media,X,,flat:foreign,,,,,-0.0297097315077585,NONE
40,NUM,,nummod,,,,,0.0524664736586785,NONE
x,PUNCT,,punct,,,,,-0.0787857021862516,NONE
10,NUM,,nmod,,,,,-0.1844266785495883,NONE
метров,NOUN,,nmod,Gen,Masc,Plur,Inan,-0.0741410096766789,NONE
в,ADP,,case,,,,,0.0639572060060485,NONE
аэропорту,NOUN,,nmod,Loc,Masc,Sing,Inan,0.0503888405684774,NONE
Сиднея,PROPN,,nmod,Gen,Masc,Sing,Inan,0.2756238774988482,LOC
",",PUNCT,,punct,,,,,0.1755721047098605,NONE
были,AUX,,aux:pass,,,Plur,,0.156276186920206,NONE
модернизированы,VERB,,root,,,Plur,,0.3336693632422761,NONE
.,PUNCT,,punct,,,,,0.2497103344197886,NONE
Я,PRON,,nsubj,Nom,,Sing,,0.0520368967616193,NONE
люблю,VERB,,root,,,Sing,,0.1759615703610418,NONE
бросать,VERB,,xcomp,,,,,0.2681912933144975,NONE
вызов,NOUN,,obj,Acc,Masc,Sing,Inan,0.0355904405881417,NONE
себе,PRON,,iobj,Dat,,,,-0.03763479536845,NONE
и,CCONJ,,cc,,,,,-0.0155032062577412,NONE
испытывать,VERB,,conj,,,,,0.0911111595168236,NONE
новые,ADJ,,amod,Acc,,Plur,Inan,-0.0908865318822086,NONE
вещи,NOUN,,obj,Acc,Fem,Plur,Inan,0.191413138188021,NONE
.,PUNCT,,punct,,,,,-0.0250231187080401,NONE
"""",PUNCT,,punct,,,,,0.2086684876893592,NONE
"""",PUNCT,,root,,,,,0.455217601165173,NONE
"""",PUNCT,,punct,,,,,-0.4220426815820781,NONE
Но,CCONJ,,cc,,,,,-0.2617077862637508,NONE
перспективы,NOUN,,nsubj,Nom,Fem,Plur,Inan,-0.0402268569279621,NONE
Уотфорда,PROPN,,nmod,Gen,Masc,Sing,Anim,-0.0101132407618851,PER
померкли,VERB,,root,,,Plur,,0.0051229349031342,NONE
",",PUNCT,,punct,,,,,-0.0485071987949955,NONE
когда,SCONJ,,mark,,,,,-0.1110811656785173,NONE
его,DET,,det,,,,,0.0849075413160027,NONE
следующая,ADJ,,amod,Nom,Fem,Sing,,0.065699895888724,NONE
попытка,NOUN,,nsubj:pass,Nom,Fem,Sing,Inan,0.0216813247746675,NONE
была,AUX,,aux:pass,,Fem,Sing,,-0.0120250621626954,NONE
отвергнута,VERB,,advcl,,Fem,Sing,,0.0397507309094614,NONE
",",PUNCT,,punct,,,,,0.3005251810431403,NONE
и,CCONJ,,cc,,,,,0.0329943293200784,NONE
поиск,NOUN,,nsubj,Nom,Masc,Sing,Inan,0.0923980267545223,NONE
души,NOUN,,nmod,Gen,Fem,Sing,Inan,0.1213904770961406,NONE
",",PUNCT,,punct,,,,,0.1902729108503487,NONE
сверху,ADV,,parataxis,,,,,0.0435352670327873,NONE
донизу,ADV,,advmod,,,,,0.0259999510947255,NONE
",",PUNCT,,punct,,,,,0.1460542597121167,NONE
должен,ADJ,,conj,,Masc,Sing,,-0.0387458060507461,NONE
быть,AUX,,cop,,,,,0.1913660292688437,NONE
обширным,ADJ,,xcomp,Ins,Masc,Sing,,0.0304624064794723,NONE
.,PUNCT,,punct,,,,,0.553311126358126,NONE
Хукер,NOUN,,nsubj,Nom,Masc,Sing,Anim,0.7910751076427202,PER
Скотт,PROPN,,appos,Nom,Masc,Sing,Anim,0.1244129815815295,PER
Бакли,PROPN,,flat:name,Nom,Masc,Sing,Anim,0.0089583944839989,PER
",",PUNCT,,punct,,,,,0.1383073146623067,NONE
лучший,ADJ,,amod,Nom,Masc,Sing,,0.0326460815118245,NONE
игрок,NOUN,,appos,Nom,Masc,Sing,Anim,0.0520881152471745,NONE
матча,NOUN,,nmod,Gen,Masc,Sing,Inan,-0.0094097140164913,NONE
во,ADP,,case,,,,,-0.0322112719402926,NONE
время,NOUN,,fixed,Acc,Neut,Sing,Inan,-0.0201603884358733,NONE
своего,DET,,det,Gen,Masc,Sing,,0.0383519162420226,NONE
дебюта,NOUN,,nmod,Gen,Masc,Sing,Inan,0.1029765664930203,NONE
в,ADP,,case,,,,,0.1106599183749488,NONE
Мюнстере,PROPN,,nmod,Loc,Masc,Sing,Inan,0.0646983762665187,LOC
",",PUNCT,,punct,,,,,0.2769669490693129,NONE
был,AUX,,cop,,Masc,Sing,,0.066772570560488,NONE
вторым,ADJ,,root,Ins,Masc,Sing,,0.0638330329458261,NONE
после,ADP,,case,,,,,-0.0038579234643843,NONE
прохода,NOUN,,nmod,Gen,Masc,Sing,Inan,0.0365354330754798,NONE
в,ADP,,case,,,,,0.0042536871518351,NONE
коридор,NOUN,,nmod,Acc,Masc,Sing,Inan,0.0463549380366173,NONE
",",PUNCT,,punct,,,,,0.1213931512354565,NONE
и,CCONJ,,cc,,,,,0.0491597355308054,NONE
на,ADP,,case,,,,,0.0114830278526002,NONE
этом,PRON,,obl,Loc,Neut,Sing,Inan,-0.0019243315638086,NONE
игра,NOUN,,nsubj:pass,Nom,Fem,Sing,Inan,-0.064694097753166,NONE
была,AUX,,aux:pass,,Fem,Sing,,-0.0316779825744117,NONE
выиграна,VERB,,conj,,Fem,Sing,,-0.001630733233789,NONE
",",PUNCT,,punct,,,,,0.1287062926705392,NONE
хотя,SCONJ,,mark,,,,,-0.0750036992360897,NONE
Майкл,PROPN,,nsubj,Nom,Masc,Sing,Anim,0.0573414367176339,PER
Ле,PROPN,,flat:name,,,,,0.0381234299658492,PER
Буржуа,PROPN,,flat:name,Nom,Masc,Sing,Anim,0.0718656975873902,PER
выбрал,VERB,,advcl,,Masc,Sing,,-0.0252910590536387,NONE
качественный,ADJ,,amod,Acc,Masc,Sing,Inan,0.0920708193052912,NONE
вариант,NOUN,,obj,Acc,Masc,Sing,Inan,0.0595883376396399,NONE
",",PUNCT,,punct,,,,,0.0576585400685768,NONE
чтобы,SCONJ,,mark,,,,,-0.1474782727556031,NONE
улучшить,VERB,,advcl,,,,,0.010299859449625,NONE
итоговый,ADJ,,amod,Acc,Masc,Sing,Inan,0.1171834716156096,NONE
результат,NOUN,,obj,Acc,Masc,Sing,Inan,0.0330236210428769,NONE
Wasps,PROPN,,flat:foreign,,,,,0.0213467447971163,NONE
.,PUNCT,,punct,,,,,-0.0128327589613286,NONE
Поместите,VERB,,root,,,Plur,,0.5061225957427904,NONE
объект,NOUN,,obj,Acc,Masc,Sing,Inan,-0.1463086713153751,NONE
близко,ADV,,advmod,,,,,-0.0971349972975943,NONE
к,ADP,,case,,,,,-0.2760290188721952,NONE
объективу,NOUN,,obl,Dat,Masc,Sing,Inan,0.2665671399345542,NONE
и,CCONJ,,cc,,,,,-0.454481625215836,NONE
используйте,VERB,,conj,,,Plur,,0.1888554312777045,NONE
много,NUM,,nummod:gov,,,,,-0.0613002280481735,NONE
света,NOUN,,obl,Gen,Masc,Sing,Inan,-0.0544237417344606,NONE
Помпео,PROPN,,nsubj,Nom,Masc,Sing,Anim,0.2113057125596869,NONE
также,ADV,,advmod,,,,,-0.3445503415388828,NONE
призвал,VERB,,root,,Masc,Sing,,-0.075187931366801,NONE
правительство,NOUN,,obj,Acc,Neut,Sing,Inan,-0.020457891543072,NONE
Асада,PROPN,,nmod,Gen,Masc,Sing,Inan,0.1086000222356399,PER
освободить,VERB,,xcomp,,,,,0.0096933996964929,NONE
тысячи,NOUN,,nummod:gov,Acc,Fem,Plur,Inan,0.1516862180213075,NONE
несправедливо,ADV,,advmod,,,,,0.0857928937236277,NONE
задержанных,VERB,,acl,Gen,,Plur,,0.2567859203202274,NONE
заключенных,NOUN,,obl,Gen,Masc,Plur,Anim,-0.0275835664732034,NONE
",",PUNCT,,punct,,,,,0.0937703759064644,NONE
в,ADP,,case,,,,,-0.0509734194812518,NONE
том,DET,,det,Loc,Neut,Sing,,0.0025644741499798,NONE
числе,NOUN,,nmod,Loc,Neut,Sing,Inan,0.0699278174864625,NONE
американского,ADJ,,amod,Gen,Masc,Sing,,0.1402690795561728,NONE
журналиста,NOUN,,conj,Gen,Masc,Sing,Anim,0.0816972190914204,NONE
Остина,PROPN,,appos,Gen,Masc,Sing,Anim,-0.0958949935426033,PER
Тайса,PROPN,,flat:name,Gen,Masc,Sing,Anim,-0.0365403782775962,PER
",",PUNCT,,punct,,,,,-0.0186180156511273,NONE
который,PRON,,nsubj,Nom,,,,0.1299908682485077,NONE
пропал,VERB,,acl:relcl,,Masc,Sing,,0.0431012244603678,NONE
без,ADP,,case,,,,,0.066459213828012,NONE
вести,NOUN,,obl,Gen,Fem,Sing,Inan,0.0296285685137703,NONE
и,CCONJ,,cc,,,,,-0.2660385973204359,NONE
предположительно,ADV,,advmod,,,,,0.2422280354026121,NONE
удерживался,VERB,,conj,,Masc,Sing,,0.1657966179386761,NONE
правительством,NOUN,,obl,Ins,Neut,Sing,Inan,-0.0220412970234015,NONE
в,ADP,,case,,,,,-0.0470069910543545,NONE
течение,NOUN,,fixed,Acc,Neut,Sing,Inan,0.0804417421156944,NONE
семи,NUM,,nummod,Gen,,,,0.0141060306489875,NONE
лет,NOUN,,obl,Gen,Masc,Plur,Inan,-0.1665556375443738,NONE
.,PUNCT,,punct,,,,,0.2937039350675348,NONE
Это,PRON,,nsubj,Nom,Neut,Sing,Inan,0.0699045805150737,NONE
не,PART,,advmod,,,,,0.0304947294574697,NONE
просто,PART,,advmod,,,,,-0.0118231427181785,NONE
попытка,NOUN,,root,Nom,Fem,Sing,Inan,0.0571044088702111,NONE
смутить,VERB,,obl,,,,,0.081444235478956,NONE
государственного,ADJ,,amod,Acc,Masc,Sing,Anim,-0.0061512895705305,NONE
чиновника,NOUN,,obj,Acc,Masc,Sing,Anim,0.0971097631222793,NONE
",",PUNCT,,punct,,,,,0.1389550588303866,NONE
это,PRON,,nsubj,Nom,Neut,Sing,Inan,0.1125591311428741,NONE
добыча,NOUN,,conj,Nom,Fem,Sing,Inan,0.1376324508320608,NONE
информации,NOUN,,nmod,Gen,Fem,Sing,Inan,0.0379754565558621,NONE
.,PUNCT,,punct,,,,,0.8989038933344125,NONE
Здание,NOUN,,obj,Acc,Neut,Sing,Inan,0.3377647494187024,NONE
суда,NOUN,,nmod,Gen,Masc,Sing,Inan,0.3531637352723868,NONE
подожгли,VERB,,root,,,Plur,,-0.0657783364103871,NONE
во,ADP,,case,,,,,0.5580993200481844,NONE
время,NOUN,,fixed,Acc,Neut,Sing,Inan,0.1494870690266389,NONE
акции,NOUN,,obl,Gen,Fem,Sing,Inan,0.1102954652903275,NONE
протеста,NOUN,,nmod,Gen,Masc,Sing,Inan,0.0171801527381204,NONE
в,ADP,,case,,,,,-0.2423445473952953,NONE
Калифорнии,PROPN,,nmod,Loc,Fem,Sing,Inan,-0.1111408594673863,LOC
Окленд,PROPN,,root,Nom,Masc,Sing,Inan,0.2379114915506753,LOC
",",PUNCT,,punct,,,,,0.0209992458834752,NONE
штат,NOUN,,appos,Nom,Masc,Sing,Inan,-0.1104067380498414,NONE
Калифорния,PROPN,,appos,Nom,Fem,Sing,Inan,0.12249515662131,LOC
-,PUNCT,,punct,,,,,0.3063584971558539,NONE
Протестующие,VERB,,nsubj,Nom,,Plur,,0.0448871152047284,NONE
в,ADP,,case,,,,,0.0945991189179738,NONE
Калифорнии,PROPN,,obl,Loc,Fem,Sing,Inan,0.0756569847846748,LOC
подожгли,VERB,,parataxis,,,Plur,,0.090111674898408,NONE
здание,NOUN,,obj,Acc,Neut,Sing,Inan,0.1227265555978845,NONE
суда,NOUN,,nmod,Gen,Masc,Sing,Inan,-0.0623819991221154,NONE
",",PUNCT,,punct,,,,,0.5860114944900799,NONE
повредили,VERB,,conj,,,Plur,,0.1927634313517244,NONE
полицейский,ADJ,,amod,Acc,Masc,Sing,Inan,0.0787975004806023,NONE
участок,NOUN,,obj,Acc,Masc,Sing,Inan,-0.1384303233715154,NONE
и,CCONJ,,cc,,,,,-0.0245315444504476,NONE
напали,VERB,,conj,,,Plur,,0.0834182998590962,NONE
на,ADP,,case,,,,,-0.0516141775401909,NONE
полицейских,NOUN,,obl,Acc,Masc,Plur,Anim,0.1403455948395541,NONE
после,ADP,,case,,,,,-0.0303769112781083,NONE
того,PRON,,obl,Gen,Neut,Sing,Inan,-0.1111370141953979,NONE
",",PUNCT,,punct,,,,,-0.0117217286371504,NONE
как,SCONJ,,mark,,,,,0.0223445790245442,NONE
мирная,ADJ,,amod,Nom,Fem,Sing,,0.0968298071137539,NONE
демонстрация,NOUN,,nsubj,Nom,Fem,Sing,Inan,0.0555879648234986,NONE
усилилась,VERB,,acl,,Fem,Sing,,0.1172678297538934,NONE
в,ADP,,case,,,,,0.1014119887749779,NONE
конце,NOUN,,obl,Loc,Masc,Sing,Inan,0.0458967019831859,NONE
субботы,NOUN,,nmod,Gen,Fem,Sing,Inan,0.0647676933175913,NONE
",",PUNCT,,punct,,,,,0.1122299220555403,NONE
сообщила,VERB,,parataxis,,Fem,Sing,,0.0239603426170669,NONE
полиция,NOUN,,nsubj,Nom,Fem,Sing,Inan,0.0282480024946885,NONE
Окленда,PROPN,,nmod,Gen,Masc,Sing,Inan,0.1663570624384531,LOC
.,PUNCT,,punct,,,,,-0.234057874827066,NONE
Демонстранты,NOUN,,nsubj,Nom,Masc,Plur,Anim,0.0431845134489023,NONE
ломали,VERB,,root,,,Plur,,0.1176725662976735,NONE
окна,NOUN,,obj,Acc,Neut,Plur,Inan,0.1228014672696718,NONE
",",PUNCT,,punct,,,,,0.1332005276749546,NONE
распыляли,VERB,,conj,,,Plur,,0.0834388075156786,NONE
крашеные,ADJ,,amod,Acc,,Plur,Inan,0.1363172499207794,NONE
граффити,NOUN,,obj,Acc,Masc,Plur,Inan,0.3030481870291532,NONE
",",PUNCT,,punct,,,,,0.3350802473344048,NONE
стреляли,VERB,,conj,,,Plur,,0.0669068755492079,NONE
фейерверками,NOUN,,obl,Ins,Masc,Plur,Inan,0.1734619961913964,NONE
и,CCONJ,,cc,,,,,0.0994745934946602,NONE
направляли,VERB,,conj,,,Plur,,0.0745111486873768,NONE
лазеры,NOUN,,obj,Acc,Masc,Plur,Inan,0.3176286584607602,NONE
на,ADP,,case,,,,,0.1301516882565424,NONE
офицеров,NOUN,,obl,Acc,Masc,Plur,Anim,0.1720627206009635,NONE
",",PUNCT,,punct,,,,,0.0574220232763915,NONE
сообщил,VERB,,parataxis,,Masc,Sing,,0.1131736119007574,NONE
департамент,NOUN,,nsubj,Nom,Masc,Sing,Inan,-0.0606009186090383,NONE
Окленда,PROPN,,nmod,Gen,Masc,Sing,Inan,0.2164447310008639,LOC
в,ADP,,case,,,,,0.277525243840704,NONE
Твиттере,PROPN,,nmod,Loc,Masc,Sing,Inan,0.2952523577938781,ORG
.,PUNCT,,punct,,,,,0.0587222304844218,NONE
Поскольку,SCONJ,,mark,,,,,0.0460411813622123,NONE
они,PRON,,nsubj,Nom,,Plur,,0.0145958788666424,NONE
оба,NUM,,nsubj,Nom,Masc,,,0.0142366410631794,NONE
из,ADP,,case,,,,,-0.1673466181408377,NONE
одной,NUM,,nummod,Gen,Fem,,,-0.0627904923451985,NONE
семьи,NOUN,,advcl,Gen,Fem,Sing,Inan,0.0651397472509321,NONE
и,CCONJ,,cc,,,,,-0.079973493240178,NONE
имеют,VERB,,conj,,,Plur,,0.0082777621452679,NONE
в,ADP,,case,,,,,-0.0777984778312226,NONE
целом,NOUN,,obl,Loc,Neut,Sing,Inan,0.1036103981045899,NONE
схожую,ADJ,,amod,Acc,Fem,Sing,,0.1198974473099587,NONE
внутреннюю,ADJ,,amod,Acc,Fem,Sing,,0.0894550423651267,NONE
"""",PUNCT,,punct,,,,,0.3969559550716388,NONE
"""",PUNCT,,punct,,,,,0.1559086504124747,NONE
сантехнику,NOUN,,obj,Acc,Fem,Sing,Inan,0.1503604083667112,NONE
"""",PUNCT,,punct,,,,,0.0669464311577981,NONE
"""",PUNCT,,punct,,,,,0.0363404430631575,NONE
",",PUNCT,,punct,,,,,0.1189977382623021,NONE
вы,PRON,,nsubj,Nom,,Plur,,0.0874795054324539,NONE
действительно,ADV,,advmod,,,,,-0.2355328072390931,NONE
можете,VERB,,root,,,Plur,,-0.1273335706633012,NONE
создавать,VERB,,xcomp,,,,,-0.0384577266217137,NONE
такие,DET,,det,Acc,,Plur,,-0.1582586692275859,NONE
хирургически,ADV,,advmod,,,,,0.0830871919946404,NONE
улучшенные,VERB,,acl,Acc,,Plur,Inan,0.0484401370095762,NONE
чудеса,NOUN,,obj,Acc,Neut,Plur,Inan,0.146844231617735,NONE
.,PUNCT,,punct,,,,,-0.3575144830267108,NONE
"""",PUNCT,,root,,,,,0.3941193102327613,NONE
После,ADP,,case,,,,,-0.1496532554785187,NONE
федеральных,ADJ,,amod,Gen,,Plur,,-0.0282614711807671,NONE
выборов,NOUN,,obl,Gen,Masc,Plur,Inan,0.0561606557931336,NONE
",",PUNCT,,punct,,,,,0.1047713714484523,NONE
рекордно,ADV,,obl,,,,,0.0784250218046622,NONE
низких,ADJ,,amod,Gen,,Plur,,-0.0144891665879839,NONE
процентных,ADJ,,amod,Gen,,Plur,,-0.0598221724311214,NONE
ставок,NOUN,,conj,Gen,Fem,Plur,Inan,-0.1278606861840754,NONE
и,CCONJ,,cc,,,,,0.1176731734843821,NONE
ослабления,NOUN,,conj,Gen,Neut,Sing,Inan,0.1464725012571107,NONE
требований,NOUN,,nmod,Gen,Neut,Plur,Inan,0.0201734454137019,NONE
к,ADP,,case,,,,,-0.0359841586555436,NONE
кредитованию,NOUN,,nmod,Dat,Neut,Sing,Inan,0.0601878646332755,NONE
",",PUNCT,,punct,,,,,0.6135662677589162,NONE
рынок,NOUN,,nsubj,Nom,Masc,Sing,Inan,0.0383301407134362,NONE
Сиднея,PROPN,,nmod,Gen,Masc,Sing,Inan,0.112909036746288,LOC
видел,VERB,,root,,Masc,Sing,,-0.024898330142934,NONE
много,ADV,,advmod,,,,,0.1205969618504087,NONE
смешанных,ADJ,,amod,Gen,,Plur,,0.046710019767576,NONE
результатов,NOUN,,obl,Gen,Masc,Plur,Inan,0.0333165422779456,NONE
",",PUNCT,,punct,,,,,0.0752700131335511,NONE
при,ADP,,case,,,,,-0.0080890187798334,NONE
этом,PRON,,obl,Loc,Neut,Sing,Inan,-0.0296687986643075,NONE
многие,NUM,,amod,,,,,-0.0725807907361694,NONE
дома,NOUN,,nsubj,Nom,Masc,Plur,Inan,0.0279739332428417,NONE
продаются,VERB,,conj,,,Plur,,-0.0568075876848418,NONE
на,ADP,,case,,,,,0.0441155367498632,NONE
сто,NUM,,nummod:gov,Acc,,,,0.0204216522741461,NONE
тысяч,NOUN,,nummod,Gen,Fem,Plur,Inan,0.1012731435234241,NONE
долларов,NOUN,,obl,Gen,Masc,Plur,Inan,0.0967001558156992,NONE
выше,ADV,,advmod,,,,,-0.0130896063727152,NONE
резерва,NOUN,,obl,Gen,Masc,Sing,Inan,0.0613332679442435,NONE
",",PUNCT,,punct,,,,,0.0686391180661582,NONE
в,ADP,,cc,,,,,0.238301919104018,NONE
то,DET,,fixed,Acc,Neut,Sing,Inan,0.061761626752295,NONE
время,NOUN,,fixed,Acc,Neut,Sing,Inan,0.1456878705049528,NONE
как,SCONJ,,fixed,,,,,0.0792786692897224,NONE
другие,ADJ,,nsubj,Nom,,Plur,,0.1370185854431226,NONE
только,PART,,advmod,,,,,0.0739257690524257,NONE
продаются,VERB,,advcl,,,Plur,,0.1428928007729282,NONE
.,PUNCT,,punct,,,,,-0.4480393994295781,NONE
Отключение,NOUN,,nsubj,Nom,Neut,Sing,Inan,-0.0754594235276722,NONE
дронов,NOUN,,nmod,Gen,Masc,Plur,Inan,-0.0145960747387816,NONE
аэропорта,NOUN,,nmod,Gen,Masc,Sing,Inan,0.0654556142693657,NONE
Гатвик,PROPN,,appos,Nom,Masc,Sing,Inan,0.3511253098846333,LOC
могло,VERB,,root,,Neut,Sing,,0.1840397207765526,NONE
быть,AUX,,cop,,,,,-0.0884290935586466,NONE
внутренней,ADJ,,amod,Ins,Fem,Sing,,0.2829643746447557,NONE
работой,NOUN,,obl,Ins,Fem,Sing,Inan,-0.0239711041513113,NONE
",",PUNCT,,punct,,,,,0.3057404593074043,NONE
говорят,VERB,,parataxis,,,Plur,,-0.1192839672259784,NONE
в,ADP,,case,,,,,0.1982456078520047,NONE
полиции,NOUN,,obl,Loc,Fem,Sing,Inan,0.3416005549029334,NONE
В,ADP,,case,,,,,0.3100155046083018,NONE
шести,NUM,,obl,Loc,,,,-0.0323060166335262,NONE
из,ADP,,case,,,,,0.0066715272319678,NONE
этих,DET,,det,Gen,,Plur,,-0.0241057763165859,NONE
случаев,NOUN,,nmod,Gen,Masc,Plur,Inan,0.009201844748134,NONE
свидетели,NOUN,,nsubj,Nom,Masc,Plur,Anim,0.0153198386814589,NONE
ясно,ADV,,advmod,,,,,-0.0352286968610214,NONE
видели,VERB,,root,,,Plur,,-0.0524268132040832,NONE
два,NUM,,nummod,Acc,Masc,,Inan,-0.1453439347118707,NONE
беспилотника,NOUN,,obl,Gen,Masc,Sing,Anim,0.1698816606300984,NONE
",",PUNCT,,punct,,,,,-0.012629006038608,NONE
работающих,VERB,,acl,Gen,,Plur,,0.1501624611826887,NONE
одновременно,ADV,,advmod,,,,,0.06046785327753,NONE
",",PUNCT,,punct,,,,,0.4034438739181852,NONE
-,PUNCT,,punct,,,,,0.3378222993484066,NONE
заявили,VERB,,parataxis,,,Plur,,0.0844310471525556,NONE
в,ADP,,case,,,,,0.2492498283890977,NONE
полиции,NOUN,,obl,Loc,Fem,Sing,Inan,0.0331434545883279,NONE
Сассекса,PROPN,,nmod,Gen,Masc,Sing,Inan,0.1830527394797502,LOC
.,PUNCT,,punct,,,,,-0.0578400741826351,NONE
Если,SCONJ,,mark,,,,,-0.0542788327693121,NONE
аукцион,NOUN,,nsubj,Nom,Masc,Sing,Inan,0.1201831946129018,NONE
превышает,VERB,,advcl,,,Sing,,-0.0234884780628557,NONE
ваш,DET,,det,Acc,Masc,Sing,Inan,-0.1858134675852586,NONE
бюджет,NOUN,,obj,Acc,Masc,Sing,Inan,0.2427824090801071,NONE
",",PUNCT,,punct,,,,,0.0282567689539562,NONE
и,CCONJ,,cc,,,,,-0.1455096467414756,NONE
вы,PRON,,nsubj,Nom,,Plur,,0.230481143598899,NONE
пропустите,VERB,,conj,,,Plur,,0.2492669945023078,NONE
",",PUNCT,,punct,,,,,0.0118073173977086,NONE
не,PART,,advmod,,,,,0.3333775307961097,NONE
волнуйтесь,VERB,,root,,,Plur,,0.0279112610561819,NONE
",",PUNCT,,punct,,,,,0.0456986070659321,NONE
как,ADV,,advmod,,,,,-0.3016736355205897,NONE
там,ADV,,advmod,,,,,0.0559446367626318,NONE
будет,VERB,,ccomp,,,Sing,,0.4945277814456785,NONE
еще,ADV,,advmod,,,,,0.0546438399743828,NONE
один,NUM,,nummod,Nom,Masc,,,0.205415178976146,NONE
дом,NOUN,,nsubj,Nom,Masc,Sing,Inan,0.1423092176045772,NONE
.,PUNCT,,punct,,,,,0.1580805294729443,NONE
«Если,SCONJ,,mark,,,,,0.2026656580627934,NONE
все,DET,,det,Nom,,Plur,,-0.1479813024458429,NONE
эти,DET,,det,Nom,,Plur,,-0.1213779813324288,NONE
идеи,NOUN,,nsubj,Nom,Fem,Plur,Inan,-0.0236535490629132,NONE
невозможны,ADJ,,advcl,,,Plur,,0.0081376455984939,NONE
",",PUNCT,,punct,,,,,0.0509476489536506,NONE
мы,PRON,,nsubj,Nom,,Plur,,0.0883608885805108,NONE
предполагаем,VERB,,root,,,Plur,,0.1347052850225169,NONE
",",PUNCT,,punct,,,,,0.1823501773129599,NONE
что,SCONJ,,mark,,,,,0.071387629004562,NONE
ответчик,NOUN,,nsubj,Nom,Masc,Sing,Anim,0.2259143675473144,NONE
",",PUNCT,,punct,,,,,0.204924982983172,NONE
которому,PRON,,iobj,Dat,,,,-0.0416324853674138,NONE
поручена,VERB,,acl:relcl,,Fem,Sing,,0.0256785031723028,NONE
эта,DET,,det,Nom,Fem,Sing,,0.0019586144927762,NONE
важная,ADJ,,amod,Nom,Fem,Sing,,0.0364017428414584,NONE
обязанность,NOUN,,nsubj:pass,Nom,Fem,Sing,Inan,0.2203183633845048,NONE
",",PUNCT,,punct,,,,,0.1171971164079369,NONE
должен,ADJ,,ccomp,,Masc,Sing,,-0.0091650523410252,NONE
начать,VERB,,xcomp,,,,,0.0207390895900005,NONE
все,PRON,,obj,Acc,Neut,Sing,Inan,-0.0159677811924192,NONE
заново,ADV,,advmod,,,,,-0.1312313555183208,NONE
",",PUNCT,,punct,,,,,0.4364897600823075,NONE
-,PUNCT,,punct,,,,,0.5009201394705641,NONE
сказал,VERB,,parataxis,,Masc,Sing,,0.1231490469654126,NONE
он,PRON,,nsubj,Nom,Masc,Sing,,0.1130599825529408,NONE
.,PUNCT,,punct,,,,,-0.1640799447950005,NONE
Q,PROPN,,flat:foreign,,,,,-0.2444055668188451,NONE
.,PUNCT,,punct,,,,,-0.0120799040011174,NONE
Прилагаете,VERB,,root,,,Plur,,0.2222955196811922,NONE
ли,PART,,advmod,,,,,-0.0721197003351127,NONE
вы,PRON,,nsubj,Nom,,Plur,,-0.0700204924009793,NONE
квитанцию,NOUN,,obj,Acc,Fem,Sing,Inan,0.0590064351564053,NONE
?,PUNCT,,punct,,,,,-0.2404304332136361,NONE
Нержавеющая,ADJ,,amod,Nom,Fem,Sing,,0.1446326553148272,NONE
сталь,NOUN,,nsubj:pass,Nom,Fem,Sing,Inan,-0.0217271725553665,NONE
сделана,VERB,,root,,Fem,Sing,,0.0689417076866317,NONE
прямой,ADJ,,obl,Ins,Fem,Sing,,-0.0050319157571866,NONE
",",PUNCT,,punct,,,,,0.2265976645942678,NONE
обслуживание,NOUN,,nsubj:pass,Nom,Neut,Sing,Inan,0.3099224324160809,NONE
бритвы,NOUN,,nmod,Gen,Fem,Sing,Inan,0.1655790622311314,NONE
сделано,VERB,,conj,,Neut,Sing,,0.2327203933561104,NONE
легко,ADV,,advmod,,,,,0.2575117021408306,NONE
с,ADP,,case,,,,,0.4090360389781842,NONE
сменными,ADJ,,amod,Ins,,Plur,,0.0150196452098712,NONE
лезвиями,NOUN,,obl,Ins,Neut,Plur,Inan,0.2650563617114792,NONE
!,PUNCT,,punct,,,,,-0.2285962449141618,NONE
Так,ADV,,mark,,,,,-0.1637706433907227,NONE
что,SCONJ,,fixed,,,,,-0.0086022169952643,NONE
в,ADP,,case,,,,,-0.0244757585281395,NONE
свое,DET,,det,Acc,Neut,Sing,,-0.0690331287754108,NONE
время,NOUN,,nmod,Acc,Neut,Sing,Inan,0.123372081490484,NONE
я,PRON,,nsubj,Nom,,Sing,,0.155405611097195,NONE
был,AUX,,cop,,Masc,Sing,,0.091875932718237,NONE
большим,ADJ,,amod,Ins,Masc,Sing,,0.2031862703369684,NONE
фанатом,NOUN,,root,Ins,Masc,Sing,Anim,0.0441604257635475,NONE
Mindcrack,PROPN,,flat:foreign,,,,,0.4364420596308538,NONE
.,PUNCT,,punct,,,,,0.4626594535466669,NONE
Поскольку,SCONJ,,mark,,,,,-0.1156787548636942,NONE
у,ADP,,case,,,,,-0.1826655358501058,NONE
меня,PRON,,advcl,Gen,,Sing,,-0.346250868059827,NONE
была,VERB,,advcl,,Fem,Sing,,-0.0099347255384293,NONE
очередь,NOUN,,nsubj,Nom,Fem,Sing,Inan,-0.0953647890393868,NONE
клиентов,NOUN,,nmod,Gen,Masc,Plur,Anim,0.0075451142272254,NONE
",",PUNCT,,punct,,,,,0.0920547561127988,NONE
я,PRON,,nsubj,Nom,,Sing,,-0.0417063028250757,NONE
не,PART,,advmod,,,,,0.0932552441677382,NONE
мог,VERB,,root,,Masc,Sing,,0.1207308966888878,NONE
уйти,VERB,,xcomp,,,,,0.0470839533308648,NONE
",",PUNCT,,punct,,,,,0.0151633031966361,NONE
чтобы,SCONJ,,mark,,,,,-0.0671100279206425,NONE
помочь,VERB,,advcl,,,,,-0.01375279406778,NONE
ей,PRON,,iobj,Dat,Fem,Sing,,0.0528638630955494,NONE
найти,VERB,,xcomp,,,,,0.0231155457099801,NONE
",",PUNCT,,punct,,,,,-0.1727895996423097,NONE
поэтому,ADV,,advmod,,,,,-0.1285353007595586,NONE
я,PRON,,nsubj,Nom,,Sing,,-0.0147667058819144,NONE
сказал,VERB,,conj,,Masc,Sing,,-0.3543734822689762,NONE
ей,PRON,,iobj,Dat,Fem,Sing,,0.1930259530001593,NONE
:,PUNCT,,punct,,,,,0.0641207431101709,NONE
«Я,PRON,,nsubj,,,,,-0.0050789115276833,NONE
думаю,VERB,,parataxis,,,Sing,,-0.0199271016502597,NONE
",",PUNCT,,punct,,,,,0.0809154745049251,NONE
что,SCONJ,,mark,,,,,-0.0005590409425722,NONE
они,PRON,,nsubj,Nom,,Plur,,0.0541347752576082,NONE
теперь,ADV,,advmod,,,,,0.0418707053262577,NONE
на,ADP,,case,,,,,0.09721020732149,NONE
проходе,NOUN,,ccomp,Loc,Masc,Sing,Inan,0.1133459237737423,NONE
7»,NUM,,appos,,,,,-0.20826248288018,NONE
.,PUNCT,,punct,,,,,0.4054293228958606,NONE
Французские,ADJ,,amod,Nom,,Plur,,0.3942318128856212,NONE
рыбаки,NOUN,,nsubj,Nom,Masc,Plur,Anim,0.3946661565342187,NONE
угрожают,VERB,,root,,,Plur,,0.3185019245064047,NONE
сорвать,VERB,,xcomp,,,,,0.0456479605931201,NONE
британский,ADJ,,amod,Acc,Masc,Sing,Inan,0.3247952965472386,NONE
импорт,NOUN,,obj,Acc,Masc,Sing,Inan,0.1237199054065043,NONE
в,ADP,,case,,,,,-0.008734608161894,NONE
рыболовном,ADJ,,amod,Loc,Masc,Sing,,0.1361026357951243,NONE
споре,NOUN,,obl,Loc,Masc,Sing,Inan,0.2981116380488279,NONE
после,ADP,,case,,,,,0.228480443518184,NONE
Брексита,PROPN,,nmod,Gen,Masc,Sing,Anim,0.242458489237458,PER
Тележка,NOUN,,nsubj:pass,Nom,Fem,Sing,Inan,0.1828861212224049,NONE
Параса,PROPN,,nmod,Gen,Masc,Sing,Anim,0.1516441556077158,PER
Райкара,PROPN,,flat:name,Gen,Masc,Sing,Anim,-0.0543644106334336,PER
с,ADP,,case,,,,,-0.057942005437266,NONE
яйцами,NOUN,,nmod,Ins,Neut,Plur,Inan,-0.0857820287330566,NONE
",",PUNCT,,punct,,,,,0.2276532558017686,NONE
как,SCONJ,,mark,,,,,0.0603999223986603,NONE
утверждается,VERB,,parataxis,,,Sing,,0.0360250582195114,NONE
",",PUNCT,,punct,,,,,0.0406840881110572,NONE
была,AUX,,aux:pass,,Fem,Sing,,-0.0287688539721977,NONE
опрокинута,VERB,,root,,Fem,Sing,,-0.0096101694289806,NONE
в,ADP,,case,,,,,0.0080734705700424,NONE
четверг,NOUN,,obl,Acc,Masc,Sing,Inan,-0.102913039063057,NONE
гражданскими,ADJ,,amod,Ins,,Plur,,-0.0433248741796767,NONE
чиновниками,NOUN,,obl,Ins,Masc,Plur,Anim,0.0090080294019835,NONE
в,ADP,,case,,,,,-0.0083936064526919,NONE
Индоре,PROPN,,nmod,Loc,Masc,Sing,Inan,0.0049905982789565,LOC
",",PUNCT,,punct,,,,,0.1734884122152753,NONE
где,ADV,,advmod,,,,,-0.1174560172083557,NONE
администрация,NOUN,,nsubj,Nom,Fem,Sing,Inan,0.2133630641188154,NONE
внедрила,VERB,,acl:relcl,,Fem,Sing,,0.0056743376630568,NONE
правило,NOUN,,obj,Acc,Neut,Sing,Inan,0.0638551635615212,NONE
«влево-вправо»,ADV,,advmod,,,,,0.2670007773770027,NONE
для,ADP,,case,,,,,0.0137017051919093,NONE
пошагового,ADJ,,amod,Gen,Neut,Sing,,0.1243828908628886,NONE
открытия,NOUN,,obl,Gen,Neut,Sing,Inan,0.0691739721672408,NONE
магазинов,NOUN,,nmod,Gen,Masc,Plur,Inan,0.1009492237313223,NONE
на,ADP,,case,,,,,0.0593992283511725,NONE
фоне,NOUN,,nmod,Loc,Masc,Sing,Inan,0.0783027971693763,NONE
пандемии,NOUN,,nmod,Gen,Fem,Sing,Inan,0.0582567969431329,NONE
коронавируса,NOUN,,nmod,Gen,Masc,Sing,Inan,0.1358535273529449,NONE
.,PUNCT,,punct,,,,,0.4851507564917789,NONE
Отражение,NOUN,,nsubj,Nom,Neut,Sing,Inan,0.0568634195906926,NONE
родилось,VERB,,root,,Neut,Sing,,0.0730881263911878,NONE
на,ADP,,case,,,,,0.0152985348881303,NONE
задней,ADJ,,amod,Loc,Fem,Sing,,0.124256665308793,NONE
тяжелой,ADJ,,amod,Loc,Fem,Sing,,0.0887330715544039,NONE
тренировке,NOUN,,obl,Loc,Fem,Sing,Inan,0.0041260529536714,NONE
",",PUNCT,,punct,,,,,-0.2658045323732099,NONE
которую,PRON,,obj,Acc,,,,-0.0104510208942359,NONE
провел,VERB,,acl:relcl,,Masc,Sing,,0.1178348958267648,NONE
бывший,ADJ,,amod,Nom,Masc,Sing,,0.1800146661688801,NONE
чемпион,NOUN,,nsubj,Nom,Masc,Sing,Anim,0.1133017633656526,NONE
UFC,PROPN,,flat:foreign,,,,,0.2520359819659581,ORG
в,ADP,,case,,,,,0.1788146580568926,NONE
полусреднем,ADJ,,amod,Loc,Masc,Sing,,0.3440354375338904,NONE
весе,NOUN,,nmod,Loc,Masc,Sing,Inan,0.0380735689004682,NONE
Робби,PROPN,,appos,Nom,Masc,Sing,Anim,0.0939116378383139,PER
Лоулер,PROPN,,flat:name,Nom,Masc,Sing,Anim,0.1056077577504605,PER
в,ADP,,case,,,,,0.0514499001312128,NONE
спортзале,NOUN,,obl,Loc,Masc,Sing,Inan,0.1771322366595988,NONE
Hard,PROPN,,flat:foreign,,,,,0.037954244913419,NONE
Knocks,PROPN,,flat:foreign,,,,,0.006154082198552,NONE
MMA-дома,PROPN,,flat:foreign,,,,,0.1140897954347126,NONE
Карусоса,PROPN,,nmod,Gen,Masc,Sing,Anim,0.1683499713111615,NONE
вдали,ADV,,advmod,,,,,0.2551187577177276,NONE
от,ADP,,case,,,,,0.2339853708224979,NONE
дома,NOUN,,obl,Gen,Masc,Sing,Inan,-0.1498130404213948,NONE
.,PUNCT,,punct,,,,,-0.3979197761237325,NONE
Правительство,NOUN,,nsubj,Nom,Neut,Sing,Inan,-0.2207789264051321,NONE
",",PUNCT,,punct,,,,,-0.0964188349722481,NONE
выходя,VERB,,advcl,,,,,-0.0111703355574914,NONE
из,ADP,,case,,,,,-0.039255004968399,NONE
низких,ADJ,,amod,Gen,,Plur,,0.0566340537256192,NONE
цен,NOUN,,obl,Gen,Fem,Plur,Inan,-0.044012812979815,NONE
на,ADP,,case,,,,,0.0039379377250468,NONE
нефть,NOUN,,nmod,Acc,Fem,Sing,Inan,-0.0550544403071402,NONE
",",PUNCT,,punct,,,,,0.1019920853823921,NONE
заявляет,VERB,,root,,,Sing,,0.045604356439268,NONE
",",PUNCT,,punct,,,,,0.0720756164758777,NONE
что,SCONJ,,mark,,,,,-0.2136557456643072,NONE
надеется,VERB,,ccomp,,,Sing,,0.3613403144100325,NONE
",",PUNCT,,punct,,,,,-0.137204117605854,NONE
что,SCONJ,,mark,,,,,-0.0859753948037744,NONE
туризм,NOUN,,nsubj,Nom,Masc,Sing,Inan,-0.0955095992035517,NONE
к,ADP,,case,,,,,0.0243359670677782,NONE
2030,ADJ,,amod,,,,,-0.01541954725289,NONE
году,NOUN,,obl,Dat,Masc,Sing,Inan,-0.0911125101534013,NONE
внесет,VERB,,ccomp,,,Sing,,0.0392687516648304,NONE
до,ADP,,case,,,,,0.0194223490423303,NONE
10,NUM,,nummod,,,,,0.0258354420265153,NONE
процентов,NOUN,,obl,Gen,Masc,Plur,Inan,-0.0589397888667904,NONE
валового,ADJ,,amod,Gen,Masc,Sing,,-0.0114200957157932,NONE
внутреннего,ADJ,,amod,Gen,Masc,Sing,,-0.059858504632643,NONE
продукта,NOUN,,nmod,Gen,Masc,Sing,Inan,0.0013695206629345,NONE
",",PUNCT,,punct,,,,,-0.0924390195422391,NONE
по,ADP,,case,,,,,-0.0255040687010207,NONE
сравнению,NOUN,,fixed,Dat,Neut,Sing,Inan,0.0678329295663006,NONE
с,ADP,,fixed,,,,,-0.0167439901447482,NONE
2030,NUM,,nummod,,,,,0.0507610420955691,NONE
процентами,NOUN,,obl,Ins,Masc,Plur,Inan,0.0144604501205621,NONE
в,ADP,,advmod,,,,,0.1063710425594307,NONE
настоящее,ADJ,,fixed,Acc,Neut,Sing,Inan,-0.0109759672941701,NONE
время,NOUN,,fixed,Acc,Neut,Sing,Inan,0.0699675233109842,NONE
.,PUNCT,,punct,,,,,0.2333968963054414,NONE
Это,PRON,,nsubj,Nom,Neut,Sing,Inan,0.0161078505605181,NONE
включает,VERB,,root,,,Sing,,0.1243602976427278,NONE
в,ADP,,case,,,,,0.0574509261153009,NONE
себя,PRON,,obl,Acc,,,,-0.0777748279619919,NONE
журналистов,NOUN,,obj,Acc,Masc,Plur,Anim,0.0528747838201653,NONE
",",PUNCT,,punct,,,,,0.054946803819632,NONE
деловых,ADJ,,amod,Acc,,Plur,Anim,0.0907307410404583,NONE
людей,NOUN,,conj,Acc,Masc,Plur,Anim,-0.0072874898387327,NONE
",",PUNCT,,punct,,,,,0.0140870069614195,NONE
ученых,NOUN,,conj,Acc,Masc,Plur,Anim,0.1418229254837194,NONE
и,CCONJ,,cc,,,,,0.1141555874615895,NONE
сотрудников,NOUN,,conj,Acc,Masc,Plur,Anim,0.1370389310226568,NONE
университета,NOUN,,nmod,Gen,Masc,Sing,Inan,-0.162454641917229,NONE
",",PUNCT,,punct,,,,,0.2642851254705224,NONE
юристов,NOUN,,conj,Acc,Masc,Plur,Anim,0.2630905240572616,NONE
",",PUNCT,,punct,,,,,0.2562010113638238,NONE
граждан,NOUN,,conj,Acc,Masc,Plur,Anim,0.2962410227717273,NONE
",",PUNCT,,punct,,,,,0.0984957927518278,NONE
жителей,NOUN,,conj,Acc,Masc,Plur,Anim,0.0692221273083023,NONE
и,CCONJ,,cc,,,,,0.1375633655730004,NONE
гостей,NOUN,,conj,Acc,Masc,Plur,Anim,0.075386876333907,NONE
.,PUNCT,,punct,,,,,0.6067391810444426,NONE
Опять,ADV,,advmod,,,,,0.0388885886601502,NONE
же,PART,,advmod,,,,,-0.0560216608425215,NONE
",",PUNCT,,punct,,,,,0.1629866518844999,NONE
я,PRON,,nsubj,Nom,,Sing,,-0.0375901402146451,NONE
не,PART,,advmod,,,,,0.0175990313688527,NONE
жду,VERB,,root,,,Sing,,0.1965675186378137,NONE
ничего,PRON,,obj,Gen,Neut,Sing,Inan,-0.4481869425144607,NONE
драматичного,ADJ,,amod,Gen,Neut,Sing,,0.0723678666533372,NONE
или,CCONJ,,cc,,,,,-0.079238420600176,NONE
увидеть,VERB,,conj,,,,,-0.0011301698215873,NONE
людей,NOUN,,obj,Acc,Masc,Plur,Anim,-0.4831905258699983,NONE
у,ADP,,case,,,,,0.0570851781075474,NONE
горла,NOUN,,obl,Gen,Neut,Sing,Inan,0.0656221289178186,NONE
друг,NOUN,,nmod,Nom,Masc,Sing,Anim,0.0957471783036832,NONE
друга,NOUN,,fixed,Gen,Masc,Sing,Anim,0.0711353026247203,NONE
.,PUNCT,,punct,,,,,0.5373452343759542,NONE
Герберт,PROPN,,nsubj,Nom,Masc,Sing,Anim,-0.0069027645691309,NONE
начал,VERB,,root,,Masc,Sing,,-0.2094579190143678,NONE
42,NUM,,nummod,,,,,-0.1122933915498179,NONE
игры,NOUN,,obl,Gen,Fem,Sing,Inan,-0.0576302154209169,NONE
в,ADP,,case,,,,,0.2812927175999755,NONE
Орегоне,PROPN,,nmod,Loc,Masc,Sing,Inan,0.0908013341082092,LOC
",",PUNCT,,punct,,,,,0.0796286182302896,NONE
составив,VERB,,advcl,,,,,0.1696303785578998,NONE
рекорд,NOUN,,obj,Acc,Masc,Sing,Inan,0.3909048158298177,NONE
29-13,NUM,,nummod:entity,,,,,0.3801921826866684,NONE
с,ADP,,case,,,,,0.2838118361568143,NONE
10,NUM,,nummod,,,,,0.0092156668671717,NONE
541,NUM,,nummod,,,,,0.1649130872251172,NONE
проходным,ADJ,,amod,Ins,Masc,Sing,,0.2228077328425931,NONE
ярдом,NOUN,,nmod,Ins,Masc,Sing,Inan,0.0545050854604921,NONE
и,CCONJ,,cc,,,,,0.0563360127994157,NONE
108,NUM,,nummod,,,,,0.285039504369197,NONE
точными,ADJ,,amod,Ins,,Plur,,0.026283869790943,NONE
приземлениями,NOUN,,conj,Ins,Neut,Plur,Inan,0.2333775752444204,NONE
.,PUNCT,,punct,,,,,0.1684941103223836,NONE
Министерство,NOUN,,nsubj,Nom,Neut,Sing,Inan,-0.1093964792082253,ORG
здравоохранения,NOUN,,nmod,Gen,Neut,Sing,Inan,0.2254343348882379,ORG
Ирана,PROPN,,nmod,Gen,Masc,Sing,Inan,0.0026048125878466,LOC
ежедневно,ADV,,advmod,,,,,0.0217428682243177,NONE
регистрирует,VERB,,root,,,Sing,,-0.0077123218732518,NONE
1686,NUM,,nummod,,,,,0.0991434164330739,NONE
новых,ADJ,,amod,Gen,,Plur,,-0.0432048074331215,NONE
случаев,NOUN,,obl,Gen,Masc,Plur,Inan,-0.0580222501882582,NONE
заражения,NOUN,,nmod,Gen,Neut,Sing,Inan,-0.0505353323030915,NONE
COVID-19,PROPN,,flat:foreign,,,,,0.5264720595649478,NONE
–,PUNCT,,punct,,,,,-0.1688337938566475,NONE
это,PRON,,nsubj,Nom,Neut,Sing,Inan,-0.1403101167035526,NONE
самый,ADJ,,amod,Nom,Masc,Sing,,-0.0533910384539537,NONE
низкий,ADJ,,amod,Nom,Masc,Sing,,0.1644782587354604,NONE
показатель,NOUN,,parataxis,Nom,Masc,Sing,Inan,-0.2243999210964926,NONE
за,ADP,,case,,,,,-0.0180188531526589,NONE
последние,ADJ,,amod,Acc,,Plur,Inan,-0.0096854280388549,NONE
460,NUM,,nummod,,,,,0.0246379339969198,NONE
дней,NOUN,,nmod,Gen,Masc,Plur,Inan,0.043658352776752,NONE
",",PUNCT,,punct,,,,,0.4017172887543436,NONE
свидетельствующий,VERB,,acl,Nom,Masc,Sing,,0.0479246949262577,NONE
о,ADP,,case,,,,,0.1113781537936598,NONE
резком,ADJ,,amod,Loc,Neut,Sing,,-0.0170587404978514,NONE
снижении,NOUN,,obl,Loc,Neut,Sing,Inan,0.1043863194304509,NONE
числа,NOUN,,nmod,Gen,Neut,Sing,Inan,0.0601164904021108,NONE
случаев,NOUN,,nmod,Gen,Masc,Plur,Inan,-0.006706374556941,NONE
заболевания,NOUN,,nmod,Gen,Neut,Sing,Inan,-0.2043505193642625,NONE
по,ADP,,case,,,,,0.0544131357000601,NONE
мере,NOUN,,fixed,Dat,Fem,Sing,Inan,0.0781914656692325,NONE
стихания,NOUN,,nmod,Gen,Neut,Sing,Inan,0.1341837854781332,NONE
пятой,ADJ,,amod,Gen,Fem,Sing,,0.0405652907456839,NONE
волны,NOUN,,nmod,Gen,Fem,Sing,Inan,0.1202770675147784,NONE
пандемии,NOUN,,nmod,Gen,Fem,Sing,Inan,0.0765786539213808,NONE
.,PUNCT,,punct,,,,,0.3082197300739634,NONE
Карл,PROPN,,nsubj,Nom,Masc,Sing,Anim,-0.0078735101091706,PER
утверждал,VERB,,root,,Masc,Sing,,0.0236251795337772,NONE
:,PUNCT,,punct,,,,,0.0970552847380312,NONE
"""",PUNCT,,punct,,,,,0.0951379750302467,NONE
"""",PUNCT,,punct,,,,,0.0969340261454353,NONE
Отрицание,NOUN,,nsubj,Nom,Neut,Sing,Inan,-0.0744735703471392,NONE
реальности,NOUN,,nmod,Gen,Fem,Sing,Inan,0.0615521603647658,NONE
и,CCONJ,,cc,,,,,-0.19897804635775,NONE
использование,NOUN,,conj,Nom,Neut,Sing,Inan,-0.1321002103736404,NONE
трибуны,NOUN,,nmod,Gen,Fem,Sing,Inan,-0.110939440615804,NONE
Белого,ADJ,,amod,Gen,Masc,Sing,,-0.0377691603906449,LOC
дома,NOUN,,nmod,Gen,Masc,Sing,Inan,-0.1249441291707867,LOC
в,ADP,,case,,,,,0.0603427471403811,NONE
чисто,ADV,,obl,,,,,0.006333966693734,NONE
политических,ADJ,,amod,Loc,,Plur,,-0.0207639012716922,NONE
целях,NOUN,,nmod,Loc,Fem,Plur,Inan,-0.0796518556058042,NONE
является,VERB,,parataxis,,,Sing,,-0.1183387213503376,NONE
нарушением,NOUN,,obl,Ins,Neut,Sing,Inan,-0.0605581070937678,NONE
общественного,ADJ,,amod,Gen,Neut,Sing,,-0.0090318664700125,NONE
доверия,NOUN,,nmod,Gen,Neut,Sing,Inan,0.0537093209543304,NONE
.,PUNCT,,punct,,,,,0.0386134088706968,NONE
"""",PUNCT,,punct,,,,,0.0276254542183705,NONE
"""",PUNCT,,root,,,,,0.0163573398004459,NONE
"""",PUNCT,,punct,,,,,0.8335069667257189,NONE
Вся,DET,,det,Nom,Fem,Sing,,0.2098318758086987,NONE
эта,DET,,det,Nom,Fem,Sing,,-0.2540946354887459,NONE
история,NOUN,,nsubj,Nom,Fem,Sing,Inan,-0.124147455225633,NONE
произошла,VERB,,root,,Fem,Sing,,-0.0173473193956087,NONE
после,ADP,,case,,,,,-0.0514150011364439,NONE
того,PRON,,obl,Gen,Neut,Sing,Inan,-0.0947571663345226,NONE
",",PUNCT,,punct,,,,,0.0986436916449284,NONE
как,SCONJ,,mark,,,,,0.0455111997432069,NONE
я,PRON,,nsubj,Nom,,Sing,,-0.0550849811428844,NONE
стал,VERB,,acl,,Masc,Sing,,-0.2212775265992247,NONE
заниматься,VERB,,xcomp,,,,,-0.3243632383489256,NONE
другими,DET,,det,Ins,,Plur,,-0.0938435987678693,NONE
вещами,NOUN,,iobj,Ins,Fem,Plur,Inan,0.233363915512878,NONE
",",PUNCT,,punct,,,,,0.0143086712964569,NONE
поэтому,ADV,,advmod,,,,,-0.350577402399431,NONE
все,DET,,det,Nom,Neut,Sing,,-0.0380575741452621,NONE
это,PRON,,nsubj,Nom,Neut,Sing,Inan,-0.2809407821110411,NONE
для,ADP,,case,,,,,-0.2036437546939568,NONE
меня,PRON,,obl,Gen,,Sing,,-0.2558929671446215,NONE
в,ADP,,case,,,,,-0.0215584532206795,NONE
новинку,NOUN,,conj,Acc,Fem,Sing,Inan,0.0169947150640329,NONE
.,PUNCT,,punct,,,,,-0.023726196138729,NONE
Этот,DET,,det,Nom,Masc,Sing,,-0.6642791494025428,NONE
материал,NOUN,,nsubj,Nom,Masc,Sing,Inan,0.1689926008001636,NONE
увядает,VERB,,root,,,Sing,,0.0679842411998597,NONE
",",PUNCT,,punct,,,,,0.074782577812762,NONE
когда,SCONJ,,mark,,,,,-0.2254903636933914,NONE
подвергается,VERB,,advcl,,,Sing,,-0.0624604939036003,NONE
какой-либо,DET,,det,Dat,Fem,Sing,,0.0175487284283244,NONE
критической,ADJ,,amod,Dat,Fem,Sing,,0.2566563425213107,NONE
мысли,NOUN,,iobj,Dat,Fem,Sing,Inan,-0.0092930114287242,NONE
.,PUNCT,,punct,,,,,0.2571959096758708,NONE
Но,CCONJ,,cc,,,,,-0.1653050389315434,NONE
после,ADP,,case,,,,,-0.1480280948140083,NONE
девяти,NUM,,nummod,Gen,,,,0.1550002638996552,NONE
месяцев,NOUN,,obl,Gen,Masc,Plur,Inan,-0.1193688644355975,NONE
расследования,NOUN,,nmod,Gen,Neut,Sing,Inan,0.0630312654176795,NONE
полиция,NOUN,,nsubj,Nom,Fem,Sing,Inan,-0.0949175839967857,NONE
",",PUNCT,,punct,,,,,0.214603774271252,NONE
ответственная,ADJ,,amod,Nom,Fem,Sing,,0.1029452643763245,NONE
за,ADP,,case,,,,,-0.1252288743836238,NONE
аэропорт,NOUN,,obl,Acc,Masc,Sing,Inan,-0.1020482694359188,NONE
",",PUNCT,,punct,,,,,0.116765208994426,NONE
говорит,VERB,,root,,,Sing,,0.0765675020674398,NONE
",",PUNCT,,punct,,,,,0.0361774125934605,NONE
что,SCONJ,,mark,,,,,-0.5125196700765866,NONE
",",PUNCT,,punct,,,,,-0.0057430478226739,NONE
возможно,ADV,,parataxis,,,,,-0.3359741482103934,NONE
",",PUNCT,,punct,,,,,0.0089413072726097,NONE
никогда,ADV,,advmod,,,,,-0.0309315951888854,NONE
не,PART,,advmod,,,,,0.3872378713663834,NONE
найдет,VERB,,ccomp,,,Sing,,0.0796158442228572,NONE
виновного,ADJ,,obl,Gen,Masc,Sing,,0.0778848447478719,NONE
.,PUNCT,,punct,,,,,0.1661810877602031,NONE
Глава,NOUN,,nsubj,Nom,Masc,Sing,Anim,-0.3914712230533841,NONE
антимонопольной,ADJ,,amod,Gen,Fem,Sing,,0.0667963003908396,NONE
службы,NOUN,,nmod,Gen,Fem,Sing,Inan,0.0988931079608877,NONE
министерства,NOUN,,nmod,Gen,Neut,Sing,Inan,0.0484433653454349,NONE
юстиции,NOUN,,nmod,Gen,Fem,Sing,Inan,0.0906102139457046,NONE
также,ADV,,advmod,,,,,0.0327286715286137,NONE
заявил,VERB,,root,,Masc,Sing,,0.0522650658598897,NONE
на,ADP,,case,,,,,0.0849561080766796,NONE
технологической,ADJ,,amod,Loc,Fem,Sing,,0.0992772536704931,NONE
конференции,NOUN,,obl,Loc,Fem,Sing,Inan,0.0927742624133967,NONE
в,ADP,,case,,,,,0.1622487033730355,NONE
августе,NOUN,,obl,Loc,Masc,Sing,Inan,0.0962462979342944,NONE
",",PUNCT,,punct,,,,,0.50715247694947,NONE
что,SCONJ,,mark,,,,,0.5733595876161852,NONE
правительство,NOUN,,nsubj,Nom,Neut,Sing,Inan,0.0645045206904122,NONE
рассматривает,VERB,,ccomp,,,Sing,,0.1905005461430179,NONE
ранее,ADV,,advmod,,,,,0.0059859315840192,NONE
одобренные,VERB,,acl,Acc,,Plur,Inan,0.0231344758680671,NONE
поглощения,NOUN,,obj,Acc,Neut,Plur,Inan,0.1342335701120681,NONE
как,SCONJ,,mark,,,,,-0.090176177882337,NONE
часть,NOUN,,advcl,Acc,Fem,Sing,Inan,-0.0959975869427804,NONE
своего,DET,,det,Gen,Masc,Sing,,-0.0403375415740116,NONE
широкого,ADJ,,amod,Gen,Masc,Sing,,0.0036786822193023,NONE
обзора,NOUN,,nmod,Gen,Masc,Sing,Inan,0.1506057922391992,NONE
.,PUNCT,,punct,,,,,-0.1211513701190412,NONE
Нажмите,VERB,,root,,,Plur,,0.0369691483600106,NONE
OK,X,,obj,,,,,0.1471204249346877,NONE
на,ADP,,case,,,,,-0.309483050125874,NONE
экране,NOUN,,obl,Loc,Masc,Sing,Inan,0.4104950440835653,NONE
подтверждения,NOUN,,obj,Acc,Neut,Plur,Inan,0.0683306463809838,NONE
.,PUNCT,,punct,,,,,0.1788457831025893,NONE
Siege,X,,root,,,,,0.0974521181342145,NONE
Warfare,X,,flat:foreign,,,,,0.1407081615484265,NONE
-,PUNCT,,punct,,,,,0.589612641277706,NONE
массовые,ADJ,,amod,Nom,,Plur,,0.1349806840799147,NONE
битвы,NOUN,,parataxis,Nom,Fem,Plur,Inan,0.3530059068844188,NONE
гильдий,NOUN,,nmod,Gen,Fem,Plur,Inan,0.2802947902259568,NONE
",",PUNCT,,punct,,,,,0.4689751723008479,NONE
свободные,ADJ,,amod,Nom,,Plur,,0.0474629068263393,NONE
для,ADP,,case,,,,,-0.171545897977168,NONE
всех,PRON,,obl,Gen,,Plur,Anim,0.0002413738754406,NONE
!,PUNCT,,punct,,,,,0.3127546469296911,NONE
Мы,PRON,,nsubj,Nom,,Plur,,0.3134713095147931,NONE
постараемся,VERB,,root,,,Plur,,-0.0331526289053756,NONE
быстро,ADV,,advmod,,,,,0.2555368818356504,NONE
диагностировать,VERB,,xcomp,,,,,0.1403330291812367,NONE
и,CCONJ,,cc,,,,,-0.0547787549077196,NONE
реагировать,VERB,,conj,,,,,0.0821944935475123,NONE
на,ADP,,case,,,,,-0.2434977869103106,NONE
новые,ADJ,,amod,Acc,,Plur,Inan,-0.34356786915212,NONE
варианты,NOUN,,obl,Acc,Masc,Plur,Inan,0.0865878830461543,NONE
",",PUNCT,,punct,,,,,-0.1245312886486008,NONE
которые,PRON,,nsubj,Nom,,,,-0.1572747636100222,NONE
могут,VERB,,acl:relcl,,,Plur,,-0.0112751818754724,NONE
появиться,VERB,,xcomp,,,,,-0.0536177943946893,NONE
после,ADP,,case,,,,,0.3638966359598401,NONE
Covid-19,PROPN,,flat:foreign,,,,,0.003301452517902,NONE
.,PUNCT,,punct,,,,,0.4157624122543174,NONE
"""",PUNCT,,punct,,,,,0.1114984862305609,NONE
Стало,VERB,,root,,Neut,Sing,,0.0317539188673389,NONE
известно,ADJ,,obl,,Neut,Sing,,0.0061627210913236,NONE
",",PUNCT,,punct,,,,,0.0330590732286449,NONE
что,SCONJ,,mark,,,,,-0.0156161257915685,NONE
Талвар,PROPN,,nsubj,Nom,Masc,Sing,Anim,0.0086609686025726,PER
создал,VERB,,ccomp,,Masc,Sing,,0.0186982668050361,NONE
сеть,NOUN,,obj,Acc,Fem,Sing,Inan,0.0303699688310145,NONE
предприятий,NOUN,,nmod,Gen,Neut,Plur,Inan,0.0071969007164238,NONE
",",PUNCT,,punct,,,,,0.136568943041806,NONE
принадлежащих,VERB,,acl,Gen,,Plur,,0.0104489827966518,NONE
ему,PRON,,iobj,Dat,Masc,Sing,,0.008838471113929,NONE
и,CCONJ,,cc,,,,,0.007672569382987,NONE
членам,NOUN,,conj,Dat,Masc,Plur,Anim,0.0024132664544379,NONE
его,DET,,det,,,,,0.0387672271103396,NONE
семьи,NOUN,,nmod,Gen,Fem,Sing,Inan,0.0137624573740476,NONE
в,ADP,,case,,,,,-0.0163829329972911,NONE
Индии,PROPN,,nmod,Loc,Fem,Sing,Inan,0.0111042602450375,LOC
",",PUNCT,,punct,,,,,0.016153332625796,NONE
и,CCONJ,,cc,,,,,0.0052416129799364,NONE
международные,ADJ,,amod,Acc,,Plur,Inan,0.0263640024756189,NONE
оффшорные,ADJ,,amod,Acc,,Plur,Inan,0.0287883200746248,NONE
убежища,NOUN,,conj,Acc,Neut,Plur,Inan,0.003195497497121,NONE
для,ADP,,case,,,,,-0.0403380236463917,NONE
отмывания,NOUN,,nmod,Gen,Neut,Sing,Inan,0.0018938303596579,NONE
доходов,NOUN,,nmod,Gen,Masc,Plur,Inan,-0.0160679979749781,NONE
от,ADP,,case,,,,,0.0163357987512412,NONE
преступлений,NOUN,,nmod,Gen,Neut,Plur,Inan,0.0120693828272323,NONE
в,ADP,,case,,,,,-0.0204660038785403,NONE
размере,NOUN,,nmod,Loc,Masc,Sing,Inan,0.0064756641179241,NONE
272,NUM,,nummod,,,,,0.0123788226835763,NONE
рупий,NOUN,,nmod,Gen,Fem,Plur,Inan,0.0381020464369731,NONE
",",PUNCT,,punct,,,,,0.014900307109806,NONE
полученных,VERB,,acl,Gen,,Plur,,-0.0064603475761579,NONE
от,ADP,,case,,,,,0.0154626451837243,NONE
иностранных,ADJ,,amod,Gen,,Plur,,-0.0052902095825723,NONE
авиакомпаний,NOUN,,obl,Gen,Fem,Plur,Inan,0.007371206141695,NONE
",",PUNCT,,punct,,,,,0.0391735807537089,NONE
"""",PUNCT,,punct,,,,,0.0113780656834998,NONE
"""",PUNCT,,punct,,,,,-0.0116053678348139,NONE
сказал,VERB,,parataxis,,Masc,Sing,,0.0227342051234878,NONE
ЭД,PROPN,,nsubj,Nom,Masc,Sing,Anim,0.0079233717489552,PER
.,PUNCT,,punct,,,,,0.0016842999216397,NONE
"""",PUNCT,,punct,,,,,-0.0381270116382886,NONE
Вертолет,NOUN,,nsubj,Nom,Masc,Sing,Inan,0.08696099961196,NONE
",",PUNCT,,punct,,,,,0.1625943500808545,NONE
взлетевший,VERB,,acl,Nom,Masc,Sing,,0.0877169967827128,NONE
из,ADP,,case,,,,,-0.0641146451235254,NONE
Хирму,PROPN,,obl,Gen,Masc,Sing,Inan,0.1515217847225167,LOC
в,ADP,,case,,,,,0.2704070206000645,NONE
Аруначал-Прадеш,PROPN,,appos,Acc,Masc,Sing,Inan,0.1454438092266577,LOC
",",PUNCT,,punct,,,,,0.1636946309072971,NONE
потерял,VERB,,root,,Masc,Sing,,0.0920587449755359,NONE
контакт,NOUN,,obj,Acc,Masc,Sing,Inan,0.0792235675895904,NONE
возле,ADP,,case,,,,,0.1466680499880739,NONE
Йонфулы,PROPN,,obl,Gen,Fem,Sing,Inan,0.1765296337229119,LOC
",",PUNCT,,punct,,,,,0.1327472544709833,NONE
сообщили,VERB,,conj,,,Plur,,-0.0786237287896488,NONE
в,ADP,,case,,,,,0.044325668342597,NONE
армии,NOUN,,obl,Loc,Fem,Sing,Inan,-0.0454985180885598,NONE
",",PUNCT,,punct,,,,,0.0343887536793345,NONE
добавив,VERB,,advcl,,,,,0.1398048749363117,NONE
",",PUNCT,,punct,,,,,0.0159458246042514,NONE
что,SCONJ,,mark,,,,,-0.2929436617674524,NONE
обломки,NOUN,,nsubj,Nom,Masc,Plur,Inan,0.392541975503388,NONE
расположены,ADJ,,ccomp,,,Plur,,0.1753198149151926,NONE
.,PUNCT,,punct,,,,,0.442652948268961,NONE
Не,PART,,advmod,,,,,-0.2119818612981235,NONE
потребовалось,VERB,,root,,Neut,Sing,,0.056448855037068,NONE
много,ADV,,nsubj,,,,,0.0584062503649485,NONE
времени,NOUN,,obl,Gen,Neut,Sing,Inan,0.0319490468009281,NONE
",",PUNCT,,punct,,,,,0.0622185582169139,NONE
чтобы,SCONJ,,mark,,,,,-0.0152694655266713,NONE
преимущество,NOUN,,nsubj,Nom,Neut,Sing,Inan,0.0158175013035435,NONE
в,ADP,,case,,,,,-0.0481694559495051,NONE
персонале,NOUN,,nmod,Loc,Masc,Sing,Inan,0.000667358258536,NONE
стало,VERB,,advcl,,Neut,Sing,,-0.0096158000791332,NONE
ощутимым,ADJ,,obl,Ins,Neut,Sing,,0.0720423368906347,NONE
",",PUNCT,,punct,,,,,0.0142898501818056,NONE
поскольку,SCONJ,,mark,,,,,-0.0369774919308536,NONE
Бейрн,PROPN,,nsubj,Nom,Masc,Sing,Anim,-0.05373247234431,PER
начал,VERB,,advcl,,Masc,Sing,,-0.0249806888448131,NONE
попытку,NOUN,,obj,Acc,Fem,Sing,Inan,0.036334501395861,NONE
прорыва,NOUN,,nmod,Gen,Masc,Sing,Inan,0.0380911442036347,NONE
",",PUNCT,,punct,,,,,0.0727710249923367,NONE
которая,PRON,,nsubj,Nom,,,,0.1126200291732015,NONE
закончилась,VERB,,acl:relcl,,Fem,Sing,,0.010077430966583,NONE
блестящим,ADJ,,amod,Ins,Neut,Sing,,0.1108440972001576,NONE
завершением,NOUN,,obl,Ins,Neut,Sing,Inan,0.0788201057435903,NONE
игры,NOUN,,nmod,Gen,Fem,Sing,Inan,0.1376675584956163,NONE
крайним,ADJ,,amod,Ins,Masc,Sing,,0.1307699204136935,NONE
защитником,NOUN,,obl,Ins,Masc,Sing,Anim,0.1155250317598675,NONE
Кэмпбеллом,PROPN,,appos,Ins,Masc,Sing,Anim,0.2078320303329087,PER
.,PUNCT,,punct,,,,,0.8314064471475527,NONE
Шаг,NOUN,,root,Nom,Masc,Sing,Inan,0.4382030798132093,NONE
5,NUM,,nummod:entity,,,,,0.0711599009826782,NONE
:,PUNCT,,punct,,,,,0.1697659829244351,NONE
Пройдитесь,VERB,,parataxis,,,Plur,,0.1509782014346115,NONE
по,ADP,,case,,,,,-0.1440405580618803,NONE
тележкам,NOUN,,obl,Dat,Fem,Plur,Inan,0.0012882956105523,NONE
в,ADP,,case,,,,,0.2969942611500733,NONE
поисках,NOUN,,obl,Loc,Masc,Plur,Inan,0.3160633996609897,NONE
всего,PRON,,nmod,Gen,Neut,Sing,Inan,-0.0860141309617836,NONE
холодного,ADJ,,amod,Gen,Neut,Sing,,0.0579998502626417,NONE
и,CCONJ,,cc,,,,,-0.2859987357781381,NONE
продуктов,NOUN,,conj,Gen,Masc,Plur,Inan,0.0917610567606984,NONE
.,PUNCT,,punct,,,,,-0.078071707425036,NONE
Отец,NOUN,,nsubj,Nom,Masc,Sing,Anim,-0.3674594955978978,NONE
сын,NOUN,,appos,Nom,Masc,Sing,Anim,-0.2233912540366193,NONE
дуэт,NOUN,,nmod,Acc,Masc,Sing,Inan,0.1609567797981924,NONE
сделать,VERB,,root,,,,,-0.1091765230551068,NONE
австралийский,ADJ,,obj,Acc,Masc,Sing,Inan,0.0915542998268301,NONE
инвалидной,ADJ,,amod,Dat,Fem,Sing,,-0.0239595694130325,NONE
коляске,NOUN,,iobj,Dat,Fem,Sing,Inan,0.5240439855285345,NONE
регби,NOUN,,nmod,Gen,Neut,Sing,Inan,-0.1176001429960242,NONE
истории,NOUN,,nmod,Gen,Fem,Sing,Inan,0.170269796361786,NONE
лиги,NOUN,,nmod,Gen,Fem,Sing,Inan,0.1307720503852257,NONE
Через,ADP,,case,,,,,-0.253121557758062,NONE
два,NUM,,nummod,Acc,Masc,,Inan,-0.1840165417481993,NONE
дня,NOUN,,obl,Gen,Masc,Sing,Inan,0.0066246960661167,NONE
после,ADP,,case,,,,,0.0001369438276747,NONE
того,PRON,,nmod,Gen,Neut,Sing,Inan,-0.0465687018778268,NONE
",",PUNCT,,punct,,,,,0.1180780509163528,NONE
как,SCONJ,,mark,,,,,-0.0193996881237361,NONE
в,ADP,,case,,,,,0.1141807687868374,NONE
социальных,ADJ,,amod,Loc,,Plur,,-0.0481814358430749,NONE
сетях,NOUN,,obl,Loc,Fem,Plur,Inan,-0.038727312380427,NONE
распространилась,VERB,,acl,,Fem,Sing,,-0.0046712416450044,NONE
история,NOUN,,nsubj,Nom,Fem,Sing,Inan,0.037506989967875,NONE
о,ADP,,case,,,,,0.1533385768627905,NONE
том,PRON,,nmod,Loc,Neut,Sing,Inan,0.0616904712971387,NONE
",",PUNCT,,punct,,,,,0.0008137278795512,NONE
как,SCONJ,,mark,,,,,0.2396425660278442,NONE
13-летний,ADJ,,amod,Nom,Masc,Sing,,0.0838232113568153,NONE
продавец,NOUN,,nsubj,Nom,Masc,Sing,Anim,0.0197850395935073,NONE
яиц,NOUN,,nmod,Gen,Neut,Plur,Inan,0.0468296921232673,NONE
перевернул,VERB,,acl,,Masc,Sing,,0.154808943187159,NONE
тележку,NOUN,,obj,Acc,Fem,Sing,Inan,-0.1184463938360523,NONE
13-летнего,ADJ,,amod,Gen,Masc,Sing,,0.0887051107061236,NONE
мальчика,NOUN,,nmod,Gen,Masc,Sing,Anim,0.033124859567594,NONE
",",PUNCT,,punct,,,,,0.1213681220271146,NONE
мальчик,NOUN,,nsubj,Nom,Masc,Sing,Anim,-0.109579676657139,NONE
из,ADP,,case,,,,,-0.0046332085083556,NONE
Индора,PROPN,,nmod,Gen,Masc,Sing,Inan,0.0547644093323924,LOC
нашел,VERB,,root,,Masc,Sing,,0.0748997786921209,NONE
огромную,ADJ,,amod,Acc,Fem,Sing,,0.132802862898264,NONE
поддержку,NOUN,,obj,Acc,Fem,Sing,Inan,0.1339594745014993,NONE
у,ADP,,case,,,,,-0.0106194189508427,NONE
людей,NOUN,,nmod,Gen,Masc,Plur,Anim,-0.1367434440210689,NONE
по,ADP,,case,,,,,0.0973240850582651,NONE
всей,DET,,det,Dat,Fem,Sing,,0.0134895056127353,NONE
стране,NOUN,,nmod,Dat,Fem,Sing,Inan,0.2179649483980366,NONE
",",PUNCT,,punct,,,,,0.2379502733377607,NONE
помогая,VERB,,advcl,,,,,0.1418551514669846,NONE
им,PRON,,iobj,Dat,,Plur,,0.0887651809043243,NONE
оправиться,VERB,,xcomp,,,,,0.1376077874392666,NONE
от,ADP,,case,,,,,0.0688162948150484,NONE
потерь,NOUN,,obl,Gen,Fem,Plur,Inan,0.176664291443597,NONE
и,CCONJ,,cc,,,,,0.0587511644830487,NONE
начать,VERB,,conj,,,,,-0.0610670480584968,NONE
свой,DET,,det,Acc,Masc,Sing,,-0.0332090126895488,NONE
бизнес,NOUN,,obj,Acc,Masc,Sing,Inan,-0.2170276225848918,NONE
снова,ADV,,advmod,,,,,0.0377501410550475,NONE
.,PUNCT,,punct,,,,,-0.4219978628485416,NONE
Тонкие,ADJ,,amod,Nom,,Plur,,0.3994966070722197,NONE
(,PUNCT,,punct,,,,,0.1778498847627451,NONE
0,NUM,,nummod,,,,,0.0735252585769501,NONE
",",PUNCT,,punct,,,,,0.1528238407184269,NONE
3-0,NUM,,conj,,,,,0.1368369208555335,NONE
",",PUNCT,,punct,,,,,0.2070987199150556,NONE
5,NUM,,conj,,,,,0.0711813446222445,NONE
мм,NOUN,,parataxis,Gen,Masc,Plur,Inan,0.0563447466306532,NONE
),PUNCT,,punct,,,,,0.1856089691642359,NONE
СУХИЕ,ADJ,,amod,Nom,,Plur,,0.0771172966533823,NONE
межзубные,ADJ,,amod,Nom,,Plur,,0.0462041636598391,NONE
ершики,NOUN,,nsubj,Nom,Masc,Plur,Inan,0.1054484038899819,NONE
идеально,ADV,,advmod,,,,,0.0284851130676296,NONE
подходят,VERB,,root,,,Plur,,0.0645142368463918,NONE
для,ADP,,case,,,,,-0.3938509426247721,NONE
очистки,NOUN,,obl,Gen,Fem,Sing,Inan,0.0669051881602683,NONE
тех,DET,,det,Gen,,Plur,,-0.0372632471787837,NONE
крошечных,ADJ,,amod,Gen,,Plur,,0.116139911073116,NONE
отверстий,NOUN,,nmod,Gen,Neut,Plur,Inan,0.0550185444508202,NONE
",",PUNCT,,punct,,,,,0.2385634308862661,NONE
в,ADP,,case,,,,,0.0549766356029371,NONE
которых,PRON,,obl,Loc,,,,-0.0026503827649806,NONE
находятся,VERB,,acl:relcl,,,Plur,,-0.1496179070146952,NONE
микрофоны,NOUN,,nsubj,Nom,Masc,Plur,Inan,0.1544547018132527,NONE
и,CCONJ,,cc,,,,,-0.2020361488525164,NONE
динамики,NOUN,,conj,Nom,Fem,Plur,Inan,0.0706289099350184,NONE
вашего,DET,,det,Gen,Neut,Sing,,0.0747565015874298,NONE
смарт-устройства,NOUN,,nmod,Gen,Neut,Sing,Inan,0.0892439395666525,NONE
.,PUNCT,,punct,,,,,0.0624086527759197,NONE
Жители,NOUN,,nsubj,Nom,Masc,Plur,Anim,-0.1661976112098537,NONE
Ндарагвы,PROPN,,nmod,Gen,Fem,Sing,Inan,0.0947788343222641,LOC
",",PUNCT,,punct,,,,,0.0749739357170677,NONE
находясь,VERB,,advcl,,,,,0.0511873060451182,NONE
на,ADP,,case,,,,,-0.1908014543050643,NONE
крайнем,ADJ,,amod,Loc,Masc,Sing,,0.0450841417974672,NONE
севере,NOUN,,obl,Loc,Masc,Sing,Inan,0.0458319657679733,NONE
Ньяндаруа,PROPN,,nmod,Gen,Masc,Sing,Inan,0.0877444404829243,LOC
",",PUNCT,,punct,,,,,0.237467276854655,NONE
ищут,VERB,,root,,,Plur,,0.0379997703909274,NONE
большинство,NOUN,,obj,Acc,Neut,Sing,Inan,0.155139975103721,NONE
услуг,NOUN,,nmod,Gen,Fem,Plur,Inan,0.170861499713661,NONE
либо,CCONJ,,cc,,,,,0.057339370439868,NONE
в,ADP,,case,,,,,0.0235115394113557,NONE
городе,NOUN,,obl,Loc,Masc,Sing,Inan,-0.0946551644538864,NONE
Ньяхуруру,PROPN,,appos,Nom,Masc,Sing,Inan,0.0187910989349803,LOC
(,PUNCT,,punct,,,,,-0.0043035450422935,NONE
округ,NOUN,,parataxis,Nom,Masc,Sing,Inan,-0.144076099861135,NONE
Лайкипия,PROPN,,appos,Nom,Fem,Sing,Inan,0.0834414508732941,LOC
),PUNCT,,punct,,,,,0.135699311920109,NONE
",",PUNCT,,punct,,,,,0.2095446607043697,NONE
либо,CCONJ,,cc,,,,,-0.0556590210904417,NONE
в,ADP,,case,,,,,-0.021049093295165,NONE
городе,NOUN,,conj,Loc,Masc,Sing,Inan,0.1002512929452039,NONE
Найери,PROPN,,appos,Nom,Masc,Sing,Inan,0.017889875774635,LOC
в,ADP,,case,,,,,0.0531925986641643,NONE
округе,NOUN,,nmod,Loc,Masc,Sing,Inan,-0.0607697631422537,NONE
Ньери,PROPN,,appos,Nom,Masc,Sing,Inan,0.0565357506418314,LOC
",",PUNCT,,punct,,,,,0.0803430890738951,NONE
потому,ADV,,mark,,,,,0.1572353057646824,NONE
что,SCONJ,,fixed,,,,,-0.0678419938238836,NONE
добраться,VERB,,csubj,,,,,0.0633465585692985,NONE
до,ADP,,case,,,,,-0.0351328464044405,NONE
штаб-квартиры,NOUN,,obl,Gen,Fem,Sing,Inan,0.1320119739927929,NONE
округа,NOUN,,nmod,Gen,Masc,Sing,Inan,0.0706163491117621,NONE
в,ADP,,case,,,,,0.001050855313747,NONE
Оль,PROPN,,nmod,Loc,Masc,Sing,Inan,0.048372653127162,LOC
Калу,PROPN,,appos,Loc,Masc,Sing,Inan,0.0124338720501265,LOC
дорого,ADJ,,advcl,,Neut,Sing,,0.1174692472144596,NONE
.,PUNCT,,punct,,,,,0.136788580094791,NONE
Велосипед,NOUN,,nsubj,Nom,Masc,Sing,Inan,0.473589196195546,NONE
у,ADP,,case,,,,,0.1339588850736218,NONE
него,PRON,,obl,Gen,Masc,Sing,,-0.0620680727906587,NONE
желтый,ADJ,,root,Nom,Masc,Sing,,0.3442742170155281,NONE
",",PUNCT,,punct,,,,,0.0186469260937305,NONE
с,ADP,,case,,,,,0.21372421529864,NONE
черным,ADJ,,amod,Ins,Masc,Sing,,0.3588104779016828,NONE
рулем,NOUN,,conj,Ins,Masc,Sing,Inan,0.2180318040464311,NONE
.,PUNCT,,punct,,,,,0.1518302719943839,NONE
Имея,VERB,,advcl,,,,,0.6484530856769207,NONE
невероятное,ADJ,,amod,Acc,Neut,Sing,,0.0574444214722756,NONE
растяжение,NOUN,,obj,Acc,Neut,Sing,Inan,0.0620964763380449,NONE
",",PUNCT,,punct,,,,,0.1745270945091098,NONE
характерное,ADJ,,amod,Acc,Neut,Sing,,-0.0354955484638775,NONE
в,ADP,,case,,,,,0.1383877885559823,NONE
диаметре,NOUN,,nmod,Loc,Masc,Sing,Inan,-0.1053052035004631,NONE
",",PUNCT,,punct,,,,,0.233366389053272,NONE
что,PRON,,nsubj,Nom,,,,0.0313013101784321,NONE
позволяет,VERB,,root,,,Sing,,0.0252061531415187,NONE
шлангу,NOUN,,iobj,Dat,Masc,Sing,Inan,0.0516584147047751,NONE
растягиваться,VERB,,xcomp,,,,,0.0230641050589569,NONE
на,ADP,,case,,,,,-0.0724837635691924,NONE
соединение,NOUN,,obl,Acc,Neut,Sing,Inan,0.0667657765200757,NONE
для,ADP,,case,,,,,0.0177441456766638,NONE
идеального,ADJ,,amod,Gen,Neut,Sing,,0.1189144283920394,NONE
уплотнения,NOUN,,obl,Gen,Neut,Sing,Inan,0.0111478431535546,NONE
(,PUNCT,,punct,,,,,0.0168259986784092,NONE
т,PRON,,cc,Nom,Neut,Sing,Inan,0.0833004115543145,NONE
.,PUNCT,,punct,,,,,-0.0873665207928212,NONE
е,VERB,,fixed,,,Sing,,0.0065942837772469,NONE
.,PUNCT,,punct,,,,,-0.0811468757019029,NONE
вы,PRON,,nsubj,Nom,,Plur,,0.0235993785066877,NONE
можете,VERB,,parataxis,,,Plur,,0.0190981025417418,NONE
растянуть,VERB,,xcomp,,,,,0.0264791092564197,NONE
3,NUM,,nummod,,,,,-0.0330584930035736,NONE
мм,NOUN,,obl,Gen,Masc,Sing,Inan,-0.0718156364458716,NONE
I,PROPN,,flat:foreign,,,,,0.0005422471788259,NONE
.,PUNCT,,punct,,,,,-0.0828621191073595,NONE
D,PROPN,,flat:foreign,,,,,-0.0535893068428311,NONE
шланг,NOUN,,obj,Acc,Masc,Sing,Inan,0.0508657596973727,NONE
на,ADP,,case,,,,,0.0354160249275559,NONE
5,NUM,,nummod,,,,,-0.0092584871698599,NONE
мм,NOUN,,obl,Gen,Masc,Plur,Inan,0.044886575332399,NONE
O,PROPN,,flat:foreign,,,,,-0.0952675865223181,NONE
.,PUNCT,,punct,,,,,0.0254423032461248,NONE
D,PROPN,,flat:foreign,,,,,-0.0217191886760762,NONE
соединение,NOUN,,nmod,Acc,Neut,Sing,Inan,0.0642230244780592,NONE
),PUNCT,,punct,,,,,-0.0101143500395615,NONE
.,PUNCT,,punct,,,,,-0.1001704649701514,NONE
Позвольте,VERB,,root,,,Plur,,0.2288353799365118,NONE
нам,PRON,,iobj,Dat,,Plur,,-0.027668514099264,NONE
высказать,VERB,,xcomp,,,,,-0.1984765786932708,NONE
такое,DET,,det,Acc,Neut,Sing,,0.4070882751685345,NONE
мнение,NOUN,,obj,Acc,Neut,Sing,Inan,0.0309807065858365,NONE
.,PUNCT,,punct,,,,,0.2169676036566173,NONE
Отслеживайте,VERB,,root,,,Plur,,0.166000522375905,NONE
Просмотры,PROPN,,obj,Acc,Masc,Plur,Inan,0.1138241602922203,NONE
Страниц,PROPN,,nmod,Gen,Fem,Plur,Inan,0.1110202576154801,NONE
С,ADP,,case,,,,,-0.0060514258841855,NONE
Помощью,NOUN,,fixed,Ins,Fem,Sing,Inan,0.3825339911519435,NONE
БЕСПЛАТНОГО,ADJ,,amod,Gen,Masc,Sing,,0.2488670691694037,NONE
Подсчета,PROPN,,obl,Gen,Masc,Sing,Inan,0.0960900678951731,NONE
Auctiva,PROPN,,flat:foreign,,,,,0.1541389355340174,NONE
В,ADP,,case,,,,,0.1156961029957247,NONE
красной,ADJ,,amod,Loc,Fem,Sing,,0.1750985632186955,NONE
зоне,NOUN,,obl,Loc,Fem,Sing,Inan,-0.1425757543580842,NONE
высокого,ADJ,,amod,Gen,Masc,Sing,,0.1248956549239086,NONE
риска,NOUN,,nmod,Gen,Masc,Sing,Inan,-0.3376454843303958,NONE
нет,VERB,,root,,,,,-0.0290230270908353,NONE
городов,NOUN,,nsubj,Gen,Masc,Plur,Inan,-0.1422015915756633,NONE
.,PUNCT,,punct,,,,,0.735752744781942,NONE
До,ADP,,advmod,,,,,0.1682378086531893,NONE
сих,DET,,fixed,Gen,,Plur,,0.0662744317321684,NONE
пор,NOUN,,fixed,Gen,Fem,Plur,Inan,-0.0397674621563682,NONE
правительство,NOUN,,nsubj,Nom,Neut,Sing,Inan,-0.0569038145816777,NONE
отказывается,VERB,,root,,,Sing,,0.0816401987642091,NONE
освободить,VERB,,xcomp,,,,,0.0154009647712964,NONE
почти,ADV,,advmod,,,,,0.01334351252056,NONE
600,NUM,,nummod,,,,,0.0825707551381048,NONE
заключенных,NOUN,,obl,Gen,Masc,Plur,Anim,-0.0802784490382703,NONE
талибов,NOUN,,nmod,Gen,Masc,Plur,Anim,0.150381630218497,NONE
",",PUNCT,,punct,,,,,0.1134801033288718,NONE
которых,PRON,,obj,Acc,,,,0.0215428188387853,NONE
оно,PRON,,nsubj,Nom,Neut,Sing,,0.038676295382629,NONE
называет,VERB,,acl:relcl,,,Sing,,0.1133777438331272,NONE
высокопоставленными,ADJ,,amod,Ins,,Plur,,0.0319488386711528,NONE
преступниками,NOUN,,obl,Ins,Masc,Plur,Anim,0.0689377316485361,NONE
",",PUNCT,,punct,,,,,0.1014292210113541,NONE
и,CCONJ,,cc,,,,,-0.2050908794052817,NONE
предложило,VERB,,conj,,Neut,Sing,,-0.0725097548143092,NONE
освободить,VERB,,xcomp,,,,,-0.0138748348451762,NONE
альтернативы,NOUN,,obj,Acc,Fem,Plur,Inan,0.2857731289175102,NONE
.,PUNCT,,punct,,,,,0.6732999354868966,NONE
Воскресное,ADJ,,amod,Acc,Neut,Sing,,0.1222632791270086,NONE
столкновение,NOUN,,obj,Acc,Neut,Sing,Inan,0.1458307052649213,NONE
на,ADP,,case,,,,,0.0411453764888868,NONE
Токийском,ADJ,,amod,Loc,Masc,Sing,,0.093439475565427,LOC
стадионе,NOUN,,nmod,Loc,Masc,Sing,Inan,0.0401480569278247,LOC
",",PUNCT,,punct,,,,,0.2000119140245321,NONE
скорее,ADV,,parataxis,,,,,0.1087351496878769,NONE
всего,PRON,,obl,Gen,Neut,Sing,Inan,0.1680886533789666,NONE
",",PUNCT,,punct,,,,,0.1537252948739206,NONE
решит,VERB,,root,,,Sing,,0.0324280338874135,NONE
победитель,NOUN,,nsubj,Nom,Masc,Sing,Anim,0.100525956365805,NONE
пула,NOUN,,nmod,Gen,Masc,Sing,Inan,0.4890954464892154,NONE
D,PROPN,,flat:foreign,,,,,-0.0150286844633573,NONE
",",PUNCT,,punct,,,,,0.205662353056394,NONE
установив,VERB,,advcl,,,,,0.0604541326552592,NONE
потенциальный,ADJ,,amod,Acc,Masc,Sing,Inan,0.062999669853225,NONE
четвертьфинал,NOUN,,obj,Acc,Masc,Sing,Inan,0.1583356677724359,NONE
против,ADP,,case,,,,,-0.1040412654322971,NONE
Франции,PROPN,,nmod,Gen,Fem,Sing,Inan,0.0774749758255663,LOC
или,CCONJ,,cc,,,,,-0.0490367393854691,NONE
Аргентины,PROPN,,conj,Gen,Fem,Sing,Inan,0.1790840077045684,LOC
.,PUNCT,,punct,,,,,-0.0513460251819002,NONE
Он,PRON,,nsubj,Nom,Masc,Sing,,0.0133282397252736,NONE
финишировал,VERB,,root,,Masc,Sing,,0.1642284724106572,NONE
шестым,ADJ,,obl,Ins,Masc,Sing,,0.0986405565684373,NONE
в,ADP,,case,,,,,-0.0897122329227323,NONE
заплыве,NOUN,,nmod,Loc,Masc,Sing,Inan,0.4553153420840417,NONE
No,SYM,,appos,,,,,0.0112517448818085,NONE
5,NUM,,nummod:entity,,,,,-0.0144997481121236,NONE
и,CCONJ,,cc,,,,,-0.1502013574251006,NONE
27-м,ADJ,,conj,Ins,Masc,Sing,,0.378174639099939,NONE
в,ADP,,case,,,,,0.0748854925604824,NONE
общем,ADJ,,amod,Loc,Masc,Sing,,-0.0774778016785192,NONE
зачете,NOUN,,nmod,Loc,Masc,Sing,Inan,0.082882518842771,NONE
",",PUNCT,,punct,,,,,0.0345622159492089,NONE
пропустив,VERB,,advcl,,,,,0.3483452042047904,NONE
полуфинал,NOUN,,obj,Acc,Masc,Sing,Inan,-0.3860865685225061,NONE
.,PUNCT,,punct,,,,,-0.2273178959749011,NONE
Депутат,NOUN,,nsubj,Nom,Masc,Sing,Anim,0.885735467681569,NONE
от,ADP,,case,,,,,0.0684500801725701,NONE
лейбористской,ADJ,,amod,Gen,Fem,Sing,,0.0405992301184889,NONE
партии,NOUN,,nmod,Gen,Fem,Sing,Inan,0.0079989555846983,NONE
Джесс,PROPN,,appos,Nom,Fem,Sing,Anim,0.0204779548066338,PER
Филлипс,PROPN,,flat:name,Nom,Fem,Sing,Anim,0.0254727199080398,PER
заявила,VERB,,root,,Fem,Sing,,0.0265514271172887,NONE
в,ADP,,case,,,,,0.0247803707805148,NONE
субботу,NOUN,,obl,Acc,Fem,Sing,Inan,0.0187024570101427,NONE
:,PUNCT,,punct,,,,,0.0518431531174376,NONE
«Только,PART,,advmod,,,,,0.0391093841683211,NONE
что,SCONJ,,fixed,,,,,0.0116805467360166,NONE
видела,VERB,,parataxis,,Fem,Sing,,0.0202623735207851,NONE
все,PRON,,obj,Acc,Neut,Sing,Inan,0.032337406355912,NONE
",",PUNCT,,punct,,,,,0.1370428887319549,NONE
что,PRON,,nsubj:pass,Nom,,,,0.0180475525805431,NONE
связано,VERB,,acl:relcl,,Neut,Sing,,0.0404420736249853,NONE
с,ADP,,case,,,,,-0.0108339159706431,NONE
Wiley,PROPN,,obl,,,,,0.0313408290243934,NONE
.,PUNCT,,punct,,,,,-0.052402010809997,NONE
Почему,ADV,,advmod,,,,,-0.0166389810451441,NONE
",",PUNCT,,punct,,,,,0.0176847522760283,NONE
черт,NOUN,,nsubj,Nom,Masc,Sing,Anim,0.01398005008073,NONE
возьми,VERB,,parataxis,,,Sing,,0.0524352803067619,NONE
",",PUNCT,,punct,,,,,0.0126890400083265,NONE
@Twitter,PROPN,,nsubj,,,,,-0.0158549359702764,ORG
оставил,VERB,,root,,Masc,Sing,,0.0132979834902268,NONE
такой,DET,,det,Acc,Masc,Sing,,-0.0018407514348,NONE
вопиющий,ADJ,,amod,Acc,Masc,Sing,Inan,0.0286279637500268,NONE
антисемитизм,NOUN,,obj,Acc,Masc,Sing,Inan,0.0339927807293816,NONE
и,CCONJ,,cc,,,,,-0.085752445661136,NONE
ненависть,NOUN,,conj,Acc,Fem,Sing,Inan,-0.0049599558305846,NONE
?,PUNCT,,punct,,,,,-0.0253109990296426,NONE
Он,PRON,,nsubj,Nom,Masc,Sing,,0.0049063794855407,NONE
поражает,VERB,,root,,,Sing,,0.0092079415936471,NONE
все,DET,,det,Acc,,Plur,,0.0079874977565762,NONE
опасные,ADJ,,amod,Acc,,Plur,Inan,0.0117383577061789,NONE
моменты,NOUN,,obj,Acc,Masc,Plur,Inan,0.0402977582979525,NONE
",",PUNCT,,punct,,,,,0.0165292192784638,NONE
евреи,NOUN,,nsubj,Nom,Masc,Plur,Anim,0.0083701491387177,NONE
получают,VERB,,conj,,,Plur,,-0.0498797025872638,NONE
то,PRON,,obj,Acc,Neut,Sing,Inan,-0.0135283360046845,NONE
",",PUNCT,,punct,,,,,0.0333389129889328,NONE
чего,PRON,,obl,Gen,,,,-0.0439410127707044,NONE
вы,PRON,,nsubj,Nom,,Plur,,0.0355652161965691,NONE
не,PART,,advmod,,,,,-0.0260891580864878,NONE
получаете,VERB,,acl,,,Plur,,0.0268439377407278,NONE
",",PUNCT,,punct,,,,,0.0612160496268771,NONE
они,PRON,,nsubj,Nom,,Plur,,0.0076852110455761,NONE
все,PRON,,obj,Acc,Neut,Sing,Inan,0.0027985739875522,NONE
контролируют,VERB,,conj,,,Plur,,0.0220576312120219,NONE
",",PUNCT,,punct,,,,,0.0300716711412173,NONE
они,PRON,,nsubj,Nom,,Plur,,-0.001401262471098,NONE
думают,VERB,,conj,,,Plur,,-9.64541774713073,NONE
",",PUNCT,,punct,,,,,0.0324086924260394,NONE
что,SCONJ,,mark,,,,,0.0012742993332511,NONE
лучше,ADJ,,ccomp,,,,,0.0985014647324011,NONE
.,PUNCT,,punct,,,,,-0.0085088332922832,NONE
.,PUNCT,,punct,,,,,-0.0226429636988479,NONE
.,PUNCT,,punct,,,,,-0.0293009799595114,NONE
Это,PRON,,nsubj,Nom,Neut,Sing,Inan,0.0172755982941291,NONE
опасно,ADJ,,root,,Neut,Sing,,0.0207599087786311,NONE
.,PUNCT,,punct,,,,,-0.0336148450159183,NONE
Конечно,ADV,,parataxis,,,,,0.0008044592338256,NONE
",",PUNCT,,punct,,,,,0.1085009329359458,NONE
это,PRON,,nsubj,Nom,Neut,Sing,Inan,0.0300761889408834,NONE
должно,ADJ,,root,,Neut,Sing,,0.0236616175041231,NONE
исчезнуть»,VERB,,xcomp,,,,,0.0251873585536501,NONE
.,PUNCT,,punct,,,,,-0.284385407106891,NONE
Судебный,ADJ,,amod,Nom,Masc,Sing,,-0.007457998753169,NONE
процесс,NOUN,,nsubj,Nom,Masc,Sing,Inan,0.0227476181171098,NONE
над,ADP,,case,,,,,-0.1623594567039391,NONE
Ахмадом,PROPN,,nmod,Ins,Masc,Sing,Anim,-0.0133354212985033,PER
Обри,PROPN,,flat:name,Ins,Masc,Sing,Anim,0.0177983880968698,PER
также,ADV,,advmod,,,,,-0.1177481542714814,NONE
является,VERB,,root,,,Sing,,-0.0821303999390913,NONE
примером,NOUN,,obl,Ins,Masc,Sing,Inan,0.0065483875359718,NONE
положительного,ADJ,,amod,Gen,Neut,Sing,,0.1672948982143221,NONE
воздействия,NOUN,,nmod,Gen,Neut,Sing,Inan,0.2052842106977359,NONE
.,PUNCT,,punct,,,,,-0.8828874033344136,NONE
Subaru,PROPN,,nsubj,,,,,-0.3027441180683927,ORG
",",PUNCT,,punct,,,,,0.0766178128675654,NONE
вероятно,ADV,,parataxis,,,,,0.1791757283274284,NONE
",",PUNCT,,punct,,,,,0.1843757065035899,NONE
ответит,VERB,,root,,,Sing,,0.2346421197419089,NONE
взаимностью,NOUN,,obl,Ins,Fem,Sing,Inan,-0.0276457232572422,NONE
на,ADP,,case,,,,,0.2610833841653043,NONE
долю,NOUN,,nmod,Acc,Fem,Sing,Inan,0.0694014092729662,NONE
в,ADP,,case,,,,,-0.0790374410110653,NONE
Toyota,PROPN,,flat:foreign,,,,,-0.0843631932895381,ORG
",",PUNCT,,punct,,,,,-0.0424621065002788,NONE
которая,PRON,,nsubj,Nom,,,,0.0439651871833148,NONE
примерно,ADV,,advmod,,,,,-0.1002544535864756,NONE
сравнялась,VERB,,acl:relcl,,Fem,Sing,,0.5166521652194507,NONE
бы,AUX,,aux,,,,,-0.0630653416072788,NONE
со,ADP,,case,,,,,-0.0603837517063785,NONE
стоимостью,NOUN,,obl,Ins,Fem,Sing,Inan,0.0754618368075917,NONE
дополнительных,ADJ,,amod,Gen,,Plur,,0.2015726326714016,NONE
инвестиций,NOUN,,nmod,Gen,Fem,Plur,Inan,0.1023677533014891,NONE
Toyota,PROPN,,flat:foreign,,,,,0.0343108151410473,ORG
",",PUNCT,,punct,,,,,0.1467210269562355,NONE
сказал,VERB,,parataxis,,Masc,Sing,,0.0342897039260334,NONE
один,NUM,,nsubj,Nom,Masc,,,0.045004711948015,NONE
из,ADP,,case,,,,,-0.0595995261739727,NONE
людей,NOUN,,nmod,Gen,Masc,Plur,Anim,-0.1230316698877229,NONE
Reuters,PROPN,,flat:foreign,,,,,0.2831364481635532,ORG
.,PUNCT,,punct,,,,,-0.2442894804380741,NONE
Когда,SCONJ,,mark,,,,,-0.7570645341570201,NONE
я,PRON,,nsubj,Nom,,Sing,,-0.1194565594984941,NONE
был,AUX,,cop,,Masc,Sing,,0.2468033497335288,NONE
больше,ADV,,advcl,,,,,0.300958191690113,NONE
",",PUNCT,,punct,,,,,0.2133911996996252,NONE
люди,NOUN,,nsubj,Nom,Masc,Plur,Anim,0.1639475460339598,NONE
действительно,ADV,,advmod,,,,,0.2169486879339457,NONE
не,PART,,advmod,,,,,0.1932749752602975,NONE
обращали,VERB,,root,,,Plur,,0.1974799987612529,NONE
на,ADP,,case,,,,,-0.1023928330608141,NONE
меня,PRON,,obl,Acc,,Sing,,0.0418366518486261,NONE
никакого,DET,,det,Gen,Neut,Sing,,0.0928346239275151,NONE
внимания,NOUN,,obl,Gen,Neut,Sing,Inan,-0.1067334243307273,NONE
.,PUNCT,,punct,,,,,0.0752678814221428,NONE
Кэннэйн,PROPN,,nsubj,Nom,Masc,Sing,Anim,0.1198561404520611,PER
пригласил,VERB,,root,,Masc,Sing,,0.0610057332244517,NONE
любопытных,ADJ,,amod,Acc,,Plur,Anim,0.2193046326733596,NONE
поклонников,NOUN,,obj,Acc,Masc,Plur,Anim,0.0649815647470249,NONE
принять,VERB,,xcomp,,,,,0.2846002372717416,NONE
участие,NOUN,,obj,Acc,Neut,Sing,Inan,0.3596528704313542,NONE
в,ADP,,case,,,,,0.0733657454942879,NONE
двух,NUM,,nummod,Loc,,,,0.1714091209182801,NONE
тестовых,ADJ,,amod,Loc,,Plur,,0.0327073389881729,NONE
сериях,NOUN,,nmod,Loc,Fem,Plur,Inan,0.2397228501320269,NONE
против,ADP,,case,,,,,-0.075533311327546,NONE
Англии,PROPN,,nmod,Gen,Fem,Sing,Inan,0.0269580209829126,LOC
в,ADP,,case,,,,,0.0484462984162936,NONE
следующем,ADJ,,amod,Loc,Masc,Sing,,0.2889986724710942,NONE
месяце,NOUN,,nmod,Loc,Masc,Sing,Inan,0.2553753065380745,NONE
.,PUNCT,,punct,,,,,0.1439458288327222,NONE
Мы,PRON,,nsubj,Nom,,Plur,,-0.1556823132958626,NONE
отвезли,VERB,,root,,,Plur,,0.0727420092530257,NONE
музыкантов,NOUN,,obj,Acc,Masc,Plur,Anim,0.0500356584734832,NONE
в,ADP,,case,,,,,0.1604435935891828,NONE
четыре,NUM,,nummod:gov,Acc,,,Inan,0.1347199756724414,NONE
разных,ADJ,,amod,Gen,,Plur,,0.0796227047170026,NONE
приюта,NOUN,,obl,Gen,Masc,Sing,Inan,0.0048981792871242,NONE
",",PUNCT,,punct,,,,,0.2500729195822652,NONE
чтобы,SCONJ,,mark,,,,,0.1397229214305176,NONE
развлечься,VERB,,advcl,,,,,0.0983296171715278,NONE
и,CCONJ,,cc,,,,,-0.2164119879201378,NONE
провели,VERB,,conj,,,Plur,,-0.1758966517315273,NONE
чай,NOUN,,obj,Acc,Masc,Sing,Inan,-0.027682078330238,NONE
с,ADP,,case,,,,,0.1851748925890554,NONE
бинго,NOUN,,nmod,Ins,Masc,Sing,Inan,0.1128614912224068,NONE
.,PUNCT,,punct,,,,,0.3134498534802152,NONE
Гвинет,NOUN,,nsubj,Nom,Fem,Sing,Anim,0.1280215280999924,PER
Пэлтроу,PROPN,,appos,Nom,Fem,Sing,Anim,0.1526766885448963,PER
сказала,VERB,,root,,Fem,Sing,,-0.0035675276449186,NONE
",",PUNCT,,punct,,,,,0.169928318820601,NONE
что,SCONJ,,mark,,,,,-0.0868757424750431,NONE
хочет,VERB,,ccomp,,,Sing,,0.0634984979528989,NONE
воспитать,VERB,,xcomp,,,,,0.0625865473402949,NONE
своих,DET,,det,Acc,,Plur,,-0.0272155683436611,NONE
детей,NOUN,,obj,Acc,Masc,Plur,Anim,0.0496771591372064,NONE
",",PUNCT,,punct,,,,,0.3466336018500023,NONE
чтобы,SCONJ,,mark,,,,,-0.1391966012730291,NONE
они,PRON,,nsubj,Nom,,Plur,,0.1123467545060653,NONE
были,AUX,,cop,,,Plur,,-0.0919282910002999,NONE
достойными,ADJ,,advcl,Ins,,Plur,,0.0622825251333289,NONE
этики,NOUN,,obl,Gen,Fem,Sing,Inan,0.0738516521781428,NONE
",",PUNCT,,punct,,,,,0.253619764998077,NONE
поскольку,SCONJ,,mark,,,,,-0.2530971291091359,NONE
она,PRON,,nsubj,Nom,Fem,Sing,,0.0670724935510595,NONE
старается,VERB,,advcl,,,Sing,,-0.0172739831114714,NONE
«не,PART,,advmod,,,,,-0.0554911028171123,NONE
просто,PART,,advmod,,,,,-0.1377555644380039,NONE
передавать,VERB,,xcomp,,,,,0.1316595167524556,NONE
им,PRON,,iobj,Dat,,Plur,,0.0965211061731734,NONE
вещи»,NOUN,,obj,Gen,Fem,Plur,Inan,0.1279034577936337,NONE
.,PUNCT,,punct,,,,,-0.4418836563304016,NONE
Я,PRON,,nsubj,Nom,,Sing,,0.3112953282309588,NONE
не,PART,,cc,,,,,-0.4030928449206868,NONE
только,PART,,fixed,,,,,0.1631931629784075,NONE
не,PART,,advmod,,,,,0.1094220817418496,NONE
знала,VERB,,root,,Fem,Sing,,0.0056645849774377,NONE
об,ADP,,case,,,,,-0.1105914427981269,NONE
этом,PRON,,obl,Loc,Neut,Sing,Inan,-0.03428114561666,NONE
просто,PART,,advmod,,,,,0.0124180628868957,NONE
потому,ADV,,advmod,,,,,-0.2666827887295473,NONE
",",PUNCT,,punct,,,,,0.1417835116893604,NONE
что,SCONJ,,mark,,,,,-0.004476959893917,NONE
это,PRON,,nsubj,Nom,Neut,Sing,Inan,-0.0172519865125796,NONE
то,PRON,,advcl,Nom,Neut,Sing,Inan,-0.0257550980852313,NONE
",",PUNCT,,punct,,,,,0.0496578179363124,NONE
к,ADP,,case,,,,,0.0608195719147082,NONE
чему,PRON,,obl,Dat,Neut,Sing,Inan,-0.0207552455730293,NONE
я,PRON,,nsubj,Nom,,Sing,,0.0375515217917175,NONE
привыкла,VERB,,acl,,Fem,Sing,,0.0392820146016074,NONE
",",PUNCT,,punct,,,,,0.3813160824034969,NONE
но,CCONJ,,cc,,,,,0.0703609924236501,NONE
и,PART,,fixed,,,,,-0.0181114130621822,NONE
не,PART,,advmod,,,,,0.1370440961026713,NONE
думаю,VERB,,conj,,,Sing,,-0.0509867520309536,NONE
",",PUNCT,,punct,,,,,0.2763899629805969,NONE
что,SCONJ,,mark,,,,,0.1414210249827744,NONE
те,DET,,nsubj,Nom,,Plur,,0.1075012934586502,NONE
",",PUNCT,,punct,,,,,0.0313868156925543,NONE
кто,PRON,,nsubj,Nom,Masc,Sing,Anim,0.1386673178733821,NONE
увековечивает,VERB,,acl:relcl,,,Sing,,0.1515952720957939,NONE
это,PRON,,obj,Acc,Neut,Sing,Inan,0.1012086888018768,NONE
",",PUNCT,,punct,,,,,0.1394079392432814,NONE
активно,ADV,,advmod,,,,,0.1185908022307738,NONE
знают,VERB,,ccomp,,,Plur,,0.0274261576212038,NONE
",",PUNCT,,punct,,,,,0.1760482442582248,NONE
что,SCONJ,,mark,,,,,0.1510893875763641,NONE
делают,VERB,,ccomp,,,Plur,,0.2018108756979163,NONE
это,PRON,,obj,Acc,Neut,Sing,Inan,0.18782081056641,NONE
.,PUNCT,,punct,,,,,0.086034299397415,NONE
Если,SCONJ,,mark,,,,,0.0496487051691978,NONE
вам,PRON,,iobj,Dat,,Plur,,-0.0969135342678381,NONE
срочно,ADV,,advmod,,,,,0.0291544081923066,NONE
требуется,VERB,,advcl,,,Sing,,0.0551392028770666,NONE
ваш,DET,,det,Nom,Masc,Sing,,0.0196722777907066,NONE
заказ,NOUN,,nsubj,Nom,Masc,Sing,Inan,0.1672340057197565,NONE
",",PUNCT,,punct,,,,,0.1697534791598281,NONE
пожалуйста,ADV,,parataxis,,,,,0.0439830350986463,NONE
",",PUNCT,,punct,,,,,0.0827803605409143,NONE
выберите,VERB,,root,,,Plur,,0.1541819275003895,NONE
вариант,NOUN,,obj,Acc,Masc,Sing,Inan,-0.0638074810082756,NONE
экспресс-почты,NOUN,,nmod,Gen,Fem,Sing,Inan,0.2063455650223665,NONE
курьера,NOUN,,nmod,Gen,Masc,Sing,Anim,0.2314783315854575,NONE
(,PUNCT,,punct,,,,,0.03961268884083,NONE
если,SCONJ,,mark,,,,,0.2041839266452664,NONE
это,PRON,,nsubj:pass,Nom,Neut,Sing,Inan,0.1314232124478538,NONE
не,PART,,advmod,,,,,-0.0189427203767554,NONE
показано,VERB,,advcl,,Neut,Sing,,0.1598199890645106,NONE
для,ADP,,case,,,,,0.0268079392466813,NONE
вашей,DET,,det,Gen,Fem,Sing,,0.0252337303340363,NONE
страны,NOUN,,obl,Gen,Fem,Sing,Inan,0.1251758298951935,NONE
",",PUNCT,,punct,,,,,0.2586684133371001,NONE
пожалуйста,ADV,,parataxis,,,,,-0.1409724886515435,NONE
",",PUNCT,,punct,,,,,0.1915430260435415,NONE
свяжитесь,VERB,,parataxis,,,Plur,,0.2270865142530188,NONE
с,ADP,,case,,,,,0.1378183414547842,NONE
нами,PRON,,obl,Ins,,Plur,,-0.1398173114703158,NONE
для,ADP,,case,,,,,0.1600917969097894,NONE
цитаты,NOUN,,obl,Gen,Fem,Sing,Inan,0.3705014680890388,NONE
),PUNCT,,punct,,,,,0.0448847094915156,NONE
.,PUNCT,,punct,,,,,0.287156866722372,NONE
По,ADP,,case,,,,,0.0569599038578459,NONE
словам,NOUN,,parataxis,Dat,Neut,Plur,Inan,-0.0323587268679719,NONE
чиновников,NOUN,,nmod,Gen,Masc,Plur,Anim,0.0736967340765527,NONE
",",PUNCT,,punct,,,,,0.0901376399241379,NONE
клиентам,NOUN,,iobj,Dat,Masc,Plur,Anim,-0.0219519087506069,NONE
",",PUNCT,,punct,,,,,0.1501265673021437,NONE
посетившим,VERB,,acl,Dat,,Plur,,0.0646511061153513,NONE
банк,NOUN,,obj,Acc,Masc,Sing,Inan,-0.0375052600538577,NONE
",",PUNCT,,punct,,,,,0.1346954995249389,NONE
также,ADV,,advmod,,,,,0.1262880807119021,NONE
рекомендовано,VERB,,root,,Neut,Sing,,0.0439244064450324,NONE
добровольно,ADV,,advmod,,,,,0.0814363430259344,NONE
явиться,VERB,,csubj:pass,,,,,0.0041493898224463,NONE
на,ADP,,case,,,,,0.0104676386434756,NONE
тесты,NOUN,,obl,Acc,Masc,Plur,Inan,0.0906414762727511,NONE
на,ADP,,case,,,,,0.0876261789847007,NONE
коронавирус,NOUN,,nmod,Acc,Masc,Sing,Inan,0.1705347087672968,NONE
.,PUNCT,,punct,,,,,0.1430192007550194,NONE
Организация,NOUN,,nsubj,Nom,Fem,Sing,Inan,-0.3160503429248626,ORG
Объединенных,VERB,,amod,Gen,,Plur,,0.0738713812550072,ORG
Наций,PROPN,,nmod,Gen,Fem,Plur,Inan,0.0005577949671269,ORG
и,CCONJ,,cc,,,,,-0.0165003284360686,NONE
учреждения,NOUN,,conj,Nom,Neut,Plur,Inan,-0.0922033993590956,NONE
по,ADP,,case,,,,,0.0209719130617061,NONE
оказанию,NOUN,,nmod,Dat,Neut,Sing,Inan,-0.0120888679650161,NONE
помощи,NOUN,,nmod,Gen,Fem,Sing,Inan,-0.0593984962058459,NONE
будут,AUX,,aux,,,Plur,,-0.1075208630369765,NONE
уделять,VERB,,root,,,,,0.0730773156825174,NONE
приоритетное,ADJ,,amod,Acc,Neut,Sing,,-0.0088788938063383,NONE
внимание,NOUN,,obj,Acc,Neut,Sing,Inan,-0.0249711297528789,NONE
тем,DET,,det,Dat,,Plur,,-0.1095954130388303,NONE
",",PUNCT,,punct,,,,,0.144944288519124,NONE
кто,PRON,,nsubj,Nom,,,,-0.0235603606126778,NONE
подвергается,VERB,,acl:relcl,,,Sing,,0.11909859186458,NONE
наибольшему,ADJ,,amod,Dat,Masc,Sing,,0.1183584557201751,NONE
риску,NOUN,,iobj,Dat,Masc,Sing,Inan,0.0576025186075667,NONE
",",PUNCT,,punct,,,,,0.2209445164982287,NONE
включая,ADV,,advmod,,,,,-0.0746664269807036,NONE
домашние,ADJ,,amod,Acc,,Plur,Inan,0.5874573564127388,NONE
хозяйства,NOUN,,obj,Acc,Neut,Plur,Inan,-0.0491241228067246,NONE
",",PUNCT,,punct,,,,,0.0531250368301103,NONE
возглавляемые,VERB,,acl,Acc,,Plur,Inan,0.035339497514276,NONE
женщинами,NOUN,,obl,Ins,Fem,Plur,Anim,0.2838429369328558,NONE
и,CCONJ,,cc,,,,,0.0697382067536666,NONE
инвалидами,NOUN,,conj,Ins,Masc,Plur,Anim,0.1053421207821959,NONE
",",PUNCT,,punct,,,,,0.1446571098883975,NONE
сообщило,VERB,,parataxis,,Neut,Sing,,0.0595030821636275,NONE
Министерство,PROPN,,nsubj,Nom,Neut,Sing,Inan,-0.1053690113987307,ORG
иностранных,ADJ,,amod,Gen,,Plur,,-0.0106361596692338,ORG
дел,NOUN,,nmod,Gen,Neut,Plur,Inan,0.0443005466320233,ORG
",",PUNCT,,punct,,,,,0.1028527735350808,NONE
по,ADP,,case,,,,,0.0635381612631548,NONE
делам,NOUN,,conj,Dat,Neut,Plur,Inan,0.0676294261860875,NONE
Содружества,PROPN,,nmod,Gen,Neut,Sing,Inan,0.1970480855100962,ORG
и,CCONJ,,cc,,,,,0.1526962038443679,ORG
развития,NOUN,,conj,Gen,Neut,Sing,Inan,0.0838412381925512,ORG
(,PUNCT,,punct,,,,,-0.0454227253061177,ORG
FCDO,PROPN,,flat:foreign,,,,,0.1188304180135967,ORG
),PUNCT,,punct,,,,,0.0350771012489755,ORG
.,PUNCT,,punct,,,,,0.1552012768127258,NONE
Комиксы,NOUN,,nsubj,Nom,Masc,Plur,Inan,0.2701399326082183,NONE
-,PUNCT,,punct,,,,,0.2336505425966802,NONE
это,PRON,,expl,,,,,-0.0845497964532496,NONE
бумажные,ADJ,,amod,Nom,,Plur,,0.0431889711357096,NONE
предметы,NOUN,,root,Nom,Masc,Plur,Inan,-0.1924624632526708,NONE
массового,ADJ,,amod,Gen,Neut,Sing,,-0.0210815645630299,NONE
производства,NOUN,,nmod,Gen,Neut,Sing,Inan,-0.0681640638479025,NONE
",",PUNCT,,punct,,,,,0.0128006917563861,NONE
обработанные,VERB,,acl,Nom,,Plur,,0.1881218320917372,NONE
много,NUM,,nummod:gov,,,,,-0.0715300218169456,NONE
раз,NOUN,,obl,Gen,Masc,Plur,Inan,-0.038963779269887,NONE
часто,ADV,,advmod,,,,,-0.0492478186433317,NONE
с,ADP,,case,,,,,0.0511566490252169,NONE
небольшой,ADJ,,amod,Ins,Fem,Sing,,0.0215703275019805,NONE
осторожностью,NOUN,,obl,Ins,Fem,Sing,Inan,0.0511292843128887,NONE
",",PUNCT,,punct,,,,,0.1898381854340953,NONE
прежде,ADV,,mark,,,,,-0.0375095176809761,NONE
чем,SCONJ,,fixed,,,,,-0.0238145732220347,NONE
даже,PART,,advmod,,,,,-0.1214451328606215,NONE
попасть,VERB,,advcl,,,,,-0.0235855119310878,NONE
в,ADP,,case,,,,,0.0795270103902176,NONE
магазин,NOUN,,obl,Acc,Masc,Sing,Inan,-0.1047292936928368,NONE
или,CCONJ,,cc,,,,,0.0998694998609862,NONE
газетный,ADJ,,amod,Acc,Masc,Sing,Inan,0.2633608654501576,NONE
киоск,NOUN,,conj,Acc,Masc,Sing,Inan,0.451254407800865,NONE
",",PUNCT,,punct,,,,,0.0046536165467758,NONE
чтобы,SCONJ,,mark,,,,,0.0174076216623346,NONE
быть,AUX,,aux:pass,,,,,0.0384339316372824,NONE
выставленными,VERB,,advcl,Ins,,Plur,,0.1526200642569511,NONE
на,ADP,,case,,,,,0.1109311552453614,NONE
продажу,NOUN,,obl,Acc,Fem,Sing,Inan,0.3879719343756235,NONE
.,PUNCT,,punct,,,,,0.161337195784923,NONE
Хотя,SCONJ,,mark,,,,,0.4060519957019936,NONE
я,PRON,,nsubj,Nom,,Sing,,-0.250525703094037,NONE
твердо,ADV,,advmod,,,,,0.0549442027078495,NONE
верю,VERB,,advcl,,,Sing,,-0.0269334965077248,NONE
в,ADP,,case,,,,,0.059184431682841,NONE
ценность,NOUN,,obl,Acc,Fem,Sing,Inan,-0.0353385260129194,NONE
того,PRON,,nmod,Gen,Neut,Sing,Inan,-0.0357074230195071,NONE
",",PUNCT,,punct,,,,,0.2235491935040695,NONE
чтобы,SCONJ,,mark,,,,,0.0922486496321414,NONE
попробовать,VERB,,advcl,,,,,-0.0287026080457659,NONE
вещи,NOUN,,obj,Acc,Fem,Plur,Inan,0.1997090185839663,NONE
для,ADP,,case,,,,,0.040843344161861,NONE
себя,PRON,,obl,Gen,,,,0.134658361827897,NONE
",",PUNCT,,punct,,,,,0.1311059241051778,NONE
если,SCONJ,,mark,,,,,0.0114038987138943,NONE
вам,PRON,,iobj,Dat,,Plur,,0.2921791401819996,NONE
не,PART,,advmod,,,,,0.1224431892422081,NONE
нравится,VERB,,advcl,,,Sing,,-0.0147892503683308,NONE
учиться,VERB,,csubj,,,,,0.2541457229017329,NONE
на,ADP,,case,,,,,0.1107828741540962,NONE
собственном,ADJ,,amod,Loc,Masc,Sing,,0.1007644365331498,NONE
опыте,NOUN,,obl,Loc,Masc,Sing,Inan,0.0937294043122211,NONE
",",PUNCT,,punct,,,,,-0.0190388941270167,NONE
вот,PART,,root,,,,,0.0016884541642387,NONE
некоторые,DET,,nsubj,Nom,,Plur,,0.1109359585736505,NONE
из,ADP,,case,,,,,0.1108006807314458,NONE
наиболее,ADV,,advmod,,,,,0.1298047174059962,NONE
распространенных,ADJ,,amod,Gen,,Plur,,-0.075386783551052,NONE
садовых,ADJ,,amod,Gen,,Plur,,0.0178023224132096,NONE
трюков,NOUN,,nmod,Gen,Masc,Plur,Inan,0.063686651114557,NONE
",",PUNCT,,punct,,,,,0.1303361643810388,NONE
с,ADP,,case,,,,,0.0954234271857303,NONE
которыми,PRON,,obl,Ins,,Plur,,0.1403207874984129,NONE
я,PRON,,nsubj,Nom,,Sing,,0.1010628683255,NONE
сталкивался,VERB,,acl:relcl,,Masc,Sing,,0.2144198884768235,NONE
.,PUNCT,,punct,,,,,0.2712136925098573,NONE
Кроме,ADP,,case,,,,,-0.0300547254076319,NONE
того,PRON,,parataxis,Gen,Neut,Sing,Inan,-0.0244257738281055,NONE
",",PUNCT,,punct,,,,,0.1700736914962962,NONE
старые,ADJ,,amod,Nom,,Plur,,0.4271709911004425,NONE
предметы,NOUN,,nsubj:pass,Nom,Masc,Plur,Inan,0.3959582220068755,NONE
обычно,ADV,,advmod,,,,,0.3814124496612778,NONE
также,ADV,,advmod,,,,,-0.4271988039337641,NONE
обслуживаются,VERB,,root,,,Plur,,0.0206802345921706,NONE
.,PUNCT,,punct,,,,,0.0359981890227899,NONE
Один,NUM,,nummod,Nom,Masc,,,0.1628793514148388,NONE
болельщик,NOUN,,nsubj,Nom,Masc,Sing,Anim,0.0034658529521527,NONE
",",PUNCT,,punct,,,,,0.1872260528375664,NONE
однако,ADV,,parataxis,,,,,-0.0871167309960215,NONE
",",PUNCT,,punct,,,,,0.1217631093110444,NONE
дал,VERB,,root,,Masc,Sing,,0.0134340822032111,NONE
отпор,NOUN,,obj,Acc,Masc,Sing,Inan,0.0241642970257381,NONE
:,PUNCT,,punct,,,,,0.1564083607452722,NONE
"""",PUNCT,,punct,,,,,0.181565282408227,NONE
"""",PUNCT,,punct,,,,,0.1637824138301189,NONE
эти,DET,,det,Nom,,Plur,,0.0228033936335807,NONE
так,ADV,,advmod,,,,,0.0821866000184414,NONE
называемые,VERB,,acl,Nom,,Plur,,0.1175193227193598,NONE
фанаты,NOUN,,nsubj,Nom,Masc,Plur,Anim,0.1263653341820233,NONE
"""",PUNCT,,punct,,,,,0.2959743746493696,NONE
"""",PUNCT,,punct,,,,,0.0396316983432971,NONE
Арсенала,PROPN,,nmod,Gen,Masc,Sing,Inan,0.0857070345286305,ORG
"""",PUNCT,,punct,,,,,0.0228391539909851,NONE
"""",PUNCT,,punct,,,,,0.184077539905248,NONE
-,PUNCT,,punct,,,,,0.2466733550022408,NONE
самые,ADJ,,amod,Nom,,Plur,,-0.129792158727678,NONE
худшие,ADJ,,parataxis,Nom,,Plur,,-0.0216376741595535,NONE
.,PUNCT,,punct,,,,,-0.0744214951540964,NONE
"""",PUNCT,,root,,,,,0.5862632695573026,NONE
Или,CCONJ,,cc,,,,,-0.0531045927034114,NONE
они,PRON,,nsubj,Nom,,Plur,,0.0880632110227542,NONE
будут,AUX,,aux,,,Plur,,-0.0133414812576109,NONE
утверждать,VERB,,root,,,,,-0.0498668460063279,NONE
",",PUNCT,,punct,,,,,-0.0753216663737016,NONE
что,SCONJ,,mark,,,,,-0.1541669032349066,NONE
измельченные,VERB,,amod,Nom,,Plur,,0.073931095953687,NONE
бюллетени,NOUN,,nsubj:pass,Nom,Masc,Plur,Inan,-0.0166115168507911,NONE
подавались,VERB,,ccomp,,,Plur,,0.0476502841557628,NONE
курам,NOUN,,iobj,Dat,Fem,Plur,Inan,-0.0214664936364076,NONE
",",PUNCT,,punct,,,,,0.8177810158884615,NONE
которые,PRON,,nsubj:pass,Nom,,Plur,,0.2258133419513834,NONE
затем,ADV,,advmod,,,,,0.1607691726622519,NONE
сжигались,VERB,,acl:relcl,,,Plur,,0.0980442154922999,NONE
.,PUNCT,,punct,,,,,-0.0942274957097305,NONE
С,ADP,,advmod,,,,,0.0520921385848015,NONE
тех,DET,,fixed,Gen,,Plur,,-0.1846172236324556,NONE
пор,NOUN,,fixed,Gen,Fem,Plur,Inan,0.0058212371537081,NONE
троих,NUM,,nummod:gov,Acc,,,Anim,-0.0180754901970411,NONE
братьев,NOUN,,obj,Gen,Masc,Plur,Anim,0.2516167655307706,NONE
и,CCONJ,,cc,,,,,-0.0492894199177377,NONE
сестер,NOUN,,conj,Gen,Fem,Plur,Anim,-0.066208804998379,NONE
ноя,NOUN,,obj,Acc,Masc,Sing,Anim,0.0766190025946557,NONE
забрали,VERB,,root,,,Plur,,-0.0231865576669198,NONE
из,ADP,,case,,,,,0.0555190921182248,NONE
дома,NOUN,,obl,Gen,Masc,Sing,Inan,0.3187790131667312,NONE
",",PUNCT,,punct,,,,,0.4902301112711107,NONE
и,CCONJ,,cc,,,,,0.1438468034554955,NONE
департамент,NOUN,,nsubj,Nom,Masc,Sing,Inan,0.3228508718019549,NONE
шерифа,NOUN,,nmod,Gen,Masc,Sing,Anim,0.0792587303697114,NONE
начал,VERB,,conj,,Masc,Sing,,-0.0331218252365579,NONE
расследование,NOUN,,obj,Acc,Neut,Sing,Inan,0.0655954561814115,NONE
.,PUNCT,,punct,,,,,0.4035508696831977,NONE
Основатель,NOUN,,nsubj,Nom,Masc,Sing,Anim,0.0633001162654543,NONE
Венни,PROPN,,appos,Nom,Masc,Sing,Anim,0.0230536394926849,PER
Армстронг,PROPN,,flat:name,Nom,Masc,Sing,Anim,0.0105750681974454,PER
рассказал,VERB,,root,,Masc,Sing,,-0.0068086099394886,NONE
Standard,PROPN,,flat:foreign,,,,,-0.0054466130215876,ORG
:,PUNCT,,punct,,,,,0.0246008907002954,NONE
"""",PUNCT,,punct,,,,,-0.0181019923216478,NONE
"""",PUNCT,,punct,,,,,0.0157415082637639,NONE
Мы,PRON,,nsubj,Nom,,Plur,,-0.0036605180029263,NONE
ввели,VERB,,root,,,Plur,,0.0212845738341652,NONE
штрихи,NOUN,,obj,Acc,Masc,Plur,Inan,0.0079016068474924,NONE
",",PUNCT,,punct,,,,,0.0729958527305853,NONE
такие,DET,,det,Acc,,Plur,Inan,0.0410953890165248,NONE
как,SCONJ,,case,,,,,-0.0009899025208626,NONE
наша,DET,,det,Nom,Fem,Sing,,0.0162762519464995,NONE
шаровая,ADJ,,amod,Nom,Fem,Sing,,0.031135733495235,NONE
яма,NOUN,,obl,Nom,Fem,Sing,Inan,0.0104160421267098,NONE
Soho,PROPN,,flat:foreign,,,,,0.0189897359648131,NONE
Sundown,PROPN,,flat:foreign,,,,,0.0045219123097955,NONE
",",PUNCT,,punct,,,,,0.0039411489176388,NONE
чтобы,SCONJ,,mark,,,,,0.0092570697876353,NONE
создать,VERB,,advcl,,,,,-0.0104795517267487,NONE
часть,NOUN,,obj,Acc,Fem,Sing,Inan,0.0047857183000355,NONE
опыта,NOUN,,nmod,Gen,Masc,Sing,Inan,-0.0138650798194763,NONE
",",PUNCT,,punct,,,,,0.0229772017681719,NONE
который,PRON,,nsubj,Nom,Masc,Sing,,0.0148350406079759,NONE
мягко,ADV,,advmod,,,,,-0.0146696215501802,NONE
отражает,VERB,,acl:relcl,,,Sing,,0.0056340708109713,NONE
историю,NOUN,,obj,Acc,Fem,Sing,Inan,0.0020336991700674,NONE
района,NOUN,,nmod,Gen,Masc,Sing,Inan,-0.0406917861283116,NONE
",",PUNCT,,punct,,,,,0.0275269710551111,NONE
а,CCONJ,,cc,,,,,0.003154434121226,NONE
также,PART,,fixed,,,,,0.003074205699859,NONE
эксклюзивный,ADJ,,amod,Acc,Masc,Sing,Inan,0.0133600245443865,NONE
коктейль,NOUN,,conj,Acc,Masc,Sing,Inan,0.024464914567166,NONE
и,CCONJ,,cc,,,,,-0.0218802102292088,NONE
пиццу,NOUN,,conj,Acc,Fem,Sing,Inan,0.033068730486484,NONE
",",PUNCT,,punct,,,,,-0.0171719334372322,NONE
вдохновленные,VERB,,acl,Acc,,Plur,Inan,0.0345175072896037,NONE
Soho,PROPN,,flat:foreign,,,,,0.0036777082404421,ORG
.,PUNCT,,punct,,,,,-0.0021490111900928,NONE
"""",PUNCT,,root,,,,,-0.0108223853330548,NONE
С,ADP,,advmod,,,,,0.1533683220254456,NONE
тех,DET,,fixed,Gen,,Plur,,-0.0543860353633565,NONE
пор,NOUN,,fixed,Gen,Fem,Plur,Inan,-0.0873153062609351,NONE
он,PRON,,nsubj,Nom,Masc,Sing,,0.1284755049464013,NONE
провел,VERB,,root,,Masc,Sing,,0.0874129720556061,NONE
один,NUM,,nummod,Acc,Masc,,Inan,0.0716769255419807,NONE
предвыборный,ADJ,,amod,Acc,Masc,Sing,Inan,-0.0005479709374435,NONE
митинг,NOUN,,obj,Acc,Masc,Sing,Inan,-0.1482740174419576,NONE
",",PUNCT,,punct,,,,,0.1502442407077065,NONE
во,ADP,,case,,,,,0.0228315535319541,NONE
время,NOUN,,fixed,Acc,Neut,Sing,Inan,0.1119180952827301,NONE
которого,PRON,,obl,Gen,,,,0.1621935974815386,NONE
он,PRON,,nsubj,Nom,Masc,Sing,,0.0557669784132171,NONE
обратился,VERB,,acl:relcl,,Masc,Sing,,0.0565113763218511,NONE
к,ADP,,case,,,,,0.0898206567208877,NONE
толпе,NOUN,,obl,Dat,Fem,Sing,Inan,0.1828399315356942,NONE
",",PUNCT,,punct,,,,,0.1935356709272831,NONE
облаченной,VERB,,acl,Dat,Fem,Sing,,0.3423955883867046,NONE
в,ADP,,case,,,,,0.2821921429751327,NONE
пуленепробиваемый,ADJ,,amod,Acc,Masc,Sing,Inan,0.2198193181808007,NONE
жилет,NOUN,,obl,Acc,Masc,Sing,Inan,0.0807184646422253,NONE
",",PUNCT,,punct,,,,,0.0427964876378651,NONE
произнеся,VERB,,advcl,,,,,0.1782743859059227,NONE
свою,DET,,det,Acc,Fem,Sing,,0.0749027390628437,NONE
речь,NOUN,,obj,Acc,Fem,Sing,Inan,0.1526671671479377,NONE
без,ADP,,case,,,,,0.3159167483618681,NONE
микрофона,NOUN,,obl,Gen,Masc,Sing,Inan,0.1506324200459605,NONE
или,CCONJ,,cc,,,,,0.0791293780242515,NONE
трибуны,NOUN,,conj,Gen,Fem,Sing,Inan,0.2057351523615973,NONE
.,PUNCT,,punct,,,,,0.1938437372504963,NONE
Есть,VERB,,root,,,Sing,,-0.3511986919853732,NONE
ли,PART,,advmod,,,,,0.4240798467900545,NONE
что-нибудь,PRON,,nsubj,Nom,,,,0.1610130218371447,NONE
еще,ADV,,obl,,,,,-0.0868193435959903,NONE
",",PUNCT,,punct,,,,,0.4094140716617784,NONE
с,ADP,,case,,,,,-0.0642011615009303,NONE
чем,PRON,,obl,Ins,,,,-0.1123377352650204,NONE
я,PRON,,nsubj,Nom,,Sing,,-0.187365170027753,NONE
могу,VERB,,conj,,,Sing,,-0.3894101522012898,NONE
вам,PRON,,iobj,Dat,,Plur,,0.2872562376863873,NONE
помочь,VERB,,xcomp,,,,,-0.077938802637231,NONE
?,PUNCT,,punct,,,,,0.0255646498383154,NONE
Даже,PART,,advmod,,,,,-0.0538906153442638,NONE
после,ADP,,case,,,,,0.0477518666836617,NONE
взрывных,ADJ,,amod,Gen,,Plur,,-0.028779488275317,NONE
митингов,NOUN,,obl,Gen,Masc,Plur,Inan,0.006737490403473,NONE
на,ADP,,case,,,,,-0.0428020768433664,NONE
прошлой,ADJ,,amod,Loc,Fem,Sing,,0.0209498591611672,NONE
неделе,NOUN,,nmod,Loc,Fem,Sing,Inan,-0.0046862680095531,NONE
",",PUNCT,,punct,,,,,0.7934927620729152,NONE
я,PRON,,nsubj,Nom,,Sing,,0.0180012764675518,NONE
держу,VERB,,root,,,Sing,,0.0468887344392739,NONE
пари,NOUN,,obj,Acc,Fem,Plur,Inan,-0.0203945468598672,NONE
",",PUNCT,,punct,,,,,-0.0544973713667068,NONE
что,SCONJ,,mark,,,,,0.5612181689512271,NONE
они,PRON,,nsubj,Nom,,Plur,,0.0173489195992549,NONE
могут,VERB,,ccomp,,,Plur,,-0.0037058223721432,NONE
подняться,VERB,,xcomp,,,,,-0.0031301669940265,NONE
еще,ADV,,advmod,,,,,0.0025996806568824,NONE
выше,ADV,,advmod,,,,,-0.0071135488798767,NONE
",",PUNCT,,punct,,,,,0.0448946772915147,NONE
-,PUNCT,,punct,,,,,0.0703793222245082,NONE
сказал,VERB,,parataxis,,Masc,Sing,,-0.0638487783775756,NONE
он,PRON,,nsubj,Nom,Masc,Sing,,-0.0081155122210276,NONE
.,PUNCT,,punct,,,,,0.0636334987509865,NONE
Он,PRON,,nsubj:pass,Nom,Masc,Sing,,-0.1355473095999279,NONE
был,AUX,,aux:pass,,Masc,Sing,,-0.2586563904983244,NONE
освобожден,VERB,,root,,Masc,Sing,,0.1189565001748112,NONE
Новой,ADJ,,amod,Gen,Fem,Sing,,0.3096523611638146,LOC
Англии,PROPN,,obl,Gen,Fem,Sing,Inan,-0.0544753492158614,LOC
патриотов,NOUN,,obl,Gen,Masc,Plur,Anim,0.1544241663066074,NONE
на,ADP,,case,,,,,-0.0872273521654163,NONE
прошлой,ADJ,,amod,Loc,Fem,Sing,,0.4373392832090356,NONE
неделе,NOUN,,obl,Loc,Fem,Sing,Inan,-0.0165131100243356,NONE
после,ADP,,case,,,,,0.2187833681333773,NONE
игры,NOUN,,obl,Gen,Fem,Sing,Inan,0.1281266123808821,NONE
только,PART,,advmod,,,,,0.2059736274382705,NONE
в,ADP,,case,,,,,0.0427529396397927,NONE
одной,NUM,,nummod,Loc,Fem,,,0.1375943590893814,NONE
игре,NOUN,,obl,Loc,Fem,Sing,Inan,-0.0005355583536379,NONE
.,PUNCT,,punct,,,,,0.1959069020033417,NONE
Территория,NOUN,,nsubj,Nom,Fem,Sing,Inan,0.0597872139602317,NONE
является,VERB,,root,,,Sing,,0.4461748797691715,NONE
первой,ADJ,,amod,Ins,Fem,Sing,,0.2162312987473788,NONE
юрисдикцией,NOUN,,xcomp,Ins,Fem,Sing,Inan,0.1142782263397906,NONE
в,ADP,,case,,,,,0.0791786524275039,NONE
Австралии,PROPN,,nmod,Loc,Fem,Sing,Inan,0.3139509441612376,LOC
",",PUNCT,,punct,,,,,0.4209671234760915,NONE
признавшей,VERB,,acl,Ins,Fem,Sing,,0.230865718958195,NONE
живодерство,NOUN,,obj,Acc,Neut,Sing,Inan,0.3396369173934892,NONE
.,PUNCT,,punct,,,,,-0.1767923699128666,NONE
Поврежденный,VERB,,amod,Nom,Masc,Sing,,0.3324815919892357,NONE
плинтус,NOUN,,nsubj:pass,Nom,Masc,Sing,Inan,0.0222869160999341,NONE
и,CCONJ,,cc,,,,,-0.0720390576775183,NONE
статуя,NOUN,,conj,Nom,Fem,Sing,Inan,0.0933083009123806,NONE
были,AUX,,aux:pass,,,Plur,,-0.1443068295689816,NONE
впоследствии,ADV,,advmod,,,,,-0.1545919943467315,NONE
возвращены,VERB,,root,,,Plur,,-0.0911036190383293,NONE
городским,ADJ,,amod,Ins,Masc,Sing,,-0.0205380496694516,NONE
советом,NOUN,,obl:agent,Ins,Masc,Sing,Inan,-0.010909774910688,NONE
из,ADP,,case,,,,,0.0032828009618182,NONE
Бристольской,ADJ,,amod,Gen,Fem,Sing,,0.2060883860692951,LOC
гавани,NOUN,,obl,Gen,Fem,Sing,Inan,0.0170275230396183,LOC
",",PUNCT,,punct,,,,,0.2373624777555585,NONE
куда,ADV,,advmod,,,,,-0.1761193014333457,NONE
их,PRON,,obj,Acc,,Plur,,0.037151556172246,NONE
бросили,VERB,,acl:relcl,,,Plur,,-0.1119472701113601,NONE
во,ADP,,case,,,,,-0.0186769322086048,NONE
время,NOUN,,fixed,Acc,Neut,Sing,Inan,-0.0694265349934755,NONE
беспорядков,NOUN,,obl,Gen,Masc,Plur,Inan,0.0204727049202446,NONE
",",PUNCT,,punct,,,,,0.060244627418114,NONE
и,CCONJ,,cc,,,,,0.0143487981382629,NONE
стали,VERB,,conj,,,Plur,,-0.0400780572303716,NONE
экспонатом,NOUN,,xcomp,Ins,Masc,Sing,Inan,0.1608549546216852,NONE
местного,ADJ,,amod,Gen,Masc,Sing,,-0.0423912860673273,NONE
музея,NOUN,,nmod,Gen,Masc,Sing,Inan,0.0451119697094564,NONE
",",PUNCT,,punct,,,,,0.1865649115287755,NONE
а,CCONJ,,cc,,,,,0.0042975028772991,NONE
также,PART,,fixed,,,,,-0.1272701063841349,NONE
частью,NOUN,,conj,Ins,Fem,Sing,Inan,0.0907162430459715,NONE
подборки,NOUN,,nmod,Gen,Fem,Sing,Inan,-0.0129305831084492,NONE
плакатов,NOUN,,nmod,Gen,Masc,Plur,Inan,0.0702487640940071,NONE
BLM,PROPN,,flat:foreign,,,,,0.186912905368696,NONE
",",PUNCT,,punct,,,,,0.0972084076406927,NONE
представленных,VERB,,acl,Gen,,Plur,,-0.018531941077033,NONE
во,ADP,,case,,,,,0.0356788259905454,NONE
время,NOUN,,fixed,Acc,Neut,Sing,Inan,0.016139832725236,NONE
марша,NOUN,,obl,Gen,Masc,Sing,Inan,0.0915377794660435,NONE
.,PUNCT,,punct,,,,,0.518489260960147,NONE
"""",PUNCT,Z:-------------,punct,,,,,0.030455978375321,NONE
Восходящее,VERB,,amod,Nom,Neut,Sing,,0.0675279416945538,NONE
население,NOUN,,nsubj,Nom,Neut,Sing,Inan,-0.0378413938140341,NONE
стало,VERB,,root,,Neut,Sing,,0.1470510513333439,NONE
похожим,ADJ,,obl,Ins,Neut,Sing,,-0.0494307475760902,NONE
на,ADP,,case,,,,,-0.0519995598050127,NONE
рак,NOUN,,obl,Acc,Masc,Sing,Inan,0.2957469895379669,NONE
второй,ADJ,,amod,Gen,Fem,Sing,,-0.1643710803137286,NONE
стадии,NOUN,,nmod,Gen,Fem,Sing,Inan,0.0318379922644596,NONE
.,PUNCT,,punct,,,,,0.4103218574674481,NONE
Кристи,PROPN,,nsubj,Nom,Fem,Sing,Anim,-0.0008234592678268,PER
Хефнер,PROPN,,appos,Nom,Fem,Sing,Anim,0.0862332676276477,PER
",",PUNCT,,punct,,,,,0.0854131503902294,NONE
деловая,ADJ,,amod,Nom,Fem,Sing,,0.081450460062682,NONE
женщина,NOUN,,appos,Nom,Fem,Sing,Anim,0.0480357613706992,NONE
и,CCONJ,,cc,,,,,0.0437944116349258,NONE
дочь,NOUN,,conj,Nom,Fem,Sing,Anim,0.0466918783627581,NONE
основателя,NOUN,,nmod,Gen,Masc,Sing,Anim,0.0559588498798228,NONE
Playboy,PROPN,,flat:foreign,,,,,0.0356761993958038,ORG
Хью,PROPN,,appos,Gen,Masc,Sing,Anim,0.0418502437551444,PER
Хефнера,PROPN,,flat:name,Gen,Masc,Sing,Anim,0.0412734826606099,PER
",",PUNCT,,punct,,,,,0.9523693051788816,NONE
говорит,VERB,,root,,,Sing,,-0.0290564018013122,NONE
",",PUNCT,,punct,,,,,0.1015660482343949,NONE
что,SCONJ,,mark,,,,,-0.0809938875741625,NONE
«Руководство,NOUN,,nsubj,Nom,Neut,Sing,Inan,0.0584799300569061,NONE
подруги,NOUN,,nmod,Gen,Fem,Sing,Anim,0.0757717745014394,NONE
по,ADP,,case,,,,,0.0426576699052479,NONE
закрытию,NOUN,,nmod,Dat,Neut,Sing,Inan,0.0068138544734954,NONE
сделки»,NOUN,,nmod,Gen,Fem,Plur,Inan,-0.0026586772886261,NONE
очень,ADV,,obl,,,,,-0.0446016744689312,NONE
интересно,ADJ,,ccomp,,Neut,Sing,,0.0028376163899548,NONE
и,CCONJ,,cc,,,,,-0.0005015343279793,NONE
очень,ADV,,obl,,,,,-0.0321633822149334,NONE
полезно,ADJ,,conj,,Neut,Sing,,-0.002566772578479,NONE
.,PUNCT,,punct,,,,,0.0299551472492735,NONE
В,ADP,,case,,,,,-0.4479953368220838,NONE
заявлении,NOUN,,obl,Loc,Neut,Sing,Inan,0.1035677170494054,NONE
в,ADP,,case,,,,,-0.0032489223015725,NONE
субботу,NOUN,,nmod,Acc,Fem,Sing,Inan,-0.076544789763709,NONE
говорится,VERB,,root,,,Sing,,-0.0050393954563585,NONE
",",PUNCT,,punct,,,,,0.0881512287954932,NONE
что,SCONJ,,mark,,,,,0.0768510285176784,NONE
он,PRON,,nsubj,Nom,Masc,Sing,,-0.132159313422035,NONE
не,PART,,advmod,,,,,-0.0908938509672669,NONE
может,VERB,,ccomp,,,Sing,,0.0008888554932788,NONE
объявить,VERB,,xcomp,,,,,0.0883894351617312,NONE
имена,NOUN,,obj,Acc,Neut,Plur,Inan,0.2103881919145485,NONE
утвержденных,VERB,,amod,Gen,,Plur,,0.0630499820255646,NONE
кандидатов,NOUN,,nmod,Gen,Masc,Plur,Anim,0.1245138016385971,NONE
из,ADP,,case,,,,,-0.0263975033323802,NONE
почти,ADV,,advmod,,,,,0.1547504728215124,NONE
100,NUM,,nmod,,,,,0.2639935362786139,NONE
",",PUNCT,,punct,,,,,0.3390505813560632,NONE
потому,ADV,,mark,,,,,0.1875213586271079,NONE
что,SCONJ,,fixed,,,,,0.1907849912106708,NONE
он,PRON,,nsubj,Nom,Masc,Sing,,-0.015867094634924,NONE
«стремится,VERB,,advcl,,,Sing,,-0.0292699776466554,NONE
исчерпать,VERB,,xcomp,,,,,0.0712797512550919,NONE
все,DET,,det,Acc,,Plur,,-0.080530467186878,NONE
средства,NOUN,,obj,Acc,Neut,Plur,Inan,0.0631057162582307,NONE
судебного,ADJ,,amod,Gen,Neut,Sing,,-0.0465101710658674,NONE
разбирательства,NOUN,,nmod,Gen,Neut,Sing,Inan,0.0594084496055652,NONE
",",PUNCT,,punct,,,,,0.0851212374065431,NONE
чтобы,SCONJ,,mark,,,,,0.1114438969115138,NONE
гарантировать,VERB,,advcl,,,,,0.126414130131401,NONE
",",PUNCT,,punct,,,,,0.1932531529774591,NONE
что,SCONJ,,mark,,,,,0.0496302218358032,NONE
его,DET,,det,,,,,0.0695853547903097,NONE
решения,NOUN,,nsubj,Nom,Neut,Plur,Inan,-0.009605239690604,NONE
соответствуют,VERB,,ccomp,,,Plur,,-0.031440914444796,NONE
вынесенным,VERB,,amod,Dat,,Plur,,-0.0511652234935842,NONE
решениям»,NOUN,,iobj,Dat,Neut,Plur,Inan,-0.0007992908835019,NONE
.,PUNCT,,punct,,,,,-0.0614691877706268,NONE
Алжир,PROPN,,root,Nom,Masc,Sing,Inan,-0.0356268088279903,LOC
:,PUNCT,,punct,,,,,0.0186114131986908,NONE
Смерть,PROPN,,parataxis,Nom,Fem,Sing,Inan,0.2651381944676304,NONE
Махмуда,PROPN,,nmod,Gen,Masc,Sing,Anim,0.0665798666531768,PER
Гемамы,PROPN,,flat:name,Gen,Masc,Sing,Anim,0.0669990765058493,PER
-,PUNCT,,punct,,,,,0.2216397593834153,NONE
Алжир,PROPN,,nsubj,Nom,Masc,Sing,Inan,0.2079952141390182,LOC
теряет,VERB,,parataxis,,,Sing,,0.0951532833781675,NONE
Патриота,PROPN,,obj,Acc,Masc,Sing,Anim,0.005862598159928,NONE
",",PUNCT,,punct,,,,,0.0043795280014311,NONE
приверженного,ADJ,,amod,Acc,Masc,Sing,Anim,0.1858700633176765,NONE
воинству,NOUN,,iobj,Dat,Neut,Sing,Inan,0.1232687870690871,NONE
",",PUNCT,,punct,,,,,-0.1182933412012427,NONE
говорит,VERB,,parataxis,,,Sing,,0.1918138181999212,NONE
президент,NOUN,,nsubj,Nom,Masc,Sing,Anim,0.1013797748193995,NONE
Теббуне,PROPN,,appos,Nom,Masc,Sing,Anim,0.1287415682142399,PER
.,PUNCT,,punct,,,,,0.5355777879837532,NONE
Глядя,VERB,,advcl,,,,,0.2100828092927057,NONE
на,ADP,,case,,,,,0.1001757029509029,NONE
такие,DET,,det,Acc,,Plur,,0.101493988933007,NONE
случаи,NOUN,,obl,Acc,Masc,Plur,Inan,0.1655806032632415,NONE
",",PUNCT,,punct,,,,,-0.0494359114734089,NONE
как,SCONJ,,mark,,,,,-0.1418148629195844,NONE
католическая,ADJ,,amod,Nom,Fem,Sing,,0.0907970358371847,NONE
церковь,NOUN,,obl,Nom,Fem,Sing,Inan,0.2261532294401667,NONE
",",PUNCT,,punct,,,,,0.1478140272388887,NONE
возможно,ADV,,parataxis,,,,,0.0842585542260802,NONE
",",PUNCT,,punct,,,,,0.0993518452016062,NONE
было,AUX,,cop,,Neut,Sing,,0.0496860635051463,NONE
бы,AUX,,aux,,,,,-0.1264341202322776,NONE
целесообразно,ADJ,,root,,Neut,Sing,,0.0146754956190688,NONE
обеспечить,VERB,,csubj,,,,,-0.1282763035684764,NONE
",",PUNCT,,punct,,,,,0.3217502870195111,NONE
чтобы,SCONJ,,mark,,,,,-0.0310091612252478,NONE
средства,NOUN,,nsubj,Nom,Neut,Plur,Inan,0.0889977635129481,NONE
",",PUNCT,,punct,,,,,0.1494504742950262,NONE
приобретенные,VERB,,acl,Nom,,Plur,,0.1281874072867285,NONE
этими,DET,,det,Ins,,Plur,,-0.0315557591495058,NONE
освобожденными,VERB,,acl,Ins,,Plur,,-0.0205281609149104,NONE
от,ADP,,case,,,,,-0.1594593606068899,NONE
налогов,NOUN,,obl,Gen,Masc,Plur,Inan,0.0932518402403381,NONE
религиозными,ADJ,,amod,Ins,,Plur,,-0.0787159104588573,NONE
организациями,NOUN,,obl,Ins,Fem,Plur,Inan,0.0921942776452243,NONE
",",PUNCT,,punct,,,,,-0.0807680666065394,NONE
не,PART,,advmod,,,,,0.0681281272757748,NONE
покидали,VERB,,ccomp,,,Plur,,0.1288238687862486,NONE
страну,NOUN,,obj,Acc,Fem,Sing,Inan,0.1351319076902129,NONE
.,PUNCT,,punct,,,,,-0.5587457333746563,NONE
ЕБРР,NOUN,,nsubj,Nom,Fem,Sing,Inan,0.1334075132312748,ORG
выделит,VERB,,root,,,Sing,,0.2628978458770465,NONE
300,NUM,,nummod,,,,,-0.127608359558212,NONE
миллионов,NOUN,,nummod,Gen,Masc,Plur,Inan,0.029704589438002,NONE
евро,NOUN,,obl,Gen,Masc,Plur,Inan,0.1907548467367705,NONE
на,ADP,,case,,,,,0.275743066406728,NONE
поддержку,NOUN,,obl,Acc,Fem,Sing,Inan,0.057742392310393,NONE
проектов,NOUN,,nmod,Gen,Masc,Plur,Inan,0.0793771334404929,NONE
по,ADP,,case,,,,,0.0475667632330808,NONE
возобновляемым,VERB,,amod,Dat,,Plur,,0.1316264560004449,NONE
источникам,NOUN,,nmod,Dat,Masc,Plur,Inan,-0.0423699761595839,NONE
энергии,NOUN,,nmod,Gen,Fem,Sing,Inan,0.1318329576252948,NONE
в,ADP,,case,,,,,0.1144760815711807,NONE
Казахстане,PROPN,,nmod,Loc,Masc,Sing,Inan,0.0242313637267843,LOC
Это,PRON,,nsubj,Nom,Neut,Sing,Inan,-0.0839098891722319,NONE
стандартная,ADJ,,amod,Nom,Fem,Sing,,0.2226255971550302,NONE
китайская,ADJ,,amod,Nom,Fem,Sing,,0.0691171559380693,NONE
практика,NOUN,,root,Nom,Fem,Sing,Inan,-0.0937978132137485,NONE
внутри,ADV,,case,,,,,0.022079019970083,NONE
страны,NOUN,,nmod,Gen,Fem,Sing,Inan,-0.1343154361698861,NONE
",",PUNCT,,punct,,,,,-0.0381304094821818,NONE
и,CCONJ,,cc,,,,,-0.0102584765892712,NONE
мы,PRON,,nsubj,Nom,,Plur,,-0.2433531122190048,NONE
знаем,VERB,,conj,,,Plur,,-0.0924975019660802,NONE
",",PUNCT,,punct,,,,,0.1171327081650514,NONE
что,SCONJ,,mark,,,,,0.0761738673905188,NONE
после,ADP,,case,,,,,0.0690669207978001,NONE
2016,ADJ,,amod,,,,,-0.0221768887762919,NONE
года,NOUN,,obl,Gen,Masc,Sing,Inan,-0.0026886888001049,NONE
они,PRON,,nsubj,Nom,,Plur,,-0.196900899245368,NONE
внимательно,ADV,,advmod,,,,,0.3121165620796128,NONE
изучали,VERB,,ccomp,,,Plur,,0.0791686922187335,NONE
то,PRON,,obj,Acc,Neut,Sing,Inan,-0.0338925428415965,NONE
",",PUNCT,,punct,,,,,0.4468969521425358,NONE
что,PRON,,obj,Acc,,,,0.0643253502229885,NONE
делали,VERB,,acl,,,Plur,,0.302158710716034,NONE
русские,NOUN,,nsubj,Nom,Masc,Plur,Anim,0.0732577796027887,NONE
в,ADP,,case,,,,,0.0623967906416898,NONE
США,PROPN,,obl,Loc,,Plur,Inan,0.0060680296194853,LOC
",",PUNCT,,punct,,,,,0.1110808372160994,NONE
-,PUNCT,,punct,,,,,0.3000051715348176,NONE
сказал,VERB,,parataxis,,Masc,Sing,,0.0482047535559024,NONE
Льюис,PROPN,,nsubj,Nom,Masc,Sing,Anim,0.2523437843506,PER
.,PUNCT,,punct,,,,,-0.2787399887058316,NONE
Однако,ADV,,advmod,,,,,-0.0115893374008055,NONE
для,ADP,,case,,,,,-0.1469548684669462,NONE
укрепления,NOUN,,obl,Gen,Neut,Sing,Inan,-0.008874714159933,NONE
своих,DET,,det,Gen,,Plur,,-0.0795869295936931,NONE
рядов,NOUN,,nmod,Gen,Masc,Plur,Inan,0.0329774897782342,NONE
присутствовали,VERB,,root,,,Plur,,0.0818961583498915,NONE
ирландские,ADJ,,amod,Nom,,Plur,,0.0599588880057767,NONE
звезды,NOUN,,nsubj,Nom,Fem,Plur,Anim,0.3460799925935611,NONE
",",PUNCT,,punct,,,,,0.0485199755979738,NONE
такие,DET,,det,Nom,,Plur,,-0.0094773470869241,NONE
как,SCONJ,,mark,,,,,0.0053934720922725,NONE
Тадж,PROPN,,obl,Nom,Masc,Sing,Anim,0.0178970676963469,PER
Барн,PROPN,,flat:name,Nom,Masc,Sing,Anim,0.0116063542596595,PER
",",PUNCT,,punct,,,,,0.095996164506351,NONE
Питер,PROPN,,conj,Nom,Masc,Sing,Anim,0.0023611507993826,PER
О,PROPN,,flat:name,,,,,0.0669326356961743,PER
Мэхони,PROPN,,flat:name,Nom,Masc,Sing,Anim,0.0772209307212679,PER
",",PUNCT,,punct,,,,,0.0460541290774268,NONE
Конор,PROPN,,conj,Nom,Masc,Sing,Anim,0.0348581887488994,PER
Мюррей,PROPN,,flat:name,Nom,Masc,Sing,Anim,0.164804306965309,PER
и,CCONJ,,cc,,,,,0.8013663713117571,NONE
Кит,PROPN,,conj,Nom,Masc,Sing,Anim,0.2234923436864754,PER
Эрлз,PROPN,,flat:name,Nom,Masc,Sing,Anim,-0.0343573635645484,PER
.,PUNCT,,punct,,,,,0.036954286246723,NONE
У,ADP,,case,,,,,0.0948741664222623,NONE
этого,PRON,,obl,Gen,Neut,Sing,Inan,0.402175789339564,NONE
есть,VERB,,root,,,Sing,,-0.5432555613332987,NONE
две,NUM,,nummod:gov,Nom,Fem,,,-0.0453761018381714,NONE
стороны,NOUN,,nsubj,Gen,Fem,Sing,Inan,-0.1009000741604658,NONE
:,PUNCT,,punct,,,,,0.0686425157197615,NONE
одна,NUM,,nsubj,Nom,Fem,,,0.0055536146171744,NONE
из,ADP,,case,,,,,-0.0937429150145223,NONE
них,PRON,,nmod,Gen,,Plur,,-0.0119686204411256,NONE
ссылается,VERB,,parataxis,,,Sing,,-0.0587932471562599,NONE
на,ADP,,case,,,,,0.0010891522998036,NONE
свое,DET,,det,Acc,Neut,Sing,,-0.0275383053689791,NONE
насильственное,ADJ,,amod,Acc,Neut,Sing,,0.1682582702240705,NONE
поведение,NOUN,,obl,Acc,Neut,Sing,Inan,-0.0293699207602821,NONE
в,ADP,,case,,,,,-0.0085663045743073,NONE
прошлом,NOUN,,nmod,Loc,Neut,Sing,Inan,-0.0449285044906064,NONE
",",PUNCT,,punct,,,,,0.258235528958407,NONE
призывая,VERB,,advcl,,,,,-0.0372272387835748,NONE
не,PART,,advmod,,,,,0.0309307956339371,NONE
допустить,VERB,,xcomp,,,,,0.0379929862283405,NONE
его,PRON,,nmod,Gen,Masc,Sing,,-0.0909569957670775,NONE
повторения,NOUN,,obl,Gen,Neut,Sing,Inan,0.0042786054379262,NONE
",",PUNCT,,punct,,,,,0.3939923156138954,NONE
а,CCONJ,,cc,,,,,0.0798748130289272,NONE
другая,ADJ,,amod,Nom,Fem,Sing,,-0.2164187231511436,NONE
сторона,NOUN,,nsubj,Nom,Fem,Sing,Inan,-0.0391354016165556,NONE
верит,VERB,,conj,,,Sing,,-0.0168488298850291,NONE
в,ADP,,case,,,,,0.0095071428057246,NONE
силу,NOUN,,obl,Acc,Fem,Sing,Inan,-0.0922604113396273,NONE
перемен,NOUN,,nmod,Gen,Fem,Plur,Inan,-0.0543851641124187,NONE
и,CCONJ,,cc,,,,,-0.0104751896817831,NONE
восстановления,NOUN,,conj,Gen,Neut,Sing,Inan,0.006392915882734,NONE
.,PUNCT,,punct,,,,,-0.3120280265017342,NONE
Но,CCONJ,,cc,,,,,-0.1740069824717488,NONE
эта,DET,,det,Nom,Fem,Sing,,0.0582862688868213,NONE
встреча,NOUN,,nsubj,Nom,Fem,Sing,Inan,-0.0117240293112488,NONE
внезапно,ADV,,advmod,,,,,-0.0053669884269874,NONE
распалась,VERB,,root,,Fem,Sing,,-0.0041767064872006,NONE
после,ADP,,case,,,,,0.0276669743014946,NONE
того,PRON,,obl,Gen,Neut,Sing,Inan,-0.0127901214364538,NONE
",",PUNCT,,punct,,,,,0.0813420797533989,NONE
как,SCONJ,,mark,,,,,-0.0360026674682054,NONE
г-н,NOUN,,nsubj,Nom,Masc,Sing,Anim,0.0124733899784266,NONE
Трамп,PROPN,,appos,Nom,Masc,Sing,Anim,0.0284133955575748,PER
отклонил,VERB,,acl,,Masc,Sing,,0.0068775080829443,NONE
просьбу,NOUN,,obj,Acc,Fem,Sing,Inan,0.0005683290471131,NONE
Кима,PROPN,,nmod,Gen,Masc,Sing,Anim,-0.0059321138375528,PER
об,ADP,,case,,,,,-0.0177367126137594,NONE
значительном,ADJ,,amod,Loc,Neut,Sing,,0.0608267587317677,NONE
облегчении,NOUN,,nmod,Loc,Neut,Sing,Inan,0.028311236006437,NONE
санкций,NOUN,,nmod,Gen,Fem,Plur,Inan,0.0299824444305623,NONE
в,ADP,,case,,,,,0.0124281159227551,NONE
обмен,NOUN,,nmod,Acc,Masc,Sing,Inan,-0.011646119373615,NONE
на,ADP,,case,,,,,0.0196004625412318,NONE
демонтаж,NOUN,,nmod,Acc,Masc,Sing,Inan,-0.0241823944159915,NONE
его,DET,,det,,,,,-0.0359193114298404,NONE
основного,ADJ,,amod,Gen,Masc,Sing,,0.0175516086772802,NONE
ядерного,ADJ,,amod,Gen,Masc,Sing,,0.0454573894766107,NONE
комплекса,NOUN,,nmod,Gen,Masc,Sing,Inan,0.0110954001200904,NONE
",",PUNCT,,punct,,,,,0.0965068542803989,NONE
что,PRON,,nsubj,Nom,Neut,Sing,Inan,0.0297281141288945,NONE
является,VERB,,parataxis,,,Sing,,-0.0305965759090753,NONE
ограниченным,ADJ,,amod,Ins,Masc,Sing,,0.0093471283159513,NONE
шагом,NOUN,,xcomp,Ins,Masc,Sing,Inan,-0.0067327409907418,NONE
по,ADP,,case,,,,,-0.0059105233804991,NONE
денуклеаризации,NOUN,,nmod,Dat,Fem,Sing,Inan,0.0448929449181083,NONE
.,PUNCT,,punct,,,,,0.9519577178069512,NONE
Стягивание,NOUN,,nsubj,Nom,Neut,Sing,Inan,0.108280161207164,NONE
сумки,NOUN,,nmod,Gen,Fem,Sing,Inan,0.1663395631896026,NONE
к,ADP,,case,,,,,0.0823210776655818,NONE
круговой,ADJ,,amod,Dat,Fem,Sing,,0.28534679669516,NONE
ножке,NOUN,,nmod,Dat,Fem,Sing,Inan,0.2303430189931783,NONE
создает,VERB,,root,,,Sing,,0.0427178909710969,NONE
форму,NOUN,,obj,Acc,Fem,Sing,Inan,-0.0215139599410726,NONE
"""",PUNCT,,punct,,,,,0.3118631948522025,NONE
"""",PUNCT,,punct,,,,,0.0447079034279144,NONE
мумии,NOUN,,nmod,Gen,Fem,Sing,Inan,0.011746984451234,NONE
"""",PUNCT,,punct,,,,,0.0482419413305999,NONE
"""",PUNCT,,punct,,,,,0.1910369670480725,NONE
",",PUNCT,,punct,,,,,0.2831693685313314,NONE
которую,PRON,,obj,Acc,,,,0.4438441455342138,NONE
легко,ADJ,,acl:relcl,,Neut,Sing,,0.0408772936133964,NONE
согреть,VERB,,csubj,,,,,0.078217085473023,NONE
и,CCONJ,,cc,,,,,0.1598962330979254,NONE
минимизирует,VERB,,conj,,,Sing,,0.1346464291831832,NONE
вес,NOUN,,obj,Acc,Masc,Sing,Inan,-0.0903357964672684,NONE
используемого,VERB,,amod,Gen,Masc,Sing,,0.0410931296001142,NONE
материала,NOUN,,nmod,Gen,Masc,Sing,Inan,-0.1791088706703868,NONE
.,PUNCT,,punct,,,,,0.1743769558258083,NONE
"""",PUNCT,,root,,,,,-0.2672418233128584,NONE
Если,SCONJ,,mark,,,,,0.0174228424679763,NONE
это,PRON,,nsubj,Nom,Neut,Sing,Inan,-0.4710475102154611,NONE
так,ADV,,advcl,,,,,0.0623581706412218,NONE
",",PUNCT,,punct,,,,,0.1879737914940797,NONE
пожалуйста,ADV,,parataxis,,,,,0.2729392258256216,NONE
",",PUNCT,,punct,,,,,0.1146436296730928,NONE
сообщите,VERB,,root,,,Plur,,0.2030379458189581,NONE
мне,PRON,,iobj,Dat,,Sing,,0.3999657686823915,NONE
электронную,ADJ,,amod,Acc,Fem,Sing,,-0.0135350020082263,NONE
почту,NOUN,,obj,Acc,Fem,Sing,Inan,0.1464260197330809,NONE
",",PUNCT,,punct,,,,,0.1332750994186228,NONE
в,ADP,,case,,,,,0.1314727975089602,NONE
которой,PRON,,obl,Loc,Fem,Sing,,0.0871728845967413,NONE
вы,PRON,,nsubj,Nom,,Plur,,0.0841964318896272,NONE
уже,PART,,advmod,,,,,-0.0794183020417009,NONE
вошли,VERB,,acl:relcl,,,Plur,,0.1680503743476527,NONE
в,ADP,,case,,,,,0.0999456972972683,NONE
систему,NOUN,,obl,Acc,Fem,Sing,Inan,-0.1292997351113186,NONE
.,PUNCT,,punct,,,,,0.3149232737746435,NONE
Каждый,DET,,det,Nom,Masc,Sing,,0.0765858542964975,NONE
класс,NOUN,,nsubj,Nom,Masc,Sing,Inan,0.052953777182437,NONE
предлагает,VERB,,root,,,Sing,,-0.0114590998173702,NONE
интуитивно,ADV,,obl,,,,,0.022289115386739,NONE
понятный,ADJ,,amod,Acc,Masc,Sing,Inan,-0.032919714363436,NONE
бой,NOUN,,obj,Acc,Masc,Sing,Inan,0.2719826336952902,NONE
",",PUNCT,,punct,,,,,0.1517397586213534,NONE
основанный,VERB,,acl,Acc,Masc,Sing,Inan,0.1325522439398838,NONE
на,ADP,,case,,,,,0.0193847407040766,NONE
навыках,NOUN,,obl,Loc,Masc,Plur,Inan,0.0568709820650202,NONE
",",PUNCT,,punct,,,,,0.2064145906097203,NONE
оснащенный,VERB,,acl,Acc,Masc,Sing,Inan,0.1102060305562147,NONE
набором,NOUN,,obl,Ins,Masc,Sing,Inan,0.2018809612366402,NONE
уникальных,ADJ,,amod,Gen,,Plur,,0.0503270101217466,NONE
навыков,NOUN,,nmod,Gen,Masc,Plur,Inan,0.2465605759758677,NONE
",",PUNCT,,punct,,,,,0.0332070748509019,NONE
которые,PRON,,obj,Acc,,,,0.2944262067930641,NONE
можно,ADV,,acl:relcl,,,,,0.162647221020519,NONE
свободно,ADV,,advmod,,,,,-0.0195146638341848,NONE
комбинировать,VERB,,csubj,,,,,0.1612666778500171,NONE
в,ADP,,case,,,,,0.0604255287625864,NONE
захватывающие,VERB,,acl,Acc,,Plur,Inan,0.335729611538771,NONE
и,CCONJ,,cc,,,,,-0.0194214722600983,NONE
эффективные,ADJ,,conj,Acc,,Plur,Inan,0.1530335551861995,NONE
комбо,NOUN,,obl,Acc,Masc,Plur,Inan,0.0875971122092813,NONE
",",PUNCT,,punct,,,,,0.2153093652066281,NONE
всегда,ADV,,advmod,,,,,-0.1224811361551107,NONE
держа,VERB,,advcl,,,,,0.0608379488604953,NONE
вас,PRON,,obj,Acc,,Plur,,0.0317524743448126,NONE
в,ADP,,case,,,,,0.1584779054712615,NONE
тонусе,NOUN,,obl,Loc,Masc,Sing,Inan,0.1085729748407246,NONE
.,PUNCT,,punct,,,,,0.490200062956239,NONE
В,ADP,,case,,,,,0.1637517280509441,NONE
ходе,NOUN,,fixed,Loc,Masc,Sing,Inan,0.1562954035886762,NONE
волатильной,ADJ,,amod,Gen,Fem,Sing,,-0.0814395743124109,NONE
сессии,NOUN,,obl,Gen,Fem,Sing,Inan,0.0220835139829094,NONE
фьючерсы,NOUN,,nsubj,Nom,Masc,Plur,Inan,0.1231053128057962,NONE
на,ADP,,case,,,,,-0.0958012850423088,NONE
нефть,NOUN,,nmod,Acc,Fem,Sing,Inan,0.0749700632336316,NONE
марки,NOUN,,nmod,Gen,Fem,Sing,Inan,-0.0658403865482441,NONE
Brent,PROPN,,flat:foreign,,,,,0.2806360573716341,NONE
LCOc1,PROPN,,flat:foreign,,,,,0.1570329002745003,NONE
к,ADP,,case,,,,,-0.3547653838846233,NONE
11,NUM,,obl,,,,,0.044752865940847,NONE
:,PUNCT,,punct,,,,,0.2535060315258721,NONE
21,NUM,,nmod,,,,,0.0516543257425809,NONE
потеряли,VERB,,root,,,Plur,,0.0753870263614549,NONE
32,NUM,,nummod,,,,,-0.1596246604518958,NONE
цента,NOUN,,obl,Gen,Masc,Sing,Inan,-0.0112588829036676,NONE
до,ADP,,case,,,,,-0.0173743178312647,NONE
$62,NUM,,nummod,,,,,0.070903397856525,NONE
",",PUNCT,,punct,,,,,0.060538661506085,NONE
42,NUM,,nmod,,,,,-0.0470812738164385,NONE
за,ADP,,case,,,,,-0.264384186895783,NONE
баррель,NOUN,,nmod,Acc,Masc,Sing,Inan,0.1182397375417185,NONE
.,PUNCT,,punct,,,,,-0.4104831749077904,NONE
Для,ADP,,case,,,,,-0.0545374471332089,NONE
будущих,ADJ,,amod,Gen,,Plur,,0.3876641878455268,NONE
заказов,NOUN,,obl,Gen,Masc,Plur,Inan,0.1190843244460704,NONE
вы,PRON,,nsubj,Nom,,Plur,,-0.2079905334663303,NONE
можете,VERB,,root,,,Plur,,0.0031803389456337,NONE
добавить,VERB,,xcomp,,,,,-0.1332196235816623,NONE
инструкции,NOUN,,obj,Acc,Fem,Plur,Inan,-0.0871455599106265,NONE
для,ADP,,case,,,,,-0.0682787256247191,NONE
своего,DET,,det,Gen,Masc,Sing,,-0.0751994920261927,NONE
водителя,NOUN,,nmod,Gen,Masc,Sing,Anim,0.1889316853075802,NONE
",",PUNCT,,punct,,,,,-0.4891752691233103,NONE
отредактировав,VERB,,advcl,,,,,0.2906403463086437,NONE
сохраненные,VERB,,amod,Acc,,Plur,Inan,0.1524782003732891,NONE
адреса,NOUN,,obj,Acc,Masc,Plur,Inan,0.3039746653918892,NONE
в,ADP,,case,,,,,0.2704301872285392,NONE
приложении,NOUN,,nmod,Loc,Neut,Sing,Inan,-0.0186378320872242,NONE
.,PUNCT,,punct,,,,,-0.1850122749960461,NONE
Здесь,ADV,,advmod,,,,,-0.1471178860641777,NONE
Вы,PRON,,nsubj,Nom,,Plur,,0.0582600205480854,NONE
можете,VERB,,root,,,Plur,,-0.3636684309197731,NONE
сразиться,VERB,,xcomp,,,,,0.096652440075094,NONE
с,ADP,,case,,,,,-0.0041012910923754,NONE
монстрами,NOUN,,obl,Ins,Masc,Plur,Anim,0.1044065968607743,NONE
и,CCONJ,,cc,,,,,0.0456027472273682,NONE
огромными,ADJ,,amod,Ins,,Plur,,0.0488565128295256,NONE
боссами,NOUN,,conj,Ins,Masc,Plur,Anim,0.1715993815401766,NONE
",",PUNCT,,punct,,,,,0.1303818464530646,NONE
сражаться,VERB,,conj,,,,,0.0774221454266537,NONE
с,ADP,,case,,,,,0.0006419068515384,NONE
друзьями,NOUN,,obl,Ins,Masc,Plur,Anim,0.1185474850165311,NONE
в,ADP,,case,,,,,0.1856790314424265,NONE
гильдии,NOUN,,nmod,Loc,Fem,Sing,Inan,0.0230189863474733,NONE
",",PUNCT,,punct,,,,,0.2920890511327533,NONE
осаждать,VERB,,conj,,,,,0.0429112678369489,NONE
узлы,NOUN,,obj,Acc,Masc,Plur,Inan,-0.0465074387798778,NONE
и,CCONJ,,cc,,,,,-0.0175113592446768,NONE
замки,NOUN,,conj,Acc,Masc,Plur,Inan,0.1452332124849423,NONE
",",PUNCT,,punct,,,,,0.045151840547103,NONE
учиться,VERB,,conj,,,,,0.1440986681155501,NONE
разнообразным,ADJ,,amod,Dat,,Plur,,0.0781826390990771,NONE
жизненным,ADJ,,amod,Dat,,Plur,,-0.1440660547528103,NONE
навыкам,NOUN,,iobj,Dat,Masc,Plur,Inan,-0.0309555173802786,NONE
",",PUNCT,,punct,,,,,0.1611320795793839,NONE
таким,DET,,det,Dat,,Plur,,0.0600400288461273,NONE
как,SCONJ,,mark,,,,,-0.1082916349539043,NONE
рыболовство,NOUN,,obl,Nom,Neut,Sing,Inan,0.1223031586061198,NONE
",",PUNCT,,punct,,,,,0.0770059917473166,NONE
торговля,NOUN,,conj,Nom,Fem,Sing,Inan,0.1694586095742673,NONE
",",PUNCT,,punct,,,,,0.0595135060065862,NONE
крафтинг,NOUN,,conj,Nom,Masc,Sing,Inan,0.0093544938952937,NONE
",",PUNCT,,punct,,,,,0.0620254016263209,NONE
приготовление,NOUN,,conj,Nom,Neut,Sing,Inan,0.2189719954398046,NONE
пищи,NOUN,,nmod,Gen,Fem,Sing,Inan,0.0026717238298033,NONE
",",PUNCT,,punct,,,,,0.1118669718398034,NONE
выкачивание,NOUN,,conj,Nom,Neut,Sing,Inan,0.0189603935895404,NONE
сои,NOUN,,nmod,Gen,Fem,Sing,Inan,0.0792581713518295,NONE
и,CCONJ,,cc,,,,,-0.0938587428002741,NONE
многое,NOUN,,conj,Nom,Neut,Sing,Inan,0.2515258126626963,NONE
другое,ADJ,,amod,Nom,Neut,Sing,,0.2679549713829697,NONE
!,PUNCT,,punct,,,,,0.1667181727073615,NONE
Я,PRON,,nsubj,Nom,,Sing,,0.0935074851856576,NONE
слышал,VERB,,root,,Masc,Sing,,0.1074217653944492,NONE
некоторые,DET,,det,Acc,,Plur,,-0.0277018971084183,NONE
варианты,NOUN,,obj,Acc,Masc,Plur,Inan,0.0619864220479492,NONE
этого,PRON,,nmod,Gen,Neut,Sing,Inan,0.0354744675652949,NONE
больше,ADV,,advmod,,,,,0.0131439570202913,NONE
раз,NOUN,,obl,Gen,Masc,Plur,Inan,-0.0952304262477736,NONE
",",PUNCT,,punct,,,,,0.0396611425936119,NONE
чем,SCONJ,,mark,,,,,-0.0014969881538783,NONE
мне,PRON,,iobj,Dat,,Sing,,-0.1311286373445613,NONE
хочется,VERB,,advcl,,,Sing,,0.0694459074106978,NONE
сосчитать,VERB,,xcomp,,,,,0.1189979549423613,NONE
",",PUNCT,,punct,,,,,0.1097904657378927,NONE
и,CCONJ,,cc,,,,,-0.0492295572479731,NONE
все,DET,,det,Nom,,Plur,,0.0833914544058277,NONE
они,PRON,,nsubj,Nom,,Plur,,-0.1841110131302737,NONE
думали,VERB,,conj,,,Plur,,0.2402321244593983,NONE
",",PUNCT,,punct,,,,,0.481422698324404,NONE
что,SCONJ,,mark,,,,,0.1474999687719302,NONE
это,PRON,,nsubj,Nom,Neut,Sing,Inan,0.2867819547283499,NONE
комплимент,NOUN,,ccomp,Nom,Masc,Sing,Inan,0.0600400233609629,NONE
.,PUNCT,,punct,,,,,-0.5760495755578751,NONE
Крупнейшая,ADJ,,amod,Nom,Fem,Sing,,-0.0139492523897328,NONE
в,ADP,,case,,,,,-0.1649163343583365,NONE
мире,NOUN,,nmod,Loc,Masc,Sing,Inan,0.0063755386591151,NONE
кофейная,ADJ,,amod,Nom,Fem,Sing,,0.0883299186212829,NONE
компания,NOUN,,nsubj,Nom,Fem,Sing,Inan,-0.0244373015832193,NONE
заявила,VERB,,root,,Fem,Sing,,-0.0411555586413856,NONE
в,ADP,,case,,,,,0.0242633500820247,NONE
пятницу,NOUN,,obl,Acc,Fem,Sing,Inan,0.1246431251935171,NONE
",",PUNCT,,punct,,,,,0.0240925938094756,NONE
что,SCONJ,,mark,,,,,0.3484152258298977,NONE
обнаружила,VERB,,ccomp,,Fem,Sing,,0.2445315912051954,NONE
",",PUNCT,,punct,,,,,-0.1254797421749716,NONE
что,SCONJ,,mark,,,,,0.0017302188410203,NONE
остатки,NOUN,,nsubj,Nom,Masc,Plur,Inan,0.0011757565194168,NONE
глифосата,NOUN,,nmod,Gen,Masc,Sing,Inan,0.1141576629150742,NONE
близки,ADJ,,ccomp,,,Plur,,0.0619587052576876,NONE
к,ADP,,case,,,,,-0.0330041767318017,NONE
максимально,ADV,,obl,,,,,-0.0914619931250923,NONE
допустимым,ADJ,,obl,Dat,,Plur,,-0.0079237263663013,NONE
в,ADP,,case,,,,,-0.024736303365229,NONE
некоторых,DET,,det,Loc,,Plur,,-0.080814344822147,NONE
поставках,NOUN,,nmod,Loc,Fem,Plur,Inan,0.0741359321760805,NONE
зеленых,ADJ,,amod,Gen,,Plur,,0.1817681733065813,NONE
кофейных,ADJ,,amod,Gen,,Plur,,0.2091019266749179,NONE
зерен,NOUN,,nmod,Gen,Neut,Plur,Inan,0.257954009474763,NONE
.,PUNCT,,punct,,,,,-0.1017787518500257,NONE
Мы,PRON,,nsubj,Nom,,Plur,,-0.2365881642873288,NONE
гордимся,VERB,,root,,,Plur,,0.0094392077113598,NONE
тем,PRON,,obl,Ins,Neut,Sing,Inan,0.0041016555443039,NONE
",",PUNCT,,punct,,,,,0.1204031895229874,NONE
что,SCONJ,,mark,,,,,0.0061294132310863,NONE
являемся,VERB,,acl,,,Plur,,-0.0736482304511361,NONE
независимыми,ADJ,,obl,Ins,,Plur,,0.2957123636783718,NONE
",",PUNCT,,punct,,,,,0.1101191817151305,NONE
и,CCONJ,,cc,,,,,0.0108139350439413,NONE
нас,PRON,,obj,Acc,,Plur,,-0.0195809834279408,NONE
не,PART,,advmod,,,,,0.1188405726847067,NONE
спонсирует,VERB,,conj,,,Sing,,0.1850997303248841,NONE
",",PUNCT,,punct,,,,,0.2036338731460733,NONE
не,PART,,advmod,,,,,0.0985144400066205,NONE
одобряет,VERB,,conj,,,Sing,,0.1001314404884815,NONE
и,CCONJ,,cc,,,,,-0.0160079565333506,NONE
не,PART,,advmod,,,,,0.1049185511913475,NONE
одобряет,VERB,,conj,,,Sing,,0.0568127286656287,NONE
ни,PART,,advmod,,,,,-0.0212987398316069,NONE
один,NUM,,obl,Acc,Masc,,Inan,-0.030386206618185,NONE
из,ADP,,case,,,,,-0.0380244568229325,NONE
брендов,NOUN,,nmod,Gen,Masc,Plur,Inan,0.1454272304599853,NONE
",",PUNCT,,punct,,,,,-0.0976193334515065,NONE
которые,PRON,,obj,Acc,,,,-0.0886044451902687,NONE
мы,PRON,,nsubj,Nom,,Plur,,0.0881410018916371,NONE
продаем,VERB,,acl:relcl,,,Plur,,0.3770375908894892,NONE
",",PUNCT,,punct,,,,,-0.2003570276100872,NONE
включая,ADV,,advmod,,,,,0.0144155142848681,NONE
Rolex,PROPN,,flat:foreign,,,,,0.4154062242940156,ORG
.,PUNCT,,punct,,,,,-0.0662618099917463,NONE
По,ADP,,case,,,,,-0.1622119986632516,NONE
словам,NOUN,,parataxis,Dat,Neut,Plur,Inan,0.0719526183718167,NONE
его,PRON,,nmod,Gen,Masc,Sing,,0.101472545614212,NONE
брата,NOUN,,nmod,Gen,Masc,Sing,Anim,0.049362386492431,NONE
",",PUNCT,,punct,,,,,-0.0114092319743047,NONE
спортсмен,NOUN,,nsubj,Nom,Masc,Sing,Anim,-0.0935695836062797,NONE
гордился,VERB,,root,,Masc,Sing,,0.0659637178060714,NONE
своим,DET,,det,Ins,Neut,Sing,,-0.0352968918114908,NONE
наследием,NOUN,,obl,Ins,Neut,Sing,Inan,-0.0953195938813111,NONE
",",PUNCT,,punct,,,,,0.0706295617258145,NONE
но,CCONJ,,cc,,,,,0.0489958211153548,NONE
соревнование,NOUN,,nsubj,Nom,Neut,Sing,Inan,0.1253010550245093,NONE
в,ADP,,case,,,,,0.0334233997627273,NONE
стране,NOUN,,nmod,Loc,Fem,Sing,Inan,0.1274036717190247,NONE
",",PUNCT,,punct,,,,,0.4317941279805783,NONE
поставленной,VERB,,acl,Loc,Fem,Sing,,0.0617947235027398,NONE
на,ADP,,case,,,,,-0.0226339080530739,NONE
грань,NOUN,,obl,Acc,Fem,Sing,Inan,0.1285042672854797,NONE
голода,NOUN,,nmod,Gen,Masc,Sing,Inan,0.0634291719826795,NONE
из-за,ADP,,case,,,,,0.0390790655648745,NONE
многолетней,ADJ,,amod,Gen,Fem,Sing,,0.1153073609553756,NONE
войны,NOUN,,obl,Gen,Fem,Sing,Inan,0.1436427543266391,NONE
между,ADP,,case,,,,,0.0035934969484377,NONE
правительством,NOUN,,nmod,Ins,Neut,Sing,Inan,0.1151449753179894,NONE
и,CCONJ,,cc,,,,,0.1011634481180907,NONE
повстанцами,NOUN,,conj,Ins,Masc,Plur,Anim,0.22869902855375,NONE
",",PUNCT,,punct,,,,,0.1801175438874288,NONE
создало,VERB,,conj,,Neut,Sing,,0.1331106209150282,NONE
проблемы,NOUN,,obj,Acc,Fem,Plur,Inan,0.1432197358356082,NONE
.,PUNCT,,punct,,,,,-0.4645813483440278,NONE
По,ADP,,case,,,,,-0.1116942028172552,NONE
иронии,NOUN,,obl,Dat,Fem,Sing,Inan,-0.0886993528896473,NONE
судьбы,NOUN,,nmod,Gen,Fem,Sing,Inan,0.1119530579979248,NONE
я,PRON,,nsubj,Nom,,Sing,,0.021533873229146,NONE
решила,VERB,,root,,Fem,Sing,,-0.0548093356903342,NONE
сидеть,VERB,,xcomp,,,,,0.1875549023414407,NONE
рядом,ADV,,advmod,,,,,-0.0378134250393038,NONE
с,ADP,,case,,,,,-0.0412803996135423,NONE
несколькими,NUM,,nummod,Ins,,,,-0.0160007760623245,NONE
детьми,NOUN,,obl,Ins,Masc,Plur,Anim,-0.1172094920811813,NONE
на,ADP,,case,,,,,0.0309664090846862,NONE
моих,DET,,det,Loc,,Plur,,-0.2381799344209059,NONE
двух,NUM,,nummod,Loc,,,,-0.0418350019051455,NONE
рейсах,NOUN,,obl,Loc,Masc,Plur,Inan,0.0307273059694917,NONE
:,PUNCT,,punct,,,,,0.1644333358432185,NONE
каком-то,DET,,det,Loc,Masc,Sing,,0.1768863188952871,NONE
замечательном,ADJ,,parataxis,Loc,Masc,Sing,,0.0137229880283453,NONE
",",PUNCT,,punct,,,,,0.1044437463520014,NONE
каком-то,DET,,det,Loc,Masc,Sing,,0.1536868266913194,NONE
громком,ADJ,,conj,Loc,Masc,Sing,,0.0133384218860308,NONE
.,PUNCT,,punct,,,,,0.428761237322031,NONE
Некоторые,DET,,det,Nom,,Plur,,0.2111900538543976,NONE
взрослые,NOUN,,nsubj,Nom,Masc,Plur,Anim,0.2110281288968195,NONE
были,AUX,,cop,,,Plur,,0.1809769371289261,NONE
хуже,ADJ,,root,,,,,-0.0573166426979153,NONE
",",PUNCT,,punct,,,,,0.4058494486903807,NONE
-,PUNCT,,punct,,,,,0.680867123426084,NONE
написал,VERB,,parataxis,,Masc,Sing,,0.0625492660689724,NONE
он,PRON,,nsubj,Nom,Masc,Sing,,0.1425229291974949,NONE
в,ADP,,case,,,,,0.1414012584555915,NONE
твиттере,NOUN,,obl,Loc,Masc,Sing,Inan,0.0796492334896566,NONE
.,PUNCT,,punct,,,,,0.1406678728497295,NONE
"""",PUNCT,,punct,,,,,-0.0916580674162453,NONE
*,PUNCT,,punct,,,,,-0.2070841969519953,NONE
Я,PRON,,nsubj,Nom,,Sing,,-0.0590012850898019,NONE
рекомендую,VERB,,parataxis,,,Sing,,0.3617460149189235,NONE
это,PRON,,obj,Acc,Neut,Sing,Inan,0.0380857059329802,NONE
делать,VERB,,xcomp,,,,,-0.0727796641130196,NONE
сухой,ADJ,,amod,Ins,Fem,Sing,,0.0002551092228109,NONE
щёткой,NOUN,,obl,Ins,Fem,Sing,Inan,0.0051131671282232,NONE
.,PUNCT,,punct,,,,,0.0091814573400591,NONE
Не,PART,,advmod,,,,,0.0536749376365772,NONE
будет,VERB,,root,,,Sing,,-0.0240070087596126,NONE
никаких,DET,,det,Gen,,Plur,,-0.0576625177478236,NONE
последствий,NOUN,,nsubj,Gen,Neut,Plur,Inan,-0.0305461894154106,NONE
",",PUNCT,,punct,,,,,0.0281633652503318,NONE
если,SCONJ,,mark,,,,,0.2321734192801176,NONE
вы,PRON,,nsubj,Nom,,Plur,,0.03242307707375,NONE
решите,VERB,,advcl,,,Plur,,0.0332644950799937,NONE
использовать,VERB,,xcomp,,,,,-0.0364802657889371,NONE
её,PRON,,obj,Acc,Fem,Sing,,-0.0486266642227673,NONE
вместе,ADV,,advmod,,,,,0.0300717818851388,NONE
с,ADP,,case,,,,,0.0392744405747347,NONE
любым,DET,,det,Ins,Neut,Sing,,0.0180592905668864,NONE
другим,DET,,det,Ins,Neut,Sing,,-0.1183150831169955,NONE
чистящим,VERB,,amod,Ins,Neut,Sing,,-0.0184355837250915,NONE
средством,NOUN,,obl,Ins,Neut,Sing,Inan,0.1069090834523348,NONE
.,PUNCT,,punct,,,,,0.8145311996818853,NONE
По,ADP,,case,,,,,-0.0150752826309067,NONE
словам,NOUN,,parataxis,Dat,Neut,Plur,Inan,-0.1855376078199402,NONE
официальных,ADJ,,amod,Gen,,Plur,,0.01740980756732,NONE
лиц,NOUN,,nmod,Gen,Neut,Plur,Anim,0.0257512422158527,NONE
",",PUNCT,,punct,,,,,0.0800016949156631,NONE
посетившим,VERB,,acl,Dat,,Plur,,0.1367162599893429,NONE
банк,NOUN,,obj,Acc,Masc,Sing,Inan,0.2162927259655473,NONE
клиентам,NOUN,,iobj,Dat,Masc,Plur,Anim,0.0848170944555451,NONE
также,ADV,,advmod,,,,,0.133022230498116,NONE
рекомендовано,VERB,,root,,Neut,Sing,,0.0720540921252733,NONE
добровольно,ADV,,advmod,,,,,0.0275185265420443,NONE
явиться,VERB,,csubj:pass,,,,,-0.1053676753183918,NONE
на,ADP,,case,,,,,0.068314863989766,NONE
тесты,NOUN,,obl,Acc,Masc,Plur,Inan,0.1081777108492233,NONE
на,ADP,,case,,,,,0.2087700886594476,NONE
коронавирус,NOUN,,nmod,Acc,Masc,Sing,Inan,0.2550675721816098,NONE
.,PUNCT,,punct,,,,,0.3946265387794421,NONE
«Это,PRON,,nsubj,Nom,Neut,Sing,Inan,0.2893867096388484,NONE
не,PART,,advmod,,,,,-0.0142777001860689,NONE
та,DET,,det,Nom,Fem,Sing,,-0.0394086171246302,NONE
страна,NOUN,,parataxis,Nom,Fem,Sing,Inan,0.0780508436825024,NONE
",",PUNCT,,punct,,,,,0.0710607918798885,NONE
в,ADP,,case,,,,,-0.1439520573349353,NONE
которую,PRON,,obl,Acc,,,,-0.0255729705714558,NONE
я,PRON,,nsubj,Nom,,Sing,,-0.1034828652244915,NONE
иммигрировала,VERB,,acl:relcl,,Fem,Sing,,0.0524044817502955,NONE
",",PUNCT,,punct,,,,,0.3993767099308415,NONE
-,PUNCT,,punct,,,,,0.2847761252886615,NONE
сказала,VERB,,parataxis,,Fem,Sing,,-0.0640829213663443,NONE
г-жа,NOUN,,nsubj,Nom,Fem,Sing,Anim,0.221276442476795,NONE
Мукерджи,PROPN,,appos,Nom,Fem,Sing,Anim,0.1574492765736732,PER
",",PUNCT,,punct,,,,,0.3134422141775834,NONE
приехавшая,VERB,,acl,Nom,Fem,Sing,,0.0062634790343091,NONE
из,ADP,,case,,,,,-0.159639908941421,NONE
Индии,PROPN,,obl,Gen,Fem,Sing,Inan,-0.0224211623232923,LOC
более,ADV,,advmod,,,,,-0.046991332079234,NONE
30,NUM,,nummod,,,,,-0.0021299309848052,NONE
лет,NOUN,,obl,Gen,Masc,Plur,Inan,-0.0464689286177906,NONE
назад,ADV,,advmod,,,,,0.1445191502105806,NONE
.,PUNCT,,punct,,,,,0.0611439501918837,NONE
«Такое,DET,,det,Nom,Neut,Sing,,0.2239297800927002,NONE
ощущение,NOUN,,root,Nom,Neut,Sing,Inan,0.0730866234005758,NONE
",",PUNCT,,punct,,,,,0.0902816696043432,NONE
что,SCONJ,,mark,,,,,-0.2945090883088419,NONE
мы,PRON,,nsubj,Nom,,Plur,,-0.054244265380499,NONE
быстро,ADV,,advmod,,,,,0.1009273970856822,NONE
становимся,VERB,,acl,,,Plur,,-0.1463933679469145,NONE
фашистским,ADJ,,amod,Ins,Neut,Sing,,0.0565071283694307,NONE
государством,NOUN,,obl,Ins,Neut,Sing,Inan,0.0074011977826116,NONE
и,CCONJ,,cc,,,,,-0.0812716636318125,NONE
полицейским,ADJ,,amod,Ins,Neut,Sing,,0.1397316627911286,NONE
государством»,NOUN,,conj,Ins,Neut,Sing,Inan,0.0365407574478597,NONE
.,PUNCT,,punct,,,,,-0.1095738432447264,NONE
Он,PRON,,nsubj,Nom,Masc,Sing,,-0.7646115243333476,NONE
следует,VERB,,root,,,Sing,,-0.217116936088498,NONE
за,ADP,,case,,,,,-0.213169161554403,NONE
двумя,NUM,,nummod,Ins,,,,-0.0445188273506746,NONE
названными,VERB,,amod,Ins,,Plur,,-0.0002441272447889,NONE
штормами,NOUN,,obl,Ins,Masc,Plur,Inan,0.1671432428165406,NONE
",",PUNCT,,punct,,,,,0.2054319230113165,NONE
Арвен,PROPN,,appos,Ins,Masc,Sing,Inan,0.1035808393586217,PER
и,CCONJ,,cc,,,,,0.0192559176508699,NONE
Барра,PROPN,,conj,Nom,Fem,Sing,Inan,0.1202230037676694,PER
",",PUNCT,,punct,,,,,0.1145848288942167,NONE
которые,PRON,,nsubj,Nom,,Plur,,0.1193256764941282,NONE
принесли,VERB,,acl:relcl,,,Plur,,0.0770214966239255,NONE
широко,ADV,,advmod,,,,,0.1071638742357116,NONE
распространенные,ADJ,,amod,Acc,,Plur,Inan,0.055303534687229,NONE
беспорядки,NOUN,,obj,Acc,Masc,Plur,Inan,0.1914163643184129,NONE
в,ADP,,case,,,,,0.2766741876234711,NONE
больших,ADJ,,amod,Loc,,Plur,,-0.0172276452030522,NONE
частях,NOUN,,obl,Loc,Fem,Plur,Inan,0.0446778167157764,NONE
страны,NOUN,,nmod,Gen,Fem,Sing,Inan,0.1012451573775735,NONE
.,PUNCT,,punct,,,,,-0.1065864046863132,NONE
Я,PRON,,nsubj,Nom,,Sing,,0.0400900345521619,NONE
не,PART,,advmod,,,,,-0.0444168550092256,NONE
против,ADV,,root,,,,,0.1394517291900456,NONE
",",PUNCT,,punct,,,,,0.4151893025707706,NONE
если,SCONJ,,mark,,,,,0.1862316120498414,NONE
у,ADP,,case,,,,,0.2655614514845943,NONE
нас,PRON,,obl,Gen,,Plur,,-0.0040564700190821,NONE
есть,VERB,,advcl,,,Sing,,0.0404272560366398,NONE
выбор,NOUN,,nsubj,Nom,Masc,Sing,Inan,0.0620799860259459,NONE
-,PUNCT,,punct,,,,,0.2431023772509661,NONE
оставаться,VERB,,parataxis,,,,,0.1063611326243118,NONE
или,CCONJ,,cc,,,,,0.1411238286949004,NONE
нет,PART,,conj,,,,,-0.0098469154901797,NONE
",",PUNCT,,punct,,,,,0.2926013498932676,NONE
помогая,VERB,,advcl,,,,,0.1373992991429523,NONE
сохранить,VERB,,xcomp,,,,,0.1493716108535645,NONE
продукт,NOUN,,obj,Acc,Masc,Sing,Inan,-0.0863074924038371,NONE
настолько,ADV,,advmod,,,,,0.1193269842328754,NONE
хорошо,ADV,,advmod,,,,,0.0102516844823743,NONE
",",PUNCT,,punct,,,,,0.2011192390909841,NONE
насколько,SCONJ,,mark,,,,,-0.0817902463863107,NONE
это,PRON,,nsubj,Nom,Neut,Sing,Inan,0.0316735893161025,NONE
только,PART,,advmod,,,,,0.0842962245229853,NONE
возможно,ADJ,,advcl,,Neut,Sing,,0.0354042337198804,NONE
.,PUNCT,,punct,,,,,-0.2129302828362144,NONE
Детектив,NOUN,,nsubj,Nom,Masc,Sing,Anim,0.0164332554719462,NONE
главный,ADJ,,amod,Nom,Masc,Sing,,0.0355817003378373,NONE
инспектор,NOUN,,appos,Nom,Masc,Sing,Anim,0.0296060180623968,NONE
Полин,PROPN,,appos,Nom,Masc,Sing,Anim,0.014830041382126,PER
Стейнс,PROPN,,flat:name,Nom,Masc,Sing,Anim,0.0195699683157404,PER
",",PUNCT,,punct,,,,,0.0464480155471562,NONE
ведущий,VERB,,acl,Nom,Masc,Sing,,0.0408636490628848,NONE
расследование,NOUN,,obj,Acc,Neut,Sing,Inan,0.037546896282621,NONE
",",PUNCT,,punct,,,,,0.0863451615098667,NONE
сказал,VERB,,root,,Masc,Sing,,-0.0842280088550357,NONE
:,PUNCT,,punct,,,,,0.051769754442974,NONE
«,PUNCT,,punct,,,,,0.035641389142505,NONE
Это,PRON,,nsubj,Nom,Neut,Sing,Inan,0.0203966192662637,NONE
ужасный,ADJ,,amod,Nom,Masc,Sing,,0.0509238489157972,NONE
инцидент,NOUN,,parataxis,Nom,Masc,Sing,Inan,0.0841214434203594,NONE
",",PUNCT,,punct,,,,,0.0664102644938349,NONE
который,PRON,,nsubj,Nom,,,,-0.051962819632053,NONE
оставил,VERB,,acl:relcl,,Masc,Sing,,0.0573516765117165,NONE
человека,NOUN,,obj,Acc,Masc,Sing,Anim,-0.0455992272204046,NONE
в,ADP,,case,,,,,0.1593117932793464,NONE
очень,ADV,,obl,,,,,-0.1536782168309298,NONE
плохом,ADJ,,amod,Loc,Neut,Sing,,0.3888808627043272,NONE
состоянии,NOUN,,obl,Loc,Neut,Sing,Inan,0.0332204363600096,NONE
в,ADP,,case,,,,,0.1341110738606993,NONE
больнице,NOUN,,nmod,Loc,Fem,Sing,Inan,0.0215630046251086,NONE
.,PUNCT,,punct,,,,,-0.2816449810674726,NONE
Обычно,ADV,,advmod,,,,,0.3851900160283084,NONE
я,PRON,,nsubj,Nom,,Sing,,-0.0123632211319227,NONE
не,PART,,advmod,,,,,-0.0981356759954985,NONE
устаю,VERB,,root,,,Sing,,-0.030924276441685,NONE
и,CCONJ,,cc,,,,,0.0141357323985179,NONE
веду,VERB,,conj,,,Sing,,-0.1342211508337936,NONE
себя,PRON,,obj,Acc,,,,-0.1417077535964045,NONE
как,SCONJ,,case,,,,,-0.0364887744501405,NONE
кролик-энерджайзер,NOUN,,appos,Nom,Masc,Sing,Anim,0.1554210155540785,NONE
.,PUNCT,,punct,,,,,0.8057577158096865,NONE
Коснитесь,VERB,,root,,,Plur,,0.1412722597451828,NONE
Информация,PROPN,,nsubj,Nom,Fem,Sing,Inan,-0.0163591853281669,NONE
об,ADP,,case,,,,,0.0501990692377396,NONE
устройстве,NOUN,,nmod,Loc,Neut,Sing,Inan,0.3800575692781558,NONE
.,PUNCT,,punct,,,,,-0.2634091565951676,NONE
Покупателям,NOUN,,iobj,Dat,Masc,Plur,Anim,0.0481171642266232,NONE
нужно,ADJ,,root,,Neut,Sing,,0.01930729359349,NONE
действовать,VERB,,csubj,,,,,-0.0151464834575533,NONE
осторожно,ADV,,advmod,,,,,-0.0158384574260895,NONE
",",PUNCT,,punct,,,,,0.0866762016015363,NONE
так,ADV,,mark,,,,,0.1821504279576108,NONE
как,SCONJ,,fixed,,,,,0.0380039524433874,NONE
в,ADP,,case,,,,,0.1076917608466966,NONE
этом,DET,,det,Loc,Masc,Sing,,0.0133893026450357,NONE
году,NOUN,,obl,Loc,Masc,Sing,Inan,0.0082518143601436,NONE
у,ADP,,case,,,,,0.0303987535617988,NONE
нас,PRON,,advcl,Gen,,Plur,,0.0762151596337589,NONE
будет,VERB,,cop,,,Sing,,0.0308151609193951,NONE
поздняя,ADJ,,amod,Nom,Fem,Sing,,0.1044585285700235,NONE
весна,NOUN,,nsubj,Nom,Fem,Sing,Inan,0.1121510857387938,NONE
",",PUNCT,,punct,,,,,0.7539084285223979,NONE
и,CCONJ,,cc,,,,,0.1096241705529777,NONE
до,ADP,,case,,,,,0.0440190017253152,NONE
Рождества,PROPN,,conj,Gen,Neut,Sing,Inan,0.1560829695507345,NONE
будут,AUX,,cop,,,Plur,,0.0383317383200083,NONE
аукционы,NOUN,,nsubj,Nom,Masc,Plur,Inan,0.1262327783644372,NONE
",",PUNCT,,punct,,,,,0.158051880240072,NONE
-,PUNCT,,punct,,,,,0.1457977466537758,NONE
сказал,VERB,,parataxis,,Masc,Sing,,0.080790386009838,NONE
он,PRON,,nsubj,Nom,Masc,Sing,,0.0896131890023928,NONE
.,PUNCT,,punct,,,,,0.0349498113783381,NONE
После,ADP,,case,,,,,-0.6302587320130033,NONE
окончания,NOUN,,obl,Gen,Neut,Sing,Inan,0.121416666523972,NONE
школьных,ADJ,,amod,Gen,,Plur,,0.0065226648200879,NONE
каникул,NOUN,,nmod,Gen,Fem,Plur,Inan,-0.0286906214499441,NONE
",",PUNCT,,punct,,,,,0.0941094538324351,NONE
г-н,NOUN,,nsubj,Nom,Masc,Sing,Anim,0.1288642266158591,NONE
Панос,PROPN,,appos,Nom,Masc,Sing,Anim,-0.0759847763128021,PER
сказал,VERB,,root,,Masc,Sing,,0.0534961674580721,NONE
",",PUNCT,,punct,,,,,0.1174622103802616,NONE
что,SCONJ,,mark,,,,,0.156429489973517,NONE
будет,VERB,,ccomp,,,Sing,,0.1364434031473444,NONE
прилив,NOUN,,nsubj,Nom,Masc,Sing,Inan,0.0252356572214907,NONE
новых,ADJ,,amod,Gen,,Plur,,-0.0237933322744395,NONE
списков,NOUN,,nmod,Gen,Masc,Plur,Inan,0.1250538510897153,NONE
от,ADP,,case,,,,,0.0159554576483994,NONE
продавцов,NOUN,,nmod,Gen,Masc,Plur,Anim,0.3112469816182933,NONE
",",PUNCT,,punct,,,,,0.1501974636387821,NONE
которые,PRON,,nsubj,Nom,,,,0.04633686400446,NONE
хотят,VERB,,acl:relcl,,,Plur,,-0.0628129850213669,NONE
воспользоваться,VERB,,xcomp,,,,,0.0800886159830284,NONE
сильным,ADJ,,amod,Ins,Masc,Sing,,0.1228457161807567,NONE
рынком,NOUN,,obl,Ins,Masc,Sing,Inan,0.1954927167039862,NONE
.,PUNCT,,punct,,,,,0.1139512457980174,NONE
Я,PRON,,nsubj,Nom,,Sing,,0.1517675252787772,NONE
приношу,VERB,,root,,,Sing,,0.1780371416768363,NONE
извинения,NOUN,,obj,Acc,Neut,Plur,Inan,-0.0402543658235511,NONE
за,ADP,,case,,,,,0.0030847602608789,NONE
это,PRON,,obl,Acc,Neut,Sing,Inan,0.0244728212401393,NONE
",",PUNCT,,punct,,,,,0.0739113581828382,NONE
так,ADV,,mark,,,,,-0.0318011858573,NONE
как,SCONJ,,fixed,,,,,-0.0050717233863551,NONE
владелец,NOUN,,nsubj,Nom,Masc,Sing,Anim,-0.0043635014020729,NONE
счета,NOUN,,nmod,Gen,Masc,Sing,Inan,0.0598803521877199,NONE
не,PART,,advmod,,,,,0.0662438940031913,NONE
является,VERB,,advcl,,,Sing,,-0.0384022475029253,NONE
вами,PRON,,obl,Ins,,Plur,,-0.0327816528840141,NONE
",",PUNCT,,punct,,,,,0.2189079724456531,NONE
нам,PRON,,iobj,Dat,,Plur,,0.0446551841829005,NONE
понадобится,VERB,,conj,,,Sing,,0.0743397782298331,NONE
«ИМЯ»,NOUN,,nsubj,Nom,Masc,Sing,Inan,0.2112264429778514,ORG
",",PUNCT,,punct,,,,,0.0713825670639202,NONE
чтобы,SCONJ,,mark,,,,,-0.0820282006870229,NONE
связаться,VERB,,advcl,,,,,0.0514299908702974,NONE
с,ADP,,case,,,,,0.0586339233976314,NONE
нами,PRON,,obl,Ins,,Plur,,-0.0151927109087828,NONE
",",PUNCT,,punct,,,,,0.098605895208825,NONE
чтобы,SCONJ,,mark,,,,,-0.0383662032422812,NONE
подтвердить,VERB,,advcl,,,,,0.0398944159223296,NONE
ее,DET,,det,,,,,0.0978359235070052,NONE
данные,NOUN,,obj,Acc,,Plur,Inan,0.021667821017093,NONE
",",PUNCT,,punct,,,,,0.1191475277056119,NONE
как,SCONJ,,mark,,,,,-0.0202985448692977,NONE
только,PART,,fixed,,,,,-0.0045662723407082,NONE
она,PRON,,nsubj,Nom,Fem,Sing,,-0.0413620937915134,NONE
сделает,VERB,,advcl,,,Sing,,0.0531612046569228,NONE
это,PRON,,obj,Acc,Neut,Sing,Inan,0.1065930095924023,NONE
и,CCONJ,,cc,,,,,-0.0267666070792702,NONE
подтвердит,VERB,,conj,,,Sing,,0.0635908669111367,NONE
",",PUNCT,,punct,,,,,0.0280625928654568,NONE
что,SCONJ,,mark,,,,,-0.0373206035524208,NONE
она,PRON,,nsubj,Nom,Fem,Sing,,-0.0073515370175408,NONE
счастлива,ADJ,,ccomp,,Fem,Sing,,0.0512310236101468,NONE
для,ADP,,case,,,,,0.0779516358694334,NONE
нас,PRON,,obl,Gen,,Plur,,0.1094352294611563,NONE
",",PUNCT,,punct,,,,,-0.0279542964510849,NONE
чтобы,SCONJ,,mark,,,,,-0.0161124437643002,NONE
обсудить,VERB,,advcl,,,,,-0.018845921574256,NONE
заказ,NOUN,,obj,Acc,Masc,Sing,Inan,0.0561300433141843,NONE
с,ADP,,case,,,,,0.0438244945300387,NONE
вами,PRON,,nmod,Ins,,Plur,,-0.042235605978228,NONE
",",PUNCT,,punct,,,,,0.041876760617817,NONE
мы,PRON,,nsubj,Nom,,Plur,,-0.0773673475137171,NONE
можем,VERB,,conj,,,Plur,,-0.0283817389753293,NONE
затем,ADV,,advmod,,,,,-0.0315602180178867,NONE
посмотреть,VERB,,xcomp,,,,,0.0749673361307876,NONE
предыдущую,ADJ,,amod,Acc,Fem,Sing,,0.0880414268378779,NONE
корреспонденцию,NOUN,,obj,Acc,Fem,Sing,Inan,0.1030756441630781,NONE
для,ADP,,case,,,,,-0.0190833888784943,NONE
вас,PRON,,obl,Gen,,Plur,,0.0634070785838077,NONE
.,PUNCT,,punct,,,,,-0.7361530802774116,NONE
Кроме,ADP,,case,,,,,0.017297284632097,NONE
того,PRON,,parataxis,Gen,Neut,Sing,Inan,-0.0255702448486776,NONE
",",PUNCT,,punct,,,,,0.5038158520897391,NONE
динамик,NOUN,,nsubj,Nom,Masc,Sing,Inan,0.0508435305655235,NONE
является,VERB,,root,,,Sing,,0.4150937599170087,NONE
портативной,ADJ,,amod,Ins,Fem,Sing,,0.1221745863088888,NONE
системой,NOUN,,obl,Ins,Fem,Sing,Inan,-0.0180780951897429,NONE
па,NOUN,,nmod,Gen,Masc,Sing,Inan,-0.1015780196579776,NONE
от,ADP,,case,,,,,-0.0108295314213861,NONE
JYX,PROPN,,flat:foreign,,,,,0.1878408670481568,NONE
",",PUNCT,,punct,,,,,0.2525738841863432,NONE
если,SCONJ,,mark,,,,,0.4423144309297355,NONE
кто-то,PRON,,nsubj,Nom,,,,0.0922545640203787,NONE
заинтересован,ADJ,,advcl,,Masc,Sing,,0.1569583524404872,NONE
.,PUNCT,,punct,,,,,0.2291780268046458,NONE
Практически,ADV,,obl,,,,,-0.2202964498724854,NONE
все,PRON,,nsubj:pass,Nom,Neut,Sing,Inan,-0.0333616844419102,NONE
может,VERB,,root,,,Sing,,-0.068477784797509,NONE
быть,AUX,,aux:pass,,,,,0.2205916029010214,NONE
создано,VERB,,xcomp,,Neut,Sing,,0.2886723923452043,NONE
в,ADP,,case,,,,,0.0267873716018308,NONE
мире,NOUN,,obl,Loc,Masc,Sing,Inan,-0.050007805009387,NONE
Черной,ADJ,,amod,Gen,Fem,Sing,,0.2113191395837929,LOC
пустыни,NOUN,,nmod,Gen,Fem,Sing,Inan,0.0627449776720295,LOC
.,PUNCT,,punct,,,,,0.5760050638297085,NONE
«Мы,PRON,,nsubj,Nom,,Plur,,0.0378684825602518,NONE
наблюдали,VERB,,root,,,Plur,,-0.007475488100313,NONE
неправильное,ADJ,,amod,Acc,Neut,Sing,,0.0106142696684386,NONE
использование,NOUN,,obj,Acc,Neut,Sing,Inan,-0.0259591840711343,NONE
слезоточивого,ADJ,,amod,Gen,Masc,Sing,,0.0574845460296981,NONE
газа,NOUN,,nmod,Gen,Masc,Sing,Inan,-0.0211559384763399,NONE
",",PUNCT,,punct,,,,,-0.0733333732748371,NONE
перцовых,ADJ,,amod,Gen,,Plur,,-0.0079282454424897,NONE
баллончиков,NOUN,,conj,Gen,Masc,Plur,Inan,-0.011546120557132,NONE
",",PUNCT,,punct,,,,,-0.0852972136107062,NONE
перцевых,ADJ,,amod,Gen,,Plur,,0.0392428499726566,NONE
шариков,NOUN,,conj,Gen,Masc,Plur,Inan,0.0355370164855989,NONE
",",PUNCT,,punct,,,,,0.0365986269997973,NONE
40-миллиметровых,ADJ,,amod,Gen,,Plur,,0.0689997464161833,NONE
ударов,NOUN,,conj,Gen,Masc,Plur,Inan,0.0214560658474959,NONE
",",PUNCT,,punct,,,,,-0.0366744028622665,NONE
в,ADP,,case,,,,,0.0520095319254277,NONE
основном,ADJ,,obl,Loc,Neut,Sing,,-0.0174066173045675,NONE
каждая,DET,,det,Nom,Fem,Sing,,0.0016854895462787,NONE
комбинация,NOUN,,nsubj:pass,Nom,Fem,Sing,Inan,0.0075622093041149,NONE
менее,ADV,,obl,,,,,-0.0272045133647685,NONE
смертоносного,ADJ,,amod,Gen,Neut,Sing,,0.0147073700070817,NONE
оружия,NOUN,,nmod,Gen,Neut,Sing,Inan,0.0059473491965362,NONE
использовалась,VERB,,conj,,Fem,Sing,,0.015653278548856,NONE
ненадлежащим,ADJ,,amod,Ins,Masc,Sing,,0.0213959311295558,NONE
образом»,NOUN,,obl,Ins,Masc,Sing,Inan,0.0500132503380473,NONE
",",PUNCT,,punct,,,,,-0.0019932965278145,NONE
-,PUNCT,,punct,,,,,0.061536883382073,NONE
сказал,VERB,,parataxis,,Masc,Sing,,-0.080125121027496,NONE
исследователь,NOUN,,nsubj,Nom,Masc,Sing,Anim,-0.0165130166191927,NONE
оружия,NOUN,,nmod,Gen,Neut,Sing,Inan,-0.0050590091043625,NONE
«Международная,ADJ,,amod,Nom,Fem,Sing,,0.0513297175613234,ORG
амнистия»,NOUN,,appos,Nom,Fem,Sing,Inan,0.028153062130795,ORG
Брайан,PROPN,,appos,Nom,Masc,Sing,Anim,0.000799236646418,PER
Кастнер,PROPN,,flat:name,Nom,Masc,Sing,Anim,0.0101584102470748,PER
.,PUNCT,,punct,,,,,-0.1171876814909363,NONE
Оба,NUM,,nummod:gov,Nom,Masc,,,0.0562333296363093,NONE
эти,DET,,det,Nom,,Plur,,-0.1237812431337885,NONE
лица,NOUN,,nsubj:pass,Gen,Neut,Sing,Inan,0.0663790126368837,NONE
были,AUX,,aux:pass,,,Plur,,0.0746005559163523,NONE
забронированы,VERB,,root,,,Plur,,0.038188802891174,NONE
на,ADP,,case,,,,,0.0287047265747398,NONE
вокзале,NOUN,,obl,Loc,Masc,Sing,Inan,-0.0075875991301329,NONE
Палмдейл-Шериф,PROPN,,appos,Nom,Masc,Sing,Inan,0.5378596074139915,LOC
",",PUNCT,,punct,,,,,0.0867320244983168,NONE
и,CCONJ,,cc,,,,,0.1759666268837099,NONE
в,ADP,,case,,,,,0.0147277039178104,NONE
их,DET,,det,,,,,0.0733794343426052,NONE
резиденции,NOUN,,obl,Loc,Fem,Sing,Inan,0.0626700235579967,NONE
был,AUX,,aux:pass,,Masc,Sing,,0.0471760275979844,NONE
выдан,VERB,,conj,,Masc,Sing,,0.0339596675241056,NONE
ордер,NOUN,,nsubj:pass,Nom,Masc,Sing,Inan,0.0783058302245936,NONE
на,ADP,,case,,,,,0.0716475016336403,NONE
обыск,NOUN,,nmod,Acc,Masc,Sing,Inan,0.2199338967848516,NONE
в,ADP,,case,,,,,0.0395481629674531,NONE
попытке,NOUN,,obl,Loc,Fem,Sing,Inan,0.069859494118613,NONE
получить,VERB,,obl,,,,,0.0658791810793332,NONE
любые,DET,,det,Acc,,Plur,,0.0407499890928643,NONE
дополнительные,ADJ,,amod,Acc,,Plur,Inan,0.0463092873904223,NONE
доказательства,NOUN,,obj,Acc,Neut,Plur,Inan,0.0212078489302698,NONE
",",PUNCT,,punct,,,,,-0.0529994970182356,NONE
связанные,VERB,,acl,Acc,,Plur,Inan,0.3275696590442308,NONE
с,ADP,,case,,,,,0.5496942633793767,NONE
убийством,NOUN,,obl,Ins,Neut,Sing,Inan,0.1184571224629696,NONE
Ноаха,PROPN,,nmod,Gen,Masc,Sing,Anim,0.0315215185076993,PER
.,PUNCT,,punct,,,,,0.1585956102863623,NONE
24,NUM,,obl,,,,,-0.3977390514242384,NONE
июля,NOUN,,flat,Gen,Masc,Sing,Inan,0.1507745525872656,NONE
56-летний,ADJ,,amod,Nom,Masc,Sing,,0.0704821545981281,NONE
Мохаммед,PROPN,,nsubj,Nom,Masc,Sing,Anim,0.264320209057833,PER
Али,PROPN,,flat:name,Nom,Masc,Sing,Anim,-0.1182063631725267,PER
бросил,VERB,,root,,Masc,Sing,,0.3318884720457559,NONE
своих,DET,,det,Acc,,Plur,,-0.0542824677613045,NONE
детей,NOUN,,obj,Acc,Masc,Plur,Anim,-0.2678472102092181,NONE
Хадигу,PROPN,,obj,Acc,Masc,Sing,Anim,0.0630794117679313,PER
",",PUNCT,,punct,,,,,0.1053037331360489,NONE
четырех,NUM,,nummod,Gen,,,,0.0387748483644094,NONE
лет,NOUN,,conj,Gen,Masc,Plur,Inan,0.1090944096017351,NONE
",",PUNCT,,punct,,,,,0.0196531046680624,NONE
Мену,PROPN,,conj,Acc,Fem,Sing,Anim,0.2267675356846211,PER
",",PUNCT,,punct,,,,,0.2433535931301912,NONE
восьми,NUM,,nummod,Gen,,,,0.0655705838198763,NONE
лет,NOUN,,nmod,Gen,Masc,Plur,Inan,0.1522420057920912,NONE
и,CCONJ,,cc,,,,,0.0350092107649365,NONE
Омара,PROPN,,conj,Acc,Masc,Sing,Anim,0.227915421686844,PER
",",PUNCT,,punct,,,,,0.10752926078115,NONE
шести,NUM,,nummod,Gen,,,,0.1347576720221878,NONE
лет,NOUN,,nmod,Gen,Masc,Plur,Inan,0.1285534893024635,NONE
",",PUNCT,,punct,,,,,0.0717536171416011,NONE
перед,ADP,,case,,,,,0.0161056222945166,NONE
движущимся,VERB,,amod,Ins,Masc,Sing,,0.1199569750733978,NONE
поездом,NOUN,,obl,Ins,Masc,Sing,Inan,0.0388256121034472,NONE
на,ADP,,case,,,,,0.0158201336585535,NONE
железнодорожной,ADJ,,amod,Loc,Fem,Sing,,-0.012782622100172,NONE
станции,NOUN,,nmod,Loc,Fem,Sing,Inan,-0.018145177001746,NONE
Маллави,PROPN,,appos,Nom,Fem,Sing,Inan,0.003238577084897,LOC
.,PUNCT,,punct,,,,,-0.184292669329102,NONE
Перед,ADP,,case,,,,,-0.314045191767062,NONE
покупкой,NOUN,,obl,Ins,Fem,Sing,Inan,-0.0267979477163267,NONE
/,PUNCT,,punct,,,,,-0.0202076945340479,NONE
покупкой,NOUN,,conj,Ins,Fem,Sing,Inan,0.1587794373546691,NONE
этого,DET,,det,Gen,Masc,Sing,,-0.2207914457424907,NONE
товара,NOUN,,nmod,Gen,Masc,Sing,Inan,-0.2377733165600256,NONE
вас,PRON,,obj,Acc,,Plur,,-0.0342038550891639,NONE
просят,VERB,,root,,,Plur,,0.001307879752534,NONE
уточнить,VERB,,xcomp,,,,,-0.1536771743724082,NONE
в,ADP,,case,,,,,0.0198326481182085,NONE
таможне,NOUN,,obl,Loc,Fem,Sing,Inan,0.0140521982919079,NONE
вашей,DET,,det,Gen,Fem,Sing,,-0.0438932554961411,NONE
страны,NOUN,,nmod,Gen,Fem,Sing,Inan,0.0358694956706143,NONE
",",PUNCT,,punct,,,,,0.0465373116517493,NONE
каковы,ADJ,,obl,,,Plur,,-0.1151457285172428,NONE
эти,DET,,det,Nom,,Plur,,-0.0961335680906887,NONE
дополнительные,ADJ,,amod,Nom,,Plur,,-0.1232481537035974,NONE
расходы,NOUN,,nsubj,Nom,Masc,Plur,Inan,0.0004674916772961,NONE
или,CCONJ,,cc,,,,,-0.0498032962796003,NONE
налоги,NOUN,,conj,Nom,Masc,Plur,Inan,0.0417493093238332,NONE
и,CCONJ,,cc,,,,,0.0586573166375646,NONE
т,ADV,,conj,,,,,-0.0615624983673038,NONE
.,PUNCT,,punct,,,,,-0.0839585800858028,NONE
Д,PROPN,,fixed,,,,,0.0603028812758934,NONE
.,PUNCT,,punct,,,,,-0.1909340371637671,NONE
В,ADP,,cc,,,,,0.0424401080427813,NONE
то,DET,,fixed,Acc,Neut,Sing,Inan,-0.2019084716093998,NONE
время,NOUN,,fixed,Acc,Neut,Sing,Inan,0.1395924511456012,NONE
как,SCONJ,,fixed,,,,,0.0225185425696729,NONE
все,DET,,nsubj,Nom,,Plur,,0.0011572576881697,NONE
попавшие,VERB,,acl,Nom,,Plur,,0.0330447457336139,NONE
под,ADP,,case,,,,,0.016942020090416,NONE
лавину,NOUN,,obl,Acc,Fem,Sing,Inan,0.1318303584299489,NONE
были,AUX,,cop,,,Plur,,0.0264356550476705,NONE
опытными,ADJ,,amod,Ins,,Plur,,0.0703273872975632,NONE
бэккантри,NOUN,,nmod,Ins,Masc,Plur,Anim,0.0397764269957728,NONE
лыжниками,NOUN,,advcl,Ins,Masc,Plur,Anim,0.0124373088475785,NONE
",",PUNCT,,punct,,,,,0.371377991344514,NONE
было,AUX,,aux:pass,,Neut,Sing,,0.0691493772442526,NONE
вынесено,VERB,,conj,,Neut,Sing,,0.1181750040638942,NONE
предупреждение,NOUN,,nsubj:pass,Nom,Neut,Sing,Inan,0.011446159341396,NONE
против,ADP,,case,,,,,0.0201752231282676,NONE
катания,NOUN,,nmod,Gen,Neut,Sing,Inan,0.0324129841266643,NONE
на,ADP,,case,,,,,0.0500563634423466,NONE
лыжах,NOUN,,nmod,Loc,Fem,Plur,Inan,-0.0471703493942471,NONE
в,ADP,,case,,,,,0.8028278863917138,NONE
этом,DET,,det,Loc,Masc,Sing,,0.0730473637416039,NONE
районе,NOUN,,nmod,Loc,Masc,Sing,Inan,-0.0079177338114304,NONE
",",PUNCT,,punct,,,,,0.1950296234505872,NONE
который,PRON,,nsubj,Nom,,,,0.032162446581073,NONE
находился,VERB,,acl:relcl,,Masc,Sing,,0.0266144587259116,NONE
недалеко,ADV,,advmod,,,,,0.0128777188469896,NONE
от,ADP,,case,,,,,0.1066884776309637,NONE
границ,NOUN,,obl,Gen,Fem,Plur,Inan,0.0465439485738707,NONE
Crystal,PROPN,,flat:foreign,,,,,0.1123001882023495,NONE
Mountain,PROPN,,flat:foreign,,,,,0.1012255759778077,NONE
Resort,PROPN,,flat:foreign,,,,,0.0499481558116265,NONE
.,PUNCT,,punct,,,,,0.0765688312389043,NONE
Министерство,NOUN,,nsubj,Nom,Neut,Sing,Inan,0.1636212283496391,ORG
юстиции,NOUN,,nmod,Gen,Fem,Sing,Inan,0.0989141160111779,ORG
США,PROPN,,nmod,Gen,,Plur,Inan,0.0684865989059263,LOC
откроет,VERB,,root,,,Sing,,0.2356422636539122,NONE
антимонопольное,ADJ,,amod,Acc,Neut,Sing,,0.1006512124952246,NONE
расследование,NOUN,,obj,Acc,Neut,Sing,Inan,0.1022150259862897,NONE
Facebook,PROPN,,flat:foreign,,,,,0.1149880965659082,ORG
Inc,PROPN,,flat:foreign,,,,,0.3911669269495175,ORG
",",PUNCT,,punct,,,,,0.0285511680228732,NONE
человек,NOUN,,nsubj,Nom,Masc,Sing,Anim,0.0183112158986615,NONE
",",PUNCT,,punct,,,,,0.0998699117720927,NONE
знакомый,ADJ,,amod,Nom,Masc,Sing,,0.0839137981763573,NONE
с,ADP,,case,,,,,0.0580921225854508,NONE
этим,DET,,det,Ins,Masc,Sing,,-0.0046876321562264,NONE
вопросом,NOUN,,obl,Ins,Masc,Sing,Inan,0.0946294779173919,NONE
",",PUNCT,,punct,,,,,0.0224861311455752,NONE
сказал,VERB,,conj,,Masc,Sing,,0.0934490721008681,NONE
в,ADP,,case,,,,,0.0541651707527949,NONE
среду,NOUN,,obl,Acc,Fem,Sing,Inan,0.0285806349369058,NONE
",",PUNCT,,punct,,,,,-0.0099814699191103,NONE
отмечая,VERB,,advcl,,,,,0.0850664476353738,NONE
четвертый,ADJ,,amod,Acc,Masc,Sing,Inan,0.1566732372903454,NONE
недавний,ADJ,,amod,Acc,Masc,Sing,Inan,0.0475938030528893,NONE
антимонопольный,ADJ,,amod,Acc,Masc,Sing,Inan,0.1665342057863976,NONE
зонд,NOUN,,obj,Acc,Masc,Sing,Inan,0.0773309791667682,NONE
компании,NOUN,,nmod,Gen,Fem,Sing,Inan,0.0126907572092489,NONE
социальных,ADJ,,amod,Gen,,Plur,,0.0311705360026483,NONE
сетей,NOUN,,nmod,Gen,Fem,Plur,Inan,0.0349641553539394,NONE
.,PUNCT,,punct,,,,,-0.5976746023662243,NONE
Пакистан,PROPN,,nsubj,Nom,Masc,Sing,Inan,0.275971793032588,LOC
и,CCONJ,,cc,,,,,0.0091429400389729,NONE
Англия,PROPN,,conj,Nom,Fem,Sing,Inan,-0.0585749018509528,LOC
встретятся,VERB,,root,,,Plur,,0.1850986352453542,NONE
друг,NOUN,,obl,Nom,Masc,Sing,Anim,0.2685422421821957,NONE
с,ADP,,fixed,,,,,0.030328171494532,NONE
другом,NOUN,,fixed,Ins,Masc,Sing,Anim,-0.0072931751272063,NONE
в,ADP,,case,,,,,-0.0852157414181903,NONE
трех,NUM,,nummod,Loc,,,,0.2223758457531065,NONE
тестах,NOUN,,obl,Loc,Masc,Plur,Inan,0.2828038863768285,NONE
и,CCONJ,,cc,,,,,-0.0478607871836093,NONE
стольких,ADJ,,amod,Loc,,Plur,,0.0131053679262239,NONE
же,PART,,advmod,,,,,-0.0132090961476396,NONE
T20I,PROPN,,conj,,,,,-0.0279723249660482,NONE
.,PUNCT,,punct,,,,,0.4515726363305498,NONE
Говорят,VERB,,root,,,Plur,,0.06030747675129,NONE
",",PUNCT,,punct,,,,,0.2875142860996458,NONE
что,SCONJ,,mark,,,,,0.0948179989806715,NONE
как,SCONJ,,cc,,,,,0.0437161039682547,NONE
успокаивающий,VERB,,amod,Nom,Masc,Sing,,0.2381814775185151,NONE
зеленый,ADJ,,amod,Nom,Masc,Sing,,0.2076585875499988,NONE
цвет,NOUN,,nsubj,Nom,Masc,Sing,Inan,0.0661782687459657,NONE
",",PUNCT,,punct,,,,,0.1290566435513185,NONE
так,ADV,,cc,,,,,-0.2073363093537772,NONE
и,PART,,fixed,,,,,0.1935273735479941,NONE
сосновый,ADJ,,amod,Nom,Masc,Sing,,0.0789055877431439,NONE
аромат,NOUN,,conj,Nom,Masc,Sing,Inan,0.1067638577921529,NONE
полезны,ADJ,,ccomp,,,Plur,,0.0727275907111481,NONE
для,ADP,,case,,,,,0.1396387876419088,NONE
психического,ADJ,,amod,Gen,Neut,Sing,,0.1769681483467639,NONE
здоровья,NOUN,,obl,Gen,Neut,Sing,Inan,-0.0933428268172792,NONE
и,CCONJ,,cc,,,,,0.1275576711145227,NONE
циклов,NOUN,,conj,Gen,Masc,Plur,Inan,-0.0196606877386862,NONE
сна,NOUN,,nmod,Gen,Masc,Sing,Inan,0.1256679463024868,NONE
",",PUNCT,,punct,,,,,0.3332168037906187,NONE
в,ADP,,cc,,,,,-0.1661838238692525,NONE
то,DET,,fixed,Acc,Neut,Sing,Inan,0.0245762701303549,NONE
время,NOUN,,fixed,Acc,Neut,Sing,Inan,0.0365422200970333,NONE
как,SCONJ,,fixed,,,,,-0.0302154060304484,NONE
даже,PART,,advmod,,,,,-0.1230582502695651,NONE
поддельные,ADJ,,amod,Nom,,Plur,,0.010758881849211,NONE
деревья,NOUN,,nsubj,Nom,Neut,Plur,Inan,0.0797754617326337,NONE
могут,VERB,,advcl,,,Plur,,0.0712342931439141,NONE
помочь,VERB,,xcomp,,,,,-0.031243046341145,NONE
вызвать,VERB,,xcomp,,,,,-0.1290393976783899,NONE
чувство,NOUN,,obj,Acc,Neut,Sing,Inan,0.1034154336777933,NONE
ностальгии,NOUN,,nmod,Gen,Fem,Sing,Inan,0.1974096795786263,NONE
.,PUNCT,,punct,,,,,-0.0377548032926904,NONE
В,ADP,,case,,,,,-0.2511472543563021,NONE
Колорадо,PROPN,,obl,Loc,Masc,Sing,Inan,0.0116384891817383,LOC
протестующие,VERB,,nsubj,Nom,,Plur,,-0.0091245917226606,NONE
привлекли,VERB,,root,,,Plur,,0.0562992855192401,NONE
внимание,NOUN,,obj,Acc,Neut,Sing,Inan,0.0011836306367811,NONE
к,ADP,,case,,,,,-0.0036251520971727,NONE
смерти,NOUN,,nmod,Dat,Fem,Sing,Inan,-0.13827356737916,NONE
Элайджи,PROPN,,nmod,Gen,Masc,Sing,Anim,0.0641719933985792,PER
Макклейна,PROPN,,flat:name,Gen,Masc,Sing,Anim,0.0432416465236599,PER
",",PUNCT,,punct,,,,,0.405474364298972,NONE
который,PRON,,nsubj:pass,Nom,,,,-0.0363078344886717,NONE
был,AUX,,aux:pass,,Masc,Sing,,0.0772842324619498,NONE
остановлен,VERB,,acl:relcl,,Masc,Sing,,0.0006873171126428,NONE
полицией,NOUN,,obl,Ins,Fem,Sing,Inan,0.1163729421994919,NONE
во,ADP,,case,,,,,-0.0663247611916793,NONE
время,NOUN,,fixed,Acc,Neut,Sing,Inan,-0.0547697690043067,NONE
прогулки,NOUN,,obl,Gen,Fem,Sing,Inan,0.1347102586035177,NONE
по,ADP,,case,,,,,-0.0192724887230427,NONE
улице,NOUN,,nmod,Dat,Fem,Sing,Inan,-0.0195001182227257,NONE
Авроры,PROPN,,nmod,Gen,Fem,Sing,Inan,0.0629813568831915,LOC
в,ADP,,case,,,,,0.0430697621916882,NONE
августе,NOUN,,obl,Loc,Masc,Sing,Inan,0.0831852630888951,NONE
2019,ADJ,,amod,,,,,0.0973480058244918,NONE
года,NOUN,,nmod,Gen,Masc,Sing,Inan,-0.0071618689239868,NONE
после,ADP,,case,,,,,-0.0174067868249251,NONE
того,PRON,,obl,Gen,Neut,Sing,Inan,-0.0432374997851793,NONE
",",PUNCT,,punct,,,,,0.1806920827099523,NONE
как,SCONJ,,mark,,,,,0.0348401036226098,NONE
звонивший,VERB,,nsubj,Nom,Masc,Sing,,0.0133183479238075,NONE
в,ADP,,case,,,,,-0.0182592761898168,NONE
службу,NOUN,,obl,Acc,Fem,Sing,Inan,0.0197206655141638,NONE
911,NUM,,appos,,,,,0.031694754604558,ORG
сообщил,VERB,,acl,,Masc,Sing,,-0.1521698652551265,NONE
о,ADP,,case,,,,,0.0838462594571877,NONE
его,DET,,det,,,,,0.050553327344365,NONE
подозрении,NOUN,,obl,Loc,Neut,Sing,Inan,-0.0007186011593988,NONE
.,PUNCT,,punct,,,,,0.6866759481340734,NONE
Таким,DET,,det,Ins,Masc,Sing,,0.4151313775954572,NONE
образом,NOUN,,parataxis,Ins,Masc,Sing,Inan,0.1472280318735211,NONE
",",PUNCT,,punct,,,,,0.0668864552332616,NONE
она,PRON,,nsubj,Nom,Fem,Sing,,0.3028047849951039,NONE
добилась,VERB,,root,,Fem,Sing,,0.1734384627635877,NONE
успеха,NOUN,,obl,Gen,Masc,Sing,Inan,0.082295097249771,NONE
в,ADP,,case,,,,,0.1541554589939739,NONE
своей,DET,,det,Loc,Fem,Sing,,0.1013060417785544,NONE
апелляции,NOUN,,nmod,Loc,Fem,Sing,Inan,0.0466686078600943,NONE
",",PUNCT,,punct,,,,,0.1741236520375093,NONE
как,SCONJ,,mark,,,,,0.1156577412428484,NONE
и,PART,,advmod,,,,,0.1367533930094333,NONE
предыдущая,ADJ,,amod,Nom,Fem,Sing,,0.1197673711289687,NONE
победа,NOUN,,advcl,Nom,Fem,Sing,Inan,0.0689317474500759,NONE
во,ADP,,case,,,,,0.1013335581982173,NONE
время,NOUN,,fixed,Acc,Neut,Sing,Inan,0.0860962933838734,NONE
апелляции,NOUN,,nmod,Gen,Fem,Sing,Inan,0.0513498015725015,NONE
",",PUNCT,,punct,,,,,0.1002530615675225,NONE
когда,SCONJ,,mark,,,,,0.1408103791494707,NONE
Верховный,ADJ,,amod,Nom,Masc,Sing,,0.0813622221002674,ORG
суд,NOUN,,nsubj,Nom,Masc,Sing,Inan,0.0830874795610895,ORG
вынес,VERB,,advcl,,Masc,Sing,,0.1594683364290263,NONE
решение,NOUN,,obj,Acc,Neut,Sing,Inan,0.1224428810983679,NONE
в,ADP,,case,,,,,0.1888558719117572,NONE
пользу,NOUN,,nmod,Acc,Fem,Sing,Inan,0.23252503557148,NONE
предоставления,NOUN,,nmod,Gen,Neut,Sing,Inan,0.0020168240938951,NONE
парламентариям,NOUN,,iobj,Dat,Masc,Plur,Anim,0.1800620077232259,NONE
права,NOUN,,nmod,Gen,Neut,Sing,Inan,0.183673134977115,NONE
голоса,NOUN,,nmod,Gen,Masc,Sing,Inan,0.1212899082969868,NONE
по,ADP,,case,,,,,0.0506454534463756,NONE
поводу,NOUN,,fixed,Dat,Masc,Sing,Inan,0.0293498688971985,NONE
применения,NOUN,,nmod,Gen,Neut,Sing,Inan,0.0306974692319836,NONE
статьи,NOUN,,nmod,Gen,Fem,Sing,Inan,0.0461669965930674,NONE
50,NUM,,nummod:entity,,,,,0.1491481736392844,NONE
в,ADP,,case,,,,,0.1378567250625242,NONE
2017,ADJ,,amod,,,,,0.0727435783323483,NONE
году,NOUN,,nmod,Loc,Masc,Sing,Inan,0.17256973903081,NONE
.,PUNCT,,punct,,,,,0.0745062281225078,NONE
«Лисы»,ADJ,,nsubj,Nom,,Plur,,0.3514608299500757,NONE
были,AUX,,cop,,,Plur,,-0.1177104430779771,NONE
вторыми,ADJ,,root,Ins,,Plur,,-0.0692264520142381,NONE
в,ADP,,case,,,,,-0.0377705547556186,NONE
декабре,NOUN,,nmod,Loc,Masc,Sing,Inan,-0.0169014988842609,NONE
и,CCONJ,,cc,,,,,0.0554964106503893,NONE
третьими,ADJ,,conj,Ins,,Plur,,0.3718733404629577,NONE
",",PUNCT,,punct,,,,,0.0383678699553384,NONE
когда,SCONJ,,mark,,,,,-0.049410181104888,NONE
футбол,NOUN,,nsubj,Nom,Masc,Sing,Inan,0.0130915855500519,NONE
возобновился,VERB,,advcl,,Masc,Sing,,0.1763281305088025,NONE
после,ADP,,case,,,,,0.0361107520331976,NONE
блокировки,NOUN,,obl,Gen,Fem,Sing,Inan,0.0660756504464981,NONE
",",PUNCT,,punct,,,,,0.2570508273499893,NONE
но,CCONJ,,cc,,,,,0.0573822069942717,NONE
они,PRON,,nsubj,Nom,,Plur,,0.2307350039186623,NONE
набрали,VERB,,conj,,,Plur,,-0.0149328086112478,NONE
всего,PART,,advmod,,,,,0.0654769512715987,NONE
четыре,NUM,,nummod,Acc,,,Inan,0.0070979249141184,NONE
очка,NOUN,,obl,Gen,Neut,Sing,Inan,0.0593638522811119,NONE
в,ADP,,case,,,,,0.0474677946702205,NONE
последних,ADJ,,amod,Loc,,Plur,,-0.0345834661970698,NONE
пяти,NUM,,nummod,Loc,,,,-0.0377419510524153,NONE
играх,NOUN,,obl,Loc,Fem,Plur,Inan,0.1488268639905422,NONE
и,CCONJ,,cc,,,,,-0.047421090440153,NONE
заняли,VERB,,conj,,,Plur,,-0.0562714380642353,NONE
пятое,ADJ,,amod,Acc,Neut,Sing,,-0.0093715651361407,NONE
место,NOUN,,obj,Acc,Neut,Sing,Inan,0.1039657663040033,NONE
в,ADP,,case,,,,,0.0617844919537954,NONE
Премьер-лиге,NOUN,,nmod,Loc,Fem,Sing,Inan,0.0401824320820357,ORG
.,PUNCT,,punct,,,,,0.3515097507092456,NONE
В,ADP,,case,,,,,-0.0018562428917394,NONE
2005,ADJ,,amod,,,,,-0.0771459574692792,NONE
году,NOUN,,obl,Loc,Masc,Sing,Inan,0.2565035751371979,NONE
на,ADP,,case,,,,,0.0938247946421178,NONE
печально,ADV,,obl,,,,,0.1555519286957895,NONE
известной,ADJ,,amod,Loc,Fem,Sing,,0.0584388112012728,NONE
ленте,NOUN,,obl,Loc,Fem,Sing,Inan,0.059330326452991,NONE
был,AUX,,aux:pass,,Masc,Sing,,-0.1878224384961894,NONE
показан,VERB,,root,,Masc,Sing,,0.0017197073889015,NONE
Дональд,PROPN,,nsubj:pass,Nom,Masc,Sing,Anim,-0.4078502158555304,PER
Трамп,PROPN,,flat:name,Nom,Masc,Sing,Anim,0.1891267551785401,PER
",",PUNCT,,punct,,,,,-0.0969497559114271,NONE
хвалившийся,VERB,,acl,Nom,Masc,Sing,,0.3065499148565649,NONE
захватом,NOUN,,obl,Ins,Masc,Sing,Inan,0.0186171881122737,NONE
женщин,NOUN,,nmod,Gen,Fem,Plur,Anim,0.0608885570660736,NONE
без,ADP,,case,,,,,0.1487215430463903,NONE
их,DET,,det,,,,,0.0098718885609786,NONE
согласия,NOUN,,nmod,Gen,Neut,Sing,Inan,0.0704576763504951,NONE
.,PUNCT,,punct,,,,,0.5753039719957943,NONE
Шланг,NOUN,,nsubj,Nom,Masc,Sing,Inan,0.0997565026591122,NONE
Samco,PROPN,,flat:foreign,,,,,0.0047650142684298,NONE
Sport,PROPN,,flat:foreign,,,,,0.0207881409160144,NONE
Vacuum,PROPN,,flat:foreign,,,,,0.2078484918530604,NONE
имеет,VERB,,root,,,Sing,,-0.0340600450257586,NONE
множество,NOUN,,obj,Acc,Neut,Sing,Inan,0.025650443097738,NONE
применений,NOUN,,nmod,Gen,Neut,Plur,Inan,0.0372542974362844,NONE
:,PUNCT,,punct,,,,,0.0757629115756429,NONE
контроль,NOUN,,parataxis,Nom,Masc,Sing,Inan,0.0872207836406323,NONE
выбросов,NOUN,,nmod,Gen,Masc,Plur,Inan,0.1949951940440024,NONE
",",PUNCT,,punct,,,,,0.1339262125633188,NONE
переполнение,NOUN,,conj,Nom,Neut,Sing,Inan,0.0138072757514447,NONE
радиатора,NOUN,,nmod,Gen,Masc,Sing,Inan,0.0633342890902999,NONE
",",PUNCT,,punct,,,,,0.1777648965980084,NONE
омыватели,NOUN,,conj,Nom,Masc,Plur,Inan,0.1339016759930665,NONE
ветрового,ADJ,,amod,Gen,Neut,Sing,,0.0143518439018192,NONE
стекла,NOUN,,nmod,Gen,Neut,Sing,Inan,0.0213765624114005,NONE
и,CCONJ,,cc,,,,,0.0585625030947231,NONE
идеально,ADV,,advmod,,,,,-0.0197183976881031,NONE
подходит,VERB,,conj,,,Sing,,-0.0980072776705475,NONE
для,ADP,,case,,,,,-0.0308186083819573,NONE
замены,NOUN,,obl,Gen,Fem,Sing,Inan,0.0392770372134529,NONE
вентиляционного,ADJ,,amod,Gen,Masc,Sing,,0.0925209539372838,NONE
шланга,NOUN,,nmod,Gen,Masc,Sing,Inan,0.2257171958729815,NONE
карбюратора,NOUN,,nmod,Gen,Masc,Sing,Inan,0.0647489764234723,NONE
на,ADP,,case,,,,,0.1678909952618349,NONE
мотоциклах,NOUN,,nmod,Loc,Masc,Plur,Inan,0.0509563157074033,NONE
и,CCONJ,,cc,,,,,0.0820424086257812,NONE
шоссейных,ADJ,,amod,Loc,,Plur,,0.272608418150761,NONE
велосипедах,NOUN,,conj,Loc,Masc,Plur,Inan,0.0482841563510121,NONE
.,PUNCT,,punct,,,,,0.1298933940177912,NONE
Это,PRON,,nsubj,Nom,Neut,Sing,Inan,-0.2013831255087016,NONE
была,AUX,,cop,,Fem,Sing,,0.0231996407409353,NONE
жестокая,ADJ,,amod,Nom,Fem,Sing,,0.2553631743529122,NONE
и,CCONJ,,cc,,,,,-0.1507393589064364,NONE
непредсказуемая,ADJ,,conj,Nom,Fem,Sing,,0.2137419098613798,NONE
атака,NOUN,,root,Nom,Fem,Sing,Inan,-0.1216353886371918,NONE
.,PUNCT,,punct,,,,,0.7202886721969375,NONE
Он,PRON,,nsubj,Nom,Masc,Sing,,0.989049760528374,NONE
добавил,VERB,,root,,Masc,Sing,,-0.0074423197459497,NONE
",",PUNCT,,punct,,,,,0.0014799084550361,NONE
что,SCONJ,,mark,,,,,-0.0172441138168938,NONE
также,ADV,,obl,,,,,-0.0184413413809059,NONE
необходима,ADJ,,ccomp,,Fem,Sing,,-0.027238677105357,NONE
четкая,ADJ,,amod,Nom,Fem,Sing,,-0.0091042493916025,NONE
информация,NOUN,,nsubj,Nom,Fem,Sing,Inan,0.0118503089443492,NONE
"""",PUNCT,,punct,,,,,0.01522938574256,NONE
"""",PUNCT,,punct,,,,,0.0102643677455223,NONE
для,ADP,,case,,,,,-0.0035073968872117,NONE
тех,DET,,det,Gen,,Plur,,0.0242330548426878,NONE
отдыхающих,NOUN,,nmod,Gen,Masc,Plur,Anim,0.0042928679902891,NONE
",",PUNCT,,punct,,,,,-0.0182885987644922,NONE
которые,PRON,,nsubj,Nom,,,,-0.0061855626759873,NONE
в,ADP,,advmod,,,,,0.0012241141691317,NONE
настоящее,ADJ,,fixed,Acc,Neut,Sing,Inan,0.0121052766377292,NONE
время,NOUN,,fixed,Acc,Neut,Sing,Inan,0.0262172702449941,NONE
находятся,VERB,,acl:relcl,,,Plur,,0.0027372008959447,NONE
в,ADP,,case,,,,,0.0021695747227597,NONE
Испании,PROPN,,obl,Loc,Fem,Sing,Inan,-0.0203680763999612,LOC
",",PUNCT,,punct,,,,,0.038757369460919,NONE
которые,PRON,,nsubj,Nom,,,,-0.0073281355530498,NONE
должным,ADJ,,amod,Ins,Masc,Sing,,0.0004570498885114,NONE
образом,NOUN,,obl,Ins,Masc,Sing,Inan,0.0079114012790006,NONE
копили,VERB,,acl:relcl,,,Plur,,0.0254086901676612,NONE
весь,DET,,det,Acc,Masc,Sing,,-0.0067875392445194,NONE
год,NOUN,,obl,Acc,Masc,Sing,Inan,-0.0078151097257966,NONE
для,ADP,,case,,,,,0.012972520350024,NONE
своего,DET,,det,Gen,Masc,Sing,,-0.0077300475800611,NONE
семейного,ADJ,,amod,Gen,Masc,Sing,,0.0124211118820493,NONE
отдыха,NOUN,,obl,Gen,Masc,Sing,Inan,-0.0091136534392264,NONE
",",PUNCT,,punct,,,,,-0.0013798595896072,NONE
которые,PRON,,nsubj,Nom,,,,0.0015343815854644,NONE
растеряны,ADJ,,acl:relcl,,,Plur,,0.0158804835650397,NONE
и,CCONJ,,cc,,,,,0.0021953626077529,NONE
расстроены,VERB,,conj,,,Plur,,0.0145438980714128,NONE
"""",PUNCT,,punct,,,,,0.0173331225921565,NONE
"""",PUNCT,,punct,,,,,0.0033418812352919,NONE
.,PUNCT,,punct,,,,,-0.004071767762176,NONE
"""",PUNCT,,root,,,,,0.0837739255739878,NONE
Он,PRON,,nsubj,Nom,Masc,Sing,,-0.4723965052954863,NONE
будет,VERB,,root,,,Sing,,0.0381407321780058,NONE
там,ADV,,advmod,,,,,0.2174084215007946,NONE
через,ADP,,case,,,,,-0.3651528232929176,NONE
10-15,NUM,,nummod,,,,,0.0915331272385974,NONE
минут,NOUN,,obl,Gen,Fem,Plur,Inan,0.0081644083923327,NONE
.,PUNCT,,punct,,,,,0.5635540426410742,NONE
Это,PRON,,nsubj,Nom,Neut,Sing,Inan,-0.0766855188196036,NONE
то,PRON,,root,Nom,Neut,Sing,Inan,0.0634937792756261,NONE
",",PUNCT,,punct,,,,,-0.0071453322660683,NONE
что,PRON,,obj,Acc,,,,0.2323124232510755,NONE
они,PRON,,nsubj,Nom,,Plur,,-0.1590696272112478,NONE
говорили,VERB,,acl,,,Plur,,-0.0199008867133117,NONE
с,ADP,,case,,,,,-0.1745510711045217,NONE
того,DET,,det,Gen,Masc,Sing,,0.0779910738926994,NONE
дня,NOUN,,obl,Gen,Masc,Sing,Inan,0.1434198801191757,NONE
",",PUNCT,,punct,,,,,0.0587199605664705,NONE
когда,ADV,,advmod,,,,,-0.1260575276624643,NONE
он,PRON,,nsubj:pass,Nom,Masc,Sing,,0.0496548865142037,NONE
был,AUX,,aux:pass,,Masc,Sing,,0.0149706424719771,NONE
объявлен,VERB,,acl:relcl,,Masc,Sing,,0.2850818230283202,NONE
мертвым,ADJ,,obl,Ins,Masc,Sing,,0.4391310996393323,NONE
.,PUNCT,,punct,,,,,-0.6599869077858888,NONE
Я,PRON,,nsubj,Nom,,Sing,,0.7656976455068347,NONE
вижу,VERB,,root,,,Sing,,-0.0768203398800928,NONE
детали,NOUN,,obj,Acc,Fem,Plur,Inan,0.1368733823648624,NONE
матча,NOUN,,nmod,Gen,Masc,Sing,Inan,0.1851974444220628,NONE
.,PUNCT,,punct,,,,,0.4047716908472398,NONE
Время,NOUN,,obl,Acc,Neut,Sing,Inan,-0.2468969931938721,NONE
от,ADP,,case,,,,,-0.0238735459224249,NONE
времени,NOUN,,nmod,Gen,Neut,Sing,Inan,0.0683245866537385,NONE
он,PRON,,nsubj,Nom,Masc,Sing,,-0.0071988164120723,NONE
играл,VERB,,root,,Masc,Sing,,0.1029884280815342,NONE
на,ADP,,case,,,,,-0.2610450812788564,NONE
регби,NOUN,,obl,Acc,Masc,Sing,Inan,-0.1245892110468706,NONE
.,PUNCT,,punct,,,,,0.7231022793922866,NONE
Нажмите,VERB,,root,,,Plur,,0.619870149160063,NONE
Ремонт,PROPN,,obj,Acc,Masc,Sing,Inan,0.4139319301465027,NONE
сейчас,ADV,,advmod,,,,,0.5319240665399189,NONE
.,PUNCT,,punct,,,,,0.3030032310451632,NONE
Нажмите,VERB,,root,,,Plur,,0.4932426496111839,NONE
и,CCONJ,,cc,,,,,0.1243773811158737,NONE
удерживайте,VERB,,conj,,,Plur,,0.1304149120445891,NONE
кнопку,NOUN,,obj,Acc,Fem,Sing,Inan,0.208123144300416,NONE
питания,NOUN,,nmod,Gen,Neut,Sing,Inan,0.009162762465233,NONE
на,ADP,,case,,,,,0.0650047542118301,NONE
eReader,PROPN,,flat:foreign,,,,,0.4113118384280212,NONE
в,ADP,,case,,,,,0.3110241838278719,NONE
течение,NOUN,,fixed,Acc,Neut,Sing,Inan,-0.1497226532087227,NONE
30,NUM,,nummod,,,,,0.1099615549108876,NONE
секунд,NOUN,,obl,Gen,Fem,Plur,Inan,0.1412773527075239,NONE
.,PUNCT,,punct,,,,,-0.2047884160831508,NONE
вместо,ADP,,case,,,,,-0.456126561564077,NONE
«Take,PROPN,,flat:foreign,,,,,0.0657999694020871,NONE
Shelter,PROPN,,flat:foreign,,,,,0.6033336402802227,NONE
!,PUNCT,,punct,,,,,0.097956910886912,NONE
»,PUNCT,,punct,,,,,-0.1594846548595109,NONE
",",PUNCT,,punct,,,,,-0.2147829431692848,NONE
Его,PRON,,obj,Acc,Masc,Sing,,-0.1517216588595453,NONE
случайно,ADV,,advmod,,,,,-0.0536557754901879,NONE
пролил,VERB,,root,,Masc,Sing,,-0.0196670685763772,NONE
наш,DET,,det,Nom,Masc,Sing,,-0.0167355810034088,NONE
всадник,NOUN,,nsubj,Nom,Masc,Sing,Anim,0.1090009323166252,NONE
.,PUNCT,,punct,,,,,0.6045369545323257,NONE
>,PUNCT,,punct,,,,,-0.4807662802856199,NONE
Это,PRON,,nsubj,Nom,Neut,Sing,Inan,0.0397595654932014,NONE
в,ADP,,case,,,,,0.1968992867129729,NONE
отличие,NOUN,,fixed,Acc,Neut,Sing,Inan,0.2165609352664203,NONE
от,ADP,,fixed,,,,,-0.2975894444568562,NONE
Google,PROPN,,root,Gen,Masc,Sing,Inan,0.452321498118536,ORG
.,PUNCT,,punct,,,,,0.3458729255219901,NONE
